Date,Open,High,Low,Close,Volume,SMA_50,SMA_200,SMA_20,STD_20,BBL_20_2.0,BBU_20_2.0,RSI_14
2007-12-31 19:00:00,108.74487304687501,108.74487304687501,108.74487304687501,108.744873046875,334800,,,,,,,
2008-01-01 19:00:00,103.32470112411116,107.26456451416016,103.32470112411116,107.26456451416016,6748200,,,,,,,
2008-01-02 19:00:00,105.62487799907181,108.47159576416016,105.62487799907181,108.47159576416016,3277050,,,,,,,
2008-01-03 19:00:00,109.35978469093524,113.89176940917967,109.35978469093524,113.89176940917969,8251050,,,,,,,
2008-01-06 19:00:00,113.89174879878692,118.78811828859234,112.32035482996415,117.10285186767578,9522750,,,,,,,
2008-01-07 19:00:00,117.51277935646004,122.9557113647461,117.51277935646004,122.9557113647461,13264950,,,,,,,
2008-01-08 19:00:00,123.34288614056499,129.08187866210938,123.34288614056499,129.08187866210938,20710050,,,,,,,
2008-01-09 19:00:00,128.23922353983772,128.74024975506572,123.66169333029391,123.93497467041016,10853400,,,,,,,
2008-01-10 19:00:00,123.93497408665213,125.25585474102213,117.7405032480605,120.70110321044922,8436900,,,,,,,
2008-01-13 19:00:00,120.7011230341573,126.73617553710939,120.08622428328,126.73617553710938,14116350,,,,,,,
2008-01-14 19:00:00,126.73619259155967,130.94934892001373,125.36976463909004,127.69268798828125,21194100,,,,,,,
2008-01-15 19:00:00,127.69267583698378,128.5353091074928,123.09237647978253,123.47953033447266,8472900,,,,,,,
2008-01-16 19:00:00,123.47950518860374,125.00534163458809,119.79014456432277,120.70110321044922,7261950,,,,,,,
2008-01-17 19:00:00,120.7011161186804,125.66580061345373,120.01790227352753,124.75485229492188,8895900,,,,,,,66.10165667989403
2008-01-20 19:00:00,125.27867634628862,128.7630615234375,125.27867634628862,128.7630615234375,12818850,,,,,,,68.63074705502262
2008-01-21 19:00:00,122.0675799697923,125.48365020751952,122.0675799697923,125.48365020751953,6546150,,,,,,,66.40690119714813
2008-01-22 19:00:00,124.66376461208145,127.41939901796053,124.00332933919483,124.23106384277344,7786950,,,,,,,64.18029794466429
2008-01-23 19:00:00,124.23108418741401,126.28072633033203,122.75079403420813,122.79634094238281,6771600,,,,,,,58.63134908591149
2008-01-24 19:00:00,123.47952110301559,126.57675170898438,123.47952110301559,126.57675170898438,8598750,,,,,,,59.08295815702181
2008-01-27 19:00:00,125.62024913830089,129.9928134178366,125.2330953351654,127.39659881591797,18891000,,,121.53805694580078,6.873535918891411,107.79098510801795,135.2851287835836,54.71241200598188
2008-01-28 19:00:00,127.39660957714379,129.03632913923892,125.98463492437703,126.64508056640625,7636500,,,122.43306732177734,6.257877936376178,109.917311449025,134.9488231945297,47.081287437023924
2008-01-29 19:00:00,126.64509766162635,128.0342938409747,125.02815654220744,125.34698486328125,4819050,,,123.33718833923339,5.161183211929575,113.01482191537424,133.65955476309253,51.86302697516091
2008-01-30 19:00:00,125.34696138422514,126.576748385191,124.13995304300676,125.3014144897461,5358600,,,124.17867927551269,3.8032439937260394,116.57219128806061,131.78516726296476,56.627298174561695
2008-01-31 19:00:00,125.30142847696824,127.76100275345877,124.57266765893718,125.82523345947266,10071750,,,124.77535247802734,2.943314283978141,118.88872391007106,130.66198104598362,48.43995596301123
2008-02-03 19:00:00,125.82521311517986,126.57674204897168,124.66374130156595,125.0053482055664,4569450,,,125.17047729492188,2.3244924801074753,120.52149233470693,129.81946225513684,45.37612812182075
2008-02-05 19:00:00,125.00533938343797,125.87075112417487,124.80038359551455,124.91424560546875,3396750,,,125.26840400695801,2.266816852886284,120.73477030118543,129.80203771273057,52.87663881876859
2008-02-06 19:00:00,124.91428389798428,125.41531025541944,122.59136057263225,122.88742065429688,2839800,,,124.95868110656738,2.137862207239257,120.68295669208887,129.2344055210459,54.51984574497449
2008-02-07 19:00:00,122.88741045023338,124.68653902979344,122.59135039315237,123.09237670898438,4297950,,,124.91655120849609,2.1671987764523446,120.5821536555914,129.25094876140076,45.91267426618938
2008-02-10 19:00:00,123.09238632003436,123.18348012547698,116.94346062749825,117.51280212402344,10859850,,,124.7571361541748,2.572889995880952,119.6113561624129,129.9029161459367,24.32423679327809
2008-02-11 19:00:00,118.65149871229002,120.42784881591798,118.65149871229002,120.42784881591797,6667350,,,124.44171981811523,2.70099278398948,119.03973425013628,129.8437053860942,38.26631395171771
2008-02-12 19:00:00,119.47133673604662,121.42988460713153,118.67425039083301,119.90403747558594,6268650,,,124.05228729248047,2.7682456112693274,118.51579606994181,129.58877851501913,39.60608264230169
2008-02-13 19:00:00,117.55831745604183,119.24358367919922,117.55831745604183,119.24358367919922,4791300,,,123.84048995971679,2.9691298497251397,117.9022302602665,129.77874965916706,41.13624051746553
2008-02-14 19:00:00,117.99105172598375,121.7715072631836,117.99105172598375,121.7715072631836,8356500,,,123.89401016235351,2.9187827421476413,118.05644467805823,129.7315756466488,37.212224132099045
2008-02-18 19:00:00,119.79017112101191,122.84186553955078,119.79017112101191,122.84186553955078,5994300,,,123.79836082458496,2.9204320555905485,117.95749671340387,129.63922493576607,38.03837510499015
2008-02-19 19:00:00,122.29529127590402,125.59748840332031,122.29529127590402,125.59748840332031,11374050,,,123.6400821685791,2.7158124575930547,118.208457253393,129.0717070837652,47.51083514553575
2008-02-20 19:00:00,122.52301066021859,124.09440456219767,122.29527619073458,122.9557113647461,5566200,,,123.51368522644043,2.684136686993568,118.1454118524533,128.88195860042757,44.659171113253606
2008-02-21 19:00:00,122.95569951978948,123.93497328175587,118.46926314055358,118.83364868164062,6079350,,,123.24381446838379,2.872910781358208,117.49799290566737,128.98963603110022,37.77970683739517
2008-02-24 19:00:00,118.87922407076039,121.11105346679688,118.87922407076039,121.11105346679688,3758700,,,123.1595500946045,2.9111865733742026,117.3371769478561,128.98192324135292,41.646502721558015
2008-02-25 19:00:00,119.3119289051698,121.04274245550596,118.42374867901114,120.83777618408203,2763300,,,122.87260131835937,2.83856629164667,117.19546873506603,128.5497339016527,42.46920415530216
2008-02-26 19:00:00,120.83774170376552,126.48563933797445,120.83774170376552,124.91424560546875,15702600,,,122.74848365783691,2.680194095617553,117.38809546660181,128.10887184907202,50.0
2008-02-27 19:00:00,124.9142709206082,126.16683668406674,123.43398109109069,123.88945007324219,3369600,,,122.6107021331787,2.536305117540172,117.53809189809836,127.68331236825905,51.63444355396707
2008-02-28 19:00:00,123.88946073916536,125.02815414261032,123.38844481566511,124.34494018554688,3333450,,,122.56059989929199,2.488861112430051,117.58287767443188,127.53832212415209,52.02653494814916
2008-03-02 19:00:00,124.34491305617267,125.23309309157699,122.6368785361703,125.0053482055664,5510550,,,122.54579658508301,2.4725281117226707,117.60074036163766,127.49085280852836,64.41711468915787
2008-03-03 19:00:00,125.00537658489769,126.62231768758785,121.49821296428145,123.61618041992188,4840800,,,122.43534393310547,2.365336624269691,117.70467068456608,127.16601718164486,56.517700372407944
2008-03-04 19:00:00,123.6161760521315,124.91427836616221,123.6161760521315,124.276611328125,2020950,,,122.3989070892334,2.328997077621121,117.74091293399117,127.05690124447564,58.888919908182885
2008-03-05 19:00:00,124.27660473433652,125.25587868989963,123.00128115094479,123.54784393310547,2134050,,,122.33058700561523,2.2706374679606074,117.78931206969402,126.87186194153644,58.72581087209234
2008-03-06 19:00:00,123.54785648983679,124.0716615135027,121.95369402981252,122.11311340332031,1483200,,,122.2918716430664,2.267242112958407,117.75738741714959,126.82635586898321,50.72463955756769
2008-03-09 19:00:00,122.11311904893864,122.72800748229966,119.85851075158426,119.88127899169922,706350,,,122.13131675720214,2.320638980964167,117.4900387952738,126.77259471913048,44.014721887007575
2008-03-10 19:00:00,119.88126831951602,120.70113339103509,118.87922606824016,120.2684326171875,1094100,,,122.26909828186035,2.103655030391364,118.06178822107762,126.47640834264308,38.08551532717626
2008-03-11 19:00:00,120.70113620188461,122.52303314208984,120.70113620188461,122.52303314208984,1729050,122.30394088745118,,122.37385749816895,2.058828469891779,118.25620055838539,126.4915144379525,49.01559303958041
2008-03-12 19:00:00,121.81706796645865,122.68246965523187,119.79019404536236,120.20012664794922,883650,122.53304595947266,,122.3886619567871,2.041122370885389,118.30641721501632,126.47090669855788,53.386153498869625
2008-03-13 19:00:00,120.20008768756807,120.47336905070136,118.42372755215438,119.33468627929688,514350,122.77444839477539,,122.39321708679199,2.033822757997292,118.32557157079741,126.46086260278658,45.26692654336347
2008-03-16 19:00:00,119.33469125884322,119.99512645981491,116.60183581341182,117.49000549316406,617700,122.95481658935547,,122.17914199829102,2.3093706497976436,117.56040069869573,126.7978832978863,41.769211001671295
2008-03-17 19:00:00,117.49001901646066,117.85440464946714,111.6371536254883,111.63715362548828,2074650,122.90972427368165,,121.6189064025879,3.290718215247733,115.03746997209242,128.20034283308337,19.979340532405658
2008-03-18 19:00:00,112.0698752141812,116.6018600463867,112.0698752141812,116.60186004638672,2387550,122.89970443725586,,121.16912498474122,3.332797734147362,114.50352951644649,127.83472045303594,36.01400475161215
2008-03-19 19:00:00,115.87309096506748,121.65763092041014,113.5273890240185,121.65763092041016,4492800,122.87374282836915,,121.10422096252441,3.308726663266356,114.4867676359917,127.72167428905712,45.61662836635589
2008-03-23 19:00:00,122.34086141880286,125.48365020751952,122.34086141880286,125.48365020751953,6519300,122.80177825927734,,121.43672103881836,3.4013816583270913,114.63395772216418,128.23948435547254,50.707148548570046
2008-03-24 19:00:00,123.20626185358635,123.38845990943734,119.56245711185056,119.79019165039062,2838000,122.71888259887696,,121.37067794799805,3.4208056329425878,114.52906668211287,128.21228921388322,44.98209291193106
2008-03-25 19:00:00,119.79016128314001,121.61206840465717,119.33469232152294,120.01790618896484,1637400,122.70521865844727,,121.32968444824219,3.432420583592127,114.46484328105794,128.19452561542644,44.35044665313277
2008-03-26 19:00:00,120.15454755460598,122.70521545410155,120.15454755460598,122.70521545410156,3184050,122.62459945678711,,121.21923294067383,3.3454425113512913,114.52834791797125,127.91011796337642,48.93739475690975
2008-03-27 19:00:00,121.47542771617204,121.81703464989299,120.01790618896484,120.01790618896484,1402350,122.47110382080078,,121.02565574645996,3.2944243979734233,114.43680695051312,127.6145045424068,47.43873197073348
2008-03-30 19:00:00,120.0179169857806,120.83777161546176,117.28506127016523,118.42374420166016,1454250,122.36998809814453,,120.72959594726562,3.246136785478583,114.23732237630846,127.22186951822279,48.19003110188282
2008-03-31 19:00:00,118.42373964509287,119.79016745032477,117.6266637087188,118.87921905517578,975750,122.33355041503906,,120.4232894897461,3.107512467017889,114.20826455571031,126.63831442378188,48.27779479192933
2008-04-01 19:00:00,118.87919898072333,120.65555899756775,118.87919898072333,119.49408721923828,1200450,122.22833511352539,,120.21718482971191,3.0200672933468407,114.17705024301823,126.2573194164056,46.08589209638282
2008-04-02 19:00:00,119.49409519528342,120.24563458142362,119.10694138500337,119.33468627929688,482250,122.03976760864258,,119.9700885772705,2.8688348240556887,114.23241892915912,125.70775822538188,48.81541185363008
2008-04-06 19:00:00,119.74460406662234,120.61001586914062,119.74460406662234,120.61001586914062,1293750,121.942294921875,,119.82319717407226,2.748700014002618,114.32579714606703,125.3205972020775,51.72626173250751
2008-04-07 19:00:00,120.0179298325678,120.15457054797123,118.92478325930374,119.44857788085938,671550,121.84664520263672,,119.68997039794922,2.695935726363054,114.29809894522312,125.08184185067533,52.701045974829775
2008-04-08 19:00:00,119.44853731864153,120.01788907701004,115.73640847314208,117.05728912353516,748350,121.73186416625977,,119.54877090454102,2.7586131636706854,114.03154457719964,125.06599723188239,58.263850244090364
2008-04-09 19:00:00,117.05728912353516,118.42371666359594,115.69086158347437,117.05728912353516,1268100,121.54147491455078,,119.38821372985839,2.807536675547675,113.77314037876305,125.00328708095374,50.81824746400035
2008-04-10 19:00:00,117.05732887373527,121.15661288594801,117.05732887373527,119.44857788085938,3993750,121.3825144958496,,119.23449096679687,2.709310640930432,113.815869684936,124.65311224865773,45.61087303524247
2008-04-13 19:00:00,119.4485587280147,119.5624311851013,118.28709719579133,118.7425765991211,843300,121.2244644165039,,119.16161346435547,2.701561183164946,113.75849109802557,124.56473583068536,34.71068230773065
2008-04-14 19:00:00,118.74256818781836,119.97235519218327,118.46927639517287,119.08417510986328,508800,121.09920822143555,,119.14908790588379,2.7012972362071004,113.7464934334696,124.55168237829798,47.88531491415255
2008-04-15 19:00:00,119.08417411553832,119.79015618852789,118.19599404063443,118.60592651367188,655050,120.96529846191406,,119.20488395690919,2.6766370717951604,113.85160981331886,124.55815810049951,45.83332395252802
2008-04-16 19:00:00,119.10696078363061,120.473388671875,119.10696078363061,120.473388671875,1579200,120.85826156616211,,119.64669570922851,2.0073279387637255,115.63203983170106,123.66135158675596,43.07912224352557
2008-04-20 19:00:00,118.78810496028554,119.33467807398617,117.05729183773605,117.08007049560547,886200,120.69975601196289,,119.67060623168945,1.9716817578815173,115.72724271592641,123.61396974745249,41.271964698725164
2008-04-21 19:00:00,117.08009432607838,117.85440205100053,111.68269806409472,114.09672546386719,1650750,120.48340560913086,,119.29256095886231,2.272542805654025,114.74747534755426,123.83764657017036,38.125023816911906
2008-04-22 19:00:00,114.55222428883646,119.79019165039062,114.55222428883646,119.79019165039062,5814450,120.42146102905274,,119.00788803100586,1.75352039848704,115.50084723403178,122.51492882797994,51.9417881500558
2008-04-23 19:00:00,121.72592723123418,125.77966308593749,121.72592723123418,125.7796630859375,12022200,120.4752067565918,,119.3073616027832,2.3155434965981576,114.67627460958688,123.93844859597952,60.90047612835381
2008-04-24 19:00:00,126.8500420559454,131.7236328125,126.8500420559454,131.7236328125,10078500,120.75942337036133,,119.89264793395996,3.617798162616275,112.65705160872741,127.12824425919251,67.89470993018189
2008-04-27 19:00:00,133.68218108296634,138.309814453125,133.68218108296634,138.309814453125,6556200,121.11706268310547,,120.67287788391113,5.466583260841054,109.73971136222902,131.60604440559322,72.16515628123017
2008-04-28 19:00:00,138.30983671922579,143.88486517468775,136.70200707786515,137.55374145507812,14240400,121.47005676269531,,121.5496696472168,6.637003165941377,108.27566331533404,134.82367597909956,72.90533744901249
2008-04-29 19:00:00,137.5537457829386,142.1085091671481,137.12560071447757,139.14791870117188,8702700,121.86814346313477,,122.58587837219238,7.661931867524427,107.26201463714352,137.90974210724124,78.52273307128794
2008-05-01 19:00:00,139.14790253535168,139.37563702934827,132.19277954101562,132.19277954101562,3937500,122.0765689086914,,123.25155639648438,7.897666147745783,107.45622410099281,139.04688869197594,66.5669617617855
2008-05-04 19:00:00,125.58383951511684,129.7195587158203,125.58383951511684,129.7195587158203,2957100,122.2141227722168,,123.76282997131348,7.972247741754727,107.81833448780402,139.70732545482292,61.222252343002104
2008-05-05 19:00:00,125.58380863715435,128.44419301803958,120.01789305037182,124.39045715332031,8330100,122.1899821472168,,124.01561851501465,7.904313830295686,108.20699085442328,139.82424617560602,55.60474940085854
2008-05-06 19:00:00,124.39047640541504,130.60772705078125,124.11719501606528,130.60772705078125,6665250,122.3430224609375,,124.51550407409668,7.993238654441956,108.52902676521278,140.5019813829806,60.24125565877321
2008-05-07 19:00:00,130.60775686005553,137.09829037613906,129.0135837832854,133.0217742919922,8554050,122.62678497314454,,125.19416389465331,8.115666229038023,108.96283143657726,141.42549635272937,62.3855484171393
2008-05-08 19:00:00,133.02172996590724,134.45648317190177,126.73616484562852,129.92449951171875,8729400,122.80305389404298,,125.8375244140625,7.944895141344881,109.94773413137274,141.72731469675227,57.95199235032787
2008-05-11 19:00:00,129.9245228152031,132.9989855866188,126.85006004378738,131.1770782470703,4356300,123.00983993530274,,126.54351387023925,7.748533642147208,111.04644658594484,142.04058115453367,62.304206924924166
2008-05-12 19:00:00,131.86030389351237,134.79812622070312,131.86030389351237,134.79812622070312,7182150,123.20751754760742,,127.31099128723145,7.7689522937795426,111.77308669967236,142.84889587479054,67.869752792579
2008-05-13 19:00:00,133.45898386246023,134.8208557580631,130.3116508427772,130.72157287597656,2930100,123.34416000366211,,127.90994110107422,7.53174088366044,112.84645933375334,142.97342286839512,59.70710096293384
2008-05-14 19:00:00,130.72160047777143,132.77124235159548,129.35517256188874,130.49386596679688,4035150,123.4671385192871,,128.4804256439209,7.25508447533606,113.97025669324879,142.99059459459303,54.66343282996335
2008-05-15 19:00:00,130.4938654711929,130.94478918372587,125.75691468578891,126.1668472290039,2135700,123.49036849975586,,128.8584716796875,6.901858254909887,115.05475516986773,142.66218818950728,44.32139598700205
2008-05-18 19:00:00,126.16685840491853,127.89766168510238,119.85851287841797,119.85851287841797,1636800,123.41521514892578,,128.82772789001464,6.942425019253042,114.94287785150856,142.71257792852072,31.036511190223365
2008-05-19 19:00:00,119.85846493327934,122.97391793139835,113.86896057008211,115.69085693359375,7176450,123.24350006103515,,128.75826721191407,7.071891976298458,114.61448325931715,142.902051164511,29.00267829037263
2008-05-20 19:00:00,115.69088848604478,119.79017205946784,112.59365756835656,118.42374420166016,9551250,123.14101806640625,,128.9746181488037,6.653558095311983,115.66750195817974,142.28173433942766,30.52233261135902
2008-05-21 19:00:00,118.42371493333559,120.15452799046432,112.59362974093278,114.32443237304688,4421550,122.98524444580079,,128.70133018493652,7.1447713607912835,114.41178746335396,142.9908729065191,32.25375036560287
2008-05-22 19:00:00,108.60824465319529,111.59161376953124,108.60824465319529,111.59161376953125,805800,122.81945114135742,,127.9919277191162,8.09173918645189,111.80844934621243,144.17540609201998,32.08828781452425
2008-05-25 19:00:00,103.17897288005418,104.75946807861328,103.17897288005418,104.75946807861328,1108650,122.50927185058593,,126.64371948242187,9.551844316877585,107.5400308486667,145.74740811617704,31.16268405029018
2008-05-26 19:00:00,103.17896920163561,108.33495330810547,100.73306211503682,108.33495330810547,4477500,122.22551025390625,,125.1449764251709,9.967593277455213,105.20978987026047,145.08016298008133,27.486269289279065
2008-05-27 19:00:00,108.33497473247999,113.41353324129844,102.91936492919922,102.91936492919922,5167200,121.87989501953125,,123.41325759887695,10.68133826152747,102.05058107582201,144.7759341219319,21.31268306820087
2008-05-28 19:00:00,102.91934824498092,107.49232385827291,97.77702072758153,104.75946807861328,3210750,121.58839065551757,,121.69383506774902,10.782502347828132,100.12883037209275,143.2588397634053,25.429206401516538
2008-06-01 18:00:00,104.759467146739,109.99744415283203,104.759467146739,109.99744415283203,4889850,121.43853942871094,,120.58406829833984,10.787250906972462,99.00956648439492,142.15857011228476,30.81368354368965
2008-06-02 18:00:00,110.45290698369644,115.4950180053711,110.45290698369644,115.4950180053711,4899450,121.5156967163086,,119.87284126281739,10.620871285165267,98.63109869248686,141.11458383314792,33.088561340917394
2008-06-03 18:00:00,121.2658920288086,121.2658920288086,121.2658920288086,121.2658920288086,154050,121.60897735595704,,119.7166130065918,10.57379785877523,98.56901728904134,140.86420872414226,41.95473189320519
2008-06-04 18:00:00,121.2704607399717,126.62229919433592,121.2704607399717,126.62229919433594,7239900,121.70827072143555,,119.51734161376953,10.393765279057456,98.72981105565462,140.30487217188445,46.97032910163876
2008-06-05 18:00:00,122.5184840888749,126.12130784621391,116.39689252201615,125.9391098022461,7624050,121.71737991333008,,119.16320838928223,10.023493389188046,99.11622161090614,139.21019516765833,49.8110073857174
2008-06-08 18:00:00,125.93907811118859,127.08232702495059,119.64440155029297,119.64440155029297,5042550,121.71446411132813,,118.64920349121094,9.701004056201661,99.24719537880762,138.05121160361426,49.822275091610905
2008-06-09 18:00:00,119.64443030133637,121.83982444485474,115.74100118697882,117.62667846679688,4711950,121.66663955688476,,117.97168350219727,9.242343514291552,99.48699647361417,136.45637053078036,51.66631816529263
2008-06-10 18:00:00,117.62666331653902,120.01335623538503,113.41350745611548,114.37000274658203,2784750,121.49993530273437,,116.95027732849121,8.372809618859606,100.204658090772,133.69589656621042,46.54180062341468
2008-06-11 18:00:00,118.42374708392367,120.08623504638673,118.42374708392367,120.08623504638672,3063450,121.50130187988282,,116.41851043701172,7.768035064742988,100.88244030752574,131.9545805664977,54.78336522830419
2008-06-12 18:00:00,120.08621524042131,121.15658288355036,117.55832614388318,119.33468627929688,4198650,121.51952072143554,,115.86055145263671,7.0735500290754585,101.7134513944858,130.00765151078764,56.64684423894321
2008-06-15 18:00:00,119.33470347841737,120.2456519118346,113.36796569824219,113.36796569824219,1817400,121.40929565429687,,115.22060737609863,6.658867348580976,101.90287267893667,128.5383420732606,57.5011996382936
2008-06-16 18:00:00,113.36798157730223,118.19602667319046,109.76972381504055,117.74054718017578,3189000,121.37422485351563,,115.11470909118653,6.597788358257242,101.91913237467205,128.310285807701,58.08347629674877
2008-06-17 18:00:00,117.74051344385413,119.7947106694825,112.50254768760975,113.04911041259766,4463850,121.24851333618165,,114.98262176513671,6.612075171975967,101.75847142118478,128.20677210908866,58.815565020374265
2008-06-18 18:00:00,107.39667800550555,112.84417724609376,107.39667800550555,112.84417724609375,3263700,121.09319656372071,,114.70364341735839,6.576858418507062,101.54992658034426,127.85736025437252,57.241951583686344
2008-06-19 18:00:00,107.39665620405196,111.81477786246124,102.0311508178711,102.0311508178711,5590050,120.74484802246094,,114.0889793395996,7.162542534393223,99.76389427081315,128.41406440838605,43.51211745615067
2008-06-22 18:00:00,102.03115787434702,103.39302989596754,96.9298324584961,96.9298324584961,3383250,120.34229888916016,,113.35589027404785,8.118171270994932,97.11954773205798,129.59223281603772,34.78198004564827
2008-06-23 18:00:00,98.38281629184239,106.62237548828125,98.38281629184239,106.62237548828125,3978750,120.13360061645508,,113.44903564453125,8.024494135641886,97.40004737324747,129.49802391581503,38.72170974286376
2008-06-24 18:00:00,108.17552526255781,117.2804946899414,108.17552526255781,117.2804946899414,5666400,120.09023895263672,,113.89631271362305,7.973583758981161,97.94914519566072,129.84348023158537,43.34825985511694
2008-06-25 18:00:00,117.2805184234046,121.37980244722145,116.1099452356038,116.11905670166016,5984850,120.0377685546875,,114.5562973022461,7.552337861456729,99.45162157933264,129.66097302515956,43.055027377717536
2008-06-26 18:00:00,116.11903626628542,117.05275287237299,114.96212005615234,114.96212005615234,411750,119.95532745361328,,115.06642990112304,7.191736706292581,100.68295648853788,129.4499033137082,46.42907764031317
2008-06-29 18:00:00,113.81433868408203,113.81433868408203,113.81433868408203,113.81433868408203,56850,119.85949569702149,,115.25727462768555,7.100204377734357,101.05686587221683,129.45768338315426,47.053436655766674
2008-06-30 18:00:00,113.81431580043441,115.23540180555212,112.68017835043437,112.95801544189453,3111600,119.70918823242188,,115.13042449951172,7.118372794898318,100.89367890971508,129.36717008930836,48.866619030110236
2008-07-01 18:00:00,112.95802727103315,113.18577218625809,111.82844543457031,111.82844543457031,350700,119.60415573120117,,114.6585521697998,7.002102044262822,100.65434808127416,128.66275625832546,42.844733496707505
2008-07-02 18:00:00,110.71253967285156,110.71253967285156,110.71253967285156,110.71253967285156,4650,119.53647201538087,,113.86306419372559,6.453652483119129,100.95575922748733,126.77036915996385,42.575900268710264
2008-07-03 18:00:00,109.6057357788086,109.6057357788086,109.6057357788086,109.6057357788086,42300,119.33278289794922,,113.04639549255371,5.850317082852691,101.34576132684833,124.7470296582591,46.464648926833334
2008-07-06 18:00:00,109.6057357788086,109.6057357788086,109.6057357788086,109.6057357788086,25650,119.00930435180663,,112.54446220397949,5.682677761281435,101.17910668141663,123.90981772654236,41.67131954913648
2008-07-07 18:00:00,109.60571956488221,109.60571956488221,108.5125732421875,108.5125732421875,39750,118.5450831604004,,112.08875694274903,5.6187541463650845,100.85124865001886,123.3262652354792,44.98590670887205
2008-07-08 18:00:00,108.51258287962263,111.454960493271,107.42855834960938,107.42855834960938,1788900,117.92745803833007,,111.74168472290039,5.684428180207398,100.37282836248559,123.11054108331518,44.1283848169618
2008-07-09 18:00:00,106.35818481445312,106.35818481445312,106.35818481445312,106.35818481445312,182550,117.30354690551758,,111.0552822113037,5.447690645379328,100.15990092054506,121.95066350206235,55.947929074506504
2008-07-10 18:00:00,106.35817975703057,106.35817975703057,105.29691314697266,105.29691314697266,334200,116.62652679443359,,110.3533935546875,5.224570809980616,99.90425193472626,120.80253517464874,62.938420250139565
2008-07-13 18:00:00,100.03618633869434,101.56658935546875,100.03618633869434,101.56658935546875,934200,116.01400299072266,,109.76332473754883,5.524030381548053,98.71526397445272,120.81138550064493,40.41448993442754
2008-07-14 18:00:00,100.03616933281843,102.66426371179153,95.03504943847656,95.03504943847656,8343750,115.32031280517577,,108.62804985046387,6.1013042413735254,96.42544136771681,120.83065833321092,0.0
2008-07-15 18:00:00,95.03504860347354,95.19445751993675,90.28443145751953,90.28443145751953,1360050,114.63819229125977,,107.48981590270996,7.248678225521249,92.99245945166747,121.98717235375246,0.0
2008-07-16 18:00:00,85.77068328857422,85.77068328857422,85.77068328857422,85.77068328857422,60750,113.74145141601562,,106.13614120483399,8.598427691910558,88.93928582101287,123.3329965886551,0.0
2008-07-17 18:00:00,85.77067053672582,90.05670232024947,81.48463875320216,82.4411392211914,3754800,112.72983871459961,,105.156640625,10.079003610677987,84.99863340364402,125.31464784635597,0.0
2008-07-20 18:00:00,82.44114491897362,86.56320190429688,79.70828922870368,86.56320190429688,2381850,111.86261276245118,,104.63830909729003,10.76740256343157,83.10350397042689,126.17311422415318,11.900083586718196
2008-07-21 18:00:00,86.56319264531253,90.89022064208984,85.17399149885114,90.89022064208984,1639200,111.05687561035157,,103.85170135498046,11.181518076059787,81.48866520286089,126.21473750710004,22.330571043320504
2008-07-22 18:00:00,93.37254742668468,95.43128967285156,93.37254742668468,95.43128967285156,1108650,110.26953887939453,,102.75924110412598,10.863269929565126,81.03270124499572,124.48578096325623,31.482458044529878
2008-07-23 18:00:00,95.64994262087852,100.20014953613283,95.64994262087852,100.20014953613281,2248950,109.65911041259766,,101.9632957458496,10.406464929565624,81.15036588671836,122.77622560498085,39.53157716236144
2008-07-24 18:00:00,100.20014387935551,104.7594515765466,97.01636489556759,100.43243408203125,4666350,109.05788177490234,,101.23681144714355,9.948325036310617,81.34016137452232,121.13346151976478,39.84263026526386
2008-07-27 18:00:00,95.41309581645085,98.38279724121094,95.41309581645085,98.38279724121094,633000,108.50220077514649,,100.465234375,9.510268222627893,81.44469792974421,119.48577082025578,39.01620439308807
2008-08-17 18:00:00,75.63176717572446,78.08222961425781,75.63176717572446,78.08222961425781,2665200,107.66667510986328,,98.72144508361816,10.266378783345694,78.18868751692678,119.25420265030955,27.539557191159147
2008-08-18 18:00:00,81.98567962646484,81.98567962646484,81.98567962646484,81.98567962646484,244800,106.9925715637207,,97.22930679321288,10.428541268588956,76.37222425603497,118.0863893303908,32.121631554682054
2008-08-19 18:00:00,81.98567100231335,86.08495455242901,78.4557341272166,79.6627426147461,6654600,106.21735153198242,,95.67681694030762,10.624988173627457,74.4268405930527,116.92679328756253,31.537871649622872
2008-08-20 18:00:00,79.66272557776392,81.98565346854075,75.68186586151258,76.51994323730469,3544650,105.46126174926758,,94.02252731323242,10.913908670188333,72.19470997285575,115.85034465360908,31.807051046883956
2008-08-21 18:00:00,76.5199635356938,77.38536510519991,72.99002647913944,74.47032165527344,1028550,104.71883590698242,,92.26575660705566,11.099744284610038,70.06626803783558,114.46524517627574,34.02223772370385
2008-08-24 18:00:00,74.4703220414776,75.24462981031628,70.74908067827816,71.10435485839844,1269450,104.04573364257813,,90.39534568786621,11.366523501171379,67.66229868552345,113.12839269020897,34.77035994342795
2008-08-25 18:00:00,71.1043458165641,73.10388481800955,67.5516357421875,67.5516357421875,628650,103.23006729125977,,88.40149955749511,11.71358989474048,64.97431976801415,111.82867934697607,35.30924261247162
2008-08-26 18:00:00,64.1765637078095,65.13306427001953,64.1765637078095,65.13306427001953,527850,102.47434127807617,,86.34024353027344,12.010866972818254,62.31850958463693,110.36197747590995,35.835707988581674
2008-08-27 18:00:00,64.17656707763672,66.95496989529752,64.17656707763672,64.17656707763672,405300,101.66268325805665,,84.28422622680664,12.11412110162822,60.055984023550195,108.51246843006308,30.678523844097057
2008-08-28 18:00:00,64.17656707763672,64.17656707763672,64.17656707763672,64.17656707763672,1050,100.74626571655273,,82.41472511291504,12.191506672755047,58.03171176740494,106.79773845842513,25.082862328411508
2008-08-31 18:00:00,64.17656707763672,64.17656707763672,64.17656707763672,64.17656707763672,19200,99.71989669799805,,80.87180099487304,12.45997674628543,55.951847502302186,105.7917544874439,18.148969701776025
2008-09-01 18:00:00,64.17656707763672,64.17656707763672,64.17656707763672,64.17656707763672,750,98.57811019897461,,79.5664077758789,12.785315557191872,53.99577666149516,105.13703889026264,9.336786866881127
2008-09-02 18:00:00,64.17656707763672,64.17656707763672,64.17656707763672,64.17656707763672,3000,97.32919555664063,,78.48670196533203,13.140656983847665,52.205387997636706,104.76801593302736,8.858839958132734
2008-09-03 18:00:00,64.17656707763672,64.17656707763672,64.17656707763672,64.17656707763672,1650,96.09394470214843,,77.5734733581543,13.481611472649256,50.61025041285579,104.53669630345281,9.291024007830387
2008-09-04 18:00:00,64.17656100465365,66.1351089477539,64.17656100465365,66.1351089477539,645600,95.02375885009765,,76.55206871032715,13.538402926197946,49.475262857931256,103.62887456272304,24.7643361946794
2008-09-07 18:00:00,66.13511520607298,68.09365812200026,64.17656707763672,64.17656707763672,607050,93.95475662231445,,75.2163860321045,13.366037474360054,48.484311083384384,101.9484609808246,9.014656058792795
2008-09-08 18:00:00,64.17656707763672,64.17656707763672,64.17656707763672,64.17656707763672,4050,92.95088790893554,,73.65364990234374,12.688080993534822,48.2774879152741,99.0298118894134,10.093880837865626
2008-09-09 18:00:00,64.17656707763672,64.55916523760696,64.17656707763672,64.17656707763672,235950,91.83269454956054,,71.85247077941895,11.189690081014383,49.473090617390184,94.23185094144772,12.044812275752108
2008-09-10 18:00:00,64.17656707763672,64.17656707763672,64.17656707763672,64.17656707763672,2100,90.72953216552735,,70.03967742919922,9.047695021159088,51.944287386881044,88.13506747151739,13.782029084478353
2008-09-11 18:00:00,64.17656707763672,64.17656707763672,64.17656707763672,64.17656707763672,150,89.74570419311523,,68.32936592102051,6.18952949465385,55.95030693171281,80.7084249103282,18.059613397220744
2008-09-14 18:00:00,64.17656707763672,64.17656707763672,64.17656707763672,64.17656707763672,450,88.67442459106445,,67.63408279418945,5.805416016754629,56.0232507606802,79.24491482769871,26.858213616489707
2008-09-18 18:00:00,64.17656707763672,64.17656707763672,64.17656707763672,64.17656707763672,22500,87.69697372436524,,66.74362716674804,4.759932033069727,57.223763100608586,76.26349123288749,40.18691588785047
2008-09-21 18:00:00,64.17656707763672,64.17656707763672,64.17656707763672,64.17656707763672,300,86.72362152099609,,65.96931838989258,3.6862281259440612,58.596862138004454,73.3417746417807,50.0
2008-09-22 18:00:00,64.17656707763672,64.17656707763672,64.17656707763672,64.17656707763672,150,85.9665298461914,,65.35214958190917,2.7382053667486583,59.87573884841186,70.82856031540649,50.0
2008-09-24 18:00:00,64.17656707763672,64.17656707763672,64.17656707763672,64.17656707763672,150,85.31146453857421,,64.83746185302735,1.7075754908020897,61.42231087142317,68.25261283463153,50.0
2008-10-08 18:00:00,64.17656707763672,64.17656707763672,64.17656707763672,64.17656707763672,150,84.46254837036133,,64.49107246398925,0.8633956483308802,62.764281167327496,66.21786376065101,50.0
2008-10-09 18:00:00,64.17656707763672,64.17656707763672,64.17656707763672,64.17656707763672,450,83.40046981811524,,64.32231903076172,0.47715717918150596,63.368004672398705,65.27663338912473,50.0
2008-10-12 18:00:00,64.17656707763672,64.17656707763672,64.17656707763672,64.17656707763672,300,82.36162002563476,,64.27449417114258,0.4379432758362327,63.39860761947011,65.15038072281504,50.0
2008-10-13 18:00:00,64.17656707763672,64.17656707763672,64.17656707763672,64.17656707763672,750,81.34590896606446,,64.27449417114258,0.4379432758362327,63.39860761947011,65.15038072281504,0.0
2008-10-14 18:00:00,64.17656707763672,64.17656707763672,64.17656707763672,64.17656707763672,6900,80.35315353393554,,64.27449417114258,0.4379432758362327,63.39860761947011,65.15038072281504,
2008-10-15 18:00:00,64.17656707763672,64.17656707763672,64.17656707763672,64.17656707763672,300,79.3775245666504,,64.27449417114258,0.4379432758362327,63.39860761947011,65.15038072281504,
2008-10-19 18:00:00,64.17656707763672,64.17656707763672,64.17656707763672,64.17656707763672,5250,78.42448699951171,,64.27449417114258,0.4379432758362327,63.39860761947011,65.15038072281504,
2008-10-20 18:00:00,64.17656707763672,64.17656707763672,64.17656707763672,64.17656707763672,6000,77.49376754760742,,64.27449417114258,0.4379432758362327,63.39860761947011,65.15038072281504,
2008-10-21 18:00:00,64.17656707763672,64.17656707763672,64.17656707763672,64.17656707763672,1800,76.58518417358398,,64.27449417114258,0.4379432758362327,63.39860761947011,65.15038072281504,
2008-10-22 18:00:00,64.17655944824219,64.17655944824219,64.17655944824219,64.17655944824219,125,75.67660064697266,,64.17656669616699,1.7221839448975009e-06,64.1765632517991,64.17657014053488,0.0
2008-12-21 19:00:00,47.192222595214844,47.192222595214844,47.192222595214844,47.192222595214844,1750,74.4501936340332,,63.327349472045896,3.797814791808605,55.731719888428685,70.9229790556631,0.0
2008-12-22 19:00:00,44.833770751953125,44.833770751953125,44.833770751953125,44.833770751953125,125,73.19829788208008,,62.36020965576172,5.60370479666191,51.152800062437905,73.56761924908554,0.0
2008-12-29 19:00:00,36.52993392944336,36.52993392944336,36.52993392944336,36.52993392944336,125,71.80173286437989,,60.97787799835205,8.020748800542227,44.9363803972676,77.0193755994365,0.0
2008-12-30 19:00:00,34.704593658447266,34.704593658447266,34.704593658447266,34.704593658447266,125,70.38988647460937,,59.50427932739258,9.891356706542147,39.721565914308286,79.28699274047688,0.0
2008-12-31 19:00:00,32.97196960449219,32.97196960449219,32.97196960449219,32.97196960449219,625,69.01799407958984,,57.94404945373535,11.453307161236172,35.03743513126301,80.8506637762077,0.0
2009-01-01 19:00:00,32.971977827968274,34.18887001285814,31.326276779174805,31.326276779174805,1150625,67.74381862640381,,56.30153493881225,12.789986052522186,30.72156283376788,81.88150704385663,0.0
2009-01-04 19:00:00,31.89415488116811,33.487701416015625,31.291503188764256,33.487701416015625,217375,66.60788402557372,,54.7670916557312,13.610088491705504,27.54691467232019,81.9872686391422,6.17343263771815
2009-01-05 19:00:00,35.15658950805664,35.15658950805664,35.15658950805664,35.15658950805664,118250,65.59560214996338,,53.316092777252194,14.092516263588447,25.1310602500753,81.50112530442908,10.44233849161779
2009-01-08 19:00:00,35.15658743075108,36.9123885197219,33.60939784947516,34.3105583190918,983500,64.6329905319214,,51.82279233932495,14.4587303661205,22.905331607083948,80.74025307156595,10.20691785680377
2009-01-11 19:00:00,33.180585849884665,34.768341064453125,33.180585849884665,34.768341064453125,349625,63.59709331512451,,50.35238103866577,14.630608078781506,21.091164881102756,79.61359719622878,11.289091204349106
2009-01-12 19:00:00,33.80640851906756,35.492671966552734,32.120145071582385,35.492671966552734,1373875,62.48914234161377,,48.918186283111574,14.610024864840327,19.69813655343092,78.13823601279222,12.949079091846016
2009-01-13 19:00:00,35.45790886185105,36.44880649091094,34.71038853134865,35.741851806640625,769750,61.29535358428955,,47.49645051956177,14.429455726343742,18.637539066874286,76.35536197224926,13.505867808029436
2009-01-14 19:00:00,35.741852191069434,35.741852191069434,33.95707702636719,33.95707702636719,463500,59.970492134094236,,45.98547601699829,14.170767029459446,17.6439419580794,74.32701007591719,12.914229777663962
2009-01-15 19:00:00,32.25922116604818,32.914024353027344,32.25922116604818,32.914024353027344,171375,58.62012393951416,,44.42234888076782,13.777330448789625,16.86768798318857,71.97700977834707,12.591868107409951
2009-01-18 19:00:00,30.648292541503906,30.648292541503906,30.648292541503906,30.648292541503906,8500,57.26543384552002,,42.745935153961184,13.27793992305909,16.190055307843004,69.30181500007936,19.439090103585528
2009-01-19 19:00:00,29.118483426888815,30.60772705078125,29.118483426888815,30.60772705078125,497250,56.31594379425049,,41.06749315261841,12.526794111817763,16.013904928982885,66.12108137625394,21.259653978833427
2009-01-20 19:00:00,29.11848618219076,29.37924918216976,27.664011001586914,27.664011001586914,420625,55.22951042175293,,39.24186534881592,11.608654988544885,16.02455537172615,62.45917532590569,27.13687907450806
2009-01-21 19:00:00,26.284860610961914,26.284860610961914,26.284860610961914,26.284860610961914,40375,54.16195278167724,,37.34728002548218,10.348689448534484,16.64990112841321,58.04465892255115,27.77607221585251
2009-01-22 19:00:00,24.975255966186523,24.975255966186523,24.975255966186523,24.975255966186523,54000,53.13105903625488,,35.387214469909665,8.557026317889497,18.273161834130672,52.501267105688655,28.41051414682626
2009-01-25 19:00:00,23.729389074251355,24.332040786743164,23.729389074251355,24.332040786743164,538750,52.128293418884276,,33.39498853683472,5.644011666831278,22.10696520317216,44.683011870497275,30.03637338434274
2009-01-26 19:00:00,23.729393282612257,24.9115169424784,22.547271004315956,24.38999366760254,2434875,51.19400619506836,,32.2548770904541,4.973464687408221,22.30794771563766,42.20180646527054,20.48877151044941
2009-01-27 19:00:00,24.453728305660565,25.60688018798828,24.453728305660565,25.60688018798828,799125,50.355111083984376,99.52865737915039,31.29353256225586,4.214357040122644,22.86481848201057,39.72224664250115,18.086735682495913
2009-01-28 19:00:00,25.467805650501365,26.539828997147655,24.198762200172805,26.510854721069336,813125,49.582666893005374,99.11748728752136,30.792578601837157,4.154200858079521,22.484176885678117,39.100980317996196,24.035466210221188
2009-01-29 19:00:00,26.099435604506606,27.403247833251957,25.236020834438786,27.403247833251953,488125,48.84720050811767,98.71818070411682,30.427511310577394,4.112935494963503,22.201640320650387,38.653382300504404,26.171731527959338
2009-02-01 19:00:00,27.4032452731092,27.745134014482204,26.035690307617188,26.035690307617188,1405125,48.084382972717286,98.3060011768341,30.080697345733643,4.17899984582839,21.722697654076864,38.438697037390426,20.626396646389864
2009-02-02 19:00:00,24.82459663310063,26.047283172607422,24.82459663310063,26.047283172607422,957750,47.3217972946167,97.86677874565125,29.816747665405273,4.262074659187614,21.292598347030044,38.3408969837805,19.43737180251911
2009-02-03 19:00:00,25.183868794642446,26.151586532592773,25.183868794642446,26.151586532592773,778875,46.56129768371582,97.41202241897582,29.44994192123413,4.245163831817857,20.959614257598417,37.940269584869846,22.47652586106591
2009-02-05 19:00:00,26.962846857113494,27.455398559570312,26.962846857113494,27.455398559570312,1210250,45.826874313354494,96.93452085494995,29.064882373809816,4.044839874916867,20.97520262397608,37.15456212364355,31.099538526035943
2009-02-08 19:00:00,28.104408053295437,28.822954177856445,28.104408053295437,28.822954177856445,1808750,45.11980205535889,96.43322623252868,28.79050216674805,3.8517910108168074,21.086920145114433,36.49408418838166,43.26059446018375
2009-02-10 19:00:00,28.00010260130849,29.3213005065918,28.00010260130849,29.321300506591797,4042500,44.383525886535644,95.96015786170959,28.51815013885498,3.5905817024535436,21.336986733947896,35.69931354376207,45.405639514859814
2009-02-11 19:00:00,28.023278467493842,28.249272849233726,26.63254636122294,26.655723571777344,644500,43.63310901641846,95.48993096351623,28.07630271911621,3.210782470823626,21.65473777746896,34.49786766076346,46.325997787952275
2009-02-12 19:00:00,26.696292803487392,28.02907943725586,26.65572991222964,28.02907943725586,470625,42.910159263610836,94.99639548301697,27.690664100646973,2.6570720110680472,22.37652007851088,33.00480812278307,56.35827728914823
2009-02-15 19:00:00,28.336198441708756,29.425607681274414,28.336198441708756,29.425607681274414,2382000,42.21514007568359,94.50506008148193,27.464090633392335,2.257805051011336,22.94848053136966,31.97970073541501,66.12089862140229
2009-02-16 19:00:00,29.37925200475079,30.84531593322754,28.336199904624642,30.84531593322754,3037375,41.54851505279541,94.04188900947571,27.360655212402342,2.0309826319270483,23.298689948548244,31.42262047625644,72.3370330251129
2009-02-17 19:00:00,30.897464586764272,32.38671112060547,30.897464586764272,32.38671112060547,2805500,40.91271793365478,93.60031704902649,27.447576141357423,2.208530023144358,23.030516095068705,31.86463618764614,74.8917519658603
2009-02-18 19:00:00,32.57213910437279,34.00343704223633,32.57213910437279,34.00343704223633,1186500,40.309255332946776,93.14655997276306,27.617361640930177,2.565876360637697,22.485608919654783,32.749114362205574,75.50156628312291
2009-02-19 19:00:00,34.003439626433654,35.7012922283374,32.33455854370668,32.827110290527344,2940250,39.68226619720459,92.66688021659851,27.875516605377197,2.8181473344927657,22.239221936391665,33.51181127436273,68.87119327863645
2009-02-22 19:00:00,32.92562257975563,33.31966288194455,31.2799186706543,31.279918670654297,1046375,39.02433322906494,92.19586155891419,28.125269508361818,2.8901772870204967,22.344914934320826,33.90562408240281,61.146279688980016
2009-02-23 19:00:00,31.279916341400416,32.83869728527475,30.190509905951263,32.74018859863281,3129250,38.395605659484865,91.73840718269348,28.51351613998413,2.965321977834278,22.582872184315576,34.444160095652684,69.17467709888453
2009-02-24 19:00:00,32.415680648647566,34.0324100504247,30.798954010009766,30.798954010009766,2058500,37.728053398132325,91.27842024803162,28.83686180114746,2.835090233488687,23.166681334170086,34.507042268124835,62.23879535279846
2009-02-25 19:00:00,30.79895358672638,32.31717152418644,29.26335273996989,31.349451065063477,2351000,37.07151107788086,90.80228374481202,29.184834671020507,2.683612669686059,23.817609331648388,34.55206001039262,63.08723762162652
2009-02-26 19:00:00,31.552265594787098,33.12842919361814,31.291502635329007,32.72859191894531,1553250,36.44255157470703,90.32894371032715,29.54092025756836,2.656216942904823,24.228486371758713,34.853354143378006,63.22672872085947
2009-03-01 19:00:00,32.58952406849497,34.21784210205078,31.407400544317447,34.21784210205078,2800500,35.84337707519531,89.86680751800537,29.926269626617433,2.750853442375044,24.424562741867344,35.42797651136752,63.449864349417865
2009-03-02 19:00:00,34.217839512912626,35.92728042602539,33.0299190122124,35.92728042602539,2815750,35.27839134216308,89.4197089958191,30.352471256256102,2.989369178568994,24.373732899118114,36.331209613394094,65.53132043820523
2009-03-03 19:00:00,36.506756019754626,37.72364807128906,36.506756019754626,37.72364807128906,692625,34.749332962036135,88.98182016372681,30.936869144439697,3.2335369723168967,24.469795199805905,37.40394308907349,77.13068330582914
2009-03-04 19:00:00,39.114381896959365,39.60693359375,39.114381896959365,39.60693359375,1196625,34.2579402923584,88.55072866439819,31.614851665496825,3.559481232734125,24.495889200028575,38.73381413096507,77.68846500444556
2009-03-05 19:00:00,40.12845651503493,41.58293151855469,40.12845651503493,41.58293151855469,2390875,33.806067581176755,88.13361658096314,32.38641891479492,3.9625699789157793,24.461278956963366,40.311558872626485,78.29017582951948
2009-03-08 19:00:00,41.553957912360616,43.62846755981445,41.14253201198157,43.62846755981445,1473000,33.395105590820314,87.72718769073487,33.19507236480713,4.515048195040909,24.164975974725316,42.22516875488895,78.90460271321591
2009-03-10 19:00:00,43.52416795246597,45.34370907130829,41.35114669799805,41.35114669799805,2424125,32.938597183227536,87.31950632095337,33.821481990814206,4.740008297594812,24.34146539562458,43.30149858600383,69.61704909778068
2009-03-11 19:00:00,39.2882230769126,39.98358917236328,39.2882230769126,39.98358917236328,741875,32.45473777770996,86.90396238327027,34.35459642410278,4.806364235438997,24.741867953224787,43.96732489498078,63.23076764668102
2009-03-12 19:00:00,39.28822313783888,40.47614091019409,37.66569948279859,38.65659713745117,4901125,32.284025268554686,86.5096813583374,34.95464010238648,4.53614213978799,25.882355822810496,44.02692438196246,62.812013889808796
2009-03-15 19:00:00,40.30809274996426,40.5804443359375,40.30809274996426,40.5804443359375,900625,32.198958740234374,86.1104443359375,35.58220834732056,4.393563290959621,26.795081765401317,44.3693349292398,70.10773546049631
2009-03-16 19:00:00,40.58044165395111,42.60859680175781,39.520009658601005,42.60859680175781,5971125,32.32053199768066,85.72396713256836,36.24135780334473,4.410164170984314,27.4210294613761,45.06168614531335,70.82415531952367
2009-03-17 19:00:00,42.544848100604476,44.47449154829906,42.15660224293941,43.744354248046875,2971250,32.501327209472656,85.3464709854126,36.886309719085695,4.521293716802971,27.843722285479753,45.92889715269163,78.27847535044783
2009-03-18 19:00:00,42.544848100604476,44.47449154829906,42.15660224293941,43.744354248046875,2971250,32.71677490234375,84.95633522033691,37.45419187545777,4.63815086192588,28.177890151606007,46.730493599309526,77.74318612984777
2009-03-24 19:00:00,44.32962905460202,46.311424255371094,44.32962905460202,46.311424255371094,3072000,33.01647785186768,84.57368301391601,38.069591236114505,4.961456460570201,28.146678314974103,47.992504157254906,78.86700122418867
2009-03-31 19:00:00,49.046533010021,50.993562462395886,47.51672652298861,48.82054138183594,4527125,33.323134651184084,84.1897982788086,38.86926279067993,5.346000889301636,28.177261012076663,49.5612645692832,79.74504491427886
2009-04-05 19:00:00,54.61527044940404,56.38845443725586,54.61527044940404,56.38845443725586,1959125,33.747771949768065,83.85696199417114,40.12468957901001,6.327952974158293,27.468783630693423,52.7805955273266,83.64780679071964
2009-04-07 19:00:00,59.20469182318008,62.160002223312524,56.788293112097804,60.86198425292969,7184375,34.27880046844482,83.56710367202759,41.53077936172485,7.597712793447852,26.33535377482915,56.726204948620556,84.97110559775136
2009-04-08 19:00:00,60.86197065418719,63.904197692871094,60.583822034725245,63.904197692871094,2009625,34.86151760101318,83.28106939315796,43.18604154586792,8.667481479094196,25.85107858767953,60.521004504056314,85.47977657046945
2009-04-14 19:00:00,73.71466667201004,77.39431695480182,70.02922484958842,76.44398498535156,3202750,35.68054386138916,83.0591004371643,45.440768241882324,10.982496952106642,23.47577433766904,67.40576214609561,88.90326247723772
2009-04-15 18:00:00,76.44398234966641,79.32974950141191,72.62525787952728,72.72956085205078,4100250,36.42029804229736,82.79817701339722,47.440816688537595,12.128184760764542,23.18444716700851,71.69718621006668,81.3092182361735
2009-04-19 18:00:00,70.05240485031749,73.535032398816,67.79825795821388,72.11532592773438,6031625,37.18346302032471,82.53930639266967,49.335690879821776,12.890097854959132,23.555495169903512,75.11588658974004,84.32690217930303
2009-04-20 18:00:00,72.72377722629378,75.71965026855469,72.72377722629378,75.71965026855469,2607875,38.039575538635255,82.29617994308472,51.325309371948244,13.753648393948,23.818012584052244,78.83260615984425,87.97881390563865
2009-04-21 18:00:00,75.71964039788419,79.50359344482422,75.33139173958186,79.50359344482422,2942000,39.01668155670166,82.068671169281,53.414306640625,14.718099044384076,23.97810855185685,82.85050472939315,91.25599635485429
2009-04-22 18:00:00,79.50360662640169,79.96138698993589,75.52842712402344,75.52842712402344,1769875,39.915095558166506,81.82823240280152,55.21038131713867,15.130484111558063,24.949413094022542,85.47134954025479,83.89346651868294
2009-04-26 18:00:00,77.44646811446539,77.88107121482575,73.57559204101562,73.57559204101562,1564750,40.83332717895508,81.57472730636597,56.81001434326172,15.304104196873253,26.201805949515215,87.41822273700822,80.07653948913604
2009-04-27 18:00:00,69.90174478590859,72.95556640625,69.90174478590859,72.95556640625,2591500,41.76674129486084,81.32176591873169,58.2763692855835,15.379443285358038,27.517482714867423,89.03525585629957,78.65834434875293
2009-05-24 18:00:00,71.27510559098252,74.48538208007812,71.27510559098252,74.48538208007812,4957625,42.75694381713867,81.08362726211548,59.9330810546875,15.24431438101703,29.444452292653438,90.42170981672156,79.28029258143177
2009-05-25 18:00:00,73.66252263845047,74.92577471665501,71.86036442738677,72.5267562866211,2874625,43.72083812713623,80.84685464859008,61.56023941040039,14.731024978080042,32.09818945424031,91.02228936656047,75.26245457149429
2009-05-26 18:00:00,72.52674000250958,73.9986032498719,71.27508233832377,71.68650817871094,1559125,44.6667684173584,80.60394502639771,63.21173496246338,13.853509112405808,35.50471673765176,90.918753187275,72.76711798475066
2009-05-27 18:00:00,71.88354834283673,74.02759552001953,71.88354834283673,74.02759552001953,2316250,45.63518272399902,80.36146783828735,64.88409252166748,12.96827405609224,38.947544409483,90.82064063385197,69.60328820078334
2009-05-31 18:00:00,73.6972926523608,75.0416649532329,71.33304561148505,71.9356918334961,1708250,46.54367946624756,80.12014566421509,66.35044727325439,11.933742356557564,42.482962560139256,90.21793198636952,62.99467536790491
2010-02-21 19:00:00,65.20221847385075,66.63931053228029,65.21960414496334,65.79328155517578,1392485,47.31148014068604,79.85243864059449,67.45289363861085,10.688993744242229,46.07490615012639,88.8308811270953,52.0664320093578
2010-02-22 19:00:00,65.79328877439893,67.85620995645628,65.19063702163174,66.3669662475586,3157221,48.11810565948486,79.59682344436645,68.58402423858642,9.131588976863814,50.320846284858796,86.84720219231406,35.06786649956011
2010-02-23 19:00:00,66.3669759149244,67.65340538023642,65.19064651764717,65.36448669433594,1345012,48.904449729919435,79.3654601097107,69.53667736053467,7.541039228174949,54.45459890418477,84.61875581688457,38.1326330432696
2010-02-24 19:00:00,65.36447436196005,65.9961003671713,63.97374215828141,65.06314849853516,856912,49.682680969238284,79.10776655197144,70.34880771636963,5.885491691083431,58.577824334202774,82.1197910985365,38.52105740942886
2010-02-28 19:00:00,64.36777923014449,64.78500218649006,61.19227474059066,61.46462631225586,750003,50.36286552429199,78.80680152893066,70.60261631011963,5.335531720006633,59.931552870106366,81.2736797501329,26.792484749389175
2010-03-01 19:00:00,61.46463325064027,61.65006201242921,59.981181051213206,60.42158126831055,840688,50.994838066101075,78.48149118423461,70.58059616088867,5.378582966770722,59.82343022734723,81.33776209443012,15.889878443565948
2010-03-02 19:00:00,60.42157962399581,61.13433142410568,57.95302959611073,58.770084381103516,638692,51.58381374359131,78.17639064788818,70.32389049530029,5.818527015174886,58.68683646495052,81.96094452565006,17.329504087475527
2010-03-03 19:00:00,58.77007701784952,60.0912719413762,58.12686246367566,59.70882034301758,872297,52.24487567901611,77.87484521865845,69.4871322631836,6.089122082129668,57.30888809892426,81.66537642744294,21.853741299074883
2010-03-04 19:00:00,59.70883037605089,62.235329070763996,59.123564275109494,61.35453414916992,1271526,52.9113847732544,77.56809181213379,68.91838092803955,6.297982108731316,56.322416710576924,81.51434514550219,27.393928473572927
2010-03-08 19:00:00,61.354525114441174,64.41992950439453,61.04740220572783,64.41992950439453,1538562,53.6112712097168,77.29010192871094,68.53361110687256,6.327390938860466,55.87882922915162,81.18839298459349,31.4937149000326
2010-03-09 19:00:00,67.63601825077895,69.06731357818454,66.09462285770526,66.50025177001953,2376035,54.32436992645264,77.03048446655274,68.0726411819458,6.108351365553362,55.855938450839076,80.28934391305252,38.96906585916206
2010-03-10 19:00:00,66.50023938134325,68.05902015920256,66.05983920071537,66.98699951171875,1476781,55.0163756942749,76.77102336883544,67.44681148529052,5.484935655294557,56.47694017470141,78.41668279587964,41.28522593863917
2010-03-11 19:00:00,66.9869900768368,68.08798484705684,66.05982989642068,67.66497039794922,1349082,55.68960636138916,76.51187778472901,67.05363864898682,5.146533059441321,56.76057253010418,77.34670476786945,37.42552601843556
2010-03-14 19:00:00,67.66498644658607,68.53419275942797,66.94064601045815,67.33468627929688,1363887,56.37975788116455,76.251877784729,66.74159336090088,4.914237717794565,56.91311792531175,76.57006879649,40.226491576537214
2010-03-15 19:00:00,67.33468192135093,67.56067908488168,65.53832085073165,65.8744125366211,714002,57.071647758483884,75.9781997680664,66.38753566741943,4.693087409103916,57.00136084921159,75.77371048562726,50.215132945848566
2010-03-16 19:00:00,65.87441853932863,66.78418776377326,65.48037826008614,65.625244140625,546975,57.72934886932373,75.70908309936523,65.94452877044678,4.289259467393128,57.36600983566052,74.52304770523304,47.99875255253278
2010-03-17 19:00:00,65.6252328143373,66.11778445995049,65.19062972144992,65.43980407714844,321651,58.422165870666504,75.4509956741333,65.59018115997314,3.999835339730511,57.59051048051212,73.58985183943416,50.212587359579715
2010-03-21 19:00:00,65.01678727848079,66.059833559079,64.9008901771488,65.0573501586914,402595,59.096323852539065,75.19099597930908,65.25872325897217,3.733887427530942,57.790948403910285,72.72649811403406,49.98370847429433
2010-03-23 19:00:00,65.05736645735284,68.30820580675994,65.30074379958921,68.22128295898438,2880765,59.806177673339846,74.9348595046997,64.96840763092041,3.2043914528243986,58.55962472527161,71.3771905365692,69.45931699243937
2010-03-24 19:00:00,68.22127755090399,69.53088407307557,67.21879397883616,67.43319702148438,2954496,60.470484771728515,74.67831260681152,64.74328289031982,2.824823065530533,59.09363675925875,70.39292902138088,70.49458314127185
2010-03-25 19:00:00,67.43318092127143,67.79824681852384,66.69725206158016,66.94642639160156,870592,61.09086769104004,74.41762386322021,64.80094013214111,2.858944768707366,59.08305059472637,70.51882966955584,75.64516148330368
2010-03-28 19:00:00,66.94642725233376,67.21298172878649,65.82804128545158,65.9497299194336,282800,61.65538932800293,74.15434288024902,64.78007831573487,2.848418901161684,59.0832405134115,70.47691611805824,69.50374918725288
2010-03-29 19:00:00,65.94975144167913,68.26184729442937,65.57889387972291,66.50025177001953,2089076,62.19325569152832,73.88447719573975,64.83686656951905,2.8719082225650405,59.09305012438897,70.58068301464913,67.26280013032982
2010-03-30 19:00:00,66.50023444187549,67.73451205865776,66.66828303016516,66.79576873779297,918773,62.69751243591308,73.63305568695068,64.92349758148194,2.9050344276127564,59.11342872625643,70.73356643670745,59.78985848048228
2010-03-31 19:00:00,66.7957740108812,67.94312889127364,66.75521112701718,66.90586853027344,914546,63.16306045532227,73.39710140228271,65.19555969238282,2.8175290010600174,59.56050169026278,70.83061769450285,51.995367100256644
2010-04-01 19:00:00,66.90585764775336,70.24941583161598,67.15503197650816,70.19146728515625,5054381,63.73986686706543,73.14910778045655,65.68405399322509,2.79309875838164,60.097856476461814,71.27025150998837,62.36023170431685
2010-04-04 19:00:00,70.19148721096978,72.57891163481662,70.70142461727576,71.07807922363281,2903952,64.36175666809082,72.87559986114502,66.29945373535156,2.533406364479689,61.232641006392186,71.36626646431094,62.9564604911119
2010-04-05 19:00:00,71.07807678460622,72.8396721421574,70.1161560941915,70.57393646240234,2655523,65.00010345458985,72.56985137939454,66.8427095413208,2.1870073881599903,62.46869476500082,71.21672431764078,62.136283105905164
2010-04-06 19:00:00,70.57393908827373,72.52096880796198,70.46383902893781,71.52427673339844,1887398,65.61898010253907,72.2359236907959,67.35119667053223,2.01967746290181,63.31184174472861,71.39055159633585,72.00894696078542
2010-04-07 19:00:00,71.5242587649531,72.54992486338591,71.39097599810216,72.17906188964844,2114505,66.21038940429688,71.90905029296874,67.73915328979493,2.166838500223889,63.40547628934715,72.0728302902427,74.74820284824641
2010-04-11 19:00:00,74.86782222637828,74.98371381367981,71.73867200133739,71.98784637451172,2384940,66.77525924682617,71.57324993133545,68.01353302001954,2.3420573935645193,63.3294182328905,72.69764780714857,74.7156134289323
2010-04-12 19:00:00,71.98785451880225,72.3703061948392,70.69562808232641,70.85787963867188,1064615,67.31752975463867,71.26657543182372,68.20707702636719,2.4116687262226533,63.38373957392188,73.03041447881249,70.72463594290664
2010-04-13 19:00:00,70.85787822559533,72.1385160291188,70.81731533731788,71.64016723632812,1315620,67.8241046142578,70.97617847442626,68.40583686828613,2.525750478922109,63.35433591044191,73.45733782613034,64.72052937667368
2010-04-14 19:00:00,71.64016307884779,72.75275219796414,71.8082116889359,72.26020050048828,1007432,68.29289779663085,70.71552719116211,68.6521125793457,2.6527504600391763,63.346611659267346,73.95761349942406,71.08858616126635
2010-04-15 19:00:00,72.2601958323002,72.833873264562,71.04330380693166,71.17078399658203,791165,68.58854438781738,70.41834247589111,68.91693115234375,2.6250827125823992,63.666765727178955,74.16709657750854,67.53247986928892
2010-04-18 19:00:00,71.1707765397762,71.70968809829112,69.76845591659941,70.01183319091797,713027,68.77154136657715,70.10329277038574,69.13626060485839,2.5165936106929347,64.10307338347252,74.16944782624427,66.63502720077585
2010-04-19 19:00:00,70.0118448051721,70.54495938671297,68.46465255280091,69.00936126708984,659032,68.87364463806152,69.7987170791626,69.31473846435547,2.362501465110026,64.58973553413541,74.03974139457553,59.90846971486418
2010-04-20 19:00:00,69.00936608846932,68.78336890455218,67.04495070828442,67.3520736694336,1077577,68.69180641174316,69.47959205627441,69.42947463989258,2.194613746051151,65.04024714779027,73.81870213199488,51.98351513832594
2010-04-21 19:00:00,67.35207696929228,68.78337227453598,66.93485392913256,68.20390319824219,929903,68.601293258667,69.14662094116211,69.42860565185546,2.19512070775577,65.03836423634392,73.818847067367,54.39566572106218
2010-04-22 19:00:00,68.20389124334415,69.44975202582484,67.80984548794699,68.14594268798828,1020690,68.52190559387208,68.83374279022217,69.46424293518066,2.1666213312583076,65.13100027266405,73.79748559769727,41.135167770234034
2010-04-25 19:00:00,68.14593788647852,68.46464386592321,66.92904594113863,67.02755737304688,485633,68.34806373596192,68.51641124725342,69.46829948425292,2.1617295602070947,65.14484036383874,73.79175860466711,32.79167066425687
2010-04-26 19:00:00,67.02756663588464,67.73452137502105,65.95554039430078,66.13517761230469,503565,68.08069541931152,68.21625289916992,69.47757186889649,2.1461847326487518,65.18520240359899,73.76994133419399,31.744486762645096
2010-04-27 19:00:00,66.13516446378074,66.62771606718628,64.95883547038345,65.37605285644531,513951,67.87764793395996,67.94384059906005,69.42136192321777,2.2408985663050762,64.93956479060762,73.90315905582793,24.30981497303017
2010-04-28 19:00:00,65.37606400974053,65.48037251875952,64.03169173527492,64.36199188232422,376815,67.69337593078613,67.6871962738037,69.29967308044434,2.4475360698500737,64.40460094074419,74.19474522014448,18.288702460088487
2010-04-29 19:00:00,64.36198828095023,64.61115711758536,62.50188168430527,63.15668487548828,895912,67.4973983001709,67.41086097717285,69.11221389770508,2.763687548120313,63.58483880146445,74.63958899394571,16.898360243189614
2010-05-02 19:00:00,63.156700681280775,64.6053817462559,63.02342339382043,63.5681266784668,382727,67.27905319213868,67.15707944869995,68.7810468673706,3.0131299654892394,62.75478693639213,74.80730679834909,21.12039795641715
2010-05-03 19:00:00,63.568105350177625,66.74360959813274,63.962145539228004,66.53500366210938,1698998,67.15921813964843,66.93179639816285,68.55389308929443,3.0020735574805357,62.54974597433336,74.5580402042555,32.759263935194966
2010-05-04 19:00:00,66.53502107938031,66.95803565389741,65.30654024581615,65.65422058105469,1206251,67.03857238769531,66.73627016067505,68.30790729522705,3.029276554716074,62.24935418579491,74.36646040465921,28.076932620405344
2010-05-06 19:00:00,65.65421943851196,66.27425691147889,64.90090469023225,65.15587615966797,500703,66.86113800048828,66.52037477493286,67.98948726654052,3.0080265788076583,61.973434108925204,74.00554042415584,29.22340976148135
2010-05-09 19:00:00,62.68731136836538,63.56811172444043,62.29906820584156,62.94807434082031,316630,66.68138565063477,66.32051832199096,67.52793788909912,3.039381916790509,61.4491740555181,73.60670172268014,27.24898993448396
2010-05-10 19:00:00,62.43813740049017,64.56480407714844,62.43813740049017,64.56480407714844,481311,66.65681610107421,66.11954500198364,67.15678577423095,2.9168594027065695,61.32306696881781,72.9905045796441,36.229796419482795
2010-05-11 19:00:00,62.258494830660254,62.80319789537553,60.84458016214782,61.96875762939453,473916,66.56885192871094,65.87940156936645,66.71232967376709,2.9992983605943704,60.71373295257835,72.71092639495583,34.23817620847008
2010-05-12 19:00:00,61.96877413601848,62.780031884124284,61.43565953314369,62.235328674316406,787040,66.50626876831055,65.61310312271118,66.24208774566651,2.9223046776261343,60.39747839041424,72.08669710091878,31.90443256546611
2010-05-13 19:00:00,62.23532532581853,62.583011146499146,61.20386752264353,61.42985916137695,249125,66.43360298156739,65.31392295837402,65.70057067871093,2.7466005408624907,60.20736959698595,71.19377176043591,30.52103421302735
2010-05-16 19:00:00,61.429862321503,61.887648215092405,58.3586604403272,58.39922332763672,769497,66.372294921875,64.97280757904053,65.06199264526367,2.8888467685607275,59.284299108142214,70.83968618238512,27.47356323212766
2010-05-17 19:00:00,58.399227065812944,58.89177881164813,56.78829455094193,58.04574966430664,1611668,66.32477828979492,64.63334077835083,64.4636884689331,3.0446732067695166,58.37434205539407,70.55303488247213,28.269025305178175
2010-05-18 19:00:00,55.91906862460237,57.94722366333008,55.91906862460237,57.94722366333008,1017820,66.30832107543945,64.32485488891602,63.91058158874512,3.177331648949581,57.55591829084595,70.26524488664428,29.30926660641768
2010-05-19 19:00:00,56.76510804225329,57.524219818721605,55.62934720025853,56.01179885864258,789258,66.23438064575195,64.01678049087525,63.343567848205566,3.523829413530762,56.29590902114404,70.39122667526709,27.878445867324018
2010-05-20 19:00:00,54.18065882864562,55.919071197509766,54.18065882864562,55.919071197509766,502700,66.12567138671875,63.72452583312988,62.729326248168945,3.698396074222698,55.332534099723546,70.12611839661434,29.624813757852678
2010-05-23 19:00:00,54.5109550981073,54.78910373829743,51.787439355738655,52.18727111816406,493031,65.88101821899414,63.38503101348877,61.931392669677734,4.160881546960898,53.60962957575594,70.25315576359952,23.00711161311348
2010-05-24 19:00:00,52.187271767483395,54.238604198712665,49.579647575230766,49.637596130371094,2063218,65.54376510620118,63.03654556274414,61.06189460754395,4.806748385419171,51.44839783670561,70.67539137838229,9.113917694582895
2010-05-25 19:00:00,49.63760387124698,52.11774826049805,49.25515218972371,52.11774826049805,1714117,65.24638008117675,62.73029447555542,60.361023139953616,5.044157161473273,50.27270881700707,70.44933746290016,19.59923998635415
2010-05-26 19:00:00,52.11774322134175,53.77502999685013,50.55896236387531,52.419063568115234,2643041,64.94146194458008,62.40368705749512,59.71317367553711,5.195934281702852,49.3213051121314,70.10504223894281,21.139737311094137
2010-05-27 19:00:00,52.41906210306884,53.47949969548257,51.578830132338936,52.84787368774414,1402405,64.65172569274903,62.10268087387085,59.137467765808104,5.290751689944789,48.55596438591853,69.71897114569768,25.10715543522265
2010-05-30 19:00:00,52.847874743681906,53.01592335169704,51.28330235859182,51.59041976928711,692428,64.36604583740234,61.79641208648682,58.55915451049805,5.457799432729357,47.643555645039335,69.47475337595677,17.44698103589434
2010-05-31 19:00:00,52.847874743681906,53.01592335169704,51.28330235859182,51.59041976928711,692428,64.08534934997559,61.544208431243895,57.960269165039065,5.5358359178788765,46.88859732928131,69.03194100079682,20.060244450905458
2010-06-01 19:00:00,50.30399296992417,52.81890304140405,49.84621260157038,52.72618865966797,1615475,63.831077041625974,61.323190212249756,57.269828414916994,5.2645760829826855,46.74067624895162,67.79898058088236,23.877758551888107
2010-06-02 19:00:00,52.72618604775253,54.087944004702806,51.34124535180743,52.96377182006836,2347633,63.589205474853514,61.054897193908694,56.63530597686768,4.956607404324255,46.722091168219166,66.54852078551619,25.99409926628067
2010-06-03 19:00:00,52.96376887472799,53.05068618071937,51.8048198829117,52.169891357421875,627496,63.268177642822266,60.72934417724609,55.98600673675537,4.620886242581857,46.74423425159166,65.22777922191909,29.770418351864308
2010-06-06 19:00:00,52.16989082977215,53.83297454784159,50.53577586255461,53.438934326171875,1362176,62.988292388916015,60.41594356536865,55.51054973602295,4.347989305541959,46.814571124939036,64.20652834710687,35.879199323688326
2010-06-07 19:00:00,53.43893859516414,54.23860770798189,53.021715602693256,53.17237854003906,951583,62.71281143188477,60.10699485778809,54.94092845916748,3.8126752861036537,47.31557788696017,62.56627903137479,35.513379873028526
2010-06-08 19:00:00,52.41906210306884,53.47949969548257,51.578830132338936,52.84787368774414,1402405,62.450774307250974,59.8021625328064,54.48488426208496,3.4566818067139398,47.571520648657085,61.39824787551284,39.360859336718065
2010-06-09 19:00:00,52.22783284218546,52.413267106957285,49.620208740234375,49.620208740234375,653355,62.113173446655274,59.485473499298095,53.85412826538086,3.1006192076211345,47.65288985013859,60.05536668062312,32.50724887942971
2010-06-10 19:00:00,49.62021381700395,50.529988510192325,48.67567330414537,49.90415954589844,545782,61.775341262817385,59.175852069854734,53.27784328460693,2.6579712944248066,47.961900695757315,58.59378587345655,42.15768285121422
2010-06-13 19:00:00,47.41243158959055,48.67567825317383,47.41243158959055,48.67567825317383,460281,61.41073745727539,58.865667762756345,52.79166603088379,2.559352710399791,47.6729606100842,57.910371451683375,46.366052470097436
2010-06-14 19:00:00,47.42401080921848,48.61192852422321,47.22698793788851,47.95132827758789,381300,60.965934677124025,58.557395725250245,52.28694496154785,2.462177547263594,47.36258986702067,57.21130005607504,31.852563731911587
2010-06-15 19:00:00,48.2990140031827,50.298194885253906,48.2990140031827,50.298194885253906,471110,60.55033699035644,58.26085802078247,51.904493522644046,2.1048194951042487,47.69485453243555,56.11413251285254,42.15940036243381
2010-06-16 19:00:00,49.51590065171394,50.98196684216769,48.09619440423474,50.587921142578125,917138,60.15061668395996,57.971234760284425,51.63329963684082,1.8857850559457197,47.861729524949375,55.40486974873226,41.558414540832686
2010-06-17 19:00:00,50.58793050674026,51.828005329648555,49.54488409637563,50.066410064697266,1090711,59.72145935058594,57.684424018859865,51.34066658020019,1.6212753785963465,48.0981158230075,54.58321733739289,43.976192457869075
2010-06-20 19:00:00,50.0664052700998,50.402496926290034,49.544879351721974,49.718719482421875,277391,59.272252502441404,57.40122669219971,51.21723899841309,1.6471894563481493,47.92286008571679,54.51161791110938,42.79981110794464
2010-06-21 19:00:00,49.718721897056206,50.52418802416029,49.54488175791359,49.637596130371094,376583,58.82524749755859,57.1229301071167,51.21723899841309,1.6471894563481493,47.92286008571679,54.51161791110938,37.0693708380819
2010-06-22 19:00:00,49.637601770935234,50.182304988083516,49.05233566583504,49.145050048828125,272227,58.39099090576172,56.860822410583495,51.06860408782959,1.6950800691503336,47.678443949528926,54.458764226130256,34.34680018326216
2010-06-23 19:00:00,49.14504444847229,49.63179904842682,48.67566999403157,48.82054138183594,452091,57.93459838867187,56.629749870300294,50.888677978515624,1.7347107964898687,47.41925638553589,54.35809957149536,35.721348276600054
2010-06-24 19:00:00,48.820542461197995,49.13924846885702,47.28493887419177,47.87020492553711,380360,57.44679847717285,56.41767873764038,50.639794540405276,1.7948622851569334,47.05006997009141,54.229519110719146,25.596762303097776
2010-06-27 19:00:00,47.87020784237239,49.02335986942902,46.79239004848552,46.98361587524414,518696,56.96305511474609,56.22374340057373,50.409454345703125,1.9549115450547732,46.49963125559358,54.31927743581267,24.277473693957262
2010-06-28 19:00:00,46.9836090499147,47.806460797346986,45.7783084676631,46.699668884277344,517131,56.49681182861328,56.04503604888916,50.164916801452634,2.0999218087939893,45.965073183864654,54.364760419040614,24.359600511753243
2010-06-29 19:00:00,46.69966716421057,47.226984595257505,46.38675273434082,46.682281494140625,234631,56.05027023315429,55.84563144683838,49.86272144317627,2.1463059442323806,45.57010955471151,54.15533333164103,33.26732905587377
2010-06-30 19:00:00,46.68228765951827,47.226990832574664,46.5895732840301,46.832950592041016,213630,55.639887771606446,55.625345096588134,49.5561803817749,2.1177148116053592,45.32075075856418,53.79161000498562,32.23858522687914
2010-07-01 19:00:00,46.47367746902526,46.82135772705078,46.47367746902526,46.82135772705078,59053,55.212236862182614,55.38229543685913,49.28875370025635,2.1079677633030864,45.07281817365018,53.504689226862524,37.51945515801106
2010-07-04 19:00:00,46.58957640099456,47.11110239664,45.83626168798214,46.23030471801758,70175,54.773924102783205,55.11244621276855,48.92832221984863,1.9729610079539839,44.982400203940664,52.8742442357566,38.20497321807659
2010-07-05 19:00:00,46.23029545774325,46.27085833700045,45.43062371406557,45.63343811035156,148893,54.346041717529296,54.83845123291016,48.551375198364255,1.8347722323174118,44.88183073372943,52.22091966299908,7.941422490527842
2010-07-06 19:00:00,45.63344296267167,47.31391238723003,45.48857433714646,47.10530090332031,274885,53.96544418334961,54.5820637512207,48.26424655914307,1.5550218856726834,45.1542027877977,51.374290330488435,24.117242810534236
2010-07-07 19:00:00,47.226988388493545,48.241065979003906,47.226988388493545,48.241065979003906,421990,53.622744445800784,54.43285793304443,48.19528942108154,1.521954601965794,45.15138021714995,51.23919862501313,37.56905818995191
2010-07-08 19:00:00,47.86441499346029,49.92153907835735,47.603652007166474,49.21458435058594,747580,53.319796295166014,54.26900245666504,48.16081066131592,1.4886503910867928,45.183509879142335,51.13811144348951,46.83640844888357
2010-07-11 19:00:00,49.2145897465162,49.82883016404156,48.67567804208126,48.83213806152344,249603,53.03330535888672,54.114849433898925,48.1686336517334,1.491906015247764,45.18482162123787,51.15244568222893,45.129704773556384
2010-07-12 19:00:00,48.83212834551141,50.935612194446435,48.73941397620138,50.17650604248047,820962,52.765472946166994,53.98313224792481,48.27989253997803,1.5564238144903362,45.167044910997355,51.3927401689587,55.654347651518705
2010-07-13 19:00:00,50.32717565096847,52.679828643798835,50.32717565096847,52.67982864379883,1429647,52.48836944580078,53.87417978286743,48.39897422790527,1.7922190172301733,44.81453619344492,51.98341226236562,67.076908534496
2010-07-14 19:00:00,52.76095046542766,54.23860549926758,52.76095046542766,54.23860549926758,1534651,52.26005714416504,53.78985103607178,48.58150844573974,2.1724635674410684,44.23658131085761,52.92643558062188,76.73963866591237
2010-07-15 19:00:00,53.07965850830078,53.59538736442153,52.21624386215145,53.07965850830078,348232,52.018532791137694,53.717491149902344,48.73217086791992,2.3758300371549748,43.980510793609966,53.48383094222987,75.02373122133032
2010-07-18 19:00:00,53.079664989898944,53.83297968838357,52.84787627700205,53.166587829589844,363640,51.822903060913085,53.6576587677002,48.90456428527832,2.5684644681384916,43.76763534900134,54.0414932215553,76.98258485696205
2010-07-19 19:00:00,53.079664989898944,53.83297968838357,52.84787627700205,53.166587829589844,363640,51.59493873596191,53.602608871459964,49.08101387023926,2.737151848982685,43.60671017227389,54.55531756820463,77.09444454716616
2010-07-20 19:00:00,52.413268269888114,52.81889709826679,51.29488769573099,52.18727111816406,656053,51.39930900573731,53.542662391662596,49.23312492370606,2.8240506802685434,43.585023563168974,54.88122628424314,70.92387131936086
2010-07-21 19:00:00,52.18727444426683,52.52916320034116,51.3991939485384,51.59041976928711,564495,51.18641082763672,53.47973165512085,49.371618843078615,2.8702923484486744,43.631034146181264,55.112203539975965,67.82157512502519
2010-07-22 19:00:00,51.590417480906375,52.39588361359651,51.34704017916318,51.486114501953125,533640,50.98753593444824,53.41627939224243,49.55241432189941,2.884587840503831,43.78323864089175,55.32159000290707,70.38197932184283
2010-07-25 19:00:00,51.48611867453169,51.85698172326784,50.76177825038672,50.86608123779297,203327,50.836873092651366,53.34972696304321,49.746537590026854,2.8327911809628237,44.0809552281012,55.412119951952505,70.25574370460679
2010-07-26 19:00:00,50.866079576438395,51.63098286251179,50.58793091740127,51.17320251464844,316395,50.699422149658204,53.28471014022827,49.97021427154541,2.755098148637039,44.46001797427133,55.48041056881949,67.30771353206705
2010-07-27 19:00:00,51.39919590700783,53.485294342041016,51.39919590700783,53.485294342041016,1529517,50.610183563232425,53.221461067199705,50.31036491394043,2.747745364041985,44.81487418585646,55.805855642024405,70.28239852109985
2010-07-28 19:00:00,52.76674252026899,53.02170840799595,52.03660514565915,52.13511657714844,423987,50.53264991760254,53.16125381469727,50.5754732131958,2.648571086317047,45.2783310405617,55.872615385829896,60.9755761890781
2010-07-29 19:00:00,52.13511759399895,53.31144667664375,51.66574868985327,53.02170944213867,1294687,50.47470268249512,53.10547952651977,50.885490798950194,2.5469498550759693,45.791591088798256,55.97939050910213,65.16989543642468
2010-08-01 19:00:00,50.993557350296484,51.978660583496094,50.993557350296484,51.978660583496094,620160,50.47053047180176,53.04448999404907,51.17290859222412,2.307016764626486,46.55887506297115,55.78694212147709,56.670932985099334
2010-08-02 19:00:00,51.56144784941027,51.80482517308454,51.05151598826769,51.46293640136719,201753,50.50703727722168,52.980921840667726,51.4643835067749,1.90323037142225,47.6579227639304,55.2708442496194,44.718311374933485
2010-08-03 19:00:00,51.68893672317614,53.68811798095703,51.68893672317614,53.68811798095703,2228816,50.538444671630856,52.92847959518433,51.79352436065674,1.6638596683207223,48.465805024015296,55.12124369729818,47.74137122011062
2010-08-04 19:00:00,53.32303925072529,53.63016217899254,51.294889510788046,51.74108123779297,904251,50.52488502502442,52.866302165985104,51.968525123596194,1.4394888586358001,49.08954740632459,54.8475028408678,44.841471919613404
2010-08-05 19:00:00,51.74108084984465,52.15250675564996,50.182300060676404,50.40250015258789,397353,50.47597755432129,52.797431831359866,52.02792091369629,1.3410153760949093,49.345890161506475,54.70995166588611,40.285127653429875
2010-08-08 19:00:00,47.98610496224008,48.09620501560285,46.5895756149959,46.98361587524414,314573,50.38384147644043,52.7114670753479,51.93549480438232,1.6096625358749732,48.71616973263237,55.15481987613227,32.47948283402698
2010-08-09 19:00:00,47.98610496224008,48.09620501560285,46.5895756149959,46.98361587524414,314573,50.29170539855957,52.625502319335936,51.77585029602051,1.9214384988436612,47.93297329833319,55.61872729370783,34.38806352781488
2010-08-10 19:00:00,46.98360529262751,48.50182295800116,46.937250876144404,47.98029708862305,439678,50.19678756713867,52.54452096939087,51.54087371826172,2.0854301543776077,47.370013409506505,55.71173402701694,39.42272098941168
2010-08-11 19:00:00,47.98030226219265,48.380139541999455,47.19801890005184,47.2443733215332,95361,50.08239959716797,52.45986000061035,51.191162109375,2.1929018788617967,46.80535835165141,55.57696586709859,38.01570233379455
2010-08-12 19:00:00,47.24437573750158,47.79487596783051,46.73443839118223,47.16324996948242,59816,49.98226676940918,52.37479341506958,50.89534168243408,2.3201068193877776,46.25512804365852,55.535555321209635,39.2097131312736
2010-08-15 19:00:00,47.16325504432703,47.51673243248505,44.81059646606445,44.81059646606445,141561,49.80970001220703,52.27796356201172,50.477542114257815,2.622267531393595,45.23300705147062,55.72207717704501,33.43390671883054
2010-08-16 19:00:00,44.810592633196414,44.83956691188241,42.57383137091214,44.109432220458984,635833,49.62844108581543,52.17762788772583,50.02468433380127,2.900723199223647,44.22323793535397,55.826130732248565,23.353086837357765
2010-08-17 19:00:00,44.10943076055138,45.02499693686729,44.039893599262214,44.260093688964844,341447,49.45668548583984,52.07804552078247,49.62832546234131,3.1227638154509405,43.382797831439426,55.87385309324319,25.98090842962037
2010-08-18 19:00:00,44.26009180683298,46.467881386613634,44.13260885865011,46.380958557128906,733892,49.39190048217773,51.98906747817993,49.3678524017334,3.167433599489909,43.03298520275358,55.70271960071322,31.16369336095535
2010-08-19 19:00:00,46.444705014125695,48.241065979003906,46.444705014125695,48.241065979003906,894457,49.35863861083985,51.90938997268677,49.20559997558594,3.1361741095076794,42.933251756570584,55.4779481946013,39.86804513128684
2010-08-22 19:00:00,47.586262912784235,49.19719514037193,47.284937062567955,48.05563735961914,1099127,49.34623779296875,51.82878532409668,49.065077781677246,3.1207831263637837,42.82351152894968,55.30664403440481,40.59499809731511
2010-08-23 19:00:00,48.05564531627216,48.270048370713404,46.07384975057538,46.496864318847656,410168,49.317148513793946,51.74038681030274,48.83126087188721,3.1296929618108558,42.571874948265496,55.090646795508924,29.392189263418317
2010-08-24 19:00:00,46.49686265225956,46.995205914556934,44.503475787372544,44.91490173339844,489538,49.20948265075683,51.64407852172852,48.402741241455075,3.04449323893033,42.31375476359442,54.49172771931573,30.02032533033686
2010-08-25 19:00:00,44.91489645898246,46.87351174633488,44.793207809469244,46.27665710449219,760005,49.123257369995116,51.6395006942749,48.10981826782226,2.9467499786541977,42.21631831051387,54.003318225130656,37.9403514225739
2010-08-26 19:00:00,46.276656882179566,47.140071556626005,45.83625670913596,46.2708625793457,281815,49.047346420288086,51.64668615341186,47.77227592468262,2.733416598757329,42.30544272716796,53.23910912219728,47.397360642538956
2010-08-29 19:00:00,46.270865551490076,46.93726015669427,44.15579014547778,44.87433624267578,412743,48.950458755493166,51.68840816497803,47.4170597076416,2.617155658047477,42.182748391546646,52.65137102373655,43.01073338792259
2010-08-30 19:00:00,45.19884039918109,46.931461334228516,45.19884039918109,46.931461334228516,798325,48.89633605957031,51.749542503356935,47.19048595428467,2.4385127615410482,42.31346043120257,52.067511477366764,46.75280317650033
2010-08-31 19:00:00,45.22780856318468,46.35778045654297,45.22780856318468,46.35778045654297,217570,48.84059066772461,51.816471557617184,46.82396907806397,1.9024641826161668,43.01904071283163,50.6288974432963,47.227252109788964
2010-09-01 19:00:00,45.78990631876811,47.80647045059614,45.77831771138058,47.07054138183594,1268245,48.80559066772461,51.895192880630496,46.59044208526611,1.514146244395767,43.562149596474576,49.61873457405765,49.72108086072773
2010-09-02 19:00:00,47.07053752607967,47.51672926848543,46.357785730479186,46.48527145385742,199770,48.77789199829102,51.9601807308197,46.39458065032959,1.2198399001531577,43.95490085002327,48.8342604506359,55.63792434753797
2010-09-05 19:00:00,46.48527146241858,46.61275165954159,45.784108273127224,46.207122802734375,103515,48.76236213684082,52.015433397293094,46.355755996704104,1.2124401044774311,43.930875787749244,48.780636205658965,57.26907955422414
2010-09-06 19:00:00,46.20712393531256,46.81557276171571,45.836260888736334,46.39834976196289,164015,48.756335754394534,52.075872354507446,46.32649269104004,1.2035187120000381,43.919455267039964,48.73353011504011,57.38887703980387
2010-09-07 19:00:00,46.398345279855796,47.44718869186292,46.299833842796076,47.31391143798828,244797,48.76896835327148,52.13860020637512,46.2931734085083,1.1638957227921107,43.965381962924084,48.62096485409252,53.516828630673174
2010-09-08 19:00:00,47.31391392356967,47.66159974137564,46.82715930491991,47.000999450683594,173136,48.772329330444336,52.19614184379578,46.28100471496582,1.154663010910518,43.97167869314478,48.59033073678685,44.7082260846577
2010-09-13 19:00:00,47.169050375202374,48.553985595703125,47.169050375202374,48.553985595703125,996736,48.806981887817386,52.26020251274109,46.350541496276854,1.2486427330782315,43.85325603012039,48.84782696243332,51.90434805171634
2010-09-14 19:00:00,47.053146756179665,48.08460998535156,47.053146756179665,48.08460998535156,450450,48.84406799316406,52.33084017753601,46.51424217224121,1.2507401897953148,44.01276179265058,49.01572255183184,56.61831677500605
2010-09-15 19:00:00,47.23858896734081,48.27004684381031,46.97782596487041,47.232791900634766,656055,48.87605506896973,52.402434015274046,46.67041015625,1.1231558791475849,44.42409839795483,48.91672191454517,60.288069536548306
2010-09-16 19:00:00,47.232781384589146,49.59123096258459,46.64751540758236,49.55646514892578,2473763,48.92507835388184,52.49697487831116,46.935228729248045,1.1490319464342036,44.63716483637964,49.23329262211645,63.41230713359986
2010-09-19 19:00:00,49.55646590703233,50.356134896196146,49.22616580397067,49.50431442260742,1118847,48.95034332275391,52.59145781517029,47.091396522521975,1.275073416825447,44.54124968887108,49.64154335617287,63.17279748861641
2010-09-20 19:00:00,49.504320216488566,49.80564607985228,48.125176619178774,48.316402435302734,591356,48.93237968444824,52.694719772338864,47.095163345336914,1.2787544926237173,44.537654360089476,49.65267233058435,64.26514617586508
2010-09-21 19:00:00,48.316396729646236,48.82053695568679,47.92235653784379,48.45547103881836,386981,48.92484634399414,52.80557282447815,47.11515502929687,1.2975479168919843,44.5200591955129,49.710250863080844,57.50999302217865
2010-09-22 19:00:00,48.455477607669444,48.96540944205882,47.226991394294885,47.476165771484375,356496,48.87083953857422,52.91807737350464,47.16412010192871,1.2914511446751862,44.58121781257834,49.74702239127908,55.29931443560598
2010-09-23 19:00:00,47.47616609303377,47.800669176439115,47.006797140616364,47.41242599487305,222248,48.7654914855957,53.03347929954529,47.28899631500244,1.1783098131127587,44.93237668877693,49.64561594122796,51.7261409733476
2010-09-26 19:00:00,47.41242797361757,47.742728137131,46.50265325731437,47.3197135925293,268211,48.62711364746094,53.14812789916992,47.341149139404294,1.153976667419396,45.0331958045655,49.64910247424309,54.43352669106947
2010-09-27 19:00:00,47.40083405060043,48.241065979003906,47.40083405060043,48.241065979003906,607427,48.530341796875,53.261298828125,47.43965930938721,1.141832155509894,45.15599499836742,49.723323620407,60.11530076166497
2010-09-28 19:00:00,47.48774935701397,48.20629813375018,47.284934952702315,47.5167236328125,769753,48.41734451293945,53.366328172683716,47.57177867889404,0.9692041953429469,45.63337028820815,49.510187069579935,55.28187093624281
2010-09-29 19:00:00,45.494375545918885,47.37186813354492,45.494375545918885,47.37186813354492,1353763,48.301450119018554,53.46617127418518,47.59379901885986,0.9588380767189316,45.676122865422,49.51147517229772,50.29520930462111
2010-09-30 19:00:00,46.06804570649453,47.140071868896484,46.06804570649453,47.140071868896484,624007,48.200506134033205,53.57169318199158,47.63291358947754,0.9209710589625411,45.79097147155246,49.47485570740262,50.714284314820375
2010-10-03 19:00:00,46.55481465423958,47.12849219439646,46.421531847223775,46.54322052001953,416172,48.09956214904785,53.67417286872864,47.60654754638672,0.9451491460866129,45.716249254213494,49.49684583855995,38.547808894779145
2010-10-04 19:00:00,46.54321047009836,46.93725621267133,46.18973589911603,46.36357879638672,392955,47.99711143493652,53.77523283004761,47.600462913513184,0.9531057830855557,45.694251347342075,49.50667447968429,39.86343117051422
2010-10-05 19:00:00,46.36357893920378,47.1110964919226,45.91158740490768,46.71705627441406,554225,47.91413093566894,53.87154111862183,47.62595958709717,0.9201204457682325,45.7857186955607,49.46620047863364,46.772973145862466
2010-10-06 19:00:00,46.71706380873153,47.916570326058334,46.64752663839441,47.53411865234375,645672,47.84134925842285,53.965096940994265,47.682748031616214,0.8742732737177644,45.93420148418068,49.431294579051745,34.40574604720993
2010-10-07 19:00:00,47.574677522483874,49.909950256347656,47.574677522483874,49.909950256347656,1373262,47.769842376708986,54.068040189743044,47.81254997253418,1.0002668019171828,45.812016368699815,49.81308357636854,52.30266904754583
2010-10-10 19:00:00,50.59372326145805,52.152503967285156,50.59372326145805,52.152503967285156,2443213,47.77019012451172,54.19552409172058,48.07012519836426,1.3738119520659595,45.32250129423234,50.81774910249618,69.44773748471718
2010-10-11 19:00:00,51.816417365231224,51.978668908269505,50.1823022758281,50.47783660888672,1061322,47.71931266784668,54.30776787757873,48.166317749023435,1.4732298839686508,45.219857981086136,51.11277751696073,58.87143331904268
2010-10-12 19:00:00,50.477836522069886,51.56724289561249,50.06641059881098,50.97038269042969,1330018,47.699147109985354,54.41549175262451,48.31060638427734,1.6006156605154436,45.10937506324645,51.51183770530823,66.01172717057887
2010-10-13 19:00:00,51.178998747776866,53.27669143676758,51.178998747776866,53.27669143676758,4187585,47.73542221069336,54.52764863014221,48.61280136108398,1.9242403828432948,44.76432059539739,52.46128212677057,72.29080789573354
2010-10-14 19:00:00,52.9232042154415,53.601184600301025,51.86276669719779,52.66244125366211,2050565,47.71490867614746,54.62902728080749,48.7681001663208,2.119806936408303,44.528486293504194,53.007714039137404,69.53388601267517
2010-10-17 19:00:00,52.662446584872534,53.54324146777583,52.442246482577026,52.81890106201172,1996027,47.73646507263184,54.723104600906375,48.93382949829102,2.302123730511685,44.32958203726765,53.53807695931439,67.72891768465641
2010-10-18 19:00:00,53.015929375897265,55.45550537109375,53.015929375897265,55.45550537109375,4655247,47.83752517700195,54.83624657630921,49.290784645080564,2.7173748963263953,43.856034852427776,54.72553443773335,76.77876211868228
2010-10-19 19:00:00,54.59788131713867,55.652521862634316,54.00681818320263,54.59788131713867,1603691,47.98981048583985,54.95283638954162,49.59790515899658,2.954741651195819,43.68842185660495,55.50738846138822,73.25619311965082
2010-10-20 19:00:00,54.59788336640371,56.73034175012861,54.23860892476255,56.26096725463867,3644983,48.175357513427734,55.07044028282166,50.0371452331543,3.2599277348130067,43.51728976352828,56.557000702780314,76.87839438390499
2010-10-21 19:00:00,56.61444310609521,58.23116683959961,56.61444310609521,58.23116683959961,2720092,48.380374908447266,55.207601346969604,50.57808227539063,3.6729167329871375,43.232248809416355,57.9239157413649,81.86408636127561
2010-10-24 19:00:00,58.121067364451136,59.384319305419915,58.121067364451136,59.38431930541992,2598932,48.623173828125,55.34777568817139,51.181312561035156,4.07799704335684,43.02531847432148,59.33730664774883,83.70834463262219
2010-10-25 19:00:00,58.793262073616994,59.569753979012596,56.498552177248435,56.823055267333984,2676130,48.81636993408203,55.46824800491333,51.61041202545166,4.2019595780803085,43.20649286929104,60.01433118161228,73.47872410759689
2010-10-26 19:00:00,56.82306345172357,57.356178116341056,56.683989099861684,56.927371978759766,739075,49.058705444335935,55.581795654296876,52.08094444274902,4.2460916084218425,43.58876122590534,60.57312765959271,72.5703168094705
2010-10-27 19:00:00,57.22289866127937,59.33218002319336,57.22289866127937,59.33218002319336,3488701,49.363160400390626,55.698820152282714,52.67896003723145,4.387836954986813,43.90328612725782,61.454633947205075,72.60845965640368
2010-10-28 19:00:00,58.78166690984224,59.91163605892852,57.71543785311853,58.15583801269531,3191338,49.64107528686523,55.80098110198975,53.22974834442139,4.347163048032893,44.5354222483556,61.924074440487175,65.18168772069689
2010-10-31 19:00:00,58.15584264718548,59.16412323141497,58.150045580927745,58.41080856323242,974926,49.8816722869873,55.89500047683716,53.82312774658203,4.193669747706516,45.435788251169,62.21046724199506,71.61345118086226
2010-11-01 19:00:00,60.068098160425556,61.33134460449218,60.068098160425556,61.33134460449219,3529706,50.14347785949707,55.993742542266844,54.571516036987305,4.127425617197612,46.31666480259208,62.82636727138253,74.9302227218756
2010-11-02 19:00:00,61.33133942003914,63.68399749720116,61.279187935562945,63.318931579589844,5902333,50.448743743896486,56.09219486236572,55.40160980224609,4.134074259098898,47.133461284048295,63.66975832044389,74.53971368331406
2010-11-03 19:00:00,63.31894002527693,66.48285611914422,63.04658843554927,66.34957885742188,4184465,50.84579803466797,56.21718702316284,56.3423828125,4.382863531131892,47.57665575023621,65.10810987476378,79.91384348594559
2010-11-04 19:00:00,67.16084777426423,69.66416931152344,67.16084777426423,69.66416931152344,3955601,51.34078338623047,56.36558992385864,57.33009376525879,5.034422092638665,47.26124957998146,67.39893795053612,82.35029179016894
2010-11-07 19:00:00,69.66416630693931,73.14679408669205,70.23204672256908,72.77013397216797,3798933,51.87065292358398,56.53615760803223,58.36097526550293,5.946674357877422,46.46762654974809,70.25432398125777,82.66283830947806
2010-11-09 19:00:00,72.77011895189617,75.1575482944376,69.59461477522176,72.66001892089844,4239560,52.398436050415036,56.69655548095703,59.47008438110352,6.446590678830933,46.57690302344165,72.36326573876539,85.06179101758761
2010-11-10 19:00:00,72.66004150670014,74.4622054413105,71.24613186020899,71.8313980102539,2313106,52.9375772857666,56.84266948699951,60.51313514709473,6.68230240823314,47.14853033062845,73.87773996356101,81.23692783822318
2010-11-11 19:00:00,71.83138907135505,72.7237780900546,70.05820516677177,71.24032592773438,4574360,53.42375457763672,56.98014934539795,61.411316871643066,6.863258548975987,47.68479977369109,75.13783396959504,77.62734904806692
2010-11-14 19:00:00,71.24032680581166,71.85456717007735,70.11615458995712,70.41748046875,1743516,53.90494857788086,57.11351497650146,62.29906883239746,6.820202680945076,48.65866347050731,75.93947419428761,73.76435152950695
2010-11-15 19:00:00,70.55076639545685,73.93488311767578,70.55076639545685,73.93488311767578,4854051,54.442235412597654,57.25163227081299,63.354867935180664,6.909232898971268,49.53640213723813,77.1733337331232,85.39916442194435
2010-11-21 19:00:00,73.72626961233247,74.98372474128051,73.15838914661114,74.02759552001953,4051112,54.9930818939209,57.377667541503904,64.28347244262696,7.038516382054739,50.206439678517484,78.36050520673643,85.39215096453759
2010-11-22 19:00:00,74.02757946950355,74.7461282595534,73.01929896865619,73.54082489013672,2946805,55.53975593566894,57.46342939376831,65.23061962127686,6.940421978963061,51.34977566335074,79.11146357920298,81.9436413842644
2010-11-23 19:00:00,73.5408249891471,73.88271371357547,71.56482686640594,72.02840423583984,1537996,56.052357025146485,57.51926149368286,66.01899147033691,6.761128433982175,52.49673460237256,79.54124833830126,80.72379748674857
2010-11-24 19:00:00,72.02839694856671,73.44230612440833,71.73865974041433,72.9671401977539,1780766,56.5654216003418,57.56457620620728,66.75579013824463,6.67009590806854,53.415598322107556,80.09598195438171,81.29045219537596
2010-11-25 19:00:00,72.96716235410096,74.22461746670751,72.72378501481182,73.65093994140625,4610358,57.09842041015625,57.55061098098755,67.46912117004395,6.602794840401097,54.26353148924176,80.67471085084614,79.29988198423263
2010-11-28 19:00:00,73.6509405317674,75.26767012558619,73.53504340187447,74.3694839477539,3165366,57.61473037719727,57.55881059646607,68.34644260406495,6.2711684618931836,55.80410568027858,80.88877952785131,77.97007447779802
2010-11-29 19:00:00,74.45640851528067,78.08390808105469,74.45640851528067,78.08390808105469,4855676,58.21471633911133,57.588653507232664,69.40426940917969,6.0230549716939965,57.3581594657917,81.45037935256768,78.70711035921357
2010-11-30 19:00:00,78.08389439659484,79.50360086409748,74.18404388427734,74.18404388427734,8438512,58.75374137878418,57.58097547531128,70.14686260223388,5.61781470472094,58.911233192792,81.38249201167577,60.74968291439323
2010-12-01 19:00:00,74.1840369188469,75.85291759998599,72.5788963276984,75.10540008544922,7897215,59.264720077514646,57.558984508514406,70.99434070587158,4.952803775946806,61.08873315397797,80.89994825776519,56.198060605275174
2010-12-02 19:00:00,75.10539485266668,75.53420083481859,71.35041081858398,71.5648193359375,4178537,59.70593017578125,57.53916646957398,71.65204124450683,3.969646705277799,63.712747833951234,79.59133465506243,47.54099371604413
2010-12-05 19:00:00,71.56483454673975,72.60788097676664,68.10538404951951,68.43568420410156,3678415,60.108315811157226,57.513466930389406,72.0072582244873,3.2501691919406435,65.50691984060602,78.50759660836859,43.08962099369798
2010-12-06 19:00:00,68.43567688290454,69.88435754444862,66.78417628667064,68.35454559326172,5171912,60.5062973022461,57.49046182632446,72.2590389251709,2.6881397892233356,66.88275934672423,77.63531850361757,44.002883093598754
2010-12-07 19:00:00,68.35455502081957,69.82641862223949,67.80985181273681,68.14015197753906,3523003,60.919577026367186,57.458735675811766,72.34856758117675,2.504511915805631,67.3395437495655,77.35759141278801,45.14455369011577
2010-12-08 19:00:00,68.14014746460018,68.89925919196621,67.33468131271864,67.96051025390625,2352380,61.33053871154785,57.43590444564819,72.2633846282959,2.626614281781374,67.01015606473315,77.51661319185864,35.148364063681214
2010-12-09 19:00:00,67.96050937146603,69.53087877024814,67.6244176929785,69.31068420410156,3373211,61.770358123779296,57.42402532577515,72.09041213989258,2.704248162687086,66.6819158145184,77.49890846526675,38.964213460462666
2010-12-12 19:00:00,69.69891046220306,71.26927947998047,69.69891046220306,71.26927947998047,2722882,62.23092239379883,57.41023374557495,72.02087516784668,2.706710020176107,66.60745512749446,77.4342952081989,45.02787526736343
2010-12-13 19:00:00,70.4696166261053,71.03749691378844,69.53666491291968,69.62937927246094,1257416,62.6731755065918,57.398702182769775,71.91077423095703,2.759101782058701,66.39257066683963,77.42897779507443,44.77798138078711
2010-12-14 19:00:00,69.62939651140186,70.63188562401047,68.66747581280652,69.53668212890625,1766628,63.11647178649903,57.41741918563843,71.82559204101562,2.8067765975589904,66.21203884589764,77.43914523613361,42.247287722307455
2010-12-19 19:00:00,70.00607106650465,71.15921783447266,70.00607106650465,71.15921783447266,2908428,63.59685470581055,57.441380443572996,71.86267890930176,2.7920532924591135,66.27857232438353,77.44678549422,44.59800503554355
2010-12-20 19:00:00,70.40588126439958,71.50688171386719,70.40588126439958,71.50688171386719,3063652,64.0961279296875,57.472092418670655,71.74127883911133,2.749674353857146,66.24193013139704,77.24062754682562,43.69251376542842
2010-12-21 19:00:00,70.52758018118593,71.08387755295617,69.82642245212594,70.17410278320312,1314681,64.57233840942382,57.49764719009399,71.54860420227051,2.7158385203537905,66.11692716156293,76.9802812429781,30.52774993877088
2010-12-22 19:00:00,70.17408716434187,70.69561307115924,69.36862109421041,69.69892120361328,979476,65.0319757080078,57.53881866455078,71.35650901794433,2.7033524142173864,65.94980418950956,76.7632138463791,36.71922582697316
2010-12-28 19:00:00,70.89843209135839,71.47790658696019,70.3247546617495,70.69561767578125,954723,65.49520568847656,57.590188846588134,71.28986968994141,2.702344882497283,65.88517992494684,76.69455945493598,37.0003153216168
2010-12-29 19:00:00,70.6956205081038,73.41334483827588,71.0433063246501,72.81649017333984,3939787,65.95333648681641,57.66042087554931,71.2823371887207,2.697629450458964,65.88707828780278,76.67759608963863,54.02689093946471
2010-12-30 19:00:00,71.04329942409942,73.41333770751953,71.04329942409942,73.41333770751953,1956505,66.3785531616211,57.728943462371824,71.27045707702636,2.6871521792812256,65.89615271846391,76.64476143558882,69.13140398010475
2011-01-02 19:00:00,68.6384786677031,71.26927947998047,68.6384786677031,71.26927947998047,2503142,66.79438201904297,57.77851718902588,71.11544685363769,2.5865077076390066,65.94243143835968,76.28846226891571,59.66934309007949
2011-01-03 19:00:00,69.43237990584107,72.8976221277444,69.36863427706999,72.68901062011719,4347610,67.22875457763672,57.819862594604494,70.84570198059082,2.0464581139425486,66.75278575270572,74.93861820847592,63.97294971474211
2011-01-04 19:00:00,72.68900430609693,75.67908574352096,72.14430113317323,74.6534194946289,5586842,67.65628913879395,57.86062843322754,70.86917076110839,2.0890062578063535,66.69115824549569,75.0471832767211,68.52745221528224
2011-01-05 19:00:00,74.6534166560784,76.42080336777228,73.99861346022489,75.54000854492188,5109778,68.11384048461915,57.90339347839355,70.89090118408203,2.1370988481260276,66.61670348782997,75.16509888033409,67.698395701524
2011-01-06 19:00:00,75.54001768257126,76.31650962170147,74.41004283206509,75.69647216796875,4921545,68.57139190673828,57.943550987243654,71.0974838256836,2.3903584546885868,66.31676691630642,75.87820073506077,64.01327428713012
2011-01-09 19:00:00,75.69645474299365,77.32477248205345,75.24446601209272,75.66748046875,4664356,68.97563140869141,57.985214958190916,71.45907363891601,2.5104749553530055,66.43812372821,76.48002354962202,71.28262744954618
2011-01-10 19:00:00,76.4903341664243,79.1559066772461,76.4903341664243,79.1559066772461,7384692,69.46679191589355,58.05162242889404,71.99914169311523,2.9336243068222223,66.13189307947079,77.86639030675968,77.35649357384041
2011-01-11 19:00:00,78.67495449263524,80.95228418986063,77.99697404840155,80.47132110595703,6003620,69.95099899291992,58.125852813720705,72.61570014953614,3.346640229376655,65.92241969078283,79.30898060828945,76.95390861222337
2011-01-12 19:00:00,80.47131015333105,81.56071636887754,78.22875210662856,79.74117279052734,5514075,70.38119911193847,58.1973596572876,73.2047332763672,3.5165951129183,66.17154305053059,80.2379235022038,73.31787284809533
2011-01-13 19:00:00,79.74698981344466,83.38607788085938,79.74698981344466,83.38607788085938,5776840,70.86123428344726,58.28900329589844,73.90850296020508,4.062360650217287,65.78378165977051,82.03322426063966,83.0816530663551
2011-01-16 19:00:00,82.52264703389218,85.12447407925616,82.0011211063947,83.85543060302734,4416976,71.40188179016113,58.367174034118655,74.53781051635742,4.5745751366979635,65.38866024296149,83.68696078975336,85.45703586898614
2011-01-17 19:00:00,83.85543132455581,85.09550606106332,82.86453647480707,84.31321716308594,4152170,71.94959869384766,58.45157413482666,75.27200241088867,4.911282065534353,65.44943827981997,85.09456654195738,85.0535479598514
2011-01-18 19:00:00,84.31322803821587,85.03177140914143,81.76354660325893,82.76023864746094,2772647,72.41815986633301,58.530643196105956,75.93318023681641,4.988037267542029,65.95710570173236,85.90925477190046,76.36745515994897
2011-01-19 19:00:00,82.76022144421867,82.86452993815439,79.0979571299832,79.82809448242188,3037183,72.85160499572754,58.6000350189209,76.36662406921387,4.927644727828034,66.5113346135578,86.22191352486993,65.13528410688511
2011-01-20 19:00:00,80.31486504303373,82.85874938964844,80.31486504303373,82.85874938964844,2729973,73.34056381225587,58.681827507019044,76.93421745300293,4.991779131941222,66.95065918912049,86.91777571688537,76.24665362963044
2011-01-23 19:00:00,81.88523425056742,83.09633485134746,80.83639072470535,81.21305084228516,1620042,73.73819793701172,58.7539139175415,77.48616485595703,4.8120225819319264,67.86211969209317,87.11021001982088,69.10880217553041
2011-01-24 19:00:00,81.213053860241,81.69401145746019,79.53837576503692,79.7701644897461,1180730,74.06722259521484,58.81823539733887,77.98972702026367,4.468955245923001,69.05181652841767,86.92763751210967,61.74511430200612
2011-01-25 19:00:00,79.77017128712708,80.69153472396785,78.92414209353272,79.16172790527344,825582,74.32346557617187,58.86308670043945,78.41303253173828,4.129772917393471,70.15348669695133,86.67257836652523,58.42092378867598
2011-01-26 19:00:00,79.16171640753156,79.9092340327451,77.50442408589738,77.7130355834961,844846,74.48444290161133,58.89626148223877,78.6578598022461,3.9203609134740733,70.81713797529795,86.49858162919423,54.42296397070266
2011-01-27 19:00:00,77.7130293758783,81.3579083580145,77.65508082123884,80.75525665283203,4010682,74.64414535522461,58.94716808319092,79.02495574951172,3.7431638531764384,71.53862804315884,86.5112834558646,59.856308205744426
2011-01-30 19:00:00,80.75525753239145,83.20063019677218,76.72212982177734,76.72212982177734,4719813,74.72538757324219,58.97315734863281,79.29759826660157,3.3236002278440986,72.65039781091338,85.94479872228976,45.38260675731618
2011-01-31 19:00:00,76.72212203688106,77.82312237019224,72.88601759292035,73.83634948730469,3709422,74.7654866027832,58.98144378662109,79.35496520996094,3.2115420073973606,72.93188119516621,85.77804922475566,38.11993516132213
2011-02-01 19:00:00,73.83635772180106,74.16665785863067,70.1451187133789,70.1451187133789,2559510,74.74358245849609,58.97223014831543,79.12955017089844,3.6825801940088247,71.76438978288078,86.4947105589161,34.46531313576446
2011-02-02 19:00:00,70.14511447446206,71.10124900942614,67.94312474788926,70.41167449951172,4336232,74.74346633911132,58.969999122619626,78.87313346862793,4.100501236716049,70.67213099519583,87.07413594206002,26.416646488986586
2011-02-03 19:00:00,70.41167875453698,71.10125330612286,69.89015280441427,70.1451187133789,1126552,74.6676710510254,58.96252388000488,78.59556579589844,4.495695518719961,69.60417475845851,87.58695683333836,24.893905593022183
2011-02-06 19:00:00,70.26101057913498,72.13270568847656,70.26101057913498,72.13270568847656,1883036,74.62977325439454,58.961886405944824,78.41882705688477,4.682466911628483,69.0538932336278,87.78376088014173,28.87861624669722
2011-02-07 19:00:00,71.84297274787623,72.66582454460878,71.17078387834432,71.37360382080078,1211360,74.58642883300782,58.96290050506592,78.0297119140625,4.9345618020323,68.1605883099979,87.8988355181271,29.696216438883184
2011-02-08 19:00:00,71.37360062263204,71.56482642449967,69.9423001152218,70.17988586425781,638272,74.54945846557617,58.963740768432615,77.51514015197753,5.196206789486425,67.12272657300468,87.90755373095038,31.65896444019529
2011-02-09 19:00:00,70.17990077925666,70.75357830678051,68.69644846993478,69.02674865722656,739497,74.47065063476562,58.9638277053833,76.9794189453125,5.498173666236573,65.98307161283935,87.97576627778565,21.6844328633928
2011-02-10 19:00:00,69.02674744240191,69.44976201001172,65.57889079723567,66.09461975097656,1154741,74.31952423095703,58.95754043579102,76.11484603881836,5.789519606421161,64.53580682597604,87.69388525166067,20.599475432290618
2011-02-13 19:00:00,66.0946160199705,67.21299670985023,64.9124897031222,66.72624206542969,981082,74.16665939331055,58.95015213012695,75.25838661193848,5.85082535052779,63.55673591088289,86.96003731299406,23.807273938398964
2011-02-14 19:00:00,66.90006415960818,68.53997039794922,66.90006415960818,68.53997039794922,1305015,73.97578063964843,58.95212226867676,74.46972427368163,5.624749738544619,63.2202247965924,85.71922375077088,29.655848230346734
2011-02-16 19:00:00,67.74611866899484,68.26184764966102,66.69727503239297,67.0681381225586,487211,73.83346252441406,58.95232517242432,73.68511924743652,5.500512563821326,62.68409411979387,84.68614437507917,29.629584207864525
2011-02-17 19:00:00,67.06812213481732,67.56646532141863,66.11778465663255,66.61033630371094,417096,73.6635612487793,58.95470096588135,73.02423133850098,5.517618113251836,61.98899511199731,84.05946756500465,19.960550197394838
2011-02-20 19:00:00,66.61034484269605,67.21879367356979,66.29163328717749,66.37276458740234,248825,73.5597201538086,58.95968452453613,72.19993209838867,5.192975838510076,61.81398042136852,82.58588377540883,23.796888956196284
2011-02-21 19:00:00,66.37275184583044,66.54079490172855,63.05816777831863,63.06396484375,787017,73.45228576660156,58.95319438934326,71.29247779846192,5.1203057329810715,61.05186633249977,81.53308926442406,23.297837816984128
2011-02-22 19:00:00,63.06397613296874,63.16248205271325,59.91164301789551,60.12025451660156,753236,73.28759994506837,58.938012237548826,70.30998229980469,5.290381234453551,59.729219830897584,80.89074476871178,24.19444735759879
2011-02-23 19:00:00,60.12024555112192,61.68482326868021,59.51180234514568,60.085479736328125,637866,73.12650650024415,58.92059900283814,69.35616989135742,5.329986811022241,58.69619626931294,80.01614351340191,23.097756627495528
2011-02-24 19:00:00,60.0854843928158,60.693927645944996,57.083814431876526,57.101200103759766,737281,72.90932029724121,58.873429985046386,68.32557811737061,5.614225919900873,57.09712627756886,79.55402995717236,20.232676088413356
2011-02-27 19:00:00,57.10119669255958,59.95219802856445,56.93314810237706,59.95219802856445,974178,72.72215057373047,58.84491987228394,67.28542518615723,5.093077572985536,57.099270040186155,77.4715803321283,23.256931193852324
2011-02-28 19:00:00,60.8503874816601,62.94807434082031,60.8503874816601,62.94807434082031,1172720,72.55572647094726,58.8338808631897,66.59672241210937,4.662980365436624,57.270761681236124,75.92268314298262,33.15566479200807
2011-03-01 19:00:00,62.98864387682909,65.46878814697266,62.98864387682909,65.46878814697266,2767347,72.4725146484375,58.84648443222046,66.17834434509277,4.343680002146244,57.49098434080028,74.86570434938525,41.056114645253245
2011-03-02 19:00:00,64.72126083112471,65.7643127644358,64.11860909421418,64.94725799560547,1029791,72.38072616577148,58.848396701812746,65.9184513092041,4.2482996609095,57.421851987385104,74.4150506310231,42.0649051689187
2011-03-03 19:00:00,64.94725707252458,68.19229888916016,64.55321683313241,68.19229888916016,1545698,72.32138778686523,58.879514408111575,65.80748252868652,4.1526655798462375,57.50215136899405,74.11281368837899,54.031164119652765
2011-03-06 19:00:00,68.37774168876979,71.20556640625,68.37774168876979,71.20556640625,1467283,72.3153614807129,58.92436559677124,65.86050491333008,4.217232762916725,57.42603938749662,74.29497043916352,57.88615516456298
2011-03-07 19:00:00,69.0499227927002,70.46383222712541,68.08799663306968,70.05240631103516,1179641,72.31292755126952,58.96747833251953,65.75648994445801,4.077738949370754,57.6010120457165,73.91196784319952,52.72615532036087
2011-03-08 19:00:00,70.05241412897206,71.99944387800619,69.01515914987634,69.58883666992188,2993770,72.31072586059571,59.02342639923096,65.66725158691406,3.9663504853515343,57.734550616210996,73.59995255761713,54.71491835198125
2011-03-09 19:00:00,69.58883666992188,70.84050023038074,69.39181928927913,69.58883666992188,1863167,72.28859024047851,59.081141834259036,65.63769912719727,3.933020011223624,57.771659104750015,73.50373914964452,55.668304346525666
2011-03-10 19:00:00,68.37773853201361,69.53668212890625,68.37773853201361,69.53668212890625,734803,72.22299407958984,59.13908912658692,65.66319580078125,3.957721911777897,57.74775197722546,73.57863962433704,56.063961700771195
2011-03-13 19:00:00,68.88187415276236,69.38601444481279,68.43568241816752,68.65008544921875,259820,72.12772903442382,59.202280559539794,65.79096908569336,4.013244879466828,57.764479326759705,73.81745884462701,61.80215912340376
2011-03-14 19:00:00,68.65008114164216,69.13104419104288,66.63931163958836,67.54328918457031,846531,72.05320922851563,59.2604016494751,65.83182144165039,4.0274000145799045,57.77702141249058,73.8866214708102,67.0028789233938
2011-03-15 19:00:00,67.6939673587359,70.91583251953125,67.6939673587359,70.91583251953125,2325655,72.01774566650391,59.35404445648194,65.95061454772949,4.144812410845003,57.66098972603948,74.2402393694195,71.51737677524619
2011-03-16 19:00:00,70.92161649137928,72.57890319824219,70.92161649137928,72.57890319824219,2398957,71.97625534057617,59.46875099182129,66.22615280151368,4.398425875176667,57.429301051160344,75.02300455186702,82.45438621947183
2011-03-17 19:00:00,71.78502828226227,72.1153284329735,69.30488967131527,69.58303833007812,1285623,71.8571159362793,59.55607744216919,66.37478790283203,4.461862303135527,57.451063296560974,75.29851250910308,70.07245960848691
2011-03-20 19:00:00,67.79825485594426,69.519287109375,67.79825485594426,69.519287109375,746405,71.73357223510742,59.64157855987549,66.53211402893066,4.516920993668235,57.49827204159419,75.56595601626714,65.60260742097631
2011-03-21 19:00:00,68.72541925351831,71.27510070800781,68.72541925351831,71.27510070800781,1543535,71.64572463989258,59.733714694976804,66.94267082214355,4.558079329209348,57.82651216372486,76.05882948056225,64.30608320347085
2011-03-23 19:00:00,70.34792809529645,71.44892285978939,70.2668023397952,70.67822265625,1395873,71.47617095947265,59.82915370941162,67.47056922912597,4.332138799309821,58.80629163050633,76.1348468277456,64.06819987407019
2011-03-24 19:00:00,70.67825904166315,71.27511943729107,69.76269252518547,69.9249496459961,590930,71.26524353027344,59.92082635879517,67.96254272460938,3.9948966323636945,59.97274945988199,75.95233598933677,54.84610394598701
2011-03-27 19:00:00,69.92492215722068,70.37691093270408,69.2411446912031,69.4207763671875,485823,71.05883560180663,60.004299297332764,68.57852153778076,3.0761721499419186,62.42617723789692,74.7308658376646,44.193026945768885
2011-03-28 19:00:00,69.53667158853796,72.72377014160156,69.53667158853796,72.72377014160156,3502887,70.84558944702148,60.10309928894043,69.21710014343262,2.453867439642158,64.3093652641483,74.12483502271694,57.62485240963724
2011-03-29 19:00:00,72.4745982485891,73.0135098590616,71.54164641414238,72.41085815429688,1203923,70.61669799804687,60.2043041229248,69.69023933410645,2.062574204834118,65.56509092443821,73.81538774377469,58.12474959407882
2011-03-30 19:00:00,72.41085530423624,73.13519562938276,71.39098067803239,71.69230651855469,1169211,70.36427978515626,60.29557098388672,70.00141525268555,1.8507615573071727,66.2998921380712,73.7029383672999,55.81538975551849
2011-03-31 19:00:00,71.69230789694053,72.3992680910063,71.04330178258557,71.23452758789062,592028,70.13376556396484,60.38588172912598,70.3157787322998,1.4341808775991765,67.44741697710145,73.18414048749815,54.591005639423486
2011-04-03 19:00:00,71.23452586861973,72.23700929267315,71.06068021251771,71.2171401977539,1110471,69.96154647827149,60.477728061676025,70.46702079772949,1.3558144494192867,67.75539189889092,73.17864969656806,57.283752207515796
2011-04-04 19:00:00,71.21715341570675,72.08056821191828,70.92741612803937,71.86616516113281,1024752,69.74169479370117,60.58895784378052,70.50005073547364,1.3825369396770313,67.73497685611957,73.2651246148277,62.59284480482477
2011-04-05 19:00:00,72.2022674527289,73.44233703613281,72.2022674527289,73.44233703613281,2214168,69.58628051757813,60.70664873123169,70.66954727172852,1.5252064748942413,67.61913432194004,73.719960221517,58.22020704295555
2011-04-06 19:00:00,72.59049921565698,74.80987481723267,72.26599060842167,73.5350341796875,2940751,69.46157791137695,60.83094551086426,70.86685714721679,1.6297125530474825,67.60743204112183,74.12628225331176,53.46492770548695
2011-04-07 19:00:00,73.59297593920317,74.57807922363281,73.59297593920317,74.57807922363281,1665028,69.36990493774414,60.964079265594485,71.11631927490234,1.7970517229289336,67.52221582904447,74.7104227207602,71.0859942440334
2011-04-10 19:00:00,74.02179516250958,74.75192710289939,73.39016913975107,73.52924346923828,1940493,69.28622909545898,61.0802345085144,71.31594734191894,1.8337253618987128,67.64849661812151,74.98339806571637,65.62783027759987
2011-04-11 19:00:00,73.52923293774563,73.79578742585231,72.4340296577467,72.5499267578125,589051,69.12212249755859,61.19004453659058,71.51093940734863,1.7402944822013406,68.03035044294595,74.99152837175131,55.28840067450893
2011-04-12 19:00:00,72.54992208849333,73.0192909452286,71.57061044531088,72.0457763671875,528052,69.0285954284668,61.29994136810303,71.73606376647949,1.47030350523542,68.79545675600865,74.67667077695033,55.717048700548965
2011-04-13 19:00:00,72.04578454399416,72.86863631080237,69.91332642925191,70.54495239257812,727615,68.96276748657226,61.40407253265381,71.71751976013184,1.4834728982283463,68.75057396367514,74.68446555658853,52.43944538001796
2011-04-14 19:00:00,70.54496451657106,70.92741618926397,69.16002923289771,70.72460174560547,1082403,68.9743571472168,61.50950756072998,71.6248046875,1.4847492791721066,68.65530612915579,74.59430324584422,55.264433873510654
2011-04-17 19:00:00,70.72458962424363,72.66582193642347,70.70141241359185,72.15009307861328,1677288,69.00912551879883,61.624532775878905,71.75315742492675,1.4079241447397053,68.93730913544735,74.56900571440616,47.26972210300351
2011-04-18 19:00:00,72.15010162312349,73.47709379995734,71.75026429749889,72.758544921875,2037415,69.06139404296874,61.7442227935791,71.91512031555176,1.3210590931243504,69.27300212930307,74.55723850180046,51.60945585333087
2011-04-19 19:00:00,72.75853933574449,73.82476843802978,72.43403626799116,73.25109100341797,1714127,69.08376174926758,61.87112722396851,72.01391983032227,1.3443588008184697,69.32520222868533,74.7026374319592,57.369881000046895
2011-04-20 19:00:00,73.25108991994047,73.87112729489377,72.723772442641,73.1062240600586,1185361,69.11841415405273,62.001740264892575,72.1353199005127,1.3269076271751046,69.48150464616249,74.7891351548629,59.11914244146066
2011-04-21 19:00:00,73.10624057975895,73.29746643167874,71.65176248120314,71.84878540039062,752995,69.15179214477538,62.127485847473146,72.23151168823242,1.2239775825103127,69.78355652321179,74.67946685325305,52.74568419740034
2011-04-24 19:00:00,70.24362220038883,71.73866271972656,70.24362220038883,71.73866271972656,389415,69.2060304260254,62.25276775360108,72.34740600585937,1.0396947560877647,70.26801649368385,74.4267955180349,49.41851968863386
2011-04-25 19:00:00,70.45224737734272,71.506887969413,70.00025855216974,71.14761352539062,581210,69.30709030151367,62.374341068267825,72.26859817504882,1.0689881364234268,70.13062190220197,74.40657444789568,38.501643856563966
2011-04-26 19:00:00,71.41996297632646,72.26020050048828,71.41996297632646,72.26020050048828,658926,69.41776947021485,62.50153528213501,72.2610652923584,1.0684635996872578,70.12413809298388,74.39799249173291,44.20444526453285
2011-04-27 19:00:00,71.5648251394722,73.58138609522017,71.38518794605271,73.2916488647461,1611807,69.51280303955077,62.636842002868654,72.34103240966797,1.083400979692072,70.17423045028383,74.50783436905212,44.145552369729295
2011-04-28 19:00:00,73.33802064267594,74.98371887207031,73.33802064267594,74.98371887207031,1982343,69.67111465454101,62.78359340667725,72.52849197387695,1.1999564252359758,70.128579123405,74.9284048243489,56.25311194336805
2011-05-01 19:00:00,73.65672896121002,74.11450930753385,72.58470274053182,72.8222885131836,518887,69.79535369873047,62.91217834472656,72.60874938964844,1.160668158226073,70.28741307319629,74.93008570610058,51.06290615615571
2011-05-02 19:00:00,72.82228267698208,73.01350848253192,70.69561607876433,71.81979370117188,495308,69.90429428100586,63.0300719833374,72.60643081665039,1.1622748366707558,70.28188114330888,74.9309804899919,49.1511094042863
2011-05-03 19:00:00,71.81981715861848,73.53505290292709,70.98537650492564,71.59961700439453,1365157,70.07500732421875,63.14199714660644,72.51429481506348,1.165556725170508,70.18318136472246,74.8454082654045,54.383541575103074
2011-05-04 19:00:00,71.85457006543736,73.24530792236328,71.85457006543736,73.24530792236328,825270,70.33750839233399,63.26406299591064,72.49980850219727,1.1539452089418163,70.19191808431364,74.8076989200809,59.338809336717674
2011-05-05 19:00:00,72.81648262995616,73.592974425811,71.62856496309236,72.3529052734375,519883,70.58285690307618,63.37494499206543,72.3885498046875,1.0451643731507374,70.29822105838602,74.47887855098898,50.782286880310664
2011-05-08 19:00:00,72.35291748552302,72.95556925597144,72.20225454291092,72.30076599121094,496467,70.8868482208252,63.47304967880249,72.32712593078614,1.0101086154997332,70.30690869978667,74.3473431617856,48.155078898495816
2011-05-09 19:00:00,72.3007553074065,72.71797272653036,71.99942946670889,72.24860382080078,257618,71.13277633666992,63.56309967041015,72.31205978393555,1.0088569515374524,70.29434588086065,74.32977368701046,45.81112943105729
2011-05-10 19:00:00,72.24861511928611,73.15838432312012,72.01682639990759,72.43404388427734,460458,71.32249572753906,63.65987159729004,72.33147315979004,1.0071975268589066,70.31707810607222,74.34586821350786,47.20080115089189
2011-05-11 19:00:00,72.43403374960644,72.71797392401858,71.88353354575153,71.92989349365234,185618,71.45171783447266,63.75368812561035,72.40072021484374,0.9219029800537296,70.55691425473628,74.2445261749512,50.36037263703551
2011-05-12 19:00:00,71.92988541806943,72.42822855223253,71.79660818145022,71.91829681396484,224971,71.59113861083985,63.84744667053223,72.46040496826171,0.8429369336149013,70.77453110103191,74.14627883549151,50.805184643595084
2011-05-15 19:00:00,71.91832520300514,72.11534260310907,70.75358437342098,70.95060729980469,322735,71.64630477905274,63.941263351440426,72.40043067932129,0.9064554458564217,70.58751978760844,74.21334157103414,49.14578941866574
2011-05-16 19:00:00,71.02012034026075,72.05738067626953,71.02012034026075,72.05738067626953,320231,71.66334106445312,64.04359815597535,72.36537246704101,0.9054345848102785,70.55450329742045,74.17624163666157,49.1201383207166
2011-05-17 19:00:00,71.16498301588418,71.70968609834215,71.06647159056617,71.35620880126953,221588,71.68941711425781,64.14294862747192,72.2706283569336,0.9070138689437871,70.45660061904603,74.08465609482117,41.356083745285886
2011-05-18 19:00:00,71.35622817257287,71.62278272091359,70.6956278159872,70.96797943115234,216055,71.71699996948242,64.24345811843872,72.16371612548828,0.9290877968477522,70.30554053179277,74.02189171918378,29.701158113543713
2011-05-19 19:00:00,70.96796755786754,71.47790488077372,70.57972440768113,71.23452758789062,206403,71.74991378784179,64.34376474380493,72.13300323486328,0.9499646224592352,70.23307398994481,74.03293247978175,40.07235681526973
2011-05-22 19:00:00,71.23451825921194,71.78501286589581,70.71878946426786,70.98534393310547,229963,71.77888702392578,64.43126499176026,72.09533729553223,0.9808553159542172,70.1336266636238,74.05704792744066,44.23989441763807
2011-05-23 19:00:00,71.04331156800617,72.43404388427734,71.04331156800617,72.43404388427734,479565,71.85456619262695,64.53275962829589,72.15965881347657,0.9573335370274444,70.24499173942168,74.07432588753146,54.92468656173397
2011-05-24 19:00:00,72.09794013671586,73.07144927978516,72.09794013671586,73.07144927978516,796682,71.96512939453125,64.63300832748413,72.20022125244141,0.9787642454636003,70.2426927615142,74.15774974336861,48.83528848945279
2011-05-25 19:00:00,72.7817230973227,76.37445068359375,72.7817230973227,76.37445068359375,3018335,72.0743017578125,64.75498727798463,72.35436134338379,1.3369132411728728,69.68053486103804,75.02818782572953,70.36392295032567
2011-05-26 19:00:00,76.37446371450817,80.18739204363125,76.37446371450817,77.51602172851562,4828328,72.17304412841797,64.88525270462036,72.48097648620606,1.6759599339512046,69.12905661830365,75.83289635410847,73.78436268287794
2011-05-29 19:00:00,77.51600238744115,78.69233145806767,74.7693040428494,75.01847839355469,1569761,72.2817529296875,64.99190450668335,72.59078598022461,1.7688719544639213,69.05304207129677,76.12852988915245,60.32841264377299
2011-05-30 19:00:00,75.018484494932,76.62941678075663,74.58388137540669,75.9398422241211,1774372,72.41016403198242,65.11289831161498,72.79678840637207,1.908736982147619,68.97931444207684,76.6142623706673,62.392422022821954
2011-05-31 19:00:00,75.93984217016163,79.73538970947266,75.62113616341804,79.73538970947266,4463153,72.57936981201172,65.25956275939942,73.20357704162598,2.434658619488943,68.33425980264809,78.07289428060386,72.38285929814029
2011-06-01 19:00:00,79.73538789360795,82.10542631640864,79.73538789360795,80.9986343383789,4807383,72.7857780456543,65.42963785171509,73.59124336242675,2.994549105354196,67.60214515171836,79.58034157313514,74.2946025058482
2011-06-02 19:00:00,80.99863231036376,81.93158412656264,80.02512313827263,81.0623779296875,1961957,73.00852661132812,65.6000316619873,74.02671699523925,3.409512909687232,67.2076911758648,80.84574281461371,78.42936128371318
2011-06-05 19:00:00,81.06238828443377,81.84467175103741,79.09797296546921,80.31486511230469,2119507,73.22640838623047,65.76170450210572,74.42742195129395,3.6578782891241186,67.11166537304571,81.74317852954219,73.69467739160095
2011-06-06 19:00:00,80.31485455614799,83.1542728764187,79.73538560246608,81.40426635742188,3787885,73.40001831054687,65.93250396728516,74.885205078125,3.933387448499105,67.01843018112679,82.7519799751232,78.20428861758148
2011-06-07 19:00:00,81.40427426667472,82.28506915130954,80.60459962768437,80.73787689208984,902625,73.56655868530274,66.10037710189819,75.30039672851562,4.09593568522742,67.10852535806079,83.49226809897046,77.00186062674275
2011-06-08 19:00:00,80.7378658535005,81.4680032272629,76.70474396923687,76.86119842529297,3518388,73.6699365234375,66.26063011169434,75.54696197509766,4.030260635929063,67.48644070323954,83.60748324695578,62.96391088411004
2011-06-09 19:00:00,76.86121758538692,77.92744687320341,73.30325524796386,73.8885269165039,3593237,73.72301651000977,66.40952558517456,75.64547348022461,3.9603702693453324,67.72473294153394,83.56621401891528,55.94311120995664
2011-06-12 19:00:00,73.88851890113904,74.98951389299567,73.21632998368986,73.90589904785156,1257637,73.77679168701172,66.55775461196899,75.79323806762696,3.8289326809100945,68.13537270580677,83.45110342944714,53.20059712050944
2011-06-13 19:00:00,73.91168387075558,75.20970153808594,73.91168387075558,75.20970153808594,827645,73.84366241455078,66.70189832687377,75.95085411071777,3.7306752042735125,68.48950370217075,83.41220451926479,54.518737123699225
2011-06-14 19:00:00,74.74613221128156,75.70805281559214,74.23040332831346,74.40424346923828,1449403,73.86290054321289,66.83271421432495,76.1032558441162,3.5928109894012796,68.91763386531365,83.28887782291876,45.345006912936654
2011-06-15 19:00:00,74.40424346187524,74.69398071424024,73.04248003364329,73.58718872070312,1108366,73.8639436340332,66.96037197113037,76.23421630859374,3.440272651163625,69.3536710062665,83.114761610921,40.572814645308924
2011-06-16 19:00:00,73.58719382339724,74.52014021444079,73.12940793818657,73.3148422241211,695357,73.83867889404297,67.09446186065674,76.33823204040527,3.310140040481851,69.71795195944158,82.95851212136897,45.42342993020546
2011-06-19 19:00:00,73.31483343425441,73.59297654039081,69.7684604760814,69.95968627929688,1009747,73.76728775024414,67.21968578338623,76.28694915771484,3.404048293619354,69.47885257047614,83.09504574495355,35.79291022119625
2011-06-20 19:00:00,70.0582040162243,72.14430236816406,70.0582040162243,72.14430236816406,1247080,73.75917526245117,67.34902400970459,76.27246208190918,3.4218784991053393,69.4287050836985,83.11621908011986,30.471025259446435
2011-06-21 19:00:00,71.5300495057803,75.10539643640402,71.28087517094836,74.94893646240234,3572266,73.81723846435547,67.49241437911988,76.36633644104003,3.35453178151142,69.6572728780172,83.07540000406287,35.58005234451947
2011-06-22 19:00:00,74.94896035022519,75.89350098174573,74.41004863054312,75.06485748291016,2472806,73.90763656616211,67.64336698532105,76.30085678100586,3.3671229004674323,69.566610980071,83.03510258194072,35.73989184835551
2011-06-23 19:00:00,75.06485284754454,75.18654151358163,71.3156648361515,71.54165649414062,2805297,73.92397766113281,67.76641796112061,76.00213851928712,3.5153911621337044,68.97135619501971,83.03292084355452,31.572530631736498
2011-06-26 19:00:00,71.54163530628121,72.31233548921035,70.81150352629543,71.79080963134766,1178276,73.9167919921875,67.89358310699463,75.84075508117675,3.6349787294741307,68.5707976222285,83.11071254012501,29.068832958969736
2011-06-27 19:00:00,70.1161655289191,71.65176391601562,70.1161655289191,71.65176391601562,1272153,73.89465637207032,68.01648921966553,75.62635116577148,3.753361895490889,68.1196273747897,83.13307495675326,29.752043353054205
2011-06-28 19:00:00,71.04331114768395,73.00772094726562,71.04331114768395,73.00772094726562,1637125,73.88978897094727,68.14910146713257,75.28996772766114,3.666180681300555,67.95760636506003,82.62232909026224,40.325863317909615
2011-06-29 19:00:00,71.98784116568777,72.49198141547022,70.9853522056157,71.1186294555664,785987,73.85003707885743,68.27365900039673,74.79596748352051,3.519174534301021,67.75761841491847,81.83431655212256,42.646085363551435
2011-06-30 19:00:00,71.24611510839324,72.13850402832031,71.24611510839324,72.13850402832031,616555,73.85583145141601,68.40235977172851,74.34977378845215,3.237279840269577,67.875214107913,80.82433346899131,45.54482674796354
2011-07-03 19:00:00,71.5706196082188,73.82476640099868,71.56482806861354,73.57559204101562,2494358,73.8925700378418,68.53366817474365,74.0128101348877,2.918775764631398,68.1752586056249,79.8503616641505,45.90830176164663
2011-07-04 19:00:00,73.57558304793369,74.31730897133882,73.33220578358195,73.7726058959961,1573305,73.9450698852539,68.66752620697021,73.6312271118164,2.3438356803888007,68.9435557510388,78.318898472594,48.3687175231146
2011-07-05 19:00:00,73.77262438137453,75.03587648851374,73.77262438137453,73.94646453857422,1313182,73.97879516601563,68.79448860168458,73.29165649414062,1.6490266297138367,69.99360323471295,76.5897097535683,50.95976022197322
2011-07-06 19:00:00,73.94646085944218,74.99530986964137,73.59298349600216,73.76103210449219,968116,73.98818283081054,68.92287071228027,73.13664817810059,1.426527251554191,70.2835936749922,75.98970268120897,51.19750093882697
2011-07-07 19:00:00,73.76103306657294,73.9464618239415,73.30324718700871,73.55242156982422,273317,73.95955688476562,69.05446886062622,73.11984291076661,1.4191642745478825,70.28151436167084,75.95817145986237,61.60182078619214
2011-07-10 19:00:00,73.55241220464174,74.11450099787207,73.02509475291492,73.2742691040039,374922,73.96859649658204,69.17305788040161,73.08826141357422,1.4077330208926209,70.27279537178897,75.90372745535946,54.16131658845484
2011-07-11 19:00:00,73.27426066471438,73.62194088203745,72.7237605399625,73.04826354980469,448755,73.99316589355469,69.2907776260376,72.98018951416016,1.316295316058552,70.34759888204306,75.61278014627726,41.35932513077638
2011-07-12 19:00:00,73.24530338345544,73.88272094726562,73.24530338345544,73.88272094726562,759156,74.03882797241211,69.41860921859741,72.95411338806153,1.2915325017040273,70.37104838465348,75.53717839146958,44.955439087932184
2011-07-13 19:00:00,73.68570126172037,73.70888400186413,73.30324960155613,73.47129821777344,205696,74.04334777832031,69.54368835449219,72.94831886291504,1.2887997700237224,70.3707193228676,75.52591840296249,61.21211530141077
2011-07-14 19:00:00,73.87692506675138,75.52262878417969,73.87692506675138,75.52262878417969,1911788,74.10674224853516,69.68392066955566,73.05870819091797,1.410638306783292,70.23743157735139,75.87998480448455,67.92878292162442
2011-07-17 19:00:00,74.63023352145234,75.55738828848087,72.2891693925888,72.87443542480469,2212551,74.11821563720703,69.81123071670532,73.20444564819336,1.2099008165806113,70.78464401503213,75.62424728135458,54.73298720016066
2011-07-18 19:00:00,72.8744320227579,76.51351928710938,72.31813476748813,76.51351928710938,3007585,74.2035139465332,69.95719974517823,73.42290649414062,1.3895266419033474,70.64385321033393,76.20195977794731,61.5325231246775
2011-07-19 19:00:00,76.5135305445104,78.30989170449566,75.0416669540456,75.52842712402344,3296936,74.26540161132813,70.09363655090333,73.45188102722167,1.4285170940175898,70.59484683918649,76.30891521525686,65.42360127124411
2011-07-20 19:00:00,75.52842573264601,77.21468680745251,75.21550572314253,76.57147216796875,1619313,74.35823318481445,70.2389102935791,73.5272117614746,1.552404283318884,70.42240319483683,76.63202032811238,65.47955234250784
2011-07-21 19:00:00,76.57146517254716,78.22296027668631,76.20639922984986,76.44398498535156,2209526,74.44874694824219,70.38427087783813,73.77232818603515,1.6084107423588454,70.55550670131747,76.98914967075284,61.02449065765861
2011-07-24 19:00:00,76.44398593178408,76.83802615634387,75.79497427711982,76.2353744506836,262055,74.55444229125976,70.52974739074708,73.99455642700195,1.6271575232536148,70.74024138049472,77.24887147350918,59.457068191672626
2011-07-25 19:00:00,76.23536829914103,77.17411159892711,76.20059695862419,76.36285400390625,415460,74.6405517578125,70.6788455581665,74.23011093139648,1.6110739908612588,71.00796294967397,77.452258913119,59.3121409682926
2011-07-26 19:00:00,76.36286473253904,76.69315935618646,72.54993692140846,72.8222885131836,1337395,74.66987335205079,70.81113910675049,74.22083930969238,1.6189931261045467,70.98285305748328,77.45882556190148,47.12562694331989
2011-07-27 19:00:00,72.82228237305891,73.53502857836054,70.84048716687913,72.16168212890625,1264931,74.69374740600585,70.93836223602295,74.27299194335937,1.5280476101235332,71.2168967231123,77.32908716360645,45.85633952524767
2011-07-28 19:00:00,72.1616870178932,73.01351312450922,72.00522701873325,72.58470153808594,682978,74.72075088500976,71.06361515045165,74.29530181884766,1.4982093118380244,71.29888319517161,77.29172044252371,47.963041174590735
2011-07-31 19:00:00,72.78173013922105,74.1724624633789,72.78173013922105,74.1724624633789,497388,74.78449325561523,71.18492771148682,74.32514533996581,1.4890351225466993,71.34707509487242,77.3032155850592,53.073571221472925
2011-08-01 19:00:00,73.32063650335932,73.52924801047418,72.40507022501409,72.56732177734375,155987,74.78715881347657,71.28700180053711,74.2648811340332,1.536217067262248,71.1924469995087,77.3373152685577,46.54910971626209
2011-08-02 19:00:00,68.93982628448948,72.19645690917969,68.93982628448948,72.19645690917969,1023252,74.76965896606445,71.39559490203857,74.17738075256348,1.6036661614096783,70.97004842974412,77.38471307538283,46.64837906837551
2011-08-03 19:00:00,69.27011033467448,70.23782785888416,66.63930377504342,68.58053588867188,1098390,74.61378067016602,71.48364566802978,73.91835594177246,2.034862043291886,69.84863185518869,77.98808002835624,33.1362372388557
2011-08-04 19:00:00,65.1558744940377,67.80406188964844,65.1558744940377,67.80406188964844,1000406,74.41954147338868,71.55628252029419,73.63093795776368,2.452400639223388,68.72613667931691,78.53573923621045,36.45093104691198
2011-08-07 19:00:00,61.9513966389754,64.8951187133789,61.9513966389754,64.8951187133789,2135482,74.21707427978515,71.61744590759277,73.21198043823242,3.136776137054418,66.93842816412358,79.48553271234125,17.692581530859343
2011-08-08 19:00:00,61.018428837651804,63.1624755859375,61.018428837651804,63.1624755859375,957550,73.96152694702148,71.6691637802124,72.71769104003906,3.859555677449366,64.99857968514033,80.43680239493779,16.98638172715384
2011-08-09 19:00:00,62.64096333734752,64.43732452392578,62.64096333734752,64.43732452392578,1260957,73.65556564331055,71.71407287597657,72.24542121887207,4.265983133408779,63.713454952054505,80.77738748568963,18.001282003305207
2011-08-10 19:00:00,63.62606285382656,64.7560377204173,61.308175610551665,64.10123443603516,1653437,73.31761764526367,71.76158964157105,71.77691802978515,4.623787061260057,62.52934390726504,81.02449215230527,17.80538623650007
2011-08-11 19:00:00,64.58798328162405,66.69146728515625,64.58798328162405,66.69146728515625,1261552,73.03019943237305,71.81374214172364,71.33535995483399,4.668712876377505,61.99793420207898,80.672785707589,27.856970650470373
2011-08-14 19:00:00,65.20221832673946,66.23368156540212,64.92986676046186,65.43980407714844,735281,72.73269821166993,71.84978532791138,70.96362838745117,4.832814681451867,61.29799902454743,80.6292577503549,25.913652226695035
2011-08-15 19:00:00,65.43980620647557,67.08550426297951,65.42242053483649,66.51762390136719,1025915,72.43496536254882,71.88545185089112,70.46383361816406,4.74472353930304,60.97438653955798,79.95328069677014,34.40368167215317
2011-08-16 19:00:00,66.72624562328662,69.80903625488281,66.72624562328662,69.80903625488281,2891461,72.21638854980469,71.95038175582886,70.17786407470703,4.593351651174352,60.99116077235833,79.36456737705574,44.850363520254795
2011-08-17 19:00:00,69.4555549325212,69.82062091466112,67.6244224290083,68.00687408447266,1005123,72.03930206298828,72.00577926635742,69.74963417053223,4.359177037894704,61.031280094742826,78.46798824632164,40.55026059720495
2011-08-18 19:00:00,64.61115013987317,66.6393051147461,64.61115013987317,66.6393051147461,993851,71.89431762695312,72.04231489181518,69.25940017700195,4.110956420550241,61.03748733590147,77.48131301810243,34.30708953254998
2011-08-21 19:00:00,66.03088467138862,68.25605773925781,66.03088467138862,68.25605773925781,1082287,71.78132080078124,72.092815990448,68.86043434143066,3.7714878772933895,61.317458586843884,76.40341009601744,41.023210920214375
2011-08-22 19:00:00,68.02425638316153,68.6674710014675,66.95802724347222,68.2966079711914,477113,71.64305892944336,72.1422449874878,68.45712203979492,3.332745655601719,61.791630728591485,75.12261335099836,41.766593464508766
2011-08-23 19:00:00,68.29659618948583,69.93650250101507,67.88517034529183,68.59212493896484,1225218,71.5268165588379,72.17854888916015,68.24561386108398,3.171464145875193,61.9026855693336,74.58854215283436,50.02845659591672
2011-08-24 19:00:00,68.59213977889023,68.75439132557227,66.6451156924269,67.17823028564453,823013,71.39863739013671,72.19784538269043,67.9964412689209,3.0406672497300127,61.91510676946088,74.07777576838093,48.509931789902005
2011-08-28 19:00:00,65.77012559407929,67.16085815429688,65.77012559407929,67.16085815429688,471393,71.27555770874024,72.2019017791748,67.72524909973144,2.8455195819992736,62.034209935732896,73.41628826373,56.25600110553056
2011-08-29 19:00:00,66.34957515952851,68.37193329033974,66.58136385119279,68.03004455566406,896656,71.23696487426758,72.19373115539551,67.4181282043457,2.4114041265051633,62.59531995133538,72.24093645735603,64.11292784379029
2011-09-04 19:00:00,68.03005654490829,69.73370897884745,65.56729780802837,66.91747283935547,2509932,71.13242828369141,72.16446784973145,67.1356357574463,2.085324019457239,62.964987718531816,71.30628379636077,57.25919977705088
2011-09-05 19:00:00,66.91746140663575,67.74030767439524,65.82804957629511,67.45636749267578,1533340,70.98257690429688,72.13844959259033,66.8986312866211,1.7166442906025559,63.465342705415985,70.3319198678262,59.70499519344933
2011-09-06 19:00:00,67.79824782220739,69.76265716552734,67.79824782220739,69.76265716552734,2780821,70.87653289794922,72.1281058883667,66.95773735046387,1.7961135733298423,63.36551020380419,70.54996449712355,59.03203181057969
2011-09-07 19:00:00,69.85538958945942,72.14430236816406,69.85538958945942,72.14430236816406,2912923,70.88858581542969,72.13262577056885,67.17474937438965,2.134143023919397,62.906463326550856,71.44303542222845,68.48839704613832
2011-09-08 19:00:00,71.69810532090267,72.72377151141423,70.34793607159286,70.66085052490234,2362046,70.86598663330078,72.1338426208496,67.46303596496583,2.198453578495555,63.066128807974714,71.85994312195693,61.17539614695868
2011-09-11 19:00:00,67.1318588256836,67.1318588256836,67.1318588256836,67.1318588256836,354537,70.77558853149414,72.09982749938965,67.66150512695313,1.9555295844552507,63.75044595804263,71.57256429586363,42.8703090021078
2011-09-12 19:00:00,63.77672576904297,63.77672576904297,63.77672576904297,63.77672576904297,129601,70.59096862792968,72.04857315063477,67.62847518920898,2.0174524545480126,63.59357028011296,71.66338009830501,39.595174612897125
2011-09-13 19:00:00,63.77671772172653,66.32639889261472,62.88433428556622,65.13848114013672,3801557,70.47136566162109,72.00656143188476,67.68033752441406,1.933595270313294,63.81314698378747,71.54752806504064,46.307392198512865
2011-09-14 19:00:00,65.13848028693974,65.88599785131048,64.11860562143163,64.32721710205078,1329340,70.3151399230957,71.96805549621583,67.56212501525879,2.0650358858681894,63.432053243522404,71.69219678699517,39.93457565061771
2011-09-15 19:00:00,64.3272096343091,64.78499542533362,63.313132152491676,63.67820358276367,880822,70.11719215393066,71.92161081314087,67.47404499053955,2.193873391526447,63.086298207486664,71.86179177359244,38.52569250800329
2011-09-18 19:00:00,63.67820498972157,64.32141951646287,63.16826770489913,63.249393463134766,551318,69.90672790527344,71.86960308074951,67.31063346862793,2.3824732993613744,62.545686869905175,72.07558006735067,36.813458404300086
2011-09-19 19:00:00,63.24940348288799,64.17655831033069,62.304862982704094,63.98533248901367,1493891,69.70750526428223,71.81768232345581,67.01944828033447,2.4166879822366574,62.18607231586116,71.85282424480779,41.846665301606535
2011-09-20 19:00:00,64.46628857332996,66.23368072509766,64.46628857332996,66.23368072509766,2624787,69.55695823669434,71.75843118667602,66.93078861236572,2.4110758186680767,62.10863697502956,71.75294024970187,47.87454745789391
2011-09-21 19:00:00,65.45140353272393,65.53832637622241,64.14758851164216,64.44312286376953,1272907,69.37477226257325,71.70972658157349,66.8209794998169,2.474233564341123,61.872512371134654,71.76944662849914,42.1106444588833
2011-09-22 19:00:00,62.72786262547523,64.03167724609375,62.72786262547523,64.03167724609375,1120253,69.18992042541504,71.65435796737671,66.6097604751587,2.525066865910765,61.55962674333716,71.65989420698023,43.450762851497274
2011-09-25 19:00:00,60.18398423792607,62.28746795654297,60.18398423792607,62.28746795654297,1381813,68.97470451354981,71.60797121047973,66.30930347442627,2.6672927416637897,60.97471799109869,71.64388895775386,38.877798575763016
2011-09-26 19:00:00,61.56893509107701,62.49608993530274,61.56893509107701,62.496089935302734,1022536,68.74697189331054,71.57827323913574,66.00450172424317,2.7400134684899196,60.52447478726333,71.48452866122301,32.812566825185414
2011-09-27 19:00:00,62.72787619165499,65.04576873779297,62.72787619165499,65.04576873779297,2501123,68.57846130371094,71.5617293548584,65.89787864685059,2.733418554941027,60.431041536968536,71.36471575673264,33.34242224593416
2011-09-28 19:00:00,64.75025232131685,64.75604938913825,63.220445359835914,63.5159797668457,773325,68.33832832336425,71.53860849380493,65.71563472747803,2.7660919710020235,60.18345078547399,71.24781866948209,33.27006933374683
2011-09-29 19:00:00,63.70718050574306,65.27754974365234,63.70718050574306,65.27754974365234,1618767,68.18639060974121,71.52519369125366,65.57800998687745,2.7128412495945913,60.15232748768827,71.00369248606663,45.266271267383765
2011-10-02 19:00:00,64.37938170279412,65.01680488013034,63.94477850769726,64.29825592041016,839883,67.94208534240722,71.5001315498352,65.44704914093018,2.707992460327131,60.031064220275915,70.86303406158444,51.51516897864516
2011-10-03 19:00:00,64.43733144576738,65.4745864868164,64.43733144576738,65.4745864868164,1218750,67.74100852966309,71.47115808486939,65.3479600906372,2.6665398968422744,60.014880296952654,70.68103988432175,50.987100960616345
2011-10-04 19:00:00,64.70387846157938,65.2485816220833,64.03748112359584,64.33301544189453,421177,67.4962393951416,71.44467626571655,65.07647800445557,2.4619715817997037,60.15253484085616,70.00042116805497,50.01670492681045
2011-10-05 19:00:00,64.33301760350109,65.30073530582331,64.26348043958131,64.36199188232422,466935,67.25459953308105,71.41880281448364,64.68736248016357,1.8164874820983954,61.05438751596678,68.32033744436036,52.0429713402068
2011-10-06 19:00:00,64.36198672538383,64.90089279473453,64.0316866047995,64.30982971191406,646848,67.01608863830566,71.38455587387085,64.36981143951417,1.1501969392444245,62.06941756102532,66.67020531800301,53.24124048773856
2011-10-09 19:00:00,65.4015332275755,66.97711944580078,65.4015332275755,66.97711944580078,1401932,66.82837394714356,71.36190706253052,64.36207447052001,1.1310000010310899,62.100074468457834,66.6240744725822,58.178820095136736
2011-10-10 19:00:00,65.61398155694731,68.88907066471589,65.33072829516733,68.84186553955078,5415807,66.7487654876709,71.35524587631225,64.61533145904541,1.4999503837306767,61.61543069158405,67.61523222650676,57.2828926373036
2011-10-11 19:00:00,68.87137148827793,70.37024688720703,68.87137148827793,70.37024688720703,2703451,66.71293678283692,71.35860250473023,64.87691974639893,1.9764930302549064,60.92393368588911,68.82990580690874,66.79636675440179
2011-10-12 19:00:00,65.855939681859,69.03071594238281,65.855939681859,69.03071594238281,2259125,66.64185707092285,71.35027799606323,65.11209468841552,2.1772710351286686,60.757552618158186,69.46663675867286,63.458426669964
2011-10-13 19:00:00,66.39291341661158,67.98030090332031,66.39291341661158,67.98030090332031,1303080,66.51801383972168,71.32609704971314,65.32719955444335,2.239770138210487,60.84765927802238,69.80673983086433,65.92101826784878
2011-10-16 19:00:00,67.07154170554239,70.42334747314453,66.23949231101794,70.42334747314453,3260350,66.4751343536377,71.31114709854126,65.68589725494385,2.4537297047736777,60.778437845396496,70.59335666449121,69.70701448758594
2011-10-17 19:00:00,71.01935386641418,73.76335144042969,71.01935386641418,73.76335144042969,4388632,66.5064722442627,71.3236174583435,66.17479820251465,3.0084780439921417,60.15784211453037,72.19175429049893,70.85236140289918
2011-10-18 19:00:00,73.29127139790639,73.76335642883512,69.62670613970181,71.35572052001953,2397171,66.56197593688965,71.31695100784302,66.43090019226074,3.2240427955889346,59.982814601082865,72.87898578343861,67.99678444483948
2011-10-19 19:00:00,71.46193567137199,72.93130493164062,71.46193567137199,72.93130493164062,1588716,66.6645207977295,71.30834043502807,66.8553092956543,3.495833070921436,59.863643153811424,73.84697543749716,67.72115831329856
2011-10-20 19:00:00,71.69796959892673,72.19956057360254,69.64440058072728,70.1636962890625,1139412,66.76989234924316,71.28145887374878,67.16191024780274,3.504047073741212,60.15381610032031,74.17000439528516,62.54195497200065
2011-10-24 19:00:00,70.16368591610093,71.52092857180693,69.70340230288073,70.0928726196289,880088,66.90850028991699,71.25344087600708,67.55218048095703,3.3644637304863605,60.823253019984314,74.28110794192976,60.365233877353084
2011-10-25 19:00:00,70.09289145544881,71.04886277317213,68.51140157951328,69.37886047363281,1041948,67.00733100891114,71.2219977760315,67.89631900787353,3.166242911825573,61.56383318422238,74.22880483152467,61.54644405578168
2011-10-26 19:00:00,69.37886314143938,70.16370746893621,67.56723414123512,67.968505859375,890231,67.08467643737794,71.16606077194214,68.04245586395264,3.0943857807513586,61.85368430244992,74.23122742545536,57.762090186209505
2011-10-27 19:00:00,68.22224072090053,70.69478607177734,68.22224072090053,70.69478607177734,1116700,67.16474281311035,71.11717809677124,68.40139617919922,2.954909834920434,62.49157650935835,74.3112158490401,62.323454511880826
2011-10-30 19:00:00,70.90133309926343,73.68663787841797,70.90133309926343,73.68663787841797,2153265,67.32967948913574,71.08690542221069,68.8218505859375,3.082532072834807,62.65678644026788,74.98691473160711,62.789647864751394
2011-10-31 19:00:00,73.68662594397891,74.47146442874555,72.05793132644804,72.34117889404297,1354861,67.44615058898925,71.03168092727661,69.22399673461913,2.984401625339973,63.25519348393919,75.19279998529908,56.805094377134644
2011-11-01 19:00:00,72.34118889289623,74.14691419321964,71.40292240227771,73.09652709960938,1516505,67.5119004058838,70.97788640975952,69.60509376525879,2.9670127050931745,63.671068355072435,75.53911917544514,55.466127323462445
2011-11-02 19:00:00,73.0965287314314,74.3534579527051,72.73066090005939,73.95808410644531,1202830,67.63092460632325,70.92611074447632,70.08634719848632,2.8449562125426224,64.39643477340108,75.77625962357156,60.072307766207174
2011-11-03 19:00:00,74.29444708305007,77.575439453125,74.29444708305007,77.575439453125,3207017,67.84964729309083,70.90018674850464,70.74701957702636,2.9768425550353057,64.79333446695576,76.70070468709697,67.75107890761028
2011-11-09 19:00:00,74.5658952736309,77.2154769897461,74.5658952736309,77.2154769897461,1703990,68.02883567810059,70.88712366104126,71.39230194091797,2.9059465502889372,65.5804088403401,77.20419504149585,63.614847567074214
2011-11-10 19:00:00,75.68119286298281,77.06794738769531,75.68119286298281,77.06794738769531,941986,68.20426246643066,70.85816965103149,71.8968433380127,2.974221313875163,65.94840071026238,77.84528596576303,57.59629799291054
2011-11-13 19:00:00,75.85821774521993,76.71387520845464,74.94355388579719,75.07927703857422,684463,68.33400550842285,70.82750078201293,72.20871391296387,2.9640262966129085,66.28066131973806,78.13676650618969,58.72746845583817
2011-11-14 19:00:00,75.07928068525378,75.85822142973346,74.45967128746157,74.67800903320312,1055995,68.48400108337403,70.80204000473023,72.42410202026367,2.97987285585319,66.4643563085573,78.38384773197005,54.332515820389375
2011-11-15 19:00:00,74.70752424663019,76.123779296875,74.70752424663019,76.123779296875,1114903,68.66325950622559,70.78685026168823,72.77875518798828,2.9768419153785586,66.82507135723117,78.7324390187454,65.82078525531978
2011-11-16 19:00:00,75.00257542972693,75.51006426753759,73.91087536008197,74.13511657714844,772603,68.78536094665527,70.7689606666565,73.08649597167968,2.76529843151032,67.55589910865905,78.61709283470032,59.73843124179541
2011-11-17 19:00:00,74.13511036032149,75.09108717979578,73.91086916205946,74.77832794189453,440157,68.94257804870605,70.7390760231018,73.30424499511719,2.7155718176258024,67.87310135986559,78.73538863036879,63.05273443479692
2011-11-20 19:00:00,74.77834271355134,75.34484364713727,73.76926274973587,73.98169708251953,283635,69.07308464050293,70.72537385940552,73.31516227722167,2.717952543044642,67.8792571911324,78.75106736331095,64.98087667364744
2011-11-21 19:00:00,73.98167621631161,74.10559808471636,72.08153527307607,72.35298156738281,489882,69.12489112854004,70.71795701980591,73.36502532958984,2.689107734403082,67.98680986078368,78.743240798396,54.370114251957524
2011-11-22 19:00:00,72.3529942312792,73.16734451212685,70.34073234618268,70.79511260986328,465393,69.09790733337402,70.72120698928833,73.25821571350097,2.748998668021898,67.76021837745718,78.75621304954477,41.75640415496824
2011-11-23 19:00:00,70.79511426538517,73.1732440498191,69.9866674198879,72.60084533691406,1069282,69.13670722961426,70.73215284347535,73.38007316589355,2.6570856653647703,68.06590183516401,78.69424449662309,50.721364469318644
2011-11-24 19:00:00,72.600849284749,73.61583267375927,70.58858161547754,70.88953399658203,963618,69.21186073303222,70.73587491989136,73.4199062347412,2.6107807350503194,68.19834476464057,78.64146770484184,44.17810383392818
2011-11-27 19:00:00,67.89179092161167,69.63260650634766,67.89179092161167,69.63260650634766,913108,69.32897834777832,70.72337442398072,73.43259353637696,2.5906483025291855,68.25129693131859,78.61389014143532,38.82283406665029
2011-11-28 19:00:00,68.44647662606597,70.75379262865778,68.09831357982776,70.32891845703125,2248250,69.43278709411621,70.71815099716187,73.55061416625976,2.3732686919008406,68.80407678245808,78.29715155006144,27.945373807774573
2011-11-29 19:00:00,70.32892258697315,71.66846628259705,69.98665734613722,70.41153717041016,1384703,69.55447349548339,70.71930925369263,73.53645172119141,2.3919791428725494,68.75249343544631,78.32041000693651,28.936774849384065
2011-11-30 19:00:00,70.4115542407342,71.107880542916,69.63851116236401,69.78604125976562,626648,69.67663024902343,70.72310571670532,73.34142189025879,2.533896627176225,68.27362863590633,78.40921514461124,28.105056748371965
2011-12-01 19:00:00,69.7506180874448,69.7506180874448,67.36068725585938,67.36068725585938,862070,69.75885612487792,70.72943605422974,73.0923973083496,2.8609939945006886,67.37040931934823,78.81438529735098,27.385901391191837
2011-12-06 19:00:00,68.12191915794676,69.33163750747501,64.71700529766532,65.47234344482422,1532818,69.78859634399414,70.7231665611267,72.71118812561035,3.3299220877764584,66.05134395005743,79.37103230116327,25.190838125104605
2011-12-07 19:00:00,65.47235463773163,68.74154590430645,64.82323352029401,68.26355743408203,1742352,69.82919387817383,70.72178449630738,72.42646179199218,3.4586621126692334,65.50913756665372,79.34378601733064,30.24911018383719
2011-12-08 19:00:00,68.26355031286238,68.91856918873977,67.33118165985371,67.89178466796875,1027961,69.89816711425782,70.72590272903443,71.94227905273438,3.3767564298727435,65.1887661929889,78.69579191247986,32.924462710448324
2011-12-11 19:00:00,67.89178738177296,68.9834818000752,66.38701438049152,66.74697875976562,579745,69.95247314453125,70.7265859413147,71.41885414123536,3.327336943995847,64.76418025324367,78.07352802922705,28.620814731802852
2011-12-12 19:00:00,66.74697472212729,67.67344552996977,66.09195585969039,66.39291381835938,762753,70.03458206176758,70.72668668746948,70.88510246276856,3.2281839132316263,64.42873463630531,77.34147028923181,29.3114486231094
2011-12-13 19:00:00,66.39290549341459,67.56721428449184,64.61668086047302,65.5490493774414,1559212,70.09564125061036,70.73911211013794,70.40859107971191,3.2794684772218594,63.849654125268195,76.96752803415563,30.621857153597546
2011-12-14 19:00:00,65.54906323711363,65.73790061270982,63.31845796618368,63.648921966552734,755580,70.06770431518555,70.75675544738769,69.8571367263794,3.446787330638586,62.963562065102224,76.75071138765657,30.036282148641504
2011-12-15 19:00:00,61.418313761682825,63.49549102783203,61.418313761682825,63.49549102783203,1056140,70.06729454040527,70.77380550384521,69.22572231292725,3.394675077913695,62.43637215709985,76.01507246875464,21.976012386884435
2011-12-18 19:00:00,63.38336668839898,64.84683227539062,63.38336668839898,64.84683227539062,511938,70.05868019104004,70.81253366470337,68.76130809783936,3.322265186849686,62.116777724139986,75.40583847153873,30.98065621057293
2011-12-19 19:00:00,63.68432025982562,66.23358240051849,63.49548852838019,65.80870819091797,1787412,70.0888892364502,70.84181621551514,68.31282711029053,3.0625246546466864,62.187777800997154,74.4378764195839,37.736543390878566
2011-12-20 19:00:00,65.80870381534,66.02704154549976,64.49866617898903,64.78191375732422,845692,70.07503578186035,70.85098541259765,67.85283794403077,2.8497603743089326,62.1533171954129,73.55235869264864,32.57971133945527
2011-12-21 19:00:00,64.78192538741594,65.76740833211409,64.55768416366647,64.9589614868164,1329742,70.0875547027588,70.84843627929688,67.48313694000244,2.7114882425463893,62.06016045490966,72.90611342509521,32.97722738506509
2011-12-22 19:00:00,64.95895482713311,65.31891918802779,64.32753851827238,64.43965911865234,517492,70.08910804748535,70.84589828491211,67.1653642654419,2.675081762225432,61.81520074099103,72.51552778989276,33.19734768032326
2011-12-25 19:00:00,64.43966365825148,65.29531560045388,64.20362116098559,64.42195892333984,312367,70.09135063171387,70.82704658508301,66.75641994476318,2.4127108089151696,61.930998326932844,71.58184156259352,39.11718021148301
2011-12-26 19:00:00,64.42194551249055,64.64618668236693,63.731522899331246,64.06198120117188,190106,70.03304786682129,70.79132865905761,66.41504230499268,2.276295351530449,61.86245160193178,70.96763300805358,44.110396102377585
2011-12-27 19:00:00,64.06199766790462,64.70521533339081,63.94397922735245,64.3924560546875,423150,69.94405967712402,70.76302890777588,66.15303478240966,2.1862496960111018,61.780535390387456,70.52553417443187,29.652728152046024
2011-12-28 19:00:00,64.5281746783747,65.26580810546875,64.5281746783747,65.26580810546875,299438,69.84197090148926,70.74141376495362,65.89987926483154,1.9585370389193895,61.98280518699276,69.81695334267032,36.88868301721196
2011-12-29 19:00:00,64.7347200628885,65.20090161672816,62.87588041881225,63.525001525878906,439165,69.73185661315918,70.7110945892334,65.55555248260498,1.7136487369966806,62.12825500861162,68.98284995659834,34.816548560252244
2012-01-01 19:00:00,63.524995959267265,64.07379206006917,62.852272349048974,63.56630325317383,306161,69.64357666015626,70.68124269485473,65.24456558227538,1.4495202117647141,62.34552515874596,68.14360600580481,36.27512177701645
2012-01-02 19:00:00,63.613508208901,66.09195709228516,63.613508208901,66.09195709228516,1173198,69.55694885253907,70.66845205307007,65.18112907409667,1.3780360866178656,62.425056900860945,67.93720124733241,52.26604574380817
2012-01-03 19:00:00,65.72019601803613,66.96531837245432,65.50775608042316,65.85002136230469,1085301,69.39868225097656,70.65998571395875,65.2000129699707,1.3848078855441295,62.43039719888244,67.96962874105895,60.663212825904324
2012-01-04 19:00:00,65.85002470829927,66.08606721951965,64.67570997905196,64.91765594482422,592023,69.26992095947266,70.6299948310852,65.03271789550782,1.1825670713082812,62.667583752891254,67.39785203812438,56.406188784031784
2012-01-05 19:00:00,64.91764513637233,65.4428386515486,63.743330602642295,64.31573486328125,614968,69.09760955810548,70.5886789894104,64.85391540527344,0.9806342720145467,62.892646861244344,66.81518394930254,47.43443834941939
2012-01-08 19:00:00,64.31573182061705,65.20088964151962,63.8790507357593,64.25081634521484,362530,68.97935195922851,70.56201787948608,64.7291072845459,0.8807809395396908,62.967545405466524,66.49066916362528,41.76028330331145
2012-01-09 19:00:00,64.25082366178353,64.41015501409188,61.790079461976426,63.35976791381836,861293,68.8446898651123,70.5312202835083,64.57744998931885,0.8393783925596463,62.89869320419956,66.25620677443814,42.36866593766414
2012-01-10 19:00:00,63.35977583631247,63.8790659974192,62.98210668333643,63.53090286254883,369696,68.72773071289062,70.492499294281,64.47654266357422,0.8377342683124851,62.80107412694925,66.1520112001992,42.33207172138955
2012-01-11 19:00:00,63.53089440102579,63.672521017991095,62.87587551833383,63.01160430908203,132991,68.62859268188477,70.45416620254517,64.44467678070069,0.8818328716310968,62.681011037438495,66.20834252396288,42.33208906309401
2012-01-12 19:00:00,63.14141052829097,64.14459228515625,63.14141052829097,64.14459228515625,866613,68.49758880615235,70.42526441574097,64.4771318435669,0.8566454018344533,62.76384103989799,66.1904226472358,48.66998216887111
2012-01-15 19:00:00,63.60759800538996,64.0206708630088,63.44236886234242,63.7728271484375,354000,68.29931259155273,70.39702466964722,64.42343158721924,0.8658636664550514,62.69170425430914,66.15515892012934,48.61502525843117
2012-01-16 19:00:00,63.82004165161935,64.5871810913086,63.82004165161935,64.5871810913086,1245835,68.14423263549804,70.35634172439575,64.36235523223877,0.8038687408380055,62.75461775056276,65.97009271391478,50.89136601151515
2012-01-17 19:00:00,64.48097100300951,65.59037017822266,64.48097100300951,65.59037017822266,2512428,67.99410949707031,70.32223928451538,64.4027780532837,0.8453341089644731,62.71210983535475,66.09344627121264,51.46825043470098
2012-01-18 19:00:00,64.74652411064936,67.56723299941328,64.43966827942839,65.88542938232422,3863412,67.83265640258789,70.29320489883423,64.44910144805908,0.9009703299482898,62.6471607881625,66.25104210795566,62.28502223634053
2012-01-19 19:00:00,65.88542819525186,69.17822205307527,65.8146148795,69.01299285888672,4545725,67.66140747070312,70.2820972251892,64.6777681350708,1.361238788572238,61.95529055792633,67.40024571221528,71.45515553224772
2012-01-22 19:00:00,70.57086773205178,72.45921325683594,70.57086773205178,72.45921325683594,3042558,67.56628219604492,70.28830759048462,65.0796308517456,2.2059969308554463,60.667636990034715,69.4916247134565,73.38536625825286
2012-01-23 19:00:00,72.4592282815567,74.64852097469979,71.2849134286308,71.88092041015625,5664091,67.46254165649414,70.28838136672974,65.47057781219482,2.661886598955437,60.146804614283944,70.79435101010569,71.61594119673826
2012-01-24 19:00:00,71.88090078365346,72.58313037268059,70.63577857480226,72.21136474609375,2122098,67.40518341064453,70.28222650527954,65.86152324676513,3.042214051400693,59.77709514396375,71.94595134956651,77.32094937341925
2012-01-25 19:00:00,72.21136371349954,73.99938414430325,71.25538693352286,71.46782684326172,4192452,67.3409797668457,70.2718904685974,66.17162418365479,3.2847235886399018,59.60217700637498,72.74107136093458,76.50922977122248
2012-01-26 19:00:00,71.46783628498088,72.49462087615748,70.99575128610205,71.37931823730469,1251230,67.2460905456543,70.25589666366577,66.56434001922608,3.4184462716821895,59.7274474758617,73.40123256259047,76.37566909755881
2012-01-29 19:00:00,71.37932515718113,71.93402480325432,69.04840595270782,69.2431411743164,1772215,67.14825103759766,70.23446615219116,66.8481819152832,3.391988627044191,60.06420466119482,73.63215916937159,69.93210663293408
2012-01-30 19:00:00,69.24314293558162,71.57996565432377,68.87727504698124,71.22000122070312,2144468,67.07708450317382,70.22781652450561,67.10458412170411,3.523098489003225,60.05838714369766,74.15078109971056,73.20990801711844
2012-01-31 19:00:00,71.2199971060807,72.73066807455443,69.4850792767998,71.13738250732422,4530657,67.02019821166992,70.2232745552063,67.36895217895508,3.6210202255937007,60.126911727767684,74.61099263014249,75.19218269395432
2012-02-01 19:00:00,71.13737185577199,72.46510869170935,70.39973840435235,71.70387268066406,2578103,67.00721603393555,70.22906915664673,67.70826301574706,3.6963994405537646,60.315464134639534,75.10106189685459,74.28905944336745
2012-02-02 19:00:00,72.25856955327944,75.28582000732422,72.25856955327944,75.28582000732422,7263768,67.09703018188476,70.25187524795533,68.25676727294922,3.9702644214628844,60.316238430023446,76.19729611587499,80.6665374187069
2012-02-05 19:00:00,74.465577420801,75.45695249294238,72.31758684243438,72.72476196289062,3582011,67.09950851440429,70.25474859237671,68.680464553833,3.9724176514117713,60.73562925100946,76.62529985665655,69.83037788951974
2012-02-06 19:00:00,72.72476433021016,73.75744673063973,72.17005911951185,72.84868621826172,2150400,67.13869155883789,70.25519929885864,69.15491046905518,3.8687970286371267,61.41731641178093,76.89250452632943,68.47962226562925
2012-02-07 19:00:00,73.02572044202597,74.73703002929688,73.02572044202597,74.73703002929688,3229113,67.24078002929687,70.26262899398803,69.71521682739258,3.8226193241501902,62.0699781790922,77.36045547569296,70.84496530441598
2012-02-08 19:00:00,73.26766150666724,73.70433702136779,72.28808207023093,72.4238052368164,1297445,67.28267776489258,70.25921689987183,70.18582687377929,3.52139704267299,63.14303278843331,77.22862095912527,58.35260830541421
2012-02-09 19:00:00,72.42379681098944,72.93718903035578,70.87181887382513,71.0429458618164,1375988,67.2953059387207,70.25518770217896,70.5307445526123,3.223787238410444,64.08317007579141,76.9783190294332,46.14144173843709
2012-02-12 19:00:00,71.04295966885108,71.69208079286423,69.92766260652512,71.078369140625,846451,67.32115249633789,70.25188623428345,70.89602165222168,2.8043685551577084,65.28728454190626,76.5047587625371,47.74683461879198
2012-02-13 19:00:00,71.07836047596827,72.11104844289463,70.84231799447339,71.0134506225586,830377,67.39420776367187,70.25121541976928,71.21733512878419,2.379436578662091,66.45846197146,75.97620828610837,46.585951025282306
2012-02-14 19:00:00,71.0134580712821,72.02253795651542,70.81281940850262,71.33211517333984,1054980,67.51140319824219,70.24657499313355,71.50442237854004,1.9771684741723665,67.55008543019531,75.45875932688477,49.603623100564036
2012-02-15 19:00:00,71.3321189528988,72.50642809196125,71.22589616145312,72.00483703613281,1848471,67.5862287902832,70.24014093399047,71.81039276123047,1.4704042295321955,68.86958430216609,74.75120122029486,51.76667968167529
2012-02-16 19:00:00,72.34709681473295,74.29444885253906,72.34709681473295,74.29444885253906,3473018,67.71428207397462,70.23669458389283,72.07446556091308,1.414773237303,69.24491908630708,74.90401203551909,64.14403875396334
2012-02-19 19:00:00,73.17324805077813,73.46830260495416,71.55045644435627,71.83370971679688,2189486,67.81601669311523,70.2317516899109,72.04319038391114,1.4127325667844735,69.2177252503422,74.86865551748008,51.67309225052956
2012-02-20 19:00:00,71.83370172698322,72.57133521653012,71.69797293287853,71.88681030273438,655851,67.92589462280273,70.2320867729187,72.04348487854004,1.4126975735260277,69.21808973148799,74.86888002559209,52.04638378242571
2012-02-21 19:00:00,71.88679834125682,73.11422134414575,71.40291215825513,71.49142456054688,1006778,68.04474212646484,70.23154581069946,72.00748786926269,1.4173593961996778,69.17276907686333,74.84220666166205,49.414418355038364
2012-02-22 19:00:00,71.60945882039047,73.14373779296875,71.60945882039047,73.14373779296875,1738932,68.23463844299316,70.23103796005249,72.09128341674804,1.433226788027723,69.22482984069259,74.95773699280349,43.39283150916711
2012-02-23 19:00:00,72.12874881624323,73.73384109522823,72.05794113547766,73.4151840209961,3668865,68.43303230285645,70.23634935379029,72.19307670593261,1.45217119498272,69.28873431596718,75.09741909589805,52.479843648865426
2012-02-26 19:00:00,73.41517720083914,74.31803976523841,72.93718882004696,73.21453857421875,3431941,68.600386428833,70.24091821670532,72.39164657592774,1.2900405390098275,69.81156549790808,74.9717276539474,51.306858410817874
2012-02-27 19:00:00,73.21455525746116,76.62537329334984,72.73066894073932,75.29173278808594,6964875,68.79004692077636,70.25613386154174,72.59523315429688,1.411022110968094,69.7731889323607,75.41727737623306,51.95507201170258
2012-02-28 19:00:00,75.53367042738601,77.82918548583984,75.53367042738601,77.82918548583984,5044873,69.05099235534668,70.28310956954957,72.92982330322266,1.7897162624281875,69.35039077836629,76.50925582807903,68.75503623974885
2012-02-29 19:00:00,76.19458668776339,76.97943092162411,75.13829612284209,75.49826049804688,2995383,69.2617783355713,70.30095140457153,73.11954269409179,1.8529158734754456,69.4137109471409,76.82537444104268,64.50246531007974
2012-03-01 19:00:00,75.52776187701767,77.9531021118164,75.52776187701767,77.9531021118164,4379928,69.53204719543457,70.3311254310608,73.2529067993164,2.0969585369111936,69.05898972549402,77.4468238731388,69.33281269108393
2012-03-04 19:00:00,77.51642310622907,80.78561401367188,77.51642310622907,80.78561401367188,5026087,69.85932029724121,70.38030046463012,73.65594940185547,2.6829024073968544,68.29014458706176,79.02175421664917,73.77938362748677
2012-03-05 19:00:00,80.7797162190869,82.70346554294706,79.54638960757751,79.92996215820312,2950496,70.17667991638183,70.41966337203979,74.01001319885253,3.0171935373704377,67.97562612411166,80.04440027359341,70.38898274818325
2012-03-06 19:00:00,79.9299688472238,80.6085903364182,78.3366777393443,78.60222625732422,1228957,70.46087532043457,70.45589345932007,74.20327301025391,3.1853163125226884,67.83264038520853,80.57390563529928,65.17369861590689
2012-03-07 19:00:00,78.60221565655223,80.07748250072292,78.55501053917817,78.9444808959961,970297,70.73444877624512,70.49577596664429,74.5293067932129,3.3242739319020775,67.88075892940874,81.17785465701705,61.747133898156775
2012-03-08 19:00:00,79.2218353312151,80.72660827636719,79.2218353312151,80.72660827636719,1173662,71.07848091125489,70.54323637008667,75.01348991394043,3.490802302241377,68.03188530945768,81.99509451842319,73.26329125646241
2012-03-11 19:00:00,79.86744255980621,81.08460948430323,77.63000854838543,78.10136413574219,1534592,71.36918212890625,70.57881647109986,75.3646396636963,3.426767560247733,68.51110454320083,82.21817478419176,64.32867106296388
2012-03-12 19:00:00,78.10136127288551,78.69800690667392,76.66940492368686,77.31974792480469,873178,71.59373794555664,70.60324499130249,75.6799545288086,3.292840041866595,69.0942744450754,82.26563461254179,63.20300337087662
2012-03-13 19:00:00,77.31974546580493,79.34835307436491,77.05722185049416,77.337646484375,3039357,71.82349044799804,70.62457597732543,75.98023109436035,3.146042045819977,69.6881470027204,82.2723151860003,60.26030409251939
2012-03-14 19:00:00,77.33764611644115,77.80303276642925,76.49040331594317,77.14672088623047,814711,72.06807174682618,70.62843732833862,76.23732528686523,3.011285986586459,70.21475331369231,82.25989726003814,59.16523126140267
2012-03-15 19:00:00,77.14672523631258,77.74337088193046,74.61096559469227,75.0405502319336,530980,72.28256805419922,70.61605997085572,76.27463035583496,2.9904997900972106,70.29363077564054,82.25562993602938,54.10108372284138
2012-03-18 19:00:00,75.04053989630255,76.07274463027532,74.28279655978065,74.65868377685547,735912,72.49072540283203,70.61426099777222,76.41587905883789,2.832231537876829,70.75141598308423,82.08034213459155,48.461024554239636
2012-03-19 19:00:00,74.65868362748863,75.92358451003997,74.43196206929332,75.55962371826172,641451,72.7347225189209,70.61235990524293,76.59951972961426,2.6353408417351303,71.328838046144,81.87020141308452,44.005608382105095
2012-03-20 19:00:00,76.0727493809994,77.55840301513672,76.0727493809994,77.55840301513672,1865818,73.01527252197266,70.60147497177124,76.90286865234376,2.350160299245111,72.20254805385353,81.60318925083398,55.53844506678492
2012-03-21 19:00:00,76.38300675226014,76.87225762176197,75.84005851868065,76.06678009033203,364758,73.27637603759766,70.576815700531,77.04902076721191,2.189479458237341,72.67006185073723,81.4279796836866,44.65187107938568
2012-03-25 19:00:00,76.06677310984142,76.788720077546,75.23743142383691,76.3114013671875,662291,73.51971221923829,70.5530608177185,77.19383163452149,2.026177302967436,73.14147702858662,81.24618624045635,35.132991938346095
2012-03-26 19:00:00,76.31140668846096,78.54884043306802,75.8937542102959,78.1550521850586,2415753,73.8073567199707,70.54226175308227,77.44085731506348,1.8045444497041727,73.83176841565513,81.04994621447183,44.465669647763654
2012-03-27 19:00:00,78.15504830819272,79.8912989928753,76.96771472047884,77.89252471923828,3165785,74.0734635925293,70.52470304489135,77.57089691162109,1.7338471678274947,74.10320257596611,81.03859124727607,47.629626232048025
2012-03-28 19:00:00,77.89251922080764,78.15504279123054,76.25173125792367,76.78275299072266,1253750,74.2973112487793,70.50492742538452,77.51857528686523,1.741415045156038,74.03574519655315,81.0014053771773,43.132035408526356
2012-03-29 19:00:00,76.78275001195095,78.22066922675887,75.95340270988491,76.73501586914062,1727117,74.51430297851563,70.50429651260376,77.58041305541992,1.687006320039494,74.20640041534094,80.95442569549891,35.747745784412544
2012-04-01 19:00:00,76.7350255932543,76.89015446443707,75.71475297082942,75.79232025146484,660990,74.64988952636719,70.51381547927856,77.47237396240234,1.7305117281435864,74.01135050611516,80.93339741868952,40.62950681614822
2012-04-02 19:00:00,75.79233187236143,76.60974160007395,74.13364818389178,75.8877944946289,1395607,74.71846115112305,70.52372495651245,77.2274829864502,1.5766828375438942,74.07411731136241,80.38084866153798,43.846185624607784
2012-04-03 19:00:00,76.35914619573275,78.751708984375,76.35914619573275,78.751708984375,2017392,74.85587692260742,70.54143499374389,77.16857032775879,1.490021261342716,74.18852780507335,80.14861285044422,54.88257726233842
2012-04-04 19:00:00,78.25052203189414,79.80181093722983,76.74100406832595,77.3973159790039,2634652,74.95959594726563,70.55640035629273,77.10832481384277,1.452900341340123,74.20252413116252,80.01412549652302,50.8009219160873
2012-04-05 19:00:00,77.39731747924816,78.60851549149669,76.6992346132713,76.94386291503906,1420835,75.06911666870117,70.57318372726441,77.00829391479492,1.3872146188885033,74.23386467701792,79.78272315257192,56.801700431924104
2012-04-08 19:00:00,76.96771689384863,77.8626937866211,76.96771689384863,77.8626937866211,506481,75.1987841796875,70.59592298507691,76.86509819030762,1.101600766291214,74.6618966577252,79.06829972289005,61.02670422440539
2012-04-09 19:00:00,77.17058409106681,77.62403861939659,76.96772105783873,77.05722045898438,510357,75.35506576538086,70.63141065597534,76.81289100646973,1.0640292436367311,74.68483251919626,78.94094949374319,55.18811896889397
2012-04-10 19:00:00,77.32570222333803,80.27911376953125,77.32570222333803,80.27911376953125,5068633,75.53624801635742,70.67208471298218,76.96085929870605,1.3145123248671335,74.33183464897179,79.58988394844032,58.68900247603519
2012-04-11 19:00:00,78.49513852673543,79.1454871265836,76.44266690985597,76.91401672363281,1369497,75.65178070068359,70.68191011428833,76.93967781066894,1.3115311045766747,74.3166156015156,79.56274001982229,52.41659779137729
2012-04-12 19:00:00,76.91401919280248,79.44380960691015,76.25173845730595,76.55006408691406,2956466,75.74870452880859,70.68933614730835,76.90984497070312,1.3133583905585775,74.28312818958597,79.53656175182027,50.67614184583568
2012-04-15 19:00:00,76.55007258709713,77.1168907772837,74.87945684190848,75.89376068115234,1091516,75.76086334228516,70.71109666824341,76.95250549316407,1.2623091004919154,74.42788729218023,79.4771236941479,43.13158241118553
2012-04-16 19:00:00,75.89374904219845,76.81855333376873,75.59542342521478,75.79828643798828,758618,75.8223338317871,70.73113405227662,77.00948562622071,1.1760936654510692,74.65729829531857,79.36167295712285,43.57377368491039
2012-04-17 19:00:00,75.79830167668753,76.49040996392051,74.64080100892947,75.23148345947266,1093332,75.86998977661133,70.7490326499939,76.99307861328126,1.199441498095256,74.59419561709075,79.39196160947176,45.07580234236503
2012-04-18 19:00:00,75.23147270147086,76.21594331159815,74.87944970481661,75.7386245727539,869347,75.89002166748047,70.76268716812133,76.9020896911621,1.2230897419671634,74.45591020722777,79.34826917509643,46.926785878167074
2012-04-19 19:00:00,75.73863107471497,76.78873125230301,75.2434112758765,75.47013854980469,1661276,75.95094833374023,70.78444471359253,76.87225761413575,1.2514825882844223,74.3692924375669,79.3752227907046,48.96315847625127
2012-04-22 19:00:00,75.47013130099995,75.92358580530262,75.17777457220569,75.66105651855469,337897,76.043310546875,70.8020574760437,76.8397403717041,1.2750493416642665,74.28964168837557,79.38983905503262,49.27476957541357
2012-04-23 19:00:00,75.66107211789429,76.57991343077691,75.08829065704934,75.32695007324219,860922,76.12828216552734,70.81081426620483,76.69833526611328,1.2783181156857797,74.14169903474172,79.25497149748483,36.93072108856213
2012-04-24 19:00:00,75.32693274749691,77.20637450646899,74.97490976282363,75.18970489501953,3012966,76.21180725097656,70.81789976119995,76.56319427490234,1.2882559056303933,73.98668246364156,79.13970608616313,40.712755181298924
2012-04-25 19:00:00,75.18971818587252,75.94149274631302,74.43197472205706,74.66466522216797,638178,76.27845825195313,70.82149076461792,76.45728988647461,1.3546091693889268,73.74807154769675,79.16650822525247,40.4690029396432
2012-04-26 19:00:00,74.66465962344364,75.3567735486813,73.5668253117118,73.8890151977539,484761,76.31614181518555,70.82213068008423,76.31498985290527,1.4685881368504052,73.37781357920446,79.25216612660608,33.181738922650695
2012-04-29 19:00:00,73.88901431969184,74.52146196849414,73.00000626965473,73.63245391845703,348728,76.30290191650391,70.82253084182739,76.20699653625488,1.583929749850536,73.03913703655381,79.37485603595594,34.79863974051851
2012-05-01 19:00:00,73.71598827856641,75.41644287109375,73.71598827856641,75.41644287109375,1482727,76.37455657958985,70.83324171066285,76.18342895507813,1.5924131329400841,72.99860268919797,79.36825522095829,25.258032909580166
2012-05-02 19:00:00,74.2529626466867,75.35676574707031,74.2529626466867,75.35676574707031,1530240,76.44395568847656,70.84478422164916,76.0136817932129,1.481301701822157,73.05107838956859,78.9762851968572,38.060358039510234
2012-05-03 19:00:00,74.37826175175466,75.17180714990961,74.2827991410976,74.51549530029297,537622,76.50443710327148,70.8479480934143,75.86959075927734,1.479788651176572,72.9100134569242,78.82916806163048,35.46459340105895
2012-05-06 19:00:00,74.51550960341554,76.89613487466075,74.43197909179604,76.26368713378906,2797011,76.56683609008789,70.86191003799439,75.83558197021485,1.4615030821574155,72.91257580590002,78.75858813452967,52.286162884449446
2012-05-07 19:00:00,76.2636763158019,78.34001807457807,75.54769816487207,75.85795593261719,5188036,76.61569152832031,70.86358667373658,75.73534507751465,1.3817266754770536,72.97189172656054,78.49879842846876,50.355141307279645
2012-05-08 19:00:00,75.85794973666566,76.34123736735678,74.99877488770814,75.4462661743164,922508,76.66032608032226,70.87644582748413,75.65479736328125,1.3471345205276188,72.96052832222601,78.34906640433648,51.30239271637151
2012-05-09 19:00:00,75.44626629852891,76.96771619118482,75.41643316670005,75.62525939941406,1983067,76.66699661254883,70.87200452804565,75.42210464477539,0.7951930964710545,73.83171845183328,77.0124908377175,49.2840892337312
2012-05-10 19:00:00,75.62526331706965,76.25174204766553,74.34246703241519,75.1539077758789,1265971,76.61349105834961,70.87013193130493,75.3340991973877,0.7147151765002551,73.90466884438719,76.76352955038821,48.052865621467944
2012-05-13 19:00:00,75.1539024761316,75.62525798408304,74.58112114996591,74.9570083618164,325266,76.602666015625,70.86205961227417,75.25444641113282,0.6586378865117016,73.93717063810942,76.57172218415622,45.668140334208644
2012-05-14 19:00:00,75.05845233638246,76.22191619873047,75.05845233638246,76.22191619873047,786555,76.56804229736328,70.86094926834106,75.27085418701172,0.6791699344478979,73.91251431811592,76.62919405590752,54.9406348845339
2012-05-15 19:00:00,75.2434134571694,75.64913386276997,73.69212453273585,73.96061706542969,434662,76.43154235839843,70.84957548141479,75.1789707183838,0.7267030558611354,73.72556460666152,76.63237683010607,44.50380028235153
2012-05-16 19:00:00,73.96060478074983,74.64078650927617,73.44748972333444,74.00833892822266,386143,76.31310989379882,70.83780290603637,75.1178134918213,0.772101246752652,73.57361099831598,76.6620159853266,46.93418180936945
2012-05-17 19:00:00,71.00122916365454,73.9844741821289,71.00122916365454,73.9844741821289,675460,76.22075485229492,70.8436138343811,75.03010597229004,0.7970955758099961,73.43591482067005,76.62429712391004,50.4795898341674
2012-05-20 19:00:00,71.71722984088177,72.10504928084686,71.0012458607945,71.19217681884766,193132,76.06570877075195,70.83876630783081,74.81620788574219,1.1628660028597433,72.4904758800227,77.14193989146167,40.229421582930726
2012-05-21 19:00:00,71.47855624205874,73.50716400146484,71.47855624205874,73.50716400146484,470007,75.92131988525391,70.8433786201477,74.7085132598877,1.1801149252993735,72.34828340928895,77.06874311048644,42.667270663398206
2012-05-22 19:00:00,71.83653887272963,72.8568115234375,71.83653887272963,72.8568115234375,351988,75.81642883300782,70.836800365448,74.58500633239746,1.239737015985143,72.10553230042717,77.06448036436774,40.81544674610614
2012-05-23 19:00:00,72.03342657476797,73.20882799618347,71.32938064034099,72.00359344482422,646230,75.7101057434082,70.8339817237854,74.42570075988769,1.3570958997861142,71.71150896031546,77.13989255945992,40.77964689105734
2012-05-24 19:00:00,72.00360925650183,72.48689696357818,71.01317529927773,71.1146011352539,291326,75.58564483642579,70.82857244491578,74.24819755554199,1.5435537482682438,71.1610900590055,77.33530505207848,29.826976753083642
2012-05-27 19:00:00,71.35922992334838,74.66466522216797,71.35922992334838,74.66466522216797,1602362,75.53600372314453,70.85899309158326,74.2869800567627,1.5437984086634824,71.19938323943573,77.37457687408967,46.249079698692746
2012-05-28 19:00:00,75.54173443621079,78.39371490478516,75.54173443621079,78.39371490478516,4430153,75.60306701660156,70.91194135665893,74.5250431060791,1.7857085184213273,70.95362606923644,78.09646014292176,57.666065543582484
2012-05-29 19:00:00,74.58709715634016,77.14672088623047,74.58709715634016,77.14672088623047,1169598,75.65282775878906,70.9731993675232,74.61155700683594,1.87104320864726,70.86947058954142,78.35364342413045,53.748919526279714
2012-05-30 19:00:00,75.17180980483401,78.69800314181032,74.87945305995764,78.14908599853516,3702496,75.70461700439454,71.04813241958618,74.75117301940918,2.027237863709997,70.69669729198918,78.80564874682918,57.19199036827569
2012-05-31 19:00:00,78.14909659098322,79.20516577140673,77.6717777660551,78.19683074951172,1240711,75.71738555908203,71.11692995071411,74.93523979187012,2.167020455497831,70.60119888087445,79.26928070286579,57.835553206847536
2012-06-03 19:00:00,76.66940341080593,78.16102600097656,76.66940341080593,78.16102600097656,208095,75.75927047729492,71.18722890853881,75.0301067352295,2.2674412314572807,70.49522427231493,79.56498919814406,54.98620256973951
2012-06-04 19:00:00,76.75889142447534,77.4390731869529,74.58112397016761,75.17180633544922,417448,75.73647857666016,71.22963060379028,74.9957992553711,2.259432968499885,70.47693331837132,79.51466519237087,53.00205402800906
2012-06-05 19:00:00,75.29709768515369,76.3114013671875,75.29709768515369,76.3114013671875,252138,75.69960556030273,71.28398859024048,75.03905601501465,2.276726354476561,70.48560330606153,79.59250872396777,55.41526277210679
2012-06-06 19:00:00,75.35677501305925,75.7147612533566,74.61096370733628,74.73625946044922,150540,75.63648025512695,71.32508176803589,74.9946060180664,2.2733549317808706,70.44789615450466,79.54131588162815,51.647508322978375
2012-06-07 19:00:00,74.73623855606905,75.41642018850546,73.99042745895598,74.13958740234375,152673,75.58361694335937,71.3467345237732,74.94388999938965,2.2809156490480937,70.38205870129346,79.50572129748585,57.146900671949965
2012-06-10 19:00:00,74.37230411429576,75.29114532470703,74.37230411429576,75.29114532470703,73486,75.5547395324707,71.38315587997437,74.96059684753418,2.2822401224905433,70.39611660255309,79.52507709251526,54.58447407653716
2012-06-11 19:00:00,72.85084686273916,74.22313690185547,72.85084686273916,74.22313690185547,107693,75.52335586547852,71.42107503890992,74.86065788269043,2.267817688408423,70.32502250587359,79.39629325950727,53.4373955126736
2012-06-12 19:00:00,73.72196053945062,74.8854244330385,73.53699850393981,73.78759002685547,125578,75.48135177612305,71.4487327003479,74.85200653076171,2.2717585180461697,70.30848949466937,79.39552356685405,54.584516883927606
2012-06-13 19:00:00,73.98448406054943,75.65510559082031,73.98448406054943,75.65510559082031,224740,75.41941970825195,71.48552518844605,74.9343448638916,2.2694127408305027,70.39551938223059,79.4731703455526,61.10947461875017
2012-06-14 19:00:00,75.42836374109604,75.77441782108565,74.58112102273941,74.77801513671875,128761,75.36703369140625,71.51645463943481,74.9740219116211,2.2588440090340067,70.45633389355308,79.49170992968911,50.31907431723422
2012-06-17 19:00:00,74.81978986302002,75.47013854980469,74.81978986302002,75.47013854980469,34892,75.33755920410157,71.55791418075562,75.18791999816895,2.0771169349821084,71.03368612820474,79.34215386813317,40.07300196623465
2012-06-18 19:00:00,74.87945377496865,75.17777942548418,73.26849867623798,73.45346069335938,465765,75.24937454223632,71.58937719345093,75.18523483276367,2.079437482482608,71.02635986779845,79.34410979772889,38.08246211537449
2012-06-19 19:00:00,73.4534614141632,74.40213574029248,71.29955804862693,71.66351318359375,944201,75.14150039672852,71.60754453659058,75.12556991577148,2.1651171701360803,70.79533557549932,79.45580425604363,30.08440168887718
2012-06-20 19:00:00,71.66351768091643,72.19453953960348,71.41889506801068,71.82461547851562,229066,74.9724104309082,71.63208024978638,75.11662101745605,2.1790253289995802,70.7585703594569,79.47467167545521,30.56777926318381
2012-06-21 19:00:00,71.82461272105026,74.58113067345109,71.59788544651303,74.00238037109375,791567,74.91417770385742,71.66481031417847,75.26100997924804,1.9871068884810856,71.28679620228587,79.23522375621022,38.7834347405227
2012-06-24 19:00:00,74.0023933236923,75.303090928416,72.7017014090583,73.107421875,515338,74.84532485961914,71.68153413772583,75.18314781188965,2.04146936569146,71.10020908050673,79.26608654327258,43.722872219250235
2012-06-25 19:00:00,73.10739740869701,73.38782200557779,71.59787401713194,71.87232971191406,771755,74.76489624023438,71.68017427444458,74.8570785522461,2.0223969421603134,70.81228466792547,78.90187243656672,36.58014988287805
2012-06-26 19:00:00,71.87233983607936,74.58112927357973,71.59788410263654,73.72195434570312,841712,74.72336959838867,71.69547979354859,74.68584022521972,1.9624272309053539,70.76098576340901,78.61069468703043,46.983691373502985
2012-06-27 19:00:00,73.72195265954154,74.55129443392946,73.399762780218,73.77565002441406,247538,74.6942529296875,71.72869874954223,74.46716842651367,1.7925183681015289,70.88213169031062,78.05220516271672,48.88161775532042
2012-06-28 19:00:00,73.77563588513003,74.16346086060433,73.14915726486943,73.31024932861328,95653,74.64568542480468,71.77636636734009,74.22283935546875,1.577530828057885,71.06777769935297,77.37790101158453,43.64467973239314
2012-07-01 19:00:00,73.59665727663653,75.26727294921875,73.59665727663653,75.26727294921875,615446,74.64162811279297,71.8270103263855,74.07815170288086,1.3067900386393942,71.46457162560208,76.69173178015964,53.16912611620014
2012-07-02 19:00:00,75.04651104765426,77.08705065734932,74.70642016435706,76.31737518310547,1181785,74.65475448608399,71.88696111679077,74.13543014526367,1.380288467875867,71.37485320951194,76.8960070810154,57.40217539805355
2012-07-03 19:00:00,76.3173744770252,77.71352865225089,74.58709263405652,74.77204895019531,2536957,74.64365646362305,71.94243034362793,74.05846252441407,1.2927058786949592,71.47305076702415,76.64387428180399,47.366514618137344
2012-07-04 19:00:00,74.81977897837649,76.65745544433594,74.81977897837649,76.65745544433594,1614446,74.67301147460938,72.00947065353394,74.1545223236084,1.4116337511124881,71.33125482138342,76.97778982583338,55.28697612488443
2012-07-05 19:00:00,75.77441922513046,76.13837432861328,75.77441922513046,76.13837432861328,197605,74.70248565673828,72.07023586273193,74.25446166992188,1.4796367862520616,71.29518809741776,77.213735242426,51.898267248946155
2012-07-08 19:00:00,75.95341907996855,76.07275161767015,74.3484385545374,74.62289428710938,1544077,74.71716323852539,72.112181930542,74.22104911804199,1.4624398680615627,71.29616938191886,77.14592885416512,53.419395252465954
2012-07-09 19:00:00,74.62288952970636,75.23743612744268,73.99044191443832,74.10380554199219,1220553,74.7265902709961,72.1604853439331,74.21508255004883,1.4626743114265195,71.2897339271958,77.14043117290187,57.70822428447077
2012-07-10 19:00:00,74.10381199694483,74.73625966730341,74.05011462976047,74.1813735961914,342776,74.70188888549805,72.21123382568359,74.23477172851562,1.4592633297596627,71.3162450689963,77.15329838803495,57.48385630647022
2012-07-11 19:00:00,74.28875602275993,76.72308349609375,74.28875602275993,76.72308349609375,2611953,74.72921524047851,72.28341190338135,74.2881706237793,1.5317148659005662,71.22474089197816,77.35160035558043,58.44437540492311
2012-07-12 19:00:00,75.59543165575717,76.01308415095399,74.5930599771963,74.74222564697266,605550,74.73374984741211,72.3446425819397,74.286381149292,1.5311332653823235,71.22411461852735,77.34864768005664,54.753591976016075
2012-07-15 19:00:00,74.74223091512322,75.44627699384402,74.73626201187605,74.93912506103516,144553,74.70725860595704,72.39410936355591,74.25983047485352,1.5140344624394628,71.23176154997459,77.28789939973244,59.49045337891598
2012-07-16 19:00:00,74.96895152616672,75.41644287109375,74.96895152616672,75.41644287109375,152778,74.69842834472657,72.45361167907714,74.35797958374023,1.5226113609737049,71.31275686179282,77.40320230568764,55.73044758898062
2012-07-17 19:00:00,75.38660886408944,76.07275390625,75.38660886408944,76.07275390625,435061,74.71095809936523,72.50758769989014,74.57844161987305,1.4282266034061233,71.7219884130608,77.4348948266853,57.46415255245726
2012-07-18 19:00:00,75.67300022649138,76.01309115682031,75.11811981602968,75.23148345947266,268790,74.7030825805664,72.56225383758544,74.7487850189209,1.2777315659592392,72.19332188700243,77.30424815083937,56.09395463824919
2012-07-19 19:00:00,75.23148446288056,75.41644649886442,74.70046827866467,74.75416564941406,215232,74.6950877380371,72.60865173339843,74.78637428283692,1.2656184495290104,72.2551373837789,77.31761118189493,48.203875872103275
2012-07-22 19:00:00,74.75413957010346,75.17776086503275,73.83529861419437,74.13958740234375,197625,74.67873931884766,72.65768459320068,74.83798255920411,1.213524552116061,72.41093345497198,77.26503166343623,42.13693582713583
2012-07-23 19:00:00,74.13960228405516,74.2529659122162,73.83531343482724,73.94867706298828,47375,74.63327453613282,72.70561801910401,74.94179992675781,1.0198142625530613,72.90217140165169,76.98142845186393,46.704877359187634
2012-07-24 19:00:00,74.04413731871077,74.87944793701172,74.04413731871077,74.87944793701172,137250,74.65165115356446,72.75846611022949,74.99967460632324,0.9789703621753553,73.04173388197253,76.95761533067395,42.29576828757899
2012-07-25 19:00:00,74.37826189093163,75.02861052927378,74.28279928009593,74.34843444824219,143375,74.65845306396484,72.7953226852417,75.02831382751465,0.949203264153342,73.12990729920797,76.92672035582133,42.252076418817396
2012-07-26 19:00:00,74.34843484646028,75.17777659582244,74.01430717161331,74.19330596923828,380375,74.66262969970703,72.82207988739013,75.0724666595459,0.8833325935693918,73.30580147240711,76.83913184668468,47.89226193194537
2012-07-29 19:00:00,74.19331987309425,75.05845813005567,73.99045680713799,74.43794250488281,179875,74.72754501342773,72.84241836547852,75.0310001373291,0.8931179832898253,73.24476417074945,76.81723610390875,51.68478812816023
2012-07-30 19:00:00,74.43793640774209,74.62289843741347,74.1634806599057,74.55130004882812,43750,74.748427734375,72.87002128601074,74.94269638061523,0.8452634362621922,73.25216950809084,76.63322325313962,51.85853842149768
2012-07-31 19:00:00,74.57515261864347,75.923583984375,74.57515261864347,75.923583984375,484875,74.80976318359374,72.90973770141602,75.00027313232422,0.8718297019821503,73.25661372835992,76.74393253628853,45.44841724868828
2012-08-01 19:00:00,75.30306941780881,76.19207739854609,75.2434031542493,75.4462661743164,754625,74.87861663818359,72.93485229492188,74.93971366882325,0.7887685659430581,73.36217653693713,76.51725080070936,54.83603189642884
2012-08-02 19:00:00,74.58709466003377,75.29710388183594,74.58709466003377,75.29710388183594,111875,74.96226669311524,72.9425210571289,74.89765014648438,0.7425601074580883,73.4125299315682,76.38277036140056,52.47517753692378
2012-08-05 19:00:00,74.7959309838427,75.29711403149521,74.22314385499514,74.36634063720703,169875,74.95630020141601,72.95757415771484,74.88482246398925,0.749737595295807,73.38534727339764,76.38429765458086,43.16768675571969
2012-08-06 19:00:00,74.3663402877217,74.8615601196734,74.06205139451826,74.1754150390625,78875,74.87193420410156,72.96379470825195,74.88840293884277,0.745972972569903,73.39645699370297,76.38034888398258,36.859508848463335
2012-08-07 19:00:00,74.17541411713135,74.58113453305623,74.10381572725179,74.26490783691406,202250,74.81429794311524,72.98430076599121,74.8925796508789,0.7420293863020878,73.40852087827473,76.37663842348307,42.527623804305385
2012-08-08 19:00:00,74.26489425948431,74.70045342249126,74.10976539145474,74.21119689941406,208625,74.73554016113282,73.00489238739014,74.76698532104493,0.618129777103529,73.53072576683788,76.00324487525198,45.50823901863909
2012-08-09 19:00:00,74.21119806479817,74.46178954245313,74.05010598205773,74.13363647460938,95375,74.65427627563477,73.02866626739502,74.73655586242675,0.634184212250342,73.46818743792608,76.00492428692743,49.945969759690115
2012-08-12 19:00:00,75.77441480592513,75.77441480592513,74.73027801513672,74.73027801513672,786875,74.58566131591797,73.06247512817383,74.72611351013184,0.6323900762810722,73.4613333575697,75.99089366269398,56.609436411448804
2012-08-14 19:00:00,75.19567614420869,75.65509958912736,74.90928829409287,75.03458404541016,326875,74.58291687011719,73.08417411804199,74.70702056884765,0.61600305874958,73.4750144513485,75.9390266863468,51.46734094786155
2012-08-15 19:00:00,75.03456345489656,75.08826080642744,74.57514013604994,74.8376693725586,96000,74.5534422302246,73.0899292755127,74.64526634216308,0.5274220057151083,73.59042233073286,75.7001103535933,54.93956970859428
2012-08-22 19:00:00,74.83769255733532,76.22191477376703,74.68256366591643,75.41644287109375,929250,74.5670458984375,73.10530559539795,74.65451431274414,0.5397200883249279,73.57507413609429,75.733954489394,61.37622530062175
2012-08-23 19:00:00,75.41642381771636,75.76844676353528,74.87943889154008,74.945068359375,163000,74.58315551757812,73.11454830169677,74.66405944824218,0.5432517480761413,73.5775559520899,75.75056294439447,54.52582039431219
2012-08-26 19:00:00,74.94508153234695,75.77442329385295,74.64079267607015,75.1539077758789,399875,74.58041076660156,73.12052742004394,74.71477546691895,0.5390422764456899,73.63669091402757,75.79286001981033,55.287826183593374
2012-08-27 19:00:00,75.17777276916537,75.923583984375,75.17777276916537,75.923583984375,830875,74.61441970825196,73.1122681427002,74.81352081298829,0.571243488507486,73.67103383597332,75.95600779000326,50.0
2012-08-28 19:00:00,75.23744411864281,75.71476290953927,74.90929100620701,75.02861785888672,313250,74.63924026489258,73.1013338470459,74.82097930908203,0.5731203194275729,73.67473867022689,75.96721994793718,46.21222395359071
2012-08-29 19:00:00,75.05843699324423,78.57866668701172,75.05843699324423,78.57866668701172,5516000,74.6977114868164,73.10888744354249,75.03249092102051,1.006375561772493,73.01973979747552,77.0452420445655,68.40680432224242
2012-08-30 19:00:00,78.19085362881692,78.9068374810554,76.49637368542221,76.69326782226562,1968375,74.73601654052734,73.11695739746094,75.15748901367188,1.0509269523517561,73.05563510896836,77.2593429183754,61.789515431375776
2012-09-02 19:00:00,76.69325172852344,78.08941141227754,76.37702511930283,77.5166244506836,1438375,74.77694625854492,73.13115047454833,75.31142311096191,1.1598175997723523,72.9917879114172,77.63105831050662,65.90891422883692
2012-09-03 19:00:00,77.51662871076924,78.69799334884993,76.96771163579979,77.27796936035156,1662250,74.85343643188476,73.13692142486572,75.44775657653808,1.2242321166814731,72.99929234317514,77.89622080990102,64.14553285012458
2012-09-04 19:00:00,77.27797900288878,78.22068440818002,76.3173782693969,76.50233459472656,1754500,74.95021286010743,73.14875751495362,75.47669410705566,1.2427710272172585,72.99115205262115,77.96223616149018,60.07346183003817
2012-09-05 19:00:00,76.50233204213879,76.96771867150795,75.7923228280307,75.95341491699219,408375,75.03278884887695,73.15463294982911,75.50205154418946,1.2472832281845325,73.00748508782038,77.99661800055853,57.68260033806766
2012-09-06 19:00:00,75.95340896158962,76.35913498365412,75.18373354225021,75.55365753173828,289750,75.06381439208984,73.1624927520752,75.51487922668457,1.2463834465275716,73.02211233362942,78.00764611973972,53.53484271027535
2012-09-09 19:00:00,75.62525707404644,76.90208435058594,75.62525707404644,76.90208435058594,542250,75.13970764160156,73.18523826599122,75.64166641235352,1.2523590282058157,73.13694835594188,78.14638446876515,57.35772672975428
2012-09-10 19:00:00,75.81021738185699,76.07274096190395,75.44626229698923,75.52979278564453,307500,75.21285690307617,73.20891166687012,75.70938529968262,1.2046088083011453,73.30016768308033,78.11860291628491,52.495735807115416
2012-09-11 19:00:00,75.52980686820602,76.2219151346544,75.27324645231992,75.60736846923828,462625,75.25056518554688,73.22394428253173,75.77650833129883,1.1563178288606306,73.46387267357757,78.08914398902009,50.71427878250932
2012-09-12 19:00:00,75.83408545849633,77.26007843017578,75.83408545849633,77.26007843017578,1326500,75.32025375366212,73.2557970046997,75.92895240783692,1.1399525367668084,73.6490473343033,78.20885748137053,57.95740810770127
2012-09-13 19:00:00,76.50233801976965,76.9617614725315,75.92359340669994,76.04888916015625,405875,75.37502655029297,73.28787841796876,76.02471504211425,1.0587519916720827,73.90721105877009,78.14221902545842,52.8780114887877
2012-09-16 19:00:00,76.07275526234918,77.26605224609375,76.07275526234918,77.26605224609375,1533875,75.41500213623047,73.32256408691406,76.15150375366211,1.0473526301855893,74.05679849329093,78.2462090140333,54.19623778998779
2012-09-17 19:00:00,76.37107097197254,76.9378890991211,76.37107097197254,76.9378890991211,568125,75.42741241455079,73.35519584655762,76.24666900634766,1.0267928320150952,74.19308334231746,78.30025467037785,56.18716462250809
2012-09-18 19:00:00,76.46654575249997,77.80303955078125,76.46654575249997,77.80303955078125,1158750,75.4880322265625,73.3952808380127,76.39493751525879,1.0267246124536207,74.34148829035155,78.44838674016603,46.95698660167753
2012-09-19 19:00:00,76.7588945727918,76.9677208180593,75.17777832143017,75.3985366821289,1082000,75.46285385131836,73.43547008514405,76.39404220581055,1.0276301809340598,74.33878184394243,78.44930256767867,45.11919368319209
2012-09-23 19:00:00,75.39853269111019,75.91761667046694,74.73028305153775,74.91524505615234,230500,75.43839126586914,73.48268459320069,76.39255104064941,1.0298626203036942,74.33282580004202,78.4522762812568,39.93541531377295
2012-09-24 19:00:00,74.91524479786396,75.29113770824104,74.76608482825065,74.90331268310547,169125,75.44399963378906,73.5158833694458,76.38002128601075,1.0471057145260658,74.28580985695861,78.47423271506288,40.648534446031476
2012-09-25 19:00:00,74.90331964786401,75.41644046080756,74.87945541612805,75.04651641845703,230625,75.46285385131836,73.55165702819824,76.33616790771484,1.084911226447758,74.16634545481932,78.50599036061035,43.9664096822276
2012-09-26 19:00:00,75.04651872287462,75.53576962901678,74.78995830852477,75.1956787109375,259875,75.48313995361327,73.5939005279541,76.34452095031739,1.0749112087574644,74.19469853280246,78.49434336783231,46.751961551241024
2012-09-27 19:00:00,75.54173360687864,76.49040222167969,75.54173360687864,76.49040222167969,810625,75.478486328125,73.64438796997071,76.24010772705078,0.9393469113172014,74.36141390441638,78.11880154968519,53.72923167761817
2012-09-30 19:00:00,75.80425916616339,79.57508087158203,75.80425916616339,79.57508087158203,3072500,75.57514343261718,73.71451812744141,76.3841983795166,1.197948449301902,73.9883014809128,78.78009527812041,59.348927910614485
2012-10-01 19:00:00,81.74092526703937,83.54877471923828,81.74092526703937,83.54877471923828,5901875,75.74733642578126,73.81401739120483,76.68580589294433,1.9933567659977742,72.69909236094878,80.67251942493988,73.72881355932203
2012-10-02 19:00:00,83.54877628357906,87.7253189086914,83.05355643059647,87.7253189086914,4654125,75.9935139465332,73.93516653060914,77.20817337036132,3.1752230519071856,70.85772726654695,83.5586194741757,78.8576098418533
2012-10-03 19:00:00,89.49735204517418,91.46629333496094,89.49735204517418,91.46629333496094,4654125,76.30138473510742,74.06826383590698,77.95637130737305,4.490683693385025,68.975003920603,86.93773869414309,80.77019811846125
2012-10-04 19:00:00,90.01643679450551,94.5151686647434,88.75154151242505,94.44953918457031,3126125,76.68574584960938,74.21146799087525,78.88117752075195,5.776841161615709,67.32749519752053,90.43485984398336,87.01386318279229
2012-10-07 19:00:00,94.44953918457031,94.5151686647434,88.75154151242505,94.44953918457031,3126125,77.0796533203125,74.35980611801148,79.82597160339355,6.678775339877221,66.46842092363912,93.183522283148,86.34521950681084
2012-10-08 19:00:00,95.16551208496094,97.49244517771628,93.37556398977131,95.16551208496094,1211250,77.50017181396484,74.51083887100219,80.7391429901123,7.46073760519756,65.81766777971718,95.66061820050741,87.93142044983658
2012-10-09 19:00:00,90.65213345661847,91.2721066536864,88.06685622210009,89.0526123046875,3468500,77.80225051879883,74.63390363693237,81.41528396606445,7.575662613933828,66.26395873819679,96.56660919393211,69.21373116746719
2012-10-10 19:00:00,89.05260223082075,90.42273586459464,88.99680003764512,89.27578735351562,557750,78.09017730712891,74.75817277908325,82.09870491027831,7.640394603025895,66.81791570422652,97.37949411633011,75.60992780184947
2012-10-11 19:00:00,89.27579621526239,92.77863467889219,88.65582893928985,89.05880737304688,2905875,78.384384765625,74.88315690994263,82.68864135742187,7.702382351734533,67.2838766539528,98.09340606089094,76.36050238134308
2012-10-14 19:00:00,89.05880292527063,89.87716418218568,88.166044652954,88.4016342163086,227000,78.6685513305664,75.00320280075073,83.3062786102295,7.636924314068512,68.03242998209248,98.58012723836652,74.56703470776196
2012-10-15 19:00:00,88.65582730975646,91.6006851196289,88.65582730975646,91.6006851196289,1692625,79.01180618286133,75.13487718582154,84.02301025390625,7.712492963161932,68.59802432758238,99.44799618023012,77.11284694714502
2012-10-16 19:00:00,91.09850643425729,92.0594594720126,90.21194449668126,90.98690795898438,601750,79.34051834106445,75.27218671798705,84.72546119689942,7.672907187158408,69.3796468225826,100.07127557121623,75.47556802796446
2012-10-17 19:00:00,93.11960992592557,95.53129577636719,93.11960992592557,95.53129577636719,1694375,79.73267257690429,75.43201168060303,85.61187400817872,7.853018780679437,69.90583644681985,101.31791156953759,77.80296953817087
2012-10-18 19:00:00,99.07132662601275,100.3050765991211,99.07132662601275,100.3050765991211,670125,80.22984878540039,75.6030772781372,86.85720100402833,8.118495232412348,70.62021053920363,103.09419146885303,78.84642415949945
2012-10-21 19:00:00,100.30507129105193,105.31442654389386,99.00932880275326,105.06644439697266,3666750,80.82523559570312,75.79915939331055,88.36476097106933,8.571067684929858,71.22262560120961,105.50689634092905,79.3001938965392
2012-10-22 19:00:00,105.06645611709672,108.99086774304362,104.7874687800623,106.68457794189453,3048000,81.47160034179687,76.00799400329589,89.95382423400879,8.884354926367887,72.18511438127302,107.72253408674456,77.74992518213126
2012-10-23 19:00:00,106.6845764135789,107.50293768048913,104.8370613481291,105.17804718017578,1361875,82.09165298461915,76.21230556488037,91.46040077209473,8.777534623897424,73.90533152429988,109.01547001988958,71.47395479735903
2012-10-24 19:00:00,105.17804573784393,108.43289002864722,100.81344843250733,106.94496154785156,2802000,82.74525405883789,76.42577629089355,93.04786491394043,8.549197432505286,75.94947004892985,110.146259778951,70.34412854885672
2012-10-29 19:00:00,106.94497058272287,108.49489769261741,105.59343158869368,106.37460327148438,862250,83.3885221862793,76.64085046768189,94.54207496643066,8.10291003244715,78.33625490153636,110.74789503132496,69.06149710316932
2012-10-30 19:00:00,101.06145055850828,106.32499694824219,101.06145055850828,106.32499694824219,3165625,84.03234939575195,76.85482093811035,95.87957077026367,7.700083070548254,80.47940462916716,111.27973691136017,68.22603283211917
2012-10-31 19:00:00,101.06143458801114,102.97714428003896,98.32735779125615,102.28276824951172,3391750,84.58339920043946,77.0511767578125,96.81627044677734,7.247281114866769,82.3217082170438,111.31083267651087,73.17545557646658
2012-11-01 19:00:00,102.28277845059002,102.97715455037022,100.45386410184757,100.86304473876953,1164250,85.09996841430664,77.23476902008056,97.47315673828125,6.970009355515036,83.53313802725117,111.41317544931132,69.48092177616536
2012-11-04 19:00:00,100.86304301642132,101.6690116715984,96.08927097135005,97.27961730957031,2236375,85.54880737304687,77.40230297088623,97.76382293701172,6.826052610889537,84.11171771523266,111.41592815879079,62.41571855562955
2012-11-05 19:00:00,93.00801692213362,96.70304107666016,93.00801692213362,96.70304107666016,4085375,85.9745393371582,77.56288227081299,97.87649803161621,6.786952492256072,84.30259304710407,111.45040301612835,62.56803902082025
2012-11-06 19:00:00,94.60754480838143,99.18912506103516,94.60754480838143,99.18912506103516,3470000,86.45942047119141,77.73087604522705,98.11347732543945,6.743603275368576,84.62627077470229,111.6006838761766,61.742122665699554
2012-11-11 19:00:00,103.90711061846484,105.39503916413437,102.2951850710716,103.9319076538086,2150375,87.03498046875,77.92110843658448,98.55179710388184,6.826298470810543,84.89920016226075,112.20439404550292,67.76114709621851
2012-11-12 19:00:00,103.93190111214072,105.05404670959888,102.92134807920807,104.06829071044922,1231750,87.59787460327148,78.09638492584229,99.30258102416992,6.546563282412551,86.20945445934483,112.39570758899502,63.32493955934949
2012-11-13 19:00:00,104.31008352465976,105.9219970703125,104.31008352465976,105.9219970703125,2075875,88.2157421875,78.26369884490967,100.13489151000977,6.256439158697951,87.62201319261386,112.64776982740567,59.646483876994985
2012-11-14 19:00:00,104.62006993466639,109.62943737603568,104.62006993466639,108.48248291015625,4874750,88.8138185119629,78.44670665740966,101.10607528686523,5.946499508952489,89.21307626896025,112.99907430477022,56.346460826872494
2012-11-15 19:00:00,108.48247611316549,108.64987086337376,104.62006337967586,105.97779846191406,1611375,89.39950912475587,78.61553882598876,101.98488349914551,5.2251469789909795,91.53458954116356,112.43517745712747,48.7287906502531
2012-11-18 19:00:00,102.69817560421646,105.89102172851562,102.69817560421646,105.89102172851562,2308625,89.9669970703125,78.78765480041504,102.69940032958985,4.67893775591687,93.34152481775611,112.05727584142359,51.35136776621082
2012-11-20 19:00:00,102.60515121208759,104.27907502316174,101.37141314726047,103.89469146728516,2665250,90.49933151245118,78.95023166656495,103.34478950500488,3.782733706340808,95.77932209232327,110.9102569176865,44.268382020893334
2012-11-21 19:00:00,103.89471114403997,104.46509028417294,102.92755576947098,103.27474975585938,1073750,91.03477981567383,79.12038970947266,103.73196220397949,3.307317078611468,97.11732804675655,110.34659636120243,44.18604584607583
2012-11-22 19:00:00,103.27474771786544,103.77692021638376,102.48737974240586,102.9151611328125,416625,91.57401473999023,79.27886550903321,103.86246643066406,3.215190678543364,97.43208507357733,110.29284778775079,43.678165146750466
2012-11-25 19:00:00,102.91515402744072,104.38448177999851,102.60516153586444,102.66716003417969,703500,92.11628479003906,79.43651439666748,103.74250221252441,3.2126635699000254,97.31717507272437,110.16782935232446,50.829342422306034
2012-11-26 19:00:00,102.66716604873285,103.21894443856037,101.74961659992492,101.93560028076172,950875,92.61695510864257,79.58767303466797,103.50505332946777,3.158817088773761,97.18741915192025,109.82268750701529,52.38490592156693
2012-11-27 19:00:00,101.93560937208682,102.84076629623655,100.74526877354887,101.15444946289062,880875,93.1294482421875,79.7170161819458,103.30387344360352,3.174746950461159,96.95437954268121,109.65336734452583,59.84256760004155
2012-11-28 19:00:00,101.17922311877764,104.06208801269531,101.17922311877764,104.06208801269531,1503875,93.69854263305665,79.87370281219482,103.1597297668457,3.0642519869300173,97.03122579298567,109.28823374070573,66.71362454146762
2012-11-29 19:00:00,102.91515006724946,106.62876892089844,102.91515006724946,106.62876892089844,3646750,94.2859164428711,80.042603225708,103.17243804931641,3.0787792825399145,97.01487948423659,109.32999661439624,66.83504084244866
2012-12-02 19:00:00,105.56243104498492,106.63498261303249,103.79551520629553,104.0497055053711,789125,94.84593276977539,80.18916660308838,103.05867347717285,2.9971115793473255,97.0644503184782,109.0528966358675,50.29549945148871
2012-12-03 19:00:00,105.56243104498492,106.63498261303249,103.79551520629553,104.0497055053711,789125,95.38160583496094,80.34729610443115,103.14702033996582,2.999077847372375,97.14886464522107,109.14517603471057,49.95305725242325
2012-12-04 19:00:00,104.14889784448445,105.45703903211653,103.96911046715783,104.26049041748047,324125,95.92805786132813,80.51338382720947,103.31689262390137,2.9588496161343243,97.39919339163272,109.23459185617001,45.42352422489051
2012-12-05 19:00:00,104.27906874429988,107.40992736816406,104.27906874429988,107.40992736816406,2452875,96.52019561767578,80.69504161834716,103.82340812683105,2.7291227727838163,98.36516258126342,109.28165367239869,47.138575797149116
2012-12-06 19:00:00,105.71741255972307,106.26298275184918,104.23568048081977,104.6014633178711,540750,97.10425415039063,80.86298168182373,104.2183292388916,2.1557829244022435,99.90676339008711,108.52989508769609,46.386702671651605
2012-12-09 19:00:00,104.60146899492901,105.08505254431219,103.5475181898679,103.6777114868164,378625,97.67950347900391,81.0247096633911,104.44275856018066,1.8106788900117194,100.82140078015722,108.06411634020411,44.43399430166633
2012-12-10 19:00:00,103.67771707547287,104.46508502684493,103.53513116636955,103.73971557617188,388375,98.25623153686523,81.18338405609131,104.43314895629882,1.814039643143603,100.80506967001162,108.06122824258603,49.568265781476555
2012-12-11 19:00:00,103.85751344379938,105.17804718017578,103.85751344379938,105.17804718017578,2196875,98.8588621520996,81.3378020477295,104.48863677978515,1.8192570861451967,100.85012260749475,108.12715095207555,55.07100904682861
2012-12-12 19:00:00,104.3162812590151,106.8829574584961,104.3162812590151,106.8829574584961,2036625,99.49260772705078,81.51304828643799,104.53668479919433,1.8710580754293782,100.79456864833557,108.2788009500531,59.86435976603236
2012-12-13 19:00:00,106.01500830689538,108.6498794555664,106.01500830689538,108.6498794555664,2099750,100.13579727172852,81.69686363220215,104.54505462646485,1.8899172159470328,100.76522019457079,108.3248890583589,63.829232651624466
2012-12-16 19:00:00,107.44712648599868,107.94310261153112,105.40743161693618,105.60581970214844,629875,100.65641204833985,81.86743560791015,104.52645568847656,1.876860533996698,100.77273462048316,108.28017675646996,57.66442988092533
2012-12-17 19:00:00,105.60582581448182,106.57298108899833,105.24004295729297,105.41983032226562,462125,101.0938331604004,82.02881607055664,104.50289611816406,1.8617264272573026,100.77944326364945,108.22634897267866,59.134345486711325
2012-12-18 19:00:00,105.41983821951477,106.41799873001068,105.34544711205804,106.03361511230469,432375,101.45999908447266,82.19190822601318,104.60984230041504,1.8862231621714352,100.83739597607217,108.3822886247579,54.68203161746534
2012-12-19 19:00:00,106.0336245183896,106.78998739048536,105.76702975342549,105.99022674560547,781750,101.75047775268554,82.35578666687012,104.74561614990235,1.8827921159059218,100.9800319180905,108.51120038171419,48.277087267758276
2012-12-20 19:00:00,105.99021832242076,106.23200420514499,104.65728007854925,104.78126525878906,457375,101.95711227416992,82.50323432922363,104.83892135620117,1.8328839073920566,101.17315354141705,108.50468917098529,52.131486298620146
2012-12-23 19:00:00,104.7812600815778,105.13465034656485,103.87610327302168,104.34728240966797,289125,102.15506713867188,82.63582481384277,104.92292747497558,1.7653660123797816,101.39219545021602,108.45365949973514,50.84564010993061
2012-12-25 19:00:00,104.34728772412596,105.82282370877381,104.2170944159222,104.63867950439453,521750,102.34453048706055,82.78152690887451,105.05808143615722,1.6222980334061683,101.81348536934489,108.30267750296956,51.06981855601042
2012-12-26 19:00:00,104.63868047392728,105.14704928090713,104.29149831550045,104.44029235839844,521750,102.65228408813476,82.91396286010742,105.22237358093261,1.3496325008540317,102.52310857922456,107.92163858264067,39.91589410699148
2012-12-27 19:00:00,104.44028580281667,105.08505600656811,104.00629630701869,104.36588287353516,761375,102.95408599853516,83.03186420440674,105.23756332397461,1.3375419132831439,102.56247949740832,107.9126471505409,49.01761909912891
2012-12-30 19:00:00,104.36587054706914,105.36403089700752,103.62191229214947,103.89469146728516,275375,103.25080368041992,83.15168785095214,105.10085945129394,1.3275510072557888,102.44575743678236,107.75596146580553,50.94030703471333
2012-12-31 19:00:00,103.89469526911813,105.32683329099997,103.62811238593407,103.78929901123047,324750,103.55855697631836,83.27762321472169,105.08783912658691,1.3396251921467877,102.40858874229333,107.7670895108805,50.21407034050328
2013-01-01 19:00:00,103.7893068783943,104.14889344285548,99.82769384193186,101.129638671875,678500,103.74913604736328,83.38854900360107,104.94183578491212,1.5937477737747912,101.75434023736253,108.1293313324617,34.18891433522781
2013-01-02 19:00:00,101.1296318437534,101.67520204350997,100.28026547168513,101.0738296508789,141750,103.95087448120117,83.49028511047364,104.78250274658203,1.8100611644646178,101.16238041765278,108.40262507551127,23.95789012853224
2013-01-03 19:00:00,101.21643179476307,101.98519897460938,101.21643179476307,101.98519897460938,121500,104.07995254516601,83.60970428466797,104.51126632690429,1.802049583206516,100.90716716049126,108.11536549331733,17.640216602914165
2013-01-06 19:00:00,99.97029291350917,101.45822143554688,99.97029291350917,101.45822143554688,245625,104.10301544189453,83.73039665222169,104.35410423278809,1.926535210672862,100.50103381144237,108.20717465413381,23.34688458491202
2013-01-07 19:00:00,100.6336650564405,102.91515784914449,100.43527694946731,102.561767578125,424875,104.05292190551758,83.85651725769043,104.29830703735351,1.9629719337050675,100.37236316994337,108.22425090476365,33.57106143506961
2013-01-08 19:00:00,102.5617723712397,102.85316415525953,101.73721474200087,102.04719543457031,156750,103.9601742553711,83.98101963043213,104.21368103027343,2.0238598511384875,100.16596132799646,108.26140073255041,26.82056687374788
2013-01-09 19:00:00,102.04718931579274,102.29518331498285,100.68325779526134,100.91265106201172,145250,103.87486633300782,84.11038013458251,104.00041122436524,2.1383870190550107,99.72363718625522,108.27718526247526,23.8004620057727
2013-01-10 19:00:00,100.91265299661211,102.2269904725046,97.64540412717474,98.1413803100586,892500,103.69879470825195,84.22779361724854,103.56333236694336,2.396046016305204,98.77124033433294,108.35542439955377,20.495983087540836
2013-01-13 19:00:00,98.14138175766122,98.32737135086043,96.59765690035292,97.7384033203125,892500,103.52607070922852,84.33868751525878,103.01775856018067,2.4190419512232215,98.17967465773422,107.85584246262711,20.552615028980327
2013-01-14 19:00:00,97.73840993648054,98.94735124286564,92.99563064508037,93.33661651611328,152625,103.26630310058594,84.41757858276367,102.4042984008789,3.1679588209678355,96.06838075894323,108.74021604281457,13.141986741521379
2013-01-15 19:00:00,93.33661144771234,96.25047012602657,91.83008212387008,95.5685043334961,616625,103.13201782226562,84.51508720397949,101.91173210144044,3.4294814347263474,95.05276923198774,108.77069497089313,24.455553031764182
2013-01-16 19:00:00,96.10787565817667,98.73035430908203,96.10787565817667,98.73035430908203,931125,103.08936401367187,84.62718196868896,101.5465690612793,3.355512977458723,94.83554310636185,108.25759501619675,36.22311151099264
2013-01-17 19:00:00,99.50531841555676,102.36958312988281,99.50531841555676,102.36958312988281,1142500,103.19116333007813,84.74825462341309,101.36553688049317,3.1970848977749093,94.97136708494335,107.75970667604298,46.771693472457514
2013-01-20 19:00:00,102.36956702456547,106.88295815373858,100.74524901722793,102.0037841796875,3530500,103.29717819213867,84.86881092071533,101.22666282653809,3.099746375290637,95.02717007595682,107.42615557711936,46.26168507942228
2013-01-21 19:00:00,102.00378692843805,105.67401990518674,101.08623755300403,104.70066833496094,2550500,103.40740905761719,85.00840049743653,101.24433212280273,3.1194156659351435,95.00550079093244,107.48316345467302,57.46499413405736
2013-01-22 19:00:00,104.70066968882874,106.26298926315029,104.03110246769032,104.8184585571289,1441125,103.4251400756836,85.14881771087647,101.25332107543946,3.1299528955341556,94.99341528437115,107.51322686650776,57.80765914665768
2013-01-23 19:00:00,104.81846293550356,105.69882272090459,103.53513063513395,103.98770904541016,1231250,103.42352844238282,85.28979465484619,101.23069190979004,3.107252530402361,95.01618684898531,107.44519697059476,54.189375417185
2013-01-27 19:00:00,103.98771481227146,105.86002705759029,102.82215949547897,103.27474975585938,4216750,103.37058349609374,85.42672943115234,101.17613525390625,3.058504699935725,95.0591258540348,107.2931446537777,53.770945650590114
2013-01-28 19:00:00,103.27474739286137,104.46508789393911,102.60516829693708,104.04350280761719,3174375,103.28180389404297,85.55318840026855,101.18357582092285,3.0656390297437186,95.05229776143541,107.3148538804103,53.11930430715641
2013-01-29 19:00:00,104.04348701576758,104.89904966403006,103.17553176390909,104.0806884765625,3166250,103.24386169433593,85.68660526275634,101.19814529418946,3.079336339615092,95.03947261495928,107.35681797341964,54.368656421876096
2013-01-30 19:00:00,104.15509673207029,107.08135986328125,104.15509673207029,107.08135986328125,4592625,103.26766845703125,85.83729274749756,101.49573135375977,3.348214801704197,94.79930175035138,108.19216095716816,62.26881363760928
2013-01-31 19:00:00,106.28159767184106,108.33990537716602,105.92201108868069,106.98217010498047,2679625,103.32941802978516,85.98289012908936,101.79114837646485,3.56280411138988,94.66554015368509,108.91675659924461,69.67443244021504
2013-02-03 19:00:00,106.98217704064736,108.11671541321434,106.8209785592954,106.951171875,950375,103.40294647216797,86.13235988616944,102.03944702148438,3.7454044270069473,94.54863816747049,109.53025587549827,70.84739231499117
2013-02-05 19:00:00,107.26115390576177,112.29531860351562,107.26115390576177,112.29531860351562,5262000,103.59054962158203,86.29244091033935,102.58130187988282,4.386018318349156,93.8092652431845,111.35333851658113,91.1464213224782
2013-02-06 19:00:00,110.28660406182958,111.03677053534659,108.81107997466783,109.00946807861328,1432000,103.7173957824707,86.45291816711426,102.90368690490723,4.615467553959191,93.67275179698885,112.13462201282562,77.89501151753407
2013-02-07 19:00:00,109.00946184559977,110.5097947068468,108.87307224912423,109.54883575439453,2150250,103.86966049194336,86.61791202545166,103.27876892089844,4.84148177247005,93.59580537595835,112.96173246583854,75.19491410986262
2013-02-10 19:00:00,109.54883717764116,112.3387104145522,109.3938468478137,110.50979614257812,2114875,104.0567674255371,86.79099220275879,103.75862617492676,5.06506585702338,93.62849446088,113.88875788897352,71.65951959672174
2013-02-11 19:00:00,110.50980076680676,112.58669728841066,110.08201939757981,110.55939483642578,3154500,104.18671356201172,86.96479774475098,104.37952690124511,5.101236174361615,94.17705455252188,114.58199924996835,73.15443004101886
2013-02-12 19:00:00,110.55938792976748,112.32630366836604,110.17500435172084,111.27854919433594,2725625,104.27970916748046,87.1450330734253,105.0565341949463,5.071877096170673,94.91278000260495,115.20028838728764,69.93614337034255
2013-02-13 19:00:00,111.27855738992632,113.94443377432839,111.03677151657476,112.29531860351562,3679000,104.44462142944336,87.3278165435791,106.00446929931641,4.5062921995556104,96.99188490020519,115.01705369842763,71.48973214775182
2013-02-14 19:00:00,112.29531642347547,113.26866802551088,110.05101332912699,112.710693359375,2378750,104.61784118652344,87.51401931762695,106.86157875061035,4.0209848395221774,98.81960907156599,114.9035484296547,75.68457284370842
2013-02-17 19:00:00,112.71069485502825,113.48565836550011,111.5017536706929,112.47510528564453,942000,104.78213348388672,87.6980895614624,107.54881629943847,3.721537760716387,100.1057407780057,114.99189182087125,77.87376898899342
2013-02-18 19:00:00,112.47510610285036,114.07462720528443,111.84274031991255,112.84088897705078,3123125,104.89075271606445,87.88565925598145,108.07238159179687,3.6910003456314837,100.6903809005339,115.45438228305984,77.31999016273659
2013-02-19 19:00:00,112.8408559332442,113.88861017879671,112.21468663619841,113.50422668457031,2744500,105.06880798339844,88.0772318649292,108.64740371704102,3.590266411085507,101.46687089487,115.82793653921203,78.16899545432568
2013-02-20 19:00:00,113.50425885957861,119.0343996884923,112.83469161773759,115.97794342041016,2747750,105.3148126220703,88.28379825592042,109.21126747131348,3.8162498169888073,101.57876783733586,116.84376710529109,77.45886796540364
2013-02-21 19:00:00,115.9779530065516,117.41627574864721,115.6245627115064,116.81490325927734,940000,105.57631637573242,88.49842769622802,109.8110897064209,4.026453731671655,101.75818224307758,117.86399716976422,79.0263354903457
2013-02-24 19:00:00,116.81488710407966,118.2284244387605,115.0045735833502,115.33936309814453,833375,105.7795426940918,88.70696224212647,110.37867240905761,3.9619327108218325,102.45480698741395,118.30253783070128,72.8161335776557
2013-02-25 19:00:00,115.33937801215627,115.90354902855246,113.60966349540155,114.39082336425781,528375,105.92970001220704,88.90183414459229,110.93447608947754,3.6827806206570015,103.56891484816354,118.30003733079154,57.491146841337
2013-02-26 19:00:00,114.39082096013396,115.16578450977717,112.74790201889209,113.29347229003906,822500,106.02257186889648,89.09151767730712,111.39697456359863,3.3363693032800255,104.72423595703859,118.06971317015868,68.15557235450497
2013-02-27 19:00:00,113.29346561807779,115.62455243252305,113.26866858335033,114.20481872558594,939500,106.19455184936524,89.28996429443359,111.9031810760498,2.908489284972592,106.08620250610463,117.72015964599498,69.12890269184885
2013-02-28 19:00:00,114.20480117139606,116.24450773301879,113.95681903723376,114.285400390625,1079500,106.37186325073242,89.48007286071777,112.263383102417,2.719877972824471,106.82362715676805,117.70313904806594,66.72154057831156
2013-03-03 19:00:00,114.285411225746,114.44659785448279,113.45464557378335,113.5848388671875,111625,106.52288772583007,89.66870727539063,112.59351654052735,2.430424052547675,107.732668435432,117.45436464562269,62.66872151501618
2013-03-04 19:00:00,115.00457762637348,119.26377868652344,115.00457762637348,119.26377868652344,3413750,106.78835876464844,89.88779483795166,113.20914688110352,2.4847809378800796,108.23958500534336,118.17870875686368,73.62439327400901
2013-03-05 19:00:00,121.20427993918562,125.22169494628906,121.20427993918562,125.22169494628906,3482750,107.19716735839843,90.13577701568603,113.85546569824218,3.6448973597960745,106.56567097865003,121.14526041783434,79.5912692895871
2013-03-06 19:00:00,124.71332279324514,128.64394253680288,121.26628661766684,125.58748626708984,2200250,107.62197143554687,90.38794490814209,114.68436660766602,4.309324882105069,106.06571684345589,123.30301637187615,79.54483311539519
2013-03-07 19:00:00,127.09402945080869,130.80145263671875,127.09402945080869,130.80145263671875,2091125,108.14522689819336,90.6671671295166,115.74699745178222,5.446575150625031,104.85384715053216,126.64014775303228,84.22883795532485
2013-03-10 19:00:00,129.12752322453133,129.7288957061732,122.75422363971217,123.85778045654297,778625,108.53357666015626,90.90534645080567,116.41439666748047,5.587045757782786,105.2403051519149,127.58848818304605,66.51795988943536
2013-03-11 19:00:00,123.85776031772794,127.55898644932456,122.45041933745368,124.30413055419922,1304375,108.93234161376954,91.15706401824951,117.10163345336915,5.673611548469629,105.75441035642989,128.4488565503084,66.29867472701117
2013-03-12 19:00:00,124.30414714100999,129.89156413295314,123.92747124554207,125.65391540527344,3193125,109.3675260925293,91.41529190063477,117.82040176391601,5.806113613967948,106.2081745359801,129.4326289918519,65.11525742975229
2013-03-13 19:00:00,125.65390412453166,127.12923487960497,124.61804251141298,125.07006072998047,568625,109.79314132690429,91.67071983337402,118.45913887023926,5.8686475624950125,106.72184374524923,130.19643399522928,62.99853006401118
2013-03-14 19:00:00,125.07006645990192,126.18127048084509,124.38575857523874,125.0888900756836,600500,110.27232635498046,91.9402033996582,119.07804870605469,5.8831939392070645,107.31166082764057,130.8444365844688,66.08966365427463
2013-03-17 19:00:00,120.2234581948526,124.7750015258789,120.2234581948526,124.7750015258789,741625,110.74634979248047,92.19654258728028,119.6930435180664,5.798908630724247,108.0952262566179,131.2908607795149,67.50368508786212
2013-03-18 19:00:00,121.0709811540893,123.20549774169922,121.0709811540893,123.20549774169922,825875,111.17075576782227,92.44828601837158,120.21127395629883,5.614518500793148,108.98223695471253,131.44031095788512,66.44604242233825
2013-03-19 19:00:00,122.48352019042277,124.67453138633061,121.22791807877694,124.20368957519531,1545625,111.62566513061523,92.70928649902343,120.74624710083008,5.449116374435306,109.84801435195946,131.6444798497007,66.54246300902042
2013-03-20 19:00:00,124.2036885125367,126.34447943744154,123.99650901693477,124.83148956298828,1830125,112.0710595703125,92.97787094116211,121.18892440795898,5.400768649005921,110.38738710994714,131.99046170597083,67.13749525472723
2013-03-21 19:00:00,124.83149911340118,125.18306485471693,123.92746265775212,124.11580657958984,207625,112.5124317932129,93.22512664794922,121.55396957397461,5.335911882678541,110.88214580861754,132.2257933393317,67.10451671808002
2013-03-24 19:00:00,124.11581121057353,126.55167333693048,122.23240784485314,122.94182586669922,1067500,112.95301528930663,93.44786720275879,121.93409271240235,5.136976871596127,111.6601389692101,132.2080464555946,56.99801623994874
2013-03-25 19:00:00,122.94182096892969,123.04854799360378,121.35348862427652,121.6485595703125,322125,113.42315887451171,93.6703763961792,122.29697952270507,4.82280206923702,112.65137538423103,131.9425836611791,41.734426048970306
2013-03-26 19:00:00,122.1696409532759,127.6252212524414,122.1696409532759,127.6252212524414,2983375,114.02089523315429,93.91775707244874,123.0135669708252,4.46616544704665,114.0812360767319,131.9458978649185,53.74233709925649
2013-03-27 19:00:00,126.80279375527496,128.06467060895224,124.61805674414283,125.00729370117188,822250,114.65430877685547,94.15180938720704,123.55369071960449,3.97049824233197,115.61269423494055,131.49468720426842,38.23730943082016
2013-03-28 19:00:00,125.0072841971729,128.10233205240482,125.00099768431667,125.86736297607422,2021250,115.26028594970703,94.39034107208252,124.13278884887696,3.342525442775539,117.44773796332588,130.81783973442805,55.417893611822116
2013-03-31 19:00:00,125.89244723286407,127.75074005126953,125.89244723286407,127.75074005126953,1700375,115.84069366455078,94.65323574066161,124.84108390808106,2.340419830143536,120.16024424779398,129.52192356836812,58.62393230268312
2013-04-01 19:00:00,126.40100264737642,127.60009813976684,122.60909769950123,124.05303192138672,2618750,116.27436264038086,94.89194389343261,125.08054656982422,1.9526174028614627,121.1753117641013,128.98578137554713,46.41551657279714
2013-04-02 19:00:00,124.05301245878621,126.43864201743399,123.04226105690465,125.52205657958984,2735750,116.7447280883789,95.14587287902832,125.09556465148925,1.9549138773088295,121.18573689687159,129.00539240610692,50.97346133167881
2013-04-03 19:00:00,125.5597480587445,131.4610595703125,125.5597480587445,131.4610595703125,3701125,117.27993591308594,95.43248023986817,125.3892433166504,2.4188369606775186,120.55156939529536,130.22691723800543,60.93518463965645
2013-04-04 19:00:00,129.93549457469254,130.70140732761584,125.55973466055454,126.45121002197266,1522625,117.71259094238282,95.6882805633545,125.17173118591309,2.078134355910207,121.01546247409267,129.3279998977335,52.477249633211365
2013-04-07 19:00:00,126.45121803022556,127.11667834363524,125.37139868767943,125.5660171508789,1020250,118.1441571044922,95.94499496459962,125.25714302062988,2.056277895614152,121.14458722940158,129.3696988118582,53.560604316944165
2013-04-08 19:00:00,125.56602867472343,126.80906995328257,125.30862887967764,125.81715393066406,375250,118.59500518798828,96.20514278411865,125.33279418945312,2.0471831014596247,121.23842798653388,129.42716039237237,52.4898618307996
2013-04-09 19:00:00,126.18126749314057,128.6045684814453,126.18126749314057,128.6045684814453,1006875,119.08622650146485,96.46989009857178,125.48032684326172,2.173939970008749,121.13244690324423,129.82820678327923,55.458690249889244
2013-04-10 19:00:00,126.75257215567295,127.5687052695602,124.99473132858606,125.48442077636719,1323125,119.51430114746094,96.72342212677002,125.50104484558105,2.1717976865528588,121.15744947247534,129.84464021868678,51.85124183573114
2013-04-11 19:00:00,125.48441269330135,126.438657448636,123.04855061214799,123.8458480834961,1064875,119.84959091186523,96.96530067443848,125.43889274597169,2.2017928786877343,121.03530698859622,129.84247850334717,51.207638087705924
2013-04-14 19:00:00,123.84584726163571,124.85661075447703,120.72568929533801,122.11312866210938,808875,120.15221008300782,97.20859901428223,125.3057991027832,2.3212476518641063,120.66330379905499,129.94829440651142,50.61339286074052
2013-04-15 19:00:00,116.01091020645683,120.88262176513672,116.01091020645683,120.88262176513672,1165250,120.43083908081054,97.45469455718994,125.18965530395508,2.4842563949079586,120.22114251413916,130.158168093771,39.821769306674355
2013-04-16 19:00:00,116.0109311108879,118.18311899192561,112.37597339368513,116.8772964477539,1995750,120.52247863769531,97.67995796203613,124.82333564758301,3.1009204609723624,118.62149472563829,131.02517656952773,38.22082589683949
2013-04-17 19:00:00,116.87728868053212,118.59117167512619,115.52123399256458,118.05754852294922,1188625,120.70344024658203,97.90023380279541,124.48463859558106,3.45024744703065,117.58414370151976,131.38513348964236,38.78874142766645
2013-04-18 19:00:00,118.22076674468852,122.29518127441406,118.22076674468852,122.29518127441406,1866250,120.95836715698242,98.14617259979248,124.39360733032227,3.484340109307019,117.42492711170823,131.3622875489363,42.66420044133533
2013-04-21 19:00:00,120.89521597896723,121.79296606901,119.40733587295101,121.26561737060547,741375,121.17348358154297,98.39313903808593,124.30979690551757,3.5408002513038697,117.22819640290983,131.3913974081253,45.962181424655284
2013-04-22 19:00:00,121.26559569595884,123.17410909113367,120.09788495165164,121.13375854492188,454500,121.3849708557129,98.63019805908203,124.28405685424805,3.562966286987173,117.15812428027371,131.4099894282224,43.3869695996262
2013-04-23 19:00:00,121.13376131558503,122.96693239534854,120.97681403328119,121.17143249511719,411500,121.58282852172852,98.86717697143554,123.96136741638183,3.536593126316142,116.88818116374955,131.03455366901412,31.139224503700603
2013-04-24 19:00:00,121.48531575470231,122.7471923828125,121.48531575470231,122.7471923828125,305250,121.79186599731446,99.11436168670654,123.84836235046387,3.537522060198948,116.77331823006598,130.92340647086178,42.23273089600221
2013-04-25 19:00:00,121.67367098307554,122.34541780461848,120.85125141771407,121.17143249511719,294750,121.96108078002929,99.34388248443604,123.61356582641602,3.552272704470672,116.50902041747467,130.71811123535736,41.04400728536276
2013-04-28 19:00:00,121.17142809710214,121.47904811205919,120.22972048883894,120.81986236572266,211875,122.12797592163086,99.56639492034913,123.26702194213867,3.464412315595262,116.33819731094815,130.1958465733292,39.8572343072482
2013-04-29 19:00:00,120.8198610467994,121.57321275601446,120.28622594298834,120.9454116821289,175875,122.29006637573242,99.79726173400879,123.11164093017578,3.496841420563826,116.11795808904813,130.10532377130343,32.57135079448797
2013-05-01 19:00:00,120.94540928617205,121.51042904404494,120.29249809815492,120.37411499023438,116125,122.4274641418457,100.01584503173828,122.854243850708,3.499541158114309,115.85516153447938,129.85332616693663,36.84541082535857
2013-05-02 19:00:00,120.37411737487375,122.35796110479403,120.06649736327482,120.9454116821289,312875,122.52681350708008,100.23988021850586,122.32846145629883,2.8720650824664604,116.5843312913659,128.07259162123174,42.09981638015377
2013-05-05 19:00:00,120.94543817623126,122.9230078011655,120.85127218552891,121.39118194580078,506875,122.61833908081054,100.47372165679931,122.07546005249023,2.707957492659731,116.65954506717077,127.49137503780969,47.88531202860495
2013-05-06 19:00:00,121.39115999759579,122.04407122352288,120.5436303115764,120.61268615722656,137750,122.72380554199219,100.70626605987549,121.82779350280762,2.5961163917820014,116.63556071924361,127.02002628637163,49.18781210846557
2013-05-07 19:00:00,120.61268966502759,121.7238936891068,120.34901535161661,120.90776062011719,289375,122.85414428710938,100.93989799499512,121.58232383728027,2.4255541181553264,116.73121560096962,126.43343207359092,65.6128108266901
2013-05-08 19:00:00,120.9077540943013,122.35168820151583,120.56873743860778,120.7696304321289,303875,123.00366744995117,101.16013072967529,121.19057693481446,1.7779672135740596,117.63464250766634,124.74651136196258,61.42849978073926
2013-05-09 19:00:00,120.76963296785512,122.64047520310395,120.70057712247385,121.4916000366211,647125,123.14940307617188,101.39387760162353,120.99093589782714,1.4675179535803666,118.0558999906664,123.92597180498788,45.1880035196693
2013-05-12 19:00:00,121.9184975668259,123.67005157470703,121.9184975668259,123.67005157470703,738500,123.33709609985351,101.6375322341919,120.98214607238769,1.449939416867418,118.08226723865286,123.88202490612252,62.65670582036421
2013-05-13 19:00:00,122.21984499726624,123.6700535709117,119.37591066594331,120.24855041503906,1345000,123.47037033081055,101.86169277191162,120.88891716003418,1.433240169894492,118.0224368202452,123.75539749982316,46.53899204623825
2013-05-14 19:00:00,120.24856524026282,121.15887627797994,117.08446144244893,117.97593688964844,859125,123.44461349487305,102.07120868682861,120.74358291625977,1.5743393582334169,117.59490419979294,123.8922616327266,39.36482480044447
2013-05-15 19:00:00,117.97593396794568,119.28803098984199,116.9588959253564,117.29791259765625,300750,123.28613784790039,102.28154083251952,120.76461372375488,1.5219096534746865,117.7207944168055,123.80843303070425,30.711201658368694
2013-05-16 19:00:00,117.29790640926997,118.23960204197289,116.77055781290112,116.97145080566406,251625,123.11381713867188,102.49262725830079,120.71030883789062,1.6384985646788843,117.43331170853286,123.98730596724839,33.69091846348009
2013-05-19 19:00:00,117.5239000636372,118.17681121826172,117.5239000636372,118.17681121826172,244500,122.86132431030273,102.71281337738037,120.504390335083,1.6869095744536051,117.13057118617579,123.87820948399022,40.37490178471209
2013-05-20 19:00:00,117.80642852142913,121.60461995996491,117.73109813368711,120.14812469482422,1810750,122.78713119506835,102.94381061553955,120.44851570129394,1.678856651165319,117.0908023989633,123.80622900362458,47.44061608212599
2013-05-21 19:00:00,120.56873717169988,122.98576354980469,120.56873717169988,122.98576354980469,1817375,122.76076385498047,103.18434219360351,120.54111595153809,1.7673829330873887,117.00635008536331,124.07588181771287,57.31878046694604
2013-05-22 19:00:00,122.01268278616472,124.1409249391022,121.47905960037299,122.54003143310547,2653500,122.69848617553711,103.42530017852783,120.6095458984375,1.818818546776868,116.97190880488377,124.24718299199124,54.50037077835895
2013-05-23 19:00:00,122.54002447791383,123.99024514899928,122.4207483749613,123.14271545410156,1664125,122.65993927001954,103.67004722595215,120.62932205200195,1.8452429706863085,116.93883611062934,124.31980799337457,54.8998189702605
2013-05-26 19:00:00,123.14270835345968,123.99023799948723,121.1651391793954,121.57321166992188,857875,122.5896257019043,103.90572357177734,120.64941101074218,1.8536235260400629,116.94216395866206,124.3566580628223,52.5731404830305
2013-05-27 19:00:00,121.57321811864321,123.89607860218896,121.57321811864321,122.54631042480469,822875,122.5450518798828,104.14569862365722,120.7357334136963,1.901559276061237,116.93261486157382,124.53885196581876,54.23562414555047
2013-05-28 19:00:00,122.54629132923019,123.927443958038,121.79292772986616,121.95616149902344,487375,122.5200651550293,104.37586151123047,120.78627090454101,1.9207595112720859,116.94475188199684,124.62778992708519,52.997122765228816
2013-05-29 19:00:00,121.95617803513856,123.35616644054433,121.19653979528657,121.9687271118164,585500,122.47536590576172,104.60847381591798,120.86600151062012,1.9357878267844941,116.99442585705114,124.7375771641891,51.249999000608426
2013-05-30 19:00:00,121.96873672852993,122.8916088324367,121.29071533086397,121.60462188720703,606375,122.41082855224609,104.84001140594482,120.89896202087402,1.9428105235357032,117.01334097380261,124.78458306794543,44.02044076278254
2013-06-02 19:00:00,121.85570397149068,124.7435836791992,121.85570397149068,124.74358367919922,2349875,122.42338409423829,105.09189762115479,121.06658210754395,2.1237088616123527,116.81916438431925,125.31399983076865,63.22985935556944
2013-06-03 19:00:00,123.36246216836497,125.79832458496094,123.36246216836497,125.79832458496094,1164500,122.48051406860351,105.35001216888428,121.32586402893067,2.3678934708062087,116.59007708731825,126.06165097054308,74.80094821121888
2013-06-04 19:00:00,123.69517491709341,124.30414043530928,122.42074908526011,122.5588607788086,394500,122.49872009277344,105.59148193359376,121.40841903686524,2.3812937022451326,116.64583163237498,126.1710064413555,64.34925667444793
2013-06-05 19:00:00,122.55886806744577,123.61357734461794,122.27008361180198,123.0987777709961,341250,122.40819122314453,105.83591983795166,121.52487640380859,2.40524262517154,116.71439115346551,126.33536165415167,66.5199499251469
2013-06-06 19:00:00,123.09877218872376,124.92566876917185,123.04855193114419,123.72029876708984,737500,122.38245132446289,106.08385314941407,121.63631134033203,2.4547383478094975,116.72683464471304,126.54578803595102,65.4316729503754
2013-06-09 19:00:00,123.72028040526614,124.29784920464287,122.48351394501762,122.69068145751953,184500,122.3189176940918,106.32365516662598,121.58734283447265,2.4215774054344608,116.74418802360373,126.43049764534157,57.46945274488235
2013-06-10 19:00:00,122.69070048520666,123.23688470653755,121.98129443849788,122.30147552490234,88000,122.20993240356445,106.55998962402344,121.68998908996582,2.4052967949219743,116.87939550012187,126.50058267980977,47.65192668668533
2013-06-11 19:00:00,122.73462686094652,126.97227478027344,122.73462686094652,126.97227478027344,2231625,122.2683172607422,106.82066265106201,122.13980598449707,2.5129690382495147,117.11386790799804,127.1657440609961,61.79018075856657
2013-06-12 19:00:00,124.42969266288327,127.7570298760942,124.11579812218622,125.87362670898438,1703625,122.27534866333008,107.07294857025147,122.56859169006347,2.370938037370267,117.82671561532294,127.310467764804,57.077724346299256
2013-06-13 19:00:00,125.8736107698356,128.00185236713844,119.90953143164808,123.0673599243164,2155500,122.10747467041016,107.31356002807617,122.87338714599609,1.9717528220833376,118.92988150182941,126.81689279016277,53.63910531684991
2013-06-16 19:00:00,120.03512737609637,122.67188262939453,120.03512737609637,122.67188262939453,504875,122.0318881225586,107.55114990234375,123.09814071655273,1.6357980494347897,119.82654461768315,126.36973681542231,50.31469460722923
2013-06-17 19:00:00,120.54990590454445,121.98129098336214,119.59564918533266,119.84049987792969,343625,121.9173777770996,107.77073448181153,123.082759475708,1.6661611656071422,119.75043714449372,126.41508180692229,45.23342310572125
2013-06-18 19:00:00,120.46827631023022,122.23239135742188,120.46827631023022,122.23239135742188,466500,121.84568252563477,108.0067533493042,123.04509086608887,1.6769506600674444,119.69118954595397,126.39899218622377,50.53651363476461
2013-06-19 19:00:00,121.22163187855661,121.71759574262998,119.28800864442655,119.57051849365234,182875,121.6650015258789,108.21171260833741,122.89661521911621,1.8468718160757682,119.20287158696468,126.59035885126775,46.214884462079
2013-06-20 19:00:00,119.57053617655694,119.62704294448191,116.89612198097075,117.14096069335938,263875,121.49813232421874,108.41395107269287,122.59652748107911,2.2486687907466543,118.0991898995858,127.09386506257242,35.46919397554487
2013-06-23 19:00:00,117.14097030072249,118.46562843049226,111.2898790052982,111.4405517578125,297250,121.25002639770508,108.58357070922851,122.08989448547364,3.3587967341320204,115.3723010172096,128.80748795373768,26.69648977861256
2013-06-24 19:00:00,111.44055505119783,113.31139747375407,106.28633256777444,107.29080963134766,995500,120.95358001708985,108.73363491058349,121.32711944580078,4.71010602355851,111.90690739868376,130.7473314929178,25.930283465476094
2013-06-25 19:00:00,107.29081239775209,109.23698526181676,106.85135516789667,107.32848358154297,506750,120.68249725341796,108.88776565551758,120.59573554992676,5.649334103295801,109.29706734333516,131.89440375651836,24.738481016989752
2013-06-26 19:00:00,107.32847015472088,109.42531551732165,104.84866241154823,108.63429260253906,572375,120.51763717651367,109.05117004394532,119.92901382446288,6.235236013652492,107.4585417971579,132.39948585176788,26.3530018433473
2013-06-27 19:00:00,108.63428450063779,110.93202268977468,106.72577122714428,108.32665252685547,711125,120.32301925659179,109.2150350189209,119.2651153564453,6.73434674891019,105.79642185862492,132.73380885426567,26.963280188921658
2013-06-30 19:00:00,108.32665440710184,109.86476640547455,108.01275986423848,109.1427993774414,187875,120.05997161865234,109.37623859405518,118.48507614135742,6.965915282099879,104.55324557715767,132.41690670555718,29.181495349213364
2013-07-01 19:00:00,109.51947532211472,111.30870056152344,109.51947532211472,111.30870056152344,397500,119.86083328247071,109.55513313293457,117.76059494018554,6.9186051304792855,103.92338467922697,131.59780520114413,23.08518013166271
2013-07-02 19:00:00,110.93203097868947,112.62080383300781,110.93203097868947,112.62080383300781,306000,119.69057418823242,109.74020030975342,117.26369209289551,6.9127292608895505,103.43823357111641,131.08915061467462,27.39342305475894
2013-07-03 19:00:00,112.1248502524594,117.33557891845703,112.1248502524594,117.33557891845703,1079750,119.61385711669922,109.94057781219482,116.97553215026855,6.775446812405687,103.42463852545717,130.52642577507993,40.820450436668736
2013-07-04 19:00:00,118.71673005066685,122.0440673828125,118.71673005066685,122.0440673828125,1404000,119.59979461669921,110.1705537033081,116.89172058105468,6.697543130654228,103.49663431974622,130.28680684236315,49.11658417845195
2013-07-07 19:00:00,120.85123096598896,123.60726165771484,120.85123096598896,123.60726165771484,1376000,119.64851119995117,110.40225975036621,116.93754959106445,6.742298274775879,103.4529530415127,130.4221461406162,55.49648212764091
2013-07-08 19:00:00,123.55081235673815,124.79385375976562,123.55081235673815,124.79385375976562,1006875,119.72799102783203,110.64153957366943,117.06216850280762,6.868510720362829,103.32514706208197,130.7991899435333,53.8739710903742
2013-07-09 19:00:00,123.72657886792723,129.910400390625,123.04855746288077,129.910400390625,3030125,119.90729080200195,110.90207637786865,117.20907478332519,7.1184991687943615,102.97207644573646,131.44607312091392,64.55723531445014
2013-07-10 19:00:00,131.27271456672983,136.23233032226562,131.27271456672983,136.23233032226562,3188625,120.22445510864257,111.20624534606934,117.72700996398926,8.092336309927315,101.54233734413464,133.91168258384388,74.22335236086168
2013-07-11 19:00:00,133.3632783834926,140.03050231933594,133.0996040783326,140.03050231933594,2459875,120.60615692138671,111.53182163238526,118.57516708374024,9.45563395313235,99.66389917747554,137.48643499000494,88.11514177294603
2013-07-14 19:00:00,142.0394563812091,147.03045654296875,142.0394563812091,147.03045654296875,2707375,121.11894241333007,111.89245735168457,119.79309577941895,11.383331927007859,97.02643192540323,142.55975963343468,99.237664151385
2013-07-15 19:00:00,146.50937165975444,153.65372342946256,142.82419422010895,148.21697998046875,3996500,121.67102828979492,112.25830966949462,121.2119197845459,13.037755667824587,95.13640844889673,147.28743112019507,99.2587660659969
2013-07-16 19:00:00,148.21698979143594,150.5147401129625,140.80897521972656,140.80897521972656,3446875,122.0690525817871,112.58637615203857,122.14074897766113,13.756198852120976,94.62835127341918,149.65314668190308,83.79269561092406
2013-07-17 19:00:00,140.80896983141344,143.68427693101467,138.49238400910505,140.39462280273438,2422500,122.46155242919922,112.90589725494385,123.18195419311523,14.327637608169807,94.52667897677561,151.83722940945484,83.60528811536415
2013-07-18 19:00:00,140.6269301280391,143.4457550048828,140.6269301280391,143.4457550048828,1182500,122.90063552856445,113.22525062561036,124.4971939086914,14.93824780092704,94.62069830683731,154.3736895105455,84.33889472639898
2013-07-21 19:00:00,140.92825229954866,143.45200576315307,140.63318135360845,141.36143493652344,1286750,123.25446319580078,113.51431392669677,125.99323806762695,15.059596448348573,95.8740451709298,156.1124309643241,80.13343843252069
2013-07-22 19:00:00,142.5102892002342,148.4241485595703,142.5102892002342,148.4241485595703,1886875,123.81797515869141,113.81780807495117,128.04990501403807,15.179287820596006,97.69132937284607,158.40848065523008,82.18758505043766
2013-07-23 19:00:00,151.99005588388133,155.84474182128906,151.99005588388133,155.84474182128906,1139000,124.57535125732421,114.13970031738282,130.4757179260254,15.565293845348398,99.3451302353286,161.60630561672218,83.01397523876476
2013-07-24 19:00:00,156.32186666479734,163.63572692871094,156.32186666479734,163.63572692871094,4344625,125.50210754394531,114.48563125610352,133.22578964233398,16.342662163714408,100.54046531490516,165.9111139697628,83.86666398292944
2013-07-25 19:00:00,162.29853971059464,170.4096989789438,160.4025870654707,168.39447021484375,4097125,126.5305679321289,114.85535591125489,136.2291805267334,17.030980213121108,102.16722010049116,170.2911409529756,84.66471996764031
2013-07-28 19:00:00,168.3944260021324,176.348635878442,167.62223876541862,171.26974487304688,2452125,127.5924266052246,115.23587707519532,139.33552780151368,17.49016669820273,104.35519440510822,174.31586119791913,85.05537790389869
2013-07-29 19:00:00,171.26978062384097,173.7558631393431,162.7066035234523,165.06712341308594,3188000,128.49080657958984,115.6159496307373,142.0234489440918,17.082348935131776,107.85875107382824,176.18814681435535,76.09020839952993
2013-07-30 19:00:00,165.06709641890978,167.62224634280193,158.20526648026944,162.995361328125,3638875,129.29099853515626,115.98454750061035,144.54217681884765,16.210380081040583,112.12141665676648,176.96293698092882,71.19838915921557
2013-07-31 19:00:00,162.99538416156054,165.6133037805458,158.8330778086774,160.18284606933594,1472500,130.04385482788086,116.3401676940918,146.6845401763916,15.22703477931492,116.23047061776177,177.13860973502145,66.21540654173708
2013-08-04 19:00:00,160.18284561256274,162.91377876897886,153.18289105769318,161.55772399902344,1220500,130.8121549987793,116.70594814300537,148.66022300720215,14.40281664669937,119.8545897138034,177.46585630060088,62.852708715999476
2013-08-05 19:00:00,161.5576986777043,165.04826958695642,158.2052633956597,159.31646728515625,1371250,131.567020111084,117.04452705383301,150.44568328857423,13.305180473500112,123.835322341574,177.05604423557446,59.64013430688508
2013-08-06 19:00:00,159.31648667040957,167.27697225766752,158.8330717879068,166.517333984375,2077125,132.4464405822754,117.42217918395995,152.5318572998047,12.304829772825174,127.92219775415435,177.14151684545504,72.40887010986421
2013-08-11 19:00:00,166.51733104939433,173.115499233631,165.7388571996672,170.17739868164062,2493125,133.41086532592774,117.79540969848632,154.54520721435546,11.687445219509533,131.1703167753364,177.9200976533745,74.57011451192703
2013-08-12 19:00:00,170.17737890931645,172.29933418538954,162.16038762436284,164.26351928710938,2888000,134.2567611694336,118.11520191192626,155.94676666259767,11.038516040523882,133.8697345815499,178.02379874364544,66.39956572757819
2013-08-14 19:00:00,156.05192755522413,158.83306884765625,156.05192755522413,158.83306884765625,1961875,135.00133010864258,118.38403503417969,156.88689498901368,10.393455267156954,136.09998445469978,177.6738055233276,63.07432038188647
2013-08-15 19:00:00,156.0519178410496,157.2007929532817,150.99813662402116,153.87973022460938,1778375,135.58405303955078,118.62001079559326,157.2293586730957,10.161854288410277,136.90565009627514,177.55306724991627,54.215588967076535
2013-08-18 19:00:00,153.87974256649346,154.11830675114936,150.92281834851713,151.87078857421875,719250,136.10550231933593,118.85347450256347,157.41204910278321,10.023199817218893,137.36564946834542,177.458448737221,46.64903068583465
2013-08-19 19:00:00,151.92099147529538,159.1783447265625,151.92099147529538,159.1783447265625,2138125,136.837891998291,119.11464141845703,158.330517578125,9.232129844939015,139.866257888247,176.79477726800303,46.210491986509666
2013-08-20 19:00:00,156.66086264825483,158.14246769938794,151.99631894695926,152.7308349609375,751875,137.43053314208984,119.3464225769043,158.94732818603515,8.33970599475849,142.26791619651817,175.62674017555213,37.05504278953682
2013-08-21 19:00:00,152.7308582795891,154.44475318916142,145.09682877319796,147.1748504638672,1440375,137.89962417602538,119.55067184448242,159.13378295898437,8.010060708365824,143.11366154225271,175.15390437571602,30.932039758773385
2013-08-22 19:00:00,147.17487330870583,150.04390636360185,143.45829848766914,146.6789093017578,1227000,138.37938873291014,119.77265254974365,159.3996566772461,7.458354994963968,144.48294668731816,174.31636666717404,34.00327822022483
2013-08-25 19:00:00,147.53896623175265,151.425048828125,147.53896623175265,151.425048828125,837375,138.96186019897462,120.02546257019043,159.54970169067383,7.253298513424892,145.04310466382404,174.05629871752362,40.38200929185737
2013-08-26 19:00:00,150.35779743720215,151.92729422892947,143.28877536155338,144.65737915039062,477375,139.31556228637695,120.26235137939453,158.9903335571289,7.951805938559666,143.0867216800096,174.89394543424822,37.89049715185196
2013-08-27 19:00:00,137.4251405939593,144.38743591308594,137.4251405939593,144.38743591308594,1658625,139.68583847045898,120.50077335357666,158.02791900634764,8.505519077201951,141.01688085194374,175.03895716075155,36.372688216108656
2013-08-28 19:00:00,140.81525516072756,142.51031458276117,137.17402305467965,137.86459350585938,238875,139.98178314208985,120.69415069580079,156.50142517089844,9.253801163127346,137.99382284464374,175.00902749715314,34.05803050618053
2013-08-29 19:00:00,137.8645778410651,139.3713051389896,135.6045108427963,136.23858642578125,354250,140.25311721801756,120.85568408966064,154.74986724853517,9.619454376268488,135.51095849599818,173.98877600107215,25.465419974668535
2013-09-01 19:00:00,136.23859585300445,136.35787195292627,129.64042784661808,131.184814453125,348125,140.48000350952148,120.99126670837403,153.0557518005371,10.636603986402907,131.7825438277313,174.32895977334292,19.102536200342414
2013-09-02 19:00:00,131.18482199837538,134.9139455910703,128.07093847861142,130.68885803222656,551750,140.64913284301758,121.11510101318359,151.4404266357422,11.468276919235768,128.50387279727067,174.37698047421372,20.896787012290986
2013-09-03 19:00:00,130.68886541189414,133.56418490614536,128.7301315401003,131.86912536621094,400750,140.89510498046874,121.23203422546386,150.02474060058594,12.064364077415794,125.89601244575435,174.15346875541752,24.767920596531226
2013-09-04 19:00:00,131.86911261000665,138.4610061917666,131.83772794347843,137.2744598388672,956250,141.2977749633789,121.38851753234863,148.81057739257812,12.064530088296415,124.6815172159853,172.93963756917094,34.59161172282535
2013-09-05 19:00:00,138.11571929782585,144.1363067626953,138.11571929782585,144.1363067626953,992750,141.95169006347658,121.57974395751953,148.05156936645508,11.84429255977391,124.36298424690726,171.7401544860029,43.41597969331629
2013-09-08 19:00:00,145.02151110692293,149.40982055664062,145.02151110692293,149.40982055664062,758625,142.7940702819824,121.8073196029663,147.19619369506836,11.030305361941895,125.13558297118456,169.25680441895216,41.386195631406295
2013-09-09 19:00:00,149.0393919904604,154.1245574951172,149.0393919904604,154.1245574951172,1134500,143.7299917602539,122.0615686416626,146.3935516357422,9.783624470939545,126.82630269386311,165.96080057762128,51.26771299241001
2013-09-10 19:00:00,153.52191418163932,154.12459324147076,150.23224757318116,152.91294860839844,690125,144.6155648803711,122.31155757904052,145.82602310180664,8.989443716377666,127.84713566905131,163.80491053456197,55.66719251744682
2013-09-11 19:00:00,152.9129495650087,153.18289843965528,146.91747175312196,148.1856231689453,316750,145.41274429321288,122.53914989471436,145.29365081787108,8.479411401918334,128.33482801403443,162.25247362170774,51.37331138497724
2013-09-12 19:00:00,148.1856053095021,149.40353631681717,144.39370059731021,147.80892944335938,132625,146.18606689453125,122.76851654052734,144.9901107788086,8.261741477613313,128.46662782358197,161.51359373403523,46.41879863996978
2013-09-15 19:00:00,147.80891648122434,148.16048218870156,145.6492900107864,147.53895568847656,108625,146.91067199707032,123.00043907165528,144.77351913452148,8.12755455309508,128.51841002833132,161.02862824071164,53.27527639540091
2013-09-16 19:00:00,147.53894736258854,148.72549353267414,144.40624083554144,145.4169921875,108500,147.56659576416016,123.2072135925293,144.08545150756837,7.393211798687386,129.2990279101936,158.87187510494314,51.122943816028474
2013-09-17 19:00:00,145.41702126599714,145.96916482026558,138.4485829786973,139.72422790527344,344375,148.01436874389648,123.37269088745117,143.43512115478515,7.161119650045734,129.11288185469368,157.75736045487662,52.065720394414576
2013-09-18 19:00:00,139.72422876599714,146.7053530946986,137.40140791928138,146.0072479248047,725125,148.49363235473632,123.58247859954834,143.37674102783203,7.1337343665393,129.10927229475342,157.64420976091063,59.83380505564664
2013-09-19 19:00:00,146.54032861903076,151.46519470214844,146.54032861903076,151.46519470214844,1202125,149.050791015625,123.81955604553222,143.61605529785157,7.3279798873908,128.96009552306998,158.27201507263317,70.2508333635525
2013-09-22 19:00:00,149.00909824258366,149.45969318303514,146.495891162564,147.56845092773438,272125,149.50628295898437,124.03609584808349,143.42322540283203,7.160505272016973,129.10221485879808,157.74423594686598,65.78306755258663
2013-09-23 19:00:00,147.56848589786296,150.22131218710848,141.27911160466326,142.0406951904297,1177875,149.74888885498046,124.20924968719483,143.292391204834,7.160673967946656,128.9710432689407,157.6137391407273,58.79570546254102
2013-09-24 19:00:00,142.040672042605,142.78955740283214,138.9880073027129,141.14581298828125,513375,149.8471585083008,124.39197143554688,143.13031005859375,7.171262279685364,128.78778549922302,157.47283461796448,53.630929295675884
2013-09-25 19:00:00,141.14582707814304,142.0977974215221,134.86280828588968,138.2391357421875,374750,149.81133117675782,124.56477855682373,143.14903717041017,7.157262973931174,128.83451122254783,157.4635631182725,44.025834662979825
2013-09-26 19:00:00,138.23914608804765,140.88562940898646,134.54549894250968,135.18649291992188,593750,149.57445190429686,124.72201244354248,143.0964324951172,7.214365379289413,128.66770173653836,157.52516325369604,34.912053070518766
2013-09-29 19:00:00,128.42747385513016,135.02146911621094,128.42747385513016,135.02146911621094,547250,149.31054168701172,124.87122955322266,143.28826522827148,6.926215196187523,129.43583483589643,157.14069562064654,27.570648676461516
2013-09-30 19:00:00,128.4655506925158,134.53912926940825,123.50259002329977,133.1873321533203,2122750,149.1581088256836,125.00275142669678,143.41318893432617,6.706039503314539,130.0011099276971,156.82526794095526,27.173414793494956
2013-10-01 19:00:00,133.18733782033726,136.06864508209148,132.32421787308394,133.8727569580078,1360875,149.02767150878907,125.12886581420898,143.51337051391602,6.537350429938716,130.4386696540386,156.58807137379344,31.727781327432254
2013-10-02 19:00:00,133.8727627130882,133.91084491819586,128.5480569857067,131.18185424804688,552625,148.78239349365234,125.25674598693848,143.208740234375,6.97094857659259,129.26684308118982,157.15063738756018,29.957651933620355
2013-10-03 19:00:00,131.18185133750143,132.22901511504583,125.18442467940528,127.36761474609375,579375,148.50251708984376,125.36648490905762,142.37030563354492,7.811293384938475,126.74771886366797,157.99289240342188,27.599407733958813
2013-10-06 19:00:00,127.36761199189155,127.56435390304785,124.32764502478857,124.63227844238281,237250,148.0266796875,125.45947822570801,141.13142852783204,8.564603690670843,124.00222114649036,158.26063590917374,27.228468764742644
2013-10-07 19:00:00,124.74017264620706,127.36761474609375,124.74017264620706,127.36761474609375,462375,147.4571371459961,125.56636516571045,139.79358139038087,8.517847397271586,122.75788659583769,156.82927618492403,35.52414105991211
2013-10-08 19:00:00,126.69488417590308,129.46830004538035,125.78733898886817,126.27601623535156,802750,146.7099429321289,125.67383892059325,138.46173477172852,8.440663557688918,121.58040765635067,155.34306188710636,23.68372423943447
2013-10-09 19:00:00,126.2759933404848,127.94512180087784,123.19160160065256,124.86707305908203,479125,145.83939498901367,125.77643787384034,137.29580726623536,8.635070191852892,120.02566688252958,154.56594764994114,10.229657716254223
2013-10-10 19:00:00,125.75559825366999,128.48458862304688,125.75559825366999,128.48458862304688,480750,144.98369186401368,125.8956674194336,136.32959022521973,8.476483369038823,119.37662348714208,153.28255696329737,21.224935015214882
2013-10-13 19:00:00,126.26966689572389,126.58064330968902,123.75645937861168,124.39745330810547,140750,144.17029846191406,125.99545322418213,135.17251510620116,8.445223491184693,118.28206812383178,152.06296208857054,22.188909549961437
2013-10-20 19:00:00,124.3974390694947,128.19898911429425,121.85250474437787,122.77909088134766,408500,143.36597305297852,126.08751926422119,134.04062004089354,8.516665152497863,117.00728973589781,151.07395034588927,21.694100162143542
2013-10-21 19:00:00,122.7791183507438,123.69300659093584,116.68014269837882,116.80072021484375,741750,142.49833053588867,126.15204940795898,132.89444465637206,9.224608131714506,114.44522839294305,151.34366091980107,19.817775140719107
2013-10-22 19:00:00,116.80071131661464,118.4888811532408,114.87138646543053,116.90225982666016,619000,141.6052212524414,126.21761421203614,131.43919525146484,9.342105752569216,112.7549837463264,150.12340675660326,21.925579592948893
2013-10-23 19:00:00,117.40364495657397,120.41822814941406,117.40364495657397,120.41822814941406,894500,140.82725646972656,126.31405715942383,129.88684692382813,8.368013073637853,113.15082077655242,146.62287307110384,29.66961137572848
2013-10-24 19:00:00,117.72729159596751,118.96486633585316,114.55404910437854,115.13793182373047,520250,139.79966842651368,126.38437767028809,128.26532096862792,7.889879130626659,112.4855627073746,144.04507922988122,27.0719566375745
2013-10-27 19:00:00,117.72729159596751,118.96486633585316,114.55404910437854,115.13793182373047,520250,138.69887908935547,126.4501413345337,126.92018280029296,7.70895971613451,111.50226336802395,142.338102232562,25.779494172842263
2013-10-28 19:00:00,114.0971174672007,115.93759192053449,112.98647527013915,115.42353057861328,433000,137.72207931518554,126.51996788024903,125.63406867980957,7.347952832117351,110.93816301557487,140.32997434404427,28.276510813075177
2013-10-29 19:00:00,115.4235373663587,116.39454890540138,114.30655210450116,114.4842529296875,206500,136.83510299682618,126.57958030700684,124.44632453918457,7.119549654519617,110.20722523014534,138.68542384822382,30.71080369899748
2013-10-30 19:00:00,114.48424561241306,117.9113534876097,113.63382374765068,117.34651184082031,362875,136.1044386291504,126.65607688903809,123.5543254852295,6.814128648934457,109.92606818736058,137.1825827830984,39.132923454796305
2013-10-31 19:00:00,117.34651851537312,121.21787864534026,116.14068284940682,116.66744232177734,1089000,135.40037170410156,126.73485084533691,122.63662414550781,6.412589990402881,109.81144416470205,135.46180412631358,32.997211892530686
2013-11-03 19:00:00,112.33279716341151,114.99832153320312,112.33279716341151,114.99832153320312,302000,134.51677124023436,126.81913555145263,121.72717361450195,6.120668691019772,109.4858362324624,133.96851099654148,32.4025
2013-11-04 19:00:00,113.76073732213246,116.93397978138256,113.44341791819119,115.8677749633789,537250,133.7795100402832,126.90978240966797,120.82692451477051,5.53647003369829,109.75398444737394,131.89986458216708,35.717198703505304
2013-11-05 19:00:00,116.26760902169578,119.31391906738281,116.26760902169578,119.31391906738281,1057500,133.2222914123535,127.03966892242431,120.2335277557373,4.975834918974582,110.28185791778813,130.18519759368647,35.36560837980474
2013-11-06 19:00:00,118.81891162115636,121.02748603679812,117.4036479552104,117.91770935058594,880000,132.6470674133301,127.15141494750976,119.76103248596192,4.7039877359383295,110.35305701408527,129.16900795783857,38.68825751753873
2013-11-07 19:00:00,117.91771370278371,119.61222678559234,116.80072834923752,118.26042938232422,229750,131.98377502441406,127.24906532287598,119.44244003295898,4.5705882453482385,110.3012635422625,128.58361652365545,41.744031090740805
2013-11-10 19:00:00,118.74274288861896,122.93143463134766,118.74274288861896,122.93143463134766,997375,131.54925613403321,127.3518745803833,119.22063102722169,4.263035523606842,110.694559980008,127.74670207443538,61.76329452174914
2013-11-11 19:00:00,120.79900523242223,121.85252412958195,118.07635758156779,118.58407592773438,440125,131.03318893432618,127.43477603912353,118.83603401184082,3.9267263069885794,110.98258139786367,126.68948662581798,52.77486367935703
2013-11-12 19:00:00,118.58408061755694,120.90054642011472,117.2576674449231,119.30123901367188,355000,130.66192184448244,127.5077788925171,118.55774230957032,3.6653316686520756,111.22707897226617,125.88840564687446,47.96952977124307
2013-11-17 19:00:00,119.31391601053534,125.26057434082033,119.31391601053534,125.26057434082031,1529125,130.4423616027832,127.60998947143554,118.39654159545898,3.25353600908966,111.88946957727967,124.9036136136383,67.95768099794626
2013-11-18 19:00:00,124.70844135056277,128.8209686279297,124.70844135056277,128.8209686279297,1184000,130.3950846862793,127.73415576934815,118.61771736145019,3.789207651305376,111.03930205883944,126.19613266406094,71.5514090117631
2013-11-19 19:00:00,127.9260902693141,131.05490743931952,127.56434567485415,128.59246826171875,1073125,130.35315689086914,127.86074436187744,118.90838623046875,4.3121166861927085,110.28415285808333,127.53261960285417,70.77905365012035
2013-11-20 19:00:00,128.59246727417056,130.4075695459187,128.23706568095076,128.88441467285156,448750,130.29346267700194,127.98494892120361,119.51257095336913,4.818116905867851,109.87633714163343,129.14880476510484,73.1956287279738
2013-11-21 19:00:00,128.9923260557449,131.11839294433594,128.9923260557449,131.11839294433594,574250,130.17034133911133,128.1201374435425,120.22337760925294,5.423376389203372,109.3766248308462,131.07013038765967,72.64188525754011
2013-11-24 19:00:00,129.28426068929915,132.2290223731202,129.15732807142945,130.6297149658203,1194125,129.90020950317384,128.23787921905517,120.73395195007325,5.902218071093074,108.9295158078871,132.5383880922594,73.09951204907328
2013-11-25 19:00:00,130.62971844253525,131.05492940825903,128.67499723218305,129.13829040527344,499000,129.49477890014649,128.34865982055663,121.4339698791504,6.032387790351942,109.36919429844652,133.4987454598543,73.5318570389602
2013-11-26 19:00:00,129.13828741504395,129.27156303278005,126.16812951340428,126.73297119140625,407125,128.94694717407228,128.44756881713866,122.01372184753419,5.9520956920790695,110.10953046337605,133.91791323169232,67.20255735482309
2013-11-27 19:00:00,127.0883809001855,130.60433959960938,127.0883809001855,130.60433959960938,556625,128.50077499389647,128.53911392211913,122.77276229858398,6.034840353273107,110.70308159203778,134.8424430051302,67.63830472952164
2013-11-28 19:00:00,129.87447809618254,133.75218095593138,129.7856276903932,131.47378540039062,1331125,128.1665382385254,128.651435508728,123.62223892211914,6.002380529868824,111.61747786238149,135.62699998185678,71.53218347791355
2013-12-01 19:00:00,131.47379495552866,132.9588799658935,130.83280096646857,131.6768798828125,471375,127.84389724731446,128.7620757293701,124.33875732421875,6.06876119621672,112.20123493178531,136.4762797166522,71.40535004419783
2013-12-02 19:00:00,132.00690150242534,138.25819396972656,132.00690150242534,138.25819396972656,2746875,127.65828201293945,128.90081771850586,125.41829490661621,6.53476936130223,112.34875618401175,138.48783362922066,73.04822908384588
2013-12-03 19:00:00,138.18835655517915,140.19384558917545,134.76760416884423,135.1293487548828,1908125,127.45252914428711,129.02366748809814,126.42484626770019,6.394186547145275,113.63647317340964,139.21321936199075,75.82712413614708
2013-12-04 19:00:00,135.12935528024573,136.1321058981458,134.3614287676674,135.1547393798828,565000,127.3611393737793,129.14304843902588,127.38919448852539,6.168624941886515,115.05194460475236,139.72644437229843,75.29353623830542
2013-12-05 19:00:00,135.15474613652938,136.95715045541996,131.37224879240566,132.88270568847656,1132125,127.09864852905274,129.2459853744507,128.06763381958007,5.976928156000643,116.11377750757879,140.02149013158134,63.782375299638446
2013-12-08 19:00:00,132.89541397405796,134.54550170898438,132.89541397405796,134.54550170898438,420625,126.76025466918945,129.35515941619872,128.8990234375,5.637596376529299,117.6238306844414,140.1742161905586,61.11381347451718
2013-12-09 19:00:00,133.1810102315074,135.17380157096983,132.95888419382723,133.35235595703125,984375,126.4759327697754,129.45954566955567,129.65361976623535,5.125434717688028,119.40275033085929,139.9044892016114,58.90738200454358
2013-12-10 19:00:00,133.35235084599896,134.85647694987713,133.28254153754096,133.676025390625,376375,126.3086393737793,129.56372135162354,130.19084930419922,4.943636006606763,120.30357729098569,140.07812131741275,58.95611312624742
2013-12-11 19:00:00,133.67601954504394,134.7993477455475,131.68957136824207,131.9116973876953,935500,126.12395706176758,129.65575870513916,130.85723037719725,4.1276605938053965,122.60190918958646,139.11255156480806,51.50928212863647
2013-12-12 19:00:00,131.91170601704314,134.16470556457472,131.70227808712704,132.7748260498047,907125,126.01467086791992,129.73974311828613,131.5309097290039,3.1184798672307705,125.29394999454236,137.76786946346544,54.023797829504225
2013-12-15 19:00:00,132.77481997306987,134.67241777937897,132.07671480033892,132.41941833496094,1326875,125.95932937622071,129.81776569366454,131.88885192871095,2.7499598682247166,126.38893219226152,137.3887716651604,56.42872176566819
2013-12-16 19:00:00,132.4194262552992,133.91085430867852,132.10844980335358,132.7938690185547,650125,125.91477737426757,129.90503822326662,132.08749694824218,2.6586626769872113,126.77017159426775,137.4048223022166,62.90188568195268
2013-12-17 19:00:00,132.7938439034274,138.82300918300524,132.46382641000847,137.9662322998047,3707375,126.01035537719727,130.02291526794434,132.5561851501465,2.830772524019215,126.89464010210806,138.2177301981849,64.848864242807
2013-12-18 19:00:00,137.96625611578628,138.67071642324802,133.2825441001042,134.18374633789062,1431875,126.01657516479492,130.1273666381836,132.82115173339844,2.7146299519961308,127.39189182940618,138.2504116373907,54.891192988408754
2013-12-19 19:00:00,134.18374843229984,134.44395667694823,132.70501848449538,133.682373046875,660250,126.06658554077148,130.22475440979005,132.9493507385254,2.690418816036321,127.56851310645276,138.33018837059805,53.58114411767271
2013-12-22 19:00:00,133.68234546582465,133.8981284585723,131.68321154614148,132.08303833007812,441500,126.16089401245117,130.3137425994873,133.0220169067383,2.643690545818239,127.73463581510181,138.30939799837478,36.5866851567425
2013-12-23 19:00:00,132.08305107885553,132.63519461067457,129.1509756086883,130.42662048339844,956625,126.27678085327149,130.39795150756837,133.08643341064453,2.5583985088900074,127.96963639286452,138.20323042842455,39.086936815716044
2013-12-25 19:00:00,130.42659803346598,131.37222522610486,128.73842852396618,130.54083251953125,987500,126.34024520874023,130.45433677673338,133.27682647705078,2.1734191715064184,128.92998813403793,137.62366482006362,39.337010651810694
2013-12-26 19:00:00,130.540855624753,133.2000368939089,129.96967098837146,132.0640106201172,974625,126.45600509643555,130.48854835510255,133.34981002807618,2.1022978809499935,129.1452142661762,137.55440578997616,48.0401138512161
2013-12-29 19:00:00,132.0640125780311,133.5808245969114,130.73759947575408,131.82284545898438,550875,126.5951205444336,130.519725151062,133.36726303100585,2.087299079143135,129.19266487271958,137.54186118929212,43.00615536093368
2013-12-30 19:00:00,131.82283893394967,133.24445747664035,131.4420532245516,131.79745483398438,475375,126.66137786865234,130.52470516204835,133.37329177856446,2.0823279879909853,129.2086358025825,137.53794775454642,45.7509177670698
2013-12-31 19:00:00,131.86094113701293,135.56094360351562,131.86094113701293,135.56094360351562,1429125,126.88464767456054,130.5832209777832,133.2384292602539,1.8201431443842337,129.59814297148543,136.87871554902236,54.33579167421298
2014-01-01 19:00:00,134.8628189683496,138.16299438476562,134.8628189683496,138.16299438476562,1885500,127.1923257446289,130.65251529693603,133.39011154174804,2.09210439377922,129.2059027541896,137.5743203293065,63.845957825905636
2014-01-02 19:00:00,135.94803642560703,136.95712994147735,135.44031816865365,135.69418334960938,457250,127.57019500732422,130.70271663665773,133.41708374023438,2.1193519440692734,129.17837985209582,137.65578762837293,56.03668652570347
2014-01-05 19:00:00,135.81478959199416,137.642578125,135.81478959199416,137.642578125,1065125,127.98500137329101,130.7655792236328,133.65507736206055,2.3144605396991422,129.02615628266227,138.28399844145883,60.132960977865295
2014-01-06 19:00:00,136.71596858636147,139.87016975157042,136.4494173981713,137.7885284423828,1960250,128.3324073791504,130.82907741546632,133.81722869873047,2.4872784260249396,128.8426718466806,138.79178555078036,59.77634443029415
2014-01-07 19:00:00,137.78853384374392,140.95542112970017,137.40139304288675,139.43226623535156,1715375,128.81829406738282,130.90236373901368,134.1212242126465,2.781601203253506,128.5580218061395,139.6844266191535,53.329475201685575
2014-01-08 19:00:00,139.4322917180243,143.1132530783397,138.0360691692706,142.17398071289062,2573000,129.35901504516602,130.99720615386963,134.54612197875977,3.3090523596009094,127.92801725955795,141.1642266979616,69.04684308236678
2014-01-09 19:00:00,142.17394733198907,142.63089740800677,139.6226578720884,139.80670166015625,909875,129.84667846679687,131.07522121429443,134.9408721923828,3.4463075120775475,128.0482571682277,141.83348721653792,63.406363483321705
2014-01-12 19:00:00,139.80672510716946,141.9708862542658,139.78134100507103,140.37156677246094,656250,130.36442474365234,131.15292160034178,135.32070922851562,3.6097735614811355,128.10116210555336,142.5402563514779,69.0045839365596
2014-01-14 19:00:00,140.37156264562,142.00260918085596,139.61633418431342,139.77499389648438,731375,130.81299438476563,131.23121753692627,135.6884880065918,3.672778788819282,128.34293042895322,143.03404558423037,72.52966360046571
2014-01-15 19:00:00,139.77497555712665,140.51116281958667,137.52831946527638,138.4485626220703,571500,131.24861679077148,131.30875122070313,135.9712226867676,3.655833056550947,128.6595565736657,143.28288879986948,68.00564516745453
2014-01-16 19:00:00,138.44859290397088,140.1938741005129,138.03606793225546,138.25819396972656,422125,131.71381423950194,131.3917993927002,135.98582077026367,3.6647905348498484,128.656239700564,143.31540183996336,65.01531336923715
2014-01-19 19:00:00,138.25820319144057,141.04431755506303,135.81480451132447,139.61000061035156,2618250,132.1886587524414,131.45172328948973,136.25713348388672,3.7247260521250105,128.8076813796367,143.70658558813673,67.91232581304794
2014-01-20 19:00:00,139.609964898398,142.47223084565883,137.14753784793731,140.4540557861328,3647000,132.6114614868164,131.52895709991455,136.5957176208496,3.785638236193215,129.02444114846315,144.16699409323604,69.18953402079151
2014-01-21 19:00:00,140.45406570190434,141.03159333089172,137.53467624758088,140.58734130859375,4448500,133.06485412597655,131.60255699157716,137.02093276977538,3.7292775304052412,129.5623777089649,144.47948783058587,63.27955558780607
2014-01-22 19:00:00,140.58734462294308,146.2864808504369,140.58098951893203,142.4722442626953,4625625,133.54909042358398,131.67616451263427,137.62321395874022,3.57785364155878,130.46750667562267,144.77892124185777,61.83328291255025
2014-01-23 19:00:00,138.35336190467325,142.35165405273438,138.35336190467325,142.35165405273438,1221500,133.93749481201172,131.76765762329103,138.2137550354004,3.312201847837007,131.5893513397264,144.8381587310744,70.98830284453116
2014-01-26 19:00:00,134.86281261167915,139.65440368652344,134.86281261167915,139.65440368652344,1867375,134.3589013671875,131.8383193588257,138.5932746887207,2.9896166745397568,132.61404133964118,144.57250803780022,56.056501068008
2014-01-27 19:00:00,136.8111747101816,137.65526565627997,135.49745974686232,135.8719024658203,471375,134.69031463623048,131.86037357330324,138.7957275390625,2.621427504257891,133.55287253054672,144.0385825475783,45.26650587880615
2014-01-28 19:00:00,135.87191434254623,137.24275273060155,134.98975322102388,135.76402282714844,1670750,134.90038360595702,131.9069376373291,138.9940559387207,2.176362133238557,134.64133167224358,143.3467802051978,40.19684442146367
2014-01-29 19:00:00,135.81478653087433,138.35337829589844,135.81478653087433,138.35337829589844,1716000,135.0910317993164,131.97087444305419,139.13367767333983,2.0291145790741605,135.0754485151915,143.19190683148815,39.705844867579216
2014-01-30 19:00:00,137.30621606865532,139.78134155491375,137.08409004321985,137.55372619628906,2188875,135.27025695800782,132.02955730438234,139.10321426391602,2.048931348700401,135.0053515665152,143.20107696131683,43.36951298919999
2014-02-02 19:00:00,137.55373790117855,138.47398128769512,135.49748018861925,135.9988555908203,1013250,135.41254577636718,132.0665287399292,139.11844787597656,2.0232228524111537,135.07200217115425,143.16489358079886,37.83974621193475
2014-02-03 19:00:00,135.99883616850443,137.08408213084405,134.92627620405145,136.290771484375,406875,135.51599334716798,132.12056049346924,139.0508575439453,2.0963800465758533,134.8580974507936,143.24361763709703,40.143567519035855
2014-02-05 19:00:00,136.29078067246311,137.27447819322674,135.58632038354847,135.9353790283203,267750,135.62210662841798,132.18100814819337,138.95820007324218,2.1937998778504006,134.5706003175414,143.34579982894297,42.47722211158835
2014-02-06 19:00:00,135.9353542309645,136.34786700411635,133.66331405968862,135.47206115722656,290500,135.74878204345703,132.24780281066896,138.76018981933595,2.3236389879457624,134.11291184344444,143.40746779522746,41.79428181090968
2014-02-09 19:00:00,132.51461088341824,135.30706787109375,132.51461088341824,135.30706787109375,437250,135.92026397705078,132.31992504119873,138.4168441772461,2.29987440281099,133.81709537162413,143.01659298286808,36.37446838118265
2014-02-10 19:00:00,134.20909559018588,135.11665269680083,133.59348585595788,134.10755920410156,261625,135.99032836914063,132.40607635498046,138.13188705444335,2.465693507927092,133.20050003858918,143.06327407029752,30.345825465501562
2014-02-11 19:00:00,134.2916313519412,136.38597106933594,134.2916313519412,136.38597106933594,1036000,136.08857208251953,132.4977184677124,137.9326072692871,2.43603489040301,133.0605374884811,142.80467705009312,38.51491087346259
2014-02-12 19:00:00,135.64342479037086,135.94171521530583,133.6062084380108,134.12026977539062,399750,136.1374398803711,132.55684391021728,137.6498710632324,2.537008051321795,132.57585496058883,142.723887165876,27.63424032296949
2014-02-13 19:00:00,134.1202882470716,135.17380727305923,132.64155823172527,132.78118896484375,710000,136.02789978027343,132.61442176818846,137.3665023803711,2.7506170423287375,131.8652682957136,142.86773646502857,25.94131185270426
2014-02-16 19:00:00,132.7811667572657,132.7938527549973,130.1346715301065,131.2262725830078,630125,135.94983825683593,132.6648843383789,137.01490631103516,3.0623941469300924,130.89011801717498,143.13969460489534,27.521983728297073
2014-02-17 19:00:00,131.22627063626152,132.3115165692377,129.53810088110785,131.46743774414062,370375,135.8760922241211,132.716364364624,136.6077781677246,3.235589321483836,130.13659952475695,143.07895681069226,35.517499857006825
2014-02-18 19:00:00,131.4674409632123,132.95886884832643,130.16641199054672,131.12472534179688,260000,135.8409326171875,132.75825202941894,136.1413116455078,3.3232033003664507,129.49490504477492,142.7877182462407,34.977335635180324
2014-02-19 19:00:00,131.12471050615756,132.25439364526125,129.05575522381517,129.38577270507812,363875,135.73773803710938,132.79932373046876,135.58123321533202,3.4749198626686493,128.6313934899947,142.53107294066933,19.269218340341922
2014-02-20 19:00:00,129.38578804619814,130.97240934366783,127.72301444631157,130.0966033935547,277375,135.67262298583984,132.84570743560792,134.962451171875,3.2796309136720425,128.40318934453092,141.52171299921906,24.28892199817338
2014-02-23 19:00:00,130.0966264570119,131.30245014128553,129.79199298341953,130.0204620361328,254375,135.59951171875,132.89108268737792,134.34589157104492,2.961006427801214,128.4238787154425,140.26790442664733,27.046860024511474
2014-02-24 19:00:00,130.0204275354004,131.0549052081229,129.46828405038545,129.8744659423828,182500,135.55876708984374,132.93858444213868,133.85689468383788,2.843409826641854,128.17007503055416,139.5437143371216,25.086412731139987
2014-02-25 19:00:00,129.87447484041257,130.48372956271206,128.86538119712455,129.32867431640625,84000,135.48984405517578,132.98050075531006,133.52973327636718,2.9728458898081036,127.58404149675097,139.47542505598338,24.72089332817994
2014-02-26 19:00:00,129.32868946275525,130.63606156898888,128.26247239018164,129.58889770507812,221250,135.43323364257813,133.02148933410643,133.22097702026366,3.0482951896012023,127.12438664106125,139.31756739946607,27.133983249573305
2014-02-27 19:00:00,129.78563701719213,131.9370880126953,129.78563701719213,131.9370880126953,581375,135.41609802246094,133.0781113433838,132.90016250610353,2.8078682377961717,127.28442603051118,138.51589898169587,38.8022848196187
2014-03-02 19:00:00,131.2770505790809,133.84738159179688,131.2770505790809,133.84738159179688,700000,135.33372100830078,133.1428094482422,132.7148452758789,2.599120055923686,127.51660516403153,137.91308538772628,49.17448000131688
2014-03-03 19:00:00,132.17825991554014,135.81479605140825,132.00690208446085,135.072265625,820625,135.35149139404297,133.21432262420655,132.66851577758788,2.5452003823767066,127.57811501283447,137.7589165423413,45.53309695247168
2014-03-04 19:00:00,135.07226110036214,136.9444627603125,133.98065994371936,136.0623016357422,840375,135.3990899658203,133.28717613220215,132.65709228515624,2.5285453574049623,127.60000157034631,137.71418299996617,57.230623442643264
2014-03-05 19:00:00,136.0622893724512,136.4494301944385,133.97430486914973,134.7231903076172,638250,135.4518930053711,133.3424418258667,132.5964828491211,2.459411759557134,127.67765933000682,137.51530636823534,57.2304933876757
2014-03-06 19:00:00,134.72319869640307,137.0777466644619,133.91084690350468,134.7676239013672,1280250,135.53871307373046,133.41503719329833,132.56126098632814,2.4208035761122506,127.71965383410364,137.40286813855263,64.85620426368698
2014-03-09 19:00:00,134.89453998209694,141.44412231445312,134.89453998209694,141.44412231445312,3524000,135.7567788696289,133.53237812042235,132.86811370849608,3.08500709879315,126.69809951090978,139.0381279060824,77.17836079856741
2014-03-10 19:00:00,141.03159187619147,145.3154644526891,139.74960402365215,143.87481689453125,5583125,135.9929949951172,133.66526264190674,133.3564765930176,3.9448129229328535,125.46685074715188,141.2461024388833,81.1858994455442
2014-03-11 19:00:00,143.87482633940263,146.71805154439005,141.27911125982502,142.11050415039062,3076500,136.19874816894531,133.79095790863036,133.6427032470703,4.361832537901484,124.91903817126733,142.36636832287326,81.08530633971345
2014-03-12 19:00:00,142.1104936287957,143.176698462366,140.57464057618742,141.85662841796875,758000,136.399931640625,133.9093569946289,134.0295211791992,4.7336089122974165,124.56230335460438,143.49673900379403,79.38466090237432
2014-03-13 19:00:00,141.85663784587206,144.63640882735095,141.20930088317604,141.69163513183594,1156500,136.5225454711914,134.01707454681397,134.47504348754882,5.02055704457135,124.43392939840612,144.5161575766915,79.03372987253555
2014-03-16 19:00:00,141.69164028853612,143.430578425688,141.52662546353417,142.7070770263672,506000,136.61342712402345,134.11568111419678,135.0490837097168,5.279230844988185,124.49062201974043,145.60754539969318,80.59932615830186
2014-03-17 19:00:00,142.70704412034064,145.3344857710073,142.1929828705244,143.79864501953125,2476750,136.77551635742188,134.22197418212892,135.66564407348633,5.551950769664893,124.56174253415655,146.76954561281613,83.62832611572662
2014-03-18 19:00:00,143.79867705457778,146.2864885693682,143.43692030526137,143.8875274658203,2084375,136.90041534423827,134.3256982421875,136.3037841796875,5.733070993498387,124.83764219269074,147.7699261666843,83.49689615506428
2014-03-19 19:00:00,143.8875161306131,144.98544808091933,140.26366644834704,140.6571502685547,1577500,136.95778778076172,134.42111793518066,136.86735305786132,5.568873424979036,125.72960620790325,148.00509990781939,69.6173322971047
2014-03-20 19:00:00,140.65715534425672,141.78048354056241,136.45577788280158,137.2173614501953,932125,136.9134896850586,134.49447319030762,137.22339096069337,5.335969641761751,126.55145167716987,147.89533024421686,57.09323156909585
2014-03-23 19:00:00,137.21734532460755,140.25096902952527,136.3224862512025,139.2863006591797,1014000,136.85573608398437,134.5811238861084,137.6866828918457,5.073457719505999,127.5397674528337,147.83359833085768,58.56547632709041
2014-03-24 19:00:00,139.2863198473225,141.2093017495962,138.0931823217211,138.80398559570312,1266125,136.83568176269532,134.66530017852784,138.1331588745117,4.731141550270995,128.67087577396973,147.5954419750537,55.69021112295523
2014-03-25 19:00:00,138.80396001760295,140.79675085921258,138.51202474172246,140.4096221923828,1259250,136.83644287109374,134.7593251800537,138.68720626831055,4.272397783677712,130.1424107009551,147.23200183566598,61.67273273988135
2014-03-26 19:00:00,140.40965469083315,142.31993857978625,140.257337967085,140.79678344726562,1911875,136.85687866210938,134.83959117889404,139.24760055541992,3.714867254405298,131.81786604660934,146.6773350642305,62.20453665157085
2014-03-27 19:00:00,140.79675626063087,141.27909044187197,138.35971336115412,138.867431640625,993625,136.86525604248047,134.90493671417235,139.5941177368164,3.296760669007582,133.00059639880124,146.18763907483157,43.54320917790683
2014-03-30 19:00:00,138.86744333279282,140.9554278212548,138.60723512035165,140.16847229003906,752500,136.90346160888672,134.99298477172852,139.91017227172853,3.0071063614917564,133.89595954874503,145.92438499471203,40.15510335765453
2014-03-31 19:00:00,140.16850431615873,142.63728718907961,140.1558062105941,141.3362579345703,5018375,136.9379867553711,135.08417217254637,140.22337188720704,2.7954623412891406,134.63244720462876,145.8142965697853,47.87611915933815
2014-04-01 19:00:00,142.16127308540814,144.82679748535156,142.16127308540814,144.82679748535156,3773375,137.02544158935547,135.1897046661377,140.6615966796875,2.7958031192908415,135.06999044110583,146.25320291826918,56.91901272026577
2014-04-02 19:00:00,143.4940528319608,144.3889000012522,141.85030801342762,142.19302368164062,1462500,137.0575552368164,135.2872163772583,141.03508834838868,2.4366118025001686,136.16186474338835,145.90831195338902,51.047501126910895
2014-04-03 19:00:00,142.1930001082465,143.20208163133168,141.27909988116326,141.88836669921875,930125,137.04587768554688,135.38515083312987,141.39112548828126,1.9428165784871256,137.505492331307,145.2767586452555,48.237195809089506
2014-04-06 19:00:00,141.88838162764105,144.19214932899942,141.62183039293714,142.58648681640625,1517875,137.0505743408203,135.46322189331056,141.4482437133789,1.9611626399136868,137.52591843355154,145.37056899320626,47.34506176140313
2014-04-07 19:00:00,142.58649545316024,143.65271256151956,142.00896774298639,142.19302368164062,536000,137.10134674072265,135.54481887817383,141.36415405273436,1.8862666759160989,137.59162070090215,145.13668740456657,46.33746712654869
2014-04-08 19:00:00,142.1930194876116,143.93830067120328,141.65356189706955,142.48495483398438,1283000,137.23360778808595,135.64190685272217,141.38287658691405,1.8958983808268703,137.59107982526032,145.17467334856778,54.5255000691366
2014-04-09 19:00:00,143.1132486829813,145.58203125,143.1132486829813,145.58203125,3785875,137.42996795654298,135.7564575958252,141.56914672851562,2.115216929425834,137.33871286966396,145.79958058736727,71.06779594575586
2014-04-10 19:00:00,145.96917346690236,152.17604064941406,145.96917346690236,152.17604064941406,8403625,137.70642120361327,135.9181352996826,142.09336700439454,3.178908847879996,135.73554930863455,148.45118470015453,76.43847312342182
2014-04-13 19:00:00,153.5849486013466,153.61667570156075,146.7941991843158,147.44789123535156,3879500,137.90430450439453,136.04421279907226,142.33040771484374,3.3963935329304156,135.5376206489829,149.12319478070458,65.09974053972215
2014-04-14 19:00:00,147.23847042695616,148.76162551489506,143.43691965398546,147.5938720703125,6944625,138.13620483398438,136.18432956695557,142.52016906738282,3.583606243056284,135.35295658127026,149.68738155349538,63.224311114132064
2014-04-15 19:00:00,148.25390154639308,152.30930529486153,148.08254373055127,149.1360626220703,6446625,138.3931106567383,136.3443050765991,142.7825958251953,3.869757661887684,135.04308050141992,150.52211114897068,64.72430736701668
2014-04-16 19:00:00,149.14241101318515,150.41171297017522,144.5412065502969,147.40347290039062,7650875,138.62247253417968,136.524119682312,143.11991195678712,3.9675314183096995,135.1848491201677,151.05497479340653,65.17717712503486
2014-04-17 19:00:00,147.87307494007055,147.87307494007055,143.50669561494186,144.4777069091797,2384375,138.80258544921875,136.71005416870116,143.48292922973633,3.723698496690939,136.03553223635444,150.93032622311821,57.2433770588006
2014-04-20 19:00:00,144.22386842369403,145.3344984134144,140.9871597472759,141.43141174316406,937375,138.92507232666014,136.88056880950927,143.59018478393554,3.626072523378997,136.33803973717755,150.84232983069353,50.15044298172393
2014-04-21 19:00:00,142.19299446486903,143.98904353916743,142.19299446486903,142.97994995117188,959500,139.10252014160156,137.05229709625243,143.798983001709,3.4520199038736417,136.8949431939617,150.7030228094563,46.88900026988472
2014-04-22 19:00:00,143.73522016748947,143.74790616709245,136.89370173848155,139.2545928955078,1021125,139.159892578125,137.2069367980957,143.74123153686523,3.520686214704278,136.69985910745666,150.7826039662738,45.22580923466875
2014-04-23 19:00:00,141.5265997136789,141.5265997136789,137.75678878675774,138.37875366210938,663375,139.24506225585938,137.35311656951905,143.6203300476074,3.665654590990668,136.28902086562607,150.95163922958875,44.401692883909725
2014-04-24 19:00:00,139.14668919397715,139.14668919397715,137.1475549849727,137.9154815673828,608750,139.34774810791015,137.48615047454834,143.5727325439453,3.7361209161142073,136.1004907117169,151.0449743761737,42.492869772494856
2014-04-27 19:00:00,138.036060554816,138.51205181250648,136.83022491230454,137.29351806640625,213000,139.46909301757813,137.60951404571534,143.42898483276366,3.924549380675871,135.57988607141192,151.2780835941154,42.18304338723263
2014-04-28 19:00:00,136.79849559622554,137.71873889021757,132.97156080863238,133.59986877441406,374125,139.5117416381836,137.69083549499513,143.04216537475585,4.483179673672135,134.07580602741157,152.00852472210013,37.21227267636318
2014-04-29 19:00:00,135.0532171501466,137.08409059368915,134.22182424877215,136.9635009765625,699750,139.6285171508789,137.76543266296386,142.6490005493164,4.659753648551231,133.32949325221395,151.96850784641887,37.69035765314262
2014-05-01 19:00:00,137.4014204212459,140.54293633897203,136.44944993570996,137.4775848388672,672125,139.79035339355468,137.83478427886962,142.41322860717773,4.801187542851239,132.81085352147525,152.0156036928802,24.594151220078274
2014-05-04 19:00:00,137.47756199836718,137.47756199836718,134.1012224938685,134.91357421875,496500,139.8866928100586,137.88538288116456,142.0644889831543,5.086171055069555,131.89214687301518,152.2368310932934,26.582897697826226
2014-05-05 19:00:00,135.48478193702755,135.48478193702755,132.32423700606054,133.13023376464844,493625,139.9488882446289,137.90148204803467,141.5916763305664,5.4608221017373895,130.67003212709162,152.51332053404118,24.536321421490953
2014-05-06 19:00:00,133.2762035385487,134.35510662282113,130.80107791784897,131.64515686035156,610500,139.9843020629883,137.8785461807251,141.06428298950195,5.892009480824434,129.2802640278531,152.8483019511508,19.144674010532356
2014-05-07 19:00:00,131.56261659251265,134.4502664639079,131.43568400136255,133.88543701171875,871375,140.07543731689452,137.847820854187,140.63430709838866,6.093221749420565,128.44786359954753,152.8207505972298,26.572758630537777
2014-05-08 19:00:00,134.92626581439265,135.97342949251848,133.34598764208323,133.73947143554688,958875,140.1584487915039,137.7813659286499,140.04217910766602,6.162134574854924,127.71790995795617,152.36644825737585,29.406025603283126
2014-05-11 19:00:00,134.22181387946824,135.04685161280892,131.75303157333144,132.44479370117188,705875,140.16860290527345,137.7025049972534,139.0556167602539,5.677702053915472,127.70021265242296,150.41102086808485,31.52398490414508
2014-05-12 19:00:00,132.14015759025804,133.49830982284007,130.7375922617087,133.08578491210938,675750,140.1533709716797,137.66388904571534,138.3375114440918,5.464646317709249,127.4082188086733,149.2668040795103,28.869584146387567
2014-05-13 19:00:00,133.84738412861668,134.48203511841027,132.64154845850496,133.0159912109375,362000,140.11224548339842,137.62699588775635,137.60861740112304,5.126799880129982,127.35501764086308,147.862217161383,34.21132914261794
2014-05-14 19:00:00,133.40312864584726,135.81478781925787,133.40312864584726,134.50741577148438,1121000,140.08114776611328,137.58230419158934,136.87718505859374,4.385580775311647,128.10602350797043,145.64834660921704,40.4984608009827
2014-05-15 19:00:00,134.64066709154824,135.18011245347407,133.91082284043537,134.34237670898438,255750,140.07353149414064,137.54720890045166,136.22413024902343,3.6456604480980186,128.9328093528274,143.51545114521946,41.10013568314755
2014-05-18 19:00:00,134.3233614632586,136.83021385020737,134.29162225933294,136.11306762695312,1468500,140.10044036865236,137.48565349578857,135.8058982849121,3.085777302557048,129.634343679798,141.9774528900262,47.21889092122216
2014-05-19 19:00:00,136.60808945657908,137.4014000946602,135.65611911187364,135.94171142578125,798750,139.9903921508789,137.38613834381104,135.53141326904296,2.7889218131750595,129.95356964269283,141.1092568953931,56.61523899342334
2014-05-20 19:00:00,136.16385306318148,136.41771830688347,133.6569882539491,133.90451049804688,414875,139.79098602294923,137.2374822616577,135.07764129638673,2.186460087591117,130.7047211212045,139.45056147156896,40.65896175688344
2014-05-21 19:00:00,133.6252637173867,134.3804922534713,132.64155403658984,133.0731201171875,379375,139.61023834228516,137.06087551116943,134.7685676574707,1.9933071803431979,130.7819532967843,138.7551820181571,36.80605771946938
2014-05-22 19:00:00,133.14924669047878,133.68870418694647,132.0132326060851,132.55902099609375,159375,139.42428619384765,136.86732189178466,134.47758102416992,1.858796807140254,130.75998740988942,138.19517463845042,41.959221872283834
2014-05-25 19:00:00,132.76847178031807,133.44119282472084,132.32421975005963,133.0032958984375,199125,139.25051940917967,136.70700275421143,134.23197174072266,1.698222970901923,130.8355257989188,137.6284176825265,49.52287110121051
2014-05-26 19:00:00,133.53006773705917,134.39318777671602,133.35870990805643,133.90451049804688,565500,139.07446807861328,136.56154850006104,134.0625213623047,1.5382005937442083,130.98612017481628,137.1389225497931,58.88222499229167
2014-05-27 19:00:00,134.22817551190604,134.98975915260192,133.50467407948528,133.701416015625,246500,138.87252349853514,136.42914134979247,134.06759872436524,1.5367599944023487,130.99407873556055,137.14111871316993,49.13857635099228
2014-05-28 19:00:00,133.97429883831808,136.70328925615533,133.49830763336163,136.14479064941406,1501000,138.71766876220704,136.30207668304445,134.02666320800782,1.4647787049806655,131.0971057980465,136.95622061796914,59.26646578106134
2014-05-29 19:00:00,136.766753964999,139.4830585944069,136.61443725190324,137.28717041015625,2323500,138.65026916503905,136.19193019866944,134.01714248657225,1.4416034688558546,131.13393554886053,136.90034942428397,68.87671219839493
2014-06-01 19:00:00,137.4648719010734,138.41684228388655,134.86915687153285,135.54823303222656,956375,138.61688659667968,136.0370846939087,134.0488754272461,1.4690974580725362,131.110680511101,136.98707034339117,58.84228763419945
2014-06-02 19:00:00,135.52919028261533,136.89368558654846,129.46829732291982,134.12026977539062,1249625,138.5135659790039,135.85679904937743,134.0983772277832,1.4531071168642267,131.19216299405474,137.00459146151167,53.61290000499227
2014-06-03 19:00:00,133.59986088123458,134.54548822116433,132.00688451117435,133.8537139892578,696750,138.414560546875,135.7047500228882,134.20880508422852,1.3360698309057086,131.5366654224171,136.88094474603994,47.67491210569676
2014-06-04 19:00:00,134.22814827694947,140.54290584636786,134.22814827694947,140.52386474609375,4274625,138.41684539794923,135.61320400238037,134.54072647094728,1.9397306480329706,130.66126517488132,138.42018776701323,65.0308401034138
2014-06-05 19:00:00,142.726117614845,143.36076859994054,137.6552769434145,138.13125610351562,1944750,138.3635348510742,135.5344616317749,134.76031570434571,2.08722996404779,130.58585577625013,138.9347756324413,54.763338456906524
2014-06-08 19:00:00,139.30535932809005,141.20295710633658,138.48030944757227,138.975341796875,965500,138.36569305419923,135.4699843978882,135.08684310913085,2.2129576472933814,130.6609278145441,139.5127584037176,56.93961779953394
2014-06-09 19:00:00,139.62268485074003,141.11411285796038,138.2264623600185,139.33074951171875,1083875,138.3489385986328,135.37074642181398,135.39909133911132,2.3519642175168856,130.69516290407756,140.10301977414508,63.447570154527526
2014-06-10 19:00:00,140.3525369248669,142.78959249615536,139.94636704879954,142.19302368164062,2553125,138.3660739135742,135.31805736541747,135.8579429626465,2.7277369850701265,130.40246899250624,141.31341693278674,70.5343841904186
2014-06-11 19:00:00,142.79593002943966,145.08066878349823,141.20930858466812,144.5539093017578,3619000,138.36061614990234,135.30495265960693,136.36026763916016,3.3254974886938626,129.70927266177245,143.01126261654787,74.93407242422532
2014-06-12 19:00:00,144.95371829977927,146.34994064133292,142.54840232587173,142.8974609375,2367000,138.37470489501953,135.28604541778566,136.78802185058595,3.5918275402920217,129.60436677000192,143.97167693116998,69.5804787074705
2014-06-15 19:00:00,142.79591015266215,142.79591015266215,139.6290107034926,140.2001953125,773750,138.34094146728515,135.22992115020753,136.99237823486328,3.6668889036254675,129.65860042761236,144.3261560421142,61.632209339959786
2014-06-16 19:00:00,141.20929434268402,141.20929434268402,137.0840814233279,137.3188934326172,516500,138.23558959960937,135.19322872161865,137.06123733520508,3.6590428020378942,129.7431517311293,144.37932293928085,56.0819120613109
2014-06-17 19:00:00,138.35335930747888,138.35335930747888,135.55455969835924,136.01785278320312,482875,138.11208618164062,135.15138080596924,137.1669044494629,3.5930027504784814,129.98089894850594,144.35290995041984,49.77805974218754
2014-06-18 19:00:00,135.49747589411317,136.16385400600342,130.7376114863923,132.53366088867188,791750,137.91306030273438,135.1247261428833,137.13993148803712,3.6272146153868148,129.88550225726348,144.39436071881076,42.317961991018066
2014-06-19 19:00:00,132.95887216368695,133.90449954066253,129.4682979781841,129.8935089111328,609250,137.59928985595704,135.09300075531007,137.00665588378905,3.846718922800205,129.31321803818864,144.70009372938947,41.12018663067982
2014-06-22 19:00:00,128.92885935310028,136.38597514893834,128.19901495603636,136.354248046875,1097250,137.28285400390624,135.11884792327882,137.17420349121093,3.734511760858749,129.70517996949343,144.64322701292843,53.02927851501914
2014-06-23 19:00:00,136.7984852169027,137.87738814404324,135.65611598758218,136.0242156982422,789875,137.05438049316408,135.14552471160889,137.2801887512207,3.6662895763507137,129.94760959851925,144.61276790392213,52.9381462037877
2014-06-24 19:00:00,135.8147640744025,136.44941493696143,134.545474454243,135.0912628173828,555750,136.80432830810548,135.16163539886475,137.34968109130858,3.6075877976672004,130.13450549597417,144.564856686643,41.29373599721816
2014-06-25 19:00:00,135.74499586622497,137.4014267664445,135.56095202341015,136.6842803955078,399375,136.55529266357422,135.15868450164794,137.37665557861328,3.6001136626016126,130.17642825341005,144.5768829038165,47.62008973633739
2014-06-26 19:00:00,137.33794153050212,137.36332563239733,134.95800948214105,135.49746704101562,220875,136.31717254638673,135.11549030303956,137.28717041015625,3.624614239701949,130.03794193075234,144.53639888956016,44.343543739099104
2014-06-29 19:00:00,135.81476857408376,135.97342826874046,134.22814741759925,134.72952270507812,221500,136.1222088623047,135.04208881378173,137.24623489379883,3.6498225161988747,129.94658986140107,144.5458799261966,42.61560267570716
2014-06-30 19:00:00,134.57721407498096,137.56005767016958,134.41855437081466,136.7032928466797,507375,136.027646484375,134.95498249053955,137.3753860473633,3.578388429763056,130.2186091878372,144.5321629068894,40.93102817223069
2014-07-01 19:00:00,137.07137551538128,137.97257761271808,136.32249011794354,136.5065460205078,248125,135.8981784057617,134.87295047760009,137.50802764892578,3.4890297576766205,130.52996813357254,144.486087164279,35.68207979497427
2014-07-02 19:00:00,136.72866867772836,136.74135467451714,135.71957510491825,136.13844299316406,123000,135.83585540771483,134.8127145767212,137.28875656127929,3.4267687471634933,130.4352190669523,144.14229405560627,37.39650950584623
2014-07-03 19:00:00,136.44941871193947,136.56999620563278,134.86279756412623,135.1293487548828,119750,135.77086730957032,134.7493166732788,137.13866119384767,3.4535626234929215,130.2315359468618,144.04578644083352,39.909124641469255
2014-07-06 19:00:00,134.86282698255846,135.1801464393564,134.62165983760593,134.71051025390625,46000,135.70676788330078,134.68517444610595,136.92541961669923,3.4658323450694426,129.99375492656034,143.85708430683812,44.2453936015717
2014-07-07 19:00:00,135.18014750110308,135.43401275250446,134.22817701827083,134.50108337402344,75250,135.65091918945313,134.63059490203858,136.68393630981444,3.4576642070231673,129.7686078957681,143.59926472386078,46.48437361846066
2014-07-08 19:00:00,135.1674444392338,135.43399565658146,134.38681978417864,134.85011291503906,81125,135.67592407226562,134.6062243270874,136.31679077148436,3.223844886961307,129.86910099756176,142.76448054540697,56.282189751420425
2014-07-09 19:00:00,134.60894386704052,134.8310819832692,133.9108387337495,134.20277404785156,64375,135.6207095336914,134.54720195770264,135.79923400878906,2.602953648437096,130.59332671191487,141.00514130566324,63.102970870326935
2014-07-10 19:00:00,134.55182163688482,134.85645502878364,134.04410335203974,134.53912353515625,37250,135.5619403076172,134.46257160186767,135.38131713867188,2.005806687568969,131.36970376353395,139.3929305138098,41.2053302104404
2014-07-13 19:00:00,134.54548289453,137.33792749703116,134.35508399233075,136.99522399902344,577750,135.60357330322265,134.40970546722411,135.22106857299804,1.706203315670748,131.80866194165654,138.63347520433953,53.9010335568824
2014-07-14 19:00:00,137.14754904497684,137.7123785774397,135.1801299174145,135.44033813476562,209750,135.649775390625,134.3767036819458,135.12714080810548,1.6348543606861692,131.85743208673316,138.3968495294778,51.3356663852525
2014-07-15 19:00:00,135.7513119224733,136.44942915452538,134.64068187599008,134.9326171875,260500,135.71552459716796,134.3456377029419,135.0728790283203,1.6216919629935276,131.82949510233325,138.31626295430735,42.69053807450498
2014-07-16 19:00:00,135.49744870776203,138.34067351965393,135.49744870776203,137.61717224121094,1001500,135.79015930175783,134.34252788543702,135.32705459594726,1.601011299522807,132.12503199690164,138.52907719499288,57.862463904443985
2014-07-17 19:00:00,138.03608502600895,140.50486795244865,137.0841144468221,138.27725219726562,964250,135.8809149169922,134.35798168182373,135.7462417602539,1.1324727496726503,133.4812962609086,138.01118725959918,63.26547612255377
2014-07-20 19:00:00,138.42320122669116,139.52748835397344,138.16299299561604,138.44223022460938,243500,136.00086364746093,134.3750854873657,135.85064086914062,1.2783232175683847,133.29399443400385,138.4072873042774,57.519242975472714
2014-07-21 19:00:00,138.981693645648,139.81308657827384,138.35338564401812,138.68975830078125,403125,136.11294311523437,134.40259761810302,135.9839179992676,1.4276093086357617,133.12869938199606,138.83913661653912,59.39903066070891
2014-07-22 19:00:00,138.09950233912653,139.33706486340276,137.4331243806637,137.64889526367188,217250,136.20560119628905,134.42147830963134,136.11179962158204,1.4576755153811116,133.1964485908198,139.02715065234426,56.146651813712154
2014-07-23 19:00:00,138.03604854299934,138.9245525680799,136.50655059911645,136.77310180664062,272250,136.2509149169922,134.44943454742432,136.11624069213866,1.459645453273628,133.1969497855914,139.0355315986859,56.7624744033517
2014-07-27 19:00:00,137.40142756442373,137.40142756442373,135.82114897120303,136.91275024414062,132750,136.3023223876953,134.49716022491455,136.18700485229493,1.462372395581922,133.2622600611311,139.11174964345878,59.27313754667858
2014-08-03 19:00:00,136.41769035404113,137.02060202685135,133.27617518423102,136.37960815429688,700125,136.30765319824218,134.55589687347413,136.26950912475587,1.421800751583077,133.42590762158972,139.11311062792203,57.7001259680589
2014-08-04 19:00:00,136.44942361271504,137.0713764134854,135.49745331082747,135.5863037109375,73375,136.3005450439453,134.59699031829834,136.21365966796876,1.4257970670255982,133.36206553391756,139.06525380201995,52.91162004767508
2014-08-05 19:00:00,135.2118530039659,135.49744528811837,133.91082417726207,134.06314086914062,163625,136.30371765136718,134.6359259414673,136.09148941040038,1.5020246949816236,133.08744002043713,139.09553880036364,49.483532993273684
2014-08-06 19:00:00,134.545484673715,135.49745498738162,133.98064306319262,135.1547393798828,127375,136.34535003662108,134.6873642730713,136.04230422973632,1.5164431695523661,133.0094178906316,139.07519056884104,52.15652023317893
2014-08-07 19:00:00,135.8084470023385,135.8084470023385,132.6415471881219,133.11753845214844,331125,136.3565203857422,134.7105290222168,135.94171371459962,1.6417384233461618,132.6582368679073,139.22519056129192,36.005643383122276
2014-08-10 19:00:00,130.6741201551447,130.6741201551447,126.46640014648439,126.46640014648438,443875,136.22578247070314,134.72087375640868,135.5295082092285,2.6761936209793973,130.17712096726973,140.8818954511873,26.32295560061
2014-08-11 19:00:00,122.48716259794033,126.2950562346813,120.67841523885639,124.78459930419922,694000,136.04338424682618,134.73090129852295,135.0436840057373,3.596439322764372,127.85080536020857,142.23656265126604,24.787275139064903
2014-08-12 19:00:00,121.97943510640879,126.80276507059534,121.85251460850436,123.8008804321289,462750,135.84537353515626,134.76590209960938,134.4912223815918,4.389053523127615,125.71311533533657,143.26932942784703,12.504549943785676
2014-08-14 19:00:00,122.48715829315123,124.3847680981796,122.23330518226888,123.10912322998047,491250,135.58466018676756,134.79693641662598,133.93653984069823,5.074847936436494,123.78684396782525,144.08623571357123,8.90651037177497
2014-08-17 19:00:00,123.50259944123403,124.06744109356717,121.23055893858368,121.59231567382812,251750,135.27076309204102,134.80280685424805,133.28919944763183,5.771815920872534,121.74556760588676,144.83283128937688,7.465746143215242
2014-08-18 19:00:00,118.99660080792977,120.48802874497642,117.1243871376866,119.99935150146484,373125,134.95978546142578,134.82711395263672,132.4394058227539,6.413003967365051,119.61339788802381,145.26541375748403,5.82070027155477
2014-08-19 19:00:00,117.44170656452366,122.16984349614123,117.40997946382403,119.99935150146484,346500,134.67736709594726,134.8514210510254,131.66735649108887,6.94047598545245,117.78640452018396,145.54830846199377,6.121940348048739
2014-08-20 19:00:00,121.53519366233553,124.70843637991588,121.53519366233553,122.64583587646484,570250,134.4532095336914,134.88753257751466,131.05301742553712,7.176025832492845,116.70096576055143,145.4050690905228,17.720510994127707
2014-08-21 19:00:00,121.884245980257,123.94685848175392,121.55422846421588,122.10002899169922,178000,134.08473281860353,134.92561145782471,130.27716026306152,7.267231337508627,115.74269758804427,144.81162293807878,16.771061209694224
2014-08-24 19:00:00,121.23056570776097,122.79180303529589,119.98031692980311,120.65303802490234,107625,133.73516845703125,134.94214408874512,129.39594955444335,7.314484500252007,114.76698055393933,144.02491855494736,16.110526369438134
2014-08-25 19:00:00,120.5197573134983,121.18613538094814,118.04463186013582,118.30484008789062,343750,133.32175842285156,134.9503310775757,128.38908004760742,7.389301575655838,113.61047689629575,143.1676831989191,15.098710890986595
2014-08-26 19:00:00,117.72730020497268,117.72730020497268,113.03090242658419,114.73811340332031,221375,132.82990570068358,134.94903003692627,127.19149780273438,7.57070055482983,112.05009669307472,142.33289891239403,13.947449476014867
2014-08-27 19:00:00,113.03089000847584,113.60207460437441,110.3018996291736,111.97737121582031,484000,132.22559265136718,134.92957801818847,125.9079216003418,7.874528422728236,110.15886475488531,141.65697844579827,9.295585025875866
2014-08-28 19:00:00,116.77532999843606,117.57498367986226,113.03090261006844,115.8170166015625,1043000,131.65085479736328,134.9120935058594,124.8601173400879,7.745871929953669,109.36837348018057,140.35186119999523,21.425615575337574
2014-08-31 19:00:00,115.1887065044111,118.67928070452061,112.97378931840602,116.05182647705078,208750,131.1139421081543,134.9027640914917,123.8170711517334,7.4358067843050115,108.94545758312339,138.68868472034342,28.172417972613886
2014-09-01 19:00:00,116.77530492019011,120.22779623809467,116.77530492019011,119.57410430908203,441000,130.70142028808593,134.90933246612548,122.97679595947265,6.869449575166247,109.23789680914015,136.71569510980515,39.861639096619264
2014-09-02 19:00:00,120.10721912607148,122.74101610933123,120.10721912607148,122.3284912109375,384500,130.40161224365235,134.90631774902343,122.31390533447265,6.195199948125097,109.92350543822246,134.70430523072284,47.31977069261905
2014-09-03 19:00:00,122.16984206064393,124.92421677848722,122.11271875410357,123.21066284179688,295500,130.14546844482422,134.92945068359376,121.77128143310547,5.554042482064014,110.66319646897745,132.8793663972335,50.183562741935525
2014-09-04 19:00:00,123.11547659498349,125.59695723744916,117.73365945757334,119.34566497802734,938250,129.88170852661133,134.92967281341552,120.9808277130127,4.590440277362856,111.79994715828698,130.16170826773842,46.25635619669904
2014-09-07 19:00:00,119.31393588717958,121.52886548134127,119.03469862851799,119.66934967041016,253500,129.67722534179688,134.90171669006347,120.30841827392578,3.5964034291290226,113.11561141566773,127.50122513218383,49.42582261059426
2014-09-08 19:00:00,119.31389953967042,121.85250293388485,119.31389953967042,121.0909194946289,424250,129.37195877075195,134.86306644439696,120.03964424133301,3.3006778624499966,113.43828851643302,126.640999966233,51.809719059311384
2014-09-09 19:00:00,121.80809980394025,121.91597921012635,119.75818530207908,119.96761322021484,258875,129.0508267211914,134.81994216918946,119.79879493713379,3.1062368064266797,113.58632132428043,126.01126854998715,45.323566963153375
2014-09-10 19:00:00,120.89419920604354,123.5026002546414,119.7581849997165,122.2650375366211,510625,128.79430221557618,134.7868452835083,119.7220027923584,3.0198741559235693,113.68225448051126,125.76175110420553,50.27151234434615
2014-09-11 19:00:00,123.12180786279954,124.39110971801836,122.23330382712214,122.94410705566406,421750,128.51949874877928,134.74597385406494,119.71375198364258,3.0103432916883914,113.6930654002658,125.73443856701937,53.86756505229092
2014-09-14 19:00:00,122.74103843236813,123.37568944417718,121.78906796713515,122.02388000488281,115125,128.25002700805663,134.70294467926024,119.7353302001953,3.0260234935802863,113.68328321303474,125.78737718735587,56.59613819113973
2014-09-15 19:00:00,122.80448734793845,123.62952507294506,122.20791862863595,122.52523803710938,127125,128.00594131469725,134.66987941741942,119.86162452697754,3.0896637429176845,113.68229704114216,126.04095201281291,65.49635134905347
2014-09-16 19:00:00,122.55064374786532,124.32766422157235,122.36025691119211,122.6268081665039,210250,127.72441162109375,134.64934860229494,119.9929973602295,3.151077629003955,113.69084210222158,126.29515261823741,73.7007038678262
2014-09-17 19:00:00,122.48716542689675,122.93142958049471,122.04926848249725,122.2840805053711,48000,127.43996231079102,134.60774730682374,119.9749095916748,3.1360508244193013,113.7028079428362,126.2470112405134,67.04587913115489
2014-09-18 19:00:00,122.0111820456622,122.80449270642077,119.32661663918218,122.3919677734375,132875,127.16503280639648,134.56233821868898,119.98950653076172,3.147122805211223,113.69526092033927,126.28375214118417,66.82390287256376
2014-09-21 19:00:00,123.10911334052389,123.10911334052389,122.22059726141151,122.27137756347656,93000,126.90787338256835,134.51531070709228,120.07042350769044,3.1856501219791777,113.69912326373208,126.4417237516488,58.734143691396575
2014-09-22 19:00:00,122.29676479314192,128.38304138183594,122.10636589168054,128.38304138183594,1422750,126.78132400512695,134.46593494415282,120.5743335723877,3.6542894142355773,113.26575474391655,127.88291240085886,66.10402755929161
2014-09-23 19:00:00,130.16640546359645,132.00053677319713,128.83363735320538,129.32232666015625,892375,126.67774887084961,134.4368998336792,121.3035442352295,3.876744053853476,113.55005612752254,129.05703234293645,66.20669981913159
2014-09-24 19:00:00,129.32234524641717,129.46196386563537,126.37757140410662,126.75201416015625,352250,126.51578689575196,134.39488620758056,122.04227638244629,3.382210133461754,115.27785611552278,128.8066966493698,71.08788106944698
2014-09-25 19:00:00,127.56438101700186,131.9561460900742,124.13727249807043,131.137451171875,1103125,126.45448043823242,134.38615993499755,122.80829811096191,3.624333853061897,115.55963040483812,130.0569658170857,76.51899459968703
2014-09-28 19:00:00,131.05492468223775,132.0068950973466,128.51633287362736,129.13194274902344,827875,126.34633682250977,134.35909214019776,123.46230392456054,3.5196009206696486,116.42310208322125,130.50150576589985,68.1052197236821
2014-09-29 19:00:00,129.15099153221792,130.61068039585186,128.90982438818645,130.0268096923828,415000,126.20696853637695,134.34246440887452,123.98493919372558,3.684076042198114,116.61678710932935,131.3530912781218,72.8847696611681
2014-09-30 19:00:00,130.413925211931,131.18185177399744,128.51632746097874,129.52542114257812,1094500,126.0886701965332,134.32171138763428,124.34478569030762,3.861000958935403,116.6227837724368,132.06678760817843,67.9873707178935
2014-10-01 19:00:00,130.73759730786705,132.62885202456758,129.86177925295902,130.985107421875,1531375,126.0097200012207,134.31707843780518,124.73350791931152,4.123263770682828,116.48698037794587,132.9800354606772,69.1794796764301
2014-10-02 19:00:00,130.42661260140508,131.3722398996654,130.0965951020455,130.6804656982422,311375,125.87098587036132,134.30660663604738,125.30024795532226,4.122712113377395,117.05482372856747,133.54567218207706,71.27246793295016
2014-10-08 19:00:00,130.10297549420847,130.10297549420847,127.88170275990021,128.2180633544922,275500,125.66980209350587,134.28559986114502,125.72768363952636,3.9476238966056,117.83243584631516,133.62293143273757,62.759623112570324
2014-10-09 19:00:00,128.19901389847263,134.62799480199692,125.97774151858096,134.5962677001953,2874000,125.59288284301758,134.2946118545532,126.40295104980468,4.255791312095589,117.8913684256135,134.91453367399586,70.93690054638274
2014-10-12 19:00:00,135.71961456294704,140.3842859902459,134.60897216813373,138.8293914794922,3324000,125.5956755065918,134.29892765045167,127.34603996276856,4.808643254142483,117.7287534544836,136.96332647105353,75.47392109549418
2014-10-13 19:00:00,138.99436780925785,142.1612674410743,138.67070538912364,141.91375732421875,3398750,125.68097274780274,134.3375777053833,128.32847595214844,5.649574473825037,117.02932700449836,139.62762489979852,77.53311169915139
2014-10-14 19:00:00,142.47861499945944,143.1767202254275,139.94636602986506,141.06333923339844,2027250,125.7667774963379,134.37448253631592,129.23443756103515,6.169560799064865,116.89531596290541,141.5735591591649,75.96915963289133
2014-10-15 19:00:00,140.98716469143108,141.8375986169251,137.71872880281407,138.6199188232422,1082375,125.80092086791993,134.40716693878173,130.06423950195312,6.264057125014465,117.53612525192419,142.59235375198205,65.74271533000183
2014-10-16 19:00:00,138.35336517124273,140.2573178931159,137.8520019699957,138.56280517578125,785125,125.84458480834961,134.44784786224366,130.86611785888672,6.274672224958065,118.31677340897059,143.41546230880286,64.60673181659867
2014-10-19 19:00:00,138.98801748609344,140.44770611417397,136.44942593617964,137.05233764648438,1110375,125.87390548706054,134.48040538787842,131.58739433288574,6.104515218896926,119.37836389509188,143.79642477067958,66.84653487090617
2014-10-20 19:00:00,137.06505378946937,138.0233672324002,134.22817145788,135.78306579589844,531625,125.90830398559571,134.49900066375733,132.2623435974121,5.758188200776955,120.74596719585819,143.778719998966,58.46045341394322
2014-10-21 19:00:00,136.13845543878844,137.65526743586605,128.9986595857554,129.31597900390625,1725875,125.79152877807617,134.48646633148192,132.60854415893556,5.325398648735669,121.95774686146422,143.2593414564069,50.288309332655096
2014-10-22 19:00:00,129.46829556997992,133.20637980483468,127.94514057562249,132.32421875,699500,125.7756623840332,134.48910015106202,133.1111862182617,4.740688332826716,123.62980955260828,142.59256288391515,53.375581063224075
2014-10-23 19:00:00,133.27617879124875,136.95079643709443,132.95885939801508,134.29795837402344,733250,125.93229354858398,134.48278522491455,133.40693206787108,4.612980278320145,124.1809715112308,142.63289262451138,56.72147028952525
2014-10-26 19:00:00,134.54550355566897,135.16745645141907,132.45116372970156,133.22543334960938,134875,126.10111022949219,134.45809741973878,133.60208740234376,4.512551981166006,124.57698344001174,142.62719136467578,53.189982349091686
2014-10-27 19:00:00,133.27618199920167,133.27618199920167,131.061252876852,131.91802978515625,88750,126.26345321655273,134.4392166519165,133.86038818359376,4.239398809380576,125.3815905648326,142.3391858023549,51.71323375644007
2014-10-28 19:00:00,132.32422745134238,133.27619787229523,131.37225703038953,131.58802795410156,85000,126.43303131103515,134.408943901062,133.88291702270507,4.225341014612266,125.43223499348053,142.3335990519296,54.957961913844144
2014-10-29 19:00:00,132.0576598972745,132.62884450024825,125.72386106584175,126.83450317382812,525375,126.53787506103515,134.35417377471924,133.7680450439453,4.38934773305183,124.98934957784165,142.54674051004898,38.00742270218989
2014-10-30 19:00:00,128.80190988636286,128.82729398568517,122.4871521652484,123.90242767333984,377875,126.61593658447265,134.27652458190917,133.46182594299316,4.853209780530732,123.75540638193169,143.16824550405462,25.970492632000912
2014-11-04 19:00:00,123.61050443023716,125.18443994546145,122.64584794263688,123.98494720458984,747375,126.69564849853515,134.18557941436768,133.18480224609374,5.2329943305094275,122.71881358507488,143.6507909071126,18.050230136940115
2014-11-05 19:00:00,125.02575359663324,125.02575359663324,122.8044815277162,123.24873352050781,183125,126.70770645141602,134.10278957366944,132.7979835510254,5.67169608876304,121.45459137349931,144.14137572855148,18.124000716426252
2014-11-06 19:00:00,123.75646978851078,125.09558106482964,122.80449936497591,123.94051361083984,330125,126.74451614379883,134.02063430786131,132.46098594665528,5.9951477665820185,120.47069041349124,144.45128147981933,21.977271992433515
2014-11-09 19:00:00,125.59693348077332,125.91425286231289,122.80447692438277,123.68663787841797,349000,126.80518814086913,133.940192527771,132.23441467285156,6.244383746835571,119.74564717918041,144.7231821665227,21.81340299865012
2014-11-10 19:00:00,123.62951557465969,124.06108155778804,120.90052529359858,121.54151916503906,440750,126.86992172241212,133.85565731048584,131.58167724609376,6.653422470426481,118.2748323052408,144.88852218694672,21.30110942719496
2014-11-11 19:00:00,122.16983905668401,123.72473324358774,120.65937007212153,122.14445495605469,683375,127.0180485534668,133.77508861541747,130.74743041992187,6.742266636019979,117.26289714788192,144.23196369196182,24.127195940567404
2014-11-12 19:00:00,122.29680156823123,125.85083072950604,121.37655809188601,123.9976577758789,862500,127.25845428466796,133.69702690124512,129.85162544250488,6.35994154017283,117.13174236215923,142.57150852285054,37.77012609832069
2014-11-13 19:00:00,124.07378558214391,124.39746011651971,122.23331109805336,122.56967163085938,282000,127.39350738525391,133.60760498046875,128.92694206237792,5.976937297075408,116.9730674682271,140.88081665652874,25.810657819457603
2014-11-16 19:00:00,123.62954399711855,124.89884603522536,121.85887866947436,122.37294006347656,484625,127.51992965698243,133.51653297424318,128.11459312438964,5.6872652635615815,116.74006259726647,139.4891236515128,17.57019863262674
2014-11-17 19:00:00,123.62318607093404,124.54977233118785,121.88424805697169,123.64222717285156,676625,127.60129211425782,133.42238288879395,127.36856422424316,5.202532162427263,116.96349989938864,137.77362854909768,24.214650120336685
2014-11-18 19:00:00,124.96227950159386,129.02402558797735,123.75644409283943,126.32677459716797,3634000,127.68125778198242,133.3422584915161,126.83228607177735,4.678160062956795,117.47596594586375,136.18860619769094,35.99370989128769
2014-11-19 19:00:00,126.22524578116841,126.8789378345257,122.16984206064393,123.21066284179688,940375,127.68125778198242,133.26003978729247,126.20366592407227,4.235904683500973,117.73185655707033,134.6754752910742,31.584898395090548
2014-11-20 19:00:00,123.12182280088527,125.66041471436475,123.12182280088527,124.35304260253906,744250,127.78140533447265,133.20244548797606,125.95551910400391,4.189093975347083,117.57733115330974,134.33370705469807,43.51583233387772
2014-11-23 19:00:00,124.12455105564352,124.45456854979143,122.487149581818,122.69024658203125,267500,127.84182327270508,133.1370766067505,125.47382049560547,3.966190382315483,117.5414397309745,133.40620126023643,46.60747801243987
2014-11-24 19:00:00,122.48714271981599,125.97771636408572,122.48714271981599,124.8480453491211,698000,127.91696578979492,133.0695499420166,125.00132484436035,3.379067134224844,118.24319057591066,131.75945911281005,52.164155006205824
2014-11-25 19:00:00,125.53348904142226,127.24703094704057,124.2705300836824,124.67671203613281,1289375,128.01114776611328,133.0051648712158,124.57388877868652,2.7697537437444826,119.03438129119756,130.1133962661755,53.68493752648017
2014-11-26 19:00:00,124.39112504101895,126.72027692216754,122.80450357902882,123.20433044433594,628625,128.02993362426758,132.9411922454834,124.13820381164551,2.1752439103031147,119.78771599103928,128.48869163225174,48.17383062744161
2014-11-27 19:00:00,123.75011717758754,123.75011717758754,120.58321760786828,121.24959564208984,907500,127.9960433959961,132.86598636627198,123.62128219604492,1.4030428133748827,120.81519656929515,126.42736782279468,44.42511848639003
2014-11-30 19:00:00,123.42645263671875,123.42645263671875,123.42645263671875,123.42645263671875,933500,128.0240948486328,132.80344173431396,123.45087966918945,1.181757893742658,121.08736388170414,125.81439545667476,54.30564724302086
2014-12-01 19:00:00,124.67671203613281,124.67671203613281,124.67671203613281,124.67671203613281,1291500,128.0671243286133,132.7494649887085,123.48959388732911,1.2096819122377802,121.07023006285354,125.90895771180467,55.618147176674036
2014-12-02 19:00:00,124.01667022705078,124.01667022705078,124.01667022705078,124.01667022705078,618750,128.0949215698242,132.6930130004883,123.49118003845214,1.2103862038856008,121.07040763068095,125.91195244622334,50.044539735807156
2014-12-03 19:00:00,122.90602111816406,122.90602111816406,122.90602111816406,122.90602111816406,708000,128.1073603820801,132.63700531005858,123.47404441833496,1.2164101313846316,121.04122415556569,125.90686468110422,50.79984527785398
2014-12-04 19:00:00,123.94685923665176,124.32764495595386,122.48715845356747,123.032958984375,329500,128.12018020629884,132.5702402496338,123.42866668701171,1.2150200048052513,120.9986266774012,125.85870669662222,51.574764449751704
2014-12-07 19:00:00,123.42645341132538,123.4327964107868,118.80620776163657,119.9041519165039,556000,128.07283569335937,132.49915966033936,123.23954238891602,1.4453099077394567,120.34892257343711,126.13016220439494,41.80808435805357
2014-12-08 19:00:00,119.94857476728976,121.21153372304062,118.99660435345425,120.65937805175781,441375,127.91836242675781,132.4385506057739,123.19543533325195,1.5117878984747024,120.17185953630255,126.21901113020135,36.43275103730953
2014-12-09 19:00:00,120.58321575440608,121.21786667936856,119.98664703223085,120.34204864501953,348125,127.73875686645508,132.384129486084,123.10531501770019,1.6270634310305347,119.85118815563912,126.35944187976126,42.07018903992755
2014-12-10 19:00:00,120.93861317200519,121.17343727443468,119.31390976565022,119.74547576904297,237875,127.5986260986328,132.3255196762085,122.8927059173584,1.7753808242491016,119.34194426886019,126.44346756585661,36.86683666568228
2014-12-11 19:00:00,119.32027051969733,120.58321728184927,117.4099747218006,120.43090057373047,243000,127.38449508666992,132.27205055236817,122.78576736450195,1.8583379907444106,119.06909138301313,126.50244334599077,43.180096199063804
2014-12-14 19:00:00,120.57688274549676,121.47808495471615,119.37739009799634,120.65937805175781,236875,127.21504379272461,132.22841857910157,122.70008926391601,1.916950320026087,118.86618862386383,126.53398990396819,35.68958677289582
2014-12-15 19:00:00,120.6466964666834,121.85253215763359,117.21958832554948,119.21873474121094,297750,126.99888229370117,132.17402923583984,122.47891464233399,2.0528941479130425,118.3731263465079,126.58470293816008,32.841235835507206
2014-12-16 19:00:00,118.67928849827729,120.23417072996932,117.40998650488872,118.54601287841797,102000,126.77929412841797,132.11665699005127,122.08987655639649,2.022346092960898,118.0451843704747,126.13456874231828,34.57988959496434
2014-12-17 19:00:00,119.94858213294795,120.5832331494637,118.42542695628691,119.84069061279297,165750,126.55640579223633,132.06648811340332,121.92137794494629,2.0640102833372453,117.79335737827179,126.04939851162078,45.12308230240968
2014-12-18 19:00:00,119.63758781718025,119.63758781718025,118.04462356644574,118.88870239257812,77750,126.32057052612305,132.01428825378417,121.64816093444824,2.0867225352987218,117.4747158638508,125.82160600504568,32.837240439996776
2014-12-21 19:00:00,119.94221257806446,121.85250820439943,119.3266028019849,120.77360534667969,677750,126.17168136596679,131.9702117919922,121.55232887268066,2.0803471009108003,117.39163467085906,125.71302307450226,35.913837803784745
2014-12-22 19:00:00,121.05920092736737,122.07463751460165,120.42455003410619,120.61493682861328,176875,125.89205474853516,131.91360103607178,121.34067344665527,1.9378505931894272,117.46497226027643,125.21637463303412,37.26231396496874
2014-12-23 19:00:00,121.44000542653323,121.69385856017192,119.31392642062518,119.65029907226562,209125,125.50847290039063,131.84261562347413,121.08935279846192,1.803724278729785,117.48190424100235,124.69680135592148,37.674270826714114
2014-12-25 19:00:00,120.58321652983183,120.58321652983183,114.87138237835805,117.1941909790039,366750,125.01408157348632,131.75322525024413,120.78884582519531,1.9291131114347575,116.93061960232579,124.64707204806483,31.209133556509443
2014-12-28 19:00:00,117.19420020566234,117.40998323322006,115.95029445497057,116.39454650878906,223375,124.52070571899414,131.65488647460938,120.54609336853028,2.159764503750324,116.22656436102963,124.86562237603093,36.713109976424995
2014-12-29 19:00:00,116.1406787520327,117.09266125234537,115.50603989177137,116.07086944580078,280375,124.06972473144532,131.5616248703003,120.17831420898438,2.267075567685527,115.64416307361333,124.71246534435542,32.04172929704086
2014-12-30 19:00:00,116.64839086761256,120.57687395880225,116.07721834490226,119.16795349121094,497500,123.6818276977539,131.4836265182495,119.90287628173829,2.012080955990652,115.87871436975698,123.9270381937196,46.2260435391433
2014-12-31 19:00:00,118.36195300849091,121.47172947334587,118.07636067473074,120.10089111328125,86125,123.34279876708985,131.37691036224365,119.7070873260498,1.7662056958554264,116.17467593433895,123.23949871776065,51.118249515229174
2015-01-01 19:00:00,120.95766463283555,120.95766463283555,119.37738629118633,119.80895233154297,97750,123.02331649780274,131.2565810394287,119.55223388671875,1.5988116633255198,116.35461056006771,122.7498572133698,47.99347041008818
2015-01-04 19:00:00,120.51974572001374,125.79367065429688,120.51974572001374,125.79367065429688,1359250,122.95287033081054,131.17499687194825,119.69026947021484,1.987153283004172,115.7159629042065,123.66457603622318,62.07821670226323
2015-01-05 19:00:00,127.21528504935667,131.04856235163967,126.29504187168224,128.20533752441406,3625375,122.87049270629883,131.10674041748047,120.10532875061035,2.753389675280685,114.59854940004898,125.61210810117173,70.21699041990661
2015-01-06 19:00:00,127.72934496085142,127.81819535746666,125.05747795909402,125.7428970336914,374375,122.69939147949219,131.02699672698975,120.35950469970703,3.028157652775758,114.30318939415551,126.41582000525855,64.98408682386474
2015-01-07 19:00:00,126.2950491284715,128.19900189219288,125.85079711509103,127.57069396972656,402250,122.58629669189453,130.95131481170654,120.72093696594239,3.4306153885879227,113.85970618876654,127.58216774311823,65.74453557219815
2015-01-08 19:00:00,127.24701915464799,133.94891785682816,127.24701915464799,131.27703857421875,2775500,122.57347686767578,130.88870677947997,121.29751510620117,4.151374068812906,112.99476696857536,129.600263243827,72.68712754310204
2015-01-11 19:00:00,132.3242009216922,132.95885177673998,129.7856096064594,129.88714599609375,390250,122.53945922851562,130.81870487213135,121.77032737731933,4.565338148122506,112.63965108107432,130.90100367356433,66.99808180503854
2015-01-12 19:00:00,130.09025077697203,131.24531817291154,127.56435717659986,129.2652130126953,394750,122.58807342529298,130.76174518585205,122.20061912536622,4.851695407641229,112.49722831008376,131.90400994064868,65.85994845068082
2015-01-13 19:00:00,130.09024686446395,130.10294496720758,128.199004273086,128.85903930664062,280375,122.68720565795898,130.71995357513427,122.6826343536377,5.015954385055764,112.65072558352617,132.71454312374922,67.23685480752259
2015-01-14 19:00:00,130.42024603430534,131.7530140166704,128.7384315875894,129.04940795898438,680375,122.78849487304687,130.6687691116333,123.20780410766602,5.1090439571607735,112.98971619334448,133.42589202198758,74.24715231283785
2015-01-15 19:00:00,129.46829783599398,131.18185177399744,129.3731044299805,129.52542114257812,348125,122.91402862548829,130.62237628936768,123.69204063415528,5.230625425060796,113.23078978403369,134.15329148427688,77.21652021223032
2015-01-18 19:00:00,130.6360752545693,133.91086702024603,130.6360752545693,132.54637145996094,753500,123.08614578247071,130.58306003570556,124.37492408752442,5.457153317583679,113.46061745235706,135.28923072269177,80.71465856513582
2015-01-19 19:00:00,133.91084700366847,136.73503112560897,132.80020477377425,134.50741577148438,1601125,123.30256134033203,130.55161319732667,125.06161460876464,5.831389370935919,113.39883586689281,136.7243933506365,79.86164785672402
2015-01-20 19:00:00,135.02147820874396,139.94000210916408,134.86281849033568,137.78219604492188,2491375,123.62737487792968,130.54618701934814,125.91997756958008,6.380073614726513,113.15983034012706,138.6801247990331,81.54439771853677
2015-01-21 19:00:00,136.76676354331775,137.7187460930775,133.11754148742898,133.9235382080078,882750,123.86295654296875,130.51496234893798,126.63363952636719,6.439856544329273,113.75392643770864,139.51335261502572,72.33830862591462
2015-01-22 19:00:00,133.09849528151014,134.53279994574794,132.64154512773797,133.61891174316406,291125,124.05538162231446,130.47637561798095,127.45487556457519,6.216131646876494,115.02261227082221,139.88713885832817,65.09924544256495
2015-01-25 19:00:00,134.54550543899046,136.38598004880367,132.7684850355836,133.24447631835938,549875,124.26887771606445,130.418464012146,128.2973720550537,5.763579624683571,116.77021280568655,139.82453130442084,60.552967913379035
2015-01-26 19:00:00,134.5454892065611,139.90192176914093,131.72129316376112,138.16932678222656,2536875,124.58480545043945,130.39834552764893,129.402294921875,5.403260151154823,118.59577461956536,140.20881522418466,73.5904247692095
2015-01-27 19:00:00,133.27620626218604,134.86282776530732,131.26437377929688,131.26437377929688,1206625,124.73724838256835,130.34522556304933,130.0071159362793,4.845609021103845,120.3158978940716,139.69833397848697,55.87884292663498
2015-01-28 19:00:00,128.5163560415374,130.73762881386517,127.8817049487348,129.24620056152344,483250,124.79563690185547,130.2785241317749,130.4643814086914,4.257392806334934,121.94959579602153,138.97916702136126,46.58416911382373
2015-01-29 19:00:00,129.46829699602475,130.09660494453368,123.50259745702832,124.32130432128906,432500,124.8178497314453,130.18916553497314,130.68999900817872,3.75263863589678,123.18472173638516,138.1952762799723,41.633296618252004
2015-02-01 19:00:00,124.39111994744479,125.6604098020853,123.5660700422159,123.71204376220703,343250,124.80502975463867,130.09530097961425,130.5859176635742,3.920692792168915,122.74453207923638,138.42730324791205,41.64916452063166
2015-02-02 19:00:00,124.39109913341211,126.89796342642902,124.39109913341211,125.5144271850586,504750,124.86151336669921,129.99496295928955,130.45137214660645,4.050702417273007,122.34996731206043,138.55277698115245,45.173078155427355
2015-02-03 19:00:00,125.82541290796507,127.56435086240283,124.77189407429672,125.08287048339844,634000,124.86620986938476,129.85949710845946,130.4183708190918,4.093543709044498,122.2312834010028,138.60545823718078,44.315095784636235
2015-02-05 19:00:00,124.70842921828981,125.8507984678096,124.3911098067386,124.54342651367188,254250,124.86354415893555,129.74497478485108,130.26700744628906,4.2570832095038105,121.75284102728143,138.78117386529667,42.872685423692104
2015-02-08 19:00:00,125.02577036666632,125.59695503542974,123.05835112760988,123.14720153808594,112375,124.86240158081054,129.62274143218994,129.86051559448242,4.534656909087309,120.7912017763078,138.92982941265703,35.89784093999742
2015-02-09 19:00:00,123.75010863498005,126.29504309211978,123.1852670421307,124.4736099243164,894875,124.92688186645508,129.49942916870117,129.58983879089357,4.691828715748277,120.20618135939701,138.9734962223901,34.653401570984514
2015-02-10 19:00:00,125.27327179496947,125.27961479385995,123.02661548185212,123.1789321899414,112500,124.92193145751953,129.37830646514894,129.28552474975587,4.906462323454364,119.47260010284714,139.0984493966646,26.22435186705664
2015-02-11 19:00:00,122.4871567693382,123.11546469725904,118.7110025178627,120.71649169921875,245750,124.84272705078125,129.25950038909912,128.87839736938477,5.268203836568724,118.34198969624732,139.41480504252223,27.473396059847673
2015-02-12 19:00:00,120.9005216090466,122.80447417046295,119.94855138081755,120.8814926147461,213000,124.78002349853516,129.15675079345704,128.47000160217286,5.56261468522142,117.34477223173002,139.5952309726157,28.170440955996966
2015-02-15 19:00:00,122.10638514351665,122.89335286768294,120.64669631704899,121.2623062133789,45625,124.74714920043945,129.04816257476807,128.05684585571288,5.782614458708768,116.49161693829535,139.6220747731304,29.46928524535646
2015-02-16 19:00:00,121.85251871115919,122.8044890547702,120.71014945684213,121.20516967773438,45625,124.71059341430664,128.9579154586792,127.48978576660156,5.874532245597345,115.74072127540687,139.23885025779626,15.113521329533498
2015-02-17 19:00:00,121.21786251529352,121.21786251529352,120.58321161213257,121.07823181152344,8500,124.73407501220703,128.87141284942626,126.81832656860351,5.7971689875254375,115.22398859355263,138.4126645436544,20.955414954964212
2015-02-18 19:00:00,120.90053244526099,121.21786395308497,119.94856213170762,120.53878784179688,49375,124.73166320800782,128.78452938079835,125.95615615844727,5.345414235011121,115.26532768842503,136.6469846284695,22.88529650180986
2015-02-19 19:00:00,119.3139178489951,122.16984105326316,117.72729653661506,118.08271026611328,353250,124.68647644042969,128.68847534179687,125.16411476135254,5.275868576706651,114.61237760793924,135.71585191476584,27.043410345197387
2015-02-22 19:00:00,118.98389811106219,118.98389811106219,116.14067306271217,116.2739486694336,309375,124.6170458984375,128.60184574127197,124.29686660766602,5.238370927320414,113.8201247530252,134.77360846230684,24.84973186489333
2015-02-23 19:00:00,116.64838087314477,116.64838087314477,115.18869232970346,115.39813232421875,135000,124.51639053344726,128.49401889801027,123.40454940795898,5.153298494456311,113.09795241904636,133.7111463968716,13.507379916389382
2015-02-24 19:00:00,115.50602353934882,116.14066230976306,113.67823531285349,114.05902099609375,176375,124.38438339233399,128.37692607879637,122.19903411865235,4.260270131147357,113.67849385635763,130.71957438094705,12.677312200691219
2015-02-25 19:00:00,114.30654952245047,115.50604217032391,113.75440595595653,113.97653198242188,130750,124.2795393371582,128.27224086761476,121.33464202880859,4.073882247312135,113.18687753418432,129.48240652343287,13.082093339645255
2015-02-26 19:00:00,114.36999363848305,114.680970015193,112.96741633927606,113.31647491455078,178375,124.17494857788085,128.17317207336427,120.53815574645996,4.002264176494155,112.53362739347165,128.54268409944828,13.791522065951966
2015-03-01 19:00:00,113.0943643283964,114.55405301922139,112.32643777923442,113.76709747314453,118000,124.0534767150879,128.08378177642822,120.01044540405273,4.169498929394657,111.67144754526342,128.34944326284204,7.846340176890351
2015-03-02 19:00:00,114.2367382152043,115.66469986388643,113.6020872485722,114.66194915771484,170000,123.96894165039062,127.98766433715821,119.55794067382813,4.23717306577168,111.08359454228477,128.03228680537148,15.376880743960768
2015-03-03 19:00:00,115.50602855788455,120.39281266917294,115.50602855788455,119.74547576904297,436625,123.94837905883789,127.91769435882568,119.26949310302734,4.000068907486484,111.26935528805437,127.26963091800032,46.74606620002567
2015-03-04 19:00:00,119.94854878548718,121.1861112659036,118.36192773778242,119.14889526367188,215125,123.91905822753907,127.85121486663819,118.97279434204101,3.7589826325538427,111.45482907693332,126.4907596071487,44.35717881552314
2015-03-05 19:00:00,120.26588571641676,120.26588571641676,117.86691293713261,118.05095672607422,50125,123.88707138061524,127.77604072570801,118.64817085266114,3.525689867592469,111.5967911174762,125.69955058784608,40.007843353232914
2015-03-08 19:00:00,118.04461590411212,118.04461590411212,116.78801224464952,117.55593872070312,39250,123.89430633544922,127.69874046325684,118.368607711792,3.368334546560217,111.63193861867155,125.10527680491244,38.94656957085203
2015-03-09 19:00:00,116.7753099459106,118.99658189562051,115.72814631980745,117.66382598876953,35375,123.91969192504882,127.61452251434326,118.02811851501465,3.0476469105231065,111.93282469396844,124.12341233606087,39.64589968530483
2015-03-10 19:00:00,117.09266538330486,117.40998482463037,114.23674199153226,116.66744232177734,114250,123.93162338256836,127.52614784240723,117.70254402160644,2.8067162430129637,112.08911153558051,123.31597650763237,38.57681410119895
2015-03-11 19:00:00,117.09267152291126,117.11170052222151,116.14704404382869,116.57859802246094,7750,123.87983627319336,127.42847549438477,117.49564933776855,2.7241486464259483,112.04735204491666,122.94394663062045,44.841117611747826
2015-03-12 19:00:00,114.8713796379943,117.61941119536955,114.8713796379943,116.76263427734375,27250,123.8130711364746,127.33258010864257,117.28970642089844,2.607921715315152,112.07386299026814,122.50554985152874,51.88635626049522
2015-03-15 19:00:00,116.14066775639861,116.77531866153463,113.98286194191172,114.37000274658203,64500,123.7042921447754,127.23490756988525,116.9450912475586,2.508845256201252,111.92740073515608,121.9627817599611,46.44737001669822
2015-03-16 19:00:00,114.80790763954586,115.15696623012109,111.69178863278947,112.80876159667969,120125,123.44459396362305,127.13358577728272,116.52527084350587,2.460506550200475,111.60425774310491,121.44628394390682,45.745132739686476
2015-03-17 19:00:00,111.09522553004997,111.38081786734925,107.17309722045218,107.26194763183594,206750,123.02572616577149,127.00710041046142,115.83445663452149,2.996163995835447,109.8421286428506,121.82678462619238,33.34381803702122
2015-03-18 19:00:00,108.51855305722356,108.52489605600312,103.4477007867111,105.94187927246094,227750,122.62970581054688,126.87179332733155,115.10461120605468,3.5216760578809527,108.06125909029278,122.14796332181659,32.28661076441486
2015-03-19 19:00:00,107.4142625940697,109.15955579620145,107.4142625940697,108.13776397705078,143750,122.24104721069335,126.74295959472656,114.60736389160157,3.772229770186305,107.06290435122895,122.15182343197418,37.524583999502234
2015-03-23 19:00:00,108.51220379022634,108.84222131890718,104.72970636607842,105.21202850341797,48750,121.71974700927734,126.60051265716552,114.05426788330078,4.290387969754651,105.47349194379149,122.63504382281008,30.787057144629898
2015-03-24 19:00:00,104.71700191656352,105.9228374492338,103.45405518534746,103.77771759033203,87625,121.19755844116212,126.43867729187012,113.47324714660644,4.849259097224392,103.77472895215766,123.17176534105522,11.878736216298918
2015-03-25 19:00:00,105.35165518185916,105.35165518185916,98.59264515449914,102.13398742675781,193000,120.65493392944336,126.26291137695313,112.87699546813965,5.4672051974920315,101.94258507315558,123.81140586312372,11.313091923165246
2015-03-26 19:00:00,102.1339678633928,102.21012015021742,97.03138939246458,97.85009002685547,325625,120.03475494384766,126.07442066192627,112.07067337036133,6.4052286242360355,99.26021612188926,124.88113061883341,9.881476345573176
2015-03-29 19:00:00,97.13295430040905,97.67240576439046,92.96331024169922,92.96331024169922,227125,119.31303298950195,125.86863586425781,111.05301513671876,7.6857313437541706,95.68155244921041,126.4244778242271,8.413783885669432
2015-03-30 19:00:00,92.97601745710236,97.60895538330078,92.97601745710236,97.60895538330078,150625,118.6747036743164,125.68741207122802,110.24510803222657,8.21635429914893,93.8123994339287,126.67781663052443,20.599206951056544
2015-03-31 19:00:00,101.54377044411946,102.48939787161687,98.53553638997195,102.29265594482422,166125,118.06962936401368,125.49625602722168,109.62664337158203,8.331121486896077,92.96440039778989,126.28888634537418,30.982371368482944
2015-04-01 19:00:00,101.55011662835037,105.7197673232695,101.54377362872737,105.07241821289062,104125,117.4809294128418,125.33096183776856,108.89299049377442,8.033906391252795,92.82517771126882,124.96080327628002,35.78930903540099
2015-04-02 19:00:00,105.98630581220087,107.25559556683245,104.74873105186755,106.4686279296875,102000,116.85465805053711,125.16842826843262,108.2589771270752,7.6742353583605,92.9105064103542,123.6074478437962,37.65600435626521
2015-04-05 19:00:00,107.03347392301893,111.78699493408203,106.30362956071966,111.78699493408203,214500,116.41192718505859,125.03070949554443,107.94577903747559,7.375585838239209,93.19460736099717,122.69695071395401,47.105688532556044
2015-04-06 19:00:00,113.28477253897289,116.14068385039924,112.9674409899516,114.49060821533203,151375,116.02936111450195,124.89219741821289,107.79251251220703,7.195012417100176,93.40248767800668,122.18253734640737,51.837500606406955
2015-04-07 19:00:00,114.87137580843894,117.91134256917792,112.24393394372848,115.5694808959961,219500,115.67586120605469,124.74727527618408,107.68779525756835,7.0577130759407485,93.57236910568686,121.80322140944985,60.05837986633597
2015-04-08 19:00:00,115.823343392151,115.88680969044036,113.10069608884278,114.61750793457031,112125,115.20482482910157,124.60587551116943,107.58529853820801,6.9342464707392875,93.71680559672943,121.45379147968659,60.59852238144361
2015-04-09 19:00:00,114.61750775097273,118.02557412340487,114.61750775097273,115.39813232421875,236500,114.8875,124.48186519622803,107.52627525329589,6.858275713224035,93.80972382684783,121.24282667974396,59.18726444885836
2015-04-12 19:00:00,116.7435849068342,121.1670756798433,116.14701623731186,121.05284118652344,1653375,114.7236328125,124.40053493499755,107.74078559875488,7.2199297764920045,93.30092604577088,122.18064515173889,68.74998758301096
2015-04-13 19:00:00,121.43998788229845,121.43998788229845,116.7753176890966,118.03192138671875,557250,114.59784515380859,124.31060527801513,107.92388153076172,7.439973142916163,93.0439352449294,122.80382781659404,66.26122833644547
2015-04-14 19:00:00,117.73365890001284,119.94857619092691,117.40998435558215,118.15252685546875,154500,114.48665481567383,124.23869960784913,108.19106979370117,7.715487321451725,92.76009515079772,123.62204443660463,68.93190191683092
2015-04-15 19:00:00,119.37738128606748,122.48715753102539,119.00293856850202,121.64942169189453,1050375,114.40935470581054,124.19747917175293,108.9104434967041,8.27475598264693,92.36093153141024,125.45995546199796,78.66099491063474
2015-04-16 19:00:00,122.48715603399525,127.72935401584184,122.32849632950013,127.50088500976562,1813750,114.45771499633788,124.15321235656738,109.98839378356934,9.218153572828436,91.55208663791247,128.42470092922622,90.64835565251575
2015-04-19 19:00:00,130.10292938417442,131.49915158563425,127.56433806108463,128.14820861816406,1167500,114.52981063842773,124.113832321167,110.988916015625,10.05470798330708,90.87950004901083,131.09833198223916,89.67678638371028
2015-04-20 19:00:00,127.5643690912956,128.83365900911792,124.07379458112152,126.48546600341797,570375,114.59657592773438,124.07080333709717,112.052587890625,10.525629309862712,91.00132927089959,133.10384651035042,84.10889201927222
2015-04-21 19:00:00,127.56435838594157,129.72216438061116,126.04120334940308,128.53536987304688,757625,114.67781112670899,124.03005878448486,113.29047050476075,10.948564267975948,91.39334196880885,135.18759904071266,83.77497757366864
2015-04-22 19:00:00,128.83362370016968,129.69040051499078,126.99314958700276,127.74203491210938,577375,114.76907318115235,123.99128162384034,114.57087287902831,11.071875525567142,92.42712182789403,136.7146239301626,81.16403019985408
2015-04-23 19:00:00,128.83365196361433,131.72130240781726,128.82730896428606,129.20175170898438,1283625,114.93877838134766,123.96364276885987,116.13845596313476,10.795890609650456,94.54667474383385,137.73023718243567,78.76314012716541
2015-04-26 19:00:00,130.73127578041104,135.65614318847656,129.6904427419098,135.65614318847656,2520875,115.23427139282227,123.95840702056884,118.27309761047363,10.175286529576688,97.92252455132025,138.62367066962702,81.10431043664964
2015-04-27 19:00:00,135.87825974516164,135.87825974516164,131.91170612788122,132.51461791992188,1026375,115.45931762695312,123.93844738006592,120.01838073730468,9.409084429154857,101.20021187899496,138.8365495956144,73.4787407970729
2015-04-28 19:00:00,132.64153097324942,133.05405587797893,129.84907424924523,130.40122985839844,353000,115.6432388305664,123.90976131439209,121.4238094329834,8.694172779827122,104.03546387332916,138.81215499263766,71.18760126256885
2015-04-29 19:00:00,131.30879993946007,132.0069051745197,129.46831317211766,130.60433959960938,302500,115.83376098632813,123.88713626861572,122.70040550231934,8.014803261226596,106.67079897986615,138.73001202477252,70.73383607820716
2015-05-03 19:00:00,131.245336076251,134.1647139072693,129.62697532234856,130.6614532470703,940250,116.03621429443359,123.86689098358154,123.91004676818848,7.222579336585511,109.46488809501746,138.3552054413595,65.46163429604643
2015-05-04 19:00:00,130.2298827322933,134.53913961773358,130.10295011966903,131.6514892578125,1354875,116.30758987426758,123.85264301300049,124.903271484375,6.822482309876731,111.25830686462153,138.54823610412845,73.44841790458196
2015-05-05 19:00:00,132.958857032087,135.81476783524764,132.67326474127506,133.9806365966797,1425125,116.6617236328125,123.84829563140869,125.87777290344238,6.646570042294396,112.58463281885358,139.17091298803118,75.32490139189045
2015-05-06 19:00:00,134.29162789120826,134.545493113422,130.73759951493645,130.93434143066406,410125,116.9724478149414,123.83195346832275,126.64601593017578,6.269663918687791,114.1066880928002,139.18534376755136,65.0731703208684
2015-05-07 19:00:00,130.26161120326321,132.38769011972445,129.46830052345655,131.37225341796875,569000,117.3187124633789,123.81611911773682,127.4837532043457,5.668385404535335,116.14698239527503,138.82052401341636,57.62502456883572
2015-05-10 19:00:00,130.20451790847,131.97518332838553,125.08923938600807,126.15545654296875,782125,117.56229095458984,123.76192028045654,128.0216194152832,4.922544311835761,118.17653079161167,137.86670803895473,46.673803127410025
2015-05-11 19:00:00,126.13638817390859,132.45748901367188,126.13638817390859,132.45748901367188,1039625,117.94511123657226,123.74700603485107,128.59185180664062,4.729566448512268,119.13271890961609,138.05098470366516,58.631412291424866
2015-05-12 19:00:00,132.64154315825724,137.72508176797035,132.32422372852068,135.3768768310547,3374000,118.37730682373046,123.74922733306884,129.45909957885743,4.258052663187081,120.94299425248327,137.9752049052316,59.64565582456788
2015-05-13 19:00:00,135.56093871655207,140.1938703823055,135.02148113631458,135.99249267578125,5543750,118.8039176940918,123.7411039352417,130.35109786987306,3.5793461381213074,123.19240559363044,137.50979014611568,61.69068216942972
2015-05-14 19:00:00,135.81477797855442,136.38596260283714,132.51460283935646,132.9652099609375,1754125,119.06831237792969,123.71454372406006,130.9168872833252,2.9747597626483855,124.96736775802843,136.86640680862197,55.105897238647835
2015-05-17 19:00:00,133.27619420752063,133.27619420752063,128.97962327516865,131.37225341796875,1554375,119.31277954101563,123.67919384002685,131.11045570373534,2.8647001255755953,125.38105545258415,136.83985595488653,43.30487387839843
2015-05-18 19:00:00,132.29249753135,133.7521985245725,130.10296419895855,130.60433959960938,1764000,119.56384719848633,123.638766746521,131.2332622528076,2.782494584332606,125.6682730841424,136.79825142147283,46.77524715240249
2015-05-19 19:00:00,130.54718523092066,131.78474778113284,129.4365552768735,130.2235107421875,715500,119.81719863891601,123.60163982391357,131.4201644897461,2.563741366471623,126.29268175680285,136.54764722268933,49.68135196285768
2015-05-20 19:00:00,131.05492090114925,131.67053075878428,129.47464255258592,130.69317626953125,389750,120.07778564453125,123.57124019622803,131.5280548095703,2.4799861158202052,126.5680825779299,136.48802704121073,50.1577748702734
2015-05-21 19:00:00,130.927953233975,133.27615752609196,130.927953233975,131.57530212402344,1734875,120.37594284057617,123.54455295562744,131.719718170166,2.3145976156765795,127.09052293881284,136.34891340151916,51.57679787604878
2015-05-24 19:00:00,132.92714488128186,133.2762035416371,127.62783497941243,128.96693420410156,1186750,120.62370956420898,123.50748958587647,131.70797729492188,2.328595554005779,127.05078618691032,136.36516840293342,45.61294579338018
2015-05-25 19:00:00,128.86537561289083,130.4202576078465,128.77018221461654,129.27154541015625,742375,120.87388778686524,123.47591579437255,131.38874740600585,2.1925090145058124,127.00372937699423,135.77376543501748,41.75919542040747
2015-05-26 19:00:00,129.46830958936832,131.36590751258805,129.46830958936832,130.30604553222656,790000,121.19260864257812,123.45713031768798,131.2783187866211,2.1884335797778776,126.90145162706534,135.65518594617686,48.81721393789397
2015-05-27 19:00:00,130.73127136920235,133.9743236902012,130.35682859736596,132.34327697753906,2936500,121.58329895019531,123.44307300567627,131.37542114257812,2.1905522343708457,126.99431667383642,135.7565256113198,51.72416035338825
2015-05-28 19:00:00,132.4511492305416,134.48202252371425,131.94343090724843,132.11477661132812,1405125,122.08035552978515,123.43805919647217,131.45094299316406,2.188605317783586,127.0737323575969,135.82815362873123,62.85942513052046
2015-05-31 19:00:00,132.38769148065035,134.1964388808064,131.7847676106247,132.6098175048828,927125,122.61371429443359,123.46877628326416,131.5483612060547,2.1949674666603656,127.15842627273396,135.93829613937544,50.43863233532725
2015-06-01 19:00:00,133.59349269211577,137.33791948213326,133.33963960895713,134.06314086914062,3147125,123.13222183227539,123.51516899108887,131.6689437866211,2.266024104465366,127.13689557769037,136.20099199555182,45.86822588586692
2015-06-02 19:00:00,134.22813986285684,135.7195675395973,133.1175099578106,133.7648468017578,1301250,123.70327819824219,123.56498882293701,131.658154296875,2.254924402249512,127.14830549237598,136.16800310137404,42.85123881957863
2015-06-03 19:00:00,134.48202034661486,135.75132230103122,133.6062143451273,134.0250701904297,700625,124.30822525024413,123.61956855773926,131.81269073486328,2.307992437115858,127.19670586063157,136.428675609095,54.1356902224588
2015-06-08 19:00:00,139.62267914456987,143.04978707940842,138.3533772194533,141.13314819335938,2804375,125.08820846557617,123.71727272033691,132.3007354736328,3.1045208255619974,126.09169382250882,138.5097771247568,76.62734454998792
2015-06-09 19:00:00,142.16127322866336,145.9691669616998,142.16127322866336,145.27740478515625,3243875,126.03675476074218,123.84366298675538,133.2568328857422,3.943482228388871,125.36986842896445,141.14379734251995,83.80104354281521
2015-06-10 19:00:00,145.9057086067624,147.8096616295393,143.74790244392523,144.312744140625,1681625,127.0637434387207,123.96522994995117,133.84959564208984,4.645523362791209,124.55854891650742,143.14064236767226,81.60597073779851
2015-06-11 19:00:00,144.69986677893849,145.58838299394898,141.01890561663976,143.24652099609375,861500,127.97649475097656,124.06823337554931,134.2430778503418,5.093390517362911,124.05629681561597,144.4298588850676,77.42649117894148
2015-06-14 19:00:00,143.75422437781785,144.8902506043813,141.84394074029785,142.28819274902344,647875,128.77640548706054,124.16917419433594,134.5578628540039,5.392936617347404,123.7719896193091,145.3437360886987,73.32779998059561
2015-06-15 19:00:00,141.36797081848496,143.49404988681226,140.89199163957792,142.38340759277344,330875,129.5226252746582,124.27782604217529,135.0287727355957,5.651543928338642,123.72568487891843,146.331860592273,82.80554162637152
2015-06-16 19:00:00,142.16762563536233,143.0878690018572,139.08324518611087,139.49575805664062,720000,130.18316787719726,124.38378063201904,135.4349479675293,5.666816077473908,124.10131581258148,146.76858012247712,72.19612639244625
2015-06-17 19:00:00,140.19384516121585,146.4705209783938,138.48030337862215,145.63279724121094,2622875,130.86008392333986,124.5382540512085,136.18637084960938,5.980282999432261,124.22580485074485,148.1469368484739,77.23878047113723
2015-06-18 19:00:00,146.6672755287616,148.25389681451642,143.74788606839368,144.15406799316406,874500,131.45335311889647,124.69913753509522,136.8828987121582,6.0599521717639835,124.76299436863025,149.00280305568617,71.41532277699326
2015-06-21 19:00:00,143.4305705510321,145.9628192571485,141.85029222124697,143.67173767089844,1195625,132.01539825439454,124.83841114044189,137.53182678222657,6.057144124028388,125.4175385341698,149.64611503028334,70.76394855433108
2015-06-22 19:00:00,144.00174300242577,145.65183049730334,143.43055840400817,144.73793029785156,674750,132.61780670166016,124.98184165954589,138.18995819091796,6.09087283822792,126.00821251446212,150.3717038673738,71.35190285280171
2015-06-23 19:00:00,146.2039763441225,150.41169649742457,146.2039763441225,149.2122039794922,4128750,133.29408813476562,125.13003215789794,139.2022216796875,6.159323655822169,126.88357436804317,151.52086899133184,74.1062110808896
2015-06-24 19:00:00,149.14241073935463,149.65012910022634,146.00089505930046,146.58477783203125,553750,133.80472686767578,125.25131359100342,140.06788330078126,5.901402569121485,128.2650781625383,151.87068843902424,68.99213836549073
2015-06-25 19:00:00,146.60382804307804,147.5177163074402,144.0652360810039,145.15048217773438,635375,134.3470980834961,125.3610126876831,140.81010513305665,5.530898676060707,129.74830778093525,151.87190248517805,65.92771400172578
2015-06-28 19:00:00,145.96281721006588,147.23846209634408,144.69985832178372,145.68991088867188,447875,134.89784576416017,125.49273391723632,141.4774368286133,5.2537938998090405,130.9698490289952,151.98502462823137,58.03490423183677
2015-06-29 19:00:00,145.65184855811563,149.06625846994893,144.4460129113818,144.98545837402344,1948125,135.36456649780274,125.6193144607544,142.12097091674804,4.816685598049285,132.48759972064946,151.75434211284662,49.41414443285641
2015-06-30 19:00:00,145.84223983397214,147.04807551754925,144.07157456818967,144.88392639160156,635250,135.71222732543944,125.73827949523925,142.73467636108398,4.2947209892984874,134.14523438248702,151.32411833968095,51.187335259730574
2015-07-01 19:00:00,144.9537073943506,149.0789199110502,144.37617982090518,147.13055419921875,2817750,136.09187423706055,125.87409420013428,143.3880470275879,3.880031801045243,135.6279834254974,151.1481106296784,57.69617779239816
2015-07-02 19:00:00,147.8096523207148,154.27671529734224,147.55578709168145,153.57859802246094,3135625,136.6337368774414,126.03066200256347,144.37873458862305,3.8227187823261803,136.7332970239707,152.0241721532754,68.37437508629347
2015-07-05 19:00:00,154.79078424025323,160.75648426051603,153.74362038154126,158.92869567871094,5209500,137.2416033935547,126.2105849456787,145.6239158630371,4.298983184648278,137.02594949374054,154.22188223233366,72.99354245498677
2015-07-06 19:00:00,160.24243580834766,160.56609828089537,154.5686706741667,155.3746795654297,1983125,137.7942562866211,126.37733894348145,146.33599243164062,4.678693079672247,136.97860627229613,155.6933785909851,71.66618155986197
2015-07-07 19:00:00,155.3746737050308,158.02115722583207,153.2041693750076,156.4662628173828,1749500,138.33954650878906,126.54704406738281,146.89543533325195,5.186802345332488,136.52183064258696,157.26904002391694,67.14208590189456
2015-07-08 19:00:00,156.13624497779148,157.39284892297653,152.6647236027672,153.94036865234375,845750,138.7052310180664,126.70361186981201,147.3768165588379,5.377740118245901,136.6213363223461,158.1322967953297,64.988424871033
2015-07-09 19:00:00,154.2195900722173,155.70467501268837,152.31564929797668,152.93125915527344,349625,139.11356384277343,126.85684776306152,147.86105346679688,5.422101312752644,137.01685084129159,158.70525609230216,63.95642366413618
2015-07-12 19:00:00,153.58494388579476,156.75183132420653,152.82336034947792,156.05372619628906,410375,139.62661376953125,127.02515655517578,148.54933013916016,5.549647141878332,137.45003585540348,159.64862442291684,66.06022910761683
2015-07-13 19:00:00,155.89506401664627,158.0274859451181,152.95030240586175,153.7689971923828,809625,140.08990692138673,127.18264465332031,149.1186096191406,5.467212439720892,138.18418473969882,160.0530344985824,56.89593541742676
2015-07-14 19:00:00,154.85423212446798,159.29677648210023,154.21958120124057,156.85337829589844,1204625,140.61374542236328,127.32499633789062,149.98649063110352,5.231890322719143,139.52270998566524,160.4502712765418,65.32779831972584
2015-07-15 19:00:00,155.49521713505325,158.02746557908605,154.85422324976722,155.53964233398438,367875,141.0915084838867,127.45608291625976,150.4818328857422,5.266859742257758,139.9481134012267,161.0155523702577,65.56377255254793
2015-07-21 19:00:00,154.8415483286673,155.42541895496643,152.31564270238783,154.05458068847656,733500,141.49298736572266,127.59259574890137,150.97685852050782,5.10355567532861,140.7697471698506,161.18396987116503,62.185675689734055
2015-07-22 19:00:00,155.33024386930728,155.77449594278448,149.1424177338265,149.8468780517578,1352375,141.87123809814454,127.68614288330077,151.28561553955078,4.817100992071979,141.6514135554068,160.91981752369475,56.42620228827487
2015-07-23 19:00:00,149.7770683929709,151.68100930486756,148.57124479775155,149.28839111328125,762875,142.22956085205078,127.78692512512207,151.51313858032228,4.593852677858481,142.32543322460532,160.70084393603923,55.75266706392782
2015-07-26 19:00:00,147.30195593311663,149.84054807720022,145.33453642960995,146.03265380859375,759000,142.62710479736327,127.86695434570312,151.35416107177736,4.73065090894015,141.89285925389706,160.81546288965765,48.60286184969347
2015-07-27 19:00:00,147.84138512849285,149.71358679255837,146.60382235158676,148.0317840576172,699625,142.9385906982422,127.95948616027832,151.42651138305663,4.664471446384979,142.09756849028668,160.7554542758266,42.04007683232212
2015-07-28 19:00:00,149.3010498222577,155.43175151131166,149.14239012609409,155.4000244140625,3216000,143.33905364990235,128.08156074523924,151.93898849487306,4.498749481376283,142.9414895321205,160.93648745762562,45.21344965692819
2015-07-29 19:00:00,156.75817383917985,159.7410172315438,156.18698925905247,158.59864807128906,3825500,143.7911767578125,128.22115165710449,152.5844253540039,4.480980337936074,143.62246467813176,161.54638602987606,54.41580448623632
2015-07-30 19:00:00,160.88341308884054,166.52543842470536,160.2487621050561,164.68495178222656,3601375,144.42557159423828,128.40348609924317,153.56940002441405,4.870855591332723,143.8276888417486,163.3111112070795,59.90212955902046
2015-08-02 19:00:00,167.87087585125676,169.10209548893502,161.84806537159676,163.0094757080078,2614750,145.05831604003907,128.54555213928222,154.47567749023438,4.8559797614323115,144.76371796736976,164.187637013099,61.155336835605304
2015-08-03 19:00:00,163.42199858059902,163.42199858059902,156.77087977003018,158.79541015625,2096750,145.62213745117188,128.645382232666,155.05892028808594,4.6222349364445385,145.81445041519686,164.30339016097503,56.685971764337474
2015-08-04 19:00:00,159.60141772638454,163.40929924270878,159.60141772638454,161.12457275390625,2084000,146.24015869140624,128.74143630981445,155.43621902465821,4.799614893760322,145.83698923713757,165.03544881217886,55.88800280648539
2015-08-05 19:00:00,161.70845836182977,163.04122669981913,158.97946747900696,161.19439697265625,2592125,146.85018310546874,128.84209159851073,155.54950408935548,4.911813414850237,145.725877259655,165.37313091905597,59.08952179011453
2015-08-06 19:00:00,162.72387477489008,165.96058364210003,159.931430034715,160.9976348876953,2758125,147.43862976074217,128.953980178833,155.83065185546874,5.059971882996563,145.71070808947562,165.95059562146187,55.458957821803516
2015-08-09 19:00:00,161.51805295703065,161.9940320833918,159.3729330215646,159.93777465820312,702375,148.05804656982423,129.06085502624512,156.00422744750978,5.14180431354183,145.72061882042613,166.28783607459343,55.832380277118794
2015-08-10 19:00:00,160.4391287063972,163.10465261727344,154.93038009758357,155.98388671875,2088375,148.59229339599608,129.15551277160645,156.10640335083008,5.118886508704118,145.86863033342183,166.34417636823832,52.40123139097423
2015-08-11 19:00:00,156.1235588324476,156.7582098567385,149.30108150500308,150.44345092773438,2221250,148.99504150390624,129.22881469726562,155.9820129394531,5.22914410167559,145.52372473610194,166.4403011428043,50.71865865579564
2015-08-12 19:00:00,146.76246564069103,146.76246564069103,142.9228451204708,144.4142608642578,2899750,149.23646118164064,129.3043061065674,155.40003967285156,5.833518845552362,143.73300198174684,167.0670773639563,44.812183202784325
2015-08-16 19:00:00,144.63641487020138,146.9211414901459,140.28906345142744,140.9681396484375,2289125,149.4135284423828,129.34752571105957,154.7599967956543,6.664893260705828,141.43021027424265,168.08978331706595,44.63130454699266
2015-08-17 19:00:00,141.45045401715188,142.47858871970732,137.71872511577445,138.6643524169922,1115500,149.534619140625,129.3693576812744,153.85054550170898,7.546838759908334,138.7568679818923,168.94422302152566,40.133675847961555
2015-08-18 19:00:00,139.27359686476657,140.7332853573601,135.8211054143654,136.93174743652344,944625,149.59199127197266,129.387889251709,152.92015075683594,8.42371565199924,136.07271945283745,169.76758206083443,27.92782475268723
2015-08-19 19:00:00,136.95080128832228,136.95080128832228,133.2698405136092,134.12661743164062,1864375,149.5992266845703,129.3989321899414,151.92375259399415,9.404015099738604,133.11572239451695,170.73178279347135,20.474796786283264
2015-08-20 19:00:00,133.59350441069222,133.8981378211712,130.10294250260608,132.35594177246094,1040500,149.56584411621094,129.40277175903321,151.0492057800293,10.370920047022448,130.3073656859844,171.7910458740742,6.461572099423222
2015-08-23 19:00:00,129.85542358623445,129.85542358623445,125.7428970336914,125.7428970336914,830125,149.25803909301757,129.3973137283325,149.8719310760498,11.816921295806981,126.23808848443585,173.50577366766376,5.7031079253865755
2015-08-24 19:00:00,128.833641071107,132.0259246826172,125.02575974286503,132.0259246826172,1009625,148.99300949096678,129.4379312133789,149.17159461975098,12.454302618461734,124.26298938282751,174.08019985667445,19.67215750324823
2015-08-25 19:00:00,132.006877902843,136.4494220679698,128.89710182923784,130.19178771972656,1131875,148.71059036254883,129.46896541595459,148.27959480285645,13.159155405848344,121.96128399115976,174.59790561455313,14.55790987911432
2015-08-26 19:00:00,131.6261028557948,133.244463376069,130.42026726685955,131.96246337890625,598750,148.48490921020507,129.51253406524657,147.10771675109862,13.530056882450463,120.04760298619769,174.16783051599955,17.763168301103974
2015-08-27 19:00:00,134.54549680393666,136.3542441944623,133.3460041745074,134.3487548828125,928500,148.32612045288087,129.56457527160646,145.8952220916748,13.532676019979741,118.82987005171533,172.9605741316343,21.965586165891665
2015-08-30 19:00:00,135.81478666981297,137.33794173038564,134.54549683848262,134.97705078125,661250,148.1779933166504,129.62102733612062,144.409827041626,12.980871835935178,118.44808336975564,170.37157071349634,23.50090019047039
2015-08-31 19:00:00,135.62439823485053,137.07138886740384,131.3722525354529,132.03228759765625,564875,148.0287239074707,129.67348117828368,142.8609676361084,12.483325471691563,117.89431669272527,167.8276185794915,24.015464659891705
2015-09-01 19:00:00,132.03228097811035,132.80019540749822,130.13467119069375,131.29608154296875,335125,147.74198959350585,129.71923931121827,141.48600120544432,12.145747273974669,117.19450665749498,165.77749575339365,26.810153811467757
2015-09-02 19:00:00,131.68957171328734,133.11753334562826,131.378595285238,131.84188842773438,198375,147.49574600219728,129.75846046447754,140.02186698913573,11.395580858061635,117.23070527301246,162.813028705259,32.441099024561154
2015-09-03 19:00:00,132.578062324084,132.578062324084,127.7230053723373,128.59246826171875,394125,147.19416061401367,129.78857444763185,138.39177055358886,10.504477342000213,117.38281586958843,159.40072523758928,32.62032669976665
2015-09-06 19:00:00,128.1926483314895,129.15097377613924,122.36023667853438,124.4672622680664,295375,146.78874725341797,129.7990460586548,136.56525192260742,9.494264925007712,117.57672207259199,155.55378177262284,31.032756303401527
2015-09-07 19:00:00,124.45457780985262,130.68681635675478,122.20156637921248,129.34771728515625,312125,146.39145751953126,129.8275735092163,135.03574905395507,7.852960117624211,119.32982881870664,150.7416692892035,40.65387715160694
2015-09-08 19:00:00,130.35680455896852,133.40311438013288,129.4682884490762,132.6986541748047,349125,146.11373504638672,129.8594329071045,133.87148742675782,6.118299160329931,121.63488910609796,146.10808574741768,48.26361868967716
2015-09-09 19:00:00,132.7051613172004,132.96524598097199,130.10437668708153,130.93663024902344,162125,145.8294580078125,129.89806274414062,132.89614639282226,4.736174991305021,123.42379641021222,142.3684963754323,48.273775853647315
2015-09-10 19:00:00,131.5087839446702,133.290324000696,130.36443387909793,130.71554565429688,287500,145.529970703125,129.9298752593994,132.21121063232422,3.899399657575995,124.41241131717223,140.01000994747622,57.16141670078304
2015-09-13 19:00:00,130.68954322903338,131.33323163239754,127.76365302778287,128.04974365234375,116125,145.1912564086914,129.956672744751,131.56529083251954,3.4119819057426404,124.74132702103425,138.3892546440048,43.607653065730176
2015-09-14 19:00:00,128.7324508133361,128.7974719753414,126.9509106592502,128.2838134765625,104375,144.85925415039063,129.9738515853882,131.04626388549804,3.0450514540637106,124.95616097737062,137.13636679362546,46.76625909029782
2015-09-15 19:00:00,128.73894537827752,130.68954297583824,128.08875858060887,129.9418182373047,111375,144.51547943115236,130.00017711639404,130.6967674255371,2.7175100527575418,125.26174732002202,136.1317875310522,46.562168353412986
2015-09-16 19:00:00,131.3267601870799,132.64015564863013,130.37747337613604,130.5270233154297,332875,144.05444793701173,130.0367905807495,130.51678771972655,2.5948272932935303,125.32713313313948,135.70644230631362,43.07338104825328
2015-09-17 19:00:00,131.65834811055905,131.91842037091797,127.1134641359361,127.445068359375,175500,143.424775390625,130.06776794433594,130.27124404907227,2.6435281774403134,124.98418769419163,135.5583004039529,37.46380341361555
2015-09-20 19:00:00,124.26561702015572,129.38267042260264,124.18759905436487,127.958740234375,112125,142.87645660400392,130.09042938232423,130.38203620910645,2.4854612239590765,125.41111376118829,135.3529586570246,42.62301741036863
2015-09-21 19:00:00,130.03286896101977,130.6895666748426,127.76367594868505,127.9392318725586,219250,142.30591598510742,130.10674198150636,130.1777015686035,2.5110566367609386,125.15558829508163,135.1998148421254,43.75891327481128
2015-09-22 19:00:00,128.08224732138925,129.1225610757273,126.59980704229251,127.9197006225586,98625,141.7855026245117,130.12625713348388,130.06409721374513,2.5612800468683283,124.94153712000848,135.1866573074818,42.56228155484484
2015-09-27 19:00:00,128.08875641151013,128.08875641151013,126.13815884698151,126.65181732177734,35125,141.2599137878418,130.14498611450196,129.79856491088867,2.628514349030453,124.54153621282776,135.05559360894958,46.020865174181495
2015-09-28 19:00:00,125.8000632645554,126.00812354392949,123.53738137313502,124.03153228759766,192875,140.61946990966797,130.14997898101808,129.28270378112794,2.699949788730576,123.88280420366678,134.6826033585891,49.04781022360254
2015-09-29 19:00:00,123.862483868086,125.66353175917854,123.53739043281801,124.18109130859375,106875,140.02771179199217,130.17136367797852,128.7429058074951,2.578025288624966,123.58685523024518,133.89895638474505,35.76649485012784
2015-09-30 19:00:00,124.25260288198187,127.43856546850463,124.22008609963434,127.00293731689453,138875,139.43070297241212,130.2030814743042,128.49143829345704,2.483851137177621,123.52373601910179,133.45914056781228,33.83774726190657
2015-10-01 19:00:00,126.85341158962252,129.06408195306608,125.68305523232638,128.6804656982422,178375,138.89351943969726,130.24477355957032,128.36065750122071,2.395702822400313,123.5692518564201,133.15206314602133,43.567025020992226
2015-10-04 19:00:00,127.76365237026924,129.70124076899094,126.13816057827722,126.3592300415039,148375,138.3396124267578,130.27784233093263,128.08652458190917,2.287635117846234,123.5112543462167,132.66179481760165,38.90737257556219
2015-10-05 19:00:00,127.6986269949012,128.92099499630856,126.91839790535165,128.3748321533203,202000,137.91017150878906,130.31756198883056,128.07564277648925,2.2856185180438384,123.50440574040157,132.6468798125769,50.85613204324823
2015-10-06 19:00:00,130.6895614656426,132.31505349282344,130.0523713689282,131.13819885253906,392875,137.5471676635742,130.36995609283449,128.4091896057129,2.2170482779701666,123.97509304977257,132.84328616165323,56.63342125177037
2015-10-07 19:00:00,130.36445605882403,131.26822923213504,128.96653191861375,129.35665893554688,242625,137.21364776611327,130.42064571380615,128.4096366882324,2.217248391925146,123.97513990438212,132.8441334720827,48.64788821781026
2015-10-08 19:00:00,130.68955785493065,133.42038488120753,130.68955785493065,132.2435302734375,655250,136.8978826904297,130.48913330078125,128.38688049316406,2.1728023420249385,124.04127580911418,132.73248517721393,53.58496121945981
2015-10-11 19:00:00,133.2838188569862,134.5907155516957,132.4775714151417,133.63491821289062,469375,136.46258056640625,130.55810443878173,128.52179489135742,2.4102518816401113,123.70129112807719,133.34229865463763,63.909889422588954
2015-10-12 19:00:00,132.6466231966657,132.96523059337036,131.33973883746862,132.27601623535156,333500,135.9361279296875,130.6250410079956,128.59981842041014,2.5082689626841965,123.58328049504175,133.61635634577854,59.34675734048999
2015-10-13 19:00:00,131.33972855140254,134.2265908696715,131.33972855140254,132.4710693359375,311125,135.2918502807617,130.6835283279419,128.82088470458984,2.6481716230222236,123.5245414585454,134.1172279506343,59.73726305463747
2015-10-14 19:00:00,133.12780666030108,133.745489199275,130.0393691623902,131.60633850097656,679000,134.6637875366211,130.7384853363037,128.98701095581055,2.7160516493380102,123.55490765713452,134.41911425448657,57.643617887915006
2015-10-15 19:00:00,130.03285377421653,132.9522333611633,129.39565132500383,131.3007354736328,930875,134.11389404296875,130.79673751831055,129.05495681762696,2.7578703270189617,123.53921616358903,134.5706974716649,60.03933732198445
2015-10-18 19:00:00,131.9899189740367,131.9899189740367,129.12255176018587,129.66221618652344,145750,133.4846469116211,130.85907764434813,129.01171646118163,2.7402988280288576,123.53111880512392,134.49231411723935,62.69788152142308
2015-10-19 19:00:00,129.38913976957966,129.45416092723408,127.77014642808219,128.07574462890625,420250,132.82227386474608,130.91748363494872,129.0432502746582,2.7249073865391984,123.59343550157979,134.4930650477366,58.24835818117303
2015-10-20 19:00:00,128.08875524211865,129.3891412050811,127.56859837663006,128.85598754882812,299750,132.17944091796875,130.98140922546386,129.08811264038087,2.7134745419164776,123.66116355654792,134.51506172421384,54.29602060536211
2015-10-21 19:00:00,129.97433858765666,129.97433858765666,127.54259898858707,128.12777709960938,240750,131.54324096679687,131.02620834350586,129.0975399017334,2.709597732525243,123.6783444366829,134.51673536678388,48.65967685116385
2015-10-25 19:00:00,127.43856005667516,127.86768979419978,126.13816165141098,126.34622192382812,220125,130.95048767089844,131.0574349975586,129.01886596679688,2.767814367227816,123.48323723234125,134.5544947012525,49.96760613313746
2015-10-26 19:00:00,125.9821206004025,127.43856739421706,125.97562220444232,126.8989028930664,74250,130.47959671020507,131.0928847503662,129.03122024536134,2.757224029606368,123.5167721861486,134.54566830457406,46.03567407659996
2015-10-27 19:00:00,126.89891128604525,128.28382620981887,126.89891128604525,127.32804107666016,132250,130.13787231445312,131.10055660247804,129.19604568481446,2.531943228506424,124.13215922780162,134.2599321418273,38.298692906323474
2015-10-28 19:00:00,129.0640584330639,130.03935108590443,127.7636599615973,128.32933044433594,736125,129.8850961303711,131.10117656707763,129.40345764160156,2.2541777267454597,124.89510218811064,133.91181309509247,46.68617740200088
2015-10-29 19:00:00,127.69864507357768,128.08226127734594,126.1381742720403,126.72985076904297,141750,129.6464060974121,131.1061113357544,129.389803314209,2.2702535717158305,124.84929617077734,133.93031045764064,30.603753916480272
2015-11-01 19:00:00,127.43208187906868,127.43208187906868,126.13818166410432,126.24221801757812,500750,129.4326155090332,131.09946895599364,129.26789093017578,2.373470200675614,124.52095052882456,134.014831331527,22.227750695899815
2015-11-02 19:00:00,126.20318238253073,128.67393686382442,126.20318238253073,126.59980773925781,327375,129.28207931518554,131.07608280181884,129.27991981506347,2.3585156007801595,124.56288861350315,133.9969510166238,26.941348573695493
2015-11-03 19:00:00,127.76366401516309,128.47888443731347,127.11346475880087,127.6856460571289,313000,129.1886734008789,131.06507530212403,129.2454605102539,2.377394606766695,124.49067129672052,134.0002497237873,31.871998945675102
2015-11-04 19:00:00,127.43858641893841,131.20972769249022,127.27603968503514,129.34365844726562,1625125,129.2606886291504,131.06546752929688,129.15573348999024,2.335698507587149,124.48433647481595,133.82713050516455,41.91453189050782
2015-11-05 19:00:00,129.37615295883674,130.3709531848032,127.82867905093407,128.24481201171875,395000,129.18506637573242,131.06239639282228,129.10014114379882,2.3438818406354733,124.41237746252787,133.78790482506977,39.665814570534266
2015-11-09 19:00:00,126.95090887118916,127.75065799122349,125.82606634722572,126.30722045898438,553000,129.10737503051757,131.04868545532227,128.80332565307617,2.3003361492916987,124.20265335449278,133.40399795165956,38.87938594938412
2015-11-10 19:00:00,127.10695199898889,129.06404794303745,125.48795863791996,128.11476135253906,1528125,129.03042098999023,131.04163215637206,128.5273178100586,2.001914992921537,124.52348782421554,132.5311477959017,50.12745857471705
2015-11-11 19:00:00,130.6895658307432,134.51921733693297,129.54521553611175,133.82351684570312,3305125,129.01991622924805,131.0480178833008,128.60469284057618,2.1767050857130705,124.25128266915004,132.9581030120023,62.275105462322394
2015-11-12 19:00:00,132.9652615720747,132.9652615720747,131.01466356962482,131.53482055664062,1017000,128.95107162475585,131.03315490722656,128.55788040161133,2.097816016128038,124.36224836935526,132.7535124338674,57.81623905893159
2015-11-15 19:00:00,131.34625436492078,132.02245961884915,130.36445086671802,131.24221801757812,425875,128.93527023315428,131.00045501708985,128.5396743774414,2.0713808155752433,124.39691274629091,132.68243600859188,62.05572179381012
2015-11-16 19:00:00,133.14728826784557,133.29032737909836,131.14467870271508,131.39175415039062,978000,128.93718368530273,130.98779609680176,128.5442253112793,2.077856152433618,124.38851300641205,132.6999376161465,61.28712480358743
2015-11-17 19:00:00,131.66486818850365,136.85993987027965,131.33977470914056,135.8196258544922,3807000,129.0167384338379,130.9987996673584,128.85209579467772,2.6339694118634713,123.58415697095079,134.12003461840467,67.76386791450047
2015-11-18 19:00:00,135.89112163621,136.86641430506776,134.10308300971758,134.6817626953125,993375,129.13852432250977,131.00598609924316,129.18239669799806,2.9291495415195272,123.324097614959,135.0406957810371,63.21339135237044
2015-11-19 19:00:00,134.59073930925274,135.40348528961897,133.81049771143262,134.1746063232422,278000,129.33267120361327,130.98601249694823,129.44832763671874,3.1323410819641064,123.18364547279053,135.71300980064694,66.22266806804417
2015-11-22 19:00:00,134.584228361079,136.28775068044885,134.10308661051414,134.3956756591797,760000,129.43363037109376,131.00166900634767,129.76172256469727,3.3022139585920267,123.15729464751321,136.3661504818813,67.97581089545842
2015-11-23 19:00:00,134.62325609866878,135.8716303687116,132.31506027807023,132.75718688964844,630250,129.4348010253906,131.01922393798827,130.08227081298827,3.264158325000354,123.55395416298757,136.61058746298897,62.84935875799403
2015-11-24 19:00:00,132.002958600829,133.22532683574698,129.87681718359784,131.66485595703125,399750,129.44936553955077,131.055941696167,130.32056846618653,3.192712844463797,123.93514277725893,136.70599415511413,58.30165608777714
2015-11-25 19:00:00,131.9769581529655,133.79100299029614,130.39697961673534,130.97564697265625,347375,129.45456756591796,131.09225971221923,130.50294876098633,3.1160327938179426,124.27088317335044,136.7350143486222,53.54817777447504
2015-11-26 19:00:00,131.01464715094878,131.01464715094878,127.63362095829378,129.30462646484375,509500,129.47966522216797,131.11121070861816,130.5517135620117,3.0877290811533507,124.37625539970502,136.72717172431842,52.24825302039405
2015-11-29 19:00:00,128.3163338693098,129.6687443134341,124.25910253693691,126.6583251953125,298875,129.44715545654296,131.11908798217775,130.5481372833252,3.0924264758624602,124.36328433160027,136.73299023505012,50.723079204983684
2015-11-30 19:00:00,126.788364273957,127.76365690345295,121.58679531563288,122.67262268066406,414125,129.30177154541016,131.1097339630127,130.3696575164795,3.437751848411031,123.49415381965743,137.24516121330154,39.71497122028307
2015-12-01 19:00:00,122.88719557056088,128.80398559570312,120.94310848243013,128.80398559570312,414500,129.26731079101563,131.1380178833008,130.47986640930176,3.3446049162743483,123.79065657675307,137.16907624185046,40.662800387838935
2015-12-02 19:00:00,128.7389611925151,130.6895590296864,127.43857503592065,128.5373992919922,458000,129.28915740966798,131.15833683013915,130.52245407104493,3.312420770214673,123.89761253061559,137.14729561147428,43.97069430675216
2015-12-03 19:00:00,129.70774446522725,132.60762878628728,129.70774446522725,131.47628784179688,650750,129.3595083618164,131.19982360839845,130.62908554077148,3.306797863993345,124.01548981278479,137.24268126875816,50.42552908188911
2015-12-06 19:00:00,130.0393504990257,131.92492703399063,129.3891512662268,130.1433868408203,258125,129.40359146118163,131.24695808410644,130.72401428222656,3.261693488129466,124.20062730596763,137.2474012584855,47.824139701013024
2015-12-07 19:00:00,128.74548137673625,132.96525999962617,128.73897057839196,130.78709411621094,256750,129.46093933105467,131.29648609161376,130.9480079650879,3.091811696696952,124.764384571694,137.1316313584818,39.8955647493652
2015-12-08 19:00:00,131.6583504311129,135.82610427856,131.6583504311129,134.9938507080078,2152000,129.6277799987793,131.3651438140869,131.29196243286134,3.1422599594601732,125.00744251394099,137.5764823517817,50.55786822494093
2015-12-09 19:00:00,134.91583273665915,136.45679594059732,133.29034077597652,133.76498413085938,434125,129.82244903564452,131.42794288635253,131.28903579711914,3.1398043240518674,125.00942714901541,137.56864444522287,49.28620315384137
2015-12-10 19:00:00,133.94052651313174,134.59072571204135,130.72204729936422,131.50228881835938,675625,129.96887298583985,131.48006317138672,131.28740921020508,3.1396787168914067,125.00805177642226,137.5667666439879,45.29298190828587
2015-12-13 19:00:00,130.69603975164276,130.69603975164276,128.73894378278524,130.01333618164062,513000,130.02908096313476,131.52743591308592,131.2259651184082,3.152607765766097,124.920749586876,137.53118064994038,45.514426245374636
2015-12-14 19:00:00,131.28771823746249,136.3462479332991,125.65052129767778,128.23829650878906,9792500,130.0202375793457,131.5782138442993,131.06829223632812,3.2219742373231894,124.62434376168174,137.5122407109745,44.520659249387194
2015-12-15 19:00:00,129.45416432073728,131.46977065479066,128.41385057403113,129.68173217773438,935500,130.08668762207031,131.64525276184082,130.76139755249022,3.0323252536898697,124.69674704511048,136.82604805986998,47.97966080373276
2015-12-16 19:00:00,130.03286590987685,130.8781163211999,128.4463766370314,129.584228515625,396125,130.1108755493164,131.71618324279785,130.50652084350585,2.896660089353205,124.71320066479944,136.29984102221226,50.45913627056266
2015-12-17 19:00:00,128.74547672292405,129.70776028190284,127.76367317113868,128.13429260253906,270000,130.0507974243164,131.7865596008301,130.2045051574707,2.8076071478840396,124.58929086170261,135.81971945323878,52.522819849552526
2015-12-20 19:00:00,128.277315940291,134.53870630528277,126.82086918495467,134.4866943359375,1823625,130.1533981323242,131.88911041259766,130.20905609130858,2.814822793393538,124.5794105045215,135.83870167809565,68.68189857565807
2015-12-21 19:00:00,136.21621413370133,136.21621413370133,134.26561658529997,135.2864227294922,695500,130.21425598144532,131.99896015167235,130.33551788330078,2.986884924768381,124.36174803376402,136.30928773283753,62.32993241701886
2015-12-22 19:00:00,135.2409151706149,139.78579885534637,133.94052914872577,138.5634307861328,1693625,130.31282623291017,132.1229418182373,130.68044662475586,3.5023303806634987,123.67578586342886,137.68510738608285,67.11054122210638
2015-12-27 19:00:00,139.14212220664731,140.44252085591867,136.54783570643062,137.3215789794922,436375,130.41373748779296,132.2362399673462,130.99774322509765,3.804872201097536,123.38799882290257,138.60748762729273,60.588994634697826
2015-12-28 19:00:00,137.51660465645355,140.1108906767501,136.86640545209903,137.59463500976562,826125,130.51620880126953,132.3254857635498,131.41224365234376,4.054108517995819,123.30402661635212,139.5204606883354,64.03727290131523
2015-12-29 19:00:00,138.16681756167947,140.5075299688577,137.2240292419527,138.89503479003906,856375,130.66198272705077,132.42421646118163,132.0240791320801,4.2189153698865285,123.58624839230703,140.46190987185315,64.90560046318944
2015-12-30 19:00:00,138.49191966653257,140.34497963773183,137.29555740152728,137.76370239257812,466125,130.79124206542969,132.52278018951415,132.77863311767578,3.7856529307734044,125.20732725612898,140.3499389792226,55.74128978102606
2015-12-31 19:00:00,138.49188071092118,142.38656467446916,138.26431287682172,141.6063232421875,1076250,131.03012420654298,132.64303211212157,133.41875,4.1436539410661535,125.13144211786768,141.70605788213228,64.66440432652577
2016-01-03 19:00:00,142.22404015044418,143.621964149992,139.72727957968632,140.76759338378906,2213875,131.28396118164062,132.75855094909667,134.03025970458984,4.285388416048779,125.45948287249229,142.6010365366874,68.30220026319486
2016-01-04 19:00:00,139.43469371329417,141.64536369758926,137.25654051196992,139.80531311035156,211750,131.5029476928711,132.87424030303956,134.44671096801758,4.426513182362505,125.59368460329257,143.29973733274258,69.75357855018466
2016-01-05 19:00:00,140.11741431183975,141.98998190889867,139.79232085186223,140.03289794921875,235375,131.7410501098633,132.99151180267333,134.9411865234375,4.472625068511212,125.99593638641507,143.8864366604599,75.37797529346642
2016-01-06 19:00:00,139.14209519676476,139.6947688559538,135.76106928619126,136.0731658935547,748000,131.9355889892578,133.0880644607544,135.2054901123047,4.369215820830156,126.46705847064437,143.94392175396501,62.40854353976272
2016-01-07 19:00:00,137.51011892453099,138.42690125126686,133.64795092090063,134.28514099121094,673375,132.08331375122071,133.18764015197755,135.17005462646483,4.3738940177096595,126.42226659104551,143.91784266188415,58.56433978366688
2016-01-10 19:00:00,135.72858226277592,135.72858226277592,131.85991575983314,132.0614776611328,209625,132.17798248291015,133.2839037322998,135.08487930297852,4.419049431138841,126.24678044070083,143.9229781652562,56.958550214619194
2016-01-11 19:00:00,130.16938960350802,135.24091621045082,130.10436844168586,133.0757598876953,743500,132.27291107177734,133.41297279357912,135.1635528564453,4.365593800005031,126.43236525643525,143.89474045645537,46.91670395729728
2016-01-12 19:00:00,133.32284847197926,135.8911288100517,131.9899455271538,133.10179138183594,661750,132.4003498840332,133.548772354126,135.31797561645507,4.226227483545136,126.8655206493648,143.77043058354533,45.058870303110616
2016-01-13 19:00:00,131.33974071322947,131.4047494710582,126.78835877109573,128.23179626464844,618375,132.4401414489746,133.64924251556397,135.31765060424806,4.2268008029998425,126.86404899824838,143.77125221024775,28.202920982554446
2016-01-14 19:00:00,132.64012973878837,132.64012973878837,123.08224232284161,125.3254165649414,580000,132.41465362548828,133.74980945587157,135.0998348236084,4.625918661745435,125.84799750011753,144.35167214709926,26.352095412126545
2016-01-17 19:00:00,121.91839115563631,124.70774081785787,119.08354032006118,123.77796173095703,492375,132.33649993896483,133.84981067657472,134.809521484375,5.143522275226671,124.52247693392167,145.09656603482836,24.06635652858047
2016-01-18 19:00:00,126.593310285983,129.96133977083994,123.53738984386598,129.5712127685547,601125,132.3410510253906,133.9869968032837,134.8813674926758,5.054641260207628,124.77208497226053,144.99065001309106,35.02503400360254
2016-01-19 19:00:00,127.40606122770626,129.38916349447751,126.1381794247594,128.72596740722656,240250,132.35067413330077,134.14137619018555,134.59333114624025,5.23908615822309,124.11515882979407,145.07150346268642,35.349887903690174
2016-01-20 19:00:00,128.7389554024172,132.30854667957738,128.7389554024172,130.59852600097656,428250,132.43650024414063,134.32955226898193,134.35893630981445,5.310821747850512,123.73729281411343,144.98057980551548,30.93902025295317
2016-01-21 19:00:00,132.6141388736816,135.8911288641337,131.35275549294636,134.62974548339844,1006250,132.56679992675782,134.51465621948242,134.16225204467773,5.218961355205568,123.7243293342666,144.60017475508886,40.42986045320945
2016-01-24 19:00:00,136.60633566839908,138.4918997532726,131.9964431930521,133.2968292236328,1010375,132.55626617431642,134.66967708587646,133.96101455688478,5.168076473911374,123.62486160906202,144.29716750470752,39.967914448564564
2016-01-25 19:00:00,132.56211863987178,133.940535076964,130.03935203559243,133.2708282470703,804250,132.590986328125,134.81066913604735,133.74482421875,5.098037128275996,123.54874996219802,143.940898475302,39.511863671906795
2016-01-26 19:00:00,135.370964833794,135.89112175105902,133.2903371647339,133.64144897460938,422875,132.63897094726562,134.94653324127196,133.4821449279785,4.951956965530247,123.57823099691802,143.386058859039,45.755816926344856
2016-01-27 19:00:00,134.75328934561787,135.49451578143245,133.48540756924652,134.7402801513672,228875,132.70594146728516,135.0612996673584,133.33097381591796,4.859660989887407,123.61165183614314,143.05029579569276,50.81395634412769
2016-01-28 19:00:00,135.89112355536594,136.46330485301803,133.61543236154606,133.75848388671875,450500,132.6647186279297,135.15763904571534,132.93858184814454,4.456407104869792,124.02576763840496,141.85139605788413,53.17594171676476
2016-01-31 19:00:00,133.94702994683266,134.9158241853284,133.7779848455777,134.78578186035156,159250,132.66679901123047,135.2537205505371,132.63949127197264,4.088889594518605,124.46171208293543,140.81727046100985,53.19874228700312
2016-02-01 19:00:00,133.94054639471744,135.88463348295156,133.94054639471744,135.22793579101562,1014500,132.68786560058595,135.35677268981934,132.41062240600587,3.783376154898817,124.84387009620824,139.9773747158035,53.916168546538486
2016-02-02 19:00:00,134.5907324119365,137.02897022808378,133.3553551126633,135.12388610839844,1246750,132.7024298095703,135.45540145874023,132.16517181396483,3.4029597261569173,125.359252361651,138.97109126627868,65.39803133742102
2016-02-03 19:00:00,136.54131259392867,137.77668984696555,135.56601998427573,136.19020080566406,803875,132.77109008789063,135.53108825683594,132.1710235595703,3.4101267059223432,125.35077014772561,138.99127697141498,76.4482402929075
2016-02-07 19:00:00,136.21623617470988,137.6401662906734,134.65575292288145,135.1889190673828,429125,132.84157135009767,135.61687324523925,132.2162124633789,3.445421667717831,125.32536912794323,139.10705579881454,78.5366136595801
2016-02-08 19:00:00,135.24091429533104,136.7883881611404,134.2721200804813,135.0393524169922,536000,132.92284545898437,135.7013073730469,132.36510620117187,3.502258431767128,125.3605893376376,139.36962306470613,69.05294588019123
2016-02-09 19:00:00,134.265618128284,134.265618128284,131.66483376871182,132.31503295898438,480750,132.9830535888672,135.75463542938232,132.32706985473632,3.4982628149682715,125.33054422479978,139.32359548467286,61.05761772280197
2016-02-10 19:00:00,131.989939730332,132.6401389825124,127.76366319343828,128.59591674804688,338875,133.02180541992186,135.76011058807373,132.10177612304688,3.58964282403987,124.92249047496713,139.28106177112662,44.46042740345857
2016-02-11 19:00:00,128.738968808206,129.707763186992,126.3982686272615,127.82869720458984,233125,133.1249269104004,135.75851303100586,132.08162117004395,3.6135673537071136,124.85448646262972,139.30875587745817,27.04130225495281
2016-02-14 19:00:00,130.03285049041276,130.68954811095452,129.48017680885658,130.21490478515625,422750,133.15314529418944,135.77716022491455,132.3260955810547,3.2826696935220943,125.7607561940105,138.89143496809888,40.28689620414845
2016-02-15 19:00:00,131.27473854513315,131.63234877251645,128.64143701746335,129.2071075439453,482000,133.16653945922852,135.78051891326905,132.5975528717041,2.7137680044942307,127.17001686271564,138.02508888069255,37.93902851030336
2016-02-16 19:00:00,128.73895572502119,129.38915497646457,127.5035907889499,128.81698608398438,31750,133.11335342407227,135.78589366912843,132.5598415374756,2.7628332786243384,127.03417498022691,138.08550809472428,35.6977296475729
2016-02-17 19:00:00,130.59201084506242,130.6895487902668,126.82087020382076,127.77015686035156,109375,133.0658888244629,135.77873569488526,132.51205101013184,2.8398342849504035,126.83238244023103,138.19171958003264,29.272946393000623
2016-02-18 19:00:00,126.78836521228037,126.78836521228037,124.18758071387067,125.6700210571289,350500,132.96354736328124,135.72880508422853,132.26562576293946,3.204978072194162,125.85566961855115,138.6755819073278,27.44736404336726
2016-02-21 19:00:00,126.32021593996578,127.11345425459997,125.55298360919394,126.34622192382812,448875,132.79059478759766,135.69796310424806,131.85144958496093,3.4119391465186584,125.02757129192362,138.67532787799826,25.998495064697465
2016-02-22 19:00:00,127.43857149404089,128.0887707550271,124.97432758028579,126.66484069824219,229750,132.6485919189453,135.67928115844725,131.5198501586914,3.5821037034654446,124.35564275176053,138.6840575656223,25.474843830985222
2016-02-23 19:00:00,126.39823945552044,129.12906603763568,125.81306144495878,127.92619323730469,217250,132.5770700073242,135.66589042663574,131.25261840820312,3.6434372257273484,123.96574395674843,138.53949285965783,30.667039357092634
2016-02-24 19:00:00,128.41385038658015,128.93400725917394,127.11345200433666,127.52308654785156,91875,132.52726501464844,135.65019859313963,130.94670028686522,3.688882586635139,123.56893511359495,138.3244654601355,25.860140383206385
2016-02-25 19:00:00,127.43857639932669,129.55170857697,127.43857639932669,129.2071075439453,199375,132.54664123535156,135.6379766845703,130.67004165649413,3.595709246992972,123.47862316250819,137.86146015048007,33.94972970051701
2016-02-28 19:00:00,130.03934254282163,130.85208843371427,128.75195334928412,129.35012817382812,159250,132.54000915527342,135.61482414245606,130.44962387084962,3.530956266606166,123.38771133763728,137.51153640406196,34.72942941934406
2016-02-29 19:00:00,128.7389438944316,131.3397406612024,128.7389438944316,130.3124237060547,258375,132.55457305908203,135.611714553833,130.22595596313477,3.3802943043273164,123.46536735448014,136.9865445717894,44.06319181640284
2016-03-01 19:00:00,130.68957364547404,132.9587543773203,130.68957364547404,131.35926818847656,212125,132.61907257080077,135.61164962768555,130.03252258300782,3.183986801117505,123.6645489807728,136.40049618524282,59.734380559942295
2016-03-02 19:00:00,132.4450868247479,134.3826629705347,131.6648452480908,133.64144897460938,355000,132.60216766357422,135.64907958984375,129.95840072631836,3.0746001297871555,123.80920046674404,136.10760098589267,68.50165737806432
2016-03-03 19:00:00,133.62194822490622,135.43599293140335,133.61543742702474,134.85081481933594,243750,132.59345550537108,135.66104621887206,129.89143142700195,2.9435106044462334,124.00441021810948,135.7784526358944,65.95081492121693
2016-03-06 19:00:00,135.53352147128592,136.76889889083594,134.6557542838309,135.85862731933594,681500,132.53935943603517,135.66345497131348,129.9249168395996,3.0100049392477795,123.90490696110405,135.94492671809516,72.88591639952413
2016-03-07 19:00:00,137.8417036429602,138.8169962005035,135.43597042627022,135.94313049316406,672250,132.51179046630858,135.6632081604004,129.9701057434082,3.096373672843829,123.77735839772053,136.16285308909585,75.04569177998442
2016-03-08 19:00:00,135.24744202086924,135.8586261280199,133.62194999943281,134.1486053466797,259000,132.44286987304687,135.6691251373291,130.06178436279296,3.195030223223106,123.67172391634675,136.45184480923916,71.29843529477701
2016-03-09 19:00:00,134.90933433211345,135.2409261598268,132.6401415031993,132.94573974609375,238250,132.32388397216798,135.67699256896972,130.2792755126953,3.2377585424265574,123.8037584278422,136.75479259754843,75.84310129247619
2016-03-10 19:00:00,133.29033076404542,134.59722759123858,132.64013154830735,134.33714294433594,228875,132.25535278320314,135.69565658569337,130.6046977996826,3.304872702009967,123.99495239566268,137.21444320370256,77.01110889898216
2016-03-13 19:00:00,134.9808499959308,138.81701190421668,131.01464575819003,137.0614776611328,868750,132.16445587158202,135.72984642028808,130.94702644348143,3.603476227573645,123.74007398833415,138.15397889862874,80.22694363407933
2016-03-14 19:00:00,137.841727684609,138.81702041225788,135.85211464625988,137.08099365234375,692875,132.09072387695312,135.76178550720215,131.34072074890136,3.826597425988936,123.68752589692349,138.99391560087923,78.68801037412055
2016-03-15 19:00:00,137.5166126490891,143.93405151367188,136.54131998663124,143.93405151367188,2027625,132.17329864501954,135.8235792541504,132.09657402038573,4.696082180548661,122.70440965928842,141.48873838148305,86.62222322105336
2016-03-16 19:00:00,146.94448559666392,148.60248205126365,144.3762051499025,145.5270538330078,1370000,132.2831817626953,135.90637985229492,132.98441886901855,5.452691764685016,122.07903533964853,143.88980239838858,86.56765712675856
2016-03-17 19:00:00,146.32679219412591,147.58817564085197,143.21234876060672,145.97569274902344,940000,132.48123229980467,135.98990058898926,133.99970245361328,5.891840337388987,122.21602177883531,145.78338312839125,86.74913841776468
2016-03-20 19:00:00,146.94445641192257,146.94445641192257,143.85601961225976,144.41519165039062,215500,132.68383331298827,136.06044631958008,134.9031509399414,6.039972709522785,122.82320552089584,146.98309635898698,80.3696116915114
2016-03-21 19:00:00,145.51403437907592,146.45682268949702,144.44121613738804,144.68179321289062,256250,132.93623962402344,136.12213890075682,135.80399856567382,6.089964551240272,123.62406946319328,147.98392766815437,79.68700803866939
2016-03-23 19:00:00,144.9873986455667,145.31900291852583,141.74291269277998,142.91326904296875,152625,133.1329898071289,136.17613136291504,136.55335235595703,5.99085700019678,124.57163835556346,148.5350663563506,71.1447370435688
2016-03-24 19:00:00,142.69869674163013,143.0432977759072,141.2162438523146,141.6128692626953,360000,133.3032113647461,136.2211466217041,137.25784149169922,5.694151645404042,125.86953820089114,148.64614478250732,65.35735573390998
2016-03-27 19:00:00,141.41778869447543,145.57904379562007,141.41778869447543,143.46591186523438,866750,133.6078936767578,136.26816047668456,137.97078170776368,5.523176250024743,126.92442920771418,149.01713420781317,66.63818829498877
2016-03-28 19:00:00,143.72601769634556,150.63760876169553,143.43342860357484,149.6038055419922,2619000,134.09346145629883,136.34735527038575,138.98346557617188,5.712889607659679,127.55768636085253,150.40924479149123,73.62269173287851
2016-03-29 19:00:00,149.54525919363635,150.3580051675148,147.8222416975002,149.88336181640625,993875,134.61556945800783,136.42664672851564,139.96201248168944,5.8245159533485165,128.31298057499242,151.61104438838646,78.71375323491363
2016-03-30 19:00:00,150.78062785772403,151.4958358404905,149.12261922170276,149.78582763671875,1308625,135.0198617553711,136.4699101257324,140.88334045410156,5.84941727145455,129.18450591119245,152.58217499701067,82.02267404207511
2016-03-31 19:00:00,149.5452553455716,152.69871361156214,148.24485686021987,151.4308319091797,1655625,135.47395904541017,136.50067726135254,141.77280960083007,6.0396908357212205,129.69342792938764,153.8521912722725,82.19440587093867
2016-04-03 19:00:00,151.43082045959554,153.25136331961505,149.75981510506728,151.74290466308594,1352375,135.89684661865235,136.53782806396484,142.61741409301757,6.199749957868568,130.21791417728045,155.0169140087547,80.4147852925966
2016-04-04 19:00:00,151.8209415724679,154.74681946738,150.84564894083053,151.75592041015625,1539625,136.2393701171875,136.58037506103517,143.4122787475586,6.305786790665354,130.80070516622789,156.0238523288893,80.40950908994327
2016-04-05 19:00:00,153.44641276774908,153.44641276774908,148.30985325031406,149.18112182617188,846375,136.5570559692383,136.6148397064209,144.07417831420898,6.173905818379448,131.72636667745007,156.42198995096788,63.21641166920845
2016-04-06 19:00:00,149.54524071082716,150.52053327863769,146.94445639615984,147.5361328125,596250,136.84236206054686,136.64060333251953,144.7435546875,5.752491376339136,133.23857193482172,156.24853744017827,55.04728463163221
2016-04-07 19:00:00,147.62717007405934,149.8638459781604,147.01598602825072,147.78321838378906,657875,137.12519744873046,136.68204063415527,145.48542861938478,5.066793666095595,135.3518412871936,155.61901595157596,54.58739116089367
2016-04-10 19:00:00,148.24485835805916,148.89505760730452,144.3436876656254,144.7923126220703,472000,137.32623809814453,136.67783821105957,146.0081871032715,4.343816965010046,137.3205531732514,154.6958210332916,50.89232266734255
2016-04-11 19:00:00,145.63757862222297,145.90416168454007,142.97827119828827,144.64927673339844,533250,137.5440539550781,136.68031425476073,146.38757705688477,3.8212044360379034,138.74516818480896,154.02998592896057,49.92260877081229
2016-04-12 19:00:00,145.2864545947689,148.56995502026163,142.39308113567353,148.0367889404297,2119125,137.8090740966797,136.70213951110838,146.93536682128905,3.141709190781282,140.65194843972648,153.21878520285162,61.32177199261164
2016-04-13 19:00:00,147.59466645888546,155.43603515625,147.1395183189278,155.43603515625,3212000,138.21323608398438,136.7556300354004,147.51046600341797,3.5848738018522353,140.3407183997135,154.68021360712245,74.06063104261362
2016-04-14 19:00:00,158.70653694314208,159.3047118383833,154.42173752042763,155.46205139160156,2573125,138.61999938964843,136.78687927246094,148.00721588134766,3.9638741074352115,140.07946766647723,155.9349640962181,72.29876261536131
2016-04-17 19:00:00,154.7468039512432,163.23187255859375,153.44641803995322,163.23187255859375,3590500,139.16083282470703,136.87011474609375,148.87002487182616,5.187576041163189,138.4948727894998,159.24517695415253,73.88325156796438
2016-04-18 19:00:00,164.33723440732993,164.82488695514138,159.4607585352933,163.21890258789062,3087125,139.7214324951172,136.96045684814453,149.81021041870116,5.9809950496854745,137.8482203193302,161.7722005180721,73.5910295792821
2016-04-19 19:00:00,163.5245040584695,163.84960992192418,159.94842637111253,162.7767791748047,1984500,140.27618103027345,137.0458911895752,150.71495971679687,6.509642848658425,137.69567401948,163.73424541411373,72.70462901082888
2016-04-20 19:00:00,163.36196193578206,165.15000082989934,156.76246774049488,158.84959411621094,2393375,140.80687225341796,137.11521186828614,151.51177597045898,6.47968942938645,138.55239711168608,164.4711548292319,62.008053513582404
2016-04-21 19:00:00,159.94838619546547,163.7780368133255,158.3228944910431,162.9718017578125,1118250,141.49438995361328,137.2056512451172,152.57972259521483,6.522329112953811,139.5350643693072,165.62438082112246,66.17954153601397
2016-04-24 19:00:00,164.17469133970178,164.20719572290236,161.5739066304659,162.523193359375,717250,142.18827987670898,137.28261444091797,153.53258666992187,6.5128489603022,140.50688874931745,166.55828459052628,65.32206021958513
2016-04-25 19:00:00,163.10184682784688,165.67012693589672,161.97701668269428,164.53228759765625,1907125,142.87462753295898,137.33738288879394,154.27901077270508,6.883779372510423,140.51145202768424,168.0465695177259,72.20250243640626
2016-04-26 19:00:00,166.11877552193528,170.3515629497942,164.81838939041046,169.2787322998047,3584625,143.67606002807617,137.3891330718994,155.248779296875,7.564469741296176,140.11983981428264,170.37771877946736,78.85757520893
2016-04-27 19:00:00,170.21502588756937,171.06677466756165,166.8144919594055,167.35415649414062,1612875,144.4468034362793,137.44903045654297,156.1271957397461,7.908911875977177,140.30937198779174,171.94501949170046,74.8679340397274
2016-04-28 19:00:00,167.7507696418161,169.76638865334257,166.12527763985463,167.95233154296875,1769625,145.25044692993163,137.50646080017088,156.95327072143556,8.248115766345274,140.457039188745,173.44950225412612,81.33372419245958
2016-05-01 19:00:00,168.20590809457173,168.20590809457173,163.88209366661235,164.47377014160156,588125,146.0265219116211,137.5591278076172,157.58981399536134,8.315815972498484,140.95818205036437,174.2214459403583,74.6006986259246
2016-05-02 19:00:00,164.01214951365904,166.45038757659296,163.52449694046422,164.6558380126953,1095375,146.79271423339844,137.6177507019043,158.23480987548828,8.339749768501497,141.5553103384853,174.91430941249126,72.40543253762539
2016-05-03 19:00:00,165.14999077573663,167.06807190213334,162.38665923501333,162.83529663085938,1315375,147.51612335205078,137.65165855407716,158.91751861572266,8.115451423820346,142.68661576808196,175.14842146336335,61.74173121271672
2016-05-04 19:00:00,163.83657825055417,165.87169231065906,162.54918897153604,164.46726989746094,1561125,148.2469448852539,137.70514991760254,159.7640754699707,7.740124814624143,144.28382584072241,175.24432509921897,63.59715452436708
2016-05-05 19:00:00,164.49978820843995,164.89641362057296,161.99654139963985,162.56871032714844,719500,148.94785736083983,137.7337265777588,160.50335006713868,7.224503670205666,146.05434272672736,174.95235740755,48.78287983161224
2016-05-08 19:00:00,163.19940557211478,164.82489763478222,162.06155368733542,162.8027801513672,1058750,149.6197708129883,137.7700422668457,161.40387344360352,6.215038833838203,148.9737957759271,173.83395111127993,49.24242718872733
2016-05-09 19:00:00,162.71175537601079,167.25663978204562,162.5492086476672,165.2930450439453,2536500,150.33862915039063,137.82623458862304,162.43606185913086,4.8504385733801545,152.73518471237054,172.13693900589118,54.26307571401981
2016-05-10 19:00:00,165.80018003903146,166.77547273542774,163.08236224214377,163.4854736328125,797500,151.0020901489258,137.89442756652832,163.20849609375,3.4704576088056625,156.26758087613868,170.14941131136132,58.46188382522592
2016-05-11 19:00:00,163.85608612070703,165.07845423804955,163.20588688340257,164.02513122558594,447250,151.65540740966796,137.96811126708985,163.6379508972168,2.950508962561882,157.73693297209303,169.53896882234056,52.21193227733762
2016-05-12 19:00:00,164.4997777173404,165.96272292896987,163.23189600110126,163.5830078125,542875,152.25423858642577,138.05586303710936,164.04399871826172,2.2391815819523644,159.565635554357,168.52236188216645,52.226156700200896
2016-05-15 19:00:00,164.88990968586586,167.3606520278015,164.63632341374733,165.3060302734375,1053500,152.8633428955078,138.14223426818847,164.1477066040039,2.247604774419585,159.65249705516473,168.64291615284307,51.645028386050285
2016-05-16 19:00:00,166.45038382636235,166.9055196036123,164.49978597905132,165.4620819091797,654375,153.4554119873047,138.19254455566406,164.25986557006837,2.2547742340831145,159.75031710190214,168.7694140382346,39.917559782459726
2016-05-17 19:00:00,166.9055281609776,167.38666994995035,164.98744700028294,165.37106323242188,596250,154.04397064208985,138.22640663146973,164.38957977294922,2.2395350737837245,159.91050962538176,168.86864992051667,44.19933050658335
2016-05-18 19:00:00,166.44387165089654,166.44387165089654,164.17467894736603,164.57130432128906,762625,154.65242462158204,138.22583839416504,164.67566528320313,1.8209239115076274,161.03381746018786,168.3175131062184,40.225556944614766
2016-05-19 19:00:00,165.11748070888115,168.46599026794928,164.2722179221231,166.5023956298828,1727500,155.3235577392578,138.24330299377442,164.85219497680663,1.8181837688713274,161.215827439064,168.48856251454927,56.4409919712881
2016-05-22 19:00:00,167.13308875604972,174.82492065429688,166.5804274227871,174.82492065429688,3702000,156.13331329345704,138.32345054626464,165.46728134155273,2.802953670617236,159.86137400031825,171.07318868278722,71.28471408249811
2016-05-23 19:00:00,175.6831663854324,181.20984128978162,175.6831663854324,176.31385803222656,4483625,156.9183609008789,138.39939697265626,166.05635986328124,3.6928677974770703,158.67062426832712,173.44209545823537,78.60885460423486
2016-05-24 19:00:00,177.82880503723055,178.40747227908957,173.92762224489195,175.95623779296875,1593125,157.6958657836914,138.4732061767578,166.39023513793944,4.258135394659016,157.8739643486214,174.90650592725748,75.78051224036852
2016-05-25 19:00:00,177.01605922217448,178.14740012422686,174.57782152600547,175.32554626464844,975000,158.32369567871095,138.54484573364257,166.78880462646484,4.702944830815533,157.38291496483376,176.19469428809592,80.35259947720012
2016-05-26 19:00:00,175.22803254948928,176.20332521346495,174.0901807735851,174.46080017089844,501750,158.90237060546875,138.61746086120604,167.11422805786134,5.003282207482686,157.10766364289597,177.1207924728267,76.9299529372619
2016-05-29 19:00:00,174.64936280116402,174.7468883526533,168.40096867757433,169.10317993164062,600875,159.3649203491211,138.68305732727052,167.34569854736327,4.981735926070944,157.3822266952214,177.30917039950515,57.771840589823384
2016-05-30 19:00:00,167.1070696684955,171.71696228799465,161.89898978303935,163.94711303710938,1308750,159.75555877685548,138.75057563781738,167.31026229858398,5.004345917221428,157.30157046414112,177.31895413302684,50.82847087508913
2016-05-31 19:00:00,165.80018554774554,169.60383091052307,165.6376388265321,169.0316619873047,869125,160.24255615234375,138.87366264343262,167.62008056640624,4.90351235611295,157.81305585418033,177.42710527863215,57.72473947003128
2016-06-01 19:00:00,169.2137225109449,173.28395109471614,169.2137225109449,171.0147705078125,2130875,160.80458618164062,139.0238957977295,167.94745559692382,4.900507232481366,158.1464411319611,177.74847006188654,60.9461878207681
2016-06-02 19:00:00,171.65195915875438,173.2774512197303,170.35157295088578,170.86521911621094,1282500,161.38963317871094,139.1849001312256,168.36228103637694,4.770663045329892,158.82095494571715,177.90360712703674,58.58606092799885
2016-06-05 19:00:00,169.0511826815338,177.95237427335934,168.98616150770454,176.04730224609375,2580250,162.04126098632813,139.38047790527344,169.02450714111328,4.876398177780435,159.27171078555241,178.77730349667414,64.1516031179047
2016-06-06 19:00:00,176.71700312597721,176.72350152268143,172.36718223740968,172.72479248046875,844750,162.50368072509767,139.57346878051757,169.39609451293944,4.8602181199103125,159.6756582731188,179.11653075276007,59.04943848243042
2016-06-07 19:00:00,173.27744075336676,174.09018673476297,171.00174952515349,171.35935974121094,256750,162.93320068359375,139.76848587036133,169.78978881835937,4.671479819266884,160.4468291798256,179.13274845689313,58.23862457849604
2016-06-08 19:00:00,172.62725062156844,176.20983896638995,172.1851240267836,175.68968200683594,2339500,163.4512777709961,140.01821979522705,170.37301635742188,4.641949032360616,161.08911829270065,179.6569144221431,60.536902556865506
2016-06-09 19:00:00,175.839215764176,176.2033243622202,171.00174284361384,171.56741333007812,1300250,163.85400939941405,140.21592723846436,170.7722366333008,4.362163617411887,162.04790939847703,179.49656386812455,45.86563607743983
2016-06-12 19:00:00,169.7013533530498,171.65193863235893,168.1083658671163,170.70265197753906,585125,164.23320434570311,140.41848155975342,171.04206771850585,4.168870924017298,162.70432587047125,179.37980956654044,42.7637176799881
2016-06-13 19:00:00,172.23713161073024,174.57784406980204,171.39188122357643,171.77549743652344,988000,164.63359588623047,140.6175467300415,171.35773849487305,3.9577966197259533,163.44214525542114,179.27333173432496,44.70612193952294
2016-06-14 19:00:00,173.92113068409756,175.54011174733384,171.6519379948149,173.55702209472656,1266375,165.12111389160157,140.81358806610106,171.76703643798828,3.7223719030587845,164.3222926318707,179.21178024410585,47.82401851598746
2016-06-15 19:00:00,174.2527337451513,178.73909504246384,172.95234761363196,177.37368774414062,3056125,165.71786499023438,141.02557125091553,172.40715560913085,3.5148251900617193,165.37750522900743,179.43680598925428,53.3412866523913
2016-06-16 19:00:00,177.8288215310973,181.01478425991274,177.8288215310973,178.81712341308594,2322250,166.3385430908203,141.25949542999268,173.02289199829102,3.504619485566659,166.0136530271577,180.03213096942434,62.24185613978276
2016-06-19 19:00:00,180.75468067790436,187.57525518810704,179.8509076465604,186.35287475585938,3524250,167.1697543334961,141.53477939605713,173.59928970336915,4.594970040480091,164.40934962240897,182.78922978432934,76.63876254306804
2016-06-20 19:00:00,186.4114128603315,187.25016480142514,183.62206318501347,184.4933319091797,804500,167.96663543701172,141.79803661346435,174.0082633972168,5.176502215274258,163.6552589666683,184.36126782776532,69.90953924747028
2016-06-21 19:00:00,184.65588518496742,187.2566698548786,182.70529978291393,185.73521423339844,1271625,168.7206039428711,142.08375034332275,174.4972122192383,5.79506451154613,162.90708319614603,186.08734124233055,69.32396111968201
2016-06-22 19:00:00,186.28136983047966,190.44263754026312,184.64937952951658,187.75732421875,2639125,169.3670297241211,142.40020065307618,175.11880111694336,6.511082289210171,162.09663653852303,188.1409656953637,71.13566686382376
2016-06-23 19:00:00,185.30607638685765,185.85873767949286,178.37497903244207,181.25535583496094,1569375,169.8828958129883,142.6597388458252,175.4585289001465,6.650705139461339,162.15711862122382,188.75993917906916,56.30804840553664
2016-06-26 19:00:00,179.4543033143409,183.93415351031422,179.4543033143409,180.42959594726562,661000,170.2268502807617,142.8983935546875,176.02484970092775,6.562703070649021,162.8994435596297,189.1502558422258,59.93289704874485
2016-06-27 19:00:00,181.73000377066097,182.70529645391733,175.87822286808424,176.96405029296875,657875,170.5017532348633,143.12853065490722,176.6756965637207,5.915415642877625,164.84486527796545,188.50652784947593,56.854316956899666
2016-06-28 19:00:00,179.38279519984565,183.48552787625408,178.86913666519996,182.57525634765625,913750,170.89772277832031,143.38782920837403,177.35287628173828,5.767663012826154,165.81755025608598,188.88820230739057,58.16498350005772
2016-06-29 19:00:00,183.68058289946953,185.63116819974127,181.4048917814732,182.1461181640625,691875,171.36365325927736,143.6583110809326,177.9094436645508,5.659928555759452,166.5895865530319,189.2293007760697,63.74852755115396
2016-07-03 19:00:00,183.03038425418808,191.24887084960938,182.05509160091555,191.24887084960938,3003625,171.92919464111327,143.97313636779785,178.9286262512207,6.139627920786679,166.64937040964733,191.20788209279405,71.99332286901031
2016-07-10 19:00:00,192.4517582270909,195.70924064618765,191.1643564502226,194.10325622558594,3074125,172.5607958984375,144.29394355773925,179.8314239501953,6.965599993952554,165.9002239622902,193.7626239381004,73.02226277946475
2016-07-11 19:00:00,195.05903617703004,197.4972741292429,193.10845077586754,194.75994873046875,2068375,173.16534912109375,144.61510818481446,180.9331817626953,7.504213966902154,165.924753828891,195.94160969649963,72.38161568413196
2016-07-12 19:00:00,195.31913384857253,195.48168057590482,190.8652766302418,191.74954223632812,1141750,173.61476531982422,144.9366305541992,181.95269088745118,7.520144618735568,166.91240164998004,196.99298012492233,65.43779662672208
2016-07-13 19:00:00,191.2228686907041,201.33343042866338,190.83275410189285,199.0577392578125,5089000,174.24883697509765,145.2921255493164,183.12109375,8.273461126354754,166.57417149729048,199.66801600270952,69.30422990982747
2016-07-14 19:00:00,198.96020910021684,199.54538717063224,194.40882686399038,195.3321075439453,1899375,174.7964324951172,145.62908992767333,184.30932846069337,8.233232764240459,167.84286293221246,200.77579398917428,59.2350018690873
2016-07-17 19:00:00,195.7417210854488,199.22027257208734,195.50765482820685,198.5440673828125,2168000,175.4778384399414,145.98221176147462,185.70139923095704,8.164961210880026,169.371476809197,202.03132165271708,64.05983609385835
2016-07-18 19:00:00,199.6104129037914,200.12405902499918,197.04213269167573,197.41925048828125,1556875,176.13310668945311,146.33604892730713,186.98358688354492,7.871208138726548,171.24117060609183,202.726003160998,61.719059677558086
2016-07-19 19:00:00,198.3100383937259,198.6351318567139,194.53889717606998,197.5167999267578,1346250,176.8267367553711,146.70347526550293,188.18157577514648,7.536349880822615,173.10887601350126,203.2542755367917,60.18181534532212
2016-07-20 19:00:00,199.48036877783576,201.5870024196806,197.73133293819498,199.05123901367188,3368375,177.5184161376953,147.0778260040283,189.26545333862305,7.458580875225733,174.34829158817158,204.18261508907452,70.71288699323382
2016-07-21 19:00:00,199.28530167827356,200.58570014073152,198.0174199982124,199.3373260498047,1786750,178.25378845214843,147.43949794769287,190.29146347045898,7.356340733065334,175.5787820043283,205.00414493658965,72.28696538330242
2016-07-24 19:00:00,198.46606021895678,207.33474611351397,198.0629364417243,203.24501037597656,4118000,179.06263305664064,147.81232067108155,191.13607025146484,7.834518474164374,175.4670333031361,206.80510719979358,80.65839900175689
2016-07-25 19:00:00,203.51157988183584,205.5857091230558,201.6650309148531,202.13316345214844,1386000,179.7994354248047,148.19119033813476,192.01806182861327,8.037628015042388,175.9428057985285,208.09331785869804,75.49152468213829
2016-07-26 19:00:00,202.79637661525243,204.16178388342712,201.88609270161672,202.54930114746094,763250,180.58071197509764,148.56206268310547,192.8587661743164,8.223083586702964,176.41259900091046,209.30493334772234,76.60226172632403
2016-07-27 19:00:00,202.73135075885605,203.34903321328255,198.30351243234696,198.5245819091797,1207875,181.27070098876953,148.89899459838867,193.3971290588379,8.223979814545501,176.9491694297469,209.8450886879289,60.934159902294006
2016-07-28 19:00:00,198.62860117311757,199.61040460236632,195.83926399770328,198.9276885986328,891500,181.9775946044922,149.2468497467041,194.28074569702147,7.788628351468452,178.70348899408458,209.85800239995837,57.826972549376855
2016-08-01 19:00:00,198.50507591873628,201.81457009587692,198.14746571536514,199.79246520996094,1800875,182.66732330322264,149.58459442138673,195.24888916015624,7.153838011657311,180.9412131368416,209.55656518347087,58.10980476628165
2016-08-02 19:00:00,200.26057761686917,204.51287204934067,199.6103908414033,201.0473175048828,2651000,183.37902801513673,149.9216564178467,196.45305252075195,5.81584414171433,184.82136423732328,208.08474080418063,65.8817936390359
2016-08-03 19:00:00,201.63252817556113,202.78987520906708,198.34903978227973,198.78466796875,1186250,184.04730010986327,150.25419967651368,197.26352310180664,4.825168506759285,187.61318608828807,206.9138601153252,49.436414619460194
2016-08-04 19:00:00,199.67539960433336,199.92247504356496,196.68450075223453,197.40621948242188,532500,184.70399841308594,150.5788754272461,198.02652816772462,3.2622535546911404,191.50202105834234,204.5510352771069,54.73994449973394
2016-08-07 19:00:00,197.65981195149212,198.63510460818733,196.09934122047602,196.63250732421875,477000,185.30660064697267,150.9040062713623,198.29570999145508,2.8723834331403157,192.55094312517446,204.0404768577357,45.08364506300261
2016-08-08 19:00:00,197.00311057853065,200.5856985163907,197.00311057853065,199.40884399414062,721750,185.79827911376952,151.24454681396483,198.5609893798828,2.7049280640604754,193.15113325176185,203.97084550800378,54.71638737531722
2016-08-09 19:00:00,200.0980805877272,200.89782986641728,197.67934996235002,198.38156127929688,687250,186.23963317871093,151.5881435394287,198.74207000732423,2.5540943533986087,193.633881300527,203.85025871412145,51.963396221970164
2016-08-10 19:00:00,198.63511895013997,199.54540291009673,194.40884219830036,195.5206756591797,972875,186.63092193603515,151.92536819458007,198.9306266784668,2.1115649710040105,194.70749673645878,203.15375662047484,42.43942989303796
2016-08-11 19:00:00,195.8392639838527,198.70012071717497,195.09803761513533,195.72872924804688,903250,187.03898559570314,152.25973190307616,198.76417617797853,2.2289636495996494,194.30624887877923,203.22210347717782,42.24641078518479
2016-08-14 19:00:00,197.58829624879596,197.65981581011687,192.45824660518718,193.85617065429688,1094125,187.42689300537108,152.5883738708496,198.69037933349608,2.3686305581624443,193.95311821717118,203.42764044982098,27.89338936149879
2016-08-15 19:00:00,197.00962884502852,203.54411374283893,196.84708212252258,201.9511260986328,4620875,188.08385192871094,152.96639839172363,198.8607322692871,2.477567392730905,193.9055974838253,203.8158670547489,49.67745005477672
2016-08-16 19:00:00,202.1981834403031,212.0486602783203,199.93550151813565,212.0486602783203,4651125,189.04588287353516,153.3921471786499,199.59220275878906,3.823549311632231,191.9451041355246,207.23930138205353,62.532178439056835
2016-08-17 19:00:00,218.46612029948204,222.36081768158078,213.27754752407293,217.18524169921875,5137625,190.00895446777344,153.84143318176268,200.57562484741212,5.44656530875259,189.68249422990692,211.4687554649173,73.91672693379248
2016-08-18 19:00:00,219.10984021219582,219.11633860891544,214.72751492819998,216.07992553710938,1716000,190.91025756835938,154.28018615722655,201.42705917358398,6.436725136026759,188.55360890153048,214.3005094456375,71.59472899800322
2016-08-21 19:00:00,213.84971618652344,213.84971618652344,213.84971618652344,213.84971618652344,548000,191.76994750976561,154.71578548431395,202.1526786804199,6.983522442589694,188.18563379524053,216.1197235655993,67.10986420660149
2016-08-22 19:00:00,213.16700247835703,216.82760837757354,209.37635425339644,210.40367126464844,1566875,192.4570748901367,155.1365927505493,202.5106117248535,7.221843682164829,188.06692436052384,216.95429908918317,60.81145222831108
2016-08-23 19:00:00,210.6637694993158,212.93294994272412,210.63125271502378,211.4049835205078,642625,193.2306787109375,155.56061862945558,202.97420272827148,7.48899033070556,187.99622206686035,217.9521833896826,65.02088360211353
2016-08-24 19:00:00,211.9446590761859,213.90824137673548,209.36988025372517,210.0265655517578,2008375,194.00402282714845,155.97232322692872,203.34806594848632,7.651537008260295,188.04499193196574,218.6511399650069,65.02093083652517
2016-08-25 19:00:00,210.61169088097853,220.0265506165425,210.61169088097853,219.36334228515625,4313375,194.87749603271484,156.42242164611815,204.39000396728517,8.347343524325455,187.69531691863426,221.08469101593607,72.47361738693856
2016-08-28 19:00:00,220.35167079203364,222.88743410465133,217.32825496475013,219.57144165039062,2561500,195.8375765991211,156.87905479431151,205.42219161987305,8.89475205501945,187.63268750983414,223.21169572991195,71.0009434226152
2016-08-29 19:00:00,220.67677358642135,221.37249880986596,216.51551824995963,218.1540069580078,1266000,196.78660369873046,157.33828872680664,206.34026870727538,9.224577182924328,187.89111434142671,224.78942307312406,70.42853661020551
2016-08-30 19:00:00,218.13453637415378,219.74703167997558,215.86535575305268,218.98629760742188,1238250,197.73081970214844,157.79264640808105,207.23721771240236,9.549262920101585,188.1386918721992,226.33574355260552,75.30499915257445
2016-08-31 19:00:00,219.18132595656658,220.02658870527995,215.93684049164102,216.3009490966797,712500,198.5856982421875,158.20503356933594,208.11303176879883,9.536480229643127,189.04007130951257,227.1859922280851,71.05958918039455
2016-09-01 19:00:00,216.84060278681528,220.02657772494734,215.28014450110604,218.0889892578125,1592250,199.40000427246093,158.6378044128418,209.14717025756835,9.43520757712396,190.27675510332043,228.01758541181627,74.84991055971219
2016-09-04 19:00:00,218.46609664872648,219.11630827629284,215.31266326642017,216.01486206054688,859875,200.14395904541016,159.06166763305663,210.11628799438478,9.070496757283866,191.97529447981705,228.2572815089525,66.4536120680637
2016-09-05 19:00:00,216.51555236877888,217.32180005779966,214.89655859368685,215.520751953125,1117250,200.72731658935547,159.4823126220703,210.921883392334,8.780311443382487,193.36126050556902,228.48250627909897,55.239452225374706
2016-09-06 19:00:00,216.12541202949544,223.59616142576226,216.12541202949544,222.30226135253906,3498125,201.48349517822265,159.91472579956056,212.1179183959961,8.609746133037675,194.89842612992075,229.33741066207145,57.35647105948855
2016-09-07 19:00:00,227.0663813366614,228.23432259107753,220.75167033587206,222.09774780273438,1955500,202.21074584960937,160.35180572509765,213.44677200317383,7.938044076233911,197.57068385070602,229.32286015564165,58.881546352563056
2016-09-08 19:00:00,221.7084083404507,226.98720034424608,220.8506260353078,223.86610412597656,1461750,202.9329214477539,160.80026321411134,214.8536407470703,7.079570983619882,200.69449877983052,229.01278271431008,64.98724186931729
2016-09-14 19:00:00,224.01789961613454,224.9416807210475,219.79488589587692,221.9723663330078,631250,203.74726165771483,161.23814666748046,216.25945053100585,5.2442583220977985,205.77093388681027,226.74796717520144,68.15319474161065
2016-09-15 19:00:00,222.63222040976288,227.31712452362152,222.3682757684098,224.25543212890625,2256875,204.62377838134765,161.69563789367675,217.37466583251953,4.333930584452959,208.7068046636136,226.04252700142544,69.38471489173642
2016-09-18 19:00:00,225.17264587986168,229.62001042846123,225.17264587986168,227.8450164794922,2214875,205.64139770507813,162.17653869628907,218.16448364257812,4.733207413426383,208.69806881572535,227.6308984694309,75.19791503032165
2016-09-19 19:00:00,226.90800906956997,226.9277935898873,221.0485691490265,222.42105102539062,1060250,206.43831359863282,162.63376571655274,218.42627410888673,4.820190878987255,208.7858923509122,228.06665586686125,54.86212140769807
2016-09-20 19:00:00,221.37850945407018,222.36828933395248,212.47718606048568,214.3907470703125,1253000,207.0832061767578,163.05919631958008,218.34181518554686,4.877920300765118,208.58597458401664,228.0976557870771,43.40314343648503
2016-09-21 19:00:00,217.0960884589946,220.68564471430292,217.0960884589946,217.65695190429688,912125,207.61136779785156,163.514189453125,218.53217697143555,4.766403006892472,208.9993709576506,228.0649829852205,49.39553308693227
2016-09-22 19:00:00,217.73614636343055,218.4091724479991,214.45010367930092,215.4662628173828,313375,208.0386279296875,163.97815765380858,218.78530654907226,4.434903949422258,209.91549865022773,227.6551144479168,45.85620433209858
2016-09-25 19:00:00,217.41283028030062,219.0624465176783,217.08950690735878,217.36004638671875,244125,208.4906298828125,164.42093795776367,219.08305969238282,4.100629910589691,210.88179987120344,227.2843195135622,51.27044947945782
2016-09-26 19:00:00,217.74933992299526,218.31020339384315,215.76980550337902,216.02713012695312,195250,208.976181640625,164.85838661193847,219.3830879211426,3.5909713407925548,212.2011452395575,226.5650306027277,47.499374501266544
2016-09-27 19:00:00,215.7697663389372,216.75952078352176,215.10990487140626,215.35406494140625,129500,209.3021081542969,165.27777549743652,219.18262405395507,3.702313283096199,211.77799748776266,226.58725062014747,49.17039077035307
2016-09-28 19:00:00,219.53748344387338,220.3886959270889,213.20955922142784,215.35406494140625,688500,209.7025473022461,165.70382888793947,218.97175521850585,3.797871437898686,211.37601234270846,226.56749809430323,49.78810090772885
2016-09-29 19:00:00,216.7595564130105,216.7595564130105,214.45669866498102,215.03077697753906,438250,210.03228149414062,166.1250473022461,218.81559371948242,3.8962032174386394,211.02318728460514,226.6080001543597,38.940194838831864
2016-10-02 19:00:00,215.43987169553893,220.8506104639058,215.43987169553893,218.8644561767578,1220000,210.46118560791015,166.54440032958985,218.80950164794922,3.896017508982506,211.0174666299842,226.60153666591424,45.5711536942201
2016-10-03 19:00:00,219.71570996911896,222.36829596196566,218.57417320419148,218.75233459472656,810625,210.88589630126953,166.96933708190917,218.93207092285155,3.8512476707122234,211.2295755814271,226.634566264276,42.66241449160877
2016-10-04 19:00:00,219.7090994577306,220.25677327219532,216.4296514114325,217.3798370361328,456000,211.25246826171875,167.39872482299805,218.89661331176757,3.8626658527065354,211.17128160635448,226.62194501718065,43.3102589247373
2016-10-05 19:00:00,217.7493408367899,217.78234020908,215.1099448187947,216.12612915039062,301750,211.58824432373046,167.8292887878418,218.90217666625978,3.858374593011261,211.18542748023725,226.6189258522823,37.79230218590204
2016-10-06 19:00:00,216.09972386556453,217.0895036616514,214.4501076528503,215.59164428710938,528875,211.83517700195313,168.2660555267334,218.90572128295898,3.8551358482211433,211.1954495865167,226.61599297940126,29.740268586753317
2016-10-09 19:00:00,215.10994413068929,221.70840898342388,214.45010771387416,219.97962951660156,1409375,212.1921063232422,168.71754501342772,218.78958969116212,3.7817180673277564,211.2261535565066,226.35302582581764,45.820160389893005
2016-10-12 19:00:00,222.368276181856,224.34781065339195,220.3887417103201,221.23992919921875,1066125,212.56591888427735,169.1758235168457,218.74669876098633,3.7469278661610153,211.2528430286643,226.24055449330837,65.26469071919537
2016-10-13 19:00:00,222.36826005955857,228.5708076663088,221.05515695706342,226.47911071777344,2735875,213.1250094604492,169.66754760742188,218.87734909057616,3.9735334497939805,210.9302821909882,226.8244159901641,68.07249139306931
2016-10-16 19:00:00,226.9805825405025,234.90534029231387,226.9805825405025,228.69619750976562,3082875,213.7203796386719,170.13859512329103,219.21354064941406,4.498891973056425,210.2157567033012,228.21132459552692,77.07268972399525
2016-10-17 19:00:00,228.7028061198656,229.15150699552825,224.75692669258945,227.0135955810547,887625,214.26480224609375,170.59723098754884,219.3514488220215,4.699386100352829,209.95267662131585,228.75022102272715,69.92648063935576
2016-10-18 19:00:00,228.62361509632737,228.6368299486246,222.3682829551987,223.97171020507812,1252750,214.72329010009764,171.02427238464355,219.15778350830078,4.401293848670534,210.3551958109597,227.96037120564185,65.31816940791022
2016-10-19 19:00:00,224.67772326844025,230.88029634139528,223.69456348313187,228.1749267578125,2624375,215.3110952758789,171.47853912353514,219.4454772949219,4.796166048338554,209.8531451982448,229.03780939159898,71.75827522342792
2016-10-20 19:00:00,228.30686711735,230.08845559569573,226.9871943225562,228.2342987060547,1316750,215.92765686035156,171.9317374420166,220.13765487670898,5.021909128273603,210.09383662016177,230.1814731332562,71.81507353796296
2016-10-23 19:00:00,227.983545842862,227.983545842862,221.70840448563087,223.2722625732422,605750,216.46045196533203,172.3536235809326,220.41842041015624,5.032876895388192,210.35266661937987,230.4841742009326,62.06300921955403
2016-10-24 19:00:00,220.45471755321833,224.2158406391745,219.06904592600222,223.45703125,1039250,216.9414157104492,172.78209022521972,220.8179588317871,4.935285514290172,210.94738780320677,230.68852986036745,57.52603665260541
2016-10-25 19:00:00,222.66519630177055,225.60151123846,221.11455298598355,222.16371154785156,642375,217.4170587158203,173.18487716674804,221.05814208984376,4.874660317394926,211.3088214550539,230.8074627246336,55.382003624465334
2016-10-26 19:00:00,221.77442813593123,223.0281275117063,211.84373057080165,214.47653198242188,911250,217.79617584228515,173.5534218597412,220.9806121826172,4.970281382984416,211.04004941664837,230.921174948586,46.18057799894413
2016-10-27 19:00:00,211.81070779887958,216.29766582969862,209.89715957136715,214.45010375976562,974750,218.17060333251953,173.92664581298828,220.93541412353517,5.027916239971682,210.8795816435918,230.99124660347854,47.72154377440462
2016-10-30 19:00:00,216.42965434742638,221.27953031522205,215.10995626818683,219.0030517578125,876000,218.67354095458984,174.32149658203124,221.11786346435548,4.878716952704644,211.36042955894618,230.87529736976478,54.18081965533156
2016-10-31 19:00:00,218.4091572462338,229.9498748779297,218.34318367884373,229.9498748779297,1813625,219.23351593017577,174.7908801269531,221.863818359375,5.037013174026464,211.78979201132205,231.93784470742793,60.52665325857279
2016-11-01 19:00:00,232.26596581023827,239.19434881052078,228.96673341285177,235.34744262695312,3932625,219.69949157714845,175.29619163513183,222.68796768188477,5.809638272831667,211.06869113622145,234.3072442275481,63.69810041549892
2016-11-02 19:00:00,235.03730794412118,242.09106839074246,230.94626683664984,238.4091339111328,5073250,220.12396942138673,175.82792991638183,223.6708076477051,6.702836839352009,210.26513396900108,237.0764813264091,62.09526261171757
2016-11-03 19:00:00,238.8644452500345,239.5110920204005,235.56521265036866,236.990478515625,1389875,220.54218048095703,176.3475035095215,224.65133972167968,7.153360895914283,210.3446179298511,238.95806151350826,58.54754587528163
2016-11-06 19:00:00,237.87467049748736,248.834716796875,236.68694472247213,248.834716796875,4237625,221.24188049316408,176.9261681365967,226.2867691040039,8.67817830817655,208.93041248765078,243.643125720357,68.59327954284062
2016-11-07 19:00:00,251.39488350101993,253.70436109565313,245.79279378579537,248.68951416015625,3619500,222.00759735107422,177.5284567260742,227.94166259765626,9.63444652745385,208.67276954274857,247.21055565256395,72.15514204184885
2016-11-09 19:00:00,247.6997649622806,253.20947669932022,247.44241518476912,249.73867797851562,2643750,222.77427124023438,178.1505230331421,229.42961502075195,10.590622710131447,208.24836960048907,250.61086044101484,70.48641392587095
2016-11-10 19:00:00,249.75188153057283,252.0613593032644,244.8096529632643,246.60443115234375,1247375,223.5058285522461,178.76465538024902,230.6978401184082,11.066307223447414,208.5652256715134,252.83045456530303,66.48898068418234
2016-11-13 19:00:00,247.77895815691528,249.685924266133,241.0155464271308,241.589599609375,1407375,223.95035369873048,179.32474731445313,231.45336456298827,11.276935845103207,208.89949287278185,254.0072362531947,66.42602340661642
2016-11-14 19:00:00,241.18047128335897,244.80302694439635,240.5140400509012,242.4077911376953,1414875,224.40708068847655,179.89315643310547,232.13894424438476,11.51478102830697,209.10938218777082,255.1685063009987,66.80315304089422
2016-11-15 19:00:00,244.80304172936965,254.5226030381725,242.16367082884642,252.45726013183594,3555375,225.09314575195313,180.50245010375977,233.41112747192383,12.297644658440728,208.81583815504237,258.00641678880527,73.25027813887034
2016-11-16 19:00:00,253.3810653328406,254.3708199772793,248.11548806306678,249.50115966796875,3016750,225.70344299316406,181.0768071746826,234.68759994506837,12.587813900332083,209.5119721444042,259.86322774573256,78.98643075177665
2016-11-17 19:00:00,249.42197206164087,252.384691506654,245.4629031285777,246.22833251953125,1099875,226.3019906616211,181.6414646911621,235.59027023315429,12.742563239478145,210.105143754198,261.07539671211055,74.9585705211941
2016-11-20 19:00:00,246.7826072371227,248.39922415461123,244.30818280027114,245.6344757080078,798625,226.852900390625,182.2032829284668,236.46027908325195,12.807733845443211,210.84481139236553,262.0757467741384,72.30330460882764
2016-11-21 19:00:00,247.44242806171007,251.23655032621872,246.78259165533703,248.6829376220703,1935375,227.50626190185548,182.7784903717041,237.73081283569337,12.690459244365096,212.34989434696317,263.11173132442354,68.08053465918128
2016-11-22 19:00:00,249.4219558424521,250.07519739141128,246.1227235557235,247.29066467285156,902375,228.14166015625,183.3412422943115,238.92249450683593,12.395150119280634,214.13219426827467,263.7127947453972,62.49311667197115
2016-11-23 19:00:00,248.36620152919005,249.4879535912091,245.13296799690352,245.56185913085938,952125,228.6068521118164,183.90025917053222,240.09240188598633,11.821046961244807,216.45030796349673,263.73449580847597,57.696676460166884
2016-11-24 19:00:00,246.11615467565508,247.9637168963341,243.4833785111875,243.98486328125,833625,229.0445944213867,184.44625457763672,241.56781845092775,10.183700232115969,221.2004179866958,261.9352189151597,57.50073471802864
2016-11-27 19:00:00,244.8690157143579,249.6858916626024,243.48334424386505,248.1022491455078,2206625,229.52931732177734,185.01062614440917,243.25042572021485,8.016930269295719,227.21656518162342,259.2842862588063,49.058471909107425
2016-11-28 19:00:00,248.76213579622652,249.22402633302127,244.80304168936897,245.24514770507812,566750,229.99477294921874,185.56123245239257,244.56253051757812,5.632441929297693,233.29764665898273,255.82741437617352,45.86110261561153
2016-11-29 19:00:00,245.78621932148113,247.3434574193107,242.6255540735232,244.91522216796875,833000,230.40796875,186.1048575592041,245.31079788208007,4.461296986498355,236.38820390908336,254.23339185507677,44.10198082094247
2016-11-30 19:00:00,250.74167157450051,250.74167157450051,243.48337009738148,243.9584503173828,1658000,230.7302374267578,186.6487052154541,245.74134826660156,3.818329536636735,238.10468919332808,253.37800733987504,46.5825678581212
2016-12-01 19:00:00,245.46287802441347,246.27449638600916,242.88948096399616,245.71360778808594,555250,231.1960885620117,187.20207649230957,246.10657196044923,3.4073048757150133,239.2919622090192,252.92118171187926,55.81610944669371
2016-12-04 19:00:00,246.78257435512373,248.8280821741711,246.4526310039218,247.2246551513672,840375,231.8527667236328,187.77662460327147,246.61828079223633,2.6506685905519083,241.31694361113253,251.91961797334014,56.663033438643474
2016-12-05 19:00:00,247.60741260242358,247.67338617802747,244.4731265815841,245.85220336914062,677000,232.4166717529297,188.36290603637696,246.46915512084962,2.6028764685491965,241.26340218375123,251.67490805794802,37.97732387004025
2016-12-06 19:00:00,246.1227547962196,247.11253467632937,243.68132964206956,244.486328125,583000,232.99707305908203,188.946194190979,246.2589958190918,2.583781625628208,241.0914325678354,251.42655907034822,40.31097840686509
2016-12-07 19:00:00,244.4731145441445,245.72683895920773,242.5001749887102,243.23260498046875,335500,233.51452423095702,189.51128269195556,245.93369216918944,2.531662929405901,240.87036631037765,250.99701802800124,43.72223693113288
2016-12-08 19:00:00,243.16005867744408,247.4424512218807,243.16005867744408,244.9482421875,925625,234.09294647216797,190.08998836517333,245.85088272094725,2.535652094712287,240.77957853152267,250.92218691037183,48.6265228027205
2016-12-12 19:00:00,246.78260157223357,252.63542171458678,245.49590290829863,249.84426879882812,3046000,234.7827505493164,190.69512477874756,246.26361618041992,2.476656487682749,241.31030320505442,251.2169291557854,52.16430630668547
2016-12-13 19:00:00,249.4219783911003,249.4219783911003,246.78260742579562,248.0231170654297,531500,235.43613159179688,191.29638957977295,246.54438247680665,2.330513633720187,241.88335520936627,251.20540974424702,51.343552114215086
2016-12-14 19:00:00,245.5288829074924,251.2233766731682,245.46290933110438,247.44244384765625,1049375,236.0843649291992,191.90525169372557,246.29364166259765,1.8887695115355407,242.51610263952657,250.07118068566874,53.601283354956344
2016-12-15 19:00:00,248.10226539235438,259.3196605405032,245.79281279029973,257.4127197265625,4119000,236.8553302001953,192.56058418273926,246.68921966552733,3.0607673719282564,240.56768492167083,252.81075440938383,69.45885418463277
2016-12-18 19:00:00,260.05210806771396,270.27972412109375,259.6166220495965,270.27972412109375,4503375,237.88587799072266,193.27865859985351,247.89178924560548,6.093022984936557,235.70574327573237,260.0778352154786,75.63702609558892
2016-12-19 19:00:00,272.8465305377954,277.4984606641399,269.2173796510227,271.4212646484375,3831375,238.96670654296875,193.99613395690918,249.18112869262694,8.015335554380153,233.15045758386663,265.21179980138726,81.509198857095
2016-12-20 19:00:00,271.52689212166706,273.1765086590499,263.93864598124594,268.3992004394531,1768500,240.01216796875,194.7005145263672,250.16694183349608,9.091106160725628,231.98472951204482,268.3491541549473,76.54792732260684
2016-12-21 19:00:00,267.89764070770315,269.8772001360676,261.30579641367547,262.0646057128906,880625,240.94162719726563,195.3648020172119,250.90563888549804,9.438677377448418,232.0282841306012,269.78299364039486,68.24951500418787
2016-12-22 19:00:00,262.288968333595,270.5370490988024,261.3124034243917,269.4747009277344,2172625,241.93152862548828,196.06542488098145,252.1012809753418,10.209249843563716,231.6827812882144,272.51978066246926,71.49851960191747
2016-12-25 19:00:00,269.8772426291458,275.1494150292434,268.55754452615986,270.7152404785156,1241375,242.9210348510742,196.76743896484376,253.43779983520508,10.822064361740091,231.7936711117249,275.08192855868526,71.35831881447297
2016-12-26 19:00:00,271.7907911951671,280.1048720140875,271.13095469830307,278.82476806640625,3246750,243.96794799804687,197.5047664642334,254.97392578125,12.126658020790217,230.72060973966956,279.2272418228304,76.7076328145123
2016-12-27 19:00:00,282.2427428546413,283.07417102773724,276.4823005779564,277.63043212890625,1676625,244.94663269042968,198.2247113800049,256.5931900024414,12.896936978205156,230.7993160460311,282.38706395885174,76.9213913398701
2016-12-28 19:00:00,277.7953136421874,280.104791056006,275.8817782858872,278.5211486816406,848125,245.9767837524414,198.9430630493164,258.273486328125,13.471766205520183,231.32995391708462,285.2170187391654,78.83324996721043
2016-12-29 19:00:00,280.43474454712646,285.5485646632084,277.9075364399275,280.6326904296875,2353250,247.1100033569336,199.66693336486816,260.10719833374026,13.909566883611332,232.2880645665176,287.9263321009629,78.96931102416826
2017-01-01 19:00:00,280.59972354301124,285.977463252281,280.43475185581434,282.5594482421875,1320250,248.1976937866211,200.4000149536133,261.9494903564453,14.336358353795653,233.27677364885403,290.6222070640366,77.90406202967691
2017-01-02 19:00:00,281.82700879479734,286.04342722552747,278.3232358097769,283.3842468261719,1559500,249.30069274902343,201.14619316101073,263.75746994018556,14.658111560203142,234.44124681977928,293.07369306059184,80.68239261089104
2017-01-03 19:00:00,284.393827797519,289.99594323826733,283.76699074690833,285.4693908691406,2649125,250.54463531494142,201.90881141662598,265.7383293151855,14.787400963569958,236.16352738804562,295.3131312423254,82.15595366694933
2017-01-04 19:00:00,285.0404786266244,288.51125218820636,284.3938067607444,286.6768798828125,1598500,251.80903228759766,202.67051010131837,267.84785690307615,14.604344217235376,238.6391684686054,297.0565453375469,79.05141668858057
2017-01-05 19:00:00,287.03322072906434,290.3324531512375,286.373384313088,287.07281494140625,1229375,253.10721435546876,203.42056678771974,270.03986740112305,13.992555754260412,242.05475589260223,298.0249789096439,72.15734940962162
2017-01-08 19:00:00,288.3463239463338,293.31495710112847,287.6930571992879,289.2832946777344,2029000,254.603349609375,204.18157829284667,272.2566200256348,13.30310748760641,245.65040505042197,298.8628350008476,72.92118489347754
2017-01-09 19:00:00,290.66238416318566,293.40075323529214,288.68944449740036,292.4373779296875,1488125,256.16309509277346,204.92409492492675,274.3862754821777,12.930424266467131,248.52542694924347,300.247124015112,80.74247189327289
2017-01-10 19:00:00,293.3017712883467,295.61122394629865,290.99229345924863,292.02166748046875,1814750,257.62346740722654,205.65656799316406,276.58620300292966,11.911778491546288,252.7626460198371,300.40975998602227,95.14712334739764
2017-01-11 19:00:00,292.311993602741,293.9616098478706,286.7033084377587,287.4951171875,1370125,258.774372253418,206.36416511535646,278.5888366699219,9.961382668516993,258.6660713328879,298.51160200695585,79.74293338813553
2017-01-12 19:00:00,289.34266968651013,299.2403668275011,286.57132656918253,293.11041259765625,3597500,259.92963165283203,207.10764122009277,280.37372131347655,9.130877987167288,262.111965339142,298.6354772878111,82.29914622455905
2017-01-15 19:00:00,294.62147958195874,294.62147958195874,290.3324671577603,292.7804870605469,1125625,261.0170587158203,207.84813468933106,281.4987594604492,9.207578582925374,263.08360229459845,299.91391662629997,75.95083822215867
2017-01-16 19:00:00,293.6976529234566,304.8490743836502,288.3595074623775,301.5234375,3556625,262.30771789550784,208.6411855316162,283.00386810302734,9.90729489936442,263.1892783042985,302.8184579017562,84.69051189070969
2017-01-17 19:00:00,304.1892079706247,309.9628644952277,301.2199190377448,302.42742919921875,3722500,263.3795721435547,209.44525833129882,284.7052795410156,10.185174320147835,264.33493090071994,305.0756281813113,84.69641121856284
2017-01-18 19:00:00,304.84909140933325,307.65343403115196,300.230160823966,303.7867431640625,2186375,264.4815167236328,210.24686248779298,286.79138641357423,9.557259703149887,267.67686700727444,305.905905819874,84.35479927189083
2017-01-19 19:00:00,304.849088684607,309.4613992171751,303.8593088640368,304.58514404296875,1867375,265.57844604492186,211.02176918029784,288.5469085693359,9.432854401969514,269.6811997653969,307.41261737327494,83.81278718508024
2017-01-22 19:00:00,306.8220271908713,319.81439126428666,305.01403409053,318.666259765625,3435500,267.0196826171875,211.86568367004395,290.94445953369143,10.6742139320025,269.59603166968645,312.2928873976964,88.49530413101951
2017-01-23 19:00:00,322.0050894701454,322.6649510779652,316.7263224633194,318.0460205078125,1535375,268.54881103515623,212.70698463439942,292.90552215576173,11.866650243601066,269.1722216685596,316.6388226429639,86.71724784110476
2017-01-24 19:00:00,319.36572183732244,333.55240674089583,317.0562439429174,328.8345031738281,3716375,270.27734527587893,213.59400299072266,295.4657257080078,13.768768681645517,267.9281883447168,323.0032630712989,89.07646412878121
2017-01-25 19:00:00,327.9371277968443,340.4741964657037,327.2904810320066,335.3076171875,2851125,271.93435241699217,214.51182655334472,298.30504913330077,15.796440813239537,266.7121675068217,329.89793075977985,90.18250654387703
2017-01-26 19:00:00,339.32604062544476,340.8107102789034,318.5474868573554,322.2624206542969,5107375,273.38957763671874,215.36435905456543,300.38653564453125,16.08532343649199,268.21588877154727,332.55718251751523,73.27247135357894
2017-01-29 19:00:00,322.00512973531755,323.6547462044239,306.168826734587,307.1322021484375,3519250,274.6076550292969,216.15411445617676,301.61517333984375,15.582586317794632,270.4500007042545,332.780345975433,58.87041806211061
2017-01-30 19:00:00,305.50890450135637,316.06646291412824,304.94804105408286,310.939453125,2064375,275.9137545776367,216.97113105773926,302.99293365478513,15.09641639758349,272.80010085961817,333.1857664499521,60.97038782100743
2017-01-31 19:00:00,313.42709703255343,316.46238498379336,309.99589210765936,313.7768249511719,2254750,277.21563232421875,217.80109909057617,304.4083053588867,14.688495662022612,275.0313140348415,333.7852966829319,65.54525982744237
2017-02-01 19:00:00,315.0766682702027,315.34061288155584,302.8695194632701,304.68408203125,2784500,278.3635006713867,218.60055793762206,305.3086654663086,14.083857553859326,277.1409503585899,333.47638057402725,56.575177830745766
2017-02-02 19:00:00,304.1892517914409,304.1892517914409,294.9580099648859,297.78875732421875,2463375,279.4080386352539,219.36625534057617,305.8444625854492,13.547202141502588,278.750058302444,332.9388668684544,52.64775704351356
2017-02-05 19:00:00,297.59079439864473,308.01638233574147,297.59079439864473,306.61090087890625,2259500,280.66055938720706,220.15912590026855,306.7108428955078,12.974286066452919,280.762270762602,332.65941502841366,52.68737434115756
2017-02-06 19:00:00,306.16878049959047,310.0552557742444,306.16878049959047,307.7919921875,1608125,281.8543542480469,220.9209056854248,307.47857360839845,12.531977523749957,282.41461856089853,332.54252865589837,52.82547644734423
2017-02-07 19:00:00,309.46802314083413,309.46802314083413,303.925311452095,305.7266845703125,1000625,283.06398498535157,221.67222885131835,308.1638244628906,12.00596462715667,284.1518952085773,332.1757537172039,51.01421056292771
2017-02-08 19:00:00,306.23477124816804,309.79794852427267,304.84909958673205,305.8784484863281,932625,284.28324951171874,222.38546173095702,309.082991027832,11.002034944257407,287.0789211393172,331.08706091634684,50.680748436153195
2017-02-09 19:00:00,306.16877321660957,308.47163096113053,303.60197084209295,305.865234375,890875,285.5213851928711,223.0986933898926,309.7207321166992,10.379501832733663,288.96172845123186,330.47973578216653,42.090658822642084
2017-02-12 19:00:00,306.82198414780424,309.98924387810297,300.2301149229826,302.8497009277344,901000,286.6641070556641,223.79905799865722,310.2241928100586,9.739006815408228,290.7461791792421,329.70220644087505,40.880613027156734
2017-02-13 19:00:00,302.11728552748383,304.1891979062228,297.7293006728916,299.2667541503906,452000,287.7049490356445,224.50114379882814,310.1113586425781,9.857469807977688,290.39641902662277,329.8262982585335,30.576469541048837
2017-02-14 19:00:00,300.82402531910594,302.8695585644608,294.6214771784041,298.29022216796875,607625,288.7537094116211,225.1777359008789,309.9044982910156,10.068358934510165,289.76778042199527,330.04121616003596,23.789891467722512
2017-02-15 19:00:00,299.57033265600194,306.8286343682984,295.0503748945548,306.0566101074219,968125,289.98511505126953,225.89540298461915,310.0179916381836,10.008383017649534,290.0012256028846,330.03475767348266,37.598447447209004
2017-02-16 19:00:00,304.1891945698217,306.1753488390578,300.88996241539354,301.6752014160156,375875,291.15396697998045,226.58111755371092,309.87249450683595,10.112133954926563,289.6482265969828,330.0967624166891,45.00174141716138
2017-02-19 19:00:00,301.54989398539607,303.39745636621524,286.5977528697039,288.8082580566406,897625,292.03116729736325,227.1787651824951,308.37959442138674,10.917505368192048,286.54458368500264,330.21460515777085,32.61457748481162
2017-02-20 19:00:00,288.6828511060844,293.6316999821887,286.7033165898721,292.9586486816406,465250,292.89345489501954,227.8067876434326,307.12522583007814,11.186325083949495,284.75257566217914,329.49787599797713,33.97658439604898
2017-02-21 19:00:00,293.6251321918669,296.5350429128335,284.7567825094795,290.76800537109375,940625,293.7483526611328,228.42086601257324,305.2219009399414,10.516544695708385,284.18881154852465,326.25499033135816,38.01570356447155
2017-02-22 19:00:00,292.3119948557355,295.54525378535334,288.6828441351233,292.806884765625,780875,294.6556414794922,229.06253158569336,303.0968643188477,8.143525765778017,286.80981278729166,319.3839158504037,45.31806933958639
2017-02-23 19:00:00,294.2915394266861,296.79896326402786,290.6623885814911,292.3384094238281,1288375,295.3541552734375,229.70094444274903,301.60066375732424,7.12178535323955,287.35709305084515,315.84423446380333,34.088467225401786
2017-02-26 19:00:00,291.65216997970106,294.8854038662857,288.35293734457133,290.6492004394531,471000,295.7615447998047,230.34001396179198,300.776513671875,7.396403358881213,285.9837069541126,315.5693203896374,31.10263954479609
2017-02-27 19:00:00,290.33245495268324,293.9616056053626,280.8306745794807,289.98272705078125,473125,296.13277404785157,230.9675912475586,299.7286773681641,7.365246068010107,284.9981852321439,314.4591695041843,32.09237164703612
2017-02-28 19:00:00,292.3185971162615,304.4795837402344,291.9820840511449,304.4795837402344,2210500,296.8543817138672,231.677145614624,299.26381530761716,6.6948089447992425,285.8741974180187,312.65343319721563,48.80036765206213
2017-03-01 19:00:00,308.2142832324937,319.70221784276066,307.6534197683609,319.14794921875,3146875,297.99604858398436,232.45887145996093,299.9870086669922,7.9707629783365315,284.04548271031916,315.92853462366526,59.10285679388904
2017-03-02 19:00:00,319.7022074656044,325.2911077474478,314.08690265298367,320.42144775390625,3114625,299.0149835205078,233.23451347351073,301.11864318847654,9.160125960712016,282.7983912670525,319.43889510990056,62.336762455546896
2017-03-05 19:00:00,320.02555966213475,321.01533950274444,305.1856079203733,308.55743408203125,1097875,299.77182739257813,233.95987327575685,301.2159698486328,9.23161476024673,282.75274032813934,319.6791993691263,55.84333623929123
2017-03-06 19:00:00,309.3954342166464,313.03117988128645,306.9276046083451,311.38818359375,1086500,300.423095703125,234.69668853759765,301.3957794189453,9.399929293110485,282.59592083272435,320.1956380051663,58.050148701004446
2017-03-07 19:00:00,312.11394488320826,315.24163562548455,308.8081179604103,310.009033203125,1058625,301.0706677246094,235.4288186645508,301.6098968505859,9.551327324193874,282.5072422021982,320.71255149897365,52.6361769297626
2017-03-08 19:00:00,310.7811123058011,310.7811123058011,296.8979406396925,299.0490417480469,1832750,301.4812255859375,236.09753372192384,301.2684265136719,9.512691315991084,282.24304388168974,320.29380914565405,48.3897213421147
2017-03-09 19:00:00,296.7989402977062,304.684103630064,294.4234889694211,300.0256042480469,1412125,301.8690838623047,236.77035133361815,300.97644500732423,9.453608406212695,282.06922819489887,319.8836618197496,58.05227659680739
2017-03-12 19:00:00,300.56007301558344,302.77055272964964,294.29152628766985,295.0239562988281,342875,302.1183740234375,237.41861579895019,300.5851577758789,9.533609373915732,281.5179390280474,319.65237652371036,51.46466334125729
2017-03-13 19:00:00,294.9514002270118,300.0981950413805,289.00617662282457,297.38623046875,620625,302.3984136962891,238.0826904296875,300.4911315917969,9.556542469689484,281.37804665241794,319.60421653117584,54.68207827917766
2017-03-14 19:00:00,300.06519210558656,301.8731852466441,293.6316986639916,297.0364990234375,530000,302.629755859375,238.73536094665528,300.42844543457034,9.575831606950889,281.27678222066857,319.5801086484721,53.0655154505553
2017-03-15 19:00:00,297.5973858646558,298.9104639068931,292.97186042134695,297.93389892578125,787875,302.8548962402344,239.3509058380127,300.0223098754883,9.496487082300394,281.0293357108875,319.0152840400891,54.03040770308548
2017-03-16 19:00:00,300.23013910840115,300.8833806595712,296.2710704193857,297.0232849121094,471875,303.05390563964846,239.9544529724121,299.78971405029296,9.510830820728655,280.7680524088357,318.81137569175024,54.64330748012102
2017-03-19 19:00:00,299.8672710611307,299.8672710611307,295.71023063138176,298.38922119140625,343375,303.23602416992185,240.56661788940428,300.2687622070313,9.16354739655047,281.9416674139303,318.59585700013224,56.06207317867562
2017-03-20 19:00:00,299.22718896086764,307.15854170125357,298.9104604247906,305.376953125,1202125,303.4948156738281,241.21687492370606,300.8896774291992,9.062318041224167,282.7650413467509,319.0143135116475,50.725702120812315
2017-03-21 19:00:00,305.5089144857425,305.8388326907358,301.87976388852485,302.48681640625,554250,303.70411865234377,241.8570050048828,301.47561798095705,8.746796822361976,283.9820243362331,318.969211625681,33.35532493506177
2017-03-23 19:00:00,300.88997005254043,307.7523791490063,300.88997005254043,304.8292541503906,1022750,304.05080139160157,242.53563537597657,302.0767364501953,8.530119114671214,285.0164982208529,319.13697467953773,34.74893540300661
2017-03-26 19:00:00,304.8490788713899,305.52210496341206,300.8899848877004,301.4244689941406,541875,304.21708251953123,243.22302215576173,302.5310394287109,8.220508134297912,286.0900231601151,318.97205569730676,41.639583504726886
2017-03-27 19:00:00,301.5630131558666,302.8035226316659,299.90020740192915,300.335693359375,368750,304.3681866455078,243.87954231262208,303.015364074707,7.755841143694386,287.5036817873182,318.5270463620958,36.4940698432398
2017-03-28 19:00:00,302.20965828895635,304.8490540632931,298.9104261566072,299.8144226074219,583125,304.33400634765627,244.52354057312013,303.50694885253904,7.17624609271853,289.15445666710195,317.8594410379761,37.27559929700159
2017-03-29 19:00:00,300.8899951677838,301.21993855605655,294.9513917460722,296.1654968261719,361500,304.2087677001953,245.15004196166993,303.09124450683595,7.355507599400218,288.3802293080355,317.8022597056364,45.597403396161006
2017-03-30 19:00:00,295.611176369367,297.2277929697481,293.77020937958616,296.1456604003906,965375,304.0559460449219,245.7505337524414,301.94113006591795,6.45606388428646,289.029002297345,314.8532578344909,43.897829025173166
2017-04-02 19:00:00,296.9309171196307,297.59075353366046,294.2915211212201,295.1361389160156,321000,303.8669659423828,246.36259048461915,300.67686462402344,4.945773726024484,290.7853171719745,310.5684120760724,50.201771815617
2017-04-03 19:00:00,295.28789900282936,296.69997512238257,291.7181270768585,292.5495300292969,542250,303.3446313476563,246.96854133605956,299.87646942138673,4.8983908219983086,290.0796877773901,309.67325106538334,41.370343064922395
2017-04-05 19:00:00,289.01274446518613,295.2812908698362,288.35290807359974,292.41094970703125,758500,302.8319299316406,247.55214767456056,298.92760772705077,4.359490985348538,290.2086257563537,307.64658969774786,41.684423972033066
2017-04-06 19:00:00,296.2710834838686,304.83589312194067,292.3119894491266,302.5660095214844,949000,302.30656005859373,248.20714065551758,298.5554565429687,3.6184332050956582,291.3185901327774,305.79232295316007,56.24775153389637
2017-04-09 19:00:00,301.87975584761153,313.6910135382431,299.9002214992332,308.0097351074219,2438625,301.7606024169922,248.893676071167,299.0034912109375,4.192054978299435,290.61938125433863,307.3876011675364,63.20381028389344
2017-04-10 19:00:00,307.4884319640364,312.7672236379903,306.8285955903643,311.4013366699219,1579500,301.5433807373047,249.591805267334,299.57227783203126,5.026690165810976,289.5188975004093,309.6256581636532,64.91223284264865
2017-04-11 19:00:00,312.701225151593,318.5012860551841,312.1073623463487,315.2086486816406,1823375,301.70490966796876,250.30006340026856,300.5815124511719,5.997905075879033,288.5857022994138,312.57732260292994,62.15332660841591
2017-04-12 19:00:00,317.05621914816476,318.8708069824949,305.50890609261455,307.8315734863281,2252250,301.6427520751953,250.95235282897949,301.1037796020508,6.157668472018076,288.7884426580146,313.41911654608697,55.94714105159643
2017-04-13 19:00:00,309.4679708177998,311.1043719634482,301.61578256985246,302.8695068359375,1175125,301.42460571289064,251.57261474609376,301.39542999267576,6.09268138000408,289.2100672326676,313.5807927526839,47.939500233268966
2017-04-16 19:00:00,302.86953494221547,308.1351119034474,287.72604560953226,287.989990234375,2118500,301.0907238769531,252.08080032348633,300.89823455810546,6.759298131384857,287.3796382953357,314.4168308208752,38.62061085948287
2017-04-17 19:00:00,285.1262435165251,287.3631276423293,273.59214534380794,273.988037109375,2871625,300.6147094726563,252.5282738494873,299.74647216796876,9.034106349810012,281.67825946834876,317.81468486758877,31.68853369983414
2017-04-18 19:00:00,262.03163595140904,277.13553211753504,262.03163595140904,274.7270812988281,2392625,299.9770330810547,252.97323318481446,298.56336517333983,10.629698761113914,277.303967651112,319.8227626955677,32.6170637656128
2017-04-19 19:00:00,273.83626151719346,288.34629280441146,270.53702945072126,278.2176513671875,3882125,299.38554626464844,253.42553482055663,297.20540008544924,11.418961896767495,274.3674762919143,320.0433238789842,37.53664632655146
2017-04-20 19:00:00,279.1150785737908,287.3631602406945,277.13554400796346,285.8653259277344,2193000,298.9883190917969,253.9485846710205,296.37432556152345,11.61748082000205,273.13936392151936,319.60928720152754,43.54496141915575
2017-04-23 19:00:00,286.70332809405323,290.9263419437302,283.0741771401838,287.9768371582031,1711000,298.6302868652344,254.4863208770752,295.5317047119141,11.583071012601254,272.36556268671154,318.6978467371166,45.56602389927407
2017-04-24 19:00:00,288.3529236000424,289.60002803970957,285.11966469642573,286.1688232421875,638375,298.2363586425781,255.03234474182128,294.76892242431643,11.67652906642232,271.4158642914718,318.12198055716107,46.0097491414824
2017-04-25 19:00:00,285.71354741048356,288.2869448947266,284.06393105687664,285.0537109375,644125,297.88043884277346,255.5447370147705,294.0048233032227,11.792514878412709,270.4197935463973,317.5898530600481,45.45457973499975
2017-04-26 19:00:00,286.04344035473633,286.736301312598,279.7815137424033,280.6986999511719,478125,297.5090777587891,256.03749992370604,293.04903717041014,12.068304873652794,268.91242742310453,317.18564691771576,35.447055201217296
2017-04-27 19:00:00,280.43473847987644,281.68184282109036,276.14572652878536,277.0167236328125,830375,297.08360778808594,256.46633918762205,292.0915985107422,12.557708156612717,266.9761821975168,317.2070148239676,28.878512331036035
2017-05-01 19:00:00,275.1560042378641,276.4757023138376,270.735019459025,271.6983947753906,379125,296.3964434814453,256.8543148803711,290.8692352294922,13.309649348352618,264.24993653278693,317.4885339261974,23.635132243222472
2017-05-02 19:00:00,271.8567270893724,277.7953297014834,269.54724954204335,274.0408020019531,802000,295.84375549316405,257.2507191467285,289.81446838378906,13.781237408336484,262.2519935671161,317.37694320046205,22.119937005791
2017-05-03 19:00:00,274.82608802698826,281.0946098843225,272.51661008431216,277.7228088378906,797125,295.6220465087891,257.68058547973635,289.07313232421876,14.023033065748642,261.02706619272146,317.11919845571606,28.535195088308626
2017-05-04 19:00:00,278.4551998313353,290.002512411784,277.13550193076946,286.9540100097656,1439375,295.50195373535155,258.1200668334961,288.80028533935547,14.007750516012532,260.7847843073304,316.8157863713805,39.30472367406989
2017-05-07 19:00:00,290.3324186805317,292.9322201657164,287.8249952894617,289.7385559082031,1252875,295.48136474609373,258.5920990753174,288.1589126586914,13.632936948415539,260.89303876186034,315.4247865555225,51.40313250427452
2017-05-08 19:00:00,290.46441331381044,293.4931061341959,287.6930451061606,288.2605285644531,1287750,295.3904376220703,259.04068138122557,287.171452331543,12.809815403775788,261.5518215239914,312.79108313909455,64.33400414008112
2017-05-09 19:00:00,290.20047161287204,290.3324439261031,285.7135136475952,288.6894226074219,687750,295.3174578857422,259.4970322418213,286.03585662841795,11.487204390756995,263.06144784690395,309.01026540993195,64.11042150103071
2017-05-10 19:00:00,290.9856678268693,300.23012266300896,289.7385635235438,297.8744812011719,2840250,295.46196350097654,259.9988206481934,285.16914825439454,9.682428460788584,265.8042913328174,304.5340051759717,67.81485593286436
2017-05-11 19:00:00,299.8936235976732,303.5227740611744,292.4835406684726,293.7570495605469,2562500,295.5374499511719,260.47234970092774,284.46542205810545,8.371319827186397,267.72278240373265,301.20806171247824,57.64116577744893
2017-05-14 19:00:00,296.8649780928414,300.5601027152427,295.35392886799553,299.2799987792969,2022375,295.43345825195314,260.9720630645752,284.28594665527345,7.985572634925794,268.31480138542184,300.25709192512505,60.2660886629599
2017-05-15 19:00:00,302.2096744878595,302.5395926845498,294.9513734760926,296.13909912109375,2330000,294.97328125,261.4365335083008,284.6934020996094,8.382547413354423,267.92830727290055,301.4584969263182,58.84142876163816
2017-05-16 19:00:00,294.9513647898026,297.0958707618516,292.8068588177536,293.321533203125,728375,294.43128295898435,261.8924753570557,285.6600769042969,8.19571622640224,269.2686444514924,302.0515093571014,57.11684316045418
2017-05-17 19:00:00,293.6316772610852,296.798937276173,291.65214289804845,292.04803466796875,923250,294.1010949707031,262.3399690246582,286.52612457275393,7.889034244847053,270.74805608305985,302.304193062448,60.31667829007704
2017-05-18 19:00:00,293.2357927363075,293.96162795626026,289.1249667220688,289.9233703613281,287000,293.6717987060547,262.79696296691895,287.1114105224609,7.671408722937644,271.7685930765856,302.4542279683362,62.07413980051012
2017-05-21 19:00:00,290.9923250203734,292.7079401847677,289.73862560881514,291.13751220703125,669625,293.2943682861328,263.2580120849609,287.3750198364258,7.716785172739464,271.94144949094687,302.8085901819047,69.69783181322559
2017-05-22 19:00:00,291.65220559109906,295.9411934377745,291.65220559109906,293.473388671875,1002625,293.1828552246094,263.7264167022705,287.64984741210935,7.836298834604626,271.9772497429001,303.3224450813186,69.69382068168646
2017-05-23 19:00:00,294.27835131464377,301.37170651466204,294.27835131464377,298.6201477050781,2180250,293.15474609375,264.2142808532715,288.2724136352539,8.198672199818024,271.87506923561784,304.6697580348899,70.56763406909742
2017-05-24 19:00:00,297.0958634723432,302.8695197017358,296.2710554395728,300.2499084472656,1723500,293.25926513671874,264.72160705566404,289.0322235107422,8.57996566346574,271.8722921838107,306.1921548376737,65.3887452492971
2017-05-25 19:00:00,301.5498696277177,310.7877059567772,300.89000799419006,307.9041748046875,3081875,293.4696240234375,265.2740968322754,290.39249725341796,9.314381756361794,271.76373374069436,309.02126076614155,68.8950456178487
2017-05-28 19:00:00,300.8899756708516,308.0823030912028,297.003500561373,302.42742919921875,1008500,293.57744262695314,265.8030714416504,291.6630325317383,9.124978764742208,273.4130750022539,309.9129900612227,63.60409593120543
2017-05-29 19:00:00,300.22352185632735,301.879732721587,294.2914889344451,295.4858093261719,552625,293.52848083496093,266.28345626831054,292.85240325927737,7.846468594920135,277.1594660694371,308.54534044911765,55.80082205054204
2017-05-30 19:00:00,295.6112126521127,299.57030656309905,293.6316782821921,295.954345703125,418625,293.50710205078127,266.77132019042966,293.9480804443359,6.494977225329926,280.95812599367605,306.9380348949958,48.07465511849382
2017-05-31 19:00:00,295.6111939084938,298.580507860674,281.1605662360751,284.92828369140625,470625,293.2378833007813,267.2183582305908,294.30835418701173,5.698620356401829,282.9111134742081,305.70559489981537,42.224550339748085
2017-06-01 19:00:00,276.4756902175131,293.56571536722413,273.1764577575005,287.244384765625,703250,292.87523193359374,267.6759365081787,294.3228729248047,5.679233988356177,282.96440494809235,305.68134090151705,38.76572623993957
2017-06-04 19:00:00,293.301776704703,298.9764606789168,291.7511333895229,297.0563049316406,587125,292.76662170410157,268.19193717956546,294.6887603759766,5.603563202314358,283.4816339713479,305.8958867806053,50.76132436749663
2017-06-05 19:00:00,296.93095134152867,298.91048598290917,292.4769921056355,293.7109069824219,229375,292.5442547607422,268.6507360839844,294.961279296875,5.403445258039473,284.154388780796,305.76816981295394,50.320391289696104
2017-06-06 19:00:00,294.2915213720022,298.09883336414197,293.30176675011415,295.3143005371094,341250,292.42205139160154,269.0670642852783,295.2925231933594,5.197880032230845,284.8967631288977,305.68828325782107,52.67309333960716
2017-06-07 19:00:00,296.1390746994298,298.51452579353594,290.99887561572456,292.127197265625,246500,292.25788146972656,269.44177406311036,295.00515899658205,5.206485819592326,284.5921873573974,305.4181306357667,51.77277108066986
2017-06-08 19:00:00,291.7181099467289,291.9820545682042,280.4347416756763,281.8006286621094,470875,291.8976055908203,269.77037757873535,294.40733795166017,5.985493170365513,282.43635161092914,306.3783242923912,43.4496499283414
2017-06-11 19:00:00,281.02863420148293,281.02863420148293,267.7129211425781,267.7129211425781,1154375,291.32855407714845,270.0396936035156,292.82898406982423,8.334208158853825,276.1605677521166,309.49740038753185,34.48574746283997
2017-06-12 19:00:00,271.79076569095054,273.18305731856157,254.33122781495896,260.38201904296875,1885375,290.61328125,270.28958534240724,291.04113006591797,10.996750060771888,269.0476299443742,313.03463018746174,27.56138627301324
2017-06-13 19:00:00,263.87260476922586,265.25827626442833,254.3707998395072,255.8092803955078,1108750,289.82674407958984,270.5116068267822,289.16551742553713,13.501201239495375,262.1631149465464,316.1679199045279,24.792342377976425
2017-06-14 19:00:00,255.36060929978595,265.2583071395362,255.36060929978595,262.05145263671875,979750,289.21678253173826,270.771731262207,287.6656883239746,14.770596895466806,258.124494533041,317.20688211490824,23.567947612357628
2017-06-15 19:00:00,263.931998032778,267.17185171095264,258.99633909676373,260.936279296875,376250,288.58728912353513,270.97959594726564,286.21633377075193,15.91522231710776,254.3858891365364,318.0467784049674,24.81581178960144
2017-06-18 19:00:00,263.1995776068881,263.9254127910693,254.7007413169274,257.287353515625,515000,287.681716003418,271.1681755065918,284.52382583618163,17.118730840014575,250.28636415615247,318.76128751621076,25.849045026939294
2017-06-19 19:00:00,256.020460024572,265.2451322431523,244.4269561767578,244.4269561767578,861125,286.41006042480467,271.2995402526856,282.0715042114258,19.1604782661909,243.75054767904402,320.3924607438076,21.835126892511724
2017-06-20 19:00:00,242.81692712247943,250.08184901422442,232.27917706116133,247.27748107910156,1439500,285.1275833129883,271.44099617004395,279.50437088012694,20.235869135657495,239.03263260881195,319.97610915144196,27.4002145048117
2017-06-21 19:00:00,248.76874668599078,258.39590533579957,246.12935044447082,254.36424255371094,983250,283.9106951904297,271.6313126373291,277.21008758544923,20.360813240438077,236.48846110457308,317.9317140663254,31.332883439728263
2017-06-28 19:00:00,254.70074673056516,259.3394870990454,249.6463300378257,254.5621795654297,1231875,282.8453073120117,271.81367858886716,274.5429878234863,19.60830104168254,235.32638574012125,313.75958990685143,22.918396405216754
2017-06-29 19:00:00,252.72118031580993,256.68027404016794,251.4014824076906,252.4440460205078,820750,281.8367980957031,271.995824508667,272.04381866455077,19.04444683995692,233.95492498463693,310.1327123444646,23.282600736617468
2017-07-02 19:00:00,248.597138949232,249.49454057057383,239.82778930664062,239.82778930664062,591875,280.8735540771484,272.1173596954346,269.2609176635742,19.499774648015503,230.2613683675432,308.2604669596052,18.559784554058794
2017-07-03 19:00:00,237.54473446153168,249.21083057935883,236.22503645807177,246.419677734375,724250,280.32218688964844,272.2379467773437,266.78418426513673,19.071999301271326,228.6401856625941,304.92818286767937,25.06302739972807
2017-07-04 19:00:00,242.17683656201697,249.32297466728315,234.10032263464726,234.5556182861328,1852000,279.51875762939454,272.3002361297607,264.265550994873,19.85961763515577,224.54631572456148,303.98478626518454,24.6494977221589
2017-07-05 19:00:00,232.26597311073658,236.87168879462675,224.7635115567135,227.4490966796875,1388625,278.50338653564455,272.3181510925293,261.27578659057616,20.701302428758392,219.87318173305937,302.67839144809295,26.645761643796817
2017-07-06 19:00:00,229.62001261332406,234.5754568616405,224.41381337134823,233.24256896972656,850250,277.45093139648435,272.3745021057129,258.0850997924805,19.79412549116957,218.49684881014136,297.67335077481965,33.972443153709136
2017-07-09 19:00:00,230.35243377004372,244.90206254320177,226.98722737940204,244.55892944335938,1659875,276.5825732421875,272.4760195922852,255.62750091552735,18.118475561559432,219.39054979240848,291.8644520386462,43.84611904777405
2017-07-10 19:00:00,237.2082198871503,238.85783608807574,232.33193969726562,232.33193969726562,639125,275.5058355712891,272.498454208374,252.47838287353517,16.232855241022445,220.01267239149027,284.94409335558004,34.742542975828385
2017-07-11 19:00:00,234.23891667457875,235.92153232634033,220.81763601673427,222.4276580810547,1169500,274.25331451416014,272.49848724365233,248.99340591430663,14.680317087446827,219.632771739413,278.3540400892003,31.866777739824116
2017-07-12 19:00:00,224.35439478766017,226.97398104653124,213.79026648911295,219.72227478027344,1722250,273.0337860107422,272.52514488220214,245.88948822021484,13.921814836283541,218.04585854764775,273.73311789278193,32.152486152919096
2017-07-13 19:00:00,223.02810986876486,225.59491232689234,219.72887739978566,224.21583557128906,605250,271.9777682495117,272.5579393005371,243.7146339416504,13.729351597272561,216.25593074710525,271.1733371361955,39.56814497405103
2017-07-16 19:00:00,221.11456301229026,228.24091767918014,220.39534780757896,226.87503051757812,518250,271.0813009643555,272.6149831390381,242.03928451538087,13.632471710301795,214.77434109477727,269.30422793598444,39.44855117673045
2017-07-17 19:00:00,227.64045171219234,238.21779552424707,227.64045171219234,238.19139099121094,1787000,270.36431274414065,272.71913986206056,241.15839004516602,13.2599821592182,214.63842572672962,267.6783543636024,41.9865288910287
2017-07-18 19:00:00,238.8644646831292,241.50383587490265,235.23531356247244,235.95452880859375,1204625,269.52894714355466,272.81877685546874,239.85354385375976,12.348498834917681,215.1565461839244,264.55054152359514,40.96271361888824
2017-07-19 19:00:00,238.66648232046433,241.76776912472656,231.78428771561593,232.70806884765625,1138875,268.4440283203125,272.905546875,238.44213333129883,11.387799408701154,215.66653451389652,261.21773214870115,40.51862873640214
2017-07-20 19:00:00,231.27619193362466,238.7984379645395,228.3068776658566,236.93109130859375,858875,267.3878790283203,273.01343200683596,237.42432022094727,10.489040861600138,216.446238497747,258.4024019441475,48.48632720617901
2017-07-23 19:00:00,238.8578585752814,240.83739316852555,237.5447552968489,240.2435302734375,611875,266.4275390625,273.13949577331545,237.21514892578125,10.383224243451165,216.44870043887892,257.9815974126836,46.658108553511546
2017-07-24 19:00:00,240.31609323533198,248.10228427358803,239.86741753217706,246.98715209960938,1443750,265.59349365234374,273.28010925292966,237.20063247680665,10.3686086749375,216.46341512693164,257.93784982668166,57.12126978421857
2017-07-25 19:00:00,249.2900146980523,249.2900146980523,244.14321974204145,244.71067810058594,326125,264.53021759033203,273.409900970459,236.71795425415038,9.732756899126755,217.25244045589687,256.1834680524039,60.467339546687775
2017-07-26 19:00:00,243.4899595264603,245.46289912041834,238.8644342256283,239.53746032714844,444500,263.4458258056641,273.52068908691405,235.96671829223632,8.819985405224198,218.32674748178792,253.60668910268473,53.846123725734124
2017-07-27 19:00:00,228.9667785056962,246.3867249672075,228.9667785056962,244.59854125976562,1651375,262.3521966552734,273.6630511474609,235.5744430541992,8.201345043246652,219.1717529677059,251.9771331406925,50.02620558829123
2017-07-30 19:00:00,247.95050416150735,256.8254471785242,247.44242459806011,250.51071166992188,2205750,261.43962890625,273.837646484375,236.10858917236328,8.817667892410883,218.47325338754152,253.74392495718504,63.12278957917244
2017-07-31 19:00:00,251.0715888758335,262.6189026561912,250.41175244255734,261.0088806152344,2613375,260.7933758544922,274.04279273986816,236.83804931640626,10.209226473939514,216.41959636852724,257.2565022642853,77.6140264273303
2017-08-01 19:00:00,262.45392855349814,267.2312102802238,259.48461457349265,264.63140869140625,1672250,260.24504333496094,274.2597501373291,238.34183883666992,11.926025221829242,214.48978839301145,262.1938892803284,81.72662047322727
2017-08-02 19:00:00,266.5779840586982,266.9013074195477,260.30943755687684,264.0507507324219,1238125,259.7275909423828,274.44760833740236,240.17192153930665,12.932382325077787,214.3071568891511,266.0366861894622,79.78878952779455
2017-08-03 19:00:00,264.9284052622435,265.2583235096996,258.66645271696973,259.7947998046875,373625,259.1007366943359,274.603101348877,241.4995330810547,13.532561347214756,214.4344103866252,268.5646557754842,74.04341439820975
2017-08-06 19:00:00,260.6393471713655,261.9590451026646,250.47770582285028,252.34507751464844,515250,258.2781704711914,274.7297587585449,241.88884048461915,13.73567931486705,214.41748185488504,269.36019911435324,60.95615864021056
2017-08-07 19:00:00,251.73146547432034,256.68031453210267,248.5312057229041,250.24679565429688,749250,257.3107034301758,274.861134185791,242.7845832824707,13.66359511398128,215.45739305450815,270.11177351043324,61.08721878844065
2017-08-08 19:00:00,250.74165010122454,256.01382180824254,248.76211579254903,254.19923400878906,752625,256.38968994140623,274.9912557220459,244.37316207885743,13.003240472724857,218.36668113340772,270.37964302430714,66.4911291004332
2017-08-09 19:00:00,253.90231026676537,254.20584909114257,245.63444531213563,247.26425170898438,421500,255.17689147949218,275.0864054870606,245.75026092529296,11.642402363374757,222.46545619854345,269.0350656520425,57.61227074744348
2017-08-10 19:00:00,248.1022834710125,248.1022834710125,244.0772408100136,245.2583465576172,151750,254.03350982666015,275.1963359069824,246.80238647460936,10.487426717668969,225.82753303927143,267.7772399099473,53.76684530616858
2017-08-14 19:00:00,245.4628953248682,246.3800815283234,232.99839573408457,233.136962890625,633625,252.78653289794923,275.2447355651855,247.11548309326173,9.940401242696723,227.23468060786828,266.99628557865515,40.37418762065591
2017-08-15 19:00:00,236.218446963575,239.52427430166497,226.34053399140743,236.66055297851562,988500,251.60065704345703,275.3172197723389,247.03894119262696,10.018322506544557,227.00229617953784,267.0755862057161,44.50053527666037
2017-08-16 19:00:00,237.18180390264416,237.54472146301532,225.33757223406815,226.2151641845703,996625,250.4263946533203,275.3759129333496,246.55197296142578,10.792277114179413,224.96741873306695,268.1365271897846,41.51037844056769
2017-08-17 19:00:00,226.9542050364818,228.9007401151022,217.7493434082326,226.20196533203125,1489000,249.20554626464843,275.43467224121093,246.22666778564454,11.316834970248472,223.59299784514758,268.8603377261415,37.47072507048014
2017-08-20 19:00:00,225.66748847732316,225.99740666450236,215.2419025986801,217.09608459472656,756125,247.60634185791017,275.4251374053955,245.23491744995118,12.928662733730025,219.37759198249114,271.0922429174112,28.191185612359675
2017-08-21 19:00:00,213.13039745007927,223.78692864959822,206.24160899756467,218.63351440429688,1216750,246.10479400634765,275.36855560302735,244.15441665649413,14.207535325213287,215.73934600606756,272.56948730692073,18.679206809499675
2017-08-22 19:00:00,217.74933481286712,229.5605926513672,217.74933481286712,229.5605926513672,1029500,244.7897198486328,275.3396213531494,243.28308868408203,14.554793387707546,214.17350190866694,272.3926754594971,26.60444820662343
2017-08-23 19:00:00,230.94628626940013,238.20458805512223,224.34782094741726,226.5648956298828,1708250,243.47847381591797,275.28040016174316,242.37579956054688,15.019276555918134,212.3372464487106,272.41435267238313,25.77397990146183
2017-08-24 19:00:00,225.6675045244153,233.91558564613266,224.47977882919633,230.3260040283203,789750,242.44898132324218,275.2470777893066,241.91522674560548,15.25035556687681,211.41451561185187,272.4159378793591,30.832576898776452
2017-08-27 19:00:00,232.26596352508935,236.88489387021622,229.62656756468962,232.1141815185547,993250,241.73700653076173,275.163475112915,241.29100875854493,15.389608425408397,210.51179190772814,272.0702256093617,35.795013085903264
2017-08-28 19:00:00,230.9462850015505,236.093079869675,229.6265869101693,233.612060546875,1042250,241.20160736083983,275.08808784484864,240.4460762023926,15.320516010334053,209.8050441817245,271.0871082230607,38.220717596044175
2017-08-29 19:00:00,234.24552460427452,241.16731348510947,234.24552460427452,237.74929809570312,1513375,240.84040771484376,275.0281409454346,239.28309707641603,14.540396149533322,210.20230477734938,268.3638893754827,38.381982823151134
2017-08-30 19:00:00,238.2178004504977,240.18414531122747,236.5615892964084,238.44874572753906,282500,240.36835357666016,274.98736251831053,237.97396392822264,13.26039201605695,211.45317989610874,264.49474796033655,43.17256228779959
2017-09-04 19:00:00,238.204582029571,244.14321073759285,236.23164235778927,243.6813201904297,530000,240.02325439453125,274.9978211212158,236.95549240112305,11.860485816828158,213.23452076746673,260.67646403477937,48.83676223902785
2017-09-05 19:00:00,246.1227196362002,247.77233575329424,235.56518655525616,238.34312438964844,1024000,239.64436981201172,274.9774977874756,235.8829086303711,10.588062278284749,214.7067840738016,257.0590331869406,54.26714375225901
2017-09-06 19:00:00,240.18410967013452,240.51402784964435,230.2864132579775,233.14353942871094,516125,239.41870147705077,274.88092918395995,234.9228317260742,9.862476414148636,215.19787889777695,254.64778455437147,47.19441890312467
2017-09-07 19:00:00,235.565179143672,244.79641916644596,234.24548125728953,244.04420471191406,3088875,239.35403594970703,274.8536444091797,234.6127021789551,9.443885092945852,215.7249319930634,253.5004723648468,64.11996442347663
2017-09-10 19:00:00,247.6074019591842,249.0920464723492,231.84366993748696,245.93138122558594,3963750,239.18537872314454,274.85215965271,234.1993095397949,8.69244906463387,216.81441141052716,251.58420766906266,65.17457509002146
2017-09-11 19:00:00,246.46584085542565,247.8383226072372,239.85416185336095,246.934326171875,1708875,239.03282165527344,274.8586589050293,234.18281326293945,8.666624536497896,216.84956418994366,251.51606233593523,76.21750127837669
2017-09-12 19:00:00,247.44245189106823,259.28009033203125,247.11253365610972,259.28009033203125,2301250,239.16954254150392,274.91164466857913,234.88390045166017,10.06419565608021,214.75550913949974,255.0122917638206,80.01362876137364
2017-09-13 19:00:00,261.31242482243044,272.2394714355469,259.3856742061175,272.2394714355469,2934500,239.81777618408202,275.03638870239257,236.83902587890626,13.059397168802892,210.72023154130048,262.95782021651206,80.59600561206932
2017-09-14 19:00:00,275.81579339527934,284.3146284171549,258.6333923339844,258.6333923339844,7090500,240.0620504760742,275.1017463684082,237.9376678466797,13.938268991244028,210.06112986419163,265.81420582916775,69.95396132903551
2017-09-17 19:00:00,255.22863622709608,271.55982754638734,250.87365019720858,271.0847473144531,5375125,240.79263305664062,275.2372457885742,240.18114700317383,15.478132822240587,209.22488135869267,271.137412647655,72.88622248832155
2017-09-18 19:00:00,273.8362834387333,283.0741440328353,263.27875004931246,280.982421875,5341250,241.86329956054686,275.4016466522217,242.92016983032227,17.57863671681632,207.76289639668963,278.07744326395493,75.14937854285698
2017-09-19 19:00:00,283.067531601538,283.72079834781914,273.83629077140705,279.280029296875,3188875,242.78404876708984,275.57182106018064,246.02936706542968,18.25690173872317,209.51556358798334,282.543170542876,73.45303337483404
2017-09-20 19:00:00,278.45519829875235,280.0520304842452,269.38230989262155,271.5466003417969,2029875,243.32380218505858,275.7049779510498,248.67502136230468,17.908512352229376,212.85799665784592,284.4920460667634,66.73851955837526
2017-09-21 19:00:00,271.8567817911343,275.78947163259414,270.53708366585175,273.6185607910156,1363250,244.1495346069336,275.853278503418,250.8779197692871,18.14175907618077,214.59440161692555,287.16143792164866,67.18464654959668
2017-09-24 19:00:00,273.8362840829448,278.2572433341824,270.5436465846279,276.1127624511719,2019500,245.22323669433592,276.0052742767334,253.35531311035157,18.029609582477615,217.29609394539634,289.4145322753068,66.2823476741911
2017-09-25 19:00:00,279.7551381616532,280.76470257979446,275.987419991586,278.4024658203125,1495875,246.39684051513672,276.1611633300781,255.75913619995117,18.002504336595088,219.754127526761,291.76414487314133,70.74703844493683
2017-09-26 19:00:00,264.4862976074219,264.4862976074219,264.4862976074219,264.4862976074219,231375,247.20224975585938,276.2543338012695,257.3777420043945,17.202195170103938,222.97335166418665,291.7821323446024,64.88841295476952
2017-09-27 19:00:00,257.3401305331304,275.74325876441196,255.69710915200457,272.5429992675781,4660625,248.11560913085938,276.3946171569824,259.3242889404297,16.562149885826585,226.19998916877654,292.4485887120829,63.91339813896733
2017-09-28 19:00:00,271.8633730883761,275.3209574638238,271.16394240441775,272.6551818847656,1466750,248.80488494873046,276.5417300415039,261.0695831298828,15.998524288129772,229.07253455362326,293.06663170614235,63.2769361230371
2017-10-01 19:00:00,272.5166024169389,273.5063822461161,267.89767183268975,269.2437744140625,842125,249.47066986083985,276.6632077026367,262.609334564209,15.167141140839204,232.2750522825306,292.9436168458874,60.82474257334845
2017-10-02 19:00:00,270.53707789234,270.53707789234,259.31968182355007,261.2398376464844,993000,250.0413052368164,276.720185546875,263.48726043701174,14.507696603867586,234.47186722927657,292.50265364474694,50.99271367915763
2017-10-03 19:00:00,262.61892866125834,264.57867880517495,248.18148758599997,250.21380615234375,2302000,250.3069595336914,276.7311389923096,264.0807945251465,13.641853769405191,236.7970869863361,291.3645020639569,38.61995890970384
2017-10-04 19:00:00,252.07457361341807,254.37083675907624,238.86445309953882,244.05084228515625,2332625,250.3831057739258,276.7141809844971,264.62615966796875,12.511132058049487,239.60389555186978,289.64842378406775,41.83783034050989
2017-10-05 19:00:00,243.48337240410825,247.1125231770498,236.2250456870783,243.41737365722656,1504875,250.31171020507813,276.6442042541504,264.5948181152344,12.566069959853985,239.4626781955264,289.72695803494236,32.15289612411097
2017-10-08 19:00:00,242.16367371789107,242.62556426027172,231.24981689453125,231.24981689453125,959250,250.04249298095704,276.4490547180176,263.86073989868163,14.054413024492375,235.75191384969688,291.96956594766635,18.832230424970362
2017-10-09 19:00:00,228.3069030549948,229.62000638761478,219.68930846539251,224.10369873046875,3257375,249.73381774902344,276.21246688842774,262.71920852661134,16.256271578635847,230.20666536933965,295.23175168388303,17.62933812681726
2017-10-10 19:00:00,226.3673219107311,230.39759029834138,216.97004161577675,220.9130096435547,1409500,249.26010711669923,275.9750359344482,260.8008544921875,18.755195819312615,223.29046285356227,298.3112461308127,18.621931456468246
2017-10-11 19:00:00,221.66534308762309,227.03904324983105,216.29164292541512,224.4798126220703,1498625,248.7394891357422,275.78711196899417,258.41287155151366,20.206456639621717,217.99995827227022,298.8257848307571,20.102224203632915
2017-10-12 19:00:00,223.008755662792,229.719173261884,223.008755662792,225.4470672607422,980250,248.02825286865234,275.5669738006592,256.75355529785156,21.508071830163416,213.73741163752473,299.7696989581784,18.58953753663532
2017-10-15 19:00:00,227.03904537599743,236.71844482421875,227.03904537599743,236.71844482421875,1261625,247.4699935913086,275.3969898223877,255.03524017333984,21.675011531484017,211.6852171103718,298.3852632363079,26.74730336187298
2017-10-16 19:00:00,241.14505103222083,244.67152998692046,229.7326348557923,231.18353271484375,2538000,246.81264923095702,275.1587836456299,252.54529571533203,21.39597553803141,209.75334463926922,295.3372467913949,29.506344917418048
2017-10-17 19:00:00,231.06934928991302,234.4279152643372,226.38077868519034,231.80821228027344,954375,246.25291748046874,274.9296725463867,250.17170486450195,20.901485208410065,208.36873444768182,291.9746752813221,22.409151877485485
2017-10-18 19:00:00,233.75615610338397,243.39524841308594,232.31197189842962,243.39524841308594,4357625,246.0739208984375,274.75404304504394,248.7641372680664,20.326258450109407,208.1116203678476,289.4166541682852,32.847648851676155
2017-10-19 19:00:00,245.92094177711704,255.56003627283854,244.537203853326,255.43911743164062,2728875,246.17776733398438,274.6280751800537,247.85516510009765,19.54787275075618,208.75941959858528,286.95091060161,42.65136672742455
2017-10-22 19:00:00,255.9226913722553,255.9226913722553,245.1752915799245,246.5254364013672,1877500,246.02429138183595,274.4479051208496,246.37579879760742,18.38158851410156,209.6126217694043,283.1389758258105,42.242221932967254
2017-10-23 19:00:00,245.17529482228719,246.51872622005055,237.11473205952964,237.65211486816406,1951000,245.83204864501954,274.2192444610596,244.33828125,16.838456666550474,210.66136791689905,278.01519458310094,43.223356926870565
2017-10-24 19:00:00,237.7864647302853,243.75799420825305,237.7864647302853,242.95863342285156,1118375,245.7860543823242,274.00669067382813,243.26189804077148,16.15700546127948,210.94788711821252,275.57590896333045,49.40529176421441
2017-10-25 19:00:00,243.82515942864015,244.83945286374603,236.610951248567,237.80661010742188,926125,245.87944732666017,273.7623393249512,241.52507858276368,14.639481808537335,212.246114965689,270.80404219983836,47.088217029733826
2017-10-26 19:00:00,237.45059855882997,238.12232711221466,231.7410467860936,233.9509735107422,882750,245.8252557373047,273.4967301177978,239.5898681640625,12.743124200882237,214.10361976229802,265.07611656582696,51.53415672468723
2017-10-29 19:00:00,233.71586421764775,233.71586421764775,222.40422750931688,223.8954315185547,1118875,245.77886108398437,273.16979080200196,237.32245101928712,11.120144473575643,215.08216207213582,259.5627399664384,49.88549617680216
2017-10-30 19:00:00,224.4865055821306,231.0558640008814,221.66532286330454,223.70733642578125,984750,245.72896850585937,272.8261405944824,235.44582595825196,9.979954063484694,215.48591783128256,255.40573408522135,51.58875537128566
2017-10-31 19:00:00,225.68890862251544,233.66214604948055,225.09107916737582,230.1558074951172,1189000,245.9901629638672,272.5168112945557,234.44292602539062,9.409304101726471,215.62431782193767,253.26153422884357,53.12477634087113
2017-11-01 19:00:00,229.12136655930803,232.07689528495652,225.0239121194114,227.2002716064453,1165125,246.16149810791015,272.21533706665036,233.60039749145508,9.25689493087589,215.0866076297033,252.11418735320686,50.94450551275293
2017-11-02 19:00:00,227.03903832361584,238.55891980756203,227.03903832361584,238.39772033691406,1928000,246.3382406616211,271.94177360534667,233.34941482543945,9.04227908781172,215.264856649816,251.4339730010629,50.90539895949007
2017-11-05 19:00:00,237.21552363052814,237.78649936380924,231.74106989950872,232.36575317382812,887375,246.4542578125,271.6396999359131,233.40521163940429,9.032078574142135,215.34105449112002,251.46936878768855,50.63400833888146
2017-11-06 19:00:00,232.7486019626711,236.4094260985517,232.41272490991526,233.70242309570312,904625,246.52178619384765,271.3005948638916,233.88514785766603,8.762821706093103,216.3595044454798,251.41079126985224,51.00814006161935
2017-11-07 19:00:00,232.5000440358393,238.12229467336246,231.1364724127698,237.18861389160156,778250,246.6232748413086,270.9744007873535,234.69892807006835,8.234540840144584,218.22984638977917,251.16800975035753,46.38497487351439
2017-11-08 19:00:00,239.06268861717442,243.82513194270166,239.06268861717442,240.1844482421875,1260000,246.75472259521484,270.6563893127441,235.48415985107422,7.952736788557252,219.57868627395973,251.38963342818872,40.068178512701465
2017-11-09 19:00:00,240.38595233933128,240.74196970248846,229.05415079689936,230.2968292236328,1321500,246.60567321777344,270.2849477386475,235.72664794921874,7.700524889662867,220.325598169893,251.1276977285445,39.56639784397716
2017-11-12 19:00:00,228.3891627682217,230.33042342704996,225.02388389590712,229.0340118408203,1132625,246.41737854003907,269.83678649902345,235.34242630004883,7.8389002299073365,219.66462584023415,251.0202267598635,43.858282786323706
2017-11-13 19:00:00,229.3967756793802,231.94255388355353,221.32949891684984,222.7132110595703,2088750,245.99801635742188,269.3601224517822,234.91891021728514,8.29118791490308,218.336534387479,251.5012860470913,35.777645716520226
2017-11-14 19:00:00,222.33702269449287,226.80392089580428,222.33702269449287,225.8836669921875,747375,245.74882720947267,268.845368270874,234.62268295288087,8.511095885904885,217.6004911810711,251.64487472469062,41.38429572548018
2017-11-15 19:00:00,226.93831483399927,228.38249931047443,225.19858514449265,226.87115478515625,514125,245.62337951660157,268.3031859588623,233.79647827148438,8.416188383024195,216.964101505436,250.62885503753276,44.6627775601144
2017-11-16 19:00:00,228.03990548027156,228.03990548027156,219.1464145841613,220.6309051513672,1153625,245.15511352539062,267.79502838134766,232.0560676574707,7.218981611839449,217.61810443379179,246.4940308811496,47.3887818090568
2017-11-19 19:00:00,219.65019642988233,219.65019642988233,209.60136615854353,210.06484985351562,1641000,244.4377828979492,267.30969161987304,230.23303833007813,7.94037823841532,214.3522818532475,246.11379480690877,40.64142195068542
2017-11-20 19:00:00,208.86920929396086,212.59721950331266,202.2797097443868,211.44859313964844,2130625,243.72806823730468,266.8122373199463,228.92286224365233,8.770236693974244,211.38238885570385,246.4633356316008,36.208772419254686
2017-11-21 19:00:00,212.59720465113102,214.2093146375956,205.14119756522123,207.37799072265625,1334000,242.6900262451172,266.2802431488037,227.1438301086426,9.362027139943477,208.41977582875563,245.86788438852955,35.62309798962664
2017-11-22 19:00:00,208.15718676647236,210.24620735128923,197.01346312722504,197.953857421875,5001250,241.20431396484375,265.74659202575685,225.15119247436525,11.060244178642703,203.03070411707984,247.27168083165066,19.89199175500562
2017-11-23 19:00:00,195.46852763219343,206.81375710923157,193.45338051133714,204.85235595703125,3324750,240.12869323730467,265.2819100189209,223.69626159667968,11.735060300845653,200.22614099498838,247.16638219837097,29.778826463668196
2017-11-26 19:00:00,202.18566109404205,204.8590714414557,199.83466250222182,203.77090454101562,1499125,238.78241638183593,264.76771003723144,222.69003524780274,12.551476157386956,197.58708293302882,247.79298756257666,27.918772811882846
2017-11-27 19:00:00,203.36116698693098,205.88009146524618,193.62804680003777,196.5096893310547,1343750,237.09296173095703,264.2112985229492,221.3301528930664,13.842424360066326,193.64530417293375,249.01500161319908,21.573461708739558
2017-11-28 19:00:00,200.8489360332629,203.79776394061886,189.42310710966166,194.8505401611328,3309500,235.4043719482422,263.65691780090333,219.56488952636718,14.870663715271656,189.82356209582386,249.3062169569105,17.71745817671082
2017-11-29 19:00:00,196.74478170767247,197.00674685571744,190.43067470536712,193.39964294433594,1050375,233.84143280029298,263.0945237731934,217.8748580932617,15.845957630979658,186.1829428313024,249.56677335522102,20.137062836191973
2017-12-03 19:00:00,194.12509761805302,199.83466195044812,190.76653187098665,198.7800750732422,1564625,232.3446630859375,262.5590979766846,215.89397583007812,15.62005806430175,184.65385970147463,247.1340919586816,27.04388971556368
2017-12-04 19:00:00,199.83465971819862,199.83465971819862,193.4533797452899,194.87741088867188,654250,230.7199560546875,262.01923652648924,214.01955871582032,15.78781313382138,182.44393244817758,245.59518498346307,28.074117716911246
2017-12-05 19:00:00,196.81194874145143,199.1495204563769,194.86398725957713,196.435791015625,804500,229.08062255859375,261.50508171081543,212.1562271118164,15.539727475813903,181.0767721601886,243.23568206344422,26.199874604810304
2017-12-06 19:00:00,194.79680997275187,194.79680997275187,186.61534118652344,186.61534118652344,1278375,227.52320343017578,260.9467073059082,209.6275634765625,15.365739643046052,178.8960841904704,240.3590427626546,21.529705116851872
2017-12-07 19:00:00,183.37767740205757,188.0796743864841,177.2852421455539,178.43386840820312,1467000,225.64102081298827,260.3085935974121,206.54003448486327,15.104338590244186,176.3313573043749,236.74871166535164,20.954340939220614
2017-12-10 19:00:00,178.43387942271588,178.43387942271588,169.51353454589844,169.51353454589844,1778375,223.57818786621092,259.6477852630615,203.50086975097656,16.151463672637636,171.1979424057013,235.80379709625183,21.44009027162086
2017-12-11 19:00:00,169.936709124064,169.95014881937308,161.04323097662714,164.6973419189453,2694875,221.4872592163086,259.02723068237304,200.2840362548828,17.173017190381053,165.9380018741207,234.63007063564493,18.5920705662282
2017-12-12 19:00:00,165.57728888827234,170.95100177462916,159.5318731015435,168.0357666015625,2561750,219.62317779541016,258.40261627197265,197.55016403198243,17.75674776942469,162.03666849313305,233.06365957083182,23.30692667493514
2017-12-13 19:00:00,168.06935375427213,168.60001034256797,159.6393590025042,159.7333984375,1680250,217.81356964111328,257.7474432373047,194.24265060424804,18.352207961429492,157.53823468138904,230.94706652710704,23.66718852566214
2017-12-14 19:00:00,158.86014426868377,167.03489908501595,155.16572737412088,159.525146484375,1882000,216.12305572509766,257.08103454589843,190.87535018920897,18.22834514771305,154.4186598937829,227.33204048463506,15.599536040903999
2017-12-17 19:00:00,159.3639389445758,159.53186466078392,153.29164408863232,154.7559814453125,535375,214.34982788085938,256.3931224060059,187.58160400390625,18.51801290684928,150.5455781902077,224.6176298176048,14.772640536924527
2017-12-18 19:00:00,153.82228784978454,154.19173208190273,147.0245575393031,147.42758178710938,1669250,212.67338317871094,255.67701431274415,184.44974060058593,19.769856143898444,144.91002831278905,223.9894528883828,14.758388089671925
2017-12-19 19:00:00,147.10520005689625,150.4637663267428,141.12695619638174,143.41749572753906,2078375,211.05965911865235,254.94418815612792,181.04818572998047,20.71027280970934,139.6276401105618,222.46873134939915,14.276415105937673
2017-12-20 19:00:00,144.42504064006584,149.12032437148335,139.24613287038804,147.72315979003906,1679875,209.59586212158203,254.16040603637694,178.0654441833496,21.01222248004163,136.04099922326634,220.08988914343286,19.484841985425078
2017-12-21 19:00:00,147.84406249850818,155.10527728297666,144.48549682469903,154.96421813964844,2707750,208.2055502319336,253.33948738098144,175.91596221923828,21.069394849001597,133.7771725212351,218.05475191724148,21.437944044742565
2017-12-25 19:00:00,155.5016173421604,159.7669980864749,153.49990956970186,154.68212890625,1634250,206.79025146484375,252.51079078674317,173.4074508666992,20.419516976165582,132.56841691436804,214.24648481903037,22.500002087890152
2017-12-26 19:00:00,155.76355033067094,157.69808483955802,152.64680954162193,154.3999786376953,1532500,205.1438821411133,251.74000350952147,170.93890457153321,19.520093645341024,131.89871728085117,209.97909186221526,20.72963958957773
2017-12-27 19:00:00,155.16575042203863,162.11798095703125,152.8147516799644,162.11798095703125,3157250,203.76257110595702,250.9936524963379,169.21931915283204,18.64410622617586,131.9311067004803,206.50753160518377,32.42749336211847
2017-12-28 19:00:00,162.89042595251948,164.56970869429801,156.50914640899674,157.261474609375,2361875,202.27163635253908,250.22991470336913,167.33986587524413,17.799815057853596,131.74023575953694,202.93949599095131,34.05181470067771
2017-12-31 19:00:00,156.5091639955157,162.0843828122166,154.0574124544515,161.0835418701172,1171875,200.62540222167968,249.54008720397948,165.72406082153321,16.74522397819187,132.23361286514947,199.21450877791696,43.121790086537246
2018-01-01 19:00:00,160.54615622782504,166.22885407505626,157.2144698164759,162.79640197753906,2301500,198.77254791259764,248.85394119262696,163.92487716674805,14.830228495136316,134.26442017647543,193.58533415702067,48.36624706834589
2018-01-02 19:00:00,163.22629157666282,167.8275359140161,161.88287295351003,164.8787078857422,2321375,197.13961334228514,248.20321495056152,162.42494201660156,12.930242410887278,136.564457194827,188.2854268383761,47.226805469587084
2018-01-03 19:00:00,165.61087842444167,166.43708015012658,162.70235675092903,163.30018615722656,787625,195.65257476806642,247.5327847290039,160.76816177368164,10.17158579595904,140.42499018176358,181.1113333655997,53.55278064783041
2018-01-04 19:00:00,162.9240145478233,168.5328258628528,162.2187188340021,167.10208129882812,1538250,194.13544372558593,246.88311264038086,159.79249877929686,8.331188965080509,143.13012084913584,176.4548767094579,57.04296908685726
2018-01-07 19:00:00,167.59242631669625,172.61683495464905,167.59242631669625,170.70245361328125,1414375,192.79336059570312,246.24695541381837,159.4059280395508,7.564818834464868,144.27629037062104,174.53556570848053,65.1519123223862
2018-01-08 19:00:00,172.2810041897583,172.29443107392805,168.27087561615548,171.09207153320312,1276125,191.53618255615234,245.61729934692383,159.484854888916,7.683135487557942,144.1185839138001,174.8511258640319,75.9006497892043
2018-01-09 19:00:00,172.5563715101994,179.64294671524607,171.28683929487684,179.55563354492188,2171250,190.64938659667968,245.0231314086914,160.22776947021484,8.844292065928027,142.53918533835878,177.9163536020709,86.03962496313635
2018-01-10 19:00:00,179.64967502215794,179.64967502215794,174.7125796156382,176.58665466308594,1534500,189.70697296142578,244.37917991638184,160.65531387329102,9.42896143753435,141.7973909982223,179.51323674835973,79.57326034127166
2018-01-11 19:00:00,175.38428643060647,175.65296499603608,167.76034155937975,168.46563720703125,908125,188.47316955566407,243.70907402038574,161.09192581176757,9.58491024813182,141.92210531550393,180.2617463080312,63.58839925364539
2018-01-14 19:00:00,166.95430616091295,167.92829333712717,160.546159309814,162.54786682128906,779250,187.18012145996093,242.99766708374023,161.2430618286133,9.582735873710899,142.0775900811915,180.4085335760351,57.109869481802896
2018-01-15 19:00:00,160.87530131911404,167.15581555815535,160.87530131911404,164.84512329101562,700875,185.70906951904297,242.3147703552246,161.74751892089844,9.488360751887434,142.77079741712356,180.72424042467333,59.10955074047961
2018-01-16 19:00:00,165.91315848056263,168.60000860410406,163.56215981799684,167.5252685546875,839500,184.41225982666015,241.65071823120118,162.75240325927734,8.94037779151686,144.8716476762436,180.63315884231108,55.170195146518914
2018-01-17 19:00:00,169.94345038518668,172.2944493676676,160.20361576049973,162.2254638671875,2421375,182.98272064208984,240.9627734375,163.69280166625975,7.703139410009845,148.28652284624008,179.09908048627943,54.70643652791947
2018-01-18 19:00:00,162.5546008441648,162.88373887990213,155.83746878964416,160.05581665039062,1857375,181.44006469726563,240.2822250366211,164.30943450927734,6.797918627747509,150.71359725378232,177.90527176477235,48.994078244830604
2018-01-21 19:00:00,161.20444785564723,164.3950879853767,157.95334831317106,159.36395263671875,1254375,179.82365478515624,239.59831649780273,164.52942123413087,6.5461081024668,151.43720502919726,177.62163743906447,46.571853627328736
2018-01-22 19:00:00,159.9349016355252,163.5621588906753,157.9264806991181,160.72080993652344,1839875,178.43213439941405,238.92623985290527,164.83135528564452,6.1980139641268,152.43532735739092,177.22738321389812,45.786253970315805
2018-01-23 19:00:00,160.539455753361,168.7545054993986,160.539455753361,168.22386169433594,2920750,177.21593139648436,238.30461151123046,165.52254943847657,5.726359451161219,154.06983053615414,176.975268340799,54.45486022906749
2018-01-25 19:00:00,167.18941331805422,175.31714979445607,164.91231364078945,173.48336791992188,1790125,176.2313345336914,237.70997360229492,166.0908187866211,5.930996197600289,154.2288263914205,177.9528111818217,55.625307021531995
2018-01-28 19:00:00,173.63114629518225,176.45905560798585,171.62271250832967,174.61184692382812,1026750,175.20589813232422,237.07020278930665,166.95833740234374,5.839774837788763,155.2787877267662,178.63788707792128,53.60328963357006
2018-01-29 19:00:00,174.88051540624195,175.65298398172166,171.62270256937904,172.20709228515625,755500,174.11261688232423,236.3911895751953,167.5145149230957,5.780211112279812,155.95409269853607,179.07493714765533,50.990905915331616
2018-01-30 19:00:00,172.54296904599488,176.98971477330343,171.3540363916179,174.09461975097656,1561125,173.1818911743164,235.7046559906006,168.07942581176758,5.846549468586793,156.386326874594,179.77252474894115,44.504547387881516
2018-01-31 19:00:00,174.6454083763827,176.99640682075463,173.30197703333852,176.05599975585938,916125,172.50171417236328,235.00889274597168,168.63829040527344,6.054990186658664,156.5283100319561,180.74827077859078,49.45494542558203
2018-02-01 19:00:00,176.98970688731868,184.04940338857963,176.64712917819568,179.11903381347656,2346875,171.85512298583984,234.36533004760742,169.42923278808593,6.347125521870138,156.73498174434565,182.1234838318262,62.21129437296218
2018-02-06 19:00:00,178.50778652231304,180.01913096006243,175.51865204546525,176.17694091796875,761750,171.2311019897461,233.73186721801758,169.88297576904296,6.49466308235954,156.89364960432388,182.87230193376203,66.76582560515547
2018-02-07 19:00:00,176.18364628897672,177.32555917953016,172.63700160526471,173.67816162109375,475875,170.74558807373046,233.16030807495116,170.0317611694336,6.548288134358146,156.9351849007173,183.12833743814988,60.812366638973394
2018-02-08 19:00:00,171.95856917225788,174.5782463606435,170.6151377458536,173.6647186279297,539125,170.12183532714843,232.65869148254396,170.16039352416993,6.595312005288564,156.9697695135928,183.35101753474706,58.040092255590025
2018-02-11 19:00:00,173.97372247078815,181.22822477822763,173.97372247078815,178.58839416503906,1370875,169.61818511962892,232.177998046875,170.11203155517578,6.52597462230745,157.0600823105609,183.16398079979066,71.6417446576811
2018-02-12 19:00:00,182.03427118556624,182.16861689409535,176.42545956763925,176.96282958984375,591375,169.2272479248047,231.67172393798828,170.13084030151367,6.5461284845663466,157.03858333238097,183.22309727064638,72.68788044582189
2018-02-14 19:00:00,174.2356972249479,174.2356972249479,168.29775958273893,168.93588256835938,549250,168.70895477294923,231.0870767211914,170.15435256958008,6.540674883477546,157.07300280262498,183.23570233653518,60.732043972046654
2018-02-15 19:00:00,168.59999932971425,172.63028069928373,167.92157019128592,172.00558471679688,490750,168.28107360839843,230.50722045898436,170.62723846435546,6.299223612687347,158.02879123898077,183.22568568973014,62.18449293981851
2018-02-18 19:00:00,174.71257940140282,176.9292321259549,172.6369858133263,175.8544921875,839750,167.8225619506836,229.95564880371094,171.17770690917968,6.248179354877142,158.6813481994254,183.67406561893395,58.944843935966716
2018-02-19 19:00:00,175.98884538806783,177.31883707951837,172.8317854737976,174.90737915039062,736625,167.42316131591798,229.4049171447754,171.54681243896485,6.239097990704673,159.0686164575555,184.0250084203742,51.85701516510649
2018-02-20 19:00:00,178.00400319136355,178.6757189733362,174.6454370934133,174.9544219970703,414000,166.99353393554688,228.8761957550049,172.183260345459,5.876910555927184,160.42943923360463,183.93708145731335,50.459709345587335
2018-02-21 19:00:00,172.63027320844344,176.6538281499951,171.3540147208789,175.867919921875,532500,166.77858551025392,228.3704517364502,172.9738655090332,5.182075235029575,162.60971503897406,183.33801597909235,55.11736083797114
2018-02-22 19:00:00,175.988856080584,176.6605590026415,169.94342728677054,171.43463134765625,889250,166.63860076904297,227.8691329193115,173.57739944458007,4.104417519242728,165.3685644060946,181.78623448306553,46.52874160137667
2018-02-25 19:00:00,172.79821996137827,173.30199716460697,165.91316235528762,166.64532470703125,643000,166.58123657226562,227.3321555328369,173.87362518310547,3.2532202094965896,167.3671847641123,180.38006560209865,38.56328728023654
2018-02-26 19:00:00,166.58487291254923,167.59245298891815,162.55460385472517,165.69821166992188,545625,166.60125396728515,226.77203254699708,173.74734268188476,3.521991109468156,166.70336046294844,180.79132490082108,32.80548975050819
2018-02-27 19:00:00,165.9131452102079,169.27171079898204,164.90556528404684,166.26914978027344,678625,166.56592163085938,226.1686082458496,173.38663177490236,3.8996318676369968,165.58736803962836,181.18589551017635,36.48519321317619
2018-02-28 19:00:00,167.12223609885442,170.24570345850535,165.9198765604689,167.73350524902344,684750,166.72592376708985,225.5585829925537,173.0427146911621,4.084802085686679,164.87311051978875,181.21231886253545,41.655661223988
2018-03-01 19:00:00,167.93499749903899,171.2129634460731,167.25656835889487,168.92242431640625,756375,166.91386932373047,224.9618924713135,172.87848129272462,4.184970787101786,164.50853971852104,181.2484228669282,43.55602995164394
2018-03-04 19:00:00,170.60172230281623,174.98128239780542,170.60172230281623,173.81922912597656,1146125,167.29513427734375,224.38754150390625,172.8647117614746,4.181210168721133,164.50229142403234,181.22713209891688,43.51478134858486
2018-03-05 19:00:00,176.96282972760795,178.54135977427404,174.6521373491385,175.50521850585938,943250,167.85668701171875,223.7756951904297,172.8371726989746,4.160849102552913,164.51547449386877,181.15887090408043,48.02115933887009
2018-03-06 19:00:00,175.98886539844835,176.6605683560697,173.98043153208704,174.47079467773438,513875,168.47775299072265,223.17926391601563,172.6047607421875,3.913991603576843,164.7767775350338,180.4327439493412,59.27512396288478
2018-03-07 19:00:00,173.30872087556452,175.98885758048732,171.2935736564815,173.43634033203125,682125,168.9920166015625,222.55004562377928,172.4677307128906,3.829406880087347,164.80891695271592,180.1265444730653,52.573102047043925
2018-03-08 19:00:00,174.98128551869985,175.9888655799966,169.97702929493022,171.1189422607422,476625,169.31511108398436,221.92494483947755,172.33976974487305,3.829589720572241,164.68059030372856,179.99894918601754,40.98699346507728
2018-03-11 19:00:00,170.608429775433,173.8326499279072,169.67474887583234,172.25411987304688,277375,169.6665509033203,221.31960777282714,172.2692398071289,3.8168721559730474,164.63549549518282,179.902984119075,44.98603804617999
2018-03-12 19:00:00,173.23482214356844,174.84693211596942,171.75704505993414,173.35572814941406,277750,170.04566589355468,220.72614624023439,172.00760650634766,3.5294360178890063,164.94873447056963,179.06647854212568,47.09468640293715
2018-03-13 19:00:00,173.4363294053412,173.7721936599846,171.9585651206442,172.65042114257812,102375,170.25631469726562,220.13978149414064,171.79198608398437,3.3372742186716953,165.11743764664098,178.46653452132776,44.10824234715832
2018-03-14 19:00:00,172.66387476666083,173.63786196583314,171.42120895401027,172.54296875,285625,170.56194458007812,219.54680877685547,171.97234039306642,3.2716218345534402,165.42909672395953,178.5155840621733,52.41160502746406
2018-03-15 19:00:00,172.3011390803265,173.9737085643875,171.28685844527536,171.60256958007812,272875,170.77232513427734,218.93745468139647,171.95218963623046,3.2726472734121343,165.4068950894062,178.49748418305472,62.95649926698497
2018-03-18 19:00:00,171.9585794714788,173.63114900702695,171.7906537360985,172.6370086669922,347000,170.96913726806642,218.30753898620605,171.79131546020508,3.1474098393530747,165.49649578149894,178.08613513891123,68.05317245874981
2018-03-19 19:00:00,173.16766873263927,175.68659324951793,171.3204471707315,171.66302490234375,839750,171.10482360839845,217.66460456848145,171.62909774780275,3.0607695889989386,165.50755856980487,177.75063692580062,63.74536012001279
2018-03-20 19:00:00,172.28771473967987,172.95943048235094,170.61514523093047,171.08534240722656,346125,171.26052673339845,216.98051040649415,171.43564376831054,2.960150233793096,165.51534330072434,177.35594423589674,58.94584745804127
2018-03-21 19:00:00,170.95100026595978,172.2608388468018,168.9358531468931,169.298583984375,342500,171.3044567871094,216.31486618041993,171.10717697143554,2.802737783813939,165.50170140380766,176.7126525390634,50.972899930067385
2018-03-25 19:00:00,169.6142940837523,170.61514786528414,168.60672686014462,170.1852569580078,155875,171.2941128540039,215.68836341857912,171.04470825195312,2.808971584948588,165.42676508205594,176.6626514218503,38.1411296988625
2018-03-26 19:00:00,170.11136143505075,172.294421499171,169.95686259229768,170.50094604492188,368375,171.28229034423828,215.0610964202881,171.23748931884765,2.616887634127437,166.00371405059278,176.47126458710252,32.06539927946609
2018-03-27 19:00:00,170.60842413888554,171.28685329310807,169.6411504379528,170.2255401611328,203000,171.0956884765625,214.48758270263673,171.4638557434082,2.2876041933806417,166.8886473566469,176.0390641301695,33.91026152613006
2018-03-28 19:00:00,170.61513348414468,171.82421917532508,169.9568574826522,170.28599548339844,376500,170.96967529296876,213.90279075622558,171.66469802856446,1.9604666233542103,167.74376478185604,175.58563127527287,37.108225194724426
2018-03-29 19:00:00,169.9434249568086,171.28685640632887,166.5915853986248,167.7872314453125,381875,170.95610717773437,213.25644538879394,171.6673843383789,1.954825128180378,167.75773408201815,175.57703459473964,36.56546066920738
2018-04-01 19:00:00,167.92827742244532,170.48078160202573,167.32373459877164,168.33802795410156,243875,171.07191040039064,212.62958099365235,171.63816452026367,2.0018178161154743,167.63452888803272,175.64180015249462,33.428038252177686
2018-04-02 19:00:00,169.2582710772959,169.2582710772959,167.25656373181042,167.7267608642578,255625,171.12954315185547,211.9916432952881,171.33354110717772,2.112921948882817,167.1076972094121,175.55938500494335,25.14820803018054
2018-04-03 19:00:00,167.72676897638263,176.10975646972656,167.72676897638263,176.10975646972656,2047500,171.30123291015624,211.4115560913086,171.3637680053711,2.179031794200947,167.0057044169692,175.721831593773,59.102190923946
2018-04-04 19:00:00,179.68328314805663,184.04941643786987,178.31971128048298,180.19378662109375,2803125,171.66059936523436,210.90352188110353,171.64991760253906,2.873594794482686,165.9027280135737,177.39710719150443,66.64716655134816
2018-04-05 19:00:00,182.0342903915181,182.0342903915181,177.06361395870562,177.7957763671875,499500,172.01539855957031,210.45393615722656,171.86788940429688,3.1666305642135244,165.53462827586984,178.20115053272391,62.67180768029972
2018-04-08 19:00:00,178.00397186205518,182.02081333835736,176.72771338212434,178.0375518798828,557750,172.3888705444336,210.04221382141114,172.2138198852539,3.4460800671864127,165.32165975088108,179.10598001962674,61.42039763751071
2018-04-09 19:00:00,177.40615656956712,186.2593412780954,177.3524234120133,185.19131469726562,1692875,172.87828063964844,209.68912399291992,172.86067962646484,4.5054299740513475,163.84981967836214,181.87153957456755,72.68015655777545
2018-04-10 19:00:00,185.96380877070035,186.13173452000092,181.36257661791493,181.61782836914062,856625,173.14615997314453,209.28695587158202,173.27378463745117,4.913507439646488,163.44676975815818,183.10079951674416,66.04589835895305
2018-04-11 19:00:00,181.9671085437884,183.91507017913767,179.41459118612886,180.01242065429688,486875,173.27674102783203,208.88233657836915,173.64188461303712,5.135117655137717,163.37164930276168,183.91211992331256,66.41287182129201
2018-04-12 19:00:00,179.68999005467626,182.70599106363034,179.02500056261255,179.69671630859375,486000,173.37843841552734,208.494383392334,173.99957199096679,5.301011814495112,163.39754836197656,184.601595619957,64.83034898997373
2018-04-15 19:00:00,179.6832872366629,180.616968207089,171.95858773092726,172.6907501220703,818500,173.38811157226561,208.13570236206056,174.0539810180664,5.280659778220582,163.49266146162523,184.61530057450756,52.82498298250456
2018-04-16 19:00:00,172.02574938193064,173.2348351550221,168.2641463518878,170.26585388183594,468875,173.3115362548828,207.75064422607423,173.9354232788086,5.340426574617784,163.25457012957304,184.61627642804416,50.04927446061065
2018-04-17 19:00:00,170.6151449859273,172.56311935568488,169.9434292442208,170.17852783203125,291125,173.19398681640624,207.3297156524658,173.86119842529297,5.383812220164501,163.09357398496397,184.62882286562197,49.86873118241091
2018-04-18 19:00:00,171.62944509623375,172.29443460983074,167.92830133743985,170.20541381835938,242750,173.0157144165039,206.90793182373048,173.81720199584962,5.411216018414855,162.9947699590199,184.63963403267934,53.14357396021527
2018-04-19 19:00:00,169.9434238589325,171.15250959330737,167.25657378916154,169.0567626953125,158500,172.8733108520508,206.4909954071045,173.80511093139648,5.422103237697399,162.96090445600169,184.64931740679128,50.920035455244005
2018-04-22 19:00:00,169.23810814511555,170.54794659880304,168.7746244808427,169.8359375,186500,172.79646636962892,206.1410361480713,173.7876449584961,5.434924880226436,162.91779519804322,184.65749471894895,52.688351055739915
2018-04-23 19:00:00,169.94344029038228,173.70504356367434,169.94344029038228,171.95858764648438,399000,172.76234375,205.76873069763184,173.86052703857422,5.3981799348463975,163.06416716888143,184.656886908267,43.70419328576262
2018-04-24 19:00:00,172.29441979474785,172.29441979474785,169.2717183177346,169.3993377685547,398625,172.5785626220703,205.44294929504395,173.8192169189453,5.430525491460662,162.958165936024,184.6802679018666,32.834864811745845
2018-04-25 19:00:00,169.60756105486738,169.60756105486738,167.80065882788102,168.35145568847656,341375,172.40633514404297,205.1474610900879,173.7224899291992,5.513367354389827,162.69575522041956,184.74922463797887,34.30801612239962
2018-04-26 19:00:00,169.07022199960727,176.76805506855487,167.59245749281902,172.6168670654297,1714375,172.47995483398438,204.8443325805664,173.96397171020507,5.342855592381325,163.27826052544242,184.64968289496773,42.05561538846867
2018-04-29 19:00:00,174.6454457625435,174.6454457625435,168.93588055023147,170.36663818359375,571625,172.4471759033203,204.47337112426757,174.06540222167968,5.24885859332369,163.5676850350323,184.56311940832705,24.626507836519025
2018-05-01 19:00:00,170.01059193621074,170.6218482279765,165.3086076491781,167.2162628173828,232750,172.27441131591797,204.14779273986815,174.03987731933594,5.282439229381832,163.47499886057227,184.60475577809962,24.9884326062173
2018-05-02 19:00:00,166.58486034264246,167.52526748883278,163.97862278594064,165.5302734375,227250,172.08686920166016,203.86330581665038,173.51090316772462,5.585280492872589,162.34034218197945,184.6814641534698,24.91868608123464
2018-05-03 19:00:00,165.24144991956092,166.55128861090083,163.22630263049658,164.93917846679688,163750,171.8865643310547,203.589390335083,172.74817276000977,5.665640601571383,161.416891556867,184.07945396315253,24.68323614809293
2018-05-06 19:00:00,164.5697254977538,165.7452184122587,162.89044258451142,163.80397033691406,258375,171.64528533935547,203.28733100891114,172.0485824584961,5.869735527566606,160.3091114033629,183.7880535136293,30.90919341896165
2018-05-07 19:00:00,163.56215223668605,163.56215223668605,160.74095653475547,161.8560028076172,382125,171.45371276855468,202.96223587036133,171.2395050048828,6.111037928889778,159.01742914710326,183.46158086266234,31.5558036431394
2018-05-08 19:00:00,161.3790947272802,161.3790947272802,156.03897424205525,158.41683959960938,268375,171.28914306640624,202.5633631134033,169.90078125,5.819545267836729,158.26169071432653,181.53987178567345,27.5110546271886
2018-05-09 19:00:00,156.97937685320892,161.27833713415095,156.97937685320892,158.29592895507812,160375,171.1410974121094,202.17507011413574,168.73468627929688,5.68313705690795,157.36841216548098,180.10096039311279,27.31004393217374
2018-05-10 19:00:00,158.18845466434814,159.79385137681732,154.76272859307977,155.15231323242188,366875,170.91876068115235,201.78729133605958,167.49168090820314,5.8040603176362975,155.88356027293054,179.09980154347573,25.380700785555035
2018-05-13 19:00:00,153.82229943981238,153.82229943981238,147.40072631835938,147.40072631835938,1067750,170.51210510253907,201.3396395111084,165.87688140869142,6.65933150579865,152.55821839709412,179.1955444202887,18.14206040015428
2018-05-14 19:00:00,147.09176009432574,147.09176009432574,140.3813415939292,144.0623321533203,1935000,170.01490325927733,200.85873352050783,164.4454605102539,8.049366312359718,148.34672788553445,180.54419313497334,11.709452369532755
2018-05-15 19:00:00,144.41162610314763,144.41162610314763,140.75750205373834,142.08749389648438,485750,169.3802685546875,200.33423522949218,163.03654251098632,9.339656130573227,144.35723024983986,181.7158547721328,11.900373991319654
2018-05-16 19:00:00,141.05306921293607,141.0597826556124,134.9874993787072,135.05467224121094,491375,168.57125762939452,199.7859552001953,161.2803497314453,11.068321804995827,139.14370612145365,183.41699334143698,10.197598582234008
2018-05-17 19:00:00,132.9991958667668,133.67091156546994,129.0495270324976,132.56259155273438,867500,167.73309356689452,199.25108085632326,159.39820861816406,12.569493073664859,134.25922247083435,184.53719476549378,0.0
2018-05-20 19:00:00,131.8640271604813,135.1151141589444,130.98407934771527,132.30735778808594,874375,166.91051391601562,198.68962493896484,157.56073837280275,13.71697289038161,130.12679259203952,184.99468415356597,0.0
2018-05-21 19:00:00,132.32748981167308,138.91698875651997,131.99162556440743,138.2587127685547,1086750,166.2533093261719,198.128364944458,155.98187713623048,14.043135020660419,127.89560709490965,184.0681471775513,14.565142216536003
2018-05-22 19:00:00,138.37291753937677,138.93044070830533,136.42494316910904,137.43251037597656,342875,165.55687713623047,197.5104830932617,154.25557327270508,14.097787080648985,126.05999911140711,182.45114743400305,14.878211507966341
2018-05-23 19:00:00,137.16379971326106,137.23097255294323,133.3350375347411,134.06719970703125,335375,164.77110656738282,196.85766204833985,152.4889663696289,14.312348801272499,123.86426876708391,181.11366397217392,13.913263096613193
2018-05-24 19:00:00,135.01433490202027,135.01433490202027,127.3702365872205,127.62548828125,1406250,163.87060791015625,196.175535736084,150.4526679992676,14.824707310813439,120.80325337764071,180.10208262089446,12.377719292845015
2018-05-27 19:00:00,126.95377824876495,134.00677375875313,125.64393970300017,130.55416870117188,1544250,163.03083190917968,195.5293325805664,148.3495330810547,14.494830320827662,119.35987243939937,177.33919372271,18.09965474675778
2018-05-28 19:00:00,131.05124457413942,137.07650756835938,130.37952882346013,137.07650756835938,1461875,162.3403106689453,194.95298973083496,146.68502655029297,13.724389664996787,119.2362472202994,174.13380588028656,29.537540454968436
2018-05-29 19:00:00,139.7499244198286,143.927978515625,139.46107987006508,143.927978515625,1326750,161.76613006591796,194.42139564514162,145.52061233520507,12.85090822877009,119.8187958776649,171.22242879274526,37.798051768652584
2018-05-30 19:00:00,145.76176396172465,151.1220245361328,145.76176396172465,151.1220245361328,1955750,161.35531005859374,193.9060095977783,144.80019989013672,12.048979872034051,120.70224014606862,168.89815963420483,46.79760024617337
2018-05-31 19:00:00,154.8298857788001,158.67208862304688,150.53092544571481,158.67208862304688,1495125,161.10704498291017,193.46304878234864,144.48684539794922,11.5696231602383,121.34759907747262,167.6260917184258,58.98480945898476
2018-06-03 19:00:00,160.20360309349118,161.80899981725247,155.24635376312656,157.966796875,1964500,160.88040924072266,193.02659103393555,144.19498672485352,11.121627975169453,121.95173077451462,166.43824267519244,61.56942099507054
2018-06-04 19:00:00,157.17417281908115,161.61419235696496,155.17917867005377,160.03567504882812,995375,160.67741760253907,192.66108459472656,144.10397033691407,10.975982884623853,122.15200456766637,166.05593610616177,64.9107221632344
2018-06-05 19:00:00,159.87444114486053,165.58399232449085,157.92646697813615,164.26072692871094,1519500,160.55261322021485,192.29908546447754,144.39616470336915,11.444835342223932,121.50649401892129,167.28583538781703,75.45069470410121
2018-06-06 19:00:00,164.23386802162662,167.12222376455563,158.53101720501974,159.32363891601562,1290625,160.3345751953125,191.96462783813476,144.44755020141602,11.512634009574212,121.4222821822676,167.47281822056445,72.3669584460516
2018-06-10 19:00:00,158.02052383712194,159.53188106219892,151.36385141669206,151.67283630371094,1267000,159.96231201171875,191.59198219299316,144.27357635498046,11.367732645877524,121.53811106322541,167.0090416467355,64.40491707788354
2018-06-11 19:00:00,150.46377850883087,151.53851877724352,144.08922320987224,144.30416870117188,799250,159.49265075683593,191.22802261352538,144.1187484741211,11.343961992826605,121.43082448846789,166.80667245977432,54.40402320711641
2018-06-12 19:00:00,144.7407473051751,151.51832519275922,143.07489136544052,150.77944946289062,1134000,159.14147918701173,190.88875228881835,144.4546043395996,11.441222265889483,121.57215980782064,167.33704887137856,58.98364138272722
2018-06-13 19:00:00,152.46544936867141,153.08343191937232,149.19420963185462,150.6249542236328,641125,158.79944305419923,190.4940740966797,144.88147735595703,11.507332596428817,121.8668121630994,167.89614254881468,61.64827174151768
2018-06-18 19:00:00,151.1354497164011,154.15816383549344,150.0069766116257,153.02296447753906,692375,158.33770721435548,190.12636444091797,145.77989196777344,11.400669656474314,122.97855265482481,168.58123128072208,68.94481057909726
2018-06-19 19:00:00,152.1497333809517,154.49401843462888,145.560234402842,147.23951721191406,1485000,157.67862182617188,189.71093200683595,146.51373825073242,10.96931838777868,124.57510147517506,168.4523750262898,61.93772940880297
2018-06-20 19:00:00,145.76175703660348,147.77017789759748,142.745756212404,144.0891876220703,755500,157.00449005126953,189.2708070373535,147.10282974243165,10.471288052641286,126.16025363714908,168.04540584771422,55.27166722757629
2018-06-21 19:00:00,143.74662291522938,146.68872490018285,141.74491531489687,142.63157653808594,485625,156.2963705444336,188.81590461730957,147.32147293090821,10.321482960155404,126.6785070105974,167.96443885121903,48.939445497302586
2018-06-24 19:00:00,142.73904157597667,143.07489301962622,137.78179278395353,138.9169921875,610625,155.37088409423828,188.32174308776857,147.39569702148438,10.251728304303343,126.8922404128777,167.89915363009106,39.41263316786981
2018-06-25 19:00:00,139.1117912730059,145.76176292645977,139.1117912730059,143.5854034423828,709750,154.61023559570313,187.84742637634278,147.87160720825196,9.811916540239856,128.24777412777223,167.4954402887317,36.224205592293636
2018-06-26 19:00:00,143.73318684589336,147.60225608382223,143.24283654640246,146.38644409179688,524875,153.93771606445313,187.3609519958496,148.8096549987793,8.595905152393456,131.6178446939924,166.00146530356622,39.81565576049581
2018-06-27 19:00:00,145.09675087487855,149.7248615791818,143.00100408182547,146.42674255371094,944250,153.27231658935546,186.9013700866699,149.60328369140626,7.482332468145678,134.63861875511492,164.5679486276976,37.588779797713286
2018-06-28 19:00:00,145.09004010076777,146.50063153822907,143.74660870249966,144.62655639648438,321375,152.71103271484375,186.4587851715088,149.9807861328125,6.991416605114747,135.997952922583,163.963619343042,31.265195015991083
2018-07-01 19:00:00,145.0900256755422,147.03798691625713,140.05217765077967,142.3695831298828,457500,152.15310729980467,185.95041206359863,149.9028663635254,7.070661094943543,135.7615441736383,164.04418855341248,32.95051433821939
2018-07-02 19:00:00,140.48880780098335,144.35115062540618,140.4552149696907,141.90611267089844,312875,151.58765899658204,185.4302857208252,149.44207077026368,7.284105946896788,134.8738588764701,164.01028266405726,38.518599570213425
2018-07-03 19:00:00,140.38803878916488,140.5895573364072,134.8128204345703,134.8128204345703,1099750,150.87980712890624,184.86967819213868,148.24910736083984,7.638077366802346,132.97295262723514,163.52526209444454,38.769610415027465
2018-07-04 19:00:00,133.6776417380583,136.948894653432,132.36108956582638,134.56431579589844,516250,150.18995819091796,184.246099319458,147.07898330688477,7.860361971085553,131.35825936471366,162.79970724905587,27.49814191728727
2018-07-05 19:00:00,134.5642983428769,137.70119232054424,132.9991952628831,136.45852661132812,341125,149.52240997314453,183.5671945953369,145.90012588500977,7.577823111649379,130.744479661711,161.05577210830853,31.246639322042938
2018-07-08 19:00:00,137.02948169170276,137.130247377519,130.31235011062017,131.68936157226562,503625,148.71702545166016,182.9324744415283,144.2715576171875,6.8933000221982095,130.4849575727911,158.05815766158392,23.42701508905374
2018-07-09 19:00:00,129.04952833514918,134.2418757486007,127.69267004098101,132.67005920410156,344875,147.9824398803711,182.24040100097656,142.9388786315918,6.3880771637647,130.16272430406238,155.7150329591212,29.386017559873608
2018-07-10 19:00:00,131.66249825408076,137.29817650496474,131.31992053764486,133.33506774902344,622250,147.28211212158203,181.5021642303467,142.02199020385743,6.3845230058219125,129.2529441922136,154.79103621550126,33.63319777584154
2018-07-11 19:00:00,133.67091090257915,139.9984448230169,130.98406093300238,139.46107482910156,1171750,146.61899627685546,180.80306945800783,141.77983551025392,6.385253229021595,129.00932905221072,154.55034196829712,45.77512614719938
2018-07-12 19:00:00,139.5820050148444,141.39562088456154,135.3569181997553,136.34434509277344,846125,145.93855041503906,180.1270581817627,141.05808029174804,6.124973082858527,128.80813412603098,153.3080264574651,46.51629377180661
2018-07-15 19:00:00,137.02276831171827,137.02276831171827,130.6549278774674,131.7766876220703,441625,145.22975891113282,179.41784881591798,140.11566696166992,6.024716308739582,128.06623434419075,152.16509957914909,33.96567613440476
2018-07-16 19:00:00,131.64235807032932,135.68607977483154,130.6482304685172,134.5038604736328,657500,144.60923065185546,178.70980430603026,139.1897117614746,5.318256083656712,128.55319959416119,149.826223928788,33.832944348691896
2018-07-17 19:00:00,135.02105345315422,141.05975554413465,134.4097971773405,140.62313842773438,1142625,144.1229098510742,178.02090766906738,138.85889282226563,4.986611698826045,128.88566942461355,148.8321162199177,43.22457717848695
2018-07-18 19:00:00,141.73148026941638,147.64927673339844,139.2461359235684,147.64927673339844,2073250,143.7998159790039,177.43672256469728,139.03689727783203,5.240232931497764,128.5564314148365,149.51736314082754,53.14510871825909
2018-07-19 19:00:00,148.44860299077837,150.32939153866437,145.12361738919108,146.33941650390625,1850625,143.48948425292969,176.8057046508789,139.22228927612304,5.436032059823748,128.35022515647555,150.09435339577053,54.2136169890228
2018-07-22 19:00:00,146.43346414549728,146.6349827063226,141.23440314579295,144.11605834960938,2459250,143.20346862792968,176.16300903320314,139.48224258422852,5.54390467344944,128.39443323732962,150.5700519311274,52.261180377030456
2018-07-23 19:00:00,144.7541874538486,151.1354678895037,144.7541874538486,150.49734497070312,1308375,143.04749694824218,175.56927688598634,139.82783966064454,6.009074306105667,127.80969104843321,151.8459882728559,66.28543254504038
2018-07-25 19:00:00,154.15814839902927,155.30006108390762,144.41830415671927,146.76930236816406,1694000,142.87983673095704,174.99692420959474,139.84698257446288,6.0316349783203425,127.7837126178222,151.91025253110357,61.81860950860037
2018-07-26 19:00:00,147.10516111480663,152.4788734111651,144.51906423419396,148.99267578125,1304375,142.91167572021484,174.49081855773926,139.97527923583985,6.203789384867089,127.56770046610568,152.38285800557404,62.060468101875266
2018-07-29 19:00:00,151.13545520521464,156.44199511547072,150.86676380179907,155.86431884765625,2219000,143.14771545410156,174.04988594055175,140.53716735839845,7.092493760898512,126.35217983660142,154.72215488019546,72.35678971440635
2018-07-30 19:00:00,155.16574214724076,159.76026025302798,152.47889207611908,154.54104614257812,4039125,143.39678649902345,173.60550430297852,141.1457405090332,7.74973525886787,125.64626999129746,156.64521102676895,70.09874816903209
2018-07-31 19:00:00,155.83746345314128,158.86016508701852,152.64682327412183,158.20188903808594,2021000,143.85973083496094,173.24026466369628,141.96052932739258,8.639462567100768,124.68160419319105,159.2394544615941,71.65923459200143
2018-08-01 19:00:00,158.51087508861502,159.86773347223078,152.47889866055493,153.49317932128906,1053375,144.27834259033204,172.8872120666504,142.89454727172853,8.83363916954523,125.22726893263807,160.56182561081897,62.53149198133211
2018-08-02 19:00:00,152.49232144623065,154.62837465445304,150.63167309732032,151.83404541015625,583875,144.66887634277344,172.5418172454834,143.7580337524414,8.820550558826072,126.11693263478926,161.39913487009355,64.20297605006404
2018-08-05 19:00:00,150.66524343369224,153.80886336413266,149.80544896291204,152.78114318847656,340625,144.95932495117188,172.18332389831542,144.57416458129882,8.86463238722052,126.84489980685777,162.30342935573987,70.62932766172739
2018-08-06 19:00:00,153.8223071695897,153.95665287303532,150.1278900082152,150.53091430664062,472750,145.22129302978516,171.8087431335449,145.51624221801757,8.41291911628931,128.69040398543893,162.3420804505962,65.88968236943248
2018-08-07 19:00:00,151.1354759830834,152.80804560712716,149.14048175537906,149.55694580078125,986500,145.53108795166017,171.37293563842775,146.36058654785157,7.886735945335827,130.5871146571799,162.13405843852323,59.86355454954066
2018-08-08 19:00:00,150.46372649556437,151.0010964440092,148.4485923918738,148.99267578125,467500,145.95843170166015,170.96198135375977,147.1434669494629,7.27944905682397,132.58456883581496,161.70236506311082,51.73006566078757
2018-08-09 19:00:00,149.7853344292635,151.13547948089376,141.6307309549325,142.0404815673828,1675625,146.18815795898436,170.51314270019532,147.27243728637694,7.158012944686438,132.95641139700408,161.5884631757498,45.1661973010246
2018-08-12 19:00:00,141.98673255606653,141.98673255606653,135.75995118892254,137.94973754882812,766750,146.20562255859375,169.98591514587403,147.3527069091797,7.036994364998425,133.27871817918285,161.42669563917653,43.345908809793066
2018-08-14 19:00:00,144.8415028087093,144.8415028087093,143.78020250269452,144.81463623046875,2507375,146.22335571289062,169.43279273986818,148.0046043395996,6.053257169792981,135.89809000001364,160.11111867918558,43.93111868101211
2018-08-15 19:00:00,144.4183137525107,145.3519945337667,140.38803266680273,142.3024139404297,644000,146.04696350097657,168.91167762756348,148.39453201293946,5.347899457359927,137.6987330982196,159.09033092765932,45.10237528324185
2018-08-16 19:00:00,142.90699209166573,147.77691574096667,142.90699209166573,145.86924743652344,1138250,145.79090667724608,168.45276329040527,148.6568374633789,5.067995370660555,138.5208467220578,158.79282820470002,46.67338608106136
2018-08-19 19:00:00,147.77689531439543,147.77689531439543,144.2839838048327,144.8415069580078,630875,145.52840087890624,167.96217765808106,148.51644897460938,5.135810058325414,138.24482885795854,158.7880690912602,36.59095709906667
2018-08-23 19:00:00,145.56023712127873,145.56023712127873,142.06732573831772,144.451904296875,180750,145.2167254638672,167.49540412902832,148.4220733642578,5.1949229875804805,138.03222738909685,158.81191933941878,37.44147158461102
2018-08-26 19:00:00,144.75416757758168,151.6728171032531,144.41831615315255,149.93307495117188,3318500,144.9301724243164,167.07531463623047,148.71292419433593,5.1031814043743555,138.50656138558722,158.91928700308463,40.153551575181005
2018-08-27 19:00:00,150.450304285239,151.06156053863933,147.10516568247624,147.65597534179688,670125,144.69681915283203,166.6941173553467,148.57085571289062,5.090424771720864,138.3900061694489,158.75170525633234,42.621819526998124
2018-08-28 19:00:00,148.77775411013283,149.4360301599585,145.7617659141574,145.95655822753906,409000,144.5824935913086,166.30536346435548,148.53021850585938,5.10877466002085,138.31266918581767,158.7477678259011,42.57845962002435
2018-08-29 19:00:00,145.96327387053788,148.9523955316628,145.2915581146653,147.3268585205078,776250,144.6429473876953,165.89121871948242,148.44692764282226,5.1144143728960305,138.2180988970302,158.67575638861433,43.18566903411474
2018-08-30 19:00:00,147.7769019859645,148.4486177391923,144.08248456108035,144.78106689453125,360250,144.52297973632812,165.47912269592285,147.89276504516602,4.862674011084755,138.16741702299652,157.6181130673355,42.86907030065484
2018-09-02 19:00:00,141.73149005465876,141.83224293647626,137.54670937131513,139.00433349609375,1448500,144.29056732177733,164.98215576171876,147.1159294128418,4.984193299468419,137.14754281390498,157.08431601177864,38.305804688662526
2018-09-03 19:00:00,139.7096078681442,141.0597526498698,139.08491191046488,140.14622497558594,172000,144.0330325317383,164.52105812072753,146.2131462097168,4.480245546466951,137.2526551167829,155.1736373026507,40.320458131245246
2018-09-04 19:00:00,140.31415363309625,144.0824697819529,139.05804825014403,140.71046447753906,326500,143.9024514770508,164.05609832763673,145.5740104675293,4.29497954885954,136.9840513698102,154.16396956524838,48.308240176947315
2018-09-05 19:00:00,140.71717062152416,141.73146394275958,137.3653314389215,138.48709106445312,229875,143.79040954589843,163.56259071350098,144.90666275024415,4.30800641892678,136.2906499123906,153.5226755880977,50.71759434727361
2018-09-06 19:00:00,139.34018109520414,139.36704767547957,134.51056416608782,136.44509887695312,325500,143.66667999267577,163.0438939666748,144.08986053466796,4.285021467900732,135.5198175988665,152.65990347046943,37.170530668762396
2018-09-09 19:00:00,137.56684378794833,138.02361403892746,134.68520157769427,136.53912353515625,232250,143.6191226196289,162.5751054382324,143.39027099609376,4.32011644409172,134.7500381079103,152.0305038842772,40.458194998890974
2018-09-10 19:00:00,137.63402607992862,139.37376840591466,137.10336950180476,138.58786010742188,292000,143.51917175292968,162.12287467956543,142.8418167114258,4.190364548072821,134.46108761528015,151.22254580757144,37.30674555822677
2018-09-11 19:00:00,139.3737589096734,139.3737589096734,135.71963533585014,136.62644958496094,143000,143.32397186279297,161.69244087219238,142.22350540161133,4.147132741724381,133.92923991816258,150.5177708850601,36.130609511051574
2018-09-12 19:00:00,135.01433534483286,139.61556648167593,134.34261968403058,138.7826385498047,177500,143.17108978271483,161.25693572998046,142.06061325073242,4.2180743890758166,133.62446447258077,150.49676202888406,40.967435302126006
2018-09-13 19:00:00,139.04462029409427,141.05304107827277,138.37290461495203,138.89012145996094,512000,143.05636108398437,160.81703056335448,142.10763244628907,4.17485822354671,133.75791599919566,150.4573488933825,28.770640156526383
2018-09-16 19:00:00,140.22012902736645,140.22012902736645,135.18228008027543,136.5341033935547,192500,142.9396514892578,160.39654655456542,141.69360580444337,4.3009630375590815,133.0916797293252,150.29553187956154,28.68360514880881
2018-09-17 19:00:00,136.44174091608542,143.1588727765696,134.55254758032424,141.8826141357422,413400,142.93918151855468,160.05563537597655,141.672615814209,4.2988593540220545,133.07489710616488,150.2703345222531,43.149971469973686
2018-09-18 19:00:00,141.89939994832935,145.24116921184833,140.32086997927004,142.17648315429688,369300,143.08645477294922,159.7092748260498,141.48797760009765,4.186972169960087,133.11403326017748,149.86192194001782,41.01478001936879
2018-09-23 19:00:00,143.15046774136724,143.15046774136724,136.87834542147493,137.54165649414062,390100,143.14600158691405,159.36009315490722,141.12298507690429,4.197410751789943,132.7281635733244,149.51780658048418,38.228332273050725
2018-09-24 19:00:00,137.32337492268087,139.0026579842559,136.9455387962091,138.02027893066406,217600,143.1772366333008,159.06042526245116,140.80140380859376,4.175263467134997,132.45087687432377,149.15193074286375,48.06678061762538
2018-09-25 19:00:00,137.70959177948987,138.5408414404207,137.11345351523514,137.2310028076172,85700,143.2880694580078,158.7223184967041,140.16630020141602,3.6455949553747082,132.8751102906666,147.45749011216543,44.19245406903931
2018-09-26 19:00:00,136.86155472394523,137.44930116957985,130.37112997989337,130.68179321289062,514500,143.24830413818358,158.35687294006348,139.3175910949707,3.783422184895897,131.7507467251789,146.8844354647625,33.86819734611758
2018-09-27 19:00:00,131.22755377849154,131.22755377849154,126.03857587811483,127.09651947021484,745800,143.1235331726074,158.00980709075927,138.37458915710448,4.349622119871128,129.67534491736222,147.07383339684674,32.446576742385815
2018-09-30 19:00:00,126.7942477301097,127.20567664309165,121.74800734817353,122.36934661865234,332500,142.78169860839844,157.64740112304688,137.12671356201173,5.152137170610478,126.82243922079077,147.43098790323268,29.966548966575246
2018-10-01 19:00:00,124.00664390999177,125.02260285794787,121.32818571861615,122.73877716064453,300200,142.50958724975587,157.29409679412842,136.02459907531738,5.751321556074706,124.52195596316797,147.52724218746678,30.51130434183004
2018-10-02 19:00:00,121.74800721637472,122.28537721850846,120.06872435821782,120.60609436035156,232800,142.28617538452147,156.90322689056396,135.10468711853028,6.650694476789118,121.80329816495204,148.4060760721085,24.666415291303778
2018-10-03 19:00:00,120.5389288005923,120.5389288005923,114.57748198064478,114.7118148803711,437200,141.89033447265626,156.50239891052246,133.83296661376954,7.942257655834029,117.94845130210149,149.7174819254376,22.205664890925135
2018-10-04 19:00:00,113.43556123555024,113.47753305712064,108.9770545227803,109.17018127441406,400100,141.26127532958984,156.0660708618164,132.25595245361328,9.486065146651224,113.28382216031082,151.22808274691573,15.41270597158993
2018-10-07 19:00:00,107.48248956792061,107.8939184607202,103.7125015258789,103.7125015258789,531300,140.38253982543947,155.6515566635132,130.51722297668456,11.297789970099995,107.92164303648457,153.11280291688456,13.477236012825259
2018-10-08 19:00:00,103.2675071491137,108.89310908941597,98.53192956225459,102.75532531738281,3258600,139.51085800170898,155.27316394805908,128.83273429870604,12.78155396366005,103.26962637138594,154.39584222602613,13.880415345054885
2018-10-09 19:00:00,101.51265344826153,107.88553543897868,97.62510940193579,107.70081329345703,3015400,138.78255310058594,154.96410034179686,127.3908187866211,13.474306067908197,100.4422066508047,154.3394309224375,13.131694825013938
2018-10-10 19:00:00,107.85194461982736,112.09213661989105,105.58491520562772,109.58160400390625,1657100,137.96423828125,154.68852165222168,125.94050598144531,13.76362063825403,98.41326470493725,153.46774725795336,16.007018397035296
2018-10-11 19:00:00,109.99302721052288,111.57994899902266,104.10713899894867,108.49846649169922,2208700,137.1988215637207,154.39083515167238,124.53410682678222,14.048382539640144,96.43734174750193,152.6308719060625,17.287702785360352
2018-10-14 19:00:00,110.41285403410802,112.75544811363596,108.53205251659986,112.20968627929688,1363700,136.46316177368163,154.15321659088136,123.20545921325683,13.885525563982087,95.43440808529266,150.976510341221,22.901952378572275
2018-10-15 19:00:00,112.51196516212326,117.81850578814463,112.51196516212326,117.1971664428711,1614400,135.68981872558595,153.94157669067383,122.12081146240234,13.435832532379491,95.24914639764336,148.99247652716133,30.670773746157337
2018-10-16 19:00:00,118.38944859183401,123.0494613647461,118.38944859183401,123.0494613647461,496600,135.0599870300293,153.783044090271,121.44657936096192,13.005945904896992,95.43468755116794,147.4584711707559,42.53572482228058
2018-10-17 19:00:00,128.04532818446287,129.1956329345703,124.09901571427504,129.1956329345703,619700,134.479861907959,153.6918843460083,120.81223030090332,12.243808936317032,96.32461242826926,145.29984817353738,51.95496826334073
2018-10-18 19:00:00,130.98406157312488,135.6524658203125,130.56424086295462,135.6524658203125,1313000,134.12304763793946,153.65305919647216,120.4860294342041,11.720381344368018,97.04526674546807,143.92679212294013,61.98484895419235
2018-10-21 19:00:00,138.54921950491595,140.22011046344485,134.4433736690915,138.33091735839844,929000,133.8529850769043,153.60609798431398,120.52549247741699,11.781997646442182,96.96149718453262,144.08948777030136,63.505460422329755
2018-10-22 19:00:00,137.69281187146944,137.69281187146944,131.823713273318,133.16714477539062,644500,133.46070510864257,153.4971126174927,120.28283576965332,11.447960233150937,97.38691530335144,143.17875623595518,60.33722259559408
2018-10-23 19:00:00,137.86913422061792,139.82550048828125,136.4417462072934,139.82550048828125,967800,133.2465968322754,153.42282947540284,120.41256065368653,11.66280386064024,97.08695293240605,143.73816837496702,70.41083196825046
2018-10-24 19:00:00,141.8573956194653,146.8112869957078,141.81541099192157,146.76930236816406,1501600,133.19084396362305,153.38467609405518,121.2169361114502,12.897733752079654,95.42146860729089,147.01240361560951,79.87725340768083
2018-10-25 19:00:00,149.45619736075523,154.10780595597728,143.4107807040512,154.0238494873047,1138100,133.29146743774413,153.34420543670655,122.56330261230468,14.807802339763986,92.9476979327767,152.17890729183264,88.86875823493263
2018-10-28 19:00:00,156.83663822297117,161.72335815429688,156.198515262404,161.72335815429688,1470100,133.68512496948242,153.36651485443116,124.53100318908692,17.201873540041422,90.12725610900407,158.93475026916977,91.25839894912247
2018-10-29 19:00:00,161.96682675058898,166.99628352945754,157.85258886763333,164.3178253173828,1112000,134.2124867248535,153.38268627166747,126.60995559692383,19.352033608784016,87.90588837935579,165.31402281449186,90.96102608656294
2018-10-30 19:00:00,161.6729598957289,165.9971081351125,159.95169240198666,162.0424041748047,772200,134.55704208374024,153.37891628265382,128.6817710876465,20.836565234978575,87.00864061768934,170.35490155760365,87.73861663055338
2018-10-31 19:00:00,160.03565754174093,162.89043320510723,154.09099483373345,157.12210083007812,1329400,134.8534358215332,153.3401332473755,130.80228538513182,21.48787617379566,87.82653303754051,173.77803773272313,83.1482763481122
2018-11-01 19:00:00,156.17329868594348,164.97273687403148,155.33365729515884,164.35980224609375,2029800,135.22324691772462,153.34543132781982,133.56176643371583,22.098716232318374,89.36433396907908,177.75919889835257,83.92137354908813
2018-11-04 19:00:00,163.7300653316537,172.57148783461017,157.4411469279091,171.84939575195312,2290900,135.76340469360352,153.36916790008544,136.96861114501954,22.503267655992957,91.96207583303362,181.97514645700545,84.42823918653087
2018-11-05 19:00:00,173.05011697363997,176.82850369523112,167.09704904634623,172.0089569091797,1923200,136.3145457458496,153.37570041656494,140.43129272460936,22.28879548404686,95.85370175651565,185.00888369270308,83.22509442967191
2018-11-06 19:00:00,175.78733534805986,180.5900854906071,173.8225774202665,176.0392303466797,2142500,136.83666885375976,153.40043621063234,143.8482135772705,22.24522616333541,99.3577612505997,188.33866590394132,82.72910915865197
2018-11-07 19:00:00,176.37506404305194,177.9200010882117,171.3708086550539,175.5690155029297,1614400,137.3949296569824,153.38050312042236,147.14758415222167,21.784160679188577,103.57926279384452,190.71590551059882,80.4353466259089
2018-11-08 19:00:00,175.89649143990286,181.57246301241904,174.64542107090477,178.9359893798828,1500400,138.0545182800293,153.39224979400635,150.66946029663086,20.88202406615163,108.9054121643276,192.43350842893412,80.63863348001594
2018-11-11 19:00:00,179.6832710526355,182.20219541318644,175.40109451493413,180.93434143066406,1583900,138.72666793823242,153.4545933151245,154.1056930541992,19.84913434967363,114.40742435485194,193.80396175354647,87.85094822309885
2018-11-12 19:00:00,181.7823665746281,188.39874503290656,179.47335268049312,187.06370544433594,1694200,139.5723207092285,153.57717250823976,157.59902000427246,19.14721243238083,119.30459513951081,195.8934448690341,87.74823543814273
2018-11-13 19:00:00,188.3735442919917,192.26947969097478,187.33238439302082,189.25515747070312,730300,140.5773371887207,153.6992226791382,160.9093048095703,18.574145105987743,123.76101459759482,198.05759502154578,86.74119715196814
2018-11-14 19:00:00,188.08806884595575,191.01842199790394,186.40039421333924,187.14767456054688,913500,141.5173661804199,153.79733470916747,163.80690689086913,17.87346102158224,128.05998484770464,199.55382893403362,81.44427947535
2018-11-15 19:00:00,187.15606391716665,187.2400331823716,177.7940673828125,177.7940673828125,2894000,142.2590382385254,153.87517772674562,165.91398696899415,16.833431564394196,132.24712384020575,199.58085009778256,64.79132797112993
2018-11-18 19:00:00,176.24075098369974,177.5757907455866,173.8057956858134,176.6773681640625,2026500,143.02284378051758,153.95828548431396,167.83130950927733,15.669994924204948,136.49131966086745,199.17129935768722,61.69370334941492
2018-11-19 19:00:00,176.7445325767972,180.30461708516935,169.6075799549313,172.53793334960938,1646300,143.7447004699707,154.0241553878784,169.7998489379883,13.393775300481847,143.0122983370246,196.58739953895198,59.59178824060302
2018-11-21 19:00:00,172.79821528925385,175.48506540289668,168.86029478604848,172.06771850585938,2355300,144.45527236938477,154.0808899307251,171.41195983886718,11.385990365481584,148.639979107904,194.18394056983036,64.868028780473
2018-11-22 19:00:00,172.9661390189665,176.32470482516,172.55471009541952,174.22560119628906,1566000,145.1680271911621,154.11089862823485,172.78477478027344,9.803700559796155,153.17737366068113,192.39217589986575,60.91805812179647
2018-11-25 19:00:00,175.48507595637236,176.66056894806144,170.86704764173098,174.39353942871094,841800,145.9233689880371,154.1154494857788,173.80325927734376,8.753970350607757,156.29531857612824,191.31119997855927,53.35998487802263
2018-11-26 19:00:00,174.64543167695342,175.90489392462376,172.21047645622247,174.56146240234375,803000,146.6389454650879,154.1151975631714,174.4451644897461,8.279390887489594,157.8863827147669,191.0039462647253,53.370283736382845
2018-11-27 19:00:00,172.9745377277467,173.80578741025812,168.4320870305513,169.271728515625,828900,147.24657760620119,154.10052074432372,174.6928596496582,8.030836422029253,158.6311868055997,190.7545324937167,41.351937899849666
2018-11-28 19:00:00,169.67474299301415,173.7218080539789,169.67474299301415,172.02574157714844,564800,147.95641036987305,154.09017635345458,175.1920265197754,7.495572317313504,160.2008818851484,190.1831711544024,45.72182779422796
2018-11-29 19:00:00,170.86703439898957,171.70667584566766,163.4278106689453,163.4278106689453,655600,148.3873143005371,154.02703540802003,175.50731201171874,6.79541232335076,161.91648736501722,189.09813665842026,33.375317168793345
2018-12-02 19:00:00,155.2581024169922,158.68384104444326,155.2581024169922,155.2581024169922,199200,148.648946685791,153.9077307510376,175.05222702026367,7.8102375881716615,159.43175184392035,190.672702196607,25.691542012574914
2018-12-03 19:00:00,151.14385473158552,152.81474585070293,147.4998138669276,148.566162109375,685600,148.8694367980957,153.76967685699464,173.88806533813477,9.795660882510758,154.29674357311325,193.47938710315628,13.93737705639748
2018-12-04 19:00:00,148.56617082138155,150.53932068262867,141.1437429482365,141.44601440429688,1612600,148.93795150756836,153.60851612091065,172.35991821289062,12.194466859919824,147.97098449305096,196.74885193273028,9.000579421280094
2018-12-05 19:00:00,146.09762241750911,148.1967261878756,136.02192431974987,137.8271484375,1383300,148.94987442016603,153.4293282699585,170.44931411743164,14.384498433248666,141.6803172509343,199.21831098392897,8.773160099834087
2018-12-06 19:00:00,138.54085492288058,140.76589989233125,135.29144624359253,139.22096252441406,429600,149.12065780639648,153.23249111175537,168.63191146850585,15.918049440015052,136.79581258847574,200.46801034853596,12.807658547967876
2018-12-09 19:00:00,141.14373230226457,146.18158098200874,140.43003194786942,145.56024169921875,1143900,149.48993225097655,153.07547817230224,166.96312408447267,16.519099884993764,133.92492431448514,200.0013238544602,22.74197092643712
2018-12-10 19:00:00,145.87929774133335,145.87929774133335,141.73146728082855,143.21763610839844,561200,149.9068980407715,152.94688694000243,165.07728881835936,16.98646264601783,131.1043635263237,199.05021411039502,23.481152571059965
2018-12-11 19:00:00,141.0597586779575,143.36877258488835,138.5408344158511,142.09251403808594,379500,150.29397277832032,152.7973215866089,162.82872924804687,16.899136234685237,129.0304567786764,196.62700171741733,23.20623609986248
2018-12-12 19:00:00,143.03293153858837,143.99012231529156,135.26624783252515,138.70037841796875,449200,150.65585845947265,152.61155101776123,160.30099029541014,16.51485332249845,127.27128365041324,193.33069694040705,18.930817458989324
2018-12-13 19:00:00,139.38049277764964,142.4955684643195,136.86156820937885,140.01861572265625,615600,151.16199447631837,152.43710720062256,157.9445373535156,15.83074968790232,126.28303797771098,189.60603672932027,20.52977966618309
2018-12-16 19:00:00,139.4644542222465,140.93382680454988,137.2813812609166,140.14456176757812,279600,151.78148208618165,152.2630578994751,156.06206207275392,15.58271833383611,124.89662540508169,187.22749874042614,20.47253969467488
2018-12-17 19:00:00,140.22012227394038,143.78859843959455,139.38048082319824,140.93382263183594,676200,152.52590850830077,152.0883874130249,154.27488479614257,15.13725594569557,124.00037290475143,184.54939668753372,23.653375650915123
2018-12-18 19:00:00,141.52157003968804,143.57868904550145,141.31165967558644,141.7650604248047,466600,153.3061032104492,151.94003955841063,152.73624114990236,14.741995351050543,123.25225044780127,182.22023185200345,20.82252203210288
2018-12-19 19:00:00,141.90780379644812,148.52418284603135,141.90780379644812,145.5182647705078,1235500,154.06245223999022,151.83440425872803,151.40876846313478,14.09059335952225,123.22758174409027,179.58995518217927,30.95195436726253
2018-12-20 19:00:00,146.1060029809286,147.77689406589369,142.41158575404594,145.55184936523438,1095200,154.78185714721678,151.73367244720458,149.97508087158204,13.068519922615119,123.8380410263518,176.11212071681229,37.516195745479216
2018-12-23 19:00:00,144.33437848462654,146.08923907533767,143.5787062082956,145.40911865234375,246600,155.5200701904297,151.62937229156495,148.52585983276367,11.759699483007223,125.00646086674922,172.04525879877812,45.11689248383783
2018-12-25 19:00:00,146.09762556218283,147.7769086146217,143.99852174663422,144.4603271484375,662100,156.1650830078125,151.513006401062,147.02080307006835,10.054829016185115,126.91114503769812,167.13046110243857,55.762443103655485
2018-12-26 19:00:00,145.59380898350585,145.59380898350585,137.2393798828125,137.2393798828125,919600,156.56592727661132,151.35459117889405,145.41918563842773,8.796414140185293,127.82635735805715,163.01201391879832,49.012382649932206
2018-12-27 19:00:00,133.1251475886832,134.34262506596124,130.3795166015625,130.3795166015625,220500,156.71252838134765,151.13739261627197,143.33687438964844,6.889059044561596,129.55875630052526,157.11499247877163,37.44930949141191
2018-12-30 19:00:00,123.86390686035156,124.26693115785265,123.86390686035156,123.86390686035156,460100,156.60589385986327,150.87918605804444,141.35867919921876,6.484837276127208,128.38900464696434,154.32835375147317,19.35483314776714
2018-12-31 19:00:00,123.83871857188511,127.20567607891346,119.22908252941063,122.83113861083984,998300,156.34946731567382,150.62098777770996,139.73733100891113,6.869113061731191,125.99910488544874,153.47555713237352,20.098514582364913
2019-01-01 19:00:00,123.00745831253246,123.42727898936705,116.69335174560547,116.69335174560547,1375900,155.91671600341797,150.33727283477782,138.14369049072266,8.26785942673559,121.60797163725148,154.67940934419386,17.522000643488212
2019-01-02 19:00:00,113.56991115235004,113.77142973612717,110.86626434326172,110.86626434326172,660800,155.47069839477538,150.03600944519042,136.6147029876709,10.221723690297974,116.17125560707495,157.05815036826687,16.494840058813324
2019-01-03 19:00:00,108.31376353911526,113.32642478366927,106.63448038347005,110.93344116210938,2064200,154.89285720825194,149.72940605163575,135.27001762390137,11.713875441338491,111.84226674122439,158.69776850657834,13.901631061180225
2019-01-06 19:00:00,112.52035619173765,114.52709892470268,110.9166506154888,112.15092468261719,1828100,154.200489654541,149.42338203430177,133.91651573181153,12.751317423436928,108.41388088493767,159.4191505786854,16.172902197057354
2019-01-07 19:00:00,112.93176185980647,117.75130783324873,110.84105028074615,116.81930541992188,2731300,153.45639877319337,149.14422645568848,132.47946891784667,12.987366330330886,106.5047362571849,158.45420157850845,23.35804163266957
2019-01-08 19:00:00,119.65730763334763,120.74045236185269,114.61106674289064,115.95449829101562,1897200,152.54102157592774,148.86128410339356,131.11631202697754,13.22948160099237,104.6573488249928,157.57527522896228,21.505370366626906
2019-01-09 19:00:00,115.03926421722679,115.40031668335232,110.16094970703125,110.16094970703125,999100,151.4578840637207,148.55407600402833,129.5197338104248,13.751618937283904,102.016495935857,157.02297168499263,12.6485400998628
2019-01-10 19:00:00,107.47410714285714,112.83941557290298,106.63446568080356,110.20294189453125,1574300,150.42109481811522,148.241905670166,128.09486198425293,14.218746825786676,99.65736833267958,156.5323556358263,12.664054071564436
2019-01-13 19:00:00,111.75628587085626,112.51195807645563,111.16852658659873,111.57156372070312,456000,149.51008407592772,147.9414483642578,126.67250938415528,14.385051101262214,97.90240718163085,155.4426115866797,15.162515273755659
2019-01-14 19:00:00,111.67231648895071,111.92421149454131,109.61519743179984,109.85029602050781,338500,148.41989395141601,147.63527313232422,125.15779609680176,14.486414231971818,96.18496763285813,154.1306245607454,14.925115328517734
2019-01-15 19:00:00,109.85028255327494,110.0769893117043,107.05427523901491,107.69239807128906,411900,147.13675399780274,147.32724220275878,123.49572486877442,14.488062687533237,94.51959949370794,152.4718502438409,16.6318980134824
2019-01-16 19:00:00,107.70920564869515,112.90658834492068,107.47410706444462,111.74787902832031,909000,145.93153244018555,147.03505531311035,121.9948657989502,14.04385415236053,93.90715749422914,150.08257410367125,27.535955922719054
2019-01-17 19:00:00,111.42040807532076,112.09212373875913,108.90148394635989,109.45565032958984,460500,144.59986083984376,146.7298288345337,120.1917350769043,13.151391695416097,93.8889516860721,146.4945184677365,30.658255866424597
2019-01-20 19:00:00,109.15338976436475,110.39605553742372,103.98959350585938,103.98959350585938,1196800,143.16827239990235,146.39864910125732,118.11362228393554,12.181145711743701,93.75133086044814,142.47591370742293,27.397279581743348
2019-01-21 19:00:00,100.96688684852828,108.73357045226122,99.16165640538833,107.94430541992188,2496100,141.74843872070312,146.08694065093994,116.24038162231446,10.53169696457666,95.17698769316114,137.30377555146777,38.92434435398519
2019-01-22 19:00:00,108.32213532709508,109.5312210256538,104.6193199841925,106.2734146118164,927400,140.25522018432616,145.77937156677245,114.3310359954834,8.390092119050108,97.55085175738319,131.11122023358362,43.50201072675445
2019-01-23 19:00:00,107.89392445265783,110.65633913797895,106.63446229951396,109.4136734008789,1527800,138.70221954345703,145.48474979400635,112.93975067138672,6.481366034225045,99.97701860293662,125.90248273983681,48.021837749761616
2019-01-24 19:00:00,109.40527641588173,109.44726104804653,106.07189905018907,106.75200653076172,1023800,137.05215652465822,145.17987602233887,111.75837516784668,5.152331041003754,101.45371308583917,122.06303724985419,43.22727713852514
2019-01-27 19:00:00,107.47411144047923,112.08374786376953,107.05429069266486,112.08374786376953,1222600,135.55087799072265,144.85974597930908,111.16936721801758,4.298146176272366,102.57307486547285,119.76565957056232,44.15668726656601
2019-01-28 19:00:00,114.60266386901023,117.53300427225857,113.4775346110841,115.20720672607422,2903800,134.2991407775879,144.53481307983398,110.7881706237793,3.4672009756444164,103.85376867249046,117.72257257506813,49.1265840912378
2019-01-29 19:00:00,115.29117567622015,118.80927571369061,112.72187466122237,117.82689666748047,2901000,133.12213134765625,144.23496868133546,110.84484786987305,3.576358214844969,103.69213144018312,117.99756429956298,59.67776826815518
2019-01-30 19:00:00,118.80926382541345,120.27863634622244,117.12998094448888,119.38861846923828,1694000,132.05914505004884,143.94172401428222,111.27096557617188,4.054759743247289,103.1614460896773,119.38048506266645,61.167807299866965
2019-01-31 19:00:00,118.47341080978616,120.48854511552514,117.1299793980192,117.51622009277344,1407800,130.96811508178712,143.60334854125978,111.60010452270508,4.286472523859629,103.02715947498582,120.17304957042434,57.13996149150236
2019-02-03 19:00:00,117.9276367562227,119.48097853274537,115.03087637343458,115.97967529296875,1861400,129.8031965637207,143.2751577758789,111.79154205322266,4.3964540614815775,102.9986339302595,120.58445017618581,57.39463934438904
2019-02-05 19:00:00,116.29034061599754,116.29034061599754,112.51195409778822,113.00733947753906,1294000,128.57547256469726,142.94013236999513,111.60094375610352,4.247107763047285,103.10672823000895,120.09515928219808,56.28850427044902
2019-02-06 19:00:00,113.2676240029061,117.29790543714029,112.6127047111831,116.57581329345703,1990300,127.41575958251953,142.62452785491942,111.63200950622559,4.282750904417045,103.0665076973915,120.19751131505967,55.77888731349185
2019-02-07 19:00:00,117.11318790051071,117.75971541561809,114.1912391909024,115.1064453125,646300,126.33245391845703,142.33660633087158,111.87928428649903,4.33578707585789,103.20771013478326,120.5508584382148,56.89974249665894
2019-02-10 19:00:00,115.37513972443253,116.12242013487372,109.35491180419922,109.35491180419922,1508600,125.07903732299805,142.0320516204834,111.83688278198242,4.357137620520392,103.12260754094164,120.5511580230232,56.50581426221897
2019-02-11 19:00:00,108.29695373585909,109.35491019278807,105.08113175876751,105.996337890625,1902800,123.93040786743164,141.71114067077636,111.55812149047851,4.549122124159251,102.45987724216,120.65636573879702,47.603307181517636
2019-02-12 19:00:00,106.62605986625547,109.81669335087892,105.62689095373834,106.12227630615234,3212400,122.94769134521485,141.39072498321534,111.37172050476075,4.696765787513203,101.97818892973434,120.76525207978715,49.806697384316045
2019-02-13 19:00:00,106.130680720605,107.222210763671,102.86447598767546,105.47576141357422,1994500,122.08588333129883,141.07281997680664,111.260888671875,4.812876448840213,101.63513577419457,120.88664156955542,44.62033298382609
2019-02-14 19:00:00,105.03914881074483,106.55050605070912,103.9056340837497,104.77886199951172,904300,121.35254028320313,140.7475345993042,110.91243782043458,5.023434371343849,100.86556907774688,120.95930656312227,47.15153234660234
2019-02-17 19:00:00,105.80321615234418,106.38256437075265,102.45304230514527,103.22551727294922,875400,120.66050765991211,140.40386924743652,110.60093116760254,5.303865296552329,99.99320057449788,121.2086617607072,35.64622439276225
2019-02-18 19:00:00,103.22551780398359,103.94760993471697,101.84850639327242,102.46144104003906,704800,119.9253172302246,140.06917976379395,110.52452354431152,5.413985330199291,99.69655288391294,121.3524942047101,27.636978132170768
2019-02-19 19:00:00,102.1004088111945,104.83764199385226,100.75698364380177,103.04080963134766,1234200,119.07492858886718,139.74262653350831,110.27934875488282,5.643159532943997,98.99302968899482,121.56566782077081,22.056477566076794
2019-02-20 19:00:00,103.44382309893639,103.90562845444961,102.60418165688023,103.1583480834961,503400,118.27374282836914,139.39533393859864,110.1235954284668,5.8003434607942195,98.52290850687837,121.72428235005523,17.55621181933644
2019-02-21 19:00:00,103.27590240518516,106.13068472847094,102.7301341600641,104.27507781982422,1887500,117.51739410400391,139.0648761367798,109.86666564941406,5.945438816554424,97.97578801630522,121.7575432825229,22.706824618762084
2019-02-24 19:00:00,104.27506467423733,105.79481351691588,103.69571007411993,103.83844757080078,561700,116.82015548706055,138.74798706054688,109.72098770141602,6.060356434687496,97.60027483204102,121.84170057079102,23.78534150260421
2019-02-25 19:00:00,102.64616657970637,103.52779265872422,98.64947151062441,98.6746597290039,1173900,115.9932763671875,138.4137089920044,109.05053329467773,6.510230920201837,96.03007145427406,122.0709951350814,21.729051637088162
2019-02-26 19:00:00,96.1473399329741,100.42111164747067,93.74596498089923,95.92903137207031,1699400,115.10896575927734,138.06865825653077,108.08662452697754,6.9621752830556005,94.16227396086634,122.01097509308875,7.908262856790898
2019-02-27 19:00:00,96.64273142732874,99.66543942285928,95.85347280556815,98.86778259277344,823300,114.26764495849609,137.74397731781005,107.13866882324218,6.856067438406955,93.42653394642828,120.85080370005609,18.766175029892068
2019-02-28 19:00:00,99.83336080886356,102.85606847888883,99.83336080886356,101.02565002441406,1423000,113.45285675048828,137.43982555389405,106.22052040100098,6.339331509169314,93.54185738266236,118.89918341933961,31.40926678402809
2019-03-03 19:00:00,101.02565626727856,103.4858059052813,101.02565626727856,102.41946411132812,1066800,112.59088073730469,137.15983867645264,105.4656826019287,5.799341845653327,93.86699891062204,117.06436629323537,41.24897711729254
2019-03-04 19:00:00,103.19193471062172,104.38422402323131,101.17679396457594,101.5294418334961,1075500,111.71043258666992,136.87600624084473,104.74317092895508,5.299078558134442,94.1450138126862,115.34132804522396,39.168340618110925
2019-03-05 19:00:00,101.79813051483664,102.77211769954268,101.3111433284397,101.46227264404297,473000,110.83149566650391,136.60755603790284,104.16591758728028,4.9700567670556435,94.22580405316899,114.10603112139157,40.26873919223595
2019-03-06 19:00:00,102.22635307570059,102.68815846511913,100.33715969237142,100.70660400390625,525500,109.95642120361327,136.37408542633057,103.37245712280273,4.069770263421055,95.23291659596062,111.51199764964484,40.15430412440544
2019-03-07 19:00:00,100.50508321275777,101.02566323970889,98.48994877310885,98.88457489013672,400700,109.18932510375977,136.14819664001465,102.56136360168458,3.111901805055244,96.33755999157408,108.78516721179507,39.63930137174881
2019-03-10 19:00:00,99.49750318365582,100.08524958522777,98.82578751961188,99.07768249511719,270300,108.56328842163086,135.9331475830078,102.04750213623046,2.7596470865197364,96.528207963191,107.56679630926993,41.69756645451142
2019-03-11 19:00:00,98.65787673622195,99.6654439788051,98.23805598415292,99.4387435913086,213100,108.07478515625,135.7550679397583,101.71962242126465,2.6532959045148785,96.41303061223489,107.0262142302944,41.06621818311178
2019-03-12 19:00:00,99.91732772307269,100.33714842779148,99.17004738114969,99.46392059326172,280100,107.60744079589844,135.58957458496093,101.38670463562012,2.4841364956158203,96.41843164438848,106.35497762685176,40.79497239837584
2019-03-13 19:00:00,99.07769573796394,99.28760611029013,94.49325397507458,94.93826293945312,696800,107.1723390197754,135.4027291107178,100.85982971191406,2.680905382408189,95.49801894709768,106.22164047673044,30.114442355533384
2019-03-14 19:00:00,94.87948036581699,94.87948036581699,91.05910934622705,91.71403503417969,982700,106.78929443359375,135.1700057220459,100.20658836364746,3.214359891694963,93.77786858025753,106.63530814703738,26.91816430697601
2019-03-17 19:00:00,91.10109915583857,96.29848188569511,88.83406975766094,95.28251647949219,1221000,106.4762759399414,134.95925575256348,99.8094383239746,3.3109711553057726,93.18749601336306,106.43138063458615,43.12459040425611
2019-03-18 19:00:00,96.76867308192826,97.06254629599678,91.5209142380059,93.2085952758789,855700,106.09742935180664,134.75496273040773,99.3467960357666,3.5581287411760396,92.23053855341452,106.46305351811868,44.33170584062908
2019-03-19 19:00:00,92.755185657843,92.755185657843,90.76523325140077,91.42855072021484,435000,105.5896142578125,134.57397804260253,98.76618309020996,3.8583877681503265,91.0494075539093,106.48295862651062,33.71321766988312
2019-03-20 19:00:00,91.89875486783075,91.94073950304556,88.21272938561891,88.92642974853516,714100,105.0490528869629,134.36583934783937,98.05458717346191,4.293558361943729,89.46747044957445,106.64170389734937,23.9044131512876
2019-03-21 19:00:00,88.62415046201876,91.42015139648454,88.62415046201876,90.3370132446289,827900,104.65257415771484,134.13214187622071,97.35768394470215,4.361380672274596,88.63492260015295,106.08044528925134,23.959418240415687
2019-03-24 19:00:00,90.68126900298012,90.97514220466907,88.58216555383706,89.15312194824219,629900,104.23157775878906,133.8582675933838,96.62341766357422,4.448197665439875,87.72702233269446,105.51981299445397,23.65971669470882
2019-03-25 19:00:00,89.66531933485292,90.90798520606103,88.17075844344932,90.51335906982422,697000,103.81041366577148,133.55522426605225,96.21535263061523,4.621105287763148,86.97314205508893,105.45756320614153,27.91329539907005
2019-03-26 19:00:00,91.52091534668412,95.03901496817349,90.63089748587907,95.0306167602539,1332200,103.51402008056641,133.2370169067383,96.17043190002441,4.628395932831358,86.91364003436169,105.42722376568713,40.058800310116716
2019-03-27 19:00:00,94.46805818297939,94.8794806860922,90.28664108279483,90.53853607177734,877600,103.17094284057617,132.89987560272218,95.75396957397462,4.746148919692781,86.26167173458906,105.24626741336017,36.6325853795873
2019-03-28 19:00:00,89.84164200140593,91.10110427245367,89.01879049903393,89.8248519897461,630400,102.73248229980469,132.54882148742675,95.19392967224121,4.752193889560246,85.68954189312072,104.6983174513617,35.42329974935211
2019-03-31 19:00:00,89.42180255717392,90.24465388758784,88.6661240712744,89.80803680419922,311700,102.33953002929688,132.1765580368042,94.56335830688477,4.576430910166018,85.41049648655273,103.7162201272168,34.66163681335479
2019-04-01 19:00:00,89.83324211690935,90.64769539528099,89.00199882719107,89.77446746826172,425600,102.05522750854492,131.82881217956543,93.97560958862304,4.385555610740691,85.20449836714167,102.74672081010442,34.57219852876507
2019-04-02 19:00:00,90.25305168381884,91.35298626645249,89.21189814850617,90.29503631591797,582200,101.70224212646484,131.52192317962647,93.4172477722168,4.082633308056709,85.25198115610338,101.58251438833021,41.52618055534283
2019-04-03 19:00:00,89.33784781794448,90.58891173235737,86.69297608007315,88.27149963378906,256500,101.3422038269043,131.24175983428955,92.79549255371094,3.8546104890930386,85.08627157552486,100.50471353189702,43.42947159100506
2019-04-04 19:00:00,87.33111455450616,89.8416408557803,86.90289559414262,88.32189178466797,398800,100.92036819458008,130.92947204589845,92.2673583984375,3.6967986495542005,84.87376109932909,99.6609556975459,34.65383007075087
2019-04-07 19:00:00,87.54101687614758,87.6165815296355,83.91376617174593,84.14886474609375,486900,100.46830535888672,130.59709159851073,91.52091751098632,3.75601993831734,84.00887763435165,99.032957387621,31.71805570566285
2019-04-08 19:00:00,84.38396811993486,88.07839188597895,81.53758403612697,85.62664031982422,833500,99.93916320800781,130.26010997772218,90.8303123474121,3.483478703617795,83.86335494017652,97.79726975464769,38.147533492224895
2019-04-09 19:00:00,85.64342396081463,85.64342396081463,81.35285583618365,81.42002868652344,455500,99.2634196472168,129.93101253509522,89.9281177520752,3.4663267314268724,82.99546428922145,96.86077121492895,35.663880396413305
2019-04-10 19:00:00,80.01783164035031,85.48389279194012,79.01025807071638,83.61149597167969,1641600,98.57911163330078,129.62862407684327,89.36177940368653,3.529398134108523,82.30298313546947,96.42057567190358,37.52728279106383
2019-04-11 19:00:00,82.29325242572868,87.78450775146484,81.65512319118409,87.78450775146484,1644400,97.9470294189453,129.35438873291017,89.16530303955078,3.500819397861007,82.16366424382876,96.1669418352728,47.715170963195284
2019-04-14 19:00:00,89.00199455660947,92.16744003495506,87.33110984869552,92.15065002441406,1644000,97.43971801757813,129.12055702209472,89.00870971679687,3.275592028834886,82.4575256591271,95.55989377446664,52.484060449101655
2019-04-15 19:00:00,93.20020582571351,96.75189216363846,91.52092283786281,94.21617126464844,3278900,97.00444793701172,128.87371086120606,89.05908851623535,3.350478490904628,82.3581315344261,95.7600454980446,48.66502744827921
2019-04-16 19:00:00,93.62002240532861,94.36730278918166,91.10109803567852,92.46971130371094,844800,96.59369537353516,128.60412719726563,89.11114654541015,3.3969972199654457,82.31715210547927,95.90514098534103,53.47851910730428
2019-04-17 19:00:00,91.78959788320851,94.23295743982521,89.84163008526163,93.29255676269531,1220400,96.12803024291992,128.33845626831055,89.32945289611817,3.5224776716007393,82.28449755291669,96.37440823931965,56.22171769174477
2019-04-18 19:00:00,93.87190997782321,97.73425909118515,93.78794071404684,94.96343994140625,1365900,95.72517013549805,128.09014068603517,89.56077423095704,3.737474315793763,82.08582559936951,97.03572286254456,58.7315152954542
2019-04-21 19:00:00,95.29929673406096,95.71911742451937,90.21946381713195,90.42098236083984,942300,95.34649154663086,127.83039768218994,89.62416725158691,3.740946791958071,82.14227366767076,97.10606083550306,50.94989947252219
2019-04-22 19:00:00,89.42180892046339,89.50577177910371,85.9037094116211,85.9037094116211,877700,94.94463897705079,127.55038566589356,89.39368476867676,3.8243518615352703,81.74498104560622,97.0423884917473,44.22610229503355
2019-04-23 19:00:00,84.80377771901503,86.30673652849241,81.61313797512544,81.66352081298828,1317700,94.4554638671875,127.28463916778564,88.72532997131347,3.9532408148033715,80.81884834170673,96.63181160092022,41.79011838966996
2019-04-24 19:00:00,82.27646655731559,85.74418995797004,81.69711829409664,83.95574951171875,1877600,94.0250636291504,127.03159633636474,88.39619064331055,4.066737172086272,80.262716299138,96.52966498748309,44.861656494653786
2019-04-25 19:00:00,83.95574774810613,87.74253252440606,83.88018309160427,87.25553894042969,1769700,93.67459716796876,126.78558139801025,88.26772499084473,4.059806956111606,80.14811107862151,96.38733890306794,53.73284779183368
2019-04-28 19:00:00,87.74252538328598,91.39496415393504,85.6602119144211,87.0288314819336,3244400,93.35066345214844,126.5622787475586,88.12876472473144,4.051865817320569,80.0250330900903,96.23249635937258,51.73703668278807
2019-04-29 19:00:00,86.06324202175962,87.91045050764937,85.01369028978694,85.7105941772461,1230000,93.01564651489258,126.32748142242431,87.92557106018066,4.066863354894135,79.79184435039238,96.05929776996894,55.72484332782471
2019-05-01 19:00:00,85.6518290486981,86.06325157965509,84.70303007781293,84.90454864501953,307500,92.65292129516601,126.0853288269043,87.65604667663574,4.080167155815307,79.49571236500512,95.81638098826636,51.791537555556445
2019-05-05 19:00:00,84.38396536391491,84.96332001184169,81.70550709997033,82.48637390136719,234400,92.23948181152343,125.80045532226562,87.36679039001464,4.236314601423027,78.89416118716859,95.8394195928607,42.28418593498929
2019-05-06 19:00:00,83.48554979608988,84.71982375500221,80.61397756879745,80.99181365966797,374800,91.77381652832031,125.5236926651001,87.00028648376465,4.460484243329513,78.07931799710563,95.92125497042367,32.26581435868957
2019-05-07 19:00:00,81.42843072966744,81.44522074006541,76.94474205061213,76.95314025878906,676700,91.23611038208008,125.24957492828369,86.64050025939942,4.964336457542043,76.71182734431534,96.5691731744835,24.183824586464283
2019-05-08 19:00:00,76.49133592995634,79.2117724739848,75.56773160267045,77.5073013305664,474900,90.81276321411133,124.96459213256836,86.23453330993652,5.367246281235902,75.50004074746472,96.96902587240832,26.796871690913477
2019-05-09 19:00:00,77.66684143475857,78.08666219927078,76.42416915318157,77.63325500488281,167000,90.44684768676758,124.6496427154541,86.04519462585449,5.607442757019189,74.83030911181612,97.26008013989286,25.179686120671107
2019-05-12 19:00:00,79.5140374610202,80.47962634545217,73.75409698486328,73.75409698486328,496300,89.94457397460937,124.28016681671143,85.55232467651368,6.231138476417276,73.09004772367912,98.01460162934823,18.58211051923385
2019-05-13 19:00:00,74.60214224047894,74.60214224047894,70.06807708740234,70.06807708740234,373100,89.32542251586914,123.8988101196289,84.66650314331055,7.096330904735321,70.47384133383991,98.85916495278119,19.065873079558003
2019-05-14 19:00:00,70.36194962744652,73.30069443326664,69.69023396659124,70.61383819580078,438400,88.6893099975586,123.53129901885987,83.58966255187988,7.522155200271638,68.5453521513366,98.63397295242316,23.570401419654885
2019-05-15 19:00:00,71.2519776036682,71.78934764667558,67.08735656738281,67.08735656738281,457400,88.00046829223633,123.11424907684327,82.2332218170166,7.939502650212761,66.35421651659108,98.11222711744212,24.16668627293494
2019-05-16 19:00:00,64.65239255026998,64.65239255026998,63.737186431884766,63.737186431884766,97600,87.24596656799316,122.69908849716187,80.7965955734253,8.564670556245316,63.66725446093466,97.92593668591593,15.461843961241897
2019-05-19 19:00:00,61.33581042227572,63.812750134865105,60.554943618334526,62.60366439819336,1320500,86.4839077758789,122.26714344024658,79.2621509552002,8.948570441485279,61.36501007222964,97.15929183817076,4.522921926127779
2019-05-20 19:00:00,61.37778929725148,65.07221299356097,59.480197808545775,63.21660614013672,1805200,85.77054840087891,121.80390487670898,77.67480926513672,8.831752838306665,60.01130358852339,95.33831494175004,6.689075756192281
2019-05-21 19:00:00,65.07221045507865,66.3736572265625,65.07221045507865,66.3736572265625,589200,85.11646789550781,121.3630679321289,76.47244300842286,8.639976615006924,59.19248977840901,93.7523962384367,17.034076034137954
2019-05-22 19:00:00,68.85059751947243,69.69023895263672,67.59953357772523,69.69023895263672,969200,84.52149780273437,120.92050968170166,75.66176948547363,8.467400013921692,58.72696945763025,92.59656951331701,26.107589590698225
2019-05-23 19:00:00,69.77420190605984,73.17475227720709,68.858995817572,72.99842834472656,825900,83.99218795776368,120.51803592681885,75.22851486206055,8.365211711480594,58.49809143909936,91.95893828502173,35.505392335691994
2019-05-26 19:00:00,73.88844011193349,76.64246276387999,72.20075917480027,76.54170989990234,1618100,83.62425689697265,120.14157424926758,74.85781288146973,8.118756807829513,58.6202992658107,91.09532649712875,43.60211828014782
2019-05-27 19:00:00,76.81879988224442,76.81879988224442,72.72135162353516,72.72135162353516,1131400,83.24440322875977,119.74127529144288,74.131103515625,7.5834610735065215,58.96418136861196,89.29802566263804,43.87755530045476
2019-05-29 19:00:00,76.82719353616967,78.50647645499306,73.46862769852291,75.0975341796875,1806400,82.84070358276367,119.3641083908081,73.5345386505127,6.959028834180622,59.61648098215146,87.45259631887394,46.688211002940896
2019-06-02 19:00:00,73.89684318695721,75.90358566879915,71.7893414285452,72.2259521484375,480800,82.42105072021485,118.97745342254639,72.86030654907226,6.343242802986841,60.17382094309858,85.54679215504595,43.09011169172374
2019-06-09 19:00:00,69.90855002596724,70.52988291512327,68.6155014038086,68.6155014038086,677800,81.96478973388672,118.57556755065917,72.04585418701171,5.731656350798745,60.582541485414225,83.5091668886092,43.38808007663445
2019-06-10 19:00:00,65.74392747332588,72.04123828855036,65.74392747332588,70.64743041992188,1252200,81.59920974731445,118.21860229492188,71.45390701293945,5.181591474370163,61.09072406419913,81.81708996167978,50.77860688457584
2019-06-11 19:00:00,70.1268522471244,73.04880736015109,70.1268522471244,71.88170623779297,978700,81.23010360717774,117.8882621383667,70.9984016418457,4.67462669520652,61.64914825143266,80.34765503225874,51.67295822124541
2019-06-12 19:00:00,72.2091747607507,75.47537994384766,71.5794435855116,75.47537994384766,1935400,80.95654876708984,117.54156585693359,70.92451362609863,4.586397473962768,61.75171867817309,80.09730857402417,61.04844761892129
2019-06-13 19:00:00,75.35782113740322,77.45692479025568,73.04880711926552,75.01356506347656,2679200,80.6465528869629,117.20512161254882,70.79982681274414,4.429221778271687,61.941383256200766,79.65827036928752,66.07611744824351
2019-06-16 19:00:00,75.48377125450675,75.48377125450675,72.62898890647153,73.1663589477539,600300,80.2092677307129,116.84160717010498,70.5764820098877,4.171640981744684,62.23320004639833,78.91976397337706,64.75833654107218
2019-06-17 19:00:00,73.20833636100079,73.20833636100079,69.51391288725529,69.5894775390625,793000,79.79028656005859,116.46534702301025,70.36825103759766,4.108136466181812,62.151978105234036,78.58452396996128,58.22317482150413
2019-06-18 19:00:00,68.1369025442543,69.2704171805633,66.16374648757484,67.05376434326172,1038400,79.33486480712891,116.07835632324219,70.21753540039063,4.174485993264449,61.868563413861736,78.56650738691953,50.89187076253084
2019-06-19 19:00:00,67.05376492590537,70.26959313129659,66.8858392027544,69.63986206054688,779400,78.93150131225586,115.67689025878906,70.16883659362793,4.175300505778777,61.81823558207037,78.51943760518549,49.93264695723985
2019-06-20 19:00:00,69.9421340364859,70.31997011952191,68.64068725099602,68.87578582763672,312400,78.51352767944336,115.28298931121826,70.25825805664063,4.124675994470809,62.00890606769901,78.50761004558224,44.08575929756249
2019-06-23 19:00:00,68.85059278439253,68.85059278439253,65.4332526426737,65.49202728271484,363200,78.0174674987793,114.88066665649414,70.34600009918213,3.9952912841733994,62.35541753083534,78.33658266752893,34.07551372077128
2019-06-24 19:00:00,64.31653823897169,64.86230650042543,62.21743446873138,63.60284423828125,375600,77.52409439086914,114.462046585083,70.39595909118653,3.898455613933631,62.599047863319264,78.19287031905378,36.0840642071365
2019-06-25 19:00:00,63.81274068801361,64.6439838059401,61.50372704469733,62.27619552612305,366700,77.00318046569824,114.04952222824096,70.34893856048583,3.994103550386816,62.3607314597122,78.33714566125947,29.78554388196764
2019-06-26 19:00:00,62.96471356624725,64.82032049116381,62.13347028448738,64.18219757080078,448600,76.60384712219238,113.6754115486145,70.23936557769775,4.1364242645571005,61.966517048583555,78.51221410681195,36.91975066027089
2019-06-27 19:00:00,64.23256828417013,65.49203040738915,61.71364403773208,64.87908935546875,678100,76.18889610290528,113.29907587051392,69.99880809783936,4.306444200191158,61.38591969745704,78.61169649822168,43.28808002021776
2019-06-30 19:00:00,64.90428611402277,65.91185328336059,64.65239111871038,64.97985076904297,263000,75.86009254455567,112.92042280197144,69.59787921905517,4.385028974661015,60.82782126973314,78.36793716837721,39.05998722886372
2019-07-01 19:00:00,64.66079285248685,68.22087097167969,64.48446890853633,68.22087097167969,643000,75.55228004455566,112.56909170150757,69.18183727264405,4.075334356507675,61.031168559628696,77.3325059856594,43.441650283309976
2019-07-02 19:00:00,68.85900468760741,71.15962072017288,68.85900468760741,70.79017639160156,569000,75.2123934173584,112.2408170890808,69.08527851104736,4.009401932181843,61.06647464668367,77.10408237541105,41.28670133641021
2019-07-03 19:00:00,71.36952008849721,72.20916150130306,67.25527588455743,68.09491729736328,643500,74.73127876281738,111.89859605789185,68.73514766693116,3.7543836705651974,61.22638032580076,76.24391500806155,38.11996614841249
2019-07-04 19:00:00,66.4576183785502,67.59113299226034,64.69437271211712,64.77833557128906,414000,74.1425220489502,111.52954843521118,68.36276683807372,3.7592680878374263,60.84423066239887,75.88130301374858,36.288783399605016
2019-07-07 19:00:00,64.98825379222339,64.98825379222339,61.79761350966099,61.965545654296875,248500,73.53243873596192,111.15624391555787,68.03026905059815,4.020731166214101,59.98880671816995,76.07173138302635,37.218499998593025
2019-07-08 19:00:00,62.13347159911304,64.26616179839195,61.83959835247066,63.60284423828125,484500,72.93864448547363,110.78034494400025,67.67803974151612,4.087403951683041,59.503231838150036,75.8528476448822,44.034849364842984
2019-07-09 19:00:00,64.23257658743827,64.90429236903589,63.30897219220888,64.33333587646484,245000,72.3260424041748,110.40756101608277,67.30062122344971,4.02686953899626,59.24688214545719,75.35436030144223,40.19853567853246
2019-07-10 19:00:00,64.65239356781514,65.39967396800562,64.2325728303618,64.67758178710938,222500,71.8111743927002,110.04827840805054,66.76073131561279,3.5712442243860743,59.61824286684064,73.90321976438494,42.12351492943231
2019-07-11 19:00:00,63.99746804641502,64.484461592142,61.71364243082482,61.84798812866211,179000,71.33005996704101,109.64810527801514,66.10245246887207,3.159622569429553,59.78320733001297,72.42169760773118,43.01803161529669
2019-07-14 19:00:00,60.462581123068055,60.8824018377563,58.75811004638672,58.75811004638672,377500,70.87195175170899,109.23101341247559,65.38204002380371,3.1063753619719106,59.16928929985989,71.59479074774754,41.12580991558598
2019-07-15 19:00:00,57.72535325305893,61.68846216680376,57.09562212666192,61.44496536254883,567500,70.42173606872558,108.85052995681762,64.97481441497803,3.05926687479955,58.856280665378925,71.09334816457712,48.54968961379634
2019-07-16 19:00:00,62.14186786042555,63.81275261550595,60.076350583954174,60.68928527832031,506500,69.89041099548339,108.46387498855592,64.65659046173096,3.1609588810167435,58.33467269969747,70.97850822376445,43.650786386461014
2019-07-17 19:00:00,60.45418420668619,61.19306637417936,57.65817664969755,57.68336486816406,248000,69.30350166320801,108.06613679885864,64.05876560211182,3.296621460300199,57.46552268151142,70.65200852271222,37.932986711108825
2019-07-18 19:00:00,57.26353884170074,60.56332968031499,56.68419065275301,60.25266647338867,558000,68.79434310913086,107.71399116516113,63.62760963439941,3.195814247223603,57.23598113995221,70.01923812884662,42.678800890688585
2019-07-21 19:00:00,60.72286270420942,61.6296769075303,59.86643133837648,60.77323913574219,257500,68.31171691894531,107.38237476348877,63.39167022705078,3.224979600505382,56.94171102604002,69.84162942806155,37.404125385840395
2019-07-22 19:00:00,61.2938352739228,61.713656063470225,59.32067884424132,61.41138458251953,144500,67.89021713256835,107.0775849533081,63.282097244262694,3.254520637752774,56.77305596875715,69.79113851976824,33.029488699458994
2019-07-23 19:00:00,60.89079683584623,61.71364829844618,59.82445498318762,60.57173538208008,137000,67.4818155670166,106.76674974441528,63.19687423706055,3.3041851530564976,56.58850393094755,69.80524454317354,35.40718338587661
2019-07-24 19:00:00,59.73209175161789,60.45418390518405,58.774901018928944,59.7404899597168,183000,67.13756256103515,106.4624217224121,62.97478885650635,3.3828082608469745,56.2091723348124,69.7404053782003,39.18530518095094
2019-07-25 19:00:00,59.740495269799545,60.57173857871393,56.75976531936977,56.77656173706055,297000,66.72294776916505,106.17274545669555,62.569662475585936,3.6196361710664755,55.33039013345299,69.80893481771889,38.93267328311575
2019-07-28 19:00:00,56.297965084049494,56.297965084049494,53.938568115234375,53.938568115234375,155500,66.24905403137207,105.89658739089965,62.01759834289551,4.049202912609802,53.91919251767591,70.11600416811511,30.39183634549437
2019-07-29 19:00:00,52.9058062572567,53.31723197630541,51.24331657369146,51.285301208496094,386000,65.79967811584473,105.63445138931274,61.17081985473633,4.436011571790278,52.298796711155774,70.04284299831689,25.442485055692046
2019-07-30 19:00:00,51.62954952262019,53.84619903564453,50.42046389354444,53.84619903564453,671500,65.47524055480957,105.38990575790405,60.32362098693848,4.1080723239947385,52.107476338949,68.53976563492796,31.184362869887252
2019-07-31 19:00:00,54.57669346312297,54.99651418207007,52.47758986838747,52.71268844604492,795000,65.11721755981445,105.114965133667,59.55450954437256,4.01544063086575,51.523628282641056,67.58539080610406,33.13701808312305
2019-08-01 19:00:00,52.06616773444964,52.56155634498803,50.890671562360296,52.30126953125,201500,64.8214958190918,104.82856346130372,58.9306562423706,4.128774376700238,50.673107488970125,67.18820499577107,36.77331542083534
2019-08-04 19:00:00,50.88226801180063,53.233266515113165,50.588394800375454,52.519569396972656,316500,64.59714347839355,104.54866897583008,58.458357429504396,4.300054691476807,49.858248046550784,67.05846681245801,29.659378289962703
2019-08-05 19:00:00,52.05777238051238,53.73705536052891,52.05777238051238,52.82184600830078,194500,64.4015071105957,104.2517297744751,57.91930751800537,4.296950920056252,49.32540567789286,66.51320935811788,31.69207202863079
2019-08-07 19:00:00,52.435613067255844,55.617851963609596,50.37849072217154,55.45832443237305,491500,64.24634147644043,103.9430355644226,57.47555694580078,4.050928051798264,49.37370084220426,65.57741304939731,44.73163332274146
2019-08-08 19:00:00,56.213990996873875,58.18715347584684,55.41633420329958,57.9184684753418,422500,64.07723770141601,103.61738059997559,57.1376012802124,3.6837700347261513,49.7700612107601,64.5051413496647,44.44445655008211
2019-08-15 19:00:00,57.3055311385586,58.32989477140963,56.255979286204045,56.54145431518555,218000,63.814262008666994,103.25410970687867,56.87227458953858,3.513827974044387,49.844618641449806,63.89993053762735,40.322601750614616
2019-08-18 19:00:00,55.416335328741155,59.362647554920684,55.08047746980004,59.31227111816406,367000,63.54053886413574,102.87240873336792,56.899982643127444,3.5316211169278695,49.836740409271705,63.96322487698318,45.62628941283371
2019-08-19 19:00:00,59.61453978011369,60.74805439615009,58.10318268809478,58.707725524902344,507000,63.18385917663574,102.47429277420044,56.76312065124512,3.396678322214322,49.969764006816476,63.55647729567376,46.07772358522355
2019-08-20 19:00:00,58.78330641945051,61.638088956571856,56.9696776055299,60.832027435302734,751000,62.94607269287109,102.1126171875,56.770257759094235,3.405500688435031,49.959256382224176,63.581259135964295,52.178291988873305
2019-08-21 19:00:00,61.71364654169384,63.87152481079102,61.71364654169384,63.871524810791016,715000,62.721552505493165,101.73284730911254,57.07966575622559,3.755913420424733,49.56783891537612,64.59149259707505,64.1162603600595
2019-08-22 19:00:00,64.58521538916115,67.06216137955509,63.75397219118381,65.23174285888672,1358500,62.581668319702146,101.32515951156616,57.32861957550049,4.124252367761829,49.08011483997683,65.57712431102415,73.8729213068168
2019-08-25 19:00:00,63.863127460440126,64.64399427524557,61.973934173583984,61.973934173583984,504500,62.448836975097656,100.86490993499756,57.38865432739258,4.185319925132215,49.01801447712815,65.75929417765701,72.03185085691882
2019-08-26 19:00:00,60.53815220229761,63.81275540561936,60.53815220229761,63.40133285522461,375000,62.30391502380371,100.3732998085022,57.488151741027835,4.30784537855737,48.87246098391309,66.10384249814257,70.6608837353324
2019-08-27 19:00:00,63.73718740967713,66.56677507917544,63.22500559771125,63.94709777832031,1186500,62.14522285461426,99.87144617080689,57.65691986083984,4.496975279250425,48.66296930233899,66.65087041934069,74.9254909674249
2019-08-28 19:00:00,62.97311144055266,65.91185664111178,60.75645843032169,60.823631286621094,1433000,61.852187881469725,99.36535230636596,57.71107692718506,4.529790768504465,48.65149539017613,66.77065846419399,66.87727955374383
2019-08-29 19:00:00,59.60614713857677,60.428998611283966,57.784126656243316,57.876487731933594,854500,61.50944633483887,98.86912424087524,57.76607322692871,4.524521690080574,48.71702984676756,66.81511660708986,59.573832453636975
2019-09-01 19:00:00,58.78329804234353,59.77407518150474,57.187978051361156,57.80931091308594,1232000,61.20230537414551,98.3363717842102,57.95961036682129,4.434064166281233,49.091482034258824,66.82773869938376,58.98908741890506
2019-09-02 19:00:00,58.14516943503161,58.14516943503161,54.92094939609224,55.072078704833984,517500,60.91195739746094,97.75248519897461,58.148949241638185,4.209213126558315,49.73052298852156,66.56737549475481,49.30637456924143
2019-09-03 19:00:00,54.585096170030695,57.8177146911621,53.91338040197073,57.81771469116211,583500,60.727236404418946,97.18152898788452,58.34752502441406,4.0874611726028265,50.17260267920841,66.52244736961971,49.820901400565695
2019-09-04 19:00:00,59.18632440486676,59.950401204234986,56.30635395624701,57.070430755615234,527000,60.475847778320315,96.5866849899292,58.56541213989258,3.882277739717548,50.800856660457484,66.32996761932768,50.96183511936999
2019-09-05 19:00:00,55.92012276880725,57.76733791733593,55.62624952421023,57.33911895751953,203500,60.245114440917966,95.99553550720215,58.817304611206055,3.6082131787548213,51.600878253696415,66.0337309687157,46.05308981450705
2019-09-10 19:00:00,58.27111462491611,58.27111462491611,55.83615327604773,56.709381103515625,566500,60.069461517333984,95.38440246582032,59.0267951965332,3.3345795213689176,52.35763615379537,65.69595423927103,46.00672216328886
2019-09-11 19:00:00,56.05446720071313,59.53898063647653,56.05446720071313,59.530582427978516,934500,59.988016281127926,94.77738367080688,59.36223201751709,2.9979909152535704,53.366250187009946,65.35821384802423,47.46980296018057
2019-09-12 19:00:00,58.87566451936411,62.38536625950508,58.77490523282072,61.898372650146484,996000,59.9804598236084,94.15155700683594,59.68423442840576,2.90089682007484,53.882440788256076,65.48602806855544,46.06102955891756
2019-09-15 19:00:00,62.55328920047397,64.98825073242188,62.13346846758488,64.98825073242188,1101500,59.99658088684082,93.53022247314453,60.037723541259766,3.098424160999409,53.84087521926095,66.23457186325858,49.5453199799066
2019-09-16 19:00:00,65.91185016313868,68.23765403180353,64.31653021557861,67.91019439697266,2490500,60.0572029876709,92.93403507232667,60.60616054534912,3.446538306523421,53.713083932302276,67.49923715839596,61.225762954834366
2019-09-17 19:00:00,68.10331105042884,69.6062698497554,64.77833204192375,65.57598876953125,1745500,60.069125747680665,92.37294467926026,60.91934642791748,3.603778970204169,53.711788487509146,68.12690436832582,53.9760194428957
2019-09-18 19:00:00,65.47524063094298,68.85059631457355,64.61040458891571,68.68267059326172,1763500,60.07836174011231,91.83297119140624,61.41809368133545,3.954745271438654,53.50860313845814,69.32758422421276,57.91688243442148
2019-09-19 19:00:00,69.26202100793031,69.48032957730913,66.75989308903742,67.47358703613281,1161500,60.01202995300293,91.30764945983887,61.75017166137695,4.175619736581516,53.39893218821392,70.10141113453999,61.87760071165609
2019-09-22 19:00:00,67.47358970144495,68.2208701045755,64.1066255801545,64.31653594970703,1060000,59.936462326049806,90.7688935470581,61.77242221832275,4.188683929955314,53.395054358412125,70.14979007823338,61.417071599785864
2019-09-23 19:00:00,63.191425338002745,64.86231024182659,62.88915386517595,64.03106689453125,716000,59.92151695251465,90.21792087554931,61.71238842010498,4.144869267043897,53.42264988601718,70.00212695419278,60.94536217493671
2019-09-24 19:00:00,64.60201551960091,65.49203341092034,62.97310904896187,63.08226013183594,978500,59.94385124206543,89.66136447906494,61.76780471801758,4.155944421015118,53.455915875987344,70.07969356004782,65.0378176060876
2019-09-25 19:00:00,62.72121041660251,64.44247785993412,62.72121041660251,63.53566360473633,691000,59.942507629394534,89.10623548507691,61.77452125549316,4.158830903609667,53.45685944827383,70.0921830627125,61.74540104492998
2019-09-26 19:00:00,63.812741303174874,66.33166530198442,63.10744565836661,65.92863464355469,1335500,59.97441360473633,88.58952001571656,61.87359809875488,4.236196531941785,53.40120503487131,70.34599116263846,67.04358710470291
2019-09-29 19:00:00,66.75988568980874,67.91019024221369,64.86229444066048,65.5256118774414,1012000,59.99137420654297,88.05701936721802,62.1086971282959,4.304778271365501,53.4991405855649,70.7182536710269,65.67018053814456
2019-09-30 19:00:00,65.15617699142953,67.08735494075819,65.15617699142953,66.2645034790039,715000,60.07970451354981,87.57120283126831,62.52809791564941,4.279279286269865,53.96953934310968,71.08665648818913,68.21383269862665
2019-10-01 19:00:00,66.08817745464694,69.57269073719691,66.08817745464694,69.47193145751953,1833500,60.29398094177246,87.14227197647095,63.111228942871094,4.395460760061341,54.320307422748414,71.90215046299377,68.67507315415551
2019-10-02 19:00:00,69.68184493855085,72.9396579951167,69.27042240520584,72.6625747680664,2011500,60.51833312988281,86.7627540397644,63.990753746032716,4.4615929625542945,55.067567820924125,72.9139396711413,69.61444273987762
2019-10-03 19:00:00,73.63655744281476,75.14791471454,71.78934869377842,73.85486602783203,2065500,60.78164474487305,86.42479829788208,64.79261131286621,4.726995330807261,55.33862065125169,74.24660197448074,67.3570050065311
2019-10-06 19:00:00,73.79608861573394,77.15465451074863,73.0572064249749,75.2906494140625,2099500,61.13379043579101,86.11211580276489,65.70362224578858,4.912514230911824,55.87859378396493,75.52865070761223,65.3403246968871
2019-10-07 19:00:00,75.14790099860555,75.56772167457541,71.52904882165097,72.23434448242188,3681000,61.37342399597168,85.77718271255493,66.4483835220337,4.702267962377466,57.04384759727876,75.85291944678863,63.43611439550695
2019-10-08 19:00:00,71.78934403130485,72.88088047954331,70.94970258064632,71.60462188720703,1562000,61.59005165100098,85.40740461349488,67.19314556121826,4.234944676705787,58.723256207806685,75.66303491462983,56.55120389186526
2019-10-09 19:00:00,71.53744731041982,75.18149444959147,71.53744731041982,74.94639587402344,2255500,61.86075187683105,85.066048412323,67.96393623352051,4.169286341256609,59.6253635510073,76.30250891603373,65.29209793677299
2019-10-10 19:00:00,75.97076819948023,77.12107299192911,72.41908172081257,73.04881286621094,2860500,62.11029342651367,84.72082990646362,68.52145824432372,4.059584605710571,60.40228903290259,76.64062745574486,68.84059951110709
2019-10-13 19:00:00,73.04880847124909,73.04880847124909,69.7910018478709,70.39553833007812,1239000,62.3233943939209,84.37930570602417,68.79182262420655,3.9913788617007437,60.809064900805055,76.77458034760804,62.458883789728745
2019-10-14 19:00:00,70.71460524686442,73.91363718040047,67.22169367564895,73.60297393798828,5267000,62.65992263793945,84.04722749710083,69.07646160125732,4.125916299014012,60.8246290032293,77.32829419928535,68.92178674821365
2019-10-15 19:00:00,73.84646389438234,75.4165957317846,72.62898633894427,73.01522064208984,2548500,63.04145568847656,83.7115807914734,69.44842319488525,4.129062114842517,61.19029896520021,77.70654742457029,66.96724180287183
2019-10-16 19:00:00,72.2175511629478,72.83888394122867,70.61383317941227,70.76496887207031,1019500,63.43104904174805,83.36073652267456,69.55253810882569,4.134985789980379,61.282566528864926,77.82250968878644,58.7008966243857
2019-10-17 19:00:00,70.44592203955668,72.94805008344802,70.3199745353171,71.0336685180664,1146000,63.77479843139648,83.00707956314086,69.73054218292236,4.11737041084593,61.495801361230505,77.96528300461422,59.957497142201404
2019-10-20 19:00:00,70.44592035265491,70.52988321815198,67.48198699951172,67.48198699951172,1122500,64.07018440246583,82.6168981742859,69.8888147354126,3.955978658636735,61.976857418139126,77.80077205268607,51.997798613166346
2019-10-21 19:00:00,67.80104271840975,68.76663160487851,66.33167027559591,68.17887878417969,885500,64.38773658752442,82.23003332138062,70.09620532989501,3.735294181471573,62.62561696695187,77.56679369283816,47.687681542027704
2019-10-22 19:00:00,69.01013647869692,70.11006478651956,67.84303531388885,68.27124786376953,1351500,64.70277015686035,81.84434396743774,70.3556547164917,3.3863875539721993,63.5828796085473,77.1284298244361,41.1685316299075
2019-10-23 19:00:00,68.67426978590528,69.6902350950828,68.01095232170731,68.53153228759766,1030000,65.01696388244629,81.46469999313355,70.60544815063477,3.0214322268247957,64.56258369698519,76.64831260428436,38.87719159529263
2019-10-24 19:00:00,68.72464750788644,69.22843106815468,67.59113289579405,67.95217895507812,971000,65.2668409729004,81.11826398849487,70.70662536621094,2.887491331403372,64.9316427034042,76.48160802901769,34.097538781208314
2019-10-27 19:00:00,68.05293712719332,71.34432983398438,67.33923682192201,71.34432983398438,1655500,65.53535820007325,80.82308805465698,70.99756126403808,2.618611623643965,65.76033801675015,76.23478451132601,48.099008765131366
2019-10-28 19:00:00,71.49547189131353,73.7205230505649,70.5466729378383,72.6541748046875,2295500,65.85761260986328,80.56703939437867,71.31704483032226,2.3906236503898532,66.53579752954255,76.09829213110197,52.17845855454373
2019-10-29 19:00:00,72.20916808363334,74.64412968392385,71.9992577112972,73.20834350585938,2097000,66.13553405761719,80.31892541885377,71.50386543273926,2.384832289040013,66.73420085465924,76.27353001081929,45.92039861579005
2019-10-30 19:00:00,73.04880016248475,76.23943997334324,73.04880016248475,75.60131072998047,2215500,66.47340576171875,80.11346521377564,71.65080223083496,2.5451265926278523,66.56054904557925,76.74105541609066,55.85512460128534
2019-10-31 19:00:00,75.56772259315935,76.07150612925602,73.59456667330677,73.96400451660156,1708000,66.73604530334472,79.92895391464234,71.65625915527343,2.550212892152174,66.55583337096908,76.75668493957778,58.585821131143376
2019-11-03 19:00:00,74.22430649769319,76.57529874694998,73.80448576683062,75.50895690917969,1715500,66.9687939453125,79.75183149337768,71.6671745300293,2.566999422142681,66.53317568574394,76.80117337431466,54.984610460896036
2019-11-04 19:00:00,75.98755290357373,79.27894592285156,75.14791143502595,79.27894592285156,4145000,67.2497380065918,79.58747159957886,72.01940460205078,3.0808089858732086,65.85778663030436,78.18102257379721,64.0436534070013
2019-11-05 19:00:00,80.81548838029853,83.24205162282533,80.81548838029853,83.11610412597656,2619000,67.67258140563965,79.41895559310913,72.59497871398926,3.9515172342465137,64.69194424549623,80.4980131824823,75.85237289781234
2019-11-06 19:00:00,84.2496249325865,84.2496249325865,79.0354519926483,79.5644302368164,3401500,67.99584335327148,79.23700525283813,72.82588043212891,4.221829613344489,64.38222120543993,81.26953965881789,65.69840480943917
2019-11-07 19:00:00,79.01025604447912,81.34445815837175,78.92629318398517,79.88348388671875,1959000,68.31457107543946,79.08561792373658,73.1676139831543,4.507756424397751,64.15210113435879,82.1831268319498,75.90319168364077
2019-11-10 19:00:00,80.60558065232664,83.87178543919964,80.60558065232664,83.72064971923828,1918000,68.77251144409179,78.95320646286011,73.8338695526123,5.030861189206933,63.77214717419844,83.89559193102616,78.69768752333255
2019-11-11 19:00:00,85.01369295553802,87.90206146240234,82.80543834836782,87.90206146240234,2502500,69.37302291870117,78.8348589515686,74.548823928833,5.931713329396213,62.685397270040575,86.41225058762542,81.4924615390641
2019-11-12 19:00:00,89.00199353884071,90.0095607146339,86.69297955552173,87.51583099365234,2966000,69.9671533203125,78.72318662643433,75.27385444641114,6.584659946341705,62.104534553727724,88.44317433909454,80.3327261042516
2019-11-13 19:00:00,88.24631878622729,90.30344426790923,87.32271443398217,88.63255310058594,2763500,70.63836280822754,78.62788740158081,76.16723365783692,7.130215313323057,61.906803031190805,90.42766428448303,82.48485304614482
2019-11-14 19:00:00,88.68293681321337,92.15065387380078,87.74253603473514,91.76441955566406,2837500,71.31729690551758,78.52797010421753,77.20377120971679,7.818298215793663,61.56717477812946,92.84036764130411,82.34044866977122
2019-11-17 19:00:00,92.3689502757873,94.29172981028736,91.94073137707589,92.46131134033203,1783000,72.02511451721192,78.44299840927124,78.4527374267578,8.170779332835444,62.11117876108692,94.7942960924287,81.99079323621518
2019-11-18 19:00:00,92.85594288247351,93.03227322042024,89.67370749269324,90.32022857666016,1495000,72.68473670959473,78.37465158462524,79.55980491638184,8.205403449029703,63.14899801832243,95.97061181444124,76.29000281081349
2019-11-19 19:00:00,90.68128118338997,91.73083304893846,89.05237463815273,90.04315185546875,2282500,73.35141212463378,78.28514581680298,80.6484001159668,8.072084847793679,64.50423042037943,96.79256981155416,73.7307172040463
2019-11-20 19:00:00,89.03558281597309,90.68127933896551,85.54267120361328,85.54267120361328,1141000,73.87165390014648,78.18149209976197,81.49895706176758,7.611207052615315,66.27654295653696,96.72137116699821,67.38969070841918
2019-11-21 19:00:00,83.25045335623155,88.1623546936887,83.13290406244977,87.6669692993164,1205500,74.38702583312988,78.07275857925416,82.4846965789795,7.017926343648589,68.44884389168232,96.52054926627667,67.94747128821302
2019-11-24 19:00:00,87.74252800176284,89.84163154247486,86.48306587733562,88.72490692138672,1473000,74.86175895690918,77.98262308120728,83.35372543334961,6.631276546323594,70.09117234070243,96.61627852599679,65.15765243522469
2019-11-25 19:00:00,89.62332696158971,91.52091844035088,84.92973431092965,87.52422332763672,1906000,75.25403953552247,77.85982545852661,84.09722785949707,6.187251306729197,71.72272524603868,96.47173047295546,57.72742142526797
2019-11-26 19:00:00,88.58216311011006,89.25387875768727,85.85332870150478,87.86846923828125,1182500,75.69988914489745,77.72313177108765,84.83023414611816,5.676674298183413,73.47688554975133,96.18358274248499,66.40132461068916
2019-11-27 19:00:00,88.07838335768402,91.89035604848902,88.07838335768402,91.42855072021484,2173500,76.15480674743652,77.59114004135132,85.62159614562988,5.419786695021535,74.78202275558681,96.46116953567295,70.21465889553997
2019-11-28 19:00:00,92.36896007978929,95.99621098068262,91.9407411356269,95.29090881347656,3582500,76.7111531829834,77.47065149307251,86.68794136047363,5.093659583536516,76.5006221934006,96.87526052754666,70.24091236572788
2019-12-01 19:00:00,98.23805263724347,100.05168129925151,96.13894894841349,99.87535095214844,2768500,77.42232948303223,77.38244714736939,87.90626106262206,5.192170277140441,77.52192050834118,98.29060161690295,70.65471488477493
2019-12-02 19:00:00,100.33715420020641,104.86282114496102,96.26489441134738,104.35063934326172,4907500,78.22872093200684,77.32430196762085,89.15984573364258,5.968211984369726,77.22342176490314,101.09626970238203,75.45063395558574
2019-12-03 19:00:00,106.04672693351738,109.56482696533203,105.38340936153105,109.56482696533203,5874500,79.15837226867676,77.30708940505981,90.48228187561035,7.332807428805085,75.81666701800019,105.14789673322052,78.15678643171368
2019-12-04 19:00:00,112.092131666616,115.03926849365234,111.6807027508324,115.03926849365234,4419000,80.18844436645507,77.29940668106079,92.25602378845215,8.71343225279044,74.82915928287127,109.68288829403303,79.45177098858434
2019-12-05 19:00:00,116.71016973055599,119.3970199965028,109.2877418671552,109.83350372314453,5270500,81.06654174804687,77.27304197311402,93.75352478027344,9.042566018209406,75.66839274385462,111.83865681669225,69.73109651479177
2019-12-08 19:00:00,107.47410975863647,108.52366161174815,104.3422442103305,105.04754638671875,2167000,81.85698043823243,77.25150514602662,94.81986961364746,9.054648470793124,76.7105726720612,112.9291665552337,65.77907388688375
2019-12-09 19:00:00,105.50095155178394,108.81753918818558,105.37500405061193,107.9359130859375,2264000,82.6904086303711,77.26120302200317,95.82156219482422,9.352323904471909,77.1169143858804,114.52621000376804,68.15472154048994
2019-12-10 19:00:00,108.73357273395574,108.90149846923188,102.54541265909141,102.73853302001953,1565000,83.3557406616211,77.2442843055725,96.58269729614258,9.259777386292797,78.06314252355699,115.10225206872818,67.20431486417581
2019-12-11 19:00:00,102.43625079742438,102.43625079742438,98.7502255639935,100.4966812133789,1511000,83.91242279052734,77.21938890457153,97.17590370178223,9.102349807115164,78.97120408755191,115.38060331601255,62.80589626104285
2019-12-12 19:00:00,100.8073404176867,104.53535013505957,99.93411262776354,103.64533233642578,1358000,84.50823211669922,77.21372125625611,97.76994934082032,9.11827029413318,79.53340875255395,116.00648992908668,64.296059166452
2019-12-15 19:00:00,104.51018282392253,108.82593979876587,103.4858191268819,108.21300506591797,1463500,85.16667922973633,77.23865869522095,98.5575340270996,9.313782070494417,79.92996988611077,117.18509816808844,68.62153453992094
2019-12-16 19:00:00,109.15338054391927,110.3708579952962,102.8056936945017,103.7125015258789,3981000,85.79624237060547,77.24491399765014,99.22714767456054,9.170711482382442,80.88572470979565,117.56857063932543,63.26816475887977
2019-12-17 19:00:00,103.25070578979661,104.69489004802212,101.35311439892203,102.05001831054688,1021000,86.40515029907226,77.23996004104615,99.82749099731446,8.927637779413589,81.97221543848728,117.68276655614163,59.186634828993924
2019-12-18 19:00:00,102.35228963188449,104.5353560267541,96.95339508446531,97.92737579345703,1488500,86.86476989746093,77.21380517959595,100.44672622680665,8.291520481312212,83.86368526418222,117.02976718943107,52.27009094237872
2019-12-19 19:00:00,99.07768519194192,100.32874908417264,95.13137317464509,96.82744598388672,1161500,87.34034255981446,77.17656702041626,100.90475006103516,7.786013815760354,85.33272242951445,116.47677769255587,47.20811742853984
2019-12-22 19:00:00,96.97859179099147,96.97859179099147,91.99111930612023,92.0331039428711,971500,87.77309387207032,77.11754030227661,101.07015991210938,7.545052506558814,85.98005489899175,116.160264925227,38.78269690400756
2019-12-23 19:00:00,90.34541371776197,93.99785254108244,89.92559301609397,93.25057220458984,1497500,88.16604583740235,77.09041986465454,101.35647735595703,7.099453387409,87.15757058113903,115.55538413077502,33.9765564607911
2019-12-25 19:00:00,94.0314450751105,97.81822984384907,93.29256289831397,97.4991683959961,1487500,88.65572479248047,77.09827054977417,101.83801231384277,6.431654778951818,88.97470275593913,114.7013218717464,32.34749230174813
2019-12-26 19:00:00,98.82579206792319,98.90976133425974,92.78037643711768,93.93907928466797,1271500,89.11920700073242,77.07362703323365,101.96353874206542,6.239427248356719,89.48468424535199,114.44239323877886,33.4556935125281
2019-12-29 19:00:00,94.03144272691654,95.29930309033219,92.86434164207527,93.67879486083984,716500,89.57210952758788,77.03689275741577,101.8829330444336,6.339772703907408,89.20338763661879,114.56247845224841,36.93555137956895
2019-12-30 19:00:00,93.87192498396287,95.70234376326951,92.86435131117705,93.7795639038086,790000,90.09806106567383,76.99369325637818,101.5781436920166,6.583223955799398,88.4116957804178,114.74459160361539,32.618586514803184
2019-12-31 19:00:00,94.29173781131239,98.4647504551285,94.29173781131239,98.22126007080078,1875200,90.69890869140625,76.9771523475647,101.27167472839355,6.5900298952637835,88.09161493786598,114.45173451892111,44.348743698640384
2020-01-01 19:00:00,99.49750972330747,102.797300808344,99.16165186921064,102.1507797241211,1776100,91.37649932861328,76.9805948829651,100.90097236633301,6.3011671146687025,88.2986381369956,113.50330659567041,51.985490932015665
2020-01-02 19:00:00,102.43626001490345,102.85608075266946,98.57391050864749,99.87535095214844,1520600,92.0033757019043,76.9764386177063,100.14277648925781,5.351107584681298,89.44056131989521,110.84499165862042,45.37782049025097
2020-01-05 19:00:00,96.47479032484125,98.23803584079269,95.29929117888864,95.55957794189453,1003900,92.55552368164062,76.9598136329651,99.42908020019532,4.925556137536043,89.57796792512323,109.2801924752674,34.389865304691796
2020-01-06 19:00:00,97.44039762073108,100.337158203125,96.64273436047979,100.337158203125,1021900,93.13538024902344,76.96611101150512,99.19356079101563,4.752334703483004,89.68889138404963,108.69823019798163,45.86421912413391
2020-01-07 19:00:00,98.52352197809779,101.59661267605028,95.71912268652672,96.75188446044922,2487800,93.61733444213867,76.95267671585083,98.63435935974121,4.30659196302952,90.02117543368217,107.24754328580025,43.80036378069812
2020-01-08 19:00:00,100.67301257028649,101.58821868896484,99.66543897235998,101.58821868896484,1919700,94.18493194580078,76.96329820632934,98.57684364318848,4.256282259231243,90.064279124726,107.08940816165097,54.21337816981995
2020-01-09 19:00:00,101.93247319672572,103.21712358883018,99.6486474303374,100.48828887939453,1344100,94.68267150878906,76.99104833602905,98.57642402648926,4.256083434383394,90.06425715772248,107.08859089525605,54.21337816981995
2020-01-12 19:00:00,99.91733016824347,100.74857339026126,99.24561446187299,99.93412017822266,631900,95.20207382202149,77.03214876174927,98.3908634185791,4.1015499663955595,90.18776348578798,106.59396335137022,60.07707840800373
2020-01-13 19:00:00,100.66461727584186,103.43543674289904,99.92573507407283,101.10123443603516,1122200,95.71391937255859,77.06124235153199,98.03527488708497,3.463906456492052,91.10746197410086,104.96308780006908,60.02573364064567
2020-01-14 19:00:00,100.75697113804388,101.42868684134645,99.07768828574315,99.88374328613281,473800,96.12601531982422,77.09461809158326,97.84383697509766,3.231646756998364,91.38054346110093,104.30713048909439,53.30077382859603
2020-01-15 19:00:00,100.00968598983465,102.18435410451815,99.56467708024802,100.44629669189453,703300,96.47261917114258,77.13970682144165,97.76365089416504,3.140394824973651,91.48286124421773,104.04444054411235,59.82253620654788
2020-01-16 19:00:00,101.51266380152398,101.5882284655137,99.37997351418517,99.96772003173828,496000,96.88068496704102,77.19491327285766,97.8656681060791,3.1788981719732776,91.50787176213254,104.22346445002566,59.43087663578348
2020-01-19 19:00:00,99.62345465527707,100.7149846455538,97.81822434118006,98.37239074707031,516800,97.25046310424804,77.23509016036988,97.94291534423829,3.1711030632021053,91.60070921783408,104.2851214706425,56.59192422458868
2020-01-20 19:00:00,98.32201874122892,98.90977163702894,94.12381122532712,95.2657241821289,1095300,97.48136459350586,77.26565317153931,98.10454635620117,2.9270156181566973,92.25051511988778,103.95857759251456,45.588981449008685
2020-01-21 19:00:00,95.46723131204938,97.82662816754669,94.45966412377813,96.6847152709961,814900,97.65701766967773,77.29650995254516,98.27625350952148,2.7207407705072733,92.83477196850694,103.71773505053602,41.181266740192214
2020-01-22 19:00:00,97.80983723564424,100.50508570106196,96.72669892424074,97.35643005371094,1869200,97.85382965087891,77.30813901901246,98.26911659240723,2.723072680768317,92.82297123087059,103.71526195394387,45.71429832409022
2020-01-23 19:00:00,96.55876500514219,102.70494005183997,96.55876500514219,101.74774932861328,2029700,98.11613357543945,77.36418508529663,98.6595500946045,2.6276892781183316,93.40417153836783,103.91492865084116,60.501582171951796
2020-01-26 19:00:00,102.77211999645124,102.85608286453716,96.98699062373049,98.25484466552734,1801400,98.24594207763671,77.40633504867554,98.88835258483887,2.3563924266525773,94.17556773153372,103.60113743814402,46.30512035674494
2020-01-27 19:00:00,98.14569017335495,100.16922917560585,97.003777270317,99.22882843017578,772400,98.38129241943359,77.45343900680543,99.16081581115722,2.026542270641618,95.10773126987398,103.21390035244046,54.8440107331024
2020-01-28 19:00:00,100.32876067144821,100.76537783717403,98.2380551378238,98.80061340332031,1029600,98.5509001159668,77.49856973648072,99.18978347778321,2.0165211861602335,95.15674110546274,103.22282585010367,43.41270674026727
2020-01-29 19:00:00,98.65786477441688,99.58146903579478,97.87699801400667,99.32118225097656,574700,98.73646072387696,77.54370046615601,99.04830360412598,1.8933433525768957,95.26161689897218,102.83499030927977,47.16440851202024
2020-01-30 19:00:00,99.92572304300286,100.75696622065577,97.82661958007253,98.12889099121094,1115600,98.98818511962891,77.59298742294311,98.9609806060791,1.8934657458210093,95.17404911443708,102.74791209772113,45.74593975151103
2020-02-02 19:00:00,96.55876735079448,96.55876735079448,93.41011189370336,94.05663299560547,641100,99.11597839355468,77.6216611289978,98.88583335876464,2.058220760833693,94.76939183709726,103.00227488043203,35.39849682083046
2020-02-03 19:00:00,95.7191271692966,95.88705290019367,91.94074057050858,93.5192642211914,926100,99.21186553955079,77.66851312637328,98.54493865966796,2.349229637374523,93.84647938491892,103.243397934417,36.42548036946164
2020-02-05 19:00:00,94.45966403413742,95.71072801301077,91.73082929537345,92.15065002441406,395800,99.30439407348632,77.70113317489624,98.31487693786622,2.7287170087798915,92.85744292030644,103.772310955426,32.89472897636155
2020-02-06 19:00:00,91.65525999014308,92.36055570429902,86.6258032990482,86.68457794189453,952500,99.28071624755859,77.72745592117309,97.5696949005127,3.662866269858021,90.24396236079666,104.89542744022874,27.283132310036905
2020-02-09 19:00:00,85.64343237871597,85.73579345552245,81.487209546249,81.51239776611328,898400,99.08239318847656,77.71696043014526,96.62090034484864,5.0587577795868,86.50338478567504,106.73841590402223,24.309089873363277
2020-02-10 19:00:00,83.03214384550009,83.5443256509118,76.78520930471191,80.49642944335938,1188100,98.78650360107422,77.68052003860474,95.64901580810547,6.140287668177842,83.36844047174979,107.92959114446116,25.963351530338954
2020-02-11 19:00:00,81.23530679341305,84.7617981693495,79.51403933256572,83.91376495361328,1621900,98.46727188110351,77.63933561325074,94.78964233398438,6.5275871644574694,81.73446800506943,107.84481666289932,30.484963089736482
2020-02-12 19:00:00,84.55189713910448,85.64343365989747,82.28486763401914,82.97337341308594,1397600,98.0397265625,77.58312162399292,93.94412384033203,6.916626824050591,80.11087019223085,107.7773774884332,28.20053487561043
2020-02-13 19:00:00,82.96496441086079,83.62828188339091,81.02539483315425,81.50399017333984,549200,97.47850982666016,77.52829301834106,92.9970085144043,7.267421648371764,78.46216521766077,107.53185181114783,16.336184716006954
2020-02-16 19:00:00,81.86503946250794,82.16731088992289,79.85829695636497,80.61397552490234,427300,96.79000396728516,77.4649001121521,92.0293212890625,7.572503050436822,76.88431518818885,107.17432738993614,17.88440394394648
2020-02-17 19:00:00,80.60558828081022,81.445229825402,78.68280837498027,79.22857666015625,402800,96.17790542602539,77.38622579574584,91.0721305847168,7.930001322573254,75.2121279395703,106.93213322986331,14.126473717154141
2020-02-19 19:00:00,83.89697505557218,84.5518943843276,81.88183422450903,82.36882781982422,940800,95.7243310546875,77.34596502304078,90.42728576660156,8.093721587269387,74.23984259206279,106.61472894114033,23.140228716493354
2020-02-20 19:00:00,82.28486040342658,82.28486040342658,80.60557753805053,81.02539825439453,263300,95.18612075805665,77.32157346725464,89.64431991577149,8.213075607740496,73.2181687002905,106.07047113125248,20.876748835405152
2020-02-23 19:00:00,81.0169994866501,81.0169994866501,75.76084876662618,76.12189483642578,670800,94.65378799438477,77.29386533737183,88.58259315490723,8.530044952009854,71.52250325088752,105.64268305892693,18.670790455938942
2020-02-24 19:00:00,75.65169029582155,77.91872596245747,74.39222817189793,76.2982177734375,834800,94.16981872558594,77.25557767868042,87.31011657714843,8.359275589990302,70.59156539716783,104.02866775712904,21.564910814743143
2020-02-25 19:00:00,76.99511201248981,77.70881231052172,74.72808284802186,77.23021697998047,983300,93.64151641845703,77.20545106887818,86.25888519287109,8.231479479136233,69.79592623459862,102.72184415114356,24.243197791830838
2020-02-26 19:00:00,75.35782631312772,75.98755745223463,72.79691711837702,75.31584167480469,1070600,92.98357315063477,77.14688611984253,85.06323585510253,7.981317200927574,69.10060145324738,101.02587025695769,23.8318710176882
2020-02-27 19:00:00,75.31583358913456,77.65004214183432,74.72808715144927,75.26545715332031,1204900,92.41463226318359,77.0946604347229,83.88647804260253,7.5738914685698715,68.7386951054628,99.03426097974227,28.656597740238354
2020-03-01 19:00:00,76.40737292386763,80.53001557077253,75.9875521935167,80.3620834350586,1237300,91.98087356567383,77.0719481086731,82.93852310180664,6.673323560541636,69.59187598072336,96.28517022288992,47.84386551180129
2020-03-02 19:00:00,81.445221555473,82.36882587955006,78.59043931254358,79.90867614746094,1381600,91.6204995727539,77.05905961990356,82.02751235961914,5.656694143521244,70.71412407257665,93.34090064666162,48.87458877013785
2020-03-03 19:00:00,80.1857660346418,80.50482750957771,77.26381069454918,78.12864685058594,771800,91.24652359008789,77.04474378585816,81.23111305236816,4.951246285873856,71.32862048062044,91.13360562411587,38.181826683146014
2020-03-04 19:00:00,78.92629340959745,83.50233658213334,78.92629340959745,81.60475158691406,1246300,91.03795654296874,77.06800184249877,80.6353874206543,4.025086608582636,72.58521420348903,88.68556063781956,47.46656890037781
2020-03-05 19:00:00,80.19415085443353,80.60557334136256,77.66682847995871,78.18740844726562,514100,90.73669326782226,77.07140237808227,79.93722534179688,3.0041010948958977,73.92902315200507,85.94542753158868,44.27369742756286
2020-03-08 19:00:00,72.72134229587945,83.53592124097932,72.72134229587945,83.14128875732422,2548100,90.44953567504882,77.09894254684448,79.76006088256835,2.671283495242445,74.41749389208346,85.10262787305325,53.82658895970287
2020-03-09 19:00:00,83.55272247847121,88.16235224504446,82.57873532166714,87.4318618774414,2076000,90.3193913269043,77.16733137130737,80.05603408813477,3.1590571370716307,73.73791981399151,86.37414836227802,61.41621108535766
2020-03-10 19:00:00,87.33111215074392,89.1699226363628,83.58631191770344,86.08843994140625,2951300,90.16758422851562,77.24743318557739,80.33563461303712,3.4354624384158075,73.4647097362055,87.20655948986872,55.448959031631965
2020-03-11 19:00:00,83.12450785340106,85.2236115870728,80.0682133296515,80.2865219116211,1154500,89.89772338867188,77.2957966041565,80.1542724609375,3.3307750944673375,73.49272227200284,86.81582264987217,49.042655535112914
2020-03-12 19:00:00,79.42167786660107,82.28485814846238,74.72808546135869,80.19415283203125,735500,89.53718124389648,77.36133058547973,80.01531143188477,3.2642823728335015,73.48674668621777,86.54387617755177,56.02783905585361
2020-03-15 19:00:00,77.25541831932523,77.263810122266,74.18232727050781,74.18232727050781,373400,88.97781219482422,77.41355628967285,79.64922828674317,3.491210401103659,72.66680748453585,86.63164908895048,47.32938262664859
2020-03-16 19:00:00,74.1823247358602,79.74075373394425,73.21673573628063,77.75080108642578,2215500,88.53532119750976,77.489291973114,79.50606956481934,3.508229808823391,72.48960994717255,86.52252918246613,50.616065185861466
2020-03-17 19:00:00,78.08665605949895,78.08665605949895,71.92369079589844,71.92369079589844,306500,88.06260345458985,77.53282739639282,79.14082527160645,3.897321948585309,71.34618137443583,86.93546916877706,46.325935778412486
2020-03-18 19:00:00,66.75149505945235,72.76333089689832,66.53318648948965,66.61714935302734,757600,87.38820327758789,77.53404485702515,78.35324134826661,4.716209106474078,68.92082313531846,87.78565956121476,41.59045995258227
2020-03-19 19:00:00,68.06132755699684,69.89174600399556,61.621279771887956,61.906761169433594,1777900,86.69130081176758,77.49512746810913,77.39730949401856,5.9279894165250955,65.54133066096837,89.25328832706874,31.91838360256945
2020-03-23 19:00:00,57.27194595336914,57.27194595336914,57.27194595336914,57.27194595336914,37300,85.80497535705567,77.41649505615234,76.45481204986572,7.445654537612886,61.56350297463995,91.3461211250915,29.501209287376795
2020-03-24 19:00:00,57.935262711738375,59.61454568889021,52.98137664794922,52.98137664794922,255500,84.85483711242676,77.29869338989258,75.28896999359131,9.110755795596738,57.06745840239783,93.51048158478478,28.218168361160025
2020-03-25 19:00:00,51.47001515708713,54.576688855617824,49.5388406535608,49.807525634765625,408500,83.85230522155761,77.18412425994873,73.91783542633057,10.723920431230738,52.46999456386909,95.36567628879205,22.313200801747627
2020-03-26 19:00:00,50.378490196957756,52.05777320352302,49.62281156281213,51.352474212646484,367000,82.85733001708985,77.06539896011353,72.71966705322265,11.840109963747274,49.0394471257281,96.3998869807172,25.846442030124535
2020-03-29 19:00:00,51.125764335881826,52.81344534362721,49.538842602285065,52.200504302978516,329200,81.90366523742676,76.96527172088624,71.56641941070556,12.673078106876247,46.22026319695307,96.91257562445806,19.928191959709196
2020-03-30 19:00:00,52.89740929166228,56.11323745745777,52.05776787433431,55.760589599609375,601100,81.00995109558106,76.90099716186523,70.3363447189331,12.964993638332368,44.40635744226837,96.26633199559784,18.774840230465884
2020-03-31 19:00:00,55.41633615569665,56.969671569778775,53.99734004362215,56.6422119140625,577200,80.14344093322754,76.83097106933593,69.17302150726319,13.103963777988007,42.96509395128717,95.3809490632392,20.701756356974997
2020-04-01 19:00:00,56.25597806867423,60.88240432739258,55.7521944716385,60.88240432739258,776200,79.39364120483398,76.77597455978393,68.31070938110352,13.050958688473028,42.208792004157466,94.41262675804958,30.074153046139827
2020-04-02 19:00:00,62.97310594136422,65.44165374417149,62.97310594136422,65.2401351928711,549500,78.79312942504883,76.72479833602905,67.49247856140137,12.681378318882231,42.12972192363691,92.85523519916583,35.880763680197575
2020-04-05 19:00:00,65.48363356013239,66.32327499305713,61.39458388160062,61.982330322265625,409900,78.09908172607422,76.659642162323,66.68222465515137,12.478148786805656,41.725927081540064,91.63852222876268,37.84913233815058
2020-04-06 19:00:00,62.04950151280489,64.65238860398188,62.03270509726093,64.0142593383789,565000,77.43223831176758,76.61388166427612,65.7258731842041,11.86836757909981,41.98913802600448,89.46260834240373,35.88681079216768
2020-04-07 19:00:00,64.24096540965168,65.06381039562288,63.18301545030461,63.552459716796875,408400,76.66833251953125,76.5836965751648,64.53190307617187,10.714887133604488,43.102128808962895,85.96167734338084,40.33352021986595
2020-04-08 19:00:00,64.65238507042315,66.08817103509064,64.48445935989506,65.34928894042969,539300,76.0102214050293,76.57517419815063,63.49494552612305,9.447487937482245,44.59996965115856,82.38992140108753,48.406834101789826
2020-04-09 19:00:00,67.00338888861718,69.05210962825666,65.91185246377742,67.64990997314453,747300,75.37864303588867,76.56522443771362,62.86311492919922,8.65468547341291,45.553743982373405,80.17248587602504,57.68194416664286
2020-04-12 19:00:00,67.59113684789091,67.59113684789091,63.392929590257936,63.938697814941406,533400,74.6814047241211,76.54053899765015,62.05034217834473,7.645941631089222,46.75845891616628,77.34222544052318,59.14325173591874
2020-04-13 19:00:00,63.00669529127041,64.82031749547079,62.343377775849696,63.938697814941406,216100,73.97375503540039,76.53277235031128,61.538160705566405,7.115151633577046,47.30785743841231,75.7684639727205,67.03211082722902
2020-04-14 19:00:00,64.24095951224533,66.73469527022878,64.23256130533542,64.61039733886719,312100,73.30338516235352,76.53781011581421,60.881140518188474,6.069066050956407,48.74300841627566,73.01927262010129,74.9504781921441
2020-04-15 19:00:00,63.812748854405235,65.49203171899484,63.39292813825783,64.83711242675781,136500,72.71899475097656,76.55061470031738,60.526811599731445,5.5773909640105055,49.372029671710436,71.68159352775245,73.78555889974236
2020-04-16 19:00:00,68.85059751947243,69.69863716063598,67.17131465314382,69.69023895263672,896400,72.24241424560547,76.57815490722656,60.68046607971191,5.792202118554177,49.09606184260356,72.26487031682026,77.03090434452653
2020-04-19 19:00:00,71.27716162639577,71.27716162639577,67.33924120646621,69.06050872802734,820000,71.78061141967774,76.59906200408936,61.0381534576416,6.085379425075,48.8673946074916,73.20891230779159,72.60275535614588
2020-04-20 19:00:00,65.5424119197134,67.17131844183383,63.888317178130265,63.997474670410156,527900,71.32686935424805,76.5941501235962,61.374429893493655,6.052040275565698,49.27034934236226,73.47851044462504,60.94454170968298
2020-04-21 19:00:00,62.97310871601412,65.08061054804438,61.54572081416682,63.871524810791016,342700,70.9740518951416,76.57240339279174,61.918937301635744,5.738966587412663,50.44100412681042,73.39687047646107,55.06833631947634
2020-04-22 19:00:00,65.49202938971348,68.38878966572246,63.81274658484904,67.95217895507812,1104600,70.72316688537597,76.55821340560914,62.82616996765137,5.124920037456141,52.57632989273908,73.07601004256365,54.642145050692676
2020-04-23 19:00:00,68.05293952889028,68.75823524554134,65.57599350084807,65.82788848876953,486200,70.3614493560791,76.54687826156616,63.54994068145752,4.388495973591912,54.7729487342737,72.32693262864134,56.84809137364253
2020-04-26 19:00:00,67.98576854548458,70.69780681428513,65.96222959654301,69.37957000732422,1673200,70.08957328796387,76.56988443374634,64.40889396667481,3.673073417944346,57.06274713078612,71.7550408025635,59.06383824438062
2020-04-27 19:00:00,69.2704211315232,72.04124053916654,68.85060039739275,69.43834686279297,1334300,69.84826042175293,76.60724843978882,65.09278182983398,3.223973309932016,58.64483520996995,71.54072844969801,60.08053451692095
2020-04-28 19:00:00,69.94213504996127,70.52148329194765,68.01095716079102,68.699462890625,545200,69.60997016906738,76.63273153305053,65.69564437866211,2.6339206865458493,60.42780300557041,70.96348575175381,55.953456867353175
2020-04-29 19:00:00,69.2536246157279,70.9916820355325,69.2536246157279,70.52987670898438,1141400,69.43599617004395,76.66371423721313,66.1780179977417,2.5890667058754677,60.99988458599077,71.35615140949264,55.20485293387678
2020-05-03 19:00:00,69.27041808073304,75.48376595340812,69.27041808073304,74.90441131591797,1902800,69.28670783996581,76.71484838485718,66.66123180389404,3.2278595342221243,60.205512735449794,73.1169508723383,69.35388396486806
2020-05-04 19:00:00,76.40737544690641,78.00269555610997,75.14791321426509,75.97915649414062,1128300,69.18578300476074,76.78550422668457,67.36107311248779,3.649790986046872,60.06149114039404,74.66065508458153,70.47402072405497
2020-05-05 19:00:00,77.24700863745579,78.25457575295346,75.56772584098937,75.97075653076172,1057100,69.18276023864746,76.87156745910644,67.95889797210694,4.031952024721897,59.89499392266315,76.02280202155073,69.7633770199717
2020-05-06 19:00:00,75.18989547758574,75.39980584306647,71.36952426345375,72.20076751708984,687400,69.1008112335205,76.92534646987914,68.39131336212158,3.998112733803875,60.39508789451383,76.38753882972932,61.40442191950196
2020-05-07 19:00:00,72.20916129891133,73.42663878168516,71.36951988845887,72.08321380615234,470300,68.99787117004395,76.9823161125183,68.72800960540772,4.011969803065623,60.70406999927648,76.75194921153897,54.34318187797627
2020-05-10 19:00:00,72.36869260144577,74.22429928277062,72.36869260144577,73.51899719238281,314800,68.96193428039551,77.0614942741394,69.02146396636962,4.141516924710541,60.73843011694854,77.30449781579071,57.86199457232142
2020-05-11 19:00:00,73.81288216377278,74.47619326501696,73.30909217433576,73.50221252441406,405200,68.92666938781738,77.12774200439453,69.49963970184326,4.075347202037977,61.34894529776731,77.65033410591921,70.38904658595311
2020-05-12 19:00:00,74.26627958433028,78.84232907741838,73.6029685127424,77.56607055664062,2525000,68.87074913024902,77.21170616149902,70.18100833892822,4.232820443303367,61.71536745232149,78.64664922553496,75.13097365378097
2020-05-13 19:00:00,77.25541634120655,78.84233826645257,75.98755588036367,77.97750854492188,1631700,68.83212577819825,77.29453678131104,70.84936389923095,4.360337593448745,62.128688712333464,79.57003908612845,71.26070526440458
2020-05-14 19:00:00,78.42250620259827,79.13620009467482,76.82718629880898,77.23021697998047,793600,68.81415718078614,77.37782918930054,71.46901912689209,4.341519264124459,62.78598059864318,80.15205765514101,75.68076469439993
2020-05-17 19:00:00,78.08665385383327,81.277293885512,76.42416098542142,79.98424530029297,2095400,68.78174705505371,77.47904796600342,71.9837194442749,4.713774275216064,62.55617089384277,81.41126799470703,74.77440641992595
2020-05-18 19:00:00,81.23531923347535,82.3688340346116,78.84234211864181,79.54763793945312,1903300,68.80895164489746,77.59290334701538,72.5080759048462,4.948909494931019,62.610256914984156,82.40589489470824,73.20740692219285
2020-05-19 19:00:00,79.76593769817238,80.1773602147374,77.92712087396126,78.5400619506836,349300,68.71692710876465,77.71591081619263,73.23520526885986,4.694468069394534,63.84626913007079,82.62414140764892,72.31529196988105
2020-05-20 19:00:00,78.50648607254999,79.34612763482325,76.40738216686684,76.60889434814453,427400,68.50046775817871,77.84252878189086,73.87207374572753,4.194694743194251,65.48268425933904,82.26146323211603,63.72253775386098
2020-05-27 19:00:00,76.56690095407448,77.49890341614656,76.07990740694653,77.1042709350586,448100,68.32078437805175,77.95881914138793,74.32967834472656,4.010038198669051,66.30960194738846,82.34975474206466,56.020217441050555
2020-05-28 19:00:00,77.45692185700548,78.08665292901365,76.04632399946894,76.53331756591797,522900,68.2457202911377,78.0779222869873,74.86494979858398,3.4971643040201785,67.87062119054362,81.85927840662434,51.55954036769382
2020-05-31 19:00:00,77.24701597023159,77.25541417867868,74.80365619457513,75.38301086425781,289600,68.14949745178222,78.19333099365234,75.16512184143066,3.250505514727632,68.66411081197539,81.66613287088593,48.445833869632985
2020-06-01 19:00:00,76.39898065693168,76.40737886585949,74.50978722343517,75.04715728759766,552600,68.16679405212402,78.30596893310548,75.4455623626709,2.959329246415955,69.52690386983899,81.36422085550281,59.19698622086453
2020-06-02 19:00:00,75.56773459013728,77.07909184432252,75.48377172178392,75.7104721069336,744000,68.12598747253418,78.42041206359863,75.79611282348633,2.497341415432743,70.80142999262084,80.79079565435181,61.32079065899997
2020-06-03 19:00:00,75.57613228087284,76.91115917462466,75.23187619524003,76.43256378173828,637800,68.21616493225098,78.52528326034546,76.09124717712402,2.1694931500493784,71.75226087702526,80.43023347722277,59.51732391354516
2020-06-04 19:00:00,77.22182672822471,77.96070891288058,76.6256820554985,76.82719421386719,772500,68.42036582946777,78.61982688903808,76.18738632202148,2.156696962949635,71.87399239612222,80.50078024792074,60.59958225467678
2020-06-07 19:00:00,77.58287240403038,79.67357785166,77.58287240403038,78.77516174316406,1015600,68.75773384094238,78.73099542617798,76.32718658447266,2.231801652563887,71.86358327934488,80.79078988960043,54.4554739370603
2020-06-08 19:00:00,78.9262972300821,81.26889767190244,78.25458149978411,80.40406799316406,1097600,69.22037628173828,78.83645441055297,76.54885215759278,2.4077620185619995,71.73332812046878,81.36437619471677,58.20555819281336
2020-06-09 19:00:00,80.59718509512226,83.33441815514541,80.18576255734395,81.05899047851562,2701800,69.7819285583496,78.94821073532104,76.99176330566407,2.38041507607539,72.23093315351329,81.75259345781484,63.02862041410578
2020-06-10 19:00:00,81.44521952448254,82.28486096287926,79.76593664768909,80.26132202148438,938000,70.39100448608399,79.04535720825196,77.40066871643066,2.187442944358999,73.02578282771266,81.77555460514866,51.08765511297034
2020-06-11 19:00:00,77.2554046728397,78.59043138363363,77.24700646542598,77.45691680908203,878700,70.9130933380127,79.11328416824341,77.59756469726562,1.9877738876976405,73.62201692187034,81.57311247266091,43.07943840501934
2020-06-14 19:00:00,76.57530062577743,77.16305350697954,73.51061434005129,74.20751190185547,582600,71.35323348999023,79.15816301345825,77.6328296661377,1.9162646191159574,73.80030042790578,81.46535890436961,37.51208381749236
2020-06-15 19:00:00,74.64412681962727,76.39897439016022,74.56016395510593,76.1890640258789,446800,71.76180297851562,79.22923866271972,77.56397933959961,1.9433358029164174,73.67730773376678,81.45065094543244,48.79340755144266
2020-06-16 19:00:00,76.40736465020512,78.29655773221569,74.14872731558458,75.00516510009766,992600,72.12906204223633,79.28725782394409,77.4153621673584,2.0221055915732156,73.37115098421197,81.45957335050483,44.196836854876
2020-06-17 19:00:00,74.72808730844352,75.98754945409145,74.47619231693164,74.94639587402344,507900,72.41034187316895,79.3422543144226,77.30117111206054,2.0962376487534278,73.10869581455368,81.4936464095674,45.48495084915076
2020-06-18 19:00:00,75.98755142168689,76.19746178473022,73.59457456418406,74.09835815429688,195100,72.58750633239747,79.40862794876098,77.00687675476074,2.112830150956934,72.78121645284688,81.2325370566746,46.28098771976323
2020-06-21 19:00:00,73.88845548005933,74.3922391225957,72.21757061003038,74.05638122558594,447300,72.82898735046386,79.48952741622925,76.73231391906738,2.1220550509281018,72.48820381721117,80.97642402092359,47.08209884504473
2020-06-22 19:00:00,74.72809464702163,75.56773615990951,74.3082738905777,75.30744934082031,421300,73.05485115051269,79.57701810836792,76.57068328857422,2.1001131805399744,72.37045692749427,80.77090964965416,48.852787124633906
2020-06-23 19:00:00,75.81122880368396,77.06229279550863,74.92121089881009,75.55933380126953,643800,73.29498863220215,79.6794543838501,76.51820526123046,2.112186705311476,72.29383185060752,80.74257867185341,47.44596302564212
2020-06-24 19:00:00,74.73648198993784,75.4417776833622,74.06476631490523,74.1571273803711,285000,73.47114540100098,79.76115144729614,76.3708480834961,2.171129392161477,72.02858929917315,80.71310686781905,42.625212148082845
2020-06-25 19:00:00,75.14790531430849,75.39980029673866,73.1327646727337,73.52739715576172,457900,73.58869514465331,79.84343627929688,76.22055206298828,2.2614538044404506,71.69764445410738,80.74345967186918,34.367166082794796
2020-06-28 19:00:00,75.14791082439964,76.19746265155607,74.73648830182199,75.50895690917969,721500,73.82010032653808,79.93428546905517,76.22684936523437,2.259173022494678,71.70850332024501,80.74519541022373,35.71778369792075
2020-06-29 19:00:00,76.39897242603418,76.39897242603418,74.5601620382535,74.99677276611328,311000,74.04126182556152,80.02572242736817,76.22433013916016,2.260585395509817,71.70315934814053,80.74550093017979,32.16401651550203
2020-06-30 19:00:00,75.19829123112227,77.24701855576822,74.25789684416843,76.80200958251953,832000,74.28509407043457,80.11207956314087,76.27890701293946,2.260702860388657,71.75750129216215,80.80031273371677,40.391820972415466
2020-07-01 19:00:00,77.65843307225954,82.06655052329336,77.65843307225954,80.29490661621094,3275500,74.59424995422363,80.2040622329712,76.47202415466309,2.4329268580819168,71.60617043849925,81.33787787082693,57.592102830080464
2020-07-02 19:00:00,79.85829643748801,80.58878678332043,78.50647323087563,79.29573822021484,693500,74.78635993957519,80.27559967041016,76.59545135498047,2.513186891873679,71.56907757123311,81.62182513872783,65.47498057865852
2020-07-05 19:00:00,79.56442661004483,85.2403982721203,79.43008090147322,84.9381332397461,4276000,75.10391242980957,80.36073936462402,76.90359992980957,3.1031066902201174,70.69738654936934,83.1098133102498,71.76275676742526
2020-07-06 19:00:00,85.64342876487832,85.68541340018466,82.83902936841666,83.25885009765625,1689500,75.4891399383545,80.44915367126465,77.04633903503418,3.329964362675071,70.38641030968404,83.70626776038432,70.03672010522997
2020-07-07 19:00:00,82.71308878895525,87.49064473138404,82.71308878895525,85.97929382324219,2968500,75.93129531860352,80.53563678741455,77.2923542022705,3.7917530376228816,69.70884812702474,84.87586027751627,73.71842772894837
2020-07-08 19:00:00,87.31431510371777,87.32271331212702,84.80378888966182,85.08926391601562,1273000,76.27403701782227,80.62371517181397,77.53375129699707,4.129368569635926,69.27501415772521,85.79248843626893,73.58556980942284
2020-07-09 19:00:00,85.64342214893078,85.73578321470508,84.38396005850532,85.08086395263672,608500,76.6590965270996,80.72753681182861,77.91494865417481,4.460521495886501,68.9939056624018,86.83599164594781,73.69176461715283
2020-07-12 19:00:00,85.64342836272611,89.33785204387803,85.11445655251222,88.7500991821289,3336500,77.0465071105957,80.8511319732666,78.64207801818847,4.979483410855993,68.68311119647649,88.60104483990045,76.16864085044017
2020-07-13 19:00:00,88.75010225674797,92.31857856215292,86.60902031707867,89.44700622558594,5052500,77.44668029785156,80.98295570373536,79.30497512817382,5.491861874354711,68.3212513794644,90.28869887688325,76.57452007653431
2020-07-14 19:00:00,90.51335371307223,90.68127944596009,88.01121929492413,88.53179931640625,1913000,77.84332702636719,81.1079363822937,79.98130683898925,5.760792236977341,68.45972236503457,91.50289131294394,78.0288048004232
2020-07-15 19:00:00,88.91802863309768,90.68127435321912,88.91802863309768,89.41341400146484,1751500,78.22099777221679,81.22536027908325,80.70465774536133,5.998672674144639,68.70731239707206,92.7020030936506,80.6744269091929
2020-07-16 19:00:00,89.92559284359277,96.11375228045252,89.92559284359277,95.69393157958984,6459000,78.63678817749023,81.376201877594,81.78443641662598,6.6546940274923445,68.47504836164129,95.09382447161067,83.42600488941952
2020-07-19 19:00:00,96.97858599477574,102.86447426310465,96.97858599477574,102.6545639038086,6703500,79.1702963256836,81.55815217971802,83.2143455505371,7.868527184670133,67.47729118119683,98.95139991987737,87.74059202921002
2020-07-20 19:00:00,103.48581292976792,103.52779756636123,96.13055173435767,96.43282318115234,2761500,79.57953765869141,81.69295663833618,84.2706142425537,8.163641322696533,67.94333159716064,100.59789688794677,73.90592342523138
2020-07-21 19:00:00,96.93660210523805,99.07769034888875,94.62758813524277,96.67631530761719,2092500,80.06904861450195,81.81302534103393,85.32646331787109,8.341318903220303,68.64382551143048,102.0091011243117,71.66333381089693
2020-07-22 19:00:00,100.6310211425949,102.01643074251147,96.73508553453429,97.33123016357422,3509500,80.57400894165039,81.93040716171265,86.48516845703125,8.317650318524745,69.84986781998177,103.12046909408073,74.0699077177723
2020-07-23 19:00:00,97.39840430540154,97.60831465950801,93.208595431104,94.4344711303711,866500,80.99231842041016,82.02612627029418,87.53052215576172,7.907075839801993,71.71637047615773,103.3446738353657,63.67592587709351
2020-07-26 19:00:00,94.0398410870982,97.81822755934768,94.0398410870982,96.94499969482422,1685000,81.46117416381836,82.1496795463562,88.60232429504394,7.640109802984454,73.32210468907503,103.88254390101285,69.24892669322794
2020-07-27 19:00:00,97.49076309432647,104.08194677797495,97.49076309432647,103.53617858886719,5224500,81.98057632446289,82.3093373298645,90.02929458618163,7.630404437299727,74.76848571158219,105.29010346078108,72.26835249012485
2020-07-28 19:00:00,103.61175511111664,107.05428373837519,101.99964508166227,104.74526977539062,4600000,82.51593154907226,82.45833169937134,91.4264575958252,7.6392199014431785,76.14801779293884,106.70489739871155,74.73062088799212
2020-07-29 19:00:00,104.95518200286789,112.5959243774414,103.48580945482773,112.5959243774414,6185500,83.22324569702148,82.65606725692749,93.04150848388672,8.525080776080221,75.99134693172627,110.09167003604716,78.91302012432797
2020-08-02 19:00:00,116.28195913002223,121.03432041304478,114.61106788700003,120.1023178100586,6638500,84.0256071472168,82.9046011543274,95.0818374633789,9.843366446201362,75.39510457097617,114.76857035578163,80.48662294348361
2020-08-03 19:00:00,120.69846297890031,123.41890599154793,111.10136699401762,111.62194061279297,5577000,84.6670932006836,83.09469598770141,96.41602783203125,10.198101977459196,76.01982387711286,116.81223178694964,68.72784836960521
2020-08-04 19:00:00,112.08374305074757,119.9931640625,110.45483656926918,119.9931640625,6753500,85.49615524291993,83.32958570480346,98.25274353027343,10.981620843561805,76.28950184314982,120.21598521739705,73.59869540893455
2020-08-05 19:00:00,122.67162158737487,128.98571609858772,122.5876523171874,127.1972885131836,6792500,86.5079231262207,83.61174730300904,100.3136432647705,12.340619478025397,75.63240430871971,124.9948822208213,75.88588068721143
2020-08-06 19:00:00,127.62549957418616,130.11923568950314,122.18462660072719,127.5583267211914,5490500,87.51700424194335,83.89437059402466,102.4370964050293,13.206531235549372,76.02403393393055,128.85015887612803,73.7573620842847
2020-08-09 19:00:00,130.85814153327652,137.1218603618613,130.3543514752734,137.0546875,9023000,88.727431640625,84.2422340965271,105.03578758239746,14.646558370314922,75.74267084176762,134.3289043230273,74.7134861224645
2020-08-10 19:00:00,137.7851857291456,145.59384202209338,133.20912895740963,144.22523498535156,13434000,90.10427612304687,84.62246587753296,107.80954437255859,16.531670365288807,74.74620364198097,140.8728851031362,83.87289728924767
2020-08-11 19:00:00,145.60221454894503,147.7600862299174,140.6399309261835,143.21763610839844,5722000,91.46768569946289,84.9971978187561,110.49807586669922,17.717984466488353,75.06210693372252,145.93404479967592,82.63273351615433
2020-08-12 19:00:00,144.20841733030892,146.46705485397624,141.47958265011385,145.2831573486328,3252000,92.85913940429687,85.38095594406128,113.33564376831055,18.540228315512746,76.25518713728505,150.41610039933605,82.96961341471898
2020-08-16 19:00:00,148.60814598956148,149.6576978101253,146.09761342248453,148.38143920898438,3140500,94.29811691284179,85.78310224533081,116.28404502868652,19.212296713362853,77.85945160196081,154.70863845541223,86.98903438771069
2020-08-17 19:00:00,148.6081405115801,149.8591980359522,143.5786837605454,145.62741088867188,3514500,95.67412124633789,86.15451765060425,118.78071899414063,19.635557549606613,79.50960389492741,158.05183409335385,83.2682747121006
2020-08-18 19:00:00,145.45948768828654,152.14302637649382,143.4107605246342,145.2831573486328,7042000,97.00428115844727,86.51766256332398,120.91214866638184,20.10107852196309,80.70999162245566,161.11430571030803,81.19194114605043
2020-08-19 19:00:00,146.29912280259572,146.76931993879288,142.52912828744684,143.88934326171875,2658000,98.27398666381836,86.87106756210328,123.28497467041015,19.858872904266946,83.56722886187626,163.00272047894404,79.16662687351828
2020-08-20 19:00:00,145.04806104522893,145.04806104522893,135.60209469640793,139.95143127441406,1694000,99.45183547973633,87.19281816482544,125.44873046875,19.15207157557054,87.14458731760891,163.7528736198911,71.64493464819702
2020-08-23 19:00:00,141.05976560306155,145.66099722706414,138.24696158085476,144.4015350341797,3001000,100.73463973999023,87.54500581741333,127.80224571228027,18.392031118384736,91.0181834755108,164.58630794904974,70.20382670017239
2020-08-24 19:00:00,144.84652976337767,148.02877776631138,144.41831727212607,146.30751037597656,3510000,102.11165161132813,87.89899858474732,130.39589767456056,17.04724888165487,96.30139991125083,164.4903954378703,82.37963260643853
2020-08-25 19:00:00,147.1471406140952,150.63164695037838,140.22009975779687,142.43675231933594,6672500,103.47623641967773,88.21478761672974,132.67048530578614,15.293806488613546,102.08287232855905,163.25809828301323,72.8734639061687
2020-08-26 19:00:00,141.68949914133682,143.99851320141786,137.692810325994,139.33010864257812,2563000,104.73905731201172,88.49585763931275,134.46018180847167,13.718202093703164,107.02377762106535,161.896585995878,63.492053526599136
2020-08-27 19:00:00,138.5408390423724,141.630713424024,135.6020939717766,137.4912872314453,1697000,105.98877975463867,88.78549192428589,136.0974826812744,11.805861222692013,112.48576023589038,159.70920512665845,60.694259055883265
2020-08-30 19:00:00,138.1378048223199,142.31082354808652,135.81199458885732,136.89512634277344,3569500,107.22775436401368,89.07055013656617,137.31244277954102,10.43016691816396,116.45210894321309,158.17277661586894,49.78748086067711
2020-08-31 19:00:00,138.12101688319444,141.31165691765057,137.70958796529675,139.65756225585938,3706000,108.53893844604492,89.35023469924927,138.29020500183105,9.616789215524506,119.05662657078204,157.52378343288007,43.10692059673227
2020-09-01 19:00:00,141.48796664106408,141.8154262721329,139.38047135515063,139.6995391845703,1488000,109.85180160522461,89.6092220878601,139.69408493041993,7.285683083019958,125.12271876438001,154.26545109645986,44.53145901760658
2020-09-02 19:00:00,140.31248875947065,145.88770769502264,139.76672692019662,143.6038818359375,3577000,111.21773025512695,89.88966234207153,140.8746208190918,5.656060144693332,129.56250052970515,152.18674110847846,47.53087721581183
2020-09-03 19:00:00,142.65509037915,147.27311877980648,141.05977660187023,142.91539001464844,3164000,112.56485137939453,90.16107652664185,141.66052589416503,4.659860484754553,132.3408049246559,150.98024686367415,41.350015961117656
2020-09-06 19:00:00,144.41833645576313,147.10518666465066,143.57869496474126,144.78778076171875,2860000,113.97746444702149,90.42619333267211,142.5219985961914,3.3137408672935647,135.89451686160427,149.14948033077852,48.63315113981076
2020-09-07 19:00:00,146.76935029813168,154.41008096564775,144.83817210764698,147.06321716308594,8942000,115.44818084716798,90.69920286178589,143.0224250793457,3.1983493631361064,136.6257263530735,149.41912380561791,52.72636764760872
2020-09-08 19:00:00,146.0976267836473,152.81475904956213,144.4267355202123,149.55694580078125,5253500,116.929140625,90.9953864479065,143.28901062011718,3.510819267880574,136.26737208435603,150.31064915587834,58.3976479567936
2020-09-09 19:00:00,151.9751031861035,153.02465500368706,146.54262195333789,147.55859375,3356000,118.38037704467773,91.28296365737916,143.50605850219728,3.638053534099174,136.22995143399893,150.78216557039562,61.95883445363275
2020-09-10 19:00:00,147.76850285419508,150.08590863538186,145.3923160220069,146.2907257080078,2193500,119.7701513671875,91.58670392990112,143.55643692016602,3.6707862936522004,136.21486433286162,150.89800950747042,53.300082841914815
2020-09-13 19:00:00,145.5938183092209,147.3402740147165,142.47875578988848,143.18405151367188,1333500,121.02793426513672,91.8642893409729,143.29656753540038,3.4907859929333047,136.31499554953376,150.278139521267,44.76352881045314
2020-09-14 19:00:00,144.0992615557362,145.04806049409106,138.96065998131445,139.9430389404297,1239000,122.24088027954102,92.12038000106811,143.0123489379883,3.5222889477561927,135.9677710424759,150.05692683350068,45.72911440040141
2020-09-15 19:00:00,140.22851028889167,142.22686098749864,137.04627491376533,140.0102081298828,1282500,123.34232177734376,92.38280992507934,142.7487014770508,3.5406656237053187,135.66737022964014,149.83003272446143,51.300139724692755
2020-09-16 19:00:00,141.89941287269653,142.87340008324978,139.48124126357467,139.90106201171875,633000,124.475166015625,92.64297288894653,142.54928741455078,3.5850759046211786,135.37913560530842,149.71943922379313,54.93297116501294
2020-09-17 19:00:00,140.97579265449582,140.97579265449582,137.28976724528704,139.65756225585938,274500,125.54873138427735,92.88411794662476,142.53459396362305,3.596866439691281,135.3408610842405,149.72832684300562,55.737736091839786
2020-09-20 19:00:00,140.6231412539844,140.6231412539844,136.86155128454195,138.0958251953125,343000,126.60886260986328,93.09814252853394,142.21930847167968,3.6995064813365133,134.82029550900666,149.6183214343527,46.58589338513925
2020-09-21 19:00:00,138.54084402798532,138.54084402798532,135.69445992679593,137.6172332763672,686000,127.65958999633789,93.28685194015503,141.78479461669923,3.7044089761794314,134.37597666434036,149.1936125690581,45.5331506433211
2020-09-22 19:00:00,137.61722881057995,139.3720891817078,136.1562608842273,136.76919555664062,644500,128.61997192382813,93.44894472122192,141.50141677856445,3.865198275676013,133.77102022721243,149.23181332991646,33.12601149449536
2020-09-23 19:00:00,135.60208368109335,136.4417250661156,130.2367757432776,132.16795349121094,880000,129.47439086914062,93.56196035385132,141.1433090209961,4.375106200755206,132.39309661948568,149.89352142250652,27.76228633490564
2020-09-24 19:00:00,130.14440916188474,134.3426159090423,130.14440916188474,131.7733154296875,2010000,130.33922119140624,93.64563058853149,140.8574104309082,4.793165571735661,131.2710792874369,150.44374157437952,21.317519760240614
2020-09-27 19:00:00,132.24353162214936,132.24353162214936,121.8907507520145,122.8563461303711,897500,131.00807983398437,93.71074480056762,140.15547142028808,6.219657043463257,127.71615733336156,152.5947855072146,8.731722633277897
2020-09-28 19:00:00,123.34332014074977,129.20402650864312,120.0687237097927,126.04696655273438,1743500,131.61514053344726,93.8157419013977,139.47494163513184,6.975664923295472,125.5236117885409,153.42627148172278,10.85005501192984
2020-09-29 19:00:00,127.75144568002469,128.89335860192946,116.60100788350145,117.11318969726562,1393500,131.9043130493164,93.86162828445434,138.3456241607666,8.58097181293436,121.18368053489787,155.50756778663532,8.814131343468432
2020-09-30 19:00:00,115.87052160883924,120.06872891350733,111.6807061064922,119.13672637939453,1980000,132.35839111328124,93.94361925125122,137.12226638793945,9.488022541530059,118.14622130487933,156.09831147099956,14.002638160027999
2020-10-01 19:00:00,118.80926007598543,122.59603824067757,110.91663590948305,113.7882080078125,1598000,132.70062896728516,94.01007688522338,135.66590728759766,10.708892580647083,114.2481221263035,157.08369244889184,13.217029693896265
2020-10-04 19:00:00,112.26007096657267,115.91251677833084,105.3750129235893,107.31458282470703,1883000,132.90029602050782,94.02842313766479,133.79224739074706,12.202899182514846,109.38644902571737,158.19804575577675,12.22780903863088
2020-10-05 19:00:00,108.31374745870093,111.8402389996251,107.13824814307424,110.69832611083984,1504500,133.2255731201172,94.0408497428894,131.97400283813477,12.81527566501446,106.34345150810584,157.60455416816367,18.487053907942354
2020-10-06 19:00:00,112.51195229455236,117.2979059118637,111.23569372596549,115.85372161865234,1788500,133.60374755859374,94.10155584335327,130.28884162902833,12.595535412848061,105.0977708033322,155.47991245472446,26.677491539861393
2020-10-07 19:00:00,117.38187765214073,120.65647419297012,115.45069974851056,119.63211059570312,1902000,133.92566619873048,94.18946630477905,128.89251747131348,12.119210260266305,104.65409695078087,153.13093799184608,31.824396359195546
2020-10-08 19:00:00,119.22909172189539,120.69846433114411,117.21395726826212,118.30548095703125,1159000,134.19687042236328,94.29135683059692,127.49325523376464,11.60956702904772,104.2741211756692,150.7123892918601,31.96079827688891
2020-10-11 19:00:00,119.14511354777277,119.85881388657297,109.99302710431566,110.85785675048828,1693000,134.16210906982423,94.36150888442994,125.87694549560547,11.560242978787594,102.75645953803028,148.99743145318067,28.35798461132356
2020-10-12 19:00:00,110.83266708035875,110.83266708035875,107.09626533586527,109.67395782470703,1334000,133.9535418701172,94.44971315383911,124.36349143981934,11.603121399295022,101.1572486412293,147.56973423840938,28.20475809453812
2020-10-13 19:00:00,110.00142618302,112.09213809002118,107.52448636813233,110.72351837158203,791000,133.93557342529297,94.53707788467408,122.8991569519043,11.370228230366743,100.15870049117082,145.6396134126378,31.704862721624963
2020-10-14 19:00:00,111.46241084704423,111.88223160353027,108.7755605679161,109.11141204833984,708500,133.71793838500977,94.59513910293579,121.35967445373535,11.026276550565317,99.30712135260472,143.41222755486598,31.059646591899337
2020-10-15 19:00:00,108.31375464609803,109.56482510662447,107.05429238277131,109.10301971435547,377500,133.3560530090332,94.67095880508423,119.83194732666016,10.459774076020917,98.91239917461832,140.751495478702,36.494053168601596
2020-10-18 19:00:00,109.48923957042831,111.50438673049301,108.77555202758367,109.78311920166016,595500,133.0005488586426,94.75148042678833,118.41631202697754,9.749655450206712,98.91700112656412,137.91562292739096,33.20034315909692
2020-10-19 19:00:00,110.72351011105496,118.01160430908203,110.32887761814796,118.01160430908203,2734000,132.61968719482422,94.8726406288147,117.43603057861328,8.639959867440515,100.15611084373225,134.71595031349432,50.94173430356191
2020-10-20 19:00:00,120.0687248815142,126.86142099750474,118.8092627324074,125.50959777832031,5305500,132.24537445068358,95.0090823173523,116.87305068969727,7.62061441045119,101.63182186879489,132.11427951059966,55.992417445671485
2020-10-21 19:00:00,126.36603835332161,128.88496270587953,122.16783109905843,124.61119079589844,2455500,131.8732455444336,95.12138437271118,116.49521255493164,6.983028461305051,102.52915563232153,130.46126947754175,61.106338815714274
2020-10-22 19:00:00,124.66155822869781,131.40387756709157,122.67161223372331,129.1788330078125,4132000,131.55115905761718,95.2679017829895,116.3654884338379,6.702742081164966,102.96000427150797,129.77097259616784,73.35007773877848
2020-10-25 19:00:00,130.81614431116404,133.20911482673836,130.14442856907027,131.160400390625,2840000,131.20673828125,95.44590589523315,116.78069114685059,7.351758103518517,102.07717493981355,131.48420735388763,72.52729014003683
2020-10-26 19:00:00,131.36190640562097,131.81531997749678,125.19054924192248,126.26528930664062,1159500,130.81949584960938,95.57554655075073,116.7916072845459,7.366388660860094,102.05882996282571,131.5243846062661,61.52846709778793
2020-10-27 19:00:00,125.94621650844847,128.88496156031226,124.26693362166917,125.8370590209961,1210000,130.43057388305664,95.72097242355346,117.22780075073243,7.639652248986765,101.9484962527589,132.50710524870595,57.421166614928964
2020-10-28 19:00:00,124.26693123437094,124.97222695840999,116.39949516076331,116.60940551757812,1953000,129.88497512817383,95.79607835769653,117.1014347076416,7.6273072136454045,101.8468202803508,132.35604913493242,48.293919141891394
2020-11-01 19:00:00,115.123232788605,115.123232788605,109.17017834149038,111.00899505615234,894500,129.3061264038086,95.84868188858032,116.9624740600586,7.715652715869762,101.53116862831908,132.3937794917981,50.157897723722186
2020-11-02 19:00:00,112.8897777696191,119.32982543372536,112.8897777696191,119.22907257080078,1881500,128.80267715454102,95.94515665054321,117.55819854736328,7.38438092060213,102.78943670615902,132.32696038856753,58.70296613314202
2020-11-03 19:00:00,121.66404845351504,122.79756960540689,117.54981022056045,118.6749267578125,1721500,128.25002548217773,96.0330251121521,117.95702857971192,7.2076730831111,103.54168241348972,132.3723747459341,57.308236513757585
2020-11-04 19:00:00,119.6489117950371,126.70189515503223,119.2290910518966,125.60196685791016,3145000,127.91332977294923,96.16161623001099,118.4444408416748,7.385370464391675,103.67369991289145,133.21518177045814,63.807656524251065
2020-11-05 19:00:00,125.14857924602019,125.14857924602019,121.31141110070133,121.90756225585938,1226000,127.56487884521485,96.2689225578308,118.55821342468262,7.422065280392454,103.71408286389772,133.40234398546752,60.098017708746106
2020-11-08 19:00:00,124.09900955256411,125.65233855643078,121.74801091729603,122.34416198730469,1616000,127.26193634033203,96.38080476760864,118.7601474761963,7.469615621397683,103.82091623340094,133.69937871899165,59.94417878733519
2020-11-09 19:00:00,125.69433097482111,127.16370361136157,121.41216697833651,122.08386993408203,2394500,126.9657112121582,96.49936216354371,119.32144813537597,7.263491101901616,104.79446593157274,133.8484303391792,53.68934315093793
2020-11-10 19:00:00,122.96548823892743,125.09818470438212,120.78242814810658,122.16783142089844,2347500,126.61591659545898,96.63387269973755,119.94614181518554,6.919198087862231,106.10774563946109,133.78453799091,46.50263907776959
2020-11-11 19:00:00,122.79757434582133,123.00748472931846,113.00735098465603,113.11650848388672,3986500,126.08425598144531,96.716031665802,120.06579132080078,6.770413691690818,106.52496393741914,133.6066187041824,39.723762746985095
2020-11-12 19:00:00,112.49516133658784,120.74044677838604,110.07700259846496,116.20637512207031,4290000,125.53630584716797,96.8102813911438,120.4205394744873,6.338318192488073,107.74390308951115,133.09717585946345,38.08788335649913
2020-11-15 19:00:00,116.71016000718647,117.04601145798209,112.2432614025176,112.81422424316406,1313500,124.93428253173828,96.86561376571655,120.60609970092773,6.0366965460808935,108.53270660876595,132.6794927930895,33.57880414889793
2020-11-16 19:00:00,114.85454786823162,116.16439928721925,112.51195386894769,113.13329315185547,1190500,124.30119277954101,96.94000600814819,120.7736083984375,5.760743492573539,109.25212141329042,132.29509538358457,37.197096067468635
2020-11-17 19:00:00,113.25083770923325,114.86294768225831,112.07533204571354,113.65386199951172,1159000,123.63300567626953,97.01213117599487,120.55572128295898,5.95001005063683,108.65570118168533,132.45574138423265,38.14346555472398
2020-11-18 19:00:00,113.3515935349339,115.87051783571022,113.3515935349339,114.13245391845703,1231000,122.92451583862305,97.08879037857055,119.98686408996582,5.995152750940512,107.9965585880848,131.97716959184683,47.094723613098964
2020-11-19 19:00:00,113.77141212462857,114.18284103168466,110.83266716199978,111.47919464111328,559500,122.20292785644531,97.14958044052123,119.33026428222657,6.178352912226554,106.97355845777346,131.68697010667967,50.59246922870754
2020-11-22 19:00:00,110.1189674638808,110.1189674638808,104.51856711777849,105.50094604492188,1498500,121.38713226318359,97.1864407157898,118.14636993408203,6.454262034814973,105.23784586445208,131.05489400371198,31.66626352354963
2020-11-23 19:00:00,107.0458863379855,108.60762634862016,103.02400303612609,106.1978530883789,1534000,120.64740829467773,97.24714681625366,116.89824256896972,6.214321733596694,104.46959910177634,129.3268860361631,33.4003250111399
2020-11-24 19:00:00,108.94347434798249,110.32887756752756,105.97954115753363,108.95186614990234,1451500,120.02758483886718,97.32430982589722,116.0325714111328,6.044369716399278,103.94383197833425,128.12131084393135,25.08160505391848
2020-11-25 19:00:00,110.41284390015079,112.84779883097907,109.61518713397676,112.33561706542969,2418000,119.47409301757813,97.4252346611023,115.3574993133545,5.631578013404867,104.09434328654476,126.62065534016423,35.54025770463085
2020-11-26 19:00:00,111.68070311923992,116.58421885698534,110.4128491594312,115.13162994384766,3906500,118.9787043762207,97.56746992111206,115.28361053466797,5.623977354037604,104.03565582659276,126.53156524274318,39.82947585535872
2020-11-29 19:00:00,114.10727386786242,121.74801658521687,113.75462597794163,120.8915786743164,5214500,118.60338470458984,97.76436582565307,115.77773971557617,5.662652347263833,104.4524350210485,127.10304441010385,48.54448361188912
2020-11-30 19:00:00,120.89998267870688,123.1754039404551,118.64134502217081,120.9251708984375,4192000,118.25997161865234,97.96650953292847,115.862544631958,5.729368075475918,104.40380848100617,127.32128078290984,48.48112630790917
2020-12-01 19:00:00,120.49693542245049,128.04531639117573,119.32144256067306,125.90422821044922,6672500,118.02571151733399,98.17646184921264,116.22400970458985,6.130168230865039,103.96367324285977,128.48434616631994,67.35809257665944
2020-12-02 19:00:00,126.78585016413676,131.5718035351028,126.78585016413676,127.46595764160156,6085500,117.8396467590332,98.39892477035522,116.31720924377441,6.292275457392266,103.73265832898988,128.90176015855894,65.9453003686892
2020-12-03 19:00:00,127.79342860341741,135.69445787584644,127.62550287254646,133.9731903076172,8380000,117.87575149536133,98.66127077102661,116.92049064636231,7.346551391873049,102.22738786261621,131.6135934301084,77.53497485924473
2020-12-06 19:00:00,134.34265246490946,139.2965326497875,133.066393679157,136.98751831054688,8058000,117.98003555297852,98.94313848495483,117.65265846252441,8.54712178072192,100.55841490108057,134.74690202396826,79.00757034423088
2020-12-07 19:00:00,138.54084464852704,139.3804861312454,128.8009983242293,130.62303161621094,8290000,118.1353692626953,99.20011075973511,118.07961654663086,8.982326519876525,100.11496350687781,136.0442695863839,68.0672390412609
2020-12-08 19:00:00,130.9840735605573,136.42494687496804,130.1528238660576,132.63816833496094,5648000,118.26719329833985,99.45145746231078,118.60313339233399,9.522046816797756,99.55903975873848,137.6472270259295,69.07895947750174
2020-12-09 19:00:00,134.30063972543357,139.26292348751318,132.66334155345353,138.2637481689453,8272500,118.69020446777344,99.73764921188355,119.86049537658691,10.380993952421223,99.09850747174447,140.62248328142937,76.01956574876313
2020-12-10 19:00:00,141.47958264256326,148.63333129882812,140.7239104713142,148.63333129882812,8961500,119.28013656616211,100.10020639419555,121.48184318542481,12.160080919037393,97.16168134735003,145.8020050234996,88.60663820395364
2020-12-13 19:00:00,152.0674750284779,159.77537797299476,151.34538281436284,159.69142150878906,8955000,120.19820083618164,100.51717241287231,123.82570304870606,14.661899186847462,94.50190467501113,153.149501422401,90.38924432607163
2020-12-14 19:00:00,162.89042908363692,163.29345336207584,147.71810307030466,148.86001586914062,10717000,121.02910949707031,100.87532140731811,125.6120391845703,15.446041429037855,94.7199563264946,156.50412204264603,76.8561137021069
2020-12-15 19:00:00,151.41254365893099,152.63841299675082,140.63994235763053,146.2907257080078,5584500,121.74095748901367,101.23019582748412,127.24388236999512,15.835296271026502,95.57328982794212,158.91447491204812,73.10327944012639
2020-12-16 19:00:00,147.69293723072988,157.25645356549094,145.34195124037728,157.15570068359375,6384500,122.5669970703125,101.6396470451355,129.39504470825196,16.850164582216355,95.69471554381926,163.09537387268466,75.76442983364147
2020-12-17 19:00:00,156.92898658311677,162.8904461815358,152.81474847958512,154.7543182373047,8899500,123.26944122314453,102.01160821914672,131.5588008880615,17.20329089797655,97.15221909210841,165.96538268401463,71.65251170105556
2020-12-20 19:00:00,153.0666393400481,156.5931308778643,146.72734381183264,148.9272003173828,5048000,123.88187561035156,102.35670083999634,133.73011360168456,16.46602348440597,100.79806663287263,166.6621605704965,66.66997921090837
2020-12-21 19:00:00,147.7768878614905,149.0363499739464,137.75997201014204,138.6248016357422,5728500,124.43721450805664,102.65918161392212,135.35146102905273,15.156770088443428,105.03792085216587,165.66500120593957,57.121365844441144
2020-12-22 19:00:00,137.70119575303386,144.37634261892362,135.26624070899484,141.11013793945312,3133500,125.06593811035157,102.95670854568482,136.95937461853026,13.85895480701602,109.24146500449822,164.6772842325623,57.56024667346103
2020-12-23 19:00:00,143.49470452232578,146.88686282030895,142.73903241664888,143.57028198242188,3451000,125.72287338256837,103.2836229133606,138.52110786437987,12.644816670606247,113.23147452316738,163.81074120559236,55.56745252145747
2020-12-27 19:00:00,144.4183201405228,145.25796153668864,141.05975455585948,143.69622802734375,2112500,126.41456970214844,103.58639760971069,139.9493377685547,11.417562100724417,117.11421356710586,162.78446197000352,54.02679437266152
2020-12-28 19:00:00,146.08920710299512,148.19670233697246,144.5442572395973,145.21597290039062,5813000,127.13682876586914,103.87531816482544,141.1655574798584,10.542668238984803,120.08022100188879,162.250893957828,59.30006431723665
2020-12-29 19:00:00,146.60139168390214,156.10612554776486,146.60139168390214,155.56036376953125,7951500,128.05237365722655,104.22267778396606,142.89731712341307,9.865854427851666,123.16560826770974,162.62902597911642,63.206253218643404
2020-12-30 19:00:00,157.01294235295805,157.84419195417345,151.97509393521608,152.85671997070312,5495000,128.749275970459,104.58552877426148,144.24494171142578,9.243687410466858,125.75756689049206,162.7323165323595,58.70043622039364
2020-12-31 19:00:00,154.45203068538603,157.64267052062235,149.54852805670038,151.47970581054688,5342500,129.2686781311035,104.94195653915405,145.44562911987305,8.477350262547906,128.49092859477724,162.40032964496885,51.90085551745375
2021-01-03 19:00:00,152.31095713357746,153.06664214174182,145.68618646513707,148.02879333496094,2978100,129.73703018188476,105.31118886947633,146.14840927124024,8.047954196540132,130.05250087815998,162.2443176643205,41.33066738895792
2021-01-04 19:00:00,148.28067251859676,153.52843113247815,146.34109017290123,151.19422912597656,4717800,130.17733810424804,105.67840600967408,146.8587448120117,7.820582194795966,131.2175804224198,162.49990920160363,51.95830710095789
2021-01-05 19:00:00,154.91382748024088,156.97094620418184,152.143008491383,153.69635009765625,4685700,130.62805709838867,106.08726930618286,148.01241073608398,6.953242989025868,134.10592475803224,161.9188967141357,56.2200187368877
2021-01-06 19:00:00,154.90544753802,155.33366004260623,149.03634950033842,149.77523803710938,2651200,131.09825607299805,106.50305974960327,148.8692642211914,5.941205114374193,136.986853992443,160.7516744499398,42.98257678765942
2021-01-07 19:00:00,150.71563682669924,154.309301125525,149.12032323296395,150.62327575683594,3043100,131.59398040771484,106.94664232254028,149.48724060058595,5.397963239833077,138.6913141209198,160.2831670802521,45.95260548443096
2021-01-10 19:00:00,151.1354778499404,152.82315274030933,149.7080897881847,151.00953674316406,2045200,132.28198303222655,107.41533027648926,149.60605087280274,5.404325959566249,138.79739895367024,160.41470279193524,52.28363928445925
2021-01-11 19:00:00,151.13546691843968,152.43691377928647,149.87600469411936,150.13629150390625,1473200,133.06452896118165,107.90110485076904,149.1282943725586,4.860850430568131,139.40659351142233,158.84999523369487,65.9159637485385
2021-01-12 19:00:00,151.1354712440587,154.89706160768637,150.13629580092805,153.52005004882812,4261200,133.75034851074219,108.41966747283935,149.36129608154297,4.9580302747191025,139.44523553210476,159.2773566309812,66.74220216725405
2021-01-13 19:00:00,153.44446808628706,158.60825764677932,152.43690095398506,154.6871337890625,7958600,134.47059265136718,108.93634077072143,149.7811164855957,5.0391644113641565,139.7027876628674,159.859445308324,65.53991275257685
2021-01-14 19:00:00,156.17332066368687,156.59314141815915,152.26899277185976,153.61241149902344,3222900,135.03080154418944,109.44340030670166,149.60395202636718,4.823936838444298,139.9560783494786,159.25182570325578,63.50335388064
2021-01-17 19:00:00,153.4948480936489,154.41005417942944,148.6165334249176,148.99436950683594,3711400,135.57253768920899,109.90956920623779,149.31595458984376,4.669742662115029,139.9764692656137,158.6554399140738,54.74484808001328
2021-01-18 19:00:00,149.03634572607373,153.23455264793495,148.0287786272092,150.3965606689453,2387600,136.1335856628418,110.3783409500122,149.38942260742186,4.674860328332164,140.03970195075755,158.73914326408618,41.63718145968208
2021-01-19 19:00:00,151.5468860725699,152.6887989280348,148.61653287423056,150.53091430664062,1504500,136.70252655029296,110.82658349990845,149.9847282409668,3.930784208537876,142.12315982389106,157.84629665804255,45.89142564489609
2021-01-20 19:00:00,151.47132917039724,151.9667274176184,149.37222531375699,150.10272216796875,1009000,137.26122436523437,111.25089643478394,150.4343574523926,3.3307377591116585,143.77288193416928,157.0958329706159,47.48316569684421
2021-01-21 19:00:00,150.29580934516443,151.12705893651219,146.96243199004226,148.4066162109375,1025700,137.9670265197754,111.6830178642273,150.67617416381836,2.9612334061281973,144.75370735156196,156.59864097607476,50.7379162159182
2021-01-24 19:00:00,148.65012300219848,150.7156466944163,148.2806915104692,149.41419982910156,1149300,138.63118301391603,112.11001756668091,150.96207275390626,2.4904801217830936,145.98111251034007,155.94303299747244,46.203464319281835
2021-01-25 19:00:00,150.19505128412618,151.00950443211562,148.74246249990807,150.46372985839844,1202200,139.3841731262207,112.54457391738892,151.22446060180664,2.0988852675866787,147.02669006663328,155.42223113698,42.64986805685178
2021-01-26 19:00:00,151.21941752196696,157.76861003034057,150.96752254581935,153.4696502685547,5658100,140.19090026855469,112.98517572402955,151.11992492675782,1.9156328372517153,147.28865925225438,154.95119060126126,58.764904903295964
2021-01-27 19:00:00,153.65438969692238,154.9978211796931,149.87600306503083,150.581298828125,2726000,140.92944900512694,113.39983266830444,151.00615386962892,1.8741751611201303,147.25780354738865,154.7545041918692,49.90920114833648
2021-01-28 19:00:00,150.30420804121292,161.8744659423828,150.29581623918602,161.8744659423828,5464300,141.88428924560546,113.88951150894165,151.5258918762207,3.0713576812452557,145.38317651373018,157.66860723871122,65.96738907162546
2021-01-31 19:00:00,171.2868435769626,174.00728629311993,169.5991689951834,173.88133239746094,8325300,143.13233200073242,114.43922468185424,152.8185188293457,5.7735780022319645,141.27136282488175,164.36567483380963,76.29230891399588
2021-02-01 19:00:00,174.56142806799988,180.0190967344403,171.03493703052806,172.2692108154297,7133000,144.46769729614257,114.97751874923706,153.87226791381835,7.206843294089868,139.45858132563862,168.28595450199808,71.60826651669633
2021-02-02 19:00:00,172.96614592786625,176.74453261075655,171.1189372230579,173.9989013671875,3253800,145.82371826171874,115.52332769393921,154.88739547729492,8.495428996111421,137.8965374850721,171.87825346951774,71.97173709246206
2021-02-03 19:00:00,176.73613342526878,178.8436288525101,171.95857152479584,172.5883026123047,5360100,147.0964469909668,116.03781801223755,156.02804870605468,9.269190978933354,137.48966674818797,174.56643066392138,71.42584435059709
2021-02-07 19:00:00,173.38595873601716,177.03840415376817,169.85946722241272,174.93930053710938,3396600,148.3485206604004,116.56721197128296,157.24384994506835,10.082033391408604,137.07978316225115,177.40791672788555,80.87530265596384
2021-02-08 19:00:00,176.29952854640308,188.05450966418326,176.00564889369352,186.55154418945312,11828400,149.7769189453125,117.17998231887817,159.0209503173828,11.894742569195957,135.2314651789909,182.81043545577472,84.61415300650225
2021-02-09 19:00:00,183.8814653937699,190.5818001344818,181.84114295487134,184.49440002441406,10411900,151.04897537231446,117.7830966949463,160.7388557434082,12.97598715776435,134.7868814278795,186.6908300589369,81.36142004470962
2021-02-10 19:00:00,183.01663775935532,198.32329695895493,180.52290176582338,189.12083435058594,14443100,152.41288864135743,118.38893997192383,162.5188949584961,14.307163044963179,133.90456886856975,191.13322104842246,83.43640235544991
2021-02-11 19:00:00,188.07129813762742,193.95718025069567,180.00234307013284,183.41128540039062,5403400,153.56302978515626,118.97685695648194,163.9551025390625,14.908678194401176,134.13774615026014,193.77245892786485,78.06651499276458
2021-02-14 19:00:00,184.7295260634866,189.75059157387417,181.1610496061799,187.28204345703125,4295400,154.75935150146483,119.56636932373047,165.6385841369629,15.565815672426796,134.5069527921093,196.77021548181648,79.02935071151362
2021-02-15 19:00:00,189.34752406051825,192.92440455913524,187.24002879710775,188.1048583984375,3147100,155.84198486328125,120.1597018814087,167.59410858154297,15.819408157939995,135.955292265663,199.23292489742295,78.95620291101015
2021-02-16 19:00:00,190.5986149112563,191.0016392321033,182.62202089514645,183.419677734375,4000600,156.77062805175783,120.73330295562744,169.24526443481446,15.652453123109412,137.94035818859564,200.55017068103328,72.45940371281787
2021-02-17 19:00:00,183.6631814442818,188.91933248239243,181.37095098558532,185.9637908935547,4188500,157.87744323730467,121.3104725265503,171.01690826416015,15.426385932315652,140.16413639952884,201.86968012879146,76.6708847918147
2021-02-18 19:00:00,186.4003991842756,188.48270636260256,184.7211163087416,185.7286834716797,1868600,158.93925354003906,121.86459388732911,172.7982063293457,14.933302538589778,142.93160125216616,202.66481140652525,71.57830197117279
2021-02-21 19:00:00,185.56076189524845,187.6598655365974,184.72112043870888,186.74465942382812,2011500,159.90887176513672,122.41842140197754,174.71510848999023,14.073361505105847,146.56838547977853,202.86183150020193,64.52408986142166
2021-02-22 19:00:00,187.99570549694496,200.59032657477277,187.24003335703975,193.11752319335938,12701500,160.79855560302735,123.00415523529053,176.90027465820313,13.310352997036468,150.27956866413018,203.52098065227608,71.2549309871806
2021-02-23 19:00:00,192.42061456664652,194.88916228721587,178.633704569281,183.38607788085938,6636600,161.27244873046874,123.56008178710937,178.54639205932617,11.821312452146026,154.9037671550341,202.18901696361823,58.227836927807715
2021-02-24 19:00:00,187.9957002140471,190.5985936217516,184.5531782366597,189.46507263183594,3494300,162.08454986572266,124.14699108123779,180.34616317749024,10.464768508471245,159.41662616054776,201.27570019443272,63.673455864609004
2021-02-25 19:00:00,188.0796872440175,196.72799685378104,187.2400457831067,190.1116180419922,7435600,162.96096771240235,124.72995418548584,182.3226791381836,7.986834136314455,166.34901086555467,198.2963474108125,62.64166574068447
2021-02-28 19:00:00,190.34672425982652,193.11754375433642,184.8050980827191,191.8748779296875,3406400,163.6553512573242,125.32181751251221,183.82269973754882,6.649553660446778,170.52359241665525,197.12180705844239,55.30633365152779
2021-03-01 19:00:00,193.54572690748392,197.30732945646443,192.27787305551917,194.42735290527344,4311100,164.4488119506836,125.90612392425537,184.85000076293946,6.619888892619308,171.61022297770086,198.08977854817806,59.80441357206545
2021-03-02 19:00:00,196.07308686575232,205.25036232032127,193.11754519542595,202.9497528076172,9213700,165.52926300048827,126.53098514556885,186.38402786254883,7.089263994128968,172.2054998742909,200.56255585080677,62.67510767573144
2021-03-03 19:00:00,194.79680702601956,203.14284468729878,194.04952668395654,195.0235137939453,7828500,166.65723724365233,127.11995162963868,187.4352584838867,6.704449653847546,174.02635917619162,200.8441577915818,60.227762965885816
2021-03-04 19:00:00,196.30817004328543,199.83466150750618,194.04953253348384,198.6003875732422,4109600,167.80704223632813,127.71303234100341,188.7358627319336,6.174820853088872,176.38622102575584,201.08550443811134,60.02079382367237
2021-03-07 19:00:00,204.77174697567145,206.42584154443867,194.81359954459694,197.27374267578125,5676600,168.8811114501953,128.30166286468506,189.8525848388672,5.5348120257374624,178.78296078739226,200.92220889034212,58.04596962388441
2021-03-08 19:00:00,196.56006932218915,199.83466586495948,182.47927856445312,182.47927856445312,7729400,169.6567724609375,128.8213589477539,189.6489715576172,5.7339632097561894,178.18104513810482,201.11689797712955,49.29912387641472
2021-03-09 19:00:00,182.20218469264304,183.873075699117,168.8015022457497,169.72511291503906,9610100,170.14695526123046,129.28694004058838,188.91050720214844,7.197120371365183,174.51626645941806,203.3047479448788,39.49598145670369
2021-03-10 19:00:00,167.91989825286254,169.59918115341333,156.99615478515625,156.99615478515625,4492700,170.17567108154296,129.68639945983887,187.30427322387695,10.133462524532497,167.03734817481194,207.57119827294196,34.00038371583413
2021-03-11 19:00:00,153.65440310624845,165.3674001249159,151.1354784651624,160.91729736328125,3651500,170.33688262939452,130.1083193588257,186.1795738220215,11.713402934850542,162.75276795232043,209.60637969172257,36.06885383202776
2021-03-14 19:00:00,164.98955022568595,172.98294067382812,164.6117141234294,172.98294067382812,5257200,170.76694732666016,130.59631900787355,185.46461868286133,12.073426296276464,161.3177660903084,209.61147127541426,39.76789528845829
2021-03-15 19:00:00,174.65380676611073,177.79407028208232,172.21885177839337,174.45230102539062,4860800,171.29541748046876,131.0933447265625,184.781990814209,12.300118712291681,160.18175338962564,209.38222823879235,45.0437935764455
2021-03-16 19:00:00,178.84362086903786,186.4003935818141,177.33226376410036,183.7891082763672,8282900,171.94731506347657,131.63373790740968,184.8004623413086,12.298242453065114,160.20397743517836,209.39694724743882,46.960986444944
2021-03-17 19:00:00,185.56076074325654,188.6674315507839,170.46401103573322,173.4951171875,6958500,172.34329040527345,132.11905067443848,184.17702865600586,12.549633430964283,159.0777617940773,209.27629551793441,41.936275950845435
2021-03-18 19:00:00,172.126487683879,186.5011444091797,171.1776887982978,186.5011444091797,8250500,173.07780853271484,132.66742042541503,184.21565170288085,12.555847311222852,159.10395708043515,209.32734632532654,47.64877511286678
2021-03-21 19:00:00,188.91933432391588,200.481201171875,188.0796928380318,200.481201171875,6979400,174.0749670410156,133.27595062255858,184.9024787902832,13.06678054591711,158.76891769844897,211.03603988211742,52.408001061415334
2021-03-23 19:00:00,203.94890017597606,215.09095845805874,200.48118974895672,212.65599060058594,11618100,175.30789611816405,133.9372102355957,185.87940216064453,14.377901905166002,157.12359835031253,214.63520597097653,53.75177825328932
2021-03-24 19:00:00,213.6803569286444,222.3790428511466,209.918754013246,217.03890991210938,7407600,176.64594848632814,134.61710983276367,187.56204376220703,15.953600159377027,155.65484344345296,219.4692440809611,58.749333703649576
2021-03-25 19:00:00,216.03974120029412,233.31117248535156,212.00947237108636,233.31117248535156,8293600,178.24177093505858,135.382359085083,189.7543487548828,18.958496275160513,151.8373562045618,227.67134130520384,62.53031493157039
2021-03-28 19:00:00,238.36581827199234,238.36581827199234,215.8130360990261,217.265625,10712900,179.49334075927734,136.0814026260376,191.1120491027832,19.932706148818912,151.24663680514539,230.97746140042102,56.52365286479713
2021-03-29 19:00:00,212.51327659933636,223.3446472233739,206.98002917355305,217.0557403564453,7661600,180.76220733642577,136.79564376831055,192.3710922241211,20.76146751012626,150.8481572038686,233.8940272443736,62.469732323737595
2021-03-30 19:00:00,225.02389806665448,233.3279639178773,207.39142844202857,214.42762756347656,13527500,182.07087249755858,137.48683658599853,193.37110595703126,21.33935593682758,150.6923940833761,236.04981783068644,67.39187632207097
2021-03-31 19:00:00,218.30677172543855,220.82569601457823,198.34849135381998,199.13775634765625,7267200,183.0456964111328,138.10749954223633,193.1805061340332,21.266196724729067,150.64811268457507,235.71289958349135,66.07520362682044
2021-04-01 19:00:00,201.51394239364066,203.56266952454848,191.4802299076729,195.8631591796875,4563900,183.95234130859376,138.71208335876466,193.2224884033203,21.270854830857473,150.68077874160537,235.76419806503526,63.396418187867546
2021-04-04 19:00:00,196.88752264980616,198.1553765911308,181.17782592773438,181.17782592773438,4827000,184.57384338378907,139.24748069763183,192.35136032104492,21.3954137380534,149.5605328449381,235.14218779715173,53.07963634762216
2021-04-05 19:00:00,179.6832770182324,194.763243661303,177.17274437657707,194.40219116210938,6334000,185.4937548828125,139.84920974731446,192.20778274536133,21.37026293476011,149.46725687584112,234.94830861488154,56.88855702771532
2021-04-06 19:00:00,197.31573803555406,200.1705138015166,182.21898855957332,188.99488830566406,6158500,186.28536865234375,140.41764694213867,192.53356323242187,21.263547828301146,150.00646757581958,235.06065888902415,51.84765848229082
2021-04-07 19:00:00,189.3223566702752,194.75483805209683,186.82022865583806,193.31065368652344,4493600,187.14230712890625,141.00640354156494,193.71284027099608,20.57488944230927,152.56306138637754,234.86261915561462,57.3447002855802
2021-04-08 19:00:00,193.53734564893844,206.13196684084335,192.29467994533897,203.27719116210938,7001600,188.13845794677735,141.65200386047363,196.02689208984376,18.74968144879966,158.52752919224443,233.52625498744308,56.36143806740641
2021-04-11 19:00:00,203.02531043068808,203.18484436022584,191.45505197497417,197.11422729492188,3789500,189.06911651611327,142.26993801116944,197.83673858642578,16.831124525959474,164.17448953450685,231.49898763834472,48.64278981860481
2021-04-12 19:00:00,194.77162303828354,204.84732017222314,191.56418663426194,198.31491088867188,3420800,189.79792541503906,142.8839677810669,199.10333709716798,15.782869203633174,167.53759868990164,230.66907550443432,43.65810186719043
2021-04-13 19:00:00,198.99504662544703,213.1849836440153,197.39973281102098,212.9079132080078,8526200,190.57845703125,143.57352348327638,201.02611770629883,14.941695955405415,171.142725795488,230.90950961710968,48.32449584609838
2021-04-14 19:00:00,214.1085763316753,219.35633555549086,209.28063784576497,215.61154174804688,8134800,191.44530364990234,144.267571144104,202.61723937988282,14.701983430886013,173.21327251811078,232.02120624165485,41.933270160478806
2021-04-15 19:00:00,214.94820910950205,221.32948919220505,214.1925369366161,219.11282348632812,3806700,192.34758209228517,144.9616607284546,204.89812469482422,13.429691294146375,178.03874210653146,231.75750728311698,50.950563594744466
2021-04-18 19:00:00,213.26054740361877,218.6426396362981,209.07073174156955,210.7416229248047,3664600,193.11064849853517,145.61889015197755,206.11014862060546,12.759089855482868,180.59196890963972,231.6283283315712,47.00254514414661
2021-04-19 19:00:00,215.57794834385194,217.46714165942612,206.97162323956965,210.2714080810547,5579400,193.81729064941408,146.2455565261841,206.59965896606445,12.71950786911237,181.16064322783973,232.03867470428918,47.98567873801089
2021-04-20 19:00:00,210.32180515123886,212.42930071601432,203.19324416314416,204.7717742919922,3185900,194.18169525146484,146.85312114715578,206.20544815063477,12.643878682026296,180.91769078658217,231.49320551468736,53.01682827239967
2021-04-21 19:00:00,207.39143616470292,212.0094640954959,196.5936467085905,198.8858642578125,4045100,194.4695245361328,147.41765399932862,205.29779586791992,12.475705772020634,180.34638432387865,230.24920741196118,51.574525272237025
2021-04-22 19:00:00,196.26619085563465,201.05214460502603,191.5306135438297,198.26454162597656,2483900,194.65239868164062,147.98353038787843,203.54546432495118,10.663576803608306,182.21831071773457,224.8726179321678,60.42841824644219
2021-04-25 19:00:00,195.6364603131765,205.7121578400354,193.1175359314618,200.80865478515625,3312600,195.00034606933593,148.56216934204102,202.72261581420898,10.172799797700838,182.3770162188073,223.06821540961064,54.496170286771225
2021-04-26 19:00:00,201.51394189173823,202.68104295938477,196.97988332393868,199.6751251220703,2864400,195.2482077026367,149.11679447174072,201.85358505249025,9.610782622815062,182.63201980686011,221.07515029812038,57.973921673883304
2021-04-27 19:00:00,199.29731292683877,205.70378186369834,199.29731292683877,201.71548461914062,3319100,195.52042022705078,149.6781368637085,201.21797790527344,9.144478655067756,182.92902059513793,219.50693521540896,56.49579662867048
2021-04-28 19:00:00,201.51394459922128,203.1764310548296,193.95717167675048,195.42654418945312,1526400,195.76055755615235,150.21261058807374,201.03241729736328,9.226201349699123,182.58001459796503,219.48481999676153,43.56681361089688
2021-04-29 19:00:00,196.4760893041305,196.4760893041305,180.85875400390955,183.51202392578125,1773300,195.71152221679688,150.68310363769533,200.41486053466798,9.97351350977442,180.46783351511914,220.36188755421682,39.81388248360845
2021-05-02 19:00:00,180.85875762437846,187.02173541425705,176.30790264323608,181.89991760253906,2059300,195.63494689941408,151.11413356781006,200.4509651184082,9.901254581207303,180.6484559559936,220.2534742808228,37.78278430951238
2021-05-03 19:00:00,182.41210500147835,189.5070726911673,182.41210500147835,187.10569763183594,1170200,195.6421676635742,151.5363892364502,200.08614044189454,10.263652167203771,179.558836107487,220.6134447763021,27.676863739910218
2021-05-04 19:00:00,190.43068823106066,191.438255434121,184.55319793264468,185.85464477539062,1132500,195.49691009521484,151.98349834442138,199.92912826538085,10.464313035672584,179.00050219403568,220.85775433672603,23.591662206930323
2021-05-05 19:00:00,186.3080497535409,187.15608304637965,183.05023667165608,186.52635192871094,715700,195.55971557617187,152.43274852752685,199.58991317749025,10.794891504111309,178.00013016926763,221.17969618571286,19.551267702104766
2021-05-16 19:00:00,189.75897952135114,196.89593229095948,188.0796965167374,195.60289001464844,2238600,195.68247192382813,152.92410682678224,199.2061981201172,10.79332044657161,177.61955722697397,220.79283901326042,36.038430860869525
2021-05-17 19:00:00,196.0562858853756,198.02944849121386,192.2778992194904,193.6717071533203,2533700,195.75367370605468,153.42029300689697,199.0340721130371,10.855707351839966,177.32265740935716,220.74548681671703,35.09277499514913
2021-05-18 19:00:00,191.99241448461476,196.2997663538673,188.9109319414275,191.53060913085938,2117800,195.74678833007812,153.89322105407715,198.6948570251465,10.984593724150484,176.72566957684552,220.66404447344746,37.34553651607318
2021-05-19 19:00:00,192.27789112245966,194.78842365813722,189.0956556795518,191.08560180664062,1441600,195.67995330810547,154.33096817016602,197.60374145507814,10.574656449779841,176.45442855551846,218.7530543546378,41.68012087959304
2021-05-20 19:00:00,191.7657001066064,204.8557065446489,191.0855926179971,198.82708740234375,6036400,195.5975,154.8013772583008,196.76451873779297,9.70017262493607,177.36417348792082,216.16486398766511,50.52090059413215
2021-05-23 19:00:00,201.5139359949332,204.03286019486987,197.39969825980106,200.9933624267578,3149600,195.71689697265626,155.24336444854737,195.85854568481446,8.239169223817875,179.3802072371787,212.33688413245022,50.17223897578067
2021-05-24 19:00:00,201.97575988201055,209.4065792673168,200.67431303010233,206.37547302246094,4180800,195.87239868164062,155.67473022460936,195.64023818969727,7.873810318560666,179.89261755257593,211.38785882681861,55.78932130381221
2021-05-25 19:00:00,207.5677710121892,211.169827239187,206.2579195722781,207.16473388671875,2599900,196.07021850585937,156.152444190979,195.48490447998046,7.595709270697326,180.2934859385858,210.6763230213751,54.81237346568724
2021-05-26 19:00:00,207.39142168715554,208.23106307050435,201.7238423495511,202.5131072998047,1530500,196.4708950805664,156.56504390716552,195.3719711303711,7.466048741210327,180.43987364795044,210.30406861279175,56.44470273674197
2021-05-27 19:00:00,203.27720404017657,205.71215916677357,201.95056898648792,203.53749084472656,1101000,197.14714263916017,156.94674491882324,195.60455245971679,7.651426348334236,180.3016997630483,210.90740515638527,72.70995899921681
2021-05-30 19:00:00,204.8725206076677,210.66604168041474,204.45269986871756,209.0875244140625,2088400,198.18897003173828,157.3543909072876,196.14570159912108,8.211674361769743,179.7223528755816,212.56905032266056,78.30418299029748
2021-05-31 19:00:00,210.75001331972646,216.2076829873688,210.74162151714162,212.09344482421875,3216900,199.21249298095702,157.7295846939087,196.7099411010742,8.907183316078738,178.89557446891672,214.5243077332317,77.26272182217068
2021-06-01 19:00:00,214.0917642248973,217.8869470047624,211.35453782664382,214.52838134765625,3546000,200.0434017944336,158.08110042572022,197.4526039123535,9.747047902383747,177.95850810758603,216.946699717121,80.49647024456742
2021-06-02 19:00:00,215.7710667979502,219.14641616721366,212.4796610737535,213.57119750976562,4095200,200.8257797241211,158.43286823272706,198.04538955688477,10.361118931260833,177.3231516943631,218.76762741940644,78.59041913965375
2021-06-03 19:00:00,214.52838257321764,218.26479713762268,214.52838257321764,215.06576538085938,3042300,201.45131286621094,158.7817812728882,199.02735061645507,11.010169500888196,177.00701161467867,221.04768961823146,74.50313454873218
2021-06-06 19:00:00,218.7265858103942,218.7265858103942,210.12026141670307,212.25294494628906,1610600,202.22646942138672,159.1011388015747,200.46439666748046,10.751111992257377,178.9621726829657,221.9666206519952,72.88515214546187
2021-06-07 19:00:00,212.33691250768555,213.26891497141503,206.55178379121298,208.06314086914062,1353600,202.65770935058595,159.41331745147704,201.77255783081054,9.934037951025477,181.9044819287596,221.6406337328615,69.38371481424497
2021-06-08 19:00:00,208.44099124147834,210.75000524314626,206.1319772398104,207.7021026611328,976800,202.8021273803711,159.72541217803956,202.8023780822754,9.386017621491078,184.03034283929324,221.57441332525755,69.52060135366958
2021-06-09 19:00:00,209.69203584571505,218.30675150432896,209.15466589295005,216.70303344726562,2752600,202.88306823730468,160.0894806289673,204.34479751586915,8.980301865106542,186.38419378565607,222.30540124608223,70.39660204621
2021-06-10 19:00:00,219.98605664080137,228.37406640240545,215.36802873421965,224.46133422851562,4931300,203.03151672363282,160.5120301437378,206.24154663085938,9.024806492297007,188.19193364626537,224.29115961545338,73.74679811322211
2021-06-13 19:00:00,241.2877497719172,241.2877497719172,232.1608516739152,234.75534057617188,7189100,203.06040008544923,160.96379917144776,208.19916915893555,10.688668922974372,186.8218313129868,229.5765070048843,76.12053824597336
2021-06-14 19:00:00,232.58067522742056,232.58067522742056,220.9096645194734,222.69810485839844,3939200,203.16904968261719,161.34575214385987,209.65048904418944,10.58238511435051,188.4857188154884,230.81525927289047,61.84076121812952
2021-06-15 19:00:00,223.76446511580082,228.62599669204982,222.29509245556574,226.77037048339844,3487100,203.36334228515625,161.76742023468017,211.4124771118164,10.337511847813522,190.73745341618937,232.08750080744343,68.65557933870332
2021-06-16 19:00:00,225.02390640125847,227.33292036619673,215.36802982060743,216.83740234375,2400800,203.4115377807617,162.15495670318603,212.70006713867187,9.215287828342586,194.2694914819867,231.13064279535703,58.995907362351076
2021-06-17 19:00:00,217.46714424356603,231.74104946418618,215.8802095401907,227.24896240234375,4461400,203.97376190185548,162.60374507904052,214.12116088867188,9.1546068446661,195.81194719933967,232.4303745780041,61.52616286389067
2021-06-20 19:00:00,227.9626506832058,228.7183228535236,221.2455191713618,221.80809020996094,1256200,204.49266052246094,163.02830989837648,215.16189727783203,8.758204719987969,197.64548783785608,232.67830671780797,55.98056262428996
2021-06-21 19:00:00,223.5545310844045,228.4664385822912,222.16912784751926,224.1758575439453,2120000,205.35262115478517,163.4509013748169,216.05191650390626,8.722699945530033,198.60651661284618,233.49731639496633,55.94412760539816
2021-06-22 19:00:00,230.90141148885965,231.81661764499287,225.9475317853182,227.00546264648438,3358600,206.00468658447267,163.88743099212647,217.04395294189453,8.786771830414873,199.47040928106478,234.6174966027243,58.09061643316981
2021-06-23 19:00:00,226.71159029593863,227.34970035736256,222.92479925399695,223.9911346435547,634300,206.70461151123047,164.28936725616455,218.11785430908202,8.21100801680404,201.69583827547393,234.5398703426901,55.27856604368843
2021-06-24 19:00:00,223.4285759643057,226.29175614011442,219.27234089081725,219.99444580078125,2545700,207.23828735351563,164.67476253509523,218.94070205688476,7.463544483692645,204.01361308949947,233.86779102427005,54.515186191235706
2021-06-27 19:00:00,218.52508706670142,218.52508706670142,210.95990957255577,212.11021423339844,1344200,207.4149478149414,165.01137470245362,219.09183654785156,7.281913609469291,204.528009328913,233.65566376679013,52.262912076708076
2021-06-28 19:00:00,212.437670905403,217.3747793630886,209.0707134259716,210.08668518066406,1367600,207.67439697265624,165.3264920425415,218.99149856567382,7.396346753687551,204.19880505829872,233.78419207304893,51.30899770492352
2021-06-29 19:00:00,212.42088488937736,217.03889983162247,210.33017316657134,215.3260498046875,1126900,208.01461975097655,165.65533756256104,219.0313819885254,7.373127759799478,204.28512646892645,233.77763750812434,49.211554799746
2021-06-30 19:00:00,217.50074395940763,219.90210637895055,216.5099475033439,217.3076171875,1146000,208.1026138305664,166.00408267974854,219.21820297241212,7.274168265824177,204.66986644076377,233.76653950406046,45.61369170827877
2021-07-01 19:00:00,217.47555759004882,219.860136424262,213.6887661474965,214.58718872070312,648400,208.08212677001953,166.345564994812,219.19427413940429,7.2893182790687705,204.61563758126675,233.77291069754182,36.367788152123325
2021-07-04 19:00:00,215.78783288420135,216.54350499521837,212.44606380663703,213.19334411621094,813300,207.9637371826172,166.6956114578247,219.24129409790038,7.245085271169716,204.75112355556095,233.7314646402398,42.49335987775427
2021-07-05 19:00:00,213.31091167679108,214.94820993225207,201.5139468114863,204.69618225097656,1553800,207.84282836914062,167.01937717437744,219.07294616699218,7.551145955768132,203.9706542554559,234.17523807852845,33.705218055377216
2021-07-06 19:00:00,204.45270879430248,207.38306229239032,200.682713781659,205.9724578857422,1392900,207.7568493652344,167.34918842315673,218.98646392822266,7.696730089292282,203.5930037496381,234.37992410680724,40.804455941017935
2021-07-07 19:00:00,207.79446604405814,214.02460417312676,206.64416133752195,211.52247619628906,1320200,207.89186340332031,167.7072954940796,218.72743606567383,7.862999885240276,203.0014362951933,234.45343583615437,35.496368079628965
2021-07-08 19:00:00,213.26054595838642,213.26054595838642,207.47541662372478,208.5669403076172,1329777,208.0854849243164,168.05184238433839,217.9327163696289,8.053881296135186,201.82495377735853,234.04047896189928,37.20175800837709
2021-07-11 19:00:00,208.57533006124015,209.9187486579716,206.56018294827584,207.11434936523438,333266,208.26248107910158,168.396935005188,216.55066680908203,7.356594729984667,201.8374773491127,231.26385626905136,33.21219029476404
2021-07-12 19:00:00,207.39144597674354,208.98675966718437,206.3167059051369,206.65255737304688,437911,208.37935913085937,168.74211162567138,215.74838943481444,7.523922655999642,200.70054412281516,230.79623474681372,28.99482401199856
2021-07-13 19:00:00,207.39144352919843,209.0707264727547,204.4610901804044,205.45187377929688,520365,208.49489410400392,169.08552501678466,214.68246459960938,7.389142403976589,199.9041797916562,229.46074940756256,30.12246960019135
2021-07-14 19:00:00,206.55179208079116,209.65007101190886,204.8725092183457,205.670166015625,679243,208.57398773193358,169.45303607940673,214.1241027832031,7.635552213801197,198.85299835560073,229.3952072108055,33.287627921152634
2021-07-15 19:00:00,205.2923499939856,213.26894437003003,205.2923499939856,210.78359985351562,1250326,208.88112884521485,169.84808750152587,213.30083465576172,7.007789298502357,199.285256058757,227.31641325276644,48.34522849250032
2021-07-18 19:00:00,211.42172264794056,212.42928983973874,209.07072399247014,209.79281616210938,896371,209.4067446899414,170.28276985168458,212.70007095336913,6.750390095382706,199.1992907626037,226.20085114413456,49.623744332916424
2021-07-25 19:00:00,206.55178732178854,206.92962339475105,204.03286308615696,204.6457977294922,281084,209.86166229248047,170.67576400756835,211.72356796264648,6.406797540735753,198.90997288117498,224.537163044118,36.293109356916396
2021-07-26 19:00:00,204.28477414342694,205.62819282097206,197.40810838925157,199.28890991210938,673351,210.10532653808593,171.0866426086426,210.33774032592774,5.905252304265242,198.52723571739725,222.14824493445823,28.718773090162017
2021-07-27 19:00:00,198.3652993105331,201.30404448550394,187.8277961921837,188.67584228515625,1275135,210.16175048828126,171.43433818817138,208.5719757080078,6.817285489191841,194.93740472962412,222.2065466863915,24.205957890477322
2021-07-28 19:00:00,188.9361313241413,195.55249754122954,187.2400519300849,193.95718383789062,992020,210.31036712646485,171.83518306732176,207.27011260986328,7.004715010702605,193.26068258845805,221.2795426312685,32.226552972488435
2021-07-29 19:00:00,195.38458109995997,197.23178990009202,189.33916465774925,191.1024169921875,870267,210.22035766601562,172.25412223815917,206.21972274780273,7.77362624809158,190.6724702516196,221.76697524398588,35.977854957970436
2021-08-01 19:00:00,191.4886165238021,195.2082346052782,190.61539510098572,193.75564575195312,372911,210.2220364379883,172.66940883636474,205.40317077636718,8.192489212094925,189.01819235217732,221.78814920055703,37.74628986881579
2021-08-02 19:00:00,194.80522102151005,204.03288577653143,194.41899310376465,201.5055694580078,1356678,210.42153564453125,173.09766807556153,204.7121467590332,7.888693422237749,188.9347599145577,220.4895336035087,40.377490467901026
2021-08-03 19:00:00,202.35359883934677,203.1932403283067,196.4845002192283,197.13941955566406,761340,210.5426119995117,173.48520462036132,203.7037368774414,7.4719148059759934,188.7599072654894,218.6475664893934,39.31207528816469
2021-08-04 19:00:00,197.7355581379859,198.40727384903226,194.4021806127875,195.42654418945312,476319,210.47460113525392,173.87080993652344,202.7457046508789,7.227384277193808,188.2909360964913,217.20047320526652,39.1216010861754
2021-08-05 19:00:00,195.63646377843452,199.41485041793217,189.25518344029584,189.95208740234375,553838,210.25377563476562,174.26628108978272,201.58364181518556,7.3268872457860565,186.92986732361345,216.23741630675767,35.782698383007016
2021-08-08 19:00:00,193.11752399181867,195.63644821779891,188.1048637571651,189.39791870117188,491603,209.91422454833983,174.66490089416504,200.8187286376953,7.769997473418904,185.2787336908575,216.3587235845331,36.18096801733763
2021-08-09 19:00:00,188.91932089804135,192.2694948009214,188.07967947182783,190.23756408691406,368610,209.57568115234375,175.0624711227417,200.0319839477539,8.013492332662903,184.0049992824281,216.0589686130797,36.856418151039996
2021-08-10 19:00:00,191.52220799743904,197.3157285185381,189.75895593697706,190.47265625,1434233,209.33487213134765,175.46927734375,198.97949295043946,7.804518650244009,183.37045564995145,214.58853025092748,31.133970412986812
2021-08-11 19:00:00,189.76737686175068,190.682595863026,186.06456746557802,186.8370361328125,381152,209.00086303710938,175.8579474258423,197.89299774169922,7.91138549928315,182.0702267431329,213.71576874026553,29.675885197249684
2021-08-12 19:00:00,187.65987935482076,188.0797001140038,183.88149252217335,184.65396118164062,376021,208.51219177246094,176.23230163574217,196.76997833251954,8.124769474471856,180.52043938357582,213.01951728146327,31.3196369050182
2021-08-15 19:00:00,183.04181950771667,184.6371329933408,176.660539941399,179.65806579589844,622706,207.86348419189454,176.54053394317626,195.4202537536621,8.62353802909631,178.1731776954695,212.66732981185473,31.532361255893647
2021-08-16 19:00:00,180.52290131700187,188.0796739302717,180.52290131700187,184.8638458251953,553805,207.27019348144532,176.83730518341065,194.39085235595704,8.591776232959361,177.2072998900383,211.57440482187576,46.007713448612115
2021-08-19 19:00:00,188.07967773503134,191.85806411810117,187.24003631657138,188.1468505859375,1403411,206.76170654296874,177.15498348236085,193.51468658447266,8.268408712799488,176.9778691588737,210.05150401007162,43.64903207556863
2021-08-22 19:00:00,189.33913650322407,190.5902068068194,188.92770760319073,189.12083435058594,189474,206.24280792236328,177.4546934890747,192.43154830932616,7.24238936907971,177.94676957116673,206.9163270474856,47.741163202241424
2021-08-23 19:00:00,189.75894757092476,191.43823029279136,184.721099405325,187.0720977783203,437197,205.7391909790039,177.73425197601318,191.2955123901367,6.06148500147165,179.1725423871934,203.41848239308,42.27485667462556
2021-08-24 19:00:00,187.24004033333648,188.07968176980884,184.60356673528972,184.82186889648438,529244,205.2743655395508,178.0270348739624,190.30431594848633,5.341589265575565,179.6211374173352,200.98749447963746,27.907482355413393
2021-08-25 19:00:00,183.88145472503805,185.55234561542082,181.06865109192293,182.4288787841797,419609,204.7689010620117,178.30999397277833,189.46131439208983,5.176899555343273,179.1075152814033,199.81511350277637,29.446257571713275
2021-08-26 19:00:00,181.78236540875892,184.30128964075095,176.74451694477483,180.60687255859375,848526,204.04697784423828,178.6299813079834,189.05786590576173,5.542820160236389,177.97222558528895,200.1435062262345,29.3567319080052
2021-08-29 19:00:00,182.11821563866457,194.15027851099447,180.52290209376318,191.5725860595703,1870038,203.3892028808594,179.0327992630005,188.9386360168457,5.456866447877282,178.02490312109114,199.85236891260024,51.95778884764011
2021-08-30 19:00:00,194.788423169471,195.6364564154644,190.72454884421705,191.8076934814453,1297450,202.53024993896486,179.39569236755372,188.9738998413086,5.473837819689586,178.0262242019294,199.92157548068778,52.93396384503146
2021-08-31 19:00:00,192.2778909461721,193.10073597511303,188.66743016951668,189.3643341064453,370763,201.8635745239258,179.74913940429687,188.75433425903321,5.3588012854017375,178.03673168822974,199.4719368298367,48.97677778334037
2021-09-01 19:00:00,189.75896361189166,198.1553779310019,189.75896361189166,195.32579040527344,1706351,201.23468292236328,180.0977585220337,188.4453453063965,4.725623470074158,178.99409836624818,197.8965922465448,55.01388353343887
2021-09-02 19:00:00,195.63646540297052,198.57521059142715,193.11754095572195,195.3090057373047,1286708,200.80411499023438,180.4647657394409,188.35382461547852,4.563321811547242,179.22718099238404,197.480468238573,59.459942976488286
2021-09-05 19:00:00,194.71284487600718,194.71284487600718,190.5902151412886,190.89248657226562,290339,200.07698547363282,180.80750736236573,188.12712173461915,4.2983948754099925,179.53033198379916,196.72391148543915,56.63509631769421
2021-09-06 19:00:00,190.0108744195577,196.47611142102957,188.37357605343163,192.1603546142578,2095466,199.48403076171874,181.1578897857666,188.23753509521484,4.3754122642638045,179.48671056668724,196.98835962374244,64.44231359042243
2021-09-07 19:00:00,191.43824919624845,194.71284570247224,190.60699955455547,191.8076934814453,1300432,198.83666748046875,181.50608909606933,188.3580238342285,4.4417256439619175,179.47457254630467,197.24147512215234,59.03431145218568
2021-09-08 19:00:00,193.1175389305666,194.08312150045458,189.84294230824793,191.6649627685547,597439,198.12985748291015,181.89883136749268,188.42939376831055,4.484774872202439,179.45984402390567,197.39894351271542,54.9845531882695
2021-09-09 19:00:00,192.27790016294588,200.66592321465714,190.68258646539815,198.02944946289062,2384969,197.61062377929687,182.30794673919678,188.80723342895507,4.95921151956148,178.88881038983212,198.72565646807803,60.94945062858982
2021-09-12 19:00:00,199.66673951012544,209.07072119423057,199.41484451256932,203.3443603515625,3260760,197.2776220703125,182.76059741973876,189.6325996398926,5.898722400274074,177.83515483934445,201.43004444044072,68.51358234560686
2021-09-13 19:00:00,202.35358176761525,202.35358176761525,188.09647407522382,188.9613037109375,3250460,196.81464385986328,183.1397374725342,189.84796676635742,5.784915641005366,178.27813548434668,201.41779804836816,53.69067455804199
2021-09-14 19:00:00,189.33915802849324,189.33915802849324,180.5229222888073,184.4524383544922,1849630,196.30195892333984,183.4937303543091,190.08768539428712,5.428812388986143,179.23006061631483,200.9453101722594,51.7385868855571
2021-09-15 19:00:00,184.84707437762296,186.9042063386265,180.52292570071967,182.01748657226562,911707,195.6357876586914,183.83315551757812,189.94536743164062,5.607338219619416,178.73069099240178,201.16004387087946,51.19932891757082
2021-09-16 19:00:00,183.79751292659984,186.82022734777814,180.94273704919635,183.3189239501953,1183849,194.95601379394532,184.19235416412354,189.7039710998535,5.789792482706963,178.1243861344396,201.28355606526742,41.602607372154125
2021-09-19 19:00:00,183.8982664305667,183.8982664305667,176.53460762847882,179.07872009277344,1186420,194.24584442138672,184.5602430343628,189.20186538696288,6.259417958565136,176.6830294698326,201.72070130409315,38.02526533133976
2021-09-20 19:00:00,180.52291377351344,183.0334463494427,166.3749500576617,168.96945190429688,1841022,193.36136657714843,184.8741010284424,188.2967330932617,7.721655488930446,172.8534221154008,203.7400440711226,33.232085126775615
2021-09-21 19:00:00,169.02821972538015,169.60757438084437,156.59313179221525,161.5302276611328,1584352,192.49804748535155,185.13699283599854,187.13215103149415,9.760558144618722,167.6110347422567,206.6532673207316,22.873693915783534
2021-09-22 19:00:00,162.80647772094832,164.5613381498404,151.81557383113275,155.66952514648438,964382,191.4919888305664,185.3536623764038,185.79418334960937,12.013313487406872,161.76755637479562,209.82081032442312,20.91187859414761
2021-09-23 19:00:00,155.34206517170793,155.71150947178933,149.4561830255194,152.57125854492188,1404623,190.31296447753905,185.5408605194092,184.39240264892578,14.104178318324236,156.18404601227732,212.60075928557424,21.324445207678608
2021-09-26 19:00:00,151.13545846441087,151.13545846441087,141.2276869582505,146.90367126464844,1233935,189.0796990966797,185.67092098236083,182.1589569091797,16.27674062841763,149.60547565234444,214.71243816601495,18.226811439257176
2021-09-27 19:00:00,150.19506944676735,156.37483114525452,146.52582753047335,155.28329467773438,1019347,188.0430780029297,185.84271160125732,180.33273696899414,17.162098604575014,146.0085397598441,214.65693417814418,26.95485307276263
2021-09-28 19:00:00,155.65273685150797,155.65273685150797,143.63746969396553,145.75335693359375,1430941,186.82509399414062,185.94195724487304,178.15218811035157,18.65938856677336,140.83341097680486,215.4709652438983,24.10002305194297
2021-09-29 19:00:00,145.2579578622537,153.1505816617969,142.73903373747476,150.111083984375,1055473,185.7182781982422,186.0551828765869,175.89145278930664,19.20037728934965,137.49069821060735,214.29220736800593,22.34173538419047
2021-09-30 19:00:00,152.7223901185074,156.08934788144708,149.45618523456557,153.8559112548828,904771,184.68199310302734,186.15459648132324,173.81879806518555,19.231335516386384,135.3561270324128,212.2814690979583,20.908204195429335
2021-10-03 19:00:00,151.9750846946404,159.86770827777474,149.45616063892814,157.8861541748047,853439,183.62404418945312,186.25908966064452,172.1684814453125,19.104847073475682,133.95878729836113,210.37817559226386,29.200831664020484
2021-10-04 19:00:00,157.89455942117775,160.37149885684647,156.17329208048923,158.15484619140625,973704,182.59128479003905,186.3967487335205,170.46820602416992,18.741730390239955,132.98474524369,207.95166680464982,31.33935042832769
2021-10-05 19:00:00,157.86098028227298,161.21115419262662,152.05906775124728,152.8903045654297,783830,181.55617492675782,186.49800941467285,168.52233657836913,18.427207343519843,131.66792189132946,205.3767512654088,30.12943438893774
2021-10-06 19:00:00,153.66278620304954,159.95170564625923,153.66278620304954,156.5931396484375,920920,180.70225952148436,186.58965637207032,166.76874542236328,17.765875617549167,131.23699418726494,202.30049665746162,32.34609258725803
2021-10-07 19:00:00,157.012960929231,157.85260243152635,154.49403642234495,155.8710479736328,312913,180.04616363525392,186.62584495544434,164.66082534790038,16.302344107317595,132.0561371332652,197.26551356253557,33.922764390928066
2021-10-10 19:00:00,156.17331985293993,157.85260286211133,149.45618781625433,150.97593688964844,379870,179.18653869628906,186.58226753234862,162.0424041748047,13.771251037110765,134.49990210058314,189.58490624902623,36.564265243029155
2021-10-11 19:00:00,151.12706375229152,151.1354555542009,143.58707457840023,149.4309844970703,868528,178.35311004638672,186.58512237548828,160.06588821411134,12.480697084549499,135.10449404501233,185.02728238321035,40.09349101071039
2021-10-12 19:00:00,150.46374725306768,154.36808773397513,142.31922764352,144.48550415039062,1147490,177.36770721435548,186.5760962677002,158.06754150390626,11.534307961695308,134.99892558051565,181.13615742729687,40.703520647286894
2021-10-13 19:00:00,146.18159112488763,153.61241075595422,144.5023081151217,151.9667205810547,658874,176.3769302368164,186.5501513671875,156.56500320434571,10.120933655890124,136.32313589256546,176.80687051612597,49.53161910900404
2021-10-14 19:00:00,152.64681107939117,154.9138403266675,146.71894476774534,154.04061889648438,1290476,175.5149542236328,186.5465828704834,155.10108795166016,7.9272081326520505,139.24667168635605,170.95550421696427,55.85560366574433
2021-10-17 19:00:00,152.0590740830514,152.39492554350647,147.6509564020409,149.38900756835938,583945,174.59420349121095,186.54889190673828,153.61660232543946,5.654988549995018,142.3066252254494,164.9265794254295,44.848836731722066
2021-10-19 19:00:00,150.3797771315961,155.24968691355613,150.3797771315961,153.83070373535156,1293356,173.87177581787108,186.62492141723632,152.8596649169922,4.355732936858704,144.1481990432748,161.5711307907096,57.74806582673192
2021-10-20 19:00:00,153.90628651692117,154.07421225127032,147.3654721845533,149.32183837890625,683018,173.07025421142578,186.6659799194336,152.24924545288087,3.909240731217977,144.43076399044492,160.06772691531683,49.24511757858518
2021-10-21 19:00:00,149.4561918618384,150.21186411165553,139.80031429773084,145.3671417236328,1634398,172.17284576416014,186.67496421813965,151.73412628173827,4.108522478341663,143.51708132505493,159.9511712384216,41.91329056626153
2021-10-24 19:00:00,145.63582035017848,145.63582035017848,142.3276306826564,145.3671417236328,226656,171.2707354736328,186.6833187866211,151.37392044067383,4.3405185181647035,142.69288340434443,160.05495747700323,37.08199919888952
2021-10-25 19:00:00,143.57027769318373,144.40991903525577,141.05974546810072,141.73985290527344,205808,170.36879180908204,186.66593818664552,151.11572952270507,4.7542822675017495,141.60716498770157,160.62429405770857,34.15978026333886
2021-10-26 19:00:00,143.57030294762478,147.12198286200564,143.57030294762478,144.6114501953125,495801,169.56794158935546,186.61119361877442,150.58213729858397,4.859626554403594,140.8628841897768,160.30139040739115,41.62421110773888
2021-10-27 19:00:00,143.7550135009339,145.677786720114,143.1756588698357,143.81378173828125,276654,168.85105590820314,186.5659789276123,150.48515853881835,4.978949658298147,140.52725922222206,160.44305785541465,36.26353295605291
2021-10-28 19:00:00,143.5870929598279,144.4099508810936,140.7658969158485,141.9246063232422,277546,167.99227111816407,186.5182034301758,150.07583465576172,5.335092639337674,139.40564937708638,160.74601993443707,35.37595560917384
2021-10-31 19:00:00,143.57870200218326,152.56286383408934,143.31841517711464,152.09266662597656,2240298,167.27118743896483,186.53852279663087,149.9876724243164,5.2836601969297465,139.4203520304569,160.5549928181759,51.05438983811732
2021-11-01 19:00:00,153.1505976918368,160.74096369031275,151.13546330585683,156.00538635253906,2761497,166.60887847900392,186.56257858276368,149.8936340332031,5.15074976164604,139.59213450991103,160.1951335564952,55.94172951409267
2021-11-02 19:00:00,156.38321831183586,160.37151515468804,153.65438362988436,159.070068359375,2784763,166.048837890625,186.58944717407226,149.93939514160155,5.231441776079585,139.4765115894424,160.4022786937607,63.64492646865682
2021-11-03 19:00:00,159.69980629608773,167.50008278881947,159.0280905523868,166.1902313232422,3193899,165.67620513916015,186.67152214050293,150.6043914794922,6.351664040815706,137.90106339786078,163.3077195611236,63.397646882967926
2021-11-04 19:00:00,165.40936037637923,166.08107607734578,159.53187041376677,160.7745361328125,1778734,165.2431182861328,186.72227844238282,150.81346130371094,6.622217864570409,137.5690255745701,164.05789703285177,55.967254025233395
2021-11-07 19:00:00,159.54024562447287,164.89716144740672,157.3487812252645,159.85092163085938,2576814,164.82799926757812,186.76648536682129,151.01245498657227,6.838459952802209,137.33553508096784,164.6893748921767,59.9266826505438
2021-11-08 19:00:00,159.27997282913566,159.27997282913566,149.8759916045648,150.7744140625,1119788,164.0120358276367,186.76967597961425,151.00237884521485,6.838665056454826,137.3250487323052,164.6797089581245,47.334510265150335
2021-11-09 19:00:00,151.1354734355199,154.03223411398483,148.40663849848968,150.89198303222656,825358,163.19372161865235,186.75653564453125,151.07542877197267,6.828792127668771,137.4178445166351,164.73301302731022,51.48296309576274
2021-11-10 19:00:00,151.00950926196512,152.80634132582233,145.24956880853122,145.95486450195312,690180,162.3255322265625,186.7128742980957,151.14889678955078,6.761737387560902,137.62542201442898,164.67237156467257,50.544976361294836
2021-11-11 19:00:00,145.25797460293364,146.0976160746269,136.86155988600106,138.41490173339844,949783,161.187314453125,186.63688674926757,150.47130584716797,7.330555956874904,135.81019393341816,165.13241776091778,44.34426144040088
2021-11-14 19:00:00,139.2964959084326,140.17812189507544,134.42658629061586,137.4073028564453,518022,160.0292803955078,186.57895141601563,149.639640045166,7.830771893369725,133.97809625842655,165.30118383190546,46.31849674738181
2021-11-15 19:00:00,141.4879649094908,143.57867656651922,139.50641073211972,142.58790588378906,1569258,159.0631887817383,186.53990814208984,149.2995849609375,7.9883143907766545,133.3229561793842,165.2762137424908,48.345456546198086
2021-11-16 19:00:00,141.89941318334232,141.89941318334232,136.44174344552144,138.27215576171875,722949,157.9854248046875,186.47861434936524,148.52165756225585,8.276218008484918,131.96922154528602,165.0740935792257,45.71540682022065
2021-11-17 19:00:00,137.28137804118796,141.47958532073497,136.69363158443375,140.30409240722656,1159520,156.95535278320312,186.4296212005615,148.07077026367188,8.473618522936361,131.12353321779915,165.0180073095446,48.74983460929418
2021-11-18 19:00:00,141.98338589645059,143.1588788975303,137.70120902753646,138.3729248046875,931702,155.8895120239258,186.37945274353027,147.7210594177246,8.731475586155966,130.25810824541267,165.18401059003654,37.87475001382256
2021-11-21 19:00:00,138.12101052161358,138.12101052161358,133.81364603289094,134.91357421875,727865,154.62719451904297,186.30694961547852,147.19838104248046,9.181106306613847,128.83616842925278,165.56059365570815,31.20886853237623
2021-11-22 19:00:00,134.34263758874056,136.6096670356681,124.86309086112648,127.18888854980469,1155528,153.10408508300782,186.19057540893556,146.47083282470703,10.160706770536239,126.14941928363456,166.7922463657795,23.774040760748818
2021-11-23 19:00:00,127.62550973672289,127.62550973672289,122.20982455040897,124.03184509277344,1039874,151.80549591064454,186.04338638305663,145.44185256958008,11.3333094038445,122.77523376189107,168.10847137726907,12.900895462103989
2021-11-24 19:00:00,124.2669318322787,126.01338754681038,122.25179752192527,124.86308288574219,801008,150.61370880126952,185.91479530334473,144.49431762695312,12.233071733152972,120.02817416064718,168.96046109325906,15.624542645120073
2021-11-25 19:00:00,125.10658520244546,128.0453304924358,122.51209600699876,124.03184509277344,960560,149.4539959716797,185.7255821990967,143.59967956542968,13.05739285927195,117.48489384688578,169.7144652839736,15.652223789149076
2021-11-28 19:00:00,121.75640731024606,128.38117812435942,120.06873253515228,126.63473510742188,1481745,148.32031219482423,185.4893492126465,142.32678298950196,13.421678957524849,115.48342507445227,169.17014090455166,23.570554123280772
2021-11-29 19:00:00,126.36603285188662,127.54152570713967,122.33575150087276,123.36011505126953,1361153,147.20594009399414,185.24480373382568,140.69451942443848,13.653672092416878,113.38717523960473,168.00186360927225,21.80567993365854
2021-11-30 19:00:00,124.18297660853585,125.73631855687512,122.58766283341414,123.59523010253906,314823,146.29845565795898,184.99278537750243,138.92077751159667,13.443515673724685,112.0337461641473,165.80780885904605,24.662269881154685
2021-12-01 19:00:00,124.09901050578321,124.09901050578321,114.3255844116211,114.3255844116211,1055472,145.35436279296874,184.701471786499,136.32754516601562,12.897648688607774,110.53224778880008,162.12284254323117,23.731948714390555
2021-12-02 19:00:00,109.15338852273659,112.51195432343619,105.7528380871459,107.06268310546875,1174543,144.38222595214845,184.36208869934083,133.64195251464844,13.129248422211607,107.38345567022523,159.90044935907164,20.883058142374637
2021-12-05 19:00:00,108.10383950243752,109.06103026788553,102.01643883142647,104.35903930664062,1027052,143.4179815673828,183.95112617492677,130.8673583984375,13.162501786134147,104.5423548261692,157.19236197070578,11.487081846332444
2021-12-06 19:00:00,105.36660219559876,112.18449297407405,104.99716431915783,111.09295654296875,1408410,142.7017672729492,183.58411895751954,128.88328552246094,12.993485841831111,102.89631383879872,154.87025720612317,23.890954525346444
2021-12-07 19:00:00,112.09213990318268,112.76385566348688,107.1046673587081,108.73357391357422,915369,141.770772857666,183.1821826553345,126.77536506652832,12.650243082727018,101.47487890107429,152.07585123198237,19.862138220985244
2021-12-08 19:00:00,108.3137403925357,108.3137403925357,102.52861167009299,105.29943084716797,563947,140.9616943359375,182.79162338256836,124.74259338378906,12.67252246876858,99.3975484462519,150.0876383213262,19.30808459481446
2021-12-09 19:00:00,104.93838950820324,107.47410382674497,101.60501198174893,105.01395416259766,850096,140.05975173950196,182.3802829360962,123.07254600524902,12.973190399494497,97.12616520626003,149.01892680423802,20.5166496166415
2021-12-12 19:00:00,105.58490976508935,106.54210048229244,103.2842940418079,104.09874725341797,422847,139.06460845947265,181.9602523803711,121.40711822509766,13.172572192095195,95.06197384090727,147.75226260928804,23.699313664130457
2021-12-13 19:00:00,105.29104661346372,111.84024654653844,103.27590570868828,110.78230285644531,1301033,138.12253143310548,181.59706550598145,119.81683807373047,12.376755848941702,95.06332637584705,144.57034977161388,36.03046032191387
2021-12-14 19:00:00,115.03086496988533,119.08633422851562,113.77140294466761,119.08633422851562,1852708,137.34116119384765,181.26267822265626,118.85754699707032,11.589531844343599,95.67848330838312,142.03661068575752,44.73843890829817
2021-12-15 19:00:00,118.8176490506912,121.73961032633883,116.71015376407391,117.86045837402344,1983220,136.64056427001952,180.92333709716797,117.73536529541016,10.432443724699745,96.87047784601067,138.60025274480967,44.419116039908246
2021-12-16 19:00:00,115.8789147777836,115.8789147777836,111.75628489303219,113.74623107910156,908489,135.78362609863282,180.55834495544434,116.50403060913087,9.255332421496178,97.99336576613851,135.01469545212322,38.65483394621818
2021-12-19 19:00:00,111.67230984874173,116.45826342273409,111.12654804567411,113.98971557617188,852154,134.9459994506836,180.1627059173584,115.45783767700195,8.185617931731233,99.08660181353949,131.8290735404644,41.28668988613644
2021-12-20 19:00:00,114.19124003369166,118.55737311965628,112.9317778274377,113.74623107910156,1515778,134.20140533447267,179.8145066833496,114.7857048034668,7.709731608862806,99.3662415857412,130.2051680211924,40.84307690910861
2021-12-21 19:00:00,114.1912299119761,114.56906597797912,112.94015961903489,113.2760238647461,334698,133.47830612182617,179.43356143951416,114.24791374206544,7.399725848072427,99.44846204592058,129.04736543821028,48.833291098145416
2021-12-22 19:00:00,113.26762703683046,116.4162824898029,112.97376021503347,114.99729919433594,542573,132.88854202270508,179.05798984527587,113.75462455749512,6.9712793816408,99.81206579421352,127.69718332077672,60.05963004763207
2021-12-23 19:00:00,115.45069200659348,116.29033340300508,112.97375244956149,113.2760238647461,382814,132.1147280883789,178.66499557495118,113.21683349609376,6.538144756567516,100.14054398295872,126.2931230092288,61.59388704767138
2021-12-26 19:00:00,113.77141621433483,116.50025092058272,112.9569629847479,114.55227661132812,501956,131.32496124267578,178.26562019348145,112.61271057128906,5.742928992275449,101.12685258673815,124.09856855583996,55.24173093881341
2021-12-27 19:00:00,114.19123504458975,115.45069719581683,112.58751683050181,114.39275360107422,473431,130.62503616333007,177.82283519744874,112.16434249877929,5.182382130371557,101.79957823803618,122.5291067595224,59.18757081796828
2021-12-28 19:00:00,114.19123361752108,122.96548393236745,114.19123361752108,122.73877716064453,3880163,130.00319763183595,177.46141151428222,112.12151985168457,5.085590623386608,101.95033860491135,122.29270109845778,74.4180834462826
2021-12-29 19:00:00,123.4273023594871,124.0990181319893,117.96963252726488,119.00238800048828,1595254,129.39680862426758,177.06342151641846,112.35536003112793,5.295460961453549,101.76443810822083,122.94628195403503,67.86024470444113
2021-12-30 19:00:00,118.97719701596938,125.02261320421592,118.38945053315182,120.93356323242188,2455511,128.90813705444336,176.68172061920166,113.04890403747558,5.4712132034753225,102.10647763052494,123.99133044442623,70.95092698494565
2022-01-02 19:00:00,121.35337710887153,122.99067536542614,119.8252363400578,120.34580993652344,645203,128.40771041870119,176.371053276062,113.84824256896972,5.299958040253509,103.24832648846271,124.44815864947674,64.03056416051535
2022-01-03 19:00:00,120.1946683200503,126.55076023978016,120.1946683200503,125.20732879638672,2651565,128.07705993652343,176.14846435546875,114.55396118164063,5.827240987366031,102.89947920690857,126.2084431563727,59.98906830318401
2022-01-04 19:00:00,124.6867591262534,130.3375426696903,121.74801396166157,127.81022644042969,2807151,127.74103546142578,176.00253471374512,115.5077938079834,6.361205364309741,102.78538307936392,128.23020453660288,65.53899189149385
2022-01-05 19:00:00,128.07892532960602,130.13605752006288,122.59606665078624,123.67080688476562,1896535,127.33817596435547,175.81630226135255,116.42636260986328,6.1318086767959805,104.16274525627131,128.68997996345524,65.48746129426455
2022-01-06 19:00:00,123.42730443632355,128.36440071358862,121.75641318574723,127.72626495361328,1831701,127.0542091369629,175.59001888275145,117.56197814941406,6.008917709124096,105.54414273116586,129.57981356766226,69.15694939585413
2022-01-09 19:00:00,126.79426155678722,135.6440903685822,126.79426155678722,134.2082977294922,2915523,126.6965217590332,175.38879886627197,119.06745567321778,6.2262046670974085,106.61504633902297,131.5198650074126,74.30682159689599
2022-01-10 19:00:00,134.76246201835642,136.02192428021021,133.08317900255133,134.64491271972656,1916609,126.26931228637696,175.14307788848876,120.26058616638184,6.813643703857949,106.63329875866594,133.88787357409774,75.40430742438878
2022-01-11 19:00:00,136.66004171904916,138.96066397048637,132.70533755051156,133.43582153320312,2195199,125.75662734985352,174.9427814102173,120.97806053161621,7.412655039655016,106.15275045230618,135.80337061092624,72.19079736778025
2022-01-12 19:00:00,133.4106314154456,135.87078756186673,131.8237095643764,134.7792510986328,1109579,125.12840774536133,174.68417194366455,121.82400016784668,7.98169873916414,105.8606026895184,137.78739764617495,76.11670083138787
2022-01-13 19:00:00,136.0219093251004,137.0714610945842,133.42742042579516,133.9228057861328,1078927,124.59137313842774,174.35137996673583,122.83282890319825,8.179624287103497,106.47358032899126,139.19207747740523,73.76881989001089
2022-01-16 19:00:00,133.97318789133084,134.75406110306966,127.71786164284447,129.42233276367188,795699,123.98280136108399,173.93521167755128,123.60445976257324,8.028014895991857,107.54842997058952,139.66048955455696,66.66667230694961
2022-01-17 19:00:00,130.98408173876751,134.3006632973344,130.14444018916004,131.8740997314453,1132778,123.60479507446288,173.50938762664794,124.51085319519044,7.87836054138303,108.75413211242437,140.2675742779565,61.65384247786336
2022-01-18 19:00:00,132.6633426359595,134.00677401526534,121.99149468920565,123.1753921508789,1402975,123.05046325683594,172.9587087249756,125.00582160949708,7.43379524474065,110.13823112001577,139.87341209897838,54.72521294230299
2022-01-19 19:00:00,121.63885573239509,122.4869018172299,115.15682255513566,121.82357788085938,1460125,122.56783752441406,172.48149848937987,125.34713554382324,7.099263020506229,111.14860950281079,139.5456615848357,51.02118779084629
2022-01-20 19:00:00,122.1678344772879,124.83788821511492,121.11828263469951,122.1342544555664,731979,122.24222457885742,172.0068910598755,125.79004707336426,6.56256780821406,112.66491145693614,138.91518268979237,52.06516190837645
2022-01-23 19:00:00,121.74800165509676,121.74800165509676,118.05358466067197,120.16947174072266,1062410,121.89746795654297,171.5356002807617,126.07090682983399,6.164432643749435,113.74204154233512,138.39977211733284,43.76558551692649
2022-01-24 19:00:00,121.74799666510243,123.43567117899993,121.10146923340804,121.63044738769531,729960,121.47831878662109,171.14806373596193,126.43279151916504,5.632254728570526,115.16828206202399,137.69730097630608,42.13001359473995
2022-01-25 19:00:00,121.37016816413548,123.83031134138552,119.48097499496257,122.44490814208984,450070,121.16177383422851,170.78097248077393,126.4180980682373,5.642772401002475,115.13255326623235,137.70364287024225,48.29436517724246
2022-01-26 19:00:00,123.01587040873721,125.08978591940404,120.48855412952827,122.47850036621094,544342,120.80526199340821,170.4874758529663,126.59190368652344,5.452668267181977,115.68656715215948,137.4972402208874,41.77849441030612
2022-01-27 19:00:00,121.75640206041369,125.1065760584276,121.75640206041369,123.62040710449219,507022,120.5102116394043,170.13356693267824,126.72624588012695,5.337810768222018,116.05062434368291,137.40186741657098,30.079030685541255
2022-01-30 19:00:00,125.5180018394663,128.38116937543973,124.35929256757953,127.046142578125,1317676,120.3528630065918,169.82382320404054,127.06126251220704,5.122190630976233,116.81688125025457,137.3056437741595,37.148547842912784
2022-01-31 19:00:00,127.20568856655842,131.55502543185534,127.00416999218423,130.64822387695312,2601745,120.42204971313477,169.51051105499266,127.33330726623535,5.1628682103264865,117.00757084558238,137.6590436868883,45.63849719527638
2022-02-01 19:00:00,131.82371305808041,133.83045569343074,131.08482445195565,132.99081420898438,1655803,120.60122909545899,169.15907917022705,127.59233665466309,5.31575099122734,116.9608346722084,138.22383863711775,47.28663004298999
2022-02-02 19:00:00,135.77001432062832,135.77001432062832,129.3047779838196,129.7581787109375,1189030,120.69913101196289,168.82229892730712,127.89670524597167,5.25330289438534,117.39009945720099,138.40331103474236,44.10647061084477
2022-02-03 19:00:00,128.46514491228922,132.31909618479898,127.71786451645238,131.70616149902344,1144310,120.85261734008789,168.4892551803589,128.0957000732422,5.321444021118411,117.45281203100538,138.73858811547902,53.483601311019996
2022-02-06 19:00:00,132.87326777679806,135.6440872975593,129.76659677978625,131.0176544189453,1593834,120.94027572631836,168.07980388641357,127.93616790771485,5.174342164049058,117.58748357961673,138.28485223581296,48.61936917214298
2022-02-07 19:00:00,129.5146931999716,130.9756739300423,128.4819378074951,130.2283935546875,580657,121.07764129638672,167.65288814544678,127.7153419494629,4.962884767900123,117.78957241366265,137.64111148526314,65.26161058229638
2022-02-08 19:00:00,130.8833149189701,131.83210105691904,128.08730731900667,128.80099487304688,907105,121.18175659179687,167.20132900238036,127.48360061645508,4.786796279810007,117.91000805683507,137.0571931760751,65.04883189165494
2022-02-09 19:00:00,129.55668859816103,130.01849399476055,127.96136202917292,128.38958740234375,222091,121.46303665161133,166.78956882476805,127.16411743164062,4.477474968951586,118.20916749373745,136.11906736954379,63.4330791328764
2022-02-10 19:00:00,128.38958095177964,129.51469745284822,126.8866155376236,127.89419555664062,227636,121.87966690063476,166.377682762146,126.86268692016601,4.192372764818624,118.47794139052877,135.24743244980326,67.70594520485662
2022-02-13 19:00:00,126.5339558140617,128.29720787041555,121.0762867400943,122.71358489990234,741034,122.2467578125,165.96739181518555,126.52724952697754,4.244852575829863,118.03754437531782,135.01695467863726,52.12100748938891
2022-02-14 19:00:00,122.57925267901886,126.6934904169641,120.32061526162555,125.2996826171875,844242,122.53089233398437,165.59946090698242,126.19852867126465,4.059515525990731,118.07949761928319,134.31755972324612,55.227529214598604
2022-02-15 19:00:00,126.78585885002062,127.03775384720433,123.63720341500354,124.43486022949219,410766,122.84491806030273,165.2303125,126.26150207519531,4.01972451772113,118.22205303975305,134.30095111063758,53.47656036040043
2022-02-16 19:00:00,124.26694786907078,124.47685825398474,119.64891940096342,121.56330108642578,568084,123.17019546508789,164.83408573150635,126.24848823547363,4.035239854246686,118.17800852698026,134.318967943967,46.556116616559464
2022-02-17 19:00:00,121.32817655176515,124.09899560287266,120.9503405020483,123.22576141357422,416518,123.53443161010742,164.45183891296386,126.30306358337403,3.9837197733356784,118.33562403670267,134.27050313004537,43.2028475161199
2022-02-20 19:00:00,123.41889398251548,123.42728578422644,120.34580338404957,120.66487121582031,289497,123.86575408935546,164.04658584594728,126.32783355712891,3.944926352899068,118.43798085133078,134.21768626292706,31.554403414697404
2022-02-21 19:00:00,120.06034876433341,120.06874056746896,115.4926967236089,116.79414367675781,548468,123.98599090576172,163.6534238433838,126.08601837158203,4.373019846003281,117.33997867957547,134.8320580635886,21.673992799112753
2022-02-22 19:00:00,117.67573691739275,118.37264081582806,115.8873094500431,117.314697265625,302197,123.95055816650391,163.322437210083,125.82950782775879,4.733448647967011,116.36261053182477,135.2964051236928,25.957106441993986
2022-02-23 19:00:00,113.35160081536016,113.763029756534,108.52366226211335,108.54045867919922,807298,123.76415817260742,162.95563991546632,125.1326057434082,6.085676475421088,112.96125279256603,137.30395869425038,14.582688392511585
2022-02-24 19:00:00,110.81587577417712,111.65551723016675,106.72682598331937,107.48249816894531,789411,123.6388835144043,162.55752391815184,124.32571029663086,7.254369472881193,109.81697135086847,138.83444924239325,14.419789277678348
2022-02-27 19:00:00,107.47410346883746,112.63789315917715,104.95517916878657,111.8570327758789,631504,123.59622985839843,162.1875358581543,123.56625480651856,7.733806059051478,108.0986426884156,139.03386692462152,24.942668175952036
2022-02-28 19:00:00,114.61104856462485,118.80925547175397,111.0425726935651,117.6169662475586,1733211,123.67364456176757,161.84298892974854,122.91469192504883,7.654281332741669,107.60612925956549,138.22325459053218,36.35800868709538
2022-03-01 19:00:00,115.70259521564299,116.45826740138575,113.35159657612616,115.6018295288086,704647,123.72016067504883,161.44298362731934,122.04524269104004,7.433931128454654,107.17738043413074,136.91310494794936,34.989103530520595
2022-03-02 19:00:00,116.08043438207324,116.71016549083674,111.88222699031652,112.30204772949219,769635,123.66625564575196,161.03613533020018,121.17243614196778,7.50511386708091,106.16220840780596,136.1826638761296,32.827768999919
2022-03-03 19:00:00,112.51195723997942,113.98132981587467,110.00982924093319,111.42882537841797,218830,123.6293116760254,160.63562641143798,120.1585693359375,7.375735509462679,105.40709831701214,134.91004035486287,36.26888228741181
2022-03-06 19:00:00,107.47410696562866,108.73356915663213,103.07438750539092,103.17514038085938,791527,123.40176895141602,160.19607410430908,118.76644363403321,7.831733231033918,103.10297717196538,134.42991009610105,26.34219860065376
2022-03-07 19:00:00,101.59661086661144,106.2146386332756,100.33714874843031,101.14320373535156,770620,123.13677795410156,159.70765468597412,117.3121841430664,8.278983340334143,100.75421746239812,133.8701508237347,25.700710524531203
2022-03-08 19:00:00,100.75697630541232,103.26750250468783,98.6578726323829,100.95848846435547,452685,122.70117218017577,159.2074803161621,115.92005882263183,8.58082338721128,98.75841204820927,133.0817055970544,27.227106138151413
2022-03-09 19:00:00,104.69490104283581,104.95518785881967,102.68815836345169,103.97280883789062,579109,122.40058059692383,158.69546699523926,114.69921989440918,8.449287592118054,97.80064471017307,131.59779507864528,29.338617446382827
2022-03-10 19:00:00,103.19193726767449,105.62689879590232,102.43625866843745,102.99042510986328,602915,122.04171783447265,158.17459545135497,113.45403137207032,8.234706267501382,96.98461883706756,129.92344390707308,30.36745497131251
2022-03-13 19:00:00,101.5966215422907,102.94004666165867,98.65787629106742,100.11885070800781,380910,121.63717864990234,157.662624168396,112.32429466247558,8.444739783086304,95.43481509630297,129.2137742286482,31.05682093950425
2022-03-14 19:00:00,100.3371578995689,104.14073281842383,99.91733715521923,103.96440887451172,502593,121.21232025146485,157.16475875854493,111.2575309753418,8.058099137891043,95.14133269955971,127.37372925112388,35.89926532861979
2022-03-15 19:00:00,103.96440541705292,106.0131326312524,103.94761540645801,104.44300079345703,734455,120.7449757385254,156.6415361404419,110.25793800354003,7.562157746052778,95.13362251143448,125.38225349564559,44.75267943960006
2022-03-16 19:00:00,105.15669367601265,106.13068083538785,102.02483464675656,102.62097930908203,376445,120.32397918701172,156.09417381286622,109.31082191467286,7.251532294323375,94.8077573260261,123.81388650331961,43.893698965144175
2022-03-17 19:00:00,100.05168292924691,100.06007473185056,98.23805423769208,98.69985961914062,495386,119.74345108032226,155.51503120422365,108.08452682495117,6.836437508459149,94.41165180803287,121.75740184186947,33.28355503513335
2022-03-20 19:00:00,99.07769271048087,99.91733417412901,98.40597697717996,99.22882843017578,309361,119.04386169433593,154.94331935882568,107.01272468566894,6.428488448368,94.15574778893294,119.86970158240494,23.056107313644148
2022-03-21 19:00:00,99.26240522298698,99.91732447611285,98.6998470343743,98.80899810791016,138423,118.32714340209961,154.36203552246093,106.11346740722657,6.2434618859797855,93.626543635267,118.60039117918613,24.186883366420616
2022-03-23 19:00:00,98.23804453629597,100.75696875517536,96.01299352842808,100.14402770996094,532185,117.66130752563477,153.8014909362793,105.25493392944335,5.785920185293162,93.68309355885702,116.82677430002968,30.109876613475762
2022-03-24 19:00:00,99.91733949204081,102.80570833062433,99.20364549114608,101.21038818359375,835154,116.98993026733399,153.26722717285156,104.88843040466308,5.798991546433576,93.29044731179593,116.48641349753024,33.38794814429126
2022-03-27 19:00:00,101.09283945912419,102.85608535545501,99.24562428671771,102.20956420898438,433950,116.35566543579101,152.73976448059082,104.62478370666504,5.7947103876494035,93.03536293136624,116.21420448196385,47.94572133489157
2022-03-28 19:00:00,103.69571435522607,106.0131264454153,103.27589364933446,105.58490753173828,1196048,115.87891693115235,152.18417385101318,104.31117744445801,5.547138354068229,93.21690073632155,115.40545415259447,58.93883063415347
2022-03-29 19:00:00,105.75283757684478,108.21299367618009,103.27589787316344,106.51691436767578,1782836,115.37177322387696,151.594451751709,103.75617485046386,4.624334015089933,94.507506820284,113.00484288064374,60.85957324518726
2022-03-30 19:00:00,105.47575729015242,109.0694151301526,105.47575729015242,108.04505157470703,1410648,115.06916641235351,150.96090030670166,103.37833595275879,3.8492960444873785,95.67974386378403,111.07692804173355,58.44649777585069
2022-03-31 19:00:00,107.30616693424811,113.09968711594628,105.96273565146379,110.2952880859375,3067371,114.83860061645508,150.39888622283937,103.27799797058105,3.624004483623498,96.02998900333407,110.52600693782804,64.39441159535332
2022-04-03 19:00:00,104.9551745040146,106.63445729607882,102.43625031591824,102.80569458007812,724056,114.45202941894532,149.77906284332275,102.84684143066406,3.074546823869942,96.69774778292417,108.99593507840395,54.47927149292261
2022-04-04 19:00:00,102.80570412039332,104.5353635068252,100.75697687404839,102.73013305664062,361711,114.10324264526368,149.2085264968872,102.82459106445313,3.0736560121470236,96.67727904015908,108.97190308874718,47.646485986045256
2022-04-05 19:00:00,102.65456461530641,105.79482181847283,102.65456461530641,104.38422393798828,547560,113.75831817626953,148.59420280456544,102.98664207458496,3.0657706603139845,96.85510075395699,109.11818339521294,49.89273308415775
2022-04-06 19:00:00,104.33384330983824,106.63445897757666,104.15751938260573,104.67809295654297,403501,113.4029818725586,148.00855281829834,103.17262229919433,3.049036700610072,97.07454889797418,109.27069570041448,53.97597105532001
2022-04-07 19:00:00,104.95519143106704,110.66475640729968,104.95519143106704,108.85112762451172,1572766,113.13043441772462,147.43192916870117,103.41653823852539,3.3011249737613877,96.81428829100261,110.01878818604817,69.43106167103272
2022-04-10 19:00:00,114.19960952243596,117.01241302490234,114.19960952243596,117.01241302490234,963087,112.99827453613281,146.88196392059325,104.11763763427734,4.48322327249273,95.15119108929188,113.0840841792628,76.34327619386883
2022-04-11 19:00:00,119.22908630905553,125.7866840061477,119.22908630905553,124.74553680419922,1961774,112.9522624206543,146.38573593139648,105.34897193908691,6.329059010411491,92.69085391826393,118.00708995990989,81.57843794041445
2022-04-12 19:00:00,124.6783506286413,127.19727471813594,120.69844595495198,121.68921661376953,1753732,112.77308227539062,145.8942097854614,106.2352123260498,7.292609495658434,91.64999333473294,120.82043131736667,75.17659009540635
2022-04-13 19:00:00,121.32817852519521,130.80772399902344,119.22907509050326,130.80772399902344,2463369,112.7294204711914,145.48769733428955,107.55344848632812,9.108417992288814,89.3366125017505,125.77028447090575,79.1081522112664
2022-04-14 19:00:00,134.9303812892216,139.800304363983,132.83127762009272,134.14952087402344,3349480,112.81724731445313,145.10801151275635,109.1298755645752,10.784056593755764,87.56176237706367,130.69798875208673,80.0284042411262
2022-04-17 19:00:00,134.14951790907173,138.28894410338714,131.82370750774626,135.94635009765625,2521134,112.90205108642579,144.71111301422118,110.99220008850098,12.031963301408327,86.92827348568433,135.05612669131764,79.41749800521623
2022-04-18 19:00:00,136.0219130849392,136.86155452373512,131.49624624230566,132.31069946289062,896471,112.92791198730468,144.28612842559815,112.64629364013672,12.590672550271462,87.46494853959379,137.82763874067965,73.74766849721624
2022-04-19 19:00:00,136.95390060003882,138.53243043196102,131.8236914582018,133.3098602294922,2038756,112.98954132080078,143.8797417831421,114.37133674621582,12.953301615875427,88.46473351446497,140.27793997796667,73.48944782959227
2022-04-20 19:00:00,132.62977930400686,138.44848885136827,128.88497251106904,136.38296508789062,2155742,113.14118072509766,143.4956898880005,116.1832836151123,13.38578362727815,89.411716360556,142.9548508696686,73.88897024138217
2022-04-21 19:00:00,139.38047413423857,140.6399362499094,135.60208778722608,136.09747314453125,1822519,113.2953384399414,143.15269634246826,117.92763786315918,13.60328283746769,90.7210721882238,145.13420353809457,85.11951978325088
2022-04-24 19:00:00,136.35776619415498,138.4568698166753,133.50299039229205,134.14111328125,1163449,113.42027679443359,142.7935396194458,119.52421531677246,13.53508993144541,92.45403545388163,146.59439517966328,81.87079582006513
2022-04-25 19:00:00,133.9227909264768,133.9227909264768,128.71701728983584,129.38873291015625,577156,113.55377975463867,142.38287090301515,120.71440658569335,13.289187988115422,94.13603060946251,147.29278256192418,73.86978021009601
2022-04-26 19:00:00,129.296396893076,137.70120354600405,126.8026606575643,134.7120819091797,2722114,113.74202774047852,142.01359661102296,122.12416496276856,13.199014289018082,95.7261363847324,148.52219354080472,76.15909688663677
2022-04-27 19:00:00,131.6557846526289,133.4190240470475,128.38117524257376,130.88331604003906,1465807,113.87099685668946,141.63244144439696,123.26607818603516,12.901422939561677,97.4632323069118,149.0689240651585,69.30543943795412
2022-05-05 19:00:00,130.8833154371756,130.8833154371756,124.26693660463073,125.072998046875,604053,113.94119079589844,141.22454364776613,124.00496368408203,12.537506029639632,98.92995162480277,149.0799757433613,57.36649086381575
2022-05-08 19:00:00,125.10656911997015,125.10656911997015,115.69418334960938,115.69418334960938,1898419,113.79055923461914,140.77575519561768,124.64938812255859,11.693332543551493,101.26272303545561,148.0360532096616,41.96960661612159
2022-05-09 19:00:00,115.28277696562495,120.48855154308305,112.09213680140478,119.5985336303711,3418642,113.76923248291016,140.3453970336914,125.49280815124511,10.584936503969434,104.32293514330624,146.662681159184,48.17263580297462
2022-05-10 19:00:00,119.90080403739111,120.06872976839107,110.63115506801381,113.73783874511719,1858624,113.70810638427734,139.8601682281494,125.96048889160156,9.779164768502998,106.40215935459557,145.51881842860755,34.17904242004256
2022-05-11 19:00:00,113.77981685088204,120.19467749978568,113.3516042914031,118.22991943359375,2435135,113.72641082763671,139.40235374450683,126.6380802154541,8.628740028734953,109.38060015798419,143.895560272924,35.55320616141307
2022-05-12 19:00:00,118.38944351794157,127.02934833318,117.0040402611133,125.8370590209961,2954889,114.07234283447265,139.00831005096435,127.48737678527831,7.555018528653343,112.37733972797163,142.597413842585,41.70113345514611
2022-05-15 19:00:00,122.58764003094173,129.29637919012833,119.64889523567942,124.45164489746094,2035582,114.41172576904297,138.6341237258911,127.85933837890624,7.1862862386355575,113.48676590163512,142.23191085617736,43.30088682273145
2022-05-16 19:00:00,126.15613332594317,133.16714486183375,125.56838684787199,127.36521911621094,4845519,114.72188949584961,138.3275706100464,127.99032249450684,7.150328461343134,113.68966557182057,142.2909794171931,45.09290020545965
2022-05-17 19:00:00,125.94620941895033,130.3711231638712,124.43485234354074,126.1477279663086,2063611,114.89250473022462,137.98852333068848,128.2132480621338,7.011697174600946,114.1898537129319,142.23664241133568,41.28414916061519
2022-05-18 19:00:00,126.15613906801265,128.38118398338216,125.23252826621045,126.17293548583984,1035430,115.10392684936524,137.66387592315675,127.98150863647462,6.998013082265469,113.98548247194367,141.97753480100556,41.51109569290377
2022-05-19 19:00:00,126.76905572849087,130.11083774467494,125.53478183829581,127.88578033447266,1095635,115.41560150146485,137.33452659606934,127.66832160949707,6.845953939754342,113.9764137299884,141.36022948900575,44.62714968337562
2022-05-22 19:00:00,126.7858592429,127.5331396226499,124.26693488708081,126.33245849609375,499910,115.71367416381835,136.95866104125977,127.18762702941895,6.565908966536976,114.055809096345,140.3194449624929,47.2222437950649
2022-05-23 19:00:00,126.33246763901359,129.72461371310496,125.3164957713975,126.39962768554688,1094575,116.17816390991212,136.60496208190918,126.89207344055175,6.455271545960502,113.98153034863076,139.80261653247277,41.64698132747317
2022-05-24 19:00:00,127.53315072377288,135.09831625197145,125.94622875394963,131.03445434570312,1884844,116.77598892211914,136.28300163269043,126.7783031463623,6.3554888942258,114.0673253579107,139.4892809348139,50.149454705341114
2022-05-25 19:00:00,130.14441047911723,138.49883942813653,129.02768593564136,137.58363342285156,2507807,117.50849182128906,136.02115936279296,126.83833656311035,6.455866747460536,113.92660306818928,139.7500700580314,62.19310051500015
2022-05-26 19:00:00,142.73904914841404,146.7189543075464,136.0219174237828,137.3233642578125,4451316,118.1755029296875,135.76078659057617,126.89963111877441,6.553485006317555,113.79266110613929,140.00660113140952,75.63697711953733
2022-05-29 19:00:00,138.54921074414338,141.05135112296472,136.94550554676195,137.1973876953125,1302628,118.85964218139648,135.49558570861817,127.05244483947754,6.763496583899685,113.52545167167817,140.5794380072769,72.9120781430497
2022-05-30 19:00:00,136.86155636850143,139.50642181159427,136.02191491838792,137.66761779785156,912099,119.61061752319335,135.23156051635743,127.46638908386231,7.1559673037919564,113.1544544762784,141.77832369144622,86.24107007916705
2022-05-31 19:00:00,137.7012149643575,138.37293077046874,135.43418532915624,136.40817260742188,1046554,120.25949279785156,134.97941619873046,127.55119361877442,7.255709493714386,113.03977463134565,142.0626126062032,80.51876755752001
2022-06-01 19:00:00,135.61049086925604,139.54841146171938,135.19907474353806,137.79356384277344,2009798,120.92650405883789,134.74511421203613,127.89670600891114,7.580017416404018,112.7366711761031,143.05674084171918,75.37421865411785
2022-06-02 19:00:00,139.63235716158292,139.67434179089193,127.72623631889256,129.0444793701172,2697750,121.45497406005859,134.4920462799072,128.09528007507325,7.554127628987326,112.9870248170986,143.2035353330479,57.42600052500794
2022-06-05 19:00:00,128.06211718067513,132.4534383644726,126.79425039512228,131.68936157226562,1475118,122.11476409912109,134.22617385864257,128.89503898620606,6.998383181552864,114.89827262310033,142.8918053493118,57.05284199764363
2022-06-06 19:00:00,132.24352270525017,133.03278768431744,127.62549492824142,129.11166381835938,1087023,122.71242080688477,133.9309979248047,129.37069549560547,6.647781221260617,116.07513305308424,142.6662579381267,54.6289039088596
2022-06-07 19:00:00,129.30478095221358,130.56424310434554,128.04531880008162,129.76658630371094,599654,123.33157257080079,133.6342266845703,130.17213287353516,5.537391510568332,119.0973498523985,141.24691589467182,55.50409605137049
2022-06-08 19:00:00,130.10243872134552,131.99163196360684,129.7246026352756,130.5978240966797,663857,123.94064849853515,133.3518553161621,130.79052810668946,4.771118637283054,121.24829083212336,140.33276538125557,54.26910186886772
2022-06-09 19:00:00,131.40387761802555,131.40387761802555,129.30477414169926,130.72377014160156,165655,124.53091613769531,133.08136482238768,131.03486366271972,4.6270457286977305,121.78077220532425,140.2889551201152,57.23772796067838
2022-06-12 19:00:00,130.90010496021623,131.19398461050878,128.45675792788364,130.3711395263672,504520,125.09414764404296,132.82107612609863,131.33083839416503,4.365723132471758,122.59939212922151,140.06228465910854,56.48479563489592
2022-06-13 19:00:00,128.97731249991796,133.4190097492964,128.97731249991796,132.705322265625,759217,125.6365559387207,132.58156837463378,131.59784355163575,4.272731564920479,123.0523804217948,140.1433066814767,52.949866652299235
2022-06-14 19:00:00,132.87326300022747,137.28138073009282,132.87326300022747,134.33424377441406,1548641,126.19290252685546,132.295376663208,132.007169342041,4.112251526478505,123.782666289084,140.23167239499801,43.05710239202502
2022-06-15 19:00:00,135.1654786568193,136.86155799352218,134.34263361327334,135.41737365722656,848903,126.74034896850586,132.0134250640869,132.46939125061036,3.937805070225062,124.59378111016024,140.3450013910605,46.06585227426626
2022-06-16 19:00:00,135.9379545716127,141.79866150267966,135.18228234167273,139.54002380371094,2470907,127.32524368286133,131.76430351257324,133.05210342407227,4.083427048700616,124.88524932667104,141.2189575214735,54.1506145884531
2022-06-19 19:00:00,140.6819068892107,141.03455470909137,136.45851203971438,137.1973876953125,1117476,128.01307754516603,131.47366149902345,133.5953498840332,3.858964765630846,125.87742035277151,141.3132794152949,49.21869889800974
2022-06-20 19:00:00,137.49129852094745,147.48302745663594,136.86156738268357,146.54263305664062,2605049,128.88932754516603,131.22982963562012,134.60250015258788,4.463343463027984,125.67581322653191,143.52918707864384,63.272450411059644
2022-06-21 19:00:00,149.45617986194063,150.08591095686455,144.83815183249865,146.8448944091797,2337940,129.73854095458984,131.00959167480468,135.3930221557617,5.146046147101741,125.10092986155823,145.6851144499652,62.200062029891164
2022-06-22 19:00:00,147.35705961159107,154.11617516470426,147.35705961159107,150.6400604248047,2979142,130.65778030395506,130.80199020385743,136.04584350585938,6.165711262019185,123.71442098182101,148.37726602989775,83.59453405911245
2022-06-23 19:00:00,150.50571288965835,152.73075735573158,139.34688491851085,142.37799072265625,2773591,131.32831756591796,130.55484169006348,136.29857482910157,6.322434901680555,123.65370502574046,148.94344463246267,64.15386368614304
2022-06-26 19:00:00,144.40154750649654,149.1203416421777,142.33603650643343,148.0120086669922,1621001,131.94830947875977,130.33657691955565,136.83930587768555,6.844280535800086,123.15074480608537,150.5278669492857,73.15366489298664
2022-06-27 19:00:00,149.45618127290905,152.81474714421037,148.6165398050837,150.56451416015625,2476035,132.4646890258789,130.099252243042,137.4841506958008,7.5023438091145405,122.47946307757171,152.48883831402986,74.34636092358816
2022-06-28 19:00:00,150.33780495721996,151.11866536001386,146.9372545048678,148.28907775878906,760916,132.9966862487793,129.82397583007813,138.07819595336915,7.873837473430832,122.33052100650748,153.82587090023083,70.03230978692818
2022-06-29 19:00:00,148.6165573400783,149.03637812352483,145.34196035396062,147.59219360351562,688714,133.33237564086915,129.61713027954102,138.56812744140626,8.155022647331425,122.25808214674342,154.8781727360691,68.85678153241744
2022-06-30 19:00:00,147.3570776836538,148.19671915193675,139.59039410203673,141.41241455078125,3245659,133.4776335144043,129.40193016052245,139.18652420043946,7.85836898416493,123.46978623210961,154.90326216876932,60.92008698631067
2022-07-03 19:00:00,141.47958466774543,141.47958466774543,137.36534667754307,139.30491638183594,783190,133.5448048400879,129.1883673095703,139.56730194091796,7.657923430968246,124.25145507898146,154.88314880285446,56.55655670830113
2022-07-04 19:00:00,139.71634145365786,140.32088436284442,137.19741693601802,137.7347869873047,1161001,133.65328659057616,128.96044662475586,139.99845809936522,7.271255100747767,125.45594789786969,154.54096830086075,53.38231865898346
2022-07-05 19:00:00,137.70120177141038,139.80030545695018,136.1142798976188,136.7020263671875,539783,133.7211299133301,128.74856315612794,140.34523010253906,6.914219175542531,126.51679175145401,154.17366845362412,51.27904945224397
2022-07-06 19:00:00,135.77003734864385,136.8531821329952,131.2359780607961,132.3275146484375,2469053,133.64002090454102,128.56535346984865,140.43171463012695,6.7956811173715135,126.84035239538392,154.02307686486998,42.85478469528769
2022-07-12 19:00:00,131.8236900629431,137.60042656806036,129.09485571450637,136.1142578125,1046138,133.6403565979004,128.43827362060546,140.70123901367188,6.490429125559362,127.72038076255316,153.6820972647906,48.95682393861568
2022-07-13 19:00:00,137.96146619367514,138.5408207667873,135.1822554148652,136.1142578125,1064740,133.6798194885254,128.34049728393555,140.9883949279785,6.126164787996797,128.7360653519849,153.2407245039721,37.751429108067384
2022-07-14 19:00:00,134.76243794034477,135.56009466795228,130.65659221276957,131.1519775390625,1316402,133.7150843811035,128.23340087890625,140.91072769165038,6.245390618230326,128.41994645518972,153.40150892811104,33.386630034204
2022-07-17 19:00:00,128.46514532016909,128.46514532016909,124.26693795676486,125.22412872314453,1272935,133.52532531738282,128.12500316619872,140.45522193908693,7.032865374660958,126.38949118976501,154.52095268840884,24.255811829205925
2022-07-18 19:00:00,125.5683805428762,127.61710771663634,117.29790719271625,119.39701080322266,3303596,133.2955992126465,127.94557174682618,139.65420379638672,8.413643218064843,122.82691736025704,156.48149023251642,25.514385495545923
2022-07-19 19:00:00,118.7672732411201,120.48014886852368,116.79412364202963,118.129150390625,1499847,133.15672225952147,127.80745071411133,138.58366012573242,9.69370947370531,119.1962411783218,157.97107907314304,14.894376763210573
2022-07-20 19:00:00,118.17954362468886,119.43061409843955,112.84781486214915,113.5531234741211,1597263,133.1139010620117,127.62466091156006,137.40144691467285,11.196911031125136,115.00762485242257,159.79526897692313,8.493335448384954
2022-07-21 19:00:00,114.31718350002141,118.38944984278278,111.68070973940331,117.48263549804688,1445948,133.07158309936523,127.44279453277588,135.94844703674318,11.81662323170964,112.31520057332389,159.58169350016246,16.687781076297
2022-07-24 19:00:00,115.87051762881894,118.5573676491339,115.03926799875885,117.60858154296875,569397,133.14899795532227,127.2414066696167,134.48663139343262,12.199868655229801,110.08689408297302,158.88636870389223,17.17219658932693
2022-07-25 19:00:00,116.71017315946824,119.39702350435397,116.37432167082493,118.02001190185547,1157460,133.1447998046875,127.04073249816895,132.85562896728516,12.106788045118654,108.64205287704785,157.06920505752245,20.68596671070337
2022-07-26 19:00:00,118.38943072144515,118.80925139776234,115.45068598722489,116.7773208618164,1638030,132.9636050415039,126.86016757965088,131.57559547424316,12.396898852211214,106.78179776982073,156.36939317866558,21.144258916025933
2022-07-27 19:00:00,116.7185573738734,120.4885522265608,116.0048698039296,116.55903625488281,2015710,132.80575286865235,126.6599970626831,130.0029468536377,12.195460372732912,105.61202610817188,154.39386759910352,21.902790499167068
2022-07-28 19:00:00,116.7101665275915,117.33989764194901,113.3683970014031,114.12406921386719,937047,132.54092987060548,126.45126216888428,128.18092460632323,11.672778102466909,104.83536840138942,151.52648081125704,21.117014361568607
2022-07-31 19:00:00,115.0140864804772,115.0140864804772,111.00060122623509,111.66392517089844,583507,132.25125381469726,126.25470211029052,126.34966697692872,11.216117587513477,103.91743180190176,148.78190215195568,22.204579666334013
2022-08-01 19:00:00,109.2457395338806,117.4658229368332,109.15337847039076,116.56741333007812,2344398,132.05914337158202,126.09038425445557,124.79842796325684,10.225214655785567,104.34799865168571,145.24885727482797,24.473660298674957
2022-08-02 19:00:00,118.30546858211412,122.50367559797212,118.06197821243522,121.48771667480469,2963668,131.93118209838866,125.97539531707764,123.80219306945801,9.463591896297068,104.87500927686388,142.72937686205216,33.07422855675779
2022-08-03 19:00:00,122.58764717147015,123.0074678809615,118.91001365651444,119.42219543457031,1618975,131.7929768371582,125.81267269134521,122.80805702209473,8.768111119822823,105.27183478244908,140.34427926174038,35.45094292556942
2022-08-04 19:00:00,119.63212512088998,128.37279677977943,117.39028370737235,127.92778778076172,4516601,131.8235400390625,125.6821085357666,122.31770706176758,8.14122450862449,106.0352580445186,138.60015607901656,53.151934383723166
2022-08-09 19:00:00,129.80857228079097,132.87325842458708,126.8782190308926,130.690185546875,4570851,131.81665466308593,125.58861442565917,122.01711502075196,7.6800967513697405,106.65692151801248,137.37730852349145,64.1787965247164
2022-08-10 19:00:00,130.64822884729492,132.7893045263791,128.63308146262727,130.04368591308594,2992302,131.66585571289062,125.46967933654786,121.90292358398438,7.534323362976802,106.83427685803078,136.971570309938,65.19602443566954
2022-08-11 19:00:00,130.56423449074677,138.54082759468307,129.4726981351944,137.60043334960938,4985472,131.67139709472656,125.41107231140137,121.97723236083985,7.687631551706326,106.6019692574272,137.3524954642525,78.5032009851912
2022-08-14 19:00:00,138.960660470426,142.31922628240005,136.56767720462977,141.02618408203125,5784851,131.74797302246094,125.38936752319336,122.2228286743164,8.222864850661212,105.77709897299398,138.66855837563884,78.24338052919157
2022-08-15 19:00:00,141.8994107419859,141.8994107419859,132.66335442150162,134.53575134277344,7051697,131.68533569335938,125.33521057128907,122.39201736450195,8.44798477877363,105.49604780695469,139.2879869220492,67.61622840170386
2022-08-16 19:00:00,133.50297974703412,136.27379887020376,131.8236969829205,133.70449829101562,2188821,131.63126220703126,125.29503379821777,122.8160358428955,8.802978043313205,105.2100797562691,140.4219919295219,66.1815602359026
2022-08-17 19:00:00,136.02190475433048,142.73903585330976,136.02190475433048,140.15293884277344,6670595,131.67844970703126,125.27274124145508,123.85383224487305,9.568847678950476,104.7161368869721,142.991527602774,71.77724539423716
2022-08-18 19:00:00,135.60208631545862,139.1705622711286,133.4358099625873,138.34771728515625,2989084,131.86451446533204,125.24541091918945,124.86476058959961,9.990930811231102,104.88289896713741,144.84662221206182,69.71585121062644
2022-08-21 19:00:00,136.13944705837585,137.0714494630667,134.76243576613908,135.66085815429688,1450287,131.94394439697265,125.21409217834473,125.9701473236084,9.89609243133525,106.1779624609379,145.7623321862789,69.3994884291807
2022-08-22 19:00:00,138.37291738241387,139.35529636888876,135.85399296214632,137.5164794921875,1497456,132.1120407104492,125.14121124267578,126.97183952331542,10.005084094652075,106.96167133401127,146.98200771261958,73.54336074428387
2022-08-23 19:00:00,137.7011981966599,138.3729139209772,135.81200492871793,137.75997924804688,1364116,132.27190856933595,125.04998420715332,127.97940940856934,10.027178498882405,107.92505241080453,148.03376640633414,71.08958940719145
2022-08-24 19:00:00,138.0790388712129,138.12102350760983,135.6860683395354,137.79356384277344,1564108,132.41582336425782,124.94360168457031,128.96808700561525,9.968160430681323,109.0317661442526,148.9044078669779,67.97483906041424
2022-08-25 19:00:00,137.79355032405167,140.01020310206673,136.97070534143157,137.2645721435547,1748970,132.54663940429688,124.79897338867187,129.99244956970216,9.698482622178949,110.59548432534426,149.38941481406005,70.35829915670965
2022-08-28 19:00:00,136.01353118771817,136.01353118771817,131.15199972838923,134.45179748535156,2206566,132.62825256347656,124.66735969543457,130.8870876312256,9.2068978249004,112.4732919814248,149.3008832810264,58.55538833938333
2022-08-29 19:00:00,137.70119373719868,138.1210144498121,131.82370376061095,132.747314453125,1417294,132.62909240722655,124.5318416595459,131.81824989318847,8.321477531415196,115.17529483035807,148.46120495601886,52.77464261164141
2022-08-30 19:00:00,132.66334434604494,134.2922507505794,132.32749290284477,133.37704467773438,564705,132.60994842529297,124.44485481262207,132.90390586853027,6.837792949729484,119.22831996907131,146.57949176798925,54.498048247953015
2022-08-31 19:00:00,133.92282029881122,136.44174481853807,133.37705844430212,134.4685821533203,1371096,132.59097259521485,124.36273780822754,133.7989643096924,5.656377244916701,122.486209819859,145.1117187995258,44.88061868866378
2022-09-01 19:00:00,134.93037670977776,135.99672492483947,132.70533202078244,133.0411834716797,1062997,132.46099578857422,124.29816940307617,134.37663764953612,4.867890232074674,124.64085718538678,144.11241811368546,36.03524219670239
2022-09-04 19:00:00,132.66336765254184,135.3502181059068,130.31236870137988,130.71539306640625,1140458,132.3313558959961,124.25967185974122,134.94129753112793,3.50656005688437,127.9281774173592,141.95441764489667,42.17946947921853
2022-09-05 19:00:00,130.97566841714774,132.6213584093313,130.1444188073162,132.1091766357422,576757,132.04268676757812,124.23318122863769,135.15036697387694,3.175404610174031,128.7995577535289,141.501176194225,46.807788250452646
2022-09-06 19:00:00,133.07477187695605,134.74565008566586,132.57937370728223,132.9236297607422,1056512,131.76426147460938,124.18485984802246,135.2620391845703,3.0469693392282196,129.1681005061139,141.35597786302674,31.32321427726697
2022-09-07 19:00:00,134.34262579561414,134.76244650122544,131.99162728180866,132.9236297607422,781766,131.40993286132812,124.15811721801758,135.40603637695312,2.8489948815687725,129.70804661381558,141.10402614009067,34.54544505977519
2022-09-08 19:00:00,133.8808291672731,134.31744631685004,131.8321019406951,132.51222229003906,905430,131.21261749267578,124.11915786743164,135.1516258239746,2.8698335929712138,129.41195863803216,140.89129300991704,39.69218780440288
2022-09-11 19:00:00,134.46645763361252,134.82502938251466,132.5122183484157,133.13075256347656,384417,130.91499237060546,124.09294700622559,134.75685424804686,2.5437183127735925,129.66941762249968,139.84429087359405,34.376824324544685
2022-09-12 19:00:00,133.4445149626987,134.33199851975908,132.25224404695982,132.7901153564453,295356,130.55950439453125,124.08232971191406,134.66957244873046,2.5813742501074004,129.50682394851566,139.83232094894527,32.417647077876154
2022-09-13 19:00:00,130.99723672563437,134.4664672022898,130.44143269305883,133.82998657226562,617666,130.27032257080077,124.11553520202636,134.67584686279298,2.5790565014102906,129.5177338599724,139.83395986561356,36.909718547635244
2022-09-14 19:00:00,134.91467831403907,137.70261673199286,134.11684455088886,134.5561065673828,1290770,130.0096008300781,124.16815650939941,134.39600524902343,2.2340509690870762,129.92790331084927,138.8641071871976,41.169880628080556
2022-09-15 19:00:00,134.3767976960689,136.84201589960918,133.39071862183343,134.32301330566406,797910,129.8678128051758,124.21545616149902,134.19477005004882,2.0314381555705263,130.13189373890776,138.25764636118987,49.49523463216719
2022-09-18 19:00:00,133.57000211103858,135.09395241953163,132.00122691845925,132.3777313232422,383279,129.72926910400392,124.25718559265137,134.0306137084961,2.0393671352459406,129.95187943800423,138.10934797898798,48.578267765342865
2022-09-19 19:00:00,132.6735709033218,133.56105444380816,130.1725008217844,130.63864135742188,471233,129.58734619140625,124.27720512390137,133.6867218017578,2.0001359326468697,129.68644993646407,137.68699366705155,40.29416473051845
2022-09-20 19:00:00,131.28408220930814,131.86677840019902,125.50202726053215,127.13356018066406,753892,129.39597686767578,124.29607234954834,133.15540084838867,2.2561820700475286,128.6430367082936,137.66776498848373,27.800293712881796
2022-09-21 19:00:00,125.95024915869368,127.51902450408666,122.80373896167139,127.0259780883789,909602,129.2899461364746,124.31322608947754,132.61702156066895,2.372839908437507,127.87134174379393,137.36270137754397,30.21407968022308
2022-09-22 19:00:00,127.51903049443457,128.16447061829308,122.81270423717073,123.52986145019531,737935,129.0382582092285,124.35924747467041,131.93028602600097,2.888467577251026,126.15335087149892,137.707221180503,28.054148922585938
2022-09-25 19:00:00,123.70913871769218,132.64667686281916,123.70913871769218,131.1227264404297,2255533,128.9384275817871,124.47954769134522,131.7638324737549,2.830860485651894,126.1021115024511,137.42555344505868,47.81469973417273
2022-09-26 19:00:00,132.89768888427255,134.19752863678949,130.5221201530739,131.9564208984375,1477173,128.9545164489746,124.6175345993042,131.72428779602052,2.821908914958411,126.08046996610369,137.36810562593735,47.85915049611022
2022-09-27 19:00:00,132.9514649467723,136.1159077806576,131.239255459136,131.85780334472656,3200655,129.08718994140625,124.72135883331299,131.64832572937013,2.7954007804400316,126.05752416849006,137.2391272902502,47.65112181211665
2022-09-28 19:00:00,131.77712934956662,132.94250805913344,130.88068629276685,131.84884643554688,812014,129.33622665405272,124.83693519592285,131.51733894348143,2.716559903120823,126.08421913723978,136.95045874972308,48.51164494472802
2022-09-29 19:00:00,130.97033811346768,133.10386332046897,130.88068833493466,131.97434997558594,1952146,129.61313064575197,124.97030979156494,131.46399726867676,2.6954553046656913,126.07308665934538,136.85490787800813,47.346789021659525
2022-10-02 19:00:00,132.22535271764002,133.12179578691214,130.07389482284117,131.36476135253906,585184,129.9693634033203,125.10206382751466,131.4964656829834,2.6898685376446543,126.11672860769409,136.8762027582727,46.769584042273586
2022-10-03 19:00:00,131.36474715789444,134.64573171977557,131.10478471449554,132.30601501464844,1359599,130.26583099365234,125.2431001663208,131.5063076019287,2.692587098603943,126.12113340472082,136.89148179913659,46.530568858177645
2022-10-04 19:00:00,133.11282373188106,134.19751208340995,131.79505144998757,132.7721710205078,549573,130.56910278320314,125.35304950714111,131.49873466491698,2.688601098721991,126.121532467473,136.87593686236096,45.8900950559649
2022-10-05 19:00:00,133.57001381423507,140.05129320486765,133.16661717938223,137.58607482910156,3764408,130.96042404174804,125.44554821014404,131.73185691833496,3.0024674592438885,125.72692199984718,137.73679183682273,56.20738821081573
2022-10-06 19:00:00,134.47541963276694,138.4556290410901,134.4664601264007,134.8788299560547,1467392,131.3224542236328,125.5306400680542,131.85018730163574,3.0804633420032435,125.68926061762926,138.01111398564223,54.62384567472175
2022-10-09 19:00:00,135.63182028599195,138.50043497366804,135.63182028599195,137.9267120361328,1452018,131.74980773925782,125.65154247283935,132.08998527526856,3.3594335183734274,125.3711182385217,138.8088523120154,62.85172451092083
2022-10-10 19:00:00,141.18976027994574,147.4648607368322,140.42777832444185,146.57737731933594,6743789,132.39887390136718,125.81448078155518,132.7793483734131,4.669723277101261,123.43990181921056,142.1187949276156,79.02059615806816
2022-10-11 19:00:00,146.55050747264383,148.58543704683257,144.47076668840822,145.2686004638672,3625401,133.07096740722656,125.972092628479,133.35127906799318,5.441823789557573,122.46763148887803,144.23492664710832,76.28527123738473
2022-10-12 19:00:00,145.76163473525625,149.7059783951723,143.70877264093988,148.89918518066406,3081374,133.7176028442383,126.15020843505859,134.06843299865722,6.459000480582421,121.15043203749238,146.98643395982205,86.41283018074527
2022-10-13 19:00:00,149.48189071811547,150.15422306017595,145.04449999624353,145.4927215576172,1382171,134.19770294189453,126.302685546875,134.62691841125488,6.94666332542429,120.7335917604063,148.52024506210347,73.44262164498026
2022-10-16 19:00:00,145.17892505433792,145.6271465047549,142.31031050739577,142.5433807373047,1040037,134.66012664794923,126.4490223312378,135.135200881958,7.1425743832374256,120.85005211548317,149.42034964843288,66.1559282125365
2022-10-17 19:00:00,143.52052161748728,144.77553627473108,139.94370932639163,140.3560791015625,1027819,134.90869247436524,126.57804134368897,135.62107276916504,7.151106280231636,121.31886020870176,149.9232853296283,62.1913809279269
2022-10-18 19:00:00,141.1001235042715,143.43088078853913,139.39688726636146,142.74061584472656,732757,135.14970108032227,126.71978065490723,136.40142555236815,7.026637714822545,122.34815012272307,150.45470098201324,64.62799193230083
2022-10-19 19:00:00,144.094276078389,146.12023266215624,141.73662622943704,142.23863220214844,2043955,135.39360000610353,126.81727993011475,137.16205825805665,6.77729117597465,123.60747590610734,150.71664061000595,63.647249004473885
2022-10-20 19:00:00,144.32732718368067,152.16224415510337,143.87910567068786,150.41416931152344,6428637,135.6498747253418,126.97433883666992,138.50627365112305,6.594835280257979,125.31660309060709,151.69594421163902,71.08558800797739
2022-10-23 19:00:00,153.73102854208892,156.20520651582112,151.14030859092315,152.19810485839844,3819797,135.87331314086913,127.1306615447998,139.56004257202147,7.022842761955784,125.5143570481099,153.60572809593305,71.61511131803552
2022-10-24 19:00:00,150.58450080845677,155.52391080434793,148.45097563535117,151.2030487060547,5353221,136.20665908813476,127.28494773864746,140.52237396240236,7.2413614011812815,126.0396511600398,155.00509676476491,69.79974795558144
2022-10-25 19:00:00,148.8095492729888,150.33349975270792,145.13412722310528,146.8822021484375,2731353,136.4702131652832,127.39332210540772,141.2735939025879,7.072537646657645,127.1285186092726,155.4186691959032,60.09348089079217
2022-10-26 19:00:00,147.91309242636785,149.69701888963667,144.86519175085402,148.89918518066406,1576954,136.645138092041,127.49876689910889,142.12611083984376,6.902261496140722,128.3215878475623,155.9306338321252,65.45457236605301
2022-10-27 19:00:00,148.5405971118068,148.5405971118068,145.6719823489693,146.3443145751953,1557171,136.8050700378418,127.61213443756104,142.84460906982423,6.5276467164434075,129.7893156369374,155.89990250271106,59.3806412469613
2022-10-30 19:00:00,147.4648834391933,150.48589217564745,146.12917835485777,149.31155395507812,1496443,137.07808395385743,127.72006088256836,143.74194869995117,6.085026340556803,131.57189601883755,155.91200138106478,53.48894263738805
2022-10-31 19:00:00,150.69206971863787,156.78787101178548,150.24384823069263,156.187255859375,3904378,137.45149948120118,127.82995567321777,144.9360107421875,6.065921952591593,132.80416683700432,157.0678546473707,62.199510972765935
2022-11-01 19:00:00,156.18726052479482,158.37458363988583,153.4262144351418,154.54676818847656,2801464,137.78723526000977,127.92946495056152,146.02474060058594,5.7115477734012705,134.60164505378341,157.44783614738847,56.60377156502892
2022-11-02 19:00:00,154.905356183636,157.30781690516207,153.38140578937777,154.9412078857422,1766202,138.13018814086914,128.03699188232423,146.89249725341796,5.6802800990185665,135.53193705538084,158.25305745145508,61.88540858107397
2022-11-03 19:00:00,152.8435451422127,154.4123205322354,151.58853030164886,153.21109008789062,1396998,138.44911849975585,128.1291510772705,147.80911026000976,5.087853872145851,137.63340251571805,157.98481800430147,63.84372677016078
2022-11-06 19:00:00,155.7569756102722,156.86856988569875,154.7708828112136,155.138427734375,1062170,138.86285110473634,128.23522918701173,148.66969604492186,4.7742942470053835,139.1211075509111,158.21828453893264,69.31370070677775
2022-11-07 19:00:00,155.6225193308138,159.56686328897473,153.8296332264433,154.85157775878906,3014884,139.30493637084962,128.3623754119873,149.08340606689453,4.9390952176539304,139.20521563158667,158.96159650220238,66.74108046814888
2022-11-09 19:00:00,155.4432342105184,157.79192452679393,155.09362193484972,157.146484375,2151625,139.78032516479493,128.4887373352051,149.67730026245118,5.165191459820395,139.3469173428104,160.00768318209197,69.63403561614435
2022-11-10 19:00:00,157.7739812393488,160.45435095857619,156.78788838514856,159.48619079589844,4515695,140.2806773376465,128.67029132843018,150.2066505432129,5.605023543484207,138.9966034562445,161.41669763018132,64.11834883822543
2022-11-13 19:00:00,156.42033639339212,156.42033639339212,154.7260597528673,155.4611358642578,1246542,140.72907638549805,128.83847911834718,150.70507125854493,5.606995230844915,139.4910807968551,161.91906172023477,54.74697284640786
2022-11-14 19:00:00,155.88246853044447,157.54985301274607,154.86052408507473,156.187255859375,1865160,141.23851364135743,129.0087441253662,151.38726501464845,5.387426415525747,140.61241218359694,162.16211784569995,57.308079707502294
2022-11-15 19:00:00,156.7878900964968,157.10165064770408,154.63643216393126,154.9591522216797,720979,141.69551315307618,129.182692527771,152.1174186706543,4.767608539953483,142.58220159074733,161.65263575056127,63.0240116921366
2022-11-16 19:00:00,154.41230723923027,154.80674434906152,151.0685786686539,151.5795440673828,767459,142.06863143920899,129.33243801116944,152.55936508178712,4.232271244545768,144.09482259269558,161.02390757087866,54.14012018274414
2022-11-17 19:00:00,151.49887382589202,154.27785272255477,150.82654154559958,153.7758331298828,1050614,142.4856755065918,129.4890926361084,153.13622512817383,3.468938825586865,146.1983474770001,160.07410277934756,61.60740842427986
2022-11-20 19:00:00,154.1882063659311,155.08464942619815,152.48497002287795,153.29176330566406,442559,142.9012663269043,129.64315895080566,153.28010482788085,3.4092580751270316,146.4615886776268,160.0986209781349,56.73953944788107
2022-11-21 19:00:00,153.29177536454932,155.8914549723765,151.6781749934057,153.98204040527344,1312489,143.31829208374023,129.79496711730957,153.36930160522462,3.40279018757625,146.56372123007213,160.1748819803771,45.2765697648956
2022-11-22 19:00:00,154.0985407087673,154.8605227029271,152.40426404660133,152.61941528320312,513467,143.7148780822754,129.92283348083495,153.44011993408202,3.3699134247148153,146.7002930846524,160.17994678351164,45.822001678992294
2022-11-23 19:00:00,153.27384327389453,154.63644066806035,152.49394212421066,153.3007354736328,756166,144.10429306030272,130.03609603881836,153.76104660034179,2.9975716237753756,147.76590335279104,159.75618984789253,46.48757009504568
2022-11-24 19:00:00,155.08462825527286,155.08462825527286,153.29174237948936,153.5875701904297,1961399,144.48492233276366,130.13907981872558,153.99546585083007,2.772198700388347,148.45106845005338,159.53986325160676,50.85918646641153
2022-11-27 19:00:00,149.71495795598142,151.94710621046184,147.03460182789397,148.46890258789062,796136,144.7678401184082,130.23263343811035,154.10169525146483,2.4899135368596674,149.1218681777455,159.08152232518415,36.71432270991415
2022-11-28 19:00:00,149.7059881907542,150.8265419945772,148.89919492345575,150.06455993652344,567921,145.12157669067383,130.32442543029785,154.13934555053712,2.4183332234271213,149.30267910368286,158.97601199739137,40.936850717258814
2022-11-29 19:00:00,150.4231564604288,150.4231564604288,148.1372237962272,148.39718627929688,331559,145.47674758911134,130.41132308959962,153.7498420715332,2.683895178665499,148.38205171420222,159.1176324288642,33.0319655782627
2022-11-30 19:00:00,148.80058363928856,151.88433617586037,148.37028113579333,149.13226318359375,753462,145.91672164916992,130.50584243774415,153.47911682128907,2.8661699512479175,147.74677691879324,159.2114567237849,28.58730590500666
2022-12-01 19:00:00,149.7059658814927,149.7059658814927,145.31340109654292,148.549560546875,408226,146.34719329833985,130.60458526611328,153.1595344543457,3.0453055381748357,147.06892337799604,159.25014553069536,33.33333333333333
2022-12-04 19:00:00,149.70598475729773,149.7149442632141,143.6639538613473,144.5514373779297,588214,146.76762481689454,130.68539451599122,152.72655181884767,3.60227288364559,145.52200605155647,159.93109758613886,25.76550637034778
2022-12-05 19:00:00,144.77555939993601,146.12022403832552,140.7594981766308,143.49365234375,331203,147.01504333496095,130.76339179992675,152.1443130493164,4.098782079871012,143.94674888957437,160.34187720905842,25.949608966656697
2022-12-06 19:00:00,144.0135689200389,146.2277843233679,143.96875771094227,144.605224609375,665234,147.2680194091797,130.87284999847412,151.6319953918457,4.3737221344737875,142.88455112289813,160.37943966079325,33.83206992546896
2022-12-07 19:00:00,145.85127418676433,145.85127418676433,141.63799479873154,141.93382263183594,331184,147.46953979492187,130.95602069854738,150.8713623046875,4.676555036361208,141.51825223196508,160.2244723774099,23.139435237242168
2022-12-08 19:00:00,141.6379973553477,143.40399120147416,141.1001260711519,142.73165893554688,367362,147.68719604492188,131.04750469207764,150.03363571166992,4.551095630179987,140.93144445130994,159.1358269720299,26.38327060035968
2022-12-11 19:00:00,143.43089989363858,143.43089989363858,137.4426663888247,138.27635192871094,333983,147.81323608398438,131.13106994628907,149.17439651489258,5.065606844547121,139.04318282579834,159.30561020398682,19.938140716726537
2022-12-12 19:00:00,138.94866865886286,142.355154884291,138.27633639115868,139.0203857421875,1015702,147.96634857177733,131.21004306793213,148.3160530090332,5.26525727103032,137.78553846697255,158.84656755109384,23.33909693013682
2022-12-13 19:00:00,138.06118647926314,139.39689152168958,136.70756242480812,137.4605712890625,322983,148.06943969726564,131.29402156829835,147.44112396240234,5.549473412493104,136.34217713741614,158.54007078738854,19.97943299616017
2022-12-14 19:00:00,138.32119355321151,138.49151995602125,132.81703265110656,133.75830078125,393880,148.08916229248047,131.3788423538208,146.5500617980957,6.2380401004076065,134.0739815972805,159.0261419989109,16.726759343041365
2022-12-15 19:00:00,133.77619683024122,133.77619683024122,129.08780335775202,130.35179138183594,696242,147.94447662353517,131.44402782440184,145.37885971069335,6.966414346668271,131.4460310173568,159.3116884040299,17.746463262974373
2022-12-18 19:00:00,130.88069390430115,130.88069390430115,126.4522627575875,128.44236755371094,697738,147.8157473754883,131.54353736877442,144.1363899230957,7.66208624866689,128.8122174257619,159.46056242042948,11.931729039551428
2022-12-19 19:00:00,127.47419519635815,128.63957386254725,118.8145523071289,118.8145523071289,1029105,147.43350418090822,131.60019763946534,142.37801551818848,9.170504100916778,124.03700731635492,160.71902372002202,9.319443905294776
2022-12-20 19:00:00,116.53759798957023,118.95799151978034,109.90391796691574,110.29835510253906,1528750,146.70792373657227,131.59240425109863,140.26196250915527,11.314940054564659,117.63208240002595,162.89184261828458,6.011315637281513
2022-12-21 19:00:00,111.15892764153386,118.5635416068955,109.3660417118317,118.1780776977539,1999825,146.16611328125,131.5952098083496,138.50582962036134,11.895460907447,114.71490780546733,162.29675143525535,20.477474456237914
2022-12-22 19:00:00,117.43403990033684,119.20899331461408,114.74471074231386,117.01271057128906,1016103,145.5283837890625,131.60226421356202,136.6770866394043,12.26064964329749,112.15578735280933,161.19838592599928,21.670924137489365
2022-12-25 19:00:00,117.44300375038696,125.77992718434079,117.44300375038696,125.49307250976562,1638862,145.12839080810548,131.66821933746337,135.52829513549804,12.17371602251115,111.18086309047574,159.87572718052033,33.93598064396825
2022-12-26 19:00:00,127.19630342292902,127.6714171436649,124.29182302562684,125.04484558105469,1076755,144.77842010498046,131.73629943847655,134.2773094177246,11.883399055231584,110.51051130726144,158.04410752818777,32.33484108772187
2022-12-27 19:00:00,125.39445200539626,126.12952815712696,121.06463064674273,121.9969253540039,840490,144.4112370300293,131.8304083633423,132.95729637145996,11.69722529026261,109.56284579093474,156.35174695198518,32.116425558567215
2022-12-28 19:00:00,122.80373918949948,126.84669244853262,122.00590541665059,125.64546203613281,744864,144.0693339538574,131.9529196548462,131.7829563140869,11.154249577010713,109.47445716006547,154.09145546810834,35.419220475367155
2022-12-29 19:00:00,125.72613513020565,130.77311377320174,125.72613513020565,128.693359375,1370554,143.79842849731446,132.09159400939942,130.79014625549317,10.444443358720227,109.90125953805271,151.6790329729336,41.62092871283271
2023-01-01 19:00:00,129.0878006479809,137.69365949596718,127.74313605789777,136.09799194335938,2531910,143.51210494995118,132.25221992492675,130.36747398376465,10.0206854474573,110.32610308885006,150.40884487867925,47.71132609295227
2023-01-02 19:00:00,136.25932616951513,137.3709203336272,133.65964712852391,135.56906127929688,1089664,143.17952407836913,132.4151131057739,129.971244430542,9.623131656747212,110.72498111704756,149.21750774403642,48.494351845688854
2023-01-03 19:00:00,136.97649555517685,138.06118394430058,134.0809884440505,134.50230407714844,818664,142.845509185791,132.58703037261964,129.46609840393066,9.063408996913482,111.3392804101037,147.59291639775762,50.61816577477056
2023-01-04 19:00:00,134.64572896085758,136.16967924699625,133.34588941322855,135.21945190429688,590479,142.6122541809082,132.74330558776856,129.1303798675537,8.694114950340792,111.74214996687212,146.51860976823528,54.23356279005573
2023-01-05 19:00:00,138.05222150328913,145.3582264555483,137.60400000490182,145.1072235107422,3436559,142.53641494750977,132.94662670135497,129.24915809631347,8.903422274567308,111.44231354717886,147.05600264544807,62.72762106849049
2023-01-08 19:00:00,144.76658747915656,154.18819864656544,143.52053223491401,149.14122009277344,3298052,142.59235305786132,133.17922790527345,129.7924015045166,9.772273532155797,110.247854440205,149.33694856882818,75.32563217284986
2023-01-09 19:00:00,154.18820346225132,155.0846465056365,148.58543444109392,149.2577667236328,1647619,142.5912773132324,133.4320174407959,130.30427055358888,10.520540863905744,109.26318882577739,151.34535228140038,87.8439124109056
2023-01-10 19:00:00,150.512784293001,151.72298789537848,147.4648833606485,150.66519165039062,2606690,142.48083602905274,133.68919925689698,130.96450157165526,11.373075751788374,108.21835006807851,153.71065307523202,86.09557545648943
2023-01-11 19:00:00,150.1542066301065,154.09855046714483,148.80954209312048,149.94802856445312,2665635,142.38886123657227,133.94489440917968,131.77398796081542,12.13315121093416,107.5076855389471,156.04029038268374,86.9616925002209
2023-01-12 19:00:00,147.82345124862067,147.91310102372552,144.7934830866975,146.09332275390625,1078443,142.21190353393555,134.17464088439942,132.56106452941896,12.539799215951009,107.48146609751694,157.64066296132097,75.79696785912327
2023-01-15 19:00:00,145.67200393975483,146.08437378489188,139.03833046256815,140.1140594482422,768178,141.94996292114257,134.36915924072267,133.1446491241455,12.609431246894383,107.92578663035674,158.36351161793428,66.57462235426448
2023-01-16 19:00:00,140.2933385270454,141.81728898937564,132.04606513210913,133.6686248779297,1118487,141.52056686401366,134.52645454406738,133.88735275268556,12.150044559679033,109.5872636333275,158.18744187204362,61.94495009979416
2023-01-17 19:00:00,134.24234671453675,137.41574909239432,130.08285151039368,135.694580078125,1072811,141.1374269104004,134.67700290679932,135.15716400146485,10.807952533979252,113.54125893350634,156.77306906942334,60.63767342496518
2023-01-18 19:00:00,137.15579072068624,139.8451199505036,135.80216659932037,136.8958282470703,1266262,140.7324137878418,134.8288974761963,136.09305152893066,10.04369609552756,116.00565933787554,156.1804437199858,59.036147818728715
2023-01-19 19:00:00,137.78328510137314,138.4107924598946,132.67356278393498,134.11683654785156,550603,140.22502670288085,134.95925640106202,136.9482578277588,9.008356507176767,118.93154481340525,154.96497084211234,47.56981060031782
2023-01-22 19:00:00,134.46645950781266,134.46645950781266,129.44637288140007,132.7901153564453,464529,139.7716062927246,135.07173053741454,137.31310997009277,8.661061648412245,119.99098667326828,154.63523326691725,46.656635895108685
2023-01-23 19:00:00,134.466468950916,137.1468388229801,133.34591504299172,136.1159210205078,981498,139.37017959594726,135.2382816696167,137.86666374206544,8.175896227604921,121.5148712868556,154.2184561972753,51.841264380144224
2023-01-24 19:00:00,137.05716193609697,142.75853963932462,136.7075497331052,140.3560791015625,1233210,139.07811813354493,135.4264113998413,138.78462142944335,7.282119303208212,124.22038282302692,153.3488600358598,55.425114550860066
2023-01-25 19:00:00,147.46487953616037,150.8803253173828,146.12021498111937,150.8803253173828,2377560,139.06413375854493,135.6588919067383,140.04636459350587,7.068777144739109,125.90881030402765,154.18391888298407,56.0164477283078
2023-01-26 19:00:00,153.29176637723046,154.0806406632358,148.45097922624595,150.78172302246094,1983326,139.0042515563965,135.88941005706786,141.1507827758789,6.9257224544042195,127.29933786707045,155.00222768468734,51.86241881626439
2023-01-29 19:00:00,153.2827880757634,156.8775194543812,149.44601326568412,154.77984619140625,2810046,139.03401321411133,136.11905364990236,142.08487548828126,7.448479496102601,127.18791649607606,156.98183448048647,55.761306979858546
2023-01-30 19:00:00,155.2639380815113,155.7121596196673,151.12237544611332,151.52577209472656,1385394,138.98488784790038,136.29162044525145,142.88271102905273,7.567454387387408,127.74780225427791,158.01761980382756,50.864548852321704
2023-01-31 19:00:00,151.4720000470167,154.6185105770725,150.19905241631685,151.87539672851562,888634,138.97000747680664,136.42726974487306,143.7513656616211,7.5519495921138695,128.64746647739335,158.85526484584884,51.95066084519989
2023-02-01 19:00:00,152.3773666274814,153.0676315191077,150.6203461306937,151.83053588867188,726399,138.94060348510743,136.57797634124756,144.58191986083983,7.477298779897246,129.62732230104535,159.5365174206343,56.29175465781345
2023-02-02 19:00:00,152.39534162002428,152.39534162002428,148.40617217805115,149.4191436767578,612146,138.85723495483398,136.67103343963623,144.79751586914062,7.555002181817181,129.68751150550625,159.907520232775,61.07082870095703
2023-02-05 19:00:00,150.16316969795116,151.49887476068247,148.80954562291888,150.7368927001953,1476227,138.90259475708007,136.7539702987671,144.8772994995117,7.611501766140868,129.65429596722998,160.10030303179343,73.1292682987348
2023-02-06 19:00:00,151.49888559661665,152.37739601443684,148.8095562664992,149.41017150878906,991994,138.8895069885254,136.82128940582277,144.88491973876953,7.6161929216405655,129.6525338954884,160.11730558205065,68.9450670722377
2023-02-07 19:00:00,149.67014551034904,152.84354805548173,148.89920389969794,150.09146118164062,1665653,138.92339248657225,136.9101932144165,144.85623321533203,7.5943246464047744,129.66758392252248,160.04488250814157,68.49248807959228
2023-02-08 19:00:00,150.602419484581,159.56684921580606,150.602419484581,156.86856079101562,3785795,139.0781184387207,137.0279867172241,145.20225982666017,7.986094874210999,129.23007007823816,161.17444957508218,78.6715595539945
2023-02-09 19:00:00,154.18820221756536,155.87351950268805,151.49887310911947,153.04075622558594,1215669,139.16794235229492,137.1112756729126,145.54963150024415,8.175738197868313,129.19815510450752,161.90110789598077,74.00642078499415
2023-02-12 19:00:00,153.29176697317166,153.72205582237655,149.70599464631385,150.24386596679688,874805,139.28179092407225,137.18200763702393,146.05612182617188,8.134950429153408,129.78622096786506,162.3260226844787,66.96087357138802
2023-02-13 19:00:00,150.6024467417169,150.6024467417169,144.9996771456709,145.61822509765625,666703,139.3242823791504,137.23939319610596,146.6536018371582,7.598382711723168,131.45683641371187,161.85036726060451,56.25937472320517
2023-02-14 19:00:00,145.22378449997973,146.74773505838803,143.02750160592336,146.102294921875,469134,139.3542237854004,137.32296100616455,147.1739875793457,7.151594344983857,132.87079888937797,161.47717626931342,42.53291395513544
2023-02-15 19:00:00,147.01665825473384,149.60737808780905,144.78451016546,145.75267028808594,853301,139.43060073852538,137.37816394805907,147.6168296813965,6.744269040275367,134.12829160084576,161.10536776194724,42.20180143346177
2023-02-16 19:00:00,145.80645241968088,145.80645241968088,142.31033009663486,143.80738830566406,286073,139.45211532592774,137.4427843093872,148.10135726928712,6.034047355088516,136.03326255911009,160.16945197946416,31.82893972772635
2023-02-19 19:00:00,144.5514364057691,147.8234479444302,141.68282148879243,142.3999786376953,1066648,139.53458786010742,137.5294192123413,148.58185043334962,5.0536018315161275,138.47464677031735,158.68905409638188,33.90254773778456
2023-02-20 19:00:00,143.38606696929875,147.91310722931715,142.98267032167323,146.87322998046875,1335057,139.69164474487306,137.6853144454956,149.11971588134764,4.148385487350918,140.8229449066458,157.4164868560495,42.29703171304586
2023-02-21 19:00:00,147.86826880147842,148.58542593083834,146.47877942808756,148.1461639404297,698077,139.90535659790038,137.8280525970459,149.50922012329102,3.6134627186721637,142.28229468594668,156.73614556063535,44.533111873561445
2023-02-22 19:00:00,147.9220599887821,147.9220599887821,145.22377138307195,146.227783203125,517170,140.15474624633788,137.99050231933595,149.27659301757814,3.6698683108952705,141.9368563957876,156.61632963936867,45.19433454944173
2023-02-23 19:00:00,146.03055896114248,149.6073714489013,145.26859061971854,148.6840362548828,727310,140.52139114379884,138.1427729034424,149.1717086791992,3.654531632915537,141.86264541336814,156.48077194503028,47.01121438854035
2023-02-26 19:00:00,150.15422828826414,152.08157559782288,148.36134198034458,150.38729858398438,931352,140.9602897644043,138.2655241012573,148.95208129882812,3.4245103868270617,142.103060525174,155.80110207248225,51.40718577348522
2023-02-27 19:00:00,152.17121341357387,153.27383457618436,143.8791148917738,144.50662231445312,1810959,141.47413116455078,138.36579898834228,148.60112380981445,3.5055816732388316,141.58996046333678,155.61228715629213,43.004712350885136
2023-02-28 19:00:00,144.32732299166105,146.74771635579427,141.45870812755373,145.77955627441406,1022284,142.18375518798828,138.4578706741333,148.29633178710938,3.4707451888743996,141.35484140936057,155.2378221648582,33.88901131204767
2023-03-01 19:00:00,145.85128727280562,147.01666601966429,142.97371262843248,143.7625732421875,413784,142.69544509887695,138.5459449005127,147.89293365478517,3.5070240646053166,140.87888552557453,154.9069817839958,35.77122574950543
2023-03-02 19:00:00,141.8621096009254,151.18511164826833,141.81728471366569,150.88929748535156,1838622,143.3729768371582,138.66952671051024,147.96644134521483,3.5557658851327685,140.8549095749493,155.07797311548038,50.87377694157621
2023-03-05 19:00:00,152.36841515313768,154.07165135204815,148.19098756295102,148.89918518066406,2139841,143.84109909057617,138.77459373474122,147.8745559692383,3.5037701609423824,140.86701564735353,154.88209629112305,54.783033855678596
2023-03-06 19:00:00,149.69701991854632,149.79562919465369,147.50969683298928,148.0834197998047,527688,144.30187057495118,138.88334854125978,147.80821838378907,3.4856789490642073,140.83686048566065,154.77957628191749,52.86045071899571
2023-03-07 19:00:00,149.21295014936481,150.35143670791442,147.96689479677894,148.95298767089844,627048,144.84099182128907,138.9961153411865,147.75129470825195,3.4555956903875265,140.8401033274769,154.662486089027,54.55243188803418
2023-03-08 19:00:00,149.69705119081632,156.78790633171923,149.43707500920755,154.887451171875,3196178,145.42583160400392,139.11538032531737,147.65223922729493,3.1993884153752923,141.25346239654434,154.05101605804552,64.1548619003156
2023-03-09 19:00:00,155.97214103582937,156.42932209586928,153.2917712228862,154.13442993164062,1911953,145.93465301513672,139.19813430786132,147.70692291259766,3.3039729927068127,141.09897692718403,154.3148688980113,65.24575266176046
2023-03-12 19:00:00,154.63642248830897,155.37151233776635,150.61138836415972,151.0865020751953,887702,146.23442321777344,139.26694999694826,147.7490547180176,3.3431665313437304,141.06272165533014,154.43538778070504,55.68454551181517
2023-03-13 19:00:00,150.61138218308398,151.8484778893834,149.27569087913963,150.3065948486328,944396,146.52917388916015,139.33249603271486,147.9834732055664,3.350255471580508,141.2829622624054,154.68398414872743,52.95415433560842
2023-03-14 19:00:00,149.7059940643128,151.49888022077164,149.07848664527938,150.78172302246094,705270,146.8547622680664,139.39806655883788,148.2174446105957,3.375270287091566,141.46690403641256,154.96798518477883,56.48289623395225
2023-03-15 19:00:00,153.6503390561836,155.44322522336725,151.4988811270176,152.1263885498047,1422869,147.19290100097658,139.4766576385498,148.53613052368163,3.4307437949297497,141.67464293382213,155.39761811354114,55.06062484914449
2023-03-16 19:00:00,152.41325901103866,152.7538980860441,151.05962118175952,151.84849548339844,344051,147.3277264404297,139.54693229675294,148.93818588256835,3.3166870373615627,142.30481180784523,155.57155995729147,52.242078236849586
2023-03-19 19:00:00,151.93814192842984,153.4710519288873,151.07755055657057,151.52577209472656,575472,147.37541748046874,139.659338760376,149.39447555541992,2.980562365602454,143.433350824215,155.35560028662482,62.985047662868126
2023-03-20 19:00:00,151.85744666034708,153.27382831576352,151.20304706618427,152.55667114257812,450336,147.44139556884767,139.76367530822753,149.67864761352538,2.9984119902282416,143.68182363306892,155.67547159398185,62.650582505854686
2023-03-21 19:00:00,153.157298064908,153.157298064908,149.25776538958195,149.86734008789062,466125,147.42543853759764,139.8674536895752,149.76470642089845,2.9767342673932724,143.8112378861119,155.718174955685,61.1165015093115
2023-03-23 19:00:00,149.5894468100319,151.05065335316348,148.55854277788876,149.12330627441406,367112,147.40894409179688,139.96423728942872,149.90948257446288,2.8639350613913095,144.18161245168028,155.6373526972455,45.8103098754706
2023-03-26 19:00:00,149.61634060015348,149.6880576860818,148.31650090446158,148.57647705078125,208769,147.45860717773436,140.05413055419922,149.90410461425782,2.8664572235678003,144.1711901671222,155.63701906139343,49.17811338763093
2023-03-27 19:00:00,149.03365434523118,151.54369757519368,149.03365434523118,150.61138916015625,224927,147.66855377197265,140.153568649292,149.9153091430664,2.8688823008227504,144.1775445414209,155.6530737447119,56.06189778201566
2023-03-28 19:00:00,152.1263924740973,152.38636863508145,150.64726681946922,151.9112548828125,334075,148.03340637207032,140.2612692260742,150.28554077148436,2.5992681609281987,145.08700444962795,155.48407709334077,56.95029292806896
2023-03-29 19:00:00,152.30566592967583,152.78975282783162,149.94803005289597,151.56163024902344,253149,148.35074737548828,140.3555507659912,150.57464447021485,2.3843855389678867,145.80587339227907,155.34341554815063,39.40602875659933
2023-03-30 19:00:00,151.5616191468378,153.00487919365125,150.6203512948269,152.61941528320312,253993,148.66521911621095,140.44697662353516,151.01748657226562,1.8046020743075175,147.40828242365058,154.62669072088067,45.26603069012736
2023-04-02 19:00:00,152.3953164346293,153.11247360063695,151.55265779046795,152.2967071533203,206292,149.0288165283203,140.53137329101563,151.08785705566407,1.826646582929337,147.4345638898054,154.74115022152276,54.55776277014881
2023-04-03 19:00:00,151.72299803282522,152.84355193262454,150.70105342335373,152.50289916992188,178145,149.42307220458986,140.5961876678467,151.26804275512694,1.7764369857506068,147.71516878362573,154.82091672662816,58.64510370857093
2023-04-04 19:00:00,153.73102170549657,154.18820273114653,151.95605463939276,153.3096923828125,302174,149.76694763183593,140.6767491912842,151.52935638427735,1.6641680788971107,148.20102022648314,154.85769254207156,59.697405682189334
2023-04-05 19:00:00,154.1882039649982,154.62746598199791,153.06765015711304,154.31370544433594,635458,150.04610015869142,140.71560455322265,151.79739227294922,1.6590693600905426,148.47925355276814,155.1155309931303,58.6158232839036
2023-04-06 19:00:00,154.6185087660488,154.81572735089594,152.5746195036663,153.22901916503906,173111,150.09307403564452,140.74752517700196,151.71447067260743,1.5331646564762755,148.6481413596549,154.78079998555998,55.11290041841762
2023-04-09 19:00:00,154.10751806532656,154.14336976641383,152.84353016350678,153.27381896972656,118965,150.14291595458985,140.76069396972656,151.67144012451172,1.4725490814526068,148.7263419616065,154.61653828741694,56.610135849370145
2023-04-10 19:00:00,154.05374405754907,154.05374405754907,152.66425459032098,153.49794006347656,220802,150.11727783203125,140.81629371643066,151.7920120239258,1.5200902500109184,148.75183152390395,154.83219252394764,53.790641226533936
2023-04-11 19:00:00,154.0537336700675,154.54676637283478,153.29175165529787,153.67721557617188,194126,150.16030670166015,140.84461975097656,151.96054306030274,1.5335251278927133,148.8934928045173,155.02759331608817,69.2308403268143
2023-04-12 19:00:00,154.18821788103156,155.08466100824685,153.38142453799242,154.5198974609375,425896,150.2131967163086,140.86439666748046,152.14745178222657,1.608272494250605,148.93090679372537,155.36399677072777,76.97139135594021
2023-04-16 19:00:00,155.08464571908507,155.43425795708674,153.82963093616507,154.11648559570312,103655,150.25891571044923,140.89353370666504,152.2469566345215,1.667378877250927,148.91219888001964,155.58171438902335,78.09086998369033
2023-04-17 19:00:00,153.47103985787635,154.41230774969725,153.29175399244255,154.0089111328125,68107,150.3507110595703,140.92561729431154,152.3549774169922,1.7096511903699132,148.93567503625238,155.77427979773202,71.41241546971527
2023-04-18 19:00:00,154.35852904620742,154.35852904620742,153.7399811608271,154.11648559570312,135335,150.41830291748047,140.98913764953613,152.48451309204103,1.7413693407460797,149.00177441054888,155.96725177353318,66.35626558984504
2023-04-19 19:00:00,153.51587183037574,157.10164401911445,153.51587183037574,156.13348388671875,678977,150.55276916503905,141.07328048706054,152.66335372924806,1.923334249117537,148.816685231013,156.51002222748312,77.18553279365304
2023-04-25 19:00:00,156.07970949486568,162.48031271480266,155.53287865389385,158.9214324951172,2729443,150.7293685913086,141.1792137145996,153.11605834960938,2.2656718085137197,148.58471473258194,157.6474019666368,81.07877884883099
2023-04-26 19:00:00,157.95326375099557,161.18046422444866,155.25497507641086,155.99005126953125,1878842,150.7117984008789,141.27565383911133,153.45939559936522,2.1458928084571354,149.16760998245095,157.7511812162795,64.48659771108322
2023-04-27 19:00:00,156.86857591134162,161.17149165417385,154.97708050858938,158.48216247558594,3994117,150.8206265258789,141.40642707824708,153.95467987060547,2.1022722833860903,149.7501353038333,158.15922443737765,69.8866352627364
2023-05-01 19:00:00,158.67042375487335,158.67042375487335,153.4710512011899,153.82066345214844,1628825,150.89216247558593,141.49495910644532,154.1151435852051,1.9506654986946306,150.21381258781582,158.01647458259436,51.352628632409925
2023-05-02 19:00:00,154.18819438076605,155.0398124860957,150.64724730367885,151.85743713378906,956786,151.01694671630858,141.57367500305176,154.1124526977539,1.953900149079435,150.20465239959503,158.02025299591276,43.812081383119406
2023-05-03 19:00:00,151.5974959451093,154.07167402179587,150.60244353886776,151.3644256591797,699962,151.1221893310547,141.67473724365234,154.10259246826172,1.9678976628312184,150.16679714259928,158.03838779392416,45.158312307438734
2023-05-04 19:00:00,150.5665868291467,152.8435462502872,150.5665868291467,152.39532470703125,390774,151.2550424194336,141.81059322357177,154.0913879394531,1.9774018151564552,150.1365843091402,158.04619156976602,47.82999047914118
2023-05-07 19:00:00,152.61942770441613,155.5239080810732,152.13535448095757,152.56564331054688,1152031,151.43020751953125,141.9764363861084,154.10483474731444,1.965433420109535,150.17396790709537,158.0357015875335,47.690952998220006
2023-05-08 19:00:00,151.9470957714062,153.00489199628225,149.46394471255766,151.01480102539062,797559,151.60250396728514,142.14086463928223,154.0304298400879,2.0553784521912153,149.91967293570545,158.14118674447033,43.825419945333145
2023-05-09 19:00:00,149.70598174364653,152.38635125126942,149.70598174364653,150.43209838867188,384021,151.67368133544923,142.32525951385497,153.88655014038085,2.2038427019649487,149.47886473645096,158.29423554431074,40.40400205174641
2023-05-10 19:00:00,151.0506488241642,152.39531335375617,151.0506488241642,151.2299346923828,144832,151.73535675048828,142.49399600982667,153.73236160278321,2.27897936905966,149.1744028646639,158.29032034090253,43.34709822449081
2023-05-11 19:00:00,151.72297928117257,152.84353304248108,151.0327143341888,151.71401977539062,401534,151.8450814819336,142.66452320098878,153.65661163330077,2.321374153978484,149.0138633253438,158.29935994125773,44.800982848546184
2023-05-14 19:00:00,152.1891538637288,152.1891538637288,149.2039966022638,150.53968811035156,252930,151.88219451904297,142.82712158203125,153.51990509033203,2.4233696607393145,148.6731657688534,158.36664441181065,42.27045892058333
2023-05-15 19:00:00,152.03673382588693,152.03673382588693,151.0506410832665,151.40025329589844,183647,151.90245361328124,143.00023624420166,153.41502075195314,2.469328872362089,148.47636300722897,158.3536784966773,39.23324107568667
2023-05-16 19:00:00,151.49887422280992,152.61942802623307,150.8355014468747,151.41819763183594,221573,152.0406851196289,143.17453205108643,153.30206985473632,2.5080660914367736,148.28593767186277,158.31820203760986,30.47126440433489
2023-05-17 19:00:00,152.8255969621961,154.36747999784424,150.64724706427876,151.39129638671875,653544,152.152919921875,143.36086818695068,153.1456398010254,2.525616743801671,148.09440631342204,158.19687328862875,35.898817945665925
2023-05-18 19:00:00,151.59748139631722,152.39531514611323,150.60242908557072,152.0994873046875,230306,152.319658203125,143.56304599761964,153.0447898864746,2.5250798651059583,147.9946301562627,158.0949496166865,28.024653869714
2023-05-21 19:00:00,151.49886827547002,152.2518771189373,150.33348962993176,150.70103454589844,112273,152.31589294433593,143.73371410369873,152.8793960571289,2.566598149109474,147.74619975890994,158.01259235534786,36.146444592012365
2023-05-22 19:00:00,151.85744130793358,152.17120183471684,150.35142360809763,150.89825439453125,181328,152.35587432861328,143.88076679229735,152.7184844970703,2.5857685030795814,147.54694749091115,157.89002150322946,44.94810761982985
2023-05-23 19:00:00,151.73194400484482,151.95605476481344,150.42314482666384,150.74586486816406,135116,152.40912322998048,144.03738513946533,152.44910354614257,2.4901433240662123,147.46881689801015,157.429390194275,46.620875914842536
2023-05-24 19:00:00,151.5974926132365,153.1842007242373,150.7906992977506,151.0417022705078,260565,152.45089752197265,144.15295471191405,152.05511703491212,1.9841568621633232,148.08680331058548,156.02343075923875,41.959587207268285
2023-05-25 19:00:00,151.89332697372092,152.2160470494467,145.22378786114567,146.02162170410156,777796,152.2735809326172,144.2296118927002,151.55669555664062,2.1854972901018455,147.18570097643692,155.92769013684432,25.337927592119982
2023-05-28 19:00:00,146.92700821211326,148.34338985123122,143.43088584118837,146.09332275390625,487571,152.1127587890625,144.3098600769043,150.93725357055663,1.8490929860421832,147.23906759847227,154.635439542641,29.125472135281143
2023-05-29 19:00:00,146.92700656468648,149.70598541815414,146.2367552829326,148.8005828857422,320721,152.06704040527345,144.36586082458496,150.68624954223634,1.776380133201073,147.1334892758342,154.23900980863849,44.136636875417445
2023-05-30 19:00:00,149.62530624329915,151.22993321432995,147.64416117046375,148.00274658203125,260774,152.0209634399414,144.40074363708496,150.49351501464844,1.850200230634038,146.79311455338035,154.19391547591653,38.40208644763208
2023-05-31 19:00:00,149.6970193832058,149.6970193832058,147.91309291405517,148.62127685546875,178054,151.97775451660155,144.47117126464843,150.3563575744629,1.8836152820027308,146.58912701045742,154.12358813846836,38.991635889637195
2023-06-01 19:00:00,149.43706759539347,149.43706759539347,147.1332158555492,147.77865600585938,48799,151.89079986572267,144.54154205322266,150.1255241394043,1.9033709846031603,146.31878217019798,153.9322661086106,39.934650630075176
2023-06-04 19:00:00,148.79161499807722,150.96100555789405,147.5097079903545,150.45899963378906,507078,151.86300994873048,144.59307235717773,150.02019195556642,1.817585558001976,146.38502083956246,153.65536307157038,46.97059880839428
2023-06-05 19:00:00,149.9301084217787,158.44631786875567,149.9301084217787,157.57676696777344,2875888,151.98402984619142,144.6892176055908,150.34829025268556,2.478627982259756,145.39103428816605,155.30554621720506,63.60400588911
2023-06-06 19:00:00,156.87752733112325,157.30781614749944,153.73997678450078,154.2061309814453,919629,152.01701904296874,144.78194396972657,150.53699188232423,2.624701306300722,145.2875892697228,155.78639449492567,55.41754696335088
2023-06-07 19:00:00,154.6364129824599,156.8685609115585,150.70998838000315,151.80364990234375,884039,152.05574523925782,144.85337982177734,150.56567764282227,2.6357848860313924,145.2941078707595,155.83724741488504,49.465479480455315
2023-06-08 19:00:00,152.1712286172927,153.0228468959183,151.49889623754032,152.52980041503906,215461,152.1238751220703,144.9272289276123,150.6064666748047,2.6606854187309983,145.2850958373427,155.92783751226668,53.38649628601526
2023-06-11 19:00:00,154.61849847895235,155.7121601299277,152.422215670518,154.42127990722656,643762,152.2407711791992,145.01036750793457,150.80054626464843,2.7937966426505327,145.21295297934736,156.3881395499495,56.13872015986701
2023-06-12 19:00:00,155.03982722659865,155.9810951919323,151.9560608572109,152.3325653076172,580435,152.27519470214844,145.0857074737549,150.84716186523437,2.8120480218774393,145.22306582147948,156.47125790898926,52.58998675940069
2023-06-13 19:00:00,152.5746151840377,153.7310344605047,152.1712185186845,152.91526794433594,393263,152.29527496337892,145.1780248260498,150.92201538085936,2.8477469155106028,145.22652154983817,156.61750921188056,53.02986484472394
2023-06-14 19:00:00,152.8435475276943,153.51587984819736,152.03675421454508,152.59254455566406,671080,152.31589324951173,145.2772509765625,150.98207778930663,2.870740603182458,145.24059658294172,156.72355899567154,62.52991126712041
2023-06-15 19:00:00,153.2917617210413,154.72607607409586,152.84354019554118,153.83859252929688,387822,152.3402767944336,145.3795587158203,151.06903305053712,2.9320527091016237,145.20492763233386,156.93313846874037,64.13613177837759
2023-06-18 19:00:00,153.96409237124203,154.62746514623322,149.858381599906,150.40521240234375,443853,152.30244689941406,145.45924186706543,151.0542419433594,2.9347517433477788,145.18473845666384,156.92374543005494,52.85303844619947
2023-06-19 19:00:00,151.93812739129095,151.93812739129095,147.01665044890632,148.48681640625,249334,152.2221252441406,145.53647003173828,150.9336700439453,2.990504078449313,144.95266188704667,156.91467820084395,50.827696902841886
2023-06-20 19:00:00,148.48682927549774,149.8852782733645,145.6719985883815,145.9319610595703,91425,152.0745706176758,145.6125528717041,150.69297485351564,3.1932685507553593,144.3064377520049,157.07951195502636,45.6871992917343
2023-06-21 19:00:00,145.89610675381385,147.50970698359234,145.32238374751878,146.48776245117188,174920,151.9180517578125,145.68444580078125,150.46527786254882,3.326667360739454,143.81194314106992,157.11861258402772,47.910599336924
2023-06-22 19:00:00,147.42006171406214,149.07848688288414,146.12022198428494,148.2178955078125,341468,151.81782928466797,145.7609171295166,150.57509155273436,3.2063347275273273,144.16242209767972,156.987761007789,46.25749975410642
2023-06-25 19:00:00,151.04170760762517,156.6444771593536,150.5038362592046,155.12948608398438,548560,151.85494262695312,145.87194641113283,151.0268997192383,3.178088724770481,144.67072226969734,157.38307716877924,45.8848607726409
2023-06-26 19:00:00,155.0756846743145,155.53286569527728,153.28279861442658,153.8565216064453,326048,151.8621142578125,145.97866790771485,151.27969665527343,3.192729062563657,144.8942385301461,157.66515478040074,49.367507229829634
2023-07-02 19:00:00,163.1436857800782,165.3937530517578,161.44940885693734,165.3937530517578,868333,152.0964450073242,146.13998291015625,152.14924697875978,4.395109060086072,143.35902885858764,160.93946509893192,68.47878813279051
2023-07-03 19:00:00,164.91862467825223,177.80050659179688,162.07690192570487,177.80050659179688,6012847,152.5620571899414,146.36503486633302,153.60820846557618,7.1450824587165105,139.31804354814315,167.89837338300921,76.07766704110756
2023-07-04 19:00:00,177.80051808666397,189.59771236088025,177.49573072082407,184.42523193359375,4849074,153.16823211669922,146.61801109313964,155.4405372619629,9.783306245258414,135.87392477144607,175.00714975247973,78.20661527616917
2023-07-05 19:00:00,186.90835340672754,186.90835340672754,176.3751488382429,178.75071716308594,1903306,153.66306823730469,146.83898414611815,156.85512313842773,10.995396755785645,134.86432962685643,178.84591664999903,73.2669586985748
2023-07-06 19:00:00,178.75074460519807,183.5377610461435,175.70284360593718,181.2607879638672,1467739,154.20595428466797,147.07367301940917,158.03932418823243,12.277804770684453,133.48371464686352,182.59493372960134,74.14472914624984
2023-07-09 19:00:00,181.31456435356134,192.9772970587684,181.18010336900988,191.34576416015625,3433059,154.9101998901367,147.36851318359376,159.89630584716798,14.30826641006073,131.27977302704653,188.51283866728943,78.30295346969669
2023-07-10 19:00:00,190.93341640215937,195.15565564601866,187.56278166935118,190.23419189453125,4287310,155.536455078125,147.6664909362793,161.81783294677734,15.679108103082898,130.45961674061155,193.17604915294314,76.63340833913222
2023-07-11 19:00:00,190.96030717685684,191.61470678991083,187.3745348860515,188.62059020996094,1327025,156.18906585693358,147.9739260864258,163.62237243652345,16.60349864914734,130.41537513822877,196.82936973481813,78.73026179187656
2023-07-12 19:00:00,192.64560185699915,194.97635920864852,187.4014183337407,188.65643310546875,2638894,156.79255126953126,148.28207836151122,165.33413009643556,17.35282319601495,130.62848370440565,200.03977648846546,81.07918323400798
2023-07-13 19:00:00,188.70125573893233,189.5976987590698,185.96710179178615,186.30775451660156,544736,157.4422930908203,148.59596782684326,167.03288955688475,17.673092162115573,131.6867052326536,202.37907388111591,81.3386840649137
2023-07-16 19:00:00,186.46908978061046,187.80479467660422,183.7708014735268,185.50990295410156,699156,158.11534240722656,148.86790370941162,168.66262130737306,17.80508179581389,133.05245771574528,204.27278489900084,80.17463223798616
2023-07-17 19:00:00,185.56372172999798,185.60854662073245,180.7318939673623,183.33157348632812,789530,158.75468536376954,149.12477947235107,170.19957275390624,17.671094764882213,134.8573832241418,205.54176228367066,76.96542553440807
2023-07-18 19:00:00,183.72600119425167,185.5457794997064,180.5346661103731,181.42214965820312,983139,159.33522186279296,149.37260120391846,171.57875061035156,17.40130990361016,136.77613080313125,206.38137041757187,71.87171724197808
2023-07-19 19:00:00,181.9779538782609,186.99804083601236,181.0815107557079,185.67129516601562,1669406,159.99733489990234,149.6417134475708,173.34205474853516,16.92304937527336,139.49595599798843,207.1881534990819,75.21671118567632
2023-07-20 19:00:00,186.4780845706345,188.70125947456881,184.26386917277037,185.0796356201172,935905,160.6786315917969,149.90723987579346,175.17169570922852,16.049985430006625,143.07172484921526,207.27166656924177,68.87894148428674
2023-07-23 19:00:00,185.56371289043176,192.28703582124453,182.87438371810669,190.11764526367188,1753480,161.47234252929687,150.20100429534912,177.3809799194336,14.806185060798098,147.7686097978374,206.9933500410298,63.75650916071279
2023-07-24 19:00:00,191.16647156559847,193.50618836496525,190.04591780495605,191.1037139892578,1513300,162.2698181152344,150.49499279022217,179.61177749633788,13.17819689220519,153.2553837119275,205.96817128074827,58.53376628592887
2023-07-25 19:00:00,191.39061082601793,205.43787322038338,190.06387880581372,202.1031036376953,4166210,163.27759979248046,150.8416474533081,182.30603790283203,11.864887906832376,158.57626208916727,206.0358137164968,76.2654211022394
2023-07-30 19:00:00,206.18190080545818,213.5327310549692,205.28545775847795,210.49378967285156,2283038,164.47668182373047,151.20618602752685,185.0742530822754,11.647136108986746,161.7799808643019,208.36852530024888,79.03830821791152
2023-07-31 19:00:00,212.3673580526651,221.8696600769082,208.8891682385883,217.35159301757812,3571101,165.79570861816407,151.61854984283448,188.24900665283204,11.33963361844513,165.56973941594177,210.9282738897223,77.6023119425098
2023-08-01 19:00:00,219.62854698668815,232.17874967164175,216.93921783991237,228.70054626464844,3975350,167.3413555908203,152.07241901397705,191.41434631347656,13.291737555938235,164.83087120160008,217.99782142535304,83.53915487531103
2023-08-02 19:00:00,230.3858545002873,235.58521303637423,225.14165739915757,227.4634552001953,2517482,168.86279876708986,152.47684940338135,193.8974937438965,15.12686118030782,163.64377138328086,224.15121610451212,84.091269462887
2023-08-03 19:00:00,229.30115959392361,237.37810647448936,221.86965279760537,235.3252716064453,4904398,170.527314453125,152.92713275909423,196.44249572753907,17.538848589538954,161.36479854846115,231.52019290661698,86.0127369095556
2023-08-06 19:00:00,238.88416609769098,246.521851427856,227.69654640972882,234.24057006835938,6010784,172.1981051635742,153.35383968353273,199.21698837280275,18.92694013334989,161.36310810610297,237.07086863950252,87.72399985301051
2023-08-07 19:00:00,232.8958861320549,232.8958861320549,216.67027564386703,218.07769775390625,4030226,173.54169403076173,153.71676456451416,201.05783386230468,18.8789484212122,163.29993701988028,238.81573070472908,70.63971260171839
2023-08-08 19:00:00,216.22205716828228,222.8109189427814,213.3444826878044,219.14447021484375,3021066,174.90966613769533,154.09977001190185,202.44776916503906,19.147684881439034,164.152399402161,240.74313892791713,73.0206184070473
2023-08-09 19:00:00,220.65944955530955,229.3908097181341,214.2498872695369,218.31973266601562,3877493,176.25522674560546,154.48958827972413,203.85204620361327,19.234495828385274,165.38305454684271,242.32103786038383,74.05327506191074
2023-08-10 19:00:00,219.6285614832342,223.2143339156135,216.04278905085485,217.78189086914062,1686742,177.69043212890625,154.86479465484618,205.31011123657225,19.12407550374198,167.0619602290883,243.5582622440562,71.99705312240246
2023-08-14 19:00:00,217.39638377612823,221.43935040039355,215.17320899917263,216.5626983642578,1296070,179.09981964111327,155.23641498565675,206.7054244995117,18.861284146326305,168.98285620685908,244.42799279216433,71.38332019896802
2023-08-15 19:00:00,216.49100501139753,219.12654986968326,213.3444947075905,214.5009002685547,830445,180.41382598876953,155.5568486404419,208.11508178710938,18.301818405032925,171.51144497704354,244.7187185971752,67.2588830842574
2023-08-16 19:00:00,214.24989558557147,229.39081862185824,211.60539124189512,227.45449829101562,3940105,182.00286102294922,155.933130607605,210.2123115539551,17.97545995081787,174.26139165231933,246.16323145559085,72.00217446357414
2023-08-17 19:00:00,230.20658135289986,234.7605277043695,222.3268523781971,223.77012634277344,3060628,183.5058380126953,156.29596599578858,212.23423919677734,17.042829150110197,178.14858089655695,246.31989749699773,64.38861678291293
2023-08-20 19:00:00,221.86965679882076,225.4554290299128,218.2838845677287,218.84864807128906,2241756,184.92723785400392,156.65579822540283,214.10556411743164,15.46308147817001,183.17940116109162,245.03172707377166,55.8162810490092
2023-08-21 19:00:00,217.85358775345182,220.79391978099815,216.5806402994585,218.4093780517578,826587,186.2862454223633,157.0033491897583,215.74246826171876,13.953790179766735,187.8348879021853,243.6500486212522,50.80864857247976
2023-08-22 19:00:00,219.1803360923547,221.40351113149424,216.93922836134902,219.4134063720703,2127511,187.52297821044922,157.3686946487427,217.45915679931642,11.951179280148883,193.55679823901866,241.36151535961417,41.566280085489794
2023-08-23 19:00:00,221.0628478481547,222.99019481429173,218.46315495771185,219.59268188476562,1666709,188.83070922851562,157.7201002883911,218.9329086303711,10.071684708770311,198.78953921283048,239.0762780479117,42.71248374214728
2023-08-24 19:00:00,218.73212417372747,219.44928141494245,212.00880068478094,213.8465118408203,1333464,190.07156646728515,158.00839656829834,220.0700485229492,7.789613326686765,204.49082186957568,235.64927517632273,29.30201317018428
2023-08-27 19:00:00,214.23197623599688,216.3924074708284,212.45702266150136,214.5188446044922,1065098,191.31134735107423,158.30825695037842,220.69083557128906,6.701063014860305,207.28870954156844,234.09296160100968,30.84292533637597
2023-08-28 19:00:00,215.14634109779257,219.3596208752305,207.97479639453283,212.60940551757812,3181144,192.47510986328126,158.5965979385376,220.7966163635254,6.546540429037813,207.70353550544976,233.88969722160104,42.65415472661903
2023-08-29 19:00:00,210.88822197939842,214.56364385942007,207.0783391168588,207.75067138671875,1698293,193.58347198486328,158.86929584503173,220.31657028198242,7.1377655720420545,206.0410391378983,234.59210142606653,36.10927977736273
2023-08-30 19:00:00,207.5265670643206,208.4319696248281,192.1704931674518,196.3927459716797,2876273,194.45302154541017,159.07556743621825,218.701180267334,8.638575870175899,201.4240285269822,235.9783320076858,28.730436759546762
2023-08-31 19:00:00,197.21746510809083,199.88886148726445,193.64065252114005,198.7145233154297,1126416,195.37546112060548,159.29488216400148,217.26373367309571,9.456935099701091,198.34986347369352,236.1776038724979,32.12302163522408
2023-09-03 19:00:00,201.22456617435157,212.25977758284552,199.9067938381679,210.72686767578125,2908934,196.51322662353516,159.56278408050537,216.0338134765625,8.539370736311863,198.95507200393877,233.11255494918623,45.44947035398177
2023-09-04 19:00:00,211.56054500932723,214.2498739713102,204.03042938722868,205.15994262695312,1753698,197.60832122802734,159.79115283966064,214.57978210449218,7.71180617765672,199.15616974917873,230.00339445980563,43.09383451935415
2023-09-05 19:00:00,205.30338387315092,212.79764805299476,203.06227632748752,211.60537719726562,1772704,198.87069244384764,160.0718740463257,214.25616607666015,7.693073644538144,198.87001878758386,229.64231336573644,37.03431857173387
2023-09-06 19:00:00,211.65021245011314,218.283885638727,207.96583091744344,211.4261016845703,2994271,200.18057525634765,160.34806827545165,213.8702476501465,7.628269260775625,198.61370912859525,229.12678617169774,39.2873809066009
2023-09-07 19:00:00,211.91914436627707,214.60847367893862,209.7676863876023,212.79766845703125,1766549,201.50677337646485,160.63726085662842,213.59414443969726,7.558359596275679,198.4774252471459,228.71086363224862,44.40392518453103
2023-09-10 19:00:00,212.72595263706532,214.24990318760976,211.73985974508204,212.99488830566406,907460,202.80231323242188,160.94433757781982,213.35479431152345,7.494290156425972,198.3662139986715,228.3433746243754,44.97004514490938
2023-09-11 19:00:00,211.56055126623926,213.26378752108133,211.56055126623926,212.421142578125,481346,203.9481463623047,161.23756412506103,213.1477165222168,7.458117255562291,198.23148201109223,228.06395103334137,43.4519759172978
2023-09-12 19:00:00,213.2548264401016,215.59454323608767,212.9052142144317,213.37136840820312,856971,205.13844329833984,161.53796215057372,213.09123992919922,7.451604803347566,198.1880303225041,227.99444953589435,44.25687268039466
2023-09-13 19:00:00,214.249884118731,215.19115203573276,212.90521957405275,214.6263885498047,292453,206.1230960083008,161.8411838912964,212.44983444213867,6.660280297968336,199.12927384620198,225.77039503807535,50.78502701131877
2023-09-14 19:00:00,220.74908258119393,221.4214148124057,216.84955016871203,217.31570434570312,1092173,206.9133999633789,162.1646653366089,212.12711334228516,6.225042981629748,199.67702737902567,224.57719930554464,52.70547163723432
2023-09-17 19:00:00,218.5976448447615,219.76300987554717,215.17322580246926,218.6424560546875,1097174,207.59774444580077,162.49137393951415,212.11680374145507,6.213485241706058,199.68983325804297,224.54377422486718,55.90245722986892
2023-09-18 19:00:00,219.75404564105006,221.780001981265,218.76795282845615,219.87954711914062,837987,208.42032104492188,162.82283382415773,212.19031219482423,6.2999423621919215,199.59042747044037,224.79019691920809,62.77137308030458
2023-09-19 19:00:00,219.89747545724066,220.61463260869212,217.16332151156416,218.212158203125,380312,209.15934844970704,163.17155010223388,212.13024978637696,6.232823097661103,199.66460359105477,224.59589598169916,78.8661752136666
2023-09-20 19:00:00,218.46315571492102,225.81398555734475,217.03781463202998,222.48818969726562,1131864,209.78219696044923,163.5336682510376,212.27502517700196,6.445289669975341,199.3844458370513,225.16560451695264,79.9052341563955
2023-09-21 19:00:00,226.80010950211081,228.23442396646413,224.5052173020547,225.72438049316406,1601665,210.49200073242187,163.92030422210692,212.86891860961913,7.110610380075966,198.6476978494672,227.09013936977107,74.21126193656201
2023-09-24 19:00:00,225.00721119669134,230.16175886354782,224.55898966044296,228.20751953125,1149447,211.28373931884767,164.31568050384521,213.55335235595703,7.893489158959536,197.76637403803795,229.3403306738761,91.3210854771094
2023-09-25 19:00:00,229.265317942645,242.57750316560777,228.413699751508,238.17596435546875,3644476,212.27412994384767,164.76381252288817,214.83168029785156,9.615053412704064,195.60157347244342,234.0617871232597,92.29448677679447
2023-09-26 19:00:00,238.45387425162795,240.2467605241966,234.10611956919433,235.2177276611328,1464283,213.25232940673828,165.2171439743042,216.20503311157228,10.473686505597643,195.257660100377,237.15240612276756,84.79287722586692
2023-10-01 19:00:00,240.49828133927053,246.4942612916116,240.49828133927053,244.70582580566406,1963454,214.43624786376952,165.72320484161378,218.62068710327148,11.209312034993287,196.2020630332849,241.03931117325806,87.71034669311572
2023-10-02 19:00:00,245.68479725628654,247.54852309757925,239.18992239726444,240.46066284179688,1648796,215.5788296508789,166.2024820327759,220.70799407958984,11.194258455265421,198.31947716905898,243.0965109901207,79.62557165104573
2023-10-03 19:00:00,241.9102220776153,246.66369938690056,239.18050158141972,244.2916717529297,2118205,216.83622009277343,166.71427127838135,222.38623428344727,12.098617123188502,198.18900003707026,246.58346852982427,82.11970982158647
2023-10-04 19:00:00,244.62113665437408,245.48710271931432,240.59243822971825,242.4185333251953,1175927,217.97116485595703,167.21270565032958,224.24916381835936,12.17480561003183,199.8995525982957,248.598775038423,78.73963989452463
2023-10-05 19:00:00,242.25849600620126,243.79279502661785,240.49829779652842,242.82327270507812,501101,219.12603759765625,167.73544025421143,225.81005859375,12.466156863618092,200.8777448665138,250.7423723209862,78.37580029599474
2023-10-08 19:00:00,241.80670469147466,253.017383171852,240.96894729728268,249.50640869140625,2426134,220.31381286621092,168.28787036895753,227.7140739440918,13.048108502802362,201.61785693848708,253.81029094969654,79.98469531916683
2023-10-09 19:00:00,249.5063981122686,268.2191467285156,247.18142323438005,268.2191467285156,4905886,221.85612152099608,168.94166324615477,230.48514785766602,15.38863957333879,199.70786871098844,261.2624270043436,84.88145241670793
2023-10-10 19:00:00,272.9726244414293,277.6790490007643,268.5485738653601,269.5557556152344,2478661,223.20517456054688,169.62065052032472,233.31319122314454,17.106540694706464,199.1001098337316,267.5262726125575,84.90259461796026
2023-10-11 19:00:00,270.14878088340345,279.2792563965868,266.3836410801504,275.2223205566406,2782032,224.49974517822267,170.34500316619872,236.4532501220703,18.754282294683293,198.94468553270372,273.9618147114369,87.92423229226428
2023-10-12 19:00:00,274.94933947323335,281.208878641786,270.9959311953386,271.7677917480469,2019042,225.58806915283202,171.0616302871704,239.3730712890625,19.502463349455663,200.36814459015116,278.3779979879738,83.14396784932862
2023-10-15 19:00:00,272.0313428490811,276.26712500417057,265.5364826230911,269.48046875,2006732,226.40366760253906,171.81495986938478,242.11577529907225,19.695289347005808,202.72519660506063,281.50635399308385,79.8094960887757
2023-10-16 19:00:00,271.0900512288929,272.7843525587793,266.00711851349826,266.920166015625,1399817,227.19280181884767,172.5980689239502,244.59599838256835,19.530500000919613,205.53499838072912,283.6569983844076,76.34587570499438
2023-10-17 19:00:00,266.94842933919193,270.1487925652,264.5010826161017,266.8354797363281,1784562,227.8230059814453,173.34135593414305,247.0056495666504,19.128716316427322,208.74821693379573,285.26308219950505,72.5359294872564
2023-10-18 19:00:00,266.7601280796379,271.03356945934513,265.8188432037565,269.8946228027344,1387387,228.5360870361328,174.1057654953003,249.50640335083008,18.65934539721717,212.18771255639575,286.8250941452644,77.22439223892455
2023-10-19 19:00:00,271.78659958186824,275.9847510226324,269.2074880840677,270.38409423828125,2384647,229.5822149658203,174.83022060394288,252.1150001525879,17.674997051060373,216.76500605046715,287.46499425470864,73.47682201430831
2023-10-22 19:00:00,271.19359320818836,271.46657388694706,265.45177799267606,265.800048828125,1070876,230.51532653808593,175.53399662017821,254.28059310913085,16.465980394633366,221.34863231986412,287.2125538983976,73.02432036576215
2023-10-23 19:00:00,265.4705994502575,270.14878690917766,262.6185071347058,267.9273681640625,2934856,231.50747924804688,176.26364883422852,256.39074249267577,15.274961071165311,225.84082035034515,286.9406646350064,72.16244947598096
2023-10-24 19:00:00,269.01923520858827,269.7910957846866,266.38364876061587,266.7131042480469,860336,232.486103515625,176.9689870452881,258.31602172851564,13.900562979479274,230.51489576955709,286.1171476874742,73.06525237980034
2023-10-25 19:00:00,267.3249056520933,268.2567684901243,263.6068188895255,264.32220458984375,551961,233.4412936401367,177.6471312713623,259.6233337402344,13.113990920582651,233.39535189906908,285.8513155813997,69.66928280856933
2023-10-26 19:00:00,263.61624843770636,267.98382418926,262.71262297128465,264.8022766113281,945998,234.4473211669922,178.29065269470215,261.10256118774413,11.820998185169518,237.4605648174051,284.74455755808316,65.78587162678429
2023-10-29 19:00:00,265.4329126829987,267.9838153765276,264.59518408171283,266.8730773925781,752034,235.23569274902343,178.94717277526854,262.21092376708987,11.226989420977986,239.7569449251339,284.66490260904584,47.88394005104488
2023-10-30 19:00:00,267.69203582269824,286.8848206647741,265.59296008132554,281.8113098144531,5671101,236.39651641845703,179.6837178039551,264.27845611572263,10.810492029190927,242.65747205734078,285.8994401741045,63.495031312209406
2023-10-31 19:00:00,286.14123213728243,289.44515184324206,277.6885108028867,278.7145080566406,4344914,237.59383361816407,180.4011930847168,265.9995979309082,10.182930722453188,245.6337364860018,286.36545937581457,54.0760497879907
2023-11-01 19:00:00,279.06273397154314,279.561613816867,273.9609572012855,275.909423828125,2288999,238.7438345336914,181.05520408630372,267.6741424560547,8.754564337075104,250.1650137819045,285.1832711302049,54.90849091202382
2023-11-02 19:00:00,276.728369613621,280.5029316784432,273.9045145967239,279.0533447265625,1867171,239.93663330078124,181.70476470947267,269.4856460571289,6.8920058531103106,255.7016343509083,283.2696577633495,61.1196029776675
2023-11-05 19:00:00,280.50292904794736,282.85614153996033,276.7377890607266,277.51904296875,1259952,241.09516052246093,182.34607109069825,270.8862777709961,5.274692833026313,260.3368921049435,281.43566343704873,62.61199233048632
2023-11-06 19:00:00,279.6651355241235,280.03225041385906,262.61848022005603,265.734130859375,1294046,242.13291290283203,182.92141578674315,270.76202697753905,5.369247569457944,260.02353183862317,281.50052211645493,48.974903324654754
2023-11-07 19:00:00,263.65392822249703,274.80816096284843,263.65392822249703,272.8785095214844,2287648,243.30010620117187,183.53606819152833,270.92816467285155,5.381351536672532,260.1654615995065,281.6908677461966,52.581015744364976
2023-11-09 19:00:00,272.0313336043061,280.5028976265855,271.3347919769317,277.32135009765625,2077004,244.59434509277344,184.19220832824706,271.03311614990236,5.48890120216128,260.0553137455798,282.01091855422493,55.61649508173714
2023-11-12 19:00:00,277.6790517739529,280.0228420356737,273.92333413033055,275.25054931640625,984807,245.94434265136718,184.8678907775879,271.20725402832034,5.5681103569678845,260.0710333143846,282.3434747422561,57.9758289171124
2023-11-13 19:00:00,275.25054163706176,277.58490979220676,269.74401925612796,275.909423828125,1128260,247.53467620849608,185.57909477233886,271.52870178222656,5.648172719230993,260.2323563437646,282.82504722068853,56.90773870833135
2023-11-14 19:00:00,276.7848031768032,293.53969101613546,272.97261096227896,288.8144226074219,4152913,249.33667419433593,186.34469398498535,272.62341461181643,6.726713693641435,259.16998722453354,286.0768419990993,65.90780093239356
2023-11-15 19:00:00,292.87139963597104,295.9776283375426,285.21874874898384,287.7696228027344,2986395,250.877529296875,187.09906295776366,273.67012176513674,7.376065062618942,258.91799163989884,288.42225189037464,67.21017049229387
2023-11-16 19:00:00,286.1600118750425,287.6566513155755,279.66512353308156,281.0676574707031,1207640,252.39568359375,187.83381706237793,274.22877349853513,7.4971843390745505,259.23440482038603,289.22314217668423,60.93945884792751
2023-11-19 19:00:00,280.50290450634793,285.491703062643,276.7377648485446,279.6463317871094,1075114,253.75650268554688,188.56809814453126,274.69188537597654,7.533177893204266,259.62552958956803,289.75824116238505,58.666503780882735
2023-11-20 19:00:00,280.5029449793323,284.7293056627908,278.62037487879985,279.1098327636719,1131307,255.1101773071289,189.28306770324707,275.3573745727539,7.290305743168991,260.7767630864159,289.9379860590919,47.72186833458235
2023-11-21 19:00:00,278.66736546374614,282.10307811122124,278.66736546374614,279.8533935546875,627158,256.451291809082,189.9805542755127,275.9536758422852,7.136711191993604,261.68025345829795,290.2270982262724,51.00010558739555
2023-11-22 19:00:00,280.5029194346002,291.23356228527297,280.5029194346002,286.3388977050781,2943804,257.9181719970703,190.65784713745117,276.9349655151367,7.148523467089004,262.6379185809587,291.2320124493147,58.6025243247298
2023-11-23 19:00:00,288.02376082151994,290.36757978419854,278.6203337497029,279.9193115234375,1188665,259.26813537597656,191.30353507995605,277.7148208618164,6.523590644869334,264.66763957207775,290.76200215155507,50.67765524026957
2023-11-26 19:00:00,280.52169983382197,282.3666388169449,276.54947662943107,277.93316650390625,730896,260.55937133789064,191.91930168151856,278.3713653564453,5.773261075468046,266.82484320550924,289.9178875073814,50.321793354125404
2023-11-27 19:00:00,277.67905345043226,293.68089720859274,277.67905345043226,292.6078186035156,3423952,262.11899993896486,192.6247119140625,279.65810241699216,5.9410811312824,267.77594015442736,291.54026467955697,69.98461773784976
2023-11-28 19:00:00,293.6809425011072,303.0373184160287,292.880844444658,295.375244140625,4154754,263.6801907348633,193.34221115112305,280.33629913330077,6.897084362270218,266.54213040876033,294.1304678578412,67.89460729219817
2023-11-29 19:00:00,297.02242839264073,297.91666050688883,291.7983088693066,293.40789794921875,972948,265.1754995727539,194.0500979614258,281.0709686279297,7.473699095693403,266.1235704365429,296.0183668193165,63.320321068043505
2023-11-30 19:00:00,293.68091777934296,299.328627736638,290.3958423464193,297.9731750488281,1232830,266.7373721313477,194.79286811828612,282.17415618896484,8.258870722359337,265.65641474424615,298.69189763368354,68.0688317959993
2023-12-03 19:00:00,298.38735545287335,307.4707502759281,298.38735545287335,302.1901550292969,2876293,268.4169320678711,195.55013442993163,283.33099670410155,9.347403558453921,264.6361895871937,302.0258038210094,69.77896413237255
2023-12-04 19:00:00,303.89382784991193,324.8562316894531,303.0937299604594,324.8562316894531,4340083,270.4642929077148,196.42736473083497,285.6978561401367,13.055813335093346,259.58622946995,311.8094828103234,73.65036758639361
2023-12-05 19:00:00,327.80244269529265,344.5102484608101,327.5671214873276,340.97100830078125,4332438,272.7692254638672,197.38176246643067,289.459700012207,17.186550144175143,255.08659972385672,323.8328003005573,79.14597572894908
2023-12-06 19:00:00,343.28660908615916,357.6882563378908,336.97998886569707,341.5828857421875,4687748,275.03673278808594,198.30533409118652,292.89491882324216,20.284877253063712,252.32516431711474,333.4646733293696,85.52320767473248
2023-12-07 19:00:00,342.2512417070619,344.9621471820865,336.98003980848523,338.86260986328125,2060895,277.0504656982422,199.234443359375,295.97198181152345,22.359708714667015,251.2525643821894,340.6913992408575,84.23856905152198
2023-12-10 19:00:00,320.9781620964675,331.1440278807824,318.1543072979648,319.933349609375,1847552,278.74477813720705,200.0828907775879,298.20612182617185,22.412539549715376,253.3810427267411,343.0312009256026,69.46410118442913
2023-12-11 19:00:00,316.3752766029127,331.3323085231796,316.3752766029127,324.34796142578125,1672797,280.3376208496094,200.97653945922852,300.6280487060547,22.49333830281082,255.64137210043305,345.61472531167635,70.4968914411162
2023-12-12 19:00:00,323.80201386705573,327.3788850880834,303.0937455383487,309.64508056640625,1150745,281.72130920410154,201.79425338745116,301.6695816040039,22.399605704367275,256.87037019526935,346.46879301273844,59.98062154803355
2023-12-13 19:00:00,310.6146102263626,318.860275547896,303.65852941083375,316.0928955078125,2106370,283.1573336791992,202.6459545135498,303.0857452392578,22.369877677671656,258.34598988391446,347.8255005946011,65.48720296517425
2023-12-14 19:00:00,318.0601774388586,319.0955966243801,308.84498977632285,314.5209655761719,725593,284.59938232421877,203.49952239990233,304.75841064453124,21.882255492059883,260.99389966041144,348.52292162865103,65.72030007990557
2023-12-17 19:00:00,317.2130154583988,323.3219453472464,312.4971688553426,314.5868225097656,624505,286.0346533203125,204.3604566192627,306.50543518066405,21.154529543127776,264.1963760944085,348.8144942669196,60.79917829992052
2023-12-18 19:00:00,312.7419539001382,319.4250834156127,291.05473857970253,296.8530578613281,1321479,286.9815863037109,205.110355758667,307.39259643554686,20.299956621566157,266.79268319241453,347.9925096786792,50.63301199722769
2023-12-19 19:00:00,296.97539326376335,302.15246034126164,286.1506166471761,298.18023681640625,1112279,287.58080810546875,205.86052612304687,308.30893859863284,19.38439789482655,269.54014280897974,347.07773438828593,52.05547333194882
2023-12-20 19:00:00,300.26987043502686,320.545154369049,298.57556917678437,319.2744140625,1433350,288.57518127441404,206.72575927734374,309.9557144165039,18.81022160051886,272.33527121546615,347.57615761754164,58.03108379055732
2023-12-21 19:00:00,323.90551267405783,327.97187007916824,308.2802073024434,310.94403076171875,1770255,289.2896154785156,207.53705924987793,311.50695037841797,17.43156378950617,276.6438227994056,346.37007795743034,53.20113373881823
2023-12-25 19:00:00,310.14394005106044,310.14394005106044,287.6190001930073,288.18377685546875,937219,289.61793518066406,208.22604164123535,312.0194808959961,16.51928158197189,278.9809177320523,345.05804405993985,36.598778226659945
2023-12-26 19:00:00,287.09191340746116,309.7957020945824,284.2680585214861,309.7392272949219,1151001,290.4231103515625,209.0522046661377,312.8760513305664,15.892002757172122,281.09204581622214,344.6600568449106,39.02343383822816
2023-12-27 19:00:00,318.9920849661799,318.9920849661799,308.7979524087704,311.75360107421875,1191487,291.31977905273436,209.88207489013672,313.6949691772461,15.355657956959666,282.98365326332674,344.40628509116544,39.618690151495834
2023-12-28 19:00:00,311.70650595599113,314.38917381301604,306.38825172496024,308.2425842285156,625921,292.1479211425781,210.70447494506837,314.43670349121095,14.666984480546917,285.1027345301171,343.7706724523048,39.40182494157233
2023-12-31 19:00:00,309.5886416052569,325.68462141453347,309.5886416052569,321.1947021484375,2710138,293.1739227294922,211.55600196838378,315.59777984619143,14.207020229700996,287.18373938678945,344.0118203055934,50.455421735600645
2024-01-01 19:00:00,322.8512993054714,322.86072134672565,312.5065874259852,313.9938049316406,849091,294.0461169433594,212.38147506713867,316.1879623413086,13.861706200670799,288.464549939967,343.9113747426502,46.33528138355131
2024-01-02 19:00:00,313.909070519075,319.00142492492694,307.8942753591363,312.39361572265625,1291773,294.97798828125,213.20302604675294,315.56483154296876,13.731031720377565,288.10276810221364,343.0268949837239,51.07226093905219
2024-01-03 19:00:00,312.5066036782802,321.6276571499613,310.8123022570663,319.03912353515625,1475957,296.0002233886719,214.05345672607422,314.4682373046875,12.407192139500964,289.6538530256855,339.28262158368943,51.147614879171286
2024-01-04 19:00:00,320.03689698007514,321.44882446675194,307.8472448548034,314.031494140625,1167944,296.94659118652345,214.84917694091797,313.0906677246094,10.642176629080435,291.8063144664485,334.37502098277025,49.81431111495994
2024-01-07 19:00:00,316.2717605336004,316.74240303439444,308.7414805208956,310.0310363769531,658171,297.86076782226564,215.62865997314452,311.64908905029296,8.75234676976462,294.14439551076373,329.1537825898222,48.3217888208589
2024-01-08 19:00:00,312.5066146259182,314.57745308060197,306.01175398275603,312.2618713378906,722733,298.80995971679687,216.434536819458,311.26551513671876,8.535596842708047,294.19432145130264,328.3367088221349,56.40803185613567
2024-01-09 19:00:00,313.33490114061664,317.448311282241,311.0946386324111,312.5912780761719,869160,299.72432373046877,217.2459602355957,310.6776809692383,7.973535576022939,294.73060981719243,326.62475212128413,56.043242197308075
2024-01-10 19:00:00,313.4478886791183,315.23632434084874,310.62403382615327,312.403076171875,347914,300.3361590576172,218.0540670013428,310.8155807495117,7.978584889978701,294.8584109695543,326.7727505294691,46.50586442456013
2024-01-11 19:00:00,314.38916974522243,321.4770441895508,312.13009163591306,313.184326171875,1064668,301.0255554199219,218.85935668945314,310.67015228271487,7.9034850245219745,294.8631822336709,326.47712233175884,51.23394742150205
2024-01-14 19:00:00,314.29501227248477,317.6365907956242,307.8472051693841,309.5038757324219,398061,301.6974444580078,219.64763359069823,310.41929779052737,7.854295886461715,294.7107060176039,326.1278895634508,64.8680318703597
2024-01-15 19:00:00,310.2098772411702,317.21303982497955,304.08210279890255,315.7164001464844,1145677,302.43070556640623,220.46858673095704,310.4757766723633,7.889822049130116,294.69613257410305,326.2554207706235,55.303156658919235
2024-01-16 19:00:00,315.33044371483794,316.7423710747551,303.07492457202164,305.9081726074219,794104,302.9984881591797,221.23534423828124,310.928532409668,7.305085940299825,296.31836052906834,325.5387042902676,45.44384581534472
2024-01-17 19:00:00,306.8588625930872,306.8588625930872,294.7162937141518,303.451416015625,726625,303.75283386230467,222.0032646179199,311.1920913696289,6.90507172049166,297.38194792864556,325.0022348106122,46.203177879920425
2024-01-18 19:00:00,304.9763391833415,307.80019417577984,298.8579866997251,300.0157775878906,288134,304.2955792236328,222.7577269744873,310.2291595458984,7.059750962994874,296.10965761990866,324.3486614718882,30.23541802063403
2024-01-21 19:00:00,297.4554647051029,305.91760716965223,294.85750906428785,304.195068359375,383354,304.8330535888672,223.53581993103026,309.89171142578124,7.1839857741012185,295.5237398775788,324.2596829739837,40.30909719786724
2024-01-22 19:00:00,305.8987895720452,316.8835687149489,300.74053776919874,312.7513427734375,1377177,305.5830694580078,224.3465196990967,311.1200897216797,5.064573467914447,300.9909427858508,321.24923665750856,50.31099965615462
2024-01-23 19:00:00,311.7536130339665,316.50709093918863,311.5653445379076,313.2220153808594,818929,306.3293212890625,225.1530735015869,311.2942291259766,5.074461359119127,301.1453064077383,321.44315184421487,44.33445822838838
2024-01-24 19:00:00,314.3891622115371,314.3891622115371,306.858882877129,307.64013671875,331945,306.7058355712891,225.93346603393556,311.08855590820315,5.137828452311234,300.8128990035807,321.3642128128256,43.844030268399244
2024-01-25 19:00:00,309.67332840418635,312.73250451041565,303.658532474245,305.69171142578125,684037,307.06427734375,226.69882751464843,310.9610122680664,5.242786376814251,300.4754395144379,321.4465850216949,45.64847622760828
2024-01-28 19:00:00,305.7010828020878,307.70602421008874,300.74052178249565,302.4065856933594,611300,307.4910559082031,227.44937690734864,310.0216064453125,4.98972370463439,300.0421590360437,320.0010538545813,40.321658353083336
2024-01-29 19:00:00,303.1408190230509,305.44697873491947,282.39491856130616,290.4334716796875,896913,307.7067987060547,228.13902976989746,308.84358978271484,6.542217988441788,295.75915380583126,321.9280257595984,32.29014169018413
2024-01-30 19:00:00,289.06860477592716,298.01081151898285,289.06860477592716,292.4854736328125,531076,307.9743115234375,228.83490867614745,307.84818267822266,7.4281834631549355,292.9918157519128,322.70454960453253,34.54121521501037
2024-01-31 19:00:00,293.6809276199179,308.60969431890885,288.9745024978038,305.24932861328125,1104918,308.4822302246094,229.5895867919922,307.15869293212893,6.959995631696954,293.238701668735,321.07868419552284,44.80722667312134
2024-02-01 19:00:00,308.6002679522732,308.7414549456682,302.24659471787305,303.91265869140625,336245,308.8337054443359,230.34300498962403,306.65275115966796,6.80004274355599,293.052665672556,320.25283664677994,46.22523449478802
2024-02-05 19:00:00,302.1618934448302,320.9781705558538,298.38733157245065,317.118896484375,2981481,309.5776971435547,231.16223037719726,307.00714416503905,7.1605150648062565,292.68611403542656,321.32817429465155,50.86515990501445
2024-02-06 19:00:00,320.02746863765697,325.59046627273534,314.3891808440962,315.829345703125,1404860,310.33562072753904,231.97388740539552,307.1855178833008,7.340476402592052,292.5045650781167,321.8664706884849,56.83884042824874
2024-02-08 19:00:00,310.1533986368866,310.2475328793443,298.38733647312006,303.6961975097656,921106,310.55738830566406,232.72398231506347,306.74076385498046,7.264789898129735,292.21118405872096,321.27034365123995,50.14887233060831
2024-02-11 19:00:00,296.6553859428604,301.098252320282,280.92652153555207,287.1013488769531,927324,310.3919104003906,233.38688957214356,305.4756774902344,8.348974858959247,288.77772777231587,322.1736272081529,43.229379991808315
2024-02-12 19:00:00,283.32676513669253,294.0574076392472,269.3392848056731,283.1479187011719,1856969,310.1867108154297,234.0320467376709,303.9738571166992,9.51010128363076,284.9536545494377,322.9940596839607,38.939461830909075
2024-02-13 19:00:00,284.26803974066763,298.38731323772066,284.26803974066763,295.6575927734375,1232015,310.14039916992186,234.740290145874,303.28154296875,9.589993884036055,284.10155520067786,322.4615307368221,41.37538555534752
2024-02-14 19:00:00,298.8836336697515,298.8836336697515,285.70427478133536,288.3041076660156,776438,309.86267822265626,235.4112282562256,301.9109283447266,9.677749514074725,282.55542931657715,321.266427372876,38.24421216309606
2024-02-15 19:00:00,280.39081041789626,289.77479259728557,275.1627096682145,277.63916015625,549164,308.9183367919922,236.01875663757323,300.49747772216796,11.032730714935944,278.43201629229605,322.56293915203986,36.49389645767582
2024-02-18 19:00:00,274.20437889585276,283.7022459614164,270.5228869239626,282.7249450683594,707887,307.75341552734375,236.63777420043945,299.4611541748047,11.69426226635198,276.0726296421007,322.84967870750864,39.94466307890588
2024-02-19 19:00:00,282.7534122622723,289.38577330404917,279.4324829236215,281.0644836425781,880083,306.54304748535156,237.2631463623047,298.5135894775391,12.393826841067831,273.7259357954034,323.30124315967475,40.52112672238292
2024-02-20 19:00:00,289.39529165517627,296.037150807918,286.1787202522258,294.52850341796875,994568,305.6563653564453,237.9433780670166,298.03026123046874,12.349007026542223,273.3322471773843,322.72827528355316,51.79499403924893
2024-02-21 19:00:00,294.8985118453952,298.88363860933526,292.7161984475553,293.75042724609375,1150265,305.13270690917966,238.64302688598633,297.08021545410156,11.878810222819327,273.3225950084629,320.83783589974024,50.560735273427774
2024-02-22 19:00:00,294.09202106383236,298.8931336625662,291.2929405090321,297.3085632324219,728846,304.5919189453125,239.3702825164795,296.2845428466797,11.257393018189648,273.7697568103004,318.799328883059,46.16715772244002
2024-02-25 19:00:00,300.2119929473383,315.9247298821405,300.2119929473383,307.7837219238281,1747789,304.55469177246096,240.15237899780274,296.2917221069336,11.26505923122954,273.7616036444745,318.8218405693927,51.7170086281555
2024-02-26 19:00:00,309.7762995532978,314.06503216650356,304.71898236668216,307.9260559082031,1029634,304.39135498046875,240.93003265380858,296.4034393310547,11.373741548017051,273.6559562350206,319.1509224270888,45.388039962532446
2024-02-27 19:00:00,303.7321788188304,324.92922152973057,303.7321788188304,318.0311584472656,3691405,304.4615588378906,241.75736022949218,297.18466796875,12.306164572997071,272.57233882275585,321.7969971147441,51.014860349623184
2024-02-28 19:00:00,319.74852899234395,330.176265930727,318.80918975280736,323.99932861328125,1902180,304.6498089599609,242.62228286743164,298.8629608154297,13.561761413349545,271.7394379887306,325.9864836421288,59.92200710311629
2024-02-29 19:00:00,322.60455046828605,336.8371041654163,322.60455046828605,332.4250183105469,2852208,305.36124816894534,243.532247467041,300.8599380493164,15.390508146440943,270.0789217564345,331.64095434219826,74.07133915043667
2024-03-03 19:00:00,333.9905989880464,339.67412292643115,332.6906970283868,337.7100524902344,1609128,306.1518444824219,244.46464805603028,302.48297424316405,17.451385609537404,267.58020302408926,337.38574546223884,78.57372081724499
2024-03-04 19:00:00,339.68364142475866,358.1385324086703,329.7208530589487,353.5556335449219,4707225,306.8374688720703,245.47385612487793,304.96512298583986,20.862479058775676,263.2401648682885,346.6900811033912,79.29707514598327
2024-03-05 19:00:00,350.1208662215133,361.41202115665646,346.9897155857555,349.37127685546875,5245173,307.6060137939453,246.4680140686035,306.5777420043945,22.989470251375426,260.59880150164366,352.55668250714535,81.92458579622051
2024-03-06 19:00:00,351.0696890387702,351.0696890387702,343.0045745608525,348.299072265625,1486721,308.8083197021484,247.45250816345214,308.2012283325195,24.7558203437567,258.6895876450061,357.71286902003294,91.05742120587725
2024-03-07 19:00:00,348.2231745237131,358.66038138954644,347.41665729283915,353.87823486328125,3184961,309.69109985351565,248.46480834960937,310.7103302001953,26.738838257844957,257.2326536845054,364.1880067158852,91.1084021514484
2024-03-10 19:00:00,352.91990698497943,359.7989747136207,350.5952449286807,352.0090026855469,2647668,310.4962078857422,249.4678968811035,313.955712890625,27.6461571803665,258.663398529892,369.24802725135805,90.88914826689293
2024-03-11 19:00:00,352.96735351611073,352.96735351611073,326.8743367911294,328.923828125,1162940,310.9098327636719,250.3520185852051,316.24450836181643,26.844623814070275,262.5552607336759,369.933755989957,67.8448202702754
2024-03-12 19:00:00,332.0929097953752,338.2603495487179,314.065008977912,320.3178405761719,1141236,310.89229553222657,251.20010261535646,317.47752075195314,26.41212568166861,264.6532693886159,370.30177211529036,62.74811691071145
2024-03-13 19:00:00,327.3487560591387,344.34242973973613,325.4985123771914,343.54541015625,1801268,311.48332763671874,252.16333839416504,320.23958587646484,26.08717574567809,268.0652343851087,372.413937367821,68.66334220005582
2024-03-14 19:00:00,344.90223606266454,347.0655831801326,336.50502314857715,339.06689453125,914146,312.0167932128906,253.10494354248047,323.3109725952148,24.367015001354872,274.5769425925051,372.04500259792457,63.26973806336261
2024-03-17 19:00:00,339.778519315224,341.57180610262225,333.99060809953073,337.1312561035156,1051127,312.37863586425783,254.0353913116455,326.03128814697266,22.568083253807934,280.8951216393568,371.16745465458854,62.20265312544788
2024-03-18 19:00:00,336.8371280062339,343.00456837817904,335.8882910259347,339.3420715332031,965458,312.88484741210937,255.00199356079102,328.9451675415039,20.08193589662457,288.78129574825476,369.10903933475305,59.533110794516
2024-03-19 19:00:00,341.2018036068397,349.17202891028944,340.64199323088616,343.2322998046875,1787042,313.5488726806641,255.98768844604493,331.38035736083987,18.58608878132162,294.2081797981966,368.5525349234831,58.7665517130098
2024-03-20 19:00:00,346.24009746277846,352.0090134207605,337.7954543364961,343.2702331542969,1915337,314.1690399169922,256.9600366973877,333.85634765625,16.489483370414163,300.87738091542167,366.8353143970784,55.35262537345895
2024-03-21 19:00:00,345.37665046008357,348.0333823426788,340.86967493896987,345.7372131347656,851420,314.83195861816404,257.94870903015135,336.2777801513672,14.242829934465426,307.7921202824364,364.76344002029805,54.075140210082736
2024-03-25 19:00:00,345.3671388312547,347.2743102931122,342.7388710054558,344.0577392578125,531137,315.4650518798828,258.9258913421631,338.0914810180664,12.643142678618725,312.805195660829,363.37776637530385,44.3681655239305
2024-03-26 19:00:00,343.4789740841006,348.00491588743887,342.53013713911696,344.44677734375,516521,316.0903009033203,259.90923194885255,339.9175170898437,10.515354296571767,318.8868084967002,360.94822568298724,46.94236643246398
2024-03-27 19:00:00,343.6782255528958,359.6092061438947,343.6782255528958,357.69256591796875,2178109,317.05407470703125,260.9453997802734,341.9005874633789,9.89196683052795,322.11665380232296,361.6845211244348,55.066525241272515
2024-03-28 19:00:00,359.60919900596986,368.6136522691838,358.6603620692787,365.0934753417969,1792032,318.0416162109375,261.9829833221436,343.9552947998047,10.23972574340923,323.4758433129862,364.4347462866231,55.93252788926236
2024-03-31 19:00:00,369.0026701643278,377.63709187533135,366.2036186409847,368.3764343261719,1035396,319.2909814453125,263.0538348388672,345.75286560058595,11.217953765177855,323.3169580702302,368.1887731309417,58.53030094819294
2024-04-01 19:00:00,368.3859564729183,375.7394430477157,364.5431782969584,369.353759765625,818861,320.6090283203125,264.1415853881836,347.33505096435545,12.211419157645517,322.91221264906443,371.75788927964646,77.38073290967306
2024-04-02 19:00:00,367.2094286404382,374.790627252289,367.2094286404382,371.6689453125,895657,322.0420916748047,265.23728111267087,348.2407165527344,13.31855563999278,321.60360527274884,374.87782783271996,88.01625053036537
2024-04-03 19:00:00,374.6957461557966,388.0743543842459,372.0959418985247,376.5459899902344,2889044,323.4891101074219,266.34790466308596,349.59945220947264,14.74927589382611,320.1009004218204,379.09800399712486,83.54546847691412
2024-04-07 19:00:00,378.56699671676563,383.22578986191087,373.822811716358,377.8648376464844,1732942,324.7913800048828,267.4755660247803,351.07774047851564,16.037482330020218,319.0027758184752,383.1527051385561,92.14586961984445
2024-04-08 19:00:00,377.7319960533188,380.48361742048013,368.1487370552277,374.61981201171875,752878,326.0193359375,268.5840887451172,352.1148193359375,16.876785149045244,318.361249037847,385.868389634028,89.59705561719413
2024-04-14 19:00:00,370.05590269480314,383.2352326793094,370.05590269480314,379.51580810546875,1565552,327.45684936523435,269.7187050628662,353.4901596069336,17.954127854849958,317.5819038972337,389.39841531663353,90.15547739827775
2024-04-15 19:00:00,381.9068887690535,384.2600149302998,372.71265601237775,374.6387939453125,1468933,328.835791015625,270.82270606994626,355.7759078979492,17.56780940787699,320.64028908219524,390.91152671370315,80.78493311316916
2024-04-16 19:00:00,374.7905936847291,381.8594405151892,370.56825769238094,371.9156188964844,1550771,330.2259716796875,271.930258102417,358.35579681396484,15.784785841168178,326.7862251316285,389.9253684963012,76.67428259646371
2024-04-17 19:00:00,372.9972722532532,384.2789572680772,369.2209197977506,380.123046875,1897313,332.01976318359374,273.0884392547607,360.18467864990237,16.094456816019374,327.9957650178636,392.3735922819411,78.9271570308276
2024-04-18 19:00:00,379.5253074689941,400.64642863907983,373.84178302853155,397.4488525390625,6915581,334.11903076171876,274.3460237121582,363.103776550293,17.311137975865886,328.48150059856124,397.72605250202474,85.55541826269615
2024-04-21 19:00:00,393.767346125063,401.34854431820764,379.5347914458439,388.82391357421875,4430109,335.7905224609375,275.5577044677734,365.68840942382815,17.086747019904333,331.5149153840195,399.8619034636368,76.63135964157229
2024-04-22 19:00:00,390.4464003491722,391.8696557574924,386.17663412421166,388.9662170410156,1482571,337.49159362792966,276.76144607543944,368.16961669921875,16.657194695052493,334.8552273091138,401.4840060893237,72.27025201552001
2024-04-23 19:00:00,389.02315418909524,390.44640963125045,379.53478457472704,386.3284606933594,1126197,338.8757849121094,277.91744094848633,370.32442474365234,16.03744049372724,338.24954375619785,402.39930573110684,66.22209622640453
2024-04-24 19:00:00,386.1766361985082,395.66500563827503,384.2789623105549,384.76287841796875,2203105,340.25445556640625,279.07197273254394,372.39905700683596,15.003943579167549,342.39116984850085,402.40694416517107,62.855454633820735
2024-04-25 19:00:00,381.90685862861,391.8696462450085,380.9580217127625,386.43280029296875,1242101,341.9091876220703,280.17716796875,374.43383636474607,13.918056478933618,346.59772340687886,402.2699493226133,63.254768103255536
2024-04-28 19:00:00,385.2373317096262,387.6283906003292,374.88551624044726,376.51751708984375,1417724,343.6975109863281,281.1707530212402,376.0568252563477,11.941714189596086,352.1733968771555,399.9402536355399,53.36584253895512
2024-04-29 19:00:00,374.45850950825525,382.3813041066696,370.2362023080967,372.38055419921875,1214754,345.48216369628904,282.1105296325684,377.4535140991211,9.416646132506784,358.6202218341075,396.2868063641347,47.07836505057363
2024-05-01 19:00:00,375.71097315264825,375.71097315264825,360.5485480695497,364.3533935546875,1151309,346.85607971191405,283.03854301452634,377.786555480957,8.777036477837315,360.23248252528236,395.3406284366317,41.338190935701455
2024-05-02 19:00:00,364.35339223037647,376.5933832093745,363.4045552714432,371.7068786621094,1604495,348.5241351318359,283.99077346801755,378.11722564697266,8.389694019140052,361.33783760869255,394.89661368525276,48.22604535849491
2024-05-05 19:00:00,371.94407007431636,381.8783937164372,371.94407007431636,375.5686340332031,1461008,350.482724609375,284.9118878173828,378.4768356323242,8.099312075362677,362.2782114815988,394.6754597830496,47.565533765864664
2024-05-06 19:00:00,376.6787669393395,380.4836123286113,371.94407988233326,372.96881103515625,1273855,352.28760192871096,285.82556091308595,378.65758819580077,7.923425155487376,362.81073788482604,394.5044385067755,48.94025027151221
2024-05-07 19:00:00,374.31616176630934,378.5859278701075,365.40656926407223,369.1449890136719,695383,354.0492120361328,286.7281829071045,378.53139038085936,8.059523800015139,362.4123427808291,394.65043798088965,48.266016069356304
2024-05-08 19:00:00,373.74686777107985,373.84175725705626,367.1998986255857,368.6421203613281,331770,355.531484375,287.6281113433838,378.1361968994141,8.350527379594393,361.4351421402253,394.83725165860284,42.04783974560325
2024-05-09 19:00:00,371.9251238129864,373.386311890021,365.7861474936962,366.57366943359375,524270,356.98794921875,288.52944091796877,377.5716384887695,8.742331148837792,360.0869761910939,395.0563007864451,22.883259375840936
2024-05-12 19:00:00,366.5736804197588,374.7906122543069,364.35340533076925,370.5588073730469,660740,358.4529541015625,289.4546854400635,377.36858825683595,8.860856134162292,359.64687598851134,395.09030052516056,32.5349047447575
2024-05-13 19:00:00,373.83226182408475,378.58594422431577,370.26465457123845,373.5286560058594,626459,359.7678527832031,290.40567085266116,377.0692306518555,8.885597110749496,359.2980364303565,394.8404248733545,35.995862913611745
2024-05-14 19:00:00,376.5459586274402,376.5459586274402,368.1487456228932,369.1545104980469,709765,360.992421875,291.34433265686033,376.7950164794922,9.047694642570336,358.6996271943515,394.8904057646329,34.89651100375738
2024-05-15 19:00:00,369.09761731492733,370.9952914399398,363.4045949398899,365.15045166015625,339547,361.9348077392578,292.24172843933104,376.4567581176758,9.360762967190546,357.7352321832947,395.1782840520569,33.46135475556177
2024-05-16 19:00:00,363.9264145657613,373.7943423896806,363.87898429892215,372.2572021484375,953299,362.89996520996095,293.1776162719727,376.06346588134767,9.363857742613478,357.3357503961207,394.7911813665746,39.050134414051854
2024-05-19 19:00:00,376.2138514115265,376.2138514115265,367.24733063399015,371.9535827636719,501100,363.69053649902344,294.0867959594727,374.7887023925781,7.924016599616977,358.94066919334415,390.63673559181206,45.85984298791376
2024-05-20 19:00:00,373.65200849030447,374.69573500800635,365.40661243477143,366.421875,253611,364.26477294921875,294.9633867645264,373.66860046386716,7.40175947588772,358.8650815120917,388.4721194156426,44.728011465563895
2024-05-21 19:00:00,368.1297493261726,372.03895270461345,356.28825444012097,358.48956298828125,985370,364.36345153808594,295.7453190612793,372.14476776123047,7.221603580012844,357.7015606012048,386.58797492125615,44.803207446538046
2024-05-22 19:00:00,359.13478838881474,361.50688078240006,354.931447616871,357.7304992675781,483713,364.53063598632815,296.4815026092529,370.7148696899414,7.09551907599676,356.5238315379479,384.9059078419349,35.97407099788559
2024-05-23 19:00:00,357.71152265434034,368.3859381181635,357.71152265434034,365.66278076171875,920843,364.87791015625,297.2230585479736,369.7598648071289,6.351617261896627,357.05663028333566,382.46309933092215,40.80985506753983
2024-05-26 19:00:00,366.48825650756527,371.3747608030919,365.30221037000035,367.247314453125,924757,365.1452917480469,297.91579238891603,368.8005905151367,5.007572072748798,358.78544636963915,378.8157346606343,44.58996979326218
2024-05-28 19:00:00,366.2510545271656,368.2625841832857,359.8464052575843,361.098876953125,439883,365.32708923339845,298.58396949768064,368.02965850830077,4.943461902565709,358.14273470316937,377.9165823134322,42.71227967951776
2024-05-29 19:00:00,358.72679578828536,363.4045550434016,354.81759215292635,361.1653137207031,653757,365.9719189453125,299.21316970825194,367.468896484375,5.058699391618477,357.35149770113804,377.586295267612,43.173958736162646
2024-05-30 19:00:00,361.5068662140793,364.34387933649293,358.9070623214649,360.25439453125,756209,366.77065002441407,299.8432388305664,367.2639465332031,5.270178971481659,356.7235885902398,377.80430447616646,44.106171456416355
2024-06-02 19:00:00,361.98129692120136,365.3022262507536,357.8064201267196,358.6224060058594,613522,367.07218994140624,300.5459623718262,366.60972290039064,5.496876371303662,355.6159701577833,377.603475642998,38.356117078282416
2024-06-03 19:00:00,357.7399962539991,362.93013555999414,354.1249297692313,355.83282470703125,593786,367.4075085449219,301.2294041442871,365.62293243408203,5.574857489247487,354.4732174555871,376.772647412577,32.6769049498313
2024-06-04 19:00:00,353.7264164441068,357.7020457279623,351.0696844684499,351.3353576660156,302779,367.69159057617185,301.8944822692871,364.541259765625,6.1442066404932945,352.25284648463844,376.82967304661156,32.5981972874672
2024-06-05 19:00:00,352.4929437023546,355.7664429181433,339.68364426767954,342.7673645019531,776951,367.76009643554687,302.5194096374512,363.2223785400391,7.730300830942336,347.7617768781544,378.6829802019237,29.930195458189786
2024-06-06 19:00:00,343.46001461099723,345.6043664591551,329.2464264677794,336.4006652832031,561642,367.6234637451172,303.1185994720459,361.6103057861328,9.661231797744398,342.287842190644,380.9327693816216,17.416798160837942
2024-06-09 19:00:00,335.98318092505167,342.5301503058614,332.576859636367,335.7459716796875,283163,367.472978515625,303.7248248291016,360.0689208984375,11.169177630231802,337.7305656379739,382.40727615890114,17.306374927734865
2024-06-10 19:00:00,341.57178169684835,341.57178169684835,327.34872602621624,328.47784423828125,428515,367.12779113769534,304.2299415588379,357.9648727416992,12.916081537040071,332.13270966761905,383.79703581577934,16.780182515958657
2024-06-11 19:00:00,328.4209456361599,335.8882879701877,327.4151807626892,330.9827880859375,245814,366.8662921142578,304.7660048675537,355.83757934570315,13.697814044164682,328.4419512573738,383.2332074340325,23.389038672519447
2024-06-12 19:00:00,332.0929471933949,353.44177951297024,332.0929471933949,350.76605224609375,995605,366.9926776123047,305.42559188842773,354.9181564331055,13.370125858840318,328.17790471542486,381.6584081507861,45.07516166804564
2024-06-13 19:00:00,350.5952645367541,350.5952645367541,340.6324762346271,342.9761047363281,664743,366.6983483886719,306.04842552185056,353.80943908691404,13.396332361750932,327.0167743634122,380.6021038104159,33.924987296061246
2024-06-19 19:00:00,346.27808337520196,348.11882951764153,339.7121184305915,340.2909240722656,322909,366.2022973632813,306.6528131103516,352.2111251831055,12.979966007798277,326.2511931675089,378.17105719870204,31.192957070544693
2024-06-20 19:00:00,340.7842844199465,352.4739626614642,340.7842844199465,346.5437316894531,805781,365.76564331054686,307.287568359375,350.94063262939454,12.16375661506253,326.61311939926946,375.2681458595196,39.859875216911924
2024-06-23 19:00:00,351.0696684570785,351.53458929256294,341.59079667472315,342.8337707519531,515480,365.23524353027346,307.93250465393066,349.7612274169922,11.71911379773431,326.3229998215236,373.1994550124608,37.84599247638348
2024-06-24 19:00:00,344.4278276986647,344.4278276986647,341.1068982304958,341.63824462890625,281091,364.63462951660154,308.5681016540527,348.9186614990234,11.66419532020223,325.59027085861896,372.24705213942786,37.70370065769581
2024-06-25 19:00:00,345.8510650999846,345.8510650999846,333.51618486322246,334.67376708984375,510172,363.79718505859375,309.17842346191406,347.76582489013674,11.884761326173901,323.99630223778894,371.53534754248454,35.22248497578161
2024-06-26 19:00:00,335.88831414198427,336.7232953751046,331.14412891399013,334.01910400390625,301006,362.9202703857422,309.809765625,346.1836410522461,11.47608193624127,323.2314771797636,369.13580492472863,36.17560504646349
2024-06-27 19:00:00,332.5673641757706,338.0706071217314,330.2521996093771,333.6015930175781,410379,362.0999060058594,310.4958098602295,344.50135498046876,10.663110394945186,323.1751341905784,365.82757577035915,38.14838201246225
2024-06-30 19:00:00,333.69645150636563,337.5487270018937,330.3850199930492,333.88623046875,180202,361.187314453125,311.1716683959961,343.14072265625,10.157997287419567,322.82472808141085,363.4567172310891,43.32571148116975
2024-07-01 19:00:00,334.9299542064578,335.88828881624164,324.0278266405269,326.9028015136719,1024218,360.2325946044922,311.7525480651855,341.42759704589844,9.842446961979386,321.74270312193966,361.1124909698572,42.92778765502121
2024-07-02 19:00:00,327.3487299021125,332.9468618106469,325.4510561055785,327.7851867675781,1168787,359.34998596191406,312.36567428588864,339.8041366577148,9.232539890590846,321.3390568765331,358.26921643889654,44.09234511200037
2024-07-03 19:00:00,330.10037433265956,335.7933961226665,326.4473462261639,331.87469482421875,983347,358.38501892089846,312.96702087402343,338.4667510986328,8.247911530404757,321.9709280378233,354.96257415944234,52.64559470025403
2024-07-04 19:00:00,333.04177992708736,344.1906144403161,331.87470001763836,338.089599609375,1984044,357.19783386230466,313.60033836364744,337.57958984375,7.164802404755063,323.2499850342399,351.9091946532601,55.232660559693976
2024-07-07 19:00:00,341.5812750899343,361.6966284277118,336.8465883484228,358.01513671875,2676319,356.5816583251953,314.3264257049561,337.91357879638673,7.952202382045134,322.00917403229647,353.817983560477,55.32625551711797
2024-07-08 19:00:00,362.4557105265639,366.7254767500444,351.1740254282114,353.17608642578125,2465457,355.8658557128906,315.02733169555665,338.43401489257815,8.600736690088588,321.232541512401,355.6354882727553,57.83413799941214
2024-07-09 19:00:00,351.0792028213946,355.57668112993997,345.37668293875424,346.5816955566406,1027020,355.07092041015625,315.69813446044924,338.94306640625,8.77360959543976,321.3958472153705,356.4902855971295,54.55794947994056
2024-07-10 19:00:00,346.325516693987,352.8724864238098,344.4278426299104,349.49462890625,797315,354.36555541992186,316.37875076293943,339.6304992675781,9.044367421523502,321.5417644245311,357.7192341106251,52.24679913320652
2024-07-11 19:00:00,349.4946154658659,351.05072203754605,335.8882964244345,344.01983642578125,596486,353.5172961425781,317.0257180023193,340.4075988769531,8.696696134567087,323.01420660781895,357.80099114608726,50.8794303581215
2024-07-14 19:00:00,351.06967435426435,351.06967435426435,340.67989808481116,341.53387451171875,737151,352.81762329101565,317.6468088531494,340.9351531982422,8.410185293045167,324.1147826121518,357.7555237843325,49.924065944508634
2024-07-17 19:00:00,341.590822540373,346.36347156064795,338.8297033559854,342.75787353515625,896331,352.22516967773436,318.2673859405518,340.5347442626953,8.102508720104224,324.32972682248686,356.73976170290376,56.41761755941565
2024-07-18 19:00:00,346.3254868895379,346.3254868895379,332.55785347350496,333.94317626953125,724454,351.61696533203127,318.8377040863037,340.08309783935545,8.210298864487516,323.6625001103804,356.5036955683305,49.946637795025644
2024-07-21 19:00:00,333.5161809396925,334.84454685062946,321.69368089804567,326.5991516113281,740165,350.7148107910156,319.3796390533447,339.3985092163086,8.74543948497253,321.9076302463635,356.88938818625365,45.51529470261582
2024-07-22 19:00:00,329.2654159334038,333.0323001031207,326.41890484161394,329.3413391113281,456728,349.79026489257814,319.913904800415,338.5383895874023,8.851012058487033,320.83636547042823,356.2404137043764,47.17806069953974
2024-07-23 19:00:00,330.1952652965743,333.5161946889249,327.4531125564829,328.76251220703125,383084,348.9061389160156,320.42909545898436,337.83482666015624,9.048656015603187,319.73751462894984,355.93213869136264,51.25447276077879
2024-07-24 19:00:00,333.99059505438527,345.28174858458516,329.3412999485623,331.69439697265625,1596734,348.1571270751953,320.9465298461914,337.33763427734374,9.10170666840795,319.1342209405278,355.54104761415965,52.56601791567159
2024-07-25 19:00:00,330.1952916594176,333.0323051579758,324.5022693894276,327.880126953125,593522,347.3418872070313,321.3950506591797,336.9979522705078,9.33025864242599,318.3374349856558,355.65846955535983,47.36844433150194
2024-07-28 19:00:00,328.20270606999725,333.87676164291685,326.39992159660613,331.5046691894531,946569,346.64050720214846,321.87648536682127,336.87223052978516,9.389264034966768,318.0937024598516,355.6507585997187,45.50866794303549
2024-07-29 19:00:00,333.80084481051176,333.990623792877,325.69779768400605,326.6086730957031,361499,345.7615045166016,322.2859996032715,336.52258453369143,9.644212331109141,317.23415987147314,355.8110091959097,23.054409760169335
2024-07-30 19:00:00,328.29757849274694,331.9031472520927,318.8092091721473,321.58929443359375,603324,344.72271728515625,322.69164276123047,335.9077377319336,10.197259324595949,315.51321908274167,356.3022563811255,22.983292509506427
2024-07-31 19:00:00,322.6519926684783,324.88176528809686,319.29313072015646,322.95562744140625,266250,343.7987396240234,323.08496253967286,335.7103790283203,10.416553456810693,314.8772721146989,356.5434859419417,27.807491536404214
2024-08-01 19:00:00,323.55339015960607,354.390590101504,323.0789716989615,351.6484375,4956835,343.5286993408203,323.63111206054685,336.9035415649414,10.81988284583517,315.2637758732711,358.54330725661174,51.363002560844194
2024-08-04 19:00:00,348.2136434229195,350.1113172161504,331.14407691879285,336.3911437988281,2407903,342.81137817382813,324.0989514160156,337.1293640136719,10.756346394757891,315.6166712241561,358.64205680318764,45.70418790854784
2024-08-05 19:00:00,337.77643857179413,343.0045391537888,331.97905901508847,332.95635986328125,616326,342.0314337158203,324.516201171875,336.87270202636716,10.793407274427858,315.28588747751144,358.4595165752229,45.22096255433352
2024-08-06 19:00:00,333.9906154244796,342.9096772042329,331.61852298538525,336.0306091308594,1898955,341.4236083984375,324.8552584838867,335.77347564697266,9.577923558897524,316.61762852917764,354.9293227647677,46.327562762743554
2024-08-07 19:00:00,334.93945700516707,341.5813159259494,332.6622540235688,339.41796875,1067820,341.04217651367185,325.2045695495606,335.08556976318357,8.71768605302148,317.6501976571406,352.52094186922653,53.17696269063759
2024-08-08 19:00:00,341.57179325833306,342.4352383295029,332.1403519654992,335.12921142578125,600207,340.59015075683595,325.50410400390626,334.5129455566406,8.288374797710706,317.9361959612192,351.089695152062,55.13187101701792
2024-08-11 19:00:00,336.83711021292834,340.6324579336374,327.3487409111557,330.5178527832031,842029,339.88725219726564,325.797854309082,333.5641067504883,7.535006051191538,318.4940946481052,348.6341188528714,50.692247304236155
2024-08-12 19:00:00,330.3850327489383,332.06446370168493,327.3487429707851,328.37347412109375,259319,339.109775390625,326.0923193359375,332.7817886352539,7.196965585067988,318.3878574651179,347.1757198053899,49.7752352554116
2024-08-14 19:00:00,330.19527332049415,335.8882952742958,327.4436518340648,329.5595397949219,641927,338.47898864746094,326.405516204834,332.1830718994141,6.923433149076539,318.336205601261,346.02993819756716,48.74120390247484
2024-08-15 19:00:00,331.9885615887671,335.6415605410565,326.30500878625026,327.8990478515625,1078215,337.8136633300781,326.71083404541014,331.44013061523435,6.514081113037448,318.4119683891595,344.4682928413092,50.011447258418535
2024-08-18 19:00:00,328.29758775792163,331.6185171138544,324.74894679785376,325.85906982421875,266190,337.1257568359375,326.99065628051756,331.0359252929687,6.600825966466322,317.8342733600361,344.23757722590136,46.517608763664995
2024-08-19 19:00:00,326.5517185811263,331.5236147868906,325.4605619119642,327.7757263183594,203212,336.5088232421875,327.27761444091794,331.0947540283203,6.564345021248582,317.96606398582315,344.2234440708175,50.74734553777533
2024-08-20 19:00:00,330.19528162614563,337.7859777554823,329.24644460997854,331.931640625,512858,336.0307995605469,327.6082723999023,331.2242691040039,6.553473638219086,318.1173218275657,344.3312163804421,56.696985410010484
2024-08-21 19:00:00,339.20921960699997,346.2780666749991,335.93572045068754,343.42205810546875,2138184,335.8725335693359,327.9857458496094,331.9572463989258,7.063594630650287,317.8300571376252,346.0844356602264,61.716458640085484
2024-08-22 19:00:00,341.5813162470102,341.5813162470102,332.0929463512599,333.4403076171875,764651,335.6859924316406,328.3193818664551,332.04454193115237,7.070959823085768,317.90262228498085,346.1864615773239,36.73446428174401
2024-08-25 19:00:00,333.4307928278734,334.8445506036228,327.8231630332261,329.5025939941406,188731,335.5480310058594,328.64528381347657,332.12566528320315,7.029855545474271,318.0659541922546,346.1853763741517,43.990084827442985
2024-08-26 19:00:00,329.2653824501446,333.95263922113764,327.1589632981752,331.3243713378906,763626,335.45959899902346,328.9778942871094,332.116650390625,7.03080934656455,318.0550316974959,346.1782690837541,48.53493692040053
2024-08-27 19:00:00,332.0929340463148,337.21664780893104,332.0929340463148,332.88995361328125,635242,335.54784118652344,329.3079786682129,332.4307144165039,6.911092460800083,318.60852949490373,346.2528993381041,47.10208550274014
2024-08-28 19:00:00,332.09292188008965,335.3664208353896,331.1440849604323,332.4629821777344,214261,335.5774450683594,329.5612370300293,332.9743988037109,6.423860049343829,320.12667870502327,345.8221189023986,43.21170857477483
2024-08-29 19:00:00,332.46300616045585,337.54875851770964,329.03768957617575,330.6127624511719,533612,335.17437927246095,329.82072830200195,333.35725555419924,6.010182331769524,321.3368908906602,345.3776202177383,45.37147367874565
2024-09-01 19:00:00,332.07396504320633,338.73478998506516,325.4510727307489,326.2291259765625,1195438,334.8394396972656,330.07232681274417,332.08628997802737,4.414446177018407,323.2573976239905,340.9151823320642,45.5842364408191
2024-09-02 19:00:00,326.8553764568099,331.134611587789,324.02783180482027,327.946533203125,373392,334.5925518798828,330.3167927551269,331.6640594482422,4.384779975739518,322.89449949676316,340.43361939972124,49.55651332615639
2024-09-03 19:00:00,328.0129399367637,334.465019510802,326.39990556515147,331.64697265625,482613,334.29461669921875,330.58743240356443,331.5985900878906,4.374231602477415,322.8501268829358,340.34705329284543,52.06068694585956
2024-09-04 19:00:00,333.0417925002258,333.990629515896,327.20645064509586,328.297607421875,373795,334.0038934326172,330.90024978637695,331.2119400024414,4.303045849790954,322.6058483028595,339.8180317020233,50.38075668539935
2024-09-05 19:00:00,327.443637038621,329.50259700340314,323.55339975472765,325.4605712890625,228822,333.68033996582034,331.16316009521483,330.51407012939455,4.02496652617651,322.4641370770415,338.5640031817476,49.625012348345095
2024-09-08 19:00:00,322.87023725021794,327.34874882720356,319.2836347256638,320.1660461425781,250387,333.390185546875,331.37738357543947,329.7659118652344,4.486201128146384,320.79350960894163,338.73831412152714,43.267289840750394
2024-09-09 19:00:00,321.65573155746716,321.65573155746716,315.01387279374364,318.05963134765625,986330,333.07099609375,331.5914289855957,329.143000793457,5.18654755378959,318.76990568587786,339.5160959010362,37.264800084274135
2024-09-10 19:00:00,317.8793297556311,323.07896642362823,315.96268963015626,316.83563232421875,634561,332.7356768798828,331.79606002807617,328.5661087036133,5.8729007120498355,316.8203072795136,340.31191012771296,19.92270628803749
2024-09-11 19:00:00,317.8603850799748,320.23247750594476,317.01590627735044,317.936279296875,230039,332.4166778564453,331.9416693115234,327.9849456787109,6.326966727101766,315.3310122245074,340.63887913291444,28.04940435144043
2024-09-12 19:00:00,321.5418850489856,321.5418850489856,313.116207912174,314.1694030761719,604648,332.1620098876953,332.07366821289065,327.29846343994143,7.041292992185186,313.21587745557105,341.3810494243118,28.185750954301213
2024-09-15 19:00:00,314.06503396134934,315.72549864241387,309.3208491583078,310.3076477050781,89517,331.8124591064453,332.2198681640625,326.52089233398436,8.001775993302386,310.5173403473796,342.5244443205891,21.74022588910391
2024-09-17 19:00:00,313.02129753967444,313.02129753967444,305.8196287128681,308.05889892578125,276892,331.33614318847657,332.3619309997559,325.5350509643555,8.992315110978605,307.5504207423983,343.5196811863127,17.21370662282611
2024-09-18 19:00:00,309.3208465016696,315.01386821642427,302.91619707257064,305.7057800292969,970753,330.688466796875,332.49491073608397,324.2237579345703,9.878916221128787,304.46592549231275,343.98159037682785,16.380516205819745
2024-09-19 19:00:00,307.8975996426803,308.83693898577354,300.84774783918033,305.08905029296875,436817,329.62994506835935,332.6210890197754,322.30710754394534,9.674595220847028,302.95791710225126,341.6562979856394,16.904500548847423
2024-09-22 19:00:00,307.2333915373922,309.79526287411676,303.73218089009794,306.9202880859375,395702,328.7048291015625,332.7239959716797,320.9811065673828,9.88352845161305,301.21404966415673,340.7481634706089,23.188351752661205
2024-09-23 19:00:00,306.6641255758839,308.3625229330096,302.36589518589545,303.26727294921875,153466,327.8385406494141,332.8407357788086,319.6693405151367,10.4194860677233,298.83036837969007,340.5083126505833,17.479285733818273
2024-09-24 19:00:00,304.4723229268601,306.3794656323073,302.2045885673593,303.5804138183594,339223,326.9202563476563,332.96897201538087,318.28214263916016,10.630827982376587,297.020486674407,339.54379860391333,9.39046285118306
2024-09-25 19:00:00,318.7902573023909,320.1470872272265,306.47434294197444,307.5939636230469,1673250,326.1917388916016,333.04390274047853,317.01734313964846,10.301073633293719,296.415195873061,337.6194904062359,20.608778154689944
2024-09-26 19:00:00,306.47434035706897,309.54856286432414,301.6068020831107,302.9920959472656,419895,325.4209033203125,333.08198699951174,315.543798828125,10.080840030589414,295.3821187669462,335.7054788893038,19.625395541876898
2024-09-29 19:00:00,303.6373087542796,307.41366112310374,300.78130038995425,305.2787780761719,357477,324.6713214111328,333.1413414001465,314.277099609375,9.671036048765734,294.93502751184354,333.61917170690646,28.092643688071675
2024-09-30 19:00:00,305.99993668706566,314.05555366130613,305.99993668706566,311.45574951171875,833902,324.22157287597656,333.20875427246096,313.53843078613284,9.265800946312382,295.0068288935081,332.07003267875757,41.321721442962925
2024-10-01 19:00:00,309.3208400008109,315.004363960607,307.4800940352299,309.9565734863281,357182,323.88872131347654,333.2475863647461,312.638932800293,8.645962338096858,295.34700812409926,329.9308574764867,41.02501622491111
2024-10-02 19:00:00,311.82580940927676,311.82580940927676,297.4699007899435,299.822998046875,1176666,323.2983544921875,333.1224201965332,311.04773406982423,7.855956395008665,295.3358212798069,326.75964685984155,30.875590291382267
2024-10-03 19:00:00,294.15841626972946,303.1534008409822,294.15841626972946,301.3506164550781,795294,322.75011657714845,332.9243182373047,309.70038452148435,7.006665660901401,295.68705319968154,323.71371584328716,35.79389880952381
2024-10-06 19:00:00,302.48920339630644,302.67898236585177,293.1906130126903,294.4430847167969,1313974,322.0050903320313,332.68861923217776,308.1495101928711,6.763179712732257,294.62315076740657,321.67586961833564,33.5303294124207
2024-10-07 19:00:00,294.11099747547945,298.6938673111664,287.30782364304764,288.7310791015625,3309004,321.222109375,332.43796157836914,306.5777618408203,7.44220492540007,291.6933519900202,321.4621716916204,31.28100453511523
2024-10-09 19:00:00,296.8547597459838,300.80278665795095,295.8553724037083,298.0025634765625,1348136,320.5520672607422,332.32830764770506,305.5749084472656,7.159565812755582,291.25577682175447,319.89404007277676,43.42106840687681
2024-10-10 19:00:00,298.0223489760129,311.1923636017433,298.0223489760129,309.5597229003906,3038013,320.2110882568359,332.2543664550781,305.2111129760742,6.729182991825698,291.75274699242283,318.6694789597256,53.217004811398034
2024-10-13 19:00:00,310.6976312387047,340.5206604003906,310.6976312387047,340.5206604003906,4854270,320.5897155761719,332.40874435424803,306.34033203125,10.05167631722411,286.23697939680176,326.44368466569824,67.03618578532509
2024-10-14 19:00:00,359.9243619725892,374.5686950683594,359.8056288702015,374.5686950683594,7321763,321.6219769287109,332.7011233520508,309.36029663085935,18.25419805296129,272.85190052493675,345.86869273678195,77.63412468825334
2024-10-15 19:00:00,385.89832077123384,410.6353926155437,379.5656364184147,392.3101806640625,6682899,322.4352117919922,333.0900694274902,313.4604232788086,26.031018138344525,261.39838700211953,365.5224595554977,80.29600188226154
2024-10-16 19:00:00,395.79313324389307,397.77209891011256,370.06657958304004,380.990478515625,6880832,323.32719848632814,333.42208770751955,317.1070022583008,30.03493170761016,257.03713884308047,377.1768656735211,73.86968078507455
2024-10-17 19:00:00,378.0912614199952,391.83519212292646,370.56131174251504,382.3361511230469,4701404,324.3147943115234,333.8495031738281,320.93852081298826,33.222605363423035,254.49331008614217,387.38373153983434,76.36224669410561
2024-10-20 19:00:00,383.3850395776053,420.56982421875,383.3850395776053,420.56982421875,5300642,326.0055786132813,334.46145111083985,326.71255950927736,39.72238470128608,247.2677901067052,406.1573289118495,80.91989936984203
2024-10-21 19:00:00,435.37244714014247,462.6228128548313,432.50295295967913,455.3797912597656,8059458,328.32481506347654,335.1419779968262,334.1355346679687,48.68859176595804,236.75835113605265,431.51271819988483,83.46012096179712
2024-10-22 19:00:00,462.08850978866604,492.7624793891985,445.27720514471247,483.2040710449219,5297471,331.2863122558594,336.0032781982422,343.1323745727539,58.35044616501656,226.4314822427208,459.83326690278705,85.8849275028856
2024-10-23 19:00:00,493.7519489164258,503.6467775520255,475.44651594056637,482.0859375,5182456,334.3176739501953,336.97278900146483,352.0576507568359,65.22884441753376,221.5999619217684,482.51533959190346,89.21696246870466
2024-10-24 19:00:00,465.0569371812279,487.8150426177561,458.16024054325,462.8998718261719,4406775,337.00820190429687,337.7385922241211,359.8229461669922,68.80338997875415,222.2161662094839,497.4297261245005,82.30518196588774
2024-10-27 19:00:00,464.79968312086373,466.7786489010135,446.00941270126026,448.4138488769531,2176735,339.3852880859375,338.4218934631348,367.0940338134766,70.15225966042634,226.7895144926239,507.3985531343293,79.88393317029785
2024-10-28 19:00:00,445.2672681267127,475.9412354865529,445.2672681267127,456.43853759765625,2512608,341.95607788085937,339.16287322998045,374.65202178955076,71.27570710515505,232.10060757924066,517.2034359998609,82.2604539608688
2024-10-29 19:00:00,460.21834137728274,466.9369382014716,448.1367645617701,449.6111145019531,1280859,344.4311187744141,339.80495529174806,381.5597900390625,71.52292733255122,238.51393537396004,524.6056447041649,79.44046913132787
2024-10-30 19:00:00,452.1936854676044,455.15222967678204,423.69659001569073,429.7027282714844,3563683,346.46965881347654,340.3834999084473,387.54709777832034,70.21351584979251,247.1200660787353,527.9741294779053,72.59733362844375
2024-10-31 19:00:00,431.4046171138605,440.31986723472244,423.2117003426163,438.31121826171875,1495499,348.5972503662109,341.0130879211426,394.4715087890625,67.89750295758849,258.6765028738855,530.2665147042395,70.08167908955396
2024-11-03 19:00:00,443.2883070453242,453.68778123289945,443.2883070453242,450.0563659667969,1934867,350.7299365234375,341.6681741333008,401.90679626464845,65.25409969421105,271.39859687622635,532.4149956530705,67.064826167235
2024-11-04 19:00:00,452.19365117327897,462.0687006408001,446.2567542213322,454.0242004394531,1549223,353.1416143798828,342.3681376647949,409.88585205078124,61.04283263442522,287.8001867819308,531.9715173196316,64.87762465931644
2024-11-05 19:00:00,453.16336135339196,459.57519082254043,443.77314868012115,450.3037414550781,2428237,355.55763732910157,343.0695011901855,417.96448516845703,54.50647543335695,308.95153430174315,526.977436035171,67.34511934856323
2024-11-06 19:00:00,450.2147116874311,459.12005763289676,447.4936337596499,449.63092041015625,1164821,357.92376831054685,343.7563464355469,425.54590301513673,46.966115418605284,331.61367217792616,519.4781338523474,66.8969072686321
2024-11-07 19:00:00,450.21470874735496,494.5930217917756,449.2252258709871,488.6759033203125,4595340,361.0394873046875,344.63676956176755,434.5017120361328,40.28776529005951,353.92618145601375,515.0772426162519,67.03122872718103
2024-11-10 19:00:00,490.6845151859774,534.320712768023,448.26539232046383,468.9158935546875,10680265,363.76854553222654,345.41933364868163,440.92147369384764,34.310200752197936,372.30107218945176,509.54187519824353,53.66048864834317
2024-11-11 19:00:00,468.9258321631644,480.8886764791436,461.0990190108661,467.1447448730469,3297287,366.4991851806641,346.1891357421875,445.550276184082,30.969475725563612,383.6113247329548,507.4892276352092,44.94486180580612
2024-11-12 19:00:00,470.0043747886104,470.0043747886104,452.19368269135776,456.04278564453125,2217062,369.09545837402345,346.92183029174805,448.73690643310545,28.37303468225295,391.99083706859955,505.48297579761135,42.286958665758505
2024-11-13 19:00:00,456.30992986630775,494.84039573917,456.30992986630775,489.8533935546875,5803025,372.3335955810547,347.7925152587891,454.18005218505857,24.925133319209596,404.32978554663936,504.0303188234778,57.34628629566803
2024-11-14 19:00:00,494.7216333054937,513.5118722771797,493.751929267012,504.5768737792969,4407960,375.7921936035156,348.7858587646484,460.2920883178711,21.070229611623805,418.1516290946235,502.4325475411187,65.28766071835018
2024-11-17 19:00:00,513.2447742641629,521.3585458375503,499.78780125795424,505.9225769042969,2016571,379.3446929931641,349.7982145690918,464.5597259521484,21.244399318619312,422.0709273149098,507.04852458938706,63.977874605639485
2024-11-18 19:00:00,508.564462641379,511.36471596861793,499.7382926819396,502.9837951660156,1153416,382.8951574707031,350.81305465698244,466.93992614746094,22.773479936991436,421.39296627347807,512.4868860214438,65.4149545461757
2024-11-19 19:00:00,505.61584717280317,506.12049310450647,483.0655540798607,494.4643859863281,1916988,386.3811242675781,351.7644012451172,467.50294189453126,23.329143876183025,420.8446541421652,514.1612296468973,70.02143182235022
2024-11-20 19:00:00,494.44457377917666,500.7772577436219,484.8564829046156,495.1273193359375,1038651,389.92247802734374,352.6762811279297,468.15501098632814,23.932656298019968,420.2896983902882,516.0203235823681,68.47254226632768
2024-11-21 19:00:00,494.7414106627565,494.7414106627565,465.0569260229911,470.60791015625,1874629,392.9979235839844,353.4632106018066,468.54041290283203,23.905623921121954,420.7291650605881,516.351660745076,56.16942872643543
2024-11-24 19:00:00,467.02599787766474,478.90969649704914,460.109522461008,473.1212158203125,1900509,396.10162231445315,354.29061599731443,469.77578125,23.444762318133385,422.8862566137333,516.6653058862668,55.783293694956576
2024-11-25 19:00:00,474.94183768133865,474.94183768133865,435.37243032453364,441.4874267578125,2113210,398.6479827880859,354.96959457397463,469.0282257080078,24.1210247543376,420.7861761993326,517.270275216683,47.71619768135878
2024-11-26 19:00:00,465.05696042709906,471.98334068877926,455.17203597370576,468.2826843261719,1813177,401.8074835205078,355.79897506713866,469.96180419921876,23.687386291538434,422.58703161614187,517.3365767822957,54.255657965924435
2024-11-27 19:00:00,468.2925474648265,503.6467813147368,468.0253979604529,495.5033264160156,2491337,405.5563720703125,356.82432434082034,473.2518341064453,22.332232245125095,428.58736961619513,517.9162985966955,51.646618860075556
2024-11-28 19:00:00,497.71977798551,516.5100476419808,497.7098734940926,503.3004455566406,2517886,409.50826538085937,357.87839920043945,476.5012954711914,21.69978871496758,433.1017180412562,519.9008729011265,58.800595812286325
2024-12-01 19:00:00,502.627600309757,514.0363362667737,498.00670215247266,506.1798400878906,1341293,413.5300811767578,358.8830517578125,479.3074691772461,21.72886180552984,435.8497455661864,522.7651927883057,59.93452589916212
2024-12-02 19:00:00,506.5063813039449,514.2342398051754,500.77726725232304,511.27569580078125,1983741,417.6171893310547,359.91986694335935,482.1700439453125,21.992298198811305,438.1854475476899,526.1546403429351,64.50019965222697
2024-12-03 19:00:00,514.4321670420641,536.2997142595575,503.65668411911304,523.1296997070312,3295936,422.0144378662109,360.94992095947265,485.8113418579102,22.462382093761995,440.8865776703862,530.7361060454342,59.87432847379767
2024-12-04 19:00:00,544.2155783898075,544.2155783898075,526.4147912250305,542.17724609375,2442618,426.78637451171875,362.08166046142577,490.4386581420898,24.090252146882538,442.25815384832475,538.619162435855,60.878279957387065
2024-12-05 19:00:00,543.2260822790399,544.3144892519933,527.3943567481389,531.391845703125,898997,431.2623321533203,363.2201387023926,492.57445526123047,25.761342317176545,441.0517706268774,544.0971398955836,56.98696116411707
2024-12-08 19:00:00,532.3417704988727,539.7628918348236,526.404873430112,535.5377807617188,750396,435.9132458496094,364.4623208618164,495.90554962158205,26.826424919195677,442.2526997831907,549.5583994599734,58.87174616534249
2024-12-09 19:00:00,536.299732833707,589.0886214931592,536.299732833707,582.0138549804688,5187891,441.4479473876953,365.9566505432129,501.6490051269531,32.11918195860706,437.41064120973897,565.8873690441673,69.76940502988751
2024-12-10 19:00:00,592.7200073937483,613.4793372543583,592.7200073937483,608.8881225585938,2371140,447.3965948486328,367.52280319213867,509.29127197265626,38.28797485079831,432.7153222710597,585.8672216742528,72.96917334947543
2024-12-11 19:00:00,610.501043346474,652.9597883040394,610.501043346474,647.5571899414062,2492425,454.1486071777344,369.31906860351563,517.1764617919922,48.855059496617265,419.4663427987577,614.8865807852268,83.79633720505959
2024-12-12 19:00:00,648.1112696788744,669.8699879857854,627.3321297349714,661.9046630859375,2403494,461.39024047851564,371.2403961181641,525.0428512573242,58.4444949896133,408.15386127809757,641.9318412365508,84.49714701250497
2024-12-15 19:00:00,663.9429923048305,728.0911823760736,663.9429923048305,726.735595703125,2118488,469.89794006347654,373.4604493713379,536.0835021972656,73.5476500409659,388.9882021153338,683.1788022791974,96.48476741831284
2024-12-16 19:00:00,732.2172730891429,767.5912832417603,692.7467896440552,727.0422973632812,3015827,478.54992431640625,375.6903384399414,547.2864273071289,84.49087148754663,378.3046843320356,716.2681702822222,96.15261139748704
2024-12-17 19:00:00,762.9012244362949,762.9012244362949,682.7432046194334,708.449951171875,3634826,486.9443017578125,377.75994567871095,557.9857055664063,90.76559230979045,376.45452094682537,739.5168901859872,89.18751653209796
2024-12-18 19:00:00,705.5012634050581,742.1121284064426,693.7362979683438,706.4412841796875,2948037,495.113076171875,379.8233999633789,568.5514038085937,95.25165137803207,378.04810105252955,759.0547065646579,88.19676548658805
2024-12-19 19:00:00,705.5013081589024,734.1963122775675,703.5223423576151,722.4610595703125,2086815,503.37110290527346,381.94916244506834,581.1440612792969,98.22327370761397,384.697513864069,777.5906086945249,88.75256820205242
2024-12-22 19:00:00,722.3224758297486,740.1331670145918,714.4066130809294,733.206787109375,2147746,511.2248254394531,384.0762777709961,594.14833984375,100.36258756842253,393.42316470690497,794.873514980595,88.97577042693365
2024-12-23 19:00:00,732.2173371842805,740.1332002889753,700.5538847655007,704.3831787109375,1448004,517.8211151123047,386.0585633850098,607.2931274414062,96.45587679055213,414.381373860302,800.2048810225104,80.04133031496056
2024-12-25 19:00:00,704.5117745127196,712.427637147694,673.8477112934058,675.8167724609375,1076448,523.4912469482422,387.8474914550781,617.6698318481446,91.7631544925424,434.14352286305973,801.1961408332294,71.47217183778372
2024-12-26 19:00:00,675.9156967789451,695.408520601765,675.8167726532754,678.8544921875,575736,529.4485272216797,389.6217672729492,626.8373901367188,87.99733220773103,450.8427257212567,802.8320545521808,74.29810859117256
2024-12-29 19:00:00,682.7431550451555,702.532811713131,682.7431550451555,691.361572265625,450380,535.6290356445312,391.4164500427246,636.240446472168,84.06160744300895,468.11723158615007,804.3636613581858,74.98731068054097
2024-12-30 19:00:00,712.4276318707989,712.5463649779849,698.5847768533387,703.8389282226562,759806,541.2944177246094,393.2470944213867,646.1234008789063,79.45904629296386,487.20530829297854,805.041493464834,71.92619637260985
2025-01-01 19:00:00,687.6905886432379,698.5749001181669,672.9571743432516,677.340576171875,1297784,545.7336334228515,394.8660191345215,654.426644897461,73.04389162175454,508.3388616539519,800.51442814097,62.33683347659068
2025-01-02 19:00:00,686.5923003852605,686.6022048771277,670.8694026920955,678.3993530273438,828371,549.6375390625,396.5111595153809,662.1901275634766,66.29406642432888,529.6019947148188,794.7782604121344,56.430248603669014
2025-01-05 19:00:00,691.6485209312898,701.0486081256349,675.1241450478453,682.3078002929688,1484999,553.6419763183594,398.18120315551755,669.1966552734375,60.05390650546199,549.0888422625135,789.3044682843615,54.44741661750741
2025-01-06 19:00:00,684.4945585142611,686.7010859053828,618.4366749391767,635.7526245117188,3823307,557.0990313720703,399.59057510375976,674.4146942138672,51.35364543508319,571.7074033437008,777.1219850840336,28.45089414915101
2025-01-07 19:00:00,638.3252628896532,645.6375555999444,607.5424661124381,615.2703247070312,1507067,560.4361608886719,400.90688171386716,678.4013214111328,42.302256077784506,593.7968092555639,763.0058335667018,25.83640336524759
2025-01-08 19:00:00,610.5109652170637,613.4794139944562,591.7107896269109,596.1931762695312,1236327,563.2312536621093,402.2432284545898,679.1102874755859,40.68991812361799,597.7304512283499,760.4901237228219,25.782359557396987
2025-01-09 19:00:00,596.2128819414462,603.475712667003,577.3632456405693,589.1776733398438,1031559,566.0225848388671,403.5875276184082,678.1247650146485,42.6707201784887,592.7833246576711,763.4662053716258,25.23716293811117
2025-01-12 19:00:00,589.7317933415496,617.338389703929,580.8759095340307,612.5789794921875,996902,569.6801098632812,404.9326954650879,676.3758544921875,44.659952886140445,587.0559487199066,765.6957602644684,27.497466398215707
2025-01-13 19:00:00,616.4379052274218,673.639905829093,615.4583268781065,662.6962280273438,2353092,574.1678100585938,406.55084213256833,676.4154327392578,44.64680215742569,587.1218284244064,765.7090370541091,37.56543445984186
2025-01-14 19:00:00,668.108742636806,679.7747237970844,644.153340890687,649.0018310546875,1749073,578.1467193603515,408.1101950073242,672.5287445068359,43.40183222126328,585.7250800643094,759.3324089493624,39.68295045731361
2025-01-15 19:00:00,648.0617611861077,658.9955338660487,630.3005331421517,641.5608520507812,768265,581.8974523925781,409.6212889099121,668.254672241211,41.935157217700954,584.384357805809,752.1249866766129,43.07322511953568
2025-01-16 19:00:00,643.0649067886102,662.9633917398643,635.2578728697661,652.662841796875,787471,585.9446343994141,411.168441619873,665.4653167724609,40.96495643342947,583.535403905602,747.3952296393198,44.87114149981379
2025-01-19 19:00:00,659.6486077103935,666.9114383749206,650.0902299886095,651.2578125,722628,589.977172241211,412.70837951660155,662.7061431884765,39.90448329358062,582.8971766013153,742.5151097756377,41.78989036693464
2025-01-20 19:00:00,653.0487616341118,657.016597435155,630.8942266328472,636.3265380859375,514031,592.9301849365235,414.16132614135745,658.3994171142579,37.70331808351256,582.9927809472327,733.806053281283,36.31623547808058
2025-01-21 19:00:00,633.2689840320267,642.174329119977,621.3852860906328,623.4038696289062,654338,596.0199444580078,415.55805679321287,652.9092712402344,34.05489021184531,584.7994908165438,721.019051663925,38.43117253347528
2025-01-22 19:00:00,614.4688268080187,635.2479658788212,611.5003783693326,616.0322265625,1081289,598.9976940917969,416.91598403930664,648.4917236328125,32.730988162724806,583.0297473073629,713.9536999582622,36.9756504444214
2025-01-23 19:00:00,616.6457130485535,632.2795297172171,616.6457130485535,625.996337890625,657855,602.3967651367187,418.25750289916994,646.0007019042969,32.43642724602908,581.1278474122387,710.8735563963551,38.53037215465009
2025-01-26 19:00:00,631.7254418744506,634.0012403821613,600.6160982260566,602.8622436523438,1318799,604.6569421386719,419.4463467407227,642.2010894775391,32.83381471798399,576.5334600415711,707.8687189135071,42.59424785596057
2025-01-27 19:00:00,602.5950600970727,605.4645845405456,576.8685058072141,584.5667114257812,705326,606.2567388916016,420.5272981262207,636.8613464355469,33.10099357717564,570.6593592811956,703.0633335898982,43.01787309453314
2025-01-28 19:00:00,588.7422898152325,590.7212554952838,573.9000472148485,575.6019287109375,397092,607.6503259277343,421.55853897094727,630.449496459961,31.840327900858018,566.7688406582449,694.130152261677,45.09172562070138
2025-01-29 19:00:00,576.3737155563148,599.6265607332648,576.3737155563148,593.244384765625,492950,609.4555377197265,422.6664161682129,626.2446868896484,30.859752058420053,564.5251827728083,687.9641910064885,50.92262746311166
2025-01-30 19:00:00,601.5066671365946,615.4583515925698,600.6161083869612,602.248779296875,740069,611.6112255859375,423.7949301147461,622.437158203125,28.70898496100086,565.0191882811233,679.8551281251267,47.49255544526585
2025-02-02 19:00:00,601.100888739487,603.5845001983027,591.7107067517787,594.026123046875,335387,613.5892016601563,424.87573654174804,618.0230743408204,25.64219481108062,566.7386847186591,669.3074639629816,29.076241496807384
2025-02-03 19:00:00,598.5381953673301,600.6160851785266,579.8369454936023,581.85546875,414379,615.8141528320313,425.91191482543945,615.3282165527344,26.49869362699479,562.3308292987448,668.325603806724,29.348764671960794
2025-02-05 19:00:00,582.3106540276821,582.3106540276821,558.0683243357904,569.4176635742188,441910,617.7400817871094,426.8614241027832,613.0355834960938,28.41801384915875,556.1995557977763,669.8716111944112,28.47359924704567
2025-02-06 19:00:00,569.4176703238046,572.9105737952844,555.1196913649226,562.6595458984375,352114,620.1635241699219,427.8015278625488,611.3589019775391,30.38519374201021,550.5885144935187,672.1292894615594,22.429721323330895
2025-02-09 19:00:00,564.005267465715,618.9215698242188,552.1314723611736,618.9215698242188,1656983,623.1763018798828,429.0365576171875,612.8460968017578,29.967431486644813,552.9112338284681,672.7809597750474,42.58622653586185
2025-02-10 19:00:00,628.3216493272018,652.0692392230332,627.3321664148756,631.5770263671875,1391990,625.8977758789063,430.29382751464846,613.7959991455078,30.258206481185496,553.2795861831369,674.3124121078788,48.89958967942503
2025-02-11 19:00:00,627.3321262116116,631.2900576072684,614.5381202223396,624.9177856445312,724686,628.3301226806641,431.4311721801758,611.9070770263672,28.150650496824912,555.6057760327174,668.2083780200171,50.36124238018008
2025-02-12 19:00:00,625.8479439920307,644.1533779269755,625.3730115184757,634.3278198242188,1135898,630.8930822753906,432.6586917114258,611.1733764648437,27.31167664821809,556.5500231684075,665.79672976128,54.32353617387205
2025-02-13 19:00:00,637.6524197449987,642.174363573902,619.5151823660016,625.135498046875,535184,633.1702783203125,433.83953811645506,610.3521087646484,26.58717389553545,557.1777609735775,663.5264565557193,49.79582524586671
2025-02-16 19:00:00,625.3432506270387,625.3432506270387,604.0990830328964,613.6278076171875,403365,634.9802404785156,434.97603485107425,608.400357055664,24.682215926553358,559.0359252025573,657.7647889087707,52.70242816042204
2025-02-17 19:00:00,618.3773156272404,627.3321232895553,614.9734922271006,621.3457641601562,317787,636.5636108398437,436.15894927978513,606.9047546386719,22.78169789892363,561.3413588408246,652.4681504365192,59.75025516857954
2025-02-18 19:00:00,623.3741901963501,630.3005700874206,620.3958371802714,622.9190063476562,359026,638.3941540527344,437.3413803100586,606.2343780517579,22.05607237690941,562.122233297939,650.3465228055767,63.05557641921839
2025-02-19 19:00:00,625.3531402053368,627.332105838898,617.6747438842012,620.7124633789062,243967,640.0976477050781,438.5623550415039,606.0998077392578,21.953776291342763,562.1922551565723,650.0073603219433,58.28459019869969
2025-02-20 19:00:00,620.7124921987722,628.2226936998627,616.9524693990746,620.4453125,172105,640.8662768554688,439.8026788330078,606.3204620361328,22.080670723438953,562.1591205892548,650.4818034830107,55.79356522725983
2025-02-23 19:00:00,621.3951924934778,624.3636408652619,613.5782542904849,622.0086669921875,276564,641.1286877441406,441.0909552001953,606.1210784912109,21.911002980338704,562.2990725305335,649.9430844518884,59.30384617257855
2025-02-24 19:00:00,628.3116842684278,637.2269341120124,623.9084736543788,630.933837890625,619664,640.796220703125,442.38708999633786,607.524658203125,22.58015114027561,562.3643559225737,652.6849604836763,66.67788066261856
2025-02-25 19:00:00,632.279570066947,636.1385775157327,624.3637069049196,625.2938232421875,151069,640.06400390625,443.63571594238283,609.5610137939453,22.234565680424293,565.0918824330968,654.0301451547939,69.90766332231985
2025-02-26 19:00:00,628.3216084913308,629.3110913393488,616.0619015100121,617.5560302734375,284427,637.8804125976562,444.85865203857423,611.6587188720703,20.794528386954823,570.0696620981606,653.2477756459799,69.42303423148253
2025-02-27 19:00:00,618.4069462910377,618.4069462910377,603.5845131464895,607.2059936523438,279974,635.4836865234375,446.04895706176757,612.3567993164063,20.373910743948016,571.6089778285102,653.1046208043024,43.86014744756041
2025-03-02 19:00:00,608.5319308689942,613.4793449410998,599.626585539204,605.3458251953125,180332,633.4216040039063,447.2324755859375,612.5116516113281,20.30469306108345,571.9022654891612,653.1210377334951,34.49888982025044
2025-03-04 19:00:00,613.4793739628853,616.942563977192,604.079286781196,605.7218017578125,97900,631.4072143554688,448.42821624755857,613.096435546875,19.908842911594004,573.278749723687,652.914121370063,37.74632456361133
2025-03-05 19:00:00,603.5845039075541,620.9004527901478,603.5845039075541,618.6840209960938,608697,629.3316735839844,449.6688423156738,614.9378631591796,18.522084239906636,577.8936946793664,651.9820316389929,40.447076292791145
2025-03-06 19:00:00,619.4162766471168,647.1118925167106,616.5467521666944,632.2003784179688,1009735,627.3115454101562,450.9622009277344,618.0769989013672,15.470016646576099,587.1369656082151,649.0170321945194,54.09778378190845
2025-03-09 19:00:00,633.1602048193736,633.3679575692968,623.3742047926164,626.0557250976562,190725,625.7449963378906,452.24670700073244,621.2468078613281,8.393979933612854,604.4588479941024,638.0347677285538,57.68667709078115
2025-03-10 19:00:00,623.3741914391663,629.2121643734323,615.4583286907325,625.49169921875,334113,624.7384948730469,453.54841323852537,621.5753143310546,8.426690441330068,604.7219334483945,638.4286952137148,52.8132177790957
2025-03-11 19:00:00,627.2925746663852,647.2405225191343,621.4941592171729,634.4564208984375,1189959,623.8505334472657,454.8594093322754,621.7192840576172,8.62873791219382,604.4618082332296,638.9767598820048,57.114993017837456
2025-03-12 19:00:00,634.4563967794805,653.0289482586077,634.4563967794805,645.83544921875,1119790,622.9400109863282,456.2288186645508,622.7651672363281,10.167359586846741,602.4304480626347,643.0998864100216,63.91844816987192
2025-03-13 19:00:00,651.8613917198237,659.4903263134181,643.6685050419758,647.4285278320312,541748,621.8118029785156,457.63385192871095,623.4202026367187,11.30936689532127,600.8014688460762,646.0389364273613,64.73259303741492
2025-03-16 19:00:00,650.0902167511657,654.8397222378233,642.1743541423235,650.0506591796875,879207,621.2660046386719,459.09165740966796,624.6659606933594,12.78431301597052,599.0973346614184,650.2345867253003,65.13568217966474
2025-03-17 19:00:00,654.5429044464624,690.6590284257458,648.2299990399943,677.02392578125,2260996,621.23849609375,460.6881245422363,627.8357666015625,17.050847827993145,593.7340709455761,661.9374622575488,70.82067321849436
2025-03-18 19:00:00,676.9052292451416,676.954751704847,663.943027383477,668.8904418945312,628889,620.9701489257812,462.2042628479004,630.2130004882813,19.268515680539316,591.6759691272026,668.75003184936,69.26038038258288
2025-03-19 19:00:00,671.8588155938212,684.6231677646067,663.9429532598733,679.6559448242188,1930473,621.8482153320313,463.76630599975584,633.0498474121093,22.105829927385244,588.8381875573389,677.2615072668798,76.72006416313488
2025-03-20 19:00:00,679.576806780178,688.6800610450538,667.9009212721427,671.2354736328125,924717,622.9675183105469,465.3169889831543,635.5759979248047,23.466649230029777,588.6426994647452,682.5092963848642,78.01550299821128
2025-03-23 19:00:00,675.3220764518635,675.3220764518635,638.5133006457287,643.0550537109375,844341,623.904755859375,466.7264376831055,636.7064849853516,23.242913475504874,590.2206580343419,683.1923119363613,63.41055448328076
2025-03-24 19:00:00,643.0550167320813,653.0586737399937,639.5027467670458,647.32958984375,458577,625.0677941894531,468.161813659668,637.9725311279296,23.089294119884297,591.793942888161,684.1511193676982,64.39776665253012
2025-03-25 19:00:00,657.0165800697598,658.9955456723795,646.1421737462822,647.8440551757812,456292,625.773095703125,469.60792190551757,638.8180419921875,23.12756451582902,592.5629129605295,685.0731710238456,61.041607732855574
2025-03-26 19:00:00,648.1112617034495,656.9671452206408,639.2059161227915,640.5021362304688,414473,625.3292138671875,471.0312684631348,639.5784576416015,22.908476493315447,593.7615046549706,685.3954106282324,53.29770613330282
2025-04-02 19:00:00,637.2071782341503,643.0451514979478,632.3784968535857,641.0167236328125,345428,625.16951171875,472.47967529296875,640.7514923095703,22.31441439362889,596.1226635223125,685.3803210968281,56.22122201641693
2025-04-03 19:00:00,641.1849381465578,651.5447954269273,637.2764684974167,640.2548217773438,1062344,625.1433911132813,473.9671125793457,642.4039337158204,20.876912019986776,600.6501096758468,684.1577577557939,56.12885341722745
2025-04-06 19:00:00,628.3216231149828,628.3216231149828,576.2253257970501,600.7150268554688,1042677,624.1044348144532,475.288684387207,642.1723937988281,21.330300893262535,599.5117920123031,684.8329955853532,38.82843219871451
2025-04-07 19:00:00,612.341472477551,615.4583677900553,600.7150483271761,607.0279541015625,1420440,623.2198376464844,476.6450942993164,642.2377014160156,21.214510510177437,599.8086803956608,684.6667224363705,36.705071051597095
2025-04-08 19:00:00,603.5944622717121,604.5740406615838,581.8159343846338,587.23828125,1070276,622.2380725097656,477.938896484375,640.665414428711,24.030432785606276,592.6045488574985,688.7262799999235,31.665534424078956
2025-04-09 19:00:00,603.5844942789632,608.5319081664957,594.6791492814048,602.070556640625,721504,621.81140625,479.2943353271484,639.1589233398438,25.48920122471882,588.1805208904061,690.1373257892815,36.396744795812566
2025-04-10 19:00:00,598.637140213798,600.6062014748883,589.8307184566619,592.13623046875,397941,621.333486328125,480.5011862182617,637.4629486083984,27.459253485167544,582.5444416380633,692.3814555787335,23.35875119433554
2025-04-13 19:00:00,594.7088753822586,599.6265759021411,588.7917271797173,591.1268920898438,231473,620.6360974121094,481.7419401550293,635.7447082519532,29.263659663014586,577.217388925924,694.2720275779824,24.45217917190024
2025-04-14 19:00:00,595.6686572726503,611.0056409731919,595.6686572726503,603.485595703125,846635,620.648564453125,483.0579135131836,634.1961669921875,30.14168718259163,573.9127926270043,694.4795413573707,25.234847014568473
2025-04-15 19:00:00,606.5530251199207,613.4794055046506,596.6581959988779,601.4868774414062,875786,620.9869677734375,484.3326292419434,631.9787384033203,30.863016327060528,570.2527057491993,693.7047710574413,26.334521341697027
2025-04-16 19:00:00,601.6550496872483,604.5839407369759,596.6581732502848,600.4281005859375,357090,621.4834912109375,485.62060089111327,629.6287170410156,31.40925484170318,566.8102073576093,692.447226724422,32.27450757445011
2025-04-17 19:00:00,603.4855629626992,603.4855629626992,588.7422455963535,590.6024780273438,308167,621.4306530761719,486.8654220581055,626.6563079833984,32.17842674119522,562.299454501008,691.0131614657888,27.452203864836036
2025-04-20 19:00:00,590.6025417911342,605.5140559274505,579.4411460001647,602.0014038085938,879424,621.4257055664062,488.2020602416992,622.9051818847656,30.31685326011563,562.2714753645344,683.5388884049969,33.22962644083661
2025-04-21 19:00:00,602.585122794001,603.5845100883768,587.3767769368397,591.01806640625,435862,621.3655444335938,489.48705505371095,619.0115631103515,29.075273354806125,560.8610164007392,677.1621098199638,32.36728382307844
2025-04-22 19:00:00,593.6798446481013,593.6798446481013,581.8258586494406,586.4764404296875,376759,621.4579638671875,490.7514292907715,614.352587890625,26.166200642195808,562.0201866062334,666.6849891750167,31.10778853293327
2025-04-23 19:00:00,578.8474772220541,582.805408690239,564.0546962810644,570.44677734375,393712,621.4785461425781,491.93423202514646,609.3131530761718,24.27135035098194,560.7704523742079,657.8558537781357,28.132190182367026
2025-04-24 19:00:00,568.9625125229104,574.8400427503099,549.519151412869,558.5333251953125,412671,621.3960217285156,493.0923846435547,605.0870666503906,25.418341327455796,554.2503839954791,655.9237493053022,34.02055324416723
2025-04-27 19:00:00,560.2451947946739,570.9315973633823,529.3733181792193,536.5767822265625,559047,619.7491259765625,494.13634262084963,599.5494262695313,27.693499643208714,544.1624269831138,654.9364255559487,26.139435237346333
2025-04-28 19:00:00,530.3727263801336,544.116658031285,524.4259246285029,536.1710815429688,309398,617.8410070800782,495.1578245544434,593.9657775878907,28.683911935334393,536.5979537172219,651.3336014585594,30.09029606429472
2025-04-29 19:00:00,535.3102261837927,535.3102261837927,502.65729186943935,513.7691650390625,486555,615.6180346679688,496.0362223815918,587.6291290283203,31.70204290579156,524.2250432167372,651.0332148399035,17.492427715012454
2025-05-01 19:00:00,521.9027369175785,529.0764875196872,516.8266851083513,524.960205078125,287080,613.4306823730469,496.87094772338867,581.826303100586,32.03540308050835,517.7554969395693,645.8971092616026,25.496324266077707
2025-05-04 19:00:00,522.446910260931,528.3838069684415,516.5100135534203,526.157470703125,200693,611.4511218261719,497.7358546447754,576.121435546875,31.23197652011797,513.657482506639,638.585388587111,26.33366964754596
2025-05-05 19:00:00,533.2323290955317,534.2712740036811,524.4259076215716,528.8192138671875,257369,609.7549499511719,498.6470422363281,572.526644897461,32.36916648182064,507.7883119338197,637.2649778611022,20.73383240495039
2025-05-06 19:00:00,489.16072862069245,524.0300946907926,489.16072862069245,495.6517639160156,445707,607.241069946289,499.3778279113769,566.9578353881836,35.545871059305355,495.86609326957296,638.0495775067943,16.662549157769163
2025-05-07 19:00:00,502.1625649204743,506.7339710248427,446.0885564535801,446.3062438964844,513690,603.7088146972657,499.88925994873046,559.9112335205078,44.22376601201613,471.46370149647555,648.3587655445401,12.776059997420262
2025-05-08 19:00:00,447.24625451156794,476.91096164398147,405.6879742250948,473.615966796875,1158587,600.766884765625,500.54967041015624,553.4885040283203,47.01820676234481,459.4520905036307,647.5249175530099,23.945551063107885
2025-05-11 19:00:00,520.9825439453125,520.9825439453125,520.9825439453125,520.9825439453125,105562,598.7776293945312,501.440793762207,549.9308197021485,46.63033342002736,456.67015286209374,643.1914865422032,34.447657048537735
2025-05-12 19:00:00,549.0541517137143,556.089360264678,524.4358136377974,551.547607421875,839045,597.368408203125,502.52881591796876,547.95185546875,45.618869327697055,456.7141168133559,639.189594124144,42.953044780601836
2025-05-13 19:00:00,554.1104159124603,577.8580051658515,544.2155870568807,569.3682250976562,998285,596.1370959472656,503.7426612854004,546.2459869384766,44.043643648463416,458.15869964154973,634.3332742354035,47.083816414465716
2025-05-14 19:00:00,578.84742238857,626.3030379382644,578.84742238857,616.5466918945312,3909858,595.9621533203125,505.1786880493164,546.9989776611328,45.15254938539915,456.69387889033453,637.3040764319311,57.103636778826164
2025-05-15 19:00:00,618.4267459238074,628.3215738585883,599.6760349087502,601.9221801757812,977732,595.6494763183593,506.54448638916017,547.073681640625,45.24673700842237,456.5802076237802,637.5671556574697,56.63048555454159
2025-05-18 19:00:00,611.5004048296883,613.4299084769738,592.7002305711703,594.7880249023438,506292,595.4011169433594,507.8599545288086,547.282958984375,45.46780439073345,456.3473502029081,638.218567765842,59.31768240903533
2025-05-19 19:00:00,595.0057387802377,613.4793666696836,594.6791925298062,602.5455932617188,698143,595.3451123046875,509.23328186035155,547.3101684570313,45.50242285183015,456.305322753371,638.3150141606916,60.38004749233485
2025-05-20 19:00:00,605.5734226440339,647.121798809904,605.5734226440339,630.6271362304688,2545026,595.8432189941407,510.7288941955566,549.2906219482422,48.281974449200675,452.7266730498409,645.8545708466436,67.95598095350279
2025-05-21 19:00:00,631.2801656992702,633.0315697025964,613.4793785553961,614.4391479492188,746220,595.7583215332031,512.1680465698242,550.6887573242187,49.796576594933164,451.0956041343524,650.2819105140851,63.54107629362356
2025-05-22 19:00:00,615.4583516252012,643.1638722771395,609.5709164080158,635.8416748046875,2329136,595.8311474609375,513.7393084716797,553.9585021972656,53.19334007609604,447.57182204507353,660.3451823494577,65.64220241781095
2025-05-25 19:00:00,641.6301961227151,668.395696386409,640.1954338445694,661.4594116210938,2990595,596.5392211914062,515.4318273925782,559.1048065185547,58.38480547589922,442.3351955667563,675.8744174703531,67.75355949073901
2025-05-26 19:00:00,660.479815076279,672.8483509391307,646.2312376049773,660.6480102539062,1719144,597.2423474121093,516.9768252563476,565.3083679199219,62.323752152028135,440.66086361586565,689.9558722239782,74.17857596131427
2025-05-28 19:00:00,662.9535309945837,677.2515707193095,661.0537407710951,670.0778198242188,877433,597.954775390625,518.6452586364746,572.0037048339843,66.106714935179,439.7902749636263,704.2171347043424,87.1358644814256
2025-05-29 19:00:00,670.0777734679037,701.9391321453908,665.9219335720162,682.970703125,2410180,598.69748046875,520.3953303527832,580.4637817382812,69.02433304390372,442.4151156504738,718.5124478260886,86.4893708463579
2025-06-01 19:00:00,683.7326763713994,691.4506308277681,663.9529230811138,667.2874755859375,730835,599.0946594238281,522.0516146850586,587.5801452636719,70.32543400271366,446.9292772582445,728.2310132690992,78.66616343681117
2025-06-02 19:00:00,667.2874368643907,671.8588427153244,659.9850487350831,664.665283203125,661369,599.3869519042969,523.6778512573242,594.5055358886718,70.7768247531142,452.95188638244343,736.0591853949002,74.88896576471271
2025-06-03 19:00:00,666.8124650222046,680.7641479671439,666.8124650222046,673.8377685546875,800775,599.3232287597656,525.3713940429687,601.7564636230469,71.12080556475351,459.5148524935399,743.998074752554,73.89552099199075
2025-06-04 19:00:00,675.7870892332909,682.743182823861,666.020898101748,679.4086303710938,680005,599.5335925292969,527.1158479309082,610.9443069458008,68.51374549053256,473.9168159647357,747.971797926866,67.75872426448021
2025-06-09 19:00:00,686.6022068872488,701.3454658273747,677.8155939240096,692.1927490234375,1500216,599.7843286132812,528.9349443054199,623.2386322021484,58.786474441035224,505.66568332007796,740.8115810842189,75.76972386364389
2025-06-10 19:00:00,682.7431960352333,687.1365024950159,658.0061237151161,678.6863403320312,1907871,599.9333459472656,530.6805783081055,633.4921508789063,48.256963171246255,536.9782245364138,730.0060772213988,73.10984130656118
2025-06-11 19:00:00,682.723351849742,691.6485064084895,671.8588495727673,673.095703125,1502001,600.5341589355469,532.4065615844727,641.0978088378906,41.03853416003675,559.0207405178171,723.1748771579641,69.66785807748289
2025-06-12 19:00:00,662.8447024741735,672.7395312965143,653.0587022745001,660.321533203125,1275451,600.7939978027343,534.0788739013672,646.5365051269531,35.36113618412613,575.8142327587009,717.2587774952053,59.05060651395579
2025-06-16 19:00:00,660.9745967302025,671.8589089518076,653.0686377885195,659.3023681640625,1409521,601.0231640625,535.7365071105957,651.0332122802735,30.402047545624534,590.2291171890244,711.8373073715226,65.06714671260502
2025-06-17 19:00:00,660.9745529364372,664.9324843911464,653.0586900270188,655.146484375,453952,601.3160510253906,537.3525813293458,652.9632019042969,29.302871355977352,594.3574591923422,711.5689446162515,57.33292776455248
2025-06-18 19:00:00,664.9324889641188,674.7283935391903,651.1786529071178,654.1075439453125,804935,601.5778674316406,538.9060087585449,655.5724700927734,26.7291139656864,602.1142421614006,709.0306980241462,46.566222505520415
2025-06-19 19:00:00,658.9956102692847,663.4284743278408,652.0692299811691,653.1675415039062,446158,601.8361218261718,540.5046449279785,658.4914459228515,22.612399533860835,613.2666468551299,703.7162449905732,46.51034993308846
2025-06-22 19:00:00,643.1638653475204,648.3586504137888,599.6266190778421,606.6123657226562,775207,601.9540686035157,541.8901937866211,658.6947845458984,22.095206959911025,614.5043706260764,702.8851984657205,28.010135718128566
2025-06-23 19:00:00,646.1323433948387,666.9114846066176,634.2684529087469,661.8453369140625,1261590,603.0504162597656,543.542798614502,660.2556945800782,21.087748422390458,618.0801977352972,702.4311914248591,44.34080049391565
2025-06-24 19:00:00,667.9009522099327,675.8168153472355,659.9949935644703,671.9677124023438,1276058,604.7450048828125,545.2381874084473,663.1321228027343,18.24065466115696,626.6508134804204,699.6134321250482,51.29227345821552
2025-06-25 19:00:00,671.8489651669586,681.258956936583,665.9219724303854,670.5824584960938,1071254,606.1152429199219,546.9287847900391,664.8691619873047,17.12508319506366,630.6189955971773,699.119328377432,51.64504484264603
2025-06-26 19:00:00,670.8693949935655,684.7221553621641,667.9998704742017,673.2936401367188,1265238,607.7383911132813,548.6421891784668,665.4608734130859,17.205329652574267,631.0502141079373,699.8715327182344,49.84308859378162
2025-06-29 19:00:00,674.8273579660529,678.2806437273294,668.890460388639,672.2744750976562,729148,609.3613427734375,550.3724159240722,666.0421966552734,17.230552397459167,631.5810918603551,700.5033014501918,47.88724604150098
2025-06-30 19:00:00,672.2744381539676,680.26947669564,669.8799065061066,675.9058837890625,827595,610.8097485351562,552.1122126770019,666.3335998535156,17.35125436925128,631.6310911150131,701.0361085920181,44.900242408768
2025-07-01 19:00:00,677.7858306871367,685.7115977789282,674.3424497817023,675.9255981445312,1240434,612.2985229492188,553.8336058044433,665.9813446044922,17.064870172809893,631.8516042588724,700.111084950112,49.0558081824391
2025-07-02 19:00:00,677.7957953879688,678.7555648247975,666.9114833452423,668.3858032226562,613775,613.6576770019532,555.5340467834473,666.0362609863281,17.071060789670945,631.8941394069863,700.17838256567,48.41037717775669
2025-07-03 19:00:00,669.3851338452616,672.8483237469001,663.0623240733215,669.0982055664062,284586,615.2275915527343,557.252234954834,666.2579071044922,17.08109850668071,632.0957100911309,700.4201041178536,53.224739425302666
2025-07-06 19:00:00,674.3325933078479,675.3913472532607,660.9745742181107,663.8539428710938,656364,616.4646423339843,558.9706744384765,665.7587158203125,16.993583159489067,631.7715495013344,699.7458821392906,51.62198785026199
2025-07-07 19:00:00,667.9504037405865,670.3746488667974,659.9850786629577,662.1817016601562,1007738,617.8879150390625,560.691284790039,664.8973693847656,16.69934132452796,631.4986867357097,698.2960520338215,52.55223032580599
2025-07-08 19:00:00,662.1816409885239,662.9534665502762,653.0586386913169,657.392578125,420122,619.3062377929688,562.394069519043,663.1573608398437,15.473616867521415,632.2101271048009,694.1045945748865,51.160173929088465
2025-07-09 19:00:00,658.9955534202567,659.9850362331999,653.0586565425966,655.166259765625,346651,621.0006274414062,564.0802194213867,661.9813568115235,15.121042053883722,631.739272703756,692.223440919291,50.69953059866934
2025-07-10 19:00:00,658.0061093321524,670.8693866574425,656.0271435898001,664.5070190429688,2410072,623.1201013183594,565.8319075012207,661.5519226074218,14.909259475643918,631.733403656134,691.3704415587097,77.40005315092552
2025-07-13 19:00:00,667.801983076544,679.7747011076067,666.4265874547438,673.5310668945312,2549262,625.8591870117187,567.6480245971679,662.2123992919921,15.142647677264398,631.9271039374634,692.4976946465209,59.830176221179606
2025-07-14 19:00:00,677.9045644294705,680.5662756471518,663.4482348359242,665.7042846679688,1088846,628.4498510742187,569.4362515258789,662.5324951171875,15.14555962449713,632.2413758681932,692.8236143661818,44.51946226429202
2025-07-15 19:00:00,666.4167248014368,697.3380650390684,662.5280643003414,689.0165405273438,2628374,631.9547985839844,571.3528053283692,664.2259979248047,16.137344759512857,631.951308405779,696.5006874438304,61.65689160878567
2025-07-16 19:00:00,697.041183525786,712.4276292738159,692.4994308161405,699.8018188476562,2529956,635.451630859375,573.3263691711426,666.5107116699219,17.78041738796895,630.949876893984,702.0715464458598,65.20948898974618
2025-07-17 19:00:00,704.5117521571052,704.5117521571052,668.8903714300606,672.0764770507812,1678959,638.3700109863281,575.1521501159668,667.4561584472656,17.534600034964157,632.3869583773372,702.5253585171939,49.91304413090772
2025-07-20 19:00:00,671.8588747192376,676.9151177356332,658.0259233991621,659.3221435546875,718254,640.9800695800782,576.9324244689941,670.0916473388672,10.430372705001462,649.2309019288643,690.9523927488701,43.2571431974842
2025-07-21 19:00:00,659.3221064864057,671.562004177809,658.5008188330511,664.2398071289062,693915,644.351830444336,578.7357214355469,670.2113708496094,10.344122522322921,649.5231258049635,690.8996158942552,45.430618720859634
2025-07-22 19:00:00,664.9324440408034,666.9114096480677,658.7976385796366,659.5298461914062,405017,648.6163024902344,580.4954008483887,669.5894775390625,10.603603538320062,648.3822704624224,690.7966846157026,46.458772236399454
2025-07-23 19:00:00,661.469307987624,670.3746539440767,654.542927799272,667.8613891601562,1233077,652.5012109375,582.3197473144531,669.4534240722656,10.607648232109481,648.2381276080467,690.6687205364846,49.5338394294916
2025-07-24 19:00:00,668.8904497957853,671.7599744033904,658.9956206567944,659.9158325195312,442905,655.2798767089844,584.0929325866699,668.7845336914063,10.773241523819188,647.2380506437679,690.3310167390447,48.545332718899
2025-07-27 19:00:00,662.8446567326523,665.9219337896658,658.2039799194881,663.171142578125,320934,657.5123474121094,585.851509552002,668.3293670654297,10.810274988721646,646.7088170879864,689.9499170428729,50.36125676618258
2025-07-28 19:00:00,664.9324739382721,669.8699836874846,651.0995230473574,653.8305053710938,313356,659.2015930175781,587.5708792114258,667.2255981445312,11.118562311115445,644.9884735223003,689.4627227667621,48.74127958513838
2025-07-29 19:00:00,654.0482148521219,657.0166636335989,643.1639026533725,646.7952880859375,525370,659.8065649414062,589.3057406616211,665.7690826416016,11.805674260914884,642.1577341197718,689.3804311634314,47.13919908420996
2025-07-30 19:00:00,649.1007113628929,657.5113150924425,647.1217457794694,648.5267944335938,287889,660.7386572265625,591.0416215515137,664.7761322021485,12.394470785259132,639.9871906316301,689.5650737726668,44.23909494249656
2025-07-31 19:00:00,649.1106670200924,667.8910325613138,644.1632526715522,661.2911987304688,723733,662.068720703125,592.875862121582,664.3857818603516,12.374107496226864,639.6375668678978,689.1339968528054,45.70337340187207
2025-08-03 19:00:00,664.9324667207287,667.8712017589984,653.1180392266576,656.2645874023438,324444,663.1431005859375,594.713529663086,664.006314086914,12.50693117546406,638.9924517359859,689.0201764378421,46.61988206959555
2025-08-04 19:00:00,658.0060932322341,660.9745417731314,651.0797133034737,651.9010009765625,328888,663.5685778808594,596.4830218505859,663.4922790527344,12.793847155633632,637.9045847414671,689.0799733640016,34.62321761360619
2025-08-05 19:00:00,652.9597096943936,656.0171776597696,647.121737143905,648.2101440429688,673481,664.2439978027344,598.1762739562988,663.0331573486328,13.183102062983847,636.6669532226651,689.3993614746005,27.290903229273013
2025-08-06 19:00:00,649.1106635043777,671.3641234606638,649.1106635043777,662.5082397460938,1828141,664.7773291015625,599.7862118530273,663.4002563476563,13.054101286295102,637.292053775066,689.5084589202465,45.22377564425985
2025-08-07 19:00:00,663.349372462634,682.7630224846213,662.9535551380897,675.1736450195312,2402079,665.0516137695313,601.2892366027831,663.9335876464844,13.316947174921392,637.2996932966416,690.5674819963272,57.91970364425113
2025-08-10 19:00:00,676.905197284129,684.7221359998046,664.2497333039652,667.5150146484375,2250781,665.1889538574219,602.6652607727051,663.6327850341797,13.155719041253361,637.321346951673,689.9442231166864,51.59273139142055
2025-08-11 19:00:00,666.8817043363732,666.8817043363732,654.1569698203181,655.5224609375,662061,664.8978466796875,604.0379206848145,663.1236938476562,13.267865206961718,636.5879634337327,689.6594242615797,48.18011427608423
2025-08-12 19:00:00,656.0271038975153,657.8972409052654,648.1112414070475,650.1990356445312,363682,664.2424133300781,605.3772351074218,661.1828186035157,12.065514236593598,637.0517901303285,685.3138470767028,41.753638452700116
2025-08-14 19:00:00,655.0278003479722,657.0166707159201,646.1323583998432,648.0420532226562,328567,663.8575048828125,606.5145962524414,658.5948303222656,8.313764459065151,641.9673014041352,675.2223592403959,44.139485899098176
2025-08-17 19:00:00,648.220105319317,662.9535196763529,648.1112766985242,658.3623046875,808302,663.7314453125,607.5295088195801,657.9091217041016,7.685085533932487,642.5389506362367,673.2792927719665,47.781249718389816
2025-08-18 19:00:00,659.0549339177701,669.8798785361369,653.1081324232385,655.2651977539062,1197979,663.3599938964844,608.389814453125,657.7062744140625,7.6993540954521675,642.3075662231581,673.1049826049668,50.70242229008911
2025-08-19 19:00:00,656.0271077865783,664.338787608138,654.0481421522297,662.2410888671875,610026,663.0166430664062,609.2905902099609,657.6063385009766,7.622676574087882,642.3609853528008,672.8516916491524,57.56662628166565
2025-08-20 19:00:00,663.6758360892682,670.8495870050756,651.0797382898328,657.6400146484375,1589120,662.3255883789062,610.2642909240723,657.5118469238281,7.609279113772313,642.2932886962835,672.7304051513727,54.34232192702296
2025-08-21 19:00:00,658.9955390231377,665.2589820023378,652.0691594838555,652.6727294921875,884453,661.8053161621094,611.2855853271484,656.7524139404297,7.2724813252089024,642.2074512900119,671.2973765908475,45.5637902488525
2025-08-24 19:00:00,653.0587273229661,656.4229934088975,646.6270883417551,647.834228515625,401175,661.3000866699218,612.2425637817382,656.1483337402344,7.494275935967334,641.1597818682998,671.1368856121691,45.65219717921486
2025-08-25 19:00:00,649.1007219575235,658.4513465704678,645.1427907260753,655.7401733398438,1008103,661.2084594726563,613.2732090759278,655.7767852783203,7.309708936648421,641.1573674050235,670.3962031516171,51.9101879728703
2025-08-26 19:00:00,657.0165969810892,661.9640111149829,648.1112515400804,649.5855712890625,571199,661.0141235351563,614.3726232910157,655.5645385742188,7.42983743516748,640.7048637038838,670.4242134445537,50.66797010007546
2025-08-27 19:00:00,646.1322872132241,651.0797013572765,644.1434170643969,645.6177368164062,421574,660.8235485839843,615.409155883789,655.5056610107422,7.507249064038694,640.4911628826648,670.5201591388196,40.8823676705483
2025-08-28 19:00:00,653.0586869750434,654.740819914082,643.1638583845125,645.4990234375,974127,660.6513781738281,616.3863691711426,655.3542724609375,7.683840968795386,639.9865905233468,670.7219543985283,31.471611137406626
2025-08-31 19:00:00,646.2312166330059,665.9219492449442,646.2312166330059,654.978271484375,1607256,660.6875927734375,617.3911395263672,655.0386260986328,7.555717456354113,639.9271911859246,670.150061011341,42.34625588743814
2025-09-01 19:00:00,654.9387330212398,658.9955886136671,648.2102012193001,649.2492065429688,720531,661.5403295898437,618.3858668518067,654.687857055664,7.657957947431773,639.3719411608005,670.0037729505276,45.85299289310445
2025-09-02 19:00:00,650.0902110408988,655.037625127968,648.6455443859088,649.6251831054688,435821,661.2959265136719,619.3858381652832,654.5740661621094,7.71821908807601,639.1376279859574,670.0105043382614,49.594097534019475
2025-09-03 19:00:00,650.0902847342766,659.2924639007246,648.606060339906,653.2269287109375,1259115,660.9211108398438,620.2085932922363,654.8249053955078,7.580807067480561,639.6632912605467,669.986519530469,53.59395717323373
2025-09-04 19:00:00,657.0166346046724,658.995600371554,645.6375814451036,648.3487548828125,919522,660.4764367675781,621.105757598877,654.1169311523438,7.486079812535633,639.1447715272725,669.0890907774151,42.49259610421464
2025-09-07 19:00:00,649.1997002125918,658.0061220941566,647.1218103001179,653.38525390625,827763,660.0782690429687,622.036960144043,653.0275115966797,5.611078710325988,641.8053541760277,664.2496690173317,48.63038855682325
2025-09-08 19:00:00,655.0079886750807,656.3240178870958,648.1113216155026,651.831787109375,442180,659.6694152832031,623.0159051513672,652.2433502197266,4.4570683818470025,643.3292134560326,661.1574869834207,41.765852132382896
2025-09-09 19:00:00,654.1471013210844,658.0061086720971,648.2201085916032,655.8589477539062,656768,659.2684765625,623.8459329223633,652.2601745605468,4.470711882025605,643.3187507964956,661.2015983245981,48.57819974488379
2025-09-10 19:00:00,658.0061150763281,676.2521817958285,656.5218907566071,658.2139282226562,3136863,658.9142431640626,624.6141181945801,652.6609191894531,4.632522296907955,643.3958745956372,661.925963783269,54.615979882021435
2025-09-11 19:00:00,660.9745753516779,663.6857488271776,651.0797463793474,652.3463134765625,892360,658.5934533691407,625.3462368774414,652.8761322021485,4.504872887477807,643.8663864271929,661.8858779771041,53.69533921180493
2025-09-14 19:00:00,653.0587185499701,656.0271672706517,650.2090029466561,653.593017578125,365971,658.283349609375,626.099282989502,652.6376678466797,4.3216848934121925,643.9942980598554,661.2810376335041,48.02621317279261
2025-09-15 19:00:00,655.0376176131762,657.3925915230632,650.0902035828651,652.5243530273438,434097,658.0567578125,626.8895828247071,652.5006256103516,4.2772074103084305,643.9462107897347,661.0550404309685,52.98015540456063
2025-09-16 19:00:00,657.4519497286864,660.7765974204686,653.0586437098182,653.4940185546875,712958,657.8830041503907,627.6814163208007,652.0632720947266,3.626512058631835,644.810247977463,659.3162962119902,58.504293500108744
2025-09-17 19:00:00,657.9962183283671,670.3746589634374,655.0277696539903,666.3573608398438,1868708,658.0622998046875,628.6601635742187,652.4991394042969,4.697712286615353,643.1037148310662,661.8945639775276,67.66089964682645
2025-09-18 19:00:00,667.900924734219,673.8378218429675,659.9850619225541,662.1915893554688,1984622,658.2028063964843,629.6055154418946,652.9750823974609,5.174250679089195,642.6265810392825,663.3235837556393,56.71145779975626
2025-09-21 19:00:00,667.802045565857,667.9009697003667,661.9739766840188,665.8824462890625,745411,658.2303149414063,630.7274905395508,653.8774932861328,5.770019098148718,642.3374550898353,665.4175314824303,66.08611165875502
2025-09-23 19:00:00,666.416700634425,669.2169540149041,660.9745449499567,661.5484619140625,651480,657.9906628417968,631.6938194274902,654.1679077148438,6.009889478654245,642.1481287575352,666.1876866721523,60.71107816442613
2025-09-24 19:00:00,664.8730875173115,666.9114197078106,659.9850399779075,662.419189453125,471875,657.9249609375,632.5283987426758,654.8095886230469,6.177665266755866,642.4542580895352,667.1649191565587,58.683804484954436
2025-09-25 19:00:00,664.6850820069786,690.6590059410064,661.9244466904134,682.6837768554688,2842513,657.7983056640625,633.4253153991699,656.662890625,8.42581583926184,639.8112589464764,673.5145223035237,75.13028732453762
2025-09-28 19:00:00,686.701062739202,710.4486499232667,684.72209714053,700.9891967773438,3497714,657.8220532226562,634.3993621826172,659.4373992919922,12.638963561465237,634.1594721690617,684.7153264149226,79.17517983324043
2025-09-29 19:00:00,702.5328258558852,706.3918331411222,684.7221344961586,687.7796630859375,1732686,658.1361169433594,635.281882019043,661.0774688720703,14.07634845342742,632.9247719652154,689.2301657789252,69.27727169179931
2025-09-30 19:00:00,685.7116396761134,685.7116396761134,671.8588792786161,676.0443725585938,1451106,658.4705615234375,636.0464553833008,662.4172271728515,14.166174501271945,634.0848781703077,690.7495761753954,59.998016830338635
2025-10-01 19:00:00,675.8167852566605,702.3843755710209,664.9324739274904,697.4666748046875,3527058,659.1350988769532,636.8229025268555,664.8093017578125,15.833536147058446,633.1422294636956,696.4763740519294,66.3533397717662
2025-10-02 19:00:00,698.525466412202,741.1226932443253,692.766668678121,729.3577270507812,5382459,660.5316564941406,637.8127319335938,668.6158416748046,21.158386903860755,626.2990678670832,710.9326154825261,76.36692669532346
2025-10-05 19:00:00,731.7126742564833,731.7126742564833,700.0789360477066,711.7548217773438,2232214,661.4095251464844,638.6938171386719,671.7861450195312,22.65887733828484,626.4683903429616,717.1038996961008,67.90760956377447
2025-10-07 19:00:00,710.9434450066967,718.8593079991165,697.5854262069885,703.2452392578125,1144653,662.27611328125,639.2999740600586,674.2791442871094,23.26263169250846,627.7538809020924,720.8044076721263,64.93239899560731
2025-10-08 19:00:00,704.5217406255836,711.3392924106362,698.5947476221548,701.2267456054688,880887,663.0372253417969,639.7616671752929,676.748892211914,23.37581623485853,629.997259742197,723.5005246816311,63.966424276929345
2025-10-09 19:00:00,700.5241584095652,708.4796393351816,690.6590431854855,693.5977783203125,968485,663.8325708007812,639.9918701171875,678.6358337402344,23.122592193601935,632.3906493530305,724.8810181274382,58.2223072135935
2025-10-12 19:00:00,684.7221247852672,692.4895409163591,667.0103578047685,670.9880981445312,1602834,664.3164270019531,640.0372872924804,679.2745422363281,22.701386219201936,633.8717697979242,724.677314674732,52.38914310987452
2025-10-13 19:00:00,675.0747310414689,701.4345708710545,675.0747310414689,693.6077270507812,2382671,665.2180456542969,639.8716479492188,681.337612915039,21.989101677965216,637.3594095591086,725.3158162709694,56.8281416522488
2025-10-14 19:00:00,697.5854166976836,699.9502952288096,678.7852423469659,681.4865112304688,1243849,665.6219519042969,639.6438690185547,682.7322875976563,20.999058262551404,640.7341710725535,724.7304041227591,54.72892824664054
2025-10-15 19:00:00,684.8507577475792,692.6379828085534,677.7957403197986,678.5675659179688,730168,666.0680114746094,639.4944570922852,684.0344482421875,19.80053383005543,644.4333805820767,723.6355159022984,53.79323455845646
2025-10-16 19:00:00,681.7771089861047,683.7706093047775,673.8031077114134,674.760009765625,760602,666.5251916503906,639.3360507202149,685.0977478027344,18.60934528048442,647.8790572417655,722.3164383637032,47.98275357873497
2025-10-19 19:00:00,679.7736303643865,680.3816333597944,665.8291053910577,668.1515502929688,1254635,666.9240197753907,639.0645031738281,685.1874572753907,18.51835143044651,648.1507544144977,722.2241601362837,41.110718978092535
2025-10-20 19:00:00,670.3144645613045,677.6904398815318,662.988375417176,665.9188232421875,457983,666.9922314453125,638.7280633544922,685.3738189697266,18.292122487449987,648.7895739948266,721.9580639446266,43.7082709725472
2025-10-21 19:00:00,666.5965958219392,673.2050539706215,658.8518279380087,661.7224731445312,592006,666.7232080078124,638.5147598266601,685.1658203125,18.54729436696173,648.0712315785765,722.2604090464235,45.691051416508316
2025-10-22 19:00:00,661.7224486653708,662.3404288486696,649.881052835715,654.077392578125,825814,666.4544555664063,638.4060629272461,684.7922668457031,19.11455812750276,646.5631505906977,723.0213831007086,35.76566539692507
2025-10-23 19:00:00,653.369676544134,660.8253476645363,629.9460496962513,635.18896484375,1496163,666.0477856445312,638.1877352905274,683.4307556152344,21.60021812347559,640.2303193682832,726.6311918621856,16.225486096912462
2025-10-26 19:00:00,633.9330996049143,645.8941014842522,630.2949371985617,638.8171997070312,432971,665.8201489257813,637.9250134277344,681.2374267578125,23.79563936237889,633.6461480330547,728.8287054825703,20.92574570580507
2025-10-27 19:00:00,639.9135714466219,642.9038217804846,619.9785692208703,625.9291381835938,1289718,665.377890625,637.5354644775391,677.484423828125,26.303482205857282,624.8774594164105,730.0913882398396,20.21993222799867
2025-10-28 19:00:00,623.9755264395268,624.9622992834553,602.585247851481,605.2565307617188,1085325,664.3157751464844,637.1750442504883,673.358267211914,30.70741686845605,611.9434334750019,734.7731009488261,17.679383802281308
2025-10-29 19:00:00,607.0208294264655,620.9753312523613,595.1594785397342,597.890625,1014091,663.1682836914063,636.7725006103516,669.4505798339844,35.01782479203604,599.4149302499123,739.4862294180565,17.710764876721257
2025-10-30 19:00:00,607.9079713793536,616.4600439735174,603.0338484825219,610.1207275390625,854114,662.1258764648437,636.4115652465821,665.0832824707031,36.74404862723541,591.5951852162323,738.571379725174,27.918331232006423
2025-11-02 19:00:00,616.7789698995267,643.9005619084018,612.6125617993587,638.46826171875,1302848,661.74244140625,636.4251434326172,660.5388092041015,33.88563384387665,592.7675415163483,728.3100768918548,30.794496295190825
2025-11-03 19:00:00,638.0795574230727,638.4184792466033,624.4639769679891,628.2416381835938,763115,661.2538195800781,636.49,656.363150024414,32.35314363587812,591.6568627526578,721.0694372961702,31.206358562317575
2025-11-04 19:00:00,627.9525853739153,648.8843382197125,623.4672097641017,639.056396484375,1682844,661.0782629394531,636.7043161010743,653.1537078857422,30.59357965818202,591.9665485693781,714.3408672021062,36.79019470123052
2025-11-05 19:00:00,640.4119373774131,653.3597114046656,627.9525611638447,642.9237670898438,1804907,660.8219348144531,636.9730465698242,650.238558959961,28.47625795717201,593.2860430456169,707.1910748743051,39.3604153314619
2025-11-06 19:00:00,644.7976721525542,679.783576768841,643.9005727165269,669.2279663085938,2771975,661.2147827148438,637.2562915039063,649.020068359375,27.006752935889665,595.0065624875957,703.0335742311544,50.3178869637505
2025-11-09 19:00:00,674.7798590672296,726.5112132727968,674.7798590672296,707.5430297851562,4924812,662.4532885742187,637.4805255126953,650.8478149414062,29.676731012966147,591.4943529154739,710.2012769673386,60.13295236566952
2025-11-10 19:00:00,711.6795609911127,719.6535616744866,668.8193073179784,672.666748046875,3657170,662.9966430664062,637.5988500976563,649.8007659912109,28.43199498422814,592.9367760227547,706.6647559596672,52.31801229388989
2025-11-11 19:00:00,673.8030561976118,687.7575573614677,667.8225556988164,671.4307861328125,1498582,663.325693359375,637.7481997680665,649.2979797363281,27.926599164008923,593.4447814083103,705.1511780643459,53.77804318522959
2025-11-12 19:00:00,674.8097771848977,680.7204978220082,666.3274243231273,672.6268920898438,777768,663.7932470703125,637.8480200195313,649.0009460449219,27.628902460775766,593.7431411233704,704.2587509664734,58.83099901897465
2025-11-13 19:00:00,673.7034539304053,683.8603404407822,669.8161039921588,673.8230590820312,502957,664.2772045898438,637.9608462524415,648.9540985107421,27.583683974584055,593.786730561574,704.1214664599103,58.35315535748096
2025-11-16 19:00:00,681.7770800169883,686.7508533668502,673.8030790811171,675.5374145507812,831669,664.7234143066406,638.1569006347656,649.3233917236328,27.901835251652432,593.5197212203279,705.1270622269376,62.50441541178715
2025-11-17 19:00:00,672.8063153952917,693.7380674298118,671.8095652984097,680.381591796875,1666748,665.3640710449218,638.4417892456055,650.0465301513672,28.53481775193425,592.9768946474986,707.1161656552357,70.57830629960674
2025-11-18 19:00:00,682.7738594735101,692.7413610716635,675.7966083548027,678.4479370117188,1412414,665.8653247070313,638.7538677978515,650.8828033447265,29.13381636913125,592.6151706064641,709.150436082989,72.74315086786979
2025-11-19 19:00:00,680.6806623760596,689.7510638813994,675.2981875428441,677.1421508789062,1179307,666.3715319824219,639.0095968627929,652.0360412597656,29.717578217500538,592.6008848247645,711.4711976947667,70.16554760214363
2025-11-20 19:00:00,675.7965803393919,684.767331405844,671.819557100486,673.08544921875,625334,666.7160620117188,639.360712890625,653.9308654785157,29.794913962311632,594.3410375538924,713.5206934031389,62.198840270488844
2025-11-23 19:00:00,674.7998112229942,675.5673282604026,663.8355602282336,665.1612548828125,443109,666.8550085449219,639.7636856079101,655.2480682373047,29.673663099734465,595.9007420378357,714.5953944367736,63.22480046629648
2025-11-24 19:00:00,666.8856035356805,671.8095513454828,654.4262275834275,655.4429321289062,390548,666.9169409179688,640.162890625,656.7237579345704,28.86163403493504,599.0004898647003,714.4470260044404,55.91621481423697
2025-11-25 19:00:00,655.8615500466332,655.8615500466332,617.975069921754,640.0929565429688,1392111,666.6469396972657,640.3971334838867,658.4655792236329,26.550759448121557,605.3640603273898,711.5670981198759,49.056213687221316
2025-11-26 19:00:00,640.1129458169794,647.7879339873011,635.9265831025493,643.491943359375,652088,666.4662915039063,640.6033493041992,660.7456451416016,22.762878827927043,615.2198874857474,706.2714027974557,39.87294923493344
2025-11-27 19:00:00,645.8940595920093,656.858310603602,644.0101873173679,645.8242797851562,1006406,666.3128967285156,640.8623400878906,662.5308227539062,19.78948694562493,622.9518488626563,702.1097966451562,16.119503800834153
2025-11-30 19:00:00,645.8940764770152,660.8453282473165,645.8940764770152,658.6524658203125,814847,666.158798828125,641.2463250732421,663.5400329589844,18.99656032857031,625.5469123018438,701.533153616125,39.84985871760142
2025-12-01 19:00:00,661.8420808496022,666.815854223304,654.8648299972721,655.9014282226562,474065,666.0329956054687,641.6787438964843,664.9230224609375,17.214796559892935,630.4934293411517,699.3526155807234,38.99407470081521
2025-12-02 19:00:00,660.7357136137041,661.8520689013775,649.0039450210633,650.8878173828125,405878,665.7331030273438,642.1198852539062,665.5145935058594,16.466138632007645,632.5823162418441,698.4468707698746,35.38402067566891
2025-12-03 19:00:00,649.8810769490956,660.5961407178115,649.8810769490956,658.6524658203125,616895,665.6751831054687,642.3185397338867,666.3010284423829,15.687598970202249,634.9258305019783,697.6762263827874,40.62802824920534
2025-12-04 19:00:00,661.8420633488673,666.8258138258919,656.1605756376997,659.1907348632812,559349,665.6106140136719,642.4566082763672,665.7991668701172,15.749463610418315,634.3002396492806,697.2980940909539,39.7525685154264
2025-12-07 19:00:00,659.1907768958756,664.7227281107523,654.8648544377894,657.4065551757812,361163,665.1050695800782,642.6190521240235,663.2923431396484,12.386471847971805,638.5193994437049,688.065286835592,35.022770840909686
2025-12-08 19:00:00,661.8321228076269,668.7197004173458,658.9614775067612,666.74609375,805203,664.4202075195312,642.7811434936524,662.9963104248047,12.22027054253036,638.555769339744,687.4368515098655,43.04337697906151
2025-12-09 19:00:00,667.8225822239082,670.7131819145226,657.3567059353246,658.8218994140625,587121,663.8410522460938,642.9495755004883,662.3658660888672,12.086750806528805,638.1923644758095,686.5393677019248,39.90332509208336
2025-12-10 19:00:00,658.8418446000836,662.8388222697636,653.9079193947761,655.2435913085938,417536,663.4250366210938,643.1576544189453,661.4967010498046,11.934096535543546,637.6285079787176,685.3648941208917,40.11485289671829
2025-12-11 19:00:00,655.9014534249395,659.8486059600276,655.8815597907635,658.0245361328125,169779,662.6361938476563,643.3410482788086,660.7067749023438,11.593255078020826,637.5202647463021,683.8932850583855,45.80698835274543
2025-12-14 19:00:00,660.3469271073416,661.7324243174999,654.8648016747524,655.1439208984375,275053,661.1519177246093,643.5021728515625,659.6871002197265,11.106826838283288,637.47344654316,681.900753896293,49.80897471790724
2025-12-15 19:00:00,655.3631845494326,659.8485599569952,647.448986396839,649.0437622070312,322233,659.8976965332031,643.6438293457031,658.1202087402344,10.207804367614376,637.7046000050057,678.5358174754631,56.48467997120475
2025-12-16 19:00:00,650.8778536743913,654.8648543094565,646.8908530393261,649.881103515625,458036,658.8304138183594,643.7910083007813,656.6918670654297,9.158399221092974,638.3750686232438,675.0086655076157,54.80725073752816
2025-12-17 19:00:00,652.8713532630293,661.3437296030838,647.8876024747619,650.0306396484375,791881,657.8064916992188,643.9311181640625,655.3362915039063,7.890885448796436,639.5545206063134,671.1180624014992,53.27238418664987
2025-12-18 19:00:00,648.904281933853,651.5456332471019,643.70121467758,644.8375244140625,345831,656.8312866210938,644.0006365966797,653.9238952636719,7.027575902289246,639.8687434590934,667.9790470682503,37.80363739821277
2025-12-21 19:00:00,646.6216605996522,646.6216605996522,637.9300290947219,638.7274169921875,168913,656.1860729980468,644.0678045654297,652.6022033691406,7.283965625914796,638.034272117311,667.1701346209702,35.687028142806724
2025-12-22 19:00:00,638.9168479940189,655.8616005929242,638.9168479940189,647.5586547851562,1020152,655.2650915527344,644.2178176879883,652.2079895019531,7.335302169793748,637.5373851623656,666.8785938415406,47.391437007591584
2025-12-23 19:00:00,648.3859715067919,652.8713471744023,642.9138229261954,644.3192138671875,205903,654.5217456054687,644.4033837890624,652.419302368164,7.0221161729859745,638.3750700221921,666.463534714136,37.911974781697374
2025-12-25 19:00:00,645.8940860605775,657.755436975731,644.2494240067217,653.788330078125,468294,654.0261608886718,644.6455963134765,652.9341217041016,6.703368809066965,639.5273840859677,666.3408593222355,46.040328143719
2025-12-28 19:00:00,653.7883070579646,670.8128157612155,652.8713140023716,660.4266967773438,1333558,653.7394946289063,644.9191207885742,653.6642425537109,6.683424958854662,640.2973926360015,667.0310924714203,52.06655128749128
2025-12-29 19:00:00,662.0414461515933,695.4325753874738,662.0414461515933,690.3092651367188,2804325,654.1826489257812,645.2772470092773,655.2470825195312,10.554527280137037,634.1380279592571,676.3561370798053,62.58514045934611
2025-12-30 19:00:00,684.767328548437,689.6514284434003,679.78357797676,681.2089233398438,774840,654.4884509277343,645.5222897338867,656.5124572753906,12.048429513427877,632.4155982485348,680.6093163022464,61.80859838550885
2026-01-01 19:00:00,692.7413028074333,701.612402818391,685.76405227556,694.5852661132812,1491705,655.1457067871094,645.8649374389648,658.6973297119141,14.654902662085181,629.3875243877437,688.0071350360845,68.8077077947467
2026-01-04 19:00:00,682.7738255745909,702.609177104835,682.7738255745909,690.0999145507812,828504,655.8661572265624,646.187978515625,660.2697021484375,16.250069617469357,627.7695629134988,692.7698413833763,65.08809858083336
2026-01-05 19:00:00,690.0999047708752,759.1149325348259,682.7738158985082,747.00439453125,6844680,658.1024658203125,646.750718383789,664.6603851318359,25.291366573558562,614.0776519847188,715.243118278953,78.64954569370322
2026-01-06 19:00:00,747.0044301537769,756.5333590944057,730.6776579324635,746.4163208007812,2511126,660.2544482421876,647.2536227416992,669.110873413086,31.109897975815123,606.8910774614558,731.3306693647162,81.44998367721576
2026-01-07 19:00:00,744.5523585495688,786.4358165622698,742.5887900850366,761.6964721679688,4856280,662.969794921875,647.8249624633789,673.8583923339844,37.34928413680673,599.159824060371,748.5569606075978,83.03295067406236
2026-01-08 19:00:00,758.526815029565,761.5170652859233,748.9879094113662,752.3369750976562,1071913,665.9114038085937,648.3363940429688,678.534146118164,41.039101924977395,596.4559422682092,760.6123499681188,78.66395062142189
2026-01-11 19:00:00,753.5430761491185,757.0317015016608,731.6145739331389,734.8938598632812,741577,668.6514685058594,648.6257437133789,682.5166595458984,42.498736188898,597.5191871681023,767.5141319236944,73.61102976640254
2026-01-12 19:00:00,731.1161863192309,738.5718574767699,722.5142282308352,731.91357421875,751701,671.0873254394531,648.940859375,686.2111114501953,43.4583409399886,599.2944295702181,773.1277933301725,74.83925989267506
2026-01-13 19:00:00,727.6275874701574,749.4564394289819,727.6275874701574,740.6451416015625,1286505,673.1308630371094,649.2458053588867,690.4861724853515,44.43581469261041,601.6145431001307,779.3578018705723,74.82588353950368
2026-01-14 19:00:00,742.8180478478644,757.5300893163701,734.6148138484378,744.01416015625,753822,675.4463134765625,649.6096987915039,695.2346923828125,44.846577168346116,605.5415380461202,784.9278467195047,76.56997554146791
2026-01-15 19:00:00,753.5430904461414,772.4813427192587,746.6654902859212,764.2880859375,2292776,677.950947265625,650.2158639526367,700.9550415039063,46.03778165099723,608.8794782019118,793.0306048059008,77.84588409007014
2026-01-18 19:00:00,767.497577911452,787.4325799351261,763.5105775067171,784.482177734375,1575141,680.7821154785156,650.9016268920899,707.6776184082031,47.98557701368835,611.7064643808264,803.6487724355798,79.26267320913922
2026-01-19 19:00:00,797.4001069342333,831.2896114789384,784.4423551965521,822.9966430664062,4150912,683.8574890136719,651.777389831543,716.5855743408204,52.06891328471588,612.4477477713885,820.7234009102522,80.07410518487285
2026-01-20 19:00:00,827.212866229322,842.1542016474397,809.3710755638106,824.1727905273438,2767367,686.1900842285156,652.6957431030273,725.8578430175781,53.95216203420446,617.9535189491692,833.7621670859871,83.61063822215692
2026-01-21 19:00:00,836.2733529518667,891.0946097007972,832.2863524610353,881.7550659179688,2987374,690.3718505859375,653.8994348144531,737.5676635742187,61.016246005711224,615.5351715627962,859.6001555856412,86.43102175889251
2026-01-22 19:00:00,890.1477090711536,945.9158921172942,867.7308079370566,878.8046875,3342016,694.5193286132812,655.0921841430664,749.2919372558594,64.57965906878405,620.1326191182912,878.4512553934275,86.95058553456067
2026-01-25 19:00:00,883.6189561156033,894.0848320763633,869.1860342584446,875.4755249023438,1246155,698.5763012695312,656.4659866333008,760.3762969970703,66.32623245955325,627.7238320779638,893.0287619161768,81.8356935539735
2026-01-26 19:00:00,857.3047740291127,879.023998589997,857.3047740291127,867.7208251953125,934173,702.4542565917968,657.7694509887696,770.7410034179687,66.08152679973088,638.577949818507,902.9040570174304,79.02871917442269
2026-01-27 19:00:00,867.7207720561995,892.0913237379648,863.1855713486899,883.8781127929688,905173,706.6210705566406,659.2526501464844,780.4194458007812,67.83334514401984,644.7527555127415,916.0861360888209,79.11638969241547
2026-01-28 19:00:00,884.1074049376132,886.1108824710141,837.4694873666245,844.0978393554688,1867149,709.8953955078125,660.4627865600586,788.5638916015625,65.01476012407258,658.5343713534173,918.5934118497078,69.09801175700031
2026-01-29 19:00:00,852.2213613576555,885.0044877421756,842.2538600552268,860.7535400390625,1691609,713.5415075683594,661.8058731079102,796.8723052978515,62.957893270324206,670.9565187572032,922.7880918384999,76.28107302905812
2026-02-01 19:00:00,861.1920877718018,876.1433392956178,855.73989391778,869.993408203125,1002061,717.3985327148438,663.2002056884766,805.8669799804687,59.66507352980767,686.5368329208534,925.1971270400841,78.09826082161237
2026-02-02 19:00:00,870.2126652910628,888.2139697184798,870.2126652910628,877.3693237304688,937186,721.4842102050782,664.5696243286133,812.3852264404297,60.016019547744946,692.3531873449399,932.4172655359196,77.97675174341941
2026-02-03 19:00:00,878.1368782682208,882.8714414597918,869.1661269578757,875.7147827148438,345211,725.6952807617188,665.9407638549804,818.8501495361328,59.497616501886355,699.8549165323601,937.8453825399055,77.13924132783853
2026-02-05 19:00:00,867.172618196603,869.1561412330727,835.7052091071447,844.656005859375,1496439,729.4795422363281,667.1619033813477,822.9981262207032,58.18059279929143,706.6369406221203,939.3593118192861,65.85644056056562
2026-02-08 19:00:00,861.1920771061157,861.1920771061157,816.5476625101603,838.316650390625,2505580,733.4440161132812,668.400474243164,827.2971099853515,55.81297711181637,715.6711557617188,938.9230642089843,61.23569971282231
2026-02-09 19:00:00,851.2246265598028,864.172401250987,842.3535259061337,854.0753173828125,1360874,737.65568359375,669.6608438110352,833.2561828613282,51.63392430067781,729.9883342599726,936.5240314626838,57.167159544684864
2026-02-10 19:00:00,856.2083364265562,878.1368386400419,853.3177368000593,867.8403930664062,1323427,742.096005859375,671.044955444336,840.052523803711,46.25849503775311,747.5355337282048,932.5695138792172,59.51770403366004
2026-02-11 19:00:00,869.1660843542938,871.0399794031025,827.3125575262127,846.33056640625,1577463,745.8495678710938,672.3442260742188,845.3367950439454,39.9053054326752,765.5261841785949,925.1474059092958,40.838311216598775
2026-02-12 19:00:00,847.2476055415173,847.2476055415173,825.3091249852553,833.9708862304688,1125691,749.41095703125,673.6618466186524,849.8346313476562,32.211906548338085,785.41081825098,914.2584444443324,38.942966390731414
2026-02-15 19:00:00,836.2733716500476,840.2603722300239,817.1955592740284,826.5750122070312,860613,752.9247009277344,675.0020550537109,852.9489776611329,25.89792405605258,801.1531295490277,904.7448257732381,38.177175470191266
2026-02-16 19:00:00,823.315611059593,832.2863622696855,780.9537303452678,797.8187255859375,1399012,755.7080261230469,676.3082647705078,853.6158050537109,24.15530427101647,805.305196511678,901.9264135957438,34.65761366973243
2026-02-17 19:00:00,802.3838278087267,812.3513287752946,787.4325763588746,805.8026733398438,590600,758.6402648925781,677.6564227294922,852.7561065673829,25.5671217920051,801.6218629833727,903.890350151393,32.22599542028857
2026-02-18 19:00:00,810.3578516595363,810.3578516595363,729.6310687662337,742.2000732421875,1071617,760.3361352539063,678.7985772705078,848.657470703125,35.16093140465811,778.3356078938087,918.9793335124413,29.072662477421076
2026-02-19 19:00:00,742.5788607300152,762.3145015055467,709.6861058251958,750.2737426757812,445960,762.0066882324219,679.925144958496,842.0834045410156,40.52878837846071,761.0258277840942,923.1409812979371,26.481058433642744
2026-02-22 19:00:00,749.5561085139483,757.530109668352,726.6308551950376,729.680908203125,851593,763.4238684082031,680.9427621459961,834.6272155761719,46.66963655330905,741.2879424695539,927.96648868279,21.507496931225745
2026-02-23 19:00:00,737.5950616483345,772.281952380113,737.5950616483345,758.0084838867188,791120,765.4791662597656,682.0887084960938,828.7538635253907,48.60959669652988,731.5346701323309,925.9730569184504,27.662733788757677
2026-02-24 19:00:00,759.5236116607969,766.4908854511988,718.7066809927679,728.6143798828125,443761,766.8909631347656,683.2535215759277,821.7985412597657,52.53416274699593,716.7302157657738,926.8668667537576,25.060819244274725
2026-02-25 19:00:00,731.6045956844226,792.416328979355,722.5939966875902,777.8737182617188,623784,769.3455590820313,684.9113589477539,816.4983215332031,51.27356821152481,713.9511851101535,919.0454579562528,39.33595171592816
2026-02-26 19:00:00,747.9114039579033,772.3816672799485,747.9114039579033,752.8054809570312,250445,771.4207934570312,686.3073065185547,811.9337036132813,52.730160632990355,706.4733823473006,917.394024879262,37.1159021172181
2026-03-01 19:00:00,677.5209350585938,716.6633314764091,677.5209350585938,677.5209350585938,665753,771.9735900878907,687.0899984741211,802.7720733642578,59.30901835779391,684.1540366486701,921.3901100798456,27.444265014000507
2026-03-02 19:00:00,667.8225778157035,698.701876946033,652.8713260735609,690.119873046875,1052260,772.7753747558594,687.7828598022461,793.7783966064453,62.14910739888536,669.4801818086746,918.076611404216,27.227431696912276
2026-03-03 19:00:00,692.7413060927892,714.6698078683883,685.2656804874713,697.0572509765625,648173,773.8197692871094,688.4213049316406,784.76279296875,62.46246628536126,659.8378603980275,909.6877255394725,30.13053741678317
2026-03-04 19:00:00,699.7684120614847,766.760009765625,699.7684120614847,766.760009765625,957780,776.3804211425781,689.1723715209961,779.315054321289,58.753684243454785,661.8076858343795,896.8224228081986,42.23853605196455
2026-03-05 19:00:00,790.02001953125,818.0,766.7999877929688,788.77001953125,2059054,779.2046484375,690.1066107177735,776.5207550048829,56.77828860309832,662.9641777986863,890.0773322110795,45.776848810318775
2026-03-08 19:00:00,724.0,797.0,724.0,781.6400146484375,1285250,781.951064453125,691.0408706665039,773.6869232177735,54.91551844618747,663.8558863253985,883.5179601101485,48.10093844040701
2026-03-09 19:00:00,819.9000244140625,845.0,808.7999877929688,813.489990234375,1032883,785.14509765625,692.0955926513672,771.6576568603516,52.4846849574459,666.6882869454598,876.6270267752434,50.854465378578986
2026-03-10 19:00:00,805.0999755859375,829.0,791.0,796.989990234375,794001,787.8763635253906,692.9274069213867,768.11513671875,47.83624497759908,672.4426467635519,863.7876266739481,56.80232447117584
2026-03-11 19:00:00,791.0,810.0,780.1099853515625,802.3900146484375,424656,790.117978515625,693.8671612548828,765.9181091308594,44.9785887945506,675.9609315417582,855.8752867199606,56.513626565390894
2026-03-12 19:00:00,800.0,830.0,793.0,822.3699951171875,671243,792.9411999511718,694.7998028564454,765.3380645751953,44.12142424798884,677.0952160792176,853.580913071173,61.60229580018067
2026-03-15 19:00:00,828.97998046875,838.0,802.0,804.9000244140625,714869,795.1474951171875,695.5170059204102,764.2543151855468,42.784033010351415,678.686249164844,849.8223812062497,56.03362307021618
2026-03-16 19:00:00,808.0,820.0,790.0,795.22998046875,382060,797.2500964355469,696.1899157714844,764.1248779296875,42.68093574550897,678.7630064386695,849.4867494207055,59.029900609290564
2026-03-17 19:00:00,796.5,833.0,790.010009765625,822.760009765625,805562,798.7652087402344,696.9533267211914,764.9727447509765,43.70851159934241,677.5557215522917,852.3897679496613,56.465307840529846
2026-03-18 19:00:00,804.0,819.0,790.47998046875,812.5399780273438,487035,800.0876818847656,697.6011730957031,768.4897399902344,44.600511999674545,679.2887159908853,857.6907639895835,58.98847861258425
2026-03-23 19:00:00,824.9400024414062,828.989990234375,805.0999755859375,808.4500122070312,282147,801.0227526855468,698.3069857788086,771.3985534667969,45.24243735737323,680.9136787520505,861.8834281815433,75.07363797793386
2026-03-24 19:00:00,814.4500122070312,822.0,808.0,814.5499877929688,633827,802.2670129394531,699.0564093017579,775.6420074462891,45.103524746859115,685.4349579525708,865.8490569400074,74.43733885052401
2026-03-25 19:00:00,811.969970703125,819.489990234375,793.0,798.1799926757812,450747,803.5327355957031,699.6781204223632,777.6505828857422,45.17134808375979,687.3078867182227,867.9932790532617,69.15038297413928
2026-03-26 19:00:00,793.2000122070312,811.989990234375,778.0,793.02001953125,621836,804.7548645019531,700.246177368164,780.8708648681641,43.765420815085726,693.3400232379926,868.4017064983356,56.582116587318104
2026-03-29 19:00:00,788.0,793.0,726.0,741.4400024414062,930472,804.77076171875,700.4924136352539,779.0491790771484,44.64613401358615,689.7569110499761,868.3414471043208,39.66819043609295
2026-03-30 19:00:00,742.0,772.9600219726562,742.0,753.5700073242188,480038,804.9618786621094,700.8668319702149,779.0874053955079,44.6228025506372,689.8418002942335,868.3330104967822,44.00341619563587
2026-03-31 19:00:00,779.989990234375,815.0,770.1500244140625,801.6599731445312,937934,805.70931640625,701.5096533203125,785.2943572998047,37.87510189059082,709.544153518623,861.0445610809863,47.63673775852277
2026-04-01 19:00:00,755.0,820.0,755.0,816.2999877929688,903528,806.3456726074219,702.2895455932617,791.6033630371094,31.088192988768125,729.4269770595731,853.7797490146456,53.88640625687146
2026-04-02 19:00:00,800.0,883.0,791.030029296875,864.5599975585938,3158626,807.1769396972657,703.3158337402343,799.9785003662109,26.501125926568555,746.9762485130739,852.980752219348,60.6714936317377
2026-04-05 19:00:00,869.9000244140625,878.0,831.0,846.260009765625,1958034,807.6186840820312,704.2714013671875,803.953500366211,27.20911353383761,749.5352732985357,858.3717274338862,54.124515012739806
2026-04-06 19:00:00,833.989990234375,842.0,817.5,833.0,705456,806.6435827636719,705.1658636474609,806.1649993896484,27.7030568508479,750.7588856879527,861.5711130913442,54.922910508439486
2026-04-07 19:00:00,874.47998046875,885.0,844.0,874.4000244140625,4709907,806.5554895019532,706.2720260620117,810.8029998779297,30.955018819065206,748.8929622397992,872.7130375160601,62.48226953084553
2026-04-08 19:00:00,874.4000244140625,884.7999877929688,862.0,867.7000122070312,1859056,806.3999792480469,707.5774642944336,813.5135009765625,33.47360655672463,746.5662878631132,880.4607140900117,57.58353093028253
2026-04-09 19:00:00,865.0,887.4000244140625,865.0,883.3099975585938,1616456,806.7117626953125,708.6847875976563,817.8295013427735,36.645622792410734,744.538255757952,891.120746927595,61.72893255926495
2026-04-12 19:00:00,841.0,871.0,820.0,827.3800048828125,1525333,805.5818005371094,709.4618490600586,819.0790008544922,36.51729303027286,746.0444147939464,892.1135869150379,52.677282603347415
2026-04-13 19:00:00,840.0,858.4400024414062,840.0,845.3800048828125,598999,805.6074438476562,710.3358367919922,820.2295013427735,36.98590076822835,746.2576998063167,894.2013028792302,54.21832056861257
2026-04-14 19:00:00,855.010009765625,858.0,841.0999755859375,843.1799926757812,672917,805.2559729003906,711.1852685546875,822.1434997558594,37.14101481489179,747.8614701260758,896.4255293856429,56.405511408774636
2026-04-15 19:00:00,860.0499877929688,881.0,860.0499877929688,867.75,1407122,805.2111047363281,712.1626461791992,825.7695007324219,37.90729851304218,749.9549037063375,901.5840977585062,60.0803911307944
2026-04-16 19:00:00,870.0,879.8800048828125,867.0,875.1500244140625,697551,805.16671875,713.1588668823242,828.3890014648438,39.4664719344032,749.4560575960373,907.3219453336502,70.47689071270858
2026-04-19 19:00:00,869.969970703125,905.0,860.260009765625,884.5999755859375,1770032,805.3444226074218,714.2022387695313,831.9920013427734,41.19484870539317,749.6023039319871,914.3816987535597,70.2325390274599
2026-04-20 19:00:00,875.0999755859375,944.0,875.0999755859375,912.010009765625,2021230,806.6915026855469,715.4203598022461,837.1700012207032,44.45915831419118,748.2516845923208,926.0883178490856,68.20176370280538
2026-04-21 19:00:00,919.0,943.7000122070312,911.010009765625,923.2000122070312,1261635,808.389169921875,716.6908688354492,842.6025024414063,48.043278074482096,746.5159462924421,938.6890585903705,67.83569228087083
2026-04-22 19:00:00,917.0999755859375,941.7999877929688,917.0999755859375,929.47998046875,896574,809.8972631835937,718.0189990234375,849.1675018310547,50.55863051395789,748.0502408031389,950.2847628589705,62.59603799669221
2026-04-23 19:00:00,930.0,981.0,925.0,972.780029296875,1379812,811.9960559082032,719.571990661621,858.1555023193359,55.762259162790556,746.6309839937549,969.680020644917,72.37707583168205
2026-04-26 19:00:00,978.0,1005.0,951.2000122070312,956.6400146484375,1670362,814.2022448730469,721.0682278442383,868.9155029296875,52.735836405356174,763.4438301189751,974.3871757403998,71.64717081461116
2026-04-29 19:00:00,930.0,934.97998046875,890.0,917.219970703125,903040,815.8672265625,722.3784963989258,877.0980010986328,46.18610699674779,784.7257871051372,969.4702150921285,57.54935323417347
