Date,Open,High,Low,Close,Volume,SMA_50,SMA_200,SMA_20,STD_20,BBL_20_2.0,BBU_20_2.0,RSI_14
2007-12-31 19:00:00,43.12417589844633,43.32109069824219,43.12417589844633,43.32109069824219,8000,,,,,,,
2008-01-01 19:00:00,43.12417734762227,45.241004943847656,41.351951601579245,45.241004943847656,11000,,,,,,,
2008-01-02 19:00:00,45.29023205626188,47.4562873840332,45.29023205626188,47.4562873840332,1000,,,,,,,
2008-01-03 19:00:00,47.45628849299423,49.819254923732025,47.45628849299423,49.77002716064453,2000,,,,,,,
2008-01-06 19:00:00,52.18222517874248,52.23145294189453,52.18222517874248,52.23145294189453,4000,,,,,,,
2008-01-07 19:00:00,54.8405647277832,54.8405647277832,54.8405647277832,54.8405647277832,500,,,,,,,
2008-01-08 19:00:00,57.548133850097656,57.548133850097656,57.548133850097656,57.548133850097656,2500,,,,,,,
2008-01-09 19:00:00,60.403385162353516,60.403385162353516,60.403385162353516,60.403385162353516,1500,,,,,,,
2008-01-10 19:00:00,60.40338399402049,63.40632629394531,60.40338399402049,63.40632629394531,1000,,,,,,,
2008-01-13 19:00:00,63.40632629394531,63.40632629394531,63.40632629394531,63.40632629394531,1000,,,,,,,
2008-01-14 19:00:00,67.93534617451711,69.85525512695312,67.93534617451711,69.85525512695312,10500,,,,,,,
2008-01-15 19:00:00,69.60911560058594,70.88905996574866,69.60911560058594,69.60911560058594,2000,,,,,,,
2008-01-16 19:00:00,66.95077514648438,66.95077514648438,66.95077514648438,66.95077514648438,500,,,,,,,
2008-01-17 19:00:00,66.95077514648438,66.95077514648438,66.95077514648438,66.95077514648438,500,,,,,,,90.13378489818281
2008-01-20 19:00:00,66.95077514648438,68.87068407616222,66.95077514648438,66.95077514648438,2500,,,,,,,90.13378489818281
2008-01-21 19:00:00,63.60323976322377,66.40926361083984,63.60323976322377,66.40926361083984,2500,,,,,,,87.71930921675124
2008-01-23 19:00:00,62.66789721126726,63.94783401489258,62.66789721126726,63.94783401489258,3000,,,,,,,79.13043185294495
2008-01-24 19:00:00,63.94783498044215,63.997066497802734,61.04335573636568,63.997066497802734,2000,,,,,,,77.3156901195493
2008-01-27 19:00:00,61.043357849121094,61.043357849121094,61.043357849121094,61.043357849121094,2000,,,,,,,66.60482833537384
2008-01-28 19:00:00,58.089646291316384,58.13887405395508,58.089646291316384,58.13887405395508,1000,,,59.57388458251953,8.2152748479243,43.14333488667093,76.00443427836814,56.14678776466253
2008-01-29 19:00:00,55.234389264635304,58.0404167175293,55.234389264635304,58.0404167175293,3500,,,60.30985088348389,7.289824784685434,45.73020131411302,74.88950045285476,51.01625564890532
2008-01-30 19:00:00,55.234389307097345,56.85893171559209,52.67450816942298,56.612789154052734,2000,,,60.87844009399414,6.44744599009817,47.9835481137978,73.77333207419048,41.684663889314734
2008-01-31 19:00:00,56.612791732030864,56.95738983154297,53.80676790503916,56.95738983154297,1500,,,61.35349521636963,5.714840056308982,49.923815103751664,72.7831753289876,33.9853258579557
2008-02-06 19:00:00,56.95738910271034,57.941959381103516,56.317420675257296,57.941959381103516,1500,,,61.76209182739258,5.102380049706378,51.55733172797983,71.96685192680533,37.0629311261984
2008-02-07 19:00:00,57.79427719116211,57.79427719116211,57.79427719116211,57.79427719116211,500,,,62.040233039855956,4.6904975945297425,52.65923785079647,71.42122822891544,9.302354318937361
2008-02-10 19:00:00,57.79427719116211,57.79427719116211,57.79427719116211,57.79427719116211,500,,,62.1879186630249,4.494272860810122,53.19937294140466,71.17646438464514,9.45948669967477
2008-02-11 19:00:00,54.44673524951213,54.64365005493164,54.44673524951213,54.64365005493164,1500,,,62.0426944732666,4.694553769589909,52.65358693408678,71.43180201244641,9.150352286283905
2008-02-12 19:00:00,54.6436506904602,55.086708068847656,52.18222498368271,55.086708068847656,2000,,,61.77686061859131,4.936560308403703,51.9037400017839,71.64998123539871,11.746063530611082
2008-02-13 19:00:00,54.151363372802734,54.151363372802734,54.151363372802734,54.151363372802734,1000,,,61.31411247253418,5.202394483193173,50.90932350614783,71.71890143892053,11.077872582598857
2008-02-19 19:00:00,52.18222427368164,52.18222427368164,52.18222427368164,52.18222427368164,3000,,,60.752907371521,5.558058440395545,49.63679049072991,71.86902425231209,10.192863575922573
2008-02-20 19:00:00,49.62234115600586,49.62234115600586,49.62234115600586,49.62234115600586,1000,,,59.741261672973636,5.65460449610269,48.43205268076826,71.05047066517902,10.137014278459674
2008-02-24 19:00:00,49.622343736979424,49.966941833496094,47.357829082712506,49.966941833496094,1000,,,58.75915298461914,5.555407634920059,47.648337714779025,69.86996825445927,11.590309500868983
2008-02-25 19:00:00,49.96694035206026,50.70536804199219,47.75165728226449,50.70536804199219,2000,,,57.94688262939453,5.481805510635413,46.9832716081237,68.91049365066536,17.791414251139415
2008-02-26 19:00:00,51.197655508451376,52.67451095581055,51.197655508451376,52.67451095581055,1500,,,57.23306941986084,5.168176295037848,46.89671682978514,67.56942200993653,31.921837012446787
2008-02-27 19:00:00,53.21602249145508,53.21602249145508,53.21602249145508,53.21602249145508,500,,,56.546331787109374,4.70028872588109,47.14575433534719,65.94690923887156,34.493674300533996
2008-02-28 19:00:00,58.089644041657394,58.63115692138672,58.089644041657394,58.63115692138672,1500,,,56.15742645263672,4.1282447686229125,47.90093691539089,64.41391598988254,55.1637245672636
2008-03-02 19:00:00,61.535640716552734,61.535640716552734,61.535640716552734,61.535640716552734,2000,,,56.03681678771973,3.918575851536769,48.19966508464619,63.87396849079327,60.35634509408944
2008-03-03 19:00:00,64.58780670166016,64.58780670166016,64.58780670166016,64.58780670166016,2500,,,56.0663537979126,3.983425540799004,48.09950271631459,64.0332048795106,63.74745022161866
2008-03-04 19:00:00,64.58780950367009,67.78766294527858,64.19397988544478,65.9662094116211,5500,,,56.3124963760376,4.433786253031887,47.44492386997383,65.18006888210138,66.08526465314935
2008-03-05 19:00:00,68.9199206369433,69.26451873779297,68.9199206369433,69.26451873779297,3500,,,56.86877861022949,5.290214300551246,46.288350009127,67.44920721133198,69.98283931626817
2008-03-06 19:00:00,70.88905801578444,72.36591339111328,70.88905801578444,72.36591339111328,15500,,,57.58505344390869,6.325672160600545,44.9337091227076,70.23639776510979,80.92782990424178
2008-03-09 19:00:00,73.84277044558057,75.31962585449219,73.84277044558057,75.31962585449219,3500,,,58.520395278930664,7.456332212339257,43.607730854252154,73.43305970360917,82.4644502769059
2008-03-10 19:00:00,75.41808443516493,78.765625,75.41808443516493,78.765625,2500,,,59.61080703735352,8.70567659792875,42.199453841496016,77.02216023321103,86.54971177613939
2008-03-11 19:00:00,75.41808111477943,75.71345520019531,71.87362964816388,75.71345520019531,3000,,,60.4993818283081,9.405223122513144,41.68893558328182,79.30982807333439,83.85268726930799
2008-03-13 19:00:00,75.71345520019531,75.71345520019531,75.71345520019531,75.71345520019531,1000,,,61.39534072875976,9.970487524748513,41.454365679262736,81.33631577825679,90.51987329151187
2008-03-18 19:00:00,70.8890609741211,70.8890609741211,70.8890609741211,70.8890609741211,500,,,62.050079917907716,10.149905899282215,41.75026811934329,82.34989171647214,78.52348755943815
2008-03-19 19:00:00,70.8890609741211,70.8890609741211,70.8890609741211,70.8890609741211,500,,,62.86235046386719,10.175998385058739,42.51035369374971,83.21434723398467,78.08219032671091
2008-03-23 19:00:00,68.9199165949777,72.36591242472659,68.9199165949777,72.31668090820312,4000,,,63.72384910583496,10.212345652547134,43.29915780074069,84.14854041092923,77.74686336881437
2008-03-25 19:00:00,71.77517700195312,71.77517700195312,71.77517700195312,71.77517700195312,500,,,64.60503978729248,10.102656055801994,44.399727675688496,84.81035189889647,76.21698298558746
2008-04-01 19:00:00,69.95372009277344,69.95372009277344,69.95372009277344,69.95372009277344,1000,61.25110076904297,,65.49361457824708,9.727065497870662,46.03948358250575,84.9477455739884,67.8018693947486
2008-04-16 19:00:00,70.8890554083255,73.44893646240234,70.8890554083255,73.44893646240234,1000,61.85365768432617,,66.6849443435669,9.12112860872084,48.44268712612522,84.92720156100857,68.38906011322672
2008-04-21 19:00:00,69.9044901844057,72.90743255615234,69.9044901844057,72.90743255615234,6000,62.406986236572266,,67.8319688796997,8.314917478271731,51.20213392315624,84.46180383624316,63.920945746520246
2008-04-22 19:00:00,72.90743255615234,72.90743255615234,72.90743255615234,72.90743255615234,1000,62.91600914001465,,68.94207210540772,7.332022384111697,54.27802733718433,83.60611687363111,62.176182861694734
2008-04-24 19:00:00,69.26451316775206,71.82439422607422,69.26451316775206,71.82439422607422,2500,63.35709648132324,,69.89956626892089,6.269184561132703,57.361197146655485,82.4379353911863,54.86890320528485
2008-05-13 19:00:00,71.28289191301477,71.86378479003906,71.28289191301477,71.86378479003906,2000,63.74974311828613,,70.8319543838501,4.8929670024606615,61.04602037892878,80.61788838877143,48.91903797253799
2008-05-19 19:00:00,68.27994537353516,68.27994537353516,68.27994537353516,68.27994537353516,1500,64.01853073120117,,71.31439380645752,4.025443623772015,63.26350655891349,79.36528105400154,35.24555378203962
2008-05-20 19:00:00,64.87333679199219,64.87333679199219,64.87333679199219,64.87333679199219,1000,64.16503479003906,,71.4812786102295,3.650421199279533,64.18043621167043,78.78212100878856,20.835036460809278
2008-05-28 19:00:00,64.87333679199219,64.87333679199219,64.87333679199219,64.87333679199219,3500,64.25443382263184,,71.4955551147461,3.62249396104389,64.25056719265831,78.74054303683388,23.897563760860137
2008-06-04 18:00:00,64.87333679199219,64.87333679199219,64.87333679199219,64.87333679199219,500,64.28377403259277,,71.44091148376465,3.7172937279665073,64.00632402783164,78.87549893969766,23.897563760860137
2008-06-11 18:00:00,66.45849133321839,67.8368911743164,66.45849133321839,67.8368911743164,1000,64.37238533020019,,71.36953010559083,3.7745515698996126,63.8204269657916,78.91863324539005,41.92707093128846
2008-06-15 18:00:00,67.8368911743164,67.8368911743164,67.8368911743164,67.8368911743164,1500,64.33201805114746,,71.14307899475098,3.846794342647534,63.44949030945591,78.83666768004605,41.92707093128846
2008-06-23 18:00:00,67.1673812866211,67.1673812866211,67.1673812866211,67.1673812866211,500,64.28318336486817,,70.73546676635742,3.8127099189695897,63.11004692841824,78.3608866042966,35.81117927600391
2008-06-24 18:00:00,67.1673812866211,67.1673812866211,67.1673812866211,67.1673812866211,500,64.2875154876709,,70.15555458068847,3.3851083436722846,63.3853378933439,76.92577126803305,36.91273364430289
2008-07-02 18:00:00,67.1673812866211,67.1673812866211,67.1673812866211,67.1673812866211,3000,64.29184761047364,,69.72825088500977,3.1797663174801545,63.36871825004946,76.08778351997007,41.17278534707166
2008-07-03 18:00:00,67.1673812866211,67.1673812866211,67.1673812866211,67.1673812866211,3000,64.29617973327636,,69.30094718933105,2.8945591090551392,63.51182897122078,75.09006540744133,24.43913221652366
2008-07-08 18:00:00,67.1673812866211,67.1673812866211,67.1673812866211,67.1673812866211,3000,64.311342086792,,69.11486320495605,2.906693087227775,63.3014770305005,74.9282493794116,25.56580954088301
2008-09-15 18:00:00,63.80999755859375,63.80999755859375,63.80999755859375,63.80999755859375,1000,64.30858535766602,,68.76091003417969,3.1036192304368373,62.55367157330601,74.96814849505336,19.882674630472565
2009-04-14 19:00:00,38.0,38.0,38.0,38.0,1000,63.788644027709964,,67.04507598876953,7.461215310974852,52.122645366819825,81.96750661071923,7.539351055953929
2009-05-18 18:00:00,34.0,34.5,34.0,34.0,271,63.24777687072754,,65.15631713867188,10.402378108798963,44.351560921073954,85.96107335626981,6.767512927369779
2009-07-28 18:00:00,34.0,34.0,34.0,34.0,1,62.76499938964844,,63.3586311340332,12.43731113935633,38.48400885532054,88.23325341274587,7.37073243948457
2009-08-03 18:00:00,34.0,34.0,34.0,34.0,505,62.28419105529785,,61.38618431091309,13.80570341754253,33.77477747582803,88.99759114599814,8.053039406174918
2009-08-06 18:00:00,34.0,34.0,34.0,34.0,50,61.831935272216796,,59.44081268310547,14.802073120782893,29.836666441539684,89.04495892467125,8.053039406174918
2009-08-09 18:00:00,34.0,34.0,34.0,34.0,4,61.37278747558594,,57.49544105529785,15.480244946642923,26.534951162012007,88.4559309485837,8.053039406174918
2009-08-10 18:00:00,34.0,34.0,34.0,34.0,500,60.893948287963866,,55.60422134399414,15.941181855475383,23.721857633043374,87.48658505494491,0.0
2009-08-11 18:00:00,34.0,34.0,34.0,34.0,500,60.41806274414063,,53.71103210449219,16.155478077811694,21.400075948868803,86.02198826011558,0.0
2009-08-16 18:00:00,34.0,34.0,34.0,34.0,500,59.94217720031738,,51.99703483581543,16.345779733093238,19.30547536962895,84.6885943020019,0.0
2009-09-01 18:00:00,34.0,34.0,34.0,34.0,1,59.52930419921875,,50.45336799621582,16.52261886842678,17.40813025936226,83.49860573306938,0.0
2009-09-03 18:00:00,34.0,34.0,34.0,34.0,1,59.107570037841796,,48.90970115661621,16.546682642990007,15.816335870636195,82.00306644259622,0.0
2009-09-06 18:00:00,34.0,34.0,34.0,34.0,1,58.70454277038574,,47.3660343170166,16.418642810305737,14.528748696405124,80.20331993762807,0.0
2009-09-07 18:00:00,34.0,34.0,34.0,34.0,1,58.34089828491211,,45.674189758300784,15.934426377451738,13.805337003397309,77.54304251320426,0.0
2009-09-08 18:00:00,34.0,34.0,34.0,34.0,2,58.028451461791995,,43.98234519958496,15.23857215964664,13.505200880291682,74.45948951887824,0.0
2009-09-09 18:00:00,34.0,34.0,34.0,34.0,8,57.70911262512207,,42.32397613525391,14.362167235092091,13.599641665069726,71.04831060543809,0.0
2009-09-10 18:00:00,34.0,34.0,34.0,34.0,50,57.37500526428223,,40.66560707092285,13.211349080880982,14.242908909160889,67.08830523268482,
2009-09-13 18:00:00,34.0,34.0,34.0,34.0,2810,57.001515045166016,,39.0072380065918,11.705459068707368,15.596319869177062,62.41815614400653,
2009-09-15 18:00:00,34.0,34.0,34.0,34.0,2150,56.61719459533691,,37.348868942260744,9.680182338448958,17.988504265362828,56.70923361915866,
2009-09-16 18:00:00,34.0,34.0,34.0,34.0,30,56.12457145690918,,35.69049987792969,6.678638995049931,22.33322188782983,49.04777786802955,
2009-09-23 18:00:00,34.0,34.0,34.0,34.0,601,55.573858642578124,,34.2,0.8944271910020632,32.41114561799588,35.98885438200413,
2009-09-24 18:00:00,34.0,34.0,34.0,34.0,1413,54.96210250854492,,34.0,1.9656457235794063e-06,33.999996068708555,34.000003931291445,
2009-09-27 18:00:00,34.0,34.0,34.0,34.0,800,54.3227783203125,,34.0,1.9656457235794063e-06,33.999996068708555,34.000003931291445,
2009-09-28 18:00:00,34.0,34.0,34.0,34.0,550,53.61748794555664,,34.0,1.9656457235794063e-06,33.999996068708555,34.000003931291445,
2009-09-29 18:00:00,34.0,34.0,34.0,34.0,160,52.85016967773438,,34.0,1.9656457235794063e-06,33.999996068708555,34.000003931291445,
2009-09-30 18:00:00,34.0,34.0,34.0,34.0,500,52.02377716064453,,34.0,1.9656457235794063e-06,33.999996068708555,34.000003931291445,
2009-10-01 18:00:00,34.0,34.0,34.0,34.0,1,51.12846466064453,,34.0,1.9656457235794063e-06,33.999996068708555,34.000003931291445,
2009-10-04 18:00:00,34.0,34.0,34.0,34.0,818,50.294195556640624,,34.0,1.9656457235794063e-06,33.999996068708555,34.000003931291445,
2009-10-05 18:00:00,34.0,34.0,34.0,34.0,701,49.45992645263672,,34.0,1.9656457235794063e-06,33.999996068708555,34.000003931291445,
2009-10-06 18:00:00,34.0,34.0,34.0,34.0,827,48.72214523315429,,34.0,1.9656457235794063e-06,33.999996068708555,34.000003931291445,
2009-10-07 18:00:00,34.0,34.0,34.0,34.0,2,47.98436401367187,,34.0,1.9656457235794063e-06,33.999996068708555,34.000003931291445,
2009-10-08 18:00:00,34.0,34.0,34.0,34.0,5,47.21803039550781,,34.0,1.9656457235794063e-06,33.999996068708555,34.000003931291445,
2009-10-11 18:00:00,34.0,34.0,34.0,34.0,90,46.46252685546875,,34.0,1.9656457235794063e-06,33.999996068708555,34.000003931291445,
2009-10-12 18:00:00,34.0,34.0,34.0,34.0,1,45.74345245361328,,34.0,1.9656457235794063e-06,33.999996068708555,34.000003931291445,
2009-10-13 18:00:00,34.0,34.0,34.0,34.0,206,44.954473724365236,,34.0,1.9656457235794063e-06,33.999996068708555,34.000003931291445,
2009-10-14 18:00:00,34.0,34.0,34.0,34.0,401,44.17632507324219,,34.0,1.9656457235794063e-06,33.999996068708555,34.000003931291445,
2009-10-15 18:00:00,34.0,34.0,34.0,34.0,701,43.39817642211914,,34.0,1.9656457235794063e-06,33.999996068708555,34.000003931291445,
2009-10-18 18:00:00,34.0,34.0,34.0,34.0,1003,42.64168853759766,,34.0,1.9656457235794063e-06,33.999996068708555,34.000003931291445,
2009-10-19 18:00:00,34.0,34.0,34.0,34.0,273,41.88441284179687,,34.0,1.9656457235794063e-06,33.999996068708555,34.000003931291445,
2009-10-20 18:00:00,34.0,34.0,34.0,34.0,300,41.198813934326175,,34.0,1.9656457235794063e-06,33.999996068708555,34.000003931291445,
2009-10-21 18:00:00,34.0,34.0,34.0,34.0,2000,40.58134719848633,,34.0,1.9656457235794063e-06,33.999996068708555,34.000003931291445,
2009-10-22 18:00:00,34.0,34.0,34.0,34.0,2,39.963880462646486,,34.0,1.9656457235794063e-06,33.999996068708555,34.000003931291445,
2009-10-25 18:00:00,34.0,34.0,34.0,34.0,6372,39.34641372680664,,34.0,1.9656457235794063e-06,33.999996068708555,34.000003931291445,
2009-10-26 18:00:00,34.0,34.0,34.0,34.0,3548,38.66967590332031,,34.0,1.9656457235794063e-06,33.999996068708555,34.000003931291445,
2009-10-27 18:00:00,34.0,34.0,34.0,34.0,351,37.99293807983398,,34.0,1.9656457235794063e-06,33.999996068708555,34.000003931291445,
2009-10-28 18:00:00,34.0,34.0,34.0,34.0,650,37.32959045410156,,34.0,1.9656457235794063e-06,33.999996068708555,34.000003931291445,
2009-11-01 19:00:00,34.0,34.0,34.0,34.0,1559,36.66624282836914,,34.0,1.9656457235794063e-06,33.999996068708555,34.000003931291445,
2009-11-02 19:00:00,34.0,34.0,34.0,34.0,1,36.00289520263672,,34.0,1.9656457235794063e-06,33.999996068708555,34.000003931291445,
2009-11-03 19:00:00,34.0,34.0,34.0,34.0,502,35.339547576904295,,34.0,1.9656457235794063e-06,33.999996068708555,34.000003931291445,
2009-11-04 19:00:00,34.0,34.0,34.0,34.0,14,34.676199951171874,,34.0,1.9656457235794063e-06,33.999996068708555,34.000003931291445,
2009-11-11 19:00:00,34.0,34.0,34.0,34.0,52,34.08,,34.0,1.9656457235794063e-06,33.999996068708555,34.000003931291445,
2009-11-12 19:00:00,34.0,34.0,34.0,34.0,3,34.0,,34.0,1.9656457235794063e-06,33.999996068708555,34.000003931291445,
2009-11-24 19:00:00,34.0,34.0,34.0,34.0,2,34.0,,34.0,1.9656457235794063e-06,33.999996068708555,34.000003931291445,
2009-11-25 19:00:00,34.0,34.0,34.0,34.0,100,34.0,,34.0,1.9656457235794063e-06,33.999996068708555,34.000003931291445,
2009-11-30 19:00:00,34.0,34.0,34.0,34.0,2,34.0,,34.0,1.9656457235794063e-06,33.999996068708555,34.000003931291445,
2009-12-02 19:00:00,34.0,34.0,34.0,34.0,2,34.0,,34.0,1.9656457235794063e-06,33.999996068708555,34.000003931291445,
2009-12-03 19:00:00,34.0,34.0,34.0,34.0,501,34.0,,34.0,1.9656457235794063e-06,33.999996068708555,34.000003931291445,
2009-12-06 19:00:00,34.0,34.0,34.0,34.0,592,34.0,,34.0,1.9656457235794063e-06,33.999996068708555,34.000003931291445,
2009-12-07 19:00:00,34.0,34.0,34.0,34.0,600,34.0,,34.0,1.9656457235794063e-06,33.999996068708555,34.000003931291445,
2009-12-08 19:00:00,34.0,34.0,34.0,34.0,852,34.0,,34.0,1.9656457235794063e-06,33.999996068708555,34.000003931291445,
2009-12-09 19:00:00,34.0,34.0,34.0,34.0,3202,34.0,,34.0,1.9656457235794063e-06,33.999996068708555,34.000003931291445,
2009-12-10 19:00:00,34.0,34.0,34.0,34.0,263,34.0,,34.0,1.9656457235794063e-06,33.999996068708555,34.000003931291445,
2009-12-13 19:00:00,34.0,34.0,34.0,34.0,101,34.0,,34.0,1.9656457235794063e-06,33.999996068708555,34.000003931291445,
2009-12-14 19:00:00,34.0,34.0,34.0,34.0,602,34.0,,34.0,1.9656457235794063e-06,33.999996068708555,34.000003931291445,
2009-12-15 19:00:00,34.0,34.0,34.0,34.0,101,34.0,,34.0,1.9656457235794063e-06,33.999996068708555,34.000003931291445,
2009-12-17 19:00:00,34.0,34.0,34.0,34.0,567,34.0,,34.0,1.9656457235794063e-06,33.999996068708555,34.000003931291445,
2009-12-21 19:00:00,34.0,34.0,34.0,34.0,1,34.0,,34.0,1.9656457235794063e-06,33.999996068708555,34.000003931291445,
2009-12-22 19:00:00,34.0,34.0,34.0,34.0,549,34.0,,34.0,1.9656457235794063e-06,33.999996068708555,34.000003931291445,
2009-12-23 19:00:00,34.0,34.0,34.0,34.0,344,34.0,,34.0,1.9656457235794063e-06,33.999996068708555,34.000003931291445,
2009-12-28 19:00:00,34.0,34.0,34.0,34.0,151,34.0,,34.0,1.9656457235794063e-06,33.999996068708555,34.000003931291445,
2009-12-29 19:00:00,34.0,34.0,34.0,34.0,510,34.0,,34.0,1.9656457235794063e-06,33.999996068708555,34.000003931291445,
2009-12-30 19:00:00,34.0,34.0,34.0,34.0,689,34.0,,34.0,1.9656457235794063e-06,33.999996068708555,34.000003931291445,
2010-01-03 19:00:00,34.0,34.0,34.0,34.0,6,34.0,,34.0,1.9656457235794063e-06,33.999996068708555,34.000003931291445,
2010-01-04 19:00:00,34.0,34.0,34.0,34.0,10,34.0,,34.0,1.9656457235794063e-06,33.999996068708555,34.000003931291445,
2010-01-05 19:00:00,34.0,34.0,34.0,34.0,4,34.0,,34.0,1.9656457235794063e-06,33.999996068708555,34.000003931291445,
2010-01-06 19:00:00,34.0,34.0,34.0,34.0,51,34.0,,34.0,1.9656457235794063e-06,33.999996068708555,34.000003931291445,
2010-01-07 19:00:00,34.0,34.0,34.0,34.0,5,34.0,,34.0,1.9656457235794063e-06,33.999996068708555,34.000003931291445,
2010-01-10 19:00:00,34.0,34.0,34.0,34.0,8,34.0,,34.0,1.9656457235794063e-06,33.999996068708555,34.000003931291445,
2010-01-11 19:00:00,34.0,34.0,34.0,34.0,6,34.0,,34.0,1.9656457235794063e-06,33.999996068708555,34.000003931291445,
2010-01-17 19:00:00,34.0,34.0,34.0,34.0,61,34.0,,34.0,1.9656457235794063e-06,33.999996068708555,34.000003931291445,
2010-01-18 19:00:00,34.0,34.0,34.0,34.0,100,34.0,,34.0,1.9656457235794063e-06,33.999996068708555,34.000003931291445,
2010-01-19 19:00:00,34.0,34.0,34.0,34.0,100,34.0,,34.0,1.9656457235794063e-06,33.999996068708555,34.000003931291445,
2010-01-20 19:00:00,34.0,34.0,34.0,34.0,500,34.0,,34.0,1.9656457235794063e-06,33.999996068708555,34.000003931291445,
2010-01-21 19:00:00,34.0,34.0,34.0,34.0,1001,34.0,,34.0,1.9656457235794063e-06,33.999996068708555,34.000003931291445,
2010-01-26 19:00:00,34.0,34.0,34.0,34.0,1351,34.0,,34.0,1.9656457235794063e-06,33.999996068708555,34.000003931291445,
2010-01-31 19:00:00,34.0,34.0,34.0,34.0,5,34.0,,34.0,1.9656457235794063e-06,33.999996068708555,34.000003931291445,
2010-02-01 19:00:00,34.0,34.0,34.0,34.0,1504,34.0,,34.0,1.9656457235794063e-06,33.999996068708555,34.000003931291445,
2010-02-02 19:00:00,34.0,34.0,34.0,34.0,5,34.0,,34.0,1.9656457235794063e-06,33.999996068708555,34.000003931291445,
2010-02-03 19:00:00,34.0,34.0,34.0,34.0,5,34.0,,34.0,1.9656457235794063e-06,33.999996068708555,34.000003931291445,
2010-02-07 19:00:00,34.0,34.0,34.0,34.0,5,34.0,,34.0,1.9656457235794063e-06,33.999996068708555,34.000003931291445,
2010-02-08 19:00:00,34.0,34.0,34.0,34.0,465,34.0,,34.0,1.9656457235794063e-06,33.999996068708555,34.000003931291445,
2010-02-09 19:00:00,34.0,34.0,34.0,34.0,405,34.0,,34.0,1.9656457235794063e-06,33.999996068708555,34.000003931291445,
2010-02-10 19:00:00,34.0,34.0,34.0,34.0,1,34.0,,34.0,1.9656457235794063e-06,33.999996068708555,34.000003931291445,
2010-02-15 19:00:00,34.0,34.0,34.0,34.0,100,34.0,,34.0,1.9656457235794063e-06,33.999996068708555,34.000003931291445,
2010-02-18 19:00:00,34.0,34.0,34.0,34.0,1,34.0,,34.0,1.9656457235794063e-06,33.999996068708555,34.000003931291445,
2010-02-23 19:00:00,19.0,19.790000915527344,19.790000915527344,19.790000915527344,5,33.715800018310546,,33.289500045776364,3.1774523913096844,26.934595263156996,39.644404828395736,0.0
2010-02-24 19:00:00,19.790000915527344,19.299999237060547,19.299999237060547,19.299999237060547,5,33.42180000305176,,32.55450000762939,4.449865118312679,23.654769771004034,41.45423024425475,0.0
2010-02-28 19:00:00,20.239999771118164,20.979999542236328,19.799999237060547,19.799999237060547,1,33.13779998779297,,31.84449996948242,5.265231091282086,21.31403778691825,42.37496215204659,3.2894735191007243
2010-03-01 19:00:00,19.799999237060547,18.799999237060547,18.799999237060547,18.799999237060547,1,32.83379997253418,,31.08449993133545,5.985470690124257,19.11355855108694,43.05544131158396,3.0864196077314148
2010-03-02 19:00:00,18.799999237060547,18.5,18.5,18.5,1,32.52379997253418,,30.30949993133545,6.563649202178034,17.18220152697938,43.43679833569152,3.030303030303031
2010-03-04 19:00:00,18.5,18.450000762939453,17.5,18.450000762939453,555,32.21279998779297,,29.53199996948242,7.009340129954944,15.513319709572533,43.550680229392306,3.021148175525866
2010-03-08 19:00:00,18.450000762939453,19.450000762939453,19.25,19.25,1,31.917799987792968,,28.794499969482423,7.285040570599278,14.224418828283868,43.36458111068098,7.492791650671322
2010-03-09 19:00:00,19.5,19.5,19.5,19.5,1,31.62779998779297,,28.069499969482422,7.459160758865087,13.151178451752248,42.9878214872126,8.806814610465196
2010-03-15 19:00:00,19.5,19.989999771118164,18.899999618530273,19.989999771118164,101,31.347599983215332,,27.36899995803833,7.530415494331182,12.308168969375966,42.42983094670069,11.27694420155943
2010-03-16 19:00:00,19.989999771118164,20.989999771118164,19.950000762939453,19.950000762939453,1,31.06659999847412,,26.6664999961853,7.534612260482017,11.597275475221267,41.735724517149336,11.252064628934889
2010-03-17 19:00:00,19.950000762939453,20.950000762939453,20.399999618530273,20.399999618530273,5,30.794599990844727,,25.986499977111816,7.451167554426817,11.084164868258181,40.888835085965454,13.401498305816204
2010-03-23 19:00:00,20.350000381469727,19.34000015258789,19.34000015258789,19.34000015258789,200,30.501399993896484,,25.25349998474121,7.341633469764563,10.570233045212085,39.93676692427034,12.678199718869962
2010-03-24 19:00:00,19.34000015258789,19.34000015258789,19.34000015258789,19.34000015258789,100,30.20819999694824,,24.520499992370606,7.151792178978373,10.21691563441386,38.824084350327354,12.678199718869962
2010-03-25 19:00:00,19.34000015258789,18.600000381469727,18.399999618530273,18.600000381469727,201,29.900200004577638,,23.750500011444093,6.90212740617407,9.946245199095953,37.55475482379223,12.21785295574061
2010-03-28 19:00:00,18.600000381469727,18.600000381469727,18.0,18.020000457763672,2967,29.58060001373291,,22.951500034332277,6.570132770191563,9.81123449394915,36.0917655747154,36.88887808842304
2010-03-29 19:00:00,18.020000457763672,18.020000457763672,18.020000457763672,18.020000457763672,1,29.261000022888183,,22.152500057220458,6.111458457403473,9.929583142413511,34.3754169720274,39.77635860623271
2010-03-30 19:00:00,18.020000457763672,17.549999237060547,17.25,17.399999618530273,200,28.92900001525879,,21.322500038146973,5.51597474302045,10.290550552106073,32.35444952418787,31.191211839920115
2010-04-04 19:00:00,17.399999618530273,18.3799991607666,16.399999618530273,16.399999618530273,2,28.577000007629394,,20.442500019073485,4.735740782235872,10.97101845460174,29.91398158354523,31.191211839920115
2010-04-05 19:00:00,16.399999618530273,15.600000381469727,15.399999618530273,15.600000381469727,2,28.209000015258788,,19.522500038146973,3.618909199449791,12.284681639247392,26.760318437046553,28.924407120514303
2010-04-06 19:00:00,15.600000381469727,15.100000381469727,14.699999809265137,15.100000381469727,1,27.831000022888183,,18.57750005722046,1.467786928324036,15.641926200572387,21.51307391386853,27.148689224046976
2010-04-07 19:00:00,15.100000381469727,16.100000381469727,14.300000190734863,16.100000381469727,701,27.47300003051758,,18.393000030517577,1.5376094225008112,15.317781185515955,21.4682188755192,29.083659182747624
2010-04-11 19:00:00,16.479999542236328,16.0,15.479999542236328,16.0,141,27.11300003051758,,18.22800006866455,1.6104905075662683,15.007019053532012,21.448981083797086,26.287254047560722
2010-04-12 19:00:00,16.0,16.739999771118164,16.0,16.25,23,26.75800003051758,,18.050500106811523,1.623691245949748,14.803117614912027,21.29788259871102,23.809516177073604
2010-04-13 19:00:00,16.25,16.100000381469727,15.5,15.550000190734863,210,26.389000034332277,,17.888000154495238,1.7053124142746077,14.477375325946022,21.298624983044455,21.794861919543862
2010-04-14 19:00:00,15.550000190734863,15.550000190734863,15.550000190734863,15.550000190734863,80,26.02000003814697,,17.74050016403198,1.7757176940638215,14.189064775904338,21.291935552159625,17.006804045084536
2010-04-15 19:00:00,15.550000190734863,16.200000762939453,15.300000190734863,15.300000190734863,65,25.64600004196167,,17.583000135421752,1.8477129118935447,13.887574311634662,21.278425959208842,19.113149958579328
2010-04-18 19:00:00,15.300000190734863,16.139999389648438,16.139999389648438,16.139999389648438,2,25.28880002975464,,17.427500104904176,1.8308263090569046,13.765847486790367,21.089152723017985,28.319775563449724
2010-04-19 19:00:00,16.139999389648438,16.489999771118164,16.489999771118164,16.489999771118164,6,24.938600025177003,,17.27700009346008,1.7743378378922552,13.728324417675571,20.82567576924459,34.90700515420737
2010-04-20 19:00:00,16.489999771118164,16.25,16.25,16.25,10,24.583600025177002,,17.090000104904174,1.6672101266730681,13.755579851558037,20.42442035825031,36.69172511806202
2010-04-21 19:00:00,16.25,16.690000534057617,15.25,15.25,1428,24.208600025177002,,16.855000066757203,1.571350387851954,13.712299291053295,19.99770084246111,31.89542094189119
2010-04-22 19:00:00,15.25,15.979999542236328,14.25,14.5,1079,23.818600025177002,,16.560000085830687,1.4170429274051455,13.725914231020397,19.394085940640977,31.362467393649354
2010-04-25 19:00:00,14.5,14.510000228881836,14.510000228881836,14.510000228881836,1,23.42880002975464,,16.318500089645386,1.3270437382876457,13.664412613070095,18.972587566220678,36.082476688347896
2010-04-26 19:00:00,14.510000228881836,15.390000343322754,14.760000228881836,14.760000228881836,119,23.044000034332274,,16.08950009346008,1.163264367921084,13.762971357617914,18.41602882930225,43.269229299688185
2010-04-27 19:00:00,14.760000228881836,15.0,15.0,15.0,20,22.664000034332275,,15.909500074386596,1.0246153173918526,13.860269439602892,17.9587307091703,49.163876345111476
2010-04-28 19:00:00,15.0,14.260000228881836,14.0,14.25,5424,22.269000034332276,,15.721000051498413,0.9607008921704218,13.799598267157569,17.642401835839255,33.85688892439509
2010-05-02 19:00:00,14.25,15.220000267028809,15.0,15.0,5,21.889000034332277,,15.57000002861023,0.8050627941553878,13.959874440299453,17.180125616921003,42.163008373500766
2010-05-03 19:00:00,15.0,15.289999961853027,15.25,15.25,100,21.514000034332277,,15.462500047683715,0.681977486484071,14.098545074715574,16.826455020651856,42.163008373500766
2010-05-04 19:00:00,15.25,14.5,14.270000457763672,14.5,1100,21.124000034332276,,15.367500066757202,0.6768259326204991,14.013848201516204,16.7211519319982,41.83514543831425
2010-05-09 19:00:00,15.430000305175781,14.979999542236328,14.970000267028809,14.979999542236328,360,20.743600025177003,40.43453831195831,15.336500024795532,0.6798085537938577,13.976882917207817,16.696117132383247,45.87553733897772
2010-05-10 19:00:00,14.9399995803833,15.430000305175781,14.9399995803833,15.430000305175781,1,20.372200031280517,40.29508285999298,15.353000020980835,0.6777679679836974,13.99746408501344,16.70853595694823,50.9142061935181
2010-05-11 19:00:00,13.9399995803833,14.0,13.9399995803833,14.0,551,19.97220003128052,40.138877835273746,15.248000001907348,0.7174559729079796,13.81308805609139,16.68291194772331,36.10390144408571
2010-05-13 19:00:00,14.6899995803833,14.6899995803833,14.6899995803833,14.6899995803833,5,19.586000022888182,39.97504639625549,15.182499980926513,0.7048767643871608,13.772746452152191,16.592253509700836,38.8059689099799
2010-05-16 19:00:00,13.710000038146973,13.720000267028809,13.710000038146973,13.720000267028809,200,19.18040002822876,39.79479626178741,15.055999994277954,0.7297973041040341,13.596405386069886,16.515594602486022,35.57582738863623
2010-05-18 19:00:00,13.989999771118164,14.470000267028809,13.989999771118164,14.470000267028809,271,18.789800033569335,39.60598899841309,15.001999998092652,0.7312756514960776,13.539448695100496,16.464551301084807,45.422536511904646
2010-05-19 19:00:00,15.34000015258789,15.380000114440918,15.34000015258789,15.380000114440918,5,18.417400035858154,39.408686175346375,14.993499994277954,0.7255361852659714,13.542427623746011,16.444572364809897,55.06912546190856
2010-05-20 19:00:00,15.34000015258789,15.979999542236328,14.34000015258789,14.34000015258789,101,18.02420003890991,39.192645506858824,14.945499992370605,0.7358737032468504,13.473752585876904,16.417247398864305,49.124613324805594
2010-05-24 19:00:00,13.34000015258789,13.34000015258789,13.34000015258789,13.34000015258789,101,17.61100004196167,38.957328581809996,14.805500030517578,0.762526726866979,13.28044657678362,16.330553484251535,43.212236134887114
2010-05-26 19:00:00,13.34000015258789,14.289999961853027,12.34000015258789,14.289999961853027,6,17.21680004119873,38.71174695014954,14.695500040054322,0.6582950131016069,13.378910013851108,16.012090066257535,46.821843805210335
2010-05-27 19:00:00,14.289999961853027,15.239999771118164,13.289999961853027,14.920000076293945,6,16.83520004272461,38.46931531906128,14.629000043869018,0.5515136736465011,13.525972696576016,15.73202739116202,53.031674762686116
2010-05-30 19:00:00,14.0,14.0,14.0,14.0,1,16.43520004272461,38.190039043426516,14.566500043869018,0.5482534192100531,13.469993205448912,15.663006882289125,45.54367174154031
2010-05-31 19:00:00,14.0,14.0,14.0,14.0,1,16.319400024414062,37.911993465423585,14.541500043869018,0.5626560352332604,13.416187973402497,15.666812114335539,44.302643216767144
2010-06-01 19:00:00,14.5,14.989999771118164,13.520000457763672,13.520000457763672,3,16.203800048828125,37.64483959197998,14.49200005531311,0.6073461968802156,13.277307661552678,15.706692449073541,45.42056239695637
2010-06-02 19:00:00,12.520000457763672,12.529999732971191,12.520000457763672,12.529999732971191,2224,16.058400058746336,37.372735714912416,14.380500030517577,0.7447180574122413,12.891063915693096,15.86993614534206,39.07225780139192
2010-06-06 19:00:00,12.520000457763672,13.520000457763672,12.40999984741211,13.489999771118164,351,15.95220006942749,37.105431838035585,14.305000019073486,0.7550775554771646,12.794844908119156,15.815155130027815,41.72354672475509
2010-06-07 19:00:00,12.949999809265137,12.949999809265137,12.949999809265137,12.949999809265137,1,15.841200065612792,36.83813551902771,14.240000009536743,0.8137373403529511,12.612525328830841,15.867474690242645,45.15235322902442
2010-06-08 19:00:00,14.289999961853027,15.239999771118164,13.289999961853027,14.920000076293945,6,15.770600051879883,36.59299634933472,14.23600001335144,0.8099928793873243,12.616014254576791,15.855985772126088,50.949630480723535
2010-06-09 19:00:00,13.979999542236328,13.979999542236328,13.979999542236328,13.979999542236328,1,15.66520004272461,36.34291101455688,14.172499990463256,0.7753564897807427,12.621787010901771,15.723212970024742,51.07615586226639
2010-06-10 19:00:00,14.84000015258789,14.880000114440918,14.84000015258789,14.880000114440918,7,15.572800045013429,36.11209422588348,14.191499996185303,0.788351250979244,12.614797494226815,15.768202498143792,51.67620522819326
2010-06-13 19:00:00,14.880000114440918,14.949999809265137,13.880000114440918,14.949999809265137,15,15.472000045776367,35.89614985466003,14.190000009536742,0.7867990326102071,12.616401944316328,15.763598074757157,48.112378155351266
2010-06-16 19:00:00,14.949999809265137,15.460000038146973,13.949999809265137,15.4399995803833,54,15.381800022125244,35.6831477689743,14.190499973297118,0.7876311864420875,12.615237600412943,15.765762346181294,55.07379758088746
2010-06-17 19:00:00,16.25,16.25,16.25,16.25,5,15.298800029754638,35.48133382320404,14.30299997329712,0.910148049016146,12.482703875264827,16.12329607132941,63.661969157192004
2010-06-20 19:00:00,16.219999313354492,16.219999313354492,16.219999313354492,16.219999313354492,1,15.236400012969971,35.2776468706131,14.37949995994568,1.0038633993406851,12.37177316126431,16.38722675862705,59.91777427955706
2010-06-21 19:00:00,16.0,16.0,16.0,16.0,1,15.169600009918213,35.06793707370758,14.493499946594238,1.0532719287489942,12.386956089096248,16.600043804092227,55.79399001097953
2010-06-22 19:00:00,16.0,16.829999923706055,15.0,16.829999923706055,251,15.13420000076294,34.8631156873703,14.611499929428101,1.175595109117746,12.260309711192608,16.962690147663594,65.33044138272214
2010-06-23 19:00:00,15.829999923706055,15.829999923706055,15.829999923706055,15.829999923706055,251,15.090399990081787,34.65329430103302,14.633999919891357,1.1952202629271973,12.243559394036962,17.024440445745753,58.94427988463432
2010-06-27 19:00:00,14.829999923706055,14.829999923706055,14.829999923706055,14.829999923706055,1,15.026599979400634,34.45422605037689,14.658499908447265,1.1938979329305168,12.270704042586232,17.046295774308298,56.093019690754076
2010-06-28 19:00:00,13.829999923706055,13.829999923706055,13.829999923706055,13.829999923706055,3,14.95519998550415,34.24794250965118,14.682999897003175,1.1702095817819083,12.342580733439359,17.02341906056699,56.040892415710836
2010-06-29 19:00:00,13.829999923706055,14.0,12.829999923706055,12.829999923706055,3485,14.883799991607667,34.0413356924057,14.609999895095825,1.239503270351545,12.130993354392736,17.089006435798915,46.94444547464808
2010-06-30 19:00:00,12.829999923706055,13.640000343322754,11.829999923706055,11.989999771118164,1410,14.811599979400635,33.84037456989288,14.463499879837036,1.3674804768146476,11.72853892620774,17.19846083346633,45.6756760239862
2010-07-01 19:00:00,11.989999771118164,12.630000114440918,11.010000228881836,12.630000114440918,632,14.762199974060058,33.65541286468506,14.394999885559082,1.4250225944966306,11.54495469656582,17.245045074552344,38.280452246546936
2010-07-05 19:00:00,13.5600004196167,13.5600004196167,13.5600004196167,13.5600004196167,3,14.711399974822998,33.47337815761566,14.372999906539917,1.4348045478242857,11.503390810891347,17.242609002188487,47.848365411213855
2010-07-06 19:00:00,13.5,13.5,13.5,13.5,3,14.661399974822999,33.2873513174057,14.371999883651734,1.4354371880330872,11.50112550758556,17.242874259717908,42.26457424273511
2010-07-11 19:00:00,12.510000228881836,12.520000457763672,12.510000228881836,12.520000457763672,720,14.586799983978272,33.086578764915465,14.371499919891358,1.436114106558787,11.499271706773783,17.243728133008933,37.63988232649556
2010-07-15 19:00:00,12.989999771118164,12.989999771118164,12.989999771118164,12.989999771118164,6,14.535599975585937,32.88544865131378,14.346499919891357,1.4564746725327626,11.433550574825832,17.25944926495688,37.51274360617782
2010-07-19 19:00:00,12.989999771118164,12.960000038146973,12.960000038146973,12.960000038146973,6,14.483799972534179,32.657092866897585,14.34699993133545,1.455971647456166,11.435056636423118,17.25894322624778,31.782945408955726
2010-07-21 19:00:00,13.430000305175781,13.4399995803833,13.430000305175781,13.4399995803833,1,14.446599960327148,32.416614661216734,14.272999906539917,1.4629101444298296,11.347179617680258,17.198820195399577,35.337551967964586
2010-07-22 19:00:00,14.34000015258789,14.34000015258789,14.34000015258789,14.34000015258789,3,14.410599975585937,32.165375628471374,14.290999937057496,1.461329162825372,11.368341611406752,17.21365826270824,41.830709289651544
2010-07-27 19:00:00,14.850000381469727,14.850000381469727,14.850000381469727,14.850000381469727,1,14.377799987792969,31.90979458332062,14.289499950408935,1.4607080260334206,11.368083898342093,17.210916002475777,39.93902687229332
2010-07-28 19:00:00,14.850000381469727,14.9399995803833,13.850000381469727,14.890000343322754,582,14.350599994659424,31.637921991348268,14.286499977111816,1.4593410818548342,11.367817813402148,17.205182140821485,44.70720963812463
2010-07-29 19:00:00,13.890000343322754,13.890000343322754,13.890000343322754,13.890000343322754,51,14.32340000152588,31.345542426109315,14.20900001525879,1.4358268700372545,11.33734627518428,17.080653755333298,44.70720963812463
2010-08-04 19:00:00,14.399999618530273,14.4399995803833,14.399999618530273,14.4399995803833,1,14.322199993133545,31.04114429473877,14.118499994277954,1.3551898682107861,11.408120257856382,16.828879730699526,53.61802908424066
2010-08-10 19:00:00,14.380000114440918,14.380000114440918,14.380000114440918,14.380000114440918,1,14.319599990844727,30.719216170310975,14.026500034332276,1.264433617147641,11.497632800036994,16.555367268627556,60.347132412925
2010-08-19 19:00:00,13.380000114440918,13.380000114440918,13.380000114440918,13.380000114440918,19,14.291999988555908,30.4075488948822,13.895500040054321,1.1822613286054153,11.53097738284349,16.26002269726515,59.08497114978859
2010-08-24 19:00:00,12.989999771118164,13.0,12.989999771118164,13.0,550,14.251999988555909,30.093981618881227,13.70400004386902,0.973714562006511,11.756570919855998,15.651429167882041,52.50338270545459
2010-08-31 19:00:00,13.979999542236328,13.979999542236328,13.979999542236328,13.979999542236328,1,14.246599979400635,29.8094363117218,13.611500024795532,0.8397824304847699,11.931935163825992,15.291064885765072,52.82257563158831
2010-09-08 19:00:00,12.979999542236328,12.979999542236328,12.979999542236328,12.979999542236328,500,14.206199970245361,29.51989100456238,13.519000005722045,0.7994202460376494,11.920159513646746,15.117840497797344,46.89737095348344
2010-09-13 19:00:00,12.979999542236328,13.930000305175781,11.979999542236328,13.930000305175781,53,14.179799976348876,29.227957601547242,13.524000024795532,0.8017770447106297,11.920445935374273,15.12755411421679,58.44311440164978
2010-09-15 19:00:00,13.930000305175781,13.930000305175781,13.930000305175781,13.930000305175781,5,14.168399982452392,28.938731718063355,13.57900004386902,0.7892962289769748,12.00040758591507,15.157592501822968,55.96447102899291
2010-09-16 19:00:00,12.930000305175781,12.930000305175781,12.930000305175781,12.930000305175781,100,14.127399997711182,28.653613119125367,13.6260000705719,0.7141016051945892,12.197796860182722,15.054203280961078,49.83050997225508
2010-09-19 19:00:00,12.930000305175781,13.1899995803833,11.930000305175781,13.1899995803833,152,14.082599983215331,28.352318434715272,13.654000043869019,0.6833078019930636,12.287384439882892,15.020615647855145,48.551564169689954
2010-09-20 19:00:00,13.1899995803833,13.850000381469727,12.1899995803833,12.989999771118164,76,14.062399978637695,28.0527312707901,13.625500011444093,0.6991384505953504,12.22722311025339,15.023776912634794,41.48801605155663
2010-09-21 19:00:00,13.84000015258789,13.84000015258789,13.84000015258789,13.84000015258789,1,14.045399990081787,27.757394108772278,13.642500019073486,0.700059281001361,12.242381457070763,15.042618581076209,43.893588839679126
2010-09-23 19:00:00,14.220000267028809,14.319999694824219,14.220000267028809,14.319999694824219,3,14.057399978637696,27.469872136116027,13.732499980926514,0.6628716484571335,12.406756684012247,15.05824327784078,46.72789454177363
2010-09-27 19:00:00,14.239999771118164,14.890000343322754,14.239999771118164,14.890000343322754,2,14.065799980163574,27.185003213882446,13.827500009536744,0.686584914168066,12.45433018120061,15.200669837872876,56.03864823326049
2010-09-28 19:00:00,13.979999542236328,13.979999542236328,13.979999542236328,13.979999542236328,30,14.037799968719483,26.91350348472595,13.878499984741211,0.6559548283787848,12.566590327983642,15.19040964149878,47.337962847984876
2010-09-29 19:00:00,12.979999542236328,13.010000228881836,12.979999542236328,13.010000228881836,46,14.011199970245361,26.6541868019104,13.857000017166138,0.6777680961022214,12.501463824961695,15.212536209370581,42.82722587331351
2010-09-30 19:00:00,12.020000457763672,12.960000038146973,12.020000457763672,12.960000038146973,30,14.003599967956543,26.394620118141173,13.788000011444092,0.6960082450183435,12.395983521407405,15.180016501480779,47.55813919962776
2010-10-03 19:00:00,11.319999694824219,11.5,11.319999694824219,11.5,28,13.947799968719483,26.127753434181212,13.620499992370606,0.8191811124267628,11.98213776751708,15.25886221722413,42.25206635996712
2010-10-04 19:00:00,10.550000190734863,11.25,10.550000190734863,11.25,150,13.874399967193604,25.844818978309632,13.438499975204468,0.920390510712148,11.597718953780173,15.279280996628763,34.74860720939361
2010-10-05 19:00:00,10.850000381469727,10.850000381469727,10.850000381469727,10.850000381469727,300,13.811399974822997,25.5598845243454,13.286499977111816,1.0792212769527085,11.1280574232064,15.444942531017233,37.24551459007425
2010-10-06 19:00:00,10.890000343322754,10.899999618530273,10.890000343322754,10.899999618530273,130,13.749399967193604,25.278547616004943,13.109499979019166,1.1668196849869508,10.775860609045264,15.443139348993068,29.664421798053993
2010-10-07 19:00:00,10.5,10.5,10.5,10.5,1000,13.68899995803833,24.99521070957184,12.91549997329712,1.2630475856806238,10.389404801935871,15.441595144658368,28.15286005160776
2010-10-10 19:00:00,10.010000228881836,10.199999809265137,10.010000228881836,10.199999809265137,500,13.642399959564209,24.71037380218506,12.75649995803833,1.394784562365869,9.966930833306591,15.546069082770067,30.909083876272007
2010-10-12 19:00:00,10.930000305175781,10.930000305175781,10.930000305175781,10.930000305175781,1,13.591199970245361,24.42918689727783,12.652999973297119,1.4514170808215785,9.750165811653961,15.555834134940277,35.170608207681724
2010-10-13 19:00:00,10.930000305175781,11.869999885559082,10.0,10.0,528,13.532199974060058,24.143349990844726,12.453999996185303,1.5305843481984582,9.392831299788387,15.515168692582218,32.095810571736294
2010-10-14 19:00:00,10.0,10.0,10.0,10.0,200,13.43379997253418,23.874300003051758,12.305000019073486,1.6191697204252429,9.066660578223,15.54333945992397,24.399998982747405
2010-10-17 19:00:00,10.0,10.869999885559082,10.0,10.869999885559082,1837,13.371599979400635,23.738650002479552,12.151999998092652,1.6020204416241077,8.947959114844437,15.356040881340867,28.136884289334375
2010-10-24 19:00:00,11.010000228881836,11.710000038146973,11.010000228881836,11.710000038146973,1614,13.308199977874756,23.62720000267029,12.04099998474121,1.5483536116175407,8.94429276150613,15.137707207976291,30.51470364803808
2010-10-25 19:00:00,10.65999984741211,10.65999984741211,10.65999984741211,10.65999984741211,100,13.222399978637695,23.51050000190735,11.927499961853027,1.5628882495530776,8.801723462746871,15.053276460959182,30.0
2010-10-31 19:00:00,11.489999771118164,11.5,11.489999771118164,11.5,1,13.14359998703003,23.39800000190735,11.842999982833863,1.5365001230195225,8.769999736794817,14.916000228872909,40.7588726145594
2010-11-02 19:00:00,11.489999771118164,12.289999961853027,10.5,12.289999961853027,101,13.06439998626709,23.289450001716613,11.807999992370606,1.5168443769361155,8.774311238498374,14.841688746242838,46.24017908098761
2010-11-09 19:00:00,11.300000190734863,11.3100004196167,11.300000190734863,11.3100004196167,600,12.966200008392335,23.176000003814696,11.681500005722047,1.4421193177131977,8.79726137029565,14.565738641148442,48.87307476275512
2010-11-14 19:00:00,11.3100004196167,11.979999542236328,10.510000228881836,11.979999542236328,2,12.88579999923706,23.06590000152588,11.564499998092652,1.3052141532716415,8.95407169154937,14.174928304635934,54.124291910167955
2010-11-15 19:00:00,11.979999542236328,12.670000076293945,11.100000381469727,11.100000381469727,501,12.771200008392334,22.95140000343323,11.375,1.0464651802059715,9.282069639588057,13.467930360411943,51.33976448634661
2010-11-22 19:00:00,11.979999542236328,11.979999542236328,11.979999542236328,11.979999542236328,1,12.69420000076294,22.841300001144408,11.275,0.8640997726670478,9.546800454665904,13.003199545334096,55.31496133206552
2010-11-23 19:00:00,12.0,12.0,12.0,12.0,1,12.637600002288819,22.731300001144408,11.224499988555909,0.7830807617153313,9.658338465125247,12.79066151198657,57.66871261362183
2010-11-24 19:00:00,11.050000190734863,11.050000190734863,11.050000190734863,11.050000190734863,500,12.582000007629395,22.616550002098084,11.128999996185303,0.6683514240458429,9.792297148093617,12.46570284427699,54.07478673077651
2010-11-25 19:00:00,10.050000190734863,10.050000190734863,10.050000190734863,10.050000190734863,1,12.52640001296997,22.496800003051757,11.056500005722047,0.7036990048625471,9.649101995996952,12.46389801544714,45.88784912619796
2010-11-29 19:00:00,9.600000381469727,9.600000381469727,9.600000381469727,9.600000381469727,901,12.478600025177002,22.374800004959106,10.974000024795533,0.7731166409598037,9.427766742875926,12.52023330671514,48.04305420716051
2010-12-01 19:00:00,12.90999984741211,13.90999984741211,13.90999984741211,13.90999984741211,3810,12.504200019836425,22.274350004196165,11.126999998092652,1.0128910337905241,9.101217930511604,13.1527820656737,63.45492322493473
2010-12-02 19:00:00,9.25,9.25,9.25,9.25,1,12.418000011444091,22.150600004196168,11.044500017166138,1.096129351850901,8.852241313464337,13.23675872086794,45.57860216828721
2010-12-06 19:00:00,8.40999984741211,9.0,8.40999984741211,9.0,1,12.328000011444091,22.025600004196168,10.969500017166137,1.1832046496316901,8.603090717902756,13.335909316429518,42.3575844742868
2010-12-07 19:00:00,8.699999809265137,8.8100004196167,8.699999809265137,8.8100004196167,1,12.253800010681152,21.89965000629425,10.900000047683715,1.268529912557018,8.36294022256968,13.43705987279775,44.51689431335801
2010-12-08 19:00:00,8.109999656677246,8.300000190734863,8.109999656677246,8.300000190734863,1,12.160000019073486,21.771150007247925,10.76850004196167,1.3952447220276274,7.978010597906414,13.558989486016923,40.326479580784515
2010-12-09 19:00:00,7.909999847412109,7.909999847412109,7.909999847412109,7.909999847412109,1,12.059000015258789,21.640700006484984,10.664000034332275,1.5278032883234522,7.608393457685371,13.71960661097918,36.43122349291507
2010-12-12 19:00:00,8.850000381469727,8.90999984741211,8.850000381469727,8.90999984741211,1648,11.968400020599365,21.515250005722045,10.60950002670288,1.5715512025404077,7.466397621622065,13.752602431783696,42.574254270511304
2010-12-13 19:00:00,9.84000015258789,9.90999984741211,9.84000015258789,9.90999984741211,2148,11.87980001449585,21.394800004959105,10.561500024795532,1.5778241310611651,7.405851762673201,13.717148286917862,43.723468881180835
2010-12-14 19:00:00,10.880000114440918,10.90999984741211,10.880000114440918,10.90999984741211,3651,11.801000003814698,21.279350004196168,10.52150001525879,1.5571811680600485,7.4071376791386925,13.635862351378886,49.42805373602086
2010-12-19 19:00:00,11.90999984741211,11.90999984741211,11.90999984741211,11.90999984741211,2527,11.741399993896485,21.168900003433226,10.58400001525879,1.587816693540627,7.408366628177536,13.759633402340043,49.7907958854168
2010-12-20 19:00:00,12.890000343322754,12.90999984741211,12.890000343322754,12.90999984741211,1312,11.721799983978272,21.063450002670287,10.654500007629395,1.6602772352846709,7.333945537060053,13.975054478198736,52.56916966249297
2010-12-21 19:00:00,12.90999984741211,13.90999984741211,13.90999984741211,13.90999984741211,3810,11.711199989318848,20.96300000190735,10.735500001907349,1.7795044932314104,7.176491015444528,14.29450898837017,58.05180116383712
2010-12-22 19:00:00,13.90999984741211,14.90999984741211,13.010000228881836,14.5,22790,11.71359998703003,20.86550000190735,10.894999980926514,1.9668127198824106,6.9613745411616925,14.828625420691335,62.82420736607073
2010-12-28 19:00:00,15.0,15.300000190734863,14.0,15.15999984741211,601,11.749199981689452,20.77130000114441,11.053999996185302,2.1765021786871372,6.700995638811028,15.407004353559577,65.83143404054766
2010-12-29 19:00:00,15.15999984741211,15.5,14.5,14.5,5456,11.779199981689453,20.67380000114441,11.223999977111816,2.3090311600472213,6.605937657017374,15.842062297206258,52.12077699158874
2010-12-30 19:00:00,14.5,14.850000381469727,13.600000381469727,14.5,4516,11.789599990844726,20.57630000114441,11.35,2.418611974225252,6.512776051549496,16.1872239484505,78.37837837837839
2011-01-02 19:00:00,14.5,14.949999809265137,13.550000190734863,13.609999656677246,2286,11.802199993133545,20.474349999427794,11.430499982833862,2.467680428628704,6.495139125576453,16.36586084009127,73.30636752601174
2011-01-03 19:00:00,14.0,14.489999771118164,14.0,14.489999771118164,1412,11.813399982452392,20.376799998283385,11.602499961853027,2.557996402058887,6.486507157735254,16.7184927659708,76.84309489824847
2011-01-04 19:00:00,13.0,13.600000381469727,13.0,13.600000381469727,7190,11.806799983978271,20.274800000190734,11.77999997138977,2.567747257456312,6.644505456477146,16.915494486302393,74.17883290277317
2011-01-05 19:00:00,13.600000381469727,13.699999809265137,12.75,13.699999809265137,502,11.822199974060059,20.17329999923706,11.984999942779542,2.5481334240174944,6.888733094744553,17.08126679081453,77.13214825659472
2011-01-06 19:00:00,13.800000190734863,13.800000190734863,13.800000190734863,13.800000190734863,5,11.83439998626709,20.072300000190737,11.979499959945679,2.5438749064776456,6.891750146990388,17.067249772900972,75.02559156362281
2011-01-09 19:00:00,14.0,14.0,14.0,14.0,2,11.854599990844726,19.972300000190735,12.216999959945678,2.4969330307066295,7.223133898532419,17.21086602135894,72.79821887220615
2011-01-10 19:00:00,14.25,14.75,14.25,14.75,1574,11.872799987792968,19.876050000190734,12.50449995994568,2.437348560450436,7.629802839044808,17.379197080846552,72.01835123259134
2011-01-12 19:00:00,14.0,14.0,14.0,14.0,1574,11.866399993896485,19.776050000190736,12.763999938964844,2.295454098310496,8.173091742343852,17.354908135585838,62.3376642386064
2011-01-13 19:00:00,13.0,13.5,13.0,13.5,390,11.83859998703003,19.673550000190733,13.0239999294281,2.043931753783776,8.93613642186055,17.11186343699565,53.701381451810725
2011-01-16 19:00:00,13.399999618530273,13.600000381469727,12.899999618530273,12.899999618530273,461,11.816999988555908,19.568049998283385,13.273499917984008,1.6542267651596676,9.965046387664673,16.581953448303345,43.32892820608436
2011-01-18 19:00:00,12.5,12.789999961853027,12.5,12.789999961853027,45,11.812599983215332,19.46199999809265,13.467499923706054,1.306537749331498,10.854424425043058,16.08057542236905,37.94076000453567
2011-01-19 19:00:00,12.5,13.489999771118164,11.640000343322754,12.949999809265137,4,11.812399978637695,19.356749997138976,13.619499921798706,1.015244240910778,11.589011439977149,15.649988403620263,33.23216762673269
2011-01-24 19:00:00,12.949999809265137,13.489999771118164,12.649999618530273,13.489999771118164,65,11.852199974060058,19.25419999599457,13.74849991798401,0.7922737485755305,12.163952420832949,15.33304741513507,42.19474237966973
2011-01-25 19:00:00,13.489999771118164,13.850000381469727,13.0,13.0,52,11.887199974060058,19.149199995994568,13.802999925613403,0.6900427432242903,12.422914439164822,15.183085412061983,39.22413651356355
2011-01-26 19:00:00,12.0,12.020000457763672,12.0,12.020000457763672,1311,11.910599975585937,19.039299998283386,13.758499956130981,0.7742246980744096,12.210050559982161,15.306949352279801,38.72340719103075
2011-01-27 19:00:00,12.0,12.0,11.020000457763672,12.0,3,11.932599983215333,18.929299998283387,13.662999963760376,0.866815669315864,11.929368625128648,15.396631302392104,29.88691176461525
2011-01-30 19:00:00,12.0,12.0,11.0,11.890000343322754,253,11.960399990081788,18.81875,13.532499980926513,0.9284501055061398,11.675599769914234,15.389400191938792,34.19592987231162
2011-01-31 19:00:00,10.890000343322754,11.850000381469727,10.890000343322754,11.850000381469727,3,11.99340000152588,18.708000001907347,13.367000007629395,0.9180246709621397,11.530950665705115,15.203049349553675,32.710283872331686
2011-02-01 19:00:00,11.529999732971191,11.949999809265137,10.550000190734863,11.489999771118164,116,12.004599990844726,18.595450000762938,13.216499996185302,0.9678802793969793,11.280739437391343,15.15226055497926,29.411759706016696
2011-02-02 19:00:00,11.489999771118164,11.800000190734863,10.699999809265137,10.699999809265137,4,12.01859998703003,18.478949999809267,13.02649998664856,1.0702300128615687,10.886039960925423,15.166960012371696,23.38709441729806
2011-02-03 19:00:00,10.699999809265137,11.699999809265137,9.699999809265137,11.609999656677246,436,12.050799980163575,18.366999998092652,12.92649998664856,1.1056899405503187,10.715120105547923,15.137879867749197,25.314461377162772
2011-02-06 19:00:00,11.609999656677246,12.1899995803833,10.75,12.100000381469727,3,12.075399990081786,18.2575,12.807000017166137,1.0558463757685386,10.69530726562906,14.918692768703215,34.426233608919134
2011-02-07 19:00:00,11.100000381469727,11.239999771118164,11.100000381469727,11.239999771118164,5,12.065999984741211,18.143699998855592,12.68899998664856,1.0937521095205773,10.501495767607405,14.876504205689713,32.50774085218316
2011-02-08 19:00:00,11.239999771118164,11.649999618530273,10.260000228881836,11.649999618530273,16,12.085799980163575,18.031949996948242,12.586499977111817,1.0900713629235042,10.406357251264808,14.766642702958826,40.0318986543915
2011-02-09 19:00:00,10.649999618530273,11.0,10.649999618530273,11.0,373,12.075799980163573,17.916949996948244,12.446499967575074,1.1057089962781734,10.235081975018726,14.657917960131421,36.857563498110785
2011-02-10 19:00:00,10.0,10.100000381469727,10.0,10.100000381469727,501,12.031999988555908,17.79744999885559,12.25149998664856,1.1598877761091455,9.931724434430269,14.57127553886685,31.125832080820047
2011-02-13 19:00:00,9.119999885559082,10.0,9.119999885559082,10.0,305,12.005799980163575,17.67744999885559,12.01399998664856,1.1064423376261927,9.801115311396174,14.226884661900947,25.4571063887321
2011-02-14 19:00:00,10.100000381469727,10.4399995803833,9.239999771118164,10.100000381469727,20,11.968199996948242,17.55795000076294,11.819000005722046,1.0813923010761533,9.656215403569739,13.981784607874353,28.42262580551406
2011-02-16 19:00:00,9.699999809265137,10.0,9.699999809265137,10.0,3390,11.946199989318847,17.43795000076294,11.644000005722045,1.0782363013093308,9.487527403103384,13.800472608340707,32.705481633120954
2011-02-17 19:00:00,9.850000381469727,9.850000381469727,8.850000381469727,9.850000381469727,498,11.903600006103515,17.317200002670287,11.491500043869019,1.1065606213303933,9.278378801208232,13.704621286529806,31.99330670926517
2011-02-20 19:00:00,9.850000381469727,9.989999771118164,9.0600004196167,9.850000381469727,98,11.86060001373291,17.19645000457764,11.344500064849854,1.1201806948440105,9.104138675161833,13.584861454537874,32.59386162645043
2011-02-21 19:00:00,10.0,10.0,10.0,10.0,100,11.839600009918213,17.076450004577637,11.197000074386597,1.0915034788924873,9.013993116601622,13.380007032171573,34.50586261980831
2011-02-22 19:00:00,8.850000381469727,9.6899995803833,8.850000381469727,9.6899995803833,42,11.832399997711182,16.954900002479555,11.007000064849853,0.9980881685420727,9.010823727765708,13.003176401933999,34.797298331344095
2011-02-23 19:00:00,8.859999656677246,9.789999961853027,8.859999656677246,9.789999961853027,1085,11.836199989318848,16.83385000228882,10.846500062942505,0.9154019924667692,9.015696078008967,12.677304047876044,41.30019507466557
2011-02-24 19:00:00,8.09000015258789,9.0,8.09000015258789,9.0,881,11.737999992370606,16.70885000228882,10.695500040054322,0.9596516505040347,8.776196739046252,12.614803341062391,24.461850706157364
2011-02-28 19:00:00,8.40999984741211,9.0,7.519999980926514,8.40999984741211,4,11.721199989318848,16.58090000152588,10.516000032424927,1.0355542743223294,8.444891483780268,12.587108581069586,14.587333669895486
2011-03-01 19:00:00,8.989999771118164,9.25,8.989999771118164,9.25,1101,11.726199989318848,16.45715000152588,10.384000015258788,1.0193258758764148,8.345348263505958,12.422651767011619,30.828520555446318
2011-03-02 19:00:00,9.0,9.0,9.0,9.0,500,11.729999980926515,16.33215000152588,10.241499996185302,1.0026715220948528,8.236156951995596,12.246843040375008,23.65805907774586
2011-03-03 19:00:00,9.0,10.0,8.260000228881836,9.0,4,11.743999977111816,16.20715000152588,10.117000007629395,0.9940406391325141,8.128918729364367,12.105081285894423,27.168955339312006
2011-03-06 19:00:00,9.0,9.850000381469727,9.0,9.0,115,11.765799980163575,16.08215000152588,10.032000017166137,1.0140465922404345,8.003906832685267,12.060093201647007,34.195403401327354
2011-03-07 19:00:00,9.0,9.600000381469727,8.0,9.0,104,11.767599983215332,15.957150001525878,9.901500034332276,0.9671405383150836,7.967218957702109,11.835781110962444,35.20710526642492
2011-03-08 19:00:00,9.0,9.770000457763672,8.029999732971191,9.0,7,11.74939998626709,15.832150001525878,9.746500015258789,0.8357364862165312,8.075027042825727,11.41797298769185,33.23170501231344
2011-03-09 19:00:00,9.0,9.789999961853027,8.260000228881836,9.0,162,11.711199989318848,15.707150001525878,9.63450002670288,0.772776770953346,8.088946484796189,11.180053568609573,34.27673106866695
2011-03-10 19:00:00,9.949999809265137,9.949999809265137,9.949999809265137,9.949999809265137,2,11.671999988555909,15.586900000572205,9.549500036239625,0.6172646091870492,8.314970817865527,10.784029254613722,51.25627406200272
2011-03-13 19:00:00,9.0,9.699999809265137,8.149999618530273,9.0,102,11.593799991607666,15.461900000572205,9.449500036239623,0.5250211275097493,8.399457781220125,10.499542291259122,41.37930700960252
2011-03-14 19:00:00,8.020000457763672,8.020000457763672,8.020000457763672,8.020000457763672,100,11.476000003814697,15.332000002861022,9.345500040054322,0.5912206313564222,8.163058777341478,10.527941302767166,32.81250465661269
2011-03-15 19:00:00,8.319999694824219,8.399999618530273,8.319999694824219,8.399999618530273,102,11.353999996185303,15.204000000953675,9.265500020980834,0.6060612984624755,8.053377424055883,10.477622617905785,38.93653353556248
2011-03-17 19:00:00,9.979999542236328,9.979999542236328,9.979999542236328,9.979999542236328,1,11.250399990081787,15.083899998664856,9.259499979019164,0.5979039861546959,8.063692006709772,10.455307951328557,51.29958699761998
2011-03-20 19:00:00,8.220000267028809,8.220000267028809,8.220000267028809,8.220000267028809,1,11.124799995422363,14.955,9.170499992370605,0.6141358402032313,7.942228311964142,10.398771672777068,45.289855448044484
2011-03-21 19:00:00,9.0,9.760000228881836,8.270000457763672,9.0,403,11.014799995422363,14.83,9.127999973297118,0.5937090466943726,7.940581879908374,10.315418066685863,53.48288272301912
2011-03-23 19:00:00,9.979999542236328,9.979999542236328,9.979999542236328,9.979999542236328,1,10.942199993133546,14.709899997711181,9.13449993133545,0.6026735127915338,7.929152905752382,10.339846956918517,54.239255597660495
2011-03-24 19:00:00,9.720000267028809,9.720000267028809,9.720000267028809,9.720000267028809,1,10.846800003051758,14.588499999046325,9.12049994468689,0.5844877279835811,7.951524488719727,10.289475400654052,54.17633755926309
2011-03-27 19:00:00,9.699999809265137,9.699999809265137,9.699999809265137,9.699999809265137,1,10.768799991607667,14.466999998092652,9.120999956130982,0.5850046080279035,7.9509907400751745,10.291009172186788,54.05092644971525
2011-03-28 19:00:00,9.9399995803833,9.9399995803833,9.9399995803833,9.9399995803833,1,10.69359998703003,14.346699995994568,9.128499937057494,0.5949105116010533,7.938678913855387,10.318320960259602,55.292792635569214
2011-03-29 19:00:00,9.989999771118164,9.989999771118164,9.989999771118164,9.989999771118164,50,10.617399978637696,14.226649994850158,9.177999925613403,0.624125348930601,7.9297492277522,10.426250623474605,55.5431139988338
2011-03-30 19:00:00,9.6899995803833,9.6899995803833,9.6899995803833,9.6899995803833,100,10.53119997024536,14.105099992752075,9.241999912261964,0.6066090448648067,8.02878182253235,10.455218001991577,53.73781055516367
2011-04-03 19:00:00,9.729999542236328,9.729999542236328,9.729999542236328,9.729999542236328,1,10.430799961090088,13.983749990463258,9.265999889373779,0.6163592506915527,8.033281387990673,10.498718390756885,53.93743153500676
2011-04-04 19:00:00,9.989999771118164,10.0,9.989999771118164,10.0,21,10.350799961090088,13.863749990463257,9.31599988937378,0.6339548387368891,8.048090211900002,10.583909566847558,50.29103729045388
2011-04-05 19:00:00,9.739999771118164,9.739999771118164,9.739999771118164,9.739999771118164,10,10.275599956512451,13.742449989318848,9.352999877929687,0.6361320617679044,8.080735754393878,10.625264001465496,54.68354421211268
2011-04-07 19:00:00,9.0,9.739999771118164,8.399999618530273,9.0,16,10.197599964141846,13.617449989318848,9.352999877929687,0.6361320617679044,8.080735754393878,10.625264001465496,56.39686557297042
2011-04-10 19:00:00,9.989999771118164,9.989999771118164,9.989999771118164,9.989999771118164,1,10.141599960327149,13.497399988174438,9.402499866485595,0.645664528053141,8.111170810379313,10.693828922591877,59.61306185784092
2011-04-11 19:00:00,9.0,9.75,8.399999618530273,9.0,113,10.062599964141846,13.372399988174438,9.402499866485595,0.645664528053141,8.111170810379313,10.693828922591877,43.61979331588407
2011-04-12 19:00:00,9.0,9.020000457763672,8.170000076293945,9.0,12,9.972799968719482,13.247399988174438,9.402499866485595,0.645664528053141,8.111170810379313,10.693828922591877,56.58783655888481
2011-04-13 19:00:00,9.0,9.0,8.0,8.550000190734863,1162,9.88379997253418,13.120149989128112,9.332499885559082,0.6589373636933997,8.014625158172283,10.650374612945882,45.97495640650007
2011-04-14 19:00:00,8.550000190734863,8.550000190734863,8.539999961853027,8.550000190734863,1100,9.814399967193603,12.992899990081787,9.309999895095824,0.6782871284283216,7.953425638239182,10.666574151952467,34.49024449025484
2011-04-18 19:00:00,9.390000343322754,9.399999618530273,9.390000343322754,9.399999618530273,11,9.76239995956421,12.940949983596802,9.378999853134156,0.606550933382408,8.16589798636934,10.592101719898972,46.92307057465299
2011-04-19 19:00:00,9.0,9.0,9.0,9.0,1,9.704599952697754,12.8894499874115,9.408999872207641,0.5692735938012013,8.270452684605239,10.547547059810043,43.72759911762891
2011-04-20 19:00:00,9.140000343322754,9.140000343322754,9.140000343322754,9.140000343322754,11,9.650399951934814,12.83614999294281,9.366999912261964,0.5557553540735093,8.255489204114944,10.478510620408983,42.70073627840053
2011-04-21 19:00:00,8.0,8.5,8.0,8.5,1000,9.59059995651245,12.784649996757507,9.380999898910522,0.5281834274298894,8.324633044050744,10.4373667537703,37.72652515626434
2011-04-24 19:00:00,7.5,7.630000114440918,7.5,7.630000114440918,1985,9.529199962615968,12.730299997329713,9.312499904632569,0.6540389198600117,8.004422064912545,10.620577744352593,34.48795440287343
2011-04-25 19:00:00,7.070000171661377,7.070000171661377,7.070000171661377,7.070000171661377,10,9.438399972915649,12.673399994373321,9.16699993610382,0.8041803847945826,7.558639166514656,10.775360705692986,31.424583768075436
2011-04-26 19:00:00,7.789999961853027,7.800000190734863,7.789999961853027,7.800000190734863,200,9.352399969100953,12.616149995326996,9.070999932289123,0.8480930515501793,7.374813829188764,10.767186035389482,35.56430368999422
2011-04-27 19:00:00,7.96999979019165,8.0,7.96999979019165,8.0,54,9.287599973678589,12.558649995326995,8.985999941825867,0.8667202152767666,7.252559511272334,10.719440372379399,38.49206274118599
2011-05-01 19:00:00,7.510000228881836,7.980000019073486,7.400000095367432,7.400000095367432,700,9.202599983215332,12.495699996948241,8.858999967575073,0.9048284232012179,7.049343121172638,10.66865681397751,39.21832751585468
2011-05-03 19:00:00,7.199999809265137,7.199999809265137,7.199999809265137,7.199999809265137,100,9.126599979400634,12.43194999217987,8.719499969482422,0.935821930135392,6.847856109211638,10.591143829753207,28.959273642423582
2011-05-19 19:00:00,7.5,7.5,7.5,7.5,100,9.07459997177124,12.367449994087218,8.609999990463256,0.9443738328211623,6.721252324820932,10.49874765610558,37.373736481786025
2011-05-24 19:00:00,7.400000095367432,7.989999771118164,6.630000114440918,7.730000019073486,621,9.02919997215271,12.309399993419648,8.510000014305115,0.9252310617601637,6.6595378907847875,10.360462137825442,39.70826528871796
2011-05-29 19:00:00,8.069999694824219,8.069999694824219,8.069999694824219,8.069999694824219,100,8.9885999584198,12.25304999113083,8.413499999046326,0.8599955048886396,6.693508989269047,10.133491008823606,46.039599519700616
2011-06-01 19:00:00,7.119999885559082,7.119999885559082,7.119999885559082,7.119999885559082,20,8.930999956130982,12.195649988651276,8.282500004768371,0.8467452866374865,6.589009431493398,9.975990578043344,39.80028207539687
2011-06-02 19:00:00,7.300000190734863,7.349999904632568,7.300000190734863,7.349999904632568,400,8.880999946594239,12.14229998588562,8.2,0.8535128404138036,6.492974319172392,9.907025680827607,33.95931332761377
2011-06-05 19:00:00,7.5,7.5,7.5,7.5,100,8.833999938964844,12.089699983596802,8.075500011444092,0.754533494169957,6.566433023104178,9.584566999784006,37.78501696965499
2011-06-21 19:00:00,8.0,8.0,8.0,8.0,1,8.793999938964843,12.04269998550415,8.025500011444091,0.7224991387920708,6.58050173385995,9.470498289028233,41.230766589824974
2011-07-04 19:00:00,8.350000381469727,8.449999809265137,8.350000381469727,8.449999809265137,11,8.76919994354248,12.002949986457825,7.998000001907348,0.6933336686547429,6.611332664597862,9.384667339216834,49.603801941626664
2011-07-07 19:00:00,8.279999732971191,8.279999732971191,8.279999732971191,8.279999732971191,1,8.738999938964843,11.966349983215332,7.984499979019165,0.6845934088435843,6.615313161331996,9.353686796706334,55.79322333608896
2011-07-10 19:00:00,7.050000190734863,7.050000190734863,7.050000190734863,7.050000190734863,10,8.699999942779542,11.926099982261658,7.909499979019165,0.7013405936626498,6.506818791693865,9.312181166344464,49.84076446420771
2011-07-19 19:00:00,7.5,7.5,7.5,7.5,2000,8.6817999458313,11.88309998035431,7.814499998092652,0.611783203257656,6.59093359157734,9.038066404607964,47.49999801317819
2011-07-21 19:00:00,7.349999904632568,7.349999904632568,7.349999904632568,7.349999904632568,10,8.64379994392395,11.839849979877473,7.73199999332428,0.5518161466582454,6.628367700007789,8.83563228664077,44.53781371180264
2011-07-24 19:00:00,8.149999618530273,8.149999618530273,8.149999618530273,8.149999618530273,700,8.626799936294555,11.799349977970124,7.682499957084656,0.4547280137831628,6.77304392951833,8.591955984650982,56.09755794987285
2011-07-25 19:00:00,7.199999809265137,7.5,7.199999809265137,7.5,3279,8.596799936294556,11.759099977016449,7.632499957084656,0.4131887346272052,6.806122487830246,8.458877426339066,52.272729243129206
2011-07-27 19:00:00,7.199999809265137,7.199999809265137,7.199999809265137,7.199999809265137,49,8.560799932479858,11.7173499751091,7.610999941825867,0.4243619850999795,6.7622759716259075,8.459723912025826,47.72727075687079
2011-08-02 19:00:00,7.0,7.0,7.0,7.0,2100,8.520799932479859,11.675849974155426,7.6074999332427975,0.42931855244239675,6.748862828358004,8.466137038127592,44.4444428316006
2011-08-07 19:00:00,6.0,6.0,6.0,6.0,2400,8.460799932479858,11.625149977207183,7.517499923706055,0.5566333774937724,6.40423316871851,8.6307666786936,35.68464661874903
2011-08-17 19:00:00,5.010000228881836,5.010000228881836,5.010000228881836,5.010000228881836,100,8.380999937057496,11.567749979496002,7.367999935150147,0.7778078874638331,5.81238416022248,8.923615710077813,35.488307583247135
2011-09-05 19:00:00,5.099999904632568,5.099999904632568,5.099999904632568,5.099999904632568,1,8.283999938964843,11.511999979019166,7.252999925613404,0.928298306481811,5.396403312649782,9.109596538577026,34.221594910347235
2011-09-07 19:00:00,6.349999904632568,6.5,6.349999904632568,6.5,200,8.233999938964844,11.468249979019165,7.2179999351501465,0.9434739016699849,5.331052131810177,9.104947738490116,44.033411611271795
2011-09-22 19:00:00,6.800000190734863,6.800000190734863,6.800000190734863,6.800000190734863,3,8.209599933624268,11.42974997997284,7.182999944686889,0.945443834025021,5.292112276636847,9.07388761273693,42.665036404017556
2011-09-26 19:00:00,6.940000057220459,6.980000019073486,6.940000057220459,6.980000019073486,300,8.181199941635132,11.392099978923797,7.14549994468689,0.9374459061177832,5.270608132451323,9.020391756922455,40.707964068293464
2011-10-05 19:00:00,5.110000133514404,5.110000133514404,5.110000133514404,5.110000133514404,6,8.083799953460693,11.343849978446961,6.997499966621399,1.0143126149003705,4.968874736820658,9.02612519642214,33.506762827356084
2011-10-11 19:00:00,6.0,6.0,6.0,6.0,300,8.039399948120117,11.29884997844696,6.941499972343445,1.0378381249973403,4.865823722348765,9.017176222338126,44.336567664900805
2011-10-12 19:00:00,6.0,6.0,5.119999885559082,6.0,3,7.979399948120117,11.25759997844696,6.873999977111817,1.0536522075838244,4.766695561944168,8.981304392279466,41.49659742579261
2011-11-01 19:00:00,5.099999904632568,5.110000133514404,5.099999904632568,5.110000133514404,120,7.881999959945679,11.208149979114532,6.754499983787537,1.1127890746333788,4.528921834520779,8.980078133054295,38.284518202363536
2011-11-14 19:00:00,5.010000228881836,5.010000228881836,5.010000228881836,5.010000228881836,2,7.787799959182739,11.156949980258942,6.604999995231628,1.137233372817823,4.330533249595982,8.879466740867274,32.27991055696096
2011-11-20 19:00:00,6.5,6.5,6.5,6.5,1,7.723799962997436,11.116949980258942,6.507500004768372,1.051053878712364,4.405392247343643,8.6096077621931,44.84536021659618
2011-11-29 19:00:00,6.0,6.210000038146973,5.010000228881836,5.610000133514404,800,7.637199974060058,11.070099983215332,6.374000024795532,0.9813223276069029,4.4113553695817265,8.336644680009337,42.27405295098988
2012-01-01 19:00:00,6.5,6.5,6.5,6.5,1,7.567399978637695,11.025449981689453,6.346500015258789,0.9690106582828067,4.408478698693175,8.284521331824402,47.72313267635181
2012-01-05 19:00:00,6.599999904632568,6.599999904632568,6.5,6.5,199,7.50359998703003,10.987949981689454,6.296500015258789,0.9314293343245587,4.433641346609671,8.159358683907906,52.50501037431531
2012-01-09 19:00:00,6.0,6.0,6.0,6.0,200,7.428999996185302,10.944499983787537,6.2290000200271605,0.8994318893196763,4.430136241387808,8.027863798666512,55.216016303913634
2012-01-17 19:00:00,6.0,6.0,6.0,6.0,100,7.348999996185302,10.905899982452393,6.121500039100647,0.7780425296424994,4.565414979815649,7.677585098385646,54.78723498694556
2012-01-18 19:00:00,6.0,6.0,6.0,6.0,100,7.2742000007629395,10.863549981117249,6.046500039100647,0.7072427372334393,4.632014564633769,7.460985513567525,46.87499962747093
2012-01-19 19:00:00,6.0,6.550000190734863,6.0,6.550000190734863,100,7.225200004577637,10.819399981498718,6.014000058174133,0.6651267867162111,4.683746484741711,7.344253631606556,48.48484830970167
2012-01-22 19:00:00,6.599999904632568,6.599999904632568,6.599999904632568,6.599999904632568,50,7.157400007247925,10.780699980258941,5.994000053405761,0.6394355708746182,4.7151289116565245,7.272871195154998,47.660097509688256
2012-01-23 19:00:00,6.610000133514404,6.610000133514404,6.610000133514404,6.610000133514404,300,7.109600009918213,10.747049980163574,6.024500060081482,0.6541162872587211,4.71626748556404,7.332732634598924,61.98083205808578
2012-01-25 19:00:00,5.139999866485596,5.139999866485596,5.139999866485596,5.139999866485596,500,7.032400007247925,10.701299979686738,6.03100004196167,0.6440733824472475,4.742853277067175,7.319146806856166,43.71344901840208
2012-01-29 19:00:00,6.0,6.099999904632568,6.0,6.099999904632568,1000,6.983400001525879,10.65719997882843,6.08100004196167,0.6056653428431752,4.8696693562753195,7.292330727648021,50.64102505320861
2012-01-30 19:00:00,5.110000133514404,5.119999885559082,5.110000133514404,5.119999885559082,1000,6.914799995422364,10.612799978256225,6.012000036239624,0.6333918701754352,4.745216295888754,7.278783776590495,50.06336978589286
2012-01-31 19:00:00,5.96999979019165,5.96999979019165,5.96999979019165,5.96999979019165,10,6.846199998855591,10.572649977207185,5.970500016212464,0.6056268916898765,4.7592462328327105,7.181753799592217,55.55555310268947
2012-02-06 19:00:00,5.900000095367432,5.900000095367432,5.900000095367432,5.900000095367432,90,6.784200000762939,10.534549975395203,5.9165000200271605,0.5570814311695058,4.802337157688148,7.0306628823661725,45.84487588595454
2012-02-07 19:00:00,6.010000228881836,6.110000133514404,6.010000228881836,6.110000133514404,5824,6.723599996566772,10.50244997739792,5.96650002002716,0.5248285396753712,4.916842940676418,7.016157099377903,53.822629991715864
2012-02-08 19:00:00,7.099999904632568,7.099999904632568,7.099999904632568,7.099999904632568,361,6.695599994659424,10.47049997806549,6.021500015258789,0.5829441913944712,4.855611632469847,7.187388398047732,54.518071661875915
2012-02-09 19:00:00,7.099999904632568,7.099999904632568,7.099999904632568,7.099999904632568,1035,6.684999990463257,10.441249978542327,6.076500010490418,0.6307411866645051,4.815017637161407,7.337982383819428,54.518071661875915
2012-02-12 19:00:00,8.100000381469727,8.100000381469727,8.100000381469727,8.100000381469727,3231,6.705599994659424,10.407149980068207,6.226000022888184,0.7352865933041624,4.7554268362798595,7.696573209496508,64.7058843171739
2012-02-13 19:00:00,9.100000381469727,9.100000381469727,9.100000381469727,9.100000381469727,1612,6.731599998474121,10.382749984264374,6.430500030517578,0.9238676885007506,4.582764653516077,8.27823540751908,69.0417705818198
2012-02-14 19:00:00,10.100000381469727,10.100000381469727,10.100000381469727,10.100000381469727,9705,6.773600006103516,10.358849985599518,6.610500049591065,1.2360697700843095,4.138360509422446,9.082639589759683,72.4288852705842
2012-02-15 19:00:00,10.100000381469727,11.100000381469727,9.210000038146973,10.399999618530273,8103,6.833599996566773,10.336099984645843,6.850000023841858,1.4732992550092867,3.9034015138232845,9.796598533860431,71.65354157548296
2012-02-16 19:00:00,10.890000343322754,10.890000343322754,10.890000343322754,10.890000343322754,1,6.907400007247925,10.31334998846054,7.069500041007996,1.7240878689203045,3.6213243031673867,10.517675778848606,72.99035506172332
2012-02-19 19:00:00,10.399999618530273,10.550000190734863,9.399999618530273,9.449999809265137,1102,6.946400003433228,10.279349987506867,7.217000031471253,1.7974312741657896,3.6221374831396735,10.811862579802831,63.197023650013605
2012-02-20 19:00:00,9.449999809265137,10.239999771118164,8.489999771118164,9.5,3736,6.981800003051758,10.245749990940094,7.392000031471253,1.84252293139107,3.7069541686891125,11.077045894253393,73.34047023390188
2012-02-21 19:00:00,9.75,10.449999809265137,9.75,10.449999809265137,522,7.029400005340576,10.217999989986419,7.614500021934509,1.9320904678010395,3.75031908633243,11.478680957536588,73.31189559423439
2012-02-22 19:00:00,9.75,9.899999618530273,8.75,9.75,12,7.082000007629395,10.182599990367889,7.802000021934509,1.949050008473442,3.903900004987625,11.700100038881393,75.58011059038972
2012-02-23 19:00:00,9.75,10.0,8.75,9.75,2,7.130000009536743,10.15219999074936,7.962000012397766,1.972072422783098,4.01785516683157,11.906144857963962,73.04878096294004
2012-02-26 19:00:00,9.930000305175781,9.930000305175781,9.930000305175781,9.930000305175781,1,7.178600015640259,10.127699992656709,8.128500032424927,1.991506423985982,4.145487184452963,12.11151288039689,74.24789275009633
2012-02-27 19:00:00,9.75,10.649999618530273,8.760000228881836,8.760000228881836,2102,7.193800020217895,10.102349994182587,8.236000037193298,1.9630492450776806,4.309901547037937,12.16209852734866,64.29341870655131
2012-02-28 19:00:00,9.479999542236328,9.479999542236328,9.479999542236328,9.479999542236328,1,7.214400014877319,10.085599992275238,8.453000020980834,1.8387384446042878,4.775523131772259,12.13047691018941,63.22221950837138
2012-02-29 19:00:00,8.760000228881836,9.0,8.149999618530273,8.979999542236328,502,7.228400011062622,10.070549991130829,8.597000002861023,1.7556618385861853,5.085676325688652,12.108323680033394,59.89473443810641
2012-03-01 19:00:00,8.979999542236328,9.699999809265137,8.050000190734863,8.979999542236328,101,7.266999998092651,10.052299988269805,8.789999985694886,1.5538881674495557,5.682223650795774,11.897776320593998,55.17646565156824
2012-03-05 19:00:00,8.979999542236328,9.5,8.25,8.979999542236328,400,7.296599988937378,10.029399983882904,8.940499973297118,1.4050190878144697,6.130461797668179,11.750538148926058,49.19999440511067
2012-03-07 19:00:00,9.390000343322754,9.75,9.390000343322754,9.75,2750,7.344599990844727,10.010649983882905,9.132999968528747,1.2177853048960567,6.697429358736633,11.56857057832086,47.592844845725146
2012-03-08 19:00:00,9.680000305175781,9.75,9.050000190734863,9.050000190734863,3861,7.3626000022888185,9.99329998254776,9.27999997138977,0.9897687361832236,7.300462499023324,11.259537443756217,41.199483399541364
2012-03-20 19:00:00,8.25,8.300000190734863,8.25,8.300000190734863,90,7.3786000061035155,9.969849984645844,9.339999985694885,0.8810639535924405,7.577872078510003,11.102127892879766,33.66960874580647
2012-03-21 19:00:00,9.0,9.0,9.0,9.0,1,7.414600009918213,9.95004998445511,9.434999990463258,0.7132837231709753,8.008432544121307,10.861567436805208,46.87065482943222
2012-03-25 19:00:00,9.0,9.0,9.0,9.0,9,7.454600009918213,9.927849986553191,9.47999997138977,0.6502307604590001,8.17953845047177,10.78046149230777,46.498599140464215
2012-03-28 19:00:00,9.449999809265137,9.449999809265137,9.449999809265137,9.449999809265137,1,7.523600006103516,9.903399984836579,9.497499942779541,0.6441467688472186,8.209206405085103,10.785793480473979,42.46987882590042
2012-04-03 19:00:00,8.75,8.75,8.75,8.75,400,7.598400001525879,9.87289998292923,9.429999923706054,0.6484069738433502,8.133185976019353,10.726813871392755,42.46987882590042
2012-04-11 19:00:00,8.260000228881836,8.260000228881836,8.260000228881836,8.260000228881836,1100,7.661600008010864,9.839749982357025,9.322999954223633,0.656434567204176,8.01013081981528,10.635869088631985,39.55119252105241
2012-04-15 19:00:00,8.25,8.25,7.510000228881836,7.510000228881836,2000,7.681800012588501,9.80784998178482,9.153999948501587,0.6667864104226416,7.820427127656304,10.48757276934687,34.2857114547697
2012-04-17 19:00:00,8.460000038146973,8.460000038146973,8.460000038146973,8.460000038146973,1,7.715000009536743,9.777949984073638,9.104499959945679,0.6802667126333007,7.743966534679077,10.46503338521228,47.994650753052234
2012-04-18 19:00:00,8.399999618530273,8.520000457763672,8.399999618530273,8.520000457763672,5500,7.745800018310547,9.748649985790253,9.055499982833862,0.685553661658354,7.684392659517154,10.426607306150569,42.96188322998598
2012-04-19 19:00:00,9.0,9.0,9.0,9.0,100,7.823600015640259,9.726749985218047,8.982999992370605,0.6018838035737938,7.779232385223017,10.186767599518193,50.147062205938695
2012-04-22 19:00:00,9.0,9.0,9.0,9.0,100,7.883600015640258,9.706749985218048,8.945499992370605,0.5743139218434384,7.796872148683728,10.094127836057481,50.147062205938695
2012-04-23 19:00:00,9.369999885559082,9.390000343322754,9.369999885559082,9.390000343322754,1600,7.951400022506714,9.68379998922348,8.927500009536743,0.5530191510779784,7.821461707380786,10.0335383116927,52.851187934732586
2012-04-24 19:00:00,9.5,10.390000343322754,9.5,10.390000343322754,4101,8.05700002670288,9.670849993228913,8.950500011444092,0.6041128262316482,7.742274358980795,10.158725663907388,54.31267128706076
2012-04-25 19:00:00,10.020000457763672,10.880000114440918,9.029999732971191,9.779999732971191,1099,8.152400016784668,9.65009999036789,9.00149998664856,0.6296972330528668,7.742105520542825,10.260894452754293,54.979533082090676
2012-04-26 19:00:00,10.680000305175781,10.75,10.680000305175781,10.75,500,8.237400016784669,9.63419998884201,9.065000009536742,0.7356164230311786,7.593767163474386,10.5362328555991,66.2251638898745
2012-04-29 19:00:00,9.699999809265137,9.699999809265137,9.699999809265137,9.699999809265137,560,8.319200010299683,9.618049986362458,9.101000022888183,0.7487385378023713,7.60352294728344,10.598477098492925,54.43037821875621
2012-05-01 19:00:00,8.800000190734863,9.300000190734863,8.800000190734863,9.300000190734863,2800,8.37520001411438,9.598599989414215,9.11700005531311,0.7494355241236484,7.6181290070658125,10.615871103560407,51.807230023137514
2012-05-02 19:00:00,9.300000190734863,9.75,9.300000190734863,9.75,1500,8.44020001411438,9.582399990558624,9.155500078201294,0.7617049175056578,7.632090243189978,10.67890991321261,51.807230023137514
2012-05-03 19:00:00,10.489999771118164,10.729999542236328,10.489999771118164,10.729999542236328,5500,8.534800004959106,9.566849987506867,9.20450005531311,0.8303864571385277,7.5437271410360545,10.865272969590166,61.53845897344184
2012-05-06 19:00:00,10.729999542236328,11.100000381469727,10.25,11.100000381469727,1600,8.636800012588502,9.550749990940094,9.307000064849854,0.9307670276369641,7.4454660095759255,11.168534120123782,66.78486891037875
2012-05-07 19:00:00,11.100000381469727,12.050000190734863,11.0,11.100000381469727,202,8.738800020217896,9.531799991130828,9.447000074386597,0.9805749996950578,7.485850074996482,11.408150073776714,73.28145065348329
2012-05-08 19:00:00,10.100000381469727,10.5,10.100000381469727,10.5,2327,8.817800016403199,9.514399993419648,9.522000074386597,1.0017227016062307,7.518554671174135,11.525445477599058,63.85869244800241
2012-05-09 19:00:00,10.989999771118164,10.989999771118164,10.989999771118164,10.989999771118164,1,8.90560001373291,9.504299991130829,9.621500062942506,1.0450397404894824,7.531420581963541,11.71157954392147,65.85365226614536
2012-05-14 19:00:00,10.979999542236328,10.979999542236328,10.979999542236328,10.979999542236328,34,8.99300000190735,9.494399988651276,9.698000049591064,1.0869831903007052,7.524033668989654,11.871966430192474,63.52458407692554
2012-05-15 19:00:00,10.40999984741211,10.75,9.510000228881836,10.40999984741211,2,9.09840000152588,9.488949987888336,9.78100004196167,1.0740865472168415,7.632826947527987,11.929173136395352,58.93535878092159
2012-05-21 19:00:00,10.399999618530273,10.399999618530273,10.350000381469727,10.350000381469727,512,9.183400011062622,9.484449989795685,9.885500049591064,1.0185514024806879,7.848397244629688,11.92260285455244,56.34920624908937
2012-05-23 19:00:00,10.350000381469727,10.350000381469727,10.350000381469727,10.350000381469727,1,9.288000020980835,9.481949989795686,10.02750005722046,0.8547382901155325,8.318023476989394,11.736976637451525,49.69512226147568
2012-05-24 19:00:00,10.5,10.5,10.5,10.5,1,9.378600025177002,9.479949991703034,10.12950005531311,0.7759236682858094,8.577652718741492,11.68134739188473,55.901642086620846
2012-05-27 19:00:00,10.350000381469727,10.350000381469727,10.300000190734863,10.34000015258789,500,9.46740002632141,9.479149992465972,10.220500040054322,0.6777398442462158,8.86502035156189,11.575979728546754,46.12476442076623
2012-05-28 19:00:00,9.510000228881836,9.510000228881836,9.510000228881836,9.510000228881836,96,9.535400028228759,9.475699994564057,10.246000051498413,0.6378202706475492,8.970359510203314,11.521640592793512,48.126236414605025
2012-05-29 19:00:00,9.399999618530273,10.0,9.399999618530273,10.0,1740,9.593400030136108,9.471049993038177,10.296000051498414,0.5706634713131572,9.1546731088721,11.437326994124728,56.78294534243662
2012-05-30 19:00:00,9.399999618530273,9.399999618530273,9.399999618530273,9.399999618530273,499,9.639400024414062,9.46804999113083,10.29650001525879,0.5698317137413166,9.156836587776157,11.436163442741423,46.70432752663553
2012-05-31 19:00:00,10.0,10.569999694824219,10.0,10.569999694824219,12425,9.688800010681152,9.47089998960495,10.305499982833862,0.572799920646919,9.159900141540025,11.451099824127699,48.54545593261719
2012-06-03 19:00:00,11.569999694824219,11.569999694824219,11.569999694824219,11.569999694824219,16154,9.738199996948243,9.474399988651276,10.394999980926514,0.6239306324725953,9.147138715981324,11.642861245871703,53.833600144373555
2012-06-04 19:00:00,11.569999694824219,12.569999694824219,10.569999694824219,10.569999694824219,35759,9.747599983215332,9.468699986934661,10.385999965667725,0.6198250657048472,9.14634983425803,11.62565009707742,46.28330470526645
2012-06-05 19:00:00,10.569999694824219,11.0,9.569999694824219,10.529999732971191,625,9.75019998550415,9.468049986362457,10.427499961853027,0.59891014413357,9.229679673585887,11.625320250120167,50.228308513845626
2012-06-06 19:00:00,10.529999732971191,11.0,9.529999732971191,9.5600004196167,2698,9.72359998703003,9.45834998846054,10.440499973297118,0.5755132066770156,9.289473559943087,11.59152638665115,39.858158158198776
2012-06-07 19:00:00,9.5600004196167,10.479999542236328,8.75,9.5,4841,9.724599990844727,9.444399988651275,10.42799997329712,0.5937267915367583,9.240546390223603,11.615453556370635,39.57746577248711
2012-06-10 19:00:00,9.5,10.0,8.800000190734863,8.859999656677246,3350,9.711799983978272,9.432149984836578,10.334499979019165,0.6840396584172138,8.966420662184738,11.702579295853592,39.19107126634797
2012-06-13 19:00:00,9.5,9.75,9.5,9.75,501,9.697799987792969,9.420999987125397,10.266999959945679,0.6710094178994852,8.924981124146708,11.60901879574465,46.2499976158142
2012-06-14 19:00:00,9.5,9.949999809265137,8.600000381469727,9.75,1433,9.697799987792969,9.414249985218047,10.199499940872192,0.6503882785290869,8.89872338381402,11.500276497930365,46.2499976158142
2012-06-18 19:00:00,9.75,9.890000343322754,9.010000228881836,9.619999885559082,2000,9.69519998550415,9.402449986934663,10.155499935150146,0.658702606908534,8.838094721333078,11.472905148967214,44.48621516444845
2012-06-20 19:00:00,9.619999885559082,9.890000343322754,8.649999618530273,9.680000305175781,919,9.690199985504151,9.390849988460541,10.089999961853028,0.6360982361425904,8.817803489567847,11.362196434138209,45.81218427696248
2012-06-24 19:00:00,8.699999809265137,8.699999809265137,8.699999809265137,8.699999809265137,500,9.688999977111816,9.379099986553193,9.975999975204468,0.6715214299376714,8.632957115329125,11.319042835079811,44.95641186703146
2012-06-25 19:00:00,8.800000190734863,8.800000190734863,8.800000190734863,8.800000190734863,500,9.675399990081788,9.372849986553192,9.895499992370606,0.7120354162435174,8.471429159883572,11.31957082485764,42.14660042044043
2012-06-26 19:00:00,7.849999904632568,8.5,7.849999904632568,8.5,3501,9.665799999237061,9.367349984645843,9.80299997329712,0.7678616514697708,8.267276670357578,11.33872327623666,43.86921412840818
2012-06-27 19:00:00,8.329999923706055,8.699999809265137,7.599999904632568,8.399999618530273,1001,9.65420000076294,9.339799983501434,9.705499935150147,0.816980776695883,8.071538381758382,11.339461488541913,32.695380719724184
2012-06-28 19:00:00,8.5,8.949999809265137,8.5,8.949999809265137,3,9.653600006103515,9.33829998254776,9.627999925613404,0.8111434183631597,8.005713088887084,11.250286762339723,27.491419802497745
2012-07-01 19:00:00,8.75,8.800000190734863,8.75,8.800000190734863,500,9.634600009918213,9.337299983501435,9.550999927520753,0.8130895756164127,7.924820776287927,11.177179078753579,32.193171733259135
2012-07-02 19:00:00,7.809999942779541,8.75,7.809999942779541,8.75,801,9.628600006103516,9.33699998140335,9.51299991607666,0.8326311621900863,7.847737591696488,11.178262240456833,32.1285253616923
2012-07-03 19:00:00,8.550000190734863,8.550000190734863,8.550000190734863,8.550000190734863,1,9.633600006103515,9.33824998140335,9.440499925613404,0.8509218780912948,7.738656169430814,11.142343681795992,38.00475613590461
2012-07-04 19:00:00,8.149999618530273,8.949999809265137,8.149999618530273,8.949999809265137,12,9.632600002288818,9.343449981212617,9.417999935150146,0.8579693868762953,7.702061161397555,11.133938708902736,43.956044647028534
2012-07-05 19:00:00,8.850000381469727,8.850000381469727,8.75,8.75,501,9.627600002288819,9.342649981975555,9.326999950408936,0.8252469624024322,7.676506025604072,10.977493875213801,48.66180517253261
2012-07-10 19:00:00,8.789999961853027,8.789999961853027,8.789999961853027,8.789999961853027,1,9.614400005340576,9.33704998254776,9.187999963760376,0.6411551925864395,7.905689578587497,10.470310348933255,35.27607837561824
2012-07-11 19:00:00,8.779999732971191,8.890000343322754,8.640000343322754,8.779999732971191,401,9.615,9.326399981975555,9.098499965667724,0.5575725384539859,7.983354888759752,10.213645042575695,35.16819803753158
2012-07-12 19:00:00,8.020000457763672,8.020000457763672,8.020000457763672,8.020000457763672,1,9.610200004577637,9.306949985027313,8.973000001907348,0.49766932393882435,7.977661354029699,9.968338649784997,29.487189832757338
2012-07-15 19:00:00,8.010000228881836,8.399999618530273,8.010000228881836,8.399999618530273,900,9.627999992370606,9.284399983882905,8.914999961853027,0.49323316893620217,7.9285336239806234,9.901466299725431,34.83411261946354
2012-07-16 19:00:00,8.989999771118164,8.989999771118164,8.989999771118164,8.989999771118164,1,9.638599987030029,9.259799983501434,8.889499950408936,0.4742137612003021,7.941072428008332,9.83792747280954,53.78590130339674
2012-07-17 19:00:00,8.5,8.949999809265137,8.5,8.949999809265137,503,9.647199974060058,9.23204998254776,8.89399995803833,0.47434609278908063,7.945307772460169,9.842692143616492,51.98938562607351
2012-07-18 19:00:00,8.930000305175781,8.989999771118164,8.449999809265137,8.619999885559082,754,9.63959997177124,9.199349982738495,8.837499952316284,0.4324699596558278,7.972560033004628,9.70243987162794,51.57894657589357
2012-07-19 19:00:00,8.619999885559082,8.989999771118164,8.010000228881836,8.949999809265137,948,9.638599967956543,9.171599981784821,8.797499942779542,0.37707844497437254,8.043343052830796,9.551656832728288,56.8238273881686
2012-07-23 19:00:00,8.0,8.84000015258789,8.0,8.84000015258789,1500,9.627599964141845,9.14329998254776,8.758499956130981,0.32415518151936606,8.11018959309225,9.406810319169713,48.46797019964748
2012-07-31 19:00:00,8.84000015258789,8.989999771118164,8.84000015258789,8.989999771118164,1000,9.599599952697753,9.120199983119965,8.7239999294281,0.24890066572944566,8.226198597969208,9.221801260886991,52.64623570649655
2012-08-01 19:00:00,8.989999771118164,9.800000190734863,8.949999809265137,9.100000381469727,10500,9.585999965667725,9.093249986171722,8.74399995803833,0.2625662420569348,8.21886747392446,9.2691324421522,54.79452878007995
2012-08-06 19:00:00,8.109999656677246,8.109999656677246,8.109999656677246,8.109999656677246,500,9.53319995880127,9.06579998254776,8.709499931335449,0.2977896570527271,8.113920617229995,9.305079245440902,45.04503749831388
2012-08-12 19:00:00,8.75,8.75,8.75,8.75,500,9.514199962615967,9.041049983501434,8.72199993133545,0.2937524872402025,8.134494956855045,9.309504905815855,47.863249604928136
2012-08-15 19:00:00,8.75,8.989999771118164,8.029999732971191,8.989999771118164,1000,9.507999954223633,9.016999981403352,8.751499938964844,0.2893053981986328,8.172889142567579,9.33011073536211,52.5423708266135
2012-08-27 19:00:00,8.100000381469727,8.800000190734863,8.100000381469727,8.800000190734863,2000,9.48899995803833,8.990999982357025,8.74399995803833,0.28581183879802785,8.172376280442274,9.315623635634386,50.10267177695217
2012-08-28 19:00:00,8.699999809265137,8.699999809265137,8.699999809265137,8.699999809265137,500,9.448399963378906,8.960749981403351,8.738999938964843,0.285655268863527,8.167689401237789,9.310310476691898,49.19354900733252
2012-09-03 19:00:00,8.149999618530273,8.149999618530273,8.149999618530273,8.149999618530273,1000,9.389399948120117,8.931499979496003,8.708999919891358,0.314490404271775,8.080019111347807,9.337980728434909,51.36841221859581
2012-09-04 19:00:00,9.0,9.0,9.0,9.0,500,9.347399940490723,8.908999979496002,8.731499910354614,0.318586947112262,8.09432601613009,9.368673804579139,55.74712874673339
2012-09-05 19:00:00,9.800000190734863,9.800000190734863,9.800000190734863,9.800000190734863,500,9.33339994430542,8.893499982357024,8.7739999294281,0.39645009146700333,7.981099746494094,9.566900112362108,57.45856567064804
2012-09-12 19:00:00,8.899999618530273,9.789999961853027,8.899999618530273,9.789999961853027,1000,9.309399948120117,8.878499982357026,8.825999927520751,0.4567551975161231,7.912489532488505,9.739510322552997,57.777776992860865
2012-09-16 19:00:00,9.789999961853027,10.600000381469727,9.779999732971191,10.130000114440918,9000,9.292399959564209,8.864399983882905,8.892999935150147,0.5415971200369858,7.809805695076175,9.97619417522412,63.955635296726584
2012-09-17 19:00:00,10.649999618530273,10.899999618530273,10.649999618530273,10.899999618530273,1000,9.302199954986571,8.851449983119965,8.9989999294281,0.7020188959771904,7.594962137473719,10.40303772138248,66.66666123262621
2012-09-18 19:00:00,9.850000381469727,10.5,9.850000381469727,10.5,1500,9.305199947357178,8.838949983119965,9.122999906539917,0.7380921863595197,7.646815533820877,10.599184279258957,63.51791121138669
2012-09-19 19:00:00,9.699999809265137,9.899999618530273,9.699999809265137,9.899999618530273,2500,9.29619993209839,8.828349978923798,9.197999906539916,0.7369682051166958,7.724063496306525,10.671936316773309,56.904397291044816
2012-09-23 19:00:00,10.449999809265137,10.449999809265137,10.449999809265137,10.449999809265137,500,9.295199928283692,8.820599977970124,9.270999908447266,0.7859617061190082,7.6990764962092495,10.842923320685282,59.60170066001573
2012-09-26 19:00:00,9.5,9.510000228881836,9.5,9.510000228881836,1000,9.27859992980957,8.808699977397918,9.298999929428101,0.7838964865948373,7.7312069562384265,10.866792902617776,60.02865668150601
2012-09-27 19:00:00,8.760000228881836,9.5,8.760000228881836,9.5,5000,9.278399925231934,8.79694997549057,9.342999935150146,0.7683208037129384,7.806358327724269,10.879641542576023,55.905511456256086
2012-10-02 19:00:00,9.5,10.5,8.550000190734863,10.5,32000,9.288399925231934,8.79199997663498,9.42049994468689,0.803940797522357,7.812618349642176,11.028381539731605,60.618847392807545
2012-10-03 19:00:00,11.5,11.5,11.5,11.5,32000,9.330399932861328,8.795999977588654,9.553499937057495,0.9151834968292976,7.7231329433989,11.38386693071609,67.04545112461909
2012-10-04 19:00:00,11.699999809265137,12.5,11.699999809265137,12.5,84000,9.368999938964844,8.800449979305267,9.728999948501587,1.11596031168992,7.497079325121747,11.960920571881427,71.5419496107506
2012-10-07 19:00:00,13.050000190734863,13.5,13.050000190734863,13.5,84000,9.407599945068359,8.80744997739792,9.948999929428101,1.3863769903676326,7.176245948692836,12.721753910163367,78.85652706192195
2012-10-08 19:00:00,14.0,14.5,14.0,14.5,40500,9.486199951171875,8.823749978542327,10.268499946594238,1.6512651680450765,6.965969610504085,13.57103028268439,79.19320570835829
2012-10-09 19:00:00,14.5,15.5,14.199999809265137,14.680000305175781,6500,9.569199962615967,8.838899981975555,10.564999961853028,1.8807068183303166,6.803586325192395,14.32641359851366,77.72727277653277
2012-10-11 19:00:00,13.680000305175781,14.449999809265137,13.680000305175781,14.449999809265137,10000,9.666999950408936,8.856149981021881,10.837999963760376,2.0303762003825474,6.7772475629952815,14.898752364525471,75.83148343080829
2012-10-14 19:00:00,13.25,13.25,13.0,13.0,3000,9.736999950408936,8.870649979114532,11.047999954223632,2.025689277732321,6.9966213987589905,15.099378509688275,64.16584330274452
2012-10-17 19:00:00,12.300000190734863,12.800000190734863,12.300000190734863,12.800000190734863,9500,9.815799961090088,8.884649980068207,11.252999973297118,1.9825664379931713,7.287867097310776,15.21813284928346,59.937241050250755
2012-10-18 19:00:00,12.0,12.0,12.0,12.0,500,9.860799961090088,8.894149978160858,11.445499992370605,1.8477453776430892,7.750009237084427,15.140990747656783,57.530119732074986
2012-10-21 19:00:00,11.5,11.5,11.5,11.5,3000,9.895799961090088,8.901649978160858,11.570499992370605,1.755878797363356,8.058742397643893,15.082257587097317,58.113591695876565
2012-10-22 19:00:00,11.5,11.5,11.5,11.5,1000,9.933399963378907,8.90989997625351,11.655499982833863,1.7061020115630534,8.243295959707757,15.06770400595997,55.639098514552444
2012-10-23 19:00:00,11.5,11.5,11.5,11.5,500,9.969799957275391,8.91814997434616,11.740999984741212,1.6496057314143933,8.441788521912425,15.040211447569998,61.88769158654246
2012-10-24 19:00:00,12.5,12.5,11.550000190734863,11.550000190734863,6500,10.026799964904786,8.925899975299835,11.811999988555907,1.6066166254382663,8.598766737679375,15.02523323943244,62.18787155448332
2012-10-29 19:00:00,13.449999809265137,13.449999809265137,13.449999809265137,13.449999809265137,5000,10.11979995727539,8.944699976444245,11.939499998092652,1.6314232780424598,8.676653442007732,15.202346554177572,65.84317763858162
2012-10-30 19:00:00,12.449999809265137,12.449999809265137,12.449999809265137,12.449999809265137,1500,10.198799953460693,8.957999975681306,12.036999988555909,1.5988091157010866,8.839381757153735,15.234618219958083,55.10203956201458
2012-10-31 19:00:00,12.449999809265137,12.9399995803833,12.0,12.0,6000,10.270799961090088,8.972999975681304,12.142000007629395,1.517992433204975,9.106015141219444,15.177984874039346,47.14611879602758
2012-11-01 19:00:00,12.869999885559082,13.0,12.869999885559082,13.0,11500,10.351799964904785,8.995949976444244,12.269500017166138,1.4748754413970986,9.319749134371941,15.219250899960334,47.14611879602758
2012-11-04 19:00:00,13.300000190734863,14.0,13.300000190734863,14.0,3000,10.455799961090088,9.019699976444244,12.494000005722047,1.3707792635252194,9.752441478671608,15.235558532772485,47.14611879602758
2012-11-05 19:00:00,13.100000381469727,13.100000381469727,13.100000381469727,13.100000381469727,500,10.542799968719482,9.040199978351593,12.674000024795532,1.1800285518561247,10.313942921083283,15.034057128507781,41.666666666666664
2012-11-06 19:00:00,13.100000381469727,13.949999809265137,13.0,13.420000076293945,29000,10.640199966430664,9.062299978733062,12.82000002861023,1.072645529997882,10.674708968614464,14.965291088605994,44.61860047827222
2012-11-11 19:00:00,13.84000015258789,14.0,13.5,13.5,6500,10.731199970245362,9.084799978733063,12.920000028610229,1.035699613864523,10.848600800881183,14.991399256339275,53.04878091329912
2012-11-13 19:00:00,13.149999618530273,13.149999618530273,13.149999618530273,13.149999618530273,500,10.819199962615967,9.105549976825714,12.952500009536744,1.0320183322818297,10.888463344973085,15.016536674100402,52.09580510047902
2012-11-14 19:00:00,13.010000228881836,13.010000228881836,13.010000228881836,13.010000228881836,3500,10.903599967956543,9.125599977970124,12.928000020980836,1.0241227304132394,10.879754560154357,14.976245481807315,56.566972751944924
2012-11-18 19:00:00,13.5,13.9399995803833,13.5,13.9399995803833,3500,11.006799964904785,9.15029997587204,12.9,0.9858205004416188,10.928358999116762,14.871641000883239,65.02463169899119
2012-11-20 19:00:00,12.979999542236328,12.979999542236328,12.25,12.979999542236328,1500,11.105999946594238,9.165449974536896,12.814999961853028,0.8932052818025884,11.028589398247851,14.601410525458205,58.14977899538161
2012-11-22 19:00:00,12.979999542236328,13.399999618530273,12.510000228881836,12.510000228881836,2000,11.18819995880127,9.182999975681305,12.717999982833863,0.8075342016821254,11.102931579469612,14.333068386198114,55.28796079209115
2012-11-26 19:00:00,13.199999809265137,13.199999809265137,13.199999809265137,13.199999809265137,2000,11.27239995956421,9.208899972438813,12.72799997329712,0.8124335787475386,11.103132815802043,14.352867130792196,58.09617345310513
2012-11-29 19:00:00,13.0,13.0,13.0,13.0,500,11.353399963378907,9.231899974346161,12.737999963760377,0.8145944442896625,11.108811075181052,14.367188852339702,47.34982348032392
2012-12-05 19:00:00,11.949999809265137,11.949999809265137,11.949999809265137,11.949999809265137,1000,11.419999961853028,9.241749975681305,12.735499954223632,0.8170516108385858,11.10139673254646,14.369603175900805,47.072598537818
2012-12-06 19:00:00,12.25,12.25,12.25,12.25,1500,11.485999965667725,9.26189997434616,12.772999954223632,0.7734073084110594,11.226185337401514,14.31981457104575,51.48986933862268
2012-12-09 19:00:00,12.0,12.020000457763672,12.0,12.020000457763672,1500,11.54959997177124,9.276999976634979,12.798999977111816,0.7362056979354915,11.326588581240832,14.271411372982799,43.56955429850719
2012-12-10 19:00:00,12.0,12.0,12.0,12.0,2000,11.609799976348876,9.287099978923798,12.823999977111816,0.6972305284657958,11.429538920180224,14.218461034043408,34.93975332572499
2012-12-11 19:00:00,12.989999771118164,12.989999771118164,12.989999771118164,12.989999771118164,2500,11.687599964141846,9.303449976444245,12.895999956130982,0.629840344139752,11.636319267851478,14.155680644410486,49.1827589226679
2012-12-13 19:00:00,12.989999771118164,13.989999771118164,12.600000381469727,13.989999771118164,31000,11.805199966430663,9.32489997625351,12.922999954223632,0.6654091769649703,11.592181600293692,14.253818308153573,53.846152856145984
2012-12-16 19:00:00,13.989999771118164,14.989999771118164,13.550000190734863,13.920000076293945,17000,11.908599967956542,9.344799978733063,12.996499967575073,0.6911033569597224,11.614293253655628,14.378706681494517,52.83783923108051
2012-12-17 19:00:00,13.920000076293945,14.399999618530273,13.699999809265137,13.789999961853027,23000,12.00459997177124,9.363799979686737,13.085999965667725,0.6708705347056713,11.744258896256381,14.427741035079068,54.456828489848206
2012-12-18 19:00:00,13.979999542236328,13.979999542236328,13.979999542236328,13.979999542236328,1000,12.10819995880127,9.385249979496002,13.13499994277954,0.6994395314919533,11.736120879795633,14.533879005763447,56.70815788841929
2012-12-19 19:00:00,13.0,13.050000190734863,13.0,13.050000190734863,1000,12.195199966430664,9.401849982738495,13.087499952316284,0.6692089746400157,11.749082003036252,14.425917901596316,43.84509211072334
2012-12-20 19:00:00,13.029999732971191,13.649999618530273,13.010000228881836,13.010000228881836,2000,12.292399978637695,9.416899983882905,13.08299994468689,0.6694230559167779,11.744153832853334,14.421846056520446,50.23772344099126
2012-12-25 19:00:00,13.050000190734863,13.5,13.050000190734863,13.5,5000,12.382399978637695,9.435699985027313,13.086999940872193,0.6717775824789702,11.743444775914252,14.430555105830134,57.81990585589359
2012-12-26 19:00:00,13.010000228881836,13.5,13.050000190734863,13.5,5000,12.456399974822999,9.458199985027314,13.086999940872193,0.6717775824789702,11.743444775914252,14.430555105830134,52.65957689652309
2012-12-30 19:00:00,13.0,13.0,13.0,13.0,500,12.520599975585938,9.473249986171723,13.079499959945679,0.6718745309776886,11.735750897990302,14.423249021901055,50.0
2012-12-31 19:00:00,13.0,13.0,13.0,13.0,500,12.57799997329712,9.493249986171723,13.078999948501586,0.6719326937212272,11.735134561059132,14.42286533594404,60.736201703157555
2013-01-01 19:00:00,12.0,12.050000190734863,12.0,12.050000190734863,1500,12.600999984741211,9.508499987125397,12.984499979019166,0.6773513666316625,11.62979724575584,14.339202712282491,48.19494693592426
2013-01-02 19:00:00,11.039999961853027,11.25,11.039999961853027,11.25,4500,12.615999984741212,9.521999986171723,12.898000001907349,0.7805570752305602,11.336885851446228,14.45911415236847,43.69884925355849
2013-01-03 19:00:00,11.890000343322754,12.0,11.890000343322754,12.0,2500,12.657999992370605,9.539249985218047,12.872499990463258,0.8019375475763297,11.268624895310598,14.476375085615917,50.0
2013-01-06 19:00:00,12.0,12.649999618530273,12.0,12.649999618530273,8000,12.701999988555908,9.555499985218049,12.844999980926513,0.7995425681616061,11.2459148446033,14.444085117249726,47.38461344340793
2013-01-07 19:00:00,12.5,12.5,12.5,12.5,500,12.761799983978271,9.572999985218049,12.819999980926514,0.8022533406360781,11.215493299654359,14.42450666219867,36.81415597594512
2013-01-14 19:00:00,11.600000381469727,11.600000381469727,11.600000381469727,11.600000381469727,500,12.803799991607667,9.585299985408783,12.802500009536743,0.8257045403992963,11.151090928738151,14.453909090335335,32.09876125314028
2013-01-15 19:00:00,11.949999809265137,11.949999809265137,11.949999809265137,11.949999809265137,500,12.832799987792969,9.60254998445511,12.7875,0.8388893690904734,11.109721261819052,14.465278738180947,36.268649323261016
2013-01-16 19:00:00,11.600000381469727,11.949999809265137,11.600000381469727,11.949999809265137,500,12.841799983978271,9.62414998292923,12.783999967575074,0.8423987715383058,11.099202424498463,14.468797510651685,34.408597897491546
2013-01-17 19:00:00,12.949999809265137,12.949999809265137,12.699999809265137,12.699999809265137,3500,12.845799980163575,9.652299981117249,12.81899995803833,0.8224155117791891,11.174168934479951,14.463830981596708,47.23538316627204
2013-01-22 19:00:00,12.100000381469727,12.100000381469727,12.100000381469727,12.100000381469727,1000,12.817799987792968,9.673799982070923,12.774499988555908,0.8366314888835709,11.101237010788767,14.44776296632305,43.39622510929886
2013-01-23 19:00:00,12.0,12.0,11.779999732971191,11.779999732971191,2000,12.763399982452393,9.692699980735778,12.663999986648559,0.8132611008240711,11.037477785000416,14.290522188296702,37.20237584172068
2013-01-28 19:00:00,11.0,11.350000381469727,11.0,11.350000381469727,11500,12.696799983978272,9.71244998216629,12.535500001907348,0.8073769275548135,10.920746146797722,14.150253857016974,34.965032819745105
2013-01-29 19:00:00,11.0,11.0,11.0,11.0,500,12.627799987792969,9.731449983119965,12.396000003814697,0.8201436869234047,10.755712629967888,14.036287377661505,35.71428182173642
2013-01-30 19:00:00,11.0,11.0,11.0,11.0,2000,12.58779998779297,9.748949983119964,12.247000026702882,0.7872610510046616,10.672477924693558,13.821522128712205,35.71428182173642
2013-02-05 19:00:00,11.0,11.25,11.0,11.0,6000,12.551799983978272,9.765299983024597,12.144500017166138,0.8103246279379029,10.523850761290332,13.765149273041944,41.322310011076816
2013-02-06 19:00:00,11.0,11.0,11.0,11.0,1000,12.53179998397827,9.779949984550477,12.044000005722046,0.821893791224667,10.400212423272711,13.68778758817138,47.61904675403658
2013-02-07 19:00:00,11.25,11.25,11.0,11.0,1000,12.521799983978271,9.799349985122682,11.919000005722046,0.777722000989183,10.36355600374368,13.474444007700411,38.8888841793841
2013-02-11 19:00:00,11.0,11.0,11.0,11.0,3000,12.511799983978271,9.817599985599518,11.794000005722046,0.7080246328691366,10.377950739983772,13.210049271460319,28.57142503274696
2013-02-17 19:00:00,11.199999809265137,11.479999542236328,11.199999809265137,11.479999542236328,2000,12.511399974822998,9.8374999833107,11.717999982833863,0.6510444632536245,10.415911056326614,13.020088909341112,37.79903290998999
2013-02-18 19:00:00,11.0,11.0,10.800000190734863,10.800000190734863,4000,12.496399974822998,9.851499984264374,11.607999992370605,0.6074328460077468,10.393134300355111,12.822865684386098,39.89898272283297
2013-02-20 19:00:00,11.399999618530273,11.399999618530273,11.399999618530273,11.399999618530273,500,12.455399971008301,9.8662499833107,11.575499963760375,0.5998812833755975,10.37573739700918,12.77526253051157,43.467928326246465
2013-02-21 19:00:00,9.800000190734863,9.819999694824219,9.800000190734863,9.819999694824219,9000,12.402799968719483,9.873949983119964,11.503999948501587,0.7149118257346415,10.074176297032304,12.93382359997087,31.60621044782684
2013-02-24 19:00:00,10.050000190734863,10.050000190734863,10.050000190734863,10.050000190734863,500,12.36379997253418,9.888949983119964,11.40649995803833,0.7742178985620239,9.858064160914282,12.954935755162378,24.857681713009455
2013-02-25 19:00:00,10.399999618530273,10.5,10.399999618530273,10.5,4000,12.313799972534179,9.903949983119965,11.298999977111816,0.7410227493104974,9.816954478490821,12.78104547573281,34.37499301507924
2013-02-26 19:00:00,10.5,10.5,10.25,10.489999771118164,6000,12.243599967956543,9.919649982452393,11.198499965667725,0.7049917811104802,9.788516403446765,12.608483527888685,36.59043283939862
2013-02-27 19:00:00,9.600000381469727,9.600000381469727,9.600000381469727,9.600000381469727,9000,12.173599967956543,9.92689998626709,11.098499965667724,0.7826154918646782,9.533268981938367,12.663730949397081,33.39657987323186
2013-03-03 19:00:00,10.0,10.0,10.0,10.0,500,12.105199966430664,9.93939998626709,11.000999975204468,0.792357521050619,9.416284933103231,12.585715017305706,40.601499850674614
2013-03-04 19:00:00,10.100000381469727,10.100000381469727,10.100000381469727,10.100000381469727,1000,12.037199974060059,9.953899989128113,10.908500003814698,0.7836773325958042,9.34114533862309,12.475854669006306,41.69741768837713
2013-03-05 19:00:00,9.5,10.0,9.5,10.0,1000,11.974199981689454,9.968899989128113,10.773500013351441,0.6851912459254994,9.403117521500443,12.14388250520244,40.94202660682935
2013-03-06 19:00:00,10.100000381469727,11.0,10.100000381469727,11.0,12500,11.933999977111817,9.993899989128114,10.718499994277954,0.6135081521243655,9.491483690029224,11.945516298526684,50.0
2013-03-07 19:00:00,10.850000381469727,10.850000381469727,10.850000381469727,10.850000381469727,1500,11.872199993133545,10.023099989891053,10.67200002670288,0.5618914728811378,9.548217080940605,11.795782972465156,48.875564769802686
2013-03-10 19:00:00,10.0,10.0,10.0,10.0,2500,11.812600002288818,10.047599990367889,10.604500007629394,0.5572249390818407,9.490050129465713,11.718949885793075,43.35106254811174
2013-03-14 19:00:00,10.350000381469727,10.350000381469727,10.350000381469727,10.350000381469727,500,11.769400005340577,10.066849992275237,10.57200002670288,0.5518732626488124,9.468253501405256,11.675746552000506,42.354538199627925
2013-03-21 19:00:00,9.75,9.75,9.350000381469727,9.350000381469727,3000,11.692400016784667,10.079599993228912,10.489500045776367,0.6052703650460417,9.278959315684284,11.70004077586845,40.59662903961781
2013-03-27 19:00:00,9.5,9.5,9.5,9.5,500,11.622400016784669,10.092199993133544,10.414500045776368,0.6310681095356688,9.152363826705031,11.676636264847705,36.914603590701915
2013-03-28 19:00:00,10.180000305175781,10.180000305175781,10.180000305175781,10.180000305175781,500,11.587000026702881,10.117549993991851,10.373500061035156,0.6175184708746445,9.138463119285866,11.608537002784445,52.830193206000835
2013-04-02 19:00:00,10.5,10.5,10.5,10.5,1500,11.552000026702881,10.140049993991852,10.348500061035157,0.600712394472771,9.147075272089616,11.549924849980698,53.48837071761406
2013-04-03 19:00:00,10.25,10.25,10.25,10.25,500,11.516600017547608,10.161299993991852,10.311000061035156,0.5809872418267548,9.149025577381646,11.472974544688665,47.99999999999999
2013-04-08 19:00:00,10.5,10.550000190734863,10.5,10.5,2500,11.486600017547607,10.18824999332428,10.26200008392334,0.5147568952471231,9.232486293429094,11.291513874417586,50.07704336852475
2013-04-09 19:00:00,10.75,11.25,10.75,11.25,2500,11.451800022125244,10.21944999217987,10.284500074386596,0.5482552848861382,9.18798950461432,11.381010644158872,62.99212220006494
2013-04-10 19:00:00,10.760000228881836,10.760000228881836,10.760000228881836,10.760000228881836,5000,11.387200031280518,10.240749993324279,10.252500104904176,0.49589761749508715,9.260704869914,11.24429533989435,55.90062240571731
2013-04-11 19:00:00,10.899999618530273,11.350000381469727,10.899999618530273,11.350000381469727,1000,11.335800037384033,10.269449994564056,10.32900013923645,0.5415756564241674,9.245848826388116,11.412151452084785,59.01875862160076
2013-04-14 19:00:00,11.0,11.0,11.0,11.0,5000,11.280000038146973,10.291949994564057,10.376500129699707,0.5572514551464883,9.26199721940673,11.491003039992684,56.963788004849654
2013-04-15 19:00:00,10.3100004196167,10.3100004196167,10.3100004196167,10.3100004196167,1000,11.20660005569458,10.31099999666214,10.367000150680543,0.556654456857372,9.253691236965798,11.480309064395287,44.97816890918952
2013-04-17 19:00:00,10.3100004196167,11.3100004196167,10.0,11.15999984741211,11500,11.168800048828125,10.3367999958992,10.400500154495239,0.5839382677232602,9.232623619048718,11.56837668994176,52.047552697751996
2013-04-18 19:00:00,12.0,12.15999984741211,12.0,12.15999984741211,11000,11.151800041198731,10.367599995136262,10.528500127792359,0.6730157395985606,9.182468648595238,11.87453160698948,63.989637561726326
2013-04-21 19:00:00,12.699999809265137,13.15999984741211,12.699999809265137,13.15999984741211,22000,11.145000038146973,10.403399994373322,10.686500120162965,0.8811551021454008,8.924189915872162,12.448810324453767,66.78613993149952
2013-04-22 19:00:00,13.050000190734863,14.0,12.100000381469727,12.430000305175781,18000,11.123600044250487,10.432799994945526,10.803000116348267,0.9508062489036264,8.901387618541014,12.70461261415552,69.01234878961046
2013-04-23 19:00:00,12.0,12.3100004196167,12.0,12.3100004196167,10000,11.109800052642822,10.461349997520447,10.9185001373291,0.9877154279711878,8.943069281386725,12.893930993271477,67.41016640614927
2013-04-24 19:00:00,12.25,13.25,12.0,13.15999984741211,83500,11.113000049591065,10.494099996089936,11.026500129699707,1.107877352181084,8.81074542533754,13.242254834061875,68.08252618207037
2013-04-25 19:00:00,13.15999984741211,14.15999984741211,12.699999809265137,13.539999961853027,75500,11.142800045013427,10.536099996566772,11.161000108718872,1.2406529834182185,8.679694141882434,13.64230607555531,68.31325656981201
2013-04-29 19:00:00,12.699999809265137,12.699999809265137,12.649999618530273,12.649999618530273,1000,11.170800037384033,10.568849995136262,11.293500089645386,1.2515937223120728,8.79031264502124,13.796687534269532,63.42281872035235
2013-05-01 19:00:00,12.649999618530273,13.649999618530273,12.319999694824219,13.5,9000,11.200800037384033,10.610749995708465,11.451000070571899,1.322787633512912,8.805424803546074,14.096575337597724,65.72327207491362
2013-05-02 19:00:00,14.449999809265137,14.470000267028809,14.449999809265137,14.470000267028809,4500,11.237200050354003,10.653249998092651,11.707000064849854,1.3885815916234026,8.929836881603048,14.48416324809666,66.49590423233073
2013-05-05 19:00:00,14.449999809265137,15.239999771118164,14.0600004196167,14.09000015258789,18500,11.269000053405762,10.694199998378753,11.936500072479248,1.3839199276575636,9.16866021716412,14.704339927794376,67.25388629711276
2013-05-07 19:00:00,14.0,14.0,14.0,14.0,2000,11.317000045776368,10.733649997711181,12.127500057220459,1.3923205467303916,9.342858963759676,14.912141150681242,64.48087283612331
2013-05-09 19:00:00,13.199999809265137,13.199999809265137,13.199999809265137,13.199999809265137,1000,11.342000045776366,10.764149997234345,12.262500047683716,1.356651701131685,9.549196645420345,14.975803449947087,61.45833302289246
2013-05-12 19:00:00,13.199999809265137,14.199999809265137,12.3100004196167,14.199999809265137,47500,11.387000045776368,10.799649996757507,12.460000038146973,1.3356093993503633,9.788781239446246,15.1312188368477,69.62663698054581
2013-05-13 19:00:00,14.199999809265137,14.899999618530273,13.5,13.600000381469727,18000,11.405000057220459,10.827149996757507,12.61500005722046,1.274666053273974,10.065667950672513,15.164332163768407,62.62940254968682
2013-05-14 19:00:00,12.819999694824219,12.850000381469727,12.819999694824219,12.850000381469727,2000,11.42000005722046,10.845899996757508,12.695000076293946,1.2340497587673673,10.226900558759212,15.16309959382868,53.666315330745604
2013-05-15 19:00:00,12.850000381469727,13.25,12.100000381469727,12.100000381469727,10000,11.42640007019043,10.855899996757508,12.76200008392334,1.1574635959279644,10.44707289206741,15.07692727577927,44.21397661790434
2013-05-16 19:00:00,12.199999809265137,13.100000381469727,12.199999809265137,13.100000381469727,4000,11.461400070190429,10.869400000572204,12.84950008392334,1.110289046848511,10.628921990226319,15.070078177620362,53.55249233622085
2013-05-19 19:00:00,13.100000381469727,13.100000381469727,13.100000381469727,13.100000381469727,500,11.503400077819824,10.88045000076294,12.954500102996827,1.0219613068690758,10.910577489258674,14.998422716734979,54.24274933537303
2013-05-20 19:00:00,13.100000381469727,14.100000381469727,12.149999618530273,14.069999694824219,32500,11.56480007171631,10.903550000190736,13.142500066757203,0.8394162877451407,11.463667491266921,14.821332642247484,54.825025545930494
2013-05-21 19:00:00,14.069999694824219,15.069999694824219,14.0600004196167,14.300000190734863,22500,11.630800075531006,10.927550001144409,13.29950008392334,0.7364314270434003,11.826637229836539,14.77236293801014,54.094828516422005
2013-05-22 19:00:00,14.300000190734863,14.300000190734863,13.300000190734863,13.5,11000,11.680800075531005,10.942800002098084,13.366500091552734,0.6865724592762916,11.99335517300015,14.739645010105317,54.624593754481694
2013-05-28 19:00:00,13.5,13.5,13.5,13.5,500,11.730800075531006,10.961550002098084,13.383500099182129,0.6853985764899484,12.012702946202232,14.754297252162026,50.0
2013-05-30 19:00:00,13.5,13.979999542236328,13.5,13.899999618530273,3000,11.788800067901612,10.982300000190735,13.457000064849854,0.6559532220841133,12.145093620681628,14.76890650901808,46.3320419248512
2013-06-02 19:00:00,13.899999618530273,14.390000343322754,13.010000228881836,13.5,14500,11.829200077056885,11.000149998664856,13.51650004386902,0.5978317761923356,12.320836491484348,14.71216359625369,46.213092248352986
2013-06-03 19:00:00,13.9399995803833,14.25,13.9399995803833,14.25,15000,11.898200073242187,11.027599997520447,13.571000051498412,0.6131102158502396,12.344779619797933,14.797220483198892,51.47929014117316
2013-06-04 19:00:00,13.300000190734863,13.75,13.300000190734863,13.75,3500,11.945200080871581,11.048949999809265,13.581500053405762,0.6143483314187517,12.352803390568258,14.810196716243265,53.37423485175862
2013-06-05 19:00:00,13.0,13.0,13.0,13.0,1000,12.008800086975098,11.069050002098084,13.599000072479248,0.5909571991184841,12.41708567424228,14.780914470716215,42.405063214735264
2013-06-09 19:00:00,13.119999885559082,14.0,13.119999885559082,14.0,42000,12.0878000831604,11.094150004386902,13.624000072479248,0.597092857987329,12.42981435650459,14.818185788453906,52.40963647770125
2013-06-10 19:00:00,14.75,15.0,14.75,15.0,7500,12.1778000831604,11.12425000667572,13.650500059127808,0.6463456882489348,12.357808682629939,14.943191435625677,62.57309830631888
2013-06-11 19:00:00,16.0,16.0,16.0,16.0,1500,12.288000087738038,11.15550000667572,13.746000051498413,0.829777297161019,12.086445457176374,15.405554645820452,72.1590906627907
2013-06-12 19:00:00,16.0,17.0,15.010000228881836,15.319999694824219,77500,12.402400074005127,11.186850004196167,13.812000036239624,0.9005237025556797,12.010952631128264,15.613047441350984,63.08961929949019
2013-06-13 19:00:00,14.75,14.75,14.75,14.75,500,12.497400074005126,11.219100003242493,13.889500045776368,0.911710089628015,12.066079866520337,15.712920225032398,59.11602076038515
2013-06-16 19:00:00,13.75,14.300000190734863,13.75,14.300000190734863,7500,12.58140007019043,11.245600004196167,13.894500064849854,0.9137744373614829,12.066951190126888,15.72204893957282,51.34818583300547
2013-06-17 19:00:00,13.75,14.25,13.649999618530273,13.649999618530273,10500,12.654400062561034,11.268850002288819,13.89700002670288,0.9129943832675776,12.071011260167724,15.722988793238036,46.36871180973824
2013-06-18 19:00:00,14.0,14.0,14.0,14.0,500,12.714400062561035,11.291600003242493,13.954500007629395,0.8791710184789989,12.196157970671397,15.712842044587394,52.94117647058823
2013-06-19 19:00:00,14.199999809265137,14.199999809265137,14.199999809265137,14.199999809265137,500,12.781400051116943,11.31885000228882,14.059499979019165,0.7638714869963534,12.531757005026458,15.587242953011872,54.02298749776791
2013-06-20 19:00:00,14.199999809265137,14.199999809265137,14.199999809265137,14.199999809265137,500,12.865400047302247,11.348550000190734,14.114499950408936,0.7299997877367563,12.654500374935424,15.574499525882448,51.807230023137514
2013-06-25 19:00:00,13.199999809265137,14.0,13.199999809265137,14.0,1500,12.938400039672851,11.380999999046326,14.15949993133545,0.6908612096665464,12.777777512002357,15.541222350668543,53.0864196077314
2013-07-01 19:00:00,13.800000190734863,13.800000190734863,13.800000190734863,13.800000190734863,4000,13.027400035858154,11.407699999809266,14.145999956130982,0.695325739414816,12.75534847730135,15.536651434960614,47.019868888100405
2013-07-03 19:00:00,13.899999618530273,14.050000190734863,13.899999618530273,14.050000190734863,3000,13.118400039672851,11.435349998474122,14.133499956130981,0.6946583664939384,12.744183223143104,15.522816689118859,52.05479577326329
2013-07-04 19:00:00,14.050000190734863,14.09000015258789,14.0,14.09000015258789,1000,13.196600036621094,11.46079999923706,14.162999963760376,0.6786836991423042,12.805632565475767,15.520367362044984,58.27010718778093
2013-07-07 19:00:00,14.09000015258789,14.25,14.0,14.0,14000,13.266600036621094,11.485799999237061,14.187999963760376,0.6619794774362155,12.864041008887945,15.511958918632807,50.0
2013-07-08 19:00:00,14.0,14.0,13.899999618530273,13.899999618530273,1000,13.339600028991699,11.508349995613099,14.187999963760376,0.6619794774362155,12.864041008887945,15.511958918632807,38.493721511976595
2013-07-09 19:00:00,14.399999618530273,14.399999618530273,14.399999618530273,14.399999618530273,500,13.417600021362304,11.528399991989136,14.23299994468689,0.6430691081879935,12.946861728310903,15.519138161062877,31.308409757245357
2013-07-14 19:00:00,13.5,13.5,13.5,13.5,500,13.462600021362304,11.54699999332428,14.19549994468689,0.6635667022053764,12.868366540276138,15.522633349097642,29.777781168619782
2013-07-15 19:00:00,14.25,14.25,14.25,14.25,2000,13.532400016784669,11.56449999332428,14.220499944686889,0.6552659023372744,12.90996814001234,15.531031749361437,44.65812000645565
2013-07-16 19:00:00,13.600000381469727,13.600000381469727,13.600000381469727,13.600000381469727,1500,13.577400016784669,11.583999996185304,14.250499963760376,0.6085139025629556,13.033472158634465,15.467527768886287,42.82787097490332
2013-07-18 19:00:00,13.699999809265137,13.699999809265137,13.699999809265137,13.699999809265137,1000,13.631400012969971,11.605999994277955,14.235499954223632,0.6186272751303508,12.998245403962931,15.472754504484334,50.57736954536154
2013-07-21 19:00:00,13.0,13.0,12.800000190734863,12.800000190734863,1000,13.681200008392334,11.62124999523163,14.125499963760376,0.6690721658077489,12.787355632144878,15.463644295375873,37.70491546983427
2013-07-23 19:00:00,13.800000190734863,13.800000190734863,13.699999809265137,13.699999809265137,9500,13.732000007629395,11.636099996566772,14.010499954223633,0.508262968087794,12.993974018048045,15.027025890399221,45.51971166894431
2013-07-28 19:00:00,14.600000381469727,14.789999961853027,14.600000381469727,14.789999961853027,9500,13.784600009918213,11.654549994468688,13.983999967575073,0.4464526470601105,13.091094673454853,14.876905261695294,54.42279096368315
2013-07-29 19:00:00,15.0,15.0,15.0,15.0,500,13.82140001296997,11.67404999256134,13.996499967575073,0.4718080771427183,13.052883813289636,14.940116121860509,57.48503173537645
2013-07-30 19:00:00,16.0,16.0,16.0,16.0,500,13.892800006866455,11.70154999256134,14.08149995803833,0.6491636075661893,12.783172742905952,15.379827173170709,64.70588385290105
2013-07-31 19:00:00,16.93000030517578,16.93000030517578,16.399999618530273,16.399999618530273,1000,13.974599990844727,11.7285999917984,14.21899995803833,0.8213588718537463,12.576282214330837,15.861717701745823,65.39973774575087
2013-08-11 19:00:00,15.399999618530273,15.399999618530273,15.399999618530273,15.399999618530273,1500,14.01939998626709,11.75069999217987,14.288999938964844,0.8604398141266374,12.568120310711569,16.009879567218118,57.625143967103895
2013-08-12 19:00:00,16.399999618530273,16.399999618530273,15.699999809265137,15.699999809265137,3500,14.062599983215332,11.777149991989136,14.363999938964843,0.9158624469189866,12.53227504512687,16.195724832802817,59.65909170956667
2013-08-19 19:00:00,15.699999809265137,15.699999809265137,14.699999809265137,15.699999809265137,1000,14.12359998703003,11.803899989128112,14.438999938964844,0.9619819459612673,12.51503604704231,16.36296383088738,60.34483117713365
2013-08-21 19:00:00,14.75,14.75,14.75,14.75,1000,14.14859998703003,11.825899987220764,14.476499938964844,0.9585803953957901,12.559339148173263,16.393660729756423,51.912570868963236
2013-08-22 19:00:00,14.75,15.699999809265137,14.300000190734863,15.0,3000,14.159199981689452,11.848399987220764,14.5364999294281,0.951537579581003,12.633424770266094,16.439575088590107,58.823531391711825
2013-08-26 19:00:00,14.0,14.5,14.0,14.5,8500,14.167399978637695,11.869199986457824,14.558999919891358,0.9447243206750938,12.66955127854117,16.448448561241545,51.51515186544519
2013-08-27 19:00:00,13.0,13.050000190734863,13.0,13.050000190734863,4500,14.148399982452393,11.886899986267089,14.506999921798705,0.9989630466864468,12.509073828425812,16.5049260151716,46.961324336687774
2013-08-28 19:00:00,12.0,12.510000228881836,12.0,12.510000228881836,2500,14.134599990844727,11.899449987411499,14.432499933242799,1.0901610236243922,12.252177885994014,16.61282198049158,43.730243789936374
2013-08-29 19:00:00,12.0,12.0,12.0,12.0,500,14.090599994659424,11.912449989318848,14.337499952316284,1.214681450632491,11.908137051051302,16.766862853581266,45.60439428000781
2013-09-02 19:00:00,12.5,12.5,12.5,12.5,500,14.06859998703003,11.922099990844726,14.24249997138977,1.281971537631889,11.678556896125993,16.80644304665355,43.103449220842585
2013-09-05 19:00:00,12.5,13.5,12.100000381469727,13.5,3000,14.081599979400634,11.931749992370605,14.24249997138977,1.281971537631889,11.678556896125993,16.80644304665355,42.50871072420657
2013-09-08 19:00:00,14.0,14.25,14.0,14.25,2500,14.12459997177124,11.950149993896485,14.24249997138977,1.281971537631889,11.678556896125993,16.80644304665355,45.90163917339885
2013-09-09 19:00:00,15.1899995803833,15.1899995803833,15.1899995803833,15.1899995803833,2000,14.166399955749512,11.973449993133546,14.32199993133545,1.289310594159679,11.743378743016091,16.900621119654808,45.54455175467172
2013-09-10 19:00:00,15.130000114440918,15.130000114440918,15.130000114440918,15.130000114440918,6000,14.206999950408935,12.001299991607667,14.393499946594238,1.2926482294405124,11.808203487713213,16.97879640547526,42.74285918566667
2013-09-11 19:00:00,15.1899995803833,15.470000267028809,14.75,15.470000267028809,1000,14.234999961853028,12.03114999294281,14.526999950408936,1.2567924064236642,12.013415137561607,17.040584763256263,50.43263693096493
2013-09-12 19:00:00,14.489999771118164,14.520000457763672,14.489999771118164,14.520000457763672,9000,14.239399967193604,12.059449996948242,14.567999982833863,1.241677888781908,12.084644205270047,17.05135576039768,43.24943071418759
2013-09-15 19:00:00,13.520000457763672,13.520000457763672,13.520000457763672,13.520000457763672,500,14.239799976348877,12.07829999923706,14.504500007629394,1.2620344829543562,11.980431041720681,17.028568973538107,38.80903687792449
2013-09-16 19:00:00,14.25,14.520000457763672,14.25,14.520000457763672,2000,14.260199985504151,12.102150001525878,14.480500030517579,1.2566683130329233,11.967163404451732,16.993836656583426,48.825334190309
2013-09-17 19:00:00,15.050000190734863,15.180000305175781,15.050000190734863,15.180000305175781,1000,14.28579999923706,12.129950003623962,14.439500045776366,1.2172421424258821,12.005015760924602,16.87398433062813,50.8823545361337
2013-09-18 19:00:00,14.180000305175781,14.180000305175781,14.180000305175781,14.180000305175781,7000,14.299400005340576,12.152450003623962,14.328500080108643,1.1269252981755333,12.074649483757577,16.58235067645971,48.50467416332004
2013-09-19 19:00:00,14.180000305175781,15.09000015258789,14.0,15.09000015258789,11000,14.316200008392334,12.184400005340576,14.313000106811524,1.113463492696649,12.086073121418226,16.53992709220482,60.039370984136625
2013-09-22 19:00:00,15.09000015258789,15.899999618530273,15.0,15.899999618530273,12000,14.35920000076294,12.219900002479553,14.32300009727478,1.1273867622258593,12.068226572823061,16.5777736217265,66.25119803639981
2013-09-23 19:00:00,15.899999618530273,16.75,14.899999618530273,15.899999618530273,18500,14.417199993133545,12.256900000572205,14.333000087738037,1.1410479165231187,12.050904254691801,16.615095920784274,69.65725977016444
2013-09-29 19:00:00,15.899999618530273,16.450000762939453,15.0,15.0,31500,14.437199993133545,12.289900002479554,14.345500087738037,1.1472092353635321,12.051081617010972,16.6399185584651,62.112405697576875
2013-09-30 19:00:00,15.0,15.0,14.989999771118164,15.0,5500,14.437199993133545,12.320150003433227,14.345500087738037,1.1472092353635321,12.051081617010972,16.6399185584651,58.04721221079973
2013-10-01 19:00:00,15.0,15.0,15.0,15.0,500,14.417199993133545,12.351150002479553,14.370500087738037,1.1561663392578756,12.058167409222285,16.68283276625379,54.37573041790086
2013-10-02 19:00:00,14.050000190734863,14.050000190734863,14.010000228881836,14.010000228881836,2500,14.391000003814698,12.377450003623963,14.418500089645386,1.1177480095266277,12.18300407059213,16.653996108698642,43.15545459242417
2013-10-06 19:00:00,14.0,14.0,14.0,14.0,500,14.376000003814697,12.404700002670289,14.493000078201295,1.0300643128571636,12.432871452486967,16.553128703915622,43.40723290299284
2013-10-08 19:00:00,14.0,14.0,14.0,14.0,500,14.37,12.429950003623963,14.593000078201294,0.8580153651860275,12.87696934782924,16.30903080857335,41.069255655330224
2013-10-09 19:00:00,13.199999809265137,13.199999809265137,13.199999809265137,13.199999809265137,500,14.361000003814697,12.452200002670288,14.628000068664551,0.7787614122258482,13.070477244212855,16.185522893116246,41.83167811410408
2013-10-10 19:00:00,12.5,12.5,12.5,12.5,500,14.331000003814697,12.470750002861022,14.57800006866455,0.8804579413606923,12.817084185943166,16.338915951385935,43.44472610665464
2013-10-13 19:00:00,13.5,13.5,12.600000381469727,12.600000381469727,1000,14.29900001525879,12.489850006103516,14.495500087738037,0.9840221254476161,12.527455836842805,16.46354433863327,36.04650937137607
2013-10-23 19:00:00,13.5,13.600000381469727,13.5,13.600000381469727,1500,14.28700002670288,12.517750005722046,14.416000127792358,0.9891750052722897,12.43765011724778,16.39435013833694,39.058171232900236
2013-10-28 19:00:00,14.5,14.569999694824219,14.5,14.569999694824219,1000,14.298400020599365,12.548600006103516,14.388000106811523,0.9757349859213167,12.43653013496889,16.339470078654156,52.71209641264527
2013-10-29 19:00:00,15.34000015258789,15.34000015258789,15.25,15.25,2000,14.327400016784669,12.579900007247925,14.377000093460083,0.9640652946749878,12.448869504110107,16.30513068281006,51.1494243423757
2013-11-18 19:00:00,14.399999618530273,14.399999618530273,14.329999923706055,14.329999923706055,1500,14.333000011444092,12.60680000782013,14.367500066757202,0.9635179745177643,12.440464117721673,16.29453601579273,38.89674849651282
2013-11-21 19:00:00,15.199999809265137,15.300000190734863,15.199999809265137,15.300000190734863,1000,14.35720001220703,12.640200009346009,14.456500053405762,0.9633235177912035,12.529853017823354,16.383147088988167,46.268660257200274
2013-11-28 19:00:00,14.300000190734863,14.300000190734863,14.300000190734863,14.300000190734863,8000,14.363200016021729,12.666950011253357,14.445500040054322,0.9638162004964956,12.51786763906133,16.373132441047314,45.70024705318749
2013-12-01 19:00:00,15.0,15.300000190734863,15.0,15.300000190734863,28000,14.391200027465821,12.699250011444091,14.451500034332275,0.9689889350265369,12.513522164279202,16.38947790438535,51.641138837341664
2013-12-02 19:00:00,16.299999237060547,16.299999237060547,16.299999237060547,16.299999237060547,11000,14.429200019836426,12.735800008773804,14.557499980926513,1.0502723705348442,12.456955239856825,16.658044721996202,56.41025303407646
2013-12-03 19:00:00,17.299999237060547,17.299999237060547,17.299999237060547,17.299999237060547,2500,14.505200004577636,12.776800003051758,14.667999935150146,1.212911024924325,12.242177885301496,17.093821984998797,66.20689227501225
2013-12-04 19:00:00,18.25,18.299999237060547,18.25,18.299999237060547,38000,14.586199989318848,12.827750000953674,14.78799991607666,1.4388867358602762,11.910226444356109,17.665773387797213,69.29981809988344
2013-12-05 19:00:00,19.299999237060547,19.299999237060547,19.299999237060547,19.299999237060547,3500,14.700199966430665,12.880499997138976,14.957999897003173,1.7453864056881647,11.467227085626844,18.4487727083795,71.82866352357382
2013-12-08 19:00:00,19.799999237060547,20.299999237060547,19.799999237060547,20.299999237060547,55000,14.832199954986573,12.937049994468689,15.222999858856202,2.1152552881009234,10.992489282654354,19.45351043505805,78.76823293643528
2013-12-09 19:00:00,20.299999237060547,21.0,19.290000915527344,19.829999923706055,20000,14.972799949645996,12.992199993133545,15.464499855041504,2.351036383343201,10.762427088355103,20.166572621727905,80.26424735243128
2013-12-10 19:00:00,19.829999923706055,20.5,19.549999237060547,20.0,8000,15.098799953460693,13.048699994087219,15.714499855041504,2.5559535339843125,10.60259278707288,20.82640692301013,80.37767073865297
2013-12-11 19:00:00,20.0,20.25,19.5,19.5,7500,15.192999954223632,13.105449995994569,15.988999843597412,2.6561027879940884,10.676794267609235,21.30120541958559,75.25685114660573
2013-12-12 19:00:00,18.5,19.0,18.5,19.0,2500,15.272999954223632,13.155449995994568,16.238999843597412,2.694074979922415,10.850849883752582,21.627149803442244,69.75914659668405
2013-12-15 19:00:00,18.899999618530273,19.0,18.899999618530273,19.0,3500,15.332999954223633,13.201449995040894,16.488999843597412,2.707326915451757,11.074346012693898,21.903653674500926,67.80626987048142
2013-12-16 19:00:00,19.0,19.25,19.0,19.139999389648438,10500,15.387799949645997,13.24819999217987,16.785999822616578,2.652792561692383,11.480414699231812,22.091584946001344,74.66666875333908
2013-12-17 19:00:00,19.139999389648438,19.600000381469727,19.0,19.0,9000,15.45979995727539,13.292549991607666,17.110999822616577,2.4934478500559347,12.124104122504708,22.097895522728447,70.73991571954055
2013-12-18 19:00:00,19.0,19.0,18.760000228881836,18.760000228881836,1500,15.520999965667725,13.331849994659423,17.41899981498718,2.2780551251803938,12.862889564626393,21.97511006534797,77.32844169909764
2013-12-25 19:00:00,18.760000228881836,19.760000228881836,18.75,19.760000228881836,30000,15.602199974060058,13.378149995803833,17.72699980735779,2.147206438148425,13.43258693106094,22.02141268365464,77.32844169909764
2013-12-26 19:00:00,19.760000228881836,20.760000228881836,19.0,19.31999969482422,57000,15.693599967956542,13.425249996185302,17.96449980735779,2.039637328487409,13.885225150382972,22.043774464332607,69.86842805328932
2014-01-05 19:00:00,19.31999969482422,19.799999237060547,19.0,19.0,3000,15.773599967956542,13.467999997138977,18.15199980735779,1.9472371067508687,14.257525593856052,22.046474020859527,62.283245756975056
2014-01-06 19:00:00,19.0,19.790000915527344,18.25,19.209999084472656,5000,15.867799949645995,13.51649999141693,18.39599976539612,1.7375705122765959,14.920858740842927,21.87114078994931,57.42251431601141
2014-01-09 19:00:00,18.600000381469727,18.600000381469727,18.600000381469727,18.600000381469727,500,15.978799953460694,13.56199999332428,18.56099977493286,1.577402549156834,15.406194676619192,21.715804873246526,43.90244469765014
2014-01-14 19:00:00,19.389999389648438,19.389999389648438,19.389999389648438,19.389999389648438,500,16.116399936676025,13.606449990272521,18.81549973487854,1.2249918485670583,16.365516037744424,21.265483432012655,41.77214578641125
2014-01-15 19:00:00,19.899999618530273,19.899999618530273,19.899999618530273,19.899999618530273,500,16.27439992904663,13.648449988365174,19.04549970626831,0.9253988832145302,17.19470193983925,20.89629747269737,50.62836397306835
2014-01-16 19:00:00,18.899999618530273,19.0,18.899999618530273,19.0,1500,16.40439992904663,13.680949988365173,19.180499744415282,0.6637491583460237,17.853001427723235,20.50799806110733,42.06348629674976
2014-01-19 19:00:00,19.479999542236328,20.0,19.479999542236328,20.0,20000,16.534399929046632,13.713449988365173,19.315499782562256,0.5201970407878524,18.27510570098655,20.35589386413796,53.676473063170306
2014-01-20 19:00:00,20.010000228881836,21.0,20.010000228881836,21.0,11500,16.66939992904663,13.745949988365174,19.45049982070923,0.5886332824202611,18.273233255868707,20.62776638554975,63.69863872703995
2014-01-21 19:00:00,22.049999237060547,22.049999237060547,22.049999237060547,22.049999237060547,16500,16.806599922180176,13.782799983024598,19.58799982070923,0.8252564345391264,17.937486951630977,21.23851268978748,68.26348016653105
2014-01-22 19:00:00,22.450000762939453,23.149999618530273,22.450000762939453,23.149999618530273,20000,16.96699991226196,13.826299982070923,19.730499839782716,1.1405144211988878,17.449470997384942,22.01152868218049,71.53599410299155
2014-01-23 19:00:00,23.950000762939453,23.950000762939453,23.950000762939453,23.950000762939453,1000,17.136599922180174,13.88104998588562,19.936499881744385,1.480758290491833,16.97498330076072,22.89801646272805,74.8244837052696
2014-01-26 19:00:00,24.25,24.25,24.25,24.25,10000,17.331199913024903,13.938299984931946,20.148999881744384,1.7675344586459873,16.613930964452408,23.68406879903636,77.36790370529687
2014-01-27 19:00:00,23.049999237060547,24.200000762939453,23.049999237060547,24.200000762939453,2000,17.54479991912842,13.999299988746642,20.38399991989136,1.9767635713308827,16.430472777229593,24.337527062553125,74.44935262501069
2014-01-28 19:00:00,23.8799991607666,23.8799991607666,22.799999237060547,22.799999237060547,3500,17.710399894714357,14.055799984931946,20.573999881744385,2.0189091287662113,16.536181624211963,24.611818139276807,67.33068001557795
2014-01-30 19:00:00,23.8799991607666,23.8799991607666,23.8799991607666,23.8799991607666,500,17.884399871826172,14.117699980735779,20.817999839782715,2.111439062131562,16.59512171551959,25.04087796404584,72.5925942932468
2014-02-05 19:00:00,22.700000762939453,22.700000762939453,22.700000762939453,22.700000762939453,2000,18.054799880981445,14.173699984550476,20.995999908447267,2.1125923813375715,16.770815145772126,25.22118467112241,64.82583973599824
2014-02-06 19:00:00,21.56999969482422,21.600000381469727,21.56999969482422,21.600000381469727,3500,18.184999885559083,14.22394998550415,21.125999927520752,2.062710093436522,17.00057974064771,25.251420114393795,62.234911952356725
2014-02-09 19:00:00,20.5,20.5,20.5,20.5,2500,18.276999893188478,14.259199986457824,21.21299991607666,1.9931887574919684,17.226622401092726,25.199377431060597,54.41527699801224
2014-02-10 19:00:00,19.479999542236328,19.5,19.479999542236328,19.5,3000,18.348999900817873,14.294449987411499,21.19999990463257,2.003982976768681,17.19203395109521,25.20796585816993,48.46860782968106
2014-02-11 19:00:00,19.049999237060547,19.049999237060547,19.049999237060547,19.049999237060547,500,18.42999988555908,14.329699983596802,21.186499881744385,2.018173545322024,17.15015279110034,25.22284697238843,50.198252318162076
2014-02-17 19:00:00,18.049999237060547,18.049999237060547,18.049999237060547,18.049999237060547,500,18.490999870300293,14.354949979782104,21.13899984359741,2.0824984262390003,16.97400299111941,25.303996696075412,42.26803858622063
2014-02-20 19:00:00,17.200000762939453,17.200000762939453,17.200000762939453,17.200000762939453,500,18.53499988555908,14.370949983596802,21.038499927520753,2.224171748581367,16.59015643035802,25.486843424683485,34.751205793441784
2014-02-23 19:00:00,17.200000762939453,17.200000762939453,17.200000762939453,17.200000762939453,500,18.598799896240234,14.39144998550415,20.96849994659424,2.32471452950757,16.319070887579098,25.61792900560938,28.74671981165224
2014-02-24 19:00:00,16.350000381469727,16.350000381469727,16.350000381469727,16.350000381469727,1500,18.64579990386963,14.406099987030029,20.816499996185303,2.524182512342093,15.768134971501118,25.864865020869487,19.534053180845703
2014-02-25 19:00:00,15.5,15.5,15.5,15.5,500,18.675799903869628,14.41609998703003,20.59650001525879,2.7863922079286305,15.02371559940153,26.16928443111605,12.31043062865264
2014-02-26 19:00:00,15.5,16.5,15.5,16.5,3000,18.741799907684324,14.432849988937377,20.47150001525879,2.9148950443143278,14.641709926630135,26.301290103887446,17.464315284252606
2014-02-27 19:00:00,17.489999771118164,17.489999771118164,17.489999771118164,17.489999771118164,1000,18.84159990310669,14.45524998664856,20.346000003814698,2.9893466602866194,14.367306683241459,26.324693324387937,23.89104749951055
2014-03-02 19:00:00,17.489999771118164,18.399999618530273,16.649999618530273,18.399999618530273,2500,18.957599887847902,14.477549986839295,20.21599998474121,3.015825601000087,14.184348782741036,26.247651186741383,32.20064692457747
2014-03-03 19:00:00,18.0,18.0,18.0,18.0,2500,19.045599880218507,14.502649989128113,20.013500022888184,3.022162479880563,13.969175063127057,26.05782498264931,24.828767263099678
2014-03-04 19:00:00,18.0,19.0,18.0,19.0,8500,19.134199886322023,14.535099987983704,19.80600004196167,2.936738996900439,13.932522048160791,25.67947803576255,33.91304016113281
2014-03-09 19:00:00,19.5,20.0,19.5,20.0,12500,19.22919988632202,14.569099988937378,19.608500003814697,2.771557148202485,14.065385707409728,25.151614300219666,42.98245423241512
2014-03-10 19:00:00,21.0,21.0,21.0,21.0,6000,19.3625998878479,14.609099988937379,19.446000003814696,2.573280483761914,14.299439036290867,24.592560971338525,52.21238952990436
2014-03-11 19:00:00,22.040000915527344,22.049999237060547,22.040000915527344,22.049999237060547,4000,19.497599868774415,14.659599986076355,19.33849992752075,2.4035373052299747,14.531425317060801,24.1455745379807,61.23347832545859
2014-03-12 19:00:00,23.139999389648438,23.149999618530273,23.139999389648438,23.149999618530273,95000,19.67459985733032,14.714099984169007,19.35599994659424,2.4311819454556507,14.493636055682938,24.21836383750554,67.08333763811392
2014-03-13 19:00:00,23.799999237060547,24.25,23.799999237060547,24.25,5500,19.853599853515625,14.775249981880188,19.374499988555907,2.4685398410282597,14.437420306499387,24.311579670612428,75.61984109419403
2014-03-16 19:00:00,25.0,25.0,25.0,25.0,500,20.027599868774413,14.840249981880188,19.489499950408934,2.676436015359356,14.136627919690223,24.842371981127645,82.49999682108562
2014-03-17 19:00:00,25.0,26.239999771118164,24.899999618530273,26.239999771118164,3000,20.206399879455567,14.906499981880188,19.721499919891357,3.04476635682169,13.631967206247978,25.811032633534737,84.13896965428441
2014-03-18 19:00:00,26.239999771118164,26.5,24.93000030517578,24.93000030517578,5500,20.33899990081787,14.961199984550476,19.942999935150148,3.2580476066650172,13.426904721820113,26.45909514848018,81.31387095045139
2014-03-19 19:00:00,23.690000534057617,23.690000534057617,23.690000534057617,23.690000534057617,1000,20.426799926757813,15.010049986839295,20.152499961853028,3.3611446144095884,13.430210733033851,26.874789190672203,79.06317088018397
2014-03-20 19:00:00,22.510000228881836,22.510000228881836,22.510000228881836,22.510000228881836,6000,20.470999946594237,15.053649988174438,20.325500011444092,3.3903290368046934,13.544841937834704,27.10615808505348,71.05816692149222
2014-03-23 19:00:00,21.40999984741211,21.40999984741211,21.389999389648438,21.389999389648438,3000,20.502199935913087,15.090699987411499,20.492500019073486,3.354413931705921,13.783672155661645,27.201327882485327,63.541665700850636
2014-03-30 19:00:00,21.399999618530273,21.5,20.329999923706055,21.5,2500,20.532199935913084,15.132949986457824,20.707499980926514,3.2689912243061388,14.169517532314236,27.24548242953879,61.39705990631272
2014-03-31 19:00:00,21.0,21.100000381469727,21.0,21.100000381469727,1000,20.56419994354248,15.173399987220764,20.902499961853028,3.1633657526541694,14.57576845654469,27.229231467161366,61.39705990631272
2014-04-01 19:00:00,22.0,22.149999618530273,22.0,22.149999618530273,1500,20.627199935913087,15.216649985313415,21.192499923706055,2.984872193532658,15.22275553664074,27.16224431077137,61.538460463596124
2014-04-02 19:00:00,23.100000381469727,23.100000381469727,23.100000381469727,23.100000381469727,1500,20.70919994354248,15.264649987220764,21.57249994277954,2.691368078523624,16.189763785732293,26.955236099826788,61.39705990631272
2014-04-03 19:00:00,24.239999771118164,24.25,24.239999771118164,24.25,8500,20.81139995574951,15.320899987220765,21.95999994277954,2.4715369864747387,17.016925969830062,26.903073915729017,61.81818181818181
2014-04-06 19:00:00,24.25,25.440000534057617,23.25,25.420000076293945,8500,20.93979995727539,15.382999987602235,22.35649995803833,2.349780063414699,17.656939831208934,27.056060084867728,62.148524280189086
2014-04-07 19:00:00,26.690000534057617,26.690000534057617,25.5,25.5,2000,21.074599952697753,15.45024998664856,22.711499977111817,2.2549951323140913,18.201509712483634,27.22149024174,59.14397008446215
2014-04-09 19:00:00,25.600000381469727,26.8799991607666,25.25,26.8799991607666,8000,21.21699993133545,15.528399982452392,23.155499935150146,2.150281401945359,18.85493713125943,27.456062739040863,60.01522973674374
2014-04-10 19:00:00,28.219999313354492,28.219999313354492,28.219999313354492,28.219999313354492,500,21.394999923706056,15.609499979019166,23.61649990081787,2.200251742981582,19.215996414854708,28.017003386781035,61.73469196248528
2014-04-15 19:00:00,28.5,28.5,28.5,28.5,500,21.584999923706054,15.688749980926513,24.041499900817872,2.284248679929948,19.473002540957975,28.60999726067777,58.8558001110627
2014-04-16 19:00:00,29.489999771118164,29.489999771118164,29.489999771118164,29.489999771118164,500,21.790599937438966,15.773699979782105,24.46599988937378,2.4705579274813756,19.52488403441103,29.40711574433653,68.3279713431613
2014-04-17 19:00:00,29.5,29.5,29.489999771118164,29.5,5000,22.00859992980957,15.863199977874755,24.83849992752075,2.6427502160199587,19.552999495480833,30.124000359560668,75.91435750175805
2014-04-20 19:00:00,29.850000381469727,29.850000381469727,29.850000381469727,29.850000381469727,2000,22.217799949645997,15.95269998073578,25.173499965667723,2.8351000017310968,19.50329996220553,30.843699969129915,85.3564518174017
2014-04-21 19:00:00,30.450000762939453,30.450000762939453,30.0,30.0,6000,22.41979995727539,16.042949981689453,25.460999965667725,3.0219127244644146,19.417174516738896,31.504825414596553,95.74920696050512
2014-04-23 19:00:00,29.989999771118164,29.989999771118164,28.5,29.790000915527344,13000,22.635599975585937,16.128399987220764,25.700500011444092,3.1696562704920437,19.361187470460003,32.03981255242818,93.58571177008804
2014-04-24 19:00:00,30.5,30.5,30.5,30.5,500,22.845599975585937,16.220399985313417,25.913500022888183,3.3460460298236785,19.221407963240825,32.60559208253554,97.86151596958108
2014-04-28 19:00:00,30.940000534057617,30.940000534057617,30.940000534057617,30.940000534057617,4000,23.04439998626709,16.316199989318847,26.214000034332276,3.5184991357467768,19.17700176283872,33.25099830582583,97.7198794207624
2014-05-04 19:00:00,28.979999542236328,28.979999542236328,28.979999542236328,28.979999542236328,2000,23.182999992370604,16.404349985122682,26.478499984741212,3.517608805946521,19.44328237284817,33.51371759663425,78.7671211145934
2014-05-05 19:00:00,27.549999237060547,27.549999237060547,27.540000915527344,27.540000915527344,1500,23.270800018310545,16.487049989700317,26.730000019073486,3.3966749305305455,19.936650158012394,33.523349880134575,65.65176708347656
2014-05-06 19:00:00,26.170000076293945,26.170000076293945,26.170000076293945,26.170000076293945,1500,23.315200004577637,16.56289999008179,26.96900005340576,3.1611638760667327,20.646672301272297,33.291327805539225,53.501400859535785
2014-05-07 19:00:00,25.0,25.0,25.0,25.0,3500,23.330200004577637,16.632899990081786,27.14400005340576,2.930966102641131,21.2820678481235,33.00593225868802,47.88135579522058
2014-05-08 19:00:00,25.0,25.0,25.0,25.0,2500,23.346199989318848,16.702899990081786,27.339000034332276,2.6210382429107195,22.096923548510837,32.581076520153715,40.978890849321104
2014-05-19 19:00:00,26.25,26.25,26.25,26.25,2500,23.41520000457764,16.779149990081788,27.54400005340576,2.338990825440362,22.866018402525036,32.221981704286485,40.464669274422796
2014-05-20 19:00:00,27.559999465942383,27.559999465942383,27.559999465942383,27.559999465942383,2500,23.488800010681153,16.8619499874115,27.767000007629395,2.0926340346149592,23.58173193839948,31.952268076859312,45.8626732333643
2014-05-21 19:00:00,28.93000030517578,28.93000030517578,28.93000030517578,28.93000030517578,6500,23.61340000152588,16.949199991226195,28.001000022888185,1.9343350190066597,24.132329984874865,31.869670060901505,47.61499371013597
2014-05-22 19:00:00,30.3700008392334,30.3700008392334,30.3700008392334,30.3700008392334,2500,23.788800010681154,17.04704999446869,28.248500061035156,1.9031395959975999,24.442220869039957,32.054779253030354,53.30296444264796
2014-05-25 19:00:00,31.8799991607666,31.8799991607666,31.8799991607666,31.8799991607666,500,24.016399993896485,17.14944999217987,28.567500019073485,1.9522615735076299,24.662976872058223,32.472023166088746,57.08303928925764
2014-05-26 19:00:00,33.470001220703125,33.470001220703125,33.470001220703125,33.470001220703125,3500,24.295800018310548,17.267699999809267,28.897000122070313,2.1936587114512185,24.509682699167875,33.28431754497275,61.001905897202505
2014-05-27 19:00:00,35.13999938964844,35.13999938964844,35.13999938964844,35.13999938964844,4500,24.617600021362303,17.39314999580383,29.24300012588501,2.5910069370742863,24.060986251736438,34.425014000033585,65.52524264729813
2014-05-28 19:00:00,36.88999938964844,36.88999938964844,36.88999938964844,36.88999938964844,3000,24.994400024414062,17.525099992752075,29.66250009536743,3.0946300355054164,23.4732400243566,35.85176016637826,67.48768262053619
2014-05-29 19:00:00,38.72999954223633,38.72999954223633,38.72999954223633,38.72999954223633,4500,25.425,17.666299991607666,30.12450008392334,3.698355795022698,22.727788493877945,37.521211673968736,69.80172592263263
2014-06-01 19:00:00,40.65999984741211,40.65999984741211,40.0,40.65999984741211,22500,25.894199981689454,17.82159998893738,30.682500076293945,4.378526255469753,21.92544756535444,39.43955258723345,79.73523591689087
2014-06-02 19:00:00,42.689998626708984,42.689998626708984,40.0,42.689998626708984,18000,26.42099994659424,17.985049982070922,31.324499988555907,5.127336638965956,21.069826710623992,41.57917326648782,87.4443847108137
2014-06-03 19:00:00,44.81999969482422,44.81999969482422,44.81999969482422,44.81999969482422,3000,27.00739994049072,18.158649978637694,32.06549997329712,5.93337851627662,20.198742940743884,43.93225700585036,94.42591667912335
2014-06-04 19:00:00,47.060001373291016,47.060001373291016,46.36000061035156,47.060001373291016,13500,27.61859996795654,18.34394998550415,32.928999996185304,6.7809297693985595,19.367140457388185,46.49085953498242,100.0
2014-06-05 19:00:00,45.0,45.0,45.0,45.0,2000,28.16879997253418,18.51394998550415,33.653999996185306,7.265403463724949,19.123193068735407,48.18480692363521,91.45936509653619
2014-06-08 19:00:00,45.0,45.0,42.75,42.75,10500,28.655799980163575,18.6734499835968,34.24449996948242,7.509058673022918,19.226382623436585,49.26261731552825,82.8423530969659
2014-06-09 19:00:00,40.619998931884766,40.619998931884766,40.619998931884766,40.619998931884766,500,29.10819995880127,18.826549978256224,34.826499938964844,7.530607104640166,19.765285729684514,49.88771414824517,75.17347200554588
2014-06-10 19:00:00,38.59000015258789,42.650001525878906,38.59000015258789,42.650001525878906,26000,29.581199989318847,18.98804998397827,35.581999969482425,7.51906113632593,20.543877696830563,50.620122242134286,75.78947006123018
2014-06-11 19:00:00,42.650001525878906,42.650001525878906,40.52000045776367,40.52000045776367,1500,29.991599998474122,19.14389998435974,36.29949998855591,7.253642672368901,21.792214643818106,50.80678533329371,68.59655029280137
2014-06-12 19:00:00,38.599998474121094,38.599998474121094,38.599998474121094,38.599998474121094,500,30.343599967956543,19.289399976730348,36.979499912261964,6.759231129257382,23.461037653747198,50.49796217077673,62.129958149205976
2014-06-15 19:00:00,38.599998474121094,38.599998474121094,38.599998474121094,38.599998474121094,500,30.674599952697754,19.431499967575075,37.65949983596802,6.14699970987994,25.365500416208143,49.9534992557279,59.82381393049276
2014-06-17 19:00:00,38.849998474121094,38.849998474121094,38.849998474121094,38.849998474121094,1000,30.98859992980957,19.573249959945677,38.28949975967407,5.530913628036106,27.22767250360186,49.351327015746286,57.51315830539134
2014-06-19 19:00:00,36.90999984741211,36.90999984741211,36.90999984741211,36.90999984741211,1500,31.241799926757814,19.706549959182738,38.756999778747556,4.939842442369057,28.877314894009444,48.63668466348567,50.04019383193719
2014-06-24 19:00:00,35.06999969482422,35.06999969482422,35.06999969482422,35.06999969482422,1000,31.443199920654298,19.82939995765686,39.06399974822998,4.464938822550237,30.134122103129506,47.99387739333046,42.64469741166441
2014-06-25 19:00:00,36.0,36.81999969482422,35.900001525878906,36.81999969482422,7000,31.65479991912842,19.95724995613098,39.38649969100952,4.01410467202447,31.35829034696058,47.41470903505846,42.22672298002196
2014-06-26 19:00:00,37.5,37.5,37.5,37.5,500,31.906199913024903,20.090949954986574,39.667499732971194,3.6402703806708296,32.38695897162953,46.948040494312856,38.88651729723504
2014-07-01 19:00:00,37.5,37.5,37.400001525878906,37.400001525878906,5500,32.18039993286133,20.221199960708617,39.86399974822998,3.385263074851172,33.09347359852764,46.63452589793232,32.598509334195995
2014-07-03 19:00:00,35.599998474121094,35.599998474121094,35.560001373291016,35.599998474121094,1000,32.442199897766116,20.344199953079222,39.886999702453615,3.352886134228267,33.18122743399708,46.59277197091015,22.557475753023297
2014-07-07 19:00:00,33.81999969482422,33.81999969482422,33.81999969482422,33.81999969482422,500,32.69079990386963,20.46174994945526,39.733499717712405,3.5611226531457807,32.611254411420845,46.855745024003966,22.864084969208363
2014-07-13 19:00:00,33.0,33.0,33.0,33.0,500,32.92079990386963,20.5709499502182,39.44699974060059,3.8637427830153688,31.719514174569852,47.174485306631325,24.56964775450311
2014-07-15 19:00:00,33.0,33.0,33.0,33.0,1500,33.15879989624023,20.67514995098114,39.06399974822998,4.109042109439701,30.845915529350577,47.282083967109386,27.640854411358134
2014-07-17 19:00:00,31.360000610351562,31.360000610351562,31.360000610351562,31.360000610351562,500,33.34299991607666,20.766149954795836,38.49749984741211,4.356396423548345,29.784707000315418,47.210292694508794,16.09609645386692
2014-08-18 19:00:00,30.0,30.0,30.0,30.0,3000,33.48099990844727,20.85399995326996,37.7564998626709,4.482935398594753,28.790629065481394,46.7223706598604,16.876575093920096
2014-08-20 19:00:00,31.299999237060547,31.299999237060547,31.299999237060547,31.299999237060547,2000,33.62199989318847,20.94894994735718,36.968499755859376,4.13298581106737,28.702528133724634,45.23447137799412,26.081258060298723
2014-09-02 19:00:00,31.299999237060547,31.299999237060547,31.299999237060547,31.299999237060547,1000,33.73959987640381,21.03964994430542,36.2834997177124,3.857953258086088,28.567593201540227,43.99940623388458,26.081258060298723
2014-09-03 19:00:00,29.75,31.299999237060547,29.75,31.299999237060547,13000,33.855599861145016,21.128449940681456,35.71099967956543,3.693926656698089,28.323146366169254,43.09885299296161,24.850099662471678
2014-09-04 19:00:00,31.299999237060547,31.299999237060547,31.299999237060547,31.299999237060547,500,33.9439998626709,21.22169993877411,35.244999694824216,3.6293563318348143,27.98628703115459,42.50371235849384,28.538635266483027
2014-09-07 19:00:00,32.0,32.0,32.0,32.0,500,34.01959987640381,21.31419993877411,34.71249961853027,3.2468378508261018,28.21882391687807,41.206175320182474,37.133279059966526
2014-09-09 19:00:00,30.399999618530273,30.399999618530273,30.399999618530273,30.399999618530273,500,34.05759986877442,21.393849935531616,34.2064995765686,3.0783371619019357,28.049825252764734,40.36317390037247,22.750425712741986
2014-09-10 19:00:00,29.5,31.450000762939453,29.5,31.450000762939453,2500,34.09679988861084,21.480649938583372,33.848999691009524,2.953912336544726,27.941175017920074,39.756824364098975,25.102886924852044
2014-09-11 19:00:00,30.5,30.5,30.5,30.5,500,34.11679988861084,21.563149938583376,33.44399976730347,2.820504569240714,27.802990628822037,39.085008905784896,23.46154038017262
2014-09-15 19:00:00,32.0,32.0,32.0,32.0,500,34.159799880981446,21.65714993953705,33.10149984359741,2.530486367148174,28.04052710930106,38.16247257789376,35.826778512382305
2014-09-23 19:00:00,32.0,33.599998474121094,32.0,33.599998474121094,4500,34.231799850463865,21.754149932861328,32.93599977493286,2.3715405495290502,28.192918675874758,37.67908087399096,49.12140090791011
2014-09-24 19:00:00,33.599998474121094,35.0,33.5,35.0,6000,34.33599983215332,21.861149930953978,32.93249979019165,2.368274780201908,28.195950229787833,37.669049350595465,57.63358645252727
2014-09-25 19:00:00,36.5,36.5,36.0,36.0,3000,34.44599983215332,21.97689992904663,32.89149980545044,2.303647740226334,28.28420432499777,37.49879528590311,60.638296145451946
2014-10-01 19:00:00,34.20000076293945,34.20000076293945,34.20000076293945,34.20000076293945,500,34.51119983673096,22.08739993095398,32.72649984359741,2.0616608822462617,28.603178079104886,36.84982160808993,59.95792330694077
2014-10-02 19:00:00,32.5099983215332,32.5099983215332,32.5099983215332,32.5099983215332,500,34.581799812316895,22.1844499206543,32.481999683380124,1.7436820485480646,28.994635586283994,35.96936378047625,58.60177395140301
2014-10-08 19:00:00,30.889999389648438,32.0,30.889999389648438,32.0,5000,34.67099979400635,22.27894991874695,32.301999759674075,1.5833096985209472,29.13538036263218,35.46861915671597,52.536234087463804
2014-10-09 19:00:00,32.5,32.599998474121094,32.5,32.599998474121094,3000,34.79959976196289,22.371599912643433,32.240999698638916,1.5447803745951056,29.151438949448703,35.33056044782913,54.51388576148502
2014-10-12 19:00:00,33.0,34.22999954223633,33.0,34.22999954223633,17000,34.98419975280762,22.47124990940094,32.30249967575073,1.6000818348417285,29.102336006067276,35.502663345434186,59.13911363393524
2014-10-13 19:00:00,35.900001525878906,35.939998626708984,35.900001525878906,35.939998626708984,20000,35.2029997253418,22.583449902534486,32.44949960708618,1.7911726239248833,28.867154359236416,36.03184485493595,63.07778734677508
2014-10-14 19:00:00,37.72999954223633,37.72999954223633,37.72999954223633,37.72999954223633,500,35.43259971618652,22.704599900245668,32.76799955368042,2.1228768363868076,28.5222458809068,37.013753226454035,65.21507962040221
2014-10-15 19:00:00,39.61000061035156,39.61000061035156,39.61000061035156,39.61000061035156,1000,35.67359973907471,22.833149905204774,33.248499584198,2.514788539092324,28.218922506013353,38.278076662382645,74.09733066045057
2014-10-16 19:00:00,41.59000015258789,41.59000015258789,41.0,41.529998779296875,20500,35.92559970855713,22.973299899101256,33.75999956130981,3.07548025616003,27.60903904898975,39.91096007362987,75.22522083909213
2014-10-19 19:00:00,42.0,43.599998474121094,41.0,43.599998474121094,21500,36.19019966125488,23.12004989147186,34.37499952316284,3.719949598284829,26.935100326593183,41.8148987197325,81.04265265750632
2014-10-20 19:00:00,45.5,45.779998779296875,43.5,43.58000183105469,34000,36.424199714660645,23.269199900627136,34.988999652862546,4.1717028758627555,26.645593901137033,43.33240540458806,79.51071537451703
2014-10-21 19:00:00,44.900001525878906,45.7400016784668,44.5,44.75,9000,36.64979969024658,23.427949900627137,35.661499691009524,4.60710132917267,26.447297032664185,44.87570234935487,79.0516011992346
2014-10-22 19:00:00,44.70000076293945,46.099998474121094,44.5,44.5,12000,36.83699970245361,23.580449900627137,36.286499691009524,4.921394101871571,26.443711487266384,46.129287894752665,76.33038673939687
2014-10-27 19:00:00,43.95000076293945,46.720001220703125,42.279998779296875,46.720001220703125,52500,37.03359973907471,23.739049906730653,37.10249977111816,5.236874452857626,26.628750865402907,47.576248676833416,77.82970996408717
2014-10-28 19:00:00,49.04999923706055,49.04999923706055,49.0,49.0,15500,37.23899974822998,23.904049906730652,37.979999732971194,5.690582569670913,26.59883459362937,49.36116487231302,87.48734472834381
2014-10-29 19:00:00,51.29999923706055,51.29999923706055,48.15999984741211,48.15999984741211,1500,37.38899974822998,24.06824990749359,38.862999725341794,5.837086945859051,27.188825833623692,50.53717361705989,91.42405598822916
2014-10-30 19:00:00,48.0,50.150001525878906,48.0,49.5,4500,37.5251997756958,24.241999907493593,39.737999725341794,6.061494543296633,27.61501063874853,51.86098881193506,94.37121117451316
2014-11-04 19:00:00,47.5,49.0,47.099998474121094,47.099998474121094,4000,37.57079975128174,24.405999898910522,40.4129997253418,6.093586240280254,28.225827244781293,52.600172205902304,83.68959633335213
2014-11-05 19:00:00,45.0099983215332,45.0099983215332,45.0099983215332,45.0099983215332,1000,37.529799690246584,24.562799892425538,40.913499641418454,6.036406646489654,28.840686348439146,52.98631293439776,74.5222949834118
2014-11-06 19:00:00,45.0,45.75,44.0,44.25,5500,37.51479969024658,24.714049892425535,41.325999641418456,5.964423163314201,29.397153314790053,53.25484596804686,69.75749729678842
2014-11-09 19:00:00,45.02000045776367,45.02000045776367,45.02000045776367,45.02000045776367,1500,37.560199699401856,24.86814989566803,41.86699962615967,5.7716397929685215,30.323720040222625,53.41027921209671,68.2158993422934
2014-11-10 19:00:00,45.5,47.20000076293945,45.5,47.20000076293945,9500,37.69179973602295,25.033149900436403,42.60149974822998,5.443597452243972,31.714304843742042,53.488694652717925,68.68538279306172
2014-11-11 19:00:00,47.0,49.5,47.0,49.5,3000,37.82879970550537,25.2106499004364,43.47649974822998,5.041445699250916,33.393608349728154,53.55939114673181,69.26052010432619
2014-11-12 19:00:00,50.099998474121094,51.95000076293945,48.25,50.369998931884766,7000,38.025799674987795,25.393499894142153,44.364999771118164,4.567279077406148,35.23044161630587,53.49955792593046,67.36788744193056
2014-11-13 19:00:00,49.0,51.75,49.0,51.75,4000,38.28879970550537,25.581999893188478,45.24099979400635,4.185269928957458,36.870459936091436,53.61153965192126,69.59232318190783
2014-11-16 19:00:00,50.0,52.0,50.0,52.0,2000,38.55679973602295,25.771549892425536,46.0439998626709,3.8326332987532097,38.378733265164485,53.70926646017732,68.1886600325771
2014-11-17 19:00:00,51.0,52.0,51.0,52.0,4500,38.81979976654053,25.961549892425538,46.757499885559085,3.5188378217962835,39.71982424196652,53.79517552915165,69.05487775329841
2014-11-18 19:00:00,49.400001525878906,49.40999984741211,49.400001525878906,49.400001525878906,2000,39.06959980010986,26.13904990196228,47.24699993133545,3.131890599686396,40.98321873196266,53.510781130708246,56.67996169328461
2014-11-19 19:00:00,46.93000030517578,46.93000030517578,46.93000030517578,46.93000030517578,500,39.306799812316896,26.30169990539551,47.51700000762939,2.8314439463607584,41.85411211490788,53.179887900350906,44.88888964240933
2014-11-25 19:00:00,44.599998474121094,44.599998474121094,44.599998474121094,44.599998474121094,1000,39.46239978790283,26.457199897766113,47.567000007629396,2.7667234900667927,42.03355302749581,53.10044698776298,41.81232498059751
2014-11-27 19:00:00,42.380001068115234,43.0,42.369998931884766,42.369998931884766,21000,39.55979976654053,26.597799892425538,47.5064998626709,2.869805411611156,41.766889039448586,53.246110685893214,34.2465737260589
2014-11-30 19:00:00,44.47999954223633,44.47999954223633,44.47999954223633,44.47999954223633,28000,39.70139972686768,26.75219988822937,47.49299983978271,2.884054589180301,41.72489066142211,53.261109018143316,44.136081213094215
2014-12-02 19:00:00,49.029998779296875,49.029998779296875,49.029998779296875,49.029998779296875,500,39.96999973297119,26.92884988307953,47.71949977874756,2.813650184426798,42.092199409893965,53.34680014760116,58.104839881922814
2014-12-03 19:00:00,51.47999954223633,51.47999954223633,51.47999954223633,51.47999954223633,2500,40.32319972991943,27.122249879837035,47.95749969482422,2.9238169154718814,42.10986586388046,53.805133525767985,63.646657387933374
2014-12-04 19:00:00,54.04999923706055,54.04999923706055,53.79999923706055,54.04999923706055,35000,40.744199714660645,27.323999876976014,48.20999965667725,3.2214905092284742,41.7670186382203,54.652980675134195,65.95970040131854
2014-12-07 19:00:00,56.290000915527344,56.290000915527344,51.349998474121094,51.36000061035156,7500,41.111399726867674,27.506849880218507,48.369999694824216,3.2974473915680167,41.77510491168818,54.96489447796025,57.22222214863624
2014-12-08 19:00:00,53.900001525878906,53.91999816894531,53.0,53.91999816894531,10500,41.562599678039554,27.701449871063232,48.590999603271484,3.517914976721528,41.55516964982843,55.62682955671454,57.60495275340829
2014-12-09 19:00:00,52.5,52.5,51.310001373291016,51.720001220703125,2000,41.996999702453614,27.880049877166748,48.82199974060059,3.566209364306146,41.689581011988295,55.95441846921288,52.22112945934598
2014-12-10 19:00:00,49.150001525878906,51.5,49.13999938964844,49.790000915527344,10000,42.36679973602295,28.046999883651733,49.06099987030029,3.4557532927522367,42.14949328479582,55.97250645580477,46.83258013393116
2014-12-11 19:00:00,48.0,48.0,47.310001373291016,47.619998931884766,5000,42.693199729919435,28.208099880218505,49.22949981689453,3.2868582415385714,42.65578333381739,55.80321629997167,43.33535986726803
2014-12-14 19:00:00,46.0,46.0,45.25,46.0,8000,42.98719974517822,28.35959988117218,49.27849979400635,3.227570938982231,42.823357916041886,55.733641671970815,41.299302866201025
2014-12-16 19:00:00,46.0,46.0,46.0,46.0,1000,43.28119976043701,28.511099882125855,49.218499755859376,3.2789879034037237,42.66052394905193,55.776475562666825,44.667500284187796
2014-12-22 19:00:00,46.0,46.0,46.0,46.0,2500,43.56119976043701,28.667349882125855,49.04349975585937,3.3556744559634506,42.33215084393247,55.75484866778628,48.41890440219497
2014-12-23 19:00:00,43.70000076293945,43.70000076293945,43.70000076293945,43.70000076293945,1000,43.8271997833252,28.810849885940552,48.70999984741211,3.5431134663884443,41.62377291463522,55.796226780188995,48.46834936662119
2014-12-25 19:00:00,42.0,42.0,42.0,42.0,1000,44.038199768066406,28.94834988594055,48.22249984741211,3.7665339344150017,40.68943197858211,55.75556771624211,49.35875389882628
2014-12-29 19:00:00,42.0,42.0,39.90999984741211,39.90999984741211,1500,44.22639976501465,29.082649884223937,47.61799983978271,4.085072461932942,39.44785491591683,55.788144763648596,42.07422716970047
2014-12-30 19:00:00,39.0,41.5,39.0,41.5,6500,44.416399765014646,29.227599883079527,47.09299983978271,4.166179746994342,38.76064034579403,55.4253593337714,35.44646269706078
2015-01-01 19:00:00,43.56999969482422,43.56999969482422,43.56999969482422,43.56999969482422,500,44.61579978942871,29.38544988155365,46.80149974822998,4.2000867608537025,38.40132622652257,55.20167326993739,34.48410809319117
2015-01-04 19:00:00,45.7400016784668,45.7400016784668,45.7400016784668,45.7400016784668,7000,44.830599822998046,29.551649889945985,46.741999816894534,4.206594497725969,38.328810821442595,55.15518881234647,33.43961982560339
2015-01-05 19:00:00,48.02000045776367,48.02000045776367,45.29999923706055,45.29999923706055,4500,45.016599807739254,29.710649886131286,46.7769998550415,4.19071658213637,38.39556669076876,55.158433019314245,36.733797432561786
2015-01-06 19:00:00,45.29999923706055,45.9900016784668,45.29999923706055,45.9900016784668,3000,45.2523998260498,29.86934989452362,46.9579999923706,4.0666971724964815,38.82460564737764,55.09139433736357,31.092049150461477
2015-01-07 19:00:00,43.70000076293945,45.95000076293945,43.70000076293945,45.93000030517578,4000,45.52079986572266,30.023049898147583,47.03050003051758,4.032980248287125,38.96453953394333,55.09646052709183,34.62560274414962
2015-01-08 19:00:00,47.900001525878906,48.0,44.11000061035156,44.11000061035156,3000,45.76299987792969,30.167949900627136,46.78450012207031,4.054592370296765,38.67531538147678,54.89368486266385,34.829066186188925
2015-01-12 19:00:00,42.5,44.099998474121094,42.5,44.0,4000,45.990999908447264,30.310599899291994,46.4105001449585,3.9420998476202413,38.526300449718015,54.29469984019898,39.13566234311607
2015-01-13 19:00:00,44.20000076293945,46.20000076293945,44.20000076293945,45.5,3500,46.21639991760254,30.465499897003173,45.98300018310547,3.509946863832296,38.96310645544087,53.00289391077006,48.488513477359994
2015-01-14 19:00:00,47.689998626708984,47.689998626708984,43.2400016784668,44.0,29500,46.37759994506836,30.617899894714355,45.61500015258789,3.295822622606171,39.02335490737555,52.20664539780023,44.45676537508353
2015-01-15 19:00:00,44.61000061035156,45.5,44.5,44.5,16000,46.51299995422363,30.767799892425536,45.14400024414063,2.6578573032801494,39.82828563758033,50.45971485070093,45.954694421079836
2015-01-18 19:00:00,44.0099983215332,44.75,43.70000076293945,43.849998474121094,11500,46.597799911499024,30.911149883270262,44.75050010681152,2.171025806810359,40.408448493190804,49.09255172043224,50.44404267308698
2015-01-19 19:00:00,44.5,44.5,43.099998474121094,43.099998474121094,27500,46.62919990539551,31.05574987411499,44.41599998474121,1.8445294454578496,40.726941093825516,48.10505887565691,53.45043218051691
2015-01-20 19:00:00,44.5,45.25,44.5,45.25,31500,46.66219993591309,31.20654987335205,44.29750003814697,1.6981815452721862,40.9011369476026,47.69386312869134,66.68748854101523
2015-01-21 19:00:00,46.900001525878906,47.5099983215332,46.900001525878906,47.5099983215332,29000,46.74079986572266,31.364599866867067,44.37299995422363,1.8078807745892038,40.75723840504522,47.98876150340204,68.02637929144613
2015-01-22 19:00:00,49.880001068115234,49.880001068115234,45.13999938964844,45.939998626708984,57000,46.764599838256835,31.51479986190796,44.36999988555908,1.8050863908445323,40.759827103870016,47.98017266724815,57.32837824033805
2015-01-25 19:00:00,47.0,48.22999954223633,45.25,48.22999954223633,38000,46.83919982910156,31.68094985961914,44.4814998626709,1.9722075898047144,40.53708468306147,48.42591504228033,57.6427150326626
2015-01-26 19:00:00,50.0,50.0,48.0,48.0,19000,46.8647998046875,31.84594985961914,44.696499824523926,2.1119591237814577,40.47258157696101,48.92041807208684,58.39552181268277
2015-01-27 19:00:00,46.150001525878906,46.150001525878906,45.599998474121094,45.79999923706055,14000,46.80079978942871,31.999949855804445,44.88649978637695,2.0257767244569544,40.834946337463045,48.93805323529086,49.45991359137944
2015-01-28 19:00:00,45.29999923706055,45.29999923706055,44.2599983215332,44.2599983215332,7500,46.72279975891113,32.1511998462677,45.10399971008301,1.6646871606902307,41.774625388702546,48.43337403146347,45.621390465899076
2015-01-29 19:00:00,44.0,46.2400016784668,44.0,46.220001220703125,7000,46.6571997833252,32.31229985237122,45.339999771118165,1.4472334478988638,42.44553287532044,48.23446666691589,55.49193095499651
2015-02-01 19:00:00,44.06999969482422,46.900001525878906,44.06999969482422,45.88999938964844,3000,46.63299980163574,32.47174984931946,45.455999755859374,1.3897309050909104,42.67653794567755,48.235461566041195,54.86360941285491
2015-02-02 19:00:00,44.77000045776367,45.599998474121094,44.0,44.220001220703125,8000,46.61719985961914,32.62684985637665,45.37999973297119,1.4147196672284161,42.550560398514364,48.20943906742802,46.73469800841725
2015-02-08 19:00:00,44.0,44.0,43.4900016784668,43.4900016784668,2500,46.60199989318848,32.781799864768985,45.289499855041505,1.4766443289216566,42.33621119719819,48.24278851288482,48.64578287673467
2015-02-09 19:00:00,43.61000061035156,43.61000061035156,42.04999923706055,42.04999923706055,8000,46.54259986877442,32.929049859046934,45.09249973297119,1.6328304694279803,41.82683879411523,48.35816067182715,43.803743650133164
2015-02-10 19:00:00,42.0,42.0,40.0,41.5,5500,46.42859985351563,33.06854985713959,44.8709997177124,1.8046719119189898,41.26165589387442,48.48034354155038,44.02644183684116
2015-02-11 19:00:00,42.5,42.5,42.5,42.5,1000,46.28859985351563,33.208199858665466,44.790499687194824,1.8749440469607717,41.04061159327328,48.540387781116365,48.493980172006026
2015-02-12 19:00:00,41.0,41.060001373291016,41.0,41.060001373291016,1000,46.10239990234375,33.33724986553192,44.643499755859374,2.0474944473129573,40.54851086123346,48.73848865048529,39.09422697981467
2015-02-15 19:00:00,40.0,40.0,40.0,40.0,1500,45.86739990234375,33.46559986591339,44.368499755859375,2.282293791206596,39.803912173446186,48.933087338272564,29.150483509011977
2015-02-16 19:00:00,39.0,39.25,39.0,39.25,1500,45.61239990234375,33.58534986495972,44.13099975585938,2.553671832344527,39.023656091170324,49.23834342054843,30.541023292723864
2015-02-23 19:00:00,39.0,41.209999084472656,39.0,41.150001525878906,4500,45.39539993286133,33.71959987163544,43.96349983215332,2.6367106850554625,38.69007846204239,49.23692120226424,28.928585944526603
2015-02-25 19:00:00,40.0099983215332,41.869998931884766,40.0,41.869998931884766,2000,45.24479988098145,33.852449865341185,43.8644998550415,2.6780439154531246,38.508412024135254,49.22058768594775,32.27299192868526
2015-02-26 19:00:00,41.25,41.25,41.25,41.25,500,45.13119987487793,33.97719986915588,43.77199993133545,2.7371372623089716,38.297725406717504,49.2462744559534,35.518782949107674
2015-03-01 19:00:00,41.9900016784668,41.9900016784668,41.9900016784668,41.9900016784668,500,45.07899993896484,34.10064988136291,43.609000015258786,2.741552974992547,38.12589406527369,49.09210596524388,42.387672416086914
2015-03-02 19:00:00,40.0,40.54999923706055,40.0,40.54999923706055,2000,45.04259994506836,34.21189988136292,43.261000061035155,2.6608641274651594,37.939271806104834,48.582728315965475,30.29881611864316
2015-03-03 19:00:00,40.5099983215332,41.400001525878906,40.5,41.400001525878906,1500,44.98099998474121,34.322399892807006,43.03400020599365,2.6135221620699145,37.806955881853824,48.261044530133475,34.94300214298434
2015-03-04 19:00:00,41.9900016784668,42.099998474121094,41.0,41.0,2000,44.82040000915527,34.4258998966217,42.67250022888184,2.3430138801360347,37.98647246860977,47.358527989153906,38.19648253770088
2015-03-10 19:00:00,40.0,40.0,40.0,40.0,1000,44.590800018310546,34.52674989700317,42.27250022888184,2.0502191214060566,38.17206198606973,46.37293847169395,37.45506900594418
2015-03-12 19:00:00,40.0,41.900001525878906,38.0099983215332,39.150001525878906,21000,44.29280006408691,34.62249990463257,41.94000034332275,1.98627124730338,37.967457848715995,45.91254283792951,39.11412557395857
2015-03-15 19:00:00,40.88999938964844,40.88999938964844,40.88999938964844,40.88999938964844,500,44.08340003967285,34.72944990158081,41.77150039672851,1.9209710076607422,37.92955838140703,45.61344241205,47.897999584616066
2015-03-16 19:00:00,40.84000015258789,40.88999938964844,40.84000015258789,40.88999938964844,5000,43.82280006408691,34.83889989852905,41.505000305175784,1.6170131839096902,38.2709739373564,44.739026672995166,44.0414494604929
2015-03-17 19:00:00,38.849998474121094,38.849998474121094,38.849998474121094,38.849998474121094,500,43.565400009155276,34.93814989089966,41.15300025939941,1.357680650175598,38.437638959048215,43.86836155975061,42.1686668813278
2015-03-30 19:00:00,38.189998626708984,38.189998626708984,38.189998626708984,38.189998626708984,500,43.33339996337891,35.03339988708496,40.85150012969971,1.309428871560998,38.23264238657771,43.47035787282171,43.39897523507963
2015-04-02 19:00:00,36.400001525878906,38.189998626708984,36.29999923706055,38.189998626708984,3500,43.14479995727539,35.129349880218506,40.586499977111814,1.2833933973324887,38.019713182446836,43.15328677177679,45.910489443799015
2015-04-05 19:00:00,38.189998626708984,38.189998626708984,38.189998626708984,38.189998626708984,1000,42.98859992980957,35.22649987220764,40.39349994659424,1.3406848610638913,37.712130224466456,43.07486966872202,36.61843340129196
2015-04-08 19:00:00,38.0,38.0,38.0,38.0,500,42.82859992980957,35.31769987106323,40.218499946594235,1.4150187215274752,37.38846250353929,43.048537389649184,31.623941222521424
2015-04-16 19:00:00,36.11000061035156,39.599998474121094,36.11000061035156,39.599998474121094,4500,42.700599899291994,35.41909986495972,40.073499870300296,1.3138950290212372,37.445709812257824,42.70128992834277,42.83231442379522
2015-04-23 19:00:00,38.5,38.5,38.0,38.0,1500,42.586599884033205,35.51409986495972,39.92049980163574,1.3699427355483607,37.18061433053902,42.66038527273246,33.87226344788836
2015-04-26 19:00:00,39.900001525878906,39.900001525878906,39.900001525878906,39.900001525878906,11000,42.54459991455078,35.617549877166745,39.91549987792969,1.369819788146957,37.17586030163578,42.6551394542236,47.46688304100696
2015-04-27 19:00:00,41.88999938964844,41.88999938964844,41.88999938964844,41.88999938964844,4000,42.58419990539551,35.73399987220764,40.04749984741211,1.4282672089553785,37.190965429501354,42.90403426532287,51.75375121171989
2015-04-28 19:00:00,43.97999954223633,43.97999954223633,43.97999954223633,43.97999954223633,6500,42.633799896240234,35.85694987297058,40.18899974822998,1.6639774265217946,36.861044895186396,43.51695460127357,59.514690367494865
2015-04-29 19:00:00,45.9900016784668,46.0,43.0,44.790000915527344,30500,42.6581999206543,35.981399879455566,40.33499984741211,1.9266104616836344,36.48177892404484,44.188220770779374,65.48158661881567
2015-05-03 19:00:00,42.560001373291016,42.560001373291016,42.560001373291016,42.560001373291016,2000,42.594599914550784,36.09919988632202,40.40049991607666,1.9808601385487241,36.43877963897921,44.36222019317411,60.11869711633698
2015-05-04 19:00:00,41.099998474121094,42.0,41.099998474121094,42.0,17000,42.52859992980957,36.20919988632202,40.40099983215332,1.9812836156715476,36.43843260081022,44.36356706349641,53.54180197848189
2015-05-05 19:00:00,42.0,42.75,42.0,42.70000076293945,4000,42.462799911499026,36.317699890136716,40.50849990844726,2.047029808204415,36.414440292038435,44.60255952485609,55.528410175291995
2015-05-11 19:00:00,42.0,42.0,42.0,42.0,1500,42.384199905395505,36.417449893951414,40.53849983215332,2.065099553591621,36.408300724970076,44.668698939336565,60.47904784336339
2015-05-12 19:00:00,41.0,44.099998474121094,39.900001525878906,43.119998931884766,40500,42.36439987182617,36.51729989051819,40.64449977874756,2.142975336720742,36.358549105306075,44.93045045218904,65.91349575556382
2015-05-13 19:00:00,43.0,43.0,41.5,41.5099983215332,3000,42.31459983825684,36.60509987831116,40.71999969482422,2.145671598925577,36.42865649697306,45.01134289267537,59.70760231308986
2015-05-14 19:00:00,40.0,42.79999923706055,40.0,42.79999923706055,4000,42.260599822998046,36.69784987449646,40.9024995803833,2.1602826968869175,36.581934186609466,45.22306497415713,62.533987937341884
2015-05-17 19:00:00,42.5,42.5,41.20000076293945,41.20000076293945,5500,42.20459983825683,36.78284987449646,40.91799964904785,2.161300180510176,36.5953992880275,45.2406000100682,58.08081031879503
2015-05-21 19:00:00,41.900001525878906,41.900001525878906,41.900001525878906,41.900001525878906,2000,42.152599868774416,36.87834988594055,40.968499755859376,2.1723827494373533,36.62373425698467,45.313265254734084,56.08466366684818
2015-05-28 19:00:00,42.0,42.95000076293945,42.0,42.0,10500,42.11559989929199,36.96894989013672,41.12599983215332,2.1243637931004993,36.87727224595232,45.37472741835432,61.49425186558411
2015-05-31 19:00:00,42.0,42.0,42.0,42.0,2000,42.09359992980957,37.06544988632202,41.316499900817874,2.0152507572206817,37.28599838637651,45.347001415259236,56.77418862619707
2015-06-03 19:00:00,41.20000076293945,41.20000076293945,41.20000076293945,41.20000076293945,2000,42.01259994506836,37.16344988822937,41.467000007629395,1.8771343342026843,37.71273133922403,45.22126867603476,47.58910356222315
2015-06-10 19:00:00,40.75,41.0,40.75,41.0,2500,41.88239997863769,37.26594988822937,41.607500076293945,1.7173047799092709,38.172890516475405,45.042109636112485,38.003224370813086
2015-06-15 19:00:00,40.20000076293945,40.20000076293945,40.20000076293945,40.20000076293945,1000,41.767600021362306,37.36944989204407,41.71750011444092,1.5348337092108932,38.64783269601913,44.7871675328627,31.506848472906896
2015-06-18 19:00:00,39.5,39.5,39.5,39.5,500,41.59300003051758,37.47169989585876,41.712500190734865,1.5422398161477644,38.62802055843934,44.79697982303039,35.93749506946921
2015-06-22 19:00:00,41.0,41.0,41.0,41.0,500,41.45300003051758,37.58644989967346,41.86250019073486,1.2869091534474386,39.288681883839985,44.43631849762974,45.769881447467874
2015-06-23 19:00:00,40.04999923706055,40.099998474121094,40.04999923706055,40.04999923706055,6500,41.33800003051758,37.70069989204407,41.87000007629395,1.275254400773475,39.319491274747,44.420508877840895,39.02236291267157
2015-06-25 19:00:00,38.5099983215332,38.5099983215332,38.5,38.5099983215332,3500,41.223000030517575,37.80724987983704,41.70100002288818,1.4799927703519662,38.74101448218425,44.660985563592114,36.48333958281809
2015-06-28 19:00:00,38.0,38.0,38.0,38.0,500,41.05860000610352,37.91549987792969,41.40200004577637,1.5949383099695082,38.212123425837355,44.59187666571538,29.186994920869836
2015-06-29 19:00:00,36.5099983215332,36.599998474121094,36.20000076293945,36.470001220703125,5000,40.87020004272461,38.0203498840332,40.986000061035156,1.7429207007137837,37.50015865960759,44.47184146246272,29.37807622466012
2015-06-30 19:00:00,36.0,36.0,36.0,36.0,500,40.70580001831055,38.117849884033205,40.657999992370605,2.0254786878965065,36.607042616577594,44.70895736816362,20.175435954733587
2015-07-01 19:00:00,37.0,37.79999923706055,37.0,37.79999923706055,2500,40.59199996948242,38.21939988136292,40.44799995422363,2.095533073289806,36.25693380764402,44.63906610080325,35.34481908138132
2015-07-02 19:00:00,39.68000030517578,39.689998626708984,39.68000030517578,39.689998626708984,5500,40.54479995727539,38.32584987640381,40.29749984741211,2.032421049037311,36.23265774933749,44.36234194548673,41.360424549953606
2015-07-06 19:00:00,38.65999984741211,38.65999984741211,38.65999984741211,38.65999984741211,1500,40.48799995422363,38.42914987564087,40.130499839782715,2.0223630071397887,36.08577382550314,44.17522585406229,37.82798548079236
2015-07-08 19:00:00,37.0,37.0,37.0,37.0,2000,40.37799995422363,38.51914987564087,39.824499893188474,2.0091801889169307,35.806139515354616,43.84286027102233,33.7451206342419
2015-07-09 19:00:00,38.79999923706055,38.849998474121094,38.79999923706055,38.849998474121094,6500,40.33379989624024,38.61339986801148,39.691499900817874,1.9795568842757831,35.732386132266306,43.65061366936944,42.84843946807831
2015-07-13 19:00:00,40.5,40.790000915527344,40.5,40.790000915527344,7500,40.34959991455078,38.71234987258911,39.59099998474121,1.8609023758559133,35.86919523302938,43.31280473645304,49.42212684195101
2015-07-14 19:00:00,42.81999969482422,42.81999969482422,42.81999969482422,42.81999969482422,2000,40.420999908447264,38.81619987487793,39.67199993133545,1.9668640708841671,35.738271789567115,43.60572807310378,56.752575363384366
2015-07-22 19:00:00,42.0,42.0,42.0,42.0,3000,40.437999877929684,38.91044987678528,39.6769998550415,1.972943625292159,35.73111260445718,43.62288710562582,56.40368962585865
2015-07-28 19:00:00,41.9900016784668,41.9900016784668,41.9900016784668,41.9900016784668,1000,40.440399932861325,38.999149885177616,39.676499938964845,1.97232519986474,35.73184953923536,43.62115033869433,52.74542971423615
2015-08-04 19:00:00,42.0,42.0,42.0,42.0,2000,40.455399932861326,39.08414988517761,39.676499938964845,1.97232519986474,35.73184953923536,43.62115033869433,55.7050954243925
2015-08-05 19:00:00,43.5,43.5,43.5,43.5,500,40.48559989929199,39.17044988632202,39.79149990081787,2.126831907815854,35.53783608518616,44.04516371644958,64.63344321009282
2015-08-18 19:00:00,42.5,44.0,42.5,43.0,6000,40.53459991455078,39.26079988479614,39.89149990081787,2.23110623629079,35.42928742823629,44.353712373399446,64.67136728295841
2015-08-26 19:00:00,40.849998474121094,44.0,40.849998474121094,42.95000076293945,1500,40.56559989929199,39.35709988594055,40.02899990081787,2.3335087140947466,35.36198247262838,44.69601732900737,70.82262900901921
2015-08-27 19:00:00,41.5,43.9900016784668,41.5,43.9900016784668,2000,40.62539993286133,39.464499893188474,40.25349998474121,2.490631751290669,35.272236482159876,45.234763487322546,74.76752922690741
2015-08-30 19:00:00,43.0,44.0,43.0,44.0,2500,40.705399932861326,39.577549896240235,40.40349998474121,2.624687289461557,35.15412540581809,45.65287456366433,71.61786609341544
2015-09-02 19:00:00,41.810001373291016,43.9900016784668,41.79999923706055,41.810001373291016,3000,40.75859992980957,39.67909990310669,40.49150009155274,2.6416610303204973,35.20817803091174,45.774822152193735,57.240450613973785
2015-09-03 19:00:00,43.79999923706055,43.79999923706055,43.79999923706055,43.79999923706055,500,40.81679992675781,39.79259989738464,40.7560001373291,2.697071499843435,35.36185713764223,46.150143137015974,66.47436668652267
2015-09-15 19:00:00,41.61000061035156,43.20000076293945,41.61000061035156,43.20000076293945,5500,40.86299995422363,39.89784990310669,41.01600017547607,2.6678919406664203,35.680216294143236,46.35178405680891,71.3205132476871
2015-09-17 19:00:00,45.29999923706055,45.29999923706055,45.29999923706055,45.29999923706055,500,40.99199996948242,40.00884989738464,41.45750007629395,2.6058981576093085,36.24570376107533,46.66929639151256,71.805291935456
2015-10-01 19:00:00,41.040000915527344,41.04999923706055,41.040000915527344,41.040000915527344,3500,41.04900001525879,40.09279990196228,41.70950012207031,2.272759937699986,37.163980246670334,46.255019997470285,50.73056754539294
2015-10-05 19:00:00,40.0,40.0,40.0,40.0,500,41.08520004272461,40.16569990158081,41.81950016021729,2.121810427112787,37.57587930599171,46.063121014442864,41.25309589427506
2015-10-08 19:00:00,40.0,40.0,40.0,40.0,500,41.12140007019043,40.23819990158081,41.83500022888184,2.106512574359147,37.621975080163544,46.04802537760013,43.464047072903156
2015-10-12 19:00:00,38.0,38.0,38.0,38.0,500,41.12140007019043,40.29379990577698,41.80200023651123,2.163273939827419,37.475452356856394,46.12854811616607,38.46152658144008
2015-10-13 19:00:00,38.0,38.0,38.0,38.0,1000,41.089400100708005,40.342699909210204,41.85200023651123,2.055305434632526,37.74138936724618,45.96261110577628,38.425919998163295
2015-10-20 19:00:00,36.11000061035156,38.5,36.11000061035156,38.5,2000,41.09940010070801,40.39269990921021,41.834500312805176,2.083507849511611,37.66748461378195,46.0015160118284,34.64372629579104
2015-10-25 19:00:00,36.599998474121094,36.599998474121094,36.599998474121094,36.599998474121094,2500,41.03340003967285,40.42824990272522,41.625000190734866,2.3831681556709468,36.85866387939297,46.39133650207676,31.900440675391565
2015-10-27 19:00:00,38.43000030517578,38.43000030517578,38.43000030517578,38.43000030517578,500,40.9642000579834,40.4728999042511,41.40550022125244,2.4679707669915274,36.469558687269384,46.34144175523549,38.38642971104935
2015-11-03 19:00:00,40.34000015258789,40.34000015258789,40.34000015258789,40.34000015258789,2500,40.89140007019043,40.52534990310669,41.322500228881836,2.474829019745267,36.3728421893913,46.27215826837237,41.02311223093993
2015-11-04 19:00:00,40.349998474121094,42.349998474121094,40.349998474121094,41.0,6000,40.81560005187988,40.580349903106686,41.273000144958495,2.4706725901724083,36.331654964613676,46.21434532530331,42.850332195105985
2015-11-05 19:00:00,41.0,41.0,41.0,41.0,13000,40.78440002441406,40.63639989852905,41.2230001449585,2.465298510789018,36.29240312338046,46.153597166536535,47.84459420364883
2015-11-09 19:00:00,38.0099983215332,38.0099983215332,38.0,38.0,2000,40.70440002441406,40.67389989852905,40.9480001449585,2.5043828927157175,35.93923435952706,45.956765930389935,35.35353671578828
2015-11-11 19:00:00,38.5,39.599998474121094,38.5,38.5099983215332,4000,40.62059997558594,40.71174988746643,40.72350006103515,2.5119910694351666,35.69951792216482,45.747482199905484,38.10247930173425
2015-11-12 19:00:00,36.599998474121094,38.0,36.599998474121094,37.0,2000,40.52059997558594,40.75184988975525,40.42600002288818,2.5856782211221008,35.25464358064398,45.597356465132385,28.294979862108264
2015-11-16 19:00:00,35.5,36.810001373291016,35.150001525878906,36.810001373291016,5000,40.39440002441406,40.79819989204407,40.067000007629396,2.5631459249002546,34.94070815782889,45.193291857429905,35.94684466222438
2015-11-17 19:00:00,37.83000183105469,37.83000183105469,37.83000183105469,37.83000183105469,500,40.32080009460449,40.85649990081787,39.75850009918213,2.4328546330563863,34.892790833069355,44.6242093652949,42.781109962781954
2015-11-18 19:00:00,38.0,38.75,38.0,38.630001068115234,2000,40.237400131225584,40.92464990615845,39.59950008392334,2.3953472897802826,34.80880550436277,44.3901946634839,45.67277604687909
2015-11-19 19:00:00,40.0,40.560001373291016,40.0,40.52000045776367,11000,40.22380012512207,41.00224990844727,39.435500144958496,2.196663646456664,35.04217285204517,43.82882743787182,58.01526995418237
2015-11-22 19:00:00,40.25,40.25,40.0,40.0,1500,40.185800094604495,41.07099990844726,39.27550010681152,2.0172478291114664,35.24100444858859,43.30999576503445,56.157636277963675
2015-11-24 19:00:00,38.0,38.0,38.0,38.0,2500,40.10580009460449,41.12319991111755,38.9105001449585,1.4506676971964187,36.00916475056566,41.811835539351335,48.590755185430005
2015-11-26 19:00:00,39.88999938964844,39.900001525878906,39.88999938964844,39.900001525878906,7500,40.06380012512207,41.17804991722107,38.85350017547607,1.3834293413311747,36.08664149281372,41.620358858138424,59.30102437750971
2015-11-29 19:00:00,39.9900016784668,39.9900016784668,39.9900016784668,39.9900016784668,1000,40.039600143432615,41.22614992141724,38.853000259399415,1.3829949751975021,36.08701030900441,41.61899020979442,54.875005453826304
2015-12-01 19:00:00,39.0,41.0,39.0,41.0,5500,40.039600143432615,41.271749925613406,38.90300025939941,1.4434028946283861,36.01619447014264,41.78980604865618,52.18543073126257
2015-12-02 19:00:00,40.900001525878906,40.900001525878906,40.900001525878906,40.900001525878906,500,40.05360015869141,41.30889992713928,39.04800033569336,1.4927355770275361,36.06252918163829,42.03347148974843,49.65612613378417
2015-12-03 19:00:00,40.0,41.0,39.099998474121094,39.45000076293945,8500,40.0526001739502,41.330449934005735,39.12050037384033,1.4742545856843856,36.17199120247156,42.0690095452091,45.15322134484947
2016-04-04 19:00:00,35.25,35.5,35.25,35.5,1000,39.9426001739502,41.3234999370575,38.97050037384033,1.6790991840529634,35.612302005734406,42.328698741946255,42.621013088423986
2016-04-07 19:00:00,35.900001525878906,36.0,35.900001525878906,36.0,1000,39.861600189208986,41.309849939346314,38.94050045013428,1.7283198509082203,35.48386074831784,42.39714015195072,42.58712686991745
2016-04-18 19:00:00,36.0,36.0,36.0,36.0,500,39.81140022277832,41.28654994010925,38.81900043487549,1.8474076867315887,35.12418506141231,42.51381580833867,46.757457461914875
2016-04-19 19:00:00,37.0,37.0,37.0,37.0,500,39.79140022277832,41.258099946975705,38.652000427246094,1.8536298734721006,34.94474068030189,42.3592601741903,50.585331583696416
2016-04-20 19:00:00,35.150001525878906,35.150001525878906,35.150001525878906,35.150001525878906,4000,39.76500022888184,41.209749956130985,38.35950050354004,1.9238489470863365,34.511802609367365,42.207198397712716,42.14536726640455
2016-04-24 19:00:00,36.88999938964844,36.900001525878906,36.86000061035156,36.88999938964844,9000,39.78280021667481,41.15889994621277,38.154000473022464,1.844840477128286,34.46431951876589,41.84368142727904,45.166660979940836
2016-04-25 19:00:00,37.439998626708984,38.70000076293945,37.04999923706055,38.70000076293945,3000,39.800800247192385,41.12739995002747,38.18900051116943,1.848401748488052,34.49219701419333,41.885804008145534,44.92187533261524
2016-04-26 19:00:00,37.0,38.0,37.0,38.0,6500,39.7670002746582,41.10364995002747,38.16350059509277,1.8472578274014941,34.46898494028978,41.85801624989576,44.47513765578613
2016-04-27 19:00:00,39.849998474121094,39.849998474121094,39.0,39.849998474121094,6000,39.79080024719238,41.099799947738646,38.306000518798825,1.8626422239316376,34.58071607093555,42.0312849666621,55.15319996837732
2016-04-28 19:00:00,39.5,40.4900016784668,39.5,40.4900016784668,2500,39.860600280761716,41.08899994850159,38.490000534057614,1.8886644200940306,34.71267169386955,42.267329374245676,51.76752606690966
2016-05-02 19:00:00,41.5,41.5,41.5,41.5,1000,39.913600311279296,41.093899946212765,38.67350044250488,1.9963791791490675,34.68074208420675,42.666258800803014,54.28733275495493
2016-05-05 19:00:00,39.5,39.5,39.5,39.5,1500,39.88780029296875,41.09839995384216,38.71700038909912,2.0048419169567766,34.707316555185564,42.726684223012676,45.9677416046915
2016-05-10 19:00:00,39.9900016784668,39.9900016784668,39.97999954223633,39.9900016784668,3500,39.8312003326416,41.105349969863894,38.69050045013428,1.9831409062603071,34.72421863761367,42.65678226265489,47.604002719905026
2016-05-12 19:00:00,39.5,39.5,39.5,39.5,500,39.7812003326416,41.108599977493284,38.665500450134275,1.9688643490963642,34.727771751941546,42.603229148327,50.1386556568694
2016-05-25 19:00:00,38.0,41.09000015258789,38.0,41.09000015258789,1000,39.76320030212403,41.129499979019165,38.82000045776367,2.03405237976117,34.75189569824133,42.88810521728601,67.83662873311413
2016-05-29 19:00:00,39.040000915527344,39.040000915527344,39.040000915527344,39.040000915527344,500,39.704000320434574,41.14934998512268,38.777000427246094,2.019054369988525,34.738891687269046,42.81510916722314,58.82694744490621
2016-06-02 19:00:00,38.0,40.0,38.0,40.0,1500,39.63400032043457,41.16524998664856,38.77750034332276,2.019371728137205,34.738756887048346,42.81624379959717,61.00109992534272
2016-06-19 19:00:00,37.060001373291016,40.0,37.060001373291016,40.0,1000,39.57400032043457,41.17774998664856,38.72750034332275,1.973300495139558,34.78089935304364,42.67410133360187,58.73108249915513
2016-06-28 19:00:00,38.0,41.0,38.0,39.5,2500,39.505000305175784,41.18824997901916,38.65750026702881,1.9161828304700752,34.82513460608866,42.48986592796896,63.739728272132716
2016-07-03 19:00:00,40.20000076293945,40.20000076293945,40.20000076293945,40.20000076293945,3000,39.42920028686523,41.21124999046326,38.69500026702881,1.9397029330319717,34.81559440096487,42.57440613309275,61.189994302458715
2016-07-10 19:00:00,40.25,42.0,40.2400016784668,42.0,15000,39.38920028686523,41.252149991989135,39.020000267028806,1.920649539642766,35.17870118774327,42.86129934631434,61.16373023642602
2016-07-11 19:00:00,40.5,40.5,40.5,40.5,6000,39.36300025939941,41.28964999198914,39.24500026702881,1.8085541771960194,35.62789191263677,42.862108621420845,58.02310560393164
2016-07-12 19:00:00,41.63999938964844,43.88999938964844,41.63999938964844,43.88999938964844,9500,39.36480026245117,41.34409998893738,39.63950023651123,1.920524621622378,35.79845099326648,43.480549479755986,61.799066201475696
2016-07-13 19:00:00,41.709999084472656,43.5,41.709999084472656,43.5,1500,39.370800247192385,41.40479998588562,39.96450023651123,1.9987348439009573,35.96703054870931,43.961969924313145,58.92115741585562
2016-07-21 19:00:00,41.33000183105469,41.33000183105469,41.33000183105469,41.33000183105469,3500,39.291400299072265,41.461449995040894,40.27350025177002,1.6651134800853,36.94327329159942,43.603727211940615,49.528568551151224
2016-07-24 19:00:00,39.27000045776367,39.27000045776367,39.27000045776367,39.27000045776367,2000,39.25600028991699,41.50130000114441,40.39250030517578,1.4859901648051599,37.42051997556546,43.3644806347861,49.36429093339885
2016-07-26 19:00:00,38.900001525878906,38.900001525878906,38.900001525878906,38.900001525878906,500,39.23400032043457,41.5393000125885,40.40250034332276,1.4746304892828561,37.453239364757046,43.35176132188847,46.967166639034694
2016-08-01 19:00:00,36.099998474121094,36.099998474121094,35.81999969482422,35.900001525878906,2500,39.15200035095215,41.562300024032595,40.297500419616696,1.7105886112277713,36.876323197161156,43.71867764207224,41.21093939174937
2016-08-03 19:00:00,37.099998474121094,37.099998474121094,37.0,37.0,1000,39.13200035095215,41.59080002784729,40.15500049591064,1.8618508194155132,36.43129885707962,43.878702134741665,39.76988151535316
2016-08-04 19:00:00,38.849998474121094,38.849998474121094,38.849998474121094,38.849998474121094,1000,39.14900032043457,41.6250500202179,40.07300033569336,1.8823222633709065,36.308355808951546,43.83764486243517,49.51995324440209
2016-08-07 19:00:00,40.75,40.790000915527344,40.5,40.790000915527344,5000,39.19480033874512,41.67700002670288,40.03750038146973,1.8605624760017154,36.3163754294663,43.758625333473155,51.90178392684302
2016-08-08 19:00:00,42.81999969482422,42.81999969482422,42.81999969482422,42.81999969482422,500,39.31920036315918,41.73385002136231,40.20350036621094,1.9557531553028449,36.29199405560525,44.11500667681663,56.18421109869661
2016-08-09 19:00:00,44.959999084472656,44.959999084472656,44.959999084472656,44.959999084472656,4000,39.44980033874512,41.80615001678467,40.45200023651123,2.2244821081656823,36.00303602017987,44.900964452842594,61.17021326409854
2016-08-10 19:00:00,47.20000076293945,47.20000076293945,45.5,47.20000076293945,41000,39.587000350952145,41.88215002059937,40.8370002746582,2.6723023624260644,35.492395549806076,46.18160499951033,63.47190367814404
2016-08-11 19:00:00,49.560001373291016,49.560001373291016,48.0,49.560001373291016,29000,39.75820037841797,41.961950035095214,41.26050033569336,3.309654868339249,34.64119059901486,47.87981007237185,64.24265674289498
2016-08-14 19:00:00,52.029998779296875,52.029998779296875,50.0,52.029998779296875,24500,39.97880035400391,42.0471000289917,41.910000228881835,4.044079287770396,33.82184165334104,49.99815880442263,70.95601796000321
2016-08-15 19:00:00,54.630001068115234,54.630001068115234,52.11000061035156,54.630001068115234,45000,40.31140037536621,42.140250034332276,42.641500282287595,4.910704967843289,32.82009034660102,52.46291021797417,70.09731048112445
2016-08-16 19:00:00,55.0,57.150001525878906,54.0,54.279998779296875,27500,40.62680038452149,42.240650024414066,43.35550022125244,5.50820750101032,32.339085219231805,54.37191522327308,70.20239628184264
2016-08-17 19:00:00,51.599998474121094,53.060001373291016,51.56999969482422,53.02000045776367,32500,40.94720039367676,42.343200035095215,44.031500244140624,5.830341733489389,32.37081677716185,55.6921837111194,72.68140942773474
2016-08-18 19:00:00,53.0,54.38999938964844,53.0,54.20000076293945,10000,41.29500038146973,42.45420003890991,44.731500244140626,6.17628241268015,32.37893541878033,57.08406506950092,79.99196599294626
2016-08-21 19:00:00,54.470001220703125,54.470001220703125,54.470001220703125,54.470001220703125,8000,41.627800369262694,42.563550052642825,45.35500030517578,6.50661641208803,32.34176748099972,58.368233129351836,81.40379007624779
2016-08-22 19:00:00,54.349998474121094,55.0,53.060001373291016,53.61000061035156,6000,41.92740036010742,42.6604500579834,46.01050033569336,6.650546007747024,32.70940832019931,59.31159235118741,89.0949180825396
2016-08-23 19:00:00,53.0099983215332,56.290000915527344,53.0099983215332,56.290000915527344,43500,42.242800369262696,42.76220006942749,46.630500411987306,7.010702674590051,32.60909506280721,60.651905761167406,89.8060219624513
2016-08-24 19:00:00,56.5,57.5,55.099998474121094,55.75,19500,42.557800369262694,42.85230007171631,47.2430004119873,7.253714847706399,32.73557071657451,61.7504301074001,86.86735874888613
2016-08-28 19:00:00,55.0,55.70000076293945,54.0,54.709999084472656,12500,42.892000350952145,42.92780006408692,47.912000274658205,7.296547501447093,33.31890527176402,62.50509527755239,81.60761913737272
2016-08-29 19:00:00,54.0,57.439998626708984,54.0,56.58000183105469,31000,43.22560035705566,43.003050079345705,48.77750034332276,7.2439476957116735,34.289604951899406,63.26539573474611,81.47300308700682
2016-08-30 19:00:00,59.400001525878906,59.400001525878906,59.400001525878906,59.400001525878906,7000,43.61380035400391,43.08205009460449,49.802500343322755,7.223065520046199,35.35636930323036,64.24863138341516,82.0319364844684
2016-08-31 19:00:00,62.369998931884766,62.369998931884766,62.369998931884766,62.369998931884766,2500,44.0412003326416,43.17600008010864,51.126000213623044,6.961965632527959,37.202068948567124,65.04993147867896,82.59560675478338
2016-09-01 19:00:00,65.4800033569336,65.4800033569336,65.44999694824219,65.4800033569336,17500,44.532800369262695,43.27965009689331,52.55000038146973,6.832000317945925,38.88599974557788,66.21400101736158,83.13904376275767
2016-09-04 19:00:00,68.75,68.75,68.75,68.75,12000,45.11880035400391,43.40090009689331,54.04500045776367,6.946781796973551,40.15143686381657,67.93856405171077,83.68250662115672
2016-09-05 19:00:00,72.18000030517578,72.18000030517578,72.18000030517578,72.18000030517578,9500,45.852400360107424,43.52820009231567,55.61450042724609,7.32987532340778,40.95474978043053,70.27425107406165,84.21051770561995
2016-09-06 19:00:00,75.77999877929688,75.77999877929688,73.75,75.77999877929688,56000,46.64800033569336,43.662100086212156,57.26250038146973,7.9784062868718895,41.305687807725946,73.21931295521351,87.19722986994918
2016-09-07 19:00:00,77.94999694824219,77.94999694824219,72.0,72.5,17500,47.37800033569336,43.7838000869751,58.63950042724609,8.118697214099376,42.402105999047336,74.87689485544485,81.50064406939836
2016-09-08 19:00:00,75.88999938964844,76.12000274658203,71.5,76.12000274658203,14500,48.160400390625,43.916900100708006,60.08550052642822,8.53857848288768,43.00834356065286,77.16265749220358,82.85371564157174
2016-09-14 19:00:00,79.91999816894531,79.91999816894531,74.0,75.29000091552734,33500,48.963200378417966,44.05785011291504,61.372000503540036,8.8034926785891,43.76501514636183,78.97898586071824,80.68985279454643
2016-09-15 19:00:00,75.30000305175781,76.0,72.0,72.69000244140625,22000,49.679200439453126,44.196250133514404,62.40500068664551,8.861538917025904,44.6819228525937,80.12807852069731,76.75266386936492
2016-09-18 19:00:00,71.01000213623047,72.0,71.0,71.19999694824219,14500,50.32920036315918,44.331000118255616,63.233500480651855,8.870956957757418,45.49158656513702,80.97541439616668,71.62749086830101
2016-09-19 19:00:00,68.0,73.0,67.63999938964844,72.5999984741211,13500,51.0212003326416,44.4689001083374,64.14950046539306,8.843578229385283,46.462344006622494,81.83665692416363,73.84658075592098
2016-09-20 19:00:00,69.51000213623047,76.2300033569336,69.0,76.2300033569336,67000,51.74880043029785,44.61405012130737,65.31000061035157,8.829097259837145,47.651806090677276,82.96819513002586,78.37552301171047
2016-09-21 19:00:00,80.0,80.04000091552734,79.9800033569336,80.04000091552734,17500,52.53980041503906,44.76675012588501,66.60200061798096,9.006610852842618,48.58877891229572,84.6152223236662,79.42799076127599
2016-09-22 19:00:00,83.80000305175781,84.04000091552734,76.5,80.55999755859375,50000,53.32100036621094,44.917700119018555,67.90650043487548,9.046277558983949,49.813945316907585,85.99905555284337,78.16825493874242
2016-09-25 19:00:00,81.0,82.0,78.5,78.51000213623047,17000,54.10120040893555,45.051500129699704,69.15150051116943,8.681230367286176,51.78903977659708,86.51396124574178,72.02511161684535
2016-09-26 19:00:00,76.0,81.0,76.0,79.0,6500,54.88140037536621,45.18650012969971,70.28700046539306,8.390781346591652,53.50543777220976,87.06856315857637,69.87066134208733
2016-09-27 19:00:00,80.0,80.5,79.0,79.0,7500,55.67140037536621,45.32150012969971,71.44950046539307,7.864854781270917,55.71979090285124,87.1792100279349,66.66666666666666
2016-09-28 19:00:00,76.29000091552734,79.98999786376953,75.05999755859375,79.66000366210938,6000,56.44280044555664,45.47280014038086,72.6970006942749,7.001275048233667,58.694450597807574,86.69955079074224,63.36669488833355
2016-09-29 19:00:00,80.98999786376953,83.63999938964844,80.1500015258789,83.63999938964844,33000,57.33480041503906,45.65635013580322,74.0500005722046,6.302541627728315,61.44491731674796,86.65508382766123,63.857546617052286
2016-10-02 19:00:00,85.0,87.81999969482422,85.0,87.81999969482422,22000,58.291200408935545,45.87245014190674,75.47100048065185,6.023306389609824,63.4243877014322,87.5176132598715,76.17908164103414
2016-10-03 19:00:00,92.19999694824219,92.20999908447266,90.0,92.20999908447266,14000,59.335400390625,46.12165014266968,76.96300048828125,6.296869437818706,64.36926161264384,89.55673936391867,76.78987178145226
2016-10-04 19:00:00,96.0,96.81999969482422,96.0,96.7699966430664,8000,60.48080032348633,46.38310012817383,78.52750015258789,7.126176428036627,64.27514729651463,92.77985300866115,81.81279505716397
2016-10-05 19:00:00,99.38999938964844,99.38999938964844,91.94000244140625,91.94000244140625,44500,61.51560035705566,46.597650146484376,79.6870002746582,7.335107780712352,65.0167847132335,94.3572158360829,76.74354712885392
2016-10-06 19:00:00,87.5,91.01000213623047,87.5,90.0,12500,62.47560035705566,46.7902501487732,80.57800025939942,7.456532326108022,65.66493560718337,95.49106491161547,75.79584202039169
2016-10-09 19:00:00,90.0,91.0,90.0,90.0,48000,63.46560035705566,46.97000015258789,81.28900032043457,7.650388540007745,65.98822324041907,96.58977740045006,74.82877946403046
2016-10-12 19:00:00,88.0,89.5,88.0,88.75,1000,64.3628003692627,47.15695014953613,82.10150032043457,7.529791064531361,67.04191819137185,97.16108244949729,69.16718311889178
2016-10-13 19:00:00,90.0,93.18000030517578,84.5,92.83999633789062,19000,65.34960029602051,47.35155014038086,82.9375,7.755529064177292,67.42644187164541,98.44855812835459,69.42927044274836
2016-10-16 19:00:00,95.95999908447266,97.4800033569336,94.0,97.33000183105469,13000,66.4696002960205,47.579600143432614,84.03950004577636,8.16664646413355,67.70620711750927,100.37279297404346,72.71743367840284
2016-10-17 19:00:00,97.0,101.9000015258789,97.0,100.41000366210938,13000,67.69240036010743,47.832700157165526,85.42550010681153,8.485127993730327,68.45524411935088,102.39575609427217,78.86136599964085
2016-10-18 19:00:00,102.0,105.43000030517578,101.51000213623047,105.43000030517578,37500,69.02300033569335,48.12175016403198,87.1370002746582,8.9064759878205,69.3240482990172,104.9499522502992,81.1160869948714
2016-10-19 19:00:00,110.0,110.69999694824219,107.0,110.69999694824219,31000,70.51900024414063,48.44525014877319,89.04200019836426,9.67495647376296,69.69208725083834,108.39191314589019,83.2006738926988
2016-10-20 19:00:00,116.0,116.2300033569336,110.0,111.31999969482422,84500,72.00540023803711,48.771850147247314,90.79650001525879,10.384927030037154,70.02664595518448,111.5663540753331,83.18658608190196
2016-10-23 19:00:00,113.0,114.9000015258789,110.0,113.69000244140625,43000,73.50220031738282,49.11030015945435,92.47900009155273,11.24109361902883,69.99681285349507,114.9611873296104,82.59926821371178
2016-10-24 19:00:00,110.0,115.0,110.0,114.05999755859375,22500,74.96760025024415,49.462100143432615,94.15400009155273,11.850929032148516,70.4521420272557,117.85585815584976,81.03122440439553
2016-10-25 19:00:00,115.25,116.55000305175781,113.0,113.94000244140625,34000,76.39000030517577,49.82180015563965,95.92550010681153,12.035982960003581,71.85353418680437,119.99746602681869,78.58459728886432
2016-10-26 19:00:00,110.0,111.0,108.25,108.25,42000,77.65580032348633,50.16350015640259,97.38800010681152,11.641747583606982,74.10450493959755,120.67149527402549,64.66531141249673
2016-10-27 19:00:00,105.5,113.66000366210938,105.5,113.66000366210938,29000,78.98500038146973,50.52430017471313,99.12100028991699,11.336176855514653,76.44864657888769,121.7933540009463,77.34139042445709
2016-10-30 19:00:00,115.98999786376953,119.33999633789062,115.98999786376953,119.33999633789062,9500,80.38060028076171,50.903150157928465,101.10499992370606,11.222678001058833,78.6596439215884,123.55035592582372,83.75517959801896
2016-10-31 19:00:00,125.30000305175781,125.30000305175781,123.0,124.43000030517578,44500,81.8286003112793,51.29660015106201,103.14449996948242,11.582336186488648,79.97982759650513,126.30917234245972,85.45829407979357
2016-11-01 19:00:00,125.0,127.9000015258789,120.0,121.98999786376953,69000,83.17580024719238,51.680050144195555,104.85299987792969,11.722207360553188,81.4085851568233,128.29741459903607,83.41375079549556
2016-11-02 19:00:00,120.0,120.0,115.9000015258789,118.47000122070312,48000,84.45960029602051,52.04245014190674,106.1659999847412,11.702205445687168,82.76158909336687,129.57041087611555,76.06264575681827
2016-11-03 19:00:00,114.1500015258789,116.0,112.5999984741211,113.20999908447266,43500,85.66340026855468,52.37885013580322,106.98800010681153,11.584267902895222,83.81946430102109,130.15653591260198,65.8990777964583
2016-11-06 19:00:00,113.0,113.0,110.05000305175781,110.05000305175781,2500,86.78040031433106,52.708550148010254,107.8935001373291,11.041178942263063,85.81114225280297,129.97585802185523,59.63614704814665
2016-11-07 19:00:00,113.80000305175781,115.55000305175781,112.1500015258789,112.1500015258789,6000,87.93400032043456,53.04930015563965,109.00100021362304,10.233213069507137,88.53457407460877,129.46742635263732,57.1337606443033
2016-11-09 19:00:00,113.5,115.5,113.5,115.5,5000,89.17180030822755,53.39930015563965,110.27600021362305,9.285928329574608,91.70414355447383,128.84785687277227,55.312089231845825
2016-11-10 19:00:00,115.0,115.0,115.0,115.0,2000,90.34600028991699,53.75430015563965,111.58850021362305,7.823161286182007,95.94217764125904,127.23482278598706,54.08344554776644
2016-11-13 19:00:00,110.5,110.5,109.25,109.25,19500,91.416000289917,54.07805015563965,112.40900039672852,6.502359783566682,99.40428082959515,125.41371996386188,45.41700700222361
2016-11-14 19:00:00,107.0,107.0,106.98999786376953,106.98999786376953,1000,92.46160026550292,54.39375015258789,112.89200019836426,5.622588778569333,101.6468226412256,124.13717775550292,42.97635554407533
2016-11-15 19:00:00,103.8499984741211,103.8499984741211,103.8499984741211,103.8499984741211,500,93.40700019836426,54.69750015258789,113.06399993896484,5.261691074569018,102.5406177898268,123.58738208810288,40.543576142575155
2016-11-16 19:00:00,100.5,102.0,99.0,100.25,9500,94.22400016784668,54.97250015258789,112.80499992370605,5.761037416577002,101.28292509055204,124.32707475686006,42.19664372093023
2016-11-17 19:00:00,97.0,99.0,96.0,99.0,4000,94.95660018920898,55.22995016098022,112.22000007629394,6.528899234723028,99.16220160684789,125.27779854574,34.437360390962
2016-11-20 19:00:00,100.0,100.0,98.0,98.0,1500,95.60700012207032,55.49025016784668,111.55400009155274,7.263576257840497,97.02684757587174,126.08115260723373,24.84677362207769
2016-11-21 19:00:00,99.5,102.9000015258789,99.5,102.9000015258789,9500,96.2900001525879,55.76360017776489,111.01450004577637,7.493643763266338,96.0272125192437,126.00178757230904,24.508642010995146
2016-11-22 19:00:00,105.0,108.04000091552734,105.0,108.0,8500,97.00640014648438,56.06360017776489,110.71150016784668,7.4865325297776835,95.73843510829131,125.68456522740205,34.41746443340135
2016-11-23 19:00:00,112.0,112.0,106.55000305175781,106.55000305175781,4000,97.62180023193359,56.36735019683838,110.34200019836426,7.501155854220614,95.33968848992303,125.34431190680549,36.08126999331136
2016-11-28 19:00:00,101.26000213623047,101.30000305175781,101.25,101.30000305175781,3000,98.19780029296875,56.6525502204895,109.99450035095215,7.759698747974791,94.47510285500258,125.51389784690173,36.08970002981542
2016-11-30 19:00:00,100.0,100.0,100.0,100.0,1000,98.67540023803711,56.921450214385985,109.31150016784667,8.016988233106996,93.27752370163267,125.34547663406067,37.72893308824872
2016-12-05 19:00:00,96.25,96.25,96.25,96.25,500,99.09460021972656,57.17325021743775,108.15700035095215,8.158123368196707,91.84075361455874,124.47324708734556,31.338025709627743
2016-12-12 19:00:00,98.9000015258789,98.9000015258789,91.98999786376953,91.98999786376953,2500,99.48060012817383,57.41210020065308,106.53500022888184,7.975252231332511,90.58449576621682,122.48550469154686,22.983221119341366
2016-12-13 19:00:00,90.0,96.58000183105469,90.0,96.58000183105469,58500,99.98820022583008,57.67755020141602,105.26450042724609,7.385797042836004,90.49290634157408,120.0360945129181,30.6512649085723
2016-12-14 19:00:00,101.4000015258789,101.4000015258789,101.4000015258789,101.4000015258789,11500,100.56420028686523,57.97430021286011,104.41100044250489,6.737287511637808,90.93642541922927,117.8855754657805,41.5898891163194
2016-12-15 19:00:00,101.69999694824219,104.0,98.11000061035156,100.69999694824219,4500,101.05360015869141,58.270300197601316,103.78550033569336,6.452066088657177,90.881368158379,116.68963251300771,43.02815366149139
2016-12-18 19:00:00,102.5,105.7300033569336,101.20999908447266,103.0,10000,101.51280014038086,58.57280019760132,103.43300018310546,6.282146250672381,90.8687076817607,115.99729268445023,49.03998391054705
2016-12-19 19:00:00,108.0,108.1500015258789,105.2300033569336,108.1500015258789,11000,102.06460021972656,58.90825019836426,103.23300018310547,6.049383866145797,91.13423245081388,115.33176791539707,58.62068850684206
2016-12-20 19:00:00,107.0,107.0,107.0,107.0,1000,102.63440017700195,59.24325019836426,102.80800018310546,5.406644845161462,91.99471049278254,113.62128987342838,58.748903233213426
2016-12-21 19:00:00,108.98999786376953,109.69999694824219,108.0,109.3499984741211,7000,103.24140014648438,59.593750190734866,102.52550010681152,4.85560510292179,92.81428990096794,112.2367103126551,62.056506127421386
2016-12-22 19:00:00,109.98999786376953,110.0,108.5,108.5,3500,103.83140014648437,59.930500183105465,102.48800010681153,4.803555385857983,92.88088933509556,112.09511087852749,56.50859707674739
2016-12-25 19:00:00,108.0,108.0,106.01000213623047,106.01000213623047,3000,104.3584001159668,60.2512001991272,102.43900032043457,4.7600156869786625,92.91896894647725,111.9590316943919,47.53774151482615
2016-12-26 19:00:00,108.0,111.30000305175781,101.69999694824219,111.1500015258789,74000,104.9086001586914,60.60070020675659,102.80400047302246,5.138724813399661,92.52655084622313,113.08145009982178,55.215416147011645
2016-12-27 19:00:00,110.0,116.69999694824219,110.0,116.5999984741211,11000,105.48420013427734,60.97375019073486,103.62150039672852,5.947860656413268,91.72577908390198,115.51722170955506,67.26861369457043
2016-12-28 19:00:00,116.4000015258789,120.5999984741211,116.0,120.5999984741211,8000,106.05200012207031,61.37400018692016,104.70150032043458,6.942421144926877,90.81665803058083,118.58634261028833,71.91488843635585
2016-12-29 19:00:00,120.0,122.0,120.0,120.0,5500,106.51660018920899,61.76700017929077,105.80150032043457,7.5417469762366105,90.71800636796135,120.88499427290779,77.0809540412993
2017-01-01 19:00:00,120.0,126.0,120.0,126.0,10500,107.19780014038086,62.19200017929077,106.95650024414063,8.746611973225566,89.4632762976895,124.44972419059175,87.2998455545602
2017-01-02 19:00:00,126.0,132.3000030517578,126.0,132.3000030517578,41500,108.04380020141602,62.65350019454956,108.17150039672852,10.425780128823211,87.31994013908209,129.02306065437494,87.75898405505035
2017-01-03 19:00:00,136.0,136.0,134.0,134.0,1000,108.92380020141601,63.12775018692017,109.54400024414062,11.903223703311053,85.7375528375185,133.35044765076273,86.89452042658988
2017-01-04 19:00:00,133.0,135.0,133.0,135.0,1500,109.84880020141601,63.59830018997192,111.22900009155273,13.008717522931297,85.21156504569014,137.24643513741532,88.55666181024554
2017-01-05 19:00:00,140.0,140.0,140.0,140.0,1500,110.7920002746582,64.09385019302368,113.22900009155273,14.210796290353844,84.80740751084505,141.65059267226042,89.21153639664837
2017-01-08 19:00:00,140.10000610351562,147.0,140.0,147.0,88500,111.78540023803711,64.63460020065308,115.76650009155273,15.492619225092067,84.78126164136859,146.75173854173687,89.61860645185786
2017-01-09 19:00:00,147.0,154.35000610351562,147.0,153.7899932861328,78500,112.85300003051758,65.2126001739502,118.8564998626709,16.62259996675491,85.61129992916108,152.10169979618072,92.79312960736307
2017-01-10 19:00:00,159.5,159.5,148.0,150.1999969482422,64500,113.7483999633789,65.77265016555786,121.53749961853028,17.15612981541291,87.22523998770446,155.8497592493561,86.53193750799136
2017-01-11 19:00:00,150.00999450683594,154.0,149.0,153.0,80500,114.59440002441406,66.34670017242432,124.11749954223633,17.834864028399803,88.44777148543673,159.78722759903593,88.45490085212948
2017-01-12 19:00:00,151.10000610351562,159.0,151.0,152.00999450683594,43500,115.4081999206543,66.9167501449585,126.68299942016601,17.97884894514724,90.72530152987153,162.6406973104605,90.8090827709542
2017-01-15 19:00:00,150.0,150.75,148.0,148.0,13000,116.09439987182617,67.4587501525879,128.93299942016603,17.672192296375023,93.58861482741598,164.27738401291606,83.36049829364265
2017-01-16 19:00:00,147.0,147.0,142.0,145.0,7500,116.71319992065429,67.9937501525879,130.77549934387207,17.30856286019693,96.15837362347821,165.39262506426593,76.90413630917354
2017-01-17 19:00:00,145.0,145.0,143.5,143.5,3000,117.30439987182618,68.5117501449585,132.60049934387206,16.578627118132868,99.44324510760632,165.7577535801378,72.7724796704975
2017-01-18 19:00:00,145.5,145.5,143.5,144.25,7500,118.02439987182618,69.02355014801026,134.34549942016602,15.822022019353504,102.70145538145901,165.98954345887302,74.04323172908762
2017-01-19 19:00:00,145.75,146.0,142.0,142.5,4500,118.60119979858399,69.51615015029907,136.045499420166,14.684573492123496,106.67635243591901,165.414646404413,67.86487940334095
2017-01-22 19:00:00,140.10000610351562,140.10000610351562,136.0,137.0,7500,118.95439987182617,69.97720014572144,137.5949993133545,12.871548081248047,111.85190315085839,163.3380954758506,55.17849054966959
2017-01-23 19:00:00,139.0,140.0,138.5,140.0,5000,119.26579986572266,70.46440013885498,139.03749923706056,11.268699663168213,116.50009991072413,161.57489856339697,56.42673622688137
2017-01-24 19:00:00,137.5,138.25,137.5,138.0500030517578,1500,119.58699996948242,70.94465015411377,140.1099994659424,9.96630328785613,120.17739289023014,160.04260604165466,53.2017674954725
2017-01-25 19:00:00,140.0,140.0,139.89999389648438,139.89999389648438,2500,120.01559982299804,71.43065011978149,141.07499923706055,8.84960985092527,123.37577953521001,158.7742189389111,49.887583017728744
2017-01-26 19:00:00,134.0,146.88999938964844,134.0,146.88999938964844,16000,120.68919982910157,71.95510011672974,142.41949920654298,7.403773313698353,127.61195257914628,157.22704583393968,49.876320390065146
2017-01-29 19:00:00,150.0,154.22999572753906,145.0,149.77999877929688,51500,121.48379974365234,72.4884001159668,143.6084991455078,6.479944399540871,130.64861034642607,156.56838794458955,45.057930378235255
2017-01-30 19:00:00,153.89999389648438,153.89999389648438,148.0,152.0,7000,122.28079971313477,73.04085012435912,144.59349899291993,6.159864223137189,132.27377054664555,156.91322743919432,52.295922438634946
2017-01-31 19:00:00,153.0,153.0,150.0,150.0,4500,122.97079971313477,73.57685012817383,145.39349899291992,5.7360478321832336,133.92140332855345,156.86559465728638,46.09374937911818
2017-02-01 19:00:00,149.0,150.10000610351562,149.0,150.0,7500,123.67079971313477,74.12085012435914,146.14349899291992,5.267015934049955,135.60946712482001,156.67753086101982,47.3135590351352
2017-02-02 19:00:00,150.0,150.0,143.0,145.0,4000,124.38579971313476,74.63635011672973,146.39349899291992,5.075237563597065,136.24302386572577,156.54397412011406,46.09374937911818
2017-02-05 19:00:00,140.0,142.0,140.0,140.3000030517578,5000,125.05199981689454,75.12785013198852,146.05849914550782,5.2511705039525,135.55615813760284,156.5608401534128,44.13965334002031
2017-02-06 19:00:00,138.0,138.0,138.0,138.0,1000,125.73499984741211,75.60785013198853,145.26899948120118,5.214444785516787,134.8401099101676,155.69788905223476,43.276282615200145
2017-02-07 19:00:00,136.0,144.0,136.0,140.5,8000,126.5399998474121,76.10435012817383,144.78399963378905,5.182675477491273,134.4186486788065,155.1493505887716,45.60375083628193
2017-02-08 19:00:00,141.0,144.99000549316406,139.0,141.0,18500,127.37999984741211,76.60435012817383,144.18399963378906,4.866417509754924,134.4511646142792,153.9168346532989,48.18840553002185
2017-02-09 19:00:00,148.0,148.0,134.11000061035156,143.97000122070312,6000,128.29939987182618,77.12320013046265,143.78199996948243,4.504535101729388,134.77292976602365,152.7910701729412,58.96578607701077
2017-02-12 19:00:00,144.94000244140625,144.94000244140625,138.10000610351562,138.10000610351562,7000,129.0033999633789,77.61620016098023,143.2870002746582,4.560233888562302,134.16653249753358,152.4074680517828,47.72401252873362
2017-02-13 19:00:00,143.0,143.0,133.0,133.0,4500,129.5033999633789,78.07620016098022,142.6870002746582,5.082513550561827,132.52197317353455,152.85202737578186,44.37513575359689
2017-02-16 19:00:00,139.64999389648438,139.64999389648438,135.0,138.5,6500,130.14239990234375,78.56845016479492,142.4370002746582,5.162755988748593,132.11148829716103,152.76251225215537,48.55789694063534
2017-02-21 19:00:00,131.60000610351562,131.60000610351562,131.60000610351562,131.60000610351562,500,130.74839996337892,79.03390020370483,141.80450057983398,5.678117256395104,130.4482660670438,153.16073509262418,34.22085216799219
2017-02-22 19:00:00,134.0,134.0,134.0,134.0,500,131.4283999633789,79.51390020370484,141.37950057983397,5.935589829367131,129.5083209210997,153.25068023856824,33.54878900043461
2017-02-23 19:00:00,128.00999450683594,128.0500030517578,127.30000305175781,127.30000305175781,2500,132.04940002441407,79.9680502128601,140.89450073242188,6.663889468430764,127.56672179556034,154.2222796692834,26.449272515812368
2017-02-26 19:00:00,120.94999694824219,133.66000366210938,120.94000244140625,133.60000610351562,20500,132.881600189209,80.45605024337769,140.57450103759766,6.859885522824455,126.85472999194874,154.29427208324657,35.548117096300885
2017-02-27 19:00:00,130.0,140.27999877929688,130.0,140.00999450683594,3500,133.7502000427246,80.96710021972656,140.67250061035156,6.835880790884301,127.00073902858296,154.34426219212017,42.090254257662686
2017-02-28 19:00:00,146.0,147.0,140.0,142.0,7500,134.56220001220703,81.47865022659302,140.77750091552736,6.839517697220459,127.09846552108644,154.45653630996827,47.505819095768075
2017-03-01 19:00:00,147.97999572753906,147.97999572753906,147.97999572753906,147.97999572753906,500,135.50779998779296,82.02525020599366,140.83200073242188,6.894906333478272,127.04218806546533,154.62181339937842,56.25203094489246
2017-03-02 19:00:00,145.0,145.0500030517578,144.0,144.52000427246094,3000,136.33820007324218,82.56285022735595,140.5690010070801,6.630893634921484,127.30721373723712,153.83078827692304,55.20933785651709
2017-03-07 19:00:00,137.5,138.0,137.5,138.0,4000,136.9352000427246,83.05860023498535,139.86900100708007,6.07643544121338,127.71613012465332,152.02187188950683,48.123122435102005
2017-03-08 19:00:00,132.00999450683594,132.00999450683594,132.00999450683594,132.00999450683594,500,137.43539993286132,83.5147002029419,138.96950073242186,5.824101979332272,127.32129677375733,150.6177046910864,43.764733074836236
2017-03-12 19:00:00,128.0,128.0,128.0,128.0,1500,137.80839996337892,83.94060020446777,137.86950073242187,5.707525713680437,126.45444930506099,149.28455215978275,39.08108381048798
2017-03-15 19:00:00,121.5999984741211,121.5999984741211,121.5999984741211,121.5999984741211,500,138.07039993286133,84.33860019683839,136.69950065612792,6.510783872410253,123.67793291130742,149.72106840094844,38.79988329074122
2017-03-16 19:00:00,127.68000030517578,127.68000030517578,127.68000030517578,127.68000030517578,1000,138.50379989624022,84.76705018997193,136.06850051879883,6.75059596451039,122.56730858977805,149.56969244781962,46.436226306475454
2017-03-19 19:00:00,134.0500030517578,134.0500030517578,134.0500030517578,134.0500030517578,500,138.9617999267578,85.22730020523072,135.87100067138672,6.748894215972017,122.3732122394427,149.36878910333076,47.05337162547473
2017-03-28 19:00:00,139.0,139.0,139.0,139.0,17500,139.4097999572754,85.70480020523071,135.7960006713867,6.702923131555879,122.39015440827495,149.20184693449846,55.02990462009941
2017-03-29 19:00:00,139.0,139.0,132.10000610351562,135.0,21000,139.69779998779296,86.16480020523072,135.49600067138672,6.591088080846391,122.31382450969394,148.6781768330795,50.6652475747028
2017-03-30 19:00:00,130.0,130.0,130.0,130.0,500,139.89779998779298,86.60005020141601,134.79750061035156,6.382730363891796,122.03203988256797,147.56296133813515,51.837732958281975
2017-04-03 19:00:00,130.0,130.0,130.0,130.0,1000,139.97779998779296,87.03010019302369,134.3925003051758,6.4190286840844335,121.55444293700693,147.23055767334466,47.31982822726512
2017-04-05 19:00:00,131.0,131.0,131.0,131.0,500,139.95179992675781,87.46510019302369,134.2925003051758,6.457328178595472,121.37784394798484,147.20715666236674,42.70445788920167
2017-04-09 19:00:00,124.5,124.5,124.44999694824219,124.44999694824219,1000,139.76079986572265,87.87830017089844,133.5900001525879,6.733835796995897,120.1223285585961,147.05767174657967,36.766699066569835
2017-04-10 19:00:00,118.2300033569336,118.30000305175781,118.2300033569336,118.2300033569336,3500,139.42539993286132,88.2504501914978,132.9215000152588,7.555332459340615,117.81083509657756,148.03216493394004,27.648388867801202
2017-04-11 19:00:00,113.0999984741211,122.9000015258789,113.0999984741211,122.9000015258789,1000,139.0833999633789,88.6489501953125,132.36650009155272,7.872954017599333,116.62059205635406,148.11240812675138,34.04663365925275
2017-04-12 19:00:00,123.25,123.25,120.0,120.0,2500,138.5433999633789,89.02245019912719,132.00149993896486,8.278955961172933,115.44358801661899,148.5594118613107,35.968194440842936
2017-04-13 19:00:00,122.9000015258789,122.9000015258789,122.9000015258789,122.9000015258789,500,137.92560012817384,89.43175020217896,131.466499710083,8.512649012038386,114.44120168600624,148.49179773415977,42.53890772805862
2017-04-19 19:00:00,126.73999786376953,126.75,126.73999786376953,126.75,1000,137.45660018920898,89.86550020217895,130.80349998474122,8.326562961542221,114.15037406165678,147.45662590782567,48.973558866373956
2017-04-24 19:00:00,122.0999984741211,128.0,122.0999984741211,128.0,2500,136.95660018920898,90.30550020217896,130.1034999847412,7.914009443188853,114.2754810983635,145.9315188711189,55.74094166770577
2017-04-26 19:00:00,123.0,123.0,122.0,122.0,2000,136.35640029907228,90.72550020217895,128.80450019836425,6.891447662944849,115.02160487247455,142.58739552425396,44.8975918882232
2017-05-03 19:00:00,120.0,120.0,120.0,120.0,1000,135.79640029907227,91.13550020217896,127.57849998474121,6.082025250882299,115.41444948297662,139.74255048650582,36.30336820929504
2017-05-07 19:00:00,125.5,126.0,125.5,125.5,2500,135.40640029907226,91.57050020217895,126.95349998474121,5.575933207301951,115.80163357013731,138.10536639934512,36.97916574684183
2017-05-08 19:00:00,125.5,125.5,125.5,125.5,1000,135.04640029907227,92.01500020980835,126.62800025939941,5.4538982458386585,115.7202037677221,137.53579675107673,40.07106947406293
2017-05-21 19:00:00,125.0,125.0,125.0,125.0,500,134.66140029907226,92.44785020828247,126.47800025939941,5.455432430154633,115.56713539909015,137.38886511970867,44.231656180795895
2017-05-22 19:00:00,125.0,125.0,125.0,125.0,2500,134.31140029907226,92.87115020751953,126.64800033569335,5.347329386714956,115.95334156226345,137.34265910912328,44.231656180795895
2017-05-23 19:00:00,128.3000030517578,130.0,120.0999984741211,121.7300033569336,6000,134.00600036621094,93.2748002243042,126.35050048828126,5.451394061166741,115.44771236594778,137.25328861061473,39.83775699446304
2017-05-31 19:00:00,120.0,120.0,120.0,120.0,17500,133.60600036621094,93.6698002243042,125.64800033569335,5.310429829125817,115.02714067744172,136.268859993945,44.545234517414066
2017-06-04 19:00:00,120.0,124.0,120.0,124.0,7000,133.3250003051758,94.0998002243042,124.89800033569335,4.285855834830843,116.32628866603167,133.46971200535503,57.479902370650905
2017-06-13 19:00:00,120.0,120.0,120.0,120.0,1000,132.9270004272461,94.50725023269653,124.14800033569335,3.697030490976013,116.75393935374133,131.5420613176454,46.17414062120984
2017-06-14 19:00:00,119.0,119.0,119.0,119.0,2000,132.36920043945312,94.91725023269653,123.59800033569336,3.5975039735772323,116.40299238853889,130.7930082828478,48.611111111111114
2017-06-28 19:00:00,119.94999694824219,119.94999694824219,119.94999694824219,119.94999694824219,4000,131.77260040283204,95.33295021057128,123.09550018310547,3.349555060037491,116.3963900630305,129.79461030318046,45.66812779114322
2017-07-02 19:00:00,113.95999908447266,119.44999694824219,113.95999908447266,119.44999694824219,2500,131.12160034179686,95.74105018615722,122.51800003051758,2.8774011561930957,116.7631977181314,128.2728023429038,38.11074303351716
2017-07-03 19:00:00,120.0,120.0,120.0,120.0,500,130.52160034179687,96.14790018081665,122.29550018310547,2.892157265153172,116.51118565279913,128.07981471341182,36.666666666666664
2017-07-10 19:00:00,119.94999694824219,119.94999694824219,119.94999694824219,119.94999694824219,3000,129.92060028076173,96.54505016326904,122.38149986267089,2.7886244615601443,116.8042509395506,127.95874878579119,45.73803993424446
2017-07-11 19:00:00,119.44999694824219,119.44999694824219,119.44999694824219,119.44999694824219,3000,129.40960021972657,96.94230014801025,122.20899963378906,2.8606388700123917,116.48772189376427,127.93027737381385,48.78048120327208
2017-07-18 19:00:00,113.4000015258789,113.4000015258789,113.4000015258789,113.4000015258789,300,128.87160018920898,97.31930015563965,121.87899971008301,3.4490472325744115,114.98090524493418,128.77709417523184,23.809525382270678
2017-07-20 19:00:00,107.7300033569336,110.5,107.7300033569336,107.7300033569336,1100,128.26620025634764,97.65845016479493,121.12049980163575,4.666046564555161,111.78840667252543,130.45259293074608,19.11713813607797
2017-07-23 19:00:00,102.3499984741211,106.5,102.3499984741211,103.08000183105469,14400,127.51780029296874,97.97390016555786,119.93699989318847,5.9798903096197895,107.97721927394889,131.89678051242805,16.707169823564442
2017-07-24 19:00:00,102.0,108.2300033569336,102.0,108.2300033569336,13000,126.86240036010742,98.31005018234254,118.94850006103516,6.2066256320870075,106.53524879686114,131.36175132520918,27.974787526270504
2017-07-25 19:00:00,113.63999938964844,113.63999938964844,113.63999938964844,113.63999938964844,2200,126.25580032348633,98.67375017166138,118.53050003051757,6.271472084350932,105.98755586181571,131.07344419921944,39.94030819263415
2017-07-26 19:00:00,119.30000305175781,119.31999969482422,119.30000305175781,119.31999969482422,1100,125.8802001953125,99.0731001663208,118.49650001525879,6.2649259227356895,105.9666481697874,131.02635186073016,49.23007204906447
2017-07-27 19:00:00,122.0,122.0,114.0,121.73999786376953,1400,125.65500015258789,99.50430015563965,118.30849990844726,6.097890165690822,106.11271957706562,130.50428023982892,47.34616904181923
2017-07-31 19:00:00,116.0,116.0,116.0,116.0,400,125.20500015258789,99.90430015563965,117.83349990844727,5.874118179035573,106.08526355037611,129.58173626651842,45.48736381304538
2017-08-01 19:00:00,117.05000305175781,120.0,117.0,117.27999877929688,1100,124.91860000610352,100.31070014953613,117.4474998474121,5.62685170569425,106.1937964360236,128.7012032588006,48.07174711460003
2017-08-02 19:00:00,120.0,123.13999938964844,120.0,123.04000091552734,500,124.69940002441406,100.74090015411377,117.34949989318848,5.504120332513993,106.3412592281605,128.35774055821648,53.12690165491941
2017-08-06 19:00:00,131.24000549316406,131.25,131.24000549316406,131.25,1100,124.7783999633789,101.22140014648437,117.8254997253418,6.262314385863507,105.30087095361479,130.35012849706882,60.32913520698742
2017-08-07 19:00:00,137.80999755859375,137.80999755859375,137.80999755859375,137.80999755859375,1000,124.86259979248047,101.7260001373291,118.71599960327148,7.691098578128698,103.3338024470141,134.0981967595289,64.10581378570063
2017-08-08 19:00:00,144.69000244140625,144.6999969482422,144.69000244140625,144.6999969482422,800,124.9563998413086,102.25600011825561,119.7509994506836,9.596408082356769,100.55818328597006,138.94381561539714,67.68615475603488
2017-08-09 19:00:00,148.0,151.92999267578125,145.50999450683594,151.39999389648438,5700,125.14439971923828,102.82300008773804,121.32099914550781,11.925269015836045,97.47046111383573,145.1715371771799,70.97282664873887
2017-08-10 19:00:00,150.0,150.0,150.0,150.0,500,125.1847998046875,103.37375009536743,122.87099914550781,13.516221898693349,95.8385553481211,149.90344294289451,75.58725391542613
2017-08-14 19:00:00,157.5,157.5,142.5,142.5,3000,125.14439971923828,103.8838000869751,123.99849929809571,14.183788230354182,95.63092283738735,152.36607575880407,73.70143462813948
2017-08-17 19:00:00,142.5,142.5,142.5,142.5,1500,125.23439971923828,104.3888000869751,125.1509994506836,14.721035156087964,95.70892913850767,154.59306976285953,78.68996264594136
2017-08-20 19:00:00,135.3800048828125,135.3800048828125,135.3800048828125,142.5,4000,125.44419982910156,104.9038000869751,126.2759994506836,15.159869409915276,95.95626063085305,156.59573827051415,76.96302701814956
2017-08-21 19:00:00,135.3800048828125,135.3800048828125,135.3800048828125,135.3800048828125,400,125.59179992675782,105.38075010299683,127.04749984741211,15.21351808856761,96.62046367027689,157.47453602454732,66.65646062384758
2017-08-22 19:00:00,135.0,135.0,128.6199951171875,128.6999969482422,1300,125.73379989624023,105.82675008773803,127.5099998474121,15.110648199823332,97.28870344776544,157.73129624705876,57.078176208190165
2017-08-23 19:00:00,122.3499984741211,122.3499984741211,122.30000305175781,122.31999969482422,300,125.6265998840332,106.23290008544922,127.95599975585938,14.800725127935188,98.354549499989,157.55745001172977,50.41298913913859
2017-08-27 19:00:00,116.55000305175781,116.55000305175781,116.55000305175781,122.31999969482422,100,125.39199981689453,106.6493000793457,128.6854995727539,14.09404127290155,100.49741702695081,156.873582118557,54.90074508481965
2017-08-28 19:00:00,116.30000305175781,116.30000305175781,116.30000305175781,122.31999969482422,100,125.05839981079102,107.06090007781982,129.6474994659424,12.85663291200849,103.9342336419254,155.36076528995937,53.98734317034474
2017-09-10 19:00:00,122.31999969482422,122.31999969482422,122.31999969482422,122.31999969482422,800,124.8047998046875,107.47250007629394,130.3519992828369,11.977223780608929,106.39755172161905,154.30644684405476,49.373257850481366
2017-09-11 19:00:00,122.31999969482422,122.31999969482422,122.31999969482422,122.31999969482422,400,124.65119979858399,107.88660007476807,130.7859992980957,11.487015225466555,107.81196884716259,153.7600297490288,40.930324533724246
2017-09-12 19:00:00,118.5,118.5,116.20999908447266,116.20999908447266,1700,124.37539978027344,108.26665006637573,130.63049926757813,11.669992755031815,107.2905137575145,153.97048477764176,27.85977614495289
2017-09-13 19:00:00,115.0,116.0,115.0,115.33000183105469,300,124.06199981689453,108.63330007553101,130.30999946594238,12.010074041763907,106.28985138241457,154.3301475494702,15.665182766590064
2017-09-14 19:00:00,109.5999984741211,109.5999984741211,109.56999969482422,115.33000183105469,200,123.87959991455078,109.00745008468628,130.27649955749513,12.052947861378415,106.1706038347383,154.38239528025196,0.0
2017-09-17 19:00:00,115.0,115.0,115.0,115.33000183105469,100,123.8215998840332,109.36465009689331,130.17899971008302,12.170923349128573,105.83715301182588,154.52084640834016,0.0
2017-09-19 19:00:00,119.94999694824219,119.94999694824219,119.94999694824219,119.94999694824219,1500,123.76259979248047,109.74690008163452,130.02449951171874,12.28539122981799,105.45371705208277,154.59528197135472,14.532859681989294
2017-09-21 19:00:00,121.0,121.0,121.0,121.0,2000,123.78259979248047,110.14525007247924,129.51199951171876,12.444344584704295,104.62331034231016,154.40068868112735,17.265526191314763
2017-09-24 19:00:00,119.94999694824219,119.94999694824219,114.94999694824219,119.0,3200,123.7045997619629,110.54390007019043,128.57149963378907,12.494898100835618,103.58170343211783,153.5612958354603,16.274393699573494
2017-09-25 19:00:00,113.05999755859375,113.05999755859375,113.05000305175781,113.05000305175781,1000,123.43059982299805,110.91465007781983,126.98899993896484,12.348086187311871,102.2928275643411,151.68517231358857,16.839912317473463
2017-09-26 19:00:00,117.94999694824219,117.94999694824219,116.0,116.91000366210938,2200,123.20879989624024,111.31970008850098,125.26450042724609,11.105335336847439,103.05382975355121,147.47517110094097,30.89141525928821
2017-09-28 19:00:00,117.0,117.0,117.0,117.0,900,123.10879989624023,111.71970008850097,123.6145004272461,9.58410969461833,104.44628103800943,142.78271981648277,39.16937728769321
2017-10-09 19:00:00,113.75,113.75,113.75,113.75,2000,122.98379989624023,112.09420009613036,122.1770004272461,8.719506757228515,104.73798691278907,139.61601394170313,34.591868395777254
2017-10-11 19:00:00,116.75,116.75,115.0,115.0,11000,122.77379989624023,112.46525009155273,120.8020004272461,7.417045401237193,105.96790962477172,135.63609122972048,37.4053643640992
2017-10-15 19:00:00,109.26000213623047,109.26000213623047,109.25,109.25,600,122.44879989624023,112.79740009307861,119.13950042724609,5.860690145313559,107.41812013661897,130.86088071787321,31.226654013104323
2017-10-16 19:00:00,103.91000366210938,112.48999786376953,103.80000305175781,111.26000213623047,1300,122.17399993896484,113.1289001083374,117.93350028991699,4.711966135222715,108.50956801947156,127.35743256036243,34.980988671942185
2017-10-17 19:00:00,107.0,107.0,105.69999694824219,105.72000122070312,500,121.78839996337891,113.42150011062623,116.78450050354004,4.750058012766555,107.28438447800693,126.28461652907316,35.53103438405728
2017-10-19 19:00:00,101.01000213623047,101.01000213623047,101.01000213623047,105.72000122070312,100,121.4681999206543,113.70230010986329,115.95450057983399,5.164154625801023,105.62619132823194,126.28280983143604,36.41503825698617
2017-10-22 19:00:00,105.72000122070312,105.72000122070312,105.72000122070312,105.72000122070312,1000,121.18259994506836,113.97075012207031,115.12450065612794,5.41512874739558,104.29424316133678,125.95475815091909,36.41503825698617
2017-10-25 19:00:00,91.19999694824219,91.19999694824219,91.19999694824219,91.19999694824219,500,120.5265998840332,114.15360010147094,113.56850051879883,7.360394405807956,98.84771170718292,128.28928933041473,25.816791763862824
2017-10-26 19:00:00,86.63999938964844,88.0,86.63999938964844,88.0,5200,119.8865998840332,114.32220010757446,111.85250053405761,9.025108462305369,93.80228360944687,129.90271745866835,17.041472928006343
2017-10-29 19:00:00,83.5999984741211,83.5999984741211,83.5999984741211,88.0,300,119.2665998840332,114.49710010528564,110.13650054931641,10.12573375239928,89.88503304451785,130.38796805411496,15.204553696491672
2017-10-31 19:00:00,87.0,87.0,87.0,87.0,200,118.60759994506836,114.66110010147095,108.67600059509277,11.247989919493019,86.18002075610673,131.17198043407882,15.532096873920395
2017-11-01 19:00:00,82.6500015258789,82.6500015258789,82.6500015258789,82.6500015258789,700,117.87160003662109,114.80200010299683,107.04200057983398,12.5310268438333,81.97994689216738,132.10405426750057,16.086566563063272
2017-11-02 19:00:00,78.5199966430664,85.88999938964844,78.5199966430664,79.1500015258789,8600,117.05460006713867,114.92970010757446,105.23300056457519,13.817092897906186,77.59881476876282,132.86718636038756,7.534859521153379
2017-11-05 19:00:00,76.51000213623047,76.51000213623047,75.19999694824219,75.25,2800,116.16060012817383,115.02450010299683,103.22900047302247,15.120637044118125,72.98772638478621,133.47027456125872,6.7536810600416
2017-11-07 19:00:00,72.0,78.41999816894531,72.0,75.25,300,115.27660018920898,115.12200010299682,100.99400062561035,15.807006916930083,69.37998679175018,132.60801445947052,7.2412301795907155
2017-11-13 19:00:00,75.25,75.25,75.25,75.25,1000,114.5136001586914,115.22470010757446,98.70650062561035,16.067666646845687,66.57116733191897,130.84183391930173,4.59219086139116
2017-11-16 19:00:00,75.0,75.0,75.0,75.0,500,113.85900009155273,115.3168000984192,96.50650062561036,16.154843453382657,64.19681371884505,128.81618753237566,5.252160731209699
2017-11-19 19:00:00,78.0,78.0,78.0,75.0,100,113.29740005493164,115.3948000907898,94.60400047302247,16.34343958690621,61.917121299210045,127.2908796468349,0.0
2017-12-07 19:00:00,71.25,74.44999694824219,71.25,75.0,300,112.63279998779296,115.45795009613038,92.508500289917,16.016420799017858,60.47565869188128,124.54134188795271,0.0
2017-12-12 19:00:00,75.0,78.75,75.0,76.87000274658203,700,111.89740005493164,115.51490009307861,90.50200042724609,15.283629326485876,59.934741774274336,121.06925908021785,5.737964157534918
2017-12-13 19:00:00,73.02999877929688,73.02999877929688,73.02999877929688,76.87000274658203,200,111.0484001159668,115.55550010681152,88.65800056457519,14.537704787278653,59.582590990017884,117.7334101391325,5.737964157534918
2017-12-14 19:00:00,80.68000030517578,80.70999908447266,77.0,80.05999755859375,1900,110.21480010986328,115.5949000930786,86.91100044250489,13.247714563699589,60.41557131510571,113.40642956990406,23.800559106291203
2017-12-17 19:00:00,83.0,83.0,80.0,80.0,800,109.49480010986328,115.61600009918213,85.44850044250488,12.226997270816323,60.994505900872234,109.90249498413752,27.924938863775694
2017-12-18 19:00:00,82.0,82.0,82.0,82.0,1600,108.78920013427734,115.66350009918213,83.98550033569336,10.621083630701122,62.743333074291115,105.2276675970956,35.08945960211864
2017-12-19 19:00:00,85.0,85.0,85.0,85.0,500,108.0284001159668,115.70790008544923,82.9495002746582,9.320367314412177,64.30876564583386,101.59023490348255,45.479203342034246
2017-12-21 19:00:00,89.25,89.25,89.25,89.25,1100,107.1884001159668,115.77770008087158,82.12600021362304,7.807396045048021,66.511208123527,97.74079230371909,64.9863748417039
2017-12-25 19:00:00,93.69999694824219,93.70999908447266,93.69999694824219,89.25,200,106.21720016479492,115.86050006866455,81.3025001525879,5.7977521483675325,69.70699585585282,92.89800444932297,77.26781939753313
2017-12-26 19:00:00,93.70999908447266,93.70999908447266,93.0,93.70999908447266,3200,105.19740020751954,115.9730500793457,81.42800025939941,6.045160094926947,69.33768006954551,93.51832044925331,98.3752743563896
2017-12-27 19:00:00,94.05000305175781,98.33999633789062,94.05000305175781,94.0,200,104.04940032958984,116.08005008697509,81.72800025939941,6.518795690276784,68.69040887884584,94.76559163995297,98.3995991908192
2017-12-28 19:00:00,94.0,98.69999694824219,94.0,98.69999694824219,6100,103.02340026855468,116.19240005493164,82.26300010681152,7.435283741109106,67.39243262459331,97.13356758902972,98.71209945665507
2017-12-31 19:00:00,95.25,103.62999725341797,95.25,98.04000091552734,1500,102.13420028686524,116.28240005493164,82.81500015258788,8.178167171530985,66.45866580952591,99.17133449564986,97.05884827875727
2018-01-01 19:00:00,95.0,95.0999984741211,95.0,98.04000091552734,1000,101.24500030517578,116.36980007171631,83.58450012207031,8.857636512157637,65.86922709775504,101.29977314638558,97.05884827875727
2018-01-07 19:00:00,98.0,98.0,98.0,98.0,4000,100.35500030517578,116.46725006103516,84.52700004577636,9.350126663526796,65.82674671872277,103.22725337282995,96.90051041045663
2018-01-09 19:00:00,102.0,102.0,102.0,102.0,2000,99.68740020751953,116.58225006103515,85.86450004577637,9.852964759285877,66.15857052720462,105.57042956434812,97.14823677873915
2018-01-11 19:00:00,100.0,100.0,100.0,100.0,2000,99.11340026855468,116.68725006103516,87.10200004577636,10.002773297390878,67.0964534509946,107.10754664055813,90.3665067022865
2018-01-17 19:00:00,95.0,95.30000305175781,95.0,95.30000305175781,1000,98.57300033569337,116.7654500579834,88.10450019836426,9.75405776890381,68.59638466055665,107.61261573617188,75.26527081072466
2018-01-18 19:00:00,92.0,92.0,92.0,92.0,2500,97.96660034179688,116.80725006103516,88.95450019836426,9.281243704881806,70.39201278860065,107.51698760812786,67.96407513904231
2018-01-21 19:00:00,92.0,92.0,92.0,92.0,500,97.36020034790039,116.82815006256104,89.80450019836425,8.695991825440302,72.41251654748365,107.19648384924486,65.92356997419611
2018-01-23 19:00:00,92.0,92.0,92.0,92.0,2000,96.7538003540039,116.82710006713867,90.65450019836426,7.9735820253673975,74.70733614762946,106.60166424909906,62.32394631054221
2018-01-25 19:00:00,92.0,92.0,92.0,92.0,4000,96.14740036010743,116.80325008392334,91.41100006103515,7.284931653992751,76.84113675304965,105.98086336902065,55.693583219497896
2018-01-28 19:00:00,96.5999984741211,96.5999984741211,96.5999984741211,92.0,2000,95.66320037841797,116.8035500717163,92.16749992370606,6.43098925044854,79.30552142280898,105.02947842460314,55.693583219497896
2018-02-06 19:00:00,96.5999984741211,96.5999984741211,96.5999984741211,96.5999984741211,1000,95.2886003112793,116.83655006408691,92.99449996948242,5.827212389489845,81.34007519050273,104.64892474846211,55.94895057319415
2018-02-13 19:00:00,100.0,100.0,100.0,100.0,6000,94.9820002746582,116.88655006408692,93.99449996948242,5.157476339374532,83.67954729073335,104.30945264823148,60.948907548424394
2018-02-22 19:00:00,100.0,100.0,100.0,100.0,5000,94.67540023803711,116.94280006408691,94.89449996948242,4.480305926652682,85.93388811617706,103.85511182278779,52.86344323023903
2018-02-25 19:00:00,101.94999694824219,101.94999694824219,101.94999694824219,101.94999694824219,5000,94.31540023803711,116.98835006713867,95.74199981689453,4.096876029851797,87.54824775719094,103.93575187659813,58.14922130239087
2018-02-26 19:00:00,96.86000061035156,100.44999694824219,96.86000061035156,100.44999694824219,2000,93.90440017700195,117.00395004272461,96.30199966430663,3.9246230101199453,88.45275364406675,104.15124568454652,54.72733667063252
2018-02-27 19:00:00,96.0,99.9000015258789,96.0,99.9000015258789,1000,93.52240020751952,117.00140003204346,96.83449974060059,3.628791600846653,89.57691653890728,104.0920829422939,53.65385016040807
2018-03-08 19:00:00,99.8499984741211,99.8499984741211,99.8499984741211,99.8499984741211,2000,93.2584001159668,116.97350002288819,97.14149971008301,3.6102207965835547,89.9210581169159,104.36194130325012,45.124712081122794
2018-03-11 19:00:00,100.0,100.0,100.0,100.0,2000,92.92020004272462,116.92000003814697,97.44149971008301,3.5846323549329164,90.27223500021718,104.61076441994884,50.0
2018-03-12 19:00:00,101.0,101.0,101.0,101.0,2000,92.60020004272461,116.86840003967285,97.5564998626709,3.6631651657059328,90.23016953125904,104.88283019408277,67.27271802497633
2018-03-13 19:00:00,99.0,99.0,99.0,99.0,2000,92.3052000427246,116.79495002746582,97.60449981689453,3.676100916802678,90.25229798328917,104.9567016504999,73.02632041254955
2018-03-14 19:00:00,100.0,100.0,100.0,100.0,2000,92.00520004272461,116.72465003967285,97.70249977111817,3.714249383399751,90.27400100431866,105.13099853791768,74.69136267605302
2018-03-21 19:00:00,100.0,100.0,100.0,100.0,1000,91.82020004272461,116.65495002746582,97.80249977111816,3.749437305679137,90.30362515975989,105.30137438247644,74.69136267605302
2018-03-25 19:00:00,100.0,100.0,100.0,100.0,1000,91.595,116.61370002746582,97.70249977111817,3.6571294549833047,90.38824086115156,105.01675868108478,74.69136267605302
2018-04-02 19:00:00,100.0,100.0,95.0999984741211,95.0999984741211,1000,91.38259994506836,116.52090000152587,97.45749969482422,3.6592444295675572,90.1390108356891,104.77598855395934,57.34596847938924
2018-04-05 19:00:00,99.75,99.75,90.36000061035156,90.36000061035156,8000,91.07539993286133,116.37600002288818,97.2104995727539,3.9663774165132244,89.27774473972745,105.14325440578035,35.31073801468335
2018-04-10 19:00:00,94.0,94.0,94.0,94.0,2000,90.84099990844726,116.22385002136231,97.31049957275391,3.851649326165557,89.6072009204228,105.01379822508503,36.03351677508129
2018-04-12 19:00:00,98.5999984741211,98.5999984741211,98.5999984741211,98.5999984741211,3500,90.98899993896484,116.10690002441406,97.64049949645997,3.6501784441943914,90.34014260807119,104.94085638484874,47.31594739812138
2018-04-15 19:00:00,99.94999694824219,99.94999694824219,99.94999694824219,98.5999984741211,4000,91.20099990844727,116.00755001068116,97.97049942016602,3.4034012054538714,91.16369700925827,104.77730183107377,43.0584358569569
2018-04-16 19:00:00,93.66999816894531,93.66999816894531,93.66999816894531,93.66999816894531,500,91.31439987182617,115.90985000610351,98.05399932861329,3.266961074081781,91.52007718044973,104.58792147677684,37.69956571134975
2018-04-25 19:00:00,89.05999755859375,89.05999755859375,89.05999755859375,89.05999755859375,5000,91.35559982299804,115.80489997863769,97.90699920654296,3.6026060580628916,90.70178709041718,105.11221132266874,32.85894524715545
2018-04-26 19:00:00,93.25,93.25,93.25,93.25,4000,91.56759979248046,115.7103999710083,97.73949928283692,3.7417622078978425,90.25597486704123,105.2230236986326,40.77181476530973
2018-05-08 19:00:00,95.0,95.0,95.0,95.0,500,91.88459976196289,115.6078999710083,97.48949928283692,3.7498062884491903,89.98988670593853,104.9891118597353,43.30835128705188
2018-05-17 19:00:00,90.25,99.75,90.25,90.25,3500,92.18459976196289,115.4841499710083,97.00199928283692,4.029591254132823,88.94281677457127,105.06118179110257,36.92532250012526
2018-05-21 19:00:00,85.80000305175781,85.80000305175781,85.80000305175781,85.80000305175781,500,92.39559982299805,115.36689998626709,96.19449958801269,4.568055162318594,87.0583892633755,105.33060991264988,34.84848750222437
2018-05-22 19:00:00,81.55000305175781,81.55000305175781,81.55000305175781,81.55000305175781,500,92.52159988403321,115.23970001220704,95.24949989318847,5.50103800686664,84.2474238794552,106.25157590692174,30.292674737754822
2018-05-27 19:00:00,84.0,84.0,84.0,84.0,500,92.7015998840332,115.14045001983642,94.45449981689453,5.92608215252878,82.60233551183697,106.30666412195208,33.75964090111739
2018-05-30 19:00:00,79.80999755859375,79.80999755859375,79.80999755859375,79.80999755859375,500,92.79779983520508,115.0382500076294,93.45249977111817,6.619431135879682,80.21363749935881,106.69136204287753,31.113186534924353
2018-06-03 19:00:00,75.81999969482422,75.81999969482422,75.81999969482422,75.81999969482422,1000,92.81419982910157,114.92235000610351,92.24349975585938,7.509019775001135,77.2254602058571,107.26153930586165,31.652073426905474
2018-06-04 19:00:00,79.5999984741211,79.5999984741211,79.5999984741211,79.5999984741211,500,92.86879974365235,114.83034999847412,91.17349967956542,7.717396638068371,75.73870640342868,106.60829295570217,39.56959737707363
2018-06-06 19:00:00,83.54000091552734,83.58000183105469,83.54000091552734,83.58000183105469,1000,93.0029997253418,114.73375,90.40249977111816,7.664423251035218,75.07365326904772,105.73134627318859,39.965332688341874
2018-06-12 19:00:00,79.41000366210938,87.5,79.41000366210938,79.41000366210938,54000,92.98999984741211,114.59080001831055,89.37299995422363,7.690218853407058,73.99256224740951,104.75343766103775,31.36531791787607
2018-06-20 19:00:00,75.45999908447266,83.37999725341797,75.44999694824219,83.37999725341797,59500,93.05759979248047,114.47494998931884,88.54199981689453,7.372857694511272,73.79628442787198,103.28771520591708,36.278395631352446
2018-06-21 19:00:00,87.44999694824219,87.44999694824219,87.44999694824219,87.44999694824219,25000,93.16659973144532,114.40569995880126,87.91449966430665,6.862764343776201,74.18897097675425,101.64002835185904,44.30402723107428
2018-06-24 19:00:00,90.0,90.0,90.0,90.0,23500,93.26659973144531,114.35569995880127,87.65949974060058,6.6738711783872215,74.31175738382613,101.00724209737503,50.894558966049914
2018-06-25 19:00:00,92.0,92.0,92.0,92.0,1000,93.32159973144532,114.33444995880127,87.741499710083,6.718722197055279,74.30405531597245,101.17894410419356,48.75868895005875
2018-06-26 19:00:00,90.0,96.0,90.0,92.04000091552734,4500,93.37739974975585,114.33469997406006,87.64349975585938,6.636420794122712,74.37065816761395,100.91634134410481,46.957237267779085
2018-06-27 19:00:00,94.0,94.0,94.0,94.0,2000,93.3831997680664,114.32179996490478,87.41349983215332,6.3083143551690934,74.79687112181513,100.03012854249151,54.08942284492442
2018-06-28 19:00:00,92.0,98.0,89.30000305175781,93.33999633789062,40000,93.36999969482422,114.28149993896484,87.1504997253418,5.914762965892298,75.3209737935572,98.9800256571264,58.963378178551785
2018-07-05 19:00:00,92.0,92.0,92.0,92.0,2000,93.23599975585938,114.23799995422364,87.06699981689454,5.829048609627827,75.40890259763889,98.72509703615019,63.346102908563395
2018-07-08 19:00:00,87.4000015258789,87.4000015258789,87.4000015258789,87.4000015258789,500,93.0231997680664,114.15999996185303,86.98400001525879,5.810967022400132,75.36206597045852,98.60593406005906,54.11622506383846
2018-07-10 19:00:00,83.02999877929688,83.02999877929688,83.02999877929688,83.02999877929688,500,92.7229997253418,114.03439994812011,86.47299995422364,5.678808092561376,75.11538376910089,97.83061613934639,53.88139049224315
2018-07-11 19:00:00,78.87999725341797,78.87999725341797,78.87999725341797,78.87999725341797,500,92.34059967041016,113.8937999343872,85.66699981689453,5.54730660817509,74.57238660054435,96.76161303324471,53.674348707308646
2018-07-12 19:00:00,74.94999694824219,74.94999694824219,74.94999694824219,74.94999694824219,1000,91.799599609375,113.72179992675781,84.90199966430664,5.924193734332257,73.05361219564213,96.75038713297116,44.43646635079258
2018-07-18 19:00:00,75.0,75.0,75.0,75.0,1000,91.299599609375,113.5542999267578,84.36199951171875,6.317213495506123,71.7275725207065,96.996426502731,38.66877747922068
2018-07-19 19:00:00,78.6500015258789,78.69999694824219,78.6500015258789,78.69999694824219,1000,90.96759948730468,113.41774990081787,84.21949920654296,6.415365448042315,71.38876831045833,97.0502301026276,49.05053928128205
2018-07-30 19:00:00,74.7699966430664,74.7699966430664,74.7699966430664,74.7699966430664,1000,90.62299942016601,113.2358498764038,83.75799903869628,6.7549850344756015,70.24802896974508,97.26796910764749,38.47389664878645
2018-07-31 19:00:00,71.20999908447266,78.5,71.20999908447266,78.37000274658203,1500,90.35039947509766,113.04469989776611,83.68599929809571,6.806756483191079,70.07248633171355,97.29951226447787,37.689816809776374
2018-08-15 19:00:00,74.45999908447266,74.45999908447266,74.45999908447266,74.45999908447266,1000,89.99959945678711,112.81399990081788,83.61799926757813,6.895686648409126,69.82662597075988,97.40937256439638,29.680968118758344
2018-08-16 19:00:00,72.0,72.0,72.0,72.0,2000,89.5995994567871,112.57399990081787,83.23799934387208,7.324813525461189,68.5883722929497,97.88762639479445,24.1602148689164
2018-08-19 19:00:00,69.5,70.0,69.5,70.0,1500,89.1595994567871,112.29399990081787,82.55899925231934,7.898406931025474,66.76218539026839,98.35581311437029,22.897202662444045
2018-08-26 19:00:00,66.5,66.5,66.5,66.5,500,88.55759948730469,111.96499988555908,81.91349906921387,8.66011329372958,64.59327248175471,99.23372565667303,17.41707103651261
2018-08-27 19:00:00,63.5,63.5,63.5,63.5,500,87.82759948730468,111.61249988555909,80.91949920654297,9.575460135851326,61.76857893484031,100.07041947824561,16.502031193152106
2018-09-03 19:00:00,63.5,63.5,63.5,63.5,500,87.09759948730469,111.25499988555909,79.72199935913086,10.193420823498332,59.3351577121342,100.10884100612753,17.01389820977721
2018-09-13 19:00:00,66.0,66.0,66.0,66.0,2000,86.37859954833985,110.88499988555908,78.52199935913086,10.33152228772127,57.85895478368832,99.1850439345734,23.965943582224156
2018-09-18 19:00:00,69.0,69.30000305175781,62.70000076293945,63.2400016784668,21500,85.63439964294433,110.46619989395141,77.0839994430542,10.35829893450753,56.367401574039135,97.80059731206926,24.943033127001
2018-09-23 19:00:00,63.2400016784668,63.2400016784668,63.2400016784668,63.2400016784668,170000,84.90119964599609,110.01344993591309,75.64399948120118,10.169860206497514,55.30427906820615,95.98371989419621,27.872110737161478
2018-09-24 19:00:00,63.0,63.0,63.0,63.0,4000,84.16419967651368,109.57744995117187,74.09399948120117,9.56961486220789,54.95476975678538,93.23322920561695,31.12165325195315
2018-09-26 19:00:00,63.5,63.54999923706055,59.849998474121094,59.849998474121094,171500,83.3611996459961,109.11169994354248,72.4194995880127,8.933606613719183,54.55228636057433,90.28671281545107,28.20144143930527
2018-09-27 19:00:00,62.0,62.83000183105469,56.86000061035156,58.84000015258789,12500,82.51799964904785,108.64584997177124,70.76149959564209,8.151218005478537,54.45906358468502,87.06393560659916,19.026838398593867
2018-10-11 19:00:00,56.0,56.0,56.0,56.0,500,81.65799964904785,108.18584997177123,69.19149951934814,7.793954686747213,53.603590145853715,84.77940889284257,19.696494544257746
2018-10-14 19:00:00,53.5,53.5,53.5,53.5,500,80.72799964904785,107.72834997177124,67.7149995803833,7.8314041139543225,52.052191352474665,83.37780780829195,8.369600837368765
2018-10-15 19:00:00,51.0,51.0,51.0,51.0,500,79.74799964904786,107.26584997177125,66.3209997177124,8.211533106154558,49.89793350540328,82.74406593002152,8.784258891153527
2018-10-16 19:00:00,53.0,53.0,53.0,53.0,2000,78.80799964904786,106.80959997177123,65.22349987030029,8.460607061364453,48.30228574757138,82.1447139930292,16.07142857142857
2018-10-21 19:00:00,55.400001525878906,55.400001525878906,55.400001525878906,55.400001525878906,500,78.01399971008301,106.37409997940064,64.24349994659424,8.403535387019685,47.43642917255487,81.05057072063362,24.29577871533361
2018-10-22 19:00:00,52.650001525878906,52.650001525878906,52.650001525878906,52.650001525878906,500,77.25979972839356,105.95234998703003,62.94100017547608,8.056568160641456,46.82786385419317,79.05413649675899,24.95479618480627
2018-10-23 19:00:00,54.95000076293945,54.95000076293945,54.95000076293945,54.95000076293945,2000,76.47879974365235,105.52709999084473,61.95000038146973,7.737627891505457,46.47474459845881,77.42525616448064,34.137293144684875
2018-10-25 19:00:00,56.95000076293945,56.95000076293945,56.95000076293945,56.95000076293945,4000,75.64579978942871,105.12159997940063,60.8790002822876,6.766751209237835,47.34549786381193,74.41250270076327,38.687393671081395
2018-11-08 19:00:00,58.900001525878906,58.900001525878906,58.900001525878906,58.900001525878906,500,74.85179985046386,104.7166000175476,60.10100040435791,5.970791836927404,48.159416730503104,72.04258407821271,37.50000335800798
2018-11-13 19:00:00,58.900001525878906,58.900001525878906,58.900001525878906,58.900001525878906,2000,74.15639991760254,104.27665002822876,59.446000480651854,5.274728513674181,48.896543453303494,69.99545750800021,41.53666222660162
2018-11-15 19:00:00,59.0,59.0,59.0,59.0,4000,73.55519996643066,103.82275003433227,58.89600048065186,4.6532075385566305,49.58958540353859,68.20241555776512,41.763789040437715
2018-11-19 19:00:00,58.0,58.0,58.0,58.0,1000,72.85019996643067,103.35275003433227,58.47100048065185,4.296657058640924,49.87768636337,67.0643145979337,40.56603773584906
2018-11-22 19:00:00,57.95000076293945,58.0,57.95000076293945,58.0,2000,72.11019996643067,102.89275003433228,58.196000480651854,4.1306459352081495,49.93470861023555,66.45729235106815,46.03854690574937
2018-11-25 19:00:00,60.79999923706055,60.900001525878906,55.25,56.0,10000,71.42519996643067,102.42275003433228,57.821000480651854,3.9607281906817424,49.89954409928837,65.74245686201535,44.16598164588356
2018-11-26 19:00:00,54.0,54.0,54.0,54.0,500,70.7891999053955,101.96775003433227,57.22100048065185,3.5434446498496057,50.134111180952644,64.30788978035106,45.74468085106383
2018-11-28 19:00:00,51.29999923706055,51.29999923706055,51.29999923706055,51.29999923706055,500,70.18419982910156,101.5227500152588,56.62400035858154,3.481270919896958,49.661458518787626,63.586542198375454,45.35864832886488
2018-12-03 19:00:00,50.900001525878906,50.900001525878906,50.900001525878906,50.900001525878906,3500,69.52219985961914,101.08725002288818,56.00700035095215,3.3375424785031935,49.33191539394576,62.68208530795853,49.768522034293426
2018-12-05 19:00:00,49.900001525878906,49.900001525878906,49.900001525878906,49.900001525878906,5000,68.92399993896484,100.63425003051758,55.3520004272461,3.1743834766290813,49.00323347398793,61.70076738050426,42.47573130159332
2018-12-09 19:00:00,49.75,49.75,49.75,49.75,1000,68.40259994506836,100.17800003051758,54.84700050354004,3.224147562376053,48.39870537878793,61.295295628292145,34.604899194277664
2019-01-01 19:00:00,44.650001525878906,44.650001525878906,44.650001525878906,44.650001525878906,500,67.70360000610351,99.68140003204346,54.13750057220459,3.807709364443635,46.522081843317316,61.75291930109186,30.676325653566465
2019-01-20 19:00:00,42.22999954223633,42.22999954223633,42.22999954223633,42.22999954223633,500,66.87659996032716,99.20204999923706,53.44900054931641,4.612987344142642,44.223025861031125,62.67497523760169,19.45244618839915
2019-01-21 19:00:00,40.150001525878906,40.150001525878906,40.119998931884766,40.119998931884766,3000,66.09079986572266,98.73764999389648,52.78000049591064,5.491725135201977,41.796550225506685,63.7634507663146,9.794549484806268
2019-01-22 19:00:00,38.5,38.5,38.5,38.5,500,65.1931999206543,98.23764999389648,52.15500049591064,6.349303180371942,39.45639413516676,64.85360685665452,0.48542952198135936
2019-01-27 19:00:00,37.0,37.0,36.61000061035156,37.0,2500,64.18419998168946,97.7646499633789,51.355000495910645,7.189610129677588,36.975780236555465,65.73422075526582,0.4524818145946625
2019-01-28 19:00:00,38.849998474121094,38.849998474121094,38.849998474121094,38.849998474121094,500,63.161199951171874,97.28889995574951,50.52750034332276,7.637984353494643,35.25153163633347,65.80346905031205,7.756807515641867
2019-01-29 19:00:00,38.5,38.5,38.5,38.5,500,62.09119995117187,96.84489994049072,49.82000026702881,8.073940930320903,33.672118406387,65.96788212767062,7.974132402897851
2019-01-30 19:00:00,39.0,39.0,39.0,39.0,500,61.03039993286133,96.37189990997314,49.02250022888184,8.324400706273375,32.37369881633509,65.67130164142858,9.915606652832892
2019-02-03 19:00:00,40.5,40.900001525878906,40.5,40.900001525878906,1000,59.96839996337891,95.87634994506836,48.22000026702881,8.293519638662755,31.6329609897033,64.80703954435432,18.008475740625144
2019-02-05 19:00:00,42.939998626708984,42.939998626708984,42.939998626708984,42.939998626708984,1500,58.96040000915527,95.3810499382019,47.422000122070315,7.973465197128206,31.475069727813903,63.36893051632673,26.607437725136165
2019-02-06 19:00:00,42.95000076293945,42.95000076293945,42.95000076293945,42.95000076293945,500,57.97940002441406,94.8558999633789,46.62450008392334,7.551510596778253,31.52147889036683,61.727521277479845,30.07159978411906
2019-02-11 19:00:00,42.0,42.0,42.0,42.0,4000,57.071399993896485,94.3432999420166,45.77450008392334,7.023509156004977,31.72748177191339,59.821518395933296,29.302322032839754
2019-02-13 19:00:00,40.0,40.0,40.0,40.0,500,56.21080001831055,93.8532999420166,44.87450008392334,6.508884371406575,31.856731341110187,57.89226882673648,27.999996609157975
2019-02-14 19:00:00,40.0,40.0,40.0,40.0,500,55.43320007324219,93.39324996948243,43.97450008392334,5.8048434516618155,32.36481318059971,55.584186987246966,28.187917973933068
2019-02-24 19:00:00,40.0,40.0,40.0,40.0,2500,54.734200134277344,92.95324996948243,43.17450008392334,5.122766240561377,32.92896760280058,53.4200325650461,36.521734707597375
2019-02-25 19:00:00,38.0,38.0,38.0,38.0,500,53.99420013427734,92.53524997711182,42.37450008392334,4.561832202541933,33.25083567883947,51.4981644890072,37.43315495900503
2019-03-03 19:00:00,39.0,39.0,39.0,39.0,500,53.2002001953125,92.09184997558594,41.759500122070314,4.101053551807003,33.55739301845631,49.96160722568432,46.43766184256217
2019-03-07 19:00:00,40.88999938964844,40.88999938964844,37.04999923706055,39.0,1500,52.484800262451174,91.61659996032715,41.164500045776364,3.5283792138352954,34.10774161810578,48.22125847344695,51.77304983726661
2019-03-10 19:00:00,40.900001525878906,40.95000076293945,40.900001525878906,40.95000076293945,2500,51.73640022277832,91.12634996414185,40.717000007629395,2.867895210286587,34.98120958705622,46.45279042820257,63.573886495053344
2019-03-12 19:00:00,39.5,42.9900016784668,39.0,42.9900016784668,22000,51.107000274658205,90.66629997253418,40.37900009155273,2.0203986666864315,36.33820275817987,44.4197974249256,64.04342853771075
2019-03-13 19:00:00,40.849998474121094,45.130001068115234,40.849998474121094,45.04999923706055,5000,50.56800025939941,90.24154996871948,40.398999977111814,2.066359429317898,36.266281118476016,44.53171883574761,69.90881134734406
2019-03-14 19:00:00,42.810001373291016,42.86000061035156,42.79999923706055,42.79999923706055,9000,50.02400024414062,89.80554996490478,40.42749996185303,2.0966511843472757,36.23419759315848,44.62080233054758,60.43955790594927
2019-03-17 19:00:00,42.79999923706055,40.65999984741211,40.65999984741211,42.79999923706055,1000,49.550000228881835,89.36454996109009,40.561499977111815,2.160629214315426,36.24024154848097,44.88275840574266,55.82821411077647
2019-03-19 19:00:00,44.790000915527344,44.790000915527344,40.65999984741211,40.65999984741211,18500,49.09320022583008,88.94559997558594,40.66949996948242,2.10544024068837,36.45861948810568,44.880380450859164,43.04878485621152
2019-03-20 19:00:00,38.630001068115234,42.689998626708984,38.630001068115234,42.689998626708984,15000,48.677000198364254,88.56789995193482,40.95399990081787,1.9631214954801972,37.02775690985747,44.880242891778266,49.29423951662272
2019-03-21 19:00:00,44.70000076293945,44.70000076293945,44.4900016784668,44.4900016784668,15000,48.24680023193359,88.17584995269776,41.236000061035156,2.048222321339741,37.13955541835568,45.332444703714636,56.46082412899893
2019-03-24 19:00:00,46.709999084472656,46.709999084472656,42.27000045776367,42.27000045776367,9500,47.82740020751953,87.78719995498658,41.42450008392334,1.9545075323860874,37.515485019151164,45.33351514869552,55.82349990321356
2019-03-25 19:00:00,42.7400016784668,42.7400016784668,40.15999984741211,40.25,13500,47.367600173950194,87.37394994735718,41.48700008392334,1.8918804204327109,37.70323924305792,45.27076092478876,50.58112500039902
2019-03-26 19:00:00,38.2400016784668,41.93000030517578,38.2400016784668,41.93000030517578,16500,46.94620018005371,86.94984994888306,41.538500022888186,1.8890774132772616,37.76034519633366,45.31665484944271,54.16127663214412
2019-03-28 19:00:00,41.9900016784668,41.9900016784668,41.9900016784668,41.9900016784668,12000,46.58900024414063,86.5197999572754,41.491000175476074,1.8637566293027252,37.763486916870626,45.21851343408152,59.388237558120274
2019-03-31 19:00:00,39.900001525878906,43.9900016784668,39.900001525878906,43.97999954223633,5500,46.29180023193359,86.12969995498658,41.54250011444092,1.9195884557753486,37.703323202890225,45.381677025991614,61.196041291350404
2019-04-01 19:00:00,41.790000915527344,46.16999816894531,41.790000915527344,46.02000045776367,29500,46.09220024108887,85.75979995727539,41.7435001373291,2.1648174828440827,37.413865171640936,46.073135103017265,64.45634206707237
2019-04-02 19:00:00,46.16999816894531,48.31999969482422,46.16999816894531,48.29999923706055,22500,45.98820022583008,85.37379995346069,42.15850009918213,2.570538017569888,37.01742406404235,47.2995761343219,64.93295061323465
2019-04-03 19:00:00,49.88999938964844,49.88999938964844,45.88999938964844,45.88999938964844,38000,45.88600021362305,84.97574995040894,42.45300006866455,2.646507210921666,37.15998564682122,47.74601449050788,55.80463924004144
2019-04-04 19:00:00,43.599998474121094,43.599998474121094,43.599998474121094,43.599998474121094,12000,45.69800018310547,84.56874994277955,42.63299999237061,2.5927673133902602,37.447465365590084,47.81853461915113,47.12415589807966
2019-04-07 19:00:00,41.41999816894531,44.9900016784668,41.41999816894531,44.9900016784668,15500,45.489800186157225,84.16869995117187,42.982500076293945,2.3992780310139556,38.18394401426603,47.78105613832186,54.496923803830306
2019-04-08 19:00:00,42.75,44.0,42.75,42.75,1500,45.29180015563965,83.77379993438721,43.170000076293945,2.210796364730571,38.748407346832806,47.591592805755084,49.90598115376554
2019-04-09 19:00:00,44.5,44.5,44.5,44.5,500,45.08280014038086,83.3962999343872,43.445000076293944,1.9964743914760983,39.452051293341746,47.43794885924614,57.32824221863886
2019-04-11 19:00:00,46.47999954223633,46.47999954223633,42.279998779296875,42.279998779296875,2000,44.78940010070801,82.98769992828369,43.51149997711182,1.9300402454594001,39.65141948619302,47.371580468030615,49.223191210501675
2019-04-14 19:00:00,41.0,44.38999938964844,40.5099983215332,40.630001068115234,13500,44.424000091552735,82.59084993362427,43.39349994659424,2.032999430136653,39.327501086320936,47.45949880686754,42.6448174499103
2019-04-15 19:00:00,42.65999984741211,42.65999984741211,40.0099983215332,42.65999984741211,4500,44.099200057983396,82.20914993286132,43.273999977111814,2.0004877644404453,39.27302444823092,47.27497550599271,50.74855920145875
2019-04-16 19:00:00,44.790000915527344,44.790000915527344,40.529998779296875,40.529998779296875,1000,43.72980003356933,81.8120499420166,43.16049995422363,2.091137884476594,38.97822418527044,47.34277572317682,50.53516578765321
2019-04-17 19:00:00,42.439998626708984,42.54999923706055,42.439998626708984,42.54999923706055,3500,43.420800018310544,81.4275499534607,43.147999954223636,2.0941512631305375,38.95969742796256,47.33630248048471,51.16980913704795
2019-04-18 19:00:00,44.66999816894531,44.66999816894531,44.66999816894531,44.66999816894531,2500,43.15419998168945,81.05089994430541,43.348499870300294,2.034521157315699,39.2794575556689,47.41754218493169,54.69187038097417
2019-04-21 19:00:00,43.0,43.0,42.439998626708984,42.439998626708984,10500,42.882999954223635,80.66334995269776,43.33599987030029,2.0395416935330646,39.256916483234164,47.41508325736642,47.32638758273786
2019-04-22 19:00:00,44.45000076293945,44.45000076293945,44.45000076293945,44.45000076293945,500,42.691999969482424,80.28834997177124,43.33399982452393,2.0383697547617476,39.25726031500044,47.41073933404742,47.27146426542758
2019-04-23 19:00:00,42.5,43.0,42.5,43.0,1000,42.52599998474121,79.93634996414184,43.370499801635745,2.0248052557319416,39.32088929017186,47.42011031309963,40.515393610724836
2019-04-25 19:00:00,42.970001220703125,45.150001525878906,42.970001220703125,45.150001525878906,4500,42.41099998474121,79.62344995498657,43.615499877929686,1.9211495568518302,39.773200764226026,47.45779899163335,48.663299039655755
2019-04-28 19:00:00,47.400001525878906,47.400001525878906,45.150001525878906,47.189998626708984,27500,42.356799926757816,79.34399993896484,43.878499794006345,2.034935019707286,39.80862975459177,47.94836983342092,56.54392929891493
2019-04-29 19:00:00,49.540000915527344,49.540000915527344,44.84000015258789,49.47999954223633,21500,42.35139991760254,79.05024991989136,44.25299968719482,2.3360292564323437,39.580941174330135,48.92505820005951,57.92445741893263
2019-05-01 19:00:00,50.0,50.0,47.0099983215332,47.0099983215332,9500,42.39859985351563,78.71709991455079,44.40449962615967,2.4143331738392955,39.57583327848108,49.23316597383826,57.45797989617238
2019-05-05 19:00:00,51.400001525878906,51.400001525878906,51.400001525878906,51.400001525878906,500,42.581999893188474,78.37749992370605,44.67349967956543,2.862011366055001,38.94947694745543,50.39752241167543,61.057693130636
2019-05-08 19:00:00,47.29999923706055,47.29999923706055,47.29999923706055,47.29999923706055,5500,42.72559989929199,78.0052999305725,44.62349967956543,2.803457198514403,39.016585282536624,50.23041407659423,57.587665660523136
2019-05-12 19:00:00,48.93000030517578,48.93000030517578,48.93000030517578,48.93000030517578,500,42.93419990539551,77.66994993209839,44.775499725341795,2.954104360293204,38.86729100475539,50.683708445928204,62.552929487082594
2019-05-15 19:00:00,48.0,48.0,48.0,48.0,1000,43.15419990539551,77.32354993820191,44.995499801635745,3.0249446886358995,38.94561042436395,51.04538917890754,58.35419022752705
2019-05-16 19:00:00,45.599998474121094,50.400001525878906,45.599998474121094,47.0,4000,43.31719993591309,76.94334993362426,45.0959997177124,3.0579620249103234,38.980075667891754,51.21192376753305,60.493025032968724
2019-05-19 19:00:00,44.650001525878906,47.88999938964844,44.650001525878906,47.88999938964844,1000,43.50499992370605,76.52654993057251,45.352999687194824,3.0663989078144755,39.22020187156588,51.48579750282377,58.98989670650434
2019-05-20 19:00:00,45.5,50.279998779296875,45.5,48.2400016784668,17500,43.68979995727539,76.07869995117187,45.53999977111816,3.1251192345975194,39.28976130192312,51.7902382403132,56.39098103783487
2019-05-21 19:00:00,49.9900016784668,50.0,45.83000183105469,45.83000183105469,14000,43.78839996337891,75.58434997558594,45.71749992370606,3.0295683470829577,39.65836322954014,51.77663661787197,56.02988571790713
2019-05-22 19:00:00,43.540000915527344,45.5,43.540000915527344,44.849998474121094,16000,43.82659996032715,75.05159999847412,45.92849979400635,2.7944201759686287,40.33965944206909,51.517340145943606,50.738547849141476
2019-05-23 19:00:00,42.70000076293945,44.5,42.70000076293945,43.900001525878906,1500,43.84559997558594,74.52110000610351,45.990499877929686,2.7311240349575114,40.528251808014666,51.452747947844706,51.69300452510767
2019-05-26 19:00:00,42.0099983215332,42.95000076293945,41.75,42.529998779296875,2500,43.856199951171874,74.02125,46.09049987792969,2.551364206784877,40.98777146435993,51.193228291499445,44.922477399406624
2019-05-27 19:00:00,42.0,42.0,42.0,42.0,500,43.89619995117187,73.51875,46.06299991607666,2.594139615028127,40.87472068602041,51.251279146132916,39.31659945275062
2019-05-29 19:00:00,41.52000045776367,43.45000076293945,41.52000045776367,42.4900016784668,1000,43.94599998474121,73.01870000839233,45.954000091552736,2.699414067089718,40.5551719573733,51.352828225732175,34.459773710051294
2019-06-02 19:00:00,44.61000061035156,44.61000061035156,44.61000061035156,44.61000061035156,500,44.038199996948244,72.56484998703003,46.062500190734866,2.5922208796251685,40.87805843148453,51.2469419499852,44.57995362060942
2019-06-09 19:00:00,42.380001068115234,46.84000015258789,42.380001068115234,46.84000015258789,26500,44.215,72.15555000305176,46.182000160217285,2.568957597511644,41.044084965193996,51.319915355240575,38.588589247941684
2019-06-10 19:00:00,49.18000030517578,49.18000030517578,44.5,49.18000030517578,32000,44.41860000610352,71.78985000610352,46.491000175476074,2.5375555921251935,41.415888991225685,51.56611135972646,55.15916725726065
2019-06-11 19:00:00,51.630001068115234,51.630001068115234,51.630001068115234,51.630001068115234,500,44.67120002746582,71.43640001296997,46.81500015258789,2.7611602478548622,41.292679656878164,52.33732064829762,57.09033637647527
2019-06-12 19:00:00,54.209999084472656,54.209999084472656,49.04999923706055,49.04999923706055,7000,44.833199996948245,71.07005001068116,46.90800018310547,2.8054245321934044,41.29715111871866,52.518849247492284,52.537455098039906
2019-06-13 19:00:00,51.5,51.5,46.599998474121094,46.599998474121094,1000,44.90539993286133,70.69145000457763,46.76400012969971,2.739599407448684,41.284801314802344,52.243198944597076,49.096654473652926
2019-06-16 19:00:00,44.27000045776367,44.27000045776367,44.27000045776367,44.27000045776367,500,44.88979995727539,70.30120000839233,46.62700023651123,2.7946079019871357,41.03778443253696,52.2162160404855,42.324007495441535
2019-06-17 19:00:00,42.11000061035156,46.47999954223633,42.060001373291016,42.060001373291016,30000,44.875,69.93045001983643,46.160000228881835,2.734775949227256,40.69044833042732,51.629552127336346,37.85377415075011
2019-06-18 19:00:00,42.0,44.15999984741211,39.959999084472656,44.15999984741211,47000,44.90220001220703,69.57460000991821,46.003000259399414,2.7559353588004707,40.49112954179847,51.514870977000356,46.67727434806705
2019-06-19 19:00:00,46.36000061035156,46.36000061035156,46.36000061035156,46.36000061035156,1500,45.01620002746582,69.2297500038147,45.8745002746582,2.670878915035894,40.53274244458642,51.21625810472999,52.865279361806174
2019-06-20 19:00:00,48.66999816894531,48.66999816894531,44.04999923706055,46.619998931884766,29500,45.094800033569335,68.88619998931885,45.805500221252444,2.630600175815217,40.54429986962201,51.06670057288288,55.300072919291495
2019-06-23 19:00:00,44.290000915527344,44.290000915527344,44.290000915527344,44.290000915527344,1000,45.090800018310546,68.50790000915528,45.67000026702881,2.635624285253236,40.39875169652234,50.941248837535284,53.30578974279019
2019-06-24 19:00:00,42.08000183105469,42.08000183105469,42.08000183105469,42.08000183105469,5000,45.087000045776364,68.11330001831055,45.37950038909912,2.697520120130215,39.98446014883869,50.77454062935955,50.14134601412597
2019-06-25 19:00:00,40.060001373291016,44.18000030517578,40.060001373291016,44.18000030517578,30500,45.165600051879885,67.73920001983643,45.17650032043457,2.622652669169561,39.93119498209545,50.42180565877369,52.825140532284955
2019-06-26 19:00:00,46.0,46.0,46.0,46.0,4500,45.24700004577637,67.40395000457764,45.18500022888183,2.6251563960220246,39.934687436837784,50.43531302092588,52.34717953250173
2019-06-27 19:00:00,47.47999954223633,47.47999954223633,43.70000076293945,43.70000076293945,4000,45.28120002746582,67.03789999008178,45.12750034332275,2.6453966817185437,39.83670697988566,50.41829370675984,44.710242310452685
2019-06-30 19:00:00,41.560001373291016,41.560001373291016,41.52000045776367,41.529998779296875,3000,45.23220001220703,66.66054998397827,45.00900020599365,2.7541238646485366,39.500752476696576,50.517247935290726,37.03828710624328
2019-07-02 19:00:00,41.529998779296875,41.5,41.5,41.529998779296875,500,45.1423999786377,66.29944997787476,44.959000205993654,2.8100081459715147,39.33898391405062,50.579016497936685,31.337759379385545
2019-07-04 19:00:00,40.0099983215332,40.0099983215332,40.0099983215332,40.0099983215332,500,44.97659996032715,65.92449996948243,44.859500122070315,2.951945851801623,38.95560841846707,50.76339182567356,32.61537775344196
2019-07-07 19:00:00,42.0,42.0099983215332,42.0,42.0,6500,44.89879997253418,65.58824996948242,44.83500003814697,2.9745934257257227,38.88581318669553,50.784186889598416,40.99451902240964
2019-07-08 19:00:00,44.04999923706055,44.099998474121094,44.04999923706055,44.099998474121094,1500,44.90879997253418,65.25244995117187,44.80949993133545,2.978806829011166,38.85188627331312,50.767113589357784,49.66416036020638
2019-07-09 19:00:00,42.15999984741211,46.29999923706055,42.15999984741211,46.29999923706055,17000,44.93499992370605,64.95534994125366,44.78249988555908,2.9618325528305687,38.85883477989795,50.70616499122022,58.37944393464532
2019-07-10 19:00:00,48.59000015258789,48.59000015258789,43.9900016784668,47.4900016784668,6500,45.029799957275394,64.66419994354249,44.69799995422363,2.851835425598621,38.99432910302639,50.40167080542088,56.82657219021498
2019-07-14 19:00:00,43.099998474121094,46.38999938964844,43.09000015258789,43.09000015258789,3000,45.00159996032715,64.35104993820191,44.270999908447266,2.3554280395056,39.560143829436065,48.98185598745847,43.85107100601988
2019-07-15 19:00:00,40.95000076293945,44.7400016784668,40.95000076293945,44.7400016784668,9000,45.05080001831055,64.11874996185303,44.05550003051758,2.0757383957742435,39.90402323896909,48.20697682206607,46.640462780802174
2019-07-16 19:00:00,42.5099983215332,42.5099983215332,42.5099983215332,42.5099983215332,5000,45.088399963378905,63.891299953460695,43.851000022888186,2.0123671058665815,39.826265811155025,47.87573423462135,46.807743833033435
2019-07-17 19:00:00,40.40999984741211,40.43000030517578,40.40999984741211,40.43000030517578,5500,45.04379997253418,63.65344995498657,43.65900001525879,2.1488455119738497,39.36130899131109,47.95669103920649,47.02702509506498
2019-07-18 19:00:00,42.439998626708984,42.439998626708984,42.439998626708984,42.439998626708984,500,45.081999969482425,63.43064994812012,43.677999877929686,2.1356023615304487,39.40679515486879,47.94920460099058,46.854661590518695
2019-07-21 19:00:00,44.560001373291016,44.560001373291016,44.560001373291016,44.560001373291016,500,45.12220001220703,63.240199947357176,43.69799995422363,2.142216683854629,39.41356658651438,47.98243332193289,47.42489612935257
2019-07-22 19:00:00,46.77000045776367,46.77000045776367,46.77000045776367,46.77000045776367,500,45.1642000579834,63.0782999420166,43.718499946594235,2.1708025280247956,39.37689489054465,48.06010500264382,55.50771179021609
2019-07-23 19:00:00,48.869998931884766,48.869998931884766,48.869998931884766,48.869998931884766,500,45.29280006408691,62.94639993667602,43.83099994659424,2.377541954156421,39.0759160382814,48.58608385490708,63.20143586267368
2019-07-24 19:00:00,46.43000030517578,50.869998931884766,46.43000030517578,50.869998931884766,1000,45.42120002746582,62.82449993133545,44.15999984741211,2.8522697818660596,38.45546028367999,49.86453941114423,65.67113758470578
2019-07-31 19:00:00,47.02000045776367,47.02000045776367,47.02000045776367,47.02000045776367,1000,45.50160003662109,62.68334993362427,44.40699977874756,2.8764602486933173,38.65407928136093,50.159920276134194,60.908809634169046
2019-08-05 19:00:00,47.02000045776367,47.02000045776367,47.02000045776367,47.02000045776367,1000,45.539000015258786,62.54344993591309,44.54899978637695,2.9341851861708474,38.68062941403526,50.41737015871865,58.327803457300014
2019-08-08 19:00:00,48.97999954223633,48.97999954223633,48.97999954223633,48.97999954223633,8500,45.57480003356934,62.41334993362427,44.69799976348877,3.083604766648494,38.530790230191776,50.86520929678576,58.13333407931848
2019-08-15 19:00:00,51.41999816894531,51.41999816894531,51.41999816894531,51.41999816894531,500,45.61360000610352,62.295449924469,45.08399963378906,3.4172402788266734,38.24951907613571,51.91848019144241,58.46560622966268
2019-08-18 19:00:00,48.849998474121094,48.849998474121094,48.849998474121094,48.849998474121094,9000,45.65040000915528,62.15534990310669,45.44999961853027,3.408548052953047,38.632903512624175,52.267095724436366,52.150532640092706
2019-08-21 19:00:00,46.130001068115234,46.130001068115234,46.130001068115234,46.130001068115234,1000,45.545,62.001649894714355,45.67999973297119,3.2830008023429063,39.113998128285374,52.246001337657006,55.076822715927314
2019-08-22 19:00:00,43.83000183105469,43.83000183105469,43.83000183105469,43.83000183105469,8000,45.47560005187988,61.82049991607666,45.87099990844727,3.037725482090064,39.79554894426714,51.946450872627395,48.51258569821135
2019-08-25 19:00:00,41.63999938964844,46.02000045776367,41.63999938964844,46.0,27500,45.41700004577637,61.65049991607666,46.07099990844726,2.8979098340434377,40.275180240360385,51.86681957653414,55.715694605680966
2019-08-26 19:00:00,48.29999923706055,48.29999923706055,43.70000076293945,43.70000076293945,7500,45.331000061035155,61.458999919891355,46.05100002288818,2.9135666070814588,40.22386680872526,51.8781332370511,55.317075893895556
2019-08-27 19:00:00,41.52000045776367,43.099998474121094,41.52000045776367,43.099998474121094,2000,45.253000030517576,61.24949991226196,45.890999984741214,2.986134152802448,39.918731679136314,51.86326829034611,51.12474440286646
2019-08-29 19:00:00,45.25,45.25,45.25,45.25,2000,45.20020004272461,61.02949991226196,45.77899990081787,2.9649366779432995,39.84912654493127,51.70887325670447,51.17466603854676
2019-09-02 19:00:00,42.9900016784668,42.9900016784668,42.9900016784668,42.9900016784668,3500,45.095200042724606,60.7981999206543,45.773999977111814,2.969790281746922,39.83441941361797,51.713580540605655,43.575798785157275
2019-09-04 19:00:00,40.849998474121094,41.0099983215332,40.849998474121094,41.0099983215332,2500,44.99879997253418,60.5346999168396,45.58749980926514,3.14980655274198,39.28788670378118,51.887112914749096,36.58702757961456
2019-09-05 19:00:00,43.04999923706055,43.060001373291016,43.04999923706055,43.060001373291016,2000,44.96300003051758,60.27999992370606,45.61499996185303,3.123817273812704,39.36736541422762,51.86263450947844,36.695063092626576
2019-09-10 19:00:00,41.0099983215332,41.0099983215332,41.0099983215332,41.0099983215332,1000,44.905199966430665,59.99154993057251,45.643999862670896,3.0754670302239684,39.49306580222296,51.79493392311883,39.09255631489485
2019-09-11 19:00:00,43.0,43.060001373291016,43.0,43.060001373291016,1000,44.91580001831055,59.71664993286133,45.675,3.044439761171879,39.58612047765624,51.76387952234376,43.31081373661892
2019-09-15 19:00:00,44.970001220703125,44.970001220703125,44.970001220703125,44.970001220703125,500,44.97520004272461,59.45129993438721,45.69549999237061,3.037910050955085,39.61967989046044,51.771320094280775,43.21489443360279
2019-09-16 19:00:00,42.75,42.75,42.72999954223633,42.72999954223633,1000,44.98,59.174949932098386,45.49349994659424,3.0964547926529855,39.30059036128827,51.68640953190021,35.19591875620375
2019-09-17 19:00:00,42.79999923706055,42.79999923706055,40.810001373291016,40.91999816894531,1500,44.90619995117188,58.869549922943115,45.09599990844727,3.1500096982464267,38.79598051195441,51.396019304940125,36.131519607189084
2019-09-19 19:00:00,42.959999084472656,42.959999084472656,42.959999084472656,42.959999084472656,500,44.82859992980957,58.584349918365476,44.70049991607666,2.8711238474446903,38.95825222118728,50.44274761096604,44.32103140829499
2019-09-22 19:00:00,44.9900016784668,45.099998474121094,44.0,45.0,29000,44.744999923706054,58.33284990310669,44.59949989318848,2.820314355797785,38.95887118159291,50.24012860478405,52.11572777343499
2019-09-24 19:00:00,44.0,46.93000030517578,44.0,46.93000030517578,1500,44.65099990844727,58.10749990463257,44.59499988555908,2.8163179809876557,38.96236392358377,50.227635847534394,51.696460531201446
2019-09-25 19:00:00,47.939998626708984,47.939998626708984,47.939998626708984,47.939998626708984,500,44.62879989624023,57.887199897766116,44.542999839782716,2.7396504475904986,39.06369894460172,50.022300734963714,58.11637622703333
2019-09-26 19:00:00,45.54999923706055,45.54999923706055,45.54999923706055,45.54999923706055,500,44.60779991149902,57.65494989395142,44.24949989318848,2.2314274911680645,39.786644910852345,48.71235487552461,54.389106837844565
2019-09-29 19:00:00,43.279998779296875,43.279998779296875,43.279998779296875,43.279998779296875,1500,44.58799987792969,57.4113498878479,43.97099990844727,1.9578479687378803,40.05530397097151,47.88669584592303,46.485907538208195
2019-09-30 19:00:00,41.119998931884766,41.119998931884766,41.119998931884766,41.119998931884766,500,44.569199829101564,57.15694988250733,43.72049980163574,1.987356339671164,39.745787122293414,47.695212480978064,46.65234209716177
2019-10-01 19:00:00,43.16999816894531,43.16999816894531,43.0,43.0,14000,44.54599983215332,56.88894989013672,43.678999710083005,1.9936056110200902,39.691788488042825,47.666210932123185,53.57527978659637
2019-10-02 19:00:00,41.5,41.5,41.5,41.5,1000,44.44879981994629,56.59644989013672,43.45399971008301,1.9716851022235198,39.51062950563597,47.39736991453005,47.1407610178358
2019-10-03 19:00:00,43.56999969482422,43.56999969482422,43.5,43.56999969482422,12500,44.38779983520508,56.31429988861084,43.447499656677245,1.9710456104210436,39.50540843583516,47.38959087751933,54.68864602454848
2019-10-06 19:00:00,43.0,45.7400016784668,41.5,45.72999954223633,25000,44.41659980773926,56.03319990158081,43.57899971008301,2.033387095769874,39.51222551854326,47.64577390162276,54.870481233529034
2019-10-07 19:00:00,43.5,46.93000030517578,43.5,46.93000030517578,4000,44.51359977722168,55.76559991836548,43.6629997253418,2.1380566866563777,39.386886352029045,47.93911309865455,53.67040964126707
2019-10-08 19:00:00,44.59000015258789,48.75,44.59000015258789,44.599998474121094,30000,44.521999740600585,55.48909990310669,43.74349956512451,2.141689904722068,39.460119755680374,48.026879374568644,53.49010563961383
2019-10-09 19:00:00,46.83000183105469,46.83000183105469,44.75,45.790000915527344,3000,44.51779975891113,55.218799915313724,43.98249969482422,2.08659373394629,39.80931222693164,48.1556871627168,59.30455037746108
2019-10-10 19:00:00,48.06999969482422,48.06999969482422,48.06999969482422,48.06999969482422,5000,44.60519973754883,54.95914991378784,44.232999610900876,2.2632678253731076,39.706463960154665,48.75953526164709,59.67436558458891
2019-10-13 19:00:00,50.470001220703125,50.470001220703125,50.34000015258789,50.400001525878906,3500,44.78259979248047,54.706149921417236,44.70249977111816,2.5189890519935747,39.66452166713101,49.74047787510531,60.11236067427834
2019-10-14 19:00:00,52.91999816894531,52.91999816894531,52.88999938964844,52.90999984741211,3500,45.010199813842775,54.4756999206543,45.19499969482422,3.081139092639999,39.03272150954422,51.35727788010422,60.96040867597436
2019-10-15 19:00:00,55.540000915527344,55.54999923706055,50.27000045776367,51.11000061035156,6000,45.23219985961914,54.23124992370605,45.50199966430664,3.351563468213327,38.79887272787998,52.205126600733294,55.646600618641344
2019-10-16 19:00:00,48.560001373291016,52.0,48.560001373291016,48.560001373291016,27000,45.36339988708496,53.97404993057251,45.79349975585937,3.3513117593254473,39.09087623720848,52.49612327451027,55.33121108448466
2019-10-17 19:00:00,49.75,49.75,46.13999938964844,46.13999938964844,7500,45.40419990539551,53.70474992752075,46.054499816894534,3.1489442115114747,39.75661139387159,52.35238823991748,55.03875989831778
2019-10-20 19:00:00,43.84000015258789,43.84000015258789,43.84000015258789,43.84000015258789,4500,45.35499992370605,53.44844993591309,46.098499870300294,3.109328047084002,39.87984377613229,52.3171559644683,54.76858487593141
2019-10-21 19:00:00,43.0099983215332,45.93000030517578,42.0099983215332,45.45000076293945,17000,45.314199905395505,53.22389993667603,46.12099990844727,3.1025814487476366,39.915837010951996,52.32616280594254,54.336283950632286
2019-10-22 19:00:00,43.18000030517578,44.939998626708984,43.18000030517578,44.060001373291016,6000,45.33359992980957,52.97419994354248,45.97749996185303,3.1294493369878977,39.718601287877235,52.23639863582882,54.548687067838834
2019-10-24 19:00:00,44.97999954223633,44.97999954223633,44.97999954223633,44.97999954223633,500,45.33839988708496,52.70609994888306,45.82950000762939,3.101622124421153,39.62625575878709,52.032744256471695,52.61207810249423
2019-10-27 19:00:00,46.439998626708984,46.439998626708984,46.439998626708984,46.439998626708984,500,45.416999893188475,52.445299949646,45.873999977111815,3.1037847794752933,39.66643041816123,52.0815695360624,51.35032152861835
2019-10-28 19:00:00,44.119998931884766,44.119998931884766,44.119998931884766,44.119998931884766,4500,45.49079986572266,52.197549953460694,45.91599998474121,3.0723599418064524,39.771280101128305,52.06071986835412,44.87413099428324
2019-10-29 19:00:00,41.95000076293945,42.900001525878906,41.91999816894531,42.900001525878906,4500,45.499999923706056,51.96674997329712,46.00500011444092,2.9494398823420678,40.10612034975678,51.90387987912506,46.76806607578978
2019-10-30 19:00:00,43.0,44.88999938964844,43.0,43.95000076293945,1000,45.487799911499025,51.72024997711182,46.05250015258789,2.905825259587258,40.240849633413376,51.8641506717624,46.48317909031984
2019-11-03 19:00:00,41.77000045776367,43.0,41.7599983215332,41.7599983215332,16000,45.387599868774416,51.45404996871948,46.06550006866455,2.8848927985171553,40.295714471630234,51.83528566569886,37.89796246553858
2019-11-04 19:00:00,41.9900016784668,43.4900016784668,41.5,43.38999938964844,8000,45.27799987792969,51.219749965667724,46.05650005340576,2.893356132516738,40.269787788372284,51.84321231843924,36.18446297713045
2019-11-05 19:00:00,43.38999938964844,43.84000015258789,43.38999938964844,43.84000015258789,1500,45.13739990234375,51.009949951171876,45.96200008392334,2.9351441175390787,40.091711848845186,51.8322883190015,30.54482916176805
2019-11-06 19:00:00,41.65999984741211,42.9900016784668,41.65999984741211,42.9900016784668,2500,45.05679992675781,50.81714994430542,45.76500015258789,2.998297055773407,39.768406041041075,51.7615942641347,31.842575814986475
2019-11-10 19:00:00,42.0,42.0,42.0,42.0,2000,44.95639991760254,50.60714994430542,45.635000228881836,3.105901997076362,39.42319623472911,51.84680422303456,34.23076535117683
2019-11-12 19:00:00,41.75,43.97999954223633,41.75,43.97999954223633,2000,44.85639991760254,50.42799995422363,45.54450016021728,3.1274431620464185,39.289613836124445,51.79938648431012,44.69548087582915
2019-11-13 19:00:00,42.90999984741211,42.90999984741211,42.0,42.90999984741211,5000,44.68619995117187,50.26344995498657,45.28650016784668,3.1209671070493425,39.044565953748,51.52843438194537,47.56926179116513
2019-11-14 19:00:00,44.0,44.45000076293945,41.04999923706055,43.849998474121094,152000,44.58619995117188,50.084699954986576,44.95900001525879,2.8913554639647194,39.17628908732935,50.741710943188224,45.666298215585
2019-11-17 19:00:00,44.900001525878906,44.900001525878906,43.45000076293945,43.45000076293945,1000,44.53259994506836,49.884049949646,44.486000061035156,2.2174296789379704,40.05114070315921,48.9208594189111,48.25414758407513
2019-11-18 19:00:00,45.47999954223633,45.47999954223633,42.20000076293945,43.970001220703125,3000,44.53539993286133,49.70684993743897,44.12900009155273,1.5771857882306377,40.97462851509146,47.283371668014006,47.041597641189085
2019-11-19 19:00:00,42.349998474121094,43.4900016784668,42.349998474121094,43.4900016784668,1000,44.48519996643066,49.50739995956421,43.87550010681152,1.1865936867047318,41.50231273340206,46.24868748022099,40.83282281023524
2019-11-20 19:00:00,43.0,43.0,42.0099983215332,42.939998626708984,9500,44.469999923706055,49.284849967956546,43.715500068664554,1.075744362667042,41.56401134333047,45.86698879399864,45.87988711479415
2019-11-21 19:00:00,43.88999938964844,43.88999938964844,43.88999938964844,43.88999938964844,145000,44.4857999420166,49.054299964904786,43.71800003051758,1.0761069573217705,41.56578611587404,45.87021394516112,53.52312330510729
2019-11-24 19:00:00,42.0,45.97999954223633,41.70000076293945,41.70000076293945,387000,44.41479995727539,48.802799968719484,43.53050003051758,1.0851021536962153,41.36029572312515,45.70070433791001,42.59381290859193
2019-11-25 19:00:00,40.27000045776367,42.400001525878906,40.0,40.52000045776367,89500,44.36539993286133,48.545199966430665,43.35349998474121,1.2675638191474985,40.81837234644622,45.88862762303621,45.62765219646389
2019-11-26 19:00:00,41.0,42.0,41.0,41.5,58000,44.375199966430664,48.28269996643066,43.17950000762939,1.2713872286607315,40.63672555030793,45.72227446495086,43.01552268969733
2019-11-27 19:00:00,42.5,43.56999969482422,42.5,43.56999969482422,41500,44.385399932861326,48.03384998321533,43.03600006103515,1.021399408604631,40.993201243825894,45.07879887824441,49.10890924569449
2019-11-28 19:00:00,45.70000076293945,45.7400016784668,45.20000076293945,45.7400016784668,36500,44.48,47.80254999160766,43.11700019836426,1.1659021588493619,40.78519588066553,45.448804516062985,58.348511828108414
2019-12-01 19:00:00,48.0,48.02000045776367,48.0,48.02000045776367,3000,44.579199981689456,47.60564998626709,43.373000144958496,1.5978411867409064,40.17731777147668,46.56868251844031,66.94820108869237
2019-12-02 19:00:00,50.41999816894531,50.41999816894531,45.619998931884766,46.43000030517578,62000,44.60839996337891,47.422649993896485,43.49700012207031,1.735293590855342,40.02641294035963,46.967587303780995,57.05239180654806
2019-12-03 19:00:00,47.0,48.75,47.0,48.75,40000,44.728799972534176,47.272000007629394,43.84650020599365,2.043570911960607,39.759358382072435,47.933642029914864,65.68206360792941
2019-12-04 19:00:00,51.18000030517578,51.18000030517578,51.18000030517578,51.18000030517578,1500,44.93400001525879,47.15315002441406,44.23600025177002,2.61458544936106,39.006829353047905,49.46517115049214,68.22476779856882
2019-12-05 19:00:00,52.9900016784668,53.0,50.0,51.279998779296875,43000,45.10040000915527,47.03455001831055,44.60800018310547,3.0485415371182905,38.51091710886889,50.70508325734205,69.76273971114983
2019-12-08 19:00:00,51.0,51.0,50.0,50.0,10500,45.200400009155274,46.891050033569336,44.95850009918213,3.2491071130401683,38.460285873101796,51.45671432526247,64.65726511608585
2019-12-09 19:00:00,50.0,51.0,49.0,50.650001525878906,23000,45.274800033569335,46.770450057983396,45.39100017547607,3.4064689461569335,38.578062283162204,52.20393806778994,67.26132899701244
2019-12-10 19:00:00,50.0,51.400001525878906,50.0,50.0,14000,45.316000061035155,46.62860004425049,45.692000198364255,3.5386327962065423,38.61473460595117,52.76926579077734,66.93858282533245
2019-12-11 19:00:00,50.5,50.5,49.5,50.0,11000,45.405000076293945,46.50630004882812,46.04650020599365,3.599871711832542,38.84675678232857,53.246243629658736,65.35947912982706
2019-12-12 19:00:00,49.5,50.0,47.5099983215332,48.02000045776367,6000,45.49980010986328,46.386400051116944,46.255000305175784,3.5866938892598705,39.081612526656045,53.42838808369552,66.05690954476785
2019-12-15 19:00:00,49.20000076293945,49.9900016784668,49.20000076293945,49.599998474121094,1000,45.66940010070801,46.28440004348755,46.562500190734866,3.5971696093906544,39.36816097195356,53.756839409516175,72.60955904716907
2019-12-16 19:00:00,49.0,50.0,49.0,49.810001373291016,7500,45.80560012817383,46.200950050354,46.854500198364256,3.612645099673656,39.62920999901694,54.07979039771157,71.51735054971344
2019-12-18 19:00:00,50.0,50.0,47.31999969482422,47.31999969482422,10000,45.922000122070315,46.120050048828126,47.04600009918213,3.5253688344422063,39.995262430297714,54.096737768066546,59.50329285849351
2019-12-19 19:00:00,45.0,47.9900016784668,45.0,46.22999954223633,8500,45.97520011901855,46.03370004653931,47.210500144958495,3.3981549674558016,40.41419021004689,54.0068100798701,51.313667087612856
2019-12-22 19:00:00,46.22999954223633,47.0,47.0,46.22999954223633,3000,45.98520011901856,45.93485004425049,47.32750015258789,3.3171290900753942,40.6932419724371,53.961758332738675,44.532679855838495
2019-12-23 19:00:00,47.5,47.5,45.0,45.5,5500,45.95660011291504,45.84615003585815,47.51750011444092,3.078042528359412,41.3614150577221,53.67358517115974,47.00193366510456
2019-12-25 19:00:00,46.0,47.5,46.0,47.5,2500,46.01460014343262,45.76745002746582,47.86650009155274,2.601738846169889,42.66302239921296,53.06997778389251,45.885451615884406
2019-12-26 19:00:00,47.0,47.0,47.0,47.0,500,46.03880012512207,45.68745002746582,48.141500091552736,2.143752912444083,43.85399426666457,52.4290059164409,34.238312097421485
2019-12-29 19:00:00,44.70000076293945,45.0,44.650001525878906,45.0,6000,45.977400131225586,45.61320003509522,48.21300010681152,2.0024460876760544,44.20810793145941,52.21789228216363,29.287607974023828
2019-12-30 19:00:00,45.0,45.20000076293945,45.20000076293945,45.0,500,45.869400100708006,45.54400003433228,48.17600002288818,2.0566488414344866,44.06270234001921,52.28929770575716,31.98847895870894
2019-12-31 19:00:00,45.5,46.97999954223633,45.5,45.5,6000,45.72120010375976,45.491500034332276,48.05,2.142126400827549,43.7657471983449,52.3342528016551,31.245446952938366
2020-01-01 19:00:00,47.0,47.77000045776367,47.0,47.77000045776367,16000,45.65440010070801,45.46285003662109,48.11700000762939,2.109497639590254,43.89800472844888,52.335995286809904,42.73615892598022
2020-01-02 19:00:00,48.0,50.0,47.5,49.79999923706055,7000,45.6792000579834,45.45685003280639,48.16949996948242,2.1389409336266976,43.89161810222903,52.447381836735815,49.42462384738754
2020-01-05 19:00:00,47.5,48.400001525878906,47.5,48.400001525878906,5000,45.72440010070801,45.43385004043579,48.03050003051758,2.020029925116807,43.99044018028397,52.07055988075119,51.13095561122692
2020-01-06 19:00:00,45.97999954223633,45.97999954223633,45.97999954223633,45.97999954223633,4500,45.76720008850098,45.386750030517575,47.76550006866455,1.9162835139028864,43.93293304085878,51.598067096470324,39.73923391637207
2020-01-08 19:00:00,45.0,46.5,45.0,46.0,4500,45.77820007324219,45.353500022888184,47.56550006866455,1.8791754652784007,43.80714913810775,51.32385099922135,39.08309109824583
2020-01-09 19:00:00,46.0,47.0,47.0,46.0,500,45.81700004577637,45.308750019073486,47.3329999923706,1.761432187509275,43.81013561735205,50.85586436738915,45.58823604409749
2020-01-13 19:00:00,46.0,46.0,46.0,46.0,5000,45.83740005493164,45.25400001525879,47.13299999237061,1.6672420278892768,43.798515936592054,50.46748404814916,49.17087397278886
2020-01-21 19:00:00,46.0,47.97999954223633,47.97999954223633,46.0,500,45.82860008239746,45.18950000762939,46.932999992370604,1.540304541839436,43.85239090869173,50.01360907604948,49.17087397278886
2020-01-22 19:00:00,44.04999923706055,44.04999923706055,44.04999923706055,44.04999923706055,1000,45.82720008850097,45.115249996185305,46.73449993133545,1.6450932049958742,43.4443135213437,50.0246863413272,45.195491225058795
2020-01-23 19:00:00,42.08000183105469,44.5,42.0,42.0,4000,45.8092000579834,45.030249996185304,46.3545000076294,1.8171219330249648,42.72025614157947,49.988743873679326,31.836194776333755
2020-01-26 19:00:00,42.0,44.310001373291016,42.0,44.290000915527344,5000,45.816000061035155,44.96170000076294,46.078499984741214,1.6785779826144882,42.72134401951224,49.43565594997019,41.99645884340545
2020-01-27 19:00:00,44.0,45.0,42.70000076293945,45.0,7000,45.880800094604496,44.89670000076294,45.9625,1.6683994471285235,42.62570110574295,49.29929889425705,50.0
2020-01-28 19:00:00,44.20000076293945,44.20000076293945,44.20000076293945,44.20000076293945,2000,45.89700012207031,44.837700004577634,45.861000061035156,1.712437173518955,42.43612571399725,49.28587440807306,47.56691209280018
2020-01-29 19:00:00,44.0,44.0,44.0,44.0,1000,45.90020011901856,44.78770000457764,45.74950008392334,1.7591100636381947,42.23127995664695,49.26772021119972,45.35315967557582
2020-02-02 19:00:00,42.20000076293945,42.20000076293945,41.36000061035156,41.36000061035156,4000,45.86760009765625,44.73800001144409,45.54250011444092,2.014988202827766,41.51252370878539,49.57247652009645,30.587521202071073
2020-02-03 19:00:00,43.5,43.5,43.0,43.0,1000,45.88760009765625,44.6985000038147,45.31750011444092,2.03603552759738,41.245429059246156,49.38957116963568,28.908189554496815
2020-02-05 19:00:00,42.0,42.0,42.0,42.0,500,45.848000106811526,44.6589999961853,45.06750011444092,2.1236559076463903,40.820188299148136,49.3148119297337,29.643762630723742
2020-02-06 19:00:00,40.0,40.0,40.0,40.0,500,45.78980010986328,44.6102499961853,44.81750011444092,2.4073721752365245,40.00275576396787,49.63224446491397,30.457516861336742
2020-02-09 19:00:00,40.0,41.9900016784668,41.9900016784668,40.0,2000,45.71280014038086,44.58699998855591,44.56750011444092,2.6361692318127523,39.295161650815416,49.83983857806642,30.366490578096446
2020-02-10 19:00:00,38.0,38.0,37.599998474121094,37.599998474121094,1500,45.59580009460449,44.563849983215334,44.17250003814697,3.0486787303960687,38.07514257735483,50.26985749893911,26.24433998618251
2020-02-11 19:00:00,39.849998474121094,39.849998474121094,39.849998474121094,39.849998474121094,500,45.51340003967285,44.56249998092651,43.77649993896485,3.07108832888997,37.634323281184905,49.91867659674479,34.57099490289079
2020-02-12 19:00:00,41.84000015258789,41.84000015258789,41.099998474121094,41.099998474121094,1000,45.46559997558594,44.57549997329712,43.34149990081787,2.7748561137323327,37.791787673353205,48.89121212828254,38.43248003947978
2020-02-16 19:00:00,40.0,40.0,40.0,40.0,500,45.40680000305176,44.59049997329712,42.92149982452393,2.599047236373577,37.723405351776776,48.11959429727108,40.039351617737644
2020-02-17 19:00:00,38.29999923706055,38.29999923706055,38.25,38.279998779296875,1000,45.29459999084472,44.587649974822995,42.53649978637695,2.690827450933591,37.15484488450977,47.91815468824413,40.69999694824219
2020-02-19 19:00:00,39.95000076293945,39.95000076293945,39.95000076293945,39.95000076293945,2500,45.25959999084473,44.5948999786377,42.23399982452393,2.6201096197770264,36.993780584969876,47.47421906407798,38.802889800330725
2020-02-23 19:00:00,40.0,40.0,40.0,40.0,3000,45.24919998168945,44.599899978637694,41.93399982452392,2.507279001832814,36.919441820858296,46.94855782818955,36.64530001613911
2020-02-25 19:00:00,38.0,42.0,38.0,41.0,3500,45.23919998168945,44.6003999710083,41.68399982452392,2.323025591911551,37.03794864070082,46.33005100834703,41.54333925095242
2020-02-26 19:00:00,40.0,40.0,40.0,40.0,500,45.16779998779297,44.585699977874754,41.383999824523926,2.114368239689344,37.15526334514524,45.612736303902615,39.85801279819247
2020-03-01 19:00:00,40.0,42.79999923706055,40.0,42.70000076293945,10500,45.10699996948242,44.584449977874755,41.316499900817874,2.045195767433012,37.22610836595185,45.406891435683896,53.387259799942484
2020-03-02 19:00:00,43.5,43.5,42.0,42.0,3000,44.98659996032715,44.584449977874755,41.316499900817874,2.045195767433012,37.22610836595185,45.406891435683896,47.3460727456946
2020-03-03 19:00:00,41.25,42.0,41.25,41.459999084472656,3500,44.88719993591309,44.59174997329712,41.17499980926514,1.922883347974514,37.32923311331611,45.02076650521417,48.53100986922939
2020-03-04 19:00:00,42.0,42.099998474121094,42.0,42.099998474121094,3000,44.75419990539551,44.602249965667724,41.02999973297119,1.7176578707309467,37.5946839915093,44.46531547443308,56.16920665971564
2020-03-05 19:00:00,40.0,40.0,40.0,40.0,500,44.53059989929199,44.602249965667724,40.81999969482422,1.5591261934727403,37.70174730787874,43.9382520817697,50.0
2020-03-08 19:00:00,42.0,42.0,40.0,40.0,8500,44.304999923706056,44.61224996566772,40.619999694824216,1.3754733695192904,37.869052955785634,43.3709464338628,57.1770375318728
2020-03-09 19:00:00,40.0,40.0,40.0,40.0,500,44.10499992370605,44.617249965667725,40.55199966430664,1.370572892097003,37.81085388011264,43.293145448500646,50.51831898142583
2020-03-10 19:00:00,40.0,40.0,40.0,40.0,7500,43.891999893188476,44.62224996566773,40.40199966430664,1.2471637081649791,37.907672247976684,42.8963270806366,45.83964306902466
2020-03-16 19:00:00,39.75,39.75,39.75,39.75,1500,43.68699989318848,44.61624996185303,40.28949966430664,1.195854736682936,37.89779019094077,42.68120913767251,48.9894909276836
2020-03-17 19:00:00,36.77000045776367,36.77000045776367,36.77000045776367,36.77000045776367,1500,43.42239990234375,44.585149955749515,40.12799968719482,1.4318321393598987,37.26433540847503,42.99166396591462,44.46075494056433
2020-03-18 19:00:00,34.02000045776367,34.02000045776367,34.02000045776367,34.02000045776367,500,43.14239990234375,44.52999996185303,39.82899971008301,1.9795796094297295,35.86984049122355,43.78815892894247,29.843641487934306
2020-03-19 19:00:00,31.469999313354492,31.469999313354492,31.469999313354492,31.469999313354492,10500,42.779799919128415,44.473349962234494,39.52249975204468,2.6899576381752417,34.1425844756942,44.90241502839516,25.217896005063494
2020-03-23 19:00:00,31.469999313354492,33.83000183105469,33.83000183105469,31.469999313354492,5500,42.412999877929686,44.416699962615965,39.103499794006346,3.2339145125389734,32.6356707689284,45.57132881908429,20.604564763895326
2020-03-24 19:00:00,29.110000610351562,29.110000610351562,29.110000610351562,29.110000610351562,500,42.04879989624023,44.358949966430664,38.503999900817874,3.889269143419506,30.72546161397886,46.28253818765688,19.00967678201947
2020-03-30 19:00:00,26.93000030517578,29.0,26.93000030517578,28.0,32000,41.68419990539551,44.28549997329712,37.90399990081787,4.520700181846426,28.86259953712502,46.945400264510724,4.005002553078128
2020-03-31 19:00:00,27.510000228881836,30.0,27.5,28.0,15000,41.31959991455078,44.203049964904785,37.38999996185303,5.031280012306428,27.32743993724017,47.452559986465886,4.188478015558374
2020-04-01 19:00:00,28.010000228881836,29.0,28.010000228881836,29.0,2500,40.98959991455078,44.136699962615964,36.84249992370606,5.325238626258748,26.19202267118856,47.492977176223555,10.419311386460876
2020-04-02 19:00:00,29.5,29.5,28.600000381469727,29.0,3000,40.61959991455078,44.080449962615965,36.29249992370605,5.545458836442576,25.201582250820902,47.3834175965912,6.622517225507252
2020-04-05 19:00:00,29.5,29.5,29.0,29.0,5000,40.25959991455078,44.01579996109009,35.69249992370605,5.657366686085875,24.3777665515343,47.0072332958778,7.692307692307679
2020-04-06 19:00:00,28.989999771118164,29.899999618530273,28.989999771118164,29.899999618530273,20500,39.95759990692139,43.955349950790406,35.18749990463257,5.7032223628805685,23.78105517887143,46.59394463039371,13.669062378946819
2020-04-14 19:00:00,30.0,30.0,30.0,30.0,1000,39.657599906921384,43.885449953079224,34.5524998664856,5.527044257363928,23.498411351757742,45.606588381213456,14.285714285714292
2020-04-15 19:00:00,30.8799991607666,30.8799991607666,30.8799991607666,30.8799991607666,500,39.36519989013672,43.80974994659424,33.99649982452392,5.292772770963088,23.410954282597746,44.5820453664501,19.354834161282497
2020-04-16 19:00:00,32.20000076293945,33.189998626708984,32.20000076293945,33.189998626708984,9000,39.073599853515624,43.73419994354248,33.582999801635744,4.993587499015594,23.595824803604557,43.57017479966693,30.637538650835594
2020-04-19 19:00:00,33.189998626708984,33.099998474121094,33.099998474121094,33.189998626708984,6000,38.74139984130859,43.67069993972778,33.13749980926514,4.573540519395559,23.99041877047402,42.28458084805625,37.17764303066241
2020-04-21 19:00:00,31.010000228881836,31.010000228881836,31.0,31.0,1000,38.39339981079102,43.607699947357176,32.687499809265134,4.29720338271105,24.093093043843034,41.281906574687234,38.73133965073878
2020-04-22 19:00:00,30.0,30.0,30.0,30.0,2500,38.07379981994629,43.53274993896484,32.187499809265134,3.9709681805017394,24.245563448261656,40.12943617026861,43.79746945464782
2020-04-23 19:00:00,29.0,29.0,29.0,29.0,1000,37.73379981994629,43.46399993896485,31.637499809265137,3.573868413655943,24.489762981953252,38.785236636577025,40.389105162325805
2020-04-26 19:00:00,31.0,31.170000076293945,30.0,31.170000076293945,13500,37.43719982147217,43.39734993934631,31.195999813079833,2.982994565269175,25.230010682541483,37.161988943618184,58.135860194034336
2020-04-27 19:00:00,30.0,30.0,30.0,30.0,2500,37.11719982147217,43.335949945449826,30.708499813079833,2.2073232933642943,26.293853226351246,35.12314639980842,57.861636823352185
2020-04-28 19:00:00,29.600000381469727,32.25,29.5,32.04999923706055,5500,36.83819980621338,43.29304993629456,30.472499752044676,1.7246991556120723,27.023101440820533,33.92189806326882,63.71022395919694
2020-04-29 19:00:00,30.25,30.25,30.200000762939453,30.200000762939453,4500,36.56119983673096,43.230749940872194,30.281499767303465,1.5092178338215623,27.26306409966034,33.29993543494659,53.84123283629913
2020-05-04 19:00:00,30.010000228881836,30.100000381469727,30.0,30.0,2500,36.321199836730955,43.178099946975706,30.207999801635744,1.4838729016636394,27.240253998308464,33.17574560496302,53.160557080979395
2020-05-05 19:00:00,30.0,30.0,30.0,30.0,500,36.03539981842041,43.1153499507904,30.13449983596802,1.4541822304609848,27.22613537504605,33.04286429688999,53.160557080979395
2020-05-06 19:00:00,29.549999237060547,29.549999237060547,29.5,29.520000457763672,3000,35.725799827575685,43.0395999622345,30.154999828338624,1.4418168191038108,27.271366190131005,33.038633466546244,48.76623615484356
2020-05-10 19:00:00,29.520000457763672,29.520000457763672,28.209999084472656,29.520000457763672,4500,35.43219982147217,42.97499997138977,30.230999851226805,1.3599837252910218,27.511032400644762,32.95096730180885,48.43137357565893
2020-05-11 19:00:00,29.520000457763672,29.5,29.5,29.520000457763672,500,35.14259983062744,42.90034996986389,30.30699987411499,1.2681150259097322,27.770769822295524,32.84322992593445,45.2843305978349
2020-05-13 19:00:00,28.510000228881836,29.0,28.510000228881836,29.0,1000,34.89539981842041,42.83034996986389,30.30699987411499,1.2681150259097322,27.770769822295524,32.84322992593445,33.41251172649672
2020-05-18 19:00:00,30.399999618530273,31.170000076293945,30.399999618530273,31.170000076293945,14500,34.65879981994629,42.760449962615965,30.415499877929687,1.2429860972523634,27.92952768342496,32.901472072434416,43.175679341644994
2020-05-19 19:00:00,31.0,31.600000381469727,31.0,31.600000381469727,5000,34.450799827575686,42.682499971389774,30.545499897003175,1.2229531935910238,28.099593509821126,32.991406284185224,52.30061513460778
2020-05-20 19:00:00,32.0,33.79999923706055,32.0,33.79999923706055,10000,34.32679981231689,42.60409996986389,30.740499877929686,1.411070352497899,27.91835917293389,33.56264058292548,63.342695951973376
2020-05-27 19:00:00,33.790000915527344,34.5,33.0,34.5,5500,34.21679981231689,42.54154997825623,30.965499877929688,1.6287591717704946,27.707981534388697,34.223018221470674,69.72740509981838
2020-05-28 19:00:00,34.5,34.5,32.5,34.0,2000,34.14479984283447,42.45454997062683,31.121499919891356,1.7639434396778961,27.593613040535566,34.64938679924715,61.53219339056209
2020-05-31 19:00:00,31.549999237060547,32.5,31.5,32.5,6500,33.99779987335205,42.38054997444153,31.08699998855591,1.727733583488734,27.631532821578443,34.54246715553338,59.920636122038836
2020-06-01 19:00:00,31.549999237060547,33.0,31.549999237060547,33.0,5500,33.83579990386963,42.30089997291565,31.07750005722046,1.71604447514113,27.645411106938198,34.50958900750272,54.29864628294837
2020-06-08 19:00:00,34.5,34.5,34.20000076293945,34.5,4500,33.72579990386963,42.23339997291565,31.25250005722046,1.8784983332444471,27.495503390731564,35.009496723709354,70.09345294606909
2020-06-09 19:00:00,34.25,34.5,32.0,33.189998626708984,22500,33.62399990081787,42.164349966049194,31.41199998855591,1.9018371107895795,27.60832576697675,35.21567421013507,63.50549642578089
2020-06-10 19:00:00,34.189998626708984,34.189998626708984,33.0,33.0,3000,33.484999885559084,42.089899969100955,31.611999988555908,1.844289959151361,27.923420070253187,35.30057990685863,62.5
2020-06-11 19:00:00,33.0,33.0,33.0,33.0,1000,33.34499988555908,42.01369996070862,31.70349998474121,1.866469207359382,27.970561570022447,35.43643839945997,65.10416407965961
2020-06-14 19:00:00,33.0,30.56999969482422,30.56999969482422,33.0,1000,33.18499988555908,41.949549951553344,31.853499984741212,1.8427587846536562,28.1679824154339,35.53901755404853,65.10416407965961
2020-06-17 19:00:00,33.0,33.0,33.0,33.0,8500,33.04499988555908,41.89029995918274,31.901000022888184,1.8602513141804669,28.18049739452725,35.621502651249116,65.10416407965961
2020-06-18 19:00:00,33.0,33.0,33.0,33.0,1000,32.85099987030029,41.83579995155335,32.04099998474121,1.8306249546514612,28.379750075438288,35.70224989404414,68.18181818181819
2020-06-21 19:00:00,33.0,33.0,33.0,33.0,1000,32.67099987030029,41.78814995765686,32.19099998474121,1.7766995845166684,28.637600815707874,35.744399153774545,60.362400563521085
2020-06-22 19:00:00,31.6200008392334,31.6200008392334,31.6200008392334,31.6200008392334,2000,32.47419990539551,41.73624996185303,32.272000026702884,1.7071198554088358,28.857760315885212,35.68623973752055,50.10225184182032
2020-06-23 19:00:00,31.6200008392334,31.6200008392334,30.31999969482422,30.31999969482422,2000,32.23859992980957,41.675399951934814,32.31199998855591,1.6475773209735027,29.016845346608907,35.60715463050292,30.40541033980442
2020-06-25 19:00:00,32.400001525878906,32.59000015258789,32.400001525878906,32.59000015258789,2000,32.09039993286133,41.615299949645994,32.46549997329712,1.5111251880998076,29.443249597097505,35.487750349496736,40.861245416431665
2020-06-28 19:00:00,35.029998779296875,35.029998779296875,33.2599983215332,35.029998779296875,12500,31.990999908447264,41.556249942779544,32.74099988937378,1.4467599008398289,29.847480087694123,35.63451969105344,54.15657316398827
2020-06-29 19:00:00,37.599998474121094,37.650001525878906,37.0,37.599998474121094,10500,31.942999877929687,41.49834993362427,33.17099981307983,1.5506528063234624,30.069694200432906,36.272305425726756,68.94501790867285
2020-06-30 19:00:00,36.0,38.400001525878906,36.0,36.0,3500,31.86299987792969,41.420199928283694,33.412499809265135,1.5980046033996524,30.216490602465832,36.60850901606444,60.30219952966033
2020-07-01 19:00:00,37.9900016784668,38.70000076293945,37.9900016784668,38.70000076293945,10500,31.841999893188476,41.368449935913084,33.76749982833862,1.9286041779067102,29.910291472525202,37.62470818415204,63.32487693606194
2020-07-02 19:00:00,41.0,41.599998474121094,41.0,41.599998474121094,9500,31.938599853515626,41.343449935913085,34.15749979019165,2.6054168960825077,28.946665998026635,39.36833358235667,74.23631825974117
2020-07-05 19:00:00,43.25,44.720001220703125,41.0,43.900001525878906,40500,32.13619987487793,41.34159994125366,34.62749986648559,3.397807180546336,27.831885505392922,41.42311422757827,78.00617173352319
2020-07-06 19:00:00,46.0,46.0,43.29999923706055,44.099998474121094,8000,32.388799858093265,41.35179992675781,35.13249979019165,3.9973066881116694,27.137886413968314,43.12711316641499,78.22991025951977
2020-07-07 19:00:00,44.150001525878906,45.0,44.0,45.0,3000,32.659399871826174,41.35599992752075,35.75749979019165,4.508563545677489,26.740372698836673,44.77462688154663,79.18288284276618
2020-07-08 19:00:00,45.5,45.5,43.29999923706055,43.43000030517578,6000,32.945799865722655,41.34134992599488,36.27899980545044,4.768537088943968,26.7419256275625,45.81607398333838,73.56529959253581
2020-07-09 19:00:00,44.0,45.0,44.0,45.0,7000,33.28579986572266,41.33324993133545,36.80399980545044,5.126907745002608,26.55018431544522,47.057815295455654,75.31645895610555
2020-07-12 19:00:00,45.959999084472656,46.099998474121094,41.630001068115234,45.02000045776367,23500,33.626199874877926,41.33689992904663,37.39549989700318,5.364908850563865,26.665682195875448,48.125317598130906,75.33727186395103
2020-07-13 19:00:00,45.25,45.900001525878906,43.20000076293945,44.5,22500,33.93619987487793,41.348999919891355,37.97049989700317,5.483965597857632,27.002568701287906,48.93843109271844,78.17147832793766
2020-07-14 19:00:00,44.5,45.5,44.099998474121094,44.279998779296875,4000,34.24179985046387,41.34949991226196,38.53449983596802,5.525756357791262,27.482987120385495,49.586012551550546,82.04774992398629
2020-07-15 19:00:00,44.5,44.5,43.0099983215332,43.880001068115234,7000,34.53939987182617,41.33889991760254,39.07849988937378,5.487644768569639,28.103210352234505,50.053789426513056,78.35259458860848
2020-07-16 19:00:00,45.0,45.0,45.0,45.0,4500,34.841399879455565,41.345399913787844,39.67849988937378,5.4439085207771445,28.790682847819493,50.56631693092807,76.81550076581243
2020-07-19 19:00:00,42.54999923706055,43.95000076293945,42.5,42.86000061035156,7500,35.098599891662595,41.35204992294312,40.17149991989136,5.250289541552704,29.670920836785953,50.67207900299677,64.48238790018095
2020-07-20 19:00:00,42.439998626708984,46.06999969482422,42.439998626708984,46.060001373291016,53000,35.40219993591309,41.374699935913085,40.82449998855591,5.121991397292257,30.580517193971392,51.068482783140425,75.45547122422641
2020-07-21 19:00:00,46.11000061035156,47.75,46.04999923706055,46.400001525878906,22500,35.66639999389648,41.40664995193482,41.563500022888185,4.778802500256661,32.005895022374865,51.121105023401505,72.12644188450454
2020-07-22 19:00:00,46.5,46.5,45.11000061035156,46.5,15000,35.932600021362305,41.42914995193482,42.372500038146974,4.09598792977121,34.18052417860456,50.56447589768939,66.78082889722316
2020-07-23 19:00:00,45.0,45.0,44.0,44.0,10500,36.1926000213623,41.42864995956421,42.94300003051758,3.396649065311626,36.14970189989433,49.73629816114083,50.33783278733314
2020-07-26 19:00:00,42.599998474121094,42.599998474121094,40.70000076293945,42.06999969482422,14000,36.43400001525879,41.40749996185303,43.295000076293945,2.8550576796139664,37.58488471706601,49.00511543552188,43.85965236174318
2020-07-27 19:00:00,43.349998474121094,43.349998474121094,43.29999923706055,43.29999923706055,1000,36.72,41.386549949645996,43.58000011444092,2.5216766981776506,38.53664671808562,48.62335351079622,44.95847839254147
2020-07-28 19:00:00,43.400001525878906,45.25,42.310001373291016,42.310001373291016,14500,36.94280002593994,41.382649955749514,43.89550018310547,1.8206982933617848,40.254103596381896,47.53689676982904,46.560198776719005
2020-08-02 19:00:00,41.150001525878906,45.0,41.099998474121094,44.689998626708984,7500,37.23659999847412,41.38239994049072,44.195000076293944,1.353901051058766,41.48719797417641,46.90280217841148,49.093032449047875
2020-08-03 19:00:00,42.09000015258789,43.0,42.09000015258789,42.70000076293945,1500,37.449600028991696,41.383349952697756,44.250000190734866,1.2621702788823008,41.72565963297026,46.77434074849947,43.91395351350616
2020-08-04 19:00:00,43.0,43.5,43.0,43.31999969482422,1500,37.71200000762939,41.39779994964599,44.22100009918213,1.2772088028562132,41.666582493469704,46.77541770489455,46.92066539828569
2020-08-05 19:00:00,42.0,45.0,42.0,45.0,6000,38.012000007629396,41.41059995651245,44.26600017547607,1.2885259532270104,41.68894826902205,46.8430520819301,51.745881807953
2020-08-06 19:00:00,42.25,42.25,42.25,42.25,500,38.257000007629394,41.399049949646,44.12850017547608,1.3512773581781072,41.42594545911986,46.831054891832295,46.45188987028861
2020-08-09 19:00:00,42.0,42.25,41.5,42.25,5000,38.51159999847412,41.37644994735718,44.06950016021729,1.4079529799306263,41.253594200356034,46.88540612007854,43.70709118474595
2020-08-10 19:00:00,41.09000015258789,43.9900016784668,41.060001373291016,43.9900016784668,1500,38.80100002288818,41.35204996109009,44.01900024414063,1.3908306020145964,41.237339040111436,46.80066144816982,52.63403596700473
2020-08-12 19:00:00,40.849998474121094,41.29999923706055,40.849998474121094,41.29999923706055,1000,39.036599998474124,41.30419996261597,43.83300018310547,1.494777401157886,40.843445380789696,46.82255498542124,38.63418501541364
2020-08-16 19:00:00,40.70000076293945,42.5,40.5,40.90999984741211,8000,39.27479999542236,41.27364995956421,43.653500175476076,1.6207124368002728,40.41207530187553,46.89492504907662,36.922336267385816
2020-08-17 19:00:00,41.400001525878906,42.5,40.90999984741211,41.0,5500,39.47139999389648,41.24354995727539,43.48950023651123,1.7170677320766217,40.05536477235799,46.92363570066448,36.892275691027635
2020-08-18 19:00:00,41.70000076293945,41.900001525878906,40.70000076293945,41.88999938964844,4000,39.67719997406006,41.20809995651245,43.39000015258789,1.750579108088661,39.888841936410564,46.89115836876521,44.55343019555203
2020-08-19 19:00:00,41.099998474121094,41.099998474121094,40.20000076293945,40.20000076293945,2500,39.805200004577635,41.151999969482425,43.150000190734865,1.8447366667495748,39.46052685723571,46.839473524234016,45.11239003328738
2020-08-20 19:00:00,40.0099983215332,40.0099983215332,37.5,37.5,3000,39.86520000457764,41.09524997711182,42.88200016021729,2.236773240923197,38.4084536783709,47.35554664206368,35.9223282992279
2020-08-23 19:00:00,39.970001220703125,39.970001220703125,39.970001220703125,39.970001220703125,500,39.9846000289917,41.06444997787476,42.57750015258789,2.1955166891621465,38.18646677426359,46.96853353091218,44.701086134939054
2020-08-24 19:00:00,38.54999923706055,39.79999923706055,38.54999923706055,39.79999923706055,6500,40.13060001373291,41.04429996490479,42.247500038146974,2.0839053695017493,38.079689299143475,46.415310777150474,37.69502085124372
2020-08-25 19:00:00,39.650001525878906,39.650001525878906,39.650001525878906,39.650001525878906,500,40.26360004425049,41.01254997253418,41.90500011444092,1.90328924195969,38.098421630521536,45.7115785983603,41.54187798598401
2020-08-26 19:00:00,39.650001525878906,40.20000076293945,39.650001525878906,40.20000076293945,3000,40.37760005950928,40.99504997253418,41.71500015258789,1.8725677191138332,37.96986471436023,45.460135590815554,41.31403555611629
2020-08-27 19:00:00,40.20000076293945,40.20000076293945,40.20000076293945,40.20000076293945,500,40.517800102233885,40.98054998397827,41.621500205993655,1.900388340729915,37.820723524533825,45.422276887453485,35.25798995010199
2020-08-30 19:00:00,40.20000076293945,43.20000076293945,40.20000076293945,43.20000076293945,9500,40.72180011749268,40.97029998779297,41.616500282287596,1.8958659470196584,37.82476838824828,45.40823217632691,52.87356507519429
2020-08-31 19:00:00,43.0,43.0,43.0,43.0,1000,40.92180011749267,40.97034997940064,41.65100021362305,1.915328319976146,37.820343573670755,45.481656853575345,52.241481917244116
2020-09-01 19:00:00,43.20000076293945,43.5,43.20000076293945,43.34000015258789,7000,41.128600120544434,40.981999988555906,41.58350028991699,1.824212209750146,37.935075870416696,45.231924709417285,47.879969183819114
2020-09-02 19:00:00,43.0,46.59000015258789,43.0,46.59000015258789,57000,41.40040012359619,40.99964998245239,41.77800025939941,2.131087149591401,37.51582596021661,46.040174558582216,66.64569263285662
2020-09-03 19:00:00,48.0,49.15999984741211,47.54999923706055,48.0,13000,41.70040012359619,41.034599990844725,42.012000274658206,2.5290888177602397,36.95382263913773,47.070177910178685,70.96392731095423
2020-09-06 19:00:00,46.04999923706055,47.97999954223633,46.04999923706055,46.5099983215332,6000,41.970600090026856,41.05184997558594,42.087500190734865,2.6429584105572856,36.801583369620296,47.37341701184943,65.04641700784003
2020-09-07 19:00:00,46.5,49.9900016784668,45.25,49.88999938964844,34000,42.33600006103516,41.076449966430665,42.46950016021729,3.167710962244172,36.13407823572894,48.80492208470563,69.23076640924799
2020-09-08 19:00:00,50.04999923706055,53.630001068115234,50.0099983215332,53.630001068115234,35000,42.802200088500975,41.13094997406006,43.038500213623045,4.030716542315709,34.97706712899163,51.09993329825446,79.38730135198846
2020-09-09 19:00:00,57.59000015258789,57.650001525878906,56.5,57.650001525878906,46500,43.303400115966795,41.214599990844725,43.72150020599365,5.190820221234374,33.3398597635249,54.1031406484624,91.68389882484625
2020-09-10 19:00:00,61.970001220703125,61.970001220703125,58.5,58.88999938964844,56000,43.78060012817383,41.2942499923706,44.601000213623045,6.1588488846191725,32.2833024443847,56.91869798286139,91.23800382600459
2020-09-13 19:00:00,60.0,63.29999923706055,59.0,63.29999923706055,62500,44.29460014343262,41.38574998855591,45.72050018310547,7.3687121249582885,30.983075933188893,60.45792443302205,93.23031592373637
2020-09-14 19:00:00,64.69999694824219,68.04000091552734,62.02000045776367,62.369998931884766,88500,44.822000122070314,41.462949981689455,46.78900012969971,8.155557656621578,30.47788481645655,63.100115442942865,90.62946182076465
2020-09-15 19:00:00,59.5,60.5,59.0,60.0,13000,45.248000106811524,41.52324998855591,47.69450016021729,8.577452070263845,30.539596019689597,64.84940430074498,83.24378360036425
2020-09-16 19:00:00,62.0,62.0,57.0,57.540000915527344,15500,45.56680015563965,41.583199996948245,48.56150016784668,8.656040118042968,31.249419931760745,65.87358040393262,76.89205838994936
2020-09-17 19:00:00,58.0,58.04999923706055,54.150001525878906,56.0099983215332,10000,45.80900009155273,41.646849994659426,49.48700008392334,8.396759766240823,32.693480551441695,66.28051961640499,70.81572274927933
2020-09-20 19:00:00,56.0,56.0,55.22999954223633,55.22999954223633,2500,46.03160011291504,41.71739999771118,50.25,8.176897220198907,33.89620555960219,66.60379444039782,69.50557998300118
2020-09-21 19:00:00,57.0,59.369998931884766,56.9900016784668,56.9900016784668,8000,46.271400146484375,41.787350006103516,51.109500122070315,7.9200664946961155,35.269367132678084,66.94963311146255,70.8269755053862
2020-09-22 19:00:00,56.9900016784668,56.9900016784668,56.9900016784668,56.9900016784668,3500,46.5426001739502,41.86480001449585,51.97650012969971,7.539537967631661,36.89742419443638,67.05557606496303,67.61517618678161
2020-09-23 19:00:00,57.47999954223633,57.5,57.45000076293945,57.5,7000,46.7926001739502,41.93445001602173,52.84150009155273,7.096725105892932,38.648049879766866,67.03495030333859,66.59678387196267
2020-09-24 19:00:00,57.5,57.5,53.189998626708984,53.650001525878906,13000,46.9652001953125,41.97405002593994,53.51400012969971,6.442897683379449,40.62820476294081,66.39979549645861,61.52356893132203
2020-09-27 19:00:00,54.79999923706055,54.79999923706055,49.630001068115234,50.029998779296875,7500,47.07580017089844,41.989550018310545,53.855500030517575,6.035574012026451,41.78435200646467,65.92664805457048,50.22421426036908
2020-09-28 19:00:00,49.95000076293945,49.95000076293945,47.0,47.0,1500,47.1302001953125,42.00155002593994,54.05550003051758,5.714666814407839,42.6261664017019,65.48483365933326,39.13470758299593
2020-09-29 19:00:00,50.0,50.0,45.0,45.029998779296875,4500,47.15320014953613,41.99775001525879,54.13999996185303,5.558236418657646,43.023527124537736,65.25647279916832,27.82852573339099
2020-09-30 19:00:00,43.5099983215332,44.5,43.099998474121094,44.47999954223633,5000,47.14280014038086,41.97980001449585,54.034499931335446,5.726560258481889,42.58137941437167,65.48762044829923,24.0547360283109
2020-10-01 19:00:00,47.5,47.7599983215332,47.5,47.7599983215332,1000,47.240800094604495,41.96659999847412,54.02249984741211,5.740106621402462,42.542286604607185,65.50271309021703,20.83333094676091
2020-10-04 19:00:00,48.5,48.5,44.18000030517578,45.5,10500,47.22960006713867,41.92954999923706,53.971999931335446,5.813649891322604,42.34470014869024,65.59929971398066,19.842687707467647
2020-10-05 19:00:00,45.5,46.5,46.5,45.5,500,47.21160003662109,41.9014999961853,53.752499961853026,6.053795789684318,41.64490838248439,65.86009154122166,21.67968581197772
2020-10-06 19:00:00,45.5,48.90999984741211,45.5,46.0,8500,47.201600036621095,41.888699989318845,53.37099990844727,6.297434020737864,40.77613186697154,65.965867949923,25.59221401549503
2020-10-07 19:00:00,49.439998626708984,49.45000076293945,49.0,49.45000076293945,5000,47.31060005187988,41.905249996185304,52.96099987030029,6.27106223058225,40.418875409135794,65.50312433146479,37.16745268939168
2020-10-08 19:00:00,50.11000061035156,53.150001525878906,50.11000061035156,53.150001525878906,3500,47.53220008850098,41.95180000305176,52.67399997711182,6.114837502890851,40.44432497133012,64.90367498289352,46.34831803056606
2020-10-11 19:00:00,57.0,57.130001068115234,57.0,57.130001068115234,5000,47.80880012512207,42.010200004577634,52.36550006866455,5.691517962486409,40.982464143691736,63.74853599363737,50.228012057923756
2020-10-12 19:00:00,59.900001525878906,59.900001525878906,58.0,59.880001068115234,3500,48.160200119018555,42.08930000305176,52.241000175476074,5.484628668173665,41.27174283912875,63.2102575118234,54.31987990031836
2020-10-13 19:00:00,56.11000061035156,60.45000076293945,56.11000061035156,60.45000076293945,1500,48.47540016174317,42.166650009155276,52.26350021362305,5.518949977653432,41.225600258316184,63.30140016892991,54.401672501791516
2020-10-15 19:00:00,62.0,64.48999786376953,55.959999084472656,60.0,4500,48.82140014648437,42.234450016021725,52.38650016784668,5.668132328496558,41.05023551085356,63.72276482483979,60.544666797412845
2020-10-19 19:00:00,63.79999923706055,63.79999923706055,57.0099983215332,57.5,3000,49.10500015258789,42.3013500213623,52.46100025177002,5.727743627510146,41.00551299674972,63.91648750679031,62.88375607305377
2020-10-20 19:00:00,55.5099983215332,55.5099983215332,55.5,55.5099983215332,3500,49.315200119018556,42.36440000534058,52.47500019073486,5.735205252052197,41.00458968663047,63.94541069483925,65.22361017753013
2020-10-21 19:00:00,59.63999938964844,58.88999938964844,56.0099983215332,56.0099983215332,5000,49.59040008544922,42.424699993133544,52.42600002288818,5.698670017513881,41.02865998786042,63.82334005791594,70.73262789284215
2020-10-25 19:00:00,58.7400016784668,60.209999084472656,58.25,60.209999084472656,13500,49.949600067138675,42.51694999694824,52.58699989318848,5.877092328495756,40.832815236196964,64.34118455017999,76.10354959277191
2020-10-26 19:00:00,60.29999923706055,60.29999923706055,58.0099983215332,58.04999923706055,7500,50.230800018310546,42.5902499961853,52.6144998550415,5.902522820746307,40.80945421354889,64.41954549653411,67.73526397413843
2020-10-27 19:00:00,59.0,61.900001525878906,59.0,61.5,4500,50.634800033569334,42.678549995422365,53.006999778747556,6.227082034623779,40.5528357095,65.46116384799511,76.49006220987147
2020-10-28 19:00:00,58.0,58.0,56.88999938964844,56.88999938964844,3500,50.95440002441406,42.74804998397827,53.349999809265135,6.243382320764977,40.86323516773518,65.83676445079509,66.36023799499279
2020-11-01 19:00:00,52.630001068115234,58.0,52.630001068115234,58.0,4500,51.29440002441406,42.828049983978275,53.89999980926514,6.138174927870987,41.62364995352316,66.17634966500711,66.93957938392326
2020-11-02 19:00:00,58.0,58.0,55.0,58.0,5500,51.616600036621094,42.89814998626709,54.54849987030029,5.829095236135741,42.890309398028805,66.20669034257178,63.37190786737933
2020-11-03 19:00:00,58.45000076293945,58.45000076293945,58.45000076293945,58.45000076293945,500,51.981600036621096,42.97584999084473,55.24699993133545,5.37869891242825,44.489602106478955,66.00439775619195,59.227016552622025
2020-11-04 19:00:00,57.099998474121094,61.29999923706055,57.04999923706055,59.18000030517578,1500,52.41520004272461,43.0525,55.81800003051758,5.143059269748138,45.53188149102131,66.10411857001385,54.024340070234146
2020-11-05 19:00:00,57.0,57.0,57.0,57.0,500,52.755800018310545,43.1202499961853,56.39300003051758,4.535785278084039,47.3214294743495,65.46457058668565,44.216866565441876
2020-11-10 19:00:00,53.04999923706055,59.0,53.04999923706055,59.0,4500,53.13980003356934,43.19539999008179,57.06800003051758,3.7691274493876015,49.52974513174238,64.60625492929279,47.24648603868911
2020-11-11 19:00:00,57.0,57.0,57.0,57.0,2000,53.486800003051755,43.26294998168945,57.61800003051758,2.7277724881342844,52.16245505424901,63.07354500678615,44.61980008143857
2020-11-19 19:00:00,58.0,58.0,57.0,57.0,1500,53.82279998779297,43.333249988555906,57.995499992370604,1.9492198138581012,54.0970603646544,61.893939620086805,49.014972608735384
2020-11-23 19:00:00,53.0,58.77000045776367,53.0,55.75,2500,54.13379997253418,43.392549991607666,58.12549991607666,1.6766996874451343,54.7721005411864,61.47889929096693,50.48701632965792
2020-11-25 19:00:00,58.58000183105469,59.93000030517578,58.58000183105469,59.91999816894531,22000,54.4681999206543,43.48364997863769,58.26499977111816,1.7053339976583182,54.854331775801526,61.6756677664348,56.90568643189998
2020-11-26 19:00:00,62.0,64.41000366210938,60.5099983215332,64.41000366210938,60500,54.89639999389649,43.60309999465942,58.49149990081787,2.1689424330975378,54.153615034622796,62.82938476701295,57.34266377852352
2020-11-29 19:00:00,64.8499984741211,69.23999786376953,64.8499984741211,69.13999938964844,38500,55.412399978637694,43.74129999160767,58.92599983215332,3.2049380174137094,52.5161237973259,65.33587586698074,67.78954033818752
2020-11-30 19:00:00,69.13999938964844,74.30000305175781,69.13999938964844,72.0,22500,55.92059997558594,43.883449993133546,59.52599983215332,4.339154236303165,50.847691359546985,68.20430830475965,67.16808268686401
2020-12-02 19:00:00,70.0,77.4000015258789,70.0,77.4000015258789,40000,56.508600006103514,44.041749992370605,60.520999908447266,5.863857579017594,48.79328475041208,72.24871506648245,82.69046914327282
2020-12-03 19:00:00,77.98999786376953,82.0,73.55000305175781,77.88999938964844,11500,57.13620002746582,44.19109998703003,61.63999996185303,6.900955205112819,47.83808955162739,75.44191037207867,82.34146242219258
2020-12-06 19:00:00,74.0999984741211,80.0,74.0999984741211,80.0,5000,57.738400039672854,44.358949985504154,62.83950004577637,7.885553566726682,47.068392912323006,78.61060717922973,83.47534934778662
2020-12-07 19:00:00,79.94999694824219,79.94999694824219,78.0,78.0,1500,58.225800018310544,44.50519998550415,63.729000091552734,8.548805465795821,46.63138915996109,80.82661102314438,78.40743871513102
2020-12-09 19:00:00,77.0,77.0,77.0,77.0,4000,58.61279998779297,44.63429998397827,64.6765001296997,8.927994660107627,46.820510809484446,82.53248944991496,75.69204085641933
2020-12-10 19:00:00,77.0,73.0,73.0,77.0,2000,58.975,44.762899990081785,65.45150012969971,9.302627473621573,46.84624518245656,84.05675507694286,80.76923076923077
2020-12-14 19:00:00,77.0,78.5,71.30000305175781,71.30000305175781,5000,59.13500007629395,44.86940000534057,66.17200031280518,9.161595935370409,47.84880844206437,84.495192183546,66.9889559235931
2020-12-15 19:00:00,74.54000091552734,74.54000091552734,70.0,74.54000091552734,4000,59.3784001159668,44.98885000228882,66.99900035858154,9.131568220183093,48.73586391821536,85.26213679894772,73.42414976764374
2020-12-16 19:00:00,76.70999908447266,76.70999908447266,76.68000030517578,76.68000030517578,1500,59.712000122070314,45.1222500038147,67.93300037384033,9.117992210255817,49.697015953328695,86.16898479435196,74.8610449573415
2020-12-17 19:00:00,70.94999694824219,75.69999694824219,70.94999694824219,71.18000030517578,4500,59.98480010986328,45.228150005340574,68.56950035095215,8.861896373908333,50.84570760313549,86.29329309876883,67.60210169568234
2020-12-20 19:00:00,65.86000061035156,74.9800033569336,65.86000061035156,74.9800033569336,2000,60.36420021057129,45.362950019836425,69.35950050354003,8.683259066654708,51.99298237023062,86.72601863684945,67.32628337004371
2020-12-21 19:00:00,73.9000015258789,73.9000015258789,69.41999816894531,69.41999816894531,4000,60.64800018310547,45.46205001831055,69.98050041198731,8.182504962929203,53.615490486128905,86.34551033784571,55.62541505072442
2020-12-22 19:00:00,65.16999816894531,65.16999816894531,65.0,65.05999755859375,6000,60.80940010070801,45.53829999923706,70.28350028991699,7.860354024473072,54.56279224097084,86.00420833886312,45.380433092496034
2020-12-23 19:00:00,65.0,67.2300033569336,63.0,67.2300033569336,9000,61.014200134277345,45.637850017547606,70.79500045776368,7.260411607674786,56.274177242414105,85.31582367311324,44.513462535152335
2020-12-27 19:00:00,63.5,65.0,63.5,64.08000183105469,5000,61.14580017089844,45.7271000289917,71.14900054931641,6.703654954280463,57.741690640755486,84.55631045787734,33.84279859901987
2020-12-28 19:00:00,64.0,64.0,64.0,64.0,1000,61.35280014038086,45.815950031280515,71.5615005493164,5.913484461765095,59.73453162578622,83.3884694728466,32.98211832007553
2020-12-29 19:00:00,62.0,63.0,59.20000076293945,59.5099983215332,43500,61.542400131225584,45.88600002288818,71.5410005569458,5.95651962311948,59.627961310706844,83.45403980318477,26.27923698660034
2020-12-30 19:00:00,59.5,59.5099983215332,59.0,59.130001068115234,2500,61.78500015258789,45.94415002822876,71.2770004272461,6.3904133159283765,58.49617379538934,84.05782705910285,27.303351123931378
2020-12-31 19:00:00,59.59000015258789,62.0,59.099998474121094,61.68000030517578,10000,62.118000183105465,46.01755002975464,70.90400047302246,6.730384063534131,57.4432323459542,84.36476860009073,32.23562614984962
2021-01-03 19:00:00,60.31999969482422,61.0,60.29999923706055,61.0,3500,62.44840019226074,46.097550029754636,70.35400047302247,7.0766529912668235,56.20069449048882,84.50730645555612,31.735164271449605
2021-01-04 19:00:00,62.75,62.75,60.0,60.11000061035156,2500,62.69540023803711,46.173100032806396,69.4895004272461,7.2251298636441,55.0392406999579,83.9397601545343,35.650168408212195
2021-01-05 19:00:00,60.0,61.0,60.0,61.0,6500,63.00540023803711,46.250600032806396,68.64500045776367,7.178502849706685,54.2879947583503,83.00200615717705,31.52293190185071
2021-01-06 19:00:00,60.0,60.0,60.0,60.0,2500,63.29540023803711,46.31175003051758,67.64500045776367,6.901133310483548,53.842733836796576,81.44726707873076,26.507051921553526
2021-01-07 19:00:00,60.5,62.0,60.0,60.0,3000,63.57540023803711,46.36275003433227,66.74500045776367,6.648732348080169,53.447535761603326,80.042465153924,31.366675635439236
2021-01-10 19:00:00,59.0,60.0,59.0,59.4900016784668,2000,63.77620025634766,46.41820003509522,65.86950054168702,6.374485260982083,53.12053001972285,78.61847106365119,21.00337781240981
2021-01-11 19:00:00,60.5,60.5,59.5,59.5,1500,63.903200225830076,46.48580003738403,64.99450054168702,5.953403287930668,53.08769396582568,76.90130711754836,26.55955469726885
2021-01-12 19:00:00,61.0,63.900001525878906,61.0,63.83000183105469,15000,64.03720024108887,46.57495004653931,64.62100048065186,5.768443431823576,53.084113617004704,76.15788734429901,47.089457067424625
2021-01-13 19:00:00,68.56999969482422,68.61000061035156,66.01000213623047,68.61000061035156,62500,64.2118002319336,46.68800004959107,64.32450046539307,5.370441323252875,53.58361781888732,75.06538311189883,52.90648141869472
2021-01-14 19:00:00,71.98999786376953,72.0,64.66000366210938,66.0,17000,64.3228002166748,46.78800004959106,63.790500450134275,4.544730680441697,54.701039089250884,72.87996181101767,54.137927632552525
2021-01-17 19:00:00,61.5,64.94999694824219,61.04999923706055,63.95000076293945,5500,64.40180023193359,46.87775005340576,63.42900047302246,4.200526594621362,55.02794728377974,71.83005366226519,49.90067690052519
2021-01-18 19:00:00,61.0,65.5,61.0,63.439998626708984,5500,64.52060020446777,46.974700050354,62.85200023651123,3.2049297360463664,56.4421407644185,69.26185970860396,59.273245085808206
2021-01-19 19:00:00,62.5,63.439998626708984,60.25,60.83000183105469,12500,64.6270002746582,47.06885005950928,62.422500419616696,2.8323358084418326,56.75782880273303,68.08717203650036,53.62937910493368
2021-01-20 19:00:00,61.70000076293945,61.70000076293945,60.83000183105469,61.52000045776367,6500,64.73720031738281,47.15500005722046,62.245500564575195,2.768734582261407,56.708031400052384,67.78296972909801,49.628942732283015
2021-01-21 19:00:00,61.5,61.52000045776367,61.0,61.0,3000,64.75300033569336,47.23500005722046,61.934000396728514,2.517489236177848,56.89902192437282,66.96897886908421,50.0
2021-01-25 19:00:00,61.0099983215332,61.0099983215332,61.0099983215332,61.0099983215332,1000,64.81220031738282,47.31905004501343,61.78050022125244,2.4729537062575684,56.8345928087373,66.72640763376758,52.192977645531585
2021-01-26 19:00:00,61.5,62.0,59.5,62.0,4000,64.82220031738281,47.40905004501343,61.680500221252444,2.4183128255000024,56.84387457025244,66.51712587225245,52.424830836081206
2021-01-28 19:00:00,60.0099983215332,63.0,60.0099983215332,61.5099983215332,4500,64.91460029602051,47.509800033569334,61.78050022125244,2.3645906947325623,57.05131883178731,66.50968161071756,53.75434749412668
2021-01-31 19:00:00,62.5,62.5,62.5,62.5,500,65.00460029602051,47.60730003356934,61.94900016784668,2.2844921518968873,57.3800158640529,66.51798447164045,55.92417104452927
2021-02-01 19:00:00,63.0,63.0,60.5,60.5,1000,65.05460029602051,47.69980003356934,61.89000015258789,2.306932389831084,57.27613537292572,66.50386493225005,52.23549870453962
2021-02-02 19:00:00,61.54999923706055,61.54999923706055,61.54999923706055,61.54999923706055,500,65.11660026550292,47.80755002975464,61.91750011444092,2.299029307369088,57.31944149970274,66.51555872917909,54.33770449512733
2021-02-09 19:00:00,60.099998474121094,60.099998474121094,60.099998474121094,60.099998474121094,500,65.13500022888184,47.908050022125245,61.9170000076294,2.29944423628433,57.31811153506074,66.51588848019806,41.012040103774474
2021-02-10 19:00:00,59.0,59.0,59.0,59.0,500,65.17500022888184,48.01505002975464,61.817000007629396,2.3833792037706463,57.0502416000881,66.58375841517069,21.851198646285255
2021-02-11 19:00:00,57.5,60.0,57.5,57.5,12500,65.14500022888184,48.10330003738403,61.692000007629396,2.5438463644078477,56.6043072788137,66.77969273644509,23.370925790749013
2021-02-14 19:00:00,56.0,56.0,56.0,56.0,1500,65.12500022888183,48.17780004501343,61.49200000762939,2.8255221431719577,55.840955721285475,67.1430442939733,24.20505891739336
2021-02-15 19:00:00,55.0,60.20000076293945,55.0,60.189998626708984,8500,65.18880020141602,48.278750038146974,61.5269998550415,2.803669050492654,55.91966175405619,67.13433795602681,41.4876882570447
2021-02-16 19:00:00,60.0,60.0,60.0,60.189998626708984,2000,65.27760017395019,48.388300037384035,61.561499786376956,2.7815717037230128,55.99835637893093,67.12464319382298,48.058242651325784
2021-02-17 19:00:00,59.0,64.69999694824219,59.0,64.69999694824219,8000,65.37320014953613,48.512050018310546,61.60499954223633,2.8253728216889273,55.954253898858475,67.25574518561419,57.83250396550011
2021-02-18 19:00:00,61.0,66.0,61.0,65.9800033569336,7500,65.40460014343262,48.64195003509521,61.47349967956543,2.5277062015517697,56.41808727646189,66.52891208266897,61.823366880683324
2021-02-21 19:00:00,62.5099983215332,66.98999786376953,62.5099983215332,66.98999786376953,9000,65.36160011291504,48.771900024414066,61.5229995727539,2.6286900526269874,56.26561946749993,66.78037967800788,63.55394190835493
2021-02-22 19:00:00,66.98999786376953,66.98999786376953,66.98999786376953,66.98999786376953,2000,65.26140007019043,48.90685001373291,61.67499942779541,2.8545980718185486,55.96580328415831,67.38419557143251,61.84147588050348
2021-02-23 19:00:00,62.0,65.9800033569336,62.0,64.98999786376953,4000,65.01319999694825,49.01829999923706,61.752499389648435,2.925205709883573,55.902087969881286,67.60291080941558,57.70593411858439
2021-02-24 19:00:00,62.0,64.0,62.0,63.0,3500,64.71540000915527,49.12329999923706,61.860999298095706,2.929429187097249,56.00214092390121,67.7198576722902,51.06022078657848
2021-02-25 19:00:00,60.0,60.0,58.279998779296875,59.099998474121094,3500,64.2973999786377,49.2114999961853,61.73999919891357,2.9935331769013045,55.75293284511096,67.72706555271618,47.252743797822205
2021-03-01 19:00:00,58.0,59.5,58.0,59.5,1000,63.927399978637695,49.298500003814695,61.66499919891358,3.0315974106046255,55.601804377704326,67.72819402012283,45.87193032454119
2021-03-08 19:00:00,59.5,59.5,59.5,59.5,500,63.57739997863769,49.3960000038147,61.58949928283691,3.0673601282835077,55.4547790262699,67.72421953940393,48.71685512274092
2021-03-10 19:00:00,55.5,59.0,55.040000915527344,58.0,3000,63.1973999786377,49.486000003814695,61.389499282836915,3.1679418791002028,55.05361552463651,67.72538304103732,47.897392659097584
2021-03-11 19:00:00,55.900001525878906,60.0,55.900001525878906,60.0,4000,62.97139991760254,49.586000003814696,61.31399936676026,3.1828772379877326,54.94824489078479,67.67975384273572,55.14827044005395
2021-03-15 19:00:00,61.95000076293945,61.95000076293945,61.95000076293945,61.95000076293945,500,62.719599914550784,49.69575000762939,61.286499404907225,3.1744557597846312,54.93758788533796,67.63541092447649,62.02992493545634
2021-03-17 19:00:00,57.310001373291016,60.0,57.310001373291016,60.0,1500,62.38599990844727,49.79700000762939,61.26149940490723,3.1829332503763355,54.89563290415455,67.6273659056599,49.577593124657476
2021-03-21 19:00:00,55.5,58.0,55.5,55.5,16000,62.07239990234375,49.890650005340575,60.958999443054196,3.4318303858823933,54.09533867128941,67.82266021481898,41.31159997212826
2021-03-23 19:00:00,55.5,56.0,55.5,56.0,3500,61.69279983520508,50.00055000305176,60.75399951934814,3.6039819322305715,53.546035654887,67.96196338380929,31.07050548881405
2021-03-25 19:00:00,56.599998474121094,56.599998474121094,56.599998474121094,56.599998474121094,1000,61.43639984130859,50.12619999885559,60.6339994430542,3.7040251192218854,53.22594920461043,68.04204968149797,28.968594600235036
2021-03-28 19:00:00,55.0,56.599998474121094,55.0,55.0,1000,61.23519989013672,50.243850002288816,60.5089994430542,3.854482945787583,52.80003355147903,68.21796533462937,23.80952777746299
2021-03-30 19:00:00,53.11000061035156,53.11000061035156,53.11000061035156,53.11000061035156,500,60.95279983520508,50.36385000228882,60.364499473571776,4.0799912263401765,52.20451702089142,68.52448192625212,21.9935473422735
2021-04-01 19:00:00,51.0,51.0,51.0,51.0,7500,60.69119979858399,50.478850002288816,59.904999542236325,4.586713281690423,50.73157297885548,69.07842610561717,21.8963475154044
2021-04-04 19:00:00,48.0099983215332,48.0099983215332,47.18000030517578,47.31999969482422,4000,60.35759979248047,50.57545000076294,59.26149959564209,5.379003962269714,48.503491671102665,70.01950752018152,20.504139907815784
2021-04-05 19:00:00,47.25,47.25,47.0099983215332,47.0099983215332,1500,60.10759979248047,50.665499992370606,58.37699966430664,5.869704629620432,46.63759040506577,70.1164089235475,23.705960700490536
2021-04-08 19:00:00,49.9900016784668,49.9900016784668,49.5,49.5,1000,59.91499977111816,50.767999992370605,57.55299949645996,5.902859024942432,45.747281446575094,69.35871754634482,30.063797308782995
2021-04-12 19:00:00,49.5,49.5,47.04999923706055,47.04999923706055,1500,59.62239974975586,50.85824998855591,56.55599956512451,5.908989795669642,44.73801997378523,68.37397915646379,27.388304413644505
2021-04-14 19:00:00,47.029998779296875,47.029998779296875,47.0099983215332,47.0099983215332,2000,59.34259971618653,50.94379998207092,55.556999588012694,5.738626499260901,44.079746589490895,67.03425258653449,28.922132337932084
2021-04-15 19:00:00,47.470001220703125,47.470001220703125,47.470001220703125,47.470001220703125,500,59.08979972839356,51.03114998817444,54.680999755859375,5.557240037560096,43.566519680739184,65.79547983097956,24.459854248433302
2021-04-18 19:00:00,48.5,48.5,48.5,48.5,500,58.83979972839356,51.119249992370605,53.955999755859374,5.3570509993646604,43.241897757130054,64.6701017545887,21.51631037250084
2021-04-20 19:00:00,48.11000061035156,48.11000061035156,48.11000061035156,48.11000061035156,500,58.60199974060058,51.19385000228882,53.4064998626709,5.365277710620808,42.67594444142928,64.13705528391252,23.038553868361987
2021-04-22 19:00:00,48.11000061035156,48.11000061035156,48.11000061035156,48.11000061035156,3000,58.364199752807615,51.26845001220703,52.83699989318848,5.288385732363188,42.2602284284621,63.413771357914854,28.945874345850186
2021-04-25 19:00:00,47.11000061035156,47.11000061035156,47.11000061035156,47.11000061035156,1000,58.11659973144531,51.34900001525879,52.21749992370606,5.191596425953357,41.834307071799344,62.60069277561277,25.373967073144954
2021-04-26 19:00:00,49.5,49.5,47.81999969482422,49.5,5500,57.91659973144531,51.44650001525879,51.79249992370605,5.038983785669003,41.714532352368046,61.87046749504406,32.106862262153484
2021-05-04 19:00:00,46.0099983215332,46.0099983215332,46.0,46.0,1000,57.55999969482422,51.531500015258786,51.09249992370606,4.805839606344287,41.480820711017486,60.70417913639463,29.300833197052413
2021-05-05 19:00:00,46.0,49.45000076293945,46.0,49.29999923706055,3500,57.173799667358395,51.62215001106262,50.45999984741211,4.079166577827791,42.30166669175652,58.61833300306769,41.77105724763477
2021-05-16 19:00:00,47.5,49.4900016784668,47.5,49.4900016784668,2500,56.84359970092773,51.71960001945496,49.93449993133545,3.4071031816990365,43.12029356793738,56.74870629473352,46.443716883075346
2021-05-17 19:00:00,49.4900016784668,49.4900016784668,49.4900016784668,49.4900016784668,1000,56.55439971923828,51.806800031661986,49.63400001525879,3.145384868220577,43.343230278817636,55.92476975169995,56.18233941489306
2021-05-18 19:00:00,47.0,48.849998474121094,45.779998779296875,46.18000030517578,21500,56.20919975280762,51.886700029373166,49.14300003051758,2.852127662923007,43.438744704671564,54.84725535636359,47.980540780956446
2021-05-19 19:00:00,46.75,49.63999938964844,45.5,49.63999938964844,12000,55.98539970397949,51.98490002632141,48.795000076293945,2.256873887282824,44.2812523017283,53.30874785085959,50.3252773277271
2021-05-20 19:00:00,51.0,53.36000061035156,51.0,53.36000061035156,3000,55.82219970703125,52.10170002937317,48.71300010681152,2.038818556777364,44.63536299325679,52.79063722036625,63.843791276011785
2021-05-23 19:00:00,55.04999923706055,57.2599983215332,53.5,53.5,3000,55.67219970703125,52.22160002708435,48.732500076293945,2.08444099050174,44.563618095290465,52.901382057297425,64.17649796841151
2021-05-25 19:00:00,53.5,53.5,53.5,53.5,500,55.521999740600585,52.34150002479553,48.857500076293945,2.292183402156615,44.27313327198071,53.44186688060718,63.44181608839621
2021-05-26 19:00:00,57.38999938964844,57.38999938964844,53.0,53.0,1500,55.341999740600585,52.45890002250671,49.141500091552736,2.4388442933279406,44.26381150489686,54.019188678208614,60.273971886902416
2021-05-27 19:00:00,53.900001525878906,54.0,53.900001525878906,53.95000076293945,1500,55.19079978942871,52.58365002632141,49.48850021362305,2.6074939114997693,44.27351239062351,54.70348803662259,63.00088913346428
2021-05-31 19:00:00,52.5,55.5,52.5,55.0,10000,55.04079978942871,52.70280002593994,49.76350021362305,2.8841259108382613,43.995248391946525,55.53175203529957,64.65333637513902
2021-06-01 19:00:00,56.0,56.0,56.0,56.0,500,54.950799789428714,52.82480002403259,50.21100025177002,3.1252046625582848,43.960590926653445,56.46140957688659,68.90684513368963
2021-06-02 19:00:00,56.0,56.0,56.0,56.0,2500,54.8397998046875,52.93580002784729,50.66050033569336,3.2831008905520327,44.094298554589294,57.22670211679742,65.38825557456883
2021-06-03 19:00:00,56.0,57.900001525878906,56.0,57.70000076293945,2000,54.79179985046387,53.05180003166199,51.172000312805174,3.546227905699396,44.07954450140638,58.26445612420397,80.2794995797318
2021-06-06 19:00:00,59.9900016784668,59.9900016784668,56.04999923706055,56.04999923706055,1500,54.73279983520508,53.16205002784729,51.5495002746582,3.6472345560747086,44.255031162508786,58.843969386807615,69.10016351164464
2021-06-07 19:00:00,59.9900016784668,59.9900016784668,58.5,58.9900016784668,2000,54.762599868774416,53.294500036239626,52.09350032806397,3.9092081596276165,44.27508400880873,59.9119166473192,73.2615017199759
2021-06-08 19:00:00,56.5,56.5,56.5,56.5,1500,54.772599868774414,53.412000036239625,52.513000297546384,3.9094058314230318,44.69418863470032,60.33181196039245,65.29898741549931
2021-06-09 19:00:00,56.5,56.599998474121094,56.5,56.599998474121094,1000,54.70079986572266,53.52250002861023,52.98750019073486,3.793302759249733,45.400894672235395,60.57410570923433,76.44668971492018
2021-06-10 19:00:00,56.5,56.5,56.5,56.5,1000,54.626999893188476,53.639050035476686,53.337500190734865,3.777487106620588,45.78252597749369,60.89247440397604,70.99142883957124
2021-06-14 19:00:00,56.5,56.5,56.5,56.5,500,54.46299995422363,53.756550035476685,53.86250019073486,3.416436770792015,47.029626649150835,60.69537373231889,62.440565397257416
2021-06-15 19:00:00,56.5,56.5,56.5,56.5,1500,54.27339988708496,53.874050035476685,54.222500228881835,3.2872701337275974,47.647959961426636,60.79704049633703,62.01922753623809
2021-06-16 19:00:00,58.099998474121094,58.099998474121094,57.0,57.0,2000,54.07359992980957,53.99405003547668,54.5980001449585,3.144039577386315,48.309920990185866,60.88607929973113,63.48227694459873
2021-06-17 19:00:00,55.0,56.5,55.0,56.5,1000,53.86379997253418,54.11155003547668,54.948500061035155,2.927938593247711,49.092622874539735,60.804377247530574,63.48227694459873
2021-06-21 19:00:00,56.0,58.20000076293945,56.0,58.20000076293945,5500,53.72800003051758,54.237550039291385,55.54950008392334,2.1684982920093416,51.212503499904656,59.886496667942026,65.47705375415575
2021-06-22 19:00:00,57.5,58.04999923706055,57.5,58.02000045776367,2500,53.628400039672854,54.3626500415802,55.9685001373291,1.732282715970125,52.50393470538885,59.43306556926935,61.74183288724726
2021-06-23 19:00:00,58.0,58.0,57.0,57.0,8000,53.58640007019043,54.489550037384035,56.15050010681152,1.6321201445640343,52.88625981768345,59.41474039593959,53.88198610597746
2021-06-24 19:00:00,57.0,57.0,57.0,57.0,10000,53.53640007019043,54.62295003890991,56.325500106811525,1.5165144664460197,53.29247117391949,59.35852903970356,53.88198610597746
2021-06-27 19:00:00,54.0099983215332,57.0,54.0099983215332,54.0099983215332,5500,53.426600036621096,54.730050029754636,56.351000022888186,1.4700805413219933,53.4108389402442,59.291161105532176,36.97953094049344
2021-06-28 19:00:00,55.0,55.0,55.0,55.0,500,53.366600036621094,54.82990003585815,56.45100002288818,1.2867257318265002,53.87754855923518,59.02445148654118,46.11399417263601
2021-06-29 19:00:00,56.0,56.0,55.0,55.0,31500,53.26660003662109,54.91690004348755,56.50349998474121,1.1976485276137026,54.10820292951381,58.89879703996861,31.125826141530638
2021-06-30 19:00:00,54.0,55.0,51.0,55.0,2000,53.127600021362305,55.01190004348755,56.50349998474121,1.1976485276137026,54.10820292951381,58.89879703996861,40.71782388566486
2021-07-01 19:00:00,56.0,56.0,56.0,56.0,500,53.04760002136231,55.09840003967285,56.50349998474121,1.1976485276137026,54.10820292951381,58.89879703996861,46.65925250652704
2021-07-06 19:00:00,57.0,57.0,56.5,57.0,1500,53.07760002136231,55.17540004730225,56.55349998474121,1.1963954184555552,54.1607091478301,58.94629082165232,52.53036312193434
2021-07-07 19:00:00,58.0,58.5,58.0,58.5,12500,53.127600021362305,55.24840003967285,56.593499946594235,1.2489632813437836,54.09557338390667,59.0914265092818,58.78734245105926
2021-07-08 19:00:00,58.75,62.880001068115234,58.75,62.880001068115234,16500,53.25320007324219,55.34230005264282,56.935000038146974,1.8712581380305298,53.192483762085914,60.677516314208034,70.24111249697741
2021-07-11 19:00:00,62.0,63.5,62.0,62.88999938964844,10500,53.41100006103515,55.431750049591066,57.12999992370605,2.2595879898203575,52.61082394406534,61.649175903346766,69.2861746616237
2021-07-12 19:00:00,60.0,67.5999984741211,60.0,67.5999984741211,13500,53.700800018310545,55.55260004043579,57.68499984741211,3.245016350835566,51.194967145740975,64.17503254908324,78.49075092733551
2021-07-13 19:00:00,69.9000015258789,72.66999816894531,66.0,72.66999816894531,18500,54.134199981689456,55.690950031280515,58.48849983215332,4.648334129632021,49.191831572889285,67.78516809141736,81.66301084592615
2021-07-14 19:00:00,78.12000274658203,78.12000274658203,77.9000015258789,77.9000015258789,18000,54.74580001831055,55.8553500366211,59.55849990844727,6.326583249278546,46.905333409890176,72.21166640700436,85.62723523784223
2021-07-15 19:00:00,83.73999786376953,83.73999786376953,83.73999786376953,83.73999786376953,11500,55.480400009155275,56.05155002593994,60.92049980163574,8.267810134820438,44.38487953199487,77.45612007127662,90.86185340184244
2021-07-18 19:00:00,90.0199966430664,90.0199966430664,78.0,90.0199966430664,21500,56.290799942016605,56.28025001525879,62.596499633789065,10.437375636230932,41.7217483613272,83.47125090625093,92.33332902957231
2021-07-25 19:00:00,104.0199966430664,104.0199966430664,103.0,103.0,40500,57.40979995727539,56.57585000991821,64.89649963378906,13.698173960048655,37.50015171369175,92.29284755388638,100.0
2021-07-26 19:00:00,103.0,103.0,95.27999877929688,95.81999969482422,11500,58.38599998474121,56.82995000839233,66.86249961853028,15.172027512706098,36.51844459311808,97.20655464394247,86.98803866352587
2021-07-27 19:00:00,92.0,95.0,90.5,92.5,3000,59.28659996032715,57.078150005340575,68.5774995803833,16.054243577524957,36.46901242533339,100.68598673543322,82.05128205128204
2021-07-28 19:00:00,89.75,90.0,89.75,90.0,1000,60.11659996032715,57.29784999847412,70.17649955749512,16.53284246273046,37.1108146320342,103.24218448295605,78.68852459016394
2021-07-29 19:00:00,92.0,95.0,83.25,83.25,18500,60.819399948120115,57.48209999084472,71.48899955749512,16.473592690126036,38.54181417724305,104.43618493774719,70.4119850187266
2021-08-01 19:00:00,78.11000061035156,86.69999694824219,78.11000061035156,84.80000305175781,7000,61.553199996948244,57.67360000610351,72.87899971008301,16.359152538284892,40.16069463351322,105.59730478665278,70.65379033517867
2021-08-02 19:00:00,80.12000274658203,91.0999984741211,80.0,91.0999984741211,47500,62.43299995422363,57.90909999847412,74.7334997177124,16.209155536039066,42.31518864563427,107.15181078979055,72.60748901806303
2021-08-03 19:00:00,95.0,97.93000030517578,90.0,97.91000366210938,68500,63.40120002746582,58.18830001831055,76.87899990081787,16.299295502857884,44.280408895102106,109.47759090653364,73.50060470601471
2021-08-04 19:00:00,101.0,105.25,97.0,105.25,43500,64.58620002746582,58.49805002212524,79.39149990081788,16.61901816225199,46.1534635763139,112.62953622532186,75.87344264262988
2021-08-05 19:00:00,113.0999984741211,113.13999938964844,113.0999984741211,113.13999938964844,3500,65.86300003051758,58.85220001220703,82.29849987030029,17.202580135048493,47.893339600203305,116.70366014039728,76.77563524532621
2021-08-08 19:00:00,121.62000274658203,121.62000274658203,104.66000366210938,121.62000274658203,18500,67.30560005187988,59.236850032806394,85.57950000762939,18.154188668111964,49.271122671405465,121.88787734385332,77.67100172090494
2021-08-09 19:00:00,130.0,130.74000549316406,130.0,130.74000549316406,32500,68.93060012817382,59.67705005645752,89.2665002822876,19.483759461430804,50.29898135942599,128.2340192051492,78.61165350718724
2021-08-10 19:00:00,140.5399932861328,140.5399932861328,140.5399932861328,140.5399932861328,1000,70.81779998779297,60.163150024414065,93.36849994659424,21.223852386733107,50.92079517312803,135.81620472006045,79.49117244151648
2021-08-11 19:00:00,151.0800018310547,151.0800018310547,151.0800018310547,151.0800018310547,27500,72.8466000366211,60.69355003356934,97.77849998474122,23.587120896694998,50.60425819135122,144.9527417781312,80.35998510234852
2021-08-12 19:00:00,160.0,162.41000366210938,160.0,162.41000366210938,16500,75.02760009765625,61.29435005187988,102.75450019836425,26.193114204646182,50.36827178907189,155.14072860765663,80.03235338311299
2021-08-15 19:00:00,174.58999633789062,174.58999633789062,169.0,174.58999633789062,34000,77.44940002441406,61.95605003356933,108.10400009155273,29.368495414216902,49.36700926311893,166.84099091998655,87.90299280651816
2021-08-16 19:00:00,175.0500030517578,187.67999267578125,175.0500030517578,187.67999267578125,21000,80.13299987792969,62.67449998855591,113.85449981689453,33.08924701843517,47.6760057800242,180.03299385376488,91.86312403592312
2021-08-19 19:00:00,184.08999633789062,201.75,184.08999633789062,201.75,7500,83.10799987792969,63.47674999237061,120.04699974060058,37.324338747391806,45.39832224581697,194.6956772353842,94.61077844311377
2021-08-22 19:00:00,216.8800048828125,216.8800048828125,216.8800048828125,216.8800048828125,3500,86.36659996032715,64.3566000175476,126.70400009155273,42.078334481377425,42.54733112879788,210.86066905430758,100.0
2021-08-23 19:00:00,233.13999938964844,233.13999938964844,233.13999938964844,233.13999938964844,18000,89.92939994812012,65.31730001449586,133.86000022888183,47.35080586213224,39.15838850461735,228.56161195314633,100.0
2021-08-24 19:00:00,250.6199951171875,250.6199951171875,215.66000366210938,246.39999389648438,189500,93.73739982604981,66.33984998703004,141.02999992370604,52.9570879646288,35.11582399444845,246.94417585296364,100.0
2021-08-25 19:00:00,262.0,262.0,232.0,255.0,19000,97.7173998260498,67.41384998321533,148.98899993896484,57.56594082579163,33.85711828738158,264.1208815905481,100.0
2021-08-26 19:00:00,265.0,274.1199951171875,240.0,256.1199951171875,70500,101.68579971313477,68.50694995880127,157.1699996948242,60.658830742404064,35.852338210016086,278.48766117963237,100.0
2021-08-29 19:00:00,266.0,266.0,245.1999969482422,252.89999389648438,14000,105.62279960632324,69.57159992218017,165.31499938964845,62.0848247090646,41.14534997151925,289.48464880777766,97.79753673877089
2021-08-30 19:00:00,246.1999969482422,271.8599853515625,240.60000610351562,271.8599853515625,54500,109.88019927978516,70.73189985275269,174.74549865722656,63.276530655459936,48.19243734630669,301.29855996814644,97.94485478170692
2021-08-31 19:00:00,291.989990234375,292.239990234375,288.8999938964844,292.239990234375,13500,114.59499908447266,71.99484979629517,185.11749801635742,64.74145473430971,55.63458854773799,314.6004074849768,98.08264769176044
2021-09-01 19:00:00,314.1499938964844,314.1499938964844,312.19000244140625,314.1499938964844,63500,119.74599899291992,73.3645997619629,196.26999778747557,66.86994172160395,62.53011434426767,330.0098812306835,98.21160723903043
2021-09-02 19:00:00,337.70001220703125,337.7099914550781,337.70001220703125,337.7099914550781,29000,125.37019882202148,74.85214971542358,208.25999717712403,69.74222260666602,68.775551963792,347.7444423904561,98.33221041433933
2021-09-05 19:00:00,363.0299987792969,363.0299987792969,363.0299987792969,363.0299987792969,21500,131.50079879760742,76.45129970550538,221.14899711608888,73.42584592893347,74.29730525822194,368.0006889739558,98.44489459158235
2021-09-06 19:00:00,390.25,390.25,389.8999938964844,390.25,38000,138.17579879760743,78.18754970550538,235.00449714660644,77.97619411406441,79.05210891847761,390.9568853747353,98.5502021016594
2021-09-07 19:00:00,411.0,419.510009765625,390.0,419.510009765625,51500,145.42599899291992,80.06839975357056,249.89899749755858,83.43758080591809,83.0238358857224,416.77415910939476,98.64859153197794
2021-09-08 19:00:00,430.0,450.9700012207031,419.5,450.9700012207031,76500,153.315399017334,82.09029975891113,265.91049728393557,89.84726472088894,86.21596784215768,445.60502672571346,98.74051428671697
2021-09-09 19:00:00,464.989990234375,484.7900085449219,460.0,484.7900085449219,112500,161.84719917297363,84.27424980163575,283.122998046875,97.23632689851584,88.65034424984333,477.5956518439067,98.82631632984612
2021-09-12 19:00:00,448.44000244140625,448.44000244140625,448.44000244140625,448.44000244140625,11000,169.65559921264648,86.28389982223511,297.9909980773926,98.7064688062451,100.57806046490239,495.4039356898828,86.56092754195195
2021-09-13 19:00:00,414.80999755859375,414.80999755859375,414.80999755859375,414.80999755859375,1000,176.81179916381836,88.10849981307983,310.6109977722168,96.57164164957128,117.46771447307427,503.7542810713594,76.7478778695958
2021-09-14 19:00:00,388.7493896484375,388.7493896484375,388.7493896484375,388.7493896484375,1000,183.44678695678712,89.78409675598145,321.31896743774416,92.48221468096297,136.35453807581823,506.2833967996701,70.12657418677196
2021-09-21 19:00:00,277.70001220703125,277.70001220703125,277.70001220703125,277.70001220703125,2000,187.92058723449708,90.88434680938721,325.81996841430663,87.70293702631352,150.4140943616796,501.22584246693367,52.440074230452566
2021-09-23 19:00:00,245.3800048828125,255.0,245.3800048828125,245.3800048828125,63000,191.7281873321533,91.81679683685303,328.00146865844727,84.95396583230922,158.09353699382882,497.9094003230657,49.20220785895272
2021-09-26 19:00:00,226.97999572753906,226.97999572753906,226.97999572753906,226.97999572753906,1000,195.1677872467041,92.63519681930542,328.50646820068357,84.28604420063715,159.93437979940927,497.07855660195787,45.233038812211916
2021-09-27 19:00:00,209.9600067138672,221.99000549316406,209.9600067138672,209.9600067138672,144000,198.26698738098145,93.37314685821534,327.3474685668945,85.81198611143098,155.72349634403255,498.97144078975646,41.19774273881246
2021-09-28 19:00:00,201.11000061035156,213.0,194.22000122070312,194.22000122070312,129500,201.03138740539552,94.04424686431885,324.7384689331055,89.13163936208784,146.4751902089298,503.00174765728116,36.99833189196271
2021-09-29 19:00:00,186.0,186.0,179.66000366210938,179.66000366210938,24500,203.4845874786377,94.65484687805176,320.9714691162109,93.7086848909783,133.55409933425432,508.38883889816753,32.52471416892597
2021-09-30 19:00:00,166.19000244140625,191.0,166.19000244140625,177.97999572753906,231500,205.87418739318846,95.26469686508179,317.0644691467285,98.08175689128008,120.90095536416837,513.2279829292887,28.410762150785246
2021-10-03 19:00:00,179.0,191.32000732421875,175.0,191.32000732421875,116000,208.44298751831056,95.9451469039917,313.98546981811523,101.12149407631672,111.74248166548179,516.2284579707487,26.014616115037327
2021-10-04 19:00:00,205.66000366210938,205.66000366210938,176.97999572753906,182.4199981689453,141500,210.8335874938965,96.5722968864441,309.5134704589844,104.98634398506816,99.54078248884807,519.4861584291207,19.93761669830603
2021-10-05 19:00:00,174.10000610351562,176.5,168.74000549316406,169.25999450683594,68500,212.86678741455077,97.13364685058593,303.3644706726074,109.55339396933417,84.25768273393908,522.4712586112757,12.54155608140968
2021-10-06 19:00:00,176.49000549316406,176.49000549316406,156.57000732421875,156.57000732421875,97000,214.54478759765624,97.62899688720704,295.48547134399416,114.3005481462027,66.88437505158876,524.0865676363995,3.7588083062839956
2021-10-07 19:00:00,148.5500030517578,150.0,144.8300018310547,144.8300018310547,57000,215.88338760375976,98.08489688873291,285.84147186279296,118.60631843904315,48.62883498470666,523.0541087408792,4.038878148074971
2021-10-10 19:00:00,140.00999450683594,142.0,133.97000122070312,133.97000122070312,29500,216.88798767089844,98.50459690093994,274.38847198486326,121.77744313705716,30.833585710748935,517.9433582589776,4.337932735895947
2021-10-11 19:00:00,125.51000213623047,137.0,123.93000030517578,124.31999969482422,95500,217.57398773193358,98.89119689941407,261.0919719696045,122.97322813723,15.145515695144525,507.0384282440645,4.582473459882479
2021-10-12 19:00:00,120.0,123.0,115.0,115.0199966430664,8500,217.81438766479494,99.24114688873291,245.86747131347656,121.16342178697064,3.5406277395352674,488.1943148874178,7.044787107260618
2021-10-13 19:00:00,109.01000213623047,118.0,109.01000213623047,116.69000244140625,16000,218.23178771972655,99.60219690322876,229.15347137451172,114.2397146387403,0.6740420970311334,457.6329006519923,9.457509844276942
2021-10-14 19:00:00,116.51000213623047,116.51000213623047,107.94000244140625,107.94000244140625,16500,218.5405877685547,99.90309692382813,210.31097106933595,100.05403939171624,10.20289228590346,410.41904985276847,10.069780335308394
2021-10-17 19:00:00,101.01000213623047,104.98999786376953,99.8499984741211,99.8499984741211,19000,218.73758773803712,100.17484691619873,192.88147087097167,85.72472667745652,21.432017516058636,364.3309242258847,10.711491319408992
2021-10-19 19:00:00,101.0,107.33000183105469,100.0,107.33000183105469,25500,219.2191877746582,100.483996925354,177.50747108459473,69.94939224110036,37.608686602394016,317.40625556679544,17.054685506700523
2021-10-20 19:00:00,113.0,115.37000274658203,113.0,115.37000274658203,8500,219.8305877685547,100.83084693908691,163.83850173950196,50.50614052134214,62.826220696817686,264.85078278218623,24.35581243710773
2021-10-21 19:00:00,124.0199966430664,124.0199966430664,121.0,124.0199966430664,59000,220.4889877319336,101.20369691848755,156.1545009613037,43.472148857721606,69.2102032458605,243.09879867674692,29.61004127725215
2021-10-24 19:00:00,133.0,133.32000732421875,132.0,124.0199966430664,10000,221.01118759155273,101.55804689407348,150.0865005493164,38.553960843407054,72.9785788625023,227.19442223613052,21.717935723932158
2021-10-25 19:00:00,143.32000732421875,143.32000732421875,143.32000732421875,143.32000732421875,3500,221.77258773803712,101.988996925354,145.90350112915038,34.04716247891268,77.80917617132502,213.99782608697575,34.8894787611205
2021-10-26 19:00:00,154.07000732421875,154.07000732421875,154.05999755859375,154.07000732421875,35500,222.5911878967285,102.45994695663452,143.10900115966797,30.635589467639058,81.83782222438985,204.38018009494607,44.01827785654001
2021-10-27 19:00:00,165.6300048828125,165.6300048828125,165.6300048828125,165.6300048828125,9500,223.47138793945314,102.98584697723389,141.67950134277345,28.733108892093696,84.21328355858606,199.14571912696084,53.59980754335004
2021-10-28 19:00:00,178.0500030517578,178.0500030517578,178.0500030517578,178.0500030517578,14500,224.417587890625,103.57609699249268,141.59900131225587,28.62314541776991,84.35271047671606,198.84529214779567,63.12835760845655
2021-10-31 19:00:00,191.39999389648438,191.39999389648438,191.39999389648438,191.39999389648438,3500,225.43478790283203,104.2455969619751,142.27000122070314,29.65943704323965,82.95112713422384,201.58887530718243,72.25795997539859
2021-11-01 19:00:00,205.75,205.75,177.0500030517578,177.0500030517578,47500,225.9541879272461,104.85329698562622,141.55650100708007,28.568961521785994,84.41857796350808,198.69442405065206,69.71804790890054
2021-11-02 19:00:00,166.68739318847656,166.68739318847656,166.68739318847656,166.68739318847656,500,226.03973571777342,105.40668395996094,140.76987075805664,27.584212003087377,85.6014467518819,195.9382947642314,69.16835999493912
2021-11-03 19:00:00,154.19000244140625,154.19000244140625,154.19000244140625,154.19000244140625,3000,225.63173583984374,105.87658397674561,140.01637115478516,26.963858691266537,86.08865377225209,193.94408853731824,62.87774806249522
2021-11-04 19:00:00,142.6300048828125,142.6300048828125,142.6300048828125,142.6300048828125,3000,224.73073608398437,106.29948400497436,139.31937103271486,26.692238042231835,85.93489494825118,192.70384711717853,61.68721957821747
2021-11-07 19:00:00,131.94000244140625,131.94000244140625,131.94000244140625,131.94000244140625,4000,223.3345361328125,106.6516840171814,138.67487106323242,26.70779137960911,85.2592883040142,192.09045382245063,60.62512640085493
2021-11-08 19:00:00,122.05000305175781,141.8300018310547,122.05000305175781,141.8300018310547,56000,221.83353607177733,107.07638402938842,139.06787109375,26.692741332079606,85.68238842959079,192.4533537579092,61.24364614882124
2021-11-09 19:00:00,152.4600067138672,152.4600067138672,152.4600067138672,152.4600067138672,1000,220.21993621826172,107.54868406295776,140.47487144470216,26.61598544456603,87.2429005555701,193.70684233383423,61.88706079323704
2021-11-10 19:00:00,163.88999938964844,163.88999938964844,146.00999450683594,163.88999938964844,107000,218.569736328125,108.078134059906,142.91837158203126,26.398471496431632,90.12142858916799,195.71531457489453,62.55431902134256
2021-11-11 19:00:00,169.99000549316406,175.39999389648438,154.8000030517578,163.25999450683594,34000,216.7349362182617,108.60218402862549,145.24687118530272,26.01429032079714,93.21829054370843,197.275451826897,62.30711334599985
2021-11-14 19:00:00,156.1999969482422,156.1999969482422,151.02000427246094,151.02000427246094,17500,214.63293640136717,109.06138404846192,147.40087127685547,24.50226090457261,98.39634946771025,196.4053930860007,52.52690944463746
2021-11-15 19:00:00,145.60000610351562,152.47999572753906,145.5,150.13999938964844,10000,212.57773651123046,109.52708404541016,149.91537132263184,21.79668988412722,106.3219915543774,193.50875109088628,48.62095283010483
2021-11-16 19:00:00,145.10000610351562,150.0,145.10000610351562,147.0500030517578,6000,210.08153686523437,109.96733406066895,151.901371383667,19.38886118630787,113.12364901105126,190.67909375628273,43.06819673572062
2021-11-17 19:00:00,151.0,151.0,147.5,147.75,3000,207.19173706054687,110.42108406066895,153.5203712463379,17.43091718258463,118.65853688116864,188.38220561150717,37.61242442499743
2021-11-18 19:00:00,148.0,148.0,145.0,145.0,1500,203.8087371826172,110.86108406066894,154.56937141418456,16.146072033479033,122.2772273472265,186.86151548114262,29.23007990033291
2021-11-21 19:00:00,145.0,145.0,134.13999938964844,143.89999389648438,8500,199.9325372314453,111.30183403015137,155.56337127685546,14.714882912181041,126.13360545249338,184.99313710121754,33.16403748966022
2021-11-22 19:00:00,138.02000427246094,138.02000427246094,138.02000427246094,138.02000427246094,500,195.4323373413086,111.69233406066894,155.2983711242676,14.992091014267416,125.31418909573276,185.28255315280242,34.74609491079116
2021-11-23 19:00:00,127.66999816894531,128.5,127.66999816894531,127.77999877929688,8000,190.18293731689454,112.00918403625488,153.98387069702147,16.208650676085647,121.56656934485018,186.40117204919278,35.601348749963805
2021-11-24 19:00:00,122.11000061035156,127.0,119.0,120.04000091552734,10500,184.19353713989258,112.26368404388428,151.70437049865723,17.628204388408818,116.44796172183959,186.96077927547486,37.14870515126107
2021-11-25 19:00:00,124.0,129.0399932861328,120.0,129.0399932861328,5500,177.75493698120118,112.54888401031494,149.25387001037598,17.17372656150589,114.9064168873642,183.60132313338775,48.31785976143179
2021-11-28 19:00:00,133.0,138.7100067138672,132.0,138.7100067138672,8000,170.83333694458008,112.85543403625488,146.6193706512451,14.141886930796364,118.33559678965239,174.90314451283783,48.18562731319828
2021-11-29 19:00:00,149.11000061035156,149.11000061035156,149.10000610351562,149.11000061035156,14500,164.84673690795898,113.2115340423584,145.2223705291748,12.228125508932557,120.7661195113097,169.67862154703994,48.04664332382929
2021-11-30 19:00:00,150.0,160.2899932861328,150.0,159.60000610351562,27000,159.74253707885742,113.60953407287597,144.86800117492675,11.662968092804062,121.54206498931862,168.19393736053487,47.470821005997
2021-12-01 19:00:00,165.0,167.99000549316406,147.6300048828125,148.3000030517578,28000,154.93354934692383,113.96103408813477,144.57350120544433,11.488245696709612,121.5970098120251,167.54999259886355,42.16590274167594
2021-12-02 19:00:00,138.10000610351562,144.0,137.17999267578125,138.72999572753906,16000,152.154149017334,114.26968406677246,144.37850074768068,11.555870846309286,121.2667590550621,167.49024244029926,43.37894254518408
2021-12-05 19:00:00,138.0,138.0,130.0,130.0,3500,149.84654891967773,114.53468406677246,144.28150062561036,11.673320306257672,120.93486001309502,167.6281412381257,39.99602689403161
2021-12-06 19:00:00,129.75,139.75,129.0500030517578,139.75,16000,148.10194900512695,114.87693405151367,144.17750053405763,11.705531898876313,120.766436736305,167.58856433181026,46.59895520240501
2021-12-07 19:00:00,145.0,150.22999572753906,138.1999969482422,139.5,18500,146.6927488708496,115.20173404693604,143.52950019836425,11.580953232293833,120.36759373377657,166.69140666295192,46.14017067511461
2021-12-08 19:00:00,135.0500030517578,135.0500030517578,129.1199951171875,131.27999877929688,13000,145.43394882202148,115.47473403930664,141.89900016784668,10.83508149317243,120.22883718150182,163.56916315419153,43.89353756257373
2021-12-09 19:00:00,130.9499969482422,131.0,125.0,127.0999984741211,3000,144.38274871826172,115.75433403015137,140.09100036621095,10.073210784411087,119.94457879738877,160.23742193503313,42.722234197546314
2021-12-12 19:00:00,122.5,124.0,122.5,122.81999969482422,5000,143.27954879760742,115.99353401184082,138.6810001373291,10.430230000833928,117.82054013566125,159.54146013899697,43.32278923709886
2021-12-13 19:00:00,126.0,132.02000427246094,122.81999969482422,131.5,6500,142.08314865112305,116.3039340209961,137.74900016784667,10.182259804449867,117.38448055894693,158.11351977674641,51.65686838459648
2021-12-14 19:00:00,132.0,141.36000061035156,126.36000061035156,141.36000061035156,17500,141.26194869995118,116.68543403625489,137.46450004577636,9.986311006733912,117.49187803230853,157.4371220592442,59.319810002883536
2021-12-15 19:00:00,141.36000061035156,141.75,141.36000061035156,141.75,2500,140.71174880981445,117.05803401947021,137.16450004577638,9.748348695495483,117.66780265478542,156.66119743676734,56.008322003813184
2021-12-16 19:00:00,139.99000549316406,140.0,135.0,139.99000549316406,3500,140.38014877319335,117.43758403778077,136.91400032043458,9.599641338538742,117.71471764335709,156.11328299751207,50.653994876003246
2021-12-19 19:00:00,139.99000549316406,142.5,136.00999450683594,137.5500030517578,7500,140.23454879760743,117.80533405303954,136.59650077819825,9.460425707530275,117.6756493631377,155.5173521932588,43.570636050421555
2021-12-20 19:00:00,139.99000549316406,147.86000061035156,139.99000549316406,142.69000244140625,36500,140.40894882202147,118.22123407363891,136.83000068664552,9.554572873107013,117.7208549404315,155.93914643285956,39.99999819529408
2021-12-21 19:00:00,143.0,148.0,140.50999450683594,140.50999450683594,8500,140.73274871826172,118.62813404083252,137.46650047302245,9.341600712024956,118.78329904897254,156.14970189707236,44.836266919341234
2021-12-22 19:00:00,141.97999572753906,145.0,138.50999450683594,138.50999450683594,6000,141.20254867553712,119.01228401184082,138.3900001525879,8.392959246024917,121.60408166053807,155.17591864463773,49.83790066406987
2021-12-23 19:00:00,136.00999450683594,148.88999938964844,136.0,140.52000427246094,41000,141.6791487121582,119.40988403320313,138.9640007019043,8.10756076543394,122.74887917103642,155.1791222327722,58.6032071900475
2021-12-26 19:00:00,142.5,142.5,139.0,139.85000610351562,4500,142.31734878540038,119.80858406066895,139.02100067138673,8.109688171155392,122.80162432907595,155.24037701369753,50.096048865629776
2021-12-27 19:00:00,140.0,147.0,140.0,141.5,18500,143.15034881591797,120.21108406066895,138.64050064086913,7.78336862152593,123.07376339781727,154.20723788392098,51.8705571911958
2021-12-28 19:00:00,138.52999877929688,141.0,138.52999877929688,140.3699951171875,3500,143.81114868164062,120.61293403625488,137.67900009155272,6.05343021787402,125.57213965580468,149.78586052730077,59.801589717348854
2021-12-29 19:00:00,143.89999389648438,143.89999389648438,141.0,141.0,1000,144.32374862670898,121.01793403625489,137.31399993896486,5.580959948244034,126.15208004247678,148.4759198354529,66.23072941583125
2021-12-30 19:00:00,138.0,141.7899932861328,138.0,139.89999389648438,2500,144.64134857177734,121.41998399734497,137.37249984741212,5.602673425876715,126.16715299565868,148.57784669916555,71.54387563401022
2022-01-02 19:00:00,136.25999450683594,136.25999450683594,136.25999450683594,136.25999450683594,500,144.88614852905275,121.80378396987915,137.6854995727539,5.337718704479782,127.01006216379434,148.36093698171348,56.87860053176406
2022-01-03 19:00:00,137.0399932861328,142.00999450683594,126.55000305175781,139.00999450683594,14100,144.79994827270508,122.17968393325806,137.64849929809571,5.325204828305359,126.998089641485,148.29890895470643,45.72571056835476
2022-01-04 19:00:00,137.0,140.0,135.1999969482422,137.97000122070312,10200,144.47794815063477,122.52648393630982,137.57199935913087,5.3081694070683145,126.95566054499425,148.1883381732675,43.28358775480104
2022-01-05 19:00:00,135.14999389648438,137.99000549316406,130.10000610351562,132.42999267578125,12600,143.81394790649415,122.85863389968873,137.62949905395507,5.2422445161021916,127.14501002175069,148.11398808615945,38.15788530200376
2022-01-06 19:00:00,134.99000549316406,142.36000061035156,134.97999572753906,142.36000061035156,57200,143.100147857666,123.25068389892579,138.3924991607666,4.7128341178213455,128.9668309251239,147.81816739640928,56.10250366272568
2022-01-09 19:00:00,149.0,153.02999877929688,149.0,153.02999877929688,28400,142.33274795532228,123.69863389968872,139.90299911499022,4.2804743726995245,131.34205036959116,148.46394786038928,61.504215347736476
2022-01-10 19:00:00,157.0,164.5,157.0,164.5,26400,142.0817478942871,124.21698389053344,141.55299911499023,6.6017494278811,128.34950025922802,154.75649797075243,72.11874781761156
2022-01-11 19:00:00,169.00999450683594,176.8300018310547,152.1699981689453,155.07000732421875,99600,141.84940017700194,124.68473392486572,142.2384994506836,7.2596681922250506,127.7191630662335,156.7578358351337,63.42848502741063
2022-01-12 19:00:00,157.0,157.0,151.0,151.6999969482422,8900,141.79960006713867,125.13823390960694,142.7359992980957,7.559184181066248,127.61763093596319,157.85436766022818,58.870191376438235
2022-01-13 19:00:00,152.10000610351562,152.10000610351562,149.0,150.25,5900,141.95199996948242,125.58443391799926,143.2489990234375,7.7096671864472155,127.82966465054308,158.66833339633195,58.15046309694016
2022-01-16 19:00:00,150.25,154.5,140.0,145.33999633789062,21900,142.2199998474121,126.00113389968872,143.63849868774415,7.602630809562822,128.4332370686185,158.8437603068698,52.86310373560302
2022-01-17 19:00:00,145.5,148.0,143.0,144.3800048828125,5300,142.27099990844727,126.41548393249512,143.72299880981444,7.600925463732661,128.5211478823491,158.92484973727977,52.99746515731901
2022-01-18 19:00:00,144.0,147.88999938964844,142.1999969482422,142.75999450683594,8400,142.07699966430664,126.8167839050293,143.83549880981445,7.567444628266697,128.70060955328105,158.97038806634785,51.29640099042729
2022-01-19 19:00:00,141.02000427246094,147.0,140.0,145.6199951171875,8000,141.71159957885743,127.24238388061524,144.19099884033204,7.470482163653335,129.25003451302538,159.1319631676387,54.10683516479664
2022-01-20 19:00:00,154.0,154.0,145.02000427246094,149.0,3300,141.4263996887207,127.67963388442993,144.614998626709,7.4917805699284115,129.63143748685218,159.5985597665658,59.18132155854256
2022-01-23 19:00:00,148.89999389648438,152.10000610351562,143.2100067138672,144.11000061035156,4700,141.2881996154785,128.09968389511107,144.82799835205077,7.409280232255328,130.00943788754012,159.64655881656142,53.56543953493135
2022-01-24 19:00:00,146.8000030517578,151.47999572753906,140.00999450683594,144.39999389648438,6300,141.17339950561524,128.5266838645935,144.972998046875,7.368990340732789,130.23501736540942,159.7109787283406,54.542878975002935
2022-01-25 19:00:00,142.50999450683594,145.97999572753906,142.50999450683594,144.25,200,141.1173994445801,128.9604338645935,145.16699829101563,7.292103596952228,130.58279109711117,159.7512054849201,59.03946653522358
2022-01-26 19:00:00,143.02000427246094,146.8800048828125,142.0,143.64999389648438,1700,141.03539932250976,129.39868383407594,145.29949798583985,7.236264763049618,130.8269684597406,159.7720275119391,51.15075219972923
2022-01-27 19:00:00,148.0,152.0,145.89999389648438,146.47000122070312,9200,141.06479934692382,129.8300838470459,145.62799835205078,7.126541237913525,131.37491587622372,159.88108082787784,43.19502500288081
2022-01-30 19:00:00,146.47000122070312,151.0,145.10000610351562,148.60000610351562,7500,141.15879959106445,130.27213388442993,146.24499893188477,6.79947269634488,132.646053539195,159.84394432457452,29.541961652786128
2022-01-31 19:00:00,148.60000610351562,149.85000610351562,145.0,146.3000030517578,7800,141.32439956665038,130.6801339149475,146.60949935913087,6.583169430296923,133.44316049853703,159.7758382197247,36.180275735179194
2022-02-01 19:00:00,147.0500030517578,149.75,147.0500030517578,148.97000122070312,3600,141.7481996154785,131.09508390426635,147.15949935913085,6.275706360606192,134.60808663791846,159.71091208034323,45.601040134580195
2022-02-02 19:00:00,149.9499969482422,153.5,147.0,148.38999938964844,22300,142.31519958496094,131.50208391189574,147.9574996948242,5.232112326984244,137.4932750408557,158.4217243487927,46.916446545955694
2022-02-03 19:00:00,147.99000549316406,159.50999450683594,147.99000549316406,159.50999450683594,65100,142.924599609375,131.96468389511108,148.81499938964845,5.654746559958256,137.50550626973194,160.12449250956496,69.4803328655427
2022-02-06 19:00:00,164.88999938964844,168.0,155.0,157.47000122070312,75100,143.29979949951172,132.42708391189575,149.03699951171876,5.910312887998008,137.21637373572275,160.85762528771477,67.4766249280861
2022-02-07 19:00:00,157.0,160.0,152.3000030517578,153.55999755859375,32800,143.38879943847655,132.8798838996887,148.48999938964843,4.807193703778068,138.8756119820923,158.10438679720457,63.58832606806709
2022-02-08 19:00:00,155.97000122070312,157.88999938964844,153.0,155.64999389648438,11200,143.30979919433594,133.36263387680054,148.5189987182617,4.850530695354447,138.8179373275528,158.2200601089706,62.8688715231145
2022-02-09 19:00:00,151.00999450683594,151.49000549316406,147.39999389648438,150.00999450683594,5700,143.3439990234375,133.81518384933472,148.43449859619142,4.806721312773496,138.82105597064444,158.0479412217384,51.224829749571526
2022-02-10 19:00:00,151.5,151.5,146.0500030517578,147.2100067138672,9700,143.51359924316407,134.25373388290404,148.28249893188476,4.794339221571127,138.69382048874252,157.871177375027,53.96015247879402
2022-02-13 19:00:00,143.5500030517578,148.99000549316406,137.11000061035156,142.0,8600,143.75359924316408,134.67373388290406,148.11549911499023,4.957619204687424,138.2002607056154,158.03073752436507,47.276447991976504
2022-02-14 19:00:00,144.44000244140625,144.4499969482422,140.99000549316406,142.74000549316406,6800,143.81339935302734,135.08743391036987,148.03349914550782,5.035606428826751,137.9622862878543,158.10471200316132,48.30907704678757
2022-02-15 19:00:00,145.5,153.44000244140625,145.5,153.44000244140625,29200,144.09219940185548,135.5448839187622,148.56749954223633,5.013175316131447,138.54114890997343,158.59385017449924,58.940647072988014
2022-02-16 19:00:00,160.0,164.25,148.0,151.49000549316406,108300,144.4963995361328,136.00233394622802,148.86100006103516,5.003351591746133,138.85429687754288,158.86770324452743,54.65850523310297
2022-02-17 19:00:00,153.97999572753906,153.97999572753906,148.0,149.92999267578125,14000,144.952999420166,136.47448390960693,148.90749969482422,5.009029718893678,138.88944025703688,158.92555913261157,51.24740820969258
2022-02-20 19:00:00,154.97000122070312,154.97000122070312,146.10000610351562,147.3000030517578,5000,145.44259948730468,136.93098392486573,149.06699981689454,4.897778432930936,139.27144295103267,158.8625566827564,50.932140469654506
2022-02-21 19:00:00,147.5,147.88999938964844,140.0,141.5399932861328,12000,145.64339935302735,137.35568389892578,148.92399978637695,5.079589399392599,138.76482098759175,159.08317858516216,43.45142914318652
2022-02-22 19:00:00,143.0,145.9499969482422,140.0,143.9600067138672,6300,145.69539947509764,137.80048393249513,148.9095001220703,5.094026890582553,138.7214463409052,159.09755390323542,46.218207169363424
2022-02-23 19:00:00,134.1999969482422,140.0,133.1699981689453,133.3300018310547,24600,145.52699951171874,138.20158393859865,148.39350051879882,6.081751560065588,136.22999739866765,160.55700363892998,27.462134149096826
2022-02-24 19:00:00,133.3000030517578,138.0,133.3000030517578,135.60000610351562,6000,145.4391995239258,138.6245839691162,147.85000076293946,6.715387471050792,134.41922582083788,161.28077570504104,31.24679764463656
2022-02-27 19:00:00,135.0,140.00999450683594,133.10000610351562,140.0,3700,145.48819946289063,139.08798397064209,147.42000045776368,6.936532379399928,133.5469356989638,161.29306521656355,38.46939342180314
2022-02-28 19:00:00,144.5,144.5,140.5,141.69000244140625,6300,145.46819946289062,139.56138399124146,147.1895004272461,7.051353081633709,133.08679426397867,161.2922065905135,38.04795751787681
2022-03-01 19:00:00,139.00999450683594,143.5,138.86000061035156,141.1999969482422,7700,145.48199951171875,140.01988397598268,146.80100021362304,7.161282397232164,132.4784354191587,161.12356500808738,41.72770656376852
2022-03-02 19:00:00,140.0,140.0,135.0,137.97000122070312,3500,145.47119964599608,140.4744839859009,146.28000030517578,7.41416905456865,131.45166219603848,161.10833841431307,41.393443671430305
2022-03-03 19:00:00,135.0,135.5,135.0,135.1300048828125,500,145.36339965820312,140.91508401870726,145.0610008239746,7.122974723290758,130.8150513773931,159.30695027055611,43.305406979130176
2022-03-06 19:00:00,130.1300048828125,132.5,125.0,128.35000610351562,3700,145.13339965820313,141.31948404312135,143.60500106811523,7.4228450964222015,128.7593108752708,158.45069126095964,37.45423362727222
2022-03-07 19:00:00,129.89999389648438,132.02000427246094,125.62000274658203,125.62000274658203,3800,144.81579971313477,141.70508405685425,142.20800132751464,8.05311316454851,126.10177499841762,158.31422765661165,21.830716839769977
2022-03-08 19:00:00,133.99000549316406,133.99000549316406,126.0,128.5,1500,144.578399810791,142.1070340538025,140.85050163269042,7.955686575689205,124.93912848131201,156.76187478406882,27.151667001302343
2022-03-09 19:00:00,132.99000549316406,138.1300048828125,131.0,138.1300048828125,38200,144.52099990844727,142.55713407516478,140.25650215148926,7.674339039266752,124.90782407295575,155.60518023002277,39.89381318784431
2022-03-10 19:00:00,140.00999450683594,141.0,129.0,131.82000732421875,15800,144.35940017700196,142.98068410873412,139.48700218200685,7.711900336880421,124.06320150824601,154.91080285576768,37.528207602050166
2022-03-13 19:00:00,127.0,128.38999938964844,125.5,126.66999816894531,3000,144.16760025024413,143.36653409957887,138.7205020904541,8.195649408597184,122.32920327325972,155.11180090764844,37.90074168359121
2022-03-14 19:00:00,127.0,131.77000427246094,127.0,129.1300048828125,2800,143.97000045776366,143.78218412399292,138.0400020599365,8.406652561791544,121.22669693635342,154.8533071835196,37.94113121958604
2022-03-15 19:00:00,130.8000030517578,135.0,130.0,130.13999938964844,6400,143.81340042114257,144.18638412475585,136.87500190734863,7.748921357635447,121.37715919207774,152.37284462261954,46.92500308146874
2022-03-16 19:00:00,130.11000061035156,130.11000061035156,127.4000015258789,128.66000366210938,1700,143.73800064086913,144.58223413467408,135.7335018157959,7.140312830774571,121.45287615424677,150.01412747734506,43.20673238779428
2022-03-17 19:00:00,125.0999984741211,128.8800048828125,125.0,127.33999633789062,2900,143.43760055541992,144.97148410797118,134.60400199890137,6.537714327161364,121.52857334457863,147.6794306532241,36.81250037749597
2022-03-20 19:00:00,121.0,128.0,120.05000305175781,126.87999725341797,1500,142.91460052490234,145.3749840927124,133.58300170898437,6.025015564870761,121.53297057924284,145.63303283872588,34.16719968014297
2022-03-21 19:00:00,128.8000030517578,128.8000030517578,128.8000030517578,126.87999725341797,100,142.1622004699707,145.76118408203126,132.85000190734863,5.896413799350913,121.05717430864681,144.64282950605045,34.52895666395703
2022-03-23 19:00:00,122.5999984741211,128.89999389648438,122.5999984741211,128.1300048828125,2500,141.62340042114258,146.13503410339356,132.0585018157959,5.365106244999664,121.32828932579656,142.78871430579522,38.89391391566543
2022-03-24 19:00:00,127.0,128.5,124.51000213623047,126.83999633789062,700,141.12620040893555,146.501734085083,131.7340015411377,5.479209575878698,120.7755823893803,142.6924206928951,40.30409049472706
2022-03-27 19:00:00,121.0999984741211,129.88999938964844,121.0999984741211,127.30999755859375,2400,140.66740036010742,146.87078407287598,131.3195011138916,5.484920101270548,120.3496609113505,142.28934131643268,48.57298627296458
2022-03-28 19:00:00,131.85000610351562,132.67999267578125,130.0,131.5,5300,140.39060043334962,147.263284072876,130.8945011138916,5.09215930191378,120.71018251006404,141.07881971771917,57.757245754668276
2022-03-29 19:00:00,131.5,131.5,129.5,130.99000549316406,1300,140.12280044555663,147.6484840965271,130.3595012664795,4.415364419631141,121.52877242721722,139.1902301057418,53.50408589922422
2022-03-30 19:00:00,130.0,133.0,130.0,130.6300048828125,7800,139.88020065307617,148.02663412094117,129.831001663208,3.608352920448854,122.61429582231031,137.04770750410572,35.71973942708125
2022-03-31 19:00:00,130.0,135.89999389648438,130.0,132.1199951171875,8400,139.61020065307616,148.4072340965271,129.53850135803222,3.117599057951174,123.30330324212987,135.77369947393456,50.69959782021546
2022-04-03 19:00:00,129.89999389648438,129.89999389648438,128.0,128.0,800,139.19020065307618,148.7672340965271,129.1820011138916,2.8398413606194755,123.50231839265265,134.86168383513055,53.258210662460094
2022-04-04 19:00:00,132.0,132.0,127.0,129.5,800,138.89800064086913,149.1262340927124,129.23950080871583,2.833744625165139,123.57201155838555,134.9069900590461,50.95114440935926
2022-04-05 19:00:00,130.0,130.0,128.00999450683594,129.72000122070312,2700,138.6044007873535,149.49458410263063,129.4445007324219,2.703425492360347,124.0376497477012,134.8513517171426,48.874603197966806
2022-04-06 19:00:00,130.0,130.0,126.01000213623047,127.7300033569336,2800,138.2740008544922,149.83828411102294,129.40600090026857,2.72299615688333,123.9600085865019,134.85199321403522,47.57433483599593
2022-04-07 19:00:00,127.7300033569336,129.5,127.7300033569336,129.25,300,137.9860009765625,150.20203411102295,128.96200065612794,1.7896312439208184,125.38273816828631,132.5412631439696,54.93031529061816
2022-04-10 19:00:00,132.5,138.94000244140625,131.0,138.52999877929688,9800,137.82720092773437,150.61168411254883,129.29750022888183,2.733611516107186,123.83027719666745,134.7647232610962,70.66336230916022
2022-04-11 19:00:00,140.0,140.0,133.99000549316406,135.27000427246094,9100,137.56060089111327,151.00553413391114,129.7275005340576,2.965139907282725,123.79722071949216,135.65778034862305,63.33864843956389
2022-04-12 19:00:00,134.11000061035156,137.99000549316406,132.0,133.0,5100,137.29460083007814,151.38803413391113,129.921000289917,3.0491797630150805,123.82264076388684,136.01935981594715,57.49922578177243
2022-04-13 19:00:00,133.0,134.8000030517578,131.33999633789062,131.64999389648438,4200,136.94820068359374,151.76378410339356,129.9965000152588,3.073485090523773,123.84952983421124,136.14347019630634,57.39317552306996
2022-04-14 19:00:00,132.0,136.75,130.3000030517578,132.89999389648438,6800,136.63840057373048,152.14328407287599,130.20849952697753,3.122288969639501,123.96392158769854,136.45307746625653,58.390872573239704
2022-04-17 19:00:00,134.0,142.86000061035156,133.99000549316406,142.86000061035156,46200,136.30540069580078,152.57508407592775,130.9844997406006,4.135938271163744,122.7126231982731,139.25637628292807,64.53429441351645
2022-04-18 19:00:00,149.0,153.57000732421875,149.0,153.57000732421875,9300,136.2274008178711,153.05193410873414,132.31900024414062,6.418124429006797,119.48275138612703,145.15524910215422,72.9099050227055
2022-04-19 19:00:00,164.5,165.0800018310547,142.05999755859375,142.57000732421875,146000,136.0076010131836,153.4746841430664,133.10350074768067,6.672195544747762,119.75910965818514,146.4478918371762,59.96328672085506
2022-04-20 19:00:00,139.0,146.72999572753906,133.0,133.82000732421875,29700,135.5710012817383,153.8587841796875,133.38800086975098,6.5694852338868275,120.24903040197732,146.52697133752463,51.265266452995185
2022-04-21 19:00:00,136.99000549316406,136.99000549316406,129.25,132.14999389648438,21800,135.21380126953125,154.23453414916992,133.65350074768065,6.395932435786872,120.8616358761069,146.4453656192544,53.2056173442363
2022-04-24 19:00:00,135.1999969482422,138.8000030517578,133.14999389648438,134.41000366210938,10300,134.9578012084961,154.6365341758728,134.00850105285645,6.219929100780319,121.5686428512958,146.44835925441708,53.748664652821375
2022-04-25 19:00:00,133.5,137.5,133.5,135.6199951171875,3300,134.83020111083985,155.03963415145873,134.21450080871583,6.200672543976481,121.81315572076286,146.6158458966688,54.437418447106666
2022-04-26 19:00:00,135.6199951171875,135.6199951171875,134.0,135.6199951171875,700,134.68780090332032,155.44273412704467,134.44600028991698,6.1602489012003065,122.12550248751637,146.7664980923176,56.11721839661642
2022-04-27 19:00:00,134.0,137.1999969482422,131.14999389648438,136.60000610351562,3800,134.3510009765625,155.85073415756224,134.74450035095214,6.110045819189315,122.5244087125735,146.96459198933076,55.74667802425657
2022-05-05 19:00:00,132.0,132.0,132.0,136.60000610351562,100,134.05320098876953,156.25373418807985,134.96850090026857,6.090855472250868,122.78678995576684,147.1502118447703,48.234871845254176
2022-05-08 19:00:00,136.60000610351562,136.60000610351562,127.0,127.91999816894531,6300,133.61300109863282,156.60833417892457,134.96450080871583,6.095697159018671,122.77310649067849,147.15589512675317,43.884174500045965
2022-05-09 19:00:00,127.0,130.99000549316406,122.0,125.91999816894531,2700,133.18540100097655,156.9454341697693,134.78550071716307,6.313287539166652,122.15892563882977,147.41207579549638,44.082250462775555
2022-05-10 19:00:00,123.05999755859375,124.98999786376953,120.0,121.77999877929688,7500,132.79020111083983,157.23993415832518,134.38850059509278,6.873388825794106,120.64172294350456,148.135278246681,42.11788228344038
2022-05-11 19:00:00,121.5,125.48999786376953,121.5,123.45999908447266,4500,132.38020095825195,157.5427841567993,134.17500038146972,7.15177901325106,119.8714423549676,148.47855840797183,42.512700015793705
2022-05-12 19:00:00,121.75,124.0,118.0,122.94999694824219,3100,132.1726008605957,157.81953414916993,133.86000022888183,7.509893437568578,118.84021335374467,148.879787104019,31.42378427352247
2022-05-15 19:00:00,118.01000213623047,118.5,113.7300033569336,114.30000305175781,10100,131.74660079956055,158.027684173584,132.64850044250488,8.593147385805928,115.46220567089303,149.83479521411675,11.896000440618394
2022-05-16 19:00:00,114.4000015258789,122.87000274658203,114.4000015258789,119.9800033569336,18000,131.3462008666992,158.23808418273927,131.8840003967285,9.017324809166846,113.84935077839482,149.9186500150622,25.55725005823993
2022-05-17 19:00:00,120.0,126.0,120.0,121.04000091552734,11700,130.93320083618164,158.42458419799806,131.28600044250487,9.330554161618606,112.62489211926766,149.9471087657421,33.41121833144942
2022-05-18 19:00:00,122.0,122.9000015258789,119.0,119.0,1500,130.4892008972168,158.5694842147827,130.65350074768065,9.725002439871727,111.20349586793719,150.1035056274241,33.09335440554699
2022-05-19 19:00:00,119.0,121.25,118.0,119.80000305175781,1700,130.1258009338379,158.6534842300415,129.99850120544434,10.002917914856805,109.99266537573072,150.00433703515796,30.483572651266016
2022-05-23 19:00:00,117.0,128.0,117.0,117.8499984741211,7100,129.78020080566407,158.763634223938,128.7480010986328,9.87288128035511,109.0022385379226,148.49376365934302,26.722574220655872
2022-05-24 19:00:00,115.05000305175781,122.94999694824219,115.05000305175781,120.98999786376953,2100,129.63300064086914,158.90608421325683,127.11900062561035,8.088275078130824,110.9424504693487,143.295550781872,32.292435230978825
2022-05-25 19:00:00,116.0,124.0,116.0,123.3499984741211,6000,129.58760055541993,159.07283420562743,126.15800018310547,7.254708138270726,111.64858390656401,140.66741645964692,34.48113785002677
2022-05-26 19:00:00,127.9000015258789,130.85000610351562,122.0,124.01000213623047,10700,129.49780059814452,159.2766342163086,125.66749992370606,7.037795503182998,111.59190891734006,139.74309093007207,35.478662077415706
2022-05-29 19:00:00,123.0,125.0,122.0,123.1500015258789,3400,129.19820053100585,159.4683842086792,125.21750030517578,6.8876159739600595,111.44226835725566,138.99273225309588,43.28736872687481
2022-05-30 19:00:00,123.0,123.0,121.0,121.87000274658203,1300,128.99920043945312,159.6222342300415,124.59050025939942,6.570215341659329,111.45006957608076,137.7309309427181,44.182713561098815
2022-05-31 19:00:00,122.98999786376953,123.0,122.0,122.0,1200,128.9058004760742,159.74268421173096,123.90950050354004,6.052283538189305,111.80493342716143,136.01406757991865,50.35714480341679
2022-06-01 19:00:00,122.0,122.51000213623047,121.01000213623047,121.95999908447266,1300,128.76240036010742,159.82623420715333,123.2265007019043,5.396430016867903,112.4336406681685,134.0193607356401,47.427983862105776
2022-06-02 19:00:00,121.0,121.0,118.0,118.25,600,128.52460037231447,159.85178421020507,122.30900039672852,4.486156823884878,113.33668674895877,131.2813140444983,42.7379529363502
2022-06-05 19:00:00,122.9000015258789,122.9000015258789,121.0999984741211,121.30000305175781,2800,128.37740036010743,159.85018421173095,121.54400024414062,2.9688486584855913,115.60630292716944,127.4816975611118,63.079217947431324
2022-06-06 19:00:00,122.98999786376953,122.98999786376953,117.0,119.93000030517578,2400,128.22920043945314,159.796134185791,121.14450035095214,2.5775021339065036,115.98949608313913,126.29950461876516,49.88863468915587
2022-06-07 19:00:00,118.05000305175781,120.5,118.05000305175781,119.5,2000,128.08160049438476,159.69093421936034,120.82350044250488,2.3403217381795964,116.14285696614569,125.50414391886407,46.47112772653639
2022-06-08 19:00:00,120.01000213623047,128.0,119.5,121.44000244140625,11400,127.97280059814453,159.54273422241212,120.80650062561035,2.334235101772585,116.13803042206519,125.47497082915552,55.61694426822851
2022-06-09 19:00:00,123.38999938964844,123.38999938964844,118.25,120.38999938964844,1500,127.81800048828126,159.3326342010498,120.65300064086914,2.249977672388185,116.15304529609277,125.1529559856455,51.34273075862586
2022-06-12 19:00:00,118.01000213623047,121.0,112.0,115.47000122070312,6200,127.5906005859375,159.03703422546386,120.27900085449218,2.459946139203063,115.35910857608606,125.1988931328983,45.22855594953344
2022-06-13 19:00:00,116.0,123.0,116.0,120.9000015258789,3600,127.4624006652832,158.70313426971435,120.60900077819824,2.0187879801042965,116.57142481798964,124.64657673840684,49.83474788545658
2022-06-14 19:00:00,119.55000305175781,121.5,119.55000305175781,120.9000015258789,200,127.25040069580078,158.29888427734375,120.65500068664551,2.0141776056025775,116.62664547544036,124.68335589785066,45.07439500184369
2022-06-15 19:00:00,121.4000015258789,121.4000015258789,120.0,120.48999786376953,900,127.0404005432129,157.81693424224852,120.62750053405762,2.0123983164737176,116.60270390111017,124.65229716700506,42.85133470963999
2022-06-16 19:00:00,121.80000305175781,126.94999694824219,121.80000305175781,124.33000183105469,9000,126.91440048217774,157.27288425445556,120.89400062561035,2.1347316432939727,116.6245373390224,125.1634639121983,52.13768064863089
2022-06-19 19:00:00,126.9000015258789,126.9000015258789,120.0,120.83000183105469,2100,126.68860061645508,156.6450342941284,120.9455005645752,2.1193187195860883,116.70686312540302,125.18413800374738,48.25620322936604
2022-06-20 19:00:00,121.98999786376953,129.88999938964844,121.0,127.7300033569336,11100,126.68320068359375,156.00868431091308,121.43950080871582,2.480506580178424,116.47848764835898,126.40051396907266,57.830008671941826
2022-06-21 19:00:00,127.86000061035156,127.86000061035156,123.12999725341797,125.5,2700,126.60320068359376,155.35558433532714,121.66500091552734,2.6375221606783903,116.38995659417057,126.94004523688412,54.564206985082556
2022-06-22 19:00:00,127.0,134.91000366210938,125.5,127.66000366210938,35400,126.56200073242188,154.72938438415528,121.88050117492676,2.9410522082049346,115.99839675851689,127.76260559133664,62.63765381221498
2022-06-23 19:00:00,124.5,124.5,118.08999633789062,118.83000183105469,20500,126.3840007019043,153.96423446655274,121.62150115966797,2.971576982371546,115.67834719492488,127.56465512441106,47.128575001640826
2022-06-26 19:00:00,123.3499984741211,123.4000015258789,120.0199966430664,122.22000122070312,2400,126.24340072631836,153.11413452148437,121.57500114440919,2.9536219460735476,115.66775725226209,127.48224503655628,52.54274907131692
2022-06-27 19:00:00,120.4000015258789,129.8000030517578,120.0,121.87000274658203,192300,125.91020080566406,152.15273456573487,121.57500114440919,2.9536219460735476,115.66775725226209,127.48224503655628,52.63626440567382
2022-06-28 19:00:00,122.9000015258789,125.0,120.0,121.12000274658203,4200,125.62720077514649,151.06978462219237,121.53100128173828,2.953512174760305,115.62397693221767,127.4380256312589,49.634369781054254
2022-06-29 19:00:00,121.01000213623047,123.48999786376953,120.0199966430664,122.29000091552734,1400,125.41300079345703,149.86608463287354,121.54750137329101,2.9569547406927876,115.63359189190544,127.46141085467659,52.16499656346992
2022-06-30 19:00:00,121.0,123.94999694824219,121.0,122.55000305175781,2400,125.2310009765625,148.52758464813232,121.7625015258789,2.859288082426514,116.04392536102587,127.48107769073194,59.026005680998075
2022-07-03 19:00:00,122.0,124.0,121.0,122.33000183105469,1500,125.01960113525391,147.04168460845946,121.81400146484376,2.8597952200460055,116.09441102475175,127.53359190493576,52.10232221960756
2022-07-04 19:00:00,124.9000015258789,125.0,124.5,124.97000122070312,4100,124.66180114746093,145.41168460845947,122.06600151062011,2.9067158076217714,116.25256989537657,127.87943312586366,55.55252091525214
2022-07-05 19:00:00,124.83999633789062,124.83999633789062,124.83999633789062,124.97000122070312,100,124.08980102539063,143.61258457183837,122.33950157165528,2.90990815405082,116.51968526355364,128.1593178797569,56.18101784591366
2022-07-06 19:00:00,120.0,122.0,120.0,121.5,1600,123.66840087890625,141.97788455963135,122.34250144958496,2.9089628107604426,116.52457582806407,128.16042707110586,46.05519791966656
2022-07-12 19:00:00,124.0,125.9800033569336,122.9000015258789,125.0,6600,123.49200073242187,140.5288345718384,122.57300148010253,2.9286844273350865,116.71563262543236,128.4303703347727,55.8126525825291
2022-07-13 19:00:00,124.9000015258789,126.98999786376953,123.9000015258789,125.02999877929688,6600,123.34960083007813,139.21023761749268,123.05100135803222,2.44928778477793,118.15242578847636,127.94957692758808,45.34482091842627
2022-07-14 19:00:00,125.02999877929688,134.39999389648438,124.88999938964844,134.39999389648438,89800,123.34940063476563,138.49373752593993,123.7260009765625,3.4720049119248637,116.78199115271278,130.67001080041223,62.31321810568929
2022-07-17 19:00:00,133.99000549316406,144.47999572753906,131.0,136.9499969482422,139700,123.37600067138672,137.9515874862671,124.52850074768067,4.490042919564014,115.54841490855264,133.5085865868087,62.715567474091806
2022-07-18 19:00:00,141.8800048828125,141.8800048828125,126.68000030517578,127.37999725341797,24400,123.21120071411133,137.4535874938965,124.87300071716308,4.427766130195452,116.01746845677218,133.72853297755398,61.470346381093506
2022-07-19 19:00:00,122.05000305175781,133.0,122.0,124.5199966430664,16200,122.96960052490235,137.0263874435425,124.88250045776367,4.426743512329044,116.02901343310558,133.73598748242176,53.130097381730366
2022-07-20 19:00:00,122.01000213623047,123.98999786376953,115.19000244140625,115.19000244140625,341900,122.54140045166015,136.631237449646,124.60050048828126,4.857205160089784,114.88609016810169,134.3149108084608,42.69466180935155
2022-07-21 19:00:00,114.0,116.0,106.58000183105469,108.05000305175781,173100,122.1440005493164,136.27318744659425,123.61650047302246,6.039416379819212,111.53766771338402,135.6953332326609,37.45921948252757
2022-07-24 19:00:00,105.0,108.05000305175781,103.01000213623047,105.2300033569336,16600,121.73020065307617,135.9094374847412,122.60300064086914,7.280068397249823,108.0428638463695,137.16313743536878,34.133185173201184
2022-07-25 19:00:00,103.0999984741211,108.5,103.0,104.7699966430664,26600,121.39000061035156,135.47668743133545,121.458500289917,8.186103926669078,105.08629243657884,137.83070814325515,33.52482699188211
2022-07-26 19:00:00,106.11000061035156,107.80000305175781,104.12000274658203,104.91999816894531,24400,121.01920059204102,135.08918743133546,120.76300010681152,8.974150863304022,102.81469838020348,138.71130183341955,33.846721229084295
2022-07-27 19:00:00,105.5,112.77999877929688,105.5,108.33999633789062,101200,120.72700057983398,134.78458744049072,120.06899986267089,9.382928883571003,101.30314209552888,138.8348576298129,34.79055657600243
2022-07-28 19:00:00,108.5,109.5,100.22000122070312,102.0199966430664,64200,120.48140045166015,134.51183738708497,119.07649955749511,10.196928079643024,98.68264339820907,139.47035571678117,31.185435824330526
2022-07-31 19:00:00,100.0,102.0,99.0,100.88999938964844,9300,120.09960037231446,134.29213737487794,118.06499938964843,10.958485619173574,96.14802815130129,139.9819706279956,32.42966517035991
2022-08-01 19:00:00,98.51000213623047,105.5,94.0,102.8499984741211,42700,119.73580032348633,134.13653736114503,117.09299926757812,11.416584576526748,94.25983011452462,139.92616842063163,30.607595650322807
2022-08-02 19:00:00,102.55000305175781,106.8499984741211,102.55000305175781,104.41999816894531,30500,119.44420028686524,134.03703735351561,116.1864990234375,11.67728536667312,92.83192829009127,139.54106975678374,32.42966517035991
2022-08-03 19:00:00,104.0,108.0,104.0,105.98999786376953,26300,119.16800018310546,133.99188735961914,115.36949882507324,11.795844718483705,91.77780938810582,138.96118826204065,22.064899817869758
2022-08-04 19:00:00,105.0,111.5,105.0,108.30999755859375,76000,118.97720016479492,133.94998733520507,114.53649864196777,11.66976801648034,91.19696260900709,137.87603467492846,21.71078412458793
2022-08-09 19:00:00,108.01000213623047,111.5,106.5,108.16000366210938,55100,118.72060028076172,133.9510873413086,113.69599876403808,11.482616465272914,90.73076583349226,136.6612316945839,26.67475901199316
2022-08-10 19:00:00,110.5,111.0,106.01000213623047,106.51000213623047,24300,118.38380035400391,133.98438735961915,112.94649887084961,11.435540737747015,90.07541739535557,135.81758034634365,27.481871836824396
2022-08-11 19:00:00,106.5199966430664,108.9000015258789,106.25,108.04000091552734,18000,118.06440032958984,133.9879373550415,112.09849891662597,11.119127667404237,89.8602435818175,134.33675425143446,38.89406232024169
2022-08-14 19:00:00,110.0,111.75,108.0,108.51000213623047,58100,117.77160034179687,133.95363735198976,111.27249908447266,10.714164524214922,89.84417003604281,132.7008281329025,50.90125224330238
2022-08-15 19:00:00,109.94000244140625,115.0,108.0,109.47000122070312,108700,117.5236003112793,133.88088737487794,110.0259994506836,9.229146801860416,91.56770584696277,128.48429305440442,58.9602674867461
2022-08-16 19:00:00,109.0,110.5,108.0,109.12000274658203,8800,117.26600036621093,133.8063874053955,108.63449974060059,6.7103989332802625,95.21370187404007,122.05529760716111,59.235686535715296
2022-08-17 19:00:00,110.5,112.0,108.5,108.68000030517578,24800,117.000400390625,133.6331873703003,107.69949989318847,5.061118672038812,97.57726254911086,117.82173723726609,57.88591425567765
2022-08-18 19:00:00,107.02999877929688,108.68000030517578,106.5,107.25,8800,116.780400390625,133.3990873336792,106.83600006103515,3.154310518334959,100.52737902436523,113.14462109770507,47.50572815879762
2022-08-21 19:00:00,107.0,107.0,105.5199966430664,106.01000213623047,3500,116.47460037231446,133.10098731994628,106.37700004577637,2.467932424604614,101.44113519656715,111.3128648949856,61.89626746299946
2022-08-22 19:00:00,108.79000091552734,108.98999786376953,106.0,106.58000183105469,11400,116.20760040283203,132.74363731384278,106.30349998474121,2.4371828439629772,101.42913429681525,111.17786567266717,67.5509112918864
2022-08-23 19:00:00,107.0,109.48999786376953,106.5,106.86000061035156,4100,115.95480041503906,132.3209373474121,106.3849998474121,2.4266263940242103,101.53174705936368,111.23825263546053,63.79905223224248
2022-08-24 19:00:00,106.69999694824219,107.9000015258789,105.5999984741211,106.80999755859375,7100,115.66220031738281,131.9697373199463,106.48699989318848,2.3978730156560575,101.69125386187636,111.2827459245006,59.185243653994796
2022-08-25 19:00:00,106.0,106.16000366210938,105.1500015258789,105.7300033569336,3100,115.36900039672851,131.66495037078857,106.52750015258789,2.3767608311015276,101.77397849038483,111.28102181479095,48.961682368283135
2022-08-28 19:00:00,103.19999694824219,105.0,103.19999694824219,104.43000030517578,3400,115.14820037841797,131.41615036010742,106.33200035095214,2.3806324751858043,101.57073540058053,111.09326530132375,33.13043553256858
2022-08-29 19:00:00,105.55000305175781,106.19999694824219,102.95999908447266,103.3499984741211,7100,114.79720031738282,131.21975032806395,106.39850044250488,2.2698402752680407,101.8588198919688,110.93818099304096,30.651628841934055
2022-08-30 19:00:00,104.0,106.5,102.01000213623047,102.36000061035156,18600,114.42640029907227,131.0718503189087,106.47200050354004,2.0994883398591577,102.27302382382173,110.67097718325836,32.37042179479451
2022-08-31 19:00:00,104.88999938964844,104.9000015258789,102.5,102.5,5500,114.06660034179687,130.8752003097534,106.45450057983399,2.1324675458417683,102.18956548815045,110.71943567151753,23.314054039353877
2022-09-01 19:00:00,103.5,103.5,101.5,101.77999877929688,2500,113.61560028076173,130.62180027008057,106.32250061035157,2.336937109616445,101.64862639111868,110.99637482958445,18.34428459156173
2022-09-04 19:00:00,102.0,102.0,100.25,100.62000274658203,1700,113.21140029907227,130.30545028686524,106.05400085449219,2.6629060843137644,100.72818868586467,111.37981302311971,9.141259407302101
2022-09-05 19:00:00,100.62000274658203,100.75,99.0,99.12999725341797,3800,112.63940017700196,129.98480030059815,105.59500083923339,3.0207091527291774,99.55358253377504,111.63641914469174,8.270658001748956
2022-09-06 19:00:00,100.1500015258789,100.88999938964844,99.5,100.30000305175781,2300,112.1354002380371,129.73120029449464,105.20200080871582,3.176706118728144,98.84858857125954,111.5554130461721,17.007896720863386
2022-09-07 19:00:00,100.0,100.98999786376953,99.0,99.9000015258789,7600,111.5802001953125,129.4800003051758,104.87150077819824,3.371345952126818,98.1288088739446,111.61419268245187,18.509019613483417
2022-09-08 19:00:00,99.9000015258789,107.38999938964844,99.5,107.38999938964844,39900,111.35140014648438,129.28170028686523,104.8390007019043,3.342200772623331,98.15459915665764,111.52340224715095,53.85043751923846
2022-09-11 19:00:00,109.0,112.0,104.0,105.44999694824219,36900,111.01600006103516,129.07020027160644,104.68600044250488,3.2335795497009996,98.21884134310288,111.15315954190687,47.07100989566442
2022-09-12 19:00:00,105.45999908447266,108.9000015258789,105.0,105.19000244140625,16000,110.68240005493163,128.87115028381348,104.47200050354004,3.0358917225699327,98.40021705840017,110.54378394867992,45.6668453588982
2022-09-13 19:00:00,103.4000015258789,104.5999984741211,103.4000015258789,103.55000305175781,3500,110.33100006103516,128.66940032958985,104.19350051879883,2.835963050868716,98.5215744170614,109.86542662053625,42.18601531291855
2022-09-14 19:00:00,103.5,106.9000015258789,103.5,104.83999633789062,6000,109.98199996948242,128.50350028991699,104.00150032043457,2.63940819801738,98.72268392439982,109.28031671646933,47.88797571918903
2022-09-15 19:00:00,104.01000213623047,105.05999755859375,103.0,103.01000213623047,6700,109.59119995117187,128.37965030670165,103.7895004272461,2.532883487527217,98.72373345219167,108.85526740230053,46.71296580828878
2022-09-18 19:00:00,103.0,103.0,101.0,101.48999786376953,3500,109.17439987182617,128.28690029144286,103.56350021362304,2.5259707746679396,98.51155866428716,108.61544176295892,45.78039660401838
2022-09-19 19:00:00,100.25,101.9800033569336,100.0,100.6500015258789,8700,108.68799987792968,128.1449503326416,103.26700019836426,2.5011680024130976,98.26466419353807,108.26933620319045,46.09410751908657
2022-09-20 19:00:00,100.05000305175781,100.9000015258789,99.0,100.0,3200,108.18859985351563,127.95140029907226,102.92400016784669,2.452406380706626,98.01918740643343,107.82881292925994,44.41964133661579
2022-09-21 19:00:00,99.01000213623047,99.5,97.0,98.75,4800,107.73359985351563,127.6996002960205,102.521000289917,2.4424401917425613,97.63611990643187,107.40588067340212,43.39293557102361
2022-09-22 19:00:00,99.44999694824219,99.45999908447266,98.0,98.0,1400,107.19359985351562,127.39160026550293,102.1345001220703,2.5183418004810307,97.09781652110824,107.17118372303237,44.18294152501863
2022-09-25 19:00:00,97.0,102.5,97.0,100.01000213623047,13100,106.6931999206543,127.15015026092529,101.91350021362305,2.500170672779207,96.91315886806464,106.91384155918146,51.90973337510074
2022-09-26 19:00:00,101.0,101.0,99.0,100.12000274658203,9200,106.00760009765625,126.95710029602051,101.75200042724609,2.506808379292741,96.7383836686606,106.76561718583157,49.59053593575199
2022-09-27 19:00:00,99.5,102.0,99.02999877929688,100.33999633789062,9800,105.27540008544922,126.80880027770996,101.65100021362305,2.5216718266179665,96.60765656038711,106.69434386685899,51.00916333113667
2022-09-28 19:00:00,99.94999694824219,99.94999694824219,99.75,99.77999877929688,1300,104.7234001159668,126.60895027160645,101.51500015258789,2.5466972690130247,96.42160561456184,106.60839469061393,24.411530201053026
2022-09-29 19:00:00,97.0999984741211,99.0,97.0,98.87999725341797,6600,104.21060012817382,126.40585025787354,101.37000007629395,2.612522356327837,96.14495536363827,106.59504478894962,26.247253441369693
2022-10-02 19:00:00,98.0,98.6500015258789,98.0,98.22000122070312,1700,103.87120010375976,126.24055027008056,101.25,2.702359442894116,95.84528111421177,106.65471888578823,25.509449095837766
2022-10-03 19:00:00,97.36000061035156,100.0,97.30999755859375,98.27999877929688,5400,103.67580001831055,126.09645027160644,101.20750007629394,2.7438213397851166,95.71985739672371,106.69514275586417,29.16990841092411
2022-10-04 19:00:00,100.0,102.0,99.0,99.6500015258789,13900,103.56419998168946,125.98060028076172,101.175,2.758944126161738,95.65711174767652,106.69288825232347,29.615083800556775
2022-10-05 19:00:00,97.05000305175781,100.0,97.05000305175781,98.37000274658203,3400,103.43620010375976,125.81495029449462,101.09850006103515,2.816763958907495,95.46497214322017,106.73202797885014,30.95237200398884
2022-10-06 19:00:00,97.1500015258789,100.0,97.1500015258789,99.18000030517578,5000,103.32140014648438,125.60405029296875,100.68800010681153,2.4222270968627577,95.84354591308602,105.53245430053704,39.93025115172736
2022-10-09 19:00:00,97.06999969482422,100.97000122070312,97.06999969482422,100.66000366210938,1400,103.16780029296875,125.3986003112793,100.44850044250488,2.147868786615314,96.15276286927426,104.7442380157355,50.04129703562255
2022-10-10 19:00:00,98.20999908447266,100.0,98.20999908447266,99.52999877929688,1600,103.11800033569335,125.19630027770997,100.16550025939941,1.8412451192315915,96.48301002093622,103.8479904978626,48.1334338466461
2022-10-11 19:00:00,99.0,99.0,97.0,97.0,9100,103.0402003479004,124.99355026245117,99.83800010681152,1.7893529253051872,96.25929425620114,103.4167059574219,43.691418110769824
2022-10-12 19:00:00,98.0,98.73999786376953,97.0,97.6500015258789,2400,102.93620040893555,124.76835025787354,99.47850036621094,1.414519895476272,96.64946057525839,102.30754015716349,48.72912650891121
2022-10-13 19:00:00,98.94999694824219,99.94000244140625,95.0,96.91999816894531,10500,102.78620040893554,124.55040027618408,99.17400016784669,1.2615046464013882,96.6509908750439,101.69700946064947,37.630086085729
2022-10-16 19:00:00,96.55999755859375,96.91999816894531,96.5199966430664,96.5199966430664,800,102.59680038452149,124.34045028686523,98.92550010681153,1.2707504881656757,96.38399913048018,101.46700108314288,35.91546773326965
2022-10-17 19:00:00,95.19999694824219,96.5199966430664,95.19999694824219,95.86000061035156,4000,102.34780044555664,124.11715026855468,98.68600006103516,1.375681760938314,95.93463653915853,101.43736358291179,33.05599351790079
2022-10-18 19:00:00,97.8499984741211,97.8499984741211,95.86000061035156,97.0199966430664,9300,102.12500030517577,123.90300022125244,98.53699989318848,1.3872057561668647,95.76258838085475,101.31141140552221,40.01446383076213
2022-10-19 19:00:00,97.0,102.69999694824219,97.0,98.29000091552734,30100,101.96060028076172,123.68695022583007,98.51399993896484,1.3873017332119657,95.73939647254092,101.28860340538877,47.92108443840354
2022-10-20 19:00:00,97.06999969482422,98.29000091552734,97.0,97.0199966430664,6000,101.7402001953125,123.47020023345948,98.46499977111816,1.4232532315716833,95.61849330797479,101.31150623426153,45.9459334067748
2022-10-23 19:00:00,97.5,97.5,95.36000061035156,96.72000122070312,7300,101.50440017700195,123.24880023956298,98.3004997253418,1.4254108880184013,95.449677949305,101.15132150137859,44.81384085010886
2022-10-24 19:00:00,95.52999877929688,96.72000122070312,95.0,95.5,8000,101.2250001525879,123.02680027008057,98.06949958801269,1.48800668490938,95.09348621819393,101.04551295783145,36.06447424580985
2022-10-25 19:00:00,92.0,93.0,90.05000305175781,90.11000061035156,3000,100.84480010986329,122.79605030059814,97.55799980163575,2.2364791625663885,93.08504147650297,102.03095812676852,28.263161001441958
2022-10-26 19:00:00,92.0,95.0,90.11000061035156,92.73999786376953,7200,100.52600006103516,122.56470031738282,97.20599975585938,2.4152228231007378,92.37555410965791,102.03644540206085,34.53410140275274
2022-10-27 19:00:00,91.01000213623047,92.73999786376953,90.0,90.08000183105469,6900,100.18260009765625,122.32525032043458,96.76599998474121,2.855634386612945,91.05473121151532,102.47726875796711,25.95454129305753
2022-10-30 19:00:00,90.08000183105469,90.08000183105469,90.08000183105469,90.08000183105469,5100,99.86400009155274,122.11350036621094,96.35900001525879,3.1971515238598744,89.96469696753904,102.75330306297853,27.359848684249002
2022-10-31 19:00:00,89.0,94.0,89.0,92.30999755859375,8800,99.57860000610351,121.86325035095214,96.06049995422363,3.285822162418394,89.48885562938685,102.63214427906041,38.599892439218884
2022-11-01 19:00:00,93.5,93.75,91.75,91.75,7100,99.27639999389649,121.55685035705567,95.66549987792969,3.306383821247712,89.05273223543426,102.27826752042512,35.59569102871343
2022-11-02 19:00:00,92.0,94.88999938964844,92.0,92.70999908447266,20700,98.99440002441406,121.19790035247803,95.38249969482422,3.3049418546966467,88.77261598543093,101.9923834042175,39.83582237458919
2022-11-03 19:00:00,93.11000061035156,93.11000061035156,89.0,90.52999877929688,16000,98.69039993286133,120.87520030975342,94.94999961853027,3.3475427006850147,88.25491421716023,101.6450850199003,36.682964658134
2022-11-06 19:00:00,92.98999786376953,93.0,91.22000122070312,91.22000122070312,8200,98.42619995117188,120.57280033111573,94.47799949645996,3.1603452517149018,88.15730899303016,100.79868999988976,39.698042510519215
2022-11-07 19:00:00,91.5,92.0999984741211,91.22000122070312,91.55000305175781,11600,98.19020004272461,120.27930034637451,94.07899971008301,2.987996247501101,88.10300721508081,100.05499220508521,37.39051429307082
2022-11-09 19:00:00,92.0,94.0,91.55000305175781,92.0,17400,97.98300003051757,120.01260036468506,93.82899971008301,2.9395157766952504,87.9499681566925,99.70803126347352,34.930511052758376
2022-11-10 19:00:00,92.19999694824219,92.19999694824219,92.0,92.0,2100,97.77300003051758,119.750700340271,93.54649963378907,2.822124677655536,87.902250278478,99.19074898910014,37.19387514796561
2022-11-13 19:00:00,92.0,92.9000015258789,90.41000366210938,90.44999694824219,8300,97.54639999389649,119.48915035247802,93.2229995727539,2.7856602444579894,87.65167908383793,98.79432006166988,34.96401192893866
2022-11-14 19:00:00,92.0,92.98999786376953,90.0999984741211,90.55000305175781,8400,97.345,119.21380039215087,92.92449989318848,2.733138127916231,87.45822363735601,98.39077614902095,37.45565630981613
2022-11-15 19:00:00,90.55000305175781,91.91000366210938,90.0,91.44999694824219,3800,97.19139999389648,118.92605037689209,92.70399971008301,2.660781685286065,87.38243633951087,98.02556308065515,54.39631626163434
2022-11-16 19:00:00,91.44999694824219,91.44999694824219,91.44999694824219,91.44999694824219,4000,97.01439987182617,118.66275035858155,92.4254997253418,2.469912345871596,87.4856750335986,97.36532441708499,44.885005418022686
2022-11-17 19:00:00,89.05000305175781,91.44999694824219,88.13999938964844,88.13999938964844,4800,96.77919982910156,118.38145038604736,91.91799964904786,2.2328985799471344,87.45220248915359,96.38379680894212,42.684753977816065
2022-11-20 19:00:00,86.25,91.9000015258789,82.01000213623047,87.33000183105469,1700,96.37799987792968,118.09685039520264,91.43349990844726,2.115798169366141,87.20190356971497,95.66509624717955,40.22742874618665
2022-11-21 19:00:00,89.5,90.86000061035156,87.33000183105469,87.93000030517578,6400,96.02759994506836,117.8182504272461,90.9939998626709,1.8569874233237067,87.28002501602349,94.70797470931832,32.39550208980488
2022-11-22 19:00:00,89.8499984741211,89.8499984741211,87.93000030517578,88.0,7400,95.68379989624023,117.52590042114258,90.6189998626709,1.6442426101133287,87.33051464244424,93.90748508289757,34.30961942399652
2022-11-23 19:00:00,88.0,90.66000366210938,87.51000213623047,88.02999877929688,2900,95.37339981079101,117.22305038452149,90.51499977111817,1.7410624017252614,87.03287496766765,93.99712457456869,28.765872364759943
2022-11-24 19:00:00,90.0,92.0,88.02999877929688,91.66000366210938,12700,95.10979995727538,116.94985038757324,90.46100006103515,1.684242223353808,87.09251561432754,93.82948450774276,54.53089323253805
2022-11-27 19:00:00,89.25,89.25,86.0,86.66999816894531,1600,94.78299987792968,116.63835037231445,90.29049987792969,1.8854274249096927,86.5196450281103,94.06135472774908,36.43410288442903
2022-11-28 19:00:00,88.5,93.16999816894531,88.5,93.16999816894531,22100,94.6165998840332,116.36225036621094,90.44499969482422,1.9909227169071682,86.46315426100988,94.42684512863856,53.53093928678804
2022-11-29 19:00:00,95.0,99.98999786376953,93.0,93.93000030517578,16800,94.48219985961914,116.03435039520264,90.52599983215332,2.100720224947696,86.32455938225793,94.7274402820487,54.15053692871851
2022-11-30 19:00:00,96.94000244140625,100.97000122070312,96.94000244140625,100.97000122070312,25500,94.5015998840332,115.75185039520264,90.98699989318848,3.1386893952247474,84.70962110273899,97.26437868363797,64.80686479074458
2022-12-01 19:00:00,106.0,108.54000091552734,103.5,108.54000091552734,76500,94.69739990234375,115.52675041198731,91.77849998474122,5.025124884820088,81.72825021510104,101.82874975438139,74.91049488099428
2022-12-04 19:00:00,110.51000213623047,111.9800033569336,100.4000015258789,100.4000015258789,52100,94.74539993286133,115.25050045013428,92.27200012207031,5.368947794129562,81.53410453381119,103.00989571032943,61.10484646337555
2022-12-05 19:00:00,98.5,102.88999938964844,94.19999694824219,96.80000305175781,33200,94.68119995117188,114.98445049285888,92.55100021362304,5.455686052313406,81.63962810899623,103.46237231824985,55.68544713762324
2022-12-06 19:00:00,99.4800033569336,104.05999755859375,97.0,100.20999908447266,99700,94.68299987792969,114.74945045471192,92.98400001525879,5.709798538007458,81.56440293924388,104.4035970912737,58.680144961522664
2022-12-07 19:00:00,98.0,100.5,96.5,97.1500015258789,31700,94.61919998168945,114.5252004623413,93.24150009155274,5.778796880423426,81.68390633070588,104.7990938523996,58.972318562555806
2022-12-08 19:00:00,99.9000015258789,99.9000015258789,94.1500015258789,95.12000274658203,6000,94.52600006103516,114.2871004486084,93.39750022888184,5.785626942370249,81.82624634414134,104.96875411362234,57.57340158400056
2022-12-11 19:00:00,93.0,94.0,91.0,92.06999969482422,11800,94.38980010986329,113.98025043487549,93.47850036621094,5.753440000020691,81.97162036616956,104.98538036625231,53.841869909489446
2022-12-12 19:00:00,92.0,94.51000213623047,90.0,90.01000213623047,8400,94.22560012817382,113.67285041809082,93.45150032043458,5.7691519409797785,81.91319643847501,104.98980420239414,51.79882050959218
2022-12-13 19:00:00,90.0,90.01000213623047,86.0,87.19000244140625,17100,94.00380020141601,113.35915046691895,93.23850059509277,5.923513051366038,81.3914744923607,105.08552669782485,49.284012712708694
2022-12-14 19:00:00,85.0,85.0,80.66000366210938,80.91000366210938,18700,93.62900024414063,113.02720046997071,92.71150093078613,6.528926118406399,79.65364869397334,105.76935316759892,41.23307745223259
2022-12-15 19:00:00,80.91000366210938,82.0,80.0,81.52999877929688,8000,93.29220016479492,112.72715049743653,92.38100090026856,6.927646397443673,78.52570810538121,106.23629369515591,45.48647651327747
2022-12-18 19:00:00,80.0,83.0,77.0,78.0,5600,92.86860015869141,112.39735046386718,91.91450080871581,7.570029396244908,76.774442016226,107.05455960120563,35.945893908837974
2022-12-19 19:00:00,78.0,78.0,73.0,73.05000305175781,14500,92.31640014648437,112.0959504699707,91.17050094604492,8.638115875177004,73.89426919569092,108.44673269639893,32.04951499676315
2022-12-20 19:00:00,70.0,76.69000244140625,70.0,72.5,5400,91.77580017089844,111.78045043945312,90.39550094604492,9.581360470682858,71.2327800046792,109.55822188741064,22.450154212159546
2022-12-21 19:00:00,73.75,77.93000030517578,73.75,77.0,5400,91.37580017089844,111.46545043945312,89.84400100708008,10.031549448339579,69.78090211040092,109.90709990375925,17.551428180763963
2022-12-22 19:00:00,75.0,77.0,73.20999908447266,75.05000305175781,1200,90.92380020141601,111.13225044250488,89.0135009765625,10.547580431450374,67.91834011366174,110.10866183946325,20.113169103690552
2022-12-25 19:00:00,78.0,78.4000015258789,77.0,77.97000122070312,2800,90.54480026245118,110.81610046386719,88.5785011291504,10.825068348644741,66.92836443186091,110.22863782643988,27.43828103974819
2022-12-26 19:00:00,79.0,79.0,76.5,77.83999633789062,500,90.17120025634766,110.51545043945312,87.81200103759765,11.023761853335968,65.76447733092571,109.85952474426959,20.91026142936201
2022-12-27 19:00:00,77.0,77.0,73.0,73.6500015258789,3800,89.72700027465821,110.20805042266846,86.79800109863281,11.359001948813143,64.07999720100652,109.5160049962591,20.313279468787314
2022-12-28 19:00:00,73.0999984741211,74.94999694824219,73.0,73.62999725341797,1400,89.25920028686524,109.93445037841796,85.43100090026856,11.207818058815642,63.01536478263728,107.84663701789984,21.400039883242002
2022-12-29 19:00:00,75.94000244140625,78.0,75.05000305175781,76.13999938964844,2400,88.81620025634766,109.6870503616333,83.81100082397461,9.964403353337463,63.88219411729968,103.73980753064953,28.490407625687766
2023-01-01 19:00:00,76.0,77.0999984741211,76.0,76.33000183105469,2500,88.40240036010742,109.42620037078858,82.6075008392334,9.285811210633238,64.03587841796693,101.17912326049986,30.546072456255203
2023-01-05 19:00:00,81.79000091552734,81.79000091552734,81.79000091552734,81.79000091552734,500,88.10380035400391,109.14450035095214,81.85700073242188,8.664129578832465,64.52874157475695,99.18525989008681,42.85713997377345
2023-01-08 19:00:00,80.0,80.0,80.0,80.0,500,87.7938003540039,108.88540031433105,80.84650077819825,7.513039142147342,65.82042249390356,95.87257906249293,48.6340382335534
2023-01-09 19:00:00,80.19999694824219,80.19999694824219,80.19999694824219,80.19999694824219,500,87.59560028076172,108.65305030822753,79.9990005493164,6.459257264173411,67.08048602096959,92.91751507766323,47.978106026549085
2023-01-11 19:00:00,83.44999694824219,83.44999694824219,83.44999694824219,83.44999694824219,500,87.40980026245117,108.42465026855469,79.41550025939941,5.473252187347562,68.46899588470428,90.36200463409453,58.356327577792456
2023-01-12 19:00:00,85.0,87.88999938964844,84.0,84.0,2000,87.28820022583008,108.19395027160644,79.0120002746582,4.739522170988141,69.53295593268193,88.49104461663448,69.40800131546848
2023-01-15 19:00:00,78.05999755859375,79.0,77.69999694824219,77.69999694824219,3000,87.04060012817382,107.93915023803712,78.3965000152588,3.9735098774088464,70.4494802604411,86.34351977007648,57.656059953190216
2023-01-16 19:00:00,79.5,79.5,72.51000213623047,74.37000274658203,6000,86.6818002319336,107.67430027008056,77.75550003051758,3.4842216521030585,70.78705672631146,84.7239433347237,45.989635285169264
2023-01-17 19:00:00,72.0,72.0,72.0,72.0,500,86.2868002319336,107.39990028381348,77.30999984741212,3.626377698818822,70.05724444977447,84.56275524504976,45.408005969351024
2023-01-18 19:00:00,74.0,74.0,74.0,74.0,3000,85.91260025024414,107.13550029754639,76.93349990844726,3.5553840047193765,69.8227318990085,84.04426791788602,43.85258567649486
2023-01-22 19:00:00,76.0,76.0,76.0,76.0,500,85.6220002746582,106.87485027313232,76.83349990844727,3.5519331477310674,69.72963361298513,83.9373662039094,47.30679721804075
2023-01-23 19:00:00,77.0,77.0,76.0,76.44999694824219,1500,85.32660018920899,106.62290027618408,77.00349960327148,3.4409498441117603,70.12159991504795,83.885399291495,54.6022269701804
2023-01-25 19:00:00,76.0999984741211,76.0999984741211,76.0999984741211,76.0999984741211,3000,85.01760009765626,106.36685028076172,77.18349952697754,3.283526561546015,70.6164464038855,83.75055265006958,54.01626214748476
2023-01-26 19:00:00,75.69999694824219,75.75,75.0,75.36000061035156,3000,84.68480010986327,106.08615028381348,77.10149955749512,3.308731536642018,70.48403648421109,83.71896263077915,48.6542462141296
2023-01-31 19:00:00,76.0,76.0,76.0,76.0,500,84.36480010986328,105.81120025634766,77.14899940490723,3.284460397096775,70.58007861071368,83.71792019910077,49.439344354091105
2023-02-01 19:00:00,75.5,75.5,75.5,75.5,500,84.06580017089844,105.5355502319336,77.02549934387207,3.2983730571312457,70.42875322960958,83.62224545813456,37.14752234802083
2023-02-06 19:00:00,75.5,75.5,75.5,75.5,2000,83.76480010986329,105.25245025634766,76.90849952697754,3.3094441845946565,70.28961115778823,83.52738789616684,40.07936187562065
2023-02-07 19:00:00,74.5199966430664,74.5199966430664,74.51000213623047,74.51000213623047,1000,83.42600021362304,104.98500026702881,76.95149955749511,3.270232535316156,70.4110344868628,83.49196462812742,37.87815005173492
2023-02-08 19:00:00,75.0,76.0,74.51000213623047,76.0,5000,83.11700027465821,104.71750026702881,77.06999969482422,3.1853788014577185,70.69924209190879,83.44075729773965,32.84200856629177
2023-02-09 19:00:00,72.0,75.9000015258789,70.51000213623047,75.9000015258789,4000,82.8722003173828,104.44840026855469,77.05799980163575,3.1895160436863987,70.67896771426295,83.43703188900854,30.950132940308023
2023-02-12 19:00:00,76.0,76.0,76.0,76.0,500,82.64560028076171,104.18975025177002,77.041499710083,3.194330312323878,70.65283908543525,83.43016033473076,44.35591319299149
2023-02-13 19:00:00,73.01000213623047,73.01000213623047,73.0,73.0,2000,82.3470002746582,103.90850025177002,76.60199966430665,3.110199072526455,70.38160151925373,82.82239780935956,45.34961353174955
2023-02-14 19:00:00,72.0,72.0,71.75,71.75,2000,82.0220002746582,103.57460025787354,76.18949966430664,3.1820698047622122,69.82536005478221,82.55363927383107,49.08155668965765
2023-02-15 19:00:00,70.01000213623047,70.01000213623047,70.01000213623047,70.01000213623047,500,81.66160034179687,103.24830024719239,75.67999992370605,3.318973352098187,69.04205321950968,82.31794662790242,35.056168987586645
2023-02-16 19:00:00,68.0999984741211,73.88999938964844,68.0199966430664,72.30000305175781,3500,81.27440032958984,102.94480026245117,75.12250022888183,2.848189683819722,69.4261208612424,80.81887959652127,36.43694555380295
2023-02-19 19:00:00,70.0,70.0,70.0,70.0,500,80.94100036621094,102.63655029296875,74.42250022888183,2.1976244523052073,70.02725132427142,78.81774913349224,29.180112928901295
2023-02-21 19:00:00,73.9000015258789,73.9000015258789,73.9000015258789,73.9000015258789,500,80.55560043334961,102.34155033111573,74.23250045776368,2.059260640474619,70.11397917681444,78.35102173871292,44.222695052512215
2023-02-22 19:00:00,73.9000015258789,73.9000015258789,73.9000015258789,73.9000015258789,1000,80.15500045776368,101.99675033569336,74.20900039672851,2.060290435908852,70.0884195249108,78.32958126854622,46.01093046534732
2023-02-23 19:00:00,76.25,76.25,73.9000015258789,76.25,1500,79.66060043334961,101.61015029907226,74.42150039672852,2.039530500068155,70.34243939659221,78.50056139686482,50.6246878276618
2023-02-28 19:00:00,70.54000091552734,71.25,70.54000091552734,71.25,1500,78.91480041503907,101.25355026245117,74.28400039672852,2.1586623018539886,69.96667579302054,78.60132500043649,41.33006741634589
2023-03-02 19:00:00,72.5,72.5,72.5,72.5,1000,78.35680038452148,100.94695022583008,74.10900039672852,2.154092048472635,69.80081629978325,78.41718449367379,44.17701739182458
2023-03-05 19:00:00,67.30000305175781,72.55000305175781,67.30000305175781,72.55000305175781,1000,77.87180038452148,100.64895027160645,73.9140007019043,2.107028947923522,69.69994280605725,78.12805859775135,46.05157310924267
2023-03-06 19:00:00,68.0999984741211,72.55000305175781,68.0999984741211,68.0999984741211,2500,77.22960037231445,100.3174002456665,73.5140007019043,2.4080553893448555,68.69788992321459,78.330111480594,35.78113804284928
2023-03-07 19:00:00,72.0,73.0,71.0,73.0,2500,76.74660034179688,100.00430027008056,73.39600067138672,2.370364010691326,68.65527265000406,78.13672869276937,45.54941577073606
2023-03-08 19:00:00,69.0999984741211,75.30000305175781,69.0999984741211,75.30000305175781,3000,76.3502003479004,99.70270030975342,73.3610008239746,2.334791753309243,68.69141731735613,78.03058433059309,48.99367931899675
2023-03-09 19:00:00,77.94999694824219,77.94999694824219,72.0,72.0,6500,75.94880035400391,99.37970027923583,73.18600082397461,2.2968892448944125,68.59222233418578,77.77977931376344,48.57468712538125
2023-03-12 19:00:00,72.75,73.0,69.01000213623047,69.26000213623047,7500,75.5338003540039,99.04300025939942,72.87400093078614,2.388021628940391,68.09795767290535,77.65004418866693,46.595574452282925
2023-03-13 19:00:00,70.0,74.44999694824219,70.0,74.44999694824219,26000,75.27900024414062,98.7756502532959,72.87100067138672,2.385894758533424,68.09921115431987,77.64279018845357,55.54721825533223
2023-03-14 19:00:00,78.83000183105469,80.02999877929688,78.83000183105469,80.02999877929688,18000,75.26140014648438,98.54620025634766,73.07250061035157,2.798551832077736,67.4753969461961,78.66960427450704,58.924028445953915
2023-03-15 19:00:00,86.02999877929688,86.02999877929688,78.26000213623047,80.0,22500,75.23080017089843,98.33730026245117,73.27750053405762,3.145263287210136,66.98697395963735,79.56802710847789,62.18323333078029
2023-03-16 19:00:00,82.5,82.5,80.0,80.0,27500,75.27080017089844,98.12000026702881,73.47750053405761,3.440784316181281,66.59593190169505,80.35906916642017,58.212166560702876
2023-03-19 19:00:00,79.05000305175781,82.48999786376953,79.0,81.0,10000,75.42980010986328,97.91025028228759,73.87750053405762,3.825818996971521,66.22586254011458,81.52913852800066,59.30780960603406
2023-03-20 19:00:00,82.0,82.0,80.0,82.0,1500,75.61980010986328,97.74875026702881,74.39000053405762,4.194586379495832,66.00082777506596,82.77917329304928,57.814621723964876
2023-03-21 19:00:00,80.0,81.1500015258789,79.01000213623047,79.80000305175781,16500,75.67580017089844,97.54785026550293,74.87950057983399,4.22765381236096,66.42419295511206,83.33480820455591,62.577231053224395
2023-03-23 19:00:00,77.0,81.0,77.0,78.0,19500,75.73480010986329,97.33265026092529,75.1645004272461,4.236727195543103,66.69104603615989,83.6379548183323,57.961781469808905
2023-03-26 19:00:00,78.0,78.0,78.0,78.0,500,75.73540008544921,97.1276502609253,75.56450042724609,4.098878424409427,67.36674357842723,83.76225727606494,57.90083514095464
2023-03-27 19:00:00,77.0,77.0,77.0,77.0,2000,75.7186001586914,96.9136502456665,75.71950035095215,4.0912286491149334,67.53704305272228,83.90195764918201,64.33634224125747
2023-03-29 19:00:00,73.0,81.0,73.0,78.75,2500,75.82060012817382,96.7181502532959,75.96200027465821,4.121331627009083,67.71933702064004,84.20466352867638,60.30835447442526
2023-04-05 19:00:00,80.0,80.0,80.0,80.0,1000,75.94800018310546,96.51320026397705,76.14950027465821,4.219263381432096,67.71097351179401,84.58802703752241,58.75558418316007
2023-04-12 19:00:00,80.0,81.0,80.0,81.0,3000,76.0452001953125,96.30145027160644,76.6370002746582,4.186510956570054,68.2639783615181,85.01002218779831,68.33741332986787
2023-05-01 19:00:00,85.0,86.25,83.0,83.01000213623047,13000,76.17880020141601,96.09645027160644,77.16250038146973,4.298028801610762,68.5664427782482,85.75855798469125,78.87442547224707
2023-05-02 19:00:00,83.0,84.5,81.5,81.83000183105469,10500,76.17960021972657,95.88985027313232,77.62650032043457,4.274726826040416,69.07704666835374,86.1759539725154,68.63637309428928
2023-05-03 19:00:00,80.05000305175781,83.0,80.05000305175781,81.05000305175781,4000,76.20060028076172,95.6857502746582,78.27400054931641,3.697605924632264,70.87878870005189,85.66921239858094,53.400014241536454
2023-05-04 19:00:00,80.75,83.0,80.0,83.0,2000,76.25660034179687,95.4907502746582,78.77400054931641,3.622252068572683,71.52949641217104,86.01850468646178,58.8652491863331
2023-05-08 19:00:00,77.5,82.5,77.05000305175781,78.0,4000,76.14760040283203,95.27095027923583,78.90900039672852,3.535231772187339,71.83853685235384,85.97946394110319,45.437955823295965
2023-05-09 19:00:00,76.01000213623047,76.01000213623047,76.01000213623047,76.01000213623047,500,75.98780044555664,95.05975028991699,79.10950050354003,3.2226607881516878,72.66417892723666,85.5548220798434,39.10956192082279
2023-05-10 19:00:00,79.88999938964844,79.9000015258789,79.88999938964844,79.9000015258789,1000,76.03180053710938,94.8527502822876,79.64150047302246,2.239326766574127,75.16284693987421,84.12015400617071,45.9302347931798
2023-05-18 19:00:00,77.51000213623047,83.0,77.5,79.5,2000,76.13440048217774,94.65060028076172,79.89400062561035,1.8788334843632963,76.13633365688375,83.65166759433694,49.374993642171226
2023-05-21 19:00:00,77.01000213623047,79.86000061035156,76.0,79.86000061035156,6000,76.29160049438477,94.45240028381347,79.88550071716308,1.8785703622378302,76.12835999268742,83.64264144163874,54.12234222437456
2023-05-23 19:00:00,76.01000213623047,76.01000213623047,76.01000213623047,76.01000213623047,500,76.33180053710937,94.2252502822876,79.68600082397461,2.0680766621376256,75.54984749969935,83.82215414824987,46.232491172462765
2023-05-25 19:00:00,73.0,80.0,73.0,80.0,2000,76.41180053710937,94.02330028533936,79.68600082397461,2.0680766621376256,75.54984749969935,83.82215414824987,55.10204187552355
2023-05-28 19:00:00,80.0,80.0,80.0,80.0,500,76.48280059814454,93.84595027923584,79.63600082397461,2.046613148042106,75.5427745278904,83.72922712005882,52.26039832898287
2023-05-29 19:00:00,80.0,80.0,80.0,80.0,500,76.56080062866211,93.64145027160644,79.5360008239746,1.9725469172318577,75.59090698951088,83.48109465843832,50.0
2023-05-30 19:00:00,84.0,84.0,78.0,79.5999984741211,3500,76.6456005859375,93.43495025634766,79.52600059509277,1.9716448370297233,75.58271092103332,83.46929026915221,47.28681826690288
2023-06-04 19:00:00,79.5999984741211,80.94999694824219,78.5,80.0,6500,76.7256005859375,93.23250026702881,79.62600059509278,1.9406493965187213,75.74470180205533,83.50729938813022,43.778415085199136
2023-06-05 19:00:00,79.0,81.0,77.5,80.0,5500,76.8156005859375,93.01085025787353,79.72600059509277,1.9036292090247098,75.91874217704336,83.53325901314219,46.02346312922626
2023-06-06 19:00:00,80.0,84.48999786376953,80.0,80.91999816894531,56500,76.9240005493164,92.81130023956298,79.92200050354003,1.8075646719634935,76.30687115961305,83.53712984746701,49.71921184214169
2023-06-07 19:00:00,81.0,81.8499984741211,78.5,78.5,12000,77.0038005065918,92.56515022277831,79.90950050354004,1.8169362019192397,76.27562809970156,83.54337290737853,40.47417245923667
2023-06-08 19:00:00,78.5,81.44000244140625,78.5,81.27999877929688,5000,77.10940048217773,92.3440502166748,79.97350044250489,1.8426531443359428,76.288194153833,83.65880673117677,57.6635507354881
2023-06-19 19:00:00,75.18000030517578,79.94999694824219,75.18000030517578,77.33000183105469,2000,77.13800048828125,92.09240020751953,79.79000053405761,1.9163147312580033,75.9573710715416,83.62262999657362,52.825342661490254
2023-06-20 19:00:00,73.0,73.0,71.52999877929688,71.52999877929688,7000,77.04860046386719,91.85590019226075,79.21600036621093,2.5240180545312416,74.16796425714845,84.26403647527341,33.43885267416805
2023-06-25 19:00:00,72.0,74.0,72.0,74.0,5000,77.06860046386718,91.61480018615723,78.8245002746582,2.6984487296143636,73.42760281542948,84.22139773388693,39.94147634106021
2023-07-03 19:00:00,76.94999694824219,76.94999694824219,75.0,75.38999938964844,5500,77.14140045166016,91.38240016937256,78.54150009155273,2.749086326938978,73.04332743767478,84.03967274543069,42.12195630940548
2023-07-04 19:00:00,75.5,75.5,75.5,75.5,500,77.25120040893555,91.15430015563965,78.16650009155273,2.617270961170995,72.93195816921074,83.40104201389472,48.964672770802494
2023-07-06 19:00:00,78.0,81.0,78.0,80.41000366210938,11000,77.41340042114258,90.94490016937256,78.2870002746582,2.664258744622311,72.95848278541358,83.61551776390282,50.80235540731407
2023-07-09 19:00:00,82.98999786376953,83.0,80.0,80.5,5500,77.62340042114258,90.73465015411377,78.51150016784668,2.6514331946560565,73.20863377853456,83.81436655715879,50.975039024770545
2023-07-10 19:00:00,78.25,82.0,78.25,82.0,3500,77.785400390625,90.53300014495849,78.61650009155274,2.749096091702506,73.11830790814773,84.11469227495775,53.68459846163966
2023-07-11 19:00:00,78.25,80.0,78.25,80.0,1000,77.90740036010742,90.30815013885498,78.64150009155273,2.759806028799019,73.12188803395469,84.16111214915077,50.69589693042942
2023-07-12 19:00:00,80.0,80.0,80.0,80.0,500,77.98240036010742,90.08330013275146,78.64850006103515,2.763234713070095,73.12203063489495,84.17496948717535,50.0
2023-07-13 19:00:00,80.11000061035156,81.0,80.11000061035156,81.0,2000,78.17740036010743,89.88080013275146,78.89799995422364,2.737620290464776,73.42275937329408,84.37324053515319,51.704158358582625
2023-07-16 19:00:00,81.0,81.0,81.0,81.0,1000,78.34740036010743,89.66080013275146,78.94799995422363,2.767772544770068,73.4124548646835,84.48354504376377,50.1407491840413
2023-07-18 19:00:00,83.9000015258789,83.9000015258789,83.9000015258789,83.9000015258789,500,78.57440032958985,89.45515014648437,79.14300003051758,2.975388937038264,73.19222215644106,85.0937779045941,59.3425627002881
2023-07-19 19:00:00,81.5,84.9000015258789,81.5,83.16000366210938,6500,78.8756004333496,89.1989501953125,79.30100021362304,3.1043978590451986,73.09220449553264,85.50979593171344,53.49963670903262
2023-07-20 19:00:00,85.0,85.0,83.44999694824219,83.44999694824219,2000,79.08460037231445,88.9314501953125,79.49350013732911,3.2403060674897293,73.01288800234965,85.97411227230856,63.189646384094026
2023-07-24 19:00:00,78.05000305175781,81.0,78.05000305175781,79.52999877929688,1000,79.16920028686523,88.69220020294189,79.47000007629394,3.2381429846507244,72.9937141069925,85.94628604559539,68.76173306127065
2023-07-25 19:00:00,81.0,82.98999786376953,81.0,81.0,2000,79.34920028686524,88.47460021972657,79.52000007629394,3.254436887496198,73.01112630130154,86.02887385128633,67.22441617462309
2023-07-30 19:00:00,81.0,83.0,80.12000274658203,82.0,8000,79.60400024414062,88.30865020751953,79.57400016784668,3.2876796681231992,72.99864083160028,86.14935950409307,66.58304826770954
2023-07-31 19:00:00,79.05000305175781,81.98999786376953,79.05000305175781,80.0,3000,79.71500030517578,88.16840019226075,79.64900016784668,3.2789874391830316,73.09102528948061,86.20697504621275,60.311644446309245
2023-08-01 19:00:00,80.01000213623047,80.01000213623047,80.01000213623047,80.01000213623047,1500,79.71460037231445,88.04230018615722,79.58550033569335,3.2579694618858683,73.06956141192161,86.1014392594651,48.817961733063925
2023-08-02 19:00:00,80.5,80.5,80.0,80.0,3500,79.71460037231445,87.9184502029419,79.71900024414063,3.2151043793583045,73.28879148542403,86.14920900285723,48.51543910708882
2023-08-03 19:00:00,78.5199966430664,78.77999877929688,78.11000061035156,78.77999877929688,2000,79.69020034790039,87.78775020599365,80.08150024414063,2.5914320466224203,74.89863615089578,85.26436433738547,40.27777265875224
2023-08-06 19:00:00,78.25,82.5,78.25,82.5,1000,79.72020034790039,87.6585502243042,80.50650024414062,2.2105831195765187,76.08533400498759,84.92766648329366,56.8380748548829
2023-08-07 19:00:00,83.0,83.0,79.5,79.5,1000,79.67020034790039,87.54595024108886,80.71200027465821,1.8755593318591588,76.9608816109399,84.46311893837652,48.825187902533045
2023-08-09 19:00:00,77.5,77.5,77.5,77.5,500,79.62420028686523,87.42900024414062,80.8120002746582,1.6187833677198447,77.57443353921852,84.04956701009789,42.14542147270608
2023-08-10 19:00:00,82.5,82.5,82.5,82.5,1000,79.71420028686524,87.32725025177002,80.91650009155273,1.6584404500702314,77.59961919141227,84.2333809916932,52.74926698519203
2023-08-15 19:00:00,81.98999786376953,81.98999786376953,77.16000366210938,77.16000366210938,1000,79.69740036010742,87.19095027923584,80.7495002746582,1.8586651141337247,77.03217004639076,84.46683050292565,38.66083560371191
2023-08-17 19:00:00,75.55000305175781,75.55000305175781,75.55000305175781,75.55000305175781,500,79.66840042114258,87.03875030517578,80.4270004272461,2.164656079401563,76.09768826844298,84.75631258604922,37.56129205395596
2023-08-22 19:00:00,72.0,72.0,72.0,72.0,500,79.53340042114257,86.85720031738282,80.0270004272461,2.8714656970343544,74.28406903317739,85.7699318213148,33.087156744924485
2023-08-23 19:00:00,72.16000366210938,72.16000366210938,72.16000366210938,72.16000366210938,500,79.37660049438476,86.67720031738281,79.63500061035157,3.367621538355743,72.89975753364008,86.37024368706305,37.75341928083412
2023-08-29 19:00:00,72.19999694824219,72.19999694824219,68.0,68.5,3000,79.12660049438476,86.48715030670166,79.01000061035157,4.166212068187732,70.6775764739761,87.34242474672703,30.63817446725436
2023-08-30 19:00:00,70.0,70.0,63.45000076293945,63.45000076293945,4500,78.73540046691895,86.26420030593872,78.13250064849854,5.392697357317587,67.34710593386336,88.91789536313371,24.470145253496682
2023-09-03 19:00:00,67.5,67.5,63.25,63.25,2500,78.36380043029786,86.03790029525757,77.10000057220459,6.1535019639903545,64.79299664422388,89.40700450018531,25.745738212667575
2023-09-05 19:00:00,61.5,62.04999923706055,61.5,62.04999923706055,5500,77.9838003540039,85.80080028533935,76.04450035095215,6.832366586956936,62.379767177038275,89.70923352486602,24.860027251794605
2023-09-06 19:00:00,62.099998474121094,62.5,62.099998474121094,62.5,1500,77.57380035400391,85.56770027160644,74.99700050354004,7.2315479222736245,60.53390465899279,89.46009634808729,25.80199870663236
2023-09-07 19:00:00,66.0,66.0,66.0,66.0,500,77.33380035400391,85.35430027008057,74.3205005645752,7.41568509464182,59.48913037529156,89.15187075385884,33.37669688983169
2023-09-10 19:00:00,68.63999938964844,68.63999938964844,63.0,63.5,1500,77.0836003112793,85.13555027008057,73.4455005645752,7.615808844609824,58.21388287535555,88.67711825379484,24.47609419368777
2023-09-12 19:00:00,66.44999694824219,66.44999694824219,66.44999694824219,66.44999694824219,500,76.81460021972656,84.93775024414063,72.66800041198731,7.489212674890529,57.689575062206245,87.64642576176837,32.44551921439211
2023-09-14 19:00:00,66.0,66.0,66.0,66.0,2500,76.54460021972656,84.73485023498534,71.9680004119873,7.421809379477599,57.1243816530321,86.8116191709425,33.857384737142525
2023-09-21 19:00:00,66.0,66.0,66.0,66.0,500,76.26740020751953,84.53055023193359,71.26750030517579,7.282679755609888,56.70214079395601,85.83285981639557,23.05682802095467
2023-09-24 19:00:00,65.0,65.0,65.0,65.0,1000,76.04720016479492,84.32150024414062,70.51750030517579,7.106283628584653,56.30493304800648,84.7300675623451,26.864534443020958
2023-09-25 19:00:00,68.4000015258789,68.4000015258789,68.4000015258789,68.4000015258789,1000,75.8152001953125,84.13485023498535,69.99850044250488,6.845335623175305,56.307829196154266,83.68917168885548,37.26398350507394
2023-10-04 19:00:00,67.0,70.0,67.0,70.0,2000,75.6152001953125,83.96270023345947,69.37350044250488,6.182376425848993,57.00874759080689,81.73825329420286,46.17151648220689
2023-10-05 19:00:00,74.4800033569336,74.48999786376953,74.4800033569336,74.48999786376953,1000,75.5050001525879,83.81840023040772,69.12300033569336,5.842635191556094,57.43772995258117,80.80827071880555,53.82593503313086
2023-10-08 19:00:00,70.26000213623047,70.55000305175781,70.25,70.3499984741211,1500,75.3200001525879,83.65835021972656,68.76550025939942,5.512505441532091,57.74048937633523,79.7905111424636,52.990622231168
2023-10-09 19:00:00,70.30000305175781,72.9000015258789,70.30000305175781,72.9000015258789,1000,75.17800018310547,83.51035022735596,68.28550033569336,4.5952849271852925,59.09493048132277,77.47607019006394,66.61977124426369
2023-10-10 19:00:00,72.5999984741211,78.37000274658203,72.5999984741211,78.37000274658203,7000,75.14540023803711,83.39330024719239,68.34600028991699,4.7244236762066585,58.89715293750367,77.7948476423303,72.43324052789076
2023-10-11 19:00:00,79.12000274658203,83.5,76.01000213623047,76.0999984741211,6500,75.04900024414063,83.27070022583008,68.37350006103516,4.769944883679904,58.83361029367535,77.91338982839497,70.20419765902443
2023-10-12 19:00:00,76.0,80.0,76.0,80.0,7000,75.07900024414063,83.17505023956299,68.77350006103515,5.385746826465935,58.002006408103284,79.54499371396702,72.89377216257198
2023-10-15 19:00:00,77.08999633789062,86.0,74.11000061035156,85.69000244140625,33000,75.16720031738281,83.10200023651123,69.45,6.556096847064064,56.33780630587187,82.56219369412813,74.36278230267604
2023-10-16 19:00:00,85.0,86.0,80.33000183105469,82.9800033569336,10000,75.28020034790039,83.01740024566651,70.17400016784669,7.212345692854018,55.74930878213865,84.59869155355472,73.97833830596274
2023-10-17 19:00:00,88.0,88.0,83.25,85.05000305175781,7000,75.55060043334962,82.90570026397705,71.25400028228759,7.749689183351147,55.7546219155853,86.75337864898988,73.40211818379734
2023-10-18 19:00:00,89.87999725341797,89.87999725341797,85.0,86.25,2000,75.7956004333496,82.80970027923584,72.4040002822876,8.193264092653058,56.01747209698148,88.79052846759372,75.00617097152383
2023-10-19 19:00:00,85.0,85.0,83.19999694824219,85.0,2000,75.98780044555664,82.7087502670288,73.55150032043457,8.27354915836031,57.00440200371395,90.09859863715519,72.75993950589167
2023-10-22 19:00:00,88.75,88.75,85.0,85.0,4000,76.17780044555664,82.61600025177002,74.67650032043457,8.22128394192306,58.23393243658845,91.1190682042807,74.54589752492288
2023-10-23 19:00:00,85.0,85.0,80.0,85.0,7000,76.26960037231446,82.51680027008057,75.62650032043457,8.2635651514859,59.099370017462775,92.15363062340637,72.22816913552676
2023-10-24 19:00:00,89.5,89.75,87.0,87.66000366210938,6500,76.41280044555664,82.44005027770996,76.83450050354004,8.162854167537226,60.50879216846559,93.1602088386145,72.99479095265286
2023-10-25 19:00:00,85.01000213623047,85.01000213623047,85.01000213623047,85.01000213623047,500,76.47300048828124,82.35765029907226,77.76250076293945,7.972943715355562,61.81661333222833,93.70838819365058,64.38730933302504
2023-10-26 19:00:00,80.16000366210938,85.0,80.16000366210938,85.0,5000,76.57300048828125,82.27940029144287,78.71250076293946,7.62186525480136,63.468770253336736,93.95623127254217,72.58710221242924
2023-10-30 19:00:00,83.0,86.0,83.0,86.0,1000,76.69300048828126,82.20940029144288,79.71250076293946,7.1644727971723325,65.3835551685948,94.04144635728412,71.21112883121825
2023-10-31 19:00:00,81.01000213623047,84.5,81.01000213623047,83.0,2500,76.73300048828125,82.13065029144288,80.61250076293945,6.297090854226143,68.01831905448716,93.20668247139173,58.14853117429521
2023-11-01 19:00:00,85.0,85.0,85.0,85.0,2500,76.81300048828125,82.06565029144286,81.4425006866455,5.664946349790745,70.11260798706401,92.772393386227,65.81378696859613
2023-11-02 19:00:00,85.51000213623047,85.51000213623047,85.0,85.5,3000,76.84500045776367,81.99310028076172,82.21750068664551,5.043289989721733,72.13092070720204,92.30408066608898,61.11559979548046
2023-11-05 19:00:00,89.0,89.0,84.0,85.88999938964844,2500,76.89960037231445,81.92195026397705,82.78750076293946,4.760228044043212,73.26704467485304,92.30795685102588,50.5143953784085
2023-11-06 19:00:00,91.44999694824219,91.48999786376953,86.51000213623047,88.4800033569336,6000,77.00020050048828,81.86265029907227,83.69400100708008,3.919008456366224,75.85598409434763,91.53201791981252,64.23394905525069
2023-11-07 19:00:00,90.75,91.25,86.05999755859375,88.25,11500,77.17460052490235,81.80500030517578,84.46150093078613,3.114309061716151,78.23288280735383,90.69011905421843,59.15330359558997
2023-11-09 19:00:00,85.0,90.0,85.0,88.66999816894531,6500,77.32800048828125,81.75395030975342,84.9765007019043,2.8980946671567795,79.18031136759075,90.77269003621785,57.24549820366722
2023-11-12 19:00:00,87.05000305175781,89.8499984741211,87.05000305175781,88.7699966430664,3500,77.46340042114258,81.70670028686523,85.61000061035156,2.1417157198937447,81.32656917056407,89.89343205013905,62.1221673745726
2023-11-13 19:00:00,88.7699966430664,88.87999725341797,87.05000305175781,87.27999877929688,2500,77.60900039672852,81.65170028686524,85.9740005493164,1.7140110881659751,82.54597837298445,89.40202272564835,56.69013390834344
2023-11-14 19:00:00,87.94999694824219,88.0,87.0,87.0,3000,77.7488003540039,81.58845027923584,86.0395004272461,1.7275638683309884,82.58437269058412,89.49462816390808,55.7736696138788
2023-11-15 19:00:00,85.01000213623047,93.52999877929688,85.01000213623047,93.52999877929688,22500,78.01940032958984,81.56425025939942,86.56700019836425,2.2697899802255668,82.02742023791312,91.10658015881539,63.850859935998066
2023-11-16 19:00:00,99.80000305175781,100.54000091552734,97.0,99.66999816894531,19500,78.43720031738282,81.56670024871826,87.29799995422363,3.6748580147667664,79.94828392469009,94.64771598375717,79.70015366985311
2023-11-19 19:00:00,100.0,104.98999786376953,100.0,102.0,19000,78.82720031738282,81.57340023040771,88.08549995422364,4.916323099672851,78.25285375487793,97.91814615356934,81.48148148148148
2023-11-20 19:00:00,102.0,104.0,102.0,104.0,7500,79.31720031738281,81.59575023651124,89.03549995422364,6.004101340910974,77.0272972724017,101.04370263604558,82.14285714285714
2023-11-21 19:00:00,103.25,107.80000305175781,100.75,101.8499984741211,15000,79.80420028686524,81.62000022888184,89.87799987792968,6.564118633801014,76.74976261032765,103.00623714553171,84.71454404183662
2023-11-22 19:00:00,104.0,104.0,99.75,100.0,4000,80.15420028686523,81.63175022125245,90.62799987792968,6.829022504590089,76.96995486874951,104.28604488710985,77.77777777777777
2023-11-23 19:00:00,96.55000305175781,96.55000305175781,96.55000305175781,96.55000305175781,1000,80.5420002746582,81.6299002456665,91.0724998474121,6.914458286777228,77.24358327385765,104.90141642096656,68.44741932837886
2023-11-26 19:00:00,103.0,103.0,97.05999755859375,97.1500015258789,2500,80.97400024414063,81.63305027008056,91.67949981689453,6.887051555700689,77.90539670549316,105.45360292829591,68.66711475030804
2023-11-27 19:00:00,98.0999984741211,103.9800033569336,98.0,99.5,10000,81.52400024414062,81.65125026702881,92.40449981689453,6.9100617287088015,78.58437635947692,106.22462327431214,68.41577561413203
2023-11-28 19:00:00,98.0999984741211,102.95999908447266,98.0999984741211,102.95999908447266,1000,82.14000015258789,81.68095027923584,93.25249977111817,7.120204673406217,79.01209042430574,107.4929091179306,72.18703646806067
2023-11-29 19:00:00,105.44000244140625,105.44000244140625,100.0,100.0,2500,82.7700001525879,81.6895002746582,94.10249977111816,6.841106347178414,80.42028707676133,107.784712465475,65.87280176521466
2023-11-30 19:00:00,101.80000305175781,103.0,98.25,98.69999694824219,4000,83.47500007629395,81.69790027618409,94.78749961853028,6.561895455486877,81.66370870755652,107.91129052950403,63.45893537969637
2023-12-03 19:00:00,102.69000244140625,102.69000244140625,100.05999755859375,100.05999755859375,2500,84.21120002746582,81.71460025787354,95.51549949645997,6.278840306619232,82.9578188832215,108.07318010969843,67.38302596443572
2023-12-04 19:00:00,100.75,100.75,99.0999984741211,99.0999984741211,3000,84.95220001220703,81.73260025024415,96.17599945068359,5.896145275778103,84.38370889912738,107.9682900022398,66.15918823556981
2023-12-05 19:00:00,95.75,106.52999877929688,95.75,106.52999877929688,47000,85.83279998779297,81.81470024108887,97.07849922180176,6.03591393085483,85.0066713600921,109.15032708351143,66.95357491095059
2023-12-06 19:00:00,109.9800033569336,111.19999694824219,105.5,108.11000061035156,36500,86.675,81.89155025482178,98.07149925231934,6.13979052358729,85.79191820514477,110.35108029949392,62.4926032362366
2023-12-07 19:00:00,109.8499984741211,109.8499984741211,106.0,106.05000305175781,4500,87.52600006103516,81.9714002609253,98.94049949645996,5.966611475834972,87.00727654479002,110.87372244812991,56.04297779119543
2023-12-10 19:00:00,105.5,105.5,101.0,101.0,4000,88.21700012207032,82.02600025177001,99.55199966430663,5.475939537243593,88.60012058981945,110.50387873879382,45.89715508707027
2023-12-11 19:00:00,100.0199966430664,101.98999786376953,96.0199966430664,97.38999938964844,4000,88.84480010986329,82.05140026092529,100.05749969482422,4.694307842843593,90.66888400913703,109.4461153805114,44.1346666514159
2023-12-12 19:00:00,99.98999786376953,101.80000305175781,99.98999786376953,101.80000305175781,2000,89.56080017089843,82.10165027618409,100.79749984741211,3.5561659683625164,93.68516791068708,107.90983178413714,52.21784496123447
2023-12-13 19:00:00,104.98999786376953,104.98999786376953,95.51000213623047,100.13999938964844,5500,90.2636001586914,82.13880027770996,101.12799987792968,3.1263829880357874,94.87523390185811,107.38076585400125,54.62747556981475
2023-12-14 19:00:00,100.11000061035156,107.6500015258789,100.11000061035156,107.6500015258789,64000,91.0486001586914,82.22440029144288,101.52700004577636,3.4254300921146354,94.67613986154709,108.37786023000564,61.48796192048337
2023-12-17 19:00:00,108.55000305175781,111.48999786376953,107.25,109.86000061035156,30500,91.84580017089844,82.31760028839112,101.92000007629395,3.9004995899722457,94.11900089634945,109.72099925623844,61.36961994707654
2023-12-18 19:00:00,108.0,108.0,101.6500015258789,102.33000183105469,21500,92.40260025024413,82.3715002822876,101.83650016784668,3.871395104434685,94.09370995897731,109.57929037671605,49.36530617107641
2023-12-19 19:00:00,95.0,102.0,95.0,102.0,8000,93.03560028076171,82.4215002822876,101.84400024414063,3.8715679266737557,94.10086439079312,109.58713609748814,52.12765888371281
2023-12-20 19:00:00,102.0,103.69999694824219,100.0199966430664,102.69000244140625,8000,93.63140029907227,82.47495029449463,101.97850036621094,3.850805132264223,94.2768901016825,109.68011063073938,54.30050035918501
2023-12-21 19:00:00,103.0,107.0,101.0999984741211,101.6500015258789,20000,94.0970002746582,82.53095031738282,102.23350028991699,3.635237864801517,94.96302456031395,109.50397601952002,51.7256386490064
2023-12-25 19:00:00,99.98999786376953,99.98999786376953,99.5,99.5,3500,94.56500030517579,82.57570030212402,102.35100021362305,3.497653889241721,95.35569243513962,109.34630799210649,50.42319231765777
2023-12-26 19:00:00,97.0,101.0,97.0,101.0,2500,94.98500030517579,82.62345031738282,102.42600021362304,3.4490469408897426,95.52790633184355,109.32409409540253,43.309948593445185
2023-12-27 19:00:00,102.0,105.0,102.0,104.48999786376953,15500,95.36100021362304,82.68865032196045,102.50250015258788,3.4783575820331705,95.54578498852155,109.45921531665422,45.814059148962826
2023-12-28 19:00:00,103.9000015258789,110.0,103.9000015258789,106.66999816894531,20500,95.83480010986328,82.78130031585694,102.83600006103515,3.5449114518316445,95.74617715737186,109.92582296469844,50.71493875723965
2023-12-31 19:00:00,108.01000213623047,113.0,107.0,108.23999786376953,57800,96.29860000610351,82.88585029602051,103.31300010681153,3.6004943845819897,96.11201133764754,110.51398887597551,59.07722616881504
2024-01-01 19:00:00,105.0,106.4000015258789,105.0,105.5199966430664,5900,96.68399993896485,82.97380027770996,103.58600006103515,3.547466591118432,96.49106687879829,110.68093324327201,60.42574316128425
2024-01-02 19:00:00,108.5,108.5,104.0,104.31999969482422,1300,97.07039993286133,83.05540027618409,103.84700012207031,3.388509916843005,97.0699802883843,110.62401995575632,53.52151508063211
2024-01-03 19:00:00,104.51000213623047,108.0,102.01000213623047,106.37999725341797,16400,97.49799987792969,83.14715026855468,103.83950004577636,3.382419387331874,97.07466127111262,110.6043388204401,58.62354589709174
2024-01-04 19:00:00,106.98999786376953,109.5,104.0,105.62000274658203,21400,97.91039993286132,83.21695026397705,103.71500015258789,3.2605897727060755,97.19382060717574,110.23617969800004,46.551139509852106
2024-01-07 19:00:00,105.01000213623047,106.0,103.0,103.0,8200,98.21719985961914,83.29860027313232,103.5625,3.216661626756579,97.12917674648685,109.99582325351315,38.50535949690988
2024-01-08 19:00:00,102.25,103.5999984741211,100.30000305175781,102.98999786376953,5300,98.57679977416993,83.34770027160644,103.66199989318848,3.1635645807173245,97.33487073175382,109.98912905462313,51.478485756583346
2024-01-09 19:00:00,104.48999786376953,104.48999786376953,104.4000015258789,104.4000015258789,500,98.9647998046875,83.40005027770997,104.0125,2.7994766979690335,98.41354660406193,109.61145339593807,55.12820805422739
2024-01-10 19:00:00,103.5,105.9800033569336,103.0,103.19000244140625,3200,99.30859985351563,83.41115028381347,104.08199996948242,2.7586140726984656,98.5647718240855,109.59922811487935,51.04515058167759
2024-01-11 19:00:00,106.0,108.0,102.0,103.05000305175781,21000,99.70959991455078,83.38370029449463,104.2275001525879,2.6126345187308537,99.0022311151262,109.4527691900496,53.04083781502329
2024-01-14 19:00:00,104.0,105.5,101.0999984741211,101.95999908447266,4100,100.04879989624024,83.3915002822876,103.94300003051758,2.5287875448770754,98.88542494076343,109.00057512027173,55.60109104515413
2024-01-15 19:00:00,101.0,102.0,100.0,101.75,1000,100.37379989624023,83.41625026702881,103.5375,2.152236416681206,99.23302716663758,107.8419728333624,51.814223673049966
2024-01-16 19:00:00,102.0,103.0999984741211,102.0,103.0999984741211,3200,100.71799987792969,83.43070026397704,103.57599983215331,2.136327656814122,99.30334451852507,107.84865514578156,46.249326818085244
2024-01-17 19:00:00,100.11000061035156,101.5,100.0,101.5,2600,100.97839981079102,83.45245025634766,103.55099983215332,2.1585511846736334,99.23389746280606,107.86810220150059,35.59888844590695
2024-01-18 19:00:00,102.5,103.69999694824219,101.0,101.66999816894531,1000,101.24679977416992,83.48520023345947,103.49999961853027,2.191759104062661,99.11648141040494,107.88351782665559,30.15105283368699
2024-01-21 19:00:00,101.25,103.94999694824219,100.5,101.29000091552734,2200,101.49919982910156,83.531300239563,103.4819995880127,2.209161221357888,99.06367714529692,107.90032203072847,35.11612149482532
2024-01-22 19:00:00,100.80000305175781,102.5,100.55000305175781,100.5999984741211,2800,101.73579986572265,83.58425022125245,103.53699951171875,2.1165585598282592,99.30388239206223,107.77011663137526,36.42335018483187
2024-01-23 19:00:00,103.5,103.5,100.75,101.6500015258789,800,102.02319992065429,83.6565502166748,103.56949958801269,2.080230913085613,99.40903776184146,107.72996141418392,31.36329859123768
2024-01-24 19:00:00,103.75,103.9800033569336,100.0,100.0,4200,102.2831999206543,83.75200019836426,103.34499969482422,2.213664009304414,98.91767167621539,107.77232771343306,29.307809898992062
2024-01-25 19:00:00,100.0,100.0,99.88999938964844,99.9800033569336,1800,102.41220001220704,83.84425022125244,103.01049995422363,2.1901170666569674,98.6302658209097,107.39073408753757,36.24774262405232
2024-01-29 19:00:00,94.01000213623047,98.0,93.0,95.43000030517578,4000,102.32740005493164,83.93140022277832,102.37000007629395,2.4392316220945904,97.49153683210477,107.24846332048313,25.64434446706825
2024-01-30 19:00:00,96.75,97.30000305175781,91.0,93.2300033569336,1200,102.15200012207032,84.0323002243042,101.7555004119873,3.0703337048951203,95.61483300219706,107.89616782177754,15.757204656784793
2024-01-31 19:00:00,95.0,95.0,95.0,95.0,500,101.97200012207031,84.1448002243042,101.2895004272461,3.354722058123943,94.58005631099822,107.99894454349398,25.72612681712603
2024-02-01 19:00:00,99.5,99.5,99.5,95.0,3100,101.8350001525879,84.2348002243042,100.72050056457519,3.410498362029271,93.89950384051664,107.54149728863374,25.941407329510582
2024-02-06 19:00:00,96.0,96.0,91.1500015258789,92.08000183105469,2100,101.67660018920898,84.31995021820069,100.04350051879882,3.716853493590805,92.60979353161721,107.47720750598043,23.383613646593602
2024-02-08 19:00:00,90.0,90.0,87.0999984741211,88.47000122070312,2100,101.51500015258789,84.37245021820068,99.31700057983399,4.455239089561115,90.40652240071176,108.22747875895621,19.763196842624566
2024-02-11 19:00:00,89.0,89.0,85.0,85.52999877929688,2200,101.28260009765626,84.41090023040772,98.44400062561036,5.323640833493013,87.79671895862433,109.09128229259639,12.69638405504827
2024-02-12 19:00:00,87.5,87.5,87.0,87.0,900,101.03260009765626,84.47765022277832,97.57400054931641,5.707036670898388,86.15992720751963,108.98807389111319,19.043550098934546
2024-02-13 19:00:00,87.55000305175781,87.55000305175781,87.55000305175781,87.55000305175781,1000,100.72440017700195,84.54725025177002,96.79200057983398,5.9628042379858694,84.86639210386224,108.71760905580572,20.33614851544182
2024-02-15 19:00:00,87.0,87.0,87.0,87.0,2700,100.46440017700195,84.60155025482177,95.9895004272461,6.1532456294437505,83.6830091683586,108.2959916861336,20.19191564572759
2024-02-19 19:00:00,86.0,88.4800033569336,84.05000305175781,84.05999755859375,1400,100.17160018920899,84.64020023345947,95.09450035095215,6.529414761777457,82.03567082739723,108.15332987450707,18.459200357085805
2024-02-20 19:00:00,86.9800033569336,89.75,86.9800033569336,88.58999633789062,4400,99.94220016479493,84.67420021057129,94.43650016784667,6.486364229971241,81.46377170790419,107.40922862778916,28.013462668248025
2024-02-21 19:00:00,94.19999694824219,94.19999694824219,87.80000305175781,87.94999694824219,1500,99.71920013427734,84.7139501953125,93.67900009155274,6.303415495864456,81.07216909982382,106.28583108328165,28.999647915040086
2024-02-22 19:00:00,87.94999694824219,87.94999694824219,87.94999694824219,87.94999694824219,800,99.34760009765625,84.7527001953125,93.00149993896484,6.1447504324705084,80.71199907402382,105.29100080390586,29.019874475595657
2024-02-25 19:00:00,85.0,89.4000015258789,85.0,88.94999694824219,7200,98.96440002441406,84.7802001953125,92.3654998779297,5.8515993901690795,80.66230109759154,104.06869865826785,37.101905556488646
2024-02-26 19:00:00,85.69999694824219,86.0,85.69999694824219,85.77999877929688,400,98.55899993896485,84.78910018920898,91.58999977111816,5.630168692780941,80.32966238555628,102.85033715668004,35.722492440057806
2024-02-28 19:00:00,84.75,85.75,84.75,85.12999725341797,1000,98.2415998840332,84.82625019073487,90.81649971008301,5.384493817222315,80.04751207563838,101.58548734452764,30.236285045322617
2024-02-29 19:00:00,89.4000015258789,89.4000015258789,89.0,89.0,1400,98.07379989624023,84.89940017700195,90.18399963378906,4.7506037420192015,80.68279214975065,99.68520711782746,39.59778504268915
2024-03-03 19:00:00,89.75,95.68000030517578,89.75,95.68000030517578,33700,97.9513998413086,85.01780017852784,89.96799964904785,4.363216598857209,81.24156645133344,98.69443284676227,55.52146772638756
2024-03-04 19:00:00,102.86000061035156,102.86000061035156,89.05000305175781,92.0,98400,97.78859985351562,85.10780017852784,89.56899948120117,3.7163954465176197,82.13620858816594,97.0017903742364,55.40250585924181
2024-03-05 19:00:00,90.0,92.0,88.0,91.5,9700,97.46559982299804,85.18530017852783,89.37249946594238,3.4870096856466657,82.39848009464905,96.34651883723572,59.87429548636805
2024-03-06 19:00:00,92.0,92.0,88.0,90.0,2800,97.06839981079102,85.25305019378662,89.2109992980957,3.3718437013084936,82.46731189547872,95.95468670071268,54.95703739561902
2024-03-07 19:00:00,91.0,92.98999786376953,91.0,91.27999877929688,6000,96.84739974975587,85.3289501953125,89.02499923706054,3.129600430587066,82.7657983758864,95.28420009823468,56.018062385245216
2024-03-10 19:00:00,91.0,91.0999984741211,89.25,90.75,7500,96.62239974975586,85.40590019226075,88.81249923706055,2.8327543483377413,83.14699054038506,94.47800793373604,56.05424580592713
2024-03-11 19:00:00,90.0,90.0,86.0,87.19999694824219,1200,96.31259963989258,85.46190017700195,88.56849899291993,2.745314810913278,83.07786937109337,94.05912861474648,54.97149969535573
2024-03-13 19:00:00,89.0,89.0,89.0,89.0,1500,96.059599609375,85.52940017700195,88.59499893188476,2.7468715332370452,83.10125586541066,94.08874199835886,50.71057812022337
2024-03-17 19:00:00,88.87000274658203,88.87000274658203,88.87000274658203,89.0,200,95.849599609375,85.59690017700196,88.76849899291992,2.6510029451459487,83.46649310262802,94.07050488321181,51.86104714970108
2024-03-18 19:00:00,88.0,88.0,88.0,88.0,700,95.589599609375,85.6643501663208,88.81849899291993,2.6251969119370933,83.56810516904574,94.06889281679412,50.085592331846456
2024-03-19 19:00:00,89.0,92.0,89.0,91.31999969482422,2500,95.3261996459961,85.74095016479492,89.00699882507324,2.664378053000275,83.67824271907268,94.3357549310738,53.75832899597624
2024-03-20 19:00:00,86.0,86.0,85.5,85.80000305175781,500,94.90879974365234,85.79045017242431,88.94699897766114,2.724779814854288,83.49743934795256,94.39655860736971,50.02952223963681
2024-03-21 19:00:00,82.5,87.01000213623047,82.5,83.62999725341797,600,94.41659973144532,85.8286001586914,88.92549896240234,2.7667438129346,83.39201133653314,94.45898658827154,47.881356480134485
2024-03-26 19:00:00,88.5,88.75,88.5,88.7300033569336,400,94.08079986572265,85.90725017547608,88.9324993133545,2.7660272825105388,83.40044474833343,94.46455387837557,49.63145433955772
2024-03-27 19:00:00,90.88999938964844,92.5999984741211,86.0,89.61000061035156,11300,93.78659988403321,85.99655017852783,89.01549949645997,2.759892714603707,83.49571406725255,94.53528492566738,40.15569602304013
2024-03-28 19:00:00,91.88999938964844,91.88999938964844,88.0,88.75,1100,93.43399993896485,86.09025016784668,89.05549964904785,2.7494146954593637,83.55667025812912,94.55432903996658,44.19850255820238
2024-03-31 19:00:00,87.0,87.0,83.51000213623047,86.8499984741211,2100,93.05859985351563,86.1630001449585,88.9504997253418,2.7934033865304118,83.36369295228097,94.53730649840263,42.094526112572055
2024-04-01 19:00:00,82.0,89.0,82.0,88.01000213623047,1600,92.75879989624023,86.25305015563964,89.06199989318847,2.703241337390573,83.65551721840733,94.46848256796962,46.577232817140015
2024-04-02 19:00:00,83.05999755859375,86.0,82.0,85.5,11500,92.40899993896484,86.31105014801025,89.08050003051758,2.6760449431130207,83.72841014429154,94.43258991674362,40.46205398284369
2024-04-03 19:00:00,86.9000015258789,87.5,86.9000015258789,87.5,1900,92.07099990844726,86.37905014038085,89.00550003051758,2.699338264963317,83.60682350059095,94.40417656044421,44.88511488511489
2024-04-07 19:00:00,87.0,87.0,87.0,87.0,1000,91.74719985961914,86.43280014038086,88.57150001525879,2.2260192283691467,84.1194615585205,93.02353847199709,49.65181609769444
2024-04-08 19:00:00,89.69999694824219,93.0,89.0,90.62000274658203,4700,91.49859985351563,86.52965015411377,88.50250015258788,2.133623088233416,84.23525397612106,92.76974632905471,52.65226242405272
2024-04-14 19:00:00,90.0,94.4800033569336,90.0,91.19000244140625,12300,91.2831999206543,86.6231001663208,88.4870002746582,2.111714948654704,84.2635703773488,92.7104301719676,53.51977069156466
2024-04-15 19:00:00,92.0,92.0,88.0,89.08000183105469,2700,91.02979995727539,86.70575016021729,88.44100036621094,2.086896755680483,84.26720685484997,92.61479387757191,51.67597963790941
2024-04-16 19:00:00,88.98999786376953,89.0,88.0999984741211,88.0999984741211,800,90.72979995727539,86.80575016021729,88.28200035095215,1.9774834287998886,84.32703349335237,92.23696720855192,44.61178204458444
2024-04-17 19:00:00,86.0,89.0,86.0,87.30000305175781,2700,90.44580001831055,86.87725017547608,88.10950050354003,1.8998136472762934,84.30987320898744,91.90912779809263,52.98091985684889
2024-04-18 19:00:00,87.9800033569336,92.75,87.9800033569336,89.8499984741211,2600,90.20940002441407,86.95000015258789,88.24200057983398,1.9252827141310624,84.39143515157186,92.09256600809611,62.17697560625885
2024-04-21 19:00:00,89.25,91.6500015258789,89.25,89.8499984741211,255,89.98059997558593,87.0392501449585,88.28450050354004,1.9520910016274775,84.38031850028509,92.188682506795,52.73971375590121
2024-04-22 19:00:00,89.5,96.58999633789062,89.5,96.19000244140625,38606,89.89240005493164,87.17390014648437,88.64400062561035,2.6338159318938623,83.37636876182262,93.91163248939807,62.70270174733693
2024-04-23 19:00:00,96.98999786376953,97.7699966430664,94.3499984741211,95.58000183105469,9017,89.77100006103515,87.27955017089843,89.02300071716309,3.0489281587491446,82.9251443996648,95.12085703466137,63.31383897313443
2024-04-24 19:00:00,96.0,96.0,92.01000213623047,92.41000366210938,7502,89.61920013427735,87.3414501953125,89.07750091552734,3.1014383305027207,82.87462425452189,95.28037757653279,60.32690191383831
2024-04-25 19:00:00,94.0,95.0,92.5,92.87000274658203,2903,89.47700012207031,87.40580020904541,89.43100090026856,3.1111117301123716,83.20877744004382,95.6532243604933,59.26773528620994
2024-04-28 19:00:00,94.97000122070312,94.97000122070312,91.0,91.0999984741211,4496,89.39040008544922,87.46130020141601,89.80450096130372,2.8120527380179934,84.18039548526772,95.42860643733971,60.98900654696583
2024-04-29 19:00:00,94.88999938964844,94.88999938964844,91.0,91.0,2436,89.34580001831054,87.51130020141602,89.91800079345703,2.812212090884702,84.29357661168763,95.54242497522642,57.42154310478154
2024-05-01 19:00:00,91.0,91.0,86.0,87.2300033569336,1731,89.19040008544921,87.53745021820069,89.79900093078614,2.875572682531394,84.04785556572335,95.55014629584892,50.428311675986265
2024-05-02 19:00:00,92.0,93.75,90.0,93.19999694824219,6527,89.15440002441406,87.6044501876831,90.02150077819825,2.9610248413779248,84.09945109544239,95.9435504609541,54.41779990651376
2024-05-05 19:00:00,96.88999938964844,97.98999786376953,92.05000305175781,92.61000061035156,16273,89.165,87.67750019073486,90.30950088500977,2.916096141290206,84.47730860242936,96.14169316759018,52.42984060771995
2024-05-06 19:00:00,91.51000213623047,99.55000305175781,91.51000213623047,98.43000030517578,33520,89.36419998168945,87.77965019226075,90.83050079345703,3.377905888540825,84.07468901637539,97.58631257053868,64.19678518066475
2024-05-07 19:00:00,99.0,102.5199966430664,95.0,97.3499984741211,26417,89.60059997558594,87.88140018463135,91.42300071716309,3.432531701484569,84.55793731419395,98.28806412013223,64.00242902673084
2024-05-08 19:00:00,99.79000091552734,99.79000091552734,96.25,97.76000213623047,776,89.81580001831054,87.9764501953125,91.93600082397461,3.578940404195336,84.77812001558394,99.09388163236528,66.02328695623311
2024-05-09 19:00:00,97.0,98.0,90.5999984741211,96.63999938964844,4168,89.99759994506836,88.05965019226075,92.41800079345703,3.527967156420193,85.36206648061663,99.47393510629742,60.87792552820908
2024-05-12 19:00:00,98.9800033569336,99.5,96.01000213623047,98.94000244140625,6448,90.23639999389648,88.14935020446778,92.83400077819825,3.78589544196266,85.26220989427293,100.40579166212356,63.56312054283218
2024-05-13 19:00:00,98.25,98.9000015258789,92.51000213623047,94.98999786376953,876,90.455,88.20925018310547,93.02400054931641,3.7943911257838314,85.43521829774875,100.61278280088408,48.07197224979596
2024-05-14 19:00:00,94.98999786376953,98.0,92.70999908447266,95.04000091552734,3532,90.58400009155274,88.27530017852783,93.32200050354004,3.7012354155540366,85.91952967243196,100.72447133464811,49.11649079866715
2024-05-15 19:00:00,94.11000061035156,95.0,94.11000061035156,94.98999786376953,2030,90.72480010986328,88.34500015258789,93.66650047302247,3.505056751884435,86.6563869692536,100.67661397679133,54.70115388989153
2024-05-16 19:00:00,95.5,101.69999694824219,95.5,98.37999725341797,10957,90.93340011596679,88.42190013885498,94.22050018310547,3.3163826421431857,87.5877348988191,100.85326546739185,59.07143994786792
2024-05-19 19:00:00,101.0,102.48999786376953,96.36000061035156,97.02999877929688,966,91.09500015258789,88.51705013275146,94.57950019836426,3.205126319111052,88.16924756014215,100.98975283658636,59.8998320514509
2024-05-20 19:00:00,99.9000015258789,99.9000015258789,95.75,96.11000061035156,1442,91.30160018920898,88.61755012512207,94.89250030517579,3.019225443735516,88.85404941770476,100.93095119264682,58.303542250276834
2024-05-21 19:00:00,99.0,99.0,95.25,96.0,1041,91.51900024414063,88.69805011749267,94.88300018310547,3.0152241956970784,88.8525517917113,100.91344857449963,66.17483212382186
2024-05-22 19:00:00,94.51000213623047,97.88999938964844,94.51000213623047,96.0,28,91.65900024414063,88.78055011749268,94.90400009155273,3.0217894613572676,88.8604211688382,100.94757901426726,56.62251918535158
2024-05-23 19:00:00,97.0,101.0,91.0999984741211,98.69999694824219,5187,91.71940017700196,88.87475009918212,95.21849975585937,3.0754066277619723,89.06768650033543,101.36931301138331,63.096757722747
2024-05-26 19:00:00,100.98999786376953,100.98999786376953,99.94999694824219,99.94999694824219,501,91.8784001159668,88.99445007324219,95.57249946594239,3.195965418590685,89.18056862876102,101.96443030312375,54.06851010873511
2024-05-28 19:00:00,94.5,98.0,94.5,96.0,1023,91.9684001159668,89.07445007324219,95.81749954223633,3.0179175027685305,89.78166453669927,101.8533345477734,46.86775451275807
2024-05-29 19:00:00,98.0,98.0,97.0,96.0,202,92.08840011596679,89.15445007324219,96.06749954223633,2.7968374959327265,90.47382455037088,101.66117453410179,45.8372716370315
2024-05-30 19:00:00,96.0,102.0,96.0,97.83000183105469,5527,92.21940017700196,89.24360008239746,96.59749946594238,1.8919605078876531,92.81357845016707,100.38142048171768,52.723116954220856
2024-06-02 19:00:00,100.8499984741211,100.8499984741211,95.5999984741211,99.38999938964844,665,92.39220016479493,89.3425500869751,96.9069995880127,1.8115129277341029,93.2839737325445,100.5300254434809,51.065838311775146
2024-06-03 19:00:00,98.0,98.88999938964844,97.0,98.54000091552734,836,92.61900024414062,89.43525009155273,97.20349960327148,1.535445256873965,94.13260908952356,100.27439011701941,59.85564723634524
2024-06-04 19:00:00,97.43000030517578,98.48999786376953,93.5,95.05000305175781,3543,92.74000030517578,89.51050010681152,97.03449974060058,1.5787449204691308,93.87700989966231,100.19198958153885,50.02331501447808
2024-06-05 19:00:00,98.5,98.5,95.0,95.12999725341797,4180,92.86260025024414,89.58155010223389,96.92349967956542,1.6325221841979685,93.65845531116949,100.18854404796136,50.325883419335774
2024-06-06 19:00:00,94.5,99.98999786376953,91.0999984741211,91.73999786376953,718,92.93740020751953,89.64775009155274,96.62249946594238,1.98672405705057,92.64905135184124,100.59594758004353,34.54374900547839
2024-06-09 19:00:00,94.98999786376953,95.9800033569336,92.0,93.31999969482422,2055,92.97740020751954,89.70795009613038,96.45649948120118,2.119451961073061,92.21759555905506,100.6954034033473,41.4555461803624
2024-06-10 19:00:00,95.9000015258789,95.9000015258789,91.5,92.0199966430664,1721,93.10180007934571,89.78140007019043,96.11049919128418,2.2533005284367635,91.60389813441066,100.6171002481577,40.742403671505535
2024-06-11 19:00:00,93.9800033569336,93.9800033569336,92.01000213623047,92.0199966430664,3,93.26960006713867,89.88385005950927,95.96199913024903,2.422542647140565,91.11691383596789,100.80708442453016,40.94630229288074
2024-06-12 19:00:00,93.0,99.83999633789062,93.0,96.81999969482422,10193,93.43139999389649,89.9979500579834,96.05099906921387,2.4195824905748,91.21183408806428,100.89016405036347,51.53099321473677
2024-06-13 19:00:00,99.79000091552734,99.79000091552734,93.0199966430664,95.0,1106,93.53919998168945,90.09600006103516,96.05149917602539,2.419352671454696,91.212793833116,100.89020451893478,42.857147065304105
2024-06-19 19:00:00,97.1500015258789,97.1500015258789,93.5999984741211,94.0,1479,93.64419998168945,90.18850006103516,95.83249931335449,2.395605696450348,91.0412879204538,100.62371070625518,38.40156264314413
2024-06-20 19:00:00,94.75,94.75,90.05000305175781,91.51000213623047,890,93.73740005493164,90.24400005340576,95.55649948120117,2.5625446351212475,90.43141021095867,100.68158875144367,40.719307923249346
2024-06-23 19:00:00,91.5,94.0,91.5,92.0,2602,93.81720001220702,90.30150005340576,95.35099945068359,2.6780175792605947,89.9949642921624,100.70703460920478,41.89626988032852
2024-06-25 19:00:00,92.5,92.5,91.0,92.01000213623047,880,93.94740005493163,90.35155006408691,95.15149955749511,2.7740227500326475,89.60345405742981,100.69954505756041,37.270337966261785
2024-06-26 19:00:00,91.0,92.0,90.0,92.01000213623047,102,94.03760009765625,90.41160007476806,94.95199966430664,2.8521634543430823,89.24767275562047,100.65632657299281,32.67605906227199
2024-06-27 19:00:00,93.0999984741211,96.9000015258789,90.0,92.01000213623047,240,94.13780014038086,90.47165008544921,94.61749992370605,2.7808741083288377,89.05575170704837,100.17924814036373,34.0342304308799
2024-06-30 19:00:00,98.0,98.0,87.98999786376953,92.01000213623047,253,94.16560012817382,90.52670009613037,94.22050018310547,2.535467356849834,89.1495654694058,99.29143489680514,41.03773266618113
2024-07-01 19:00:00,97.98999786376953,97.98999786376953,87.05000305175781,93.80999755859375,1690,94.21800003051757,90.59075008392334,94.11100006103516,2.5016351169322832,89.10772982717059,99.11427029489973,46.46681029641504
2024-07-02 19:00:00,94.0,102.25,91.5999984741211,96.73999786376953,49383,94.37119995117187,90.6549500656128,94.14799995422364,2.5362769621151027,89.07544602999343,99.22055387845384,63.721184591136506
2024-07-03 19:00:00,99.98999786376953,102.0,96.27999877929688,99.48999786376953,15530,94.59899993896484,90.7366000366211,94.23099975585937,2.685862992211875,88.85927377143562,99.60272574028312,65.91025880134693
2024-07-04 19:00:00,99.5,100.97000122070312,96.02999877929688,100.0,2274,94.85299987792969,90.81935005187988,94.26149978637696,2.7502231661024026,88.76105345417216,99.76194611858176,71.45162368705698
2024-07-07 19:00:00,91.01000213623047,104.80000305175781,91.01000213623047,101.55999755859375,4290,95.08719985961915,90.92950004577636,94.41249961853028,3.0626553720987713,88.28718887433273,100.53781036272783,73.6607212125593
2024-07-08 19:00:00,103.44999694824219,111.20999908447266,101.0,111.20999908447266,47679,95.51439987182617,91.08055004119873,95.22049942016602,4.849902900431925,85.52069361930216,104.92030522102988,78.76849770141942
2024-07-09 19:00:00,121.7699966430664,121.7699966430664,121.7699966430664,121.7699966430664,10983,96.02599975585937,91.27940002441406,96.55249938964843,7.665001591311363,81.2224962070257,111.88250257227116,89.65926325124404
2024-07-10 19:00:00,133.33999633789062,133.33999633789062,116.11000061035156,130.17999267578125,113831,96.71799957275391,91.53029998779297,98.47449913024903,10.63771644523744,77.19906623977414,119.74993202072392,93.95044080340736
2024-07-11 19:00:00,137.4499969482422,139.9499969482422,122.20999908447266,134.86000061035156,45183,97.56699951171875,91.80454998016357,100.55149917602539,13.300408545252415,73.95068208552055,127.15231626653022,100.0
2024-07-14 19:00:00,135.00999450683594,147.6699981689453,135.00999450683594,147.6699981689453,49442,98.66299942016602,92.1428999710083,103.33399925231933,16.786016674799356,69.76196590272062,136.90603260191804,100.0
2024-07-17 19:00:00,156.94000244140625,161.6999969482422,150.02000427246094,161.6999969482422,53836,100.07499938964844,92.55749996185303,106.81799926757813,21.0130970063885,64.79180525480113,148.8441932803551,100.0
2024-07-18 19:00:00,172.99000549316406,177.05999755859375,168.00999450683594,177.05999755859375,22516,101.79619934082031,93.030299949646,110.8299991607666,26.058143626369247,58.71371190802811,162.9462864135051,100.0
2024-07-21 19:00:00,194.77000427246094,194.77000427246094,160.55999755859375,180.0399932861328,153699,103.6523991394043,93.53299991607666,115.08199882507324,29.981884465803763,55.11822989346572,175.04576775668076,100.0
2024-07-22 19:00:00,183.0,186.66000366210938,170.0,171.72999572753906,32040,105.22299911499023,94.00414989471436,118.9684986114502,32.070483062275635,54.82753248689893,183.10946473600148,91.37430087962954
2024-07-23 19:00:00,176.88999938964844,176.88999938964844,162.0500030517578,164.5800018310547,37428,106.6623991394043,94.41454990386963,122.6219985961914,32.92837581911179,56.76524695796782,188.47875023441497,84.79693833836883
2024-07-24 19:00:00,169.88999938964844,177.0,159.0,173.30999755859375,45778,108.15999908447266,94.89529987335204,126.6874984741211,33.952196582879225,58.78310530836265,194.59189163987955,85.61727234444469
2024-07-25 19:00:00,168.10000610351562,188.0,168.10000610351562,175.33999633789062,56489,109.71979904174805,95.39424983978272,130.8539981842041,34.57990274459263,61.69419269501884,200.01380367338936,85.52028270995397
2024-07-28 19:00:00,175.99000549316406,192.8699951171875,168.0,192.8699951171875,107110,111.62199890136719,95.99859981536865,135.89699783325196,35.94448551519926,64.00802680285344,207.78596886365048,87.51111220678689
2024-07-29 19:00:00,199.1999969482422,212.16000366210938,192.00999450683594,196.1699981689453,74495,113.61259887695313,96.61864978790283,141.1049976348877,36.78702265428759,67.53095232631252,214.6790429434629,87.68422410208281
2024-07-30 19:00:00,197.10000610351562,198.6300048828125,182.0,184.74000549316406,31599,115.32859893798827,97.19984981536865,145.7414978027344,36.111062841435555,73.51937211986328,217.9636234856055,78.87833675210899
2024-07-31 19:00:00,188.60000610351562,199.49000549316406,182.02999877929688,195.83999633789062,49422,117.3455989074707,97.8617997932434,150.8429977416992,35.59172075264332,79.65955623641257,222.02643924698583,78.96754722691878
2024-08-01 19:00:00,198.0,203.0,190.02999877929688,192.5,14753,119.29479888916016,98.5080497932434,155.63099784851073,34.349836035346726,86.93132577781728,224.33066991920418,75.3787357198924
2024-08-04 19:00:00,189.00999450683594,193.99000549316406,176.5500030517578,180.1999969482422,15029,120.9989988708496,99.09879978179931,159.66649780273437,32.0726413312638,95.52121514020676,223.81178046526196,67.38497280330714
2024-08-05 19:00:00,183.99000549316406,187.0,172.0,176.3000030517578,12123,122.55739898681641,99.66779979705811,163.48149795532225,28.991768460479065,105.49796103436412,221.46503487628038,61.78286870353378
2024-08-06 19:00:00,176.85000610351562,190.02000427246094,175.0,179.44000244140625,27903,124.20559906005859,100.23499980926513,167.3754981994629,25.222240631379965,116.93101693670297,217.81997946222282,58.01989686103419
2024-08-07 19:00:00,185.0,197.3800048828125,180.10000610351562,197.3800048828125,77539,126.23099914550781,100.9043998336792,171.6839984893799,22.315336551099957,127.05332538717997,216.3146715915798,58.97685727081946
2024-08-08 19:00:00,216.99000549316406,216.99000549316406,190.25,197.22000122070312,44733,128.25539916992187,101.55824985504151,175.4564987182617,19.651644310511514,136.15321009723868,214.75978733928474,57.783622956823955
2024-08-11 19:00:00,192.0500030517578,196.97000122070312,184.0,189.64999389648438,11934,130.12839904785156,102.17649982452393,178.42999877929688,16.720952207414605,144.98809436446766,211.8719031941261,58.17369159896466
2024-08-12 19:00:00,193.9499969482422,197.0,186.2100067138672,195.0800018310547,24490,132.05599914550783,102.8218998336792,181.44099884033204,13.59134795522649,154.25830292987905,208.62369475078503,64.1334577040202
2024-08-14 19:00:00,190.02000427246094,198.5,190.02000427246094,192.91000366210938,12184,133.91519927978516,103.46144985198974,183.70299911499023,11.235504640400547,161.23198983418914,206.17400839579133,59.67041978083596
2024-08-15 19:00:00,196.0,196.0,188.0,189.8800048828125,9625,135.7927993774414,104.06884986877441,185.11199951171875,10.033660137942334,165.04467923583408,205.17931978760342,57.1037761702257
2024-08-18 19:00:00,193.0,193.0,185.0,186.11000061035156,9403,137.59499938964845,104.64939987182618,185.56449966430665,9.85387586712329,165.85674793006007,205.27225139855324,46.18424341437189
2024-08-19 19:00:00,186.00999450683594,189.6999969482422,185.0,185.05999755859375,5808,139.33959930419923,105.20224987030029,185.81549987792968,9.769320538772133,166.2768588003854,205.35414095547395,43.565388408022095
2024-08-20 19:00:00,187.0,189.35000610351562,180.0,183.9600067138672,21116,141.0309994506836,105.77029991149902,186.4270004272461,9.207878838173379,168.01124275089933,204.84275810359287,49.48684290835732
2024-08-21 19:00:00,185.0,187.25,180.00999450683594,182.8000030517578,19919,142.7161994934082,106.31979991912841,187.33800048828124,7.712535801663262,171.9129288849547,202.76307209160777,40.13019167723995
2024-08-22 19:00:00,183.0,193.8800048828125,180.0,190.49000549316406,49241,144.62499954223634,106.88039993286132,188.19700088500977,6.990872233324529,174.21525641836072,202.17874535165882,48.572650215380534
2024-08-25 19:00:00,190.49000549316406,190.49000549316406,181.25,183.5,15069,146.39239959716798,107.41739994049072,188.60500106811523,6.415456522589724,175.77408802293579,201.43591411329467,52.53456372417463
2024-08-26 19:00:00,183.5,186.75,180.0,183.3300018310547,8234,148.22419967651368,107.934049949646,188.12800140380858,6.436280531769001,175.25544034027058,201.00056246734658,55.72755079257653
2024-08-27 19:00:00,181.02000427246094,184.9499969482422,178.0,179.69000244140625,14371,149.9515997314453,108.404049949646,187.30400161743165,6.407376654044138,174.48924830934337,200.11875492551994,50.202036444493984
2024-08-28 19:00:00,180.14999389648438,190.5,180.00999450683594,184.5399932861328,46030,151.80199966430663,108.911849899292,187.29400100708008,6.411743755899833,174.47051349528041,200.11748851887975,36.83886028952902
2024-08-29 19:00:00,183.0,195.0,182.10000610351562,188.25999450683594,49133,153.72679962158202,109.42789985656738,186.91500091552734,6.0962671395331895,174.72246663646098,199.1075351945937,41.44057630048788
2024-09-01 19:00:00,194.0,196.0,185.75,190.10000610351562,17632,155.59239974975586,109.94714988708496,186.7950012207031,6.003459671123359,174.7880818784564,198.80192056294982,50.482741958611086
2024-09-02 19:00:00,190.99000549316406,192.0,185.0,185.41000366210938,9200,157.40059982299806,110.4491999053955,187.05550155639648,5.812219255557927,175.43106304528064,198.67994006751232,39.45934599787036
2024-09-03 19:00:00,186.0,189.0,185.0,185.0,6253,159.22059982299805,110.9491999053955,187.4905014038086,5.264657743856288,176.961185916096,198.01981689152117,41.03377826299625
2024-09-04 19:00:00,185.0,188.0,183.0,185.11000061035156,13328,161.09259979248046,111.44974990844726,187.77400131225585,4.951685563954248,177.87063018434736,197.67737244016433,44.20975695230362
2024-09-05 19:00:00,185.41000366210938,191.17999267578125,178.0,184.67999267578125,2426,162.9461996459961,111.93484985351563,187.1390007019043,4.4431951394848355,178.25261042293465,196.02539098087396,48.11095491745947
2024-09-08 19:00:00,183.6999969482422,186.0,182.0,184.08999633789062,156,164.7877995300293,112.43024982452393,186.48250045776368,3.7985293736275945,178.8854417105085,194.07955920501885,48.702860603527924
2024-09-09 19:00:00,184.0,185.75,182.1999969482422,182.89999389648438,5981,166.60559936523438,112.91974979400635,186.14500045776367,3.802152411333664,178.54069563509634,193.749305280431,48.585896377912874
2024-09-10 19:00:00,185.0,185.0,181.0500030517578,181.64999389648438,3515,168.39839920043946,113.39799976348877,185.47350006103517,3.2929228338994334,178.8876543932363,192.05934572883405,48.46951229170466
2024-09-11 19:00:00,184.0,184.0,180.0500030517578,182.82000732421875,3349,170.21459930419923,113.89709980010986,184.96900024414063,2.834677291583209,179.29964566097422,190.63835482730704,37.6489696028542
2024-09-12 19:00:00,187.0,187.0,180.00999450683594,181.57000732421875,4854,171.9697994995117,114.37994983673096,184.55350036621093,2.6818581042801597,179.1897841576506,189.91721657477126,46.187296454249605
2024-09-15 19:00:00,182.0,182.0,179.02000427246094,179.60000610351562,1943,173.62699966430665,114.85044986724853,184.22800064086914,2.8713677825895343,178.48526507569008,189.9707362060482,43.12063547633427
2024-09-17 19:00:00,180.0,180.0,172.3300018310547,174.1999969482422,3748,175.1211996459961,115.29199985504151,183.68500061035155,3.63189065190406,176.42121930654343,190.94878191415967,40.49186401673972
2024-09-18 19:00:00,174.1199951171875,174.1999969482422,168.1999969482422,170.22999572753906,3386,176.5257995605469,115.70074981689453,182.99850006103514,4.713685743023566,173.57112857498802,192.42587154708227,24.437350219913696
2024-09-19 19:00:00,174.99000549316406,174.99000549316406,166.0,171.14999389648438,1225,177.9175994873047,116.11524978637695,182.41599960327147,5.408177988733005,171.59964362580547,193.23235558073748,16.038174158239215
2024-09-22 19:00:00,165.0500030517578,177.99000549316406,165.0500030517578,170.22000122070312,1380,179.0977995300293,116.52299980163575,181.40249938964843,5.70654539138973,169.98940860686898,192.81559017242787,9.06099486179123
2024-09-23 19:00:00,165.00999450683594,172.0,165.00999450683594,169.22000122070312,4054,180.04679962158204,116.92524982452393,180.6884994506836,6.293465200402815,168.10156904987795,193.27542985148924,10.684843795854121
2024-09-24 19:00:00,175.5,175.5,164.3300018310547,168.86000061035156,9083,180.82039978027345,117.3331498336792,179.96499938964843,6.786260048877513,166.3924792918934,193.53751948740344,10.710855196933991
2024-09-25 19:00:00,173.99000549316406,173.99000549316406,165.02000427246094,165.02999877929688,3050,181.42379974365235,117.72329982757569,179.23199920654298,7.564619926827819,164.10275935288735,194.3612390601986,8.615043037162593
2024-09-26 19:00:00,172.99000549316406,172.99000549316406,165.0,167.6199951171875,1394,181.8227996826172,118.09374980926513,178.3859992980957,7.879338534320928,162.62732222945385,194.14467636673754,17.713874171076228
2024-09-29 19:00:00,170.0,170.0,160.0,160.00999450683594,2397,181.78899963378908,118.39544979095459,176.9734992980957,8.522027757018444,159.9294437840588,194.0175548121326,13.99523163094193
2024-09-30 19:00:00,167.32000732421875,167.32000732421875,158.0,158.1699981689453,463,181.4111996459961,118.67629978179932,175.3769989013672,8.915286659507432,157.54642558235233,193.20757222038205,13.728384695023507
2024-10-01 19:00:00,168.99000549316406,168.99000549316406,150.00999450683594,161.02000427246094,5812,181.03079986572266,118.96139980316163,174.15749893188476,9.136056084883705,155.88538676211735,192.42961110165217,21.098375745677274
2024-10-02 19:00:00,168.97999572753906,168.97999572753906,163.10000610351562,167.5,3593,180.94619995117188,119.28964981079102,173.28249893188476,8.877330257615254,155.52783841665425,191.03715944711527,31.317064238757624
2024-10-03 19:00:00,153.05999755859375,167.97999572753906,153.0500030517578,161.77999877929688,2247,180.89019989013673,119.5985498046875,172.11599884033203,8.773573124616831,154.56885259109836,189.6631450895657,28.23839013235917
2024-10-06 19:00:00,168.77000427246094,168.8000030517578,163.0,165.0,3566,180.72399993896485,119.94079978942871,171.13199920654296,8.385308314011116,154.36138257852073,187.90261583456518,34.374993876235294
2024-10-07 19:00:00,169.99000549316406,171.75,164.14999389648438,166.50999450683594,4697,180.54739990234376,120.2875997543335,170.25299911499025,7.86047718341436,154.53204474816152,185.97395348181897,41.022642012236965
2024-10-09 19:00:00,168.0,183.72000122070312,167.99000549316406,183.72000122070312,21392,180.36440002441407,120.70869976043701,170.29399948120118,7.9317316672375595,154.43053614672607,186.1574628156763,62.029612450651136
2024-10-10 19:00:00,190.0,190.0,175.0,177.82000732421875,13662,179.99740020751952,121.08299980163574,170.10250015258788,7.685542553926749,154.73141504473438,185.47358526044138,55.46274755234478
2024-10-13 19:00:00,188.99000549316406,188.99000549316406,171.0,182.8800048828125,4054,179.9602001953125,121.4973998260498,170.1055000305176,7.690777734613255,154.7239445612911,185.4870554997441,59.71157186614215
2024-10-14 19:00:00,187.0,187.0,179.0,179.41000366210938,5624,179.63160034179688,121.90094985961915,169.99749984741212,7.534896921214405,154.9277060049833,185.06729368984094,57.5314141616913
2024-10-15 19:00:00,186.5,186.5,175.52000427246094,175.60000610351562,1237,179.2936004638672,122.27864990234374,169.7974998474121,7.316523155463996,155.1644535364841,184.4305461583401,54.73980756754482
2024-10-16 19:00:00,181.60000610351562,181.60000610351562,170.0,172.55999755859375,7497,179.14080047607422,122.64594989776612,169.7154998779297,7.273649788198861,155.16820030153195,184.26279945432742,55.354856379437116
2024-10-17 19:00:00,175.0,179.0,172.11000061035156,178.75,2143,179.18980041503906,123.00704990386963,170.14150009155273,7.549630895202824,155.04223830114708,185.24076188195838,57.52943061246146
2024-10-20 19:00:00,183.0,183.0,177.10000610351562,177.92999267578125,5895,179.15960021972657,123.35614986419678,170.4805000305176,7.746940802766657,154.98661842498427,185.9743816360509,63.34922184052522
2024-10-21 19:00:00,171.50999450683594,183.0,171.50999450683594,179.3300018310547,3564,178.7986001586914,123.72254985809326,170.93600006103514,7.99467902374548,154.9466420135442,186.9253581085261,65.86682386173547
2024-10-22 19:00:00,177.0,181.80999755859375,177.0,177.94000244140625,960,178.41300018310548,124.1072498703003,171.37200012207032,8.132755205507138,155.10648971105604,187.6375105330846,62.97147645942841
2024-10-23 19:00:00,180.0,184.99000549316406,177.11000061035156,181.82000732421875,3748,178.25640045166017,124.52939990997315,172.02000045776367,8.432846374896359,155.15430770797096,188.8856932075564,61.434047797856955
2024-10-24 19:00:00,186.99000549316406,186.99000549316406,176.5,180.72999572753906,2976,177.96940032958983,124.92404987335205,172.80500030517578,8.478531590202701,155.84793712477037,189.7620634855812,66.33901119213985
2024-10-27 19:00:00,185.99000549316406,185.99000549316406,175.8800048828125,178.97999572753906,1735,177.69080017089843,125.3182498550415,173.37300033569335,8.493397651205662,156.386205033282,190.35979563810469,62.36729221723945
2024-10-28 19:00:00,182.99000549316406,182.99000549316406,173.00999450683594,177.25,1596,177.4382000732422,125.6662498474121,174.23500061035156,7.921385384259821,158.39222984183192,190.0777713788712,59.464221604592154
2024-10-29 19:00:00,174.0,181.3300018310547,174.0,178.19000244140625,3020,177.2798001098633,126.00789985656738,175.23600082397462,6.995247594282965,161.24550563540868,189.22649601254057,43.16778546770207
2024-10-30 19:00:00,182.89999389648438,182.89999389648438,175.57000732421875,176.10000610351562,2035,177.1006002807617,126.37674987792968,175.99000091552733,6.143108734741521,163.7037834460443,188.27621838501037,47.65411945298167
2024-10-31 19:00:00,173.50999450683594,180.82000732421875,173.50999450683594,179.2899932861328,1560,177.00720001220702,126.76319984436036,176.579500579834,5.843924198085114,164.89165218366375,188.26734897600423,44.84045826335888
2024-11-03 19:00:00,180.99000549316406,180.99000549316406,174.35000610351562,177.55999755859375,2942,176.90239990234375,127.13754981994629,177.36850051879884,4.692453366472382,167.98359378585408,186.7534072517436,47.20120260428834
2024-11-04 19:00:00,176.0500030517578,180.5,176.0500030517578,180.0,4760,176.69259979248048,127.52929981231689,178.11850051879884,3.706738087732322,170.7050243433342,185.53197669426348,56.94442972725898
2024-11-05 19:00:00,174.5,180.0,174.5,179.99000549316406,2262,176.62239990234374,127.93174983978271,178.79250106811523,2.5206288062554525,173.7512434556043,183.83375868062615,62.96685089052182
2024-11-06 19:00:00,180.0,194.83999633789062,174.33999633789062,190.5800018310547,24829,176.76739990234375,128.379649848938,179.1355010986328,3.5021028123972076,172.13129547383838,186.13970672342722,67.89712668487256
2024-11-07 19:00:00,199.0,199.0,186.0,186.66000366210938,14904,176.9067999267578,128.79049987792968,179.57750091552734,3.8662513890136356,171.84499813750006,187.31000369355462,62.07470603083162
2024-11-10 19:00:00,185.10000610351562,188.5,175.0,185.9199981689453,1922,176.93440002441406,129.18674987792969,179.729500579834,4.0579276358274985,171.613645308179,187.845355851489,59.28430283351793
2024-11-11 19:00:00,188.89999389648438,188.89999389648438,182.0,182.02000427246094,3117,176.80960021972658,129.55564990997314,179.86000061035156,4.088961269338375,171.68207807167482,188.0379231490283,55.3684256175897
2024-11-12 19:00:00,175.77999877929688,185.97999572753906,175.77999877929688,179.8800048828125,2122,176.6052001953125,129.92744995117187,180.0740005493164,3.9643769569288327,172.14524663545873,188.00275446317406,47.32487099877374
2024-11-13 19:00:00,175.3300018310547,183.99000549316406,175.3300018310547,177.7100067138672,5391,176.45120025634765,130.29439998626708,180.33150100708008,3.601253470890497,173.12899406529908,187.53400794886107,45.956090281115046
2024-11-14 19:00:00,173.2100067138672,187.99000549316406,173.2100067138672,178.1199951171875,845,176.3136001586914,130.65309997558595,180.30000076293945,3.6185288681890473,173.06294302656136,187.53705849931754,48.80555318902739
2024-11-17 19:00:00,182.47999572753906,182.49000549316406,175.0,176.22999572753906,3650,176.13600006103516,131.00614994049073,180.21500091552736,3.696262517749102,172.82247588002915,187.60752595102556,48.58959421954537
2024-11-18 19:00:00,176.0,178.0,175.0500030517578,176.3300018310547,3236,175.96900024414063,131.372799949646,180.06500091552735,3.79365654681782,172.47768782189172,187.65231400916298,47.36692718672466
2024-11-19 19:00:00,178.0,178.0,176.10000610351562,176.7899932861328,2133,175.82300018310548,131.7417999267578,180.00750045776368,3.8360389405422683,172.33542257667915,187.67957833884822,51.02402503730912
2024-11-20 19:00:00,176.0,184.89999389648438,176.0,179.50999450683594,10199,175.7552001953125,132.1173498916626,179.89199981689453,3.8133023634254513,172.26539509004363,187.51860454374543,50.331127957139394
2024-11-21 19:00:00,180.0,189.97999572753906,166.02000427246094,175.8699951171875,6569,175.63960021972656,132.4807498550415,179.64899978637695,3.9106973920045895,171.82760500236776,187.47039457038613,47.594643218586114
2024-11-24 19:00:00,161.0,180.0,161.0,176.02000427246094,2404,175.5036001586914,132.84559986114502,179.50100021362306,3.9925027916371305,171.51599463034879,187.48600579689733,43.94031970062276
2024-11-25 19:00:00,183.8000030517578,183.8000030517578,170.0,170.32000732421875,1673,175.2786001586914,133.18739990234374,179.15450057983398,4.470275399691328,170.21394978045132,188.09505137921664,37.45133362982313
2024-11-26 19:00:00,175.00999450683594,179.97999572753906,170.3300018310547,171.00999450683594,2265,175.10679992675782,133.53369987487793,178.79550018310547,4.825965829975205,169.14356852315507,188.44743184305588,15.822520351288233
2024-11-27 19:00:00,179.0,187.89999389648438,171.3300018310547,183.5800018310547,20230,175.29440002441407,133.9360998916626,179.16949996948242,4.895417989419961,169.3786639906425,188.96033594832232,45.86909443058046
2024-11-28 19:00:00,184.0,187.8000030517578,181.0,184.89999389648438,7605,175.58779998779298,134.353099861145,179.45,5.060620230331826,169.32875953933635,189.57124046066363,48.65292514764079
2024-12-01 19:00:00,183.00999450683594,194.0,179.0,193.91000366210938,30363,176.04300018310548,134.81429988861083,180.2675003051758,5.976890262096172,168.31371978098343,192.22128082936814,63.835237693802135
2024-12-02 19:00:00,195.0,195.0,190.0,190.3699951171875,10866,176.44600006103516,135.25969985961913,180.78600006103517,6.388118625824784,168.0097628093856,193.56223731268474,61.82104055530031
2024-12-03 19:00:00,193.99000549316406,193.99000549316406,190.00999450683594,191.72999572753906,4254,176.89619995117187,135.71534984588624,181.3729995727539,6.8348918954827695,167.70321578178837,195.04278336371945,66.09273392957977
2024-12-04 19:00:00,194.97000122070312,195.0,190.00999450683594,190.32000732421875,6604,177.32540008544922,136.15869987487793,181.3599998474121,6.816681838653041,167.72663617010602,194.99336352471818,63.68942198772448
2024-12-05 19:00:00,192.0,193.99000549316406,188.02000427246094,188.17999267578125,4434,177.7883999633789,136.59959983825684,181.4359992980957,6.886992384244287,167.66201452960712,195.2099840665843,63.3340699956311
2024-12-08 19:00:00,194.97999572753906,207.0,188.17999267578125,201.91000366210938,22963,178.47420013427734,137.1092498397827,182.2354995727539,8.231765216309515,165.77196914013487,198.69903000537292,71.88568966755224
2024-12-09 19:00:00,209.0,221.9199981689453,195.85000610351562,200.61000061035156,24733,179.28620025634766,137.6351498413086,183.16499938964844,9.198894856152686,164.76720967734306,201.56278910195383,70.09108936580303
2024-12-10 19:00:00,210.0,210.0,196.0,204.5,13170,180.21280029296875,138.19149982452393,184.3959991455078,10.31569452995548,163.76461008559684,205.02738820541876,70.66997033813915
2024-12-11 19:00:00,208.0,209.10000610351562,200.02000427246094,203.00999450683594,8500,181.05260009765624,138.7315497970581,185.66099853515624,10.982357570861843,163.69628339343257,207.6257136768799,73.27614387852022
2024-12-12 19:00:00,203.0,207.99000549316406,197.10000610351562,200.8300018310547,2081,181.71920013427734,139.26069980621338,186.7964988708496,11.330155586484583,164.13618769788044,209.45681004381876,70.56190164975968
2024-12-15 19:00:00,204.99000549316406,204.99000549316406,196.5,199.97999572753906,3760,182.4832000732422,139.8001997756958,187.9839988708496,11.408737561872055,165.1665237471055,210.80147399459372,76.73033018430726
2024-12-16 19:00:00,202.11000061035156,204.55999755859375,197.99000549316406,198.11000061035156,2054,183.1454000854492,140.34839977264403,189.07299880981446,11.27649723806405,166.52000433368636,211.62599328594257,73.91456914548678
2024-12-17 19:00:00,198.11000061035156,198.99000549316406,190.50999450683594,192.39999389648438,913,183.6632000732422,140.88274974822997,189.85349884033204,10.916046794803403,168.02140525072522,211.68559242993885,58.855407751030654
2024-12-18 19:00:00,196.0,196.0,175.1199951171875,182.0,1587,183.6288000488281,141.35774974823,189.97799911499024,10.805507442407755,168.36698423017472,211.58901399980576,47.5373707940526
2024-12-19 19:00:00,190.0,194.97999572753906,184.14999389648438,189.22999572753906,1086,183.85699981689453,141.8661497116089,190.6459991455078,10.288010605403077,170.06997793470165,211.22202035631395,45.901921030050715
2024-12-22 19:00:00,194.99000549316406,200.10000610351562,187.0500030517578,199.97999572753906,3499,184.19899963378907,142.4310496902466,191.84399871826173,9.882253601815792,172.07949151463015,211.6085059218933,57.47162081715058
2024-12-23 19:00:00,208.0,208.0,193.0,194.10000610351562,2044,184.49279968261717,142.98124973297118,193.03299865722656,8.488545642761682,176.0559073717032,210.01008994274991,51.72164050045634
2024-12-25 19:00:00,199.77999877929688,199.77999877929688,175.00999450683594,184.86000061035156,833,184.67799957275392,143.4625997543335,193.72549896240236,7.03841634127135,179.64866627985967,207.80233164494504,46.43881726698953
2024-12-26 19:00:00,189.99000549316406,199.97999572753906,180.00999450683594,190.0,1723,185.02679962158203,143.97284976959227,194.0464988708496,6.689088518352088,180.66832183414542,207.4246759075538,51.142359553445786
2024-12-29 19:00:00,186.00999450683594,195.0,186.0,188.32000732421875,996,185.2181997680664,144.47469982147217,194.21749954223634,6.483515641978811,181.25046825827872,207.18453082619396,39.94971211188367
2024-12-30 19:00:00,194.5500030517578,194.5500030517578,185.0,190.0,3694,185.45959991455078,144.97994983673095,194.02199935913086,6.5518654184031755,180.9182685223245,207.12573019593722,42.197378647248044
2025-01-01 19:00:00,187.10000610351562,189.89999389648438,184.5,189.88999938964844,1986,185.67079986572264,145.50049983978272,193.9979995727539,6.566809037345102,180.86438149806372,207.1316176474441,38.62326271100851
2025-01-02 19:00:00,183.0,185.0,171.02999877929688,180.91000366210938,1417,185.73019989013673,145.97939987182616,193.4569999694824,7.180510250988762,179.0959794675049,207.81802047145993,34.58856262778177
2025-01-05 19:00:00,180.0,180.0,174.3300018310547,176.00999450683594,811,185.61399963378906,146.41444984436035,192.7414993286133,8.156215825472414,176.42906767766846,209.05393097955812,33.32436641769806
2025-01-06 19:00:00,179.89999389648438,180.0,177.0,179.92999267578125,1129,185.5979995727539,146.83569980621337,192.3289993286133,8.595829802917539,175.13733972277822,209.52065893444836,37.062840671922544
2025-01-07 19:00:00,178.5,179.9499969482422,161.94000244140625,170.05999755859375,1558,185.419599609375,147.22599979400636,190.7364990234375,9.617060392778892,171.5023782378797,209.97061980899528,33.594565877596594
2025-01-08 19:00:00,173.99000549316406,173.99000549316406,170.0,170.0,2532,185.274599609375,147.61849979400634,189.20599899291992,10.369329554185379,168.46733988454915,209.94465810129068,35.9719417046735
2025-01-09 19:00:00,168.99000549316406,185.97000122070312,162.0,166.80999755859375,1170,185.04699951171875,148.0025497817993,187.3214988708496,10.856927237829337,165.60764439519093,209.0353533465083,39.54288324196545
2025-01-12 19:00:00,166.0,181.99000549316406,165.0,171.0500030517578,5685,184.9459994506836,148.4013998031616,185.7234992980957,10.778011583245341,164.167476131605,207.2795224645864,36.947159090660094
2025-01-13 19:00:00,171.0,175.0,171.0,172.8000030517578,1420,184.8161996459961,148.81164981842042,184.32199935913087,10.52983589354632,163.26232757203823,205.3816711462235,27.58905030620754
2025-01-14 19:00:00,169.0,174.0,165.00999450683594,167.11000061035156,7004,184.60719970703124,149.21119983673097,182.6784996032715,10.522481337993579,161.63353692728433,203.72346227925865,27.675759424542946
2025-01-15 19:00:00,165.02000427246094,169.97000122070312,160.0,161.02999877929688,5489,184.2277996826172,149.57134983062744,180.82449951171876,10.91958572200631,158.98532806770612,202.6636709557314,29.202300031668173
2025-01-16 19:00:00,163.88999938964844,169.0,161.25,167.47999572753906,2004,183.9775994873047,149.96374980926512,179.5784996032715,10.950950667748806,157.6765982677739,201.4804009387691,30.784976287681857
2025-01-19 19:00:00,169.3300018310547,169.4499969482422,163.11000061035156,165.10000610351562,1227,183.4679995727539,150.34924983978271,178.73349990844727,11.397196585559662,155.93910673732796,201.52789307956658,30.42158010068229
2025-01-20 19:00:00,169.89999389648438,169.89999389648438,163.0,163.19000244140625,1552,182.99859954833985,150.70859985351564,177.43150024414064,11.620185560386751,154.19112912336715,200.67187136491413,27.48194346686462
2025-01-21 19:00:00,162.10000610351562,163.0,160.0,162.44000244140625,402,182.52899963378906,151.09179985046387,175.55450057983398,10.788379078549081,153.97774242273582,197.13125873693215,27.18963122520954
2025-01-22 19:00:00,162.0,162.9499969482422,160.14999389648438,160.41000366210938,1162,182.09679962158202,151.4756998825073,173.87000045776367,10.362032259125604,153.14593593951247,194.59406497601486,30.740323628529637
2025-01-23 19:00:00,163.0,163.99000549316406,158.0,158.64999389648438,5660,181.67219940185547,151.82529983520507,172.55950012207032,10.55457698675771,151.4503461485549,193.66865409558574,32.66773165372909
2025-01-26 19:00:00,160.0,162.3300018310547,156.0,158.75999450683594,2211,181.29319915771484,152.1710498046875,170.99749984741212,10.141216666576986,150.71506651425815,191.27993318056608,27.123410185694198
2025-01-27 19:00:00,162.0,162.0,157.5500030517578,157.69000244140625,2779,180.8845993041992,152.51574981689453,169.46599960327148,9.690341355297313,150.08531689267687,188.8466823138661,33.49346848919669
2025-01-28 19:00:00,162.75,162.75,155.10000610351562,155.64999389648438,475,180.47299926757813,152.85974979400635,167.7484992980957,8.868609015401352,150.01128126729301,185.4857173288984,31.81241867783504
2025-01-29 19:00:00,157.0,157.00999450683594,151.10000610351562,154.0,1482,180.02639923095703,153.18969978332518,165.9539993286133,7.707695728191336,150.5386078722306,181.36939078499597,33.10472656139942
2025-01-30 19:00:00,157.0,157.0,151.11000061035156,151.7899932861328,4268,179.52639923095703,153.52114974975586,164.49799880981445,7.480856785514715,149.536285238785,179.45971238084388,23.160525160838162
2025-02-02 19:00:00,152.52000427246094,152.89999389648438,149.5,152.14999389648438,600,178.97919921875,153.84439971923828,163.30499877929688,7.4508330357906525,148.40333270771558,178.20666485087818,20.063778100345218
2025-02-03 19:00:00,155.0,155.0,150.0,150.1999969482422,182,178.46579925537108,154.1603997039795,161.81849899291993,6.9051482100532,148.00820257281353,175.62879541302632,22.50405908600102
2025-02-05 19:00:00,151.99000549316406,154.99000549316406,151.99000549316406,150.1999969482422,9,177.94939910888672,154.45829967498779,160.82549896240235,7.083288985519505,146.65892099136335,174.99207693344135,28.050258137660634
2025-02-06 19:00:00,150.0,153.7899932861328,147.0,148.33999633789062,305,177.50979888916015,154.7440496444702,159.74249877929688,7.260365340818304,145.22176809766026,174.2632294609335,2.340643315959497
2025-02-09 19:00:00,144.11000061035156,150.0,144.00999450683594,148.2899932861328,1428,177.05539886474608,155.0400996017456,158.81649856567384,7.488960323892795,143.83857791788824,173.79441921345943,2.6478919248838366
2025-02-10 19:00:00,145.00999450683594,151.50999450683594,145.0,149.7899932861328,1796,176.37959869384767,155.34854957580566,157.75349807739258,7.1628639255861755,143.42777022622022,172.07922592856494,11.361014436001568
2025-02-11 19:00:00,157.9600067138672,157.9600067138672,142.02999877929688,148.3300018310547,2377,175.64819885253905,155.65369956970216,156.5299980163574,6.518361492078894,143.49327503219962,169.5667210005152,10.914132341441757
2025-02-12 19:00:00,149.99000549316406,151.0,145.52000427246094,147.5,466,174.71999877929687,155.94194957733154,155.54949798583985,6.314846738885065,142.91980450806972,168.17919146360998,11.691397668349211
2025-02-13 19:00:00,151.0,155.0,151.0,151.02999877929688,1568,173.93319885253905,156.24784957885743,155.04949798583985,6.253666215266762,142.54216555530633,167.55683041637337,29.538138787819193
2025-02-16 19:00:00,147.0,150.0,147.0,151.02999877929688,122,173.11919891357422,156.52204956054686,154.22699813842775,5.577999364479676,143.07099940946839,165.3829968673871,29.11940026593662
2025-02-17 19:00:00,151.0,151.0,151.0,151.02999877929688,4,172.33339874267577,156.79929954528808,153.52349777221679,4.990874349517867,143.54174907318105,163.50524647125252,30.905955476539617
2025-02-18 19:00:00,151.2899932861328,162.99000549316406,140.10000610351562,155.0,2114,171.66979888916015,157.11224952697754,153.11399765014647,4.464200570801335,144.1855965085438,162.04239879174915,48.322162983129466
2025-02-19 19:00:00,155.0,155.0,141.10000610351562,148.57000732421875,1909,170.60299896240235,157.39074954986572,152.4204978942871,3.991486284835152,144.43752532461681,160.4034704639574,38.75777629788197
2025-02-20 19:00:00,150.0,154.89999389648438,148.00999450683594,151.00999450683594,2092,169.61099884033203,157.6902995300293,151.95049743652345,3.52768450421661,144.89512842809023,159.00586644495667,48.400328959309434
2025-02-23 19:00:00,148.1999969482422,148.1999969482422,148.0,148.13999938964844,445,168.483798828125,157.97599952697755,151.42499771118165,3.2489694283932367,144.92705885439517,157.92293656796812,42.543698124171165
2025-02-24 19:00:00,152.97999572753906,152.97999572753906,133.3300018310547,134.97999572753906,10850,167.12319885253908,158.21474948883056,150.2359977722168,4.5243303647504165,141.18733704271597,159.28465850171762,30.026232318216046
2025-02-25 19:00:00,136.0,136.0,134.75,134.97999572753906,107,165.80619873046874,158.42364948272706,149.10049743652343,5.33270905909633,138.43507931833076,159.7659155547161,30.026232318216046
2025-02-26 19:00:00,130.00999450683594,134.49000549316406,128.0,131.38999938964844,2024,164.43439880371093,158.61754947662354,147.88749771118165,6.414032325530926,135.0594330601198,160.7155623622435,28.72205729846067
2025-02-27 19:00:00,133.0,133.0,133.0,131.38999938964844,75,163.09999877929687,158.7823494720459,146.75699768066406,7.2216799439507895,132.31363779276248,161.20035756856564,28.75816065852966
2025-03-02 19:00:00,132.0,132.0,125.0,126.44999694824219,387,161.78099884033202,158.9278494644165,145.48999786376953,8.416268789190342,128.65746028538885,162.3225354421502,22.99859768738456
2025-03-03 19:00:00,133.92999267578125,136.99000549316406,133.92999267578125,134.0,5102,160.82099884033204,159.10904945373534,144.5824981689453,8.636006070478965,127.31048602798738,161.85451030990325,35.46947173502488
2025-03-04 19:00:00,134.0,136.5,134.0,136.3000030517578,745,159.7623989868164,159.3073494720459,143.8874984741211,8.719048588404993,126.4494012973111,161.32559565093106,38.97203566074514
2025-03-05 19:00:00,137.0,137.0,136.5,136.3000030517578,38,158.48879913330077,159.49414947509766,143.19249877929687,8.743347292701067,125.70580419389474,160.67919336469902,34.4126979000993
2025-03-06 19:00:00,136.3000030517578,136.3000030517578,136.3000030517578,136.3000030517578,150,157.33279907226563,159.7006995010376,142.59049911499022,8.784669691111725,125.02115973276678,160.15983849721368,34.4126979000993
2025-03-09 19:00:00,135.8000030517578,139.5,132.0,137.00999450683594,2225,156.3757989501953,159.91054946899413,142.0264991760254,8.761560451343884,124.50337827333763,159.54962007871316,35.38364133555831
2025-03-10 19:00:00,135.0,135.0,135.0,137.00999450683594,115,155.31599884033204,160.12064945220948,141.38749923706055,8.630609386202455,124.12628046465565,158.64871800946545,29.552153072207517
2025-03-11 19:00:00,136.64999389648438,136.99000549316406,135.0,137.00999450683594,251,154.28979858398438,160.31379943847656,140.8214988708496,8.52185433944437,123.77779019196086,157.86520754973836,34.611264290394885
2025-03-12 19:00:00,134.10000610351562,134.10000610351562,134.0,134.00999450683594,560,153.1699984741211,160.49869941711427,140.1469985961914,8.499266928853274,123.14846473848485,157.14553245389794,27.701990847927647
2025-03-13 19:00:00,139.0,139.0,134.39999389648438,134.00999450683594,104,152.05239837646485,160.6881993865967,139.29599838256837,8.19901254377194,122.89797329502449,155.69402347011226,29.957439882535468
2025-03-16 19:00:00,134.10000610351562,134.10000610351562,130.0,131.57000732421875,666,151.06559844970704,160.86604942321776,138.32299880981446,7.8817642171406375,122.5594703755332,154.08652724409575,43.04934632249252
2025-03-17 19:00:00,132.8000030517578,132.8000030517578,132.8000030517578,131.57000732421875,5,150.17679870605468,161.04389945983885,137.34999923706056,7.418052016696592,122.51389520366737,152.18610327045374,43.04934632249252
2025-03-18 19:00:00,127.5999984741211,129.0,127.5999984741211,131.57000732421875,114,149.20959899902343,161.20824951171875,136.1784996032715,6.2406138803441324,123.69727184258322,148.65972736395975,50.42981863599167
2025-03-19 19:00:00,131.5800018310547,132.99000549316406,127.70999908447266,128.1999969482422,964,148.3723989868164,161.34949951171876,135.15999908447264,5.755181397065746,123.64963629034115,146.67036187860413,43.438908346828356
2025-03-20 19:00:00,129.0,129.0399932861328,129.0,128.1999969482422,65,147.53639892578124,161.51049949645997,134.01949920654297,4.591322597923005,124.83685401069697,143.202144402389,54.51729592447646
2025-03-23 19:00:00,128.0,137.91000366210938,127.0,136.0399932861328,3843,146.92099884033203,161.71069946289063,133.41449890136718,3.2273337886600095,126.95983132404716,139.8691664786872,55.18818537499311
2025-03-24 19:00:00,136.0,144.99000549316406,136.0,143.22000122070312,1778,146.36439880371094,161.93764945983887,133.82649917602538,3.894667036511358,126.03716510300266,141.6158332490481,64.09942962954212
2025-03-25 19:00:00,140.0,149.49000549316406,140.0,141.52000427246094,1254,145.738798828125,162.14829948425293,134.15349960327148,4.254539841322511,125.64441992062646,142.6625792859165,59.946652369300054
2025-03-26 19:00:00,141.2100067138672,141.2100067138672,138.0,141.17999267578125,511,145.2201986694336,162.36149944305419,134.64299926757812,4.47721453000933,125.68857020755947,143.5974283275968,59.17981431122761
2025-04-02 19:00:00,148.97999572753906,148.97999572753906,140.0,140.08999633789062,2723,144.80139862060548,162.58669940948485,135.07799911499023,4.566276961768676,125.94544519145288,144.2105530385276,55.712168145474635
2025-04-03 19:00:00,133.35000610351562,137.99000549316406,130.0,135.0,1423,144.15179870605468,162.78604942321778,135.50549926757813,4.091553272184017,127.3223927232101,143.68860581194616,46.86428343924027
2025-04-06 19:00:00,128.1999969482422,146.1999969482422,125.0,127.4000015258789,6482,143.39779861450197,162.96434944152833,135.17549934387208,4.468191215377612,126.23911691311685,144.1118817746273,37.8814721171136
2025-04-07 19:00:00,125.20999908447266,134.99000549316406,125.0199966430664,131.11000061035156,2050,142.75619857788087,163.15329944610596,134.91599922180177,4.549418048975283,125.8171631238512,144.01483531975234,46.40734160972661
2025-04-08 19:00:00,136.88999938964844,136.88999938964844,136.88999938964844,131.11000061035156,2,142.12959854125975,163.34874946594238,134.65649909973143,4.6138820260990805,125.42873504753328,143.8842631519296,46.40734160972661
2025-04-09 19:00:00,136.97000122070312,136.97000122070312,135.99000549316406,131.11000061035156,12,141.5435984802246,163.54419948577882,134.39699897766113,4.662278524115855,125.07244192942942,143.72155602589282,49.39345127772194
2025-04-10 19:00:00,137.0,137.0,128.0,128.64999389648438,1223,140.9435984802246,163.70334945678712,133.97899894714357,4.788724810754323,124.40154932563492,143.5564485686522,46.38433386425428
2025-04-13 19:00:00,135.99000549316406,135.99000549316406,135.0,135.74000549316406,215,140.48319869995117,163.90704948425292,133.91549949645997,4.754717254956597,124.40606498654678,143.42493400637318,54.392242870129046
2025-04-14 19:00:00,132.0,135.0,132.0,133.33999633789062,304,139.99619857788085,164.10374946594237,133.73199958801268,4.699503039266021,124.33299350948064,143.13100566654472,55.52687743689265
2025-04-15 19:00:00,137.0,137.0,131.0,135.4600067138672,251,139.5923988342285,164.32349948883058,133.80450019836425,4.715176215870044,124.37414776662416,143.23485263010434,57.46606711162539
2025-04-16 19:00:00,135.0,135.0,131.41000366210938,133.1300048828125,257,139.17499893188477,164.52914951324462,133.7605007171631,4.71726306196826,124.32597459322658,143.1950268410996,46.62493009492932
2025-04-17 19:00:00,139.88999938964844,139.88999938964844,136.0,133.1300048828125,123,138.80179916381837,164.73474952697754,133.83850059509277,4.691966421974855,124.45456775114306,143.22243343904248,35.95882891785871
2025-04-20 19:00:00,137.8000030517578,137.8000030517578,137.8000030517578,133.1300048828125,7,138.42139938354492,164.94034954071046,133.91650047302247,4.665160086546515,124.58618029992944,143.2468206461155,37.74468417064147
2025-04-21 19:00:00,136.0,146.44000244140625,136.0,146.44000244140625,20032,138.3461994934082,165.21249954223632,134.66000022888184,5.3987663685643135,123.86246749175322,145.45753296601046,55.5720410008596
2025-04-22 19:00:00,146.4600067138672,155.0,138.02000427246094,141.63999938964844,9247,138.17499954223632,165.4606495285034,135.33200035095214,5.388799057507315,124.55440223593752,146.10959846596677,51.52229621992303
2025-04-23 19:00:00,145.77000427246094,145.77000427246094,138.5,138.7899932861328,801,137.98399948120118,165.6855495071411,135.86150016784669,5.166841608011493,125.5278169518237,146.19518338386968,53.893558520710805
2025-04-24 19:00:00,140.0,140.0,138.5,138.94000244140625,363,137.79699966430664,165.8965495300293,136.00650062561036,5.212604186227721,125.58129225315491,146.4317089980658,63.9980417543142
2025-04-27 19:00:00,138.94000244140625,138.94000244140625,125.05000305175781,125.25,8267,137.30619979858398,166.02534954071044,135.1080005645752,5.447236253961919,124.21352805665137,146.00247307249904,44.27734963478785
2025-04-28 19:00:00,120.0,127.97000122070312,115.33000183105469,123.9000015258789,1438,136.81759979248048,166.14484954833983,134.22700042724608,5.7708774275170125,122.68524557221205,145.7687552822801,43.13987503486215
2025-04-29 19:00:00,112.0999984741211,120.0,112.0,112.9000015258789,3563,136.12559982299805,166.20154956817626,132.81300086975097,7.25210091281689,118.30879904411718,147.31720269538474,35.672712111085815
2025-05-01 19:00:00,112.9000015258789,124.19000244140625,101.61000061035156,116.04000091552734,4981,135.42579986572267,166.22569957733154,131.61050109863282,7.942971523283677,115.72455805206548,147.49644414520017,40.18372774806174
2025-05-04 19:00:00,110.0,119.98999786376953,110.0,118.98999786376953,2021,134.7849998474121,166.21179958343507,130.81000099182128,8.37822216555627,114.05355666070875,147.56644532293382,36.06257445765498
2025-05-05 19:00:00,122.0,122.0,116.1500015258789,118.98999786376953,99,134.14419982910155,166.155849609375,130.3895008087158,8.76069420453638,112.86811239964305,147.91088921778857,37.5628426299539
2025-05-06 19:00:00,110.19999694824219,118.94999694824219,107.0999984741211,117.83999633789062,2344,133.40099975585937,166.0707495880127,129.72600059509278,9.194998033233269,111.33600452862625,148.11599666155934,34.46755530973154
2025-05-07 19:00:00,110.3499984741211,110.3499984741211,106.05999755859375,106.56999969482422,1938,132.56099960327148,165.8652495956421,128.4990005493164,10.53961481168831,107.41977092593979,149.57823017269303,29.77459593322898
2025-05-08 19:00:00,100.0,105.0,96.0,101.2300033569336,2304,131.56539978027342,165.56289962768554,127.0050006866455,12.145448144453793,102.71410439773791,151.2958969755531,27.535212607025073
2025-05-11 19:00:00,110.94999694824219,111.3499984741211,110.0,110.63999938964844,3221,130.81539978027342,165.23079963684083,126.10450096130371,12.673253168627081,100.75799462404956,151.45100729855787,36.015418188718634
2025-05-12 19:00:00,110.63999938964844,115.0,110.63999938964844,111.01000213623047,1186,130.33599990844726,164.8856496810913,124.86800079345703,12.888260397785052,99.09147999788692,150.64452158902714,23.743889389511693
2025-05-13 19:00:00,108.0,111.0,108.0,110.80000305175781,1429,129.85240005493165,164.58099971771242,123.74100112915039,13.092322283307485,97.55635656253543,149.92564569576535,25.477104052897133
2025-05-14 19:00:00,110.80000305175781,116.98999786376953,110.0,110.80000305175781,203,129.44060012817383,164.31209972381592,122.50800094604492,13.091776653472053,96.32444763910081,148.69155425298902,26.686664331544037
2025-05-15 19:00:00,115.98999786376953,117.0,112.0,112.37999725341797,3292,129.06040008544923,164.00744972229003,121.47050056457519,13.027741762702725,95.41501703916974,147.52598408998062,28.392440467183235
2025-05-18 19:00:00,110.0999984741211,115.9800033569336,110.05000305175781,112.37999725341797,110,128.77900009155275,163.69264972686767,120.43300018310546,12.875689295702509,94.68162159170045,146.1843787745105,36.52919430400075
2025-05-19 19:00:00,112.5,112.5,112.5,112.5,1000,128.34900009155274,163.29079975128172,119.40149993896485,12.628961765964023,94.1435764070368,144.6594234708929,37.75246557878089
2025-05-20 19:00:00,115.9000015258789,123.75,115.9000015258789,123.75,11216,128.09800003051757,162.928699760437,118.26699981689453,10.984222788556432,96.29855423978167,140.2354453940074,61.59435969239133
2025-05-21 19:00:00,136.1300048828125,136.1300048828125,136.1300048828125,136.1300048828125,12909,128.09460006713869,162.68564975738525,117.99150009155274,10.421843695077738,97.14781270139726,138.8351874817082,67.9279021422085
2025-05-22 19:00:00,149.74000549316406,149.74000549316406,149.72999572753906,149.74000549316406,22387,128.36340011596678,162.45514980316162,118.5390007019043,11.772127723864115,94.99474525417607,142.08325614963252,73.0544384626763
2025-05-25 19:00:00,159.97999572753906,159.97999572753906,134.77000427246094,135.50999450683594,32711,128.3334001159668,162.1701997756958,118.36750030517578,11.480652702018071,95.40619490113964,141.32880570921193,60.207609651089115
2025-05-26 19:00:00,135.50999450683594,149.05999755859375,125.01000213623047,146.52000427246094,37320,128.5236003112793,162.0017998123169,119.43100051879883,13.032098765243063,93.3668029883127,145.49519804928497,65.79643285940553
2025-05-28 19:00:00,146.52000427246094,161.1699981689453,141.00999450683594,143.27999877929688,63324,128.64900039672852,161.83669979095458,120.40000038146972,14.061705930169575,92.27658852113058,148.52341224180887,72.18126219377439
2025-05-29 19:00:00,149.0,149.0,140.0,145.94000244140625,18111,128.8876005554199,161.6691997909546,122.0520004272461,15.040925816667704,91.9701487939107,152.13385206058152,77.91930948812566
2025-06-01 19:00:00,142.0,159.0,141.0,155.67999267578125,43680,129.32100051879883,161.46069972991944,124.03400001525878,16.724534162702195,90.58493168985439,157.48306834066318,78.00993756803824
2025-06-02 19:00:00,157.6999969482422,160.0,150.0,151.1999969482422,5701,129.7136003112793,161.23059970855712,125.64449996948242,17.733652287812895,90.17719539385664,161.1118045451082,73.77824313072514
2025-06-03 19:00:00,151.1999969482422,166.32000732421875,151.1999969482422,166.32000732421875,100799,130.4086003112793,161.1139497756958,128.0110004425049,19.832687075885467,88.34562629073396,167.67637459427584,77.92194138643754
2025-06-04 19:00:00,169.88999938964844,175.0,155.25,160.38999938964844,94744,130.9850001525879,160.94049976348876,130.13850059509278,20.935740237673727,88.26702011974533,172.00998107044023,73.53582301838586
2025-06-09 19:00:00,156.50999450683594,176.42999267578125,156.10000610351562,170.52999877929688,35830,131.83160018920898,160.82859973907472,133.3365005493164,22.003891980405744,89.32871658850493,177.3442845101279,75.52452821645906
2025-06-10 19:00:00,175.0,177.0,170.0,171.5500030517578,87440,132.6986003112793,160.73694972991944,136.8525005340576,22.220727020541997,92.41104649297361,181.2939545751416,75.7417480527062
2025-06-11 19:00:00,171.0,174.9199981689453,164.0,167.86000061035156,18735,133.33500045776367,160.64569972991944,139.71350059509277,22.35140039750042,95.01069980009193,184.41630139009362,73.35864102315485
2025-06-12 19:00:00,165.0,184.64999389648438,164.0,183.11000061035156,93646,134.13280044555665,160.6359497451782,143.31850051879883,23.27361482752091,96.77127086375701,189.86573017384063,74.22856262385305
2025-06-16 19:00:00,185.0,201.4199981689453,185.0,197.72000122070312,364087,135.25680038452148,160.7047497177124,147.66450042724608,24.937688759530438,97.7891229081852,197.53987794630694,74.68931926714775
2025-06-17 19:00:00,187.0,187.0,184.0,184.85000610351562,20532,136.13020065307617,160.7149997329712,151.36700057983398,24.672036814272104,102.02292695128978,200.7110742083782,64.15839600502645
2025-06-18 19:00:00,185.00999450683594,194.75,185.00999450683594,185.58999633789062,32215,137.04020065307617,160.69049968719483,155.02750053405762,24.005175344096617,107.0171498458644,203.03785122225085,72.66063118351985
2025-06-19 19:00:00,190.94000244140625,190.9499969482422,180.1999969482422,182.24000549316406,4902,137.98500076293945,160.68419971466065,158.52050094604493,22.508957603152652,113.50258573973963,203.53841615235024,67.3667845647046
2025-06-22 19:00:00,182.0500030517578,182.0500030517578,170.0399932861328,172.38999938964844,14754,138.88480072021486,160.62949970245361,161.51500091552734,19.896503466474872,121.7219939825776,201.30800784847708,63.298310380089546
2025-06-23 19:00:00,176.0,189.6300048828125,176.0,189.6300048828125,53935,140.05520080566407,160.67919971466065,164.80900115966796,18.734706823377344,127.33958751291327,202.27841480642263,67.61267551052293
2025-06-24 19:00:00,193.75,197.8000030517578,190.00999450683594,191.0399932861328,45620,141.2538006591797,160.71169971466065,167.55450057983398,18.32975770731444,130.8949851652051,204.21401599446287,65.28089954322543
2025-06-25 19:00:00,192.99000549316406,194.97000122070312,188.00999450683594,189.10000610351562,9011,142.41360076904297,160.71589977264404,169.52250061035156,18.429113730930474,132.66427314849062,206.3807280722125,66.746205832132
2025-06-26 19:00:00,189.10000610351562,191.89999389648438,185.5,188.11000061035156,7692,143.60280090332031,160.70594974517823,172.15250091552736,17.019058941680644,138.11438303216607,206.19061879888864,61.00171509249034
2025-06-29 19:00:00,189.0,193.0,186.14999389648438,188.0,11890,144.64800079345704,160.71889972686768,174.22650070190429,16.24063749517707,141.74522571155015,206.70777569225842,64.81064674461895
2025-06-30 19:00:00,187.2100067138672,190.6999969482422,178.0,188.44000244140625,1628,145.75000091552735,160.73609973907472,176.48450088500977,14.785793630978896,146.91291362305196,206.05608814696757,60.7232715319638
2025-07-01 19:00:00,189.86000061035156,189.88999938964844,180.0,185.19000244140625,13564,146.74460083007813,160.73649974823,178.44700088500977,13.017327358961756,152.41234616708627,204.48165560293327,57.95428234818844
2025-07-02 19:00:00,188.0,190.0,185.0,185.05999755859375,3862,147.78320068359375,160.73839977264404,179.9160011291504,11.924766902051802,156.0664673250468,203.765534933254,60.464834311749144
2025-07-03 19:00:00,187.0,188.0,185.1999969482422,186.36000061035156,13053,148.84780059814454,160.74974979400633,181.67400131225585,9.885944802216358,161.90211170782314,201.44589091668857,52.381650982216335
2025-07-06 19:00:00,186.5,205.0,185.11000061035156,204.47999572753906,400196,150.27480041503907,160.85764980316162,183.58200073242188,10.433915352690343,162.71417002704118,204.44983143780257,54.71145585786478
2025-07-07 19:00:00,205.6699981689453,224.92999267578125,197.0,220.89999389648438,650067,151.76400024414062,161.0538998031616,186.60750045776368,12.009110396747095,162.5892796642695,210.62572125125786,73.9407612656469
2025-07-08 19:00:00,220.0,229.44000244140625,215.0,215.97999572753906,98814,153.25080017089843,161.21969974517822,188.88000030517577,13.060845916277266,162.75830847262125,215.0016921377303,69.12042579459674
2025-07-09 19:00:00,216.5,216.5,206.0,208.02999877929688,33087,154.6356002807617,161.3519997024536,190.70400009155273,13.060552009909081,164.58289607173458,216.82510411137088,65.33840592375759
2025-07-10 19:00:00,208.0,210.0,202.0,206.0399932861328,14160,155.97760009765625,161.4841996383667,192.6129997253418,12.314820211945268,167.9833593014513,217.24264014923233,72.0771536999314
2025-07-13 19:00:00,206.1999969482422,212.89999389648438,202.0,208.14999389648438,17925,157.63559997558593,161.6539496231079,193.86499938964843,12.568093002571167,168.7288133845061,219.00118539479075,65.16043965707189
2025-07-14 19:00:00,210.44000244140625,214.0,202.0,203.17999267578125,8919,159.221199798584,161.8186996078491,194.13799896240235,12.714682267638612,168.70863442712513,219.56736349767957,59.390469913581526
2025-07-15 19:00:00,202.3000030517578,205.0,202.1999969482422,202.67999267578125,3340,161.01679962158204,161.9763496017456,195.0294982910156,12.654109343707011,169.7212796036016,220.33771697842963,60.74365818773908
2025-07-16 19:00:00,202.1999969482422,206.0,195.00999450683594,200.6699981689453,11681,162.7093995666504,162.1285995864868,195.78349838256835,12.51050905892616,170.76248026471603,220.80451650042068,59.778882995835794
2025-07-17 19:00:00,201.0,202.27000427246094,190.0,191.91000366210938,15820,164.1677996826172,162.24204959869385,196.26699829101562,12.14094035166421,171.9851175876872,220.54887899434405,52.682862580010756
2025-07-20 19:00:00,192.00999450683594,197.5,189.0,194.0,2824,165.6679997253418,162.3677495956421,197.3474983215332,10.790650968674308,175.76619638418458,218.92880025888184,53.73054104823719
2025-07-21 19:00:00,195.0,195.0,190.0,191.4600067138672,6032,167.14039993286133,162.49989963531493,197.43899841308593,10.729350363779178,175.98029768552757,218.89769914064428,54.247395865096635
2025-07-22 19:00:00,194.94000244140625,196.6999969482422,185.00999450683594,188.66000366210938,6584,168.78220001220703,162.60509967803955,197.31999893188475,10.816898305400676,175.6862023210834,218.9537955426861,52.353561076670644
2025-07-23 19:00:00,191.9499969482422,191.9499969482422,175.14999389648438,186.7899932861328,5104,170.493399810791,162.73899967193603,197.20449829101562,10.921120096011279,175.36225809899307,219.04673848303818,50.27903487599286
2025-07-24 19:00:00,186.0,187.0,181.0,186.99000549316406,3487,172.02039993286132,162.88309970855713,197.14849853515625,10.972956408416485,175.2025857183233,219.0944113519892,35.210562497806535
2025-07-27 19:00:00,186.75,187.4600067138672,184.0,184.0,10904,173.48019989013673,162.99799968719483,196.94849853515626,11.182923219097601,174.58265209696106,219.31434497335147,9.628026214392278
2025-07-28 19:00:00,184.0,186.8000030517578,171.14999389648438,180.74000549316406,4424,174.87899993896485,163.06419971466065,196.56349868774413,11.615447758606061,173.332603170532,219.79439420495626,9.990936197901334
2025-07-29 19:00:00,179.0,198.80999755859375,176.10000610351562,183.0800018310547,5288,176.3245999145508,163.17069972991942,196.45799865722657,11.733172881587832,172.9916528940509,219.92434442040224,17.538392145636237
2025-07-30 19:00:00,180.0500030517578,184.8000030517578,175.10000610351562,181.64999389648438,1374,177.70999984741212,163.25394969940186,196.2874984741211,11.930634476480432,172.42622952116022,220.14876742708196,17.797738702072536
2025-07-31 19:00:00,181.64999389648438,192.0,181.64999389648438,184.1699981689453,3408,179.14579986572267,163.3422497177124,196.1779983520508,12.036128804763743,172.1057407425233,220.2502559615783,18.678177986454443
2025-08-03 19:00:00,184.1699981689453,188.8800048828125,176.0,182.14999389648438,4561,180.53879974365233,163.3343996810913,195.06149826049804,12.259110114064606,170.54327803236882,219.57971848862726,20.237774403253354
2025-08-04 19:00:00,181.1999969482422,184.17999267578125,180.25,183.00999450683594,1562,181.72399963378905,163.3603496170044,193.16699829101563,10.909334772262863,171.3483287464899,214.98566783554136,22.443277649540548
2025-08-05 19:00:00,184.0,184.0,178.0,180.0,1022,182.60139953613282,163.34594959259033,191.36799850463868,9.866122540294137,171.6357534240504,211.10024358522696,21.831577817915203
2025-08-06 19:00:00,178.0,185.0,178.0,178.41000366210938,1393,183.17479949951172,163.34094959259033,189.8869987487793,9.447604199982813,170.99179034881365,208.78220714874493,27.134161470135794
2025-08-07 19:00:00,181.99000549316406,183.0,178.1300048828125,180.69000244140625,1174,184.07839965820312,163.3663995742798,188.61949920654297,8.847900982224761,170.92369724209345,206.31530117099248,27.600155309808144
2025-08-10 19:00:00,180.10000610351562,182.6999969482422,178.25,180.69000244140625,131,184.76179962158204,163.40704959869385,187.24649963378906,7.715861392757561,171.81477684827394,202.67822241930418,30.180359033255357
2025-08-11 19:00:00,184.0,184.0,181.0,181.1999969482422,302,185.52019958496095,163.41929958343505,186.14749984741212,6.842913380819944,172.46167308577225,199.833326609052,35.008037229452626
2025-08-12 19:00:00,182.5,182.5,171.10000610351562,176.74000549316406,1916,186.1361996459961,163.41334964752198,184.85050048828126,5.943671076133833,172.96315833601358,196.73784264054893,31.707340104895152
2025-08-14 19:00:00,184.0,184.0,174.22000122070312,179.74000549316406,2837,186.61739990234375,163.41539966583252,183.8040008544922,4.730498549003267,174.34300375648564,193.26499795249873,38.02444230038301
2025-08-17 19:00:00,177.05999755859375,183.8699951171875,177.05999755859375,177.33999633789062,756,187.14019989013673,163.41239963531496,183.07550048828125,4.534293487137716,174.00691351400582,192.14408746255668,38.780314512099075
2025-08-18 19:00:00,179.0,183.35000610351562,178.00999450683594,179.50999450683594,3132,187.40399963378906,163.40084957122804,182.35100021362305,3.7940858512405273,174.762828511142,189.9391719161041,47.84887872703576
2025-08-19 19:00:00,183.5,189.9499969482422,181.00999450683594,181.92999267578125,25252,187.83479949951172,163.40684955596925,181.87449951171874,3.1302333108960423,175.61403288992665,188.13496613351083,47.994403158840974
2025-08-20 19:00:00,181.1999969482422,181.1999969482422,175.86000061035156,177.07000732421875,3453,187.96559967041014,163.39729961395264,181.2949996948242,2.869921408069316,175.55515687868558,187.03484251096285,42.86605910337195
2025-08-21 19:00:00,182.85000610351562,182.85000610351562,170.0,174.52999877929688,9596,188.02519958496094,163.3836996078491,180.68199996948243,2.9428543111335577,174.79629134721532,186.56770859174955,34.99376489003642
2025-08-24 19:00:00,175.85000610351562,175.85000610351562,170.0,173.02000427246094,5757,188.12839965820314,163.3578496170044,179.98349990844727,3.0236318010984133,173.93623630625044,186.0307635106441,35.558370353993624
2025-08-25 19:00:00,174.0,174.0,170.0,173.9600067138672,1295,187.94539978027345,163.34714962005614,179.48150024414062,3.1523989204889538,173.17670240316272,185.78629808511852,35.721054258549316
2025-08-26 19:00:00,172.0,174.5,168.0,168.61000061035156,6106,187.3631997680664,163.29374965667725,178.875,3.9607520420064937,170.95349591598702,186.79650408401298,33.26475917511924
2025-08-27 19:00:00,178.0,184.0,166.0,176.74000549316406,3100,187.20099975585939,163.2896496963501,178.55800018310546,3.8588924064987657,170.84021537010793,186.275784996103,47.94183079176845
2025-08-28 19:00:00,179.0,179.0,165.1999969482422,169.10000610351562,5728,186.8711999511719,163.2351497268677,177.93050079345704,4.3222075177266,169.28608575800385,186.57491582891024,37.38297606565699
2025-08-31 19:00:00,173.0,174.5,167.50999450683594,172.14999389648438,2552,186.66939971923827,163.19594966888428,177.329500579834,4.243924363451774,168.84165185293045,185.81734930673753,41.28214378283538
2025-09-01 19:00:00,175.99000549316406,175.99000549316406,170.0,174.08999633789062,977,186.70339965820312,163.11349964141846,176.9265007019043,4.143581211926471,168.63933827805135,185.21366312575725,42.94782558422166
2025-09-02 19:00:00,171.0,180.0,161.0500030517578,178.52000427246094,11226,186.4811996459961,163.07279964447022,176.70200119018554,3.911779754295932,168.87844168159367,184.5255606987774,51.76657265460502
2025-09-03 19:00:00,179.8000030517578,181.9499969482422,175.0,177.24000549316406,1898,186.20519989013673,163.02939968109132,176.56400146484376,3.837283647752541,168.88943416933867,184.23856876034884,47.43115514606228
2025-09-04 19:00:00,179.8000030517578,179.8000030517578,166.14999389648438,172.55999755859375,2452,185.87439971923828,162.98209964752198,176.27150115966796,3.911409522970322,168.44868211372733,184.0943202056086,45.3082071552754
2025-09-07 19:00:00,173.6999969482422,177.9499969482422,168.60000610351562,169.0500030517578,2520,185.4931997680664,162.9279496383667,175.68950119018555,4.081639033058607,167.52622312406834,183.85277925630277,39.99618238397862
2025-09-08 19:00:00,174.8000030517578,180.9499969482422,168.14999389648438,170.5399932861328,872,185.14399963378906,162.89209957122802,175.18200073242187,4.058111119625995,167.0657784931699,183.29822297167385,38.90944360234668
2025-09-09 19:00:00,172.0,175.0,168.50999450683594,174.33999633789062,3565,184.86199951171875,162.87319957733155,174.8390007019043,3.8046838436569455,167.2296330145904,182.4483683892182,47.28573223059852
2025-09-10 19:00:00,175.0,177.99000549316406,171.22000122070312,172.86000061035156,4365,184.61539947509766,162.8563496017456,174.64500045776367,3.8015693719481076,167.04186171386746,182.24813920165988,48.303881460616175
2025-09-11 19:00:00,175.0,178.0,171.5,172.38999938964844,341,184.36199951171875,162.83664958953858,174.2775001525879,3.634711949242171,167.00807625410354,181.54692405107224,49.34633238130822
2025-09-14 19:00:00,175.0,175.0,171.00999450683594,172.1199951171875,798,184.07719940185547,162.81329959869385,174.01650009155273,3.5903746511800985,166.83575078919253,181.19724939391293,48.06396103614618
2025-09-15 19:00:00,175.0,175.0,170.00999450683594,173.80999755859375,8332,183.46379943847657,162.78479961395263,173.73150024414062,3.34950645795509,167.03248732823045,180.4305131600508,55.927949014910546
2025-09-16 19:00:00,174.8000030517578,179.99000549316406,171.0,174.6999969482422,1293,182.53979949951173,162.7789496231079,173.37000045776367,2.755604265845358,167.85879192607294,178.8812089894544,47.2146247720765
2025-09-17 19:00:00,177.0,177.0,168.0,169.97999572753906,8425,181.6197994995117,162.7487495803833,173.0154998779297,2.710238002425574,167.59502387307856,178.43597588278084,51.30562270580463
2025-09-18 19:00:00,174.64999389648438,179.0,170.14999389648438,171.27999877929688,2570,180.88479949951173,162.7535495376587,172.85299987792968,2.712083513571697,167.42883285078628,178.27716690507307,48.63850581409787
2025-09-21 19:00:00,170.25999450683594,173.6999969482422,164.0,169.6199951171875,4449,180.15639953613282,162.74659954071046,172.68299942016603,2.8059989206356133,167.0710015788948,178.29499726143726,42.942849186182194
2025-09-23 19:00:00,169.5,174.6999969482422,165.0,173.6699981689453,13809,179.46679962158203,162.6970495223999,172.66849899291992,2.7997949413979755,167.06890911012397,178.26808887571588,42.24991246558362
2025-09-24 19:00:00,174.0,185.0,165.14999389648438,176.9499969482422,32324,178.94219970703125,162.6572995376587,173.08549880981445,2.7845458973826833,167.51640701504908,178.65459060457982,49.56442104163096
2025-09-25 19:00:00,176.89999389648438,176.89999389648438,168.50999450683594,169.27000427246094,9766,178.27399993896483,162.53409954071046,172.7119987487793,2.7695026609583713,167.17299342686258,178.25100407069604,45.46707923008905
2025-09-28 19:00:00,169.0,173.0,167.0,167.5800018310547,3128,177.61220001220704,162.42014957427978,172.63599853515626,2.891986529384959,166.85202547638633,178.4199715939262,47.86770935792683
2025-09-29 19:00:00,170.0,170.0,164.0,167.60000610351562,9633,177.12600006103514,162.29949962615967,172.40849914550782,3.103461865432359,166.2015754146431,178.61542287637255,45.545476025447954
2025-09-30 19:00:00,167.75999450683594,167.75999450683594,164.0500030517578,165.25999450683594,1403,176.55119995117187,162.17419956207274,171.96699905395508,3.4593372851638806,165.0483244836273,178.88567362428284,35.605588176527704
2025-10-01 19:00:00,165.6999969482422,166.6999969482422,164.0,165.63999938964844,2971,176.0347998046875,162.0614995956421,171.32299880981446,3.3730167324260534,164.57696534496236,178.06903227466657,38.140615303486165
2025-10-02 19:00:00,164.10000610351562,164.10000610351562,153.11000061035156,162.75,6421,175.51659973144533,161.86569957733155,170.59849853515624,3.5847258076895256,163.4290469197772,177.76795015053528,35.331725109878505
2025-10-05 19:00:00,163.0,163.0,156.0,158.5399932861328,7874,174.9515997314453,161.65534954071046,169.8974983215332,4.447867423015887,161.0017634755014,178.79323316756498,31.548927386889147
2025-10-07 19:00:00,157.52000427246094,159.9499969482422,152.5,157.2899932861328,5364,174.3575994873047,161.41929950714112,169.30949783325195,5.2675921351459625,158.77431356296003,179.84468210354387,27.28274184593421
2025-10-08 19:00:00,157.6999969482422,161.60000610351562,150.0,152.02999877929688,6330,173.71819946289062,161.16439952850342,168.38399810791014,6.517744947476357,155.34850821295743,181.41948800286286,22.170410555943306
2025-10-09 19:00:00,152.8000030517578,167.0,137.00999450683594,150.69000244140625,2150,173.11719940185546,160.91369953155518,167.20149841308594,7.457869181970365,152.2857600491452,182.11723677702668,24.176730584682957
2025-10-12 19:00:00,150.05999755859375,159.44000244140625,141.3000030517578,150.86000061035156,2117,172.47279937744142,160.66809955596923,166.10149841308595,8.167980956768798,149.76553649954835,182.43746032662355,21.811169411660615
2025-10-13 19:00:00,150.00999450683594,157.89999389648438,150.00999450683594,154.97000122070312,4820,171.9391995239258,160.452399559021,165.23049850463866,8.387944085644682,148.4546103333493,182.006386675928,31.057681911771326
2025-10-14 19:00:00,154.55999755859375,156.64999389648438,145.14999389648438,153.97999572753906,9172,171.33539947509766,160.26029956817626,164.32349853515626,8.582265018061282,147.1589684990337,181.48802857127882,22.353280445362756
2025-10-15 19:00:00,154.0,159.89999389648438,154.0,156.16000366210938,4251,170.81559967041017,160.1310995864868,163.44099884033204,8.46206101110571,146.51687681812064,180.36512086254345,19.878327715750757
2025-10-16 19:00:00,155.0,159.0,153.0,157.91000366210938,4486,170.31359985351563,159.97449962615966,162.60149917602538,8.111897468008033,146.3777042400093,178.82529411204146,30.125983638197326
2025-10-19 19:00:00,159.9499969482422,159.9499969482422,155.02000427246094,156.7899932861328,1088,169.84939971923828,159.75854961395262,161.94199905395507,8.016060560312594,145.90987793332988,177.97412017458026,30.739034225180404
2025-10-20 19:00:00,155.1999969482422,156.5,150.1999969482422,151.42999267578125,795,169.3097994995117,159.54519954681396,160.9494987487793,8.02787975329596,144.89373924218737,177.00525825537122,25.757127928448938
2025-10-21 19:00:00,153.0,157.6999969482422,152.6999969482422,156.52999877929688,1987,168.82659942626952,159.4035495376587,160.29499893188478,7.814552166963191,144.66589459795838,175.92410326581117,37.91195208803524
2025-10-22 19:00:00,154.0,157.72000122070312,153.0,157.69000244140625,1307,168.36659942626954,159.2419995498657,159.49599914550782,7.164990449859708,145.1660182457884,173.82598004522725,39.224735018871826
2025-10-23 19:00:00,155.2100067138672,162.9499969482422,145.2100067138672,159.3000030517578,4794,167.92859954833983,159.09689952850343,158.6134994506836,5.872437563149364,146.86862432438488,170.35837457698233,45.155863616282716
2025-10-26 19:00:00,157.0,161.0,147.27000427246094,155.0500030517578,1542,167.4947994995117,158.9221495437622,157.90249938964843,5.352087273900138,147.19832484184815,168.6066739374487,45.105206389426286
2025-10-27 19:00:00,155.5,155.99000549316406,152.0,152.10000610351562,1137,166.94199951171876,158.73319957733153,157.12849960327148,4.985691563746293,147.15711647577888,167.09988273076408,43.052229967590925
2025-10-28 19:00:00,159.0,159.0,148.10000610351562,149.6699981689453,2141,166.38859954833984,158.57699954986572,156.23199920654298,4.600845591856073,147.03030802283084,165.43369039025512,46.581694333876285
2025-10-29 19:00:00,158.0,158.99000549316406,154.0,155.30999755859375,16050,165.904599609375,158.4734995651245,155.73449935913087,4.081944125143935,147.570611108843,163.89838760941873,55.95052886864169
2025-10-30 19:00:00,158.89999389648438,161.99000549316406,153.0399932861328,156.74000549316406,7394,165.40079986572266,158.35754962921143,155.28949966430665,3.3679191306258383,148.55366140305497,162.02533792555832,57.335326719676424
2025-11-02 19:00:00,158.0,161.0,152.0,152.64999389648438,6541,164.91239959716796,158.27049961090088,154.78449935913085,2.9174802160806443,148.94953892696955,160.61945979129214,47.10433857855027
2025-11-03 19:00:00,152.02000427246094,157.97999572753906,150.02999877929688,151.52999877929688,243,164.45239959716798,158.17814960479737,154.43399963378906,2.8631337602475946,148.70773211329387,160.16026715428424,46.95198555751083
2025-11-04 19:00:00,155.0,156.8000030517578,151.74000549316406,154.0,3905,164.07199951171876,158.1140996170044,154.2694999694824,2.7838218409521778,148.70185628757807,159.83714365138675,47.33201402239059
2025-11-05 19:00:00,152.0,155.89999389648438,152.0,154.0,4017,163.6727993774414,158.0288496017456,154.36800003051758,2.7348322012733726,148.89833562797082,159.83766443306433,44.95223409234532
2025-11-06 19:00:00,153.0,155.89999389648438,148.0,150.0,1773,163.30059936523438,157.9148495864868,154.33349990844727,2.787517184709356,148.75846553902855,159.90853427786598,41.84091780025707
2025-11-09 19:00:00,156.0500030517578,156.0500030517578,155.0,155.0,701,162.8657992553711,157.85429958343505,154.54049987792968,2.6671178441472017,149.20626418963528,159.87473556622408,54.3272784037062
2025-11-10 19:00:00,155.0,155.0,145.0,155.0,34,162.58379913330077,157.82414958953856,154.54199981689453,2.6673805232376178,149.2072387704193,159.87676086336975,47.88382054494311
2025-11-11 19:00:00,155.0,155.0,149.0,149.11000061035156,5752,162.12299926757814,157.73229961395265,154.29850006103516,2.93067607091969,148.43714791919578,160.15985220287453,39.505873772401536
2025-11-12 19:00:00,153.9499969482422,153.9499969482422,147.0,147.49000549316406,1393,161.5909994506836,157.64424961090089,153.8650001525879,3.2631946054846135,147.33861094161867,160.39138936355712,35.55882449525481
2025-11-13 19:00:00,145.0,149.75,133.02000427246094,138.6199951171875,226,160.79299926757812,157.5213995742798,152.9004997253418,4.5869565950134765,143.72658653531485,162.07441291536875,31.949023401155728
2025-11-16 19:00:00,148.0,149.64999389648438,140.0,144.99000549316406,4431,160.14799926757811,157.43414958953858,152.31050033569335,4.813626592827781,142.6832471500378,161.9377535213489,42.73452378613513
2025-11-17 19:00:00,148.0,156.75,147.10000610351562,148.63999938964844,1525,159.6695993041992,157.37529956817627,152.1710006713867,4.88045025348082,142.41010016442507,161.93190117834834,48.97308247470359
2025-11-18 19:00:00,150.0,153.0,148.0,148.0,2513,159.24859924316405,157.32204959869384,151.74450073242187,4.852104464719843,142.04029180298218,161.44870966186156,41.90476898577605
2025-11-19 19:00:00,150.0,152.97999572753906,148.0,148.0,3766,158.7977993774414,157.26824962615967,151.26000061035157,4.708854619881391,141.84229137058878,160.67770985011435,40.0045720508091
2025-11-20 19:00:00,148.0,151.49000549316406,145.0,149.8000030517578,4509,158.30699951171874,157.22879962921144,150.78500061035157,4.318079363533345,142.1488418832849,159.42115933741826,46.5604751401116
2025-11-23 19:00:00,151.0,153.49000549316406,150.0,151.94000244140625,1027,157.88859954833984,157.21024967193603,150.62950057983397,4.211079100485691,142.2073423788626,159.05165878080535,50.48292525819517
2025-11-24 19:00:00,152.35000610351562,152.4499969482422,145.0,148.14999389648438,1608,157.40379943847657,157.18099964141845,150.43199996948243,4.231063034872443,141.96987389973754,158.89412603922733,43.31733665398646
2025-11-25 19:00:00,151.99000549316406,151.99000549316406,142.10000610351562,148.0,552,156.9213995361328,157.1620496749878,150.34850006103517,4.263248860654367,141.82200233972642,158.8749977823439,43.169400995434174
2025-11-26 19:00:00,152.9499969482422,152.9499969482422,145.25,149.92999267578125,2332,156.44379943847656,157.15094966888427,150.07949981689453,4.10033371232293,141.87883239224865,158.2801672415404,49.91635924252247
2025-11-27 19:00:00,149.50999450683594,149.50999450683594,146.5,146.60000610351562,565,155.88179962158202,157.13294971466064,149.5724998474121,3.852856464280126,141.86678691885186,157.27821277597235,39.547044017323174
2025-11-30 19:00:00,148.85000610351562,148.85000610351562,148.0,148.13999938964844,602,155.44499969482422,157.12264972686768,149.3470001220703,3.794800051381916,141.7574000193065,156.93660022483414,41.77851999205606
2025-12-01 19:00:00,151.9499969482422,151.9499969482422,145.02000427246094,151.64999389648438,2544,155.05239959716798,157.13919971466063,149.35299987792968,3.798526157503481,141.7559475629227,156.95005219293665,53.228259415053614
2025-12-02 19:00:00,150.0,150.9499969482422,149.0,149.00999450683594,2385,154.64019958496092,157.14279972076417,149.10349960327147,3.637706429118255,141.82808674503497,156.37891246150798,51.883039600277044
2025-12-03 19:00:00,148.0,149.6999969482422,145.0500030517578,146.5800018310547,1580,154.09839965820314,157.12674976348876,148.7324996948242,3.4873059987873605,141.7578876972495,155.70711169239894,61.73351165260671
2025-12-04 19:00:00,149.64999389648438,157.75,142.11000061035156,151.74000549316406,2232,153.59419982910157,157.14379978179932,148.81949996948242,3.541869210652545,141.73576154817732,155.90323839078752,60.3179579041648
2025-12-07 19:00:00,150.0,150.0,148.0,148.07000732421875,863,153.17019989013673,157.1466498184204,148.47300033569337,3.230722839728838,142.0115546562357,154.93444601515105,49.129250425759366
2025-12-08 19:00:00,148.10000610351562,148.14999389648438,148.10000610351562,148.07000732421875,4,152.78,157.131849861145,148.1265007019043,2.842101428806846,142.4422978442906,153.81070355951798,50.10907977373793
2025-12-09 19:00:00,148.10000610351562,152.63999938964844,146.0,148.07000732421875,28,152.38940002441407,157.11704990386963,148.07450103759766,2.8326583221506745,142.4091843932963,153.739817681899,50.10907977373793
2025-12-10 19:00:00,150.94000244140625,152.89999389648438,148.0,152.89999389648438,2612,152.14220001220704,157.12639987945556,148.34500045776366,3.0256400609878358,142.29372033578798,154.39628057973934,54.41343296746076
2025-12-11 19:00:00,152.0500030517578,152.0500030517578,148.14999389648438,151.88999938964844,620,151.86720001220704,157.11084987640382,149.0085006713867,2.091613525709567,144.8252736199676,153.19172772280584,49.9264443461807
2025-12-14 19:00:00,152.99000549316406,152.99000549316406,150.07000732421875,151.13999938964844,1408,151.635,157.12369983673096,149.31600036621094,1.9142946718102232,145.4874110225905,153.1445897098314,54.830390443393235
2025-12-15 19:00:00,151.0,152.97999572753906,150.00999450683594,152.35000610351562,2655,151.51120025634765,157.13039989471434,149.5015007019043,2.022062049684774,145.45737660253474,153.54562480127385,56.79477205687471
2025-12-16 19:00:00,152.9499969482422,152.9499969482422,150.0,150.0,553,151.365400390625,157.13969989776612,149.60150070190429,1.9931456348817191,145.61520943214086,153.5877919716677,50.10793617932274
2025-12-17 19:00:00,150.02000427246094,152.8300018310547,148.0,149.4600067138672,952,151.3140005493164,157.21209995269774,149.67450103759765,1.9578263455240779,145.75884834654948,153.59015372864582,54.82456749987773
2025-12-18 19:00:00,152.0,154.9499969482422,142.0500030517578,151.8000030517578,4079,151.33620056152344,157.29619998931884,149.77450103759764,2.0148214501273665,145.7448581373429,153.8041439378524,56.01183810429923
2025-12-21 19:00:00,151.9499969482422,152.0,150.0,150.00999450683594,2584,151.3192004394531,157.38929996490478,149.67800064086913,1.9508489158198925,145.77630280922935,153.5796984725089,47.14484646367296
2025-12-22 19:00:00,152.0,157.64999389648438,152.0,154.36000061035156,6127,151.3070004272461,157.5041499710083,149.9885009765625,2.176048184073532,145.63640460841543,154.34059734470958,58.79067924944591
2025-12-23 19:00:00,150.11000061035156,154.9499969482422,150.11000061035156,153.47000122070312,448,151.29680053710936,157.6392499923706,150.26200103759766,2.255276741534406,145.75144755452885,154.77255452066646,61.92454055938331
2025-12-25 19:00:00,150.00999450683594,154.89999389648438,142.1999969482422,151.0,2244,151.1936004638672,157.7242499923706,150.31550140380858,2.2596734460130175,145.79615451178256,154.8348482958346,48.58777561190954
2025-12-28 19:00:00,148.14999389648438,153.0,148.14999389648438,149.75,4253,151.030400390625,157.7914999771118,150.4730010986328,2.0905189610479997,146.2919631765368,154.65403902072882,53.53236493275995
2025-12-29 19:00:00,149.75,153.5,148.0,153.4199981689453,4108,150.96300048828124,157.87709995269776,150.73700103759765,2.1136535642834513,146.50969390903074,154.96430816616456,59.74497529965875
2025-12-30 19:00:00,153.3000030517578,153.3000030517578,149.82000732421875,153.4199981689453,2820,151.00280059814452,157.96269992828368,150.82550125122071,2.189585015916171,146.44633121938838,155.20467128305305,59.74497529965875
2026-01-01 19:00:00,157.94000244140625,160.0,151.0,151.1999969482422,10354,150.89620056152344,158.03364994049073,150.93500137329102,2.148386727046944,146.63822791919713,155.2317748273849,46.578107579326925
2026-01-04 19:00:00,151.0,164.0,151.0,156.83999633789062,21579,150.87920043945311,158.132799949646,151.4480010986328,2.274981957188364,146.89803718425608,155.99796501300952,58.39836135091208
2026-01-05 19:00:00,158.0,164.99000549316406,158.0,162.66000366210938,5070,150.94640045166017,158.26104999542235,151.99400100708007,3.3872573295996005,145.21948634788086,158.76851566627928,66.67631200535428
2026-01-06 19:00:00,156.0,165.49000549316406,155.0500030517578,161.4199981689453,5366,151.0738003540039,158.39810001373291,152.6615005493164,3.856213819526423,144.94907291026357,160.37392818836923,63.11829062832007
2026-01-07 19:00:00,164.9499969482422,171.0,162.10000610351562,166.52999877929688,20744,151.36240020751953,158.5607000350952,153.58450012207032,4.794471510906462,143.9955571002574,163.17344314388325,72.14035790489115
2026-01-08 19:00:00,165.00999450683594,170.0,164.10000610351562,165.57000732421875,3580,151.680400390625,158.73070003509523,154.45950012207032,5.304826185873013,143.8498477503243,165.06915249381635,71.33774052793368
2026-01-11 19:00:00,165.5500030517578,182.1300048828125,162.0,172.60000610351562,36284,152.02620056152344,158.9358500289917,155.4445007324219,6.656709357488749,142.13108201744438,168.7579194473994,74.50517716403084
2026-01-12 19:00:00,188.88999938964844,188.88999938964844,160.0,166.67999267578125,11171,152.22500030517577,159.1113999557495,156.18400039672852,7.05089921206319,142.08220197260215,170.2857988208549,67.89777763069816
2026-01-13 19:00:00,164.5,173.85000610351562,160.0,172.6999969482422,9974,152.62600036621095,159.3338999557495,157.2620002746582,7.842807417153588,141.576385440351,172.94761510896538,69.0091090882751
2026-01-14 19:00:00,173.0,173.0,163.0,165.4199981689453,7468,152.90380035400392,159.51999996185302,157.91549987792968,7.955689601738352,142.00412067445296,173.8268790814064,60.93720715942231
2026-01-15 19:00:00,162.0,169.86000061035156,161.0,168.11000061035156,4190,153.18600036621095,159.68034999847413,158.82099990844728,8.037546904194565,142.74590610005814,174.89609371683642,65.59707743533377
2026-01-18 19:00:00,170.0,177.6999969482422,162.0,164.2100067138672,13995,153.39020050048828,159.78530002593993,159.55849990844726,7.806799061901771,143.94490178464372,175.1720980322508,62.5739155448806
2026-01-19 19:00:00,163.10000610351562,167.94000244140625,155.5,158.27999877929688,4150,153.5558004760742,159.86909999847413,159.88249969482422,7.599573723141604,144.683352248541,175.08164714110742,54.0662638681678
2026-01-20 19:00:00,159.99000549316406,166.89999389648438,149.0500030517578,166.25,8995,153.7808004760742,159.9944500350952,160.69449996948242,7.352796486351882,145.98890699677867,175.40009294218618,59.4714283622322
2026-01-21 19:00:00,166.89999389648438,169.99000549316406,154.0,163.99000549316406,3478,153.9606005859375,160.11395008087158,161.17600021362304,7.230441247538769,146.7151177185455,175.63688270870057,59.4363323438502
2026-01-22 19:00:00,164.99000549316406,173.00999450683594,164.0,169.1199951171875,20604,154.36080047607422,160.28455005645753,161.95849990844727,7.199359807609532,147.5597802932282,176.35721952366634,59.128751855737086
2026-01-25 19:00:00,168.6999969482422,168.6999969482422,160.14999389648438,164.66000366210938,516,154.70420043945313,160.47085006713868,162.64150009155273,6.738203994795969,149.1650921019608,176.11790808114466,51.517450823395826
2026-01-26 19:00:00,164.39999389648438,165.0,160.60000610351562,164.66000366210938,36,155.22500061035157,160.63860008239746,163.3870002746582,6.023780243544513,151.33943978756918,175.4345607617472,52.505417626240785
2026-01-27 19:00:00,164.66000366210938,169.89999389648438,160.61000061035156,167.8699951171875,11103,155.68260040283204,160.82240005493165,164.1095001220703,5.618337604012039,152.87282491404622,175.34617533009438,51.06755639019139
2026-01-28 19:00:00,164.0,172.75,161.0,167.99000549316406,13021,156.06960052490234,161.0068000793457,164.83800048828124,5.0779567247916475,154.68208703869794,174.99391393786453,51.95413294614647
2026-01-29 19:00:00,165.0,169.0,161.11000061035156,166.9499969482422,8308,156.4486004638672,161.1983000946045,165.62550048828126,3.9469475812063965,157.73160532586846,173.51939565069407,44.94903597914459
2026-02-01 19:00:00,169.0,178.0,161.0,166.38999938964844,8887,156.81640045166014,161.35155006408692,166.10300064086914,3.3625550783690947,159.37789048413094,172.82811079760734,49.713275329608905
2026-02-02 19:00:00,161.00999450683594,169.0,161.00999450683594,168.69000244140625,697,157.1942004394531,161.5283000946045,166.40450057983398,3.307480057644143,159.7895404645457,173.01946069512226,45.72038923110345
2026-02-03 19:00:00,162.10000610351562,171.0,162.10000610351562,170.9499969482422,10584,157.57440032958985,161.70575004577637,166.88100051879883,3.23731769587869,160.40636512704145,173.3556359105562,56.61008911602592
2026-02-05 19:00:00,167.0,167.0,158.0,164.92999267578125,12136,157.91000030517577,161.86474998474122,166.80100021362304,3.2660898867860566,160.26882044005092,173.33317998719517,46.47917543050509
2026-02-08 19:00:00,162.0,171.0,158.02000427246094,170.60000610351562,6690,158.3620004272461,162.05209999084474,167.0525001525879,3.3586618395335552,160.3351764735208,173.769823831655,56.80801013134001
2026-02-09 19:00:00,162.11000061035156,187.0,162.11000061035156,182.88999938964844,17851,159.02120056152344,162.3008999633789,167.56699981689454,4.752223520634205,158.06255277562613,177.07144685816294,73.0906396236642
2026-02-10 19:00:00,171.0,184.0,168.00999450683594,170.63999938964844,5119,159.5020004272461,162.4218999481201,167.7650001525879,4.795619719891168,158.17376071280557,177.35623959237023,53.81274969141832
2026-02-11 19:00:00,166.0,170.97000122070312,163.10000610351562,166.30999755859375,1458,159.865400390625,162.54524993896484,167.44550018310548,4.660486963622471,158.12452625586053,176.76647411035043,51.94499672130476
2026-02-12 19:00:00,162.2100067138672,169.0,161.85000610351562,166.10000610351562,8196,160.15440063476564,162.68180000305176,167.479500579834,4.647394354242719,158.18471187134855,176.77428928831944,47.24050717625965
2026-02-15 19:00:00,162.60000610351562,169.0,155.1699981689453,163.6300048828125,1622,160.44680084228514,162.8052500152588,167.25550079345703,4.7227600100613865,157.80998077333425,176.70102081357982,49.023327740663724
2026-02-16 19:00:00,159.0,168.0,155.1999969482422,166.1199951171875,919,160.8376007080078,163.00959999084472,167.35100021362305,4.677025124602211,157.99694996441863,176.70505046282747,51.32197702173424
2026-02-17 19:00:00,168.99000549316406,182.72999572753906,162.0,175.41000366210938,20049,161.31100067138672,163.2671500015259,168.20750045776367,4.49332447844891,159.22085150086585,177.1941494146615,56.150086698770686
2026-02-18 19:00:00,170.00999450683594,179.89999389648438,162.0500030517578,163.80999755859375,3989,161.62580047607423,163.52169998168947,168.08550033569335,4.581529712444922,158.92244091080352,177.2485597605832,47.12832706216372
2026-02-19 19:00:00,159.0,165.0,159.0,163.80999755859375,3,161.9406002807617,163.76054996490478,168.07649993896484,4.590167417330191,158.89616510430446,177.25683477362523,47.811542271245266
2026-02-22 19:00:00,163.94000244140625,163.9499969482422,158.0,158.08999633789062,1019,162.14100006103516,163.95604995727538,167.525,5.093243356060412,157.33851328787918,177.71148671212083,44.60337967255714
2026-02-23 19:00:00,154.0,164.5,150.0,155.1300048828125,674,162.18560028076172,164.1367499923706,167.04850006103516,5.775483966503009,155.49753212802915,178.59946799404116,41.25838190727787
2026-02-24 19:00:00,160.0,162.5,155.1300048828125,155.1300048828125,116,162.250400390625,164.32320003509523,166.5720001220703,6.347700181658456,153.8765997587534,179.2674004853872,39.49535762000186
2026-02-25 19:00:00,153.0,170.63999938964844,140.1999969482422,145.25,14370,162.13260040283203,164.5166000366211,165.44100036621094,7.923756231709252,149.59348790279245,181.28851282962944,37.569484736392674
2026-02-26 19:00:00,148.00999450683594,159.77999877929688,148.00999450683594,159.6699981689453,3056,162.27900024414063,164.80880001068115,165.025,8.000915265739556,149.0231694685209,181.0268305314791,43.78340952314499
2026-03-01 19:00:00,155.0,160.0,144.0500030517578,159.6699981689453,57,162.47240020751954,165.05395000457764,164.66100006103517,8.073995844196284,148.5130083726426,180.80899174942775,34.64691700606478
2026-03-02 19:00:00,147.0,173.88999938964844,144.0,157.97999572753906,2154,162.64279998779296,165.28879997253418,164.2404998779297,8.197267648417021,147.84596458109564,180.63503517476374,40.270516340930044
2026-03-03 19:00:00,164.89999389648438,165.0,143.5,164.3300018310547,6101,162.8933999633789,165.55644996643068,164.02249984741212,8.13041139105138,147.76167706530936,180.28332262951488,48.52415349322306
2026-03-04 19:00:00,161.0,164.0,155.0500030517578,157.30999755859375,9931,163.03940002441405,165.78899993896485,163.3404998779297,8.090713292654995,147.1590732926197,179.52192646323968,44.051964540307644
2026-03-05 19:00:00,155.0,160.0,143.0,153.27000427246094,268,163.01760009765624,165.99344997406007,162.75750045776368,8.384898135156345,145.987704187451,179.52729672807638,43.135436198915876
2026-03-08 19:00:00,140.00999450683594,150.0,137.9499969482422,153.27000427246094,19,163.01360015869142,166.19790000915526,161.89100036621093,8.427133679188355,145.03673300783421,178.74526772458765,41.19501991044638
2026-03-09 19:00:00,156.0,168.60000610351562,138.0,164.86000061035156,6048,163.29080017089845,166.45970001220704,160.9895004272461,6.885981253148842,147.21753792094842,174.76146293354378,42.991894212222235
2026-03-10 19:00:00,155.02999877929688,164.0,155.02999877929688,162.99000549316406,631,163.55560028076172,166.65590003967284,160.60700073242188,6.524697163854707,147.55760640471246,173.6563950601313,49.374433819477375
2026-03-11 19:00:00,157.0,157.0,146.69000244140625,155.0,1409,163.5872003173828,166.75025001525879,160.0415008544922,6.494452169658086,147.05259651517602,173.03040519380838,44.00924948670453
2026-03-12 19:00:00,146.0,157.0,145.52000427246094,155.0,14,163.6188003540039,166.77654998779298,159.48650054931642,6.423357905800006,146.6397847377164,172.33321636091642,47.72157760718057
2026-03-15 19:00:00,151.00999450683594,165.0,145.00999450683594,159.75,225,163.78980041503905,166.8977500152588,159.2925003051758,6.349799378672265,146.59290154783127,171.9920990625203,53.31896171842013
2026-03-16 19:00:00,156.0,158.0,151.0500030517578,159.75,9,163.84800048828126,166.9638999938965,158.9740005493164,6.1457938954918045,146.6824127583328,171.2655883403,53.31896171842013
2026-03-17 19:00:00,162.97999572753906,163.0,151.00999450683594,159.75,40,163.78980041503905,167.04625,158.19100036621094,4.7894789333128145,148.6120424995853,167.7699582328366,62.13998635600604
2026-03-18 19:00:00,156.0,167.99000549316406,151.0500030517578,159.75,20,163.75640045166017,167.11529998779298,157.98800048828124,4.621894302929902,148.74421188242144,167.23178909414105,50.08830223583349
2026-03-23 19:00:00,170.88999938964844,170.88999938964844,155.07000732421875,163.97000122070312,2685,163.70520050048827,167.15675003051757,157.99600067138672,4.632628189035246,148.73074429331623,167.2612570494572,54.34168283598991
2026-03-24 19:00:00,160.25,172.0,151.1999969482422,157.17999267578125,164,163.53740020751954,167.18665000915527,157.95050048828125,4.636123967220864,148.6782525538395,167.222748422723,49.267664866547086
2026-03-25 19:00:00,161.0,172.0,153.02000427246094,157.17999267578125,6237,163.22899993896485,167.14094993591308,158.0529998779297,4.592944404080087,148.86711106976952,167.23888868608987,42.59373469814185
2026-03-26 19:00:00,167.89999389648438,172.8000030517578,165.0,172.77999877929688,608,163.35100006103517,167.20289993286133,158.9354995727539,5.589332463449846,147.7568346458542,170.1141644996536,63.60598026369117
2026-03-29 19:00:00,168.0,168.0,156.0500030517578,164.44000244140625,1030,163.18580017089843,167.17244995117187,159.8949996948242,4.691346759517008,150.5123061757902,169.2776932138582,59.1332759579661
2026-03-30 19:00:00,165.0,165.0,161.5,164.8300018310547,1040,163.17400024414061,167.13884994506836,160.1529998779297,4.818485744073109,150.51602838978346,169.78997136607592,59.392261905647445
2026-03-31 19:00:00,172.8300018310547,172.8300018310547,172.8300018310547,164.8300018310547,1,163.10840026855467,167.1236999511719,160.41100006103517,4.9281579091875996,150.55468424265996,170.26731587941038,49.96997119923361
2026-04-01 19:00:00,164.0,164.0,164.0,164.8300018310547,100,163.12080017089843,167.0322999572754,160.75350036621094,4.987984154434577,150.7775320573418,170.72946867508008,51.913473048951246
2026-04-02 19:00:00,161.0,169.0,155.00999450683594,165.00999450683594,522,163.25540008544922,166.86874992370605,160.7875,5.015885253829534,150.75572949234092,170.81927050765907,62.42859876436787
2026-04-05 19:00:00,161.0,165.0500030517578,156.0500030517578,165.00999450683594,108,163.23059997558593,166.76954986572267,161.1724998474121,5.03040718082084,151.1116854857704,171.2333142090538,62.42859876436787
2026-04-06 19:00:00,162.00999450683594,163.0,162.0,162.0800018310547,162,163.19239990234374,166.65199989318847,161.6129997253418,4.675176621382362,152.26264648257708,170.96335296810653,53.029911594259836
2026-04-07 19:00:00,158.00999450683594,174.88999938964844,158.0,165.72000122070312,3461,163.12440002441406,166.56939987182616,162.2354995727539,4.3213059632770126,153.59288764619987,170.87811149930792,57.09194789752068
2026-04-08 19:00:00,164.0,164.0,158.05999755859375,165.72000122070312,7,163.14559997558592,166.53604988098144,162.27849960327148,4.352958977417632,153.57258164843623,170.98441755810674,57.09194789752068
2026-04-09 19:00:00,168.9499969482422,171.89999389648438,158.0500030517578,162.0,609,163.09239990234374,166.3978998565674,162.22899932861327,4.350070181989091,153.52885896463508,170.92913969259146,52.45579580867922
2026-04-12 19:00:00,162.0,162.0,160.05999755859375,160.05999755859375,383,162.9361999511719,166.2429998779297,162.48199920654298,4.043871645348272,154.39425591584643,170.56974249723953,45.50884014270982
2026-04-13 19:00:00,160.60000610351562,160.60000610351562,160.60000610351562,160.60000610351562,236,162.7883999633789,166.10049987792968,162.76199951171876,3.6756570647274716,155.4106853822638,170.1133136411737,54.58692803074023
2026-04-14 19:00:00,152.0,165.5,152.0,160.0,410,162.64940002441406,165.95994987487794,162.77449951171874,3.6652853521159474,155.44392880748686,170.10507021595063,53.722290074859906
2026-04-15 19:00:00,160.0,164.0,158.0,158.0399932861328,824,162.48239990234376,165.8101498413086,162.6889991760254,3.7583154351519896,155.17236830572142,170.20563004632936,19.59570513026307
2026-04-16 19:00:00,160.0,169.69000244140625,159.0,159.5800018310547,452,162.30019989013672,165.66584983825683,162.6804992675781,3.7654975672994055,155.1495041329793,170.21149440217692,36.066526152960456
2026-04-19 19:00:00,164.88999938964844,164.88999938964844,157.39999389648438,159.5800018310547,103,162.07279998779296,165.53779983520508,162.67199935913087,3.7726458681656356,155.1267076227996,170.21729109546214,34.604122105979116
2026-04-20 19:00:00,158.0,163.89999389648438,155.60000610351562,158.02999877929688,688,161.9348001098633,165.4026498413086,162.37499923706054,3.8968506797527707,154.581297877555,170.16870059656608,31.720442898149344
2026-04-21 19:00:00,163.0,163.0,157.0399932861328,158.02999877929688,125,161.68339996337892,165.26099983215332,162.41749954223633,3.8414516819675346,154.73459617830125,170.1004029061714,31.720442898149344
2026-04-22 19:00:00,164.9499969482422,164.9499969482422,154.0500030517578,156.4600067138672,167,161.1548001098633,165.02089988708497,162.38150024414062,3.8961019190411843,154.58929640605825,170.173704082223,28.61435988721179
2026-04-23 19:00:00,159.88999938964844,159.88999938964844,141.0500030517578,156.4600067138672,112,160.87120025634766,164.69869995117188,161.56550064086915,3.2608587817856995,155.04378307729775,168.08721820444055,28.61435988721179
2026-04-26 19:00:00,159.9499969482422,159.9499969482422,158.0,156.4600067138672,7,160.67420043945313,164.40110000610352,161.1665008544922,3.3767789927137444,154.41294286906472,167.92005883991968,33.528763575022865
2026-04-27 19:00:00,163.0,163.0,155.27999877929688,159.67999267578125,686,160.54580017089845,164.15934997558594,160.90900039672852,3.2776148933425766,154.35377061004337,167.46423018341366,31.850951839489426
2026-04-29 19:00:00,148.5800018310547,152.99000549316406,137.0,148.5800018310547,143,160.2448001098633,163.87205001831055,160.09650039672852,4.151976427124665,151.79254754247918,168.40045325097785,19.105991356288257
