Date,Open,High,Low,Close,Volume,SMA_50,SMA_200,SMA_20,STD_20,BBL_20_2.0,BBU_20_2.0,RSI_14
2014-05-13 19:00:00,8.78317642211914,8.78317642211914,8.78317642211914,8.78317642211914,1191210,,,,,,,
2014-05-14 19:00:00,9.22144889831543,9.22144889831543,9.22144889831543,9.22144889831543,1877059,,,,,,,
2014-05-15 19:00:00,9.681929588317871,9.681929588317871,9.681929588317871,9.681929588317871,405400,,,,,,,
2014-05-18 19:00:00,10.164618492126465,10.164618492126465,10.164618492126465,10.164618492126465,141612,,,,,,,
2014-05-19 19:00:00,10.672479037479834,10.672479037479834,9.969173056693359,10.035801887512207,76184723,,,,,,,
2014-05-20 19:00:00,9.949924820953429,10.080222230351188,9.535345077514648,9.535345077514648,26528733,,,,,,,
2014-05-21 19:00:00,9.262906948692626,9.550151914545829,9.11336278246111,9.147417068481445,36511022,,,,,,,
2014-05-22 19:00:00,9.175548372078461,9.320650967422525,9.142974608126014,9.197757720947266,11334549,,,,,,,
2014-05-25 19:00:00,9.2791925882507,9.311767133852715,9.12076376852003,9.142973899841309,6433648,,,,,,,
2014-05-26 19:00:00,9.177029145450229,9.221448628593555,9.10743927533657,9.128168106079102,4650997,,,,,,,
2014-05-27 19:00:00,9.135571541753665,9.584206363906508,9.048213093657013,9.53386402130127,32562534,,,,,,,
2014-05-28 19:00:00,9.683408960022177,10.009150505065918,9.683408960022177,10.009150505065918,26909143,,,,,,,
2014-05-29 19:00:00,10.253456516879863,10.379311579604419,10.023957307705569,10.066895484924316,29066650,,,,,,,
2014-06-01 19:00:00,10.09798947016753,10.548104809726638,9.96769284196115,10.386714935302734,32509776,,,,,,,71.22699652931199
2014-06-02 19:00:00,10.408924463520057,10.549585498949648,9.86848888589591,10.157215118408203,27625535,,,,,,,67.14710350215151
2014-06-03 19:00:00,10.15721557086615,10.348218170157207,10.127602843799705,10.228286743164062,12411915,,,,,,,63.832395928104546
2014-06-04 19:00:00,10.441625072707795,10.73909828014565,10.404065255976988,10.734591484069824,34520118,,,,,,,64.28212091428678
2014-06-05 19:00:00,10.889338321030221,11.27094554901123,10.824734545207784,11.27094554901123,15144202,,,,,,,64.79478539891291
2014-06-08 19:00:00,11.643539576983388,11.834342401708252,11.503816958835133,11.726170539855957,46121232,,,,,,,70.79012028261276
2014-06-09 19:00:00,11.876409705760498,12.312103271484375,11.793778743623891,12.312103271484375,27886546,,,10.023228740692138,0.9238128581666787,8.17560302435878,11.870854457025496,83.44852590121087
2014-06-10 19:00:00,12.845453634665281,12.926582336425781,12.740286298058898,12.926582336425781,4864804,,,10.230399036407471,1.0821157507375934,8.066167534932283,12.394630537882659,93.16733108524703
2014-06-11 19:00:00,13.57261113232243,13.57261113232243,12.629108116234482,13.230064392089844,49667097,,,10.430829811096192,1.2444630509406145,7.941903709214963,12.919755912977422,93.54086241014159
2014-06-12 19:00:00,13.079826107193504,13.438896975927138,12.807892996596943,12.934094429016113,17795965,,,10.593438053131104,1.34949758319767,7.894442886735764,13.292433219526444,88.90985251897004
2014-06-15 19:00:00,12.860477419036975,12.905549360447141,12.288064956665039,12.288064956665039,14799889,,,10.699610376358033,1.396690707123985,7.906228962110063,13.492991790606002,78.71122060849149
2014-06-16 19:00:00,12.019138086969047,12.164870576092023,11.675089836120605,11.675089836120605,18243016,,,10.781574773788453,1.4037676542189428,7.974039465350567,13.589110082226338,68.74921503813245
2014-06-17 19:00:00,11.493299490518142,11.936504355733943,11.153758092204278,11.23188304901123,18787252,,,10.866401672363281,1.3754709422406386,8.115459787882005,13.617343556844558,60.76710211131702
2014-06-18 19:00:00,11.320525083439287,11.365597025746702,10.671491501286889,10.701539993286133,16829668,,,10.944107818603516,1.3158545821831176,8.312398654237281,13.575816982969751,55.15913015474607
2014-06-19 19:00:00,10.757127284222895,11.177797399677734,10.742103038935024,10.90135669708252,17571051,,,11.029287767410278,1.2503677115747884,8.528552344260701,13.530023190559854,54.266856241115676
2014-06-22 19:00:00,10.74210402229398,11.44522476196289,10.570832225343803,11.44522476196289,10873615,,,11.144400310516357,1.1710268659256688,8.80234657866502,13.486454042367694,60.149706700879385
2014-06-23 19:00:00,11.913971446278184,12.016134262084961,11.868899498761733,12.016134262084961,3251533,,,11.288798618316651,1.084155864883632,9.120486888549387,13.457110348083916,63.05971220194962
2014-06-24 19:00:00,12.603568679257396,12.615588394979802,12.252009101744164,12.549482345581055,30460561,,,11.43957953453064,1.035865139931253,9.367849254668133,13.511309814393147,63.20508438329328
2014-06-25 19:00:00,12.842449867782783,13.175980674657607,12.590047767495381,13.118889808654785,32729137,,,11.595066499710082,1.0432173673683576,9.508631764973368,13.681501234446797,63.38121736200022
2014-06-26 19:00:00,13.145931797616585,13.145931797616585,12.463845202186933,12.492390632629395,18109733,,,11.716341257095337,0.9961367389098053,9.724067779275726,13.708614734914947,55.41401325390121
2014-06-29 19:00:00,12.454832206614423,12.49239123149999,11.86889852819762,11.889932632446289,13705864,,,11.791502141952515,0.945981091589534,9.899539958773447,13.683464325131583,47.02394622157516
2014-06-30 19:00:00,11.870401266340942,12.483376502990723,11.79678389270284,12.483376502990723,6186520,,,11.90781021118164,0.8747922762165394,10.158225658748561,13.65739476361472,46.86636705988652
2014-07-01 19:00:00,13.106869992783782,13.106869992783782,12.774841474171216,12.83643913269043,27328427,,,12.03821783065796,0.802673121314201,10.432871588029558,13.643564073286361,47.23629698909801
2014-07-02 19:00:00,12.837942009330666,13.025741116156558,12.651645168048743,12.79587459564209,13017238,,,12.141281986236573,0.7575429941813,10.626195997873973,13.656367974599172,48.99343727828174
2014-07-03 19:00:00,12.845453257760505,12.958132714180762,12.695213982533497,12.711740493774414,5150805,,,12.213321733474732,0.7386936999242458,10.73593433362624,13.690709133323224,53.360350921037615
2014-07-06 19:00:00,12.845453719223636,13.024238431338823,12.770334078911517,12.842449188232422,7874763,,,12.269135665893554,0.7421122213226494,10.784911223248255,13.753360108538853,60.02581017595181
2014-07-07 19:00:00,12.911556801348986,13.010715861805865,12.860476597167557,12.97165298461914,10476544,,,12.302113151550293,0.7585933835054496,10.784926384539393,13.819299918561192,65.79378468318514
2014-07-08 19:00:00,12.99719436101511,13.108371548252114,12.785357435661501,12.827424049377441,9721278,,,12.297155237197876,0.7546108326635053,10.787933571870866,13.806376902524885,70.75388380437144
2014-07-09 19:00:00,12.822918783713067,12.845454358651903,12.3526698756062,12.49990463256836,9210362,,,12.260647249221801,0.724149004331425,10.812349240558952,13.70894525788465,65.22613300864461
2014-07-10 19:00:00,12.469855691652036,12.656152529536083,12.42478374769759,12.516429901123047,3718021,,,12.23976402282715,0.7095816153183213,10.820600792190506,13.658927253463792,61.34267347148982
2014-07-13 19:00:00,12.581034051146792,13.141426086425781,12.489387889249711,13.141426086425781,18181928,,,12.282432079315186,0.7377371355774862,10.806957808160213,13.757906350470158,61.7804462527136
2014-07-14 19:00:00,13.363780194782342,13.411855874561905,12.771836651047016,12.938602447509766,34564545,,,12.345607709884643,0.7370901997492868,10.87142731038607,13.819788109383216,54.37648717458068
2014-07-15 19:00:00,13.085836489282451,13.281147719179652,12.96564490198483,12.988182067871094,15624574,,,12.433422660827636,0.7011654644377581,11.03109173195212,13.835753589703152,48.33525044061077
2014-07-16 19:00:00,13.02574020765883,13.141424194773766,12.923577405188048,12.986678123474121,10065591,,,12.547679567337036,0.5797734757735207,11.388132615789996,13.707226518884077,57.4874967134631
2014-07-17 19:00:00,13.01071714158854,13.099357966339976,12.831932430910676,12.899539947509766,7697053,,,12.647588729858398,0.4353098291596765,11.776969071539046,13.51820838817775,68.12298809410498
2014-07-20 19:00:00,12.89052684660084,12.965645698121488,12.71023905673835,12.741789817810059,9690734,,,12.712416982650756,0.3308314077221651,12.050754167206426,13.374079798095087,55.49876617367729
2014-07-21 19:00:00,12.755310564761878,13.010717181413254,12.666668944047654,12.771836280822754,9807356,11.496373023986816,,12.750202083587647,0.2874301503572734,12.175341782873101,13.325062384302193,48.40622386977437
2014-07-22 19:00:00,12.78685936620292,12.94461156039737,12.695214012821298,12.704228401184082,6505842,11.574794063568115,,12.757939386367799,0.2838025244236753,12.190334337520447,13.32554443521515,47.76882606696912
2014-07-23 19:00:00,12.672677784935996,12.830428379596249,12.627605845451036,12.653146743774414,7130603,11.643428020477295,,12.734652233123779,0.2714661988248752,12.191719835474029,13.277584630773529,48.5501719782979
2014-07-27 19:00:00,12.732774584054493,12.732774584054493,12.514926985030563,12.550985336303711,3176561,11.700809135437012,,12.737581968307495,0.26901919555191456,12.199543577203666,13.275620359411324,42.68475177338915
2014-08-03 19:00:00,12.454831362630596,12.454831362630596,11.924487113952637,11.924487113952637,9449160,11.736006507873535,,12.739309692382813,0.26333982137508605,12.21263004963264,13.265989335132986,28.968019708939934
2014-08-04 19:00:00,11.868898691001723,12.18440150645321,11.741195776702972,11.951530456542969,10568176,11.77432107925415,,12.712717390060424,0.31276026509699245,12.08719685986644,13.338237920254409,31.538956008636745
2014-08-05 19:00:00,11.995099346156419,12.014630388183885,11.66757763230064,11.71114730834961,7122273,11.81783712387085,,12.656452798843384,0.38272445492324947,11.891003888996885,13.421901708689884,32.74159043996558
2014-08-06 19:00:00,11.696122948289059,12.06420900803574,11.627012373459978,11.92298412322998,9543568,11.87334846496582,,12.612808275222779,0.4144446589538303,11.783918957315118,13.44169759313044,38.0375410284201
2014-08-07 19:00:00,11.868898571291686,11.944019008410008,11.74870778156193,11.84786605834961,3998469,11.926350631713866,,12.569614553451538,0.4473052761081771,11.675004001235184,13.464225105667893,16.498020107175037
2014-08-10 19:00:00,11.255921363830566,11.255921363830566,11.255921363830566,11.255921363830566,680295,11.968609580993652,,12.490288162231446,0.5295010423075311,11.431286077616383,13.549290246846509,13.730530859756414
2014-08-11 19:00:00,10.817223519283232,11.13122324515508,10.694026617017185,10.872811317443848,21827755,12.003502445220947,,12.385346078872681,0.6279171147233994,11.129511849425882,13.64118030831948,10.13584308583387
2014-08-12 19:00:00,10.66698471293065,11.343061460976363,10.66698471293065,11.102678298950195,12056495,12.034878730773926,,12.299108791351319,0.6802625059394521,10.938583779472415,13.659633803230223,17.309683763006092
2014-08-14 19:00:00,11.005023132610852,11.380620531836398,11.005023132610852,11.32803726196289,7483246,12.061256465911866,,12.240515422821044,0.7117946832655752,10.816926056289894,13.664104789352194,23.98008778151761
2014-08-17 19:00:00,11.132726692619318,11.523348332846554,11.132726692619318,11.293481826782227,5814440,12.085788192749023,,12.179368019104004,0.7388592019009519,10.7016496153021,13.657086422905907,24.999975307170573
2014-08-18 19:00:00,11.020046523354715,11.117702530919518,10.893845880649812,11.003520011901855,5983820,12.098124294281005,,12.072472715377808,0.7469543837410176,10.578563947895773,13.566381482859843,21.98954034309608
2014-08-19 19:00:00,10.952439392428,11.266439938294358,10.877319751212896,11.002018928527832,8760535,12.115020370483398,,11.975643539428711,0.7542528190902917,10.467137901248128,13.484149177609295,22.45991565608469
2014-08-20 19:00:00,11.305502411536866,11.493301521005211,10.970468545624055,11.09666919708252,14663830,12.132388019561768,,11.881067895889283,0.7390434629663322,10.402980969956618,13.359154821821948,25.16779881608909
2014-08-21 19:00:00,11.17779702960267,11.260428784567358,11.084648621561225,11.194323539733887,4667657,12.141582660675049,,11.79145016670227,0.7058453927398896,10.379759381222492,13.20314095218205,28.324507595761816
2014-08-24 19:00:00,11.06511911362022,11.252917411863988,11.06511911362022,11.174793243408203,3487553,12.139659614562989,,11.705212831497192,0.6676668681485073,10.369879095200178,13.040546567794207,35.13995392901985
2014-08-25 19:00:00,11.11770217103319,11.35808452928299,10.697032049481757,10.949433326721191,8352358,12.124124870300292,,11.61559500694275,0.6409649637920551,10.333665079358639,12.89752493452686,31.584728911576903
2014-08-26 19:00:00,10.937413664109718,11.003518107094985,10.402561898202343,10.531767845153809,8943798,12.088518161773681,,11.503591585159302,0.6237736479961407,10.256044289167022,12.751138881151583,29.65263995803734
2014-08-27 19:00:00,10.30641147716513,10.644449874527064,10.144152473533516,10.449138641357422,6108772,12.038969287872314,,11.390837097167969,0.5986321456457573,10.193572805876455,12.588101388459483,23.385785468048084
2014-08-28 19:00:00,10.81722514217959,10.970468966767326,10.689521424562118,10.854784965515137,10482098,11.99146369934082,,11.300919008255004,0.5301970567066292,10.240524894841746,12.361313121668262,33.97964241769135
2014-08-31 19:00:00,10.516745340865468,11.012534315080382,10.491204441153508,10.905864715576172,8957681,11.950899105072022,,11.218662977218628,0.44716360109099856,10.32433577503663,12.112990179400626,43.159134578648484
2014-09-01 19:00:00,11.071127639181102,11.449731162498505,11.071127639181102,11.433204650878906,14855424,11.933801898956299,,11.194098854064942,0.41895376779778065,10.35619131846938,12.032006389660504,60.3669042384313
2014-09-02 19:00:00,11.643540677484689,11.658564128658101,11.448228651006827,11.493301391601562,16021644,11.930166130065919,,11.171187400817871,0.38663485859435376,10.397917683629164,11.944457118006579,57.7105908946814
2014-09-03 19:00:00,11.529358506390485,11.557904735449988,11.269444279198359,11.3145170211792,8468980,11.931818809509277,,11.151355886459351,0.3671629971338154,10.41702989219172,11.885681880726981,49.728122146164694
2014-09-04 19:00:00,11.311512085822386,11.568420181263185,11.230381789708934,11.288975715637207,11331773,11.943567523956299,,11.119655466079712,0.3215746955364386,10.476506075006835,11.762804857152588,49.9090571390627
2014-09-07 19:00:00,11.380620853763418,11.395645100261675,11.25291794129414,11.303998947143555,2601781,11.951620368957519,,11.09246211051941,0.27660514246863555,10.539251825582138,11.645672395456682,56.82130824497692
2014-09-08 19:00:00,11.328039117858248,11.565416993142279,11.328039117858248,11.469264030456543,8571718,11.952101154327393,,11.103129243850708,0.287153241380104,10.528822761090499,11.677435726610916,59.87304581232544
2014-09-09 19:00:00,11.560907421906307,11.639031585880783,11.40616056362064,11.425691604614258,7233342,11.940292301177978,,11.130773258209228,0.2904079703331001,10.549957317543027,11.711589198875428,57.10573719204284
2014-09-10 19:00:00,11.49179747826876,11.49179747826876,11.383625614213209,11.436209678649902,2510150,11.918026847839355,,11.147449827194214,0.29818211642520287,10.551085594343808,11.743814060044619,55.42819745219113
2014-09-11 19:00:00,11.419684441218235,11.509828334395412,11.343062529863401,11.412172317504883,2643432,11.883892498016358,,11.151656579971313,0.30143962967748184,10.548777320616349,11.754535839326277,55.31629964528101
2014-09-14 19:00:00,11.403157273986851,11.445224686953297,11.320525509263621,11.40916633605957,2218595,11.86222801208496,,11.157440805435181,0.30538835370765555,10.54666409801987,11.768217512850493,61.43497672750424
2014-09-15 19:00:00,11.50964738203159,11.569023183185973,11.35740330931515,11.386329650878906,2457392,11.852155952453613,,11.176581287384034,0.3072244350999443,10.562132417184145,11.791030157583922,76.4508558929536
2014-09-16 19:00:00,11.387853644565768,11.506603643387377,11.235609560142638,11.264535903930664,4767619,11.827779140472412,,11.189707136154174,0.304973549866974,10.579760036420227,11.799654235888122,74.64119217574148
2014-09-17 19:00:00,11.269102312105282,11.299550966303238,11.11381361127927,11.118380546569824,2793375,11.79341796875,,11.19079270362854,0.3046634304649723,10.581465842698595,11.800119564558486,59.44753133681885
2014-09-18 19:00:00,11.118380409930143,11.22647421952188,11.090976379596006,11.125992774963379,2226925,11.760020332336426,,11.187376165390015,0.3050046954489058,10.577366774492203,11.797385556287827,58.14334511447274
2014-09-21 19:00:00,11.15796509088774,11.212773154228378,10.961569933738405,10.985928535461426,4123421,11.725504093170166,,11.177932929992675,0.30832047104600435,10.561291987900667,11.794573872084683,26.808413003424818
2014-09-22 19:00:00,10.969180882229626,11.534006914204113,10.915895939983379,11.346746444702148,13722524,11.69559003829956,,11.197798585891723,0.3056108458413913,10.58657689420894,11.809020277574506,44.207442565952846
2014-09-23 19:00:00,11.418301793336157,11.6466679098338,11.387853139064978,11.422868728637695,17382234,11.664614353179932,,11.242353630065917,0.2657579404312,10.710837749203517,11.773869510928318,54.66082608799101
2014-09-24 19:00:00,11.494422760830568,11.494422760830568,11.189933827571082,11.215815544128418,4315014,11.63238218307495,,11.280687475204468,0.18974261696665123,10.901202241271166,11.66017270913777,47.278019923954595
2014-09-25 19:00:00,11.197548055959428,11.527917124362402,11.075752632413499,11.377195358276367,6669668,11.60992799758911,,11.30680799484253,0.16194835856333575,10.982911277715857,11.630704711969202,52.45586910222805
2014-09-28 19:00:00,11.30411956530593,11.319343490405025,11.083365797740365,11.11229133605957,1849292,11.581845226287841,,11.317129325866699,0.14016320672304114,11.036802912420617,11.59745573931278,38.773549084849584
2014-09-29 19:00:00,11.113813289252093,11.263011932391747,11.084886947655809,11.185367584228516,3218212,11.542724056243896,,11.30473747253418,0.1403164245106072,11.024104623512965,11.585370321555395,42.57973899319215
2014-09-30 19:00:00,11.235607469718447,11.267577624918585,11.113812063578559,11.122946739196777,2593451,11.506410942077636,,11.28621973991394,0.1385486180080337,11.009122503897874,11.563316975930007,40.62805284445216
2014-10-01 19:00:00,11.188412851103303,11.227995374159233,11.11381312746486,11.129037857055664,2404635,11.469228057861327,,11.276945781707763,0.14270026622673762,10.991545249254287,11.562346314161239,41.437467626032074
2014-10-02 19:00:00,11.159484959428239,11.189933610270158,11.113812386319914,11.133604049682617,1230084,11.432166576385498,,11.269177198410034,0.14619724756985006,10.976782703270334,11.561571693549734,41.67432152238081
2014-10-08 19:00:00,11.14426071353626,11.218859623724446,11.048347022699506,11.122946739196777,2451839,11.396634712219239,,11.260124588012696,0.14949579586761474,10.961132996277467,11.559116179747924,41.983302283700944
2014-10-09 19:00:00,11.1229470622034,11.250831718263106,11.037689549751454,11.133604049682617,3676370,11.364470996856689,,11.243341588974,0.14350236120534746,10.956336866563305,11.530346311384694,45.725589921642666
2014-10-12 19:00:00,11.13056016241545,11.167098871012145,10.96309215642623,11.01942253112793,3754118,11.329422721862793,,11.223028135299682,0.14507731405553279,10.932873507188617,11.513182763410747,46.70052892017483
2014-10-13 19:00:00,11.036169790736881,11.037691296264255,10.931121404609353,10.946345329284668,2371314,11.294265060424804,,11.19853491783142,0.14850301515599193,10.901528887519436,11.495540948143404,44.260718764433975
2014-10-14 19:00:00,10.958523403130902,10.96156883277232,10.582480975538525,10.605318069458008,3334834,11.253308486938476,,11.158192205429078,0.19094286366032112,10.776306478108436,11.54007793274972,39.224135836169744
2014-10-15 19:00:00,10.620542982921677,10.620542982921677,10.322144066636996,10.436327934265137,4509384,11.211015338897704,,11.109550285339356,0.240996140000786,10.627558005337784,11.591542565340928,21.083218784095934
2014-10-16 19:00:00,10.465252936781608,10.625109363409793,10.415011815695332,10.44546127319336,1785427,11.181434822082519,,11.062506866455077,0.2737314650363925,10.515043936382293,11.609969796527862,17.575723062710793
2014-10-19 19:00:00,10.488091442149784,10.488091442149784,10.322144134105882,10.338891983032227,1468882,11.149182052612305,,11.016224670410157,0.3131849393251086,10.389854791759939,11.642594549060375,18.831170151823812
2014-10-20 19:00:00,10.425669231674345,10.425669231674345,10.276470592825547,10.306920051574707,852451,11.121097507476806,,10.9756516456604,0.3496889693714922,10.276273706917417,11.675029584403385,8.104774554623035
2014-10-21 19:00:00,10.44393972988967,10.472866071593472,10.316055062964747,10.34954833984375,1943700,11.089628791809082,,10.936829423904419,0.3743502952171979,10.188128833470023,11.685530014338815,13.852687069849182
2014-10-22 19:00:00,10.338891538286038,10.865654945373535,10.337368420224273,10.865654945373535,10709788,11.069984569549561,,10.930815744400025,0.3744860705630757,10.181843603273874,11.679787885526176,39.329241703053576
2014-10-23 19:00:00,11.083364869256501,11.407644686828984,10.96156944712059,11.151874542236328,25376396,11.067903633117675,,10.921072149276734,0.36552243905475246,10.190027271167228,11.65211702738624,50.84000777615743
2014-10-26 19:00:00,11.121425377282982,11.288894187955387,10.908283987617386,10.935688018798828,5989373,11.069161167144776,,10.89671311378479,0.34603566746338205,10.204641778858026,11.588784448711554,44.996050981824645
2014-10-27 19:00:00,10.94634531167044,11.28128294231767,10.832162248397767,11.179278373718262,10137785,11.070693168640137,,10.894886255264282,0.344354697552937,10.206176860158408,11.583595650370157,51.05192063976665
2014-10-28 19:00:00,11.357402675601302,11.608605865352441,11.220383340325501,11.319341659545898,30363376,11.070519256591798,,10.89199357032776,0.34030914456846034,10.211375281190838,11.572611859464681,54.26870750414465
2014-10-29 19:00:00,11.416780251009333,11.646668694767618,11.319343421941872,11.404600143432617,19614713,11.072741622924804,,10.90660901069641,0.35617545461411904,10.194258101468172,11.618959919924649,55.70517175747237
2014-10-30 19:00:00,11.760850698992463,11.760850698992463,11.435047767448593,11.547708511352539,20994740,11.083625392913818,,10.924726057052613,0.37954930440224544,10.165627448248122,11.683824665857104,60.98796209312954
2014-11-04 19:00:00,11.509646856650035,11.61621754142507,11.304117851650139,11.403076171875,14166798,11.091646537780761,,10.938732528686524,0.39220695285851054,10.154318622969503,11.723146434403544,59.225074978763246
2014-11-05 19:00:00,11.476154055258188,11.476154055258188,11.243220205737272,11.282803535461426,5356282,11.09536922454834,,10.946420812606812,0.39760375203707454,10.151213308532663,11.741628316680961,65.02364167685661
2014-11-06 19:00:00,11.29802793638475,11.517259361507543,11.227995149240943,11.473108291625977,8144104,11.100944919586182,,10.963396024703979,0.412966489582498,10.137463045538983,11.789329003868975,72.77591157656036
2014-11-09 19:00:00,11.540097075626592,11.753237652918727,11.540097075626592,11.585769653320312,16535336,11.109164447784424,,10.986537170410156,0.43476959169885204,10.116997987012452,11.85607635380786,73.96034889891004
2014-11-10 19:00:00,11.642097855639756,11.69233897183198,11.524870197142649,11.632963180541992,7061185,11.12283504486084,,11.011505126953125,0.45740902471772193,10.09668707751768,11.92632317638857,77.88708473495049
2014-11-11 19:00:00,11.639054754735861,12.132326502382634,11.639054754735861,12.037934303283691,24660004,11.152958374023438,,11.062430715560913,0.5118009049170295,10.038828905726854,12.086032525394971,82.1367893026329
2014-11-12 19:00:00,12.20489278760173,12.35020755184184,12.073490781979054,12.118321418762207,14211226,11.186342029571533,,11.12102952003479,0.5624016228212987,9.996226274392193,12.245832765677388,82.38377016463457
2014-11-13 19:00:00,12.136873107601359,12.177066433733616,11.798321377876652,11.870978355407715,4809270,11.206665897369385,,11.184312534332275,0.5724364492026148,10.039439635927046,12.329185432737503,70.41520708839893
2014-11-16 19:00:00,12.027113406974571,12.135326381220327,11.872523209842171,11.985373497009277,11934320,11.228256072998047,,11.261764812469483,0.5706979510514802,10.120368910366523,12.403160714572444,68.19574246603862
2014-11-17 19:00:00,11.988464669440058,12.583637237548828,11.942088266717484,12.583637237548828,31157516,11.251264724731445,,11.368673610687257,0.6087360629584034,10.15120148477045,12.586145736604063,80.8322348160165
2014-11-18 19:00:00,12.76914608011509,13.212820053100586,12.668662770024872,13.212820053100586,21550083,11.285655097961426,,11.512370014190674,0.6870258198392242,10.138318374512226,12.886421653869123,83.24912640706546
2014-11-19 19:00:00,13.603933532611219,13.603933532611219,12.552721517770912,12.73668384552002,32740244,11.314098434448242,,11.63385820388794,0.6774072943325716,10.279043615222797,12.988672792553082,70.8794338157839
2014-11-20 19:00:00,12.970114871119526,13.217458728718485,12.830983183656295,12.94383430480957,8402338,11.34719560623169,,11.763572502136231,0.6668386445952997,10.429895212945631,13.097249791326831,71.88897893997932
2014-11-23 19:00:00,13.169536734067231,13.214368195462486,12.5527224047824,12.660935401916504,8321814,11.374334335327148,,11.853336524963378,0.6604087418475793,10.53251904126822,13.174154008658537,65.22551786583996
2014-11-24 19:00:00,12.59136664941206,12.676391422723896,12.320833800796445,12.571269989013672,8246842,11.396374454498291,,11.924306297302246,0.657319108346072,10.609668080610103,13.23894451399439,66.22119107777547
2014-11-25 19:00:00,12.599097776434567,13.031949729161632,12.599097776434567,12.755233764648438,11559463,11.422965297698974,,12.015283584594727,0.638948017533012,10.737387549528702,13.293179619660751,70.09037026434441
2014-11-26 19:00:00,12.830982355818126,12.892818111544619,12.506342591417324,12.53107738494873,5700595,11.444862651824952,,12.08287353515625,0.616979369978864,10.848914795198521,13.316832275113978,64.30318453664898
2014-11-27 19:00:00,12.37494289668231,12.552721318102853,12.065761645052916,12.122960090637207,4823153,11.459078407287597,,12.123054456710815,0.5902248988990995,10.942604658912616,13.303504254509013,56.72526265996056
2014-11-30 19:00:00,11.911170959472656,11.911170959472656,11.911170959472656,11.911170959472656,9885104,11.46911849975586,,12.148382997512817,0.5682304254103837,11.011922146692049,13.284843848333585,53.34511354410813
2014-12-01 19:00:00,12.490883827209473,12.490883827209473,12.490883827209473,12.490883827209473,24362895,11.49120958328247,,12.195541763305664,0.5547331509775498,11.086075461350564,13.305008065260765,55.226546939134835
2014-12-02 19:00:00,12.361027717590332,12.361027717590332,12.361027717590332,12.361027717590332,14538878,11.513139419555664,,12.243439340591431,0.523165910905758,11.197107518779916,13.289771162402946,52.76895638841464
2014-12-03 19:00:00,12.483154296875,12.483154296875,12.483154296875,12.483154296875,15455194,11.540434894561768,,12.303456878662109,0.4736725967313475,11.356111685199414,13.250802072124804,57.18952659846966
2014-12-04 19:00:00,12.40740637567241,12.676393497315335,12.259000054888451,12.299193382263184,6839048,11.563898906707763,,12.34476113319397,0.4316045596041118,11.481552013985747,13.207970252402193,53.62631491714656
2014-12-07 19:00:00,12.328563587664554,12.34866106698205,12.098224057731489,12.138418197631836,5331292,11.586948699951172,,12.372393560409545,0.3967370693285841,11.578919421752378,13.165867699066713,44.27664286337776
2014-12-08 19:00:00,12.135326723095323,12.135326723095323,11.965277173965216,12.064214706420898,4059557,11.601298065185548,,12.39395613670349,0.3648737176537774,11.664208701395935,13.123703572011046,32.77701351927219
2014-12-09 19:00:00,12.135326989204321,12.166244866432873,11.90344086315352,11.925084114074707,3057162,11.611342372894287,,12.388313627243042,0.37148184317232624,11.64534994089839,13.131277313587693,36.462088234788816
2014-12-10 19:00:00,11.980736960690232,12.115230506412185,11.687015075858575,11.739575386047363,5539546,11.621817569732666,,12.3693763256073,0.3948863608293502,11.5796036039486,13.159149047266,29.766239875965454
2014-12-11 19:00:00,11.671557217031673,11.903441722350694,11.594262109013757,11.745759963989258,1563290,11.629188861846924,,12.363115406036377,0.40408977434756765,11.554935857341242,13.171294954731511,33.046976166542706
2014-12-14 19:00:00,11.62672497505616,11.82460004523659,11.59580627894763,11.719478607177734,9240906,11.641332607269288,,12.3498206615448,0.4211842166846344,11.507452228175532,13.192189094914069,33.841678962530594
2014-12-15 19:00:00,11.671555856341179,11.717933079492134,11.133581705259344,11.289717674255371,3690253,11.643419609069824,,12.285124683380127,0.478812319232801,11.327500044914526,13.242749321845729,24.570823014364535
2014-12-16 19:00:00,11.308268808149649,11.430395361966715,10.867687225520953,11.017640113830566,5114708,11.6413134765625,,12.175365686416626,0.5058042678791014,11.163757150658423,13.186974222174829,24.16888795711162
2014-12-17 19:00:00,11.286626765765014,11.334550584799379,11.153679800605973,11.200057029724121,4667657,11.64273386001587,,12.098534345626831,0.5320768144098689,11.034380716807092,13.16268797444657,32.933127439928555
2014-12-18 19:00:00,11.20778476227256,11.33764099078785,10.98362913252588,11.237156867980957,3129357,11.644804916381837,,12.0132004737854,0.5261984184772267,10.960803636830946,13.065597310739854,36.67480030724573
2014-12-21 19:00:00,11.285080914553173,11.547884100312885,11.285080914553173,11.427303314208984,3093260,11.65089204788208,,11.951518869400024,0.5185218502546385,10.914475168890746,12.988562569909302,25.144520136093405
2014-12-22 19:00:00,11.393292689704479,11.516965004844877,11.362373996868442,11.405659675598145,1663252,11.65633316040039,,11.893238353729249,0.510643129772695,10.87195209418386,12.914524613274638,26.48402105174202
2014-12-23 19:00:00,11.515419589572659,11.563343404608931,11.43194140285898,11.47368049621582,2385198,11.665418319702148,,11.829160690307617,0.47601666722594427,10.877127355855729,12.781194024759506,24.472279351898663
2014-12-25 19:00:00,11.55561385975725,11.55561385975725,11.28662674998286,11.35000991821289,1746553,11.673491611480713,,11.770107316970826,0.45724563709437543,10.855616042782074,12.684598591159578,25.24197315770803
2014-12-28 19:00:00,11.300541328660358,11.47058926087798,11.285081979148893,11.30517864227295,1016277,11.687488822937011,,11.729218244552612,0.4605839056083169,10.808050433335978,12.650386055769246,26.867009697314373
2014-12-29 19:00:00,11.238704675641253,11.530879993360694,11.238704675641253,11.5123291015625,3809652,11.70900884628296,,11.709276151657104,0.46092547157019675,10.78742520851671,12.631127094797497,35.73145365620806
2014-12-30 19:00:00,11.54479266793744,11.733392294810598,11.439671228887368,11.455130577087402,3679147,11.72920223236084,,11.657488489151001,0.4252945537374515,10.806899381676098,12.508077596625904,37.31221233870627
2014-12-31 19:00:00,11.563343705187537,11.608174341814756,11.455130722616563,11.58962345123291,1421677,11.754216861724853,,11.61891827583313,0.3917920152894574,10.835334245254215,12.402502306412044,45.83692532539741
2015-01-01 19:00:00,11.670009715361994,12.167789746364004,11.5942612031598,12.150785446166992,18762261,11.791094169616699,,11.60229983329773,0.3588705979812905,10.884558637335148,12.320041029260311,58.59578788178089
2015-01-04 19:00:00,12.23580932689296,12.614554316398127,12.150784557189844,12.395037651062012,15913352,11.832003955841065,,11.607092046737671,0.3691588831201962,10.868774280497279,12.345409812978064,63.12313469472444
2015-01-05 19:00:00,12.282187662357469,12.305376686144273,12.027114950580478,12.217260360717773,14144585,11.859036064147949,,11.611034154891968,0.375497874909662,10.860038405072643,12.362029904711292,69.97343854413486
2015-01-06 19:00:00,12.212622425230705,12.776877217514375,12.14460276141603,12.558904647827148,19545295,11.887176666259766,,11.63576865196228,0.4205149962504286,10.794738659461423,12.476798644463138,82.22370743919572
2015-01-07 19:00:00,12.674846782122282,12.939195751600757,12.674846782122282,12.817070007324219,15199736,11.924804306030273,,11.680367946624756,0.4937403906184579,10.69288716538784,12.667848727861672,82.7694662566846
2015-01-08 19:00:00,12.830981686323677,13.17880963628929,12.830981686323677,12.957745552062988,21139129,11.960373649597168,,11.741276454925536,0.5705861709706905,10.600104112984155,12.882448796866917,83.46366377417172
2015-01-11 19:00:00,12.984026851879678,12.985572622969672,12.699580409279976,12.75832462310791,5342399,11.989153308868408,,11.79190468788147,0.6142563114369183,10.563392065007633,13.020417310755306,75.7939290399296
2015-01-12 19:00:00,12.614555071871216,12.715039194350828,12.506342094284028,12.630014419555664,4134528,12.01366159439087,,11.837431478500367,0.6417342505619329,10.553962977376502,13.120899979624232,72.78486202141423
2015-01-13 19:00:00,12.715039326530848,13.076780042507863,12.715039326530848,12.933011054992676,9596326,12.041367645263671,,11.91959614753723,0.672384510093084,10.574827127351062,13.2643651677234,74.97358564469143
2015-01-14 19:00:00,13.140162726128388,13.271563911272944,12.970113989105784,13.011852264404297,17385011,12.073543167114257,,12.019306755065918,0.6794181834430522,10.660470388179814,13.378143121952021,78.88232977576584
2015-01-15 19:00:00,13.140163663008835,13.333401436176736,12.987119215662299,13.17108154296875,16082732,12.111308727264404,,12.11785798072815,0.6970517031285384,10.723754574471073,13.511961386985227,81.18865416723655
2015-01-18 19:00:00,13.372047591156837,13.829635114112932,13.372047591156837,13.789440155029297,47059762,12.15763536453247,,12.245472145080566,0.7582731585452432,10.728925827990079,13.762018462171053,83.46207725420048
2015-01-19 19:00:00,14.015141766570887,14.478912353515625,13.866736292227651,14.478912353515625,28328044,12.215498218536377,,12.398052597045899,0.8819184984076707,10.634215600230558,14.16188959386124,87.47128493405374
2015-01-20 19:00:00,14.840654589102229,15.202394485473633,14.802005400847731,15.202394485473633,47676193,12.28688684463501,,12.587889337539673,1.0497256402123158,10.488438057115042,14.687340617964304,89.06722289220366
2015-01-21 19:00:00,15.690902505241286,15.884140281320716,14.604132008093744,14.964327812194824,39085037,12.345414714813232,,12.762421703338623,1.1409442539584078,10.480533195421806,15.04431021125544,82.71034057765173
2015-01-22 19:00:00,14.837559194099647,15.350799312379085,14.45263115222641,14.962778091430664,23254986,12.402303848266602,,12.943060111999511,1.1904748834052927,10.562110345188925,15.324009878810097,81.63808182677256
2015-01-25 19:00:00,15.304424867871388,15.520852480724214,14.981332494696913,15.1312837600708,18154161,12.467509956359864,,13.134365367889405,1.2204634908798264,10.693438386129753,15.575292349649057,85.98698493824712
2015-01-26 19:00:00,15.24259063867083,15.887231316023561,15.122010650815433,15.607423782348633,56539466,12.53995096206665,,13.33912010192871,1.276253104922427,10.786613892083857,15.891626311773564,86.43752145828327
2015-01-27 19:00:00,15.41263569115622,15.533215643571001,14.995243170304486,15.044711112976074,14683267,12.589172439575195,,13.518599128723144,1.2494838411105436,11.019631446502057,16.01756681094423,74.8190674448054
2015-01-28 19:00:00,15.004520155414104,15.296695457204367,15.00297438430432,15.132830619812012,8366241,12.627572650909423,,13.695759487152099,1.2122199688616389,11.27131954942882,16.120199424875377,74.52067990495952
2015-01-29 19:00:00,15.210122824850576,15.443553892679624,15.128192050426305,15.169929504394531,10626487,12.676237564086914,,13.846716690063477,1.1975971274847215,11.451522435094034,16.24191094503292,78.2198769184208
2015-02-01 19:00:00,15.335341485745197,15.927422523498535,15.335341485745197,15.927422523498535,32648612,12.735909328460693,,14.023335933685303,1.2322127359070023,11.558910461871298,16.487761405499306,83.63283918159429
2015-02-02 19:00:00,16.463850848095348,16.657088610982353,15.945973316064293,16.170129776000977,29852460,12.806093215942383,,14.220979404449462,1.2442324266605278,11.732514551128407,16.709444257770517,83.42903672288062
2015-02-03 19:00:00,16.54114802570607,16.618443140545253,15.77592737127995,15.935154914855957,18481813,12.873370914459228,,14.389791917800903,1.235870121563899,11.918051674673105,16.8615321609287,79.24524809619498
2015-02-05 19:00:00,16.075827117362543,16.460756813753303,15.870223216759266,16.163944244384766,30457784,12.941545124053954,,14.557135629653931,1.2382969651141515,12.080541699425629,17.033729559882236,79.5301439995423
2015-02-08 19:00:00,16.38655478465673,16.448390537670544,15.938243528469943,16.009355545043945,12514653,13.01111068725586,,14.70971612930298,1.2187026317338099,12.27231086583536,17.1471213927706,74.11011884416438
2015-02-09 19:00:00,16.139213416255306,16.201050819310044,15.629066303341132,16.024816513061523,13389318,13.089147815704345,,14.87304072380066,1.1609331032193186,12.551174517362023,17.1949069302393,69.66954635975827
2015-02-10 19:00:00,16.12220742084201,16.177860092442433,15.69090126277544,15.782108306884766,9043760,13.166566562652587,,15.030645418167115,1.048959379280016,12.932726659607082,17.128564176727146,58.40429150133418
2015-02-11 19:00:00,15.714088964462286,15.853219820283009,14.993699073791504,14.993699073791504,26053914,13.216622867584228,,15.133679819107055,0.9260832395082053,13.281513340090644,16.985846298123466,50.36720888340743
2015-02-12 19:00:00,14.840654179873349,15.68935286524145,14.70616064135078,15.366260528564453,20367203,13.27672752380371,,15.251400232315063,0.7803424640995007,13.690715304116061,16.812085160514066,54.61621888202228
2015-02-15 19:00:00,15.551771006840525,15.766651231304637,15.319885660480312,15.445104598999023,6725203,13.335966529846191,,15.365101385116578,0.6078863014240715,14.149328782268435,16.580873987964722,53.66561042191197
2015-02-16 19:00:00,15.505393426900568,15.882592710472112,15.505393426900568,15.783655166625977,12759004,13.405655765533448,,15.46481213569641,0.4874543775744531,14.489903380547505,16.439720890845315,52.12684754861001
2015-02-17 19:00:00,15.771284163908803,15.915053955695251,15.613602434183655,15.693990707397461,4687094,13.47676721572876,,15.525566053390502,0.43050321235017847,14.664559628690146,16.38657247809086,58.84584211547972
2015-02-18 19:00:00,15.582688042770622,16.15467085351929,15.582688042770622,16.013994216918945,12034281,13.55576280593872,,15.566146039962769,0.4366447914101367,14.692856457142495,16.43943562278304,61.29159984953772
2015-02-19 19:00:00,16.15621710544288,16.17013068364316,15.613605567796508,15.678534507751465,8321814,13.630831813812256,,15.601856374740601,0.41342320814757744,14.775009958445446,16.428702791035757,56.054511045593514
2015-02-22 19:00:00,15.768194629944231,15.876408430283693,15.661528238153036,15.743460655212402,2082536,13.710909519195557,,15.640890502929688,0.38584246092807145,14.869205581073546,16.41257542478583,47.3777037527637
2015-02-23 19:00:00,15.659980732115962,15.825392956457062,15.50539054159759,15.54712963104248,2707296,13.786936912536621,,15.66168279647827,0.3677140885721982,14.926254619333875,16.397110973622667,41.000416872508374
2015-02-24 19:00:00,15.482206480530248,15.690903621030508,15.36935534927983,15.607423782348633,4892571,13.864695816040038,,15.66168279647827,0.3677140885721982,14.926254619333875,16.397110973622667,45.014118281339
2015-02-25 19:00:00,15.690901294632056,15.712542089917445,15.420366791524057,15.460561752319336,2090866,13.948112697601319,,15.682475328445435,0.34183778826275685,14.99879975191992,16.366150904970947,39.025644474626624
2015-02-26 19:00:00,15.56568228250125,15.706358913315796,15.38944964184504,15.414183616638184,2493489,14.03604356765747,,15.696542978286743,0.323315192282903,15.049912593720936,16.34317336285255,40.38945851493147
2015-03-01 19:00:00,15.536313006361048,15.536313006361048,14.644326015052755,14.698432922363281,4017906,14.106011085510254,,15.67296814918518,0.37654300370643656,14.919882141772307,16.426054156598052,32.53261475132712
2015-03-02 19:00:00,14.68606584200582,15.132831376880613,14.253212247815084,14.924134254455566,4589909,14.179750633239745,,15.622803735733033,0.40649877613034013,14.809806183472352,16.435801287993712,38.65034575626977
2015-03-03 19:00:00,15.033893019865973,15.669257342405988,15.033893019865973,15.34152603149414,12795101,14.25803508758545,,15.58137354850769,0.38965612296983737,14.802061302568015,16.360685794447363,55.102018548521805
2015-03-04 19:00:00,15.380172390605965,16.10829274767158,15.380172390605965,16.072736740112305,17018484,14.351376628875732,,15.588252639770507,0.3973687192776208,14.793515201215266,16.38299007832575,59.37625621080749
2015-03-05 19:00:00,16.231964284508607,16.494768276814938,15.885682109044172,16.035634994506836,13589242,14.442615718841553,12.233457446098328,15.581837177276611,0.38852237398638206,14.804792429303847,16.358881925249374,57.925250639814344
2015-03-08 19:00:00,16.077374827645187,16.108293523743544,15.76974182506631,15.82693862915039,3929051,14.532154293060303,12.268676257133484,15.572716331481933,0.3800056811932834,14.812704969095366,16.3327276938685,50.60186609520373
2015-03-09 19:00:00,15.921239332060436,16.595252845132162,15.729548977854868,16.177860260009766,20197823,14.629607925415039,12.303458313941956,15.580368518829346,0.3909714969870805,14.798425524855185,16.362311512803508,56.27256830946982
2015-03-10 19:00:00,16.03872948765836,16.352547223168212,15.930515684911116,16.085105895996094,10654254,14.72106346130371,12.335474195480346,15.595518398284913,0.404825239653139,14.785867918978635,16.40516887759119,50.97955912876698
2015-03-11 19:00:00,16.201048348280253,16.680278324043172,16.201048348280253,16.299985885620117,16746366,14.817960567474366,12.366151032447815,15.660832738876342,0.4079831458196456,14.84486644723705,16.476799030515632,58.854601630638456
2015-03-12 19:00:00,16.479312168682945,16.695738161521994,16.30926258949884,16.39583396911621,10393243,14.91408477783203,12.397951192855835,15.712311410903931,0.433043552329967,14.846224306243997,16.578398515563865,59.21399471510231
2015-03-15 19:00:00,16.32472228667593,16.381920738049264,15.876410941099063,15.95679759979248,4570472,14.990205020904542,12.430058455467224,15.737896060943603,0.43153887279634034,14.874818315350922,16.600973806536285,55.41483826629577
2015-03-16 19:00:00,15.938243015546647,16.077373864717558,15.459013079540846,15.505391120910645,8324590,15.052412090301514,12.46184832572937,15.723982858657838,0.43446175310936386,14.85505935243911,16.592906364876566,48.77774155052685
2015-03-17 19:00:00,15.58887044761729,15.907327126851726,14.887031428895517,15.309062957763672,10182213,15.114248142242431,12.492404851913452,15.704736471176147,0.444275507799601,14.816185455576946,16.59328748677535,48.206438116932766
2015-03-18 19:00:00,15.511577708408522,15.752739320583183,15.343075535365745,15.4188232421875,5575643,15.171446514129638,12.523784098625184,15.674977922439576,0.44239946265147384,14.790178997136628,16.559776847742523,50.05411540719591
2015-03-19 19:00:00,15.468288994936202,15.88258999120092,15.468288994936202,15.755826950073242,5422923,15.23022165298462,12.556922392845154,15.678842544555664,0.44276960959398376,14.793303325367697,16.564381763743633,63.528440817418186
2015-03-23 19:00:00,16.078922933507545,16.231965737170714,15.47447402460234,15.539402961730957,7799791,15.281854801177978,12.586950087547303,15.668639659881592,0.44355261577999283,14.781534428321606,16.555744891441577,57.89056174553282
2015-03-24 19:00:00,15.613604534170381,15.746552310194241,14.763360023498535,14.763360023498535,8008045,15.321955509185791,12.610721135139466,15.629451179504395,0.48731764899380287,14.65481588151679,16.604086477492,43.209893412582666
2015-03-25 19:00:00,14.457270061249718,15.064808815486456,14.025962297776287,14.319684982299805,13411532,15.355748920440673,12.631985082626343,15.565064239501954,0.5686632549766845,14.427737729548586,16.702390749455322,27.92059038321098
2015-03-26 19:00:00,14.516015318065202,14.763359978815172,14.05224469321002,14.234662055969238,6372560,15.381781940460206,12.651224818229675,15.503769254684448,0.6418758590625563,14.220017536559336,16.78752097280956,27.58757541296886
2015-03-29 19:00:00,14.253211732874943,14.253211732874943,13.523547172546387,13.523547172546387,3831866,15.392015838623047,12.668056478500366,15.409237432479859,0.7801017595684913,13.849033913342877,16.969440951616843,24.521239640634093
2015-03-30 19:00:00,13.523547840921546,14.19910717010498,13.523547840921546,14.19910717010498,5153582,15.412576351165772,12.687910580635071,15.384271144866943,0.8114095026987,13.761452139469544,17.007090150264343,29.57882965654312
2015-03-31 19:00:00,14.454179668324025,14.908674032533556,14.067704144775036,14.839109420776367,9815686,15.433569736480713,12.708433170318603,15.380019903182983,0.814165253066119,13.751689397050745,17.00835040931522,38.44610359474443
2015-04-01 19:00:00,14.995243628186318,15.579594157703452,14.93340624175491,15.472926139831543,10704235,15.453450012207032,12.729443073272705,15.386589908599854,0.8143684223123682,13.757853063975118,17.015326753224592,42.8837223194781
2015-04-02 19:00:00,15.768193834979941,15.867131366388614,15.489932130234882,15.7156343460083,9132614,15.463714809417725,12.749390392303466,15.368734788894653,0.802358998248366,13.764016792397921,16.973452785391384,44.29161785234708
2015-04-05 19:00:00,15.830031802168975,16.50095211501319,15.663073790751922,16.41901969909668,18798359,15.492808647155762,12.769924974441528,15.387904024124145,0.8234335238595426,13.74103697640506,17.03477107184323,53.714267584826
2015-04-06 19:00:00,16.52568516524123,16.618437964181634,16.078919737127034,16.187131881713867,12511876,15.517295722961427,12.786227722167968,15.405913686752319,0.8373623821285634,13.731188922495193,17.080638451009445,55.67858709462069
2015-04-07 19:00:00,16.309262796745525,16.757574138495297,16.247427031929973,16.454578399658203,21725016,15.543761615753175,12.80235029220581,15.41974959373474,0.852930149011597,13.713889295711546,17.125609891757936,59.429894735255445
2015-04-08 19:00:00,16.423656160812452,16.42520193178966,16.07737398747201,16.146940231323242,5336845,15.554551944732665,12.818414521217345,15.422841310501099,0.8555768439741988,13.7116876225527,17.133994998449495,55.80475531842422
2015-04-09 19:00:00,16.231964070511747,16.57979201237722,16.123751915524036,16.276796340942383,11229034,15.579193649291993,12.838358178138733,15.421681833267211,0.8543403944921267,13.713001044282958,17.130362622251464,54.29518047469688
2015-04-12 19:00:00,16.347910445867846,16.680280753865805,16.2474271227969,16.372644424438477,8307930,15.603989925384521,12.861845951080323,15.420522356033326,0.852963356460941,13.714595643111444,17.126449068955207,57.009091184761246
2015-04-13 19:00:00,16.432933093120088,16.65708956590731,16.278342873948066,16.330904006958008,9893434,15.627209415435791,12.887341055870056,15.439227676391601,0.8692885504496572,13.700650575492286,17.177804777290916,65.0444673754281
2015-04-14 19:00:00,16.680278206622315,16.695735917449902,16.324719745669835,16.42211151123047,9810133,15.637103195190429,12.915943913459778,15.485063695907593,0.8966972531582651,13.691669189591064,17.278458202224122,71.64221566879631
2015-04-15 19:00:00,16.72665280439639,17.242982864379883,16.72665280439639,17.242982864379883,25987273,15.658560256958008,12.947652044296264,15.581759691238403,0.9773636543866557,13.627032382465092,17.536487000011714,76.89322331827677
2015-04-16 19:00:00,17.91699721167168,18.10405187671225,17.484145308856807,18.088592529296875,20966973,15.701629009246826,12.980868883132935,15.715248155593873,1.125092598168656,13.46506295925656,17.965433351931186,89.85144529430795
2015-04-19 19:00:00,18.39468103445667,18.512169452619023,17.62327582410669,17.859798431396484,18301327,15.735546092987061,13.010087203979491,15.820446729660034,1.223174217952201,13.374098293755633,18.266795165564435,84.66030487962345
2015-04-20 19:00:00,17.85516314081994,17.85516314081994,17.337285597188938,17.46405029296875,6211511,15.764639987945557,13.03466004371643,15.916679096221923,1.2745315318546584,13.367616032512606,18.46574215993124,76.05887585695258
2015-04-21 19:00:00,17.63997233409823,18.334932327270508,17.63997233409823,18.334932327270508,6088760,15.810842304229736,13.06074025630951,16.09525771141052,1.352272536725525,13.39071263795947,18.799802784861573,77.13510175331997
2015-04-22 19:00:00,19.251249313354492,19.251249313354492,18.70386135965827,19.251249313354492,22531414,15.88022512435913,13.094534549713135,16.341835927963256,1.4570299168924399,13.427776094178377,19.255895761748135,79.72487722744492
2015-04-23 19:00:00,19.472609464406727,19.570418787643764,18.9869949841203,19.15859031677246,10581534,15.96352294921875,13.130877838134765,16.58803234100342,1.4976728874781728,13.592686566047075,19.583378115959764,75.66820569677031
2015-04-26 19:00:00,19.39024240599419,19.990825229574106,19.39024240599419,19.759172439575195,15639658,16.051381187438963,13.167256817817687,16.899813604354858,1.4750266105252252,13.949760383304408,19.849866825405307,81.30512896634357
2015-04-27 19:00:00,19.736866421500388,19.783196982380403,19.424563333823887,19.52751922607422,3954942,16.13302947998047,13.200712218284608,17.16623420715332,1.44239912302386,14.2814359611056,20.05103245320104,77.10107852168045
2015-04-28 19:00:00,19.68195231406724,19.870706662821995,18.703860853488408,18.92007064819336,8135023,16.195757789611818,13.231333198547363,17.37028226852417,1.383312379294255,14.603657509935662,20.13690702711268,73.22859327534702
2015-04-29 19:00:00,19.113974343748346,19.36793602763779,18.841139187200323,18.96640396118164,6008710,16.2612060546875,13.2626065158844,17.544956159591674,1.351313872335032,14.84232841492161,20.247583904261738,72.84868521896598
2015-05-03 19:00:00,19.115691741652938,19.304446131004163,18.798242070909268,18.8840389251709,4580328,16.31860694885254,13.292814464569092,17.703376388549806,1.3106792017137172,15.082017985122372,20.324734791977242,71.38371991048257
2015-05-04 19:00:00,18.961254859333515,19.733433007274968,18.618064207477456,19.67852210998535,12275080,16.39860670089722,13.326348810195922,17.866351509094237,1.344778012264397,15.176795484565442,20.55590753362303,75.2652168605602
2015-05-05 19:00:00,19.905027200523236,20.160703288249422,19.527516849975758,19.637338638305664,19667145,16.476484260559083,13.360398383140565,18.03886184692383,1.339315431279752,15.360230984364325,20.717492709483334,74.45065600435373
2015-05-06 19:00:00,19.63047431082907,19.673372730379523,19.32160339760886,19.55668830871582,8150033,16.55667543411255,13.395682301521301,18.19396734237671,1.3257418875811962,15.542483567214317,20.845451117539103,69.82708458916245
2015-05-07 19:00:00,19.47775724694813,19.50692712651782,19.280422536793054,19.3627872467041,2318932,16.631782703399658,13.429914088249207,18.354759693145752,1.2576706930568307,15.83941830703209,20.870101079259413,62.29205651757112
2015-05-10 19:00:00,19.304442995891897,19.304442995891897,18.394990921020508,18.394990921020508,9330762,16.690471286773683,13.45618191242218,18.460669422149657,1.1587726109972276,16.143124200155203,20.77821464414411,54.51867812621282
2015-05-11 19:00:00,18.017483084047527,18.65924826247031,17.85446645950788,18.52197265625,7684745,16.752627067565918,13.484098763465882,18.568135833740236,1.0494423185420299,16.469251196656177,20.667020470824294,59.35678512674414
2015-05-12 19:00:00,18.703862641506575,18.77250044420898,18.274873509045168,18.34865951538086,7014331,16.82563159942627,13.51090115070343,18.66902360916138,0.910888841850733,16.847245925459912,20.490801292862844,50.13849989050098
2015-05-13 19:00:00,18.472208783351157,18.65238445377201,18.31777413188839,18.381263732910156,4347684,16.89477418899536,13.53787407875061,18.766981220245363,0.7471676011910233,17.272646017863316,20.26131642262741,39.31734708838027
2015-05-14 19:00:00,18.532268436252988,18.532268436252988,18.245704732976847,18.382980346679688,2333941,16.955603275299072,13.56529128074646,18.823981094360352,0.6635960657206039,17.496788962919144,20.15117322580156,40.25863394782572
2015-05-17 19:00:00,18.41215125618482,18.60948596777712,18.15475907963409,18.28173828125,3594719,16.999783306121827,13.592991023063659,18.833638381958007,0.6536617785105626,17.526314824936883,20.14096193897913,28.78269353713901
2015-05-18 19:00:00,18.35723796211781,19.00415127366393,18.29546443729537,18.7330322265625,14051177,17.05373125076294,13.622797002792359,18.87730007171631,0.6130953037947786,17.65110946412675,20.103490679305867,39.267497838246186
2015-05-19 19:00:00,18.875456439781942,19.476040901242136,18.875456439781942,19.35592269897461,13725976,17.124310932159425,13.656055474281311,18.9718936920166,0.522880523805758,17.926132644405083,20.017654739628117,55.86334128755805
2015-05-20 19:00:00,19.407402949515618,19.433142332337642,19.047054864946237,19.0933837890625,3614732,17.18262140274048,13.68825665950775,19.009816265106203,0.5013116707744415,18.00719292355732,20.012439606655086,51.61430336701577
2015-05-21 19:00:00,19.199772525345924,19.32160516147035,18.875456972503052,18.921789169311523,2791724,17.239355068206788,13.72011067867279,18.99334325790405,0.4983650156324614,17.996613226639127,19.990073289168976,50.469274739115306
2015-05-24 19:00:00,19.21864584065651,19.43828777875892,18.9715500930769,19.11568832397461,8540274,17.295669116973876,13.756066684722901,18.99119815826416,0.4977082099614918,17.99578173834118,19.986614578187144,41.77529827354484
2015-05-25 19:00:00,19.124269916280827,19.16716833855348,18.875456447148462,18.950960159301758,2426498,17.34677164077759,13.791063833236695,18.95078754425049,0.4637223550168129,18.023342834216862,19.878232254284114,40.3194740353369
2015-05-26 19:00:00,19.045339027805706,19.18433071424789,18.909777839974492,19.01959800720215,3544689,17.40802764892578,13.827606086730958,18.925391483306885,0.4439622006828378,18.03746708194121,19.813315884672562,42.399245943871186
2015-05-27 19:00:00,18.961253905587927,19.175747642841653,18.961253905587927,19.041902542114258,1085670,17.478757877349853,13.863200678825379,18.93148307800293,0.44472052975271115,18.042042018497508,19.820924137508353,45.22712004430282
2015-05-28 19:00:00,19.08995110053894,19.347343261762283,19.047052679913264,19.079654693603516,3216986,17.55416971206665,13.899359622001647,18.937145614624022,0.4459079864521916,18.04532964171964,19.828961587528404,64.07905522805449
2015-05-31 19:00:00,19.352490753914786,19.355921251964542,19.117404208087052,19.23923683166504,4800464,17.630577983856202,13.93927619934082,18.95490550994873,0.45072895464574453,18.05344760065724,19.85636341924022,64.55429496314335
2015-06-01 19:00:00,19.252970115888942,19.579000145927342,19.150012574836968,19.465747833251953,9058093,17.704776401519776,13.98224088191986,18.94426679611206,0.43498641668763166,18.074293962736796,19.814239629487325,72.18826053881381
2015-06-02 19:00:00,19.666512510993066,19.862129524653398,19.43314200154783,19.47089385986328,8617822,17.783406219482423,14.024081959724427,18.93594455718994,0.42243982841360683,18.091064900362728,19.780824214017155,71.88154975670143
2015-06-03 19:00:00,19.491484196730333,19.71455665113361,19.3902427395561,19.431425094604492,3124429,17.87676752090454,14.064598898887635,18.929681396484376,0.4135880468998329,18.102505302684712,19.75685749028404,70.74000988541223
2015-06-08 19:00:00,19.393674637935487,19.73171708870311,19.393674637935487,19.48633575439453,7086876,17.980100536346434,14.105563168525697,18.935858821868898,0.42124918011653073,18.093360461635836,19.77835718210196,74.27392239490689
2015-06-09 19:00:00,19.647634588816246,20.368335615021433,19.647634588816246,20.200172424316406,20159950,18.099410743713378,14.151546430587768,19.026117897033693,0.48745220275275225,18.051213491528188,20.001022302539198,76.73554195845516
2015-06-10 19:00:00,20.419813146703653,20.488450951171533,19.905028794459884,19.97195053100586,6934282,18.228378810882568,14.196396088600158,19.098616790771484,0.5155425606617334,18.067531669448016,20.12970191209495,63.111815151077195
2015-06-11 19:00:00,20.076620438805577,20.16241726927295,19.7334298419979,19.8175106048584,2761705,18.340746879577637,14.240000295639039,19.172059345245362,0.5076465165783018,18.15676631208876,20.187352378401965,66.1560904449307
2015-06-14 19:00:00,19.819229513434117,19.973665795375823,19.561837347667264,19.584144592285156,3051884,18.435647583007814,14.281949400901794,19.23220338821411,0.47950112026290725,18.273201147688294,20.191205628739926,64.38149209870019
2015-06-15 19:00:00,19.481187506059992,19.681954349574028,19.218647130871293,19.41769790649414,3469642,18.514543018341065,14.323163924217225,19.283939266204833,0.4369873888908852,18.40996448842306,20.157914043986604,56.63654500645464
2015-06-16 19:00:00,19.542962078693822,19.62189628687105,19.261544965291762,19.34734344482422,1438388,18.587177200317385,14.36515347480774,19.337219524383546,0.3678557454917075,18.60150803340013,20.07293101536696,59.08727975855757
2015-06-17 19:00:00,19.39024295378777,19.508643453962073,19.28728706502929,19.338764190673828,2098796,18.645572090148924,14.40918845653534,19.367506122589113,0.3393223645709402,18.688861393447233,20.046150851730992,57.5242384482357
2015-06-18 19:00:00,19.27870551594003,19.390241737376947,19.141429914560852,19.16030502319336,975602,18.705035552978515,14.452744288444519,19.35772523880005,0.34247846501614976,18.67276830876775,20.04268216883235,52.59988122391303
2015-06-21 19:00:00,19.074506227424255,19.175747677684353,18.849717720456454,19.091665267944336,1856146,18.757777290344237,14.493928689956665,19.35763931274414,0.3425484859551538,18.672542340833832,20.04273628465445,50.26019865508244
2015-06-22 19:00:00,19.04705214884507,19.239237002390837,18.978412712794633,19.096813201904297,918066,18.816774749755858,14.534883432388305,19.36639051437378,0.33292824273008814,18.700534028913605,20.032246999833955,46.69324903969554
2015-06-23 19:00:00,19.0487698219997,19.647636640597575,19.047055391402363,19.566987991333008,2659142,18.88257858276367,14.575552349090577,19.388955497741698,0.3303257778986895,18.72830394194432,20.049607053539077,52.111640578317164
2015-06-24 19:00:00,19.560118926694123,19.560118926694123,19.23751949626647,19.359352111816406,1345831,18.94231273651123,14.614882602691651,19.40937509536743,0.31404697234668666,18.781281150674058,20.037469040060802,47.854703877233895
2015-06-25 19:00:00,19.220361687979107,19.30444245816082,19.134564850041095,19.18947410583496,1706053,18.999484138488768,14.65425738811493,19.417868900299073,0.30512050149828257,18.807627897302506,20.02810990329564,45.56881106979825
2015-06-28 19:00:00,19.218649071913106,19.561839760241046,19.218649071913106,19.51722526550293,1170722,19.06138641357422,14.695398635864258,19.441635036468504,0.29254745800404885,18.856540120460405,20.026729952476604,50.514322589988204
2015-06-29 19:00:00,19.30444439101458,19.7334335360648,19.30444439101458,19.649351119995117,2393978,19.109513778686523,14.737125396728516,19.470119857788085,0.28302731784933477,18.904065222089415,20.036174493486754,38.62513263962906
2015-06-30 19:00:00,19.73343302049714,20.63087593708901,19.580712803700916,20.119522094726562,8017451,19.150132369995116,14.780376687049866,19.51413412094116,0.3121787592408144,18.889776602459534,20.13849163942279,52.77059991348366
2015-07-01 19:00:00,20.119520304053275,20.50560934392008,20.0766218857279,20.275671005249023,6285381,19.198449821472167,14.82462658405304,19.554630279541016,0.3551467000668895,18.844336879407237,20.264923679674794,58.596270731281365
2015-07-02 19:00:00,20.256801440833403,20.548513385221906,20.177867216035775,20.486738204956055,6342416,19.258903579711912,14.86987922668457,19.605422496795654,0.4108188743401356,18.783784748115384,20.427060245475925,67.07788603603245
2015-07-05 19:00:00,20.605135664349117,20.763004090506996,20.3254362388862,20.41466522216797,7003324,19.30049823760986,14.914891691207886,19.65458450317383,0.4462080844501035,18.76216833427362,20.547000672074038,69.56213875212015
2015-07-06 19:00:00,20.488450860335384,20.488450860335384,20.07662403535397,20.263662338256836,3959445,19.32074649810791,14.959164171218871,19.693450832366942,0.46427009917484624,18.764910634017248,20.621991030716636,67.4281004471525
2015-07-07 19:00:00,20.37691406455546,20.37691406455546,19.990824994125006,20.23105812072754,2261396,19.34219585418701,15.003387813568116,19.6949951171875,0.4660920906976433,18.762810935792213,20.627179298582785,66.81745925041324
2015-07-08 19:00:00,20.248218958940985,20.831642786031225,20.11265941028062,20.510759353637695,7459606,19.357227592468263,15.049618930816651,19.721935558319093,0.49745913051212237,18.727017297294847,20.71685381934334,74.51696835007787
2015-07-09 19:00:00,20.591409414169817,21.53518295288086,20.56567003163873,21.53518295288086,11265957,19.397380867004394,15.101702942848206,19.807819175720216,0.6420795881834028,18.52365999935341,21.091978352087022,82.93234292635853
2015-07-12 19:00:00,21.792573933812232,21.92984954139582,21.202285873757933,21.37044906616211,6760675,19.44638843536377,15.1529252243042,19.897134399414064,0.7278409103654847,18.441452578683094,21.352816220145034,79.37900004337693
2015-07-13 19:00:00,21.40648675963356,22.02079655008572,21.258914731487735,21.363588333129883,8021954,19.494332122802735,15.204813523292541,19.99442892074585,0.7879553399238287,18.418518240898194,21.570339600593506,76.37267627496195
2015-07-14 19:00:00,21.617544706074202,21.77541311563773,21.49228158404546,21.600385665893555,3736807,19.548659057617186,15.256081719398498,20.107081031799318,0.8492462982958732,18.408588435207573,21.805573628391063,82.61735699211651
2015-07-15 19:00:00,21.620975440227404,21.72393294957652,21.44938013713526,21.552337646484375,1660525,19.58613536834717,15.306729063987731,20.217759704589845,0.8872377824620684,18.443284139665707,21.992235269513984,85.65500425101295
2015-07-21 19:00:00,21.53518166440389,21.586660426386022,21.106192527042584,21.22631072998047,1370346,19.617914810180665,15.356781539916993,20.3210599899292,0.8778614133078182,18.565337163313565,22.076782816544835,75.80308800924249
2015-07-22 19:00:00,21.260629853550334,21.346428340209588,20.84880137500648,21.137081146240234,2588098,19.64952266693115,15.405580968856812,20.423330783843994,0.8456534501687794,18.732023883506436,22.114637684181552,72.75590064177557
2015-07-23 19:00:00,21.183409258635564,21.57807864922348,20.59140681022294,20.768150329589844,2304423,19.677629928588868,15.453860263824463,20.50689764022827,0.7883042637298651,18.93028911276854,22.083506167688,60.23832462246201
2015-07-26 19:00:00,20.78187754024905,21.02039459090758,20.24821647619721,20.421527862548828,3047882,19.718160667419433,15.500041065216065,20.549624633789062,0.7572246612103939,19.035175311368274,22.06407395620985,52.17170285745444
2015-07-27 19:00:00,20.421528253388797,21.442518207678454,20.421528253388797,21.404767990112305,4173077,19.77581657409668,15.551450171470641,20.651895427703856,0.7254664467158546,19.200962534272147,22.102828321135565,61.11336877454439
2015-07-28 19:00:00,21.277786464854483,22.04996456921726,21.277786464854483,21.57636260986328,7743782,19.84037063598633,15.60368679523468,20.771239852905275,0.6661290910373954,19.438981670830483,22.103498034980067,63.732243527133775
2015-07-29 19:00:00,21.792574194763866,22.590491743653075,21.792574194763866,22.216413497924805,7428087,19.91707363128662,15.65910084247589,20.906199264526368,0.6720951051019746,19.56200905432242,22.250389474730316,70.69090121275127
2015-07-30 19:00:00,22.307357158808504,22.461791788867565,22.007064962215548,22.194103240966797,629388,19.993296089172365,15.714456624984741,21.033436870574953,0.662442291508376,19.708552287558202,22.358321453591703,70.8454469188993
2015-08-02 19:00:00,22.305645285378645,22.307359715798693,21.88180271620464,21.916122436523438,951087,20.065983772277832,15.768369216918945,21.123266887664794,0.6537451198735432,19.81577664791771,22.43075712741188,64.92891283337622
2015-08-03 19:00:00,21.92127036386838,22.079137145418443,21.79257346113184,21.909257888793945,2174342,20.129508285522462,15.822818393707275,21.20494623184204,0.6442541065397898,19.91643801876246,22.49345444492162,55.06974017332807
2015-08-04 19:00:00,21.797720630056954,22.73634584787248,21.792572426697994,22.365699768066406,4886517,20.189703826904296,15.879915165901185,21.298894309997557,0.6704752790397748,19.95794375191801,22.639844868077105,62.500011977826645
2015-08-05 19:00:00,22.39144101995844,22.693447688506673,22.28848349404612,22.3090763092041,4475764,20.25401767730713,15.938433957099914,21.393614864349367,0.6727935406977803,20.048027782953806,22.739201945744927,61.728403240460324
2015-08-06 19:00:00,22.221563673216956,22.736349709695933,22.221563673216956,22.334815979003906,3302539,20.322278213500976,15.997926397323608,21.497172546386718,0.6486810414222917,20.199810463542136,22.7945346292313,59.61370700954996
2015-08-09 19:00:00,22.35025924104228,22.56303693260484,22.273041094616417,22.355405807495117,1556461,20.387072563171387,16.057476119995115,21.603389930725097,0.602749433556902,20.397891063611294,22.8088887978389,60.58829239489013
2015-08-10 19:00:00,22.564750220542475,23.472487843163258,22.478951744816747,23.45189666748047,11946877,20.47709129333496,16.123041143417357,21.750446796417236,0.6764244951955214,20.397597806026194,23.103295786808278,74.38886134537036
2015-08-11 19:00:00,23.422727505131867,23.721302038719482,23.01089903771192,23.292314529418945,6034226,20.562545623779297,16.18796811580658,21.83830337524414,0.7563796690462635,20.325544037151616,23.351062713336667,73.2592744762478
2015-08-12 19:00:00,23.182495455287928,23.448467985513183,22.90794422245507,23.295747756958008,1298301,20.647622528076173,16.252699112892152,21.934568309783934,0.8140222287798888,20.306523852224156,23.562612767343712,79.6140487782204
2015-08-16 19:00:00,23.182494993631035,24.02331099300922,22.993740615449934,23.89118194580078,4414726,20.743853073120118,16.317826747894287,22.060947990417482,0.9111269454383968,20.238694099540687,23.883201881294276,88.41192255357319
2015-08-17 19:00:00,24.349341433771382,24.53809581543231,23.851716096895345,24.18461036682129,2648135,20.842760543823243,16.382990427017212,22.190159225463866,1.019205244355466,20.151748736752936,24.228569714174796,86.32294930471303
2015-08-18 19:00:00,24.194904904406705,24.366500230142396,23.723017349266215,23.82425880432129,1942699,20.929930763244627,16.447433280944825,22.303755283355713,1.0697316695505983,20.164291944254515,24.44321862245691,77.99148293380392
2015-08-19 19:00:00,23.680118494487072,24.023309139687246,23.510239239735835,23.58059310913086,1638511,21.01212474822998,16.50943985462189,22.42146940231323,1.0744518025399092,20.272565797233412,24.57037300739305,68.84779681294849
2015-08-20 19:00:00,23.680119683361813,23.680119683361813,22.401737495127453,22.856464385986328,2957826,21.080625534057617,16.56712546825409,22.507438564300536,1.034312391751168,20.4388137807982,24.576063347802872,57.66487736831882
2015-08-23 19:00:00,22.367415923132814,22.367415923132814,21.713638305664062,21.713638305664062,1279290,21.12517158508301,16.618670659065245,22.554712963104247,0.9702560232507716,20.614200916602705,24.49522500960579,48.04763074768239
2015-08-24 19:00:00,21.457962716517216,21.86121082029178,20.62915926460852,21.658729553222656,7497129,21.15434272766113,16.669225764274596,22.61657304763794,0.8603032653423258,20.895966516953287,24.33717957832259,47.60655948004637
2015-08-25 19:00:00,22.374283647555046,22.74149601242773,21.94872660618417,22.35883903503418,8851466,21.2020804977417,16.724004578590392,22.664276599884033,0.8148217501129303,21.034633099658173,24.293920100109894,49.937371351842074
2015-08-26 19:00:00,22.92510281453729,23.475922974861305,22.873624050025597,23.44331932067871,9666969,21.274596672058106,16.78480715751648,22.757624435424805,0.7901974952278227,21.17722944496916,24.33801942588045,58.71801352379154
2015-08-27 19:00:00,24.615310668945312,24.615310668945312,24.615310668945312,24.615310668945312,915065,21.37521999359131,16.850518169403077,22.87756929397583,0.8806153060968089,21.116338681782214,24.63879990616945,64.90242669413404
2015-08-30 19:00:00,24.845250511737355,25.00140122713189,23.93751118609546,24.800634384155273,25437209,21.48287872314453,16.91659249305725,23.007895851135252,0.9631509772544545,21.081593896626345,24.93419780564416,65.64214591026268
2015-08-31 19:00:00,25.13696192003751,25.722101796980155,24.709690471097126,24.88471794128418,9028075,21.59362621307373,16.982851266860962,23.15632562637329,1.01347241284635,21.129380800680593,25.18327045206599,60.52964812259067
2015-09-01 19:00:00,24.665075308382093,25.104359221137916,24.38537588725544,24.677087783813477,3459136,21.700392684936524,17.046047034263612,23.29471712112427,1.0231503408954237,21.248416439333422,25.341017802915115,60.105185682543336
2015-09-02 19:00:00,24.87956888971059,25.0099818632922,24.246382406248422,24.409399032592773,5521409,21.805374565124513,17.107502422332765,23.396902084350586,1.0275290486019335,21.341843987146717,25.451960181554455,57.82492508429692
2015-09-03 19:00:00,24.53637847296451,24.695962965056392,23.784793121384983,24.354488372802734,3486653,21.91063102722168,17.169919972419738,23.499172687530518,1.0152760585429021,21.468620570444713,25.529724804616322,53.52296031582581
2015-09-06 19:00:00,24.452298583950615,24.881286106040683,24.179461786315017,24.469457626342773,4030489,22.01808391571045,17.232340393066405,23.60590476989746,0.9984940132552523,21.608916743386956,25.602892796407964,52.2263891713125
2015-09-07 19:00:00,24.452297561747404,24.79034001631724,24.289282572162968,24.57756233215332,3729803,22.118295402526854,17.29231001853943,23.71701259613037,0.9753889204862837,21.766234755157804,25.667790437102937,56.129580563536265
2015-09-08 19:00:00,24.786907057825218,25.806180953979492,24.711404984504654,25.806180953979492,5695517,22.247231979370117,17.355276823043823,23.834726810455322,1.0783391865728118,21.678048437309698,25.991405183600946,65.60770240138254
2015-09-09 19:00:00,26.157950877302273,27.09486002810561,25.483582085860856,27.026222229003906,8865474,22.403966941833495,17.426724514961244,24.02142219543457,1.2832487803519002,21.45492463473077,26.587919756138373,77.3402123431988
2015-09-10 19:00:00,27.026222855279098,27.92366574269933,26.43421875405359,26.74308967590332,7455103,22.548484230041502,17.495720791816712,24.193789291381837,1.406273226830311,21.381242837721214,27.00633574504246,87.16713335582914
2015-09-13 19:00:00,28.13571224667128,28.13571224667128,27.10452694057261,27.67740821838379,5430020,22.709045372009278,17.570803155899046,24.383100605010988,1.6042991179147945,21.174502369181397,27.59169884084058,89.36142239545873
2015-09-14 19:00:00,27.498251925912196,27.95447360975793,26.664972618722466,27.100360870361328,1742325,22.848662147521974,17.643448610305786,24.528888130187987,1.7140405089506454,21.100807112286695,27.95696914808928,81.51626586353059
2015-09-15 19:00:00,27.289932159392208,27.289932159392208,26.177502103720762,26.356657028198242,2131733,22.970281867980958,17.711455726623534,24.655508041381836,1.7523570154088455,21.150794010564145,28.160222072199527,70.28344782014699
2015-09-16 19:00:00,26.706636092706162,27.058697240909243,25.31089056522036,25.46296501159668,2967666,23.06980640411377,17.776115164756774,24.749626636505127,1.742105887285966,21.265414861933195,28.23383841107706,56.13951762482183
2015-09-17 19:00:00,25.31088970494792,25.74836194631453,24.5401057529979,24.710927963256836,2110886,23.155731658935547,17.839055004119874,24.842349815368653,1.6844366237685429,21.473476567831568,28.211223062905738,49.39955367401862
2015-09-20 19:00:00,24.685931414780395,24.956747818203212,23.95681096579684,24.775508880615234,2443175,23.245968589782716,17.903376693725587,24.99544334411621,1.515812922061357,21.963817499993496,28.027069188238926,49.26710008076914
2015-09-21 19:00:00,24.935915126229084,25.47754791318256,24.79009104178795,24.890085220336914,1450479,23.339149131774903,17.965372700691223,25.157011127471925,1.2980034449433837,22.56100423758516,27.75301801735869,51.44750049774356
2015-09-22 19:00:00,24.99424595033306,25.102572847075137,24.58177179691719,24.969247817993164,1079833,23.428318901062013,18.02841380119324,25.287531566619872,1.1210010145869476,23.045529537445976,27.52953359579377,53.90470727399758
2015-09-27 19:00:00,25.38171992541027,25.9670986086248,24.790090881313336,25.225479125976562,2664145,23.502124824523925,18.092125425338747,25.376639556884765,1.034157405257352,23.30832474637006,27.44495436739947,55.90885470311968
2015-09-28 19:00:00,24.996332257925623,24.996332257925623,24.435951608265743,24.608856201171875,2613280,23.56689296722412,18.153673739433287,25.376316833496094,1.0344084696811702,23.307499894133755,27.445133772858433,50.885422231978815
2015-09-29 19:00:00,24.99840930299951,25.206728704078547,24.581768844239086,24.91299819946289,1480080,23.63788116455078,18.217546639442443,25.381935024261473,1.031418016070683,23.319098992120107,27.44477105640284,52.07882821064387
2015-09-30 19:00:00,25.05257530975155,26.156671028227766,25.008827752077796,26.148338317871094,3003938,23.72884021759033,18.287967257499695,25.44511604309082,1.038038426214848,23.369039190661123,27.521192895520517,52.11871883585678
2015-10-01 19:00:00,26.352494037577664,27.24827208753465,26.165006379029744,27.104530334472656,4805050,23.8398840713501,18.363864488601685,25.566488170623778,1.0843896228373537,23.39770892494907,27.735267416298484,50.50128226479562
2015-10-04 19:00:00,27.498251339553743,28.458606942356074,27.20660317410568,28.248205184936523,9438328,23.980321960449217,18.44640763759613,25.758428478240965,1.2021481970550356,23.354132084130896,28.162724872351035,58.6786970417507
2015-10-05 19:00:00,28.748169647084424,29.456459906301212,28.539851906024747,29.329381942749023,6917188,24.144167976379393,18.53432574748993,26.007173156738283,1.3955045869237657,23.216163982890752,28.798182330585814,59.36686316556305
2015-10-06 19:00:00,29.779355858828417,30.102250852880967,29.60644964321927,29.916847229003906,6909683,24.327141914367676,18.62531259059906,26.279542636871337,1.596682541283438,23.086177554304463,29.47290771943821,65.95092647483283
2015-10-07 19:00:00,29.737695612508183,30.831374678058697,29.310640040497127,30.631389617919922,7799816,24.531339149475098,18.722020950317383,26.58223400115967,1.8158353386348287,22.950563323890012,30.213904678429326,74.2898085354548
2015-10-08 19:00:00,31.060526944775198,32.162538641294574,31.060526944775198,32.11045837402344,8240505,24.74545295715332,18.827485041618345,26.897447872161866,2.183909004501471,22.529629863158924,31.265265881164808,85.41622589472892
2015-10-11 19:00:00,32.70417498005578,33.174978129214054,32.49793789446296,32.9041633605957,6870909,24.97200897216797,18.936005573272706,27.191344928741454,2.5644969834627074,22.06235096181604,32.32033889566687,93.45860975425677
2015-10-12 19:00:00,32.45002359919931,32.72708705549954,31.2605134209686,31.306344985961914,6471079,25.153807601928712,19.03635151386261,27.419507694244384,2.7207523972296364,21.97800289978511,32.86101248870366,79.79472503628145
2015-10-13 19:00:00,31.306346345760552,32.80833489395215,30.95636917146075,32.10629653930664,10702025,25.352051467895507,19.139746479988098,27.640952110290527,2.916072547500847,21.808807015288835,33.47309720529222,80.98391206579505
2015-10-14 19:00:00,32.393774379583576,33.11456211005189,32.2062867395388,32.43335723876953,7394149,25.56239616394043,19.244884967803955,27.90760192871094,3.101943096096416,21.703715736518106,34.11148812090377,81.3802843239188
2015-10-15 19:00:00,32.7062575094448,32.7062575094448,31.664655411284322,31.85422706604004,3474645,25.76129554748535,19.346787700653078,28.18248043060303,3.199327433688678,21.783825563225673,34.58113529798038,77.13165991245417
2015-10-18 19:00:00,32.08129509881645,33.44579211858263,31.45633521345568,33.4166259765625,13251516,25.982314071655274,19.457120780944823,28.58016347885132,3.3349481482270638,21.91026718239719,35.250059775305445,83.45993278172145
2015-10-19 19:00:00,34.041582810386984,34.60196497039054,32.9145697866517,33.268714904785156,13045139,26.201506843566893,19.566938462257387,29.008052825927734,3.361276770323082,22.28549928528157,35.730606366573895,82.12393933412079
2015-10-20 19:00:00,33.38329803721045,34.22282776600612,33.018736139698824,34.05825424194336,12399740,26.435975608825682,19.67966808795929,29.47219009399414,3.3868716121667513,22.698446869660636,36.245933318327644,81.48943349796336
2015-10-21 19:00:00,34.11241495484294,34.360315561439066,33.645776569953306,33.86867904663086,6551129,26.666241073608397,19.791735830307008,29.92111978530884,3.342310575755262,23.236498633798316,36.605740936819366,78.67861524731447
2015-10-25 19:00:00,33.979087468834564,34.112414138414096,32.49793256888544,32.74791717529297,3703954,26.852161483764647,19.897527298927308,30.310053253173827,3.1846186449882414,23.940815963197345,36.67929054315031,69.11500301818609
2015-10-26 19:00:00,33.01873991866828,34.04992542808772,32.73334039810861,33.552040100097656,9134391,27.057355995178224,20.004533572196962,30.726381301879883,3.0252022650429873,24.67597677179391,36.77678583196586,68.3704830119278
2015-10-27 19:00:00,33.43537486258566,34.16449526926397,33.14372669991434,33.28955078125,7397485,27.257232055664062,20.1090061378479,31.160416030883788,2.7073304743209863,25.745755082241814,36.57507697952576,65.09975256554418
2015-10-28 19:00:00,33.74785247691434,33.90200926518933,33.07081234931716,33.22288513183594,4352271,27.443866119384765,20.214034261703492,31.575910377502442,2.3059872396271284,26.963935898248184,36.187884856756696,62.31676110764822
2015-10-29 19:00:00,33.122891927099616,33.66452468058605,31.70631472102847,32.352108001708984,13912341,27.60721607208252,20.3130002784729,31.886098861694336,1.922903126059343,28.04029260957565,35.73190511381302,51.21898653259167
2015-11-01 19:00:00,32.70625807357076,33.00207096735217,32.23753563037162,32.295867919921875,4485686,27.77664825439453,20.410394268035887,32.1456657409668,1.5595307326619572,29.026604275642885,35.264727206290715,46.6848369559568
2015-11-02 19:00:00,32.49584798051431,32.8104135669295,32.18545040551346,32.608341217041016,2503629,27.957203216552735,20.50864724636078,32.36367254257202,1.2624937001541896,29.83868514226364,34.888659942880395,58.25187087827136
2015-11-03 19:00:00,33.331216427870935,33.74369056787029,33.24788600957669,33.47495651245117,10530670,28.16957305908203,20.612230405807495,32.570951271057126,1.0625852215367841,30.44578082798356,34.6961217141307,58.60169115655066
2015-11-04 19:00:00,33.539540189481436,34.893620665032635,33.35204921820976,34.233245849609375,14853339,28.41996520996094,20.720246562957765,32.7867712020874,0.9245212090812925,30.937728783924815,34.635813620249984,60.73024230430379
2015-11-05 19:00:00,34.395736897396674,34.81029178167403,34.06034111619595,34.279075622558594,9670972,28.672372131347657,20.82697688579559,32.96915550231934,0.8321206866336353,31.30491412905207,34.63339687558661,65.43764017587937
2015-11-09 19:00:00,34.97693970938514,34.97693970938514,32.539594090283124,32.885406494140625,11017220,28.882903480529784,20.926344656944273,33.00790290832519,0.8077160070917516,31.392470894141688,34.6233349225087,46.54377171063147
2015-11-10 19:00:00,32.49793425085913,33.63952880172228,32.289613182536804,33.46453857421875,4918871,29.083327865600587,21.027811942100524,33.03592166900635,0.8136257717523764,31.408670125501597,34.663173212511104,51.2063782426086
2015-11-11 19:00:00,33.45829328998265,33.83118459466362,33.029153700766614,33.17914581298828,6868408,29.254604568481444,21.12476047039032,33.12956171035766,0.7045513517848779,31.72045900678791,34.53866441392742,44.2255352053598
2015-11-12 19:00:00,32.956246319810916,33.591623050657454,32.87291588842389,33.04582214355469,5699353,29.419508323669433,21.217595019340514,33.17653799057007,0.6628195287218638,31.85089893312634,34.5021770480138,44.55478686102864
2015-11-15 19:00:00,32.70625190689684,33.33121173345611,32.57500924996191,33.01873016357422,3063141,29.582188568115235,21.306676697731017,33.2058066368103,0.6408348762112875,31.924136884387725,34.487476389232874,52.095390565783795
2015-11-16 19:00:00,33.35830535812245,33.852022697818924,33.35830535812245,33.53746032714844,6644103,29.759396018981935,21.399542360305787,33.28996829986572,0.5593360987735082,32.171296102318706,34.40864049741273,49.881978026050064
2015-11-17 19:00:00,33.51870020502831,34.35198109942909,33.447870517269116,33.74368667602539,9755191,29.946081771850587,21.493446903228758,33.30632133483887,0.5679487708168133,32.170423793205245,34.442218876472495,53.70998372641935
2015-11-18 19:00:00,33.90409630759134,34.15616494373325,33.43745788945912,33.566619873046875,3777332,30.130324401855468,21.58562358379364,33.32121658325195,0.5708098603176077,32.17959686261674,34.462836303887165,52.75832597640968
2015-11-19 19:00:00,33.54161376856942,33.84784332424972,33.437453244355964,33.518699645996094,1545954,30.311309242248534,21.675179963111876,33.29423885345459,0.5463695071113773,32.20149983923183,34.386977867677345,60.7857936409967
2015-11-22 19:00:00,33.6436959346806,33.83118358445536,32.939576901626204,33.162479400634766,1736072,30.483007583618164,21.76576880455017,33.25892887115479,0.5298617619417462,32.199205347271295,34.31865239503828,57.591225899928695
2015-11-23 19:00:00,33.329126963964825,33.612442388077596,32.72916527916184,32.81249237060547,1549707,30.623133811950684,21.85416711330414,33.26215763092041,0.5267717145882619,32.20861420174389,34.315701060096934,51.77661941364289
2015-11-24 19:00:00,33.01873469874394,34.14366386634303,32.810416936747785,33.7311897277832,7608448,30.75723316192627,21.94697341442108,33.271115112304685,0.5334414030371739,32.20423230623034,34.33799791837903,52.20983024082116
2015-11-25 19:00:00,34.164497105079796,34.164497105079796,33.01873451118691,33.145809173583984,3841122,30.885287551879884,22.03306534767151,33.26392803192139,0.5341477964655772,32.19563243899023,34.332223624852546,40.33332587304074
2015-11-26 19:00:00,33.32704888715786,33.32704888715786,32.768750648757134,32.956241607666016,1157381,30.99086421966553,22.116995906829835,33.25059585571289,0.5385357818579714,32.17352429199695,34.32766741942883,38.533799159212066
2015-11-29 19:00:00,32.98748871708816,33.12289609419382,31.310513295261103,32.76667022705078,1738156,31.104190406799315,22.201153483390808,33.27132396697998,0.5093187130004158,32.25268654097915,34.28996139298081,48.699296117194564
2015-11-30 19:00:00,32.33336464175314,33.10206801882782,31.129276275634766,31.129276275634766,4328923,31.199642791748047,22.27598014354706,33.21299438476562,0.6687581769638701,31.875478030837883,34.55051073869336,29.23314175842293
2015-12-01 19:00:00,31.331341274994912,32.23545191992676,30.414733221475867,32.13545608520508,6312231,31.333092613220217,22.356610646247862,33.18935012817383,0.6989396029267856,31.791470922320258,34.5872293340274,41.77336453234853
2015-12-02 19:00:00,32.08129503630524,32.28544809043389,31.585490502158056,31.800060272216797,3533849,31.474875259399415,22.43548686504364,33.10560531616211,0.760543650036195,31.58451801608972,34.6266926162345,40.48372667694343
2015-12-03 19:00:00,31.875058442608942,32.47710421107616,31.71881764098654,31.885475158691406,4646202,31.61707458496094,22.516003699302672,32.98821678161621,0.7585182680462157,31.47118024552378,34.50525331770864,41.41961280871383
2015-12-06 19:00:00,32.04171722870836,32.05004994012484,31.306347991491737,31.691740036010742,1891167,31.753107681274415,22.59949390411377,32.85885000228882,0.7473274991603013,31.364195003968216,34.353505000609424,35.30186577445026
2015-12-07 19:00:00,31.581329999136848,31.977138751423173,31.362595501571132,31.55008316040039,2549908,31.88472438812256,22.68041301727295,32.79208383560181,0.802446273259994,31.18719128908182,34.39697638212179,32.35003793710544
2015-12-08 19:00:00,31.66048812866211,32.081294957644694,31.56049229446514,31.66048812866211,3397514,32.01342456817627,22.761489934921265,32.70188131332397,0.8239846695009294,31.053911974322116,34.349850652325834,34.49675682283434
2015-12-09 19:00:00,31.820891897903298,32.06462779609073,31.456333366681115,31.64173698425293,2974753,32.15408218383789,22.8407803440094,32.625010871887206,0.8484663339277337,30.92807820403174,34.321943539742676,34.66121907948205
2015-12-10 19:00:00,31.725070002863315,31.797983710641766,31.170939739209114,31.300098419189453,1288712,32.28182418823242,22.91881088256836,32.53772468566895,0.8915964567244189,30.754531772220112,34.320917599117784,34.74402337900639
2015-12-13 19:00:00,31.248013104699275,31.352173634318294,30.31473966285581,30.600135803222656,1939114,32.37086013793945,22.991741590499878,32.41679496765137,0.9823265901563449,30.45214178733868,34.38144814796406,32.85991587717784
2015-12-14 19:00:00,30.852211241420743,31.31051701047305,29.479381253691727,29.766864776611328,3175294,32.42410682678223,23.062183241844178,32.22826519012451,1.1095213452076866,30.009222499709136,34.44730788053988,18.874661708451683
2015-12-15 19:00:00,29.99809438239662,31.24801415336194,29.898098547740116,30.42514991760254,5657243,32.467645721435545,23.13559168815613,32.06233835220337,1.1190645244832114,29.824209303236948,34.30046740116979,28.880899030783894
2015-12-16 19:00:00,30.373071502552502,31.07927452646277,30.373071502552502,30.918869018554688,3034373,32.49943546295166,23.21245038509369,31.92995080947876,1.0879225200462155,29.75410576938633,34.105795849571194,34.89801562099713
2015-12-17 19:00:00,30.956367954140767,31.143855600385617,30.41889983415349,30.845958709716797,2378969,32.51801769256592,23.28864305973053,31.796313762664795,1.0458356413096692,29.704642480045457,33.88798504528413,35.5121975923056
2015-12-20 19:00:00,30.97719742071949,31.141770937504404,30.5730559928747,30.87720489501953,1871155,32.52293399810791,23.365726275444032,31.682050037384034,1.0130438803285688,29.655962276726896,33.70813779804117,47.490614345487785
2015-12-21 19:00:00,31.018861324788382,31.248015835256407,30.518895377414957,30.614723205566406,1777347,32.49301929473877,23.44172897338867,31.57216157913208,1.0031182277486719,29.565925123634734,33.57839803462942,32.22975159604201
2015-12-22 19:00:00,30.727211639211355,30.758458470648552,30.31265355524187,30.414730072021484,722946,32.443230628967285,23.52031045913696,31.406338596343993,0.8958082887173915,29.61472201890921,33.19795517377877,33.282973634349915
2015-12-27 19:00:00,30.51889453940127,30.76887916282619,30.31265747356608,30.4605655670166,767974,32.42631504058838,23.597992615699766,31.272076416015626,0.8193443908377979,29.63338763434003,32.91076519769122,32.639530846743
2015-12-28 19:00:00,30.52514412635407,30.883453994566597,30.125170705233693,30.22724723815918,1558045,32.38873405456543,23.672421221733092,31.135626697540282,0.7482634102001696,29.63909987713994,32.63215351794062,32.32772073317027
2015-12-29 19:00:00,30.393900722519287,30.498061258899043,30.060588994027018,30.118921279907227,552424,32.342445335388184,23.742652144432068,31.003239250183107,0.6751577857132368,29.652923678756633,32.35355482160958,32.589880082546784
2015-12-30 19:00:00,30.09183776164082,30.20641169583564,29.685612351046608,30.0501708984375,896803,32.30636421203613,23.812724823951722,30.94928398132324,0.7069263792211004,29.53543122288104,32.363136739765444,30.209886266677913
2015-12-31 19:00:00,29.998094680607633,30.3105729698529,29.998094680607633,30.248079299926758,809666,32.24299327850342,23.884830527305603,30.854915142059326,0.6649783295178647,29.524958483023596,32.184871801095056,33.5949420518278
2016-01-03 19:00:00,30.39390056577063,30.414733998221106,29.789774096370557,29.954347610473633,693761,32.17670593261719,23.95371296405792,30.762629508972168,0.6549052641911018,29.452818980589964,32.07244003735437,33.978163136565996
2016-01-04 19:00:00,29.16481270459784,30.05017058762027,28.80025084777294,29.916847229003906,1241183,32.0938777923584,24.02287167072296,30.664198112487792,0.6244959109038439,29.415206290680104,31.91318993429548,40.34160271591198
2016-01-05 19:00:00,29.87310011713339,30.933448237285766,29.831436566947268,30.504308700561523,2652888,32.02659038543701,24.09389328479767,30.604826545715333,0.5762460308165808,29.452334484082172,31.757318607348495,61.20235710390762
2016-01-06 19:00:00,30.314737763769493,30.977193124462616,29.935594519933435,30.204328536987305,3115674,31.9757186126709,24.162935757637023,30.53753881454468,0.5373162395634162,29.462906335417845,31.612171293671512,46.23578021383489
2016-01-07 19:00:00,30.41473353484354,30.477230518037903,30.106419943785117,30.170997619628906,1633925,31.908097763061523,24.234006757736207,30.46306428909302,0.4728343579633345,29.51739557316635,31.408733005019688,34.87788924490492
2016-01-10 19:00:00,30.206411262469118,30.27932495882408,28.893994546922343,29.279386520385742,1523440,31.82789447784424,24.30287673473358,30.344946765899657,0.4577210724684165,29.429504620962824,31.26038891083649,26.20258321207686
2016-01-11 19:00:00,29.164812484342846,29.164812484342846,28.333615565433213,28.837749481201172,2346449,31.740191764831543,24.37052016735077,30.221829319000243,0.5148752471818516,29.19207882463654,31.251579813363946,22.453685097823424
2016-01-12 19:00:00,28.644012952187172,29.373130028914606,28.644012952187172,28.758586883544922,1799444,31.66832134246826,24.437218985557557,30.129751873016357,0.6011056212813694,28.927540630453617,31.331963115579097,23.62353989631015
2016-01-13 19:00:00,28.541939004542243,28.560685118365473,27.32118034362793,27.32118034362793,3807768,31.568827590942384,24.49504575252533,30.007467651367186,0.8682271642003546,28.27101332296648,31.743921979767894,17.47712947259126
2016-01-14 19:00:00,27.4253374684053,27.810731081264997,25.958764028948973,26.23166275024414,2030003,31.441294021606446,24.548507051467894,29.797793292999266,1.203624508879435,27.390544275240394,32.20504231075814,13.541694415366536
2016-01-17 19:00:00,25.217147125614307,27.54199981689453,24.921332595240028,27.54199981689453,4048333,31.322634887695312,24.612400250434874,29.62894983291626,1.2729402010447515,27.083069430826757,32.174830235005764,30.47564578317062
2016-01-18 19:00:00,27.914896079994385,28.91899601964114,27.914896079994385,28.777339935302734,2888033,31.21351676940918,24.68468852519989,29.525518894195557,1.2527302390146093,27.02005841616634,32.03097937222478,41.61896711596668
2016-01-19 19:00:00,28.33153285963634,29.058569282170616,28.12321179060817,28.28986930847168,3525510,31.093732643127442,24.7549645614624,29.396152114868165,1.239320432739266,26.917511249389634,31.874792980346697,39.54987600098828
2016-01-20 19:00:00,28.33153347025911,28.914829825545738,28.04196929852016,28.246122360229492,1874074,31.00094696044922,24.828577437400817,29.277722072601318,1.2298807601667425,26.817960552267834,31.7374835929348,37.8936851662862
2016-01-21 19:00:00,28.539854288504415,29.656450726615198,28.539854288504415,29.65228271484375,5042280,30.92470184326172,24.90584331512451,29.23959970474243,1.2043336044575037,26.830932495827426,31.648266913657437,48.38995975941453
2016-01-24 19:00:00,30.2251625061372,30.93553352086264,29.789774247202885,30.02100944519043,5057289,30.86153911590576,24.981752815246583,29.217621898651124,1.184730754491075,26.848160389668976,31.587083407633273,50.5362613458784
2016-01-25 19:00:00,29.593952442885605,31.14176905792025,29.37729867040702,30.99594497680664,3102332,30.8205415725708,25.059367909431458,29.256056785583496,1.2307827437845027,26.794491298014492,31.7176222731525,52.433996383363464
2016-01-26 19:00:00,31.329255162888348,31.37300271641202,30.623052229045264,30.76679229736328,3544689,30.775502815246583,25.134623699188232,29.2884503364563,1.2627975812661565,26.762855173923988,31.814045498988612,52.804316448519465
2016-01-27 19:00:00,31.24801563800227,31.454252708198613,30.581392170242452,30.83762550354004,2439423,30.721506118774414,25.20671672821045,29.327823066711424,1.2995387469120794,26.728745572887266,31.926900560535582,53.31127239529754
2016-01-28 19:00:00,31.24801690754619,31.456337992136664,30.00017771922359,30.1460018157959,2848008,30.649552421569823,25.27651107788086,29.322719192504884,1.295929702443567,26.73085978761775,31.91457859739202,54.39190573810108
2016-01-31 19:00:00,30.41473304860776,30.62305411378868,29.998094231450725,30.46472930908203,1139453,30.587514610290526,25.34656183242798,29.348238277435303,1.31392241727823,26.720393442878844,31.976083111991763,58.349359815136886
2016-02-01 19:00:00,30.227245959899296,31.143854024725215,30.227245959899296,30.99178123474121,2423996,30.53697624206543,25.42078603744507,29.40198497772217,1.359597336109606,26.682790305502955,32.12117964994138,60.95666601472758
2016-02-02 19:00:00,30.727212212434527,31.13343428151415,30.63554909562099,31.0355224609375,1944534,30.494437103271483,25.494579668045045,29.428545665740966,1.387174544607715,26.654196576525536,32.2028947549564,71.1105372897521
2016-02-03 19:00:00,31.35217354077884,31.55632658788477,30.727213678133992,30.848039627075195,4274723,30.45514804840088,25.566956644058227,29.46073122024536,1.4133427522518678,26.634045715741625,32.28741672474909,79.23485545221597
2016-02-07 19:00:00,30.820958665936153,30.933448596141275,30.435563367532822,30.641803741455078,1144039,30.393360328674316,25.638511142730714,29.48427152633667,1.4296224748910895,26.62502657655449,32.34351647611885,72.8221122520053
2016-02-08 19:00:00,30.623056990967655,30.716800816465778,29.581454880404486,29.737695693969727,5933664,30.32519805908203,25.705089063644408,29.50718698501587,1.4298386285781042,26.647509727859664,32.36686424217208,57.43309735542749
2016-02-09 19:00:00,29.585622641070916,30.008510198625334,29.268976317802327,29.421049118041992,1686458,30.25449420928955,25.76597939491272,29.53635196685791,1.4213891057509898,26.69357375535593,32.37913017835989,58.993072593710444
2016-02-10 19:00:00,29.383549046987714,29.675197225814465,28.35653171656057,28.49610710144043,2173425,30.169082946777344,25.81801696777344,29.523227977752686,1.4301332084148901,26.662961560922906,32.38349439458246,51.743179251240505
2016-02-11 19:00:00,28.541938660718685,29.246057663123704,28.541938660718685,29.108566284179688,2358539,30.128668746948243,25.874260807037352,29.612597274780274,1.3381749550187354,26.936247364742805,32.288947184817744,45.73667224015243
2016-02-14 19:00:00,29.456458697526898,29.99600742283866,29.16481055880679,29.698110580444336,1275370,30.07992183685303,25.93543110847473,29.785919666290283,1.0760383781264402,27.6338429100374,31.937996422543165,47.55286381947058
2016-02-15 19:00:00,29.99809783968993,30.22724905102889,28.664847500652396,29.029409408569336,1568885,30.024508819580078,25.988903493881224,29.860290145874025,0.9576788096794803,27.944932526515064,31.775647765232986,34.37086829570579
2016-02-16 19:00:00,28.966912867592164,29.16481724374326,28.22737563635413,28.702346801757812,1418792,29.960846252441407,26.036158981323243,29.856540489196778,0.9622778835652005,27.931984722066378,31.781096256327178,33.84415599923577
2016-02-17 19:00:00,29.060653125364926,29.18564377815928,27.396175214725563,28.125295639038086,1932443,29.889517364501952,26.08099250793457,29.848311805725096,0.9769714669331466,27.894368871858802,31.80225473959139,30.332261551619794
2016-02-18 19:00:00,28.058634188661614,28.058634188661614,27.08369549261829,27.423255920410156,1871572,29.806980819702147,26.119312925338747,29.80716848373413,1.0616526656110692,27.683863152511993,31.93047381495627,30.28651130674953
2016-02-21 19:00:00,27.498251214465228,28.794002532958984,27.289931807208134,28.794002532958984,2782968,29.749651107788086,26.16564534187317,29.76425447463989,1.0853256766727293,27.593603121294432,31.93490582798535,39.50260127424808
2016-02-22 19:00:00,29.164813481608615,30.10225165486703,28.591933861682957,29.748109817504883,8478986,29.711778564453127,26.219785537719726,29.750609493255617,1.0836419706169536,27.58332555202171,31.917893434489525,42.583834802139904
2016-02-23 19:00:00,29.92518008360167,29.998093780601074,29.271054069215698,29.779356002807617,2575340,29.68136371612549,26.273850297927858,29.689780044555665,1.043457813128686,27.602864418298292,31.776695670813037,42.49814615898951
2016-02-24 19:00:00,29.4252110220497,30.20641169583564,29.4252110220497,30.0501708984375,2302255,29.670364418029784,26.32968095779419,29.653948974609374,1.0164833291718312,27.62098231626571,31.68691563295304,45.28206892273683
2016-02-25 19:00:00,30.51889491750563,31.091774558632597,30.104336774812815,30.32515525817871,5770230,29.68153022766113,26.382914123535155,29.62832546234131,0.9912200157685355,27.64588543080424,31.61076549387838,48.14270521644592
2016-02-28 19:00:00,30.39389773287269,30.414731163381365,29.789771319780915,29.88559913635254,1475494,29.670739212036132,26.43415542602539,29.61530532836914,0.9857574093634396,27.64379050964226,31.58682014709602,50.917526285523614
2016-02-29 19:00:00,30.183498994888446,30.39390076060345,29.81060440670987,30.23766326904297,1355837,29.6571150970459,26.487560300827028,29.60395202636719,0.9767256278576951,27.6505007706518,31.55740328208258,55.04374241184427
2016-03-01 19:00:00,30.529308192029053,30.675132264959817,29.973090721292145,30.09600067138672,2203861,29.642115936279296,26.54122636795044,29.55916299819946,0.9291135250654533,27.700935948068555,31.41739004833037,60.94013092081495
2016-03-02 19:00:00,30.11683634675854,30.368901656360112,29.646033254853098,29.833520889282227,1280374,29.62124225616455,26.59841901779175,29.499062919616698,0.8652709191498378,27.768521081317022,31.229604757916373,55.206465532002326
2016-03-03 19:00:00,29.97309262927205,30.80637357237789,29.893933540542747,30.300155639648438,5607212,29.614950904846193,26.657309932708742,29.47166872024536,0.8281934700437825,27.815281780157797,31.128055660332926,54.40146025097018
2016-03-06 19:00:00,30.93344940267879,31.037609938670656,30.41681804770241,30.579307556152344,4125047,29.618242454528808,26.718463172912596,29.468543910980223,0.823651580237571,27.82124075050508,31.115847071455367,62.0154555044302
2016-03-07 19:00:00,30.831371265024995,31.006361486480106,29.99809364694708,30.121000289916992,7089378,29.611451148986816,26.77716185569763,29.48770914077759,0.834630302979905,27.81844853481778,31.1569697467374,60.77865458795992
2016-03-08 19:00:00,29.891855239868164,30.102257036708078,29.789778694157015,29.891855239868164,1028968,29.604743309020996,26.834706230163576,29.511249446868895,0.8392777189488523,27.832694008971192,31.1898048847666,64.17115686860132
2016-03-09 19:00:00,30.0501716157532,30.206412416880905,29.49812542358877,29.643949508666992,1606408,29.595243873596193,26.891517286300658,29.568641567230223,0.8047416360901366,27.95915829504995,31.178124839410497,69.214119010786
2016-03-10 19:00:00,29.789776196334874,29.933516288120106,29.643952098516703,29.731447219848633,597452,29.588869400024414,26.94650936126709,29.599785614013673,0.7980242147009742,28.003737184611722,31.195834043415623,60.426344535158954
2016-03-13 19:00:00,29.793938060899332,29.891849889876458,29.583536301716762,29.650197982788086,833014,29.57691177368164,26.997980737686156,29.59738998413086,0.7977853927488129,28.001819198633235,31.192960769628485,48.64863441893965
2016-03-14 19:00:00,29.685615639816994,29.764778050186766,29.227309912649236,29.310640335083008,627470,29.56403762817383,27.04906702041626,29.61145153045654,0.7896847475615837,28.032082035333374,31.19082102557971,44.03823031933321
2016-03-15 19:00:00,29.45229542491062,29.57728939773233,29.206478804395303,29.293973922729492,843437,29.55158016204834,27.10092794418335,29.641032886505126,0.7645176498340862,28.111997586836953,31.1700681861733,39.71681792362539
2016-03-16 19:00:00,29.685615453655448,30.289745274787325,29.623118465523326,29.85643768310547,5537169,29.538622741699218,27.154631690979002,29.727589988708495,0.6768485287072953,28.373892931293906,31.081287046123084,44.088330910863206
2016-03-17 19:00:00,30.102254785280905,30.435566538568633,29.902269721231367,30.264747619628906,5141091,29.53983112335205,27.21120062828064,29.869664573669432,0.41544103095071594,29.038782511768,30.700546635570863,54.819975025156694
2016-03-20 19:00:00,30.35223600198396,30.35223600198396,29.748109552728394,29.83976936340332,2054185,29.53320655822754,27.265301485061645,29.92195291519165,0.3299439536408582,29.262065007909932,30.581840822473367,45.03378798201973
2016-03-21 19:00:00,29.998097715603784,30.310576036463406,29.979348287447067,30.127256393432617,2740025,29.550163955688475,27.320728254318237,29.940910243988036,0.3303218309149956,29.280266582158045,30.601553905818026,50.37640857477431
2016-03-23 19:00:00,29.98559296672823,30.5397231467573,29.812686750815566,30.133501052856445,5850696,29.576078987121583,27.375997486114503,29.95861749649048,0.33069768660524496,29.29722212327999,30.620012869700968,53.850244024723665
2016-03-24 19:00:00,30.112670253855114,30.208498083008386,29.893935770818434,29.93976402282715,1801946,29.599702529907226,27.429500122070312,29.95309715270996,0.33000974329692606,29.29307766611611,30.613116639303815,45.02592744107292
2016-03-27 19:00:00,29.89393300655028,30.289741695945622,29.748108926941722,30.173080444335938,1147792,29.656740531921386,27.483036785125734,29.94549341201782,0.3226560218305247,29.30018136835677,30.590805455678872,44.32146612716418
2016-03-28 19:00:00,30.404316818777,30.498060636966123,30.06058838101527,30.170997619628906,2023332,29.73552722930908,27.53653730392456,29.95976333618164,0.3261597500682033,29.307443836045234,30.61208283631805,50.801074496597124
2016-03-29 19:00:00,30.20641582464874,30.310576370484856,28.80233908835761,29.333555221557617,5815674,29.771358337402344,27.586047954559326,29.914557933807373,0.3475675724371172,29.219422788933137,30.60969307868161,42.51395625046675
2016-03-30 19:00:00,29.535626153366714,29.535626153366714,29.1648155561523,29.22314453125,2111720,29.780274429321288,27.634731998443602,29.870915126800536,0.3771289228767772,29.116657281046983,30.62517297255409,44.14156289781306
2016-03-31 19:00:00,29.123150221926597,29.706446563651106,29.062737244539207,29.579368591308594,2994349,29.806064414978028,27.681627979278563,29.858207511901856,0.38269609000266896,29.092815331896517,30.623599691907195,48.03015651921272
2016-04-03 19:00:00,29.529374812131756,30.206415029028413,29.24397863484783,30.139753341674805,4699152,29.843937034606935,27.732466993331908,29.850187397003175,0.37454063868799126,29.101106119627193,30.599268674379157,55.64094088646999
2016-04-04 19:00:00,30.018924677538276,30.10433578508148,29.83143704211197,29.99809455871582,1995398,29.850853271484375,27.783369913101197,29.82112674713135,0.33550456935754885,29.150117608416252,30.492135885846444,58.2997664982568
2016-04-05 19:00:00,30.008508571076042,30.308489456492502,29.893934632213135,29.954347610473633,2255559,29.84952003479004,27.83522092819214,29.81279411315918,0.32968390013247717,29.153426312894226,30.47216191342413,57.92102267319702
2016-04-06 19:00:00,30.143920131863652,30.21683052114998,29.99809604008599,30.129335403442383,2308925,29.832187843322753,27.88877911567688,29.82466812133789,0.3368793233424567,29.150909474652977,30.498426768022803,53.60879244165605
2016-04-07 19:00:00,30.20433375433807,31.148020702469726,29.998096678156994,30.40015411376953,17437018,29.824855079650877,27.944043169021608,29.86247835159302,0.35734389537679484,29.14779056083943,30.57716614234661,51.85818221032387
2016-04-10 19:00:00,30.654298945081486,30.914700259540886,29.99809227113022,30.043920516967773,3525510,29.808980979919433,27.997568950653076,29.878102016448974,0.3581435066324824,29.16181500318401,30.594389029713938,52.855440046270104
2016-04-11 19:00:00,30.060587322968605,30.268908384147615,29.70644549480997,30.21891212463379,1413789,29.81043918609619,28.052861986160277,29.90653772354126,0.36165614288498715,29.183225437771284,30.629850009311234,51.323632461305216
2016-04-12 19:00:00,30.43556596869331,30.664720486767138,30.081424101133955,30.125171661376953,2140071,29.80364803314209,28.10802951812744,29.94726428985596,0.3359700946253635,29.275324100605232,30.619204479106685,49.88267722670135
2016-04-13 19:00:00,30.258491392554966,30.352235206589828,29.97309193892652,30.10641860961914,1057736,29.78594078063965,28.163077545166015,29.98788652420044,0.3000158469871761,29.38785483022609,30.587918218174792,52.4691089392058
2016-04-14 19:00:00,30.41473269588733,30.41473269588733,30.20224693473349,30.212663650512695,1831130,29.76948360443115,28.216305923461913,30.005697822570802,0.30236626205215367,29.400965298466495,30.61043034667511,50.609399785404825
2016-04-17 19:00:00,30.104334870083623,30.19599799237189,29.83352014118901,30.121000289916992,466538,29.75494281768799,28.270114164352417,29.998510456085206,0.2975546362037657,29.403401183677676,30.593619728492737,49.25093172742637
2016-04-18 19:00:00,30.206412018062647,30.46681334983738,30.206412018062647,30.379318237304688,2628706,29.74969310760498,28.326063385009764,30.025487899780273,0.30672262897366387,29.412042641832947,30.6389331577276,68.95750508789631
2016-04-19 19:00:00,30.414735711315554,30.466815982170235,29.585622702852547,29.756444931030273,7191107,29.75006809234619,28.3772594833374,30.006947326660157,0.31141856137992524,29.384110203900306,30.629784449420008,58.1528461467135
2016-04-20 19:00:00,30.102250588908596,30.758460600157093,29.89393284289731,30.008506774902344,7679325,29.7618172454834,28.42905526161194,30.00069761276245,0.3099961200822983,29.380705372597856,30.620689852927047,56.776271484556176
2016-04-21 19:00:00,30.021009823849067,30.41265052991961,29.99809569831243,30.28557586669922,1884080,29.797606620788574,28.4798855304718,30.017988204956055,0.31600447369177026,29.385979257572515,30.649997152339594,52.528864976147894
2016-04-24 19:00:00,30.4147342309996,30.4147342309996,30.123086053690226,30.35640525817871,1128613,29.822563400268553,28.53028920173645,30.027154445648193,0.3233142369355038,29.380525971777185,30.6737829195192,56.37034816530935
2016-04-25 19:00:00,30.310573540160895,30.435564195569793,30.206413004051026,30.395984649658203,1882412,29.83652088165283,28.57983543395996,30.03840379714966,0.3323697784414935,29.37366424026667,30.703143354032647,57.8634464611859
2016-04-26 19:00:00,30.414732867068423,30.67513419699029,30.26266008073235,30.581390380859375,2375633,29.867560501098634,28.63066905975342,30.100795555114747,0.3094215323656667,29.481952490383414,30.71963861984608,58.01918999776011
2016-04-27 19:00:00,30.72304596547296,30.93553172446226,29.998093577978675,30.18558120727539,4717496,29.897225189208985,28.68027865409851,30.148917388916015,0.23052515315348868,29.68786708260904,30.60996769522299,46.35523041832979
2016-04-28 19:00:00,30.310574800423066,30.602222988374972,30.021010618449186,30.223079681396484,3585547,29.939180870056152,28.730238761901855,30.18110294342041,0.18779763645269196,29.805507670515027,30.556698216325792,53.412766291398384
2016-05-01 19:00:00,30.185579112717697,30.298072345130844,30.060585159723317,30.204328536987305,2496124,29.994802322387695,28.778706607818602,30.184331703186036,0.18760431957302035,29.809123064039994,30.559540342332078,49.70461794266358
2016-05-02 19:00:00,30.483978657088468,30.483978657088468,30.185116087948753,30.29398536682129,1555960,30.024801979064943,28.822500619888306,30.19912624359131,0.183772501977568,29.831581239636172,30.566671247546445,53.42488865155192
2016-05-03 19:00:00,30.21713966575833,30.74015092512023,30.21713966575833,30.671836853027344,3479231,30.04327651977539,28.86900755882263,30.235000705718996,0.20254609839974455,29.829908508919505,30.640092902518486,60.01232111084541
2016-05-04 19:00:00,30.78284431600814,30.953621003993742,30.673971631045234,30.746553421020508,1801529,30.06262046813965,28.915922384262085,30.265861606597902,0.23066798170898203,29.80452564317994,30.727197570015864,59.5607764698167
2016-05-05 19:00:00,30.951485566120247,30.953617728122328,30.60779327396926,30.742279052734375,1170722,30.076462631225585,28.961631851196287,30.282967853546143,0.25277754623549126,29.777412761075162,30.788522946017125,61.4851918741304
2016-05-08 19:00:00,31.006991311973167,31.551347977083076,30.932277355567383,31.3165283203125,9378291,30.096290092468262,29.01045280456543,30.34659824371338,0.33593235127393617,29.67473354116551,31.018462946261252,65.51350716496661
2016-05-09 19:00:00,31.167094897037682,32.34119649636765,31.124400725537306,31.658082962036133,8818779,30.131739768981934,29.062611665725708,30.418556785583498,0.4439231876683713,29.530710410246755,31.30640316092024,84.71019770419709
2016-05-10 19:00:00,31.871554925879472,32.018850655768574,31.44460645121106,31.6495418548584,3112755,30.15997734069824,29.1151739692688,30.49477529525757,0.5159228991651571,29.462929496927256,31.52662109358788,82.876108798474
2016-05-11 19:00:00,31.914252204185033,31.956946376779687,31.487307083075628,31.63246726989746,2124645,30.19070667266846,29.169495553970336,30.571077728271483,0.5658916210156989,29.439294486240087,31.70286097030288,80.12112277864082
2016-05-12 19:00:00,31.50438349581683,31.50438349581683,31.06035732821311,31.15001678466797,1079833,30.21703659057617,29.22313799858093,30.617945384979247,0.5734113726296686,29.47112263971991,31.764768130238586,64.9884330554529
2016-05-15 19:00:00,31.27382949298026,32.21311137547875,31.060355257587997,31.76268196105957,6405622,30.246287117004396,29.27492756843567,30.70002946853638,0.6145568753860562,29.470915717764267,31.92914321930849,71.21871944347217
2016-05-16 19:00:00,31.858746836241107,32.018852523581494,31.179901030628507,31.36349105834961,2369379,30.26197078704834,29.323863210678102,30.749238109588624,0.6268055473185306,29.495627014951562,32.00284920422568,61.38666210510765
2016-05-17 19:00:00,31.39124066798335,31.63673809972592,31.369895279459737,31.581233978271484,528242,30.29117546081543,29.370687313079834,30.840477561950685,0.6071895899878726,29.62609838197494,32.05485674192643,71.4305797342543
2016-05-18 19:00:00,31.41045092487341,31.914248899650683,31.41045092487341,31.826725006103516,2083786,30.32987285614014,29.418850421905518,30.931388473510744,0.6121625824371265,29.707063308636492,32.155713638384995,73.1458988990466
2016-05-19 19:00:00,32.33906532321819,33.08195072037054,31.828864016649966,32.68062210083008,8579465,30.390606307983397,29.47267292022705,31.051140785217285,0.7062148754575378,29.638711034302208,32.46357053613236,78.79842118875774
2016-05-22 19:00:00,32.82151383165349,33.08622109227025,32.343332316636875,32.934654235839844,2704169,30.454670448303222,29.52779990196228,31.180053234100342,0.8015986209358416,29.57685599222866,32.783250475972025,79.57916164768248
2016-05-23 19:00:00,33.08621985320852,33.49395172545409,33.067006627806016,33.37227249145508,3322468,30.52911193847656,29.582832765579223,31.328867626190185,0.9164230778293195,29.496021470531545,33.161713781848825,79.84897217762065
2016-05-24 19:00:00,33.6754039914109,33.750117935670715,33.08834985217524,33.26340103149414,1980389,30.608167152404786,29.637604389190674,31.462968158721925,0.9942156946274892,29.474536769466948,33.451399547976905,77.61122198865631
2016-05-25 19:00:00,33.227111007474115,33.83550715357182,33.088350715663445,33.58147430419922,4491940,30.69391716003418,29.69383768081665,31.632762813568114,1.0528302324746854,29.527102348618744,33.73842327851749,79.14115810064354
2016-05-26 19:00:00,33.837641663520195,35.25937271118164,33.837641663520195,35.25937271118164,6882166,30.801975860595704,29.75835751533508,31.884577465057372,1.2764560089331098,29.331665447191153,34.437489482923596,82.99395340849384
2016-05-29 19:00:00,37.02053451538086,37.02053451538086,36.50392991259628,37.02053451538086,12140831,30.937091598510744,29.826200704574585,32.225387763977054,1.6573479779070643,28.910691808162923,35.540083719791184,86.25870753789634
2016-05-30 19:00:00,38.42518504012112,38.67494678896578,36.97356625202809,37.47949981689453,15725544,31.089886207580566,29.897136631011964,32.584663486480714,1.9666032889603469,28.65145690856002,36.51787006440141,87.1565280667252
2016-05-31 19:00:00,37.784765744625545,39.35166049431291,37.150749665919726,39.262001037597656,10222563,31.272581100463867,29.97696789741516,33.01417169570923,2.4140098376904344,28.18615202032836,37.842191371090095,89.69349441453264
2016-06-01 19:00:00,39.51603340552514,40.9868620080115,39.022909794943445,40.25891876220703,7477117,31.475089454650877,30.058806581497194,33.489789962768555,2.8427325543112096,27.804324854146135,39.17525507139097,94.98211335554957
2016-06-02 19:00:00,40.75203953714394,42.26983331912744,40.39980841123771,42.01580047607422,15510411,31.71661018371582,30.147962532043458,34.05346603393555,3.342949091505811,27.367567850923926,40.73936421694717,95.49160177099142
2016-06-05 19:00:00,42.16096933025837,44.11638281849204,41.62728707669079,44.045936584472656,7120647,31.994067306518556,30.249070920944213,34.68993644714355,3.95093334647122,26.78806975420111,42.59180314008599,99.15604752274517
2016-06-06 19:00:00,44.487820494004644,45.04071589062182,41.853561567277175,42.096920013427734,6237185,32.232585754394535,30.3416525554657,35.211878299713135,4.210328252634279,26.791221794444574,43.632534804981695,85.93518530588834
2016-06-07 19:00:00,42.67117789226348,43.335078334735414,41.48213054635165,42.118282318115234,3137771,32.488280296325684,30.437961645126343,35.73531532287598,4.391012741824201,26.953289839227573,44.51734080652438,85.71638499934866
2016-06-08 19:00:00,42.41713880969111,42.64982290634463,41.66998227818767,41.95389938354492,1055235,32.74289539337158,30.539162950515745,36.25138692855835,4.488873335425179,27.27364025770799,45.229133599408705,83.80011479281121
2016-06-09 19:00:00,41.52268287735439,41.87278189165675,41.09360218816123,41.25370788574219,1126945,32.976382179260256,30.637137842178344,36.75657148361206,4.452939310333419,27.850692862945223,45.6624501042789,79.36693812715426
2016-06-12 19:00:00,40.794735433640184,41.093598014035535,39.70602223293749,40.06892776489258,3415442,33.17496566772461,30.725688285827637,37.171883773803714,4.348791647849677,28.47430047810436,45.86946706950307,72.4552082368646
2016-06-13 19:00:00,40.303747953746615,41.20033570739071,39.174476125290376,39.629173278808594,3262431,33.36758724212646,30.806617555618285,37.58516788482666,4.156241709308528,29.272684466209604,45.897651303443716,70.88230693474455
2016-06-14 19:00:00,40.23971049091187,41.285729591274624,39.343119295438136,40.4638557434082,5416678,33.57777740478516,30.8858602809906,38.0292989730835,3.950397253438135,30.12850446620723,45.930093479959766,71.83686106446551
2016-06-15 19:00:00,40.197013511787986,41.082926933237545,40.02837237818017,40.50868606567383,1887832,33.785364418029786,30.964400539398195,38.46339702606201,3.702159717377717,31.059077591306576,45.86771646081745,68.5808975158064
2016-06-16 19:00:00,40.367791818811625,40.399811598179014,39.91949793185477,40.103084564208984,679586,33.97942302703857,31.040492372512816,38.834520149230954,3.455789854283152,31.92294044066465,45.74609985779726,62.06949497846205
2016-06-19 19:00:00,40.13297304821025,40.87585842784768,40.13297304821025,40.363521575927734,1058987,34.185815048217776,31.11892454147339,39.20596351623535,3.176204379041258,32.85355475815283,45.55837227431787,61.47049782781986
2016-06-20 19:00:00,40.77339209975538,41.75536822902796,40.77339209975538,40.888668060302734,3267851,34.399210166931155,31.20132088661194,39.581783294677734,2.8805330682105037,33.82071715825673,45.34284943109874,57.188658258508546
2016-06-21 19:00:00,41.200334599494816,41.200334599494816,39.91949595592063,40.310150146484375,1560547,34.6029097366333,31.281099195480348,39.93412075042725,2.4685140914776116,34.99709256747202,44.87114893338247,50.23509863289181
2016-06-22 19:00:00,40.2397102519906,40.77339249324618,39.97286743378143,40.59193801879883,935577,34.812620124816895,31.36171159744263,40.284643936157224,1.9654509485204095,36.353742039116405,44.21554583319804,42.442847129510064
2016-06-23 19:00:00,40.34217555570587,40.34217555570587,38.852130309846366,39.97500228881836,2110470,35.00786689758301,31.438698797225953,40.520425415039064,1.5749289063199499,37.37056760239916,43.670283227678965,24.580260387909277
2016-06-26 19:00:00,40.00488941499812,40.965520218242936,39.812763933381746,40.31442642211914,652486,35.21173542022705,31.51124002456665,40.685120010375975,1.3451341787931117,37.99485165278975,43.3753883679622,36.06955592628941
2016-06-27 19:00:00,40.5599168875665,41.541892993604705,40.034773498180435,40.999671936035156,1999985,35.42414249420166,31.581107273101807,40.861128616333005,1.1140654502612963,38.63299771581041,43.0892595168556,42.0797574745285
2016-06-28 19:00:00,41.1982072995908,42.05210103150635,41.1982072995908,41.80874252319336,1136535,35.66518844604492,31.656435537338258,40.98846569061279,1.0661826449518201,38.85610040070915,43.12083098051643,49.058206463952864
2016-06-29 19:00:00,42.05636773773886,42.69465156331183,41.426619351572114,41.70627212524414,2084203,35.89914375305176,31.726579856872558,41.06083335876465,1.063173724094884,38.93448591057488,43.187180806954416,53.18317852598794
2016-07-03 19:00:00,41.94749172788213,42.36376582168553,41.520546638084795,42.12253952026367,857196,36.13588302612305,31.80169075012207,41.06617031097412,1.0684744929978842,38.92922132497836,43.20311929696989,66.19523741334433
2016-07-10 19:00:00,42.24421773580884,44.227386474609375,42.22500790638432,44.227386474609375,9379959,36.41330265045166,31.891044397354126,41.075242805480954,1.0955352329718868,38.88417233953718,43.26631327142473,78.7199337441602
2016-07-11 19:00:00,45.06420114971226,46.43683485847155,44.957467421031026,46.3599853515625,8229665,36.73258266448975,31.995529499053955,41.2883960723877,1.6022967831446633,38.08380250609837,44.492989638677024,81.68878366293214
2016-07-12 19:00:00,46.95984890278474,47.17331976811322,45.7900149801332,45.971466064453125,4613265,37.040384178161624,32.101832189559936,41.48105525970459,1.9095304846565793,37.66199429039143,45.300116229017746,78.31374420739073
2016-07-13 19:00:00,46.08887807362331,48.26844024658203,45.9501211609033,48.26844024658203,4948055,37.402041358947756,32.21929684638977,41.79678230285644,2.4401377101336985,36.91650688258905,46.67705772312384,85.38388015132836
2016-07-14 19:00:00,49.46175267960109,50.68068400501991,49.120195913213536,49.8566780090332,4623688,37.79471332550049,32.34412981033325,42.226930809021,3.027050006270003,36.172830796480994,48.281030821561004,86.89229223815775
2016-07-17 19:00:00,50.315644089274244,51.16953766542308,49.95273855549941,50.07655334472656,3132768,38.19215782165527,32.46966633796692,42.727312088012695,3.4492529427323495,35.828806202547995,49.625817973477396,86.5737286161548
2016-07-18 19:00:00,49.73926760285992,49.73926760285992,47.5746509957907,47.664310455322266,9951979,38.539564323425296,32.58186049461365,43.12906894683838,3.5362549973655173,36.056558952107345,50.201578941569416,75.54504110450145
2016-07-19 19:00:00,48.03148406706518,50.0466693873288,47.7112726794131,49.89083480834961,10194629,38.923944282531735,32.708270387649534,43.600417900085446,3.782032370321807,36.03635315944183,51.16448264072906,78.4557315597194
2016-07-20 19:00:00,50.16407821564112,50.27081533912872,48.437077804710995,48.68257522583008,4602008,39.28266471862793,32.82711827278137,44.00911235809326,3.8709478119954697,36.26721673410232,51.751007982084204,75.7155532683647
2016-07-21 19:00:00,48.88537507984164,49.1970442210592,47.81800724016282,47.99945831298828,1962461,39.62780830383301,32.93637387275696,44.403931045532225,3.854243553981755,36.69544393756871,52.11241815349574,72.24418390752817
2016-07-24 19:00:00,48.11687213609139,50.398900266295215,47.818009534063954,49.461753845214844,5548843,39.990712814331054,33.048159990310666,44.85884265899658,3.8890294105370007,37.08078383792258,52.63690148007058,73.43898191900323
2016-07-25 19:00:00,49.52579557646418,50.14059843427652,49.35501549588843,49.57062530517578,3064809,40.34896366119385,33.15477209091186,45.29294052124023,3.9070532417603125,37.47883403771961,53.10704700476086,72.36711900023019
2016-07-26 19:00:00,49.73926621568172,50.31564601433654,49.52579535984911,49.64107131958008,2386890,40.70879425048828,33.25633053779602,45.75948657989502,3.837220572160557,38.0850454355739,53.43392772421613,72.90768557112939
2016-07-27 19:00:00,49.897234824553074,49.9527355440188,48.88537118455247,49.58129119873047,1719812,41.06777072906494,33.35465275764465,46.2089542388916,3.7249032594461573,38.759147719999284,53.65876075778392,71.98588777461458
2016-07-28 19:00:00,49.632525758980314,51.105493238758534,49.132998897114874,50.313507080078125,6957213,41.451040534973146,33.453063344955446,46.72587947845459,3.5263231529138213,39.673233172626944,53.77852578428223,69.51936153688423
2016-08-01 19:00:00,50.38182488055673,50.646532156652896,50.05948131788682,50.225990295410156,1403366,41.82030670166016,33.543641004562375,47.22145767211914,3.2646127771783426,40.69223211776246,53.75068322647583,64.27109748253025
2016-08-02 19:00:00,50.27295559004058,50.37969272349342,49.229071992939126,49.527931213378906,1643098,42.183595504760746,33.62675984382629,47.64787063598633,2.9510825600564687,41.74570551587339,53.55003575609927,62.83513204833237
2016-08-03 19:00:00,49.94206468276015,50.1448645365193,48.99210836651007,49.15221405029297,924320,42.53501510620117,33.71598918914795,48.01504421234131,2.6251835077331886,42.76467719687493,53.26541122780769,53.70301700079854
2016-08-04 19:00:00,49.239741559578626,49.59624384656658,48.671903964496124,48.95155334472656,466538,42.87751167297363,33.80021547317505,48.37730827331543,2.1690638248216434,44.03918062367214,52.71543592295872,45.708512436963304
2016-08-07 19:00:00,49.09884982309762,49.20558695504149,48.735947648684004,48.968631744384766,285176,43.20327186584473,33.88289184570313,48.71961288452148,1.5940019481444,45.53160898823268,51.90761678081028,44.6439879924715
2016-08-08 19:00:00,49.09884477080782,49.73926410140868,48.82133097244039,49.406246185302734,1615164,43.532703704833985,33.97065194129944,48.978555870056155,1.197065266209799,46.58442533763656,51.37268640247575,60.40812121466297
2016-08-09 19:00:00,49.525796013741825,49.71792148410917,49.05615333438394,49.15862274169922,660407,43.848430709838865,34.04936192512512,49.11848773956299,1.026240808295745,47.066006122971494,51.17096935615448,44.26997352088626
2016-08-10 19:00:00,49.41905641440381,49.41905641440381,48.90671958894788,49.021995544433594,255991,44.163602600097654,34.12812832832336,49.27101421356201,0.7126862655997863,47.84564168236244,50.69638674476158,53.19146646695118
2016-08-11 19:00:00,49.28670575280295,49.73926737285957,48.889644858972666,49.03267288208008,896386,44.472626571655276,34.203000421524045,49.30922584533691,0.6756268825977155,47.95797208014148,50.66047961053234,61.121353494724104
2016-08-14 19:00:00,48.906720502048536,49.91004538931431,48.906720502048536,49.16716003417969,1594734,44.750782318115235,34.27949282646179,49.27474994659424,0.6637084440977762,47.94733305839869,50.60216683478979,45.55983579223348
2016-08-15 19:00:00,49.48310417712811,49.579166916845004,48.906724343663846,48.968631744384766,417341,44.98974426269531,34.36059639930725,49.21935386657715,0.6390418085082877,47.941270249560574,50.49743748359373,41.16542553012821
2016-08-16 19:00:00,48.994250156236646,49.38704336030963,48.77864372163916,48.86189651489258,421510,45.217392196655275,34.437145681381224,49.27923316955567,0.5329668379281562,48.21329949369935,50.34516684541198,38.68570846156744
2016-08-17 19:00:00,48.885373696483434,49.08817015116939,48.35168809416493,48.46482849121094,414839,45.40144874572754,34.51302206993103,49.20793285369873,0.5421469538107845,48.12363894607716,50.2922267613203,35.2343541890332
2016-08-18 19:00:00,48.65054713426116,48.77863302756487,47.570372850200556,47.76676940917969,744209,45.551605758666994,34.58574149131775,49.16214256286621,0.6216937599886465,47.91875504288892,50.4055300828435,16.01134292492695
2016-08-21 19:00:00,47.39106369018555,47.39106369018555,47.39106369018555,47.39106369018555,444858,45.65911102294922,34.66093626976013,49.13172283172607,0.692438026885189,47.746846777955696,50.51659888549645,14.867674491824857
2016-08-22 19:00:00,47.17759073708583,49.50018090597909,47.17759073708583,48.47977828979492,6670369,45.74778785705566,34.7418558216095,49.08262405395508,0.7025455751005418,47.677532903754,50.48771520415616,38.15725842948456
2016-08-23 19:00:00,48.67190096565047,48.88537521320112,48.074175788638776,48.38371276855469,970182,45.8735237121582,34.82073267936707,49.023278427124026,0.7092519822416785,47.60477446264067,50.44178239160738,40.731222095852246
2016-08-24 19:00:00,48.14035419234827,48.86402976807204,48.03148489898467,48.29619216918945,1115272,45.997081909179684,34.894838857650754,48.95603446960449,0.7113471461363955,47.533340177331695,50.378728761877284,41.87401912974874
2016-08-25 19:00:00,48.56516505039305,48.72527074004018,47.6685772625644,47.79025650024414,1888249,46.11380905151367,34.96262391090393,48.866482734680176,0.7406250033437594,47.38523272799266,50.34773274136769,36.968803153432866
2016-08-28 19:00:00,47.668579159461316,48.65055532944622,47.60453620202143,48.16810607910156,1881995,46.25209701538086,35.03206906318665,48.75921268463135,0.6722192523008373,47.414774180029674,50.10365118923303,36.124475346299235
2016-08-29 19:00:00,48.24495255212759,48.778634739186934,47.391059015735195,47.7304801940918,2813821,46.405328063964845,35.1062944316864,48.63443717956543,0.6147815694440844,47.404874040677264,49.8640003184536,34.64891023291173
2016-08-30 19:00:00,47.711273331583726,47.91407320083624,47.08152833478865,47.198936462402344,719194,46.55672332763672,35.17496642112732,48.517987442016604,0.6558357896786915,47.206315862659224,49.829659021373985,31.937450204624042
2016-08-31 19:00:00,47.23095692248972,48.09338935778755,46.665251520503396,47.74329376220703,2307258,46.7023120880127,35.247787160873415,48.44754142761231,0.65978246675975,47.127976494092806,49.76710636113181,38.4468302553638
2016-09-01 19:00:00,48.031482653638434,48.031482653638434,46.96411478803719,47.062313079833984,821757,46.833384628295896,35.31786961555481,48.35307941436768,0.7166190094500703,46.919841395467536,49.78631743326782,32.82231527170275
2016-09-04 19:00:00,46.96411236971412,47.17758661087449,46.40908477495727,46.8104133605957,529910,46.96753120422363,35.38682803153992,48.24516849517822,0.7788429962134228,46.68748250275137,49.80285448760507,32.53885952794515
2016-09-05 19:00:00,47.34623748879126,48.244960905506346,46.78480314682729,47.233097076416016,5565103,47.104922714233396,35.45530621528626,48.13651103973389,0.7596879603169804,46.61713511909993,49.65588696036785,37.46307747417625
2016-09-06 19:00:00,47.388931979618526,48.11473974872095,47.20107421347808,47.677120208740234,2349367,47.24069175720215,35.52497338294983,48.062435913085935,0.7262729391434477,46.60989003479904,49.51498179137283,43.98049439161287
2016-09-07 19:00:00,47.79666053076908,48.51179725203715,47.630154956719174,47.749698638916016,2766291,47.38948272705078,35.59588877677918,47.998821067810056,0.6927477024696572,46.61332566287074,49.38431647274937,49.85575990196186
2016-09-08 19:00:00,48.00586557903469,48.55448991891828,47.85002761133461,48.044288635253906,1673533,47.53852973937988,35.66851672172547,47.94940185546875,0.6489854738911972,46.651430907686354,49.247372803251146,55.59615913786489
2016-09-14 19:00:00,48.56516805121385,48.56516805121385,47.79666273051965,48.014408111572266,317279,47.69931785583496,35.74277636528015,47.89176425933838,0.5829737622910223,46.725816734756336,49.057711783920425,45.1295989626334
2016-09-15 19:00:00,47.92474560707108,48.23428259417363,47.8180084808176,47.832950592041016,408168,47.849688339233396,35.81787865638733,47.834980201721194,0.5249880512924258,46.785004099136344,48.884956304306044,44.33713239937338
2016-09-18 19:00:00,47.81800771228602,48.03148196136202,46.57986317893807,47.74329376220703,970182,47.98456077575683,35.88793917655945,47.77905006408692,0.46611057582452703,46.846828912437864,48.71127121573597,44.31766413376125
2016-09-19 19:00:00,47.248036322728915,47.81800946510512,46.96411583266345,47.179725646972656,549506,48.09198043823242,35.95810875892639,47.714794921875,0.4550445639738612,46.804705793927276,48.62488404982272,43.79881514659558
2016-09-20 19:00:00,47.17758448160491,48.03147801254497,46.69727085583468,47.045230865478516,2373132,48.19875961303711,36.02855370521545,47.67871799468994,0.4786950096837417,46.72132797532246,48.63610801405742,38.00177881256517
2016-09-21 19:00:00,47.18826300469686,48.45842732415084,47.18826300469686,48.016536712646484,5088559,48.316639556884766,36.104803037643435,47.70999164581299,0.47934412404302074,46.75130339772695,48.66867989389903,52.743673539875985
2016-09-22 19:00:00,48.43707960537849,48.43707960537849,47.39106390470432,47.59172821044922,434851,48.38392639160156,36.187115297317504,47.6655891418457,0.44412113755006816,46.77734686674557,48.55383141694583,53.84615959276309
2016-09-25 19:00:00,47.805194968313224,48.03147915297459,47.72194218894547,47.975975036621094,2404401,48.41624618530273,36.26631789207458,47.645202255249025,0.4180124317650371,46.80917739171895,48.4812271187791,52.35213364080178
2016-09-26 19:00:00,48.084845595911446,48.26629665193339,47.49779486627591,47.68351364135742,2449012,48.45048713684082,36.34573515892029,47.61456832885742,0.38925465987288144,46.83605900911166,48.39307764860319,56.814913765251994
2016-09-27 19:00:00,47.60666701976973,47.60666701976973,46.85737501732719,46.93849563598633,1492588,48.423888244628905,36.421000261306766,47.57198028564453,0.41477944287542756,46.74242139989367,48.401539171395385,51.26794710089651
2016-09-28 19:00:00,48.03148608688405,48.13822322058992,46.750643877576614,46.9897346496582,1055651,48.36654937744141,36.497490234375,47.513061714172366,0.4093006742007649,46.69446036577084,48.331663062573895,47.39960119283451
2016-09-29 19:00:00,47.070855138960134,47.30567479531817,46.94490477833502,47.017486572265625,787152,48.30536804199219,36.57482725143433,47.47741203308105,0.4202705724167119,46.63687088824763,48.317953177914475,42.26337430147603
2016-10-02 19:00:00,47.604531390698625,48.03361542749982,47.1989316931775,47.72194290161133,1066491,48.30652069091797,36.655134525299076,47.5035623550415,0.4182979070733278,46.66696654089485,48.34015816918816,49.716485164178316
2016-10-03 19:00:00,47.90339465587219,48.2470869645959,47.75396336491243,47.99518966674805,2011242,48.26860778808594,36.73690178871155,47.516157150268555,0.4295372865914537,46.657082577085646,48.37523172345146,49.49627538876144
2016-10-04 19:00:00,48.463585801783424,48.78886085382439,48.140483526666195,48.21204376220703,771309,48.25919715881348,36.821461515426634,47.57364368438721,0.4423461989736192,46.688951286439966,48.45833608233445,51.95270304395382
2016-10-05 19:00:00,48.248904865214634,48.85608215698097,48.248904865214634,48.68910598754883,1382937,48.27299011230469,36.91190636634827,47.667578315734865,0.470329915477769,46.726918484779326,48.608238146690404,57.992234104984874
2016-10-06 19:00:00,48.5980289649618,49.33314832320608,48.5980289649618,48.90595626831055,2062940,48.2618741607666,37.007601823806766,47.75122127532959,0.5335026991883304,46.68421587695293,48.81822667370625,60.60172627416551
2016-10-09 19:00:00,48.89945367615053,51.34984588623047,48.57417863424104,51.34984588623047,7477117,48.2974585723877,37.1122253036499,47.934857559204104,0.9645844455076471,46.00568866818881,49.8640264502194,78.31544189487273
2016-10-12 19:00:00,52.258441118779196,53.917335510253906,52.15435476364185,53.917335510253906,5998704,48.38298385620117,37.2272176361084,48.243239402770996,1.646876010384052,44.94948738200289,51.5369914235391,85.0736388695169
2016-10-13 19:00:00,53.988894433668946,54.21225243414778,52.47745919744079,52.73767852783203,4510285,48.446111602783205,37.33667623519897,48.4779088973999,1.9275129528513872,44.622882991697125,52.332934803102674,73.5938376343385
2016-10-16 19:00:00,52.94368579013568,53.98455967142268,52.47745962971309,52.659610748291016,2821742,48.49303367614746,37.44558826446533,48.71016902923584,2.137186043415897,44.435796942404046,52.98454111606764,76.23591797818445
2016-10-17 19:00:00,52.58588285933108,53.995401034744,52.10881352435427,52.58371353149414,1995815,48.54018814086914,37.55543321609497,48.947707176208496,2.2928959727859137,44.36191523063667,53.53349912178032,74.6404676236245
2016-10-18 19:00:00,53.01958338433476,53.377384550020025,52.48396629980617,52.735511779785156,1001451,48.60433975219726,37.66703712463379,49.1973180770874,2.4229256663081165,44.35146674447117,54.04316940970364,77.42884990495648
2016-10-19 19:00:00,53.01958331443778,55.3702278137207,53.01958331443778,55.3702278137207,6916354,48.72870002746582,37.79158543586731,49.60684318542481,2.735927880898036,44.134987423628736,55.07869894722088,87.98427924785102
2016-10-20 19:00:00,55.30733720944514,56.04462241682637,54.8627974469571,55.08831787109375,5470461,48.851435317993165,37.915890789031984,50.00899753570557,2.9242261292336518,44.16054527723826,55.85744979417287,85.74066859955173
2016-10-23 19:00:00,55.296489960113895,57.84229772248401,55.07963996551003,57.4476318359375,6544041,49.021015319824215,38.052534341812134,50.48055229187012,3.3196938112049614,43.8411646694602,57.11993991428004,88.17431232624558
2016-10-24 19:00:00,56.61927451834064,56.99659271527605,55.428772217110875,56.25930404663086,3681440,49.158076477050784,38.183580007553104,50.9139310836792,3.4843960190122027,43.9451390456548,57.882723121703606,80.1778455942318
2016-10-25 19:00:00,56.54338058008415,59.07183761929143,56.54338058008415,57.445472717285156,11400790,49.3238134765625,38.31956697463989,51.387405967712404,3.7008190970288273,43.98576777365475,58.78904416177006,81.37960386232335
2016-10-26 19:00:00,57.872659440652264,58.33237760563039,55.29866399487155,55.51551055908203,2751282,49.45368377685547,38.44737278938293,51.77900581359863,3.7026348950573165,44.373736023484,59.18427560371326,71.77395105046213
2016-10-27 19:00:00,55.079643683839976,57.007431161041595,52.73984256861734,54.747867584228516,4651622,49.56798767089844,38.57152789115906,52.16947441101074,3.574874933977753,45.01972454305523,59.319224278966246,67.75545429748112
2016-10-30 19:00:00,54.862798588869694,55.07964515505298,53.77855196254548,54.32501220703125,992279,49.67114471435547,38.69063140869141,52.536238288879396,3.3868259432738133,45.76258640233177,59.30989017542702,65.69131116065995
2016-10-31 19:00:00,54.64594906553449,57.03996276855469,54.27730472642795,57.03996276855469,3200726,49.83257133483887,38.824809579849244,53.03736209869385,3.266622444107252,46.50411721047934,59.57060698690835,66.221550869134
2016-11-01 19:00:00,58.54923039943843,59.89153052655119,57.57558151997396,58.87016677856445,7798566,50.032736740112306,38.96830542564392,53.594773292541504,3.2630257678131094,47.06872175691529,60.12082482816772,64.73927806366581
2016-11-02 19:00:00,59.18243362403468,59.63348140342878,58.00711310172579,58.503692626953125,2707505,50.23351402282715,39.11442695617676,54.12019844055176,3.1582817329840123,47.80363497458374,60.436761906519784,68.03199248717681
2016-11-03 19:00:00,58.33238007442499,59.61179382610082,58.16974600659697,58.52971649169922,2459018,50.44877296447754,39.26288679122925,54.636082077026366,2.9800650452598627,48.67595198650664,60.59621216754609,68.41746834479488
2016-11-06 19:00:00,58.96124567099977,60.934575419200044,58.766082024196976,60.049827575683594,4331008,50.7019482421875,39.41934299468994,55.204118156433104,2.8674560683173795,49.46920601979834,60.939030293067866,71.4784722211553
2016-11-07 19:00:00,60.479188417989896,60.69169978925775,59.416631561650625,59.65082931518555,2185933,50.92536926269531,39.58099123954773,55.74136180877686,2.621345214033347,50.498671380710164,60.98405223684355,69.61496304359352
2016-11-09 19:00:00,61.149248775544855,62.23349195511286,60.93457153682144,61.19044876098633,3353320,51.181503982543944,39.75578516960144,56.23339195251465,2.6766320860699517,50.88012778037475,61.58665612465455,67.60229557037614
2016-11-10 19:00:00,61.34659155000581,61.58512107358471,60.51388685246984,60.94975280761719,632890,51.4345751953125,39.922823934555055,56.58501281738281,2.8147171941609304,50.95557842906095,62.21444720570467,67.77124235619374
2016-11-13 19:00:00,61.04299665186657,61.84533757183601,60.07801477116845,60.403289794921875,1545120,51.686835861206056,40.08095368385315,56.96829338073731,2.785008767970172,51.39827584479696,62.53831091667765,60.06798548811294
2016-11-14 19:00:00,60.912886575391425,60.934572956983075,60.28402289545799,60.64399337768555,554926,51.936353607177736,40.24272430419922,57.36751251220703,2.7060138586171822,51.95548479497266,62.779540229441395,65.96653503603034
2016-11-15 19:00:00,61.02131861962186,63.6755485534668,60.956259467347486,63.6755485534668,12116649,52.255254974365236,40.419871435165405,57.92210426330566,2.808660055686485,52.304784151932694,63.53942437467863,69.99862608532524
2016-11-16 19:00:00,64.62317528870213,66.85888671875,64.59931613036602,66.85888671875,6787525,52.64845397949219,40.605904455184934,58.628273010253906,3.186110547048547,52.256051916156814,65.000494104351,83.70059939416853
2016-11-17 19:00:00,68.41585861769804,69.82537673878497,67.87589948937251,68.92761993408203,6844226,53.072140502929685,40.8004375076294,59.30614261627197,3.833002481508253,51.640137653255465,66.97214757928847,89.1042048147421
2016-11-20 19:00:00,69.25725300177781,72.37336730957031,68.41587778977363,72.37336730957031,6143794,53.57836158752441,41.007324619293215,60.170395088195804,4.685756251614263,50.798882584967274,69.54190759142433,92.66020881850449
2016-11-21 19:00:00,73.51181561071412,75.99040222167969,73.29496557975267,75.99040222167969,8966370,54.16196136474609,41.2334426689148,61.09753360748291,5.816661144994192,49.464211317494524,72.73085589747129,92.96040831786806
2016-11-22 19:00:00,76.33084478820422,79.0414561159785,75.3593652972085,76.29398345947266,11424555,54.743179092407225,41.46072445869446,62.099267578125,6.610564091305072,48.87813939551486,75.32039576073515,92.43691670189489
2016-11-23 19:00:00,76.3308443309611,76.50215569976591,74.17320123101115,74.45944213867188,5436690,55.27882553100586,41.682291660308834,62.94996604919434,7.059647916100004,48.83067021699433,77.06926188139434,86.26777099136032
2016-11-24 19:00:00,74.70230782946282,75.33333733294421,73.07810559535889,74.2100601196289,3238666,55.808032760620115,41.90101831436157,63.88469352722168,7.258310032984685,49.36807346125231,78.40131359319105,85.28350007519349
2016-11-27 19:00:00,74.59605520546228,75.89281667149717,74.36836889206515,74.97337341308594,3105667,56.34661445617676,42.1209262752533,64.89596881866456,7.3269578133031565,50.24205319205824,79.54988444527086,84.76460487023917
2016-11-28 19:00:00,75.24659844132587,75.66945525281544,73.73082121338567,74.1515121459961,1846557,56.86935653686523,42.33650622367859,65.8872938156128,7.160812063505788,51.56566968860122,80.20891794262437,83.12689664524187
2016-11-29 19:00:00,73.72865896059264,74.81290211944447,73.72865896059264,74.28813171386719,1081084,57.398460159301756,42.55370668411255,66.74970226287842,7.07735901867936,52.594984225519696,80.90442030023713,81.9711917640738
2016-11-30 19:00:00,76.54769127837272,76.76454127825644,73.31664145505293,73.68962097167969,6445647,57.91738670349121,42.76894577026367,67.49067497253418,6.9841391136348365,53.52239674526451,81.45895319980386,80.56387143347676
2016-12-01 19:00:00,73.75034428834701,74.37920793263037,72.64658064356718,73.17568969726562,1990812,58.43730598449707,42.986135740280154,68.22427482604981,6.757358366810379,54.70955809242905,81.73899155967057,80.68982180477207
2016-12-04 19:00:00,73.91298470409015,75.67813481784172,72.86127104078655,74.51582336425781,3139021,58.98671783447266,43.21160961151123,69.02358016967773,6.490467872665681,56.04264442434636,82.0045159150091,81.658870388508
2016-12-05 19:00:00,74.81074652820922,74.9430238117127,73.72866909953902,73.96070098876953,1779432,59.50560111999512,43.43893258094788,69.71912384033203,6.2178376564794835,57.28344852737307,82.154799153291,76.46467579240678
2016-12-06 19:00:00,73.78286689402577,74.37920786492658,73.29495782483752,73.5074691772461,1118607,60.023915939331054,43.66092709541321,70.41195583343506,5.794504109647138,58.82294761414078,82.00096405272933,69.90385682720678
2016-12-07 19:00:00,73.67661591002484,73.67661591002484,71.58185224674192,72.16734313964844,923486,60.5077433013916,43.87327325820923,70.96080055236817,5.38012845207256,60.20054364822305,81.7210574565133,60.14116145586304
2016-12-08 19:00:00,71.7770200246022,73.07594739301811,71.1264768496891,71.52547454833984,1512600,60.98458251953125,44.08575358390808,71.4895866394043,4.836676470428827,61.81623369854664,81.16293958026195,46.78078767363354
2016-12-12 19:00:00,72.64441020483578,73.1865282936422,71.39752618471518,71.80953979492188,3069812,61.482003402709964,44.3012895488739,72.0598991394043,4.072802033367316,63.91429507266966,80.20550320613893,28.74776422480457
2016-12-13 19:00:00,72.1890401528859,72.1890401528859,70.90963317279378,71.63824462890625,1392109,61.974973602294924,44.51885429382324,72.60961170196533,3.0691831743285714,66.47124535330819,78.74797805062248,26.01124439136646
2016-12-14 19:00:00,70.90962783068099,73.8370894035494,70.90962783068099,72.39287567138672,3719797,62.48248138427734,44.74370239257812,73.04547805786133,2.2408612342908367,68.56375558927965,77.52720052644301,38.01864333757676
2016-12-15 19:00:00,72.66610042674688,73.28411397703701,72.264929984825,72.82656860351562,800494,62.98457389831543,44.963865222930906,73.3438621520996,1.7075847818013037,69.928692588497,76.7590317157022,42.146751722554974
2016-12-18 19:00:00,73.29496349228556,73.72866354185653,72.54683849425024,73.04125213623047,2402733,63.48549514770508,45.180330934524534,73.54954376220704,1.3600183619605035,70.82950703828602,76.26958048612805,38.30402955778779
2016-12-19 19:00:00,72.46227229355226,72.94801556525822,71.56017666071193,71.69679260253906,909311,63.95519012451172,45.389918117523194,73.51571502685547,1.3986790214854992,70.71835698388448,76.31307306982647,36.02473410747592
2016-12-20 19:00:00,72.21071145931951,72.30829326880159,69.51094346517986,71.61003875732422,1631424,64.41360877990722,45.59771745681763,73.2966968536377,1.3321510746032106,70.63239470443128,75.96099900284412,34.665953745761584
2016-12-21 19:00:00,71.56016623690171,71.56016623690171,70.49760945142053,70.666748046875,850525,64.84882461547852,45.79942542076111,73.01533508300781,1.2579749398181284,70.49938520337156,75.53128496264407,33.34924666618478
2016-12-22 19:00:00,71.55800563346608,71.55800563346608,68.84955994818125,69.02954864501953,918483,65.2024186706543,45.99514516830445,72.7438404083252,1.4937480096161115,69.75634438909297,75.73133642755742,29.676882768751398
2016-12-25 19:00:00,69.60852372464046,69.8253737181504,68.09274654658196,68.31610107421875,1142372,65.4903939819336,46.185537357330325,72.44914245605469,1.7488720713338357,68.95139831338702,75.94688659872236,17.62164247019203
2016-12-26 19:00:00,68.22070367648905,71.73148345947266,67.4508853784882,71.73148345947266,6382691,65.8702700805664,46.39371477127075,72.28704795837402,1.6500449260759626,68.98695810622209,75.58713781052595,41.03589104202688
2016-12-27 19:00:00,72.8352379600732,75.31599012948809,72.55984024976104,73.09979248046875,10716618,66.27907371520996,46.61004612922668,72.23446197509766,1.6036034773996772,69.0272550202983,75.44166892989702,48.47303005588935
2016-12-28 19:00:00,72.85693159700845,74.16019072557287,72.53382243933838,73.21472930908203,3273271,66.69169403076172,46.82461899757385,72.1807918548584,1.5482603676698687,69.08427111951866,75.27731259019814,54.31946883776482
2016-12-29 19:00:00,73.0781161493017,74.59605948080103,72.97186390983421,73.19087982177734,4268886,67.10080139160156,47.037676858901975,72.15585479736328,1.5265435400942102,69.10276771717486,75.2089418775517,57.23711867935713
2017-01-01 19:00:00,73.62022954324462,76.84911346435547,73.13232049588443,76.84911346435547,7064362,67.53037910461425,47.27131742477417,72.33952598571777,1.8437416190692155,68.65204274757934,76.0270092238562,66.93386341997146
2017-01-02 19:00:00,77.84662562440435,78.93303470440219,76.33084826309312,76.93585968017578,7131487,67.96732994079589,47.506537446975706,72.46052780151368,2.0607288486093207,68.33907010429503,76.58198549873232,67.9026510203987
2017-01-03 19:00:00,76.6170868040837,78.04178683691909,76.54769590356071,76.75804138183594,2419410,68.35353813171386,47.74210790634155,72.60039482116699,2.2537957699457554,68.09280328127548,77.1079863610585,65.34997561285773
2017-01-04 19:00:00,76.10967159336293,76.87297847177459,75.8993260944323,76.1226806640625,1659775,68.7508056640625,47.97406407356262,72.73115539550781,2.3814420575451125,67.96827128041758,77.49403951059804,61.428586544769644
2017-01-05 19:00:00,75.89715754422772,76.97922800292525,75.35503247760525,75.81475067138672,2015828,69.11819122314454,48.20488683700562,72.91352577209473,2.4738586488561354,67.96580847438246,77.861243069807,59.5547488306519
2017-01-08 19:00:00,76.76455284611912,76.76455284611912,74.16236625079071,75.2119140625,3178212,69.51211929321289,48.4343932056427,73.09784774780273,2.5021671280271427,68.09351349174844,78.10218200385702,62.761753131066015
2017-01-09 19:00:00,75.22275038107877,75.22491626007881,74.27078448122924,74.6502685546875,3080652,69.91016731262206,48.66117467880249,73.23988418579101,2.5058116909641233,68.22826080386277,78.25150756771926,60.66972942318681
2017-01-10 19:00:00,74.61774231789632,75.35503101464816,74.5960559361116,74.81507873535156,1181146,70.31996864318847,48.88596788406372,73.39872589111329,2.4996223634009684,68.39948116431135,78.39797061791522,65.40011465187521
2017-01-11 19:00:00,75.02974579689653,78.16755236595218,74.87795494041488,77.03343200683594,9164826,70.7198380279541,49.119811305999754,73.63075370788575,2.6140988480554754,68.40255601177479,78.8589514039967,78.4842605308558
2017-01-12 19:00:00,77.52351734947442,78.88966973009933,76.54769914738814,76.93802642822266,7693501,71.08119522094727,49.355302591323856,73.8363265991211,2.707522443441711,68.42128171223767,79.25137148600452,82.09563256989883
2017-01-15 19:00:00,77.46929950132143,78.15237216526458,75.90147912321379,76.38722229003906,3828614,71.43886581420898,49.586602420806884,74.00362510681153,2.7586994214853156,68.48622626384089,79.52102394978216,72.02953265710885
2017-01-16 19:00:00,76.76454960931386,76.8729746210228,74.13633808590762,75.75403594970703,1909929,71.78335220336913,49.81470509529114,74.20648727416992,2.729154758309034,68.74817775755184,79.66479679078799,63.49809767911421
2017-01-17 19:00:00,75.75403604745242,76.54769968466543,74.81507916960169,75.10565185546875,2349784,72.08446868896485,50.040534534454345,74.38126792907715,2.665307474098803,69.05065298087955,79.71188287727476,59.121351323301994
2017-01-18 19:00:00,75.03192767726203,75.67813218167124,74.87796402559346,75.08830261230469,2131316,72.39321815490723,50.265110645294186,74.60234565734864,2.5204233932908737,69.56149887076688,79.64319244393039,59.15845029707083
2017-01-19 19:00:00,76.00556603949431,76.11399103909498,75.02974794079167,75.26177978515625,1210330,72.67464477539062,50.490564556121825,74.91395721435546,2.153759248709082,70.6064387169373,79.22147571177362,38.45425597916988
2017-01-22 19:00:00,75.57404497538764,76.8404427280217,75.44176770668356,76.14002227783203,5736876,72.97845016479492,50.724596891403195,75.30515327453614,1.5051795114225566,72.29479425169103,78.31551229738125,44.8090363136554
2017-01-23 19:00:00,76.87298120952194,78.49717684984495,76.22243108351205,77.71652221679688,10154187,73.32471481323242,50.96706377983093,75.60440521240234,1.3435673577769078,72.91727049684853,78.29153992795615,55.287128579532926
2017-01-24 19:00:00,77.84663547807216,78.5535605618819,76.36555338062848,77.05513763427734,4795878,73.65293769836425,51.20444262504578,75.80217247009277,1.2428234729081133,73.31652552427654,78.287819415909,55.128851810975384
2017-01-25 19:00:00,77.08982900601207,77.51919042122279,76.98140398816868,77.20692443847656,1514685,73.92356521606445,51.43977848052978,76.0017822265625,1.119896104087927,73.76199001838664,78.24157443473835,57.79129117460947
2017-01-26 19:00:00,77.37171811803307,78.28248397420448,75.46561366458711,75.85377502441406,2702502,74.10346298217773,51.66905688285828,76.13492698669434,0.9059848277666661,74.322957331161,77.94689664222767,53.31386426588433
2017-01-29 19:00:00,75.85378224725093,76.98139820955487,72.64441851448868,73.94767761230469,1671865,74.2038641357422,51.889023532867434,75.9898551940918,1.0117322990906092,73.96639059591058,78.01331979227302,46.8147821226577
2017-01-30 19:00:00,73.94551151281303,74.81290469015902,71.99386824165451,73.8023910522461,3603475,74.2324446105957,52.10738881111145,75.83318176269532,1.096587679972912,73.64000640274949,78.02635712264114,45.40080733182031
2017-01-31 19:00:00,75.24443853182252,77.19824767381503,74.37921123717949,75.86679077148438,4401468,74.2299723815918,52.33472199440003,75.78861923217774,1.0749206610950501,73.63877790998764,77.93846055436784,44.626473982426766
2017-02-01 19:00:00,76.75586864135948,78.04395275275928,76.54769593969223,77.65362548828125,5134003,74.25716522216797,52.57277051925659,75.86516647338867,1.1517285822811485,73.56170930882637,78.16862363795097,52.85170062236059
2017-02-02 19:00:00,78.06129672671211,78.06563538221431,76.2245900338422,76.62142181396484,1332906,74.30040481567383,52.80478306770325,75.90550003051757,1.1639302811474708,73.57763946822263,78.23336059281252,50.89881198822002
2017-02-05 19:00:00,76.81875787594151,77.41292610626873,75.89715563245396,76.315673828125,633724,74.34251708984375,53.035735578536986,75.96068801879883,1.1554494923091214,73.64978903418059,78.27158700341708,52.211025845109546
2017-02-06 19:00:00,76.35253795016492,78.28249493203963,75.91883789193572,77.10066986083984,4855081,74.38506301879883,53.27070683479309,76.08320808410645,1.1389825366359683,73.8052430108345,78.36117315737839,57.77030139109525
2017-02-07 19:00:00,77.30667541263887,80.95407104492188,76.76671622799874,80.95407104492188,7258232,74.52111419677735,53.524413871765134,76.39015769958496,1.536933648629364,73.31629040232623,79.46402499684369,67.59008524638172
2017-02-08 19:00:00,82.37660788929163,83.48686929462475,80.0172894697629,80.7849349975586,8923010,74.65105026245118,53.77773354530334,76.57773284912109,1.8220536807540637,72.93362548761296,80.22184021062922,66.56698069122018
2017-02-09 19:00:00,78.49933837834169,81.6436497414184,78.0656383564818,79.6009292602539,2516137,74.76927642822265,54.02384160041809,76.71087799072265,1.943045157504629,72.8247876757134,80.5969683057319,60.194171702762056
2017-02-12 19:00:00,79.73321083839728,80.45097903319319,76.33084929576249,77.32835388183594,3364160,74.85232971191407,54.26170114517212,76.7579345703125,1.9461879368843458,72.86555869654381,80.65031044408119,48.901680098300034
2017-02-13 19:00:00,77.41510046685474,77.7295254165337,75.02975708270401,76.24628448486328,2128814,74.88693893432617,54.49289003372192,76.78254699707031,1.9359094172789508,72.91072816251241,80.65436583162821,47.7645727221279
2017-02-14 19:00:00,76.80792289644056,77.84879335915295,75.46345688071113,76.02943420410156,3400016,74.92831359863281,54.721609325408934,76.82873611450195,1.9045609113789697,73.019614291744,80.6378579372599,46.75743179589233
2017-02-15 19:00:00,76.12483666382306,77.63193661900613,76.11399347374582,76.82526397705078,4875510,74.99466949462891,54.95395361900329,76.91558418273925,1.8601039102120616,73.19537636231513,80.63579200316337,52.760000572223
2017-02-16 19:00:00,76.979222627588,80.01510899327414,76.65612038701937,77.6232681274414,11508774,75.10378799438476,55.19009003639221,77.03365859985351,1.824203658983464,73.38525128188658,80.68206591782044,61.14400155813898
2017-02-19 19:00:00,78.0634769903648,78.7704019968846,73.75034947515,74.383544921875,4046248,75.16094940185548,55.40910080909729,76.94583473205566,1.9097659927551591,73.12630274654533,80.76536671756598,51.48361196300796
2017-02-20 19:00:00,74.33584291336284,74.5960588116982,72.42757229912378,73.33399963378906,3100664,75.19143859863281,55.62484290122986,76.72670860290528,2.0620376376549086,72.60263332759546,80.8507838782151,43.180761241808156
2017-02-21 19:00:00,73.94551769092155,74.27079274624185,70.47593089624739,71.85075378417969,2595769,75.19568878173828,55.832981271743776,76.46648941040038,2.329454130383463,71.80758114963346,81.1253976711673,34.11680733197012
2017-02-22 19:00:00,72.53600251871624,73.20823214425755,70.69278402239073,72.43408203125,2379386,75.19651290893555,56.04413003921509,76.22784729003907,2.4886462011351576,71.25055488776874,81.20513969230939,38.24999432669907
2017-02-23 19:00:00,72.66611891221702,73.07812575131929,70.47811158908573,71.08528900146484,2564917,75.16168731689453,56.248086557388305,75.9894229888916,2.74190570606405,70.5056115767635,81.47323440101971,36.134761742000585
2017-02-26 19:00:00,71.34114940005472,71.56016528895519,68.31176759108111,68.62837219238281,1256192,75.07342971801758,56.437869234085085,75.72345771789551,3.174275592920739,69.37490653205404,82.07200890373699,29.36949650306518
2017-02-27 19:00:00,68.37466071710774,70.03139274951992,67.87374252484922,69.11845397949219,1253273,75.02186294555663,56.62972873687744,75.48926086425782,3.4814024637826844,68.52645593669244,82.45206579182319,15.534232088583963
2017-02-28 19:00:00,70.09644636579507,70.90746467120367,65.7095890453763,69.7126235961914,7886954,74.98391464233399,56.82458045959473,75.18155250549316,3.710698755282888,67.76015499492738,82.60295001605894,18.535878901930857
2017-03-01 19:00:00,70.25907645999578,71.9917038696009,70.15282422515446,70.6580810546875,2548657,74.98374130249023,57.0212882232666,74.83177528381347,3.7941796619407095,67.24341595993205,82.42013460769489,24.23788870412399
2017-03-02 19:00:00,70.90962834862337,71.49511928793277,69.50011005871362,69.68009185791016,1381686,74.99675216674805,57.21139826774597,74.48470878601074,3.936656951850532,66.61139488230968,82.3580226897118,26.1914454093733
2017-03-05 19:00:00,69.63022440822105,71.01805637455415,68.30744469422386,68.42887878417969,1109435,74.99900772094726,57.395294952392575,74.09036903381347,4.133678484154546,65.82301206550439,82.35772600212256,25.91850615455411
2017-03-06 19:00:00,68.71945346189761,70.13980800375008,68.39417842812121,69.54564666748047,1197406,74.95529098510742,57.58486084938049,73.71261787414551,4.188941142065709,65.33473559001409,82.09050015827692,31.075936034644997
2017-03-07 19:00:00,70.46291385010403,70.88793656338518,70.0422228948147,70.18968200683594,1313727,74.89708877563477,57.78005917549133,73.17439842224121,3.8904482184920495,65.39350198525712,80.9552948592253,30.45975591179898
2017-03-08 19:00:00,70.3631654471453,72.42756540384987,69.82537907741305,70.82288360595703,4266801,74.84925186157227,57.97536018371582,72.67629585266113,3.480951102977662,65.7143936467058,79.63819805861645,29.778175657219492
2017-03-09 19:00:00,70.47591554265622,72.21070856205847,70.25906555301806,70.65156555175781,2037091,74.79846557617188,58.17180055618286,72.22882766723633,3.098113351767541,66.03260096370124,78.42505437077142,36.42527934356205
2017-03-12 19:00:00,70.90746409624971,71.12430723238398,70.04222984010532,70.4911117553711,478628,74.67130554199218,58.36634994506836,71.88696556091308,2.8749820635575216,66.13700143379803,77.63692968802813,38.94417777471845
2017-03-13 19:00:00,70.25907264296482,70.47592265448564,68.74112946002285,70.13113403320312,927656,74.53521102905273,58.55787199020386,71.58120803833008,2.707246076642619,66.16671588504484,76.99570019161531,42.67230617181201
2017-03-14 19:00:00,69.39168750336948,70.47593078840686,69.39168750336948,69.68443298339844,444858,74.39373886108399,58.7428910446167,71.26395797729492,2.52412082279273,66.21571633170946,76.31219962288039,38.14507661579999
2017-03-15 19:00:00,69.98802039130709,70.02054996551335,69.01220214216349,69.72563171386719,347297,74.26579788208008,58.926845932006835,70.90897636413574,2.1760734433870206,66.5568294773617,75.26112325090978,43.39297511683793
2017-03-16 19:00:00,69.40686542391383,70.58435181282199,68.95798352843809,69.57600402832031,704184,74.14102294921875,59.10786458969116,70.5066131591797,1.5118443838827045,67.48292439141429,73.5303019269451,55.93591157686271
2017-03-19 19:00:00,69.77116393595358,70.22221168640105,69.39167986263129,69.61286163330078,282674,74.02904190063477,59.289611892700194,70.26807899475098,1.215210969899055,67.83765705495287,72.69850093454909,53.28336898596222
2017-03-20 19:00:00,69.50010708159058,71.99170263222295,69.39168207180325,70.77084350585938,2262230,73.9514533996582,59.47555873870849,70.13992118835449,0.988950284734175,68.16202061888615,72.11782175782284,56.53804854549243
2017-03-21 19:00:00,70.93347612805698,70.96383292291434,70.23739433913886,70.42171478271484,887214,73.86358612060548,59.651370449066164,70.06846923828125,0.9070711247961332,68.25432698868899,71.88261148787352,48.42347912373101
2017-03-23 19:00:00,70.28076327547913,70.80120195507367,70.04222686883458,70.36967468261719,872622,73.7303109741211,59.818116149902345,69.9652488708496,0.7223606925150394,68.52052748581953,71.40997025587968,55.24756476070268
2017-03-26 19:00:00,70.74481823602798,70.74481823602798,66.85238178033717,69.09676361083984,2068360,73.57348571777344,59.97620246887207,69.86582260131836,0.6964707846267367,68.47288103206488,71.25876417057184,55.065719348234424
2017-03-27 19:00:00,69.0772609639429,69.38084965896738,68.37466761910166,68.53947448730469,362307,73.41653076171875,60.1225898361206,69.86137771606445,0.7050151244293138,68.45134746720582,71.27140796492309,41.660712185461115
2017-03-28 19:00:00,68.41586864644903,69.06207319663538,68.09059359443228,68.12312316894531,873873,73.26391250610351,60.261910858154295,69.81161117553711,0.7902011472405142,68.23120888105608,71.39201347001814,32.200300179529435
2017-03-29 19:00:00,68.59584771310926,68.7411340576016,65.07639069044461,65.72259521484375,1030219,73.07625137329102,60.380444831848145,69.61210975646972,1.2091357476933,67.19383826108312,72.03038125185633,16.323014533638954
2017-03-30 19:00:00,67.65472712381609,68.30744310203212,64.25453129808075,65.03302001953125,1659358,72.87514572143554,60.485380249023436,69.33085670471192,1.5571586328685778,66.21653943897476,72.44517397044908,15.277418916803555
2017-04-02 19:00:00,64.83784569968005,65.27154569431968,62.66935262418516,63.525909423828125,2185933,72.64042831420899,60.59252519607544,69.02314758300781,2.022919552741827,64.97730847752416,73.06898668849146,13.097400649817331
2017-04-03 19:00:00,63.1030639383452,64.37163458091322,63.1030639383452,64.21116638183594,606624,72.40185119628906,60.70298961639404,68.81226196289063,2.2903047326567214,64.23165249757719,73.39287142820407,19.6802433264197
2017-04-05 19:00:00,63.31990776187543,63.9682850299764,62.671530493774455,63.67987823486328,521572,72.1211183166504,60.81161951065064,68.51897354125977,2.5520638422317337,63.414845856796305,73.62310122572323,19.511189794566448
2017-04-06 19:00:00,64.40415443650865,64.40415443650865,63.755777133195956,64.1634521484375,278922,71.86328460693359,60.92616823196411,68.21766204833985,2.696109231279086,62.82544358578168,73.60988051089802,22.971628302888476
2017-04-09 19:00:00,64.38247263498369,66.57265254250763,63.872884002953704,64.93760681152344,898471,71.61789825439453,61.05051162719727,67.92339820861817,2.71788282150993,62.487632565598304,73.35916385163803,28.750333793303994
2017-04-10 19:00:00,65.27154687995134,67.6568830983914,64.40414687491608,67.09307861328125,1154879,71.44268432617187,61.18783115386963,67.74547386169434,2.645395659506478,62.45468254268138,73.03626518070729,40.332814859002106
2017-04-11 19:00:00,67.43787702279229,70.44773864746094,67.24921790813087,70.44773864746094,4314331,71.372685546875,61.33775056838989,67.74330520629883,2.643043094409952,62.45721901747893,73.02939139511874,48.939202661135994
2017-04-12 19:00:00,71.5580032075451,71.88110546290933,70.49761225883667,70.71446228027344,3071063,71.31092697143555,61.48877944946289,67.77247161865235,2.6738193994703647,62.42483281971162,73.12011041759308,50.966358893871515
2017-04-13 19:00:00,70.90962333092571,71.77701648729783,68.52428007992064,68.8473892211914,1028134,71.1705389404297,61.632500972747806,67.73061943054199,2.6487505785267627,62.43311827348847,73.02812058759552,45.51265068667831
2017-04-16 19:00:00,69.60853994309086,69.8253899871258,68.30961245589853,69.05340576171875,356470,70.99853454589844,61.77595039367676,67.69700813293457,2.6262722049810447,62.44446372297248,72.94955254289665,49.86361229894034
2017-04-17 19:00:00,69.36566567125104,72.50563889479628,69.36566567125104,72.18904113769531,1881995,70.90988693237304,61.93245225906372,67.82765998840333,2.7848759302676545,62.25790812786802,73.39741184893863,59.87788620223115
2017-04-18 19:00:00,69.54564772203122,73.5118138629524,69.17483403994922,73.08462524414062,2481949,70.84526596069335,62.096324634552005,68.00124816894531,3.001764627079293,61.997718914786724,74.00477742310389,63.08920271705308
2017-04-19 19:00:00,73.84497908478086,76.73742586788366,72.96848365024917,75.29777526855469,4442326,70.80920806884765,62.26985382080078,68.22759475708008,3.369719810913363,61.48815513525336,74.96703437890682,75.51303015691157
2017-04-20 19:00:00,76.58184089318604,77.46053184025865,75.8170969231155,76.2027587890625,1625170,70.71418182373047,62.450992603302005,68.51664695739746,3.789620697844836,60.937405561707784,76.09588835308713,79.42396524529752
2017-04-23 19:00:00,76.5796602056532,77.78922826247909,74.99538722038609,75.56291961669922,1514685,70.60974151611327,62.6272350692749,68.77630920410157,4.089338079423684,60.5976330452542,76.95498536294893,83.22679043249384
2017-04-24 19:00:00,75.59798736443786,79.34063893006379,75.59798736443786,77.47369384765625,6513188,70.56719680786132,62.80960517883301,69.19515571594238,4.5292278488559,60.13670001823058,78.25361141365417,84.28971686828741
2017-04-25 19:00:00,77.58106409536371,78.3151328321125,75.38324207034304,76.22467803955078,2099213,70.54512329101563,62.981684856414795,69.57941589355468,4.789216735062945,60.000982423428795,79.15784936368057,81.27340838216935
2017-04-26 19:00:00,75.46650872361742,76.91272517544283,74.61192025519063,74.9077377319336,707103,70.51835235595703,63.14769218444824,69.9186466217041,4.91915705844808,60.08033250480794,79.75696073860026,75.71630953907038
2017-04-27 19:00:00,75.77328637203095,77.78923087782283,74.72367481561805,76.84918212890625,3438790,70.53474731445313,63.32132539749146,70.47497596740723,5.047143253145531,60.38068946111617,80.5692624736983,77.00142091442139
2017-05-01 19:00:00,76.25535639821068,78.33703574191617,76.25535639821068,77.72129821777344,1928274,70.55266799926758,63.48879495620727,71.10938987731933,5.123958825040029,60.861472227239275,81.35730752739939,75.58063435680697
2017-05-02 19:00:00,78.22748285297067,79.10397835120264,77.13185476757107,77.83086395263672,979771,70.55681991577148,63.64614934921265,71.82463760375977,5.006740606561906,61.81115639063596,81.83811881688358,71.05991052180525
2017-05-03 19:00:00,77.789227568873,79.4764835804045,77.789227568873,78.5956039428711,2179262,70.64106109619141,63.80927003860474,72.54385948181152,4.887239116458889,62.769381248893744,82.3183377147293,71.85941877054485
2017-05-04 19:00:00,78.2274823400837,78.4466009856393,76.91272864622417,77.228271484375,3089407,70.71894653320312,63.9540691947937,73.22127914428711,4.519039381671208,64.1832003809447,82.25935790762952,73.90830259820477
2017-05-07 19:00:00,77.52627464212719,78.39182009408704,76.36491868138027,76.77906036376953,1013542,70.81751266479492,64.08868110656738,73.85205955505371,4.043633856320406,65.7647918424129,81.93932726769452,71.7375073684319
2017-05-08 19:00:00,77.24141452575851,77.46054013418491,75.0501723816694,75.53662872314453,883045,70.87956359863281,64.21598148345947,74.38201065063477,3.4673049052005527,67.44740084023367,81.31662046103587,60.542169398384566
2017-05-09 19:00:00,75.38104989676984,76.03623114881299,75.1619242869045,75.27587127685547,243066,70.96337524414062,64.35403928756713,74.79115028381348,3.015263055576143,68.7606241726612,80.82167639496576,57.18804167903419
2017-05-10 19:00:00,75.7075449097552,76.47448456632479,75.3788564855111,75.94639587402344,495722,71.10973571777343,64.48431709289551,75.0660831451416,2.844218704654838,69.37764573583193,80.75452055445128,52.36728438376426
2017-05-11 19:00:00,75.81710277880386,76.69360518635591,75.5760632227096,75.67686462402344,231392,71.24090393066406,64.61928853988647,75.3142032623291,2.65475936832608,70.00468452567694,80.62372199898127,47.98727365953535
2017-05-14 19:00:00,76.03622317034787,77.02228134118756,75.5979719966028,75.70753479003906,780898,71.36080215454102,64.75782892227173,75.65721054077149,2.175087956567955,71.30703462763557,80.0073864539074,50.580548101113074
2017-05-15 19:00:00,76.66730801083199,76.66730801083199,75.26929669014211,75.56072998046875,568684,71.45885513305664,64.888323802948,75.98257675170899,1.5247252085749041,72.93312633455918,79.0320271688588,41.053463136425975
2017-05-16 19:00:00,75.42267776106468,75.81710104742103,74.94060562997213,75.0852279663086,358971,71.56695785522462,65.01589681625366,76.12738609313965,1.2600309050547662,73.60732428303011,78.64744790324919,44.25539804110419
2017-05-17 19:00:00,75.18163691269754,75.38104412985639,74.50235315015254,74.70394897460938,99644,71.6924592590332,65.14121120452882,76.20835227966309,1.0955063460666796,74.01733958752973,78.39936497179644,48.8655601018282
2017-05-18 19:00:00,74.5133127864099,75.5979768438813,74.50235580935504,75.17945098876953,180528,71.80513534545898,65.26920200347901,76.20243606567382,1.1009884619276629,74.0004591418185,78.40441298952915,38.89210898426912
2017-05-21 19:00:00,74.94280192716334,78.93744287020871,74.94280192716334,78.59122467041016,2130899,71.97316619873047,65.41059059143066,76.32185935974121,1.2237218617443155,73.87441563625258,78.76930308322984,54.32557087915048
2017-05-22 19:00:00,78.44660197217448,79.81613360212405,78.32608915513401,78.49919128417969,1119858,72.12669235229492,65.55195659637451,76.46867294311524,1.3015397544054101,73.86559343430442,79.07175245192606,53.32895547889244
2017-05-23 19:00:00,79.09083136509024,82.42371117098858,78.90676529239593,82.27471160888672,3090241,72.3591552734375,65.71569049835205,76.70872383117675,1.8315026661523839,73.04571849887199,80.37172916348152,64.0974144352416
2017-05-24 19:00:00,83.04822482890935,85.89465551849707,82.17172926439231,84.90421295166016,3161118,72.64741729736328,65.89445049285888,77.14270057678223,2.584352342641205,71.97399589149983,82.31140526206464,76.81824651864268
2017-05-25 19:00:00,85.02033686845371,86.54763633067117,84.36296005791174,85.32929992675781,1774846,72.95138061523437,66.07633922576905,77.66377868652344,3.1076608706932713,71.4484569451369,83.87910042790999,79.9233157910195
2017-05-28 19:00:00,82.8290862287327,85.45858645082374,82.8290862287327,84.45060729980469,311025,73.2467041015625,66.25374910354614,78.04384994506836,3.448889657331042,71.14607063040627,84.94162925973045,82.01128914445908
2017-05-29 19:00:00,84.9984255424843,86.11596057889328,81.29521806277589,82.40399169921875,808832,73.50027130126954,66.41873783111572,78.27798461914062,3.5822102342717312,71.11356415059716,85.4424050876841,72.68796001971816
2017-05-30 19:00:00,82.17172038900135,84.69165096363665,82.17172038900135,83.62013244628906,1081918,73.78115386962891,66.59104537963867,78.56744804382325,3.7730011656226896,71.02144571257787,86.11345037506862,73.60473684951631
2017-05-31 19:00:00,83.70559554929484,84.45061428459351,79.4392397115708,80.40776824951172,722112,73.99705200195312,66.74797424316407,78.65805625915527,3.7954058575787193,71.06724454399783,86.24886797431272,62.32167433084034
2017-06-01 19:00:00,80.40776640502166,80.41872338265267,76.49639722416414,78.96592712402344,386905,74.1609536743164,66.89764051437378,78.7449390411377,3.780813992433621,71.18331105627045,86.30656702600494,57.905396750651
2017-06-04 19:00:00,79.98046162992067,81.72907514415434,79.98046162992067,80.46472930908203,1270367,74.36181396484375,67.0541283607483,78.92922248840333,3.7697572606142162,71.3897079671749,86.46873700963175,61.16542125264945
2017-06-05 19:00:00,80.85697665532807,82.1936373490259,78.88485306346298,79.98924255371094,2409821,74.55420532226563,67.20923141479493,79.15185317993163,3.6894799794871442,71.77289322095734,86.53081313890593,61.1654637518782
2017-06-06 19:00:00,80.40557625377906,83.48646641380692,79.10397515930791,81.42230987548828,1477996,74.8007162475586,67.3720334815979,79.45917510986328,3.6046445943705985,72.24988592112209,86.66846429860448,64.59724462376731
2017-06-07 19:00:00,82.17172517014082,83.26734631371926,81.07390844888056,82.63407897949219,934327,75.08260833740235,67.5428797340393,79.79355926513672,3.571671669197821,72.65021592674108,86.93690260353236,65.69481580666084
2017-06-08 19:00:00,82.6340692664074,82.6340692664074,80.42967468253515,81.20537567138672,446108,75.34425338745118,67.71007276535035,80.06998481750489,3.448094521961227,73.17379577358244,86.96617386142734,56.00522843009691
2017-06-11 19:00:00,81.073898511566,81.073898511566,77.17567521061602,78.28882598876953,620383,75.59557800292968,67.86456157684326,80.19904937744141,3.3222231311801034,73.5546031150812,86.84349563980162,49.572256838879845
2017-06-12 19:00:00,79.32309844812778,79.54222404995858,76.71770772791828,78.84102630615234,200123,75.87173812866212,68.01636781692505,80.36306419372559,3.15810041812463,74.04686335747633,86.67926502997486,41.96491313265195
2017-06-13 19:00:00,79.76134647064043,79.98266766045712,76.93245279944762,77.30496215820312,179277,76.14731918334961,68.1609740638733,80.47405090332032,2.997792508798137,74.47846588572405,86.46963592091659,31.258060425104986
2017-06-14 19:00:00,76.93463854322775,80.19959470988124,76.93463854322775,78.39839172363281,510732,76.43106369018555,68.31148506164551,80.65877304077148,2.7249362908200534,75.20890045913137,86.10864562241159,33.451918011537146
2017-06-15 19:00:00,77.83305131690605,78.66572586047391,76.25535805127227,76.52050018310547,370228,76.6878761291504,68.45513628005982,80.72582550048828,2.5964823313109986,75.53286083786628,85.91879016311029,31.92850369683164
2017-06-18 19:00:00,76.67169672082379,77.57010617680903,75.15973832366505,77.138427734375,129246,76.94737564086914,68.59998788833619,80.65318565368652,2.678374020902573,75.29643761188137,86.00993369549167,37.16482306645143
2017-06-19 19:00:00,76.25754917500052,77.5701073221984,73.2818374633789,73.2818374633789,414839,77.11426025390625,68.72774467468261,80.39231796264649,3.117320913485131,74.15767613567623,86.62695978961675,27.67366061998854
2017-06-20 19:00:00,71.21548575650804,73.40673479628833,69.61806723480359,72.694580078125,353134,77.22629028320313,68.85522289276123,79.9133113861084,3.5225508144513165,72.86820975720578,86.95841301501103,31.212622059614418
2017-06-21 19:00:00,73.18760858877862,73.62585978712022,72.31110619209541,72.56310272216797,447776,77.26859756469726,68.97932193756104,79.29625587463379,3.6796756110534905,71.9369046525268,86.65560709674077,33.34091619194399
2017-06-28 19:00:00,71.34915517817225,72.85892493940347,69.2652802129387,71.184814453125,1933277,77.27800460815429,69.09993444442749,78.58903160095215,3.8158587181659964,70.95731416462016,86.22074903728415,25.70283450983463
2017-06-29 19:00:00,71.213302091621,74.74340057373047,71.213302091621,74.74340057373047,1035222,77.39592483520508,69.23959938049316,78.10367126464844,3.644564031295752,70.81454320205694,85.39279932723994,38.174281280882894
2017-07-02 19:00:00,73.42864993434709,74.50235703238968,71.00731827748115,71.00951385498047,415256,77.43504699707032,69.35848146438599,77.53394737243653,3.8231751741472593,69.88759702414201,85.18029772073105,28.732574069941833
2017-07-03 19:00:00,70.11986734496242,74.55933211319059,70.11986734496242,74.55713653564453,1082335,77.4824089050293,69.49288154602051,77.0807975769043,3.5940708417376133,69.89265589342908,84.26893926037953,34.94033524245005
2017-07-04 19:00:00,73.51629992815707,78.28444611289959,73.20952547106452,75.61550903320312,586612,77.53302658081054,69.63221059799194,76.84118461608887,3.519566423156778,69.80205176977532,83.88031746240242,39.43160368445301
2017-07-05 19:00:00,75.62208689800126,77.32906838882775,74.52427714732795,74.73463439941406,160098,77.52176376342773,69.76566232681274,76.6296199798584,3.512289997599567,69.60503998465927,83.65419997505754,42.719944091771005
2017-07-06 19:00:00,74.50236106862957,74.6886157515358,73.07805153217434,73.99837493896484,438604,77.47767608642579,69.8955821609497,76.30630226135254,3.4375032208494276,69.43129581965368,83.1813087030514,40.155022840540575
2017-07-09 19:00:00,73.84060981140307,74.0641126513518,72.31549880898606,73.78144073486328,1904509,77.44204650878906,70.02532461166382,75.99591217041015,3.366992847235912,69.26192647593832,82.72989786488198,42.43080314925528
2017-07-10 19:00:00,71.46090203613687,71.47843180358227,70.09355926513672,70.09355926513672,411921,77.29444381713867,70.13707593917847,75.42947463989258,3.3589716790971202,68.71153128169834,82.14741799808681,33.948819943771596
2017-07-11 19:00:00,69.9007347601449,70.12424453202938,66.85490443062513,67.70510864257812,574521,77.12405242919922,70.23970285415649,74.68302612304687,3.3323527541428204,68.01832061476124,81.34773163133251,33.29178395208652
2017-07-12 19:00:00,65.96745990901655,68.80512196457937,65.96745990901655,68.25511932373047,655404,76.99100006103515,70.34575229644776,74.03551330566407,3.2555895892521325,67.5243341271598,80.54669248416833,33.1195990757448
2017-07-13 19:00:00,68.5509349402612,69.24555990935394,67.92861765775025,69.01109313964844,80466,76.83423828125,70.45072507858276,73.57162666320801,3.2785484655858124,67.01452973203638,80.12872359437964,40.800518796342516
2017-07-16 19:00:00,69.02424521776362,71.43461294190512,68.82703356651886,71.2198715209961,174274,76.70420974731445,70.5688657951355,73.1905689239502,3.0701345797829345,67.05029976438432,79.33083808351607,47.030795741764194
2017-07-17 19:00:00,71.43461289653753,74.26131787597548,71.43461289653753,73.97865295410156,494472,76.62716552734375,70.6988791847229,73.02425346374511,2.9220435218493095,67.18016642004649,78.86834050744373,52.57741095631991
2017-07-18 19:00:00,73.84497907145517,75.70753971084699,73.5162976398696,73.96331024169922,658740,76.53451965332032,70.83027816772461,72.80249938964843,2.6481910085378364,67.50611737257276,78.0988814067241,55.32324665966027
2017-07-19 19:00:00,75.31311875435179,75.5979792566078,74.50235818711455,74.6864242553711,446525,76.48368270874023,70.96901781082153,72.71079559326172,2.542303638439364,67.626188316383,77.79540287014045,49.87753498321108
2017-07-20 19:00:00,74.47605923565567,74.72148298068547,72.31110828996466,74.11012268066406,140086,76.43030395507813,71.10461975097657,72.55938034057617,2.3474342808582436,67.86451177885968,77.25424890229266,57.71115486973671
2017-07-23 19:00:00,74.69957016565134,74.98443066914835,74.06410729394364,74.50454711914062,62955,76.40966232299805,71.24205505371094,72.62051582336426,2.3828939163286798,67.85472799070689,77.38630365602162,49.844882704500314
2017-07-24 19:00:00,74.94060890927821,75.59797875860879,74.94060890927821,74.94718170166016,77964,76.40308853149413,71.37818124771118,72.73314590454102,2.4391506589570735,67.85484458662687,77.61144722245517,47.95440417605215
2017-07-25 19:00:00,75.81710365164341,76.47448046487544,75.05017100629331,75.1027603149414,63789,76.3862158203125,71.51371910095214,72.8601287841797,2.495293754887205,67.86954127440528,77.85071629395411,51.17909969967182
2017-07-26 19:00:00,74.49139985789118,75.05017084494587,74.0641056272177,74.18682098388672,56284,76.35641494750976,71.64359298706054,73.01022911071777,2.47945409382995,68.05132092305787,77.96913729837767,50.59672040532536
2017-07-27 19:00:00,71.8728655496418,75.37885440103014,70.56688025906888,75.05455017089844,297266,76.34335525512695,71.77542020797729,73.02578659057617,2.49184653618554,68.04209351820509,78.00947966294726,53.87176575572393
2017-07-30 19:00:00,75.59798538427877,77.35098341961145,75.59798538427877,75.808349609375,329370,76.34830764770508,71.90993217468262,73.2657283782959,2.5183802649352858,68.22896784842533,78.30248890816648,71.15514205779466
2017-07-31 19:00:00,76.25535414681362,77.57010079088609,75.87188782772732,76.25315856933594,710021,76.37166625976562,72.03444873809815,73.35052947998047,2.5916436930016298,68.16724209397721,78.53381686598372,86.9622476435293
2017-08-01 19:00:00,76.25316060939808,77.35097725795904,76.25316060939808,76.3473892211914,253072,76.40453506469727,72.14659900665283,73.38712348937989,2.6301888775435582,68.12674573429277,78.64750124446701,86.42725950185249
2017-08-02 19:00:00,76.69360619980718,76.69360619980718,75.84120634258326,76.08443450927734,111318,76.42263473510742,72.26333278656006,73.45461349487304,2.6833657200974956,68.08788205467805,78.82134493506804,83.31949688518192
2017-08-03 19:00:00,76.58404624993926,76.58404624993926,75.7513717087819,75.80176544189453,193869,76.3668455505371,72.37904356002808,73.54478302001954,2.732450366064512,68.07988228789051,79.00968375214856,76.36815789335033
2017-08-06 19:00:00,75.02826196458719,75.81710861604844,73.9545478266869,74.23503112792969,77547,76.2815623474121,72.48730014801025,73.56746253967285,2.736397587891596,68.09466736388966,79.04025771545604,51.71004020151646
2017-08-07 19:00:00,74.5023650751686,75.3569536310343,74.5023650751686,74.56809997558594,353551,76.12743011474609,72.59646308898925,73.79118957519532,2.6177708376463733,68.55564789990257,79.02673125048807,53.86991734972344
2017-08-08 19:00:00,74.72148539495683,76.69360893834146,74.50235978234882,76.08882141113281,1236597,75.95112228393555,72.70005605697632,74.21037521362305,2.2351987778797713,69.7399776578635,78.6807727693826,58.14249352596127
2017-08-09 19:00:00,75.82367219326085,76.6936017698149,74.17366443044799,74.54618072509766,104231,75.73545989990234,72.79734537124634,74.52492828369141,1.741067094231773,71.04279409522786,78.00706247215496,52.27636791171572
2017-08-10 19:00:00,74.0641121326235,74.17367494421673,73.40674223315206,73.51849365234375,46695,75.51681762695313,72.87769968032836,74.75029830932617,1.1962590286326324,72.3577802520609,77.14281636659143,45.171704764338365
2017-08-14 19:00:00,74.06410644210686,75.81710432282364,73.20952494144467,73.404541015625,1191152,75.33682861328126,72.96342586517333,74.85953178405762,0.9261745872097469,73.00718260963814,76.71188095847711,42.195100673887005
2017-08-15 19:00:00,74.39279364041093,74.47825388011194,72.24098830638468,72.48641204833984,283925,75.11415420532227,73.03863056182861,74.78491973876953,1.0523807239531973,72.68015829086313,76.88968118667593,37.71098067040788
2017-08-16 19:00:00,71.89478411582775,72.96849131009331,70.11987213622345,72.01529693603516,585778,74.94630477905274,73.12112949371338,74.68751907348633,1.2106681297317403,72.26618281402284,77.10885533294982,39.35552586976782
2017-08-17 19:00:00,70.78820269319961,71.42147703451923,69.24337323573883,70.58222961425781,564515,74.77863082885742,73.20030130386353,74.48230934143066,1.519345578468676,71.44361818449332,77.52100049836801,29.22861156033808
2017-08-20 19:00:00,70.14177742562156,71.21548448721502,67.05430766027091,68.67802429199219,223471,74.54289672851563,73.27206636428834,74.21070442199706,1.9991527959416644,70.21239883011374,78.20901001388039,20.080839925934086
2017-08-21 19:00:00,67.49255662409014,69.02424017561819,66.39474006762454,68.07323455810547,116321,74.30457656860352,73.32723272323608,73.8891387939453,2.4219362617708753,69.04526627040356,78.73301131748705,16.131388198665547
2017-08-22 19:00:00,68.9804177823848,69.57205274018303,67.9286176551297,69.35073852539062,268499,74.06314514160157,73.37963558197022,73.60931663513183,2.6093086728835817,68.39069928936468,78.82793398089899,23.615942091529206
2017-08-23 19:00:00,70.07603993410189,70.07603993410189,67.92861870692343,68.01846313476562,83801,73.77083282470703,73.42720943450928,73.25510177612304,2.864292406128166,67.52651696386671,78.98368658837937,21.85351687607458
2017-08-24 19:00:00,67.49038050176858,69.90074849572571,67.05212924101707,69.25871276855469,89221,73.5318995666504,73.48085441589356,73.00869636535644,2.9891731003816764,67.03035016459309,78.9870425661198,28.59808792739014
2017-08-27 19:00:00,70.33899134822997,70.79477232612446,68.2573050785909,68.60352325439453,44193,73.33819351196288,73.52362289428712,72.68614501953125,3.10269157843452,66.4807618626622,78.8915281764003,30.411595519787355
2017-08-28 19:00:00,69.74735320647477,69.74735320647477,67.27124375068146,67.57801818847656,40441,73.11293334960938,73.56325883865357,72.27462844848633,3.2107146773141513,65.85319909385802,78.69605780311463,26.803388179248614
2017-08-29 19:00:00,67.59993610335394,68.80511997172708,67.49037329985752,67.68977355957031,32103,72.92062957763672,73.59575546264648,71.84645919799804,3.223194723871968,65.4000697502541,78.29284864574198,19.25242572017494
2017-08-30 19:00:00,67.70950201029557,70.91748487310474,66.39474830807728,69.44715881347656,130914,72.7416049194336,73.63824249267579,71.5014476776123,3.0822779734734307,65.33689173066544,77.66600362455917,31.62224604130037
2017-09-04 19:00:00,69.04614776452843,69.17762451360375,68.69774100106137,69.01547241210938,110484,72.59150436401367,73.68130340576172,71.1479995727539,2.9306556305655698,65.28668831162277,77.00931083388504,33.04177982298769
2017-09-05 19:00:00,69.28720490784484,69.90075393258336,66.83300880889075,67.56707763671875,136751,72.40007736206054,73.71591882705688,70.73626518249512,2.8187442805087275,65.09877662147767,76.37375374351257,30.024081966408488
2017-09-06 19:00:00,68.30989811095964,68.36687160756316,64.1903602260718,64.81705474853516,904725,72.23078170776367,73.72162635803222,70.26536636352539,2.985243022158193,64.294880319209,76.23585240784178,26.679166457872824
2017-09-07 19:00:00,65.51825283634122,65.51825283634122,64.20350610368243,64.45111846923828,213048,72.06591247558593,73.70958751678467,69.759517288208,3.073624111742545,63.61226906472291,75.9067655116931,26.85091876999229
2017-09-10 19:00:00,63.677605983220325,65.73737841900481,62.888759338056126,64.51685333251953,341877,71.90498748779297,73.68753368377685,69.18091888427735,2.9039542083220806,63.373010467633186,74.98882730092151,29.742420744550458
2017-09-11 19:00:00,65.0778109143789,65.0778109143789,62.3847712455785,62.68935012817383,1132365,71.73507820129394,73.63911359786988,68.58807735443115,2.9607187920027767,62.6666397704256,74.50951493843671,29.89559094908121
2017-09-12 19:00:00,61.90269511359746,65.82283978296451,61.90269511359746,65.77462768554688,3278691,71.55570274353028,73.5880347251892,68.20088405609131,2.78302543347577,62.63483318913977,73.76693492304285,43.38508321257629
2017-09-13 19:00:00,65.95649657613137,66.17562216835714,64.00628716942636,64.67461395263672,1638094,71.4290047454834,73.52993787765503,67.76438770294189,2.602684185987985,62.55901933096592,72.96975607491785,36.40418786567739
2017-09-14 19:00:00,65.51824609439068,65.54016004786567,63.56803666676884,63.9887580871582,580358,71.21763717651368,73.47758445739746,67.33950500488281,2.4820693128569773,62.37536637916885,72.30364363059677,37.826039956972465
2017-09-17 19:00:00,64.24733568034053,64.42043781286591,61.57401423427435,61.7208251953125,627470,70.93974349975586,73.41513828277589,66.82478141784668,2.5283697535297427,61.7680419107872,71.88152092490617,28.55898132342365
2017-09-18 19:00:00,62.57062973067356,64.33458230947923,62.12686434698618,63.790977478027344,571186,70.72087036132812,73.35922630310058,66.48521881103515,2.4520658606933057,61.58108708964854,71.38935053242176,37.33084257659559
2017-09-19 19:00:00,64.23473325076205,65.45508800739636,62.470780742068975,63.88194274902344,397328,70.5185417175293,73.30787845611572,66.24541473388672,2.4608347234623493,61.32374528696202,71.16708418081141,39.76644913199484
2017-09-20 19:00:00,64.3456770477055,64.3456770477055,62.59281225426671,62.925636291503906,121741,70.30142562866212,73.25106597900391,65.98803482055663,2.527881975808675,60.932270868939284,71.04379877217399,37.398574309151
2017-09-21 19:00:00,62.3664977169586,64.12379481282272,62.35096352879618,63.5047492980957,100061,70.16964942932128,73.20014162063599,65.6957353591919,2.4555384195306087,60.784658520130684,70.60681219825312,33.237109852092175
2017-09-24 19:00:00,64.12158154049689,64.2347390370739,62.5706328800593,62.943389892578125,116321,70.07441505432129,73.14898012161255,65.44198169708253,2.4650849509597474,60.51181179516303,70.37215159900202,32.99571752226487
2017-09-25 19:00:00,63.56910134146056,63.864201540838835,62.90345319728753,63.003299713134766,87137,69.96937866210938,73.09141750335694,65.12921104431152,2.3494619385780404,60.430287167155434,69.8281349214676,36.14188396345638
2017-09-26 19:00:00,62.626098707877006,62.79250720273748,62.01592481633964,62.544002532958984,122992,69.84003684997559,73.03433401107787,64.82623500823975,2.2671106671044097,60.292013674030926,69.36045634244857,41.982381521992146
2017-09-27 19:00:00,62.362057753037014,63.01438778261513,62.12686407688545,62.408653259277344,58786,69.66381248474121,72.97883993148804,64.56776676177978,2.231264674601824,60.10523741257613,69.03029611098343,42.676590969646604
2017-09-28 19:00:00,62.57063341935502,63.20077380817573,62.23780936196875,62.368717193603516,40024,69.43161376953125,72.92984680175782,64.30171394348145,2.1553545248709263,59.99100489373959,68.6124229932233,42.2834238888394
2017-10-01 19:00:00,61.91608289274397,63.23627728205255,61.9049880512268,62.15571594238281,87970,69.19546188354492,72.88299800872802,63.937141799926756,1.8315503496561971,60.27404110061436,67.60024249923914,47.83154340214965
2017-10-02 19:00:00,62.23781077289331,62.23781077289331,59.9080493761609,60.458316802978516,76297,68.91089973449706,72.82624189376831,63.509284019470215,1.562529880640701,60.384224258188816,66.63434378075162,25.650317169505456
2017-10-03 19:00:00,61.015237726710744,62.437501757467324,57.43628695324532,60.40727996826172,464453,68.63684288024902,72.77008707046508,63.15129413604736,1.3951437935864783,60.36100654887441,65.94158172322032,28.37707442893283
2017-10-04 19:00:00,60.57369701477009,61.217155456861505,59.9080488903058,60.51822280883789,148841,68.35711639404298,72.71071380615234,62.9363525390625,1.4548721463928198,60.02660824627686,65.84609683184814,31.326553985877
2017-10-05 19:00:00,61.517766873376964,63.541439056396484,61.04272135201471,63.541439056396484,391031,68.1290015411377,72.66428815841675,62.89086856842041,1.418795714740869,60.05327713893867,65.72845999790215,59.059596760691555
2017-10-08 19:00:00,63.68395169633508,66.45819136482551,63.41792958456317,64.93805694580078,973293,67.92570747375488,72.6237721824646,62.911928749084474,1.447046492876561,60.017835763331355,65.8060217348376,56.1181156447969
2017-10-09 19:00:00,64.45352105931218,64.45352105931218,61.99280937707602,62.23745346069336,249262,67.68672012329101,72.57647548675537,62.88933391571045,1.4542151553083367,59.98090360509378,65.79776422632713,43.13886394548945
2017-10-10 19:00:00,62.70535926052118,64.60077006133906,61.75527538620037,64.03547668457031,429589,67.46633865356445,72.5386026763916,62.80237636566162,1.3182441160155656,60.16588813363049,65.43886459769276,54.326591335217806
2017-10-11 19:00:00,64.10673277093568,64.72428200243604,61.75527603934513,62.18281555175781,103989,67.19382797241211,72.49618301391601,62.67778644561768,1.2478552652091806,60.18207591519931,65.17349697603603,45.3120768299008
2017-10-12 19:00:00,61.755276672930165,64.27299369899977,59.406205448962254,62.80512237548828,273020,66.92486724853515,72.46506088256837,62.61860466003418,1.2098984432046298,60.19880777362492,65.03840154644344,49.511777627276444
2017-10-15 19:00:00,64.33713209260178,64.60552560546921,62.94525891846435,64.33238220214844,236799,66.6845671081543,72.445142288208,62.749182510375974,1.248224942006433,60.252732626363105,65.24563239438883,54.252342437013255
2017-10-16 19:00:00,64.37988286895464,65.91188844008143,62.705366464753155,63.29679489135742,242252,66.4288143157959,72.40296884536743,62.72447338104248,1.2312932088025936,60.26188696343729,65.18705979864767,52.322868067591294
2017-10-17 19:00:00,63.180404528059434,66.46056037336724,62.016554302331166,65.66724395751953,334557,66.2261238861084,72.36580610275269,62.81373844146729,1.3758514045862336,60.06203563229482,65.56544125063975,58.836117545127074
2017-10-18 19:00:00,65.31809249469379,68.40348185757512,64.65303719546922,67.30613708496094,1238135,66.08754600524902,72.33626314163207,63.03276348114014,1.7041135949547621,59.62453629123061,66.44099067104966,62.32014256666059
2017-10-19 19:00:00,68.52224048227903,70.66942397448635,66.7432123352361,70.42240142822266,1019641,66.00463203430176,72.3224207496643,63.37864608764649,2.374949778677496,58.628746530291494,68.12854564500148,68.01706841833787
2017-10-22 19:00:00,71.25372081204418,71.96866049076262,69.59345412284947,69.87372589111328,452567,65.88033012390137,72.2875438117981,63.72516288757324,2.779269862647503,58.166623162278235,69.28370261286824,71.60236963315427
2017-10-23 19:00:00,68.88089027470275,70.18725125669334,67.69329066521793,68.92601776123047,156568,65.76792686462403,72.24749460220337,64.02129878997803,3.0047011756085493,58.011896438760935,70.03070114119514,68.77266368967558
2017-10-24 19:00:00,68.88088799436487,69.71221051659745,68.17545520477961,68.42247772216797,163189,65.66600654602051,72.20581678390504,64.31522254943847,3.137183636170032,58.04085527709841,70.58958982177853,67.122262553264
2017-10-25 19:00:00,67.93082098046301,67.93082098046301,65.3109703602156,65.78363037109375,344294,65.51358833312989,72.15412153244019,64.4839714050293,3.1199544001497013,58.24406260472989,70.7238802053287,54.93930501141429
2017-10-26 19:00:00,65.6553662219607,65.6553662219607,63.41792778887985,63.85258865356445,236799,65.34091186523438,72.09431072235107,64.55816497802735,3.0844469247096424,58.389271128608065,70.72705882744664,47.66383698902463
2017-10-29 19:00:00,63.65544889762234,64.35613184836266,61.757659451084145,62.090187072753906,128136,65.14240966796875,72.02870208740234,64.5548885345459,3.0871668383306043,58.38055485788469,70.7292222112071,49.66971239097429
2017-10-30 19:00:00,62.23032927615085,63.65545175165275,58.985801051933066,59.84562301635742,1092083,64.92767753601075,71.9546788597107,64.52425384521484,3.1326623514125056,58.25892914238983,70.78957854803986,40.787561981994585
2017-10-31 19:00:00,60.56530844758554,61.95480311838776,60.56530844758554,61.36099624633789,378178,64.78133697509766,71.88740844726563,64.57193965911866,3.0733929540285483,58.42515375106156,70.71872556717575,48.165820362352534
2017-11-01 19:00:00,61.25649353062966,63.18040386020874,60.572431662526206,61.757659912109375,646915,64.65502548217773,71.81102958679199,64.63391151428223,2.9989461370279487,58.63601924022633,70.63180378833813,47.63843225188772
2017-11-02 19:00:00,61.75528856291245,64.57703438993818,61.51777283699314,63.833595275878906,480610,64.5446826171875,71.74550743103028,64.64851932525634,2.9940522001785497,58.66041492489924,70.63662372561345,48.90260462914627
2017-11-05 19:00:00,64.37513620609079,65.55561464430248,64.13049212652716,65.33946990966797,273410,64.49110275268555,71.69026866912841,64.66858997344971,2.9974387929179285,58.673712387613854,70.66346755928556,54.403031992912716
2017-11-06 19:00:00,66.43206529122399,66.43444376554665,65.08057665748316,65.7955093383789,816725,64.42183868408203,71.64047603607177,64.84649276733398,2.950777609006384,58.94493754932122,70.74804798534676,50.30134962040918
2017-11-07 19:00:00,65.34659243207402,67.2325035954258,65.0805703387053,66.80734252929688,494241,64.38591506958008,71.59898448944092,64.9850860595703,2.9756706820116126,59.033744695547085,70.93642742359353,48.792543459976706
2017-11-08 19:00:00,66.28955028335263,68.45336186904247,66.28955028335263,67.4771499633789,1021588,64.38389770507813,71.5609287261963,65.24980278015137,2.948629189145104,59.35254440186116,71.14706115844157,41.91234053144244
2017-11-09 19:00:00,68.61248949010455,68.61248949010455,66.98072926940348,67.34888458251953,215378,64.3770799255371,71.52136425018311,65.47699089050293,2.925309351062666,59.6263721883776,71.32760959262826,42.90292280275102
2017-11-12 19:00:00,66.77408337098885,67.69091098721394,66.03064439126794,66.53656768798828,229010,64.31886810302734,71.47334697723389,65.58720016479492,2.9214354208558446,59.744329323083235,71.43007100650661,43.23197978691725
2017-11-13 19:00:00,66.98073393282519,67.66716723020677,66.26817270829129,67.14462280273438,359094,64.28145111083984,71.42048748016357,65.77959156036377,2.889183397844172,60.00122476467543,71.55795835605211,46.4018315339376
2017-11-14 19:00:00,67.69329750184492,67.69329750184492,66.5318257004767,66.95935821533203,143326,64.26929672241211,71.37000858306885,65.8441972732544,2.9009615722952193,60.042274128663955,71.64612041784483,53.8413851071764
2017-11-15 19:00:00,66.98309932378481,67.21825064700265,66.30141597831636,66.94747161865234,1039893,64.31190505981445,71.31871131896973,65.82626399993896,2.892544837091072,60.04117432575681,71.6113536741211,61.56163311443367
2017-11-16 19:00:00,66.74320822472018,68.28709198599798,66.74320822472018,67.4842758178711,1918934,64.37256820678711,71.27686382293702,65.67935771942139,2.716057435644583,60.247242848132224,71.11147259071055,72.18204225109073
2017-11-19 19:00:00,66.53419864500317,67.47953279416959,64.8430539941964,65.41785430908203,674957,64.39058822631836,71.2342147064209,65.45656414031983,2.5302934297992925,60.39597728072124,70.51715099991841,73.25534041450959
2017-11-20 19:00:00,64.15186691240095,66.50331683020423,64.15186691240095,65.71237182617188,154231,64.45104866027832,71.19376461029053,65.29588184356689,2.3968978318642913,60.50208617983831,70.08967750729548,70.22073774005199
2017-11-21 19:00:00,66.50570145977193,66.97836149191882,64.84305610016261,64.88818359375,148778,64.43331977844238,71.13887157440186,65.119167137146,2.281773541937445,60.555620053271106,69.68271422102089,63.99152987390287
2017-11-22 19:00:00,65.08532050112277,66.20878603814673,65.08294202702109,65.75275421142578,438936,64.45488258361816,71.07936721801758,65.1176233291626,2.281310714682675,60.55500189979725,69.68024475852795,59.619029118491476
2017-11-23 19:00:00,65.33472060334526,67.45577625221472,65.33472060334526,66.04015350341797,986535,64.49591049194336,71.02646087646484,65.22700157165528,2.2698790850583777,60.687243401538524,69.76675974177203,54.00053665735647
2017-11-26 19:00:00,65.11857065980286,66.51756514981629,65.11857065980286,65.39884948730469,68547,64.5694709777832,70.97187675476074,65.3924346923828,2.1464442360606975,61.09954622026141,69.6853231645042,47.78219803451668
2017-11-27 19:00:00,64.8905592342281,66.00690355765234,64.60553049651544,64.6174087524414,91526,64.58599960327149,70.90946044921876,65.631023979187,1.7203470089763102,62.19032996123438,69.07171799713963,37.43185884260958
2017-11-28 19:00:00,64.62928081765679,65.31571408114071,63.65544742747684,63.78133010864258,57642,64.58398735046387,70.82359674453735,65.75204067230224,1.4712617672875374,62.80951713772717,68.69456420687732,29.186719021555362
2017-11-29 19:00:00,64.80741751505833,64.80741751505833,62.58660034197468,62.94050598144531,316252,64.58428474426269,70.73437459945679,65.81118297576904,1.3180389337964957,63.175105108176055,68.44726084336203,27.01832202309882
2017-12-03 19:00:00,61.99281051059756,63.89297158126487,61.80279369775208,62.93814468383789,46347,64.57295265197754,70.6510606765747,65.76641044616699,1.4013285109621276,62.96375342424273,68.56906746809125,29.51044716208274
2017-12-04 19:00:00,62.71011588896936,63.391799289374845,62.301582955116935,62.379966735839844,29210,64.56168418884278,70.57631874084473,65.61843528747559,1.592060897849817,62.43431349177596,68.80255708317523,22.714892508963047
2017-12-06 19:00:00,61.82416476122731,62.94288747375288,59.40620938345705,59.807621002197266,217715,64.49777061462402,70.4941254234314,65.3190408706665,2.0532383568267525,61.21256415701299,69.42551758432,17.83805055992228
2017-12-07 19:00:00,59.80762104243965,60.33016545471718,59.593847740844865,60.201904296875,144105,64.45092864990234,70.41498777389526,64.98876895904542,2.31571770646397,60.357333546117474,69.62020437197336,20.6732753004799
2017-12-10 19:00:00,58.67939663842847,60.068887848199545,57.19251855608172,57.273277282714844,313915,64.34822113037109,70.31722784042358,64.4785753250122,2.8099376498535342,58.85870002530513,70.09845062471928,13.250066037937898
2017-12-11 19:00:00,55.62726128725868,57.00488132585854,54.41590859569666,55.487125396728516,346631,64.21058929443359,70.20654712677002,63.88548736572265,3.368520465124121,57.14844643547441,70.6225282959709,13.522878060741931
2017-12-12 19:00:00,56.24481388469557,56.26856686687034,53.70572207523482,55.34223937988281,132420,64.0743197631836,70.11134059906006,63.325770950317384,3.806399613353471,55.712971723610444,70.93857017702433,11.485513508918572
2017-12-13 19:00:00,54.40403274414144,55.81252704301622,53.228304256962495,53.39219665527344,72831,63.93299736022949,70.01163158416747,62.638149642944335,4.291489067246288,54.05517150845176,71.2211277774369,10.599128830845814
2017-12-14 19:00:00,53.84585886721604,54.594044244733155,52.16421415447841,52.945655822753906,338841,63.783764877319335,69.91710609436035,61.93746452331543,4.675654134154925,52.58615625500558,71.28877279162528,4.810587767201781
2017-12-17 19:00:00,52.753266399402484,53.501455338606426,52.28297429336068,52.76039123535156,45568,63.62860824584961,69.81873764038086,61.22811050415039,4.944044426909189,51.34002165033202,71.11619935796877,2.80263063704065
2017-12-18 19:00:00,52.53949651011988,52.53949651011988,50.152418862884566,50.67258834838867,182273,63.37123123168945,69.71667413711548,60.38752613067627,5.244424269136164,49.89867759240394,70.8763746689486,2.5413320829806167
2017-12-19 19:00:00,51.520534819304466,51.6582957609199,49.641748429709736,50.26642608642578,190841,63.07779861450195,69.62486440658569,59.629954719543456,5.56412336710699,48.501707985329475,70.75820145375744,2.604326509508553
2017-12-20 19:00:00,50.11679098183195,52.44448793048271,49.710629459355964,52.13808822631836,170199,62.87581130981445,69.53996257781982,58.95124053955078,5.610840611446909,47.72955931665696,70.1729217624446,14.00882125288959
2017-12-21 19:00:00,52.254475750423964,54.74368667602539,52.254475750423964,54.74368667602539,247315,62.68997550964355,69.46511789321899,58.444015693664554,5.503395080236021,47.43722553319251,69.45080585413659,27.15478884137859
2017-12-25 19:00:00,55.10471417808197,57.44428930311592,55.10471417808197,56.79348373413086,194347,62.58218887329102,69.39579490661622,57.9960521697998,5.235269869022111,47.52551243175558,68.46659190784402,34.62861972050335
2017-12-26 19:00:00,57.47991966893921,58.87891421244165,57.47991966893921,58.135475158691406,270294,62.48879592895508,69.33807182312012,57.60081825256348,4.88251788444166,47.835782483680156,67.3658540214468,39.78272679289055
2017-12-27 19:00:00,59.083181428987125,59.38008134165031,57.71743971340047,58.30886459350586,332220,62.368325576782226,69.28747175216675,57.24631900787354,4.5312905164165755,48.18373797504039,66.30890004070669,45.92112972944017
2017-12-28 19:00:00,57.544048623578746,60.09264367630897,57.544048623578746,58.67702102661133,981862,62.275930099487304,69.2331286239624,56.94929962158203,4.205690475049107,48.537918671483816,65.36068057168025,45.844115365333884
2017-12-31 19:00:00,58.47750362594423,58.54875904069833,57.00487878175051,58.10934829711914,187726,62.124772186279294,69.17272695541382,56.66570053100586,3.9009399578241704,48.86382061535752,64.4675804466542,52.615154198772764
2018-01-01 19:00:00,58.10935269567491,61.014225006103516,57.24002739474905,61.014225006103516,482946,61.998933944702145,69.12368366241455,56.56938648223877,3.759061138987656,49.05126420426346,64.08750876021408,66.15747813732946
2018-01-02 19:00:00,61.99280632991925,64.06398450980738,61.99280632991925,64.05923461914062,3946143,61.87167060852051,69.09072200775147,56.625440979003905,3.8658707348822428,48.89369950923942,64.35718244876838,71.78816610474607
2018-01-03 19:00:00,64.4867703890656,65.0686919526903,62.59848075542747,63.59844207763672,844767,61.74616493225098,69.0562586593628,56.68636474609375,3.9695427137211587,48.74727931865144,64.62545017353607,77.56252057784017
2018-01-04 19:00:00,62.47258975894573,64.74804128898299,62.47258975894573,64.21836853027344,158905,61.652011947631834,69.02669483184815,56.906902122497556,4.263703748632093,48.37949462523337,65.43430961976173,80.16013148875662
2018-01-07 19:00:00,64.7242840364894,65.0805681509944,64.37987817647047,64.98318481445312,269904,61.58322608947754,69.00318859100342,57.145966148376466,4.580453287656879,47.985059573062706,66.30687272369022,81.71842641905403
2018-01-08 19:00:00,64.25637883495027,65.16369969012918,63.65545062550572,64.10198974609375,268347,61.54959327697754,68.97507038116456,57.48740177154541,4.83772991870004,47.811941934145324,67.16286160894549,87.17780507097228
2018-01-09 19:00:00,64.36801044661632,65.19932597632969,64.36801044661632,64.78842163085938,569409,61.568309936523434,68.95113246917725,57.952466583251955,5.0765045184349376,47.79945754638208,68.10547562012184,89.58820448804155
2018-01-10 19:00:00,64.84304874248667,64.84304874248667,64.13048753462022,64.37751007080078,254326,61.61405639648437,68.92495571136475,58.40423011779785,5.2316504205244145,47.940929276749024,68.86753095884669,86.25299679851865
2018-01-11 19:00:00,64.1304885419436,64.1304885419436,62.37758836652584,62.935760498046875,266010,61.675859146118164,68.88578029632568,58.881408309936525,5.185472946737036,48.51046241646245,69.25235420341059,76.06165760891331
2018-01-14 19:00:00,61.28262489723515,61.99280767407667,60.92634074278157,61.396629333496094,308852,61.67657180786133,68.84065486907959,59.30395698547363,5.0179451418714205,49.26806670173079,69.33984726921648,65.135900957685
2018-01-15 19:00:00,61.99043374537652,63.14240572162959,61.99043374537652,62.736244201660156,246536,61.69614349365234,68.8024877166748,59.80274963378906,4.825383301806701,50.15198303017566,69.45351623740247,65.1304511896972
2018-01-16 19:00:00,62.70536354206435,63.29916335738992,62.014180387638504,63.092525482177734,67378,61.68132209777832,68.7724665260315,60.423746490478514,4.36584949407025,51.69204750233801,69.15544547861901,65.54492678311817
2018-01-18 19:00:00,65.41309971599848,67.36076656471674,65.37747200817007,66.78833770751953,416736,61.71029945373535,68.76371084213257,61.2498420715332,3.8786892772612154,53.49246351701077,69.00722062605563,71.67153061638409
2018-01-21 19:00:00,67.2182478388261,67.57690334914301,66.50568670815908,66.61019134521484,260947,61.72659309387207,68.75614618301391,61.973447227478026,3.4111086131788246,55.151230001120375,68.79566445383567,73.19504574486089
2018-01-22 19:00:00,66.74321225738032,67.09711793010595,66.2681737858953,66.8904800415039,336894,61.72825584411621,68.76198560714721,62.580786895751956,3.1255157221340517,56.329755451483855,68.83181834002006,68.71405978440062
2018-01-23 19:00:00,66.98073483206812,68.88089577040661,66.87385170562112,67.02349090576172,752851,61.71918266296387,68.77193796157837,63.0922872543335,2.9613315884323743,57.169624077468754,69.01495043119824,61.58989310705463
2018-01-24 19:00:00,66.94510578901914,67.54840541042688,66.5056950364545,66.62207794189453,71273,61.704646530151365,68.7874188041687,63.516617393493654,2.818253710542968,57.880109972407716,69.15312481457958,61.87721022788574
2018-01-25 19:00:00,65.91188991769195,67.21825807092786,65.91188991769195,67.00211334228516,480999,61.713957443237305,68.80137353897095,63.95127983093262,2.6373620159031663,58.67655579912629,69.22600386273895,61.14493105110337
2018-01-28 19:00:00,66.7479611532547,67.21587831065489,66.50569555934663,66.7669677734375,28821,61.70640434265137,68.81680898666382,64.35577716827393,2.3951246576934144,59.5655278528871,69.14602648366076,57.457805745665745
2018-01-29 19:00:00,63.42980650443833,70.10412272737615,63.42980650443833,65.79075622558594,2526513,61.68303230285645,68.82494550704956,64.73984756469727,1.9068699933092397,60.92610757807879,68.55358755131576,57.004897573745254
2018-01-30 19:00:00,66.03064390373808,66.5056893818044,65.2824550393485,65.47010040283203,170199,61.65348487854004,68.8276079750061,64.96264133453369,1.697477613792743,61.5676861069482,68.35759656211917,52.916046299566
2018-01-31 19:00:00,66.24442170087454,66.89759869099449,65.93564353067185,66.79784393310547,393757,61.639756240844726,68.82613180160523,65.09957180023193,1.7308957305833663,61.637780339065195,68.56136326139865,59.600506962257455
2018-02-06 19:00:00,65.31808477776008,66.03064595925515,65.31808477776008,65.4843521118164,124241,61.641086196899415,68.80131486892701,65.19386730194091,1.695828212255559,61.80221087742979,68.58552372645202,60.21317330558041
2018-02-07 19:00:00,64.60790549636333,66.50569497879849,64.60552702219114,66.14466094970703,106715,61.64973197937012,68.77846586227417,65.2901819229126,1.692206808423231,61.905768306066136,68.67459553975905,70.46890067978165
2018-02-08 19:00:00,65.31808805725252,66.48193828072198,65.31808805725252,66.27767181396484,81399,61.67752174377441,68.76561727523804,65.35490627288819,1.7045576366679465,61.945790999552294,68.76402154622409,67.03992975253333
2018-02-11 19:00:00,64.85254619761984,66.74320721723319,64.85254619761984,66.50569152832031,69715,61.692580490112306,68.75287870407105,65.47509136199952,1.6962875216475775,62.082516318704364,68.86766640529467,66.62802397061321
2018-02-12 19:00:00,66.03064809456666,66.50569360278314,64.98793774307211,65.1209487915039,57252,61.67419639587402,68.71753824234008,65.49171772003174,1.6908236655359663,62.11007038895981,68.87336505110368,39.516211045807694
2018-02-13 19:00:00,65.85251301569123,65.86439127135637,64.13049060245257,64.28250122070312,141378,61.65186943054199,68.6735276222229,65.48696727752686,1.694248835470303,62.09846960658625,68.87546494846747,36.486600210300466
2018-02-14 19:00:00,65.08057722422286,65.31809294255315,63.3181700825127,63.4250602722168,229010,61.6280224609375,68.61416404724122,65.51143226623535,1.6586287450908128,62.19417477605372,68.82868975641698,31.145042857694364
2018-02-15 19:00:00,62.479729946766106,66.59595883290875,62.479729946766106,66.13516998291016,252378,61.675099258422854,68.56382610321045,65.74835929870605,1.3495553684240995,63.04924856185785,68.44747003555425,46.225300607211985
2018-02-18 19:00:00,67.69329829790414,67.69329829790414,65.7955087134333,66.11616516113281,322483,61.7386124420166,68.51659233093261,65.91735534667968,1.1492776831414557,63.61879998039677,68.2159107129626,47.778037652495826
2018-02-19 19:00:00,65.55798589869003,66.25629748338616,65.46060960819608,65.94989776611328,108273,61.79884750366211,68.4589733505249,66.06022396087647,0.9377776387093607,64.18466868345774,67.9357792382952,45.290246306226194
2018-02-20 19:00:00,65.7978831185097,66.50331596736203,65.34184422416554,65.6886215209961,63873,61.86502059936524,68.40629306793213,66.00523815155029,0.924991637354297,64.1552548768417,67.85522142625888,45.18454896434806
2018-02-21 19:00:00,64.13048966314206,66.03302906880396,64.13048966314206,65.9688949584961,46736,61.98824607849121,68.36159885406494,65.97317333221436,0.9139667868751802,64.145239758464,67.80110690596472,50.84821558313232
2018-02-22 19:00:00,65.92376452975898,66.05440416097706,63.65544835707189,64.90955352783203,71273,62.08239906311035,68.30190071105957,65.87412700653076,0.9166587627570505,64.04080948101665,67.70744453204486,47.506348507074144
2018-02-25 19:00:00,64.84305076844609,65.55086210794602,63.85496765063887,63.99747848510742,135926,62.2168830871582,68.23328161239624,65.72282638549805,0.965399759059597,63.79202686737886,67.65362590361724,37.063865225768545
2018-02-26 19:00:00,64.60552983800662,64.60552983800662,63.67920232990359,64.46064758300781,4673,62.396353530883786,68.1664305305481,65.61475486755371,0.9803004402253132,63.654153987103086,67.57535574800434,44.86787098057365
2018-02-27 19:00:00,64.24925118316168,64.60552827079438,64.24925118316168,64.42501831054688,47905,62.57800910949707,68.09557760238647,65.4859001159668,0.9574480529141319,63.57100401013854,67.40079622179506,40.802877831702666
2018-02-28 19:00:00,65.31809266551494,66.38693809572362,64.6055313979716,65.59599304199219,218883,62.822085037231446,68.03741621017456,65.42735137939454,0.9095937706590026,63.60816383807653,67.24653892071254,46.71852447637202
2018-03-01 19:00:00,65.34183931587047,66.97834939255762,65.34183931587047,66.09239959716797,145273,63.08501991271973,67.98398290634155,65.44243354797364,0.9183948336309042,63.605643880711824,67.27922321523545,48.06060176443674
2018-03-04 19:00:00,66.04014778347936,66.97835348577709,66.04014778347936,66.35367584228516,27263,63.3568856048584,67.93806814193725,65.48661231994629,0.9407749919637303,63.605062336018825,67.36816230387375,56.46646463967317
2018-03-05 19:00:00,66.86197101069293,66.86197101069293,66.03064842494139,66.25392150878906,31547,63.66851226806641,67.89295839309692,65.45941619873047,0.9081715752669345,63.6430730481966,67.27575934926433,61.21016975035487
2018-03-06 19:00:00,66.0425212631812,66.68857689374575,65.32046033333602,65.59123229980469,48684,63.97500839233398,67.84118257522583,65.46476020812989,0.9086403697238331,63.64747946868222,67.28204094757756,62.59659029653781
2018-03-07 19:00:00,65.6149938582451,65.79076099749395,64.36801690957721,64.56515502929688,74389,64.22354972839355,67.7856240272522,65.38578491210937,0.91505540873652,63.55567409463633,67.21589572958241,38.646470107916045
2018-03-08 19:00:00,64.25161961043062,64.8192985655888,62.94288717058706,63.19940948486328,77505,64.39266418457031,67.72308340072632,65.2318717956543,1.0109972131495726,63.209877369355155,67.25386622195344,32.34613679602505
2018-03-11 19:00:00,62.964267049604224,63.91434397209483,62.964267049604224,63.34667205810547,36999,64.5237279510498,67.6620131111145,65.07392082214355,1.0476184287630086,62.97868396461753,67.16915767966957,34.207466705668566
2018-03-12 19:00:00,62.96427070763339,63.86922019341528,62.396591702876755,62.541481018066406,206031,64.61184806823731,67.5992943763733,64.94494743347168,1.1905536108324224,62.563840211806834,67.32605465513653,32.08975313069598
2018-03-13 19:00:00,63.17090514290237,63.17090514290237,61.517766775311806,61.648399353027344,123852,64.67863876342773,67.53401662826538,64.8132423400879,1.3957154312293334,62.02181147762923,67.60467320254656,27.01539812793702
2018-03-14 19:00:00,61.76715891691696,62.89538140849811,61.63652634304267,61.89542007446289,327157,64.74300674438477,67.46759647369385,64.7367603302002,1.512788590962003,61.71118314827619,67.7623375121242,32.44811652074473
2018-03-15 19:00:00,61.75528190360736,62.58660449914929,61.51776620330026,62.363338470458984,100873,64.82808654785157,67.38645704269409,64.54816875457763,1.5635368680543864,61.42109501846886,67.6752424906864,39.96499296298586
2018-03-18 19:00:00,62.467846369619174,62.82413052529363,62.232702073456146,62.45122528076172,113726,64.85682655334473,67.306217212677,64.36492176055908,1.5847176936472471,61.19548637326459,67.53435714785358,37.064217479924366
2018-03-19 19:00:00,61.87879159161867,62.80037619941898,61.87879159161867,62.24457550048828,416346,64.82053337097167,67.20606653213501,64.17965564727783,1.6061153178828713,60.967425011512084,67.39188628304358,36.265679649302555
2018-03-20 19:00:00,62.70299304392855,62.70299304392855,61.77903701709045,62.11156463623047,69715,64.79079582214355,67.09210329055786,64.00080280303955,1.6282502312622968,60.744302340514956,67.25730326556415,24.750412707749845
2018-03-21 19:00:00,62.46784997150311,65.08057942373698,61.99281146100041,63.850223541259766,339231,64.78343292236327,66.98470790863037,63.89486923217773,1.5609987769223268,60.77287167833308,67.01686678602239,36.231180616884565
2018-03-25 19:00:00,63.066406374784194,64.1067454341103,63.066406374784194,63.866844177246094,73999,64.76110610961913,66.88178909301757,63.842733764648436,1.542630451600084,60.75747286144827,66.92799466784861,34.25571173259914
2018-03-26 19:00:00,64.106739111585,64.36801132340509,63.67919955688536,63.95709991455078,62315,64.75820831298829,66.78955463409424,63.840714836120604,1.542443680796623,60.75582747452736,66.92560219771386,35.441167225228625
2018-03-27 19:00:00,63.6554461000233,63.89059037009158,63.299161983886876,63.463050842285156,69715,64.7317008972168,66.68876922607421,63.790834999084474,1.537463241817868,60.71590851544874,66.86576148272022,36.21542180725262
2018-03-28 19:00:00,63.65545045214885,63.89296615469234,63.41792769181846,63.60794448852539,99315,64.7163095855713,66.60477010726929,63.7499813079834,1.5305649311982594,60.68885144558688,66.81111117037992,43.001051542308545
2018-03-29 19:00:00,63.536685146311044,64.13048495266165,62.857373199164286,63.04738998413086,322873,64.71854217529297,66.52517742156982,63.622551155090335,1.4738252687371216,60.67490061761609,66.57020169256458,48.74011162615418
2018-04-01 19:00:00,63.53906405480838,63.65545402510813,63.00226992643001,63.1804084777832,129305,64.75421775817871,66.43875581741332,63.476951599121094,1.3561247369053924,60.76470212531031,66.18920107293188,48.61880028774333
2018-04-02 19:00:00,62.77661667745598,63.65544517154476,62.467838526198875,62.72911071777344,285094,64.75407508850098,66.35245515823364,63.295723342895506,1.182532112269083,60.93065911835734,65.66078756743367,51.656067511366814
2018-04-03 19:00:00,62.70536641385713,64.13048885902117,61.9928051912751,63.13052749633789,635230,64.75483512878418,66.2609962463379,63.13955364227295,0.9558087098197245,61.2279362226335,65.0511710619124,64.32491702534477
2018-04-04 19:00:00,63.394182586982865,63.39655400354389,62.28970943925851,62.64836502075195,102820,64.67203567504883,66.16106767654419,62.992410278320314,0.7662399698523523,61.45993033861561,64.52489021802502,56.960892325878945
2018-04-05 19:00:00,62.87163434883672,63.65545099527041,62.70536700362945,63.436927795410156,314694,64.60857040405273,66.0722254371643,62.93599891662598,0.6811667650088091,61.57366538660836,64.2983324466436,59.36971687264829
2018-04-08 19:00:00,62.9571369467876,63.560436552270254,62.9571369467876,63.444053649902344,467757,64.5396418762207,65.99800157546997,62.94823112487793,0.6883052038567649,61.5716207171644,64.32484153259146,58.78877150896019
2018-04-09 19:00:00,63.41792297840394,63.4796786091885,62.950005857289135,63.18990707397461,124631,64.46297019958496,65.91974597930908,62.940392875671385,0.6844106317254534,61.57157161222048,64.30921413912229,58.298534672191586
2018-04-10 19:00:00,63.073519729864174,64.11860854844737,63.07114831354388,63.427425384521484,283536,64.3990771484375,65.85035829544067,62.98469009399414,0.6859018445610965,61.612886404871944,64.35649378311633,61.34307656186185
2018-04-11 19:00:00,63.65544556414645,63.65544556414645,62.254072678265445,62.54622268676758,151894,64.30995933532715,65.77109745025635,63.029581260681155,0.6200611961712789,61.7894588683386,64.26970365302371,36.80915497957911
2018-04-12 19:00:00,62.54147581638715,64.13048708710735,62.54147581638715,63.85496520996094,953820,64.25171928405761,65.70776977539063,63.12755851745605,0.5852569414796145,61.957044634496825,64.29807240041528,49.90473883021486
2018-04-15 19:00:00,64.02598320682866,64.84305621501946,63.18278932687326,64.03311157226562,815167,64.2165663909912,65.64224319458008,63.21104717254639,0.5895839303547235,62.03187931183694,64.39021503325583,50.601088148735386
2018-04-16 19:00:00,63.417928377385586,64.84305083920012,63.2041621254495,63.84783935546875,604852,64.18412117004395,65.59507320404053,63.280877876281735,0.5774364144092299,62.12600504746327,64.43575070510019,53.199073927246204
2018-04-17 19:00:00,66.81070075331094,67.37617025462006,65.67976175069268,65.747314453125,229010,64.16311058044434,65.56033687591552,63.45601482391358,0.751530060540651,61.95295470283227,64.95907494499488,63.76926525519482
2018-04-18 19:00:00,66.61710897075517,68.18934633100702,65.9324250805677,66.80730438232422,616146,64.18956962585449,65.53155788421631,63.690801811218265,1.0013740038206016,61.68805380357706,65.69354981885947,72.73753625842993
2018-04-19 19:00:00,67.20036458719137,67.96112365905174,67.20036458719137,67.70753479003906,1196851,64.22082710266113,65.51417148590087,63.883667373657225,1.3458910968430193,61.19188517997119,66.57544956734327,75.05246887648842
2018-04-22 19:00:00,68.21470894998737,71.09291339305152,68.21470894998737,70.65928649902344,2609081,64.30845939636231,65.49375091552734,64.2232894897461,2.026390385883503,60.17050871797909,68.2760702615131,84.37219124438745
2018-04-23 19:00:00,71.51386033244944,74.19173431396484,71.25773964960386,74.19173431396484,6806045,64.4621802520752,65.50966201782227,64.73502120971679,3.0094635838082002,58.716094042100394,70.75394837733319,87.7083817211111
2018-04-24 19:00:00,76.3294642568788,77.89916229248047,75.08689088198287,77.89916229248047,4381574,64.71774452209473,65.52637214660645,65.45682678222656,4.188563290451516,57.079700201323526,73.8339533631296,92.61894411242288
2018-04-25 19:00:00,81.14760874399053,81.14760874399053,77.59740227428675,80.30823516845703,1566072,65.03825920104981,65.54983577728271,66.29184131622314,5.314023979320953,55.663793357581234,76.91988927486504,93.23193807821472
2018-04-26 19:00:00,79.18231426532837,82.92270863731856,77.97777844107996,80.92698669433594,869304,65.3882977294922,65.58079753875732,67.18582115173339,6.173863343369208,54.83809446499498,79.5335478384718,93.43763695560857
2018-04-29 19:00:00,80.13325853596535,81.14760644218418,77.74447920093007,78.20600128173828,338452,65.62971435546875,65.60183567047119,67.93710079193116,6.562764984215912,54.81157082349934,81.06263076036298,83.23466054856564
2018-05-01 19:00:00,79.23303219346124,79.23303219346124,75.31512417313064,75.72086334228516,130084,65.8218083190918,65.6115327835083,68.58668842315674,6.662354244630202,55.26197993389634,81.91139691241715,74.74660586159536
2018-05-02 19:00:00,74.93728035522261,76.58305355211859,73.03284711890643,75.83497619628906,909809,66.0195098876953,65.64023986816406,69.2219108581543,6.720158794655028,55.78159326884425,82.66222844746436,77.60261899324762
2018-05-03 19:00:00,75.82229980943784,78.12486184772904,74.80795181374262,77.24491882324219,600567,66.25063583374023,65.68793891906738,69.95173854827881,6.761167499105261,56.42940355006829,83.47407354648934,77.69638647001455
2018-05-06 19:00:00,77.09022646357036,79.62609259676194,77.09022646357036,77.8408432006836,445167,66.48807479858398,65.73586753845215,70.67193431854248,6.797739203080969,57.076455912380545,84.26741272470443,78.07531128912308
2018-05-07 19:00:00,78.10457511424268,78.35816399035663,77.09783767461575,77.58218383789062,345462,66.74152740478516,65.77872299194335,71.3788408279419,6.741430663356004,57.89597950122989,84.86170215465391,77.84299920686672
2018-05-08 19:00:00,77.9777757263104,78.10457015631872,75.82229302170121,76.70984649658203,1038725,66.99577476501464,65.80617286682129,72.05483779907226,6.552269224035256,58.950299351001746,85.15937624714277,73.189570833141
2018-05-09 19:00:00,76.45625725556012,77.56696500342832,76.45625725556012,76.83917236328125,203305,67.24334526062012,65.82047546386718,72.72542514801026,6.3044523619630795,60.1165204240841,85.33432987193642,72.09068137030074
2018-05-10 19:00:00,76.58305277631638,76.58305277631638,75.56870486202665,76.0936279296875,523841,67.47671745300293,65.83112705230712,73.40279541015624,5.8657269029135275,61.671341604329186,85.1342492159833,68.593268964024
2018-05-13 19:00:00,75.58138969613918,76.83664482111448,74.8079489085102,75.84004974365234,1368998,67.68159858703613,65.83689517974854,74.00204963684082,5.435387578695464,63.13127447944989,84.87282479423175,63.04764613087747
2018-05-14 19:00:00,76.07588458862203,76.58305479152384,74.807947778601,75.75636291503906,329104,67.87487785339356,65.8451263809204,74.5882122039795,4.910522977414149,64.7671662491512,84.40925815880779,54.76890421171545
2018-05-15 19:00:00,76.07588194120981,76.07588194120981,74.81048453009626,74.97024536132812,52578,68.04720924377442,65.84745487213135,75.14433250427246,4.209990792356851,66.72435091955876,83.56431408898615,39.13862478052269
2018-05-16 19:00:00,73.95843844203746,75.04885398762724,73.95843844203746,74.40474700927734,25705,68.21022575378419,65.84474269866944,75.57720413208008,3.592769848418946,68.39166443524219,82.76274382891798,24.640508224165032
2018-05-17 19:00:00,74.43771752782982,74.57972549209407,74.300780738348,74.31599426269531,70494,68.384720993042,65.8408088684082,75.95263862609863,2.9657021536430928,70.02123431881245,81.88404293338482,20.24649797618116
2018-05-20 19:00:00,75.69550440434735,76.07588772358191,74.04719175802018,75.97444915771484,370778,68.61290687561035,65.84974700927734,76.36598434448243,2.244455634295572,71.87707307589129,80.85489561307357,38.894516626293765
2018-05-21 19:00:00,76.07334374252055,77.71911693379009,76.07334374252055,77.18405151367188,278083,68.89259971618652,65.86039451599122,76.69222259521484,1.8018739727707005,73.08847464967344,80.29597054075624,58.340545340840194
2018-05-22 19:00:00,77.59740227552915,77.84845178821831,76.608410213205,77.34888458251953,97368,69.1726439666748,65.86809719085693,76.85008010864257,1.7070847709844086,73.43591056667375,80.26424965061139,58.58005052099233
2018-05-23 19:00:00,77.72419839240723,77.72419839240723,76.86454010009766,76.86454010009766,10905,69.45910514831543,65.87115409851074,76.79834899902343,1.6892032285583853,73.41994254190666,80.1767554561402,47.5915214133683
2018-05-24 19:00:00,76.51965942087877,77.5974007844752,75.34047949814193,77.11811828613281,118399,69.76849952697754,65.87500774383545,76.63884315490722,1.477708976912762,73.68342520108169,79.59426110873275,45.21647533375953
2018-05-27 19:00:00,76.88735776339827,79.11892330197117,76.87468359418209,77.69630432128906,179547,70.08451721191406,65.8830670928955,76.47730903625488,1.1167866559301418,74.2437357243946,78.71088234811516,50.724681213906436
2018-05-28 19:00:00,77.09783842304353,78.60921427462709,77.09783842304353,77.87635040283203,193178,70.39477745056152,65.8934400177002,76.46082649230956,1.0920898035926698,74.27664688512422,78.6450060994949,58.121534048656116
2018-05-29 19:00:00,78.35816044177102,78.35816044177102,77.03951190901594,78.12739562988281,747009,70.70830085754395,65.91290184020995,76.58115310668946,1.1378853884442852,74.30538232980089,78.85692388357802,58.819498273185594
2018-05-30 19:00:00,77.50864837056507,78.3581643275423,77.34381635389948,77.81041717529297,696378,71.01961769104004,65.9291134262085,76.67992515563965,1.1553097511998842,74.36930565323988,78.99054465803943,62.4862803676917
2018-05-31 19:00:00,78.30490069797065,78.48494622734748,77.09022256199206,78.23896789550781,170589,71.34216575622558,65.93986415863037,76.72962760925293,1.201360227880619,74.32690715349169,79.13234806501417,67.01438829456231
2018-06-03 19:00:00,78.10457088766519,78.10457088766519,76.83917346569241,77.19926452636719,95031,71.60914657592774,65.95312957763672,76.6975486755371,1.1784744627795027,74.3405997499781,79.05449760109612,59.01172376067594
2018-06-04 19:00:00,77.34381461145973,81.05885314941406,77.06233051199273,81.05885314941406,715462,71.9529867553711,65.99083137512207,76.87138214111329,1.5221396816280337,73.82710277785722,79.91566150436935,77.47774362195008
2018-06-05 19:00:00,82.39018498477236,83.42988882836283,81.1476115471756,81.76129150390625,540588,72.3090705871582,66.03261512756347,77.12395439147949,1.8726640181994796,73.37862635508053,80.86928242787845,82.79456669095045
2018-06-06 19:00:00,81.40118913769032,82.16194819636696,78.35816043816129,79.78585052490234,1226840,72.63552658081055,66.06911231994629,77.27128829956055,1.96282536140688,73.3456375767468,81.19693902237431,70.87286720868471
2018-06-10 19:00:00,81.14760828668754,81.7054977639945,78.37083506883411,78.94140625,398041,72.94219581604004,66.10374286651611,77.41367721557617,1.9761459372620243,73.46138534105212,81.36596909010022,62.071812828464374
2018-06-11 19:00:00,79.85431371588241,79.85431371588241,75.01081471367439,75.24665069580078,671062,73.18618103027343,66.12706497192383,77.38400726318359,2.0052562106584824,73.37349484186663,81.39451968450055,43.443178725595146
2018-06-12 19:00:00,75.81722407669204,79.00733947753906,75.81722407669204,79.00733947753906,1277861,73.50271965026856,66.17871154785156,77.54655609130859,1.9981245925660096,73.55030690617657,81.5428052764406,54.51408256204405
2018-06-13 19:00:00,79.62102202974732,82.63869499004232,79.62102202974732,80.62268829345703,1659545,73.86059120178223,66.24145881652832,77.82917823791504,2.0142288932486645,73.80072045141772,81.85763602441237,59.63588533369222
2018-06-18 19:00:00,80.6378990711788,81.14760862519668,79.30910817615064,79.64130401611328,186947,74.19080673217773,66.29291164398194,78.09100608825683,1.8816459310318507,74.32771422619314,81.85429795032053,56.23667922228344
2018-06-19 19:00:00,80.12819296513254,80.12819296513254,76.58305752260557,77.48582458496094,1710956,74.48755592346191,66.34024845123291,78.24949760437012,1.6683489465369752,74.91279971129617,81.58619549744407,49.517378772643205
2018-06-20 19:00:00,76.58559383512295,77.34381354911068,75.82229541141162,76.35736083984375,1325767,74.74596458435059,66.37574169158935,78.26864318847656,1.6428694565500774,74.9829042753764,81.55438210157672,46.662193838427626
2018-06-21 19:00:00,76.07588762229247,76.83664672457073,72.54342633415506,72.78687286376953,1387693,74.93282096862794,66.39665843963623,78.04878425598145,2.0415176083887285,73.96574903920398,82.1318194727589,39.758814749443964
2018-06-24 19:00:00,72.5256780935106,74.75723602835505,69.14790660866865,69.56124877929688,1594893,75.06024780273438,66.40657459259033,77.6594024658203,2.788171671324471,72.08305912317137,83.23574580846925,35.76865841963513
2018-06-25 19:00:00,69.73622182203906,73.03791809082031,69.73622182203906,73.03791809082031,574083,75.25245765686036,66.43331531524659,77.46807136535645,2.97089640871132,71.52627854793381,83.40986418277909,41.88110246423318
2018-06-26 19:00:00,74.42503560377563,76.68956756591797,74.42503560377563,76.68956756591797,602515,75.53532455444336,66.4695273590088,77.4466438293457,2.975095771803647,71.49645228573841,83.39683537295299,49.26434654720672
2018-06-27 19:00:00,78.59907052384396,79.87714217309544,77.64811601372786,79.61341094970703,471262,75.85049346923829,66.52251705169678,77.5424991607666,3.014190007963909,71.51411914483877,83.57087917669442,47.85585446107261
2018-06-28 19:00:00,79.87968182966453,80.26005760700514,78.88054738885127,79.56523132324219,310020,76.16113586425782,66.5825078201294,77.6269432067871,3.0475085552247947,71.53192609633751,83.7219603172367,46.67791716640675
2018-07-01 19:00:00,80.38685067426916,82.27353107511014,78.64978122688225,79.44857788085938,243810,76.47315063476563,66.65566543579102,77.69300231933593,3.0731390057123495,71.54672430791123,83.83928033076063,49.45938932406728
2018-07-02 19:00:00,78.86533397847684,80.38685216038816,78.0639979547967,78.93126678466797,121126,76.73682968139649,66.72806617736816,77.7490447998047,3.0855877292711553,71.57786934126239,83.920220258347,49.98357531219883
2018-07-03 19:00:00,78.36069243291004,78.36069243291004,75.57124505658847,76.77831268310547,493852,76.93624984741211,66.78937347412109,77.67601203918457,3.090663372718056,71.49468529374846,83.85733878462068,52.61155276284117
2018-07-04 19:00:00,77.09022849738021,77.8509876038904,76.07588804548529,76.95075988769531,794136,77.12111434936523,66.8606805229187,77.66358680725098,3.093179392676122,71.47722802189874,83.84994559260322,46.00454624416082
2018-07-05 19:00:00,76.0784183774157,76.83664564928762,76.07588655765572,76.52473449707031,393757,77.23842330932617,66.91443105697631,77.43688087463379,2.9958625486946278,71.44515577724454,83.42860597202304,41.65290057614002
2018-07-08 19:00:00,76.10123758701455,76.20266860969267,73.69216602766372,74.38446044921875,96978,77.24227783203125,66.96298028945922,77.06803932189942,2.887582463121477,71.29287439565647,82.84320424814237,39.775089817160314
2018-07-09 19:00:00,72.77925837678288,75.82229462043618,72.52567704659681,75.39627075195312,588494,77.1922200012207,67.0200178527832,76.84856033325195,2.836504604283843,71.17555112468426,82.52156954181964,45.74643680488731
2018-07-10 19:00:00,74.32614220868226,77.2804216874564,74.04972928194849,75.12493133544922,453736,77.08855392456054,67.08703838348389,76.65773658752441,2.8166051596735477,71.02452626817731,82.29094690687151,47.400515658185114
2018-07-11 19:00:00,74.30077731522164,78.10457266159436,74.25005803455596,76.63377380371094,285873,77.00268966674804,67.1512523651123,76.72709274291992,2.7970401007592876,71.13301254140134,82.3211729444385,58.88691527608039
2018-07-12 19:00:00,78.10457424453955,79.87714193230076,75.82229699046101,78.00313568115234,575252,76.99863235473633,67.22185832977294,76.67688255310058,2.7627557974077526,71.15137095828507,82.2023941479161,71.3315126761617
2018-07-15 19:00:00,77.59740189304655,78.10457209046173,76.83664282933499,76.9253921508789,105157,77.0227229309082,67.29185710906982,76.49201774597168,2.6039691006671366,71.28407954463741,81.69995594730595,61.178331973900654
2018-07-16 19:00:00,76.83917522898702,79.11892061766223,76.69716727123178,77.9346694946289,133199,77.064716796875,67.3640067100525,76.40668601989746,2.5220089783894246,71.36266806311862,81.45070397667631,54.221811303417425
2018-07-17 19:00:00,78.60920965213298,79.62608939125131,78.12485597746004,78.7283935546875,233294,77.09438629150391,67.44293172836304,76.46881446838378,2.564931961821821,71.33895054474014,81.59867839202742,46.49246460897063
2018-07-18 19:00:00,79.37250587331971,80.8914922676101,78.36069724051521,79.94307708740234,2748902,77.13643096923828,67.52763061523437,76.64810028076172,2.679491842936697,71.28911659488833,82.00708396663512,51.37074984514194
2018-07-19 19:00:00,80.26005526389989,83.42988596830239,79.93039124304366,81.609130859375,5940246,77.21696990966797,67.62295625686646,77.08921318054199,2.735968890444028,71.61727539965393,82.56115096143004,57.045963924728404
2018-07-22 19:00:00,81.65478021450973,82.0351635217422,78.86533276884917,79.7579574584961,1000556,77.27793212890624,67.70970277786255,77.59904861450195,2.145721498340211,73.30760561782154,81.89049161118237,52.48021431893676
2018-07-23 19:00:00,79.87968162698273,80.94474133601182,79.37250387824503,80.28034210205078,711178,77.34675552368164,67.79926090240478,77.96116981506347,1.9363704796499508,74.08842885576357,81.83391077436337,61.646147585155624
2018-07-25 19:00:00,81.40118904943321,81.52798348160478,79.37250074022091,79.86699676513672,496188,77.42222290039062,67.88781730651856,78.12004127502442,1.956789574284296,74.20646212645583,82.033620423593,59.54513422575778
2018-07-26 19:00:00,79.87968180587661,81.87793561655239,79.37250405600308,80.11804962158203,864241,77.50778289794921,67.98611597061158,78.14527320861816,1.9801732337922937,74.18492674103358,82.10561967620275,61.89755406761996
2018-07-29 19:00:00,80.64043222414521,81.14760996687286,78.86533273013166,79.4815444946289,1731208,77.58228652954102,68.08148729324341,78.1410888671875,1.977100806856598,74.18688725347431,82.0952904809007,68.74300382948282
2018-07-30 19:00:00,79.62608852435602,79.8543139780622,77.85098156839041,78.04370880126953,322094,77.64375579833984,68.16911472320557,78.070845413208,1.9530124761615886,74.16482046088483,81.97687036553118,59.43941046698566
2018-07-31 19:00:00,78.61174194078592,78.61174194078592,76.58305362490479,77.33113098144531,264452,77.7022834777832,68.23806318283081,77.99083862304687,1.948680088830291,74.09347844538628,81.88819880070746,57.62622375980999
2018-08-01 19:00:00,77.34381239370175,80.38684862364117,77.34381239370175,78.56610107421875,1830913,77.78728561401367,68.3062034034729,78.08022804260254,1.9310567879790084,74.21811446664452,81.94234161856056,56.80843353931878
2018-08-02 19:00:00,78.86533281828585,80.38685097781405,78.86533281828585,79.40039825439453,1240861,77.85580459594726,68.3920181274414,78.2027099609375,1.9333328288948561,74.33604430314779,82.06937561872721,55.116069882170216
2018-08-05 19:00:00,79.37250494772236,80.36149704998002,78.8653347273288,79.8923568725586,387525,77.909970703125,68.47130252838134,78.37109107971192,1.926136051976992,74.51881897575794,82.2233631836659,61.35042525494867
2018-08-06 19:00:00,80.36149598094872,80.36149598094872,78.62442650806227,78.97944641113281,96589,77.94258193969726,68.55528568267822,78.60084037780761,1.6844674209025063,75.2319055360026,81.96977521961263,54.02658929147953
2018-08-07 19:00:00,78.35816230893148,78.86533251509856,78.1045734382591,78.1476821899414,209926,77.96824478149414,68.63199848175049,78.73841094970703,1.5125571230758617,75.7132967035553,81.76352519585876,47.768470985578546
2018-08-08 19:00:00,78.16796350278982,78.77657224493736,78.10457005545622,78.25418853759766,213820,77.99096618652344,68.70160751342773,78.89487380981446,1.259832400103392,76.37520900960767,81.41453861002124,42.905818122618086
2018-08-09 19:00:00,78.10457487129588,78.48495064910577,77.21702134283568,77.35395812988281,142157,77.98411926269532,68.77189332962035,78.93088302612304,1.2007079155873852,76.52946719494827,81.33229885729781,30.897113060824097
2018-08-12 19:00:00,78.34548182882912,78.34548182882912,76.8366453556647,77.32099151611328,192789,77.97301208496094,68.83016206741333,78.89677581787109,1.2375710501099872,76.42163371765112,81.37191791809106,36.92517396643471
2018-08-14 19:00:00,77.84591481507958,77.90170527186802,76.2026733706449,76.60588073730469,181884,77.94258178710938,68.87666078567504,78.88080024719238,1.2660922538068813,76.34861573957862,81.41298475480615,30.68519146813223
2018-08-15 19:00:00,76.45880395944606,76.45880395944606,75.18833525915133,75.58646392822266,177210,77.89810272216796,68.90248109817504,78.76338996887208,1.4534638702492313,75.85646222837362,81.67031770937054,28.847157291509575
2018-08-16 19:00:00,76.07588250941374,76.96343599161769,75.82229364730478,76.25592803955078,147610,77.85844192504882,68.93439210891724,78.63976669311523,1.557985769681829,75.52379515375158,81.75573823247889,31.672679035105375
2018-08-19 19:00:00,76.25593345524342,76.58305813737925,74.3033201768267,74.98292541503906,402715,77.81411514282226,68.96467664718628,78.39175910949707,1.7253952778335084,74.94096855383006,81.84254966516409,29.86836867151166
2018-08-23 19:00:00,75.44191740377765,75.44191740377765,73.56537942770997,74.3362808227539,96978,77.67966369628907,68.99424566268921,78.02811660766602,1.7772464539755877,74.47362369971485,81.5826095156172,32.144615606210024
2018-08-26 19:00:00,74.05987302479069,74.54168737186642,73.73020899043826,74.13594818115234,113726,77.52715682983398,69.0360072517395,77.74701614379883,1.9274986583465856,73.89201882710566,81.602013460492,33.81296743646729
2018-08-27 19:00:00,75.3633049555506,75.3633049555506,74.30077709546548,74.7470932006836,179936,77.4263816833496,69.0904797744751,77.47035369873046,1.941794145470437,73.58676540778958,81.35394198967134,29.347226038672815
2018-08-28 19:00:00,74.55436761571633,74.68116205222768,73.03284944793572,73.43351745605469,218494,77.3162239074707,69.1471964263916,77.14867973327637,2.0535385586539276,73.04160261596851,81.25575685058422,19.322041078577428
2018-08-29 19:00:00,74.04465835081608,76.32946743150549,73.03284974470361,75.43431091308594,653146,77.3199771118164,69.22513986587525,76.91449279785157,1.9621205517082563,72.99025169443506,80.83873390126807,30.15800250603587
2018-08-30 19:00:00,75.31512495864489,76.83664309125453,74.80794722432326,76.68195343017578,623546,77.27346939086914,69.30174465179444,76.7745132446289,1.8668980572408822,73.04071713014714,80.50830935911067,40.070130361751055
2018-09-02 19:00:00,75.9490889268658,75.9490889268658,75.06153543474606,75.28215789794922,73610,77.16665878295899,69.36936714172363,76.6364356994629,1.8702071052869722,72.89602148888895,80.37684991003684,38.194725579781384
2018-09-03 19:00:00,75.18832854217447,75.18832854217447,74.6811583564057,74.80794525146484,7010,77.06999160766601,69.42423889160156,76.51027641296386,1.905646322032782,72.6989837688983,80.32156905702942,36.21980416945297
2018-09-04 19:00:00,74.68116426913222,74.80795117422946,74.30332030329393,74.34896087646484,115284,77.00725433349609,69.46928634643555,76.29941940307617,1.8995003003141455,72.50041880244788,80.09842000370446,37.54465943092706
2018-09-05 19:00:00,73.54255501749931,74.60254348862986,72.90605104979522,73.08356475830078,212262,76.94177841186523,69.50572662353515,75.98357772827148,1.8818308332733649,72.21991606172476,79.74723939481821,34.06445282239322
2018-09-06 19:00:00,74.30077818241296,74.30077818241296,70.37272771098239,71.87142181396484,132420,76.92346939086914,69.53104701995849,75.5825309753418,1.8595268260635904,71.86347732321461,79.30158462746898,32.83689665491585
2018-09-09 19:00:00,71.89453125,72.5210189819336,71.25006866455078,71.36561584472656,251210,76.95955673217773,69.55048934936524,75.20183944702148,1.906274656666792,71.3892901336879,79.01438876035508,34.10698208615125
2018-09-10 19:00:00,72.53128814697266,72.53128814697266,70.62101745605469,70.8854751586914,36999,76.91650787353515,69.5681723022461,74.83872909545899,2.00472871142302,70.82927167261295,78.84818651830503,29.485825461828
2018-09-11 19:00:00,70.99331665039062,70.99331665039062,70.09466552734375,70.42074584960938,1257609,76.79113143920898,69.5875931930542,74.44705696105957,2.0665873020652095,70.31388235692916,78.58023156518999,31.426379415309313
2018-09-12 19:00:00,69.9662857055664,71.12169647216797,69.83790588378906,70.62358856201172,93084,76.61133499145508,69.60498802185059,74.11053848266602,2.115715891424429,69.87910669981716,78.34197026551487,34.318142268798695
2018-09-13 19:00:00,71.63520812988281,71.73790740966797,69.70953369140625,70.07669067382812,271073,76.4215641784668,69.62057468414307,73.74832344055176,2.1568708530928773,69.434581734366,78.06206514673751,33.341995435176685
2018-09-16 19:00:00,70.60304260253906,70.6081771850586,68.81088256835938,69.32439422607422,139431,76.2190805053711,69.63245929718018,73.38424911499024,2.261162478872209,68.86192415724582,77.90657407273466,28.00167874138964
2018-09-17 19:00:00,69.32439422607422,69.80966186523438,68.55412292480469,69.69669342041016,92305,76.03438903808593,69.64352138519287,73.0897605895996,2.3413683184097547,68.4070239527801,77.77249722641912,33.58735652135451
2018-09-18 19:00:00,70.6056137084961,71.8919677734375,69.83790588378906,70.3616943359375,251599,75.90605667114258,69.66824058532715,72.79504890441895,2.29230676809702,68.2104353682249,77.37966244061299,24.758548741264477
2018-09-23 19:00:00,70.61074829101562,70.61074829101562,69.32439422607422,69.57601928710938,61147,75.75856185913086,69.68755882263184,72.52470359802246,2.3390546045671106,67.84659438888824,77.20281280715668,12.936724274464083
2018-09-24 19:00:00,69.04196166992188,70.86493682861328,68.47196197509766,69.99710083007812,79842,75.62800918579102,69.71310340881348,72.30774459838867,2.363292662687041,67.58115927301458,77.03432992376275,19.299718224468464
2018-09-25 19:00:00,69.32439422607422,69.5811538696289,68.55412292480469,68.78520202636719,24147,75.51602401733399,69.72826564788818,72.04020729064942,2.446827651768542,67.14655198711233,76.93386259418651,17.776246578272563
2018-09-26 19:00:00,68.04830932617188,69.06763458251953,67.39871978759766,68.34358215332031,115673,75.37497024536133,69.7397827911377,71.72003173828125,2.4925140973156794,66.7350035436499,76.7050599329126,17.80933849275776
2018-09-27 19:00:00,68.04061126708984,71.37844848632812,67.14196014404297,69.93804168701172,164747,75.27123245239258,69.76247875213623,71.54525794982911,2.4885891339666646,66.56807968189578,76.52243621776243,33.713582798471734
2018-09-30 19:00:00,69.10614776611328,71.37844848632812,68.42831420898438,70.46439361572266,101652,75.14784484863281,69.79171367645263,71.29676208496093,2.3223963637501344,66.65196935746066,75.9415548124612,42.157994999404686
2018-10-01 19:00:00,70.6081771850586,72.66223907470703,70.6081771850586,70.68006896972656,382462,75.0013835144043,69.82620737075806,70.99666786193848,1.9474121324250389,67.1018435970884,74.89149212678855,46.05143817364954
2018-10-02 19:00:00,70.47979736328125,70.47979736328125,69.5811538696289,69.7352066040039,71273,74.85757980346679,69.86018087387085,70.71932029724121,1.6818425434852344,67.35563521027075,74.08300538421167,43.71141795078849
2018-10-03 19:00:00,69.5811538696289,70.86493682861328,69.32439422607422,70.57223510742188,448673,74.71033111572265,69.89835132598877,70.50753479003906,1.3793783973035638,67.74877799543194,73.26629158464618,50.79580487069774
2018-10-04 19:00:00,70.6081771850586,71.63520812988281,68.68250274658203,69.97399139404297,492683,74.53524307250977,69.93632144927979,70.28878631591797,1.0443357691384882,68.200114777641,72.37745785419494,46.723637953220326
2018-10-07 19:00:00,69.35777282714844,69.35777282714844,66.47695922851562,66.54371643066406,255105,74.267255859375,69.97000192642211,69.96179389953613,1.142444006950902,67.67690588563433,72.24668191343794,36.19583401399154
2018-10-08 19:00:00,67.77871704101562,68.80831146240234,65.6014175415039,66.841552734375,74389,73.971904296875,70.00320016860962,69.71030044555664,1.2486336717989517,67.21303310195874,72.20756778915454,39.94174556832997
2018-10-09 19:00:00,65.73236083984375,66.75682067871094,64.44601440429688,66.56425476074219,66599,73.70803024291992,70.04965505599975,69.47023239135743,1.3693547433183917,66.73152290472065,72.2089418779942,37.2117245662592
2018-10-10 19:00:00,65.9865493774414,68.81088256835938,64.95952606201172,66.90574645996094,201747,73.44053833007813,70.10674816131592,69.2712459564209,1.4401988134681698,66.39084832948456,72.15164358335724,35.508191308843436
2018-10-11 19:00:00,66.11492919921875,66.11492919921875,64.24060821533203,65.75804138183594,179936,73.15835922241212,70.15882717132568,69.03811073303223,1.6115291129323497,65.81505250716752,72.26116895889693,34.46186118604409
2018-10-14 19:00:00,64.26628112792969,64.26628112792969,62.47154998779297,62.730873107910156,569020,72.81061569213867,70.20552055358887,68.64347496032715,2.0963157431719575,64.45084347398324,72.83610644667107,25.603446465083223
2018-10-15 19:00:00,62.879791259765625,64.42033386230469,61.75006103515625,62.959388732910156,200968,72.4801725769043,70.25558921813965,68.28760986328125,2.419419067067625,63.448771729145996,73.12644799741649,29.056691126093583
2018-10-16 19:00:00,63.13141632080078,64.95952606201172,62.90546798706055,63.96587371826172,517220,72.19861587524414,70.3116166305542,68.01968383789062,2.589299622945427,62.841084591999774,73.19828308378148,34.876706393113125
2018-10-17 19:00:00,64.39466094970703,64.70020294189453,63.162227630615234,64.04803466796875,230957,71.93295394897461,70.3784938621521,67.73725090026855,2.7023503114912826,62.33255027728598,73.14195152325111,27.278132039742488
2018-10-18 19:00:00,63.418983459472656,67.24980163574219,63.418983459472656,67.18817901611328,377010,71.7053955078125,70.46310262680053,67.57857513427734,2.632403979625446,62.31376717502645,72.84338309352823,39.482382954710225
2018-10-21 19:00:00,67.52709197998047,69.83790588378906,67.27290344238281,68.36155700683594,114505,71.48461868286132,70.54421997070312,67.51785202026367,2.597681102187427,62.32248981588882,72.71321422463853,42.98805700151364
2018-10-22 19:00:00,67.78385162353516,68.65682220458984,67.4680404663086,68.07655334472656,109441,71.24830261230468,70.61088430404664,67.4218246459961,2.535973211312394,62.349878223371306,72.49377106862089,44.77514947336444
2018-10-23 19:00:00,70.80075073242188,71.47858428955078,69.89183044433594,71.47858428955078,415567,71.09828536987305,70.68430980682373,67.55649375915527,2.679629078464253,62.19723560222677,72.91575191608378,52.457864558311826
2018-10-24 19:00:00,71.9561538696289,74.5879135131836,71.63520812988281,72.43885803222656,552662,70.98410888671874,70.75582672119141,67.76125755310059,2.8910682463261175,61.97912106044836,73.54339404575282,56.55557778568683
2018-10-25 19:00:00,71.63520812988281,75.87169647216797,68.8185806274414,74.12574768066406,3767375,70.90154006958008,70.8349111366272,67.9706428527832,3.1929093962216544,61.58482406033989,74.3564616452265,72.226377183181
2018-10-28 19:00:00,74.45953369140625,74.53656005859375,71.89453125,72.58521270751953,2212987,70.80616516113281,70.90445209503174,68.07668380737304,3.313046826624316,61.45059015412441,74.70277746062168,65.69384910633619
2018-10-29 19:00:00,72.79061126708984,73.43251037597656,71.8919677734375,72.91899108886719,385578,70.71812515258789,70.97850030899048,68.18862991333008,3.4409988843875676,61.30663214455494,75.07062768210521,67.31011263976059
2018-10-30 19:00:00,72.277099609375,74.4338607788086,71.8919677734375,73.50696563720703,744283,70.65614685058594,71.04096401214599,68.37721786499023,3.628472784623215,61.120272295743796,75.63416343423665,67.7432637999973
2018-10-31 19:00:00,72.94467163085938,74.07183074951172,72.91899108886719,73.72007751464844,369610,70.61881912231445,71.08926822662353,68.53460998535157,3.7932286149248715,60.94815275550182,76.12106721520131,72.53306548148558
2018-11-01 19:00:00,73.30413055419922,74.3311538696289,72.91899108886719,73.49669647216797,619652,70.56363449096679,71.13875949859619,68.71074523925782,3.9424350883165387,60.82587506262474,76.59561541589089,86.21524373655818
2018-11-04 19:00:00,73.9460220336914,73.9460220336914,72.15129089355469,73.46845245361328,325210,70.53334503173828,71.18500991821288,69.05698204040527,4.044848964177039,60.967284112051196,77.14667996875934,85.83435659430998
2018-11-05 19:00:00,73.66358947753906,74.71629333496094,73.30413055419922,74.01791381835938,648862,70.52697769165039,71.23018356323242,69.41580009460449,4.154787782864662,61.10622452887517,77.72537566033381,85.37864308128054
2018-11-06 19:00:00,74.1925048828125,74.80615997314453,73.68926239013672,73.8843994140625,591609,70.52194671630859,71.27909561157226,69.78180732727051,4.212392819762203,61.357021687746105,78.20659296679491,84.4948704721991
2018-11-07 19:00:00,74.3311538696289,75.28115844726562,72.0331802368164,72.78547668457031,1924387,70.48271438598633,71.31908088684082,70.07579383850097,4.206276977462574,61.66323988357583,78.48834779342612,72.90876264097659
2018-11-08 19:00:00,72.8580093383789,74.77727508544922,72.2129135131836,73.01527404785156,632504,70.47434951782226,71.36226970672607,70.43865547180175,4.126466186238307,62.18572309932514,78.69158784427836,70.64113635686847
2018-11-11 19:00:00,73.1436538696289,73.48065185546875,70.6081771850586,70.90666198730469,343671,70.38379653930664,71.40212421417236,70.84744491577149,3.706279773833418,63.43488536810465,78.26000446343832,60.804805812460536
2018-11-12 19:00:00,70.31932830810547,72.53385925292969,69.08368682861328,70.2872314453125,369532,70.25590209960937,71.44657722473144,71.21383705139161,3.215106041667973,64.78362496805566,77.64404913472755,44.22454279895877
2018-11-13 19:00:00,69.97270965576172,71.8919677734375,69.9662857055664,70.72371673583984,556479,70.16473327636719,71.48651458740234,71.55172920227051,2.7321194169115546,66.0874903684474,77.01596803609361,41.240464365619744
2018-11-14 19:00:00,71.24365234375,71.25006866455078,70.29365539550781,70.83605194091797,491047,70.08529541015625,71.52523221969605,71.89113006591796,2.0992223749516006,67.69268531601476,76.08957481582117,29.978928951843045
2018-11-15 19:00:00,70.92912292480469,71.70902252197266,70.92912292480469,71.2083511352539,462071,70.02248321533203,71.54733228683472,72.092138671875,1.7957304086195107,68.50067785463598,75.68359948911403,40.23134966602072
2018-11-18 19:00:00,71.2083511352539,71.2083511352539,69.00023651123047,69.4206771850586,522205,69.9492254638672,71.56138471603394,72.14509468078613,1.6925795704967583,68.75993553979261,75.53025382177965,29.42469318615244
2018-11-19 19:00:00,69.48487091064453,69.64533996582031,68.95530700683594,69.31476593017578,163890,69.8980923461914,71.5735061454773,72.20700531005859,1.5528032403191045,69.10139882942038,75.3126117906968,23.86142004966274
2018-11-21 19:00:00,68.84618377685547,69.32118225097656,68.60226440429688,68.99382019042969,243654,69.85065643310547,71.58335779190064,72.08276710510253,1.7059959116110337,68.67077528188047,75.4947589283246,20.922547745826222
2018-11-22 19:00:00,68.52202606201172,69.63892364501953,68.20108032226562,69.00666046142578,220909,69.81308013916015,71.5952807044983,71.9111572265625,1.8359659910403603,68.23922524448177,75.58308920864322,21.641185473021153
2018-11-25 19:00:00,68.714599609375,69.32439422607422,66.59635162353516,67.24465942382812,292883,69.74955841064452,71.59649343490601,71.56710281372071,2.033262524387426,67.50057776494586,75.63362786249556,17.753137661824283
2018-11-26 19:00:00,67.3537826538086,67.9892578125,66.43587493896484,67.263916015625,259856,69.6823649597168,71.59897817611694,71.30103797912598,2.231520985994978,66.83799600713603,75.76407995111593,12.971607354983362
2018-11-27 19:00:00,67.39871978759766,67.39871978759766,66.11492919921875,66.45513153076172,191309,69.60993377685547,71.60230005264282,70.9778450012207,2.44292744284841,66.09199011552388,75.86369988691752,12.077368059076747
2018-11-28 19:00:00,66.43587493896484,69.48487091064453,64.51020050048828,65.32540130615234,668647,69.52995391845702,71.60157655715942,70.56876678466797,2.6714549960136793,65.22585679264061,75.91167677669533,12.039502238869133
2018-11-29 19:00:00,66.35243225097656,66.43587493896484,63.70783615112305,64.3368911743164,480142,69.42275787353516,71.58927179336548,70.09960746765137,2.902812330808081,64.2939828060352,75.90523212926753,9.005508972713173
2018-12-02 19:00:00,63.0627326965332,63.0627326965332,61.121009826660156,61.121009826660156,182273,69.23794418334961,71.5674550819397,69.48082313537597,3.414498422183302,62.651826291009364,76.30981997974257,8.152665081027479
2018-12-03 19:00:00,59.429622650146484,59.429622650146484,58.06559753417969,58.06559753417969,978356,69.00773574829101,71.52705976486206,68.7106803894043,4.129871802456869,60.450936784490565,76.97042399431804,6.746970775367018
2018-12-04 19:00:00,57.12843704223633,60.96695327758789,56.16559600830078,58.5020866394043,2467079,68.77783546447753,71.48818183898926,67.93488903045655,4.519388617365009,58.896111795726526,76.97366626518657,6.746995954464708
2018-12-05 19:00:00,59.00597381591797,59.2145881652832,55.84465026855469,56.24583435058594,530306,68.52704811096191,71.43688255310059,67.05296077728272,4.99343765487868,57.06608546752536,77.03983608704009,5.167685514173385
2018-12-06 19:00:00,56.16559600830078,57.38198471069336,54.62505340576172,55.76762390136719,525944,68.27552894592286,71.3901159286499,66.20206813812256,5.398687446515422,55.404693245091714,76.9994430311534,2.8610871465012906
2018-12-09 19:00:00,56.13350296020508,57.67404556274414,56.01154327392578,56.87167739868164,1064975,68.01420166015625,71.3530618095398,65.39488830566407,5.5316140582627185,54.33166018913863,76.4581164221895,10.020463467521083
2018-12-10 19:00:00,56.64380645751953,56.64701843261719,54.881813049316406,55.10326385498047,506626,67.70697906494141,71.3114528274536,64.60471839904785,5.823847718836162,52.95702296137553,76.25241383672018,9.060663177124454
2018-12-11 19:00:00,54.929954528808594,55.26694869995117,53.517791748046875,53.886878967285156,817270,67.37111526489258,71.25021137237549,63.78470077514648,6.128275245835029,51.52815028347642,76.04125126681654,8.616154375082289
2018-12-12 19:00:00,53.13265609741211,54.56086730957031,51.9932975769043,52.95934295654297,849051,67.03559799194336,71.18442726135254,62.89648208618164,6.352865797148843,50.19075049188395,75.60221368047932,8.137976933787542
2018-12-13 19:00:00,52.95934295654297,54.56086730957031,52.18586349487305,52.561370849609375,1576899,66.67538070678711,71.11748462677002,61.98274803161621,6.4640655662049005,49.05461689920641,74.91087916402601,8.761495804513473
2018-12-16 19:00:00,52.31424331665039,52.95613479614258,51.91305923461914,52.20832824707031,369843,66.32006744384766,71.05008316040039,61.03274688720703,6.4329587825052625,48.166829322196506,73.89866445221756,8.494074987064678
2018-12-17 19:00:00,52.47471618652344,52.79566192626953,51.704444885253906,52.006134033203125,501018,66.02931579589844,70.98026935577393,60.16201972961426,6.416406866799326,47.3292059960156,72.99483346321291,8.7879939226262
2018-12-18 19:00:00,51.51187515258789,51.829612731933594,49.762718200683594,50.093292236328125,291949,65.6943505859375,70.90618804931641,59.20094604492188,6.4128510873413225,46.37524387023923,72.02664821960452,8.41220040269178
2018-12-19 19:00:00,50.709510803222656,52.121673583984375,49.10477828979492,49.85258483886719,636243,65.3601171875,70.83546358108521,58.24388427734375,6.3017986194828355,45.640287038378084,70.84748151630943,8.770328853670478
2018-12-20 19:00:00,49.43535232543945,50.709510803222656,49.26525115966797,49.865421295166016,312513,65.0193106842041,70.762487449646,57.28682231903076,6.028801879241985,45.22921856054679,69.34442607751473,10.815635472269221
2018-12-23 19:00:00,49.714576721191406,50.051570892333984,48.462886810302734,49.81727981567383,380749,64.70049545288086,70.68944875717163,56.415453338623045,5.767570213965067,44.88031291069291,67.95059376655318,13.680041254222417
2018-12-25 19:00:00,49.74346160888672,51.83282470703125,49.650386810302734,50.516944885253906,788293,64.45621688842773,70.61405351638794,55.57810478210449,5.306960001562067,44.96418477898035,66.19202478522863,15.635355941496982
2018-12-26 19:00:00,50.709510803222656,51.51187515258789,48.20613098144531,48.652244567871094,454593,64.17007400512695,70.52685274124146,54.68796043395996,4.860817314375053,44.96632580520985,64.40959506271007,16.18066796873407
2018-12-27 19:00:00,48.68754959106445,49.18501663208008,47.44548797607422,48.44683837890625,4200391,63.85969329833984,70.43731855392456,53.844032287597656,4.355731349450171,45.132569588697315,62.555494986498,16.58364379846337
2018-12-30 19:00:00,47.41018295288086,48.462886810302734,47.36524963378906,47.62842559814453,326534,63.53130111694336,70.34419107437134,53.008609008789065,3.8047792244474614,45.39905055989414,60.61816745768399,6.678707396323915
2018-12-31 19:00:00,47.50004959106445,49.746673583984375,47.50004959106445,48.41474533081055,400690,63.1558324432373,70.25830863952636,52.37329578399658,3.420300329834734,45.53269512432711,59.21389644366605,15.473842032570502
2019-01-01 19:00:00,48.14194107055664,48.20613098144531,46.90629577636719,47.19835662841797,791409,62.732568435668945,70.17147464752198,51.8299337387085,3.330429736635819,45.16907426543686,58.49079321198013,15.473835938515336
2019-01-02 19:00:00,47.19514846801758,47.50004959106445,45.84717559814453,45.9017333984375,353018,62.289072036743164,70.08498626708985,51.19991607666016,3.190701723156832,44.8185126303465,57.58131952297382,14.905854645278097
2019-01-03 19:00:00,46.07183837890625,46.5051155090332,45.766937255859375,46.08467483520508,124943,61.78119384765625,69.99867628097535,50.69185810089111,3.1537189060841366,44.384420288722836,56.999295913059385,17.090699752476695
2019-01-06 19:00:00,46.357479095458984,47.50004959106445,46.21626281738281,47.26254653930664,266399,61.27766761779785,69.92228160858154,50.26660423278808,3.003093826738132,44.26041657931182,56.27279188626434,26.813135086857727
2019-01-07 19:00:00,47.50004959106445,48.864070892333984,47.14700698852539,48.21896743774414,1857320,60.75953201293945,69.85513444900512,49.83396873474121,2.597318795116738,44.639331144507736,55.02860632497469,33.41766062746055
2019-01-08 19:00:00,48.44683837890625,49.42572784423828,47.837039947509766,48.26710891723633,1507105,60.27316993713379,69.786992893219,49.49216098785401,2.300207787556306,44.89174541274139,54.09257656296662,40.4434108217633
2019-01-09 19:00:00,48.55916976928711,49.42572784423828,48.0135612487793,48.47572326660156,969321,59.78430458068848,69.71755481719971,49.22160320281982,2.061983341021536,45.097636520776746,53.3455698848629,42.77047040735307
2019-01-10 19:00:00,48.462886810302734,48.78383255004883,47.50004959106445,48.22859573364258,743738,59.278737182617185,69.64644166946411,48.9850658416748,1.8733603016657556,45.23834523834329,52.731786445006314,41.6118513652998
2019-01-13 19:00:00,48.78383255004883,49.10799026489258,48.350555419921875,48.713226318359375,591064,58.778600158691404,69.57878492355347,48.7926586151123,1.6736915702984883,45.44527547451533,52.14004175570928,44.58439663441118
2019-01-14 19:00:00,48.99244689941406,50.69346237182617,48.44683837890625,49.714576721191406,2187281,58.30295776367188,69.51679998397827,48.66797103881836,1.4884789145700212,45.69101320967832,51.6449288679584,46.177360471185544
2019-01-15 19:00:00,50.06761932373047,50.163902282714844,49.18822479248047,49.43214416503906,278862,57.82223159790039,69.44470958709717,48.53927154541016,1.2815528676890602,45.976165810032036,51.10237728078828,54.375224169087055
2019-01-16 19:00:00,49.570152282714844,49.58620071411133,48.462886810302734,49.37437438964844,304723,57.329360809326175,69.37224723815918,48.503325653076175,1.2452383329285548,46.012848987219066,50.993802318933284,55.29110799302261
2019-01-17 19:00:00,49.58620071411133,49.60224533081055,49.10477828979492,49.16255187988281,373582,56.834923858642576,69.29827449798584,48.468824005126955,1.2150811799508254,46.038661645225304,50.898986365028605,59.40206388022575
2019-01-20 19:00:00,49.55089569091797,49.746673583984375,49.26525115966797,49.40646743774414,228075,56.36734367370605,69.22799158096313,48.44587631225586,1.1914207018594651,46.063034908536935,50.82871771597479,56.510737279501846
2019-01-21 19:00:00,49.268463134765625,49.58620071411133,49.10799026489258,49.40646743774414,369532,55.89516754150391,69.15698419570923,48.42533569335937,1.1698792535141458,46.08557718633108,50.765094200387665,67.2517767592793
2019-01-22 19:00:00,50.0355224609375,50.228092193603516,49.2010612487793,49.37437438964844,562087,55.46452178955078,69.08861911773681,48.368207168579104,1.0873508114683936,46.19350554564232,50.54290879151589,83.8125787434331
2019-01-23 19:00:00,50.06440734863281,50.06440734863281,48.63298797607422,49.172176361083984,628765,55.04222068786621,69.01857795715333,48.39420375823975,1.1006332321283148,46.19293729398312,50.595470222496374,79.95022173014641
2019-01-24 19:00:00,49.10477828979492,49.10477828979492,48.72285461425781,48.767784118652344,433405,54.60310203552246,68.94877132415772,48.41025104522705,1.1037762524895927,46.202698540247866,50.61780355020623,67.17951218577727
2019-01-27 19:00:00,48.53349685668945,50.8699836730957,48.53349685668945,50.32437515258789,972436,54.19286849975586,68.88474056243896,48.545048522949216,1.1661301535264363,46.212788215896346,50.877308830002086,71.13405219948535
2019-01-28 19:00:00,50.38856506347656,50.99836349487305,49.81727981567383,50.26339340209961,1702777,53.77396934509277,68.8228157043457,48.637480926513675,1.226938560241772,46.18360380603013,51.09135804699722,69.98715173329381
2019-01-29 19:00:00,50.382144927978516,50.6742057800293,49.939239501953125,50.33079528808594,1031325,53.392171707153324,68.75728504180908,48.79410285949707,1.2334763148252565,46.32715022984656,51.26105548914759,69.1137859364142
2019-01-30 19:00:00,50.33079528808594,52.84701156616211,50.06761932373047,52.84701156616211,3798766,53.06281661987305,68.70429983139039,49.1413667678833,1.3486101229238354,46.44414652203562,51.83858701373097,82.42451803382654
2019-01-31 19:00:00,54.23670959472656,55.488399505615234,53.922183990478516,54.31373596191406,4376745,52.769214935302735,68.65991897583008,49.55281982421875,1.5990194555628587,46.35478091309304,52.750858735344465,84.5544547930555
2019-02-03 19:00:00,54.528770446777344,55.39532470703125,53.598026275634766,54.26880645751953,1363156,52.47445785522461,68.61412588119506,49.90313282012939,1.8226815911252914,46.25776963787881,53.54849600237998,81.85903997830991
2019-02-05 19:00:00,54.557655334472656,54.6411018371582,52.31424331665039,52.603092193603516,1085851,52.18162651062012,68.56441022872924,50.12233905792236,1.872425046765656,46.37748896439105,53.86718915145367,68.58539944595613
2019-02-06 19:00:00,52.47471618652344,53.85478210449219,52.47471618652344,52.87268829345703,612563,51.89380195617676,68.50949884414673,50.352618026733396,1.9149757389189352,46.52266654889552,54.18256950457127,70.00733916452208
2019-02-07 19:00:00,53.27387237548828,53.27387237548828,51.67234802246094,51.73332977294922,753708,51.59936592102051,68.44799993515015,50.515498352050784,1.8852410220102123,46.74501630803036,54.28598039607121,63.29238860385284
2019-02-10 19:00:00,52.298194885253906,52.298194885253906,50.06761932373047,50.28907012939453,370155,51.29863929748535,68.38020608901978,50.61852207183838,1.8084248587839524,47.001672354270475,54.23537178940628,54.05963942624029
2019-02-11 19:00:00,50.97910690307617,51.03045654296875,50.29227828979492,50.6292724609375,229321,51.02448692321777,68.30461587905884,50.714324378967284,1.752051593645267,47.21022119167675,54.218427566257816,55.453760658661835
2019-02-12 19:00:00,50.9598503112793,52.234004974365234,50.42707824707031,50.92454528808594,759940,50.82055763244629,68.22520208358765,50.77482280731201,1.7365347709532286,47.30175326540556,54.24789234921847,56.755240877213154
2019-02-13 19:00:00,50.99515151977539,51.27116775512695,50.61643600463867,51.14278793334961,133044,50.68210144042969,68.1423783493042,50.86035499572754,1.7088285383533006,47.44269791902094,54.278012072434144,58.57542021856545
2019-02-14 19:00:00,50.77690887451172,51.1909294128418,50.06761932373047,50.40461349487305,125877,50.520151977539065,68.04110498428345,50.91186695098877,1.6769065633133433,47.55805382436208,54.26568007761546,56.92183553298706
2019-02-17 19:00:00,50.8699836730957,51.03045654296875,49.749881744384766,50.128597259521484,247393,50.39780723571777,67.92078929901123,50.9601692199707,1.6373123488683756,47.685544522233954,54.23479391770745,49.07153463626995
2019-02-18 19:00:00,50.31474685668945,50.62606430053711,50.0034294128418,50.12217712402344,239292,50.2848983001709,67.78190437316894,50.99595470428467,1.6091461013515838,47.7776625015815,54.21424690698784,49.32680609782488
2019-02-19 19:00:00,49.746673583984375,50.54903793334961,49.00849533081055,50.40461349487305,330584,50.155557022094726,67.63238626480103,51.04586200714111,1.5723109410621443,47.90124012501682,54.1904838892654,50.34483004410389
2019-02-20 19:00:00,50.6292724609375,50.6292724609375,49.746673583984375,49.87826156616211,72909,50.05105697631836,67.47714263916015,51.0710563659668,1.5479663574526799,47.97512365106144,54.166989080872156,32.96504226343596
2019-02-21 19:00:00,49.26525115966797,49.88788986206055,49.11119842529297,49.35511779785156,281667,49.96042175292969,67.33288822174072,51.080203437805174,1.5366543211323254,48.006894795540525,54.153512080069824,18.09174771342586
2019-02-24 19:00:00,49.43856430053711,49.50596237182617,48.14194107055664,48.26069259643555,348656,49.86644874572754,67.19558736801147,51.05484886169434,1.5803784479616656,47.89409196577101,54.215605757617666,15.938908542311026
2019-02-25 19:00:00,47.21119689941406,47.339576721191406,45.85038375854492,46.69447326660156,721616,49.749110794067384,67.04988485336304,50.87335376739502,1.8535144263113774,47.16632491477226,54.58038262001777,16.120768510980454
2019-02-26 19:00:00,45.6257209777832,46.534000396728516,44.3611946105957,44.48957061767578,2110945,49.594735641479495,66.88610811233521,50.58466262817383,2.3394621853892104,45.90573825739541,55.26358699895225,10.662681830809646
2019-02-27 19:00:00,44.92926788330078,45.542274475097656,43.809165954589844,45.3079833984375,557414,49.46077262878418,66.72344381332397,50.33352203369141,2.6208279740699383,45.09186608555153,55.57517798183129,18.91306482321579
2019-02-28 19:00:00,45.654605865478516,46.37673568725586,45.25342559814453,45.71237564086914,650264,49.373154296875,66.56409477233886,49.976790237426755,2.743396463744338,44.489997309938076,55.463583164915434,25.379854194104965
2019-03-03 19:00:00,46.055789947509766,46.21305465698242,45.574371337890625,45.85038375854492,207511,49.29311027526855,66.40979745864868,49.5536226272583,2.6914579757986172,44.170706675661066,54.93653857885553,23.720475950934812
2019-03-04 19:00:00,45.60646438598633,47.4198112487793,45.60646438598633,46.646331787109375,1351316,49.228728485107425,66.25883325576783,49.172498893737796,2.5230437982025093,44.12641129733278,54.21858649014281,27.701596804799806
2019-03-05 19:00:00,46.54042053222656,46.858154296875,45.89531707763672,46.00764846801758,280109,49.152535858154295,66.10840335845947,48.842726707458496,2.4817392466250707,43.87924821420835,53.80620520070864,24.359006593553957
2019-03-06 19:00:00,45.914573669433594,46.8260612487793,45.914573669433594,46.209842681884766,352083,49.066393814086915,65.96025232315064,48.50958442687988,2.356328281143978,43.79692786459193,53.22224098916784,27.869972195433732
2019-03-07 19:00:00,46.21626281738281,46.681636810302734,45.580787658691406,45.65781784057617,179157,49.00650527954102,65.80975959777832,48.20580883026123,2.3100219040462324,43.58576502216877,52.825852638353695,27.081301200936466
2019-03-10 19:00:00,45.89531707763672,46.45697021484375,44.61153030395508,44.910011291503906,221843,48.93576873779297,65.6594584274292,47.9368558883667,2.367136987377838,43.20258191361103,52.671129863122374,25.168218238811733
2019-03-11 19:00:00,45.060855865478516,45.16676712036133,44.579437255859375,44.70460510253906,130863,48.87729232788086,65.51095771789551,47.640622520446776,2.383127829688476,42.874366861069824,52.40687817982373,22.64324907222459
2019-03-12 19:00:00,44.948524475097656,45.01271438598633,44.290584564208984,44.32268142700195,166694,48.79545104980469,65.36099115371704,47.31052932739258,2.361444928247994,42.58763947089659,52.03341918388857,22.96157562156209
2019-03-13 19:00:00,44.04987335205078,44.61153030395508,43.809165954589844,43.985687255859375,122138,48.731197662353516,65.20104734420777,46.952674293518065,2.291393337390736,42.36988761873659,51.53546096829954,23.385303531775094
2019-03-14 19:00:00,43.96963882446289,44.04987335205078,42.73078536987305,43.00358963012695,142703,48.67323478698731,65.03014503479004,46.58262310028076,2.3021707470466266,41.97828160618751,51.18696459437402,23.648642963948774
2019-03-17 19:00:00,43.070987701416016,43.167274475097656,41.31541442871094,42.37774658203125,400378,48.59909622192383,64.8552893447876,46.19508056640625,2.3260886789797017,41.542903208446845,50.84725792436565,26.11012778376407
2019-03-18 19:00:00,42.49007797241211,42.92656326293945,42.20443344116211,42.46440124511719,226206,48.50313331604004,64.6832886505127,45.812191772460935,2.2753471286578684,41.261497515145194,50.362886029776675,35.35963465685653
2019-03-19 19:00:00,42.04396057128906,42.685855865478516,41.915584564208984,41.95088577270508,68235,48.37777168273926,64.50745248794556,45.38950538635254,2.1595925260053015,41.070320334341936,49.70869043836314,24.611649337079086
2019-03-20 19:00:00,41.745479583740234,42.284671783447266,40.60932922363281,40.89497375488281,572681,48.230328979492185,64.32344583511353,44.940340995788574,2.1104984100627546,40.71934417566307,49.16133781591408,16.83605967578015
2019-03-21 19:00:00,41.71980667114258,42.843116760253906,39.88078308105469,40.1953125,1887543,48.06472076416016,64.13504064559936,44.482350730895995,2.0958581560802716,40.29063441873545,48.67406704305654,13.8638126472012
2019-03-24 19:00:00,40.118282318115234,40.118282318115234,38.917945861816406,39.370479583740234,249262,47.887558441162106,63.941256065368655,44.03784008026123,2.192851685764401,39.65213670873243,48.42354345179004,3.677940275728943
2019-03-25 19:00:00,40.118282318115234,40.1503791809082,39.06557846069336,39.84547805786133,479831,47.71020347595215,63.75143136978149,43.69539031982422,2.288830251357606,39.11772981710901,48.27305082253943,9.933169696981722
2019-03-26 19:00:00,40.19852066040039,41.83534622192383,40.118282318115234,41.40848922729492,3446994,47.54408172607422,63.56727897644043,43.54133625030518,2.335770757563351,38.86979473517847,48.212877765431884,23.47518441933724
2019-03-27 19:00:00,41.405277252197266,42.44514465332031,40.776222229003906,41.79362487792969,767418,47.39131134033203,63.390250778198244,43.36561832427979,2.328050830409836,38.709516663460114,48.02171998509946,28.251446110562668
2019-03-28 19:00:00,41.803253173828125,42.5253791809082,41.08112335205078,41.617103576660156,436521,47.23616592407227,63.193042030334475,43.160854721069335,2.2905763922525546,38.57970193656423,47.74200750557444,30.193054480940077
2019-03-31 19:00:00,41.24159622192383,41.56254196166992,40.45848846435547,40.593284606933594,194113,47.06478057861328,62.98720199584961,42.89799976348877,2.267215533589431,38.363568696309905,47.432430830667634,27.48682328326683
2019-04-01 19:00:00,40.519466400146484,41.20949935913086,39.8005485534668,40.0733528137207,296934,46.87811828613281,62.7886395072937,42.56935081481934,2.1695681602997077,38.23021449421992,46.90848713541875,27.077562953896503
2019-04-02 19:00:00,40.115074157714844,40.59970474243164,38.07064437866211,38.337032318115234,1476882,46.65672958374024,62.58561763763428,42.18582000732422,2.2074301030972285,37.77095980112976,46.60068021351867,23.525871775883672
2019-04-03 19:00:00,37.87165832519531,38.19260787963867,37.229766845703125,37.342098236083984,345229,46.41608406066894,62.39609487533569,41.74243278503418,2.2468603015054813,37.24871218202322,46.236153388045146,23.49759855770604
2019-04-04 19:00:00,36.90882110595703,37.55071258544922,35.48060989379883,36.28297424316406,347410,46.15830001831055,62.18247304916382,41.27369060516357,2.3619829524829883,36.549724700197594,45.99765651012955,22.58157186073697
2019-04-07 19:00:00,35.94598388671875,35.94598388671875,34.469627380371094,34.469627380371094,634374,45.872336883544925,61.95170774459839,40.751671409606935,2.6519374576956842,35.44779649421557,46.0555463249983,18.870283713900037
2019-04-08 19:00:00,34.469627380371094,34.47283935546875,32.74614715576172,33.095977783203125,2792367,45.52776893615723,61.71898111343384,40.17124004364014,2.990059161707777,34.19112172022459,46.15135836705569,17.685644656675265
2019-04-09 19:00:00,32.9932746887207,33.057464599609375,31.77688980102539,32.00155258178711,689835,45.16253211975098,61.49155975341797,39.5551836013794,3.3386684935259177,32.87784661432756,46.232520588431235,17.636070801600212
2019-04-10 19:00:00,30.971315383911133,32.07537078857422,30.55408477783203,30.77874755859375,1117009,44.77149116516113,61.26366668701172,38.894836616516116,3.702507991078307,31.489820634359504,46.29985259867273,16.989201700383163
2019-04-11 19:00:00,30.345470428466797,32.251888275146484,30.345470428466797,31.98871421813965,1226061,44.354325218200685,61.05967589378357,38.34409284591675,3.8744034806962726,30.595285884524202,46.092899807309294,24.802803210775323
2019-04-14 19:00:00,32.41557312011719,33.02537155151367,31.934154510498047,32.55999755859375,1177767,43.91925045013428,60.87466963768006,37.853205394744876,3.9575047317124206,29.938195931320035,45.76821485816971,25.293865162893923
2019-04-15 19:00:00,32.576045989990234,34.18719482421875,32.576045989990234,34.18719482421875,654626,43.51761821746826,60.68041602134704,37.439345073699954,3.881982194127987,29.67538068544398,45.203309461955925,25.617672978186988
2019-04-16 19:00:00,34.92858123779297,35.560848236083984,32.47976303100586,32.803916931152344,2389496,43.12163471221924,60.46098776817322,36.981996631622316,3.86124994754926,29.259496736523797,44.70449652672084,21.563440153335037
2019-04-17 19:00:00,32.73651885986328,33.13770294189453,31.773681640625,32.37705993652344,1053135,42.711722145080564,60.2248060131073,36.55610094070435,3.876664879692557,28.802771181319233,44.309430700089464,21.227255341238177
2019-04-18 19:00:00,33.89192581176758,33.89192581176758,31.953731536865234,32.34560775756836,1924706,42.32396770477295,59.98870789527893,36.163615703582764,3.886180509149314,28.391254685284135,43.93597672188139,22.625584090702475
2019-04-21 19:00:00,32.4409294128418,32.47976303100586,30.728679656982422,30.862834930419922,2239967,41.935443000793455,59.74577918052673,35.73823347091675,3.981145563951638,27.77594234301347,43.700524598820024,21.266360267428922
2019-04-22 19:00:00,30.365047454833984,30.538036346435547,29.62013053894043,29.683677673339844,2367431,41.5165311050415,59.499541234970096,35.23014345169067,4.076672782153732,27.076797887383208,43.38348901599814,22.032271276581326
2019-04-23 19:00:00,29.478914260864258,30.83812141418457,29.390653610229492,30.184995651245117,3427648,41.10174011230469,59.26657464981079,34.668968772888185,3.952009334936906,26.76495010301437,42.572987442762,26.105769065452677
2019-04-24 19:00:00,30.36857795715332,31.067598342895508,30.220300674438477,30.675722122192383,622590,40.69239879608154,59.03519946098328,34.113073635101316,3.6688882870846182,26.77529706093208,41.450850209270556,30.541503150952508
2019-04-25 19:00:00,30.714557647705078,32.20792007446289,30.714557647705078,32.20792007446289,806422,40.32846492767334,58.81361538887024,33.64261445999146,3.233432199739469,27.17575006051252,40.10947885947039,41.99513897083464
2019-04-28 19:00:00,33.182315826416016,33.817787170410156,33.182315826416016,33.817787170410156,619474,40.002248725891114,58.610782022476194,33.30383958816528,2.7916236902109643,27.72059220774335,38.88708696858721,52.51268573116183
2019-04-29 19:00:00,32.30324172973633,34.926334381103516,32.30324172973633,34.16729736328125,4218208,39.68315113067627,58.40463715553284,33.00853681564331,2.308397361539066,28.391742092565178,37.62533153872144,57.951545373236094
2019-05-01 19:00:00,34.280269622802734,34.59800720214844,33.29175567626953,33.616554260253906,571605,39.347389945983885,58.19709527015686,32.772512912750244,1.94811574867938,28.876281415391485,36.66874441010901,60.959891001301784
2019-05-05 19:00:00,32.868106842041016,33.538883209228516,31.438291549682617,31.607751846313477,473033,38.98197975158691,57.97196516036988,32.48579559326172,1.6373818370153272,29.211031919231065,35.76055926729237,48.61419477954669
2019-05-06 19:00:00,31.773681640625,32.056114196777344,30.396820068359375,31.03229522705078,386357,38.6155233001709,57.737110958099365,32.22326164245605,1.4002815963481425,29.422698449759768,35.02382483515234,44.44445060990937
2019-05-07 19:00:00,30.852243423461914,30.887548446655273,29.482444763183594,29.482444763183594,968726,38.23995834350586,57.49989622116089,31.97390251159668,1.4230674993556083,29.127767512885463,34.8200375103079,32.79420094139837
2019-05-08 19:00:00,29.30239486694336,29.83195686340332,28.24327278137207,28.988187789916992,732209,37.88583263397217,57.25516381263733,31.768513011932374,1.5439021580565095,28.680708695819355,34.85631732804539,35.07494900370146
2019-05-09 19:00:00,29.30239486694336,29.30239486694336,27.540719985961914,27.57955551147461,739007,37.54763233184814,56.999419622421264,31.54741315841675,1.8035695336924753,27.9402740910318,35.1545522258017,32.573215698609744
2019-05-12 19:00:00,27.886699676513672,28.737529754638672,26.202695846557617,26.202695846557617,964194,37.16552658081055,56.73071771621704,31.31861057281494,2.1610492343229,26.996512104169142,35.64070904146074,29.672897402711996
2019-05-13 19:00:00,26.336851119995117,26.654586791992188,24.892913818359375,24.91409683227539,1135845,36.74956100463867,56.44724254608154,30.964879703521728,2.5833351441157593,25.79820941529021,36.131549991753246,30.059174442615017
2019-05-14 19:00:00,24.88938331604004,26.15679931640625,24.818775177001953,25.101207733154297,1562141,36.33457748413086,56.17395879745484,30.591940212249757,2.864072915044583,24.86379438216059,36.32008604233892,33.54462579536036
2019-05-15 19:00:00,25.24242401123047,25.245954513549805,23.847911834716797,23.847911834716797,611260,35.878609085083006,55.891796646118166,30.07497606277466,3.104041372370636,23.866893318033387,36.28305880751593,28.409910424499472
2019-05-16 19:00:00,23.512523651123047,23.512523651123047,22.65816307067871,22.65816307067871,304214,35.41161937713623,55.60575247764587,29.567688369750975,3.4449166563376497,22.677855057075675,36.457521682426275,23.926520787029517
2019-05-19 19:00:00,23.33953285217285,23.33953285217285,21.888534545898438,22.926475524902344,1046620,34.94595203399658,55.31979460716248,29.095159149169923,3.6794523818624594,21.736254385445005,36.45406391289484,17.11283962752283
2019-05-20 19:00:00,22.94765853881836,24.070327758789062,22.241575241088867,23.900867462158203,3236452,34.510813026428224,55.041891222000125,28.672922134399414,3.770233797151932,21.13245454009555,36.21338972870328,13.204082614775771
2019-05-21 19:00:00,24.53634262084961,25.094146728515625,24.50103759765625,25.094146728515625,1081177,34.114495735168454,54.77714341163635,28.3844877243042,3.8142849367220633,20.755917850860072,36.01305759774833,18.318544039806824
2019-05-22 19:00:00,26.347442626953125,26.347442626953125,26.12502670288086,26.336851119995117,4082529,33.747140655517576,54.5221720123291,28.217146396636963,3.8276795274498427,20.56178734173728,35.87250545153665,25.752590929507264
2019-05-23 19:00:00,26.110904693603516,26.654586791992188,25.125919342041016,25.715499877929688,2085594,33.374997024536135,54.257919006347656,27.99367160797119,3.8372033794132485,20.319264849144695,35.66807836679769,28.375231578671787
2019-05-26 19:00:00,25.57781219482422,27.000568389892578,25.069433212280273,26.718135833740234,2860575,33.02964599609375,53.99450769424438,27.795792293548583,3.7934079790411652,20.208976335466254,35.38260825163091,34.64824415966474
2019-05-27 19:00:00,27.007627487182617,27.360668182373047,25.38364028930664,25.570751190185547,2240250,32.68098922729492,53.72289966583252,27.463933849334715,3.6755971489801467,20.11273955137442,34.815128147295006,35.66994392503513
2019-05-29 19:00:00,27.8372745513916,28.19031524658203,27.766666412353516,28.19031524658203,945782,32.39724060058594,53.46895401000977,27.18256025314331,3.3659520396095384,20.450656173924234,33.914464332362385,47.47090435113399
2019-06-02 19:00:00,29.598949432373047,29.598949432373047,28.861093521118164,29.598949432373047,2681275,32.13993156433106,53.226210346221926,26.9541428565979,3.0023843468058367,20.949374162986228,32.95891155020958,56.40107220607561
2019-06-09 19:00:00,30.36151695251465,30.36151695251465,28.119707107543945,28.119707107543945,983455,31.86330799102783,52.97553793907166,26.6793004989624,2.5826544019003994,21.513991695161604,31.8446093027632,56.037353446111304
2019-06-10 19:00:00,27.18414878845215,28.596311569213867,26.760499954223633,28.197376251220703,1839730,31.60935604095459,52.729755029678344,26.508781719207764,2.3414498393636203,21.825882040480522,31.191681397935007,61.19402189194904
2019-06-11 19:00:00,28.24327278137207,29.475383758544922,27.890230178833008,28.370365142822266,1430995,31.372857093811035,52.48500189781189,26.375685214996338,2.1375635965132505,22.10055802196984,30.650812408022837,61.15661756569398
2019-06-12 19:00:00,28.455095291137695,28.596311569213867,27.533658981323242,28.33506202697754,3036475,31.15214874267578,52.243647804260256,26.318316078186037,2.0639227175650934,22.19047064305585,30.446161513316223,66.70170446114943
2019-06-13 19:00:00,28.282106399536133,29.24943733215332,27.893760681152344,28.522174835205078,4507126,30.925682678222657,52.008326358795166,26.29501543045044,2.0346172892118366,22.225780852026766,30.364250008874116,73.58705063722908
2019-06-16 19:00:00,28.278575897216797,28.41979217529297,27.09941864013672,27.09941864013672,2646435,30.639501266479492,51.762543811798096,26.271008586883546,2.021453066365743,22.22810245415206,30.31391471961503,65.3586217799407
2019-06-17 19:00:00,26.128557205200195,26.2662410736084,25.747272491455078,25.747272491455078,5176737,30.31857421875,51.51636554718018,26.24823741912842,2.0248253964544953,22.198586626219427,30.29788821203741,56.61188544957363
2019-06-18 19:00:00,25.24242401123047,25.771984100341797,25.065902709960938,25.429536819458008,1038123,29.994822883605956,51.271831827163695,26.274009418487548,2.010177990074351,22.253653438338844,30.294365398636252,51.281364056164584
2019-06-19 19:00:00,25.418943405151367,26.513370513916016,25.418943405151367,25.892019271850586,1669494,29.700797576904296,51.03061218261719,26.313549995422363,1.9936039703106352,22.326342054801092,30.300757936043635,48.192769963994884
2019-06-20 19:00:00,26.128557205200195,26.2662410736084,25.422475814819336,25.62723731994629,863072,29.411875267028808,50.7850129032135,26.402516269683836,1.9159720991293503,22.570572071425136,30.234460467942537,49.63071411550704
2019-06-23 19:00:00,25.5954647064209,25.5954647064209,24.34922981262207,24.356290817260742,1025093,29.13226043701172,50.53962677001953,26.48742265701294,1.7736478680845869,22.940126920843767,30.03471839318211,40.33515954920144
2019-06-24 19:00:00,24.077388763427734,24.815244674682617,23.6713924407959,24.68815040588379,663945,28.879181480407716,50.28589596748352,26.57550640106201,1.6250112497738787,23.325483901514254,29.82552890060977,46.130038054231335
2019-06-25 19:00:00,25.065902709960938,25.069433212280273,24.024433135986328,24.5257511138916,720879,28.644037017822267,50.0251149559021,26.606750583648683,1.576152026143584,23.454446531361516,29.75905463593585,29.51855431334937
2019-06-26 19:00:00,24.51869010925293,24.868200302124023,23.971477508544922,24.197423934936523,391739,28.438592948913573,49.76969128608704,26.561914443969727,1.6331681814645929,23.295578081040542,29.82825080689891,15.664274686287484
2019-06-27 19:00:00,24.024433135986328,24.532812118530273,23.67845344543457,24.225666046142578,1940568,28.261186714172364,49.51677989006043,26.4563551902771,1.714674678762057,23.027005832752987,29.885704547801215,19.64776162539171
2019-06-30 19:00:00,24.32451820373535,24.34922981262207,23.900867462158203,24.03855323791504,474449,28.101926727294924,49.26522785186768,26.372507858276368,1.7920639087979437,22.78838004068048,29.956635675872256,18.12769089946461
2019-07-01 19:00:00,24.00678062438965,24.359821319580078,23.953824996948242,24.119754791259766,1426180,27.96874687194824,49.02040880203247,26.242588806152344,1.8586388128007822,22.52531118055078,29.95986643175391,16.959412697179545
2019-07-02 19:00:00,24.268030166625977,24.797592163085938,24.18330192565918,24.381004333496094,9852966,27.81659267425537,48.782956714630124,26.183101463317872,1.8998557089254704,22.383390045466932,29.98281288116881,20.307542908050806
2019-07-03 19:00:00,24.606950759887695,24.71286392211914,23.163013458251953,23.41720199584961,2637088,27.63373676300049,48.543214645385746,25.94444580078125,1.9339317024787819,22.076582395823685,29.812309205738813,15.66951523099435
2019-07-04 19:00:00,22.859397888183594,23.212438583374023,22.421627044677734,22.573434829711914,869587,27.401461563110352,48.301654443740844,25.593170070648192,1.872265306342465,21.848639457963262,29.33770068333312,16.992794919638
2019-07-07 19:00:00,22.4180965423584,22.421627044677734,21.447233200073242,21.45076560974121,807271,27.17439853668213,48.05680454254151,25.259722995758057,1.9888446322481028,21.28203373126185,29.237412260254263,17.581251700014533
2019-07-08 19:00:00,21.270713806152344,21.85323143005371,21.009462356567383,21.18951416015625,1150008,26.950647621154786,47.80963417053223,24.909329891204834,2.0600950823091395,20.789139726586555,29.029520055823113,17.732400748877737
2019-07-09 19:00:00,21.429582595825195,21.71201515197754,21.182453155517578,21.40839958190918,951731,26.7319034576416,47.566292715072635,24.56123161315918,2.032500961467647,20.496229690223885,28.626233536094475,14.564747991049487
2019-07-10 19:00:00,21.394277572631836,21.867353439331055,21.35897445678711,21.606103897094727,1312879,26.546768836975097,47.327701263427734,24.22478370666504,1.929237413554047,20.366308879556946,28.083258533773133,17.879337107349826
2019-07-11 19:00:00,21.782623291015625,21.83557891845703,20.779987335205078,20.87883758544922,842678,26.370672035217286,47.08361198425293,23.842616844177247,1.78478861608502,20.273039612007207,27.412194076347287,19.580017038782415
2019-07-14 19:00:00,20.741151809692383,20.82941246032715,19.83736801147461,19.83736801147461,930487,26.163719482421875,46.830990352630614,23.47951431274414,1.82558323751855,19.82834783770704,27.13068078778124,12.25276684142078
2019-07-15 19:00:00,19.77029037475586,20.41635513305664,18.848852157592773,19.554935455322266,2043672,25.941303749084472,46.58088493347168,23.1698974609375,1.9421186090076852,19.285660242922127,27.05413467895287,12.028068007803782
2019-07-16 19:00:00,19.38194465637207,20.12333106994629,19.09598159790039,19.321928024291992,1042372,25.683583908081054,46.32750906944275,22.8645170211792,2.04553973874184,18.773437543695522,26.955596498662878,12.205820166839658
2019-07-17 19:00:00,19.064207077026367,19.346641540527344,18.358125686645508,18.358125686645508,946066,25.37439067840576,46.07537368774414,22.487822341918946,2.1497152686264624,18.188391804666022,26.78725287917187,10.277276984902343
2019-07-18 19:00:00,18.005084991455078,19.20542335510254,17.47552490234375,18.92652130126953,2110237,25.069575157165527,45.82828838348389,22.152786540985108,2.1568275670636687,17.83913140685777,26.466441675112446,17.09093230879928
2019-07-21 19:00:00,19.682029724121094,19.682029724121094,18.922992706298828,19.367822647094727,1450256,24.784600524902345,45.5754372882843,21.903363132476805,2.1769431729563036,17.5494767865642,26.25724947838941,20.764553704847188
2019-07-22 19:00:00,19.523160934448242,19.699682235717773,19.02890396118164,19.38194465637207,797358,24.540084381103515,45.32002504348755,21.63805284500122,2.1427634639709328,17.352525917059353,25.923579772943086,18.279583426624626
2019-07-23 19:00:00,19.2407283782959,19.258380889892578,18.414613723754883,18.502872467041016,2638504,24.28949592590332,45.05913906097412,21.336908912658693,2.1387905010285038,17.059327910601684,25.6144899147157,18.478275231458937
2019-07-24 19:00:00,18.411081314086914,18.414613723754883,17.899173736572266,17.96978187561035,710965,24.059242668151857,44.800311937332154,21.025526809692384,2.153698084550043,16.7181306405923,25.332922978792467,19.245299078648458
2019-07-25 19:00:00,18.001554489135742,18.001554489135742,17.073057174682617,17.073057174682617,2057835,23.820940055847167,44.532816047668454,20.667896366119386,2.187921721731883,16.29205292265562,25.04373980958315,19.844369735003383
2019-07-28 19:00:00,16.772972106933594,16.772972106933594,16.22222900390625,16.22222900390625,837013,23.5937935256958,44.26405723571777,20.277080154418947,2.251326066187428,15.774428022044091,24.779732286793802,18.353591761761464
2019-07-29 19:00:00,15.533799171447754,16.596452713012695,15.47378158569336,15.798580169677734,1460170,23.385711212158203,44.01033155441284,19.861021423339842,2.2726014361492926,15.315818551041257,24.406224295638427,15.168801860530778
2019-07-30 19:00:00,15.749154090881348,16.3810977935791,15.749154090881348,16.2469425201416,1004132,23.21236812591553,43.75735850334168,19.45431833267212,2.1454088212473557,15.163500690177408,23.745135975166832,17.72959670035499
2019-07-31 19:00:00,16.469356536865234,16.59292221069336,15.85153579711914,16.109256744384766,822850,23.032529106140135,43.50508351325989,19.088921070098877,2.055384304020588,14.9781524620577,23.199689678140054,19.084678591845176
2019-08-01 19:00:00,16.0633602142334,16.32461166381836,15.304323196411133,15.632651329040527,1144343,22.86822389602661,43.248718037605286,18.74188189506531,2.0217596388572696,14.698362617350769,22.78540117277985,20.592600161705292
2019-08-04 19:00:00,15.254897117614746,15.498495101928711,15.00423812866211,15.346687316894531,953147,22.721994380950928,42.99666126728058,18.436677980422974,2.0518160808451107,14.333045818732753,22.540310142113196,20.582432984500386
2019-08-05 19:00:00,15.043071746826172,15.357278823852539,14.58764934539795,14.644136428833008,2518121,22.55634759902954,42.75622758388519,18.10940909385681,2.1107768745489266,13.887855344758957,22.330962842954666,19.314504464737027
2019-08-06 19:00:00,14.827716827392578,14.827716827392578,13.980419158935547,14.068678855895996,7272528,22.359703826904298,42.51177403450012,17.742423057556152,2.1447952775252515,13.45283250250565,22.032013612606654,20.351397504534816
2019-08-07 19:00:00,13.768594741821289,14.086331367492676,13.574421882629395,13.71210765838623,4505143,22.13206304550171,42.26050520420075,17.347723245620728,2.122590803011232,13.102541639598265,21.59290485164319,12.870800758106157
2019-08-08 19:00:00,13.715638160705566,13.959237098693848,13.627378463745117,13.690925598144531,1678275,21.879144535064697,42.008719658851625,16.98832764625549,2.101660236453586,12.785007173348319,21.191648119162664,7.005358423865857
2019-08-15 19:00:00,13.945115089416504,14.121636390686035,13.503813743591309,13.856855392456055,3992455,21.641971645355223,41.742063040733335,16.689302015304566,2.100417253718747,12.488467507867071,20.89013652274206,9.09567422695551
2019-08-18 19:00:00,14.121636390686035,14.54881477355957,13.948644638061523,14.54881477355957,16666624,21.39858522415161,41.47299932956695,16.43899598121643,2.0383180445003073,12.362359892215814,20.515632070217045,19.892476085383606
2019-08-19 19:00:00,14.827716827392578,15.276079177856445,14.72180461883545,15.148984909057617,9170325,21.190149898529054,41.20836148738861,16.230348825454712,1.9388307280600452,12.352687369334621,20.108010281574803,28.7386951693791
2019-08-20 19:00:00,15.000706672668457,15.127801895141602,14.513510704040527,14.908917427062988,9023033,20.92452194213867,40.925513153076174,16.057888412475585,1.8924520704222678,12.27298427163105,19.84279255332012,31.896052555788998
2019-08-21 19:00:00,14.965402603149414,15.653833389282227,14.91597843170166,15.639711380004883,10834438,20.645337181091307,40.64151741981507,15.893547916412354,1.768909615746893,12.355728684918567,19.43136714790614,45.027123861182105
2019-08-22 19:00:00,15.533799171447754,15.971570014953613,15.279609680175781,15.378460884094238,8670383,20.390512256622316,40.347780985832216,15.694079828262328,1.5702960285405514,12.553487771181226,18.834671885343433,46.31121644689674
2019-08-25 19:00:00,15.180758476257324,15.777397155761719,14.704153060913086,14.824187278747559,7609599,20.12304847717285,40.058975858688356,15.466191959381103,1.3172633347684826,12.831665289844137,18.100718628918067,37.7358450238194
2019-08-26 19:00:00,14.686500549316406,14.965402603149414,14.086331367492676,14.093392372131348,6506328,19.837509021759033,39.76484786510468,15.24571795463562,1.1392390266074324,12.967239901420754,17.524196007850485,34.235223134344494
2019-08-27 19:00:00,13.945115089416504,14.26285171508789,13.592074394226074,13.662681579589844,6656452,19.544061412811278,39.46562644481659,15.030362939834594,0.9951823399792901,13.039998259876015,17.020727619793174,34.48274877738517
2019-08-28 19:00:00,13.59560489654541,13.59560489654541,12.98131275177002,12.98131275177002,3482599,19.233244171142577,39.161932621002194,14.825775718688964,0.9734977150063961,12.878780288676172,16.772771148701757,32.46072876360574
2019-08-29 19:00:00,12.335248947143555,12.335248947143555,12.335248947143555,12.335248947143555,128880,18.937960777282715,38.856125383377076,14.63142671585083,1.0638428194457057,12.503741076959418,16.759112354742243,32.7349508700257
2019-09-01 19:00:00,11.720956802368164,11.720956802368164,11.720956802368164,11.720956802368164,76478,18.657434463500977,38.54738790512085,14.427545547485352,1.2091908269030665,12.009163893679219,16.845927201291484,32.54592978596658
2019-09-02 19:00:00,11.134908676147461,11.134908676147461,11.134908676147461,11.134908676147461,201109,18.371541900634767,38.23297287940979,14.171943855285644,1.3378166498310824,11.496310555623479,16.847577154947807,31.472077668401212
2019-09-03 19:00:00,10.580635070800781,10.580635070800781,10.580635070800781,10.580635070800781,106219,18.06531421661377,37.91645405769348,13.895512771606445,1.4800666602610109,10.935379451084422,16.855646092128467,29.231492050036337
2019-09-04 19:00:00,10.054603576660156,10.054603576660156,10.054603576660156,10.054603576660156,83559,17.753861541748048,37.60279969215393,13.616610383987426,1.651164681404176,10.314281021179074,16.91893974679578,25.775968584555145
2019-09-05 19:00:00,9.553285598754883,9.553285598754883,9.553285598754883,9.553285598754883,55234,17.45780143737793,37.28548974990845,13.326940298080444,1.8301541240869261,9.666632049906593,16.987248546254296,17.381279807547884
2019-09-10 19:00:00,9.076681137084961,9.076681137084961,9.076681137084961,9.076681137084961,1733510,17.145572052001953,36.97633984565735,13.048567533493042,2.03158853593893,8.985390461615182,17.1117446053709,9.700085748376736
2019-09-11 19:00:00,8.624789237976074,8.624789237976074,8.624789237976074,8.624789237976074,556592,16.827552814483642,36.668027634620664,12.776373052597046,2.2415581774738604,8.293256697649326,17.259489407544766,9.434814599213098
2019-09-12 19:00:00,8.194079399108887,8.194079399108887,8.194079399108887,8.194079399108887,205358,16.50748592376709,36.35537944793701,12.50047163963318,2.4502036679880104,7.600064303657159,17.4008789756092,0.0
2019-09-15 19:00:00,7.78455114364624,8.603606224060059,7.78455114364624,8.603606224060059,16132691,16.19504472732544,36.044217219352724,12.246105670928955,2.5807057459547558,7.0846941790194435,17.407517162838467,5.392833416428161
2019-09-16 19:00:00,9.03078556060791,9.03078556060791,9.03078556060791,9.03078556060791,154373,15.894889373779296,35.733329391479494,12.004802179336547,2.6469448331218195,6.710912513092908,17.298691845580187,11.205664917986056
2019-09-17 19:00:00,9.479147911071777,9.479147911071777,8.691865921020508,9.020194053649902,17499388,15.592898159027099,35.43132697582245,11.728371143341064,2.655952849864209,6.416465443612647,17.04027684306948,12.401874155220838
2019-09-18 19:00:00,8.938995361328125,9.179062843322754,8.836612701416016,8.914281845092773,7915513,15.283563709259033,35.129324555397034,11.416635990142822,2.5986084251996138,6.219419139743595,16.61385284054205,13.029128756928884
2019-09-19 19:00:00,8.89663028717041,8.96017837524414,8.469450950622559,8.469450950622559,7520375,14.984608688354491,34.826702709197995,11.0946626663208,2.541436423511887,6.011789819297027,16.177535513344573,13.527390131874128
2019-09-22 19:00:00,8.208200454711914,8.285868644714355,8.049331665039062,8.049331665039062,3437278,14.694126625061035,34.52191606521606,10.71514368057251,2.389174738460335,5.93679420365184,15.49349315749318,14.040273268030248
2019-09-23 19:00:00,7.646864891052246,7.646864891052246,7.646864891052246,7.646864891052246,344152,14.418048610687256,34.22392709255219,10.32856388092041,2.2139972334721034,5.900569413976203,14.756558347864615,14.557730231909858
2019-09-24 19:00:00,7.265581130981445,8.028149604797363,7.265581130981445,7.487997055053711,15515199,14.144018268585205,33.925047497749325,9.961754369735718,2.0300518149186164,5.901650739898486,14.021857999572951,15.726601806421627
2019-09-25 19:00:00,7.487997055053711,7.58331823348999,7.131425857543945,7.177320957183838,6497830,13.859396696090698,33.62865844488144,9.615950798988342,1.8721242045657236,5.871702389856894,13.36019920811979,16.481214261702746
2019-09-26 19:00:00,7.156138896942139,7.449162006378174,7.156138896942139,7.396205902099609,5986558,13.575198736190796,33.339012467861174,9.302627015113831,1.6730044394640702,5.956618136185691,12.648635894041972,22.13174181662366
2019-09-29 19:00:00,7.406797885894775,7.463284015655518,7.156138896942139,7.177320957183838,2117318,13.30116840362549,33.05321461677551,9.012427425384521,1.495252386512909,6.021922652358703,12.002932198410338,23.524772882785328
2019-09-30 19:00:00,7.177320957183838,7.371492862701416,7.04316520690918,7.170259952545166,5349238,13.047826242446899,32.78346086740494,8.754177975654603,1.327807786796773,6.098562402061057,11.40979354924815,26.274149088632456
2019-10-01 19:00:00,7.226747035980225,7.526831150054932,7.202033996582031,7.526831150054932,5138214,12.807264156341553,32.53076703548432,8.54447169303894,1.1544756380732684,6.2355204168924026,10.853422969185477,36.00358295049505
2019-10-02 19:00:00,7.766899108886719,7.901054859161377,7.66098690032959,7.901054859161377,3907479,12.57884669303894,32.2777618765831,8.382779002189636,0.9868663033313784,6.40904639552688,10.356511608852394,46.21003672924795
2019-10-03 19:00:00,8.23291301727295,8.292929649353027,8.208200454711914,8.292929649353027,2215040,12.37754277229309,32.03799735307693,8.268393731117248,0.8404265431902689,6.587540644736711,9.949246817497785,45.963293839614266
2019-10-06 19:00:00,8.705987930297852,8.705987930297852,8.705987930297852,8.705987930297852,169951,12.173132104873657,31.802689173221587,8.200962948799134,0.7373502908972032,6.726262367004727,9.67566353059354,45.76427175820499
2019-10-07 19:00:00,9.140228271484375,9.140228271484375,9.140228271484375,9.140228271484375,376726,11.96858021736145,31.564031927585603,8.180310082435607,0.7024369444363595,6.775436193562888,9.585183971308327,51.409622548405835
2019-10-08 19:00:00,9.595650672912598,9.595650672912598,8.931934356689453,9.129636764526367,16765762,11.763534059524536,31.33416379213333,8.182957863807678,0.7060839156951704,6.770790032417337,9.595125695198018,52.58693810255462
2019-10-09 19:00:00,8.98488998413086,9.104924201965332,8.723640441894531,8.76600456237793,7562863,11.568796701431275,31.108559420108794,8.19001863002777,0.7114206256419505,6.767177378743869,9.612859881311671,53.633208775344386
2019-10-10 19:00:00,8.667154312133789,9.203776359558105,8.667154312133789,9.203776359558105,7210212,11.393476591110229,30.88978158712387,8.240503478050233,0.7466761671049001,6.747151143840433,9.733855812260034,64.08269695798586
2019-10-13 19:00:00,9.638015747070312,9.662729263305664,9.532103538513184,9.662729263305664,2481298,11.24527003288269,30.675288379192352,8.293459630012512,0.8087604606465548,6.675938708719402,9.910980551305622,74.25659360419762
2019-10-14 19:00:00,10.128743171691895,10.142865180969238,9.461496353149414,10.142865180969238,13688215,11.12368275642395,30.464961063861846,8.349063611030578,0.8956794386997161,6.557704733631146,10.14042248843001,79.65299627419013
2019-10-15 19:00:00,10.23818588256836,10.647712707519531,10.149925231933594,10.647712707519531,6013467,11.020665407180786,30.25816895723343,8.43043954372406,1.024528703731461,6.381382136261138,10.47949695118698,87.15041285898967
2019-10-16 19:00:00,11.177273750305176,11.177273750305176,11.156091690063477,11.177273750305176,1518237,10.919272031784057,30.063588864803314,8.54358913898468,1.19204513333667,6.159498872311341,10.92767940565802,87.95180480699868
2019-10-17 19:00:00,11.735078811645508,11.735078811645508,10.944267272949219,11.735078811645508,8674632,10.831788473129272,29.873001334667205,8.706870532035827,1.3887774629756717,5.929315606084484,11.484425457987172,92.83343498362318
2019-10-20 19:00:00,12.321126937866211,12.321126937866211,11.149030685424805,11.149030685424805,10708391,10.742116060256958,29.6794193816185,8.861855483055114,1.4814064466625543,5.899042589730006,11.824668376380224,83.72231466843155
2019-10-21 19:00:00,10.77127742767334,11.032527923583984,10.594757080078125,10.612408638000488,8082632,10.647430486679077,29.483395025730132,9.010132670402527,1.5016700854983989,6.006792499405729,12.013472841399324,75.37746425249972
2019-10-22 19:00:00,10.767746925354004,11.141969680786133,10.594757080078125,11.141969680786133,10010171,10.57738715171814,29.286520149707794,9.192831301689148,1.5287680674627568,6.135295166763635,12.250367436614662,75.9909336198011
2019-10-23 19:00:00,11.650348663330078,11.696245193481445,11.544437408447266,11.696245193481445,1382276,10.529938478469848,29.101740152835845,9.418777513504029,1.5490110534402806,6.3207554066234675,12.51679962038459,76.60044225801744
2019-10-24 19:00:00,12.278761863708496,12.278761863708496,12.278761863708496,12.278761863708496,1012630,10.501271562576294,28.920899770259858,9.662905311584472,1.5974653699263779,6.467974571731716,12.857836051437229,77.20429729611581
2019-10-27 19:00:00,12.889522552490234,12.889522552490234,12.257579803466797,12.889522552490234,17422910,10.485243501663208,28.747205255031584,9.948515391349792,1.639760628188156,6.66899413497348,13.228036647726103,77.80104301820742
2019-10-28 19:00:00,13.309640884399414,13.344945907592773,12.532951354980469,12.783610343933105,20016094,10.463778600692748,28.5690495800972,10.229182910919189,1.6194712979607577,6.990240314997673,13.468125506840703,76.71657193938849
2019-10-29 19:00:00,12.716532707214355,13.344945907592773,12.194031715393066,12.787140846252441,19334870,10.428545122146607,28.396993501186373,10.492198395729066,1.5842640540799666,7.323670287569133,13.660726503888998,81.03542312951689
2019-10-30 19:00:00,12.603560447692871,12.709471702575684,12.148137092590332,12.148137092590332,9460660,10.36852816581726,28.228225519657133,10.704552507400512,1.5011255782830806,7.702301350834351,13.706803663966674,72.0401690577296
2019-10-31 19:00:00,11.671531677246094,11.689184188842773,11.54090690612793,11.54090690612793,2965662,10.30116795539856,28.05550668001175,10.866951370239258,1.3986888238167108,8.069573722605837,13.66432901787268,63.753879821964674
2019-11-03 19:00:00,10.965450286865234,12.038694381713867,10.965450286865234,11.696245193481445,26637140,10.22229863166809,27.877675173282622,11.016464233398438,1.3127143719273713,8.391035489543695,13.64189297725318,61.943541358485376
2019-11-04 19:00:00,11.791565895080566,12.232867240905762,11.509133338928223,12.031633377075195,13210933,10.15536208152771,27.69673850297928,11.161034488677979,1.2530690167553193,8.65489645516734,13.667172522188618,60.92531001871345
2019-11-05 19:00:00,12.176380157470703,12.550603866577148,12.162259101867676,12.469404220581055,8915397,10.10826642036438,27.517749979496003,11.328022861480713,1.189006873578829,8.950009114323056,13.706036608638371,60.35068494657647
2019-11-06 19:00:00,12.727124214172363,13.0907564163208,12.54001235961914,13.0907564163208,7919762,10.088213701248169,27.340825145244597,11.544260454177856,1.0874675422488125,9.369325369680231,13.71919553867548,60.75028468916058
2019-11-07 19:00:00,13.662681579589844,13.743882179260254,13.592074394226074,13.743882179260254,1409185,10.089837713241577,27.168401577472686,11.771265745162964,1.046270804912442,9.67872413533808,13.863807354987848,70.36011884584894
2019-11-10 19:00:00,14.428780555725098,14.428780555725098,14.428780555725098,14.428780555725098,675559,10.118787069320678,26.996979348659515,12.009568309783935,1.082873029782241,9.843822250219453,14.175314369348417,79.26367461840826
2019-11-11 19:00:00,15.148984909057617,15.148984909057617,15.148984909057617,15.148984909057617,284669,10.17506178855896,26.824151389598846,12.259874296188354,1.200832173076924,9.858209950034507,14.661538642342201,79.85271657546713
2019-11-12 19:00:00,15.904492378234863,15.904492378234863,15.904492378234863,15.904492378234863,1232151,10.258732500076293,26.656513130664827,12.52271327972412,1.3898210714203294,9.743071136883461,15.30235542256478,80.43922711501682
2019-11-13 19:00:00,16.698833465576172,16.698833465576172,16.698833465576172,16.698833465576172,892247,10.370010995864869,26.493135426044464,12.79879126548767,1.6352344238125178,9.528322417862634,16.069260113112705,81.02081578360142
2019-11-14 19:00:00,17.532011032104492,17.532011032104492,16.066890716552734,17.510828018188477,25720815,10.508614854812622,26.33487680673599,13.087578725814819,1.9223023890651725,9.242973947684474,16.932183503945165,81.54217317937274
2019-11-17 19:00:00,18.386369705200195,18.386369705200195,18.093345642089844,18.386369705200195,6575725,10.675250177383424,26.179776318073273,13.449445676803588,2.1994011931368633,9.050643290529862,17.848248063077314,84.60532480505006
2019-11-18 19:00:00,19.420000076293945,19.420000076293945,19.420000076293945,19.420000076293945,11000,10.872584466934205,26.029843981266023,13.889825248718262,2.466939334154807,8.955946580408648,18.823703917027878,86.3431313194335
2019-11-19 19:00:00,20.420000076293945,20.420000076293945,20.420000076293945,20.420000076293945,24500,11.099450845718383,25.885072109699248,14.353726768493653,2.7760098640911135,8.801707040311426,19.90574649667588,93.59888796075974
2019-11-20 19:00:00,21.440000534057617,21.440000534057617,21.440000534057617,21.440000534057617,596500,11.355755071640015,25.746411230564117,14.840914535522462,3.1189101816030167,8.603094172316428,21.078734898728495,100.0
2019-11-21 19:00:00,22.510000228881836,22.510000228881836,22.510000228881836,22.510000228881836,38000,11.642073488235473,25.615122311115265,15.352476453781128,3.4931568502715975,8.366162753237933,22.33879015432432,100.0
2019-11-24 19:00:00,23.6299991607666,23.6299991607666,23.6299991607666,23.6299991607666,25000,11.942601346969605,25.481650431156158,15.889500284194947,3.8968550017425834,8.09579028070978,23.68321028768011,100.0
2019-11-25 19:00:00,24.809999465942383,24.809999465942383,24.809999465942383,24.809999465942383,465500,12.258185625076294,25.354383461475372,16.49081974029541,4.2994562125701625,7.891907315155086,25.089732165435734,100.0
2019-11-26 19:00:00,26.049999237060547,26.049999237060547,26.049999237060547,26.049999237060547,20500,12.598781728744507,25.232979481220244,17.153962659835816,4.702108459979579,7.7497457398766585,26.558179579794974,100.0
2019-11-27 19:00:00,27.350000381469727,27.350000381469727,27.350000381469727,27.350000381469727,153000,12.967496099472045,25.105494425296783,17.914055824279785,5.065012696287006,7.784030431705773,28.044081216853797,100.0
2019-11-28 19:00:00,28.709999084472656,28.709999084472656,27.600000381469727,28.709999084472656,7851500,13.372307062149048,24.977475740909576,18.77251043319702,5.373566864463595,8.02537670426983,29.51964416212421,100.0
2019-12-01 19:00:00,30.1299991607666,30.139999389648438,29.950000762939453,30.139999389648438,791000,13.814120416641236,24.856831705570222,19.694698143005372,5.669711159820955,8.355275823363462,31.03412046264728,100.0
2019-12-02 19:00:00,31.639999389648438,31.639999389648438,30.399999618530273,31.219999313354492,7708000,14.28558310508728,24.749916241168975,20.654116439819337,5.922602575927815,8.808911287963706,32.49932159167497,100.0
2019-12-03 19:00:00,29.65999984741211,29.65999984741211,29.65999984741211,29.65999984741211,759000,14.729023160934448,24.63385279893875,21.51364622116089,5.9196719197608365,9.674302381639217,33.352990060682565,90.29921379757619
2019-12-04 19:00:00,28.18000030517578,28.18000030517578,28.18000030517578,28.18000030517578,386000,15.149076747894288,24.516086151599882,22.26810841560364,5.748769832556898,10.770568750489842,33.76564808071743,81.84985313826776
2019-12-05 19:00:00,26.780000686645508,26.780000686645508,26.780000686645508,26.780000686645508,103500,15.536752643585205,24.39854080438614,22.919914340972902,5.463353784014481,11.99320677294394,33.84662190900186,74.29608553374005
2019-12-08 19:00:00,25.450000762939453,28.110000610351562,25.450000762939453,28.110000610351562,12254500,15.95540623664856,24.28594444513321,23.603975343704224,5.194102476707608,13.21577039028901,33.99218029711944,74.72965745121523
2019-12-09 19:00:00,29.399999618530273,29.510000228881836,28.760000228881836,29.510000228881836,4122500,16.402201042175292,24.17887171983719,24.322026109695436,4.950691811708435,14.420642486278567,34.223409733112305,75.29215766483603
2019-12-10 19:00:00,29.979999542236328,29.979999542236328,28.040000915527344,28.040000915527344,5356500,16.812464437484742,24.063357784748078,24.92880153656006,4.595664851044612,15.737471834470835,34.12013123864928,67.91531411770663
2019-12-11 19:00:00,26.639999389648438,27.3700008392334,26.639999389648438,26.639999389648438,3283000,17.187243328094482,23.944534714221955,25.42585983276367,4.177238181570979,17.071383469621715,33.780336195905626,61.01333221571169
2019-12-12 19:00:00,26.0,26.489999771118164,25.399999618530273,25.549999237060547,4162500,17.532384719848633,23.82164172410965,25.827818393707275,3.73935912013612,18.349100153435035,33.30653663397952,55.12820552008314
2019-12-15 19:00:00,25.40999984741211,26.81999969482422,25.25,26.81999969482422,7096500,17.89466495513916,23.705130836963654,26.249499893188478,3.3065030451812616,19.636493802825953,32.862505983551,55.34290347142531
2019-12-16 19:00:00,27.799999237060547,28.0,26.5,27.030000686645508,8208500,18.252460403442385,23.588257772922518,26.629999923706055,2.890982292024751,20.848035339656555,32.411964507755556,52.75590948182875
2019-12-17 19:00:00,26.5,27.200000762939453,26.350000381469727,26.520000457763672,2449500,18.60026767730713,23.471466467380523,26.93499994277954,2.49615804986452,21.942683843050503,31.92731604250858,47.55738688967789
2019-12-18 19:00:00,26.25,26.700000762939453,25.200000762939453,25.200000762939453,4298500,18.92894760131836,23.350690882205964,27.122999954223634,2.182389066985961,22.758221820251713,31.487778088195554,39.64602311638922
2019-12-19 19:00:00,24.899999618530273,25.479999542236328,24.049999237060547,24.520000457763672,2994000,19.23527208328247,23.231987421512603,27.223499965667724,1.9972013790467584,23.229097207574206,31.21790272376124,32.65432510120132
2019-12-22 19:00:00,24.84000015258789,24.84000015258789,23.299999237060547,23.299999237060547,2564500,19.50801748275757,23.1150150513649,27.20699996948242,2.029552952537668,23.147894064407083,31.26610587455776,25.764996701828096
2019-12-23 19:00:00,22.799999237060547,23.0,22.139999389648438,22.139999389648438,2387500,19.74796016693115,23.003267195224762,27.073499965667725,2.269187856082218,22.53512425350329,31.61187567783216,26.411545464292146
2019-12-25 19:00:00,22.489999771118164,23.239999771118164,22.200000762939453,23.239999771118164,1845500,19.999805908203125,22.892927277088166,26.932999992370604,2.4180072498678,22.096985492635003,31.769014492106205,34.12596564100936
2019-12-26 19:00:00,24.399999618530273,24.399999618530273,23.5,24.399999618530273,5771500,20.264260425567628,22.78636539697647,26.78549995422363,2.480402116085541,21.82469572205255,31.746304186394713,42.23237427251225
2019-12-29 19:00:00,25.0,25.6200008392334,24.809999465942383,25.6200008392334,3084000,20.541958866119383,22.685213482379915,26.63100004196167,2.4502715780638824,21.730456885833906,31.531543198089434,41.814598999827325
2019-12-30 19:00:00,26.889999389648438,26.899999618530273,25.850000381469727,26.899999618530273,6773000,20.856978244781494,22.586481821537017,26.46900005340576,2.3091031494747662,21.850793754456227,31.087206352355295,41.351888919280626
2019-12-31 19:00:00,27.5,28.239999771118164,27.350000381469727,28.239999771118164,5563500,21.209530067443847,22.49764357805252,26.320000076293944,2.070184531717543,22.179631012858856,30.460369139729032,50.66844515819833
2020-01-01 19:00:00,29.309999465942383,29.649999618530273,29.100000381469727,29.649999618530273,1484000,21.57969066619873,22.41484436273575,26.319500064849855,2.0693363974686867,22.18082726991248,30.45817285978723,60.05343887751601
2020-01-02 19:00:00,31.1299991607666,31.1299991607666,28.219999313354492,28.959999084472656,10715000,21.924965744018554,22.33135526895523,26.358500003814697,2.1131326634752723,22.13223467686415,30.584765330765244,61.702124317209936
2020-01-05 19:00:00,27.520000457763672,27.850000381469727,27.520000457763672,27.520000457763672,4668500,22.22979051589966,22.24440521478653,26.395499992370606,2.1273322051625074,22.14083558204559,30.650164402695623,52.37449349806405
2020-01-06 19:00:00,26.25,28.5,26.25,27.1200008392334,19044500,22.51440008163452,22.15648219347,26.346000003814698,2.0966349987541704,22.152730006306356,30.53927000132304,50.3014070688153
2020-01-07 19:00:00,26.5,27.0,25.770000457763672,25.770000457763672,7027000,22.774127883911135,22.06371878862381,26.15900001525879,1.9620502995382563,22.234899416182277,30.083100614335304,47.622067285258794
2020-01-08 19:00:00,26.93000030517578,26.93000030517578,25.610000610351562,25.90999984741211,8320500,23.036585063934325,21.973340351581573,26.052499961853027,1.9117390491618258,22.229021863529375,29.875978060176678,52.43317024347913
2020-01-09 19:00:00,25.93000030517578,27.200000762939453,25.350000381469727,26.8700008392334,10761000,23.331022338867186,21.892672407627106,26.064000034332274,1.9161458674728216,22.231708299386632,29.896291769277916,57.901816573101414
2020-01-12 19:00:00,26.5,27.0,26.260000228881836,26.520000457763672,2408000,23.630604209899904,21.813383677005767,26.11250009536743,1.9147265734631889,22.283046948441054,29.941953242293806,61.50000435965402
2020-01-13 19:00:00,26.739999771118164,26.979999542236328,26.0,26.079999923706055,2215500,23.918279304504395,21.731461670398712,26.075500106811525,1.9074714561740929,22.26055719446334,29.89044301915971,64.83433859314374
2020-01-14 19:00:00,26.079999923706055,26.200000762939453,25.510000228881836,25.670000076293945,1364000,24.19104663848877,21.650057241916656,26.007500076293944,1.8958594579420467,22.21578116040985,29.799218992178037,59.65051737777895
2020-01-15 19:00:00,26.0,26.399999618530273,25.700000762939453,26.0,1655000,24.461658554077147,21.575582373142243,25.98150005340576,1.8920228410136792,22.197454371378402,29.76554573543312,56.80272257793084
2020-01-16 19:00:00,26.0,26.450000762939453,25.520000457763672,26.0,3692500,24.71984342575073,21.504605810642243,26.021500015258788,1.8830666387779573,22.25536673770287,29.787633292814704,51.802652734937325
2020-01-19 19:00:00,26.0,26.200000762939453,24.56999969482422,24.600000381469727,3223000,24.93696578979492,21.43075341463089,26.02550001144409,1.8797914168137535,22.265917177816583,29.7850828450716,39.21201092878576
2020-01-20 19:00:00,24.5,24.600000381469727,23.389999389648438,23.6299991607666,3082000,25.12099016189575,21.349676020145417,26.042000007629394,1.8559055741173263,22.33018885939474,29.753811155864046,27.599610300349
2020-01-21 19:00:00,23.110000610351562,23.600000381469727,22.350000381469727,22.469999313354492,3294000,25.26741044998169,21.254983570575714,26.058500003814697,1.8205184287716938,22.41746314627131,29.699536861358084,14.243029629252504
2020-01-22 19:00:00,22.549999237060547,22.950000762939453,21.5,21.709999084472656,7483000,25.383520584106446,21.15456544160843,25.981999969482423,1.97110617112643,22.039787627229565,29.924212311735282,14.144413638428588
2020-01-23 19:00:00,21.149999618530273,22.899999618530273,21.149999618530273,22.899999618530273,13934000,25.507543907165527,21.06097992181778,25.90699996948242,2.0609582885032887,21.785083392475844,30.028916546488997,26.57200984005938
2020-01-26 19:00:00,24.149999618530273,24.149999618530273,24.149999618530273,24.149999618530273,942000,25.640327339172362,20.978763496875764,25.833499908447266,2.097618559789531,21.638262788868204,30.028737028026327,36.13445183598729
2020-01-27 19:00:00,25.469999313354492,25.469999313354492,24.600000381469727,25.469999313354492,25378500,25.78199993133545,20.90574672937393,25.761999893188477,2.083677604526267,21.594644684135943,29.92935510224101,48.59550055122007
2020-01-28 19:00:00,25.299999237060547,25.940000534057617,24.700000762939453,24.950000762939453,17877000,25.89259994506836,20.838811571598054,25.597499942779542,2.00617716265613,21.585145617467283,29.6098542680918,45.6600408441586
2020-01-29 19:00:00,25.049999237060547,25.170000076293945,24.350000381469727,24.610000610351562,8385000,25.97639995574951,20.775151083469392,25.345499992370605,1.7733778527040154,21.798744286962574,28.892255697778637,39.17624466823919
2020-01-30 19:00:00,24.700000762939453,25.959999084472656,24.510000228881836,25.719999313354492,23568500,26.06199993133545,20.722336208820344,25.183500003814697,1.5610940375857476,22.0613119286432,28.305688078986194,46.42856595467492
2020-02-02 19:00:00,25.149999618530273,25.469999313354492,24.899999618530273,25.309999465942383,12737500,26.11799991607666,20.6765380692482,25.072999954223633,1.4620792658501975,22.148841422523237,27.99715848592403,46.55326506720289
2020-02-03 19:00:00,25.719999313354492,26.25,25.360000610351562,25.690000534057617,15702000,26.15919994354248,20.639508183002473,25.001499938964844,1.3898896560063703,22.221720626952106,27.781279250977583,50.08976866633519
2020-02-05 19:00:00,25.799999237060547,25.850000381469727,24.149999618530273,24.18000030517578,11323500,26.146599960327148,20.600400421619415,24.92199993133545,1.3890916274248906,22.143816676485667,27.70018318618523,42.613637419208615
2020-02-06 19:00:00,23.90999984741211,23.90999984741211,22.889999389648438,23.010000228881836,10592500,26.085799980163575,20.561556684970856,24.776999950408936,1.4312496302348081,21.91450068993932,27.63949921087855,38.917717487587744
2020-02-09 19:00:00,22.889999389648438,22.889999389648438,21.6299991607666,21.6299991607666,15355500,25.97139995574951,20.50976310968399,24.514999866485596,1.5056230559712367,21.503753754543123,27.52624597842807,38.97549758147649
2020-02-10 19:00:00,21.940000534057617,22.920000076293945,21.100000381469727,22.649999618530273,12853500,25.850199966430665,20.460213119983674,24.321499824523926,1.482893121318769,21.355713581886388,27.287286067161464,46.37574146059449
2020-02-11 19:00:00,23.139999389648438,23.889999389648438,22.899999618530273,23.420000076293945,16243000,25.715799980163574,20.40637714624405,24.18849983215332,1.4353995851817622,21.317700661789793,27.059299002516845,53.617672070288044
2020-02-12 19:00:00,23.59000015258789,23.639999389648438,22.899999618530273,22.959999084472656,8257000,25.55059997558594,20.35715755701065,24.052999782562257,1.4159659759988144,21.22106783056463,26.884931734559885,54.87139447234687
2020-02-13 19:00:00,23.079999923706055,23.079999923706055,21.81999969482422,22.309999465942383,9069000,25.40359996795654,20.306822254657746,23.868499755859375,1.3890676221367915,21.090364511585793,26.646635000132957,47.599674090168385
2020-02-16 19:00:00,22.489999771118164,22.799999237060547,22.18000030517578,22.520000457763672,7908500,25.290399971008302,20.257694218158722,23.69449977874756,1.3244721996248243,21.045555379497912,26.343444177997206,42.75556051371926
2020-02-17 19:00:00,22.549999237060547,22.68000030517578,22.219999313354492,22.280000686645508,2570000,25.200399971008302,20.21478004693985,23.578499794006348,1.3424655627226691,20.89356866856101,26.263430919451686,34.31662731315208
2020-02-19 19:00:00,23.299999237060547,23.350000381469727,22.399999618530273,22.469999313354492,8775000,25.08759994506836,20.178711655139924,23.520499801635744,1.3649928301982222,20.7905141412393,26.250485462032188,37.39836925602758
2020-02-20 19:00:00,22.399999618530273,22.700000762939453,22.200000762939453,22.399999618530273,3284000,24.945399932861328,20.13978667497635,23.516999816894533,1.367914807480329,20.781170201933875,26.25282943185519,38.45349727360802
2020-02-23 19:00:00,22.399999618530273,22.399999618530273,20.950000762939453,20.959999084472656,14356500,24.803799896240236,20.09120805978775,23.47949981689453,1.4289765124324363,20.62154679202966,26.337452841759404,25.959603140612188
2020-02-24 19:00:00,20.700000762939453,21.360000610351562,20.610000610351562,21.06999969482422,8651500,24.69239990234375,20.035518457889555,23.38799982070923,1.5234988981548585,20.34100202439951,26.434997617018947,27.916677511395903
2020-02-25 19:00:00,21.110000610351562,21.290000915527344,19.920000076293945,20.170000076293945,10380000,24.584799919128418,19.967279522418977,23.18899984359741,1.671475676512255,19.8460484905729,26.53195119662192,22.727277867449118
2020-02-26 19:00:00,19.600000381469727,19.600000381469727,18.860000610351562,19.360000610351562,17535500,24.435599937438965,19.893243038654326,22.883499908447266,1.7870066142177317,19.3094866800118,26.45751313688273,24.416142888324558
2020-03-01 19:00:00,19.25,19.780000686645508,18.899999618530273,19.3799991607666,15666000,24.282599906921387,19.822060263156892,22.604999828338624,1.8796319063060742,18.845736015726477,26.36426364095077,28.05319911011928
2020-03-02 19:00:00,19.5,20.729999542236328,19.25,20.729999542236328,19161000,24.16679988861084,19.767671501636507,22.41099977493286,1.8619483779866455,18.68710301895957,26.134896530906154,44.5388371145055
2020-03-03 19:00:00,20.989999771118164,21.5,20.31999969482422,20.520000457763672,19240500,24.073199882507325,19.715110027790068,22.15099983215332,1.7342461512716125,18.682507529610096,25.619492134696547,35.66622059171975
2020-03-04 19:00:00,20.649999618530273,21.600000381469727,20.649999618530273,20.940000534057617,18709000,24.001599884033205,19.67239780664444,21.932499885559082,1.584081680364849,18.764336524829385,25.10066324628878,32.48587403197989
2020-03-05 19:00:00,20.739999771118164,20.739999771118164,19.899999618530273,20.0,8766000,23.935599899291994,19.627456867694853,21.647999858856203,1.3702462324173204,18.90750739402156,24.388492323690844,30.423280156301715
2020-03-08 19:00:00,18.600000381469727,19.75,18.600000381469727,19.049999237060547,13664000,23.873799896240236,19.584809086322785,21.39149980545044,1.3513473867601937,18.688805031930052,24.09419457897083,29.262081635990953
2020-03-09 19:00:00,19.399999618530273,19.700000762939453,19.020000457763672,19.299999237060547,6757000,23.794999885559083,19.5502956032753,21.205999755859374,1.3719613519439693,18.462077051971434,23.949922459747313,29.6202395340853
2020-03-10 19:00:00,19.670000076293945,19.899999618530273,18.899999618530273,19.110000610351562,13426000,23.68919990539551,19.52127512216568,21.07999982833862,1.444758190680579,18.190483446977463,23.96951620969978,29.808907880852132
2020-03-11 19:00:00,18.510000228881836,18.649999618530273,17.780000686645508,17.81999969482422,8016000,23.533199882507326,19.48486908197403,20.83849983215332,1.5670195465713364,17.70446073901065,23.972538925295993,24.022345178147447
2020-03-12 19:00:00,17.280000686645508,18.399999618530273,16.579999923706055,18.049999237060547,20217000,23.35619987487793,19.45587951898575,20.569999790191652,1.561463576855189,17.447072636481273,23.69292694390203,26.125131719086667
2020-03-15 19:00:00,17.600000381469727,17.700000762939453,16.700000762939453,16.700000762939453,5731000,23.125399894714356,19.42608870744705,20.25699987411499,1.6800786076542624,16.896842658806463,23.617157089423515,26.385809828389313
2020-03-16 19:00:00,16.5,16.950000762939453,15.460000038146973,15.600000381469727,14029500,22.844399909973145,19.38945633172989,19.921499919891357,1.9036288198958897,16.114242280099578,23.728757559683135,22.67731631949796
2020-03-17 19:00:00,15.229999542236328,15.239999771118164,14.430000305175781,14.430000305175781,5185000,22.553799934387207,19.342101995944976,19.516999912261962,2.1641116914030687,15.188776529455826,23.8452232950681,22.0817046803715
2020-03-18 19:00:00,13.350000381469727,14.0,13.350000381469727,13.4399995803833,13986000,22.2721999168396,19.283831260204316,19.074999856948853,2.4534903989918164,14.168019058965221,23.981980654932485,21.701710861030406
2020-03-19 19:00:00,14.050000190734863,14.300000190734863,13.300000190734863,13.829999923706055,11459000,22.006399898529054,19.22129700422287,18.64299988746643,2.5815561518610592,13.479887583744311,23.80611219118855,24.376734643774014
2020-03-23 19:00:00,12.800000190734863,12.899999618530273,12.800000190734863,12.800000190734863,4867500,21.746999893188477,19.156719505786896,18.16299991607666,2.734206419700819,12.694587076675024,23.631412755478298,12.274025221829106
2020-03-24 19:00:00,13.25,13.25,11.800000190734863,11.829999923706055,5270000,21.465399894714356,19.082278826236724,17.70649995803833,2.99260184707053,11.721296263897269,23.69170365217939,11.446316854090043
2020-03-25 19:00:00,11.6899995803833,12.600000381469727,10.850000381469727,10.960000038146973,10887500,21.14719987869263,19.009225070476532,17.200999975204468,3.238332713665639,10.724334547873191,23.677665402535744,7.4232070455373815
2020-03-26 19:00:00,10.720000267028809,11.050000190734863,10.270000457763672,10.920000076293945,10474000,20.83519987106323,18.92287349462509,16.73849997520447,3.4458751058207584,9.846749763562952,23.630250186845984,8.040664603486533
2020-03-29 19:00:00,10.5,10.729999542236328,10.3100004196167,10.649999618530273,7167000,20.526599864959717,18.828128745555876,16.302999925613403,3.6419443534771543,9.019111218659095,23.58688863256771,8.579881044640231
2020-03-30 19:00:00,10.819999694824219,11.649999618530273,10.729999542236328,11.649999618530273,25779000,20.246199855804445,18.74578020811081,15.916499948501587,3.7077887985690796,8.500922351363428,23.332077545639745,14.876032840727092
2020-03-31 19:00:00,11.899999618530273,12.050000190734863,11.600000381469727,11.779999732971191,17936000,19.961799850463866,18.66369332551956,15.46899995803833,3.6356566668571864,8.197686624323957,22.740313291752702,16.158816788787746
2020-04-01 19:00:00,11.739999771118164,12.779999732971191,11.65999984741211,12.779999732971191,29537500,19.69739984512329,18.585741498470306,15.081999921798706,3.478238545337775,8.125522831123156,22.038477012474257,26.09108168835823
2020-04-02 19:00:00,13.399999618530273,13.779999732971191,13.300000190734863,13.779999732971191,15857500,19.48099983215332,18.512966187000274,14.723999881744385,3.20099061091455,8.322018659915285,21.125981103573487,31.12290298113858
2020-04-05 19:00:00,14.449999809265137,14.449999809265137,13.739999771118164,13.850000381469727,20174500,19.285399856567384,18.439605314731597,14.416499900817872,2.9532947706564703,8.509910359504932,20.32308944213081,35.79262390631746
2020-04-06 19:00:00,14.0,14.880000114440918,14.0,14.850000381469727,19858000,19.132999877929688,18.378358223438262,14.20649995803833,2.748718908239621,8.709062141559087,19.703937774517573,46.22356579611811
2020-04-07 19:00:00,14.989999771118164,15.399999618530273,14.649999618530273,14.960000038146973,25834000,18.997999897003172,18.32442186117172,13.98949999809265,2.484011027464736,9.021477943163179,18.957522053022124,52.987596538001654
2020-04-08 19:00:00,15.350000381469727,15.6899995803833,15.350000381469727,15.5,21109000,18.84999990463257,18.274774177074434,13.808999967575073,2.2081950645867847,9.392609838401503,18.22539009674864,62.232780092809946
2020-04-09 19:00:00,15.199999809265137,15.229999542236328,14.75,15.149999618530273,11938500,18.66999990463257,18.22106407880783,13.675499963760377,2.0261461948284993,9.623207574103379,17.727792353417374,57.87589216334732
2020-04-12 19:00:00,15.300000190734863,15.479999542236328,14.720000267028809,14.850000381469727,16966000,18.457599925994874,18.167177894115447,13.515500020980834,1.7730631739694958,9.969373673041844,17.061626368919825,63.39869305489536
2020-04-13 19:00:00,14.800000190734863,15.09000015258789,14.449999809265137,14.760000228881836,10727500,18.25379991531372,18.119196441173553,13.418499994277955,1.6375666004483027,10.14336679338135,16.69363319517456,71.63958720132528
2020-04-14 19:00:00,14.800000190734863,14.989999771118164,14.359999656677246,14.460000038146973,10924000,18.050799903869628,18.06805568933487,13.361499977111816,1.5763325425625905,10.208834891986635,16.514165062236998,78.22580297829376
2020-04-15 19:00:00,14.399999618530273,14.4399995803833,14.029999732971191,14.239999771118164,7233000,17.821199913024902,18.016626932621,13.351999950408935,1.5701143997366005,10.211771150935734,16.492228749882138,76.01880202980128
2020-04-16 19:00:00,15.0,15.300000190734863,14.8100004196167,15.300000190734863,21340500,17.620999927520753,17.972139813899993,13.444999980926514,1.6295609067096801,10.185878167507154,16.704121794345873,82.42677757485046
2020-04-19 19:00:00,15.510000228881836,15.510000228881836,14.699999809265137,14.970000267028809,23006000,17.406599922180177,17.925861485004425,13.501999998092652,1.6633246210113108,10.17535075607003,16.828649240115272,75.53846277993088
2020-04-20 19:00:00,13.850000381469727,14.270000457763672,13.850000381469727,13.850000381469727,22086000,17.199999923706056,17.8749187207222,13.554500007629395,1.6565579822037941,10.241384043221807,16.867615972036983,63.81842755800192
2020-04-21 19:00:00,13.300000190734863,14.100000381469727,13.100000381469727,13.890000343322754,17377500,17.017599925994872,17.823769948482514,13.65750002861023,1.6069910173825626,10.443517993845104,16.871482063375353,58.49923808294249
2020-04-22 19:00:00,14.5,14.930000305175781,14.359999656677246,14.930000305175781,22539500,16.883599948883056,17.776514928340912,13.85600004196167,1.497729652337271,10.860540737287128,16.85145934663621,58.75190607833048
2020-04-23 19:00:00,15.180000305175781,15.199999809265137,14.5,14.600000381469727,14338000,16.722599964141846,17.73242892026901,14.040000057220459,1.3352904023351406,11.369419252550177,16.71058086189074,55.49048322384928
2020-04-26 19:00:00,14.510000228881836,14.699999809265137,14.1899995803833,14.5,7405000,16.544199962615966,17.69206174612045,14.232500076293945,1.0725125576241887,12.087474961045569,16.377525191542322,47.04890081401647
2020-04-27 19:00:00,14.270000457763672,14.600000381469727,14.25,14.350000381469727,5668000,16.37199998855591,17.656557919979097,14.367500114440919,0.8836341836667306,12.600231747107458,16.13476848177438,44.89112538196891
2020-04-28 19:00:00,14.600000381469727,14.699999809265137,14.510000228881836,14.630000114440918,8217000,16.21840000152588,17.62376034975052,14.510000133514405,0.6408465190059174,13.22830709550257,15.791693171526239,42.381787392759655
2020-04-29 19:00:00,15.0,15.319999694824219,14.930000305175781,15.180000305175781,37782000,16.07159999847412,17.592618353366852,14.630000162124634,0.511499326764768,13.607001508595099,15.65299881565417,50.25381292233573
2020-05-03 19:00:00,14.899999618530273,15.149999618530273,14.850000381469727,14.9399995803833,13610000,15.924799976348877,17.559287831783294,14.688000154495239,0.4744702637121921,13.739059627070855,15.636940681919622,50.76922374677849
2020-05-04 19:00:00,15.319999694824219,15.800000190734863,15.100000381469727,15.619999885559082,33832000,15.787799987792969,17.532993643283845,14.776500129699707,0.47500989234483487,13.826480345010038,15.726519914389376,56.67701442550539
2020-05-05 19:00:00,15.989999771118164,15.989999771118164,15.550000190734863,15.65999984741211,23803000,15.652999992370605,17.51210680246353,14.817000102996825,0.5144960777370741,13.788007947522678,15.845992258470973,59.708734343271146
2020-05-06 19:00:00,15.40999984741211,15.449999809265137,14.789999961853027,14.899999618530273,16085500,15.531800003051758,17.488832123279572,14.81400008201599,0.513792811085413,13.786414459845165,15.841585704186816,54.91071225834578
2020-05-07 19:00:00,14.920000076293945,15.079999923706055,14.819999694824219,14.890000343322754,5819000,15.408200016021729,17.466672484874724,14.78350009918213,0.4884052014317032,13.806689696318722,15.760310502045536,46.3844811120347
2020-05-10 19:00:00,14.890000343322754,15.199999809265137,14.600000381469727,14.84000015258789,10242500,15.301600017547607,17.449081857204437,14.76800012588501,0.4810251415813352,13.80594984272234,15.73005040904768,48.79406209498702
2020-05-11 19:00:00,14.800000190734863,15.050000190734863,14.699999809265137,14.989999771118164,10804000,15.21420000076294,17.42939924955368,14.775000095367432,0.4832945249423679,13.808411045482696,15.741589145252167,62.89592047478308
2020-05-12 19:00:00,15.149999618530273,15.25,14.869999885559082,14.949999809265137,9072500,15.12560001373291,17.407310135364533,14.784500074386596,0.4848490416607988,13.814801991064998,15.754198157708194,61.99094397789202
2020-05-13 19:00:00,15.010000228881836,15.100000381469727,14.699999809265137,14.829999923706055,6164000,15.007600021362304,17.384550411701202,14.80300006866455,0.4788373110045546,13.84532544665544,15.76067469067366,48.571423121861045
2020-05-14 19:00:00,15.039999961853027,15.039999961853027,14.539999961853027,14.579999923706055,14800500,14.888800010681152,17.36493604898453,14.820000076293946,0.4635899936603216,13.892820088973302,15.74718006361459,49.70759565325295
2020-05-17 19:00:00,14.800000190734863,14.850000381469727,14.350000381469727,14.40999984741211,11423000,14.758199996948242,17.347137138843536,14.775500059127808,0.4577687884259186,13.85996248227597,15.691037635979646,48.710599448563066
2020-05-18 19:00:00,14.5,15.369999885559082,14.420000076293945,15.069999694824219,31662500,14.659599990844727,17.337121851444245,14.780500030517578,0.4605427415878349,13.859414547341908,15.701585513693248,58.99999141693115
2020-05-19 19:00:00,15.180000305175781,15.1899995803833,14.720000267028809,14.800000190734863,11299000,14.574600009918212,17.33001070737839,14.828000020980834,0.4051847140337509,14.017630592913333,15.638369449048335,52.13032689280462
2020-05-20 19:00:00,14.970000267028809,15.010000228881836,14.40999984741211,14.479999542236328,15262000,14.478200016021729,17.32341780424118,14.857499980926514,0.35117654747474975,14.155146885977015,15.559853075876013,40.69147978286664
2020-05-27 19:00:00,14.4399995803833,15.100000381469727,13.899999618530273,14.710000038146973,24420500,14.390200004577636,17.315733091831206,14.846499967575074,0.352230061828503,14.142039843918068,15.55096009123208,46.93333943684896
2020-05-28 19:00:00,14.899999618530273,15.1899995803833,14.609999656677246,14.739999771118164,19550500,14.328600006103516,17.308886806964875,14.853499937057496,0.3484442541761171,14.156611428705261,15.55038844540973,35.806447147205816
2020-05-31 19:00:00,14.729999542236328,14.84000015258789,14.5600004196167,14.609999656677246,8909000,14.25980001449585,17.303773548603058,14.858999919891357,0.3434024608256252,14.172194998240107,15.545804841542607,33.542314594776556
2020-06-01 19:00:00,14.710000038146973,14.880000114440918,14.40999984741211,14.539999961853027,12348500,14.216599998474122,17.29974011182785,14.868499898910523,0.33098379694866353,14.206532305013196,15.53046749280785,42.800004119874615
2020-06-02 19:00:00,14.720000267028809,14.800000190734863,14.520000457763672,14.5600004196167,6133500,14.19579999923706,17.29931943178177,14.864999914169312,0.3339949563657377,14.197010001437837,15.532989826900787,43.426296939959556
2020-06-03 19:00:00,14.680000305175781,14.680000305175781,14.300000190734863,14.34000015258789,8111000,14.193999996185303,17.300676038265227,14.822999906539916,0.34493473655676754,14.13313043342638,15.512869379653452,40.67164285327936
2020-06-04 19:00:00,14.300000190734863,14.40999984741211,14.260000228881836,14.350000381469727,3632000,14.212200012207031,17.303865501880647,14.793499946594238,0.35933082187863347,14.074838302836971,15.512161590351505,37.40159135896288
2020-06-07 19:00:00,14.649999618530273,14.84000015258789,14.470000267028809,14.770000457763672,13180000,14.231000022888184,17.30926087617874,14.750999975204468,0.3021483843369655,14.146703206530537,15.3552967438784,46.91782041077874
2020-06-08 19:00:00,14.649999618530273,14.6899995803833,14.539999961853027,14.5600004196167,5153500,14.266200027465821,17.312776601314546,14.696000003814698,0.21573368115329677,14.264532641508104,15.12746736612129,45.514960165894905
2020-06-09 19:00:00,14.489999771118164,14.569999694824219,14.34000015258789,14.359999656677246,7006500,14.316800022125244,17.311832525730132,14.669000005722046,0.2225426978578839,14.223914610006277,15.114085401437814,46.283781715691184
2020-06-10 19:00:00,14.369999885559082,14.59000015258789,14.229999542236328,14.329999923706055,8142500,14.384200019836426,17.307737600803375,14.64099998474121,0.22842477489331264,14.184150434954585,15.097849534527835,48.58156244229766
2020-06-11 19:00:00,14.109999656677246,14.149999618530273,13.899999618530273,14.09000015258789,8513500,14.447600021362305,17.303643014431,14.60349998474121,0.2541502276572255,14.09519952942676,15.111800440055662,29.58335585062926
2020-06-14 19:00:00,13.949999809265137,14.0,13.65999984741211,13.770000457763672,7491500,14.510000038146973,17.294294459819795,14.542500019073486,0.29896082180563527,13.944578375462216,15.140421662684757,28.979612014419544
2020-06-15 19:00:00,13.899999618530273,14.180000305175781,13.720000267028809,13.90999984741211,6571500,14.555200042724609,17.28695215463638,14.490500020980836,0.31439953450414926,13.861700951972537,15.119299089989134,37.44494317446607
2020-06-16 19:00:00,13.859999656677246,14.100000381469727,13.609999656677246,13.710000038146973,7022000,14.593800048828125,17.28138121843338,14.434500026702882,0.34862846538843123,13.737243095926019,15.131756957479745,27.678569147781218
2020-06-17 19:00:00,13.600000381469727,13.890000343322754,13.59000015258789,13.770000457763672,5799500,14.613600063323975,17.27976425886154,14.394000053405762,0.37675056882253133,13.640498915760698,15.147501191050825,28.634380666378746
2020-06-18 19:00:00,13.770000457763672,13.899999618530273,13.59000015258789,13.6899995803833,2361500,14.611800060272216,17.27990084886551,14.358000040054321,0.40822591039479234,13.541548219264737,15.174451860843906,29.27928895456732
2020-06-21 19:00:00,13.770000457763672,13.789999961853027,13.300000190734863,13.720000267028809,7267000,14.609200057983399,17.283594286441804,14.290500068664551,0.3957201804885098,13.49905970768753,15.081940429641572,31.19268663781149
2020-06-22 19:00:00,13.800000190734863,13.960000038146973,13.609999656677246,13.880000114440918,5476000,14.589800052642822,17.29131804227829,14.244500064849854,0.3867472038942416,13.47100565706137,15.017994472638337,35.344831129881314
2020-06-23 19:00:00,13.8100004196167,13.979999542236328,13.619999885559082,13.6899995803833,4851000,14.564400043487549,17.301163256168365,14.205000066757203,0.4014906685104416,13.40201872973632,15.007981403778086,35.807859352726354
2020-06-24 19:00:00,13.59000015258789,13.59000015258789,13.350000381469727,13.4399995803833,3792500,14.523200035095215,17.312688710689546,14.14150004386902,0.4175275658111171,13.306444912246786,14.976555175491253,32.01580610494406
2020-06-25 19:00:00,13.699999809265137,13.710000038146973,13.199999809265137,13.270000457763672,6537500,14.485600051879883,17.32613553762436,14.068000078201294,0.4356193897642166,13.196761298672861,14.939238857729727,17.10527306448091
2020-06-28 19:00:00,13.880000114440918,13.949999809265137,13.510000228881836,13.899999618530273,11345000,14.466600036621093,17.34536251783371,14.032500076293946,0.4176863851658633,13.19712730596222,14.867872846625673,37.77776207943401
2020-06-29 19:00:00,13.949999809265137,13.949999809265137,13.550000190734863,13.600000381469727,5307000,14.443400039672852,17.365596091747285,13.98550009727478,0.4103975160442278,13.164705065186325,14.806295129363235,36.42857605097528
2020-06-30 19:00:00,13.550000190734863,13.710000038146973,13.359999656677246,13.609999656677246,6467000,14.426400032043457,17.388262684345246,13.938000059127807,0.3950963367111558,13.147807385705496,14.728192732550118,37.05034478097892
2020-07-01 19:00:00,13.649999618530273,14.279999732971191,13.600000381469727,13.8100004196167,18358500,14.417800045013427,17.414188740253447,13.911500072479248,0.3843419555479851,13.142816161383278,14.680183983575217,44.8905136164912
2020-07-02 19:00:00,13.899999618530273,13.899999618530273,13.550000190734863,13.710000038146973,4292500,14.38600004196167,17.44176834344864,13.87950005531311,0.3723676563186808,13.134764742675749,14.624235367950472,48.80951524952023
2020-07-05 19:00:00,13.770000457763672,13.949999809265137,13.600000381469727,13.760000228881836,6304500,14.36180004119873,17.46755031347275,13.82900004386902,0.30820191404581365,13.212596215777392,14.445403871960647,46.913588483697275
2020-07-06 19:00:00,13.9399995803833,14.59000015258789,13.850000381469727,14.220000267028809,31521000,14.369200038909913,17.493496387004853,13.812000036239624,0.2731415284376971,13.26571697936423,14.358283093115018,59.47955627563664
2020-07-07 19:00:00,14.25,14.470000267028809,14.15999984741211,14.279999732971191,10058500,14.37700002670288,17.519795415401457,13.80800004005432,0.26516327932444334,13.277673481405435,14.338326598703206,59.47954191009296
2020-07-08 19:00:00,14.399999618530273,14.949999809265137,14.25,14.770000457763672,28387500,14.373800029754639,17.549074008464814,13.830000066757203,0.3227513815031568,13.18449730375089,14.475502829763515,67.41937220531074
2020-07-09 19:00:00,14.800000190734863,14.899999618530273,14.529999732971191,14.600000381469727,13900500,14.373800029754639,17.57972675561905,13.855500078201294,0.36212065881954647,13.1312587605622,14.579741395840387,63.580253636252586
2020-07-12 19:00:00,14.600000381469727,14.729999542236328,14.1899995803833,14.350000381469727,17935000,14.370800037384033,17.6112300992012,13.884500074386597,0.37779808228573186,13.128903909815133,14.640096238958062,57.057063249246724
2020-07-13 19:00:00,14.40999984741211,14.649999618530273,14.300000190734863,14.350000381469727,12034000,14.370800037384033,17.64474577665329,13.906500101089478,0.39190873686345845,13.122682627362561,14.690317574816394,60.509572131071366
2020-07-14 19:00:00,14.5,14.600000381469727,14.25,14.300000190734863,6239000,14.364200038909912,17.678805792331694,13.936000108718872,0.39848936718167066,13.139021374355531,14.732978843082213,64.62586755209205
2020-07-15 19:00:00,14.3100004196167,14.399999618530273,13.789999961853027,13.859999656677246,20333500,14.337800025939941,17.712219185829163,13.940500068664551,0.3970216042897376,13.146456860085076,14.734543277244027,59.190018565454
2020-07-16 19:00:00,13.850000381469727,14.649999618530273,13.0600004196167,14.079999923706055,87258000,14.320600032806396,17.745638155937193,13.96000008583069,0.39363365500644887,13.172732775817792,14.747267395843586,53.21428985011652
2020-07-19 19:00:00,14.449999809265137,14.600000381469727,13.899999618530273,14.0,32523500,14.288200035095215,17.779751551151275,13.974000072479248,0.3896072057251609,13.194785661028925,14.75321448392957,57.75192509004454
2020-07-20 19:00:00,14.0,14.0,13.5,13.729999542236328,25928500,14.249600028991699,17.812550249099733,13.966500043869019,0.39294147002019,13.180617103828638,14.7523829839094,52.112671799712494
2020-07-21 19:00:00,13.75,14.1899995803833,13.75,14.079999923706055,21215500,14.233200035095216,17.845316092967987,13.986000061035156,0.3881455018415349,13.209709057352086,14.762291064718227,54.51503789974946
2020-07-22 19:00:00,14.149999618530273,14.199999809265137,13.699999809265137,13.75,17760500,14.21040002822876,17.87456081867218,14.00150008201599,0.37100547395060307,13.259489134114784,14.743511029917197,50.621117000654834
2020-07-23 19:00:00,13.699999809265137,13.800000190734863,13.420000076293945,13.479999542236328,13885000,14.183200016021729,17.9004961681366,14.012000036239623,0.35168184666947105,13.308636342900682,14.715363729578565,45.93022546619116
2020-07-26 19:00:00,13.479999542236328,13.800000190734863,13.350000381469727,13.609999656677246,8523000,14.15560001373291,17.925016226768495,13.997500038146972,0.362359048238625,13.272781941669722,14.722218134624223,40.19292417160726
2020-07-27 19:00:00,13.609999656677246,13.75,13.449999809265137,13.5,9833000,14.126600017547608,17.94681508541107,13.992500019073486,0.36876592376327527,13.254968171546935,14.730031866600036,37.65824265135719
2020-07-28 19:00:00,13.600000381469727,13.869999885559082,13.550000190734863,13.630000114440918,10776500,14.102600021362305,17.969316902160646,13.99350004196167,0.3676996397777089,13.258100762406253,14.728899321517089,29.642866266010216
2020-07-29 19:00:00,13.6899995803833,13.899999618530273,13.449999809265137,13.59000015258789,11372500,14.08280002593994,17.993436880111695,13.982500028610229,0.3766596621137862,13.229180704382657,14.735819352837801,31.08615208772369
2020-08-02 19:00:00,13.649999618530273,13.720000267028809,13.449999809265137,13.470000267028809,12247500,14.064000034332276,18.01476799964905,13.970500040054322,0.3894055717251666,13.191688896603988,14.749311183504656,32.67717584952983
2020-08-03 19:00:00,13.539999961853027,13.869999885559082,13.40999984741211,13.670000076293945,18287500,14.03600004196167,18.03480435371399,13.966000032424926,0.3924740918612887,13.18105184870235,14.750948216147503,37.59124290835683
2020-08-04 19:00:00,13.899999618530273,14.289999961853027,13.899999618530273,14.039999961853027,26968500,14.020800037384033,18.054290027618407,13.957000017166138,0.38838547101043147,13.180229075145276,14.733770959187,45.75163215364497
2020-08-05 19:00:00,14.109999656677246,14.260000228881836,13.800000190734863,13.850000381469727,11399000,14.008200054168702,18.07030146598816,13.935500049591065,0.3814030428812434,13.172693963828578,14.698306135353551,49.822076980172056
2020-08-06 19:00:00,13.859999656677246,14.1899995803833,13.609999656677246,13.930000305175781,16248500,13.992600059509277,18.084065098762512,13.89350004196167,0.32704873646095284,13.239402569039763,14.547597514883575,47.191018459848166
2020-08-09 19:00:00,13.850000381469727,14.970000267028809,13.850000381469727,14.880000114440918,65300500,13.995400066375732,18.09978970527649,13.90750002861023,0.36291048012791177,13.181679068354406,14.633320988866053,62.42938028140936
2020-08-10 19:00:00,15.25,15.989999771118164,15.010000228881836,15.989999771118164,65446500,14.023000068664551,18.123994550704957,13.98949999809265,0.5852977213849165,12.818904555322817,15.160095440862484,75.79909431405329
2020-08-11 19:00:00,16.389999389648438,17.100000381469727,14.90999984741211,15.510000228881836,88368000,14.042400074005126,18.148482508659363,14.047499990463256,0.6737005220041338,12.70009894645499,15.394901034471523,65.85366782009848
2020-08-12 19:00:00,15.989999771118164,16.649999618530273,15.699999809265137,16.5,50870000,14.081200065612792,18.17527266025543,14.157499980926513,0.8685309878793304,12.420438005167853,15.894561956685173,76.59575410024762
2020-08-16 19:00:00,16.790000915527344,17.149999618530273,16.299999237060547,16.600000381469727,35309500,14.12640007019043,18.199791436195373,14.294500017166138,1.0217244717261693,12.2510510737138,16.337948960618476,81.2000202941972
2020-08-17 19:00:00,16.899999618530273,16.940000534057617,16.020000457763672,16.229999542236328,18383000,14.164000053405761,18.219547624588014,14.401999998092652,1.1074750853756121,12.187049827341427,16.616950168843875,75.00000454997391
2020-08-18 19:00:00,16.149999618530273,16.579999923706055,15.949999809265137,16.010000228881836,15576000,14.188800048828124,18.23515001296997,14.502500009536742,1.1590734940499239,12.184353021436895,16.82064699763659,73.45795275478264
2020-08-19 19:00:00,16.010000228881836,16.25,15.600000381469727,15.699999809265137,12069000,14.211600036621094,18.249731960296632,14.601000022888183,1.1735860400216052,12.253827942844973,16.948172102931395,68.71609540470291
2020-08-20 19:00:00,15.699999809265137,15.960000038146973,15.350000381469727,15.520000457763672,10907500,14.234800052642822,18.263396258354188,14.673000049591064,1.1840657052445103,12.304868639102043,17.041131460080084,67.01940854008058
2020-08-23 19:00:00,15.449999809265137,16.18000030517578,15.399999618530273,16.059999465942383,16813000,14.269400043487549,18.28295557022095,14.788500022888183,1.2018243523727707,12.38485131814264,17.192148727633725,71.2643706960338
2020-08-24 19:00:00,16.239999771118164,17.190000534057617,16.239999771118164,16.959999084472656,50392000,14.326800022125244,18.31005103111267,14.9625,1.2532267516729516,12.456046496654096,17.468953503345904,74.22680716444273
2020-08-25 19:00:00,17.149999618530273,17.34000015258789,16.75,16.790000915527344,36105500,14.387200031280518,18.3355198097229,15.121500062942506,1.2741529807415,12.573194101459507,17.669806024425505,70.86496873928654
2020-08-26 19:00:00,16.81999969482422,16.989999771118164,16.549999237060547,16.610000610351562,14853000,14.441200046539306,18.358411645889284,15.277000093460083,1.255485160657897,12.76602977214429,17.787970414775877,70.97265851801242
2020-08-27 19:00:00,16.6200008392334,16.780000686645508,16.299999237060547,16.68000030517578,11604500,14.500600051879882,18.379464626312256,15.429500102996826,1.2298757401722886,12.969748622652249,17.889251583341405,70.92847583297771
2020-08-30 19:00:00,16.899999618530273,17.200000762939453,16.899999618530273,17.010000228881836,22121000,14.565400047302246,18.39906084537506,15.600500106811523,1.1979959788900463,13.204508149031431,17.996492064591617,67.89917267495247
2020-08-31 19:00:00,17.020000457763672,17.860000610351562,17.020000457763672,17.559999465942383,45500500,14.642800045013427,18.418141431808472,15.805000066757202,1.1637710129724117,13.47745804081238,18.132542092702025,64.56401654688224
2020-09-01 19:00:00,17.850000381469727,18.8700008392334,17.799999237060547,18.649999618530273,44348500,14.741400032043456,18.439247527122497,16.054000043869017,1.2145753895332851,13.624849264802446,18.48315082293559,76.16667821672962
2020-09-02 19:00:00,19.5,20.040000915527344,19.299999237060547,20.040000915527344,35300500,14.864600048065185,18.463702607154847,16.354000091552734,1.4153422536920213,13.523315584168692,19.184684598936776,77.65626704320921
2020-09-03 19:00:00,20.690000534057617,21.540000915527344,20.219999313354492,21.540000915527344,73163000,15.021600074768067,18.491880149841307,16.738500118255615,1.712622869877369,13.313254378500877,20.16374585801035,81.66668093103098
2020-09-06 19:00:00,22.100000381469727,23.149999618530273,22.100000381469727,23.149999618530273,45990500,15.215800075531005,18.52413598060608,17.19950008392334,2.1113440477217624,12.976811988479815,21.422188179366863,88.27435705543192
2020-09-07 19:00:00,24.149999618530273,24.149999618530273,21.420000076293945,21.420000076293945,134038500,15.378800067901611,18.543681840896607,17.526500082015993,2.2359698257458342,13.054560430524324,21.99843973350766,75.63982082847306
2020-09-08 19:00:00,20.719999313354492,21.979999542236328,20.200000762939453,21.15999984741211,75616000,15.524000072479248,18.557549991607665,17.78500008583069,2.3451708777554323,13.094658330319824,22.475341841341553,76.00001198905399
2020-09-09 19:00:00,21.649999618530273,22.270000457763672,20.850000381469727,21.209999084472656,48103500,15.676200046539307,18.56649998664856,18.07000002861023,2.399859611195111,13.270280806220008,22.869719251000454,77.43491468611317
2020-09-10 19:00:00,21.350000381469727,22.489999771118164,20.6200008392334,22.079999923706055,61139000,15.845600051879883,18.57479998588562,18.349000024795533,2.5286315836089512,13.29173685757763,23.406263192013434,78.13085128380644
2020-09-13 19:00:00,22.350000381469727,23.170000076293945,22.15999984741211,22.989999771118164,67076500,16.029200038909913,18.582549982070923,18.668499994277955,2.69428098317721,13.279938027923535,24.057061960632375,78.15127112976866
2020-09-14 19:00:00,23.350000381469727,23.65999984741211,22.350000381469727,22.75,63860000,16.210000038146973,18.583749980926513,18.99450001716614,2.776884735525881,13.440730546114377,24.5482694882179,77.643783670546
2020-09-15 19:00:00,22.760000228881836,23.100000381469727,22.110000610351562,22.399999618530273,37389500,16.382800025939943,18.577599983215332,19.31399998664856,2.783024403624047,13.747951179400467,24.880048793896655,76.43835439865124
2020-09-16 19:00:00,22.989999771118164,23.0,21.950000762939453,22.09000015258789,35002500,16.540200023651124,18.56399998664856,19.633500003814696,2.712183488319607,14.209133027175483,25.05786698045391,74.17337136440386
2020-09-17 19:00:00,22.0,22.3799991607666,21.649999618530273,22.020000457763672,26375500,16.695000038146972,18.543849992752076,19.9585000038147,2.5795231312996894,14.79945374121532,25.117546266414077,72.91857714214217
2020-09-20 19:00:00,21.899999618530273,22.09000015258789,21.40999984741211,21.559999465942383,17270000,16.830800018310548,18.514899988174438,20.233500003814697,2.4309284147668566,15.371643174280983,25.09535683334841,68.45018424213333
2020-09-21 19:00:00,21.399999618530273,21.489999771118164,20.809999465942383,20.90999984741211,31356000,16.957000007629393,18.475899991989134,20.43100004196167,2.308343729133737,15.814312583694196,25.047687500229145,60.86538611431804
2020-09-22 19:00:00,20.959999084472656,21.489999771118164,20.68000030517578,21.040000915527344,26982500,17.090800018310546,18.43039999961853,20.64350004196167,2.145392211597706,16.352715618766258,24.93428446515708,55.47045988390632
2020-09-23 19:00:00,20.920000076293945,21.389999389648438,20.700000762939453,21.079999923706055,32142500,17.225400009155273,18.379700002670287,20.867000007629393,1.9245480245746813,17.01790395848003,24.716096056778756,47.005201251399775
2020-09-24 19:00:00,21.1200008392334,22.350000381469727,21.020000457763672,21.90999984741211,57515000,17.37760000228882,18.340950002670287,21.12849998474121,1.6632728401659755,17.80195430440926,24.45504566507316,41.014493915419315
2020-09-27 19:00:00,22.100000381469727,22.43000030517578,20.270000457763672,20.5,48688500,17.510400009155273,18.30255000114441,21.30299997329712,1.3647251766434907,18.573549620010137,24.0324503265841,43.009117880234164
2020-09-28 19:00:00,20.559999465942383,22.030000686645508,20.239999771118164,21.700000762939453,50223500,17.66280002593994,18.27715000152588,21.510000038146973,1.0432135987441384,19.423572840658696,23.59642723563525,53.590431400638046
2020-09-29 19:00:00,22.100000381469727,22.280000686645508,20.079999923706055,20.18000030517578,86628500,17.786400032043456,18.2375,21.586500072479247,0.8629767766567344,19.860546519165776,23.312453625792717,44.271420539531334
2020-09-30 19:00:00,19.299999237060547,19.84000015258789,18.670000076293945,18.670000076293945,67646000,17.88520004272461,18.18329999923706,21.518000030517577,1.0303376271946538,19.457324776128267,23.578675284906886,32.2949144901834
2020-10-01 19:00:00,18.5,19.100000381469727,17.270000457763672,17.3700008392334,52658500,17.951000061035156,18.12994999885559,21.30950002670288,1.386139757410139,18.5372205118826,24.08177954152316,21.95609443545338
2020-10-04 19:00:00,16.75,16.850000381469727,16.06999969482422,16.06999969482422,60427500,17.997400054931642,18.07710000038147,20.955500030517577,1.748155270543391,17.459189489430795,24.45181057160436,19.85559927231563
2020-10-05 19:00:00,15.899999618530273,16.469999313354492,14.90999984741211,15.850000381469727,78202419,18.04480007171631,18.028600006103517,20.677000045776367,2.082053789847252,16.512892466081862,24.841107625470872,20.091329768536724
2020-10-06 19:00:00,16.149999618530273,16.979999542236328,15.600000381469727,16.81999969482422,59705882,18.109000072479247,17.978600006103516,20.460000038146973,2.248571412266379,15.962857213614214,24.95714286267973,27.304047456014345
2020-10-07 19:00:00,16.889999389648438,18.079999923706055,15.800000190734863,17.579999923706055,107778206,18.19060007095337,17.93135000228882,20.278500080108643,2.329879733958532,15.618740612191578,24.938259548025705,31.951219020512994
2020-10-08 19:00:00,17.0,17.399999618530273,16.520000457763672,16.690000534057617,53955710,18.251800079345703,17.882200002670288,20.00900011062622,2.420502063557211,15.1679959835118,24.85000423774064,30.87195951686094
2020-10-11 19:00:00,16.579999923706055,16.899999618530273,15.4399995803833,15.630000114440918,41844833,18.292600078582765,17.834349999427797,19.64100012779236,2.501563477396459,14.637873172999441,24.64412708258528,29.908677340125465
2020-10-12 19:00:00,15.399999618530273,15.850000381469727,15.050000190734863,15.479999542236328,43886146,18.332800064086914,17.78914999485016,19.277500104904174,2.553676164733687,14.1701477754368,24.38485243437155,28.875374476602374
2020-10-13 19:00:00,15.649999618530273,15.869999885559082,15.399999618530273,15.770000457763672,24029683,18.374800071716308,17.751500000953673,18.946000146865845,2.557328820744079,13.831342505377688,24.060657788354003,30.201346863891132
2020-10-14 19:00:00,15.75,16.350000381469727,15.449999809265137,15.520000457763672,30635869,18.40440008163452,17.71840000629425,18.617500162124635,2.5541831147005487,13.509133932723538,23.725866391525734,25.09743383597339
2020-10-15 19:00:00,15.550000190734863,15.550000190734863,15.210000038146973,15.420000076293945,15274175,18.435800075531006,17.679300007820128,18.287500143051147,2.5175403051213596,13.252419532808428,23.322580753293867,27.95139374671244
2020-10-18 19:00:00,15.460000038146973,15.890000343322754,15.319999694824219,15.65999984741211,18696013,18.47040006637573,17.635600008964538,17.992500162124635,2.4588848647156634,13.074730432693308,22.910269891555963,21.401514535764775
2020-10-19 19:00:00,15.800000190734863,16.75,15.75,16.6200008392334,50716941,18.50520008087158,17.59060000896454,17.7780002117157,2.376728470019279,13.024543271677143,22.531457151754257,32.20000606536749
2020-10-20 19:00:00,16.75,17.149999618530273,16.399999618530273,16.600000381469727,47263150,18.517400093078614,17.539100012779237,17.556000185012817,2.260522540372073,13.034955104268672,22.07704526575696,37.8378426838966
2020-10-21 19:00:00,15.699999809265137,16.049999237060547,15.5,15.619999885559082,43097344,18.519600086212158,17.47600001335144,17.283000183105468,2.138964628228254,13.00507092664896,21.560929439561974,39.31623792289587
2020-10-22 19:00:00,15.619999885559082,15.899999618530273,15.59000015258789,15.729999542236328,9574466,18.504200077056886,17.40640001296997,16.97400016784668,1.864082797515471,13.245834572815737,20.70216576287762,47.57142814324838
2020-10-25 19:00:00,15.989999771118164,16.329999923706055,15.899999618530273,16.100000381469727,20369707,18.494200077056885,17.342100019454957,16.754000186920166,1.6762189566489665,13.401562273622233,20.1064381002181,51.74825090879117
2020-10-26 19:00:00,16.149999618530273,16.190000534057617,15.640000343322754,15.680000305175781,12844069,18.483200092315673,17.28290001869202,16.453000164031984,1.2196423892270123,14.01371538557796,18.892284942486008,41.36364647835752
2020-10-27 19:00:00,15.800000190734863,16.190000534057617,15.489999771118164,15.890000343322754,26875020,18.480800094604493,17.226750016212463,16.23850016593933,0.8512918157837089,14.535916534371914,17.94108379750675,36.03307056602031
2020-10-28 19:00:00,15.699999809265137,15.699999809265137,14.699999809265137,14.890000343322754,34492530,18.464600105285644,17.17235001564026,16.04950017929077,0.6867581132149936,14.675983952860783,17.42301640572076,35.38961978922265
2020-11-01 19:00:00,14.600000381469727,14.600000381469727,13.779999732971191,13.819999694824219,32404797,18.430600090026857,17.11190001487732,15.872000122070313,0.7799433996443974,14.312113322781517,17.43188692135911,35.33226095291002
2020-11-02 19:00:00,14.100000381469727,14.850000381469727,14.100000381469727,14.829999923706055,29481069,18.40600009918213,17.051700010299683,15.810000133514404,0.8120021725823345,14.185995788349734,17.43400447867907,45.37696157658136
2020-11-03 19:00:00,15.149999618530273,15.420000076293945,14.449999809265137,14.800000190734863,30335063,18.362800121307373,16.99310000896454,15.75750012397766,0.8426455170861181,14.072209089805424,17.442791158149898,42.836042898700825
2020-11-04 19:00:00,15.050000190734863,15.430000305175781,14.9399995803833,15.289999961853027,19104465,18.332800102233886,16.939150009155274,15.681000137329102,0.8099247523928655,14.06115063254337,17.300849642114834,48.35948363388119
2020-11-05 19:00:00,15.350000381469727,15.59000015258789,15.0,15.279999732971191,22311111,18.306200084686278,16.88720000743866,15.566000127792359,0.6787637786912355,14.208472570409889,16.92352768517483,48.988437255078416
2020-11-08 19:00:00,15.420000076293945,15.550000190734863,15.100000381469727,15.15999984741211,12687400,18.275800075531006,16.83300000667572,15.489500093460084,0.6298746444762926,14.229750804507498,16.749249382412668,46.32353106171953
2020-11-09 19:00:00,15.649999618530273,15.699999809265137,15.199999809265137,15.270000457763672,19729972,18.24100008010864,16.77935000896454,15.47150011062622,0.6307914466372454,14.209917217351729,16.73308300390071,38.65546407053661
2020-11-10 19:00:00,15.359999656677246,15.479999542236328,15.029999732971191,15.140000343322754,9017984,18.19260009765625,16.732050008773804,15.454500150680541,0.6351170226395894,14.184266105401363,16.72473419595972,37.95379969038645
2020-11-11 19:00:00,15.140000343322754,15.149999618530273,14.460000038146973,14.5600004196167,10356275,18.11080011367798,16.686700015068055,15.394000148773193,0.660601135209957,14.07279787835328,16.71520241919311,40.63605002374076
2020-11-12 19:00:00,14.390000343322754,14.920000076293945,14.25,14.579999923706055,9802143,18.001600093841553,16.647250018119813,15.347000122070312,0.6841830924277231,13.978633937214866,16.71536630692576,39.67684660914944
2020-11-15 19:00:00,14.699999809265137,14.699999809265137,14.399999618530273,14.470000267028809,2493869,17.860200080871582,16.611050024032593,15.299500131607056,0.7112886136354484,13.876922904336158,16.722077358877954,34.65160088858731
2020-11-16 19:00:00,14.600000381469727,14.800000190734863,14.430000305175781,14.470000267028809,3953011,17.68660009384155,16.568900027275085,15.240000152587891,0.7290947298221986,13.781810692943495,16.698189612232287,37.62781233953066
2020-11-17 19:00:00,14.5,14.579999923706055,14.210000038146973,14.420000076293945,3350866,17.54660009384155,16.520250029563904,15.130000114440918,0.6737952772861407,13.782409559868636,16.4775906690132,34.46088675572331
2020-11-18 19:00:00,14.430000305175781,14.550000190734863,14.300000190734863,14.34000015258789,2508981,17.41020009994507,16.46460003376007,15.017000102996827,0.5997289098595393,13.817542283277747,16.216457922715904,42.78215052283124
2020-11-19 19:00:00,14.300000190734863,14.4399995803833,14.069999694824219,14.119999885559082,3703074,17.2684001159668,16.41045002937317,14.942000102996825,0.6139741634122751,13.714051776172276,16.169948429821375,55.06757072413198
2020-11-22 19:00:00,14.0,14.0,13.069999694824219,13.279999732971191,15313422,17.0924001121521,16.353800024986267,14.81950011253357,0.6883809515190834,13.442738209495403,16.196262015571737,22.222218424236047
2020-11-23 19:00:00,13.5,13.600000381469727,13.210000038146973,13.319999694824219,7842318,16.899000110626222,16.291800026893615,14.680500078201295,0.6968311253150797,13.286837827571135,16.074162328831456,23.571421516185396
2020-11-24 19:00:00,13.5,13.90999984741211,13.5,13.859999656677246,13277495,16.721200103759767,16.23455002784729,14.589500045776367,0.6780195171434845,13.233461011489398,15.945539080063336,24.9122787057604
2020-11-25 19:00:00,14.050000190734863,14.399999618530273,14.0,14.34000015258789,13946618,16.560000114440918,16.17780002593994,14.512000036239623,0.6063403156878862,13.299319404863851,15.724680667615395,35.843382578729106
2020-11-26 19:00:00,14.399999618530273,14.640000343322754,14.050000190734863,14.199999809265137,16044758,16.402200107574462,16.127900023460388,14.477500009536744,0.6033231595774785,13.270853690381786,15.684146328691702,35.628746703899935
2020-11-29 19:00:00,14.199999809265137,14.550000190734863,14.020000457763672,14.460000038146973,8109346,16.25100009918213,16.085150022506713,14.50950002670288,0.5832530111794195,13.342994004344042,15.67600604906172,38.395411871084036
2020-11-30 19:00:00,14.390000343322754,14.869999885559082,14.350000381469727,14.75,14129949,16.114800109863282,16.050750026702882,14.505500030517577,0.5812100571328285,13.34307991625192,15.667920144783235,44.65753038105423
2020-12-01 19:00:00,14.699999809265137,15.380000114440918,14.609999656677246,15.100000381469727,24702639,15.998600120544433,16.013000030517578,14.520500040054321,0.5929630234733608,13.334573993107599,15.706426087001043,57.89473390682047
2020-12-02 19:00:00,15.300000190734863,15.600000381469727,14.949999809265137,15.079999923706055,28529178,15.879400100708008,15.971300029754639,14.510000038146973,0.5803448514861766,13.34931033517462,15.670689741119327,57.309937280613205
2020-12-03 19:00:00,15.199999809265137,15.329999923706055,15.0,15.020000457763672,13981120,15.75820011138916,15.931600036621093,14.497000074386596,0.5648951324714196,13.367209809443757,15.626790339329435,58.1602358772087
2020-12-06 19:00:00,15.029999732971191,15.130000114440918,14.449999809265137,14.550000190734863,13407268,15.611000118255616,15.892800040245056,14.466500091552735,0.5432678430887589,13.379964405375217,15.553035777730253,51.04166511446321
2020-12-07 19:00:00,14.5,14.899999618530273,14.130000114440918,14.760000228881836,21698787,15.496200122833251,15.854000039100647,14.441000080108642,0.5147908884499195,13.411418303208803,15.470581857008481,54.24999988079076
2020-12-08 19:00:00,14.84000015258789,15.210000038146973,14.760000228881836,14.829999923706055,24655604,15.358800106048584,15.81675003528595,14.425500059127808,0.496996135488915,13.431507788149977,15.419492330105639,56.14034542595044
2020-12-09 19:00:00,14.989999771118164,15.0,14.630000114440918,14.680000305175781,7419429,15.248800106048584,15.777800040245056,14.431500053405761,0.4994237755847665,13.432652502236229,15.430347604575294,57.14286061834572
2020-12-10 19:00:00,14.850000381469727,15.09000015258789,14.699999809265137,14.739999771118164,18193607,15.170200099945069,15.739500041007995,14.439500045776366,0.5031949455627637,13.433110154650839,15.445889936901894,73.24840570880318
2020-12-13 19:00:00,14.75,15.770000457763672,14.75,15.619999885559082,46848653,15.135200080871583,15.712800045013427,14.497000026702882,0.5683504554344241,13.360299115834033,15.63370093757173,78.89447115770537
2020-12-14 19:00:00,15.9399995803833,16.350000381469727,15.510000228881836,15.680000305175781,62874466,15.127400093078613,15.685850048065186,14.55750002861023,0.6267282728115847,13.30404348298706,15.8109565742334,76.00000217982641
2020-12-15 19:00:00,15.699999809265137,15.75,15.09000015258789,15.140000343322754,22891934,15.113200092315674,15.66070004940033,14.59350004196167,0.6389736256567421,13.315552790648185,15.871447293275155,61.23595641065962
2020-12-16 19:00:00,15.15999984741211,15.670000076293945,15.15999984741211,15.420000076293945,14014587,15.085200099945068,15.641000046730042,14.647500038146973,0.6616557664594548,13.324188505228063,15.970811571065882,66.4864909448619
2020-12-17 19:00:00,15.489999771118164,15.640000343322754,14.970000267028809,15.069999694824219,15630482,15.035000095367431,15.61945004940033,14.69500002861023,0.655868378945999,13.383263270718231,16.006736786502227,58.0474889553693
2020-12-20 19:00:00,15.0600004196167,15.100000381469727,14.550000190734863,14.710000038146973,13331566,14.99540008544922,15.589350051879883,14.76650004386902,0.5651668314247472,13.636166381019525,15.896833706718514,49.481865733021074
2020-12-21 19:00:00,14.600000381469727,14.890000343322754,14.100000381469727,14.210000038146973,13158116,14.96700008392334,15.557800049781799,14.811000061035156,0.47276239528614644,13.865475270462863,15.756524851607448,38.90273685552354
2020-12-22 19:00:00,14.199999809265137,14.550000190734863,14.149999618530273,14.34000015258789,9554398,14.944200096130372,15.52480004787445,14.83500008583069,0.43240456728696125,13.970190951256766,15.699809220404612,41.019417925193025
2020-12-23 19:00:00,14.5,14.800000190734863,14.34000015258789,14.4399995803833,16813489,14.917600078582764,15.497000045776367,14.84000005722046,0.4269229535763788,13.986154150067701,15.693845964373217,43.02883375457781
2020-12-27 19:00:00,14.5,14.75,14.460000038146973,14.569999694824219,6243158,14.898600063323975,15.474600048065186,14.858500051498414,0.405193640521529,14.048112770455356,15.668887332541471,50.261773700000425
2020-12-28 19:00:00,14.670000076293945,15.0,14.5,14.539999961853027,11774469,14.881000061035156,15.450800051689148,14.862500047683715,0.4014300677863474,14.05963991211102,15.66536018325641,46.978017011565925
2020-12-29 19:00:00,14.710000038146973,15.039999961853027,14.609999656677246,14.739999771118164,18380385,14.862600059509278,15.42895004749298,14.862000036239625,0.40158376880185886,14.058832498635907,15.665167573843343,48.806363565073745
2020-12-30 19:00:00,14.899999618530273,14.970000267028809,14.600000381469727,14.6899995803833,13451501,14.824000034332276,15.413300046920776,14.841499996185302,0.39925298031894135,14.04299403554742,15.640005956823185,50.13622994002764
2020-12-31 19:00:00,14.800000190734863,15.329999923706055,14.739999771118164,15.09000015258789,35483395,14.793800029754639,15.398500051498413,14.842000007629395,0.3995735236772619,14.042852960274871,15.641147054983918,54.364094282948734
2021-01-03 19:00:00,15.300000190734863,15.489999771118164,15.029999732971191,15.09000015258789,24960670,14.783200035095215,15.390450048446656,14.845499992370605,0.40151659397058515,14.042466804429434,15.648533180311777,41.53355090106985
2021-01-04 19:00:00,15.079999923706055,15.130000114440918,14.8100004196167,14.869999885559082,9725160,14.76600004196167,15.386800045967101,14.861499977111816,0.395451510847919,14.070596955415978,15.652402998807654,37.68996308497702
2021-01-05 19:00:00,15.029999732971191,15.40999984741211,14.970000267028809,15.1899995803833,28641032,14.747800025939942,15.39060004234314,14.88299994468689,0.4012887705191264,14.080422403648637,15.685577485725144,50.81431990278113
2021-01-06 19:00:00,15.40999984741211,15.479999542236328,14.970000267028809,15.020000457763672,17566324,14.7346000289917,15.398500046730042,14.892499971389771,0.40221596697888945,14.088068037431992,15.696931905347551,43.243247597126604
2021-01-07 19:00:00,15.0,15.25,14.949999809265137,14.989999771118164,12656032,14.716600017547607,15.404300045967101,14.907999944686889,0.3995603582046718,14.108879228277546,15.707120661096232,48.48484957951623
2021-01-10 19:00:00,15.0600004196167,15.220000267028809,14.859999656677246,14.899999618530273,7877524,14.716800003051757,15.414800043106078,14.915999937057496,0.39761665394971296,14.12076662915807,15.711233244956922,54.00843015944872
2021-01-11 19:00:00,14.949999809265137,14.989999771118164,14.84000015258789,14.920000076293945,8321842,14.738800010681153,15.430250043869018,14.880999946594239,0.36155957166873587,14.157880803256766,15.60411908993171,68.78306638026167
2021-01-12 19:00:00,15.199999809265137,15.229999542236328,14.899999618530273,14.960000038146973,10889637,14.74140001296997,15.45025004386902,14.844999933242798,0.3099830704771334,14.225033792288531,15.464966074197065,67.22221721837603
2021-01-13 19:00:00,15.050000190734863,15.050000190734863,14.8100004196167,14.859999656677246,6362940,14.742600002288818,15.469950041770936,14.830999898910523,0.3021833101904841,14.226633278529555,15.435366519291492,61.66666136847939
2021-01-14 19:00:00,14.850000381469727,14.899999618530273,14.699999809265137,14.8100004196167,6295360,14.733000011444092,15.490750045776368,14.80049991607666,0.26851395105493664,14.263472013966787,15.337527818186533,56.976764172457564
2021-01-17 19:00:00,14.890000343322754,14.930000305175781,14.479999542236328,14.520000457763672,8876217,14.717800025939942,15.505100049972533,14.772999954223632,0.2676230610826891,14.237753832058253,15.308246076389011,49.49496214443731
2021-01-18 19:00:00,14.520000457763672,14.699999809265137,14.40999984741211,14.470000267028809,6379103,14.704000034332275,15.518550052642823,14.760999965667725,0.27585081591226474,14.209298333843195,15.312701597492255,42.622967906008405
2021-01-19 19:00:00,14.600000381469727,14.680000305175781,14.399999618530273,14.430000305175781,6772737,14.687200031280518,15.526800055503845,14.771999979019165,0.25642477396869545,14.259150431081775,15.284849526956556,42.85716531414388
2021-01-20 19:00:00,14.5,14.619999885559082,14.260000228881836,14.319999694824219,7495010,14.670800018310548,15.529500055313111,14.770999956130982,0.2582308265010772,14.254538303128827,15.287461609133137,24.836597640623268
2021-01-21 19:00:00,14.359999656677246,14.40999984741211,14.140000343322754,14.199999809265137,10141233,14.663600006103515,15.531250052452087,14.758999967575074,0.2791509646110252,14.200698038353023,15.317301896797124,23.030301979422603
2021-01-24 19:00:00,14.199999809265137,14.229999542236328,14.020000457763672,14.130000114440918,9498742,14.654600009918212,15.527650051116943,14.736999988555908,0.31041734982948904,14.11616528889693,15.357834688214886,25.33334096272786
2021-01-25 19:00:00,14.199999809265137,14.859999656677246,14.010000228881836,14.779999732971191,31252093,14.66079999923706,15.526750049591065,14.748999977111817,0.307021314485535,14.134957348140746,15.363042606082887,38.79781790969173
2021-01-26 19:00:00,15.0,15.1899995803833,14.880000114440918,14.9399995803833,34037811,14.67019998550415,15.523950047492981,14.758999967575074,0.3099558128080691,14.139088341958935,15.378911593191212,47.80217448146598
2021-01-27 19:00:00,14.899999618530273,14.899999618530273,14.359999656677246,14.420000076293945,11572603,14.67019998550415,15.520300049781799,14.745499992370606,0.3188709026205057,14.107758187129594,15.383241797611618,37.6623414154842
2021-01-28 19:00:00,14.300000190734863,14.680000305175781,14.270000457763672,14.34000015258789,17943591,14.67019998550415,15.51775004863739,14.707999992370606,0.3203221370249543,14.067355718320698,15.348644266420514,37.8260945282296
2021-01-31 19:00:00,14.550000190734863,14.699999809265137,13.5,13.600000381469727,38565467,14.659799995422363,15.51195004940033,14.633500003814698,0.3920427747439933,13.84941445432671,15.417585553302684,28.145689926857557
2021-02-01 19:00:00,13.470000267028809,13.470000267028809,12.630000114440918,12.6899995803833,43964777,14.647999992370606,15.503100047111511,14.524499988555908,0.5805575742170619,13.363384840121784,15.685615136990032,20.82261164610587
2021-02-02 19:00:00,12.460000038146973,12.649999618530273,12.09000015258789,12.270000457763672,32782976,14.627000007629395,15.493250050544738,14.378500032424927,0.7475381886548622,12.883423655115203,15.873576409734651,19.239900845010183
2021-02-03 19:00:00,12.210000038146973,12.600000381469727,12.109999656677246,12.220000267028809,15404693,14.594200019836427,15.47785005092621,14.238500022888184,0.8727769328127394,12.492946157262706,15.984053888513662,19.239896486672123
2021-02-07 19:00:00,12.0,12.0,11.220000267028809,11.220000267028809,25039783,14.531800022125244,15.459100050926208,14.050000047683715,1.0835855686232354,11.882828910437244,16.217171184930187,16.463406715225247
2021-02-08 19:00:00,10.800000190734863,11.920000076293945,10.550000190734863,11.770000457763672,39783599,14.483200035095216,15.448700051307679,13.893500089645386,1.1764140456291832,11.540671998387019,16.246328180903753,25.092248650031564
2021-02-09 19:00:00,12.0,12.079999923706055,11.5600004196167,11.6899995803833,13350665,14.427800025939941,15.437700047492982,13.732000064849853,1.247631803813861,11.23673645722213,16.227263672477577,24.9084184464366
2021-02-10 19:00:00,11.760000228881836,11.819999694824219,11.029999732971191,11.140000343322754,7743010,14.355600032806397,15.418750047683716,13.541000080108642,1.338812827970423,10.863374424167796,16.21862573604949,23.050846854902616
2021-02-11 19:00:00,11.0600004196167,11.300000190734863,10.850000381469727,11.079999923706055,5663397,14.275200023651124,15.401150045394898,13.352000093460083,1.4078411611621926,10.536317771135698,16.16768241578447,23.287668548486266
2021-02-14 19:00:00,11.100000381469727,11.380000114440918,11.050000190734863,11.140000343322754,4268503,14.196400032043456,15.38435004711151,13.168500089645386,1.4464484796567103,10.275603130331966,16.061397048958806,24.356776927559025
2021-02-15 19:00:00,11.109999656677246,11.449999809265137,11.050000190734863,11.359999656677246,7394798,14.123200016021729,15.369400043487548,13.010500049591064,1.4635373729714984,10.083425303648067,15.937574795534061,18.333330389893874
2021-02-16 19:00:00,11.5,11.5,11.0600004196167,11.119999885559082,7394669,14.054600009918213,15.35185004234314,12.843000030517578,1.4793244556627163,9.884351119192145,15.80164894184301,15.145985274431993
2021-02-17 19:00:00,11.25,11.460000038146973,11.109999656677246,11.300000190734863,7307719,13.985400009155274,15.332450041770935,12.686500024795532,1.468118194999776,9.75026363479598,15.622736414795083,19.649808587929414
2021-02-18 19:00:00,11.350000381469727,12.050000190734863,11.300000190734863,11.670000076293945,17817178,13.922200012207032,15.316100044250488,12.554000043869019,1.4320738684584273,9.689852306952165,15.418147780785873,25.414365320118407
2021-02-21 19:00:00,11.800000190734863,12.0,11.699999809265137,11.819999694824219,19345219,13.865,15.297100043296814,12.435000038146972,1.3862500911145204,9.662499855917932,15.207500220376012,31.611563734210193
2021-02-22 19:00:00,11.949999809265137,12.180000305175781,11.100000381469727,11.199999809265137,24975958,13.79420000076294,15.27480004310608,12.288500022888183,1.352094908776957,9.584310205334269,14.992689840442097,33.626373396045295
2021-02-23 19:00:00,11.0,11.350000381469727,10.90999984741211,11.0,9432456,13.701800003051758,15.255300045013428,12.099500036239624,1.245482231888456,9.608535572462712,14.590464500016536,35.334867434862716
2021-02-24 19:00:00,11.069999694824219,11.1899995803833,11.0,11.039999961853027,4547559,13.608999996185302,15.23605004310608,11.904500055313111,1.0703392650823986,9.763821525148314,14.045178585477908,36.3425880956712
2021-02-25 19:00:00,11.0,11.09000015258789,10.699999809265137,10.739999771118164,13623737,13.520999984741211,15.21555004119873,11.720500040054322,0.9210433771485987,9.878413285757125,13.56258679435152,43.37015868666924
2021-02-28 19:00:00,10.890000343322754,11.079999923706055,10.609999656677246,10.770000457763672,3855309,13.427999992370605,15.194450044631958,11.54200005531311,0.7079444252093898,10.12611120489433,12.95788890573189,33.87096972668928
2021-03-01 19:00:00,10.729999542236328,11.0,10.699999809265137,10.739999771118164,4267901,13.341399993896484,15.173400044441223,11.399000024795532,0.5390722934304896,10.320855437934553,12.477144611656511,34.426233608919134
2021-03-02 19:00:00,10.859999656677246,10.979999542236328,10.75,10.859999656677246,2585091,13.26439998626709,15.15355004310608,11.30750002861023,0.45755507989458966,10.39238986882105,12.22261018839941,44.65647715732345
2021-03-03 19:00:00,10.5,10.859999656677246,10.399999618530273,10.489999771118164,6099533,13.189999980926514,15.13310004234314,11.218499994277954,0.4329370833264963,10.352625827624962,12.084374160930945,39.93173905911088
2021-03-04 19:00:00,10.550000190734863,10.640000343322754,10.399999618530273,10.529999732971191,3993706,13.11379997253418,15.113700041770935,11.133999967575074,0.38997169718554225,10.354056573203989,11.913943361946158,39.51888930691798
2021-03-07 19:00:00,10.699999809265137,10.800000190734863,10.390000343322754,10.430000305175781,4159389,13.03359998703003,15.090500044822694,11.094499969482422,0.4196800186906527,10.255139932101116,11.933860006863728,33.33334472729187
2021-03-08 19:00:00,10.5,10.5,9.859999656677246,9.989999771118164,6782917,12.941999988555908,15.06645004272461,11.005499935150146,0.4560525535258359,10.093394828098475,11.917605042201817,31.10368159660989
2021-03-09 19:00:00,10.020000457763672,10.380000114440918,9.8100004196167,10.020000457763672,5405570,12.851599998474121,15.044150047302246,10.921999979019166,0.4765511681865101,9.968897642646146,11.875102315392185,27.46480221171764
2021-03-10 19:00:00,10.029999732971191,10.050000190734863,9.020000457763672,9.069999694824219,10235740,12.738199996948243,15.015950045585633,10.818499946594239,0.6275707157335997,9.563358515127039,12.073641378061438,11.98832056377178
2021-03-11 19:00:00,9.050000190734863,9.489999771118164,8.800000190734863,9.289999961853027,8695566,12.630200004577636,14.988700046539307,10.728999948501587,0.710477231526519,9.308045485448549,12.149954411554624,13.753612824368574
2021-03-14 19:00:00,9.510000228881836,9.760000228881836,9.319999694824219,9.630000114440918,6997255,12.521000003814697,14.963800048828125,10.653499937057495,0.7439458918495051,9.165608153358484,12.141391720756506,25.545198179880032
2021-03-15 19:00:00,9.739999771118164,9.739999771118164,9.300000190734863,9.369999885559082,4208959,12.406599998474121,14.937950048446655,10.553999948501588,0.7768316177341161,9.000336713033356,12.10766318396982,25.076476144896517
2021-03-16 19:00:00,9.550000190734863,9.899999618530273,9.449999809265137,9.720000267028809,9049858,12.303600006103515,14.913750047683715,10.483999967575073,0.786165895083962,8.91166817740715,12.056331757742997,31.564269323739055
2021-03-17 19:00:00,9.800000190734863,10.170000076293945,9.630000114440918,9.729999542236328,14859477,12.194400005340576,14.890700044631958,10.405499935150146,0.7787471264683057,8.848005682213536,11.962994188086757,34.65046561876598
2021-03-18 19:00:00,9.710000038146973,10.729999542236328,9.510000228881836,10.479999542236328,17130292,12.10359998703003,14.871350040435791,10.345999908447265,0.7203171514073644,8.905365605632536,11.786634211261994,46.38403041101677
2021-03-21 19:00:00,10.850000381469727,11.479999542236328,10.800000190734863,11.479999542236328,38583277,12.033399982452393,14.854900035858154,10.328999900817871,0.6869374815507804,8.955124937716311,11.702874863919432,57.42971441484055
2021-03-23 19:00:00,11.789999961853027,11.800000190734863,11.069999694824219,11.149999618530273,25391369,11.958399982452393,14.837850031852723,10.326499891281127,0.6836840476281221,8.959131796024883,11.693867986537372,52.79383312835772
2021-03-24 19:00:00,11.199999809265137,11.710000038146973,10.699999809265137,10.859999656677246,22778828,11.877199974060058,14.820350031852723,10.31949987411499,0.6771104730306936,8.965278928053603,11.673720820176378,53.62035002262876
2021-03-25 19:00:00,10.949999809265137,11.449999809265137,10.859999656677246,11.149999618530273,17975365,11.800999965667724,14.804450030326842,10.324999856948853,0.6836857432094388,8.957628370529976,11.69237134336773,55.78357933438178
2021-03-28 19:00:00,11.25,11.25,10.149999618530273,10.239999771118164,15617330,11.708599967956543,14.785200028419494,10.299999856948853,0.6768191004412418,8.946361656066369,11.653638057831337,48.460287901354555
2021-03-29 19:00:00,10.0,10.399999618530273,9.960000038146973,10.119999885559082,6935908,11.614799957275391,14.766950025558472,10.267499828338623,0.6686188508867215,8.93026212656518,11.604737530112066,51.11111183564984
2021-03-30 19:00:00,10.25,10.699999809265137,10.170000076293945,10.25,14328337,11.529399948120117,14.74865002632141,10.242999839782716,0.6593065434602674,8.92438675286218,11.561612926703251,51.93276901466062
2021-03-31 19:00:00,10.329999923706055,10.329999923706055,9.800000190734863,9.869999885559082,10750585,11.437399940490723,14.72945002555847,10.193499851226807,0.6476049990543424,8.898289853118122,11.488709849335493,57.43494585239427
2021-04-01 19:00:00,9.989999771118164,10.079999923706055,9.84000015258789,9.869999885559082,5261942,11.346199932098388,14.709950022697448,10.162499856948852,0.6475042163483999,8.867491424252052,11.457508289645652,55.62015446567253
2021-04-04 19:00:00,9.930000305175781,9.949999809265137,9.210000038146973,9.34000015258789,6805993,11.246599941253661,14.688200025558471,10.102999877929687,0.666357622820236,8.770284632289215,11.435715123570159,47.289719692806315
2021-04-05 19:00:00,9.359999656677246,9.800000190734863,9.319999694824219,9.710000038146973,6631007,11.156799945831299,14.668150024414063,10.066999864578246,0.667210087790794,8.732579688996658,11.401420040159834,53.113555032955915
2021-04-06 19:00:00,9.699999809265137,10.050000190734863,9.579999923706055,9.649999618530273,7346263,11.067199935913086,14.64700002193451,10.049999856948853,0.6735763509010156,8.702847155146822,11.397152558750884,49.32301102148867
2021-04-07 19:00:00,9.710000038146973,9.829999923706055,9.510000228881836,9.640000343322754,2585810,10.964399948120118,14.626750025749207,10.030999851226806,0.6797978237466474,8.67140420373351,11.390595498720101,49.12960141018388
2021-04-08 19:00:00,9.6899995803833,10.229999542236328,9.6899995803833,10.029999732971191,12007791,10.866199951171875,14.609700026512145,10.078999853134155,0.6411657244594825,8.79666840421519,11.36133130205312,45.32224585810789
2021-04-11 19:00:00,9.949999809265137,10.050000190734863,9.699999809265137,9.729999542236328,6274677,10.772399940490722,14.59200002193451,10.10099983215332,0.6198631701831095,8.8612734917871,11.34072617251954,28.710455568740443
2021-04-12 19:00:00,9.75,9.899999618530273,9.609999656677246,9.720000267028809,3499800,10.67999994277954,14.571100025177001,10.105499839782714,0.6165819012659628,8.87233603725079,11.33866364231464,31.13456351511951
2021-04-13 19:00:00,9.770000457763672,9.850000381469727,9.720000267028809,9.770000457763672,3297430,10.60339994430542,14.551950025558472,10.125499868392945,0.5976661278933775,8.93016761260619,11.320832124179699,34.64789118329011
2021-04-14 19:00:00,9.8100004196167,9.8100004196167,9.600000381469727,9.65999984741211,2664700,10.542799949645996,14.532200026512147,10.12249984741211,0.5999548907823329,8.922590065847444,11.322409628976775,27.893171463338717
2021-04-15 19:00:00,9.720000267028809,9.800000190734863,9.550000190734863,9.600000381469727,1342108,10.489399948120116,14.511150026321411,10.115999889373779,0.6051131152087962,8.905773658956186,11.326226119791372,37.30159210720516
2021-04-18 19:00:00,9.5,9.5,9.210000038146973,9.350000381469727,3294798,10.431999950408935,14.489350028038025,10.059499931335449,0.6218601279275294,8.815779675480389,11.303220187190508,35.471700150248765
2021-04-19 19:00:00,9.489999771118164,9.630000114440918,9.40999984741211,9.520000457763672,2295429,10.397999954223632,14.468150029182434,9.961499977111817,0.5345264048557872,8.892447167400242,11.030552786823392,36.43122834732765
2021-04-20 19:00:00,9.569999694824219,9.640000343322754,9.350000381469727,9.399999618530273,2857956,10.350599937438965,14.44405002593994,9.873999977111817,0.4689449146928035,8.93611014772621,10.811889806497424,40.32921003171458
2021-04-21 19:00:00,9.40999984741211,9.5,9.149999618530273,9.25,2842127,10.301799945831299,14.418900027275086,9.793499994277955,0.4270987181533281,8.939302557971299,10.64769743058461,37.98449354513782
2021-04-22 19:00:00,9.25,9.300000190734863,9.0600004196167,9.130000114440918,2240235,10.261599941253662,14.390700025558472,9.692500019073487,0.31304732667570595,9.066405365722074,10.318594672424899,45.16128748721658
2021-04-25 19:00:00,9.0,9.25,8.90999984741211,9.020000457763672,6747495,10.220399951934814,14.362800025939942,9.631500053405762,0.31954356521048094,8.992412922984801,10.270587183826724,31.93717329770284
2021-04-26 19:00:00,9.050000190734863,9.0600004196167,8.850000381469727,8.90999984741211,2986686,10.175799942016601,14.335600023269654,9.571000051498412,0.3362939791548668,8.898412093188679,10.243588009808146,31.122446000599453
2021-04-27 19:00:00,8.850000381469727,8.979999542236328,8.779999732971191,8.8100004196167,3506951,10.12479995727539,14.307900023460387,9.499000072479248,0.33741889770060557,8.824162277078036,10.17383786788046,29.756091887717602
2021-04-28 19:00:00,8.880000114440918,9.8100004196167,8.760000228881836,9.579999923706055,43870093,10.09399995803833,14.284300022125244,9.484500074386597,0.3266974983942472,8.831105077598103,10.137895071175091,40.74074219429138
2021-04-29 19:00:00,9.640000343322754,9.640000343322754,8.65999984741211,8.869999885559082,11849804,10.045399951934815,14.259350023269654,9.434500074386596,0.3408112791050547,8.752877516176486,10.116122632596706,34.859156703173824
2021-05-02 19:00:00,8.850000381469727,9.0600004196167,8.649999618530273,8.720000267028809,4260529,9.986399955749512,14.232550024986267,9.403500080108643,0.3762176006633587,8.651064878781925,10.15593528143536,33.221473932684674
2021-05-03 19:00:00,8.739999771118164,9.350000381469727,8.649999618530273,9.100000381469727,8889906,9.931999969482423,14.208050026893616,9.37300009727478,0.37478547138527324,8.623429154504233,10.122571040045326,39.87915129310767
2021-05-04 19:00:00,9.300000190734863,9.350000381469727,8.970000267028809,9.029999732971191,3445286,9.888599967956543,14.18455002784729,9.342000102996826,0.37630610187789265,8.589387899241041,10.09461230675261,40.36696926630936
2021-05-05 19:00:00,9.100000381469727,9.100000381469727,8.880000114440918,8.90999984741211,2642470,9.846799964904784,14.15870002746582,9.305500078201295,0.38125101589439736,8.5429980464125,10.06800210999009,39.639631383389116
2021-05-16 19:00:00,9.100000381469727,9.1899995803833,8.970000267028809,9.029999732971191,5792291,9.806599960327148,14.135100026130676,9.255500078201294,0.34509305348816965,8.565313971224954,9.945686185177633,44.99998956918654
2021-05-17 19:00:00,9.100000381469727,9.5,9.029999732971191,9.3100004196167,14609044,9.777999973297119,14.114250030517578,9.234500122070312,0.3270035955415413,8.58049293098723,9.888507313153394,46.827794387843454
2021-05-18 19:00:00,9.300000190734863,10.3100004196167,9.210000038146973,10.3100004196167,44150702,9.768799972534179,14.097750034332275,9.264000129699706,0.3930502290594293,8.477899671580847,10.050100587818566,60.85919919117485
2021-05-19 19:00:00,10.699999809265137,11.3100004196167,10.3100004196167,11.3100004196167,61029541,9.78019998550415,14.08680003643036,9.341000127792359,0.5958974668481059,8.149205194096147,10.53279506148857,70.43651225405279
2021-05-20 19:00:00,11.420000076293945,11.479999542236328,10.550000190734863,10.710000038146973,48497195,9.777199993133545,14.072200036048889,9.393500137329102,0.6674403952228718,8.058619346883358,10.728380927774847,64.31159232499559
2021-05-23 19:00:00,10.729999542236328,11.140000343322754,10.579999923706055,10.710000038146973,22496873,9.781599998474121,14.057800035476685,9.449000120162964,0.728841243938914,7.991317632285136,10.906682608040793,65.61921746891349
2021-05-24 19:00:00,10.829999923706055,10.970000267028809,10.65999984741211,10.720000267028809,9883046,9.785400009155273,14.044050035476685,9.517500114440917,0.7815227059775848,7.954454702485748,11.080545526396087,67.04331710530593
2021-05-25 19:00:00,10.729999542236328,10.90999984741211,10.390000343322754,10.5,15281709,9.786800003051757,14.028200035095216,9.566500091552735,0.8118224098474409,7.942855271857853,11.190144911247616,65.56168681939855
2021-05-26 19:00:00,10.550000190734863,10.9399995803833,10.3100004196167,10.399999618530273,18942668,9.795,14.010000033378601,9.616500091552734,0.8315823828997281,7.953335325753278,11.27966485735219,58.6134383069163
2021-05-27 19:00:00,10.399999618530273,10.699999809265137,10.399999618530273,10.420000076293945,11166497,9.802999992370605,13.992850031852722,9.675000095367432,0.845480269335566,7.9840395566963,11.365960634038563,69.04175942725215
2021-05-30 19:00:00,10.529999732971191,10.9399995803833,10.529999732971191,10.75,17822224,9.83659999847412,13.976950030326844,9.756000089645386,0.8678248872951665,8.020350315055053,11.49164986423572,73.88233372250698
2021-05-31 19:00:00,10.949999809265137,11.359999656677246,10.899999618530273,10.989999771118164,34753140,9.870599994659424,13.95750002861023,9.85450005531311,0.8913707822101977,8.071758490892716,11.637241619733505,72.99267921989025
2021-06-01 19:00:00,11.050000190734863,11.350000381469727,11.010000228881836,11.079999923706055,19617620,9.899599990844727,13.932950029373169,9.963000059127808,0.9023542257057805,8.158291607716247,11.767708510539368,74.81839209665311
2021-06-02 19:00:00,11.239999771118164,11.350000381469727,11.0,11.050000190734863,13671205,9.933199996948241,13.910650029182435,10.075000047683716,0.8906502944479104,8.293699458787895,11.856300636579537,76.4851405099181
2021-06-03 19:00:00,11.09000015258789,12.050000190734863,11.0,11.90999984741211,78891733,9.976999988555908,13.887700028419495,10.191500043869018,0.9712351103795206,8.249029823109977,12.13397026462806,80.12551387166701
2021-06-06 19:00:00,12.0,12.149999618530273,11.479999542236328,11.579999923706055,28567562,10.013999996185303,13.862600026130677,10.327000045776368,0.96619218396104,8.394615677854288,12.259384413698447,73.49895540102392
2021-06-07 19:00:00,11.579999923706055,11.640000343322754,11.109999656677246,11.199999809265137,13826872,10.02840000152588,13.83745002746582,10.451000022888184,0.9063861092644262,8.638227804359332,12.263772241417037,60.57006151990733
2021-06-08 19:00:00,11.3100004196167,11.420000076293945,10.930000305175781,10.989999771118164,11533347,10.018600006103515,13.812350025177002,10.545499992370605,0.8551975953611392,8.835104801648326,12.255895183092884,45.321629354867405
2021-06-09 19:00:00,10.989999771118164,11.479999542236328,10.979999542236328,11.170000076293945,13909879,10.01900001525879,13.789700026512145,10.652500009536743,0.7867379306928778,9.079024148150987,12.225975870922499,57.66666486528242
2021-06-10 19:00:00,11.25,11.65999984741211,11.25,11.5,21817209,10.031800022125244,13.769600024223328,10.782000017166137,0.6923156885462334,9.39736864007367,12.166631394258603,61.8618581637507
2021-06-13 19:00:00,11.869999885559082,12.050000190734863,11.550000190734863,11.75,30378910,10.043800029754639,13.748050026893615,10.918000030517579,0.5895724649828338,9.73885510055191,12.097144960483247,64.42576394775148
2021-06-14 19:00:00,11.899999618530273,12.300000190734863,11.510000228881836,11.9399995803833,58048877,10.077800025939942,13.72295002937317,11.049499988555908,0.4982756418436451,10.052948704868617,12.046051272243199,70.33897734323035
2021-06-15 19:00:00,12.220000267028809,12.649999618530273,12.149999618530273,12.25,52908484,10.12040002822876,13.700250024795531,11.146499967575073,0.5342705029566105,10.077958961661851,12.215040973488295,74.66667175292969
2021-06-16 19:00:00,12.329999923706055,12.4399995803833,11.649999618530273,11.710000038146973,26495314,10.1496000289917,13.67575002193451,11.166499948501587,0.5480229722056005,10.070454004090386,12.262545892912787,65.10538772449038
2021-06-17 19:00:00,11.5,11.609999656677246,11.100000381469727,11.260000228881836,24303102,10.177400035858154,13.64865002155304,11.19399995803833,0.5376106743841139,10.118778609270102,12.269221306806557,55.80865945089206
2021-06-20 19:00:00,11.300000190734863,11.529999732971191,11.149999618530273,11.229999542236328,12352571,10.204600028991699,13.619750018119811,11.219999933242798,0.5254070893085503,10.169185754625698,12.270814111859899,52.87081044971444
2021-06-21 19:00:00,11.239999771118164,11.350000381469727,10.850000381469727,10.920000076293945,11452432,10.23620002746582,13.58655002117157,11.229999923706055,0.5172294529096899,10.195541017886676,12.264458829525434,48.181819758139504
2021-06-22 19:00:00,11.0,11.199999809265137,10.899999618530273,10.9399995803833,7749431,10.260800018310547,13.548000020980835,11.25199990272522,0.49335159668960343,10.265296709346014,12.238703096104427,48.74714549379047
2021-06-23 19:00:00,10.970000267028809,11.119999885559082,10.850000381469727,10.90999984741211,7611780,10.286000022888183,13.502350015640259,11.277499914169312,0.4589791133339937,10.359541687501324,12.1954581408373,35.95505407280608
2021-06-24 19:00:00,11.0,11.0,10.649999618530273,10.699999809265137,12580183,10.307200012207032,13.448150010108948,11.291499900817872,0.43509557992560394,10.421308740966664,12.16169106066908,37.20929910196581
2021-06-27 19:00:00,9.699999809265137,10.699999809265137,9.699999809265137,9.699999809265137,2914420,10.300600013732911,13.380900011062622,11.238999891281129,0.5516186940338541,10.13576250321342,12.342237279348836,31.527091166108946
2021-06-28 19:00:00,8.699999809265137,9.199999809265137,8.699999809265137,8.8100004196167,66247955,10.282200031280517,13.317850012779235,11.129999923706055,0.7739780359804327,9.58204385174519,12.67795599566692,27.004220512895827
2021-06-29 19:00:00,8.899999618530273,9.300000190734863,8.869999885559082,8.930000305175781,18707723,10.266400032043457,13.256700015068054,11.022499942779541,0.9173236645972361,9.187852613585068,12.857147271974014,26.068370320830013
2021-06-30 19:00:00,9.050000190734863,9.180000305175781,8.899999618530273,9.109999656677246,13087827,10.25320001602173,13.196200017929078,10.92549991607666,1.0119520579467005,8.901595800183259,12.949404031970062,23.620292599210075
2021-07-01 19:00:00,9.010000228881836,9.109999656677246,8.109999656677246,8.260000228881836,49535362,10.225200023651123,13.127100019454955,10.742999935150147,1.1453892923814994,8.452221350387148,13.033778519913145,15.984389477081322
2021-07-04 19:00:00,7.760000228881836,7.840000152587891,7.260000228881836,7.28000020980835,39831710,10.178800020217896,13.048550021648406,10.52799994945526,1.3629247620049891,7.802150425445282,13.25384947346524,10.64188186435348
2021-07-05 19:00:00,7.150000095367432,8.279999732971191,7.139999866485596,8.069999694824219,49863675,10.153200006484985,12.975150020122529,10.371499943733216,1.458081844414323,7.455336254904569,13.287663632561863,17.34373107085908
2021-07-06 19:00:00,8.199999809265137,8.279999732971191,7.840000152587891,7.929999828338623,16160305,10.121399993896484,12.90280002117157,10.218499946594239,1.547566024944861,7.123367896704517,13.313631996483961,18.499980727820798
2021-07-07 19:00:00,7.929999828338623,8.220000267028809,7.900000095367432,7.960000038146973,10643839,10.092600002288819,12.832150020599364,10.05799994468689,1.6089309258193774,6.840138093048134,13.275861796325644,20.43009025216152
2021-07-08 19:00:00,8.100000381469727,8.100000381469727,7.75,7.800000190734863,7918739,10.063600006103515,12.761050019264221,9.872999954223634,1.64667471234093,6.579650529541773,13.166349378905494,19.96495954397301
2021-07-11 19:00:00,7.900000095367432,8.0,7.800000190734863,7.829999923706055,5017932,10.03760000228882,12.69240002155304,9.676999950408936,1.6447942517297616,6.387411446949413,12.966588453868459,21.54694153112071
2021-07-12 19:00:00,7.820000171661377,7.960000038146973,7.599999904632568,7.659999847412109,4724621,10.010399990081787,12.62615002155304,9.462999963760376,1.6129870408402947,6.237025882079787,12.688974045440965,20.609305917859885
2021-07-13 19:00:00,7.340000152587891,7.659999847412109,7.159999847412109,7.21999979019165,11145583,9.976599988937378,12.557050015926361,9.211499953269959,1.5463276046228196,6.11884474402432,12.304155162515599,19.19865052637192
2021-07-14 19:00:00,7.239999771118164,7.949999809265137,7.199999809265137,7.639999866485596,14605772,9.953199977874755,12.48985001564026,9.00799994468689,1.4659345309988112,6.076130882689268,11.939869006684512,25.32257085783887
2021-07-15 19:00:00,7.679999828338623,7.78000020980835,7.340000152587891,7.409999847412109,4088960,9.909799976348877,12.41735001564026,8.815499925613404,1.4062134826758956,6.003072960261612,11.627926890965195,28.913434256594712
2021-07-25 19:00:00,7.489999771118164,7.550000190734863,7.260000228881836,7.28000020980835,3940996,9.877999982833863,12.351250016689301,8.617999958992005,1.324249878244609,5.969500202502787,11.266499715481224,33.618833341246585
2021-07-26 19:00:00,7.289999961853027,7.400000095367432,7.070000171661377,7.110000133514404,6978295,9.845799980163575,12.278300013542175,8.427499961853027,1.2474852813385482,5.93252939917593,10.922470524530123,30.720328516703404
2021-07-27 19:00:00,7.110000133514404,7.179999828338623,6.519999980926514,6.800000190734863,9191424,9.799799976348877,12.211400012969971,8.220499992370605,1.1481631197271676,5.92417375291627,10.51682623182494,26.185565023698317
2021-07-28 19:00:00,6.78000020980835,6.78000020980835,6.559999942779541,6.650000095367432,9487049,9.752199983596801,12.151300013065338,8.00750000476837,1.0097673781717948,5.987965248424781,10.02703476111196,30.60240401811798
2021-07-29 19:00:00,6.650000095367432,6.730000019073486,6.230000019073486,6.320000171661377,9883460,9.700399990081786,12.096050009727477,7.788500022888184,0.858758395366296,6.070983232155592,9.506016813620775,36.28571000391007
2021-08-01 19:00:00,6.420000076293945,7.320000171661377,6.320000171661377,7.320000171661377,10726034,9.666199998855591,12.052300012111663,7.669500041007995,0.7360740242437264,6.1973519925205425,9.141648089495447,39.89218851958497
2021-08-02 19:00:00,8.319999694824219,8.319999694824219,8.319999694824219,8.319999694824219,8619221,9.646399984359741,12.014650008678437,7.645000004768372,0.7035510704035761,6.237897863961219,9.052102145575525,54.26695769389407
2021-08-03 19:00:00,8.800000190734863,8.979999542236328,8.229999542236328,8.630000114440918,49791129,9.612799978256225,11.97370001077652,7.629999995231628,0.6774253698627547,6.275149255506119,8.984850734957138,56.90721809629673
2021-08-04 19:00:00,8.630000114440918,8.630000114440918,8.1899995803833,8.430000305175781,14297709,9.555199975967406,11.92795001268387,7.596000027656555,0.6132604428732864,6.3694791419099825,8.822520913403128,56.441719765595025
2021-08-05 19:00:00,9.0,9.100000381469727,8.399999618530273,8.460000038146973,18769729,9.510199975967407,11.886800010204315,7.606000018119812,0.6261527810780837,6.353694455963645,8.85830558027598,56.441719765595025
2021-08-08 19:00:00,8.5600004196167,8.579999923706055,8.149999618530273,8.220000267028809,5134169,9.460399980545043,11.849750010967254,7.653000020980835,0.6356024587183302,6.3817951035441745,8.924204938417496,55.64516656232647
2021-08-09 19:00:00,8.199999809265137,8.539999961853027,8.199999809265137,8.3100004196167,6427185,9.412199983596802,11.813900015354157,7.665000057220459,0.6460690855788883,6.372861886062682,8.957138228378236,61.8221347434476
2021-08-10 19:00:00,8.350000381469727,8.4399995803833,8.09000015258789,8.140000343322754,5279320,9.364999990463257,11.775750014781952,7.675500082969665,0.6522792179719535,6.3709416470257585,8.980058518913573,55.7339515010585
2021-08-11 19:00:00,8.25,8.25,7.909999847412109,8.0,2971862,9.316999998092651,11.738150012493133,7.677500081062317,0.6532580435411638,6.37098399397999,8.984016168144645,56.90866769449096
2021-08-12 19:00:00,8.020000457763672,8.079999923706055,7.78000020980835,7.829999923706055,2038187,9.265199995040893,11.700200011730194,7.679000067710876,0.6535884864794317,6.371823094752013,8.98617704066974,56.38050720649206
2021-08-15 19:00:00,7.800000190734863,7.849999904632568,7.539999961853027,7.659999847412109,2689595,9.203399991989135,11.660200011730193,7.6705000638961796,0.6526260851793865,6.365247893537407,8.975752234254953,56.38050720649206
2021-08-16 19:00:00,7.800000190734863,7.800000190734863,7.650000095367432,7.679999828338623,1173399,9.137199993133544,11.61550000667572,7.6715000629425045,0.6526244718983442,6.366251119145816,8.976749006739192,60.94526917635633
2021-08-19 19:00:00,7.789999961853027,7.920000076293945,7.710000038146973,7.829999923706055,1522006,9.072199993133545,11.571650004386902,7.702000069618225,0.6446182071385069,6.412763655341211,8.99123648389524,64.67661484996651
2021-08-22 19:00:00,7.829999923706055,7.929999828338623,7.800000190734863,7.849999904632568,2151223,9.0081999874115,11.532800004482269,7.712500071525573,0.6452651414112643,6.421969788703045,9.003030354348102,70.61994228085477
2021-08-23 19:00:00,7.809999942779541,7.889999866485596,7.699999809265137,7.730000019073486,1745458,8.924599990844726,11.492800006866455,7.728500080108643,0.6413248954424767,6.4458502892236895,9.011149870993597,57.24381375380375
2021-08-24 19:00:00,7.769999980926514,7.800000190734863,7.25,7.429999828338623,3771589,8.841599988937379,11.4494500041008,7.736000061035156,0.6366640062875925,6.462672048459972,9.009328073610341,29.10799015432282
2021-08-25 19:00:00,7.400000095367432,8.430000305175781,7.090000152587891,7.920000076293945,28766160,8.775999994277955,11.410650002956391,7.7765000581741335,0.6202993836652895,6.5359012908435545,9.017098825504712,34.632036597967726
2021-08-26 19:00:00,7.949999809265137,8.1899995803833,7.550000190734863,7.639999866485596,9057561,8.708999996185304,11.369400000572204,7.81850004196167,0.57767480929536,6.66315042337095,8.97384966055239,33.47279984118734
2021-08-29 19:00:00,7.679999828338623,8.050000190734863,7.650000095367432,7.829999923706055,7805697,8.642199993133545,11.334099998474121,7.877500033378601,0.5081222222913404,6.86125558879592,8.893744477961281,37.64706212343906
2021-08-30 19:00:00,7.960000038146973,8.050000190734863,7.599999904632568,7.650000095367432,4626327,8.565199995040894,11.303250000476837,7.944000029563904,0.3585850171256034,7.2268299953126975,8.661170063815112,38.5542189439843
2021-08-31 19:00:00,7.769999980926514,7.800000190734863,7.650000095367432,7.690000057220459,3153433,8.483999996185302,11.267550001144409,7.962500023841858,0.33335426415331754,7.295791495535223,8.629208552148492,37.29507980472354
2021-09-01 19:00:00,7.78000020980835,7.78000020980835,7.5,7.519999980926514,3445598,8.395600004196167,11.231150000095367,7.922500038146973,0.3361842022706432,7.250131633605687,8.59486844268826,37.29507980472354
2021-09-02 19:00:00,7.510000228881836,7.630000114440918,7.179999828338623,7.21999979019165,7583108,8.295,11.190799999237061,7.85200002193451,0.3277452263069544,7.196509569320601,8.507490474548419,35.00000091699424
2021-09-05 19:00:00,7.25,7.739999771118164,7.150000095367432,7.380000114440918,6230480,8.20840000152588,11.15130000114441,7.7995000123977665,0.314098232974204,7.171303546449359,8.427696478346174,41.31274870545211
2021-09-06 19:00:00,7.409999847412109,7.639999866485596,7.300000190734863,7.349999904632568,3671676,8.130199995040893,11.112250001430512,7.744000005722046,0.2882507449425751,7.167498515836895,8.320501495607196,43.67347375693968
2021-09-07 19:00:00,7.400000095367432,7.489999771118164,7.110000133514404,7.239999771118164,2960743,8.05039999961853,11.072099997997285,7.6949999809265135,0.286365729201086,7.122268522524341,8.267731439328685,41.33858629874883
2021-09-08 19:00:00,7.21999979019165,7.360000133514404,7.110000133514404,7.179999828338623,1790270,7.975599994659424,11.032299995422363,7.6384999513626095,0.2696250649287289,7.099249821505151,8.177750081220067,36.7346986439342
2021-09-09 19:00:00,7.21999979019165,7.340000152587891,7.099999904632568,7.170000076293945,2280017,7.900200004577637,10.99534999370575,7.58999993801117,0.26179545058771386,7.066409036835742,8.113590839186598,36.06558306118776
2021-09-12 19:00:00,7.28000020980835,7.400000095367432,7.150000095367432,7.179999828338623,2881746,7.825600004196167,10.958349993228913,7.548999929428101,0.2583938574759311,7.032212214476239,8.065787644379963,38.19742524403616
2021-09-13 19:00:00,7.25,7.300000190734863,7.010000228881836,7.079999923706055,3574966,7.7532000064849855,10.921399991512299,7.5114999294281,0.2696445354660828,6.972210858495934,8.050789000360266,41.78404207806919
2021-09-14 19:00:00,7.079999923706055,7.099999904632568,7.0,7.039999961853027,2326537,7.700000009536743,10.88424998998642,7.480499935150147,0.28676923929447407,6.9069614565611985,8.054038413739095,23.809525161102812
2021-09-15 19:00:00,7.0,7.0,6.769999980926514,6.889999866485596,3835384,7.661599998474121,10.846599988937378,7.440999937057495,0.31120990227695394,6.8185801325035875,8.063419741611403,25.806454590033923
2021-09-16 19:00:00,7.170000076293945,7.400000095367432,7.0,7.019999980926514,5995909,7.623399991989135,10.80999998807907,7.400499939918518,0.31062716188501305,6.779245616148492,8.021754263688544,22.81879838976279
2021-09-19 19:00:00,7.090000152587891,7.099999904632568,6.829999923706055,6.909999847412109,3042348,7.579399995803833,10.773949987888336,7.353499937057495,0.31014899283767317,6.733201951382148,7.9737979227328415,23.94366339070713
2021-09-21 19:00:00,6.800000190734863,7.230000019073486,6.449999809265137,7.130000114440918,18896530,7.556799993515015,10.743199989795684,7.323499941825867,0.30068828255747587,6.722123376710916,7.9248765069408185,32.5000111758649
2021-09-22 19:00:00,7.130000114440918,7.260000228881836,6.159999847412109,6.539999961853027,7511830,7.541999988555908,10.709299991130829,7.278999948501587,0.34646944323022555,6.586061062041136,7.971938834962039,25.742585008577166
2021-09-23 19:00:00,6.599999904632568,6.730000019073486,6.400000095367432,6.460000038146973,3307295,7.509799995422363,10.672299993038177,7.205999946594238,0.35792384595158416,6.490152254691069,7.921847638497407,28.888903606079666
2021-09-26 19:00:00,6.5,6.630000114440918,6.300000190734863,6.420000076293945,4137511,7.4796000003814695,10.632699992656708,7.144999957084655,0.3831380129073858,6.378723931269883,7.9112759828994275,21.42857548330842
2021-09-27 19:00:00,6.539999961853027,6.659999847412109,6.389999866485596,6.619999885559082,3838173,7.452799997329712,10.594799993038178,7.084499955177307,0.3643519927626838,6.35579596965194,7.8132039407026745,30.27026873770373
2021-09-28 19:00:00,6.610000133514404,6.610000133514404,6.239999771118164,6.269999980926514,4326049,7.422199993133545,10.553849992752076,7.015499949455261,0.3818717683422149,6.251756412770831,7.779243486139691,26.794259792331687
2021-09-29 19:00:00,6.199999809265137,6.550000190734863,6.139999866485596,6.480000019073486,2645261,7.395199995040894,10.512499992847443,6.954999947547913,0.3648575552709313,6.2252848370060505,7.684715058089775,34.37500266092192
2021-09-30 19:00:00,6.5,7.300000190734863,6.449999809265137,7.03000020980835,14179024,7.382600002288818,10.472149991989136,6.930499958992004,0.34056413647172434,6.249371686048556,7.611628231935453,47.48201697986117
2021-10-03 19:00:00,6.889999866485596,7.150000095367432,6.75,6.949999809265137,4102045,7.377200002670288,10.431499991416931,6.916999959945679,0.333767945102026,6.249464069741627,7.584535850149731,45.96491316128719
2021-10-04 19:00:00,7.0,7.010000228881836,6.75,6.800000190734863,3077375,7.360400009155273,10.390399990081788,6.887999963760376,0.3161544916927746,6.255690980374827,7.520308947145925,45.17241934958767
2021-10-05 19:00:00,6.820000171661377,6.949999809265137,6.610000133514404,6.650000095367432,2848151,7.34520001411438,10.35089998960495,6.852999973297119,0.300685147015022,6.251629679267075,7.454370267327163,43.5215984211466
2021-10-06 19:00:00,6.659999847412109,6.949999809265137,6.619999885559082,6.659999847412109,1821786,7.332800006866455,10.3103999876976,6.823999977111816,0.28914390922320465,6.245712158665407,7.402287795558225,45.993031532556095
2021-10-07 19:00:00,6.570000171661377,6.690000057220459,6.510000228881836,6.570000171661377,995023,7.322000007629395,10.269099988937377,6.793499994277954,0.2816917718857696,6.230116450506415,7.356883538049493,42.04947312020004
2021-10-10 19:00:00,6.489999771118164,6.550000190734863,6.300000190734863,6.329999923706055,2313906,7.312600002288819,10.22734998703003,6.751499986648559,0.2852012053805208,6.1810975758875175,7.321902397409601,40.20270411771433
2021-10-11 19:00:00,6.300000190734863,6.349999904632568,6.010000228881836,6.159999847412109,2250195,7.3027999973297115,10.184449987411499,6.7004999876022335,0.2955543520940953,6.109391283414043,7.291608691790424,33.333327871280844
2021-10-12 19:00:00,6.159999847412109,6.199999809265137,5.159999847412109,5.159999847412109,36758896,7.279599990844726,10.132149987220764,6.604499983787536,0.44155798281516534,5.721384018157206,7.487615949417867,29.216863835977193
2021-10-13 19:00:00,5.0,5.440000057220459,4.510000228881836,5.190000057220459,16019621,7.236999988555908,10.079699985980987,6.511999988555909,0.530368313958602,5.451263360638705,7.5727366164731125,30.581039933726927
2021-10-14 19:00:00,5.25,5.369999885559082,5.050000190734863,5.25,5287638,7.175599994659424,10.030249984264374,6.429999995231628,0.5920437619792035,5.245912471273221,7.6140875191900355,32.21884361915059
2021-10-17 19:00:00,5.650000095367432,6.070000171661377,5.480000019073486,5.539999961853027,13835098,7.113799991607666,9.980849983692169,6.355999994277954,0.6067289596613208,5.142542074955312,7.569457913600596,34.02367030859263
2021-10-19 19:00:00,5.550000190734863,5.75,5.389999866485596,5.420000076293945,3505861,7.053599987030029,9.932599985599518,6.281500005722046,0.6262862815475879,5.028927442626871,7.534072568817222,36.50793843018249
2021-10-20 19:00:00,5.420000076293945,5.489999771118164,5.25,5.309999942779541,1390211,6.990599985122681,9.885599985122681,6.190499997138977,0.6287286892568678,4.933042618625241,7.447957375652712,30.819672079888505
2021-10-21 19:00:00,5.380000114440918,5.380000114440918,5.110000133514404,5.210000038146973,1568826,6.930399980545044,9.840599985122681,6.124000000953674,0.6594048546184789,4.805190291716716,7.442809710190632,14.999995415027158
2021-10-24 19:00:00,5.230000019073486,5.230000019073486,5.059999942779541,5.210000038146973,928945,6.8683999729156495,9.794949984550476,6.061500000953674,0.6846380292422984,4.692223942469077,7.430776059438271,15.476188223557955
2021-10-25 19:00:00,5.099999904632568,5.179999828338623,5.059999942779541,5.099999904632568,667869,6.807599964141846,9.748249986171722,5.995499992370606,0.7113624991654031,4.5727749940398,7.418224990701412,15.725800947021668
2021-10-26 19:00:00,5.199999809265137,5.289999961853027,5.170000076293945,5.21999979019165,912454,6.751999959945679,9.70149998664856,5.925499987602234,0.7155452809532181,4.494409425695798,7.35659054950867,20.816318030557284
2021-10-27 19:00:00,5.230000019073486,5.360000133514404,5.21999979019165,5.289999961853027,1237021,6.701199960708618,9.65524998664856,5.876499986648559,0.7242148550145682,4.428070276619422,7.324929696677696,22.709168114909005
2021-10-28 19:00:00,5.480000019073486,5.690000057220459,5.199999809265137,5.400000095367432,4503955,6.655999965667725,9.608549988269806,5.822499990463257,0.7170765148098709,4.388346960843515,7.256653020082998,26.877475123431054
2021-10-31 19:00:00,5.429999828338623,5.670000076293945,5.400000095367432,5.429999828338623,2780398,6.610999965667725,9.562249989509583,5.742499971389771,0.6624426636662679,4.417614644057235,7.067385298722307,30.603447655718668
2021-11-01 19:00:00,5.429999828338623,5.949999809265137,5.369999885559082,5.809999942779541,9117686,6.570599966049194,9.515849988460541,5.685499978065491,0.5990912316583856,4.487317514748719,6.883682441382263,43.08300641091486
2021-11-02 19:00:00,5.849999904632568,6.28000020980835,5.849999904632568,6.019999980926514,17309578,6.533999967575073,9.470499987602233,5.646499967575073,0.5457325007276304,4.555034966119813,6.737964969030333,74.71264399315437
2021-11-03 19:00:00,6.050000190734863,6.079999923706055,5.849999904632568,6.010000228881836,3624732,6.49959997177124,9.426199989318848,5.614499974250793,0.5006992598090885,4.613101454632616,6.61589849386897,73.83721720018374
2021-11-04 19:00:00,6.010000228881836,6.800000190734863,6.0,6.599999904632568,23032082,6.482999973297119,9.383249990940094,5.611499977111817,0.49424345987949864,4.62301305735282,6.5999868968708135,80.00000423855342
2021-11-07 19:00:00,6.940000057220459,6.940000057220459,6.429999828338623,6.489999771118164,10893325,6.454399967193604,9.340599987506867,5.607499957084656,0.4863383388543627,4.63482327937593,6.580176634793381,72.94685867926684
2021-11-08 19:00:00,6.519999980926514,6.519999980926514,5.949999809265137,6.019999980926514,6703602,6.421999969482422,9.295749988555908,5.591999959945679,0.4666408337439806,4.658718292457718,6.52528162743364,62.396694296297596
2021-11-09 19:00:00,6.199999809265137,6.389999866485596,6.039999961853027,6.059999942779541,3735626,6.386599969863892,9.251549990177155,5.5869999647140505,0.46073281441819847,4.665534335877654,6.508465593550447,65.9574506940113
2021-11-10 19:00:00,6.070000171661377,6.25,5.860000133514404,5.96999979019165,5376131,6.352999963760376,9.206799988746644,5.627499961853028,0.4568066831780997,4.713886595496828,6.541113328209227,66.23931319137577
2021-11-11 19:00:00,6.010000228881836,6.03000020980835,5.769999980926514,5.889999866485596,2299897,6.3169999599456785,9.161449987888336,5.662499952316284,0.44825830293524543,4.765983346445793,6.559016558186775,64.04958555553607
2021-11-14 19:00:00,5.989999771118164,6.889999866485596,5.800000190734863,6.53000020980835,18579124,6.297199964523315,9.119799990653991,5.7264999628067015,0.47673533847627175,4.773029285854158,6.679970639759245,74.23729487514785
2021-11-15 19:00:00,6.53000020980835,6.550000190734863,6.190000057220459,6.289999961853027,6982715,6.278599967956543,9.077199988365173,5.763999962806702,0.4905893381090397,4.782821286588622,6.745178639024782,67.42671191907996
2021-11-16 19:00:00,6.300000190734863,6.300000190734863,5.900000095367432,5.940000057220459,5167116,6.249799966812134,9.034299986362457,5.789999961853027,0.4851478443658444,4.819704273121339,6.760295650584716,59.701494236889005
2021-11-17 19:00:00,6.070000171661377,6.070000171661377,5.800000190734863,5.820000171661377,2408867,6.21919997215271,8.99104998588562,5.815499973297119,0.47181035271035177,4.871879267876416,6.759120678717823,56.25000177394794
2021-11-18 19:00:00,5.880000114440918,6.039999961853027,5.820000171661377,5.960000038146973,3923269,6.193599977493286,8.948699984550476,5.852999973297119,0.45047461911348685,4.952050735070145,6.753949211524093,57.6368910929974
2021-11-21 19:00:00,5.949999809265137,6.400000095367432,5.840000152587891,6.239999771118164,4374097,6.174799976348877,8.908299984931945,5.904499959945679,0.43157576765162464,5.04134842464243,6.767651495248928,56.3798205309137
2021-11-22 19:00:00,6.289999961853027,6.590000152587891,6.0,6.019999980926514,12578153,6.151799974441528,8.867399985790252,5.950499963760376,0.38815997313142253,5.174180017497531,6.726819910023221,50.0
2021-11-23 19:00:00,6.090000152587891,6.130000114440918,5.820000171661377,5.869999885559082,3122634,6.125599975585938,8.826099984645843,5.982999968528747,0.34901514692615937,5.284969674676429,6.681030262381066,48.01135847945279
2021-11-24 19:00:00,6.010000228881836,6.349999904632568,6.0,6.070000171661377,7225276,6.105399980545044,8.782549986839294,6.021999979019165,0.30875981915955103,5.404480340700063,6.639519617338268,41.53355090106985
2021-11-25 19:00:00,6.099999904632568,6.300000190734863,5.909999847412109,5.96999979019165,4826115,6.083999977111817,8.737699987888336,6.050499963760376,0.27250254217951114,5.505494879401353,6.595505048119398,41.66666794027004
2021-11-28 19:00:00,5.900000095367432,6.079999923706055,5.849999904632568,6.010000228881836,4344314,6.066399984359741,8.695649988651276,6.079499983787537,0.2306392559852181,5.618221471817101,6.540778495757973,49.81413107273607
2021-11-29 19:00:00,6.050000190734863,6.099999904632568,5.889999866485596,5.929999828338623,2674820,6.044599981307983,8.653599987030029,6.08549997806549,0.22474487142162153,5.636010235222248,6.534989720908733,47.61904678730699
2021-11-30 19:00:00,5.900000095367432,6.039999961853027,5.900000095367432,5.920000076293945,3093424,6.02479998588562,8.61519998550415,6.080499982833862,0.2273757446897293,5.625748493454403,6.535251472213321,49.0566095451965
2021-12-01 19:00:00,5.949999809265137,5.949999809265137,5.510000228881836,5.559999942779541,4950972,5.9933999824523925,8.579549987316131,6.057999968528748,0.2552728076006091,5.547454353327529,6.568545583729966,44.36860440402053
2021-12-02 19:00:00,5.699999809265137,5.800000190734863,5.349999904632568,5.599999904632568,3119821,5.974599981307984,8.546199984550476,6.007999968528748,0.24106343863653035,5.525873091255687,6.490126845801808,30.04291942109944
2021-12-05 19:00:00,6.309999942779541,6.320000171661377,5.880000114440918,5.980000019073486,10146645,5.964999980926514,8.5149999833107,5.982499980926514,0.21269885403114924,5.557102272864215,6.407897688988813,43.72469940445566
2021-12-06 19:00:00,6.059999942779541,6.210000038146973,5.940000057220459,6.050000190734863,11357782,5.957599983215332,8.489149982929229,5.9839999914169315,0.21308267178823734,5.5578346478404566,6.4101653349934065,52.51141741412852
2021-12-07 19:00:00,6.150000095367432,7.050000190734863,6.059999942779541,6.699999809265137,57473762,5.959199981689453,8.463799979686737,6.015999984741211,0.2664661556872676,5.483067673366676,6.548932296115746,66.17645950259939
2021-12-08 19:00:00,6.75,6.75,6.300000190734863,6.329999923706055,12535118,5.960399980545044,8.436999981403352,6.033999991416931,0.27521092096723604,5.483578149482459,6.584421833351404,56.27118287912585
2021-12-09 19:00:00,6.309999942779541,6.320000171661377,6.079999923706055,6.170000076293945,8160026,5.954199981689453,8.412149980068207,6.048000001907349,0.2746212655740826,5.498757470759184,6.597242533055514,48.76325665861604
2021-12-12 19:00:00,6.25,6.320000171661377,5.769999980926514,5.849999904632568,6720095,5.930599975585937,8.385999979972839,6.013999986648559,0.25305291395456364,5.5078941587394326,6.520105814557686,47.098976053671336
2021-12-13 19:00:00,5.849999904632568,6.070000171661377,5.829999923706055,6.010000228881836,5291428,5.9117999839782716,8.360349979400635,6.0,0.24458340383332078,5.510833192333358,6.489166807666642,52.38095701493602
2021-12-14 19:00:00,6.199999809265137,6.71999979019165,6.079999923706055,6.539999961853027,19774266,5.906599979400635,8.336249980926514,6.029999995231629,0.272087423892907,5.485825147445815,6.574174843017443,57.18653908043948
2021-12-15 19:00:00,6.539999961853027,6.539999961853027,6.159999847412109,6.190000057220459,5930204,5.897399978637695,8.31159998178482,6.048499989509582,0.2696249692427639,5.509250051024054,6.587749927995111,53.12500338662711
2021-12-16 19:00:00,6.150000095367432,6.210000038146973,6.079999923706055,6.150000095367432,3364196,5.887199983596802,8.285849981307983,6.057999992370606,0.2696898692313891,5.5186202539078275,6.597379730833384,51.98863447790056
2021-12-19 19:00:00,6.090000152587891,6.380000114440918,6.019999980926514,6.239999771118164,5078592,5.8805999755859375,8.258699979782104,6.057999992370606,0.2696898692313891,5.5186202539078275,6.597379730833384,54.39093495899267
2021-12-20 19:00:00,6.210000038146973,6.389999866485596,6.150000095367432,6.210000038146973,3865876,5.878199977874756,8.230649981498718,6.067499995231628,0.27162037146625817,5.524259252299112,6.610740738164145,54.084507382784
2021-12-21 19:00:00,6.25,6.300000190734863,6.159999847412109,6.179999828338623,1932936,5.878599977493286,8.205549981594086,6.082999992370605,0.268584968288106,5.545830055794394,6.620169928946817,59.62732946848343
2021-12-22 19:00:00,6.179999828338623,6.369999885559082,6.150000095367432,6.199999809265137,2387048,5.899399976730347,8.181549980640412,6.089499974250794,0.26982399576704097,5.549851982716712,6.629147965784876,59.37500046566139
2021-12-23 19:00:00,6.269999980926514,6.28000020980835,6.099999904632568,6.150000095367432,1050075,5.918599977493286,8.157099981307983,6.098499989509582,0.2686275792473883,5.561244831014806,6.635755148004359,52.96167490526389
2021-12-26 19:00:00,6.230000019073486,6.300000190734863,6.099999904632568,6.25,1346200,5.938599977493286,8.134649982452393,6.110499978065491,0.26982399734822227,5.570851983369046,6.6501479727619355,53.448274161103285
2021-12-27 19:00:00,6.159999847412109,6.289999961853027,6.150000095367432,6.210000038146973,1797638,5.951999979019165,8.11184998035431,6.124499988555908,0.2672171158819058,5.590065756792097,6.65893422031972,39.30131040738152
2021-12-28 19:00:00,6.190000057220459,6.449999809265137,6.190000057220459,6.389999866485596,7641371,5.971399974822998,8.090099980831146,6.14799997806549,0.268947239426847,5.610105499211796,6.6858944569191845,51.428570779813064
2021-12-29 19:00:00,6.440000057220459,6.489999771118164,6.230000019073486,6.260000228881836,4154999,5.990399980545044,8.067099983692168,6.182999992370606,0.2313142916569687,5.720371409056669,6.645628575684543,52.173918051222934
2021-12-30 19:00:00,6.260000228881836,6.349999904632568,6.179999828338623,6.210000038146973,4496747,6.010399980545044,8.045699985027314,6.213499999046325,0.18621643053114814,5.841067137984029,6.585932860108621,60.0000105963886
2022-01-02 19:00:00,6.210000038146973,6.369999885559082,6.210000038146973,6.25,3040296,6.031199979782104,8.024299986362458,6.226999998092651,0.1780034935985868,5.870993010895478,6.583006985289825,57.14285714285714
2022-01-03 19:00:00,6.25,6.570000171661377,6.190000057220459,6.420000076293945,5707413,6.057599983215332,8.004249985218047,6.245499992370606,0.1778667054948193,5.889766581380967,6.6012334033602444,45.45454545454546
2022-01-04 19:00:00,6.449999809265137,6.690000057220459,6.260000228881836,6.400000095367432,7044914,6.081199989318848,7.9862999868392945,6.230500006675721,0.14759384889479144,5.935312308886138,6.525687704465303,60.606075201644565
2022-01-05 19:00:00,6.480000019073486,6.480000019073486,6.269999980926514,6.300000190734863,3143632,6.101399993896484,7.967699985504151,6.2290000200271605,0.14667902359561355,5.935641972835933,6.522358067218388,57.14287011803322
2022-01-06 19:00:00,6.289999961853027,6.389999866485596,6.269999980926514,6.300000190734863,1213718,6.119399995803833,7.953849987983704,6.235500025749206,0.1468072514859904,5.941885522777225,6.529114528721188,53.12502483529234
2022-01-09 19:00:00,6.300000190734863,6.550000190734863,6.260000228881836,6.440000057220459,3346552,6.13960000038147,7.93959998846054,6.265000033378601,0.12253891394307356,6.0199222054924535,6.510077861264748,60.747672297657125
2022-01-10 19:00:00,6.590000152587891,7.079999923706055,6.440000057220459,6.730000019073486,33122366,6.158000001907348,7.925099987983703,6.301000022888184,0.14700161558109837,6.006996791725987,6.595003254050381,70.67671491210773
2022-01-11 19:00:00,6.800000190734863,7.079999923706055,6.710000038146973,6.909999847412109,23439367,6.175799999237061,7.912799987792969,6.3195000171661375,0.19432675200681762,5.9308465131525026,6.7081535211797725,73.82552354521349
2022-01-12 19:00:00,6.889999866485596,7.239999771118164,6.769999980926514,7.110000133514404,23397469,6.197799997329712,7.8997499871253964,6.365500020980835,0.25988813703575975,5.845723746909315,6.885276295052354,79.2683047386001
2022-01-13 19:00:00,7.190000057220459,7.239999771118164,6.880000114440918,6.909999847412109,6668123,6.203999996185303,7.885649988651275,6.403500008583069,0.2813926731507232,5.840714662281623,6.966285354884515,68.96551535141808
2022-01-16 19:00:00,6.929999828338623,6.949999809265137,6.619999885559082,6.679999828338623,5403500,6.207799997329712,7.866649990081787,6.425500011444091,0.2851126013674084,5.855274808709274,6.995725214178909,62.176161450652415
2022-01-17 19:00:00,6.78000020980835,6.78000020980835,6.599999904632568,6.639999866485596,2515500,6.220199995040893,7.842449991703034,6.447000002861023,0.284218195500208,5.878563611860606,7.015436393861439,56.98324037228462
2022-01-18 19:00:00,6.699999809265137,6.96999979019165,6.510000228881836,6.570000171661377,9170000,6.23039999961853,7.819549994468689,6.46650002002716,0.2782515527317336,5.909996914563693,7.023003125490628,58.95953581970374
2022-01-19 19:00:00,6.650000095367432,6.699999809265137,6.300000190734863,6.590000152587891,6111500,6.242800006866455,7.7981999969482425,6.486000037193298,0.2721918356379795,5.941616365917339,7.030383708469257,61.17647520811139
2022-01-20 19:00:00,6.699999809265137,6.800000190734863,6.590000152587891,6.670000076293945,3818000,6.258400011062622,7.77579999923706,6.512000036239624,0.2630908955240533,5.985818245191518,7.038181827287731,62.06896929716386
2022-01-23 19:00:00,6.210000038146973,6.25,5.920000076293945,6.03000020980835,11825000,6.248400011062622,7.754750001430511,6.5010000467300415,0.2787546917378424,5.943490663254357,7.058509430205726,41.176471857432134
2022-01-24 19:00:00,6.0,6.079999923706055,5.809999942779541,5.880000114440918,6343500,6.24020001411438,7.733550002574921,6.484500050544739,0.3053810646748374,5.8737379211950635,7.095262179894414,38.88888775679671
2022-01-25 19:00:00,5.71999979019165,5.829999923706055,5.670000076293945,5.710000038146973,3819000,6.23560001373291,7.710850002765656,6.450500059127807,0.35091566648193556,5.748668726163936,7.1523313920916785,37.7593321588497
2022-01-26 19:00:00,5.829999923706055,5.840000152587891,5.690000057220459,5.789999961853027,1704000,6.235000009536743,7.6904500031471255,6.427000045776367,0.37896114752200416,5.669077750732359,7.184922340820376,39.75903060720334
2022-01-27 19:00:00,5.829999923706055,5.909999847412109,5.760000228881836,5.849999904632568,1043000,6.232800006866455,7.6703500032424925,6.409000039100647,0.3978878200841489,5.613224398932349,7.204775679268945,37.7593321588497
2022-01-30 19:00:00,5.769999980926514,5.929999828338623,5.75,5.769999980926514,1698000,6.223400011062622,7.652500002384186,6.3850000381469725,0.42174447808147214,5.541511081984028,7.228488994309917,28.18181542325587
2022-01-31 19:00:00,5.789999961853027,5.880000114440918,5.739999771118164,5.75,2065000,6.218000011444092,7.632700002193451,6.351500034332275,0.4447976909560462,5.461904652420183,7.2410954162443675,21.56863065922738
2022-02-01 19:00:00,5.800000190734863,6.070000171661377,5.789999961853027,6.0,5420500,6.22060001373291,7.614450004100799,6.3315000295639035,0.4514453249005842,5.428609379762735,7.234390679365072,23.444968762598265
2022-02-02 19:00:00,6.090000152587891,6.150000095367432,5.949999809265137,6.03000020980835,3922000,6.219800014495849,7.596400003433228,6.318000030517578,0.45644620644016104,5.405107617637256,7.2308924433979005,27.083337989947182
2022-02-03 19:00:00,6.099999904632568,6.119999885559082,5.949999809265137,5.989999771118164,1500000,6.22020001411438,7.5762000036239625,6.302500009536743,0.462315386256728,5.377869237023287,7.2271307820501995,30.05780203430305
2022-02-06 19:00:00,5.960000038146973,5.960000038146973,5.820000171661377,5.849999904632568,1718000,6.2170000076293945,7.556800005435943,6.273000001907349,0.4718061535400601,5.329387694827228,7.216612308987469,28.415300688834293
2022-02-07 19:00:00,5.840000152587891,5.96999979019165,5.809999942779541,5.889999866485596,1256000,6.216200008392334,7.537650003433227,6.230999994277954,0.46633960739453995,5.298320779488874,7.163679209067034,31.11110463554546
2022-02-08 19:00:00,5.889999866485596,5.929999828338623,5.789999961853027,5.800000190734863,1776000,6.213800010681152,7.517800002098084,6.175500011444091,0.44692487460539204,5.281650262233307,7.069349760654876,28.877005074873637
2022-02-09 19:00:00,5.809999942779541,5.889999866485596,5.699999809265137,5.710000038146973,3191500,6.216800012588501,7.498050003051758,6.105500006675721,0.4000325487361666,5.305434909203387,6.905565104148054,24.46808564603569
2022-02-10 19:00:00,5.710000038146973,5.75,5.599999904632568,5.670000076293945,1522000,6.218200016021728,7.478400001525879,6.043500018119812,0.3631771341716711,5.31714574977647,6.769854286463154,35.93749708961742
2022-02-13 19:00:00,5.710000038146973,5.710000038146973,5.489999771118164,5.5,2251500,6.2086000156402585,7.45914999961853,5.9845000267028805,0.3499394884879983,5.2846210497268835,6.6843790036788775,35.384613127398396
2022-02-14 19:00:00,5.519999980926514,5.579999923706055,5.420000076293945,5.480000019073486,1176000,6.197200012207031,7.4389499974250795,5.926500034332276,0.33120636768484385,5.264087298962588,6.588912769701963,39.99999999999999
2022-02-15 19:00:00,5.550000190734863,5.650000095367432,5.480000019073486,5.510000228881836,1181000,6.173400020599365,7.419500000476837,5.873500037193298,0.30671906991731407,5.26006189735867,6.486938177027926,37.272743824093965
2022-02-16 19:00:00,5.510000228881836,5.550000190734863,5.429999828338623,5.440000057220459,913500,6.1556000232696535,7.400450000762939,5.816000032424927,0.27104864347632107,5.273902745472284,6.358097319377569,31.531548560038487
2022-02-17 19:00:00,5.420000076293945,5.5,5.380000114440918,5.449999809265137,1183000,6.141200017929077,7.3820499992370605,5.755000019073487,0.19548859588814194,5.364022827297203,6.145977210849771,34.61538285193433
2022-02-20 19:00:00,5.449999809265137,5.690000057220459,5.320000171661377,5.369999885559082,1535500,6.1316000175476075,7.363799996376038,5.722000002861023,0.20221406164670885,5.3175718795676055,6.12642812615444,32.727273515433055
2022-02-21 19:00:00,5.349999904632568,5.429999828338623,5.130000114440918,5.25,3586000,6.1164000129699705,7.345499997138977,5.690499997138977,0.22418213554553046,5.242135726047916,6.138864268230037,11.34021682811941
2022-02-22 19:00:00,5.300000190734863,5.480000019073486,5.25,5.389999866485596,1931500,6.093400011062622,7.328399994373322,5.674499988555908,0.2339247561759507,5.206650476204007,6.14234950090781,20.3703523826848
2022-02-23 19:00:00,5.289999961853027,5.289999961853027,4.989999771118164,5.019999980926514,4302500,6.070000009536743,7.305599994659424,5.635999989509583,0.27386897146662376,5.088262046576335,6.18373793244283,15.602828964522288
2022-02-24 19:00:00,5.019999980926514,5.159999847412109,5.0,5.079999923706055,1484000,6.0486000061035154,7.286649994850158,5.597499990463257,0.29547242885724023,5.006555132748777,6.188444848177737,21.052620257126478
2022-02-27 19:00:00,5.079999923706055,5.199999809265137,5.0,5.159999847412109,1041000,6.027000007629394,7.2688499927520756,5.566999983787537,0.3079490976731774,4.951101788441182,6.1828981791338915,23.3576520388974
2022-02-28 19:00:00,5.320000171661377,5.349999904632568,5.179999828338623,5.210000038146973,1715500,6.007000007629395,7.249399991035461,5.539999985694886,0.3146594019696736,4.910681181755538,6.169318789634233,27.819541863436697
2022-03-01 19:00:00,5.150000095367432,5.28000020980835,5.099999904632568,5.239999771118164,1501500,5.988200006484985,7.230449991226196,5.5019999742507935,0.3018121011752658,4.898375771900262,6.105624176601325,31.4960452537413
2022-03-02 19:00:00,5.320000171661377,5.320000171661377,5.110000133514404,5.130000114440918,807500,5.966800012588501,7.21154999256134,5.456999969482422,0.2856036987696761,4.88579257194307,6.028207367021774,29.850735646303335
2022-03-03 19:00:00,5.190000057220459,5.230000019073486,5.019999980926514,5.070000171661377,1185000,5.94520001411438,7.191749994754791,5.410999989509582,0.2688357035036065,4.873328582502369,5.948671396516795,32.52031889962957
2022-03-06 19:00:00,5.03000020980835,5.090000152587891,4.789999961853027,4.809999942779541,3714500,5.91640001296997,7.169249992370606,5.3589999914169315,0.2798101056022953,4.799379780212341,5.918620202621522,27.21087111377534
2022-03-07 19:00:00,4.769999980926514,5.090000152587891,4.769999980926514,4.900000095367432,1351500,5.89020001411438,7.142199990749359,5.309500002861023,0.2682590331687551,4.772981936523513,5.846018069198534,30.06534542194032
2022-03-08 19:00:00,4.940000057220459,5.050000190734863,4.889999866485596,4.929999828338623,696000,5.861000013351441,7.110299987792969,5.265999984741211,0.25473207651279745,4.756535831715616,5.775464137766806,32.885884776849636
2022-03-09 19:00:00,4.929999828338623,5.059999942779541,4.900000095367432,4.920000076293945,964000,5.834200010299683,7.081349987983703,5.22649998664856,0.24325155676688795,4.739996873114784,5.713003100182336,32.21475994590293
2022-03-10 19:00:00,4.900000095367432,5.0,4.699999809265137,4.869999885559082,1756000,5.807400007247924,7.052149987220764,5.186499977111817,0.23199989278847172,4.722500191534873,5.65049976268876,32.87670159120006
2022-03-13 19:00:00,4.800000190734863,4.849999904632568,4.670000076293945,4.75,1311000,5.777400007247925,7.0222999858856205,5.148999977111816,0.23916301646973623,4.670673944172344,5.627326010051289,32.87670159120006
2022-03-14 19:00:00,4.849999904632568,4.849999904632568,4.670000076293945,4.75,1083000,5.744000005722046,6.99354998588562,5.1124999761581424,0.241679972501202,4.629140031155739,5.595859921160546,25.757566452896597
2022-03-15 19:00:00,4.809999942779541,4.980000019073486,4.78000020980835,4.900000095367432,2529500,5.7140000057220455,6.9660499882698055,5.081999969482422,0.22691520713250707,4.628169555217408,5.535830383747436,44.54545690993755
2022-03-16 19:00:00,4.929999828338623,4.940000057220459,4.800000190734863,4.849999904632568,739500,5.685,6.938199987411499,5.0524999618530275,0.21601348296113768,4.6204729959307524,5.484526927775303,39.44953727095952
2022-03-17 19:00:00,4.789999961853027,4.789999961853027,4.460000038146973,4.489999771118164,1981000,5.648799991607666,6.9068999862670895,5.0044999599456785,0.2292889470814981,4.545922065782682,5.463077854108675,25.547440428415598
2022-03-20 19:00:00,4.510000228881836,4.599999904632568,4.360000133514404,4.389999866485596,1468500,5.607799987792969,6.873899986743927,4.955499958992005,0.2507772308970038,4.453945497197997,5.4570544207860125,21.126746374609425
2022-03-21 19:00:00,4.46999979019165,4.630000114440918,4.449999809265137,4.480000019073486,1091000,5.562799987792968,6.840899987220764,4.916999959945679,0.2620385760440356,4.392922807857608,5.44107711203375,24.324333032088248
2022-03-23 19:00:00,4.460000038146973,4.53000020980835,4.369999885559082,4.510000228881836,1848000,5.514799995422363,6.808199987411499,4.872999978065491,0.2521298738806864,4.368740230304118,5.377259725826864,27.857155994487755
2022-03-24 19:00:00,4.449999809265137,4.949999809265137,4.449999809265137,4.71999979019165,2847500,5.466999988555909,6.772249987125397,4.857999968528747,0.25184791188386413,4.354304144761019,5.361695792296476,38.70966650320895
2022-03-27 19:00:00,4.690000057220459,4.880000114440918,4.590000152587891,4.800000190734863,2598000,5.424799995422363,6.7383499884605405,4.843999981880188,0.24658510277357387,4.350829776333041,5.337170187427335,49.63504564235343
2022-03-28 19:00:00,4.900000095367432,4.940000057220459,4.769999980926514,4.820000171661377,1390500,5.387600002288818,6.706449990272522,4.826999998092651,0.2351058140481997,4.356788369996251,5.297211626189051,46.923080308902406
2022-03-29 19:00:00,4.78000020980835,4.869999885559082,4.710000038146973,4.78000020980835,740000,5.3504000091552735,6.675399992465973,4.80550000667572,0.21721867334975123,4.371062659976217,5.239937353375223,44.27482555409552
2022-03-30 19:00:00,4.78000020980835,4.949999809265137,4.78000020980835,4.909999847412109,950500,5.317200002670288,6.644099991321564,4.789000010490417,0.19374158900803487,4.401516832474347,5.176483188506487,49.6503417221087
2022-03-31 19:00:00,4.900000095367432,5.429999828338623,4.800000190734863,5.130000114440918,5260000,5.288000001907348,6.612249991893768,4.789000010490417,0.19374158900803487,4.401516832474347,5.176483188506487,58.125005215405174
2022-04-03 19:00:00,4.949999809265137,5.0,4.789999961853027,4.820000171661377,1181000,5.251000003814697,6.577599992752075,4.776500010490418,0.1823898632816883,4.411720283927041,5.141279737053795,51.955311578375884
2022-04-04 19:00:00,4.820000171661377,4.949999809265137,4.820000171661377,4.849999904632568,604000,5.227399997711181,6.542149994373322,4.778500008583069,0.18299484770694363,4.412510313169181,5.144489703996956,52.747249868149304
2022-04-05 19:00:00,4.900000095367432,5.03000020980835,4.900000095367432,4.940000057220459,681000,5.208599996566773,6.505599994659423,4.78050000667572,0.18460415206488648,4.411291702545947,5.149708310805494,51.136362404862865
2022-04-06 19:00:00,4.96999979019165,4.96999979019165,4.809999942779541,4.900000095367432,726500,5.192399997711181,6.471549994945526,4.77900002002716,0.1834437016109031,4.412112616805354,5.145887423248967,51.428576878138955
2022-04-07 19:00:00,5.010000228881836,5.179999828338623,4.920000076293945,5.019999980926514,1337000,5.1769999980926515,6.440349993705749,4.784000015258789,0.1887744696991082,4.406451075860573,5.161548954657005,67.54967870328062
2022-04-10 19:00:00,5.260000228881836,5.840000152587891,5.260000228881836,5.519999980926514,11978000,5.17039999961853,6.411799995899201,4.816500020027161,0.25028985022271827,4.315920319581724,5.317079720472598,79.5811571915038
2022-04-11 19:00:00,5.650000095367432,5.650000095367432,5.349999904632568,5.53000020980835,4735000,5.165600004196167,6.384849996566772,4.855500030517578,0.2959814561363042,4.26353711824497,5.447462942790186,78.68853099754338
2022-04-12 19:00:00,5.630000114440918,5.630000114440918,5.300000190734863,5.400000095367432,2785500,5.158600006103516,6.3571499991416935,4.88800003528595,0.3186088579680276,4.250782319349895,5.525217751222005,73.05699341050519
2022-04-13 19:00:00,5.349999904632568,5.650000095367432,5.25,5.610000133514404,3403000,5.150800008773803,6.330650000572205,4.923500037193298,0.35723025309717593,4.209039530998946,5.63796054338765,73.05700006720191
2022-04-14 19:00:00,5.739999771118164,5.78000020980835,5.550000190734863,5.599999904632568,4399000,5.142200002670288,6.305150001049042,4.9610000371932985,0.38721545899357024,4.186569119206158,5.735430955180439,71.50536710946719
2022-04-17 19:00:00,5.679999828338623,5.860000133514404,5.550000190734863,5.610000133514404,3426000,5.134600009918213,6.284700002670288,5.01700005531311,0.396392963967902,4.224214127377306,5.809785983248914,71.35134591770772
2022-04-18 19:00:00,5.739999771118164,5.739999771118164,5.349999904632568,5.409999847412109,1671500,5.125800008773804,6.267699999809265,5.068000054359436,0.37659973569095506,4.314800582977526,5.821199525741346,65.67162727384226
2022-04-19 19:00:00,5.550000190734863,5.590000152587891,5.300000190734863,5.309999942779541,2042500,5.114200010299682,6.249599997997284,5.109500050544739,0.35341155138233044,4.402676947780078,5.8163231533093995,60.101007546787216
2022-04-20 19:00:00,5.369999885559082,5.449999809265137,5.210000038146973,5.260000228881836,1456000,5.103400011062622,6.230350000858307,5.147000050544738,0.3251088915444886,4.496782267455761,5.797217833633716,53.59116254979786
2022-04-21 19:00:00,5.320000171661377,5.369999885559082,5.300000190734863,5.320000171661377,630500,5.09560001373291,6.215650000572205,5.1770000696182255,0.3110102242811627,4.5549796210559,5.7990205181805505,66.02563671498412
2022-04-24 19:00:00,5.360000133514404,5.570000171661377,5.260000228881836,5.289999961853027,1265500,5.088000011444092,6.2056999993324276,5.201500058174133,0.2988094720124779,4.6038811141491776,5.799119002199089,64.10255783251961
2022-04-25 19:00:00,5.300000190734863,5.349999904632568,5.150000095367432,5.179999828338623,572000,5.081600008010864,6.19125,5.219500041007995,0.28514954705764844,4.649200946892698,5.7897991351232925,57.59492524827207
2022-04-26 19:00:00,5.25,5.300000190734863,5.130000114440918,5.179999828338623,696500,5.075600004196167,6.1775,5.239500021934509,0.26609210910110553,4.707315803732298,5.77168424013672,59.090895016621175
2022-04-27 19:00:00,5.300000190734863,5.300000190734863,4.519999980926514,4.980000019073486,4483000,5.065,6.162599999904632,5.243000030517578,0.2619582213841863,4.719083587749205,5.766916473285951,48.7654339157023
2022-05-05 19:00:00,5.0,5.059999942779541,4.96999979019165,5.0,1665500,5.056199998855591,6.148599998950958,5.236500024795532,0.26648344646674044,4.703533131862051,5.769466917729013,27.192999700931296
2022-05-08 19:00:00,5.03000020980835,5.039999961853027,4.699999809265137,4.71999979019165,1306000,5.041599998474121,6.133049998283386,5.2315000057220455,0.2754952935356366,4.6805094186507725,5.782490592793319,21.276597183753992
2022-05-09 19:00:00,4.71999979019165,4.989999771118164,4.650000095367432,4.789999961853027,1218500,5.03,6.118699998855591,5.228500008583069,0.2801555433001119,4.668188921982845,5.788811095183292,27.407416826407015
2022-05-10 19:00:00,4.789999961853027,4.869999885559082,4.449999809265137,4.619999885559082,2187000,5.017399997711181,6.105699999332428,5.2125,0.3054914601859794,4.601517079628041,5.823482920371959,12.213756851799474
2022-05-11 19:00:00,4.71999979019165,4.71999979019165,4.550000190734863,4.650000095367432,1617500,5.002600002288818,6.090750000476837,5.2,0.32353317287014,4.5529336542597205,5.84706634574028,14.285745016337927
2022-05-12 19:00:00,4.650000095367432,4.900000095367432,4.630000114440918,4.789999961853027,2552500,4.998000001907348,6.077650001049042,5.188499999046326,0.33418050503601304,4.5201389889743,5.856861009118352,21.91781224576178
2022-05-15 19:00:00,4.739999771118164,4.739999771118164,4.5,4.519999980926514,1726000,4.986800003051758,6.063849999904632,5.138499999046326,0.3560644253662141,4.426371148313898,5.850628849778754,20.915041031364353
2022-05-16 19:00:00,4.550000190734863,4.78000020980835,4.539999961853027,4.619999885559082,1247000,4.976000003814697,6.051399998664856,5.092999982833862,0.3615042074712585,4.369991567891345,5.816008397776379,27.450981614346006
2022-05-17 19:00:00,4.599999904632568,4.78000020980835,4.599999904632568,4.639999866485596,1399000,4.96460000038147,6.04059999704361,5.054999971389771,0.36743066422831744,4.320138642933136,5.789861299846406,29.333327823216806
2022-05-18 19:00:00,4.659999847412109,4.730000019073486,4.579999923706055,4.610000133514404,771000,4.952000007629395,6.030399997234344,5.00499997138977,0.355786766642517,4.293426438104736,5.7165735046748045,25.850343225377856
2022-05-19 19:00:00,4.639999866485596,4.800000190734863,4.550000190734863,4.590000152587891,689500,4.941200008392334,6.021749997138977,4.954499983787537,0.3381291560406921,4.278241671706152,5.6307582958689215,26.027404418647336
2022-05-22 19:00:00,4.519999980926514,4.789999961853027,4.480000019073486,4.5,628000,4.929800004959106,6.00764999628067,4.898999977111816,0.3151925035244282,4.26861497006296,5.529384984160672,26.388895787574356
2022-05-23 19:00:00,4.630000114440918,4.630000114440918,4.420000076293945,4.460000038146973,549500,4.9228000068664555,5.988349997997284,4.85149998664856,0.3055672092808495,4.240365568086861,5.462634405210259,25.675683077274996
2022-05-24 19:00:00,4.449999809265137,4.579999923706055,4.380000114440918,4.539999961853027,473500,4.915600004196167,5.967899997234344,4.812999987602234,0.2930080046966805,4.226983978208874,5.399015996995595,33.82352889615365
2022-05-25 19:00:00,4.599999904632568,4.739999771118164,4.53000020980835,4.710000038146973,1246000,4.911200008392334,5.9492999958992,4.7854999780654905,0.2740433013137327,4.237413375438025,5.333586580692956,40.39735371206619
2022-05-26 19:00:00,4.949999809265137,5.079999923706055,4.650000095367432,4.690000057220459,4121000,4.906600008010864,5.930449995994568,4.753999972343445,0.24392402393727525,4.266151924468895,5.241848020217995,48.80001068115234
2022-05-29 19:00:00,4.710000038146973,4.820000171661377,4.679999828338623,4.710000038146973,1055000,4.903400011062622,5.912899994850159,4.724999976158142,0.2087934851652292,4.307413005827684,5.142586946488601,46.66666931576241
2022-05-30 19:00:00,4.739999771118164,4.78000020980835,4.610000133514404,4.639999866485596,569500,4.901200008392334,5.894549992084503,4.697999978065491,0.17975419250238117,4.338491593060729,5.057508363070253,50.90909012093025
2022-05-31 19:00:00,4.610000133514404,4.769999980926514,4.579999923706055,4.639999866485596,626000,4.899000005722046,5.877049989700318,4.670999979972839,0.13961978144823742,4.391760417076364,4.950239542869314,49.53269945168168
2022-06-01 19:00:00,4.690000057220459,4.699999809265137,4.519999980926514,4.570000171661377,564500,4.892400007247925,5.859899990558624,4.650499987602234,0.12067680356012789,4.409146380481978,4.891853594722489,39.00000524521124
2022-06-02 19:00:00,4.699999809265137,4.869999885559082,4.409999847412109,4.449999809265137,2033000,4.884400005340576,5.84299998998642,4.622999978065491,0.09723005269357116,4.428539872678349,4.817460083452633,45.88234238145967
2022-06-05 19:00:00,4.409999847412109,4.550000190734863,4.400000095367432,4.480000019073486,924500,4.884200010299683,5.827099990844727,4.610999989509582,0.09941407556845606,4.41217183837267,4.809828140646495,41.02565199822226
2022-06-06 19:00:00,4.559999942779541,4.559999942779541,4.429999828338623,4.480000019073486,658000,4.88600001335144,5.811099991798401,4.5954999923706055,0.09405905589761034,4.407381880575385,4.783618104165826,39.47369741930789
2022-06-07 19:00:00,4.53000020980835,4.710000038146973,4.460000038146973,4.519999980926514,1771500,4.886800012588501,5.794549992084503,4.590499997138977,0.09533735719072864,4.3998252827575195,4.781174711520435,44.15583772188397
2022-06-08 19:00:00,4.110000133514404,4.300000190734863,4.070000171661377,4.090000152587891,14358000,4.878400011062622,5.77574999332428,4.5625,0.14581438412855305,4.270871231742894,4.854128768257106,28.813564801344853
2022-06-09 19:00:00,4.150000095367432,4.150000095367432,4.0,4.039999961853027,4198500,4.86480001449585,5.757299993038178,4.525,0.17727467758990856,4.170450644820184,4.879549355179817,29.82456580643597
2022-06-12 19:00:00,4.090000152587891,4.090000152587891,3.9700000286102295,4.010000228881836,3314000,4.849000015258789,5.740199995040894,4.499500012397766,0.21142308439468754,4.076653843608391,4.922346181187141,30.088506031356474
2022-06-13 19:00:00,4.010000228881836,4.059999942779541,3.9700000286102295,4.039999961853027,3212000,4.833400011062622,5.720799994468689,4.470500016212464,0.23272920486311308,4.0050416064862375,4.93595842593869,26.851850216607716
2022-06-14 19:00:00,4.050000190734863,4.119999885559082,4.0,4.019999980926514,1060500,4.818200006484985,5.702699995040893,4.439500021934509,0.2496413071814012,3.9402174075717067,4.9387826362973115,12.903215882679575
2022-06-15 19:00:00,4.059999942779541,4.090000152587891,3.9600000381469727,3.990000009536743,1070500,4.799800009727478,5.683499995470047,4.408500015735626,0.2653552562314793,3.8777895032726675,4.9392105281985845,12.765947733057374
2022-06-16 19:00:00,4.019999980926514,4.190000057220459,3.990000009536743,4.170000076293945,3164500,4.780600008964538,5.66609999537468,4.387500011920929,0.2668505146702521,3.8537989825804253,4.921201041261433,25.454545060465122
2022-06-19 19:00:00,4.199999809265137,4.21999979019165,4.079999923706055,4.099999904632568,988000,4.766200003623962,5.64814999461174,4.367500007152557,0.27289624083485936,3.8217075254828385,4.913292488822276,25.454545060465122
2022-06-20 19:00:00,4.110000133514404,4.199999809265137,4.099999904632568,4.179999828338623,1190500,4.752800002098083,5.6314499938488005,4.35349999666214,0.27507461785953646,3.803350760943067,4.903649232381213,30.50847012432925
2022-06-21 19:00:00,4.239999771118164,4.269999980926514,4.099999904632568,4.230000019073486,2365500,4.738600001335144,5.61649999499321,4.337999999523163,0.2727366062747301,3.7925267869737027,4.883473212072623,35.34482510563379
2022-06-22 19:00:00,4.28000020980835,4.320000171661377,4.21999979019165,4.25,1121500,4.7255999994277955,5.600849994421005,4.314999997615814,0.2587520496809867,3.7974958982538407,4.832504096977788,40.56604622351698
2022-06-23 19:00:00,4.25,4.260000228881836,4.0,4.059999942779541,3750000,4.706399998664856,5.58439999461174,4.283499991893768,0.2488557833387182,3.7857884252163316,4.781211558571204,32.786879158890386
2022-06-26 19:00:00,4.099999904632568,4.139999866485596,4.010000228881836,4.050000190734863,1284000,4.677000002861023,5.568449996709823,4.2504999995231625,0.2325482060811356,3.785403587360891,4.715596411685434,32.52032567602353
2022-06-27 19:00:00,4.050000190734863,4.159999847412109,4.0,4.010000228881836,2051500,4.646600003242493,5.55259999871254,4.2190000176429745,0.21930268808505887,3.780394641472857,4.657605393813093,29.26829504678433
2022-06-28 19:00:00,4.070000171661377,4.380000114440918,4.050000190734863,4.25,7563500,4.623600001335144,5.53799999833107,4.199500024318695,0.19599877045976322,3.8075024833991686,4.591497565238221,57.69230416540388
2022-06-29 19:00:00,4.269999980926514,4.320000171661377,4.179999828338623,4.21999979019165,1514000,4.595799994468689,5.523199998140335,4.182000005245209,0.17575696591443646,3.830486073416336,4.533513937074082,58.82352528687378
2022-06-30 19:00:00,4.210000038146973,4.400000095367432,4.199999809265137,4.25,1585000,4.568799996376038,5.509049998521805,4.172000014781952,0.16507092868285178,3.8418581574162487,4.502141872147655,61.764694882648975
2022-07-03 19:00:00,4.239999771118164,4.239999771118164,4.099999904632568,4.099999904632568,412500,4.538599991798401,5.494349998235703,4.153000009059906,0.14882342545116994,3.855353158157566,4.450646859962246,52.63157564517303
2022-07-04 19:00:00,4.199999809265137,4.199999809265137,4.039999961853027,4.099999904632568,461500,4.51239999294281,5.480399998426438,4.13400000333786,0.12762606305945898,3.878747877218942,4.389252129456778,53.571424009850084
2022-07-05 19:00:00,4.139999866485596,4.199999809265137,4.110000133514404,4.159999847412109,319000,4.489399991035461,5.466099997758866,4.11599999666214,0.09022773288682784,3.9355445308884844,4.296455462435795,57.39129515361512
2022-07-06 19:00:00,4.070000171661377,4.239999771118164,4.059999942779541,4.210000038146973,738500,4.4683999872207645,5.4525999987125395,4.121999990940094,0.09237220165595031,3.9372555876281936,4.306744394251995,51.96078156380078
2022-07-12 19:00:00,4.210000038146973,4.340000152587891,4.150000095367432,4.239999771118164,1018000,4.4467999792099,5.438149996995926,4.131999981403351,0.09384191530750977,3.9443161507883313,4.31968381201837,57.142850191878296
2022-07-13 19:00:00,4.300000190734863,4.349999904632568,4.199999809265137,4.25,1247000,4.42599997997284,5.4266999971866605,4.143999969959259,0.09275884595912201,3.9584822780410147,4.329517661877503,53.846161907641395
2022-07-14 19:00:00,4.230000019073486,4.300000190734863,4.079999923706055,4.099999904632568,2707500,4.4043999814987185,5.414899996519089,4.146999967098236,0.09015188090272075,3.966696205292795,4.3273037289036775,43.56435222867028
2022-07-17 19:00:00,4.099999904632568,4.199999809265137,4.010000228881836,4.079999923706055,575000,4.382399983406067,5.403199995756149,4.149999964237213,0.08663288565031864,3.9767341929365756,4.32326573553785,41.584156546075675
2022-07-18 19:00:00,4.099999904632568,4.150000095367432,3.950000047683716,3.9800000190734863,1030500,4.362399983406067,5.389999996423722,4.1494999647140505,0.08762806463053702,3.9742438354529765,4.324756093975124,45.65217842001057
2022-07-19 19:00:00,3.930000066757202,4.099999904632568,3.930000066757202,3.9600000381469727,715000,4.341599984169006,5.378449996709824,4.138999962806702,0.09711085453451448,3.944778253737673,4.333221671875731,45.161283706736015
2022-07-20 19:00:00,4.139999866485596,4.139999866485596,3.5899999141693115,3.6700000762939453,1768500,4.320599989891052,5.3643999969959255,4.117499971389771,0.14297124107075304,3.8315574892482647,4.403442453531277,35.59321759932757
2022-07-21 19:00:00,3.890000104904175,3.9800000190734863,3.680000066757202,3.9000000953674316,614500,4.30279999256134,5.348749996423721,4.103499984741211,0.15006221711796905,3.8033755505052724,4.403624418977149,35.04274618948196
2022-07-24 19:00:00,3.819999933242798,3.9100000858306885,3.809999942779541,3.859999895095825,273000,4.287599992752075,5.333299996852875,4.084999978542328,0.15632283422539583,3.7723543100915364,4.397645646993119,34.74577418416938
2022-07-25 19:00:00,3.809999942779541,3.890000104904175,3.809999942779541,3.869999885559082,456500,4.271999988555908,5.318649995326996,4.065999972820282,0.15829349324293998,3.7494129863344017,4.3825869593061615,33.62068930080483
2022-07-26 19:00:00,3.9100000858306885,3.9100000858306885,3.6600000858306885,3.7100000381469727,776000,4.250399990081787,5.3039499950408935,4.048499977588653,0.17720857863914313,3.694082820310367,4.402917134866939,33.333340125885
2022-07-27 19:00:00,3.7699999809265137,3.950000047683716,3.75,3.859999895095825,1083500,4.237199988365173,5.289949995279312,4.0389999628067015,0.18214796636482572,3.67470403007705,4.403295895536353,40.909090088090245
2022-07-28 19:00:00,3.9100000858306885,3.930000066757202,3.75,3.8399999141693115,498500,4.221599988937378,5.276299993991852,4.030499947071076,0.18746154423969053,3.6555768585916946,4.405423035550457,37.50000232830649
2022-07-31 19:00:00,3.859999895095825,3.859999895095825,3.75,3.75,441500,4.203799991607666,5.263399994373321,4.005499947071075,0.1899715668305431,3.625556813409989,4.385443080732162,32.57575210241886
2022-08-01 19:00:00,3.7200000286102295,3.8499999046325684,3.6500000953674316,3.7799999713897705,491500,4.187199988365173,5.2514999949932095,3.9834999561309816,0.18929992801500706,3.6049001001009673,4.362099812160996,32.57576428059629
2022-08-02 19:00:00,3.7799999713897705,3.940000057220459,3.7799999713897705,3.880000114440918,960500,4.172999987602234,5.245099996328354,3.964999961853027,0.17972196952446107,3.6055560228041053,4.324443900901949,36.87943526241603
2022-08-03 19:00:00,3.950000047683716,3.950000047683716,3.8299999237060547,3.880000114440918,456500,4.160599989891052,5.238549996614456,3.953999972343445,0.17774608358860772,3.5985078051662294,4.3094921395206605,41.269847877563336
2022-08-04 19:00:00,3.9800000190734863,4.119999885559082,3.8299999237060547,4.010000228881836,2536000,4.15159999370575,5.232349997758865,3.949499988555908,0.17497289802361438,3.5995541925086796,4.299445784603137,47.44526639884891
2022-08-09 19:00:00,4.090000152587891,4.099999904632568,4.0,4.019999980926514,1097500,4.141199994087219,5.224749997854233,3.9424999952316284,0.16879991987211998,3.6049001554873885,4.280099834975869,51.56249883584654
2022-08-10 19:00:00,4.010000228881836,4.039999961853027,3.8499999046325684,3.9000000953674316,1776000,4.1249999952316285,5.2171499979496,3.9269999980926515,0.15674649602907523,3.613507006034501,4.240492990150802,47.82608845884463
2022-08-11 19:00:00,3.990000009536743,4.900000095367432,3.9100000858306885,4.900000095367432,22897500,4.1291999959945676,5.21509999871254,3.960000014305115,0.2609496953248653,3.438100623655384,4.481899404954845,79.42584234209671
2022-08-14 19:00:00,5.690000057220459,5.900000095367432,5.539999961853027,5.900000095367432,15425500,4.152999997138977,5.218549998998642,4.042500019073486,0.5045673202903993,3.0333653784926877,5.051634659654285,84.96503916234039
2022-08-15 19:00:00,6.900000095367432,6.900000095367432,6.599999904632568,6.900000095367432,26139000,4.1982000017166134,5.226999999284744,4.18250002861023,0.8145769269727252,2.5533461746647794,5.81165388255568,89.79058419987369
2022-08-16 19:00:00,6.900000095367432,7.46999979019165,6.5,6.670000076293945,48292000,4.238800005912781,5.234850000143052,4.312000036239624,0.9853912128631658,2.3412176105132927,6.282782461965955,84.65347212443847
2022-08-17 19:00:00,6.679999828338623,6.809999942779541,6.260000228881836,6.320000171661377,14950000,4.273800005912781,5.2403500020504,4.429000043869019,1.0784243257769173,2.2721513923151844,6.585848695422854,80.85106874662381
2022-08-18 19:00:00,6.260000228881836,7.320000171661377,6.099999904632568,6.869999885559082,71464000,4.32220000743866,5.24825000166893,4.574500036239624,1.2011419077450518,2.1722162207495206,6.976783851729728,82.50540368312983
2022-08-21 19:00:00,6.599999904632568,6.840000152587891,6.539999961853027,6.590000152587891,9885000,4.364400010108948,5.254200001955033,4.720500040054321,1.2613671840604477,2.1977656719334258,7.2432344081752165,78.1186167253929
2022-08-22 19:00:00,6.760000228881836,7.150000095367432,5.920000076293945,6.940000057220459,64117500,4.413600010871887,5.261750003099442,4.872500038146972,1.3381207652610352,2.196258507624902,7.548741568669042,80.9708795036004
2022-08-23 19:00:00,7.050000190734863,7.150000095367432,6.75,6.820000171661377,27016500,4.459600014686584,5.2668000042438505,5.02050005197525,1.3831751537776589,2.2541497444199323,7.786850359530568,79.00764072534042
2022-08-24 19:00:00,6.940000057220459,6.940000057220459,6.610000133514404,6.739999771118164,10506500,4.51260000705719,5.270400003194809,5.1640000462532045,1.40621702859279,2.3515659890676246,7.976434103438784,77.39463633031922
2022-08-25 19:00:00,6.75,6.840000152587891,6.400000095367432,6.579999923706055,9618000,4.56340000629425,5.27325000166893,5.307500040531158,1.396434839544885,2.5146303614413883,8.100369719620929,75.09293894462625
2022-08-28 19:00:00,6.619999885559082,6.670000076293945,6.400000095367432,6.480000019073486,8975000,4.6128000020980835,5.272650002241135,5.4385000467300415,1.3762430640766818,2.686013918576678,8.190986174883406,73.08411471509955
2022-08-29 19:00:00,6.690000057220459,6.739999771118164,6.460000038146973,6.519999980926514,7828500,4.662400002479553,5.272800003290176,5.572500050067902,1.342467756604731,2.8875645368584397,8.257435563277363,73.23420436782905
2022-08-30 19:00:00,6.510000228881836,6.699999809265137,6.460000038146973,6.550000190734863,5057000,4.7130000066757205,5.275450004339218,5.712500059604645,1.2872691190440382,3.1379618215165688,8.287038297692721,75.04726231896299
2022-08-31 19:00:00,6.789999961853027,6.849999904632568,6.539999961853027,6.559999942779541,8240500,4.764400005340576,5.2779500043392185,5.851500058174134,1.2157184010207436,3.4200632561326465,8.28293686021562,69.30232723188661
2022-09-01 19:00:00,6.550000190734863,6.579999923706055,6.400000095367432,6.440000057220459,3104500,4.809800004959106,5.280300005674362,5.97950005531311,1.1288861211601906,3.721727812992729,8.237272297633492,57.89473830974848
2022-09-04 19:00:00,6.480000019073486,6.820000171661377,6.400000095367432,6.539999961853027,12777500,4.858600006103516,5.2835500061511995,6.1125000476837155,1.0199528833418825,4.072594280999951,8.15240581436748,42.857137450823785
2022-09-05 19:00:00,6.659999847412109,7.349999904632568,6.599999904632568,7.090000152587891,46806000,4.916800012588501,5.286350005865097,6.266500043869018,0.9126726164355514,4.441154810997915,8.091845276740122,57.39436962613606
2022-09-06 19:00:00,7.179999828338623,7.199999809265137,6.909999847412109,6.940000057220459,8625000,4.97100001335144,5.289600006341934,6.412500047683716,0.7541804371543646,4.904139173374987,7.920860921992445,61.74242478975811
2022-09-07 19:00:00,7.010000228881836,7.119999885559082,6.869999885559082,6.96999979019165,5514500,5.025400009155273,5.29475000500679,6.566000032424927,0.47759703065595965,5.610805971113007,7.521194093736846,52.358488974599645
2022-09-08 19:00:00,7.0,7.050000190734863,6.829999923706055,6.849999904632568,4279000,5.081200008392334,5.299900003671646,6.663500022888184,0.2761440055733616,6.11121201174146,7.215788034034907,56.63264822036304
2022-09-11 19:00:00,6.820000171661377,6.920000076293945,6.519999980926514,6.599999904632568,4976000,5.132200002670288,5.303100003004074,6.69850001335144,0.21094460029934747,6.276610812752745,7.120389213950135,40.86020926489642
2022-09-12 19:00:00,6.679999828338623,6.989999771118164,6.639999866485596,6.809999942779541,10214500,5.188199996948242,5.305950003862381,6.694000005722046,0.20734916056463457,6.2793016845927765,7.108698326851315,49.74358384974395
2022-09-13 19:00:00,6.559999942779541,6.809999942779541,6.519999980926514,6.570000171661377,8587500,5.234600000381469,5.308700004816055,6.6890000104904175,0.20915617138478826,6.270687667720841,7.107312353259994,45.97157190673243
2022-09-14 19:00:00,6.610000133514404,6.659999847412109,6.400000095367432,6.420000076293945,7212000,5.278600006103516,5.311450005769729,6.694000005722046,0.20090320542280912,6.292193594876427,7.095806416567664,46.19047878550905
2022-09-15 19:00:00,6.449999809265137,7.059999942779541,6.150000095367432,6.920000076293945,26089500,5.332000007629395,5.315700005292893,6.696500015258789,0.20350286875983908,6.289494277739111,7.103505752778467,58.800002822876515
2022-09-18 19:00:00,6.989999771118164,7.059999942779541,6.75,6.800000190734863,10783000,5.38600001335144,5.319850007295608,6.707000017166138,0.20313594087778486,6.3007281354105675,7.113271898921708,55.426361818568594
2022-09-19 19:00:00,6.820000171661377,7.010000228881836,6.590000152587891,6.829999923706055,8874500,5.44060001373291,5.3239500057697295,6.701500010490418,0.197917441044787,6.305665128400844,7.097334892579991,55.42635358043858
2022-09-20 19:00:00,6.949999809265137,6.949999809265137,6.710000038146973,6.739999771118164,4275000,5.492200012207031,5.328000005483627,6.697499990463257,0.19619738933977493,6.305105211783707,7.0898947691428065,53.3834562205125
2022-09-21 19:00:00,6.75,6.880000114440918,6.599999904632568,6.820000171661377,4113500,5.544400014877319,5.332500005960465,6.701500010490418,0.197917441044787,6.305665128400844,7.097334892579991,57.251910897695126
2022-09-22 19:00:00,6.849999904632568,7.150000095367432,6.25,6.5,29827000,5.589600019454956,5.337200006246567,6.697500014305115,0.20128206703320156,6.294935880238712,7.100064148371518,49.29577535732563
2022-09-25 19:00:00,6.519999980926514,6.690000057220459,6.5,6.550000190734863,5583000,5.635600023269653,5.341950007677078,6.701000022888183,0.19788086374592942,6.305238295396324,7.096761750380042,38.46154002905039
2022-09-26 19:00:00,6.599999904632568,6.690000057220459,6.480000019073486,6.5,4722500,5.683600025177002,5.344550007581711,6.7000000238418576,0.19889165029032094,6.302216723261216,7.097783324422499,40.17857123850562
2022-09-27 19:00:00,6.599999904632568,6.599999904632568,6.260000228881836,6.300000190734863,4206000,5.7280000305175784,5.345800007581711,6.687500023841858,0.21594039127578668,6.255619241290285,7.119380806393432,36.099595242471665
2022-09-28 19:00:00,6.300000190734863,6.46999979019165,6.25,6.389999866485596,2925500,5.77620002746582,5.344250007867813,6.679000020027161,0.22440328719348324,6.230193445640194,7.127806594414127,40.3361341170559
2022-09-29 19:00:00,6.300000190734863,6.489999771118164,6.239999771118164,6.329999923706055,2317500,5.823600025177002,5.344250007867813,6.673500013351441,0.2317956171312023,6.209908779089036,7.137091247613845,43.83561703488728
2022-10-02 19:00:00,6.480000019073486,6.679999828338623,6.420000076293945,6.440000057220459,9038500,5.879000024795532,5.345600007772446,6.668500018119812,0.235869602804984,6.196760812509845,7.14023922372978,41.148328742920455
2022-10-03 19:00:00,6.440000057220459,6.599999904632568,6.340000152587891,6.360000133514404,4195500,5.928200025558471,5.348150008916855,6.6320000171661375,0.22336184179992924,6.185276333566279,7.078723700765996,44.55958536421459
2022-10-04 19:00:00,6.300000190734863,6.480000019073486,6.119999885559082,6.28000020980835,10067000,5.976600031852723,5.3495000088214875,6.599000024795532,0.22421554301376445,6.150568938768004,7.0474311108230605,46.236562999028635
2022-10-05 19:00:00,6.400000095367432,6.650000095367432,6.28000020980835,6.420000076293945,9505000,6.02760003566742,5.348900009393692,6.571500039100647,0.2095678204789251,6.1523643981427965,6.990635680058497,33.33333333333333
2022-10-06 19:00:00,6.420000076293945,6.550000190734863,6.349999904632568,6.409999847412109,5239000,6.081600031852722,5.35000000834465,6.549500036239624,0.20174174352399496,6.146016549191634,6.952983523287614,35.97121413688036
2022-10-09 19:00:00,6.519999980926514,6.610000133514404,6.380000114440918,6.429999828338623,2999500,6.133000030517578,5.351400007009506,6.541000032424927,0.20307892582955353,6.13484218076582,6.947157884084034,35.507249131068306
2022-10-10 19:00:00,6.429999828338623,6.489999771118164,6.269999980926514,6.309999942779541,2387000,6.182400031089783,5.351750007867813,6.516000032424927,0.1989551710748521,6.118089690275222,6.913910374574631,34.75178264346961
2022-10-11 19:00:00,6.340000152587891,6.340000152587891,6.21999979019165,6.239999771118164,2097500,6.232200026512146,5.351900006532669,6.499500012397766,0.2077315015308526,6.08403700933606,6.914963015459471,29.285701391649155
2022-10-12 19:00:00,6.260000228881836,6.420000076293945,6.25,6.380000114440918,2186000,6.284200029373169,5.35290000796318,6.497500014305115,0.20872736483152854,6.080045284642058,6.914954743968172,45.081972979754745
2022-10-13 19:00:00,6.420000076293945,6.639999866485596,6.300000190734863,6.46999979019165,9156000,6.336000022888183,5.3542500078678135,6.475,0.18351826107787908,6.107963477844241,6.842036522155758,46.825380306091674
2022-10-16 19:00:00,6.449999809265137,6.599999904632568,6.309999942779541,6.340000152587891,5310500,6.385200023651123,5.355200008153916,6.451999998092651,0.16888487575249808,6.114230246587655,6.789769749597647,44.029852870739326
2022-10-17 19:00:00,6.449999809265137,6.5,6.309999942779541,6.329999923706055,3524000,6.431600017547607,5.355600007772446,6.4269999980926515,0.14535256561518872,6.136294866862274,6.717705129323029,51.30433664880392
2022-10-18 19:00:00,6.349999904632568,6.449999809265137,6.309999942779541,6.400000095367432,2984000,6.4792000198364255,5.356550008058548,6.410000014305115,0.12532067207664227,6.15935867015183,6.660641358458399,50.44248795880802
2022-10-19 19:00:00,6.400000095367432,6.869999885559082,6.400000095367432,6.730000019073486,31433000,6.535800018310547,5.3582500088214875,6.40550000667572,0.1105714864718745,6.184357033731971,6.6266429796194695,64.28571671855676
2022-10-20 19:00:00,6.800000190734863,6.860000133514404,6.53000020980835,6.570000171661377,12157000,6.569200019836426,5.359800008535385,6.409000015258789,0.11474917110852584,6.179501673041737,6.63849835747584,54.482763156596626
2022-10-23 19:00:00,6.710000038146973,6.809999942779541,6.550000190734863,6.690000057220459,9030000,6.585000019073487,5.362200008630753,6.416000008583069,0.1273784351531308,6.161243138276808,6.67075687888933,61.073824644228225
2022-10-24 19:00:00,6.75,7.090000152587891,6.739999771118164,6.809999942779541,35212500,6.5832000160217286,5.3650000083446505,6.431500005722046,0.15417949219586732,6.123141021330311,6.73985899011378,67.3202557343574
2022-10-25 19:00:00,6.610000133514404,6.769999980926514,6.349999904632568,6.389999866485596,11764500,6.577600011825561,5.364850007295608,6.4359999895095825,0.15142829875189098,6.133143392005801,6.738856587013364,49.171264896222056
2022-10-26 19:00:00,6.420000076293945,6.550000190734863,6.309999942779541,6.409999847412109,5342000,6.579400005340577,5.364900006055832,6.436999988555908,0.15117436076544183,6.134651267025025,6.739348710086792,50.0
2022-10-27 19:00:00,6.489999771118164,6.489999771118164,6.139999866485596,6.159999847412109,5027500,6.565200004577637,5.364200004339218,6.428499984741211,0.16190561297164982,6.104688758797911,6.7523112106845105,43.414633692480926
2022-10-30 19:00:00,6.199999809265137,6.340000152587891,6.199999809265137,6.260000228881836,2778500,6.558600006103515,5.364000004529953,6.41949999332428,0.1661792060382163,6.087141581247847,6.7518584054007125,48.76848008054084
2022-10-31 19:00:00,6.28000020980835,6.590000152587891,6.28000020980835,6.519999980926514,4096000,6.550200004577636,5.364400004148483,6.427499985694885,0.16701324537803847,6.093473494938808,6.761526476450962,56.30631162771816
2022-11-01 19:00:00,6.559999942779541,7.519999980926514,6.429999828338623,7.340000152587891,55741500,6.560600004196167,5.367450004816055,6.480499982833862,0.2600299006350149,5.960440181563833,7.000559784103892,66.5517269728729
2022-11-02 19:00:00,7.690000057220459,8.34000015258789,7.559999942779541,8.34000015258789,78510500,6.592600011825562,5.374600006341934,6.576499986648559,0.48960005499850195,5.597299876651555,7.555700096645563,74.54068753911848
2022-11-03 19:00:00,8.300000190734863,8.890000343322754,8.109999656677246,8.390000343322754,73150000,6.628800020217896,5.381000007390976,6.675500011444091,0.6332662702768783,5.408967470890335,7.942032551997848,77.47989166465747
2022-11-06 19:00:00,8.600000381469727,8.6899995803833,8.140000343322754,8.210000038146973,16646500,6.663400020599365,5.3875000083446505,6.764500021934509,0.7165523144319417,5.3313953930706255,8.197604650798393,74.10256203344854
2022-11-07 19:00:00,8.350000381469727,8.470000267028809,7.809999942779541,7.869999885559082,13439500,6.690400018692016,5.393450008630753,6.842500019073486,0.7486611489320897,5.345177721209307,8.339822316937665,67.62589442689499
2022-11-09 19:00:00,7.949999809265137,8.449999809265137,7.559999942779541,7.679999828338623,41553000,6.713000011444092,5.3986500084400175,6.91450002193451,0.7568666772667384,5.400766667401033,8.428233376467986,61.7865961215989
2022-11-10 19:00:00,7.760000228881836,7.760000228881836,7.510000228881836,7.610000133514404,11717500,6.734000015258789,5.403850008249282,6.976000022888184,0.7611100421071263,5.453779938673931,8.498220107102437,63.19796727009554
2022-11-13 19:00:00,7.699999809265137,8.1899995803833,7.599999904632568,7.880000114440918,26558500,6.762800016403198,5.410300008058548,7.046500039100647,0.7769121169580679,5.492675805184511,8.600324273016783,64.54767572233533
2022-11-14 19:00:00,7.949999809265137,7.989999771118164,7.710000038146973,7.789999961853027,7900000,6.787800016403199,5.415900007486344,7.119000029563904,0.7751665826129097,5.568666864338084,8.669333194789724,62.06896308729207
2022-11-15 19:00:00,7.829999923706055,8.239999771118164,7.829999923706055,8.039999961853027,16148500,6.806800012588501,5.425950006246567,7.204500031471253,0.7778613083964793,5.648777414678294,8.760222648264211,71.20822297538234
2022-11-16 19:00:00,8.100000381469727,8.149999618530273,7.820000171661377,7.860000133514404,8160000,6.82520001411438,5.435850006341934,7.277500033378601,0.7668176314422493,5.743864770494103,8.8111352962631,67.90123514932124
2022-11-17 19:00:00,7.900000095367432,8.100000381469727,7.840000152587891,7.880000114440918,9850000,6.843400020599365,5.446700006723404,7.335000038146973,0.7667189627501267,5.801562112646719,8.868437963647226,72.51308867846477
2022-11-20 19:00:00,7.940000057220459,8.0,7.760000228881836,7.800000190734863,3204500,6.862400026321411,5.4567500078678135,7.396500039100647,0.7513026138090402,5.893894811482566,8.899105266718728,70.26315637572658
2022-11-21 19:00:00,8.109999656677246,8.229999542236328,7.949999809265137,7.980000019073486,15396000,6.890000028610229,5.467400008440018,7.4610000371932985,0.7427821717938887,5.975435693605521,8.946564380781076,69.62365501808263
2022-11-22 19:00:00,8.050000190734863,8.09000015258789,7.800000190734863,7.840000152587891,5322000,6.910600032806396,5.477750009298324,7.512500047683716,0.7308818279777597,6.050736391728196,8.974263703639235,58.22368431371996
2022-11-23 19:00:00,7.699999809265137,8.09000015258789,7.659999847412109,7.960000038146973,9135000,6.938400030136108,5.48880000948906,7.591000056266784,0.68696821502423,6.217063626218325,8.964936486315244,41.203700433215424
2022-11-24 19:00:00,8.1899995803833,8.1899995803833,7.960000038146973,7.96999979019165,10296000,6.969400024414062,5.498650008440018,7.669000053405762,0.6321966946809378,6.404606664043887,8.933393442767638,40.09432381435645
2022-11-27 19:00:00,7.75,7.989999771118164,7.610000133514404,7.730000019073486,12134500,6.985600023269654,5.507150007486343,7.747500061988831,0.5230062343251334,6.701487593338564,8.793512530639097,38.990819567569716
2022-11-28 19:00:00,7.730000019073486,7.840000152587891,7.650000095367432,7.710000038146973,3339000,7.003800020217896,5.515750008821487,7.820000052452087,0.3893855096692608,7.041229033113566,8.598771071790608,45.698925833824696
2022-11-29 19:00:00,7.789999961853027,7.800000190734863,7.619999885559082,7.659999847412109,3593500,7.020400018692016,5.524800008535385,7.877000045776367,0.24617284498308972,7.384654355810188,8.369345735742547,49.41860481234366
2022-11-30 19:00:00,7.75,8.079999923706055,7.71999979019165,7.820000171661377,12137500,7.042000026702881,5.534450010061264,7.901000046730042,0.2121047931148312,7.476790460500379,8.325209632959705,55.80110773783117
2022-12-01 19:00:00,7.880000114440918,8.020000457763672,7.659999847412109,7.690000057220459,7256000,7.059400024414063,5.543900009393692,7.86850004196167,0.1899383997669315,7.488623242427806,8.248376841495533,44.3113741679261
2022-12-04 19:00:00,7.699999809265137,8.029999732971191,7.699999809265137,7.760000228881836,8038500,7.084600028991699,5.554150010347366,7.837000036239624,0.14607495486246636,7.5448501265146914,8.129149945964556,49.09091697251683
2022-12-05 19:00:00,7.909999847412109,7.909999847412109,7.610000133514404,7.760000228881836,3643000,7.108800029754638,5.564600011110306,7.814500045776367,0.11744986249834367,7.57960032077968,8.049399770773055,40.000006811961256
2022-12-06 19:00:00,7.840000152587891,8.079999923706055,7.760000228881836,7.909999847412109,11046500,7.137000026702881,5.576650010347366,7.816500043869018,0.11877774775336115,7.578944548362296,8.05405553937574,51.8248078641271
2022-12-07 19:00:00,8.0,8.0600004196167,7.679999828338623,7.710000038146973,13059000,7.165200023651123,5.5878000104427334,7.818000054359436,0.11714135761535079,7.583717339128734,8.052282769590137,44.516123871895026
2022-12-08 19:00:00,7.710000038146973,7.829999923706055,7.650000095367432,7.670000076293945,2783000,7.19080002784729,5.598600009679794,7.821000051498413,0.11219810543351824,7.596603840631377,8.04539626236545,45.69535838276969
2022-12-11 19:00:00,7.71999979019165,7.920000076293945,7.659999847412109,7.699999809265137,4211000,7.218200025558471,5.609900008440018,7.812000036239624,0.11441382141725337,7.583172393405118,8.04082767907413,39.705868431432705
2022-12-12 19:00:00,7.679999828338623,7.78000020980835,7.429999828338623,7.480000019073486,3812500,7.239000024795533,5.620050009489059,7.796500039100647,0.13643100010316409,7.523638038894319,8.069362039306975,37.499987582357946
2022-12-13 19:00:00,7.449999809265137,7.550000190734863,7.349999904632568,7.429999828338623,3970500,7.260400018692017,5.6303500092029575,7.766000032424927,0.1469120972335608,7.472175837957805,8.059824226892049,30.65691830105284
2022-12-14 19:00:00,7.480000019073486,7.5,7.03000020980835,7.110000133514404,7910000,7.277000017166138,5.639650009870529,7.728500032424927,0.2056382836468907,7.317223465131145,8.139776599718708,24.404762242656858
2022-12-15 19:00:00,7.119999885559082,7.139999866485596,6.75,6.800000190734863,5301000,7.284600019454956,5.646700011491776,7.674500036239624,0.28876275635809745,7.0969745235234285,8.25202554895582,23.428569093041858
2022-12-18 19:00:00,6.650000095367432,6.679999828338623,5.840000152587891,6.090000152587891,9454500,7.278200025558472,5.652050012350083,7.589000034332275,0.45497132620592706,6.679057381920421,8.49894268674413,16.803275324649945
2022-12-19 19:00:00,6.090000152587891,6.099999904632568,5.130000114440918,5.260000228881836,12525000,7.254800033569336,5.652950013875961,7.4530000448226925,0.6818866400814827,6.089226764659728,8.816773324985657,12.732917231121533
2022-12-20 19:00:00,5.269999980926514,5.679999828338623,5.150000095367432,5.400000095367432,6750000,7.236600036621094,5.654150015115738,7.33100004196167,0.8144025289357542,5.702194984090162,8.95980509983318,12.187485285098049
2022-12-21 19:00:00,5.449999809265137,6.199999809265137,5.400000095367432,6.070000171661377,9234500,7.233200044631958,5.65845001578331,7.2365000486373905,0.8465923273718461,5.543315393893698,8.929684703381083,28.342240671264534
2022-12-22 19:00:00,6.019999980926514,6.139999866485596,5.800000190734863,5.929999828338623,4469500,7.224200038909912,5.661900016069413,7.134500050544739,0.8759504242489203,5.382599202046898,8.88640089904258,25.984240340008768
2022-12-25 19:00:00,5.949999809265137,6.190000057220459,5.949999809265137,6.110000133514404,1939000,7.217000045776367,5.66680001616478,7.053500056266785,0.8927265643466231,5.268046927573538,8.838953184960031,29.323303418468896
2022-12-26 19:00:00,6.150000095367432,6.150000095367432,5.849999904632568,5.900000095367432,1597500,7.208200044631958,5.67095001578331,6.963000059127808,0.9141581862150425,5.134683686697723,8.791316431557892,25.1851864933805
2022-12-27 19:00:00,6.019999980926514,6.019999980926514,5.510000228881836,5.559999942779541,3470500,7.192800045013428,5.67470001578331,6.8580000638961796,0.9497955248281423,4.958409014239895,8.757591113552465,24.343674629998844
2022-12-28 19:00:00,5.650000095367432,5.789999961853027,5.599999904632568,5.71999979019165,1683000,7.179200038909912,5.678800014257431,6.753000044822693,0.9539176720570092,4.845164700708675,8.660835388936711,27.378186635836357
2022-12-29 19:00:00,5.849999904632568,5.849999904632568,5.550000190734863,5.610000133514404,1654500,7.15680004119873,5.68220001578331,6.64900004863739,0.9597526919959848,4.72949466464542,8.56850543262936,26.19590274129237
2023-01-01 19:00:00,5.650000095367432,6.610000133514404,5.550000190734863,6.610000133514404,12226500,7.157600040435791,5.690650016069412,6.5915000438690186,0.9234504502703719,4.744599143328275,8.438400944409763,41.58607473191053
2023-01-02 19:00:00,7.0,7.150000095367432,6.559999942779541,6.639999866485596,20576000,7.156600036621094,5.699500015974045,6.535500025749206,0.8818847477455093,4.771730530258187,8.299269521240225,42.330096889614126
2023-01-03 19:00:00,6.650000095367432,6.800000190734863,6.409999847412109,6.46999979019165,3385000,7.149800033569336,5.708100014925003,6.463500022888184,0.8203995807783374,4.8227008613315085,8.104299184444859,43.59999656677246
2023-01-04 19:00:00,6.460000038146973,6.650000095367432,6.460000038146973,6.489999771118164,2430500,7.151800031661987,5.716800013780594,6.402500009536743,0.7664193536289329,4.869661302278877,7.935338716794608,46.70912508380084
2023-01-05 19:00:00,6.510000228881836,6.570000171661377,6.400000095367432,6.440000057220459,2779500,7.152400035858154,5.724500013589859,6.341000008583069,0.7063538221303028,4.928292364322463,7.753707652843675,54.32098678219078
2023-01-08 19:00:00,6.25,6.409999847412109,6.090000152587891,6.199999809265137,2805500,7.153200035095215,5.731250013113022,6.2660000085830685,0.6299657182267342,5.0060685721296,7.525931445036537,63.583808815313255
2023-01-09 19:00:00,6.309999942779541,6.71999979019165,6.309999942779541,6.489999771118164,7979000,7.157800025939942,5.741250013113022,6.216499996185303,0.5651108023758248,5.086278391433654,7.346721600936952,65.0969478592456
2023-01-10 19:00:00,6.570000171661377,6.659999847412109,6.349999904632568,6.409999847412109,2154500,7.1556000232696535,5.751350013017654,6.165499997138977,0.4909976156019581,5.183504765935061,7.147495228342893,55.629133740034376
2023-01-11 19:00:00,6.449999809265137,6.570000171661377,6.28000020980835,6.329999923706055,2715000,7.135400018692017,5.760600012540817,6.126499986648559,0.4403977994753414,5.245704387697876,7.007295585599242,56.75675936908635
2023-01-12 19:00:00,6.210000038146973,6.989999771118164,6.099999904632568,6.619999885559082,25154500,7.101000013351441,5.771150010824203,6.117499971389771,0.42756186586510714,5.262376239659557,6.972623703119985,58.306187002534074
2023-01-15 19:00:00,6.579999923706055,6.849999904632568,6.510000228881836,6.579999923706055,7841500,7.064800004959107,5.780450011491776,6.141999959945679,0.4397678101939336,5.262464339557812,7.021535580333546,61.7241384413241
2023-01-16 19:00:00,6.599999904632568,6.75,5.940000057220459,6.0,7077000,7.020600004196167,5.786450010538101,6.178999948501587,0.3899648628393983,5.3990702228227905,6.958929674180383,57.00637276378102
2023-01-17 19:00:00,6.03000020980835,6.289999961853027,5.840000152587891,6.059999942779541,6785000,6.984400005340576,5.792650009393692,6.211999940872192,0.3460239975696259,5.519951945732941,6.904047936011444,55.59210959729207
2023-01-18 19:00:00,6.130000114440918,6.170000076293945,6.0,6.050000190734863,3685500,6.951800012588501,5.799000009298324,6.210999941825866,0.3464845645239752,5.518030812777916,6.903969070873817,57.48299645210339
2023-01-19 19:00:00,6.03000020980835,6.110000133514404,5.800000190734863,5.880000114440918,1958500,6.917200012207031,5.803850010633469,6.208499956130981,0.34879147284011364,5.510917010450754,6.906082901811208,32.70141462498552
2023-01-22 19:00:00,5.800000190734863,5.940000057220459,5.679999828338623,5.789999961853027,1703500,6.875400009155274,5.807150009870529,6.192499947547913,0.36068460954248976,5.471130728462933,6.913869166632892,30.414745126097074
2023-01-23 19:00:00,5.809999942779541,6.099999904632568,5.809999942779541,6.059999942779541,2527000,6.840800008773804,5.81335000872612,6.200499939918518,0.3555939770547713,5.489311985808976,6.91168789402806,40.96916438365948
2023-01-24 19:00:00,6.099999904632568,6.260000228881836,6.050000190734863,6.110000133514404,4173000,6.802200012207031,5.8196500098705295,6.227999949455262,0.32324989615894845,5.581500157137365,6.874499741773159,41.73913728537402
2023-01-25 19:00:00,6.230000019073486,6.449999809265137,6.130000114440918,6.21999979019165,6124000,6.769400005340576,5.826050008535385,6.252999949455261,0.3004224440337482,5.652155061387765,6.853844837522757,45.338976715391624
2023-01-26 19:00:00,6.21999979019165,6.28000020980835,5.889999866485596,5.949999809265137,3997500,6.73079999923706,5.831300007104874,6.269999933242798,0.270224038178918,5.729551856884962,6.810448009600634,44.76987314133217
2023-01-29 19:00:00,6.079999923706055,6.199999809265137,5.949999809265137,5.980000019073486,3138000,6.694399995803833,5.836100007295609,6.238499927520752,0.26517664343131214,5.708146640658128,6.768853214383376,38.028172797756305
2023-01-30 19:00:00,6.070000171661377,6.139999866485596,5.96999979019165,6.0,1808500,6.654799995422363,5.838500007390976,6.206499934196472,0.2524880836366911,5.70152376692309,6.711476101469854,40.0966205831512
2023-01-31 19:00:00,6.070000171661377,6.119999885559082,5.949999809265137,6.0,1580500,6.617999992370605,5.840850006341935,6.182999944686889,0.2485134195007054,5.685973105685479,6.6800267836883,41.708543676851015
2023-02-01 19:00:00,6.070000171661377,6.070000171661377,5.800000190734863,5.900000095367432,1805000,6.5767999935150145,5.843350006341934,6.153499960899353,0.24514813074885392,5.663203699401645,6.643796222397061,30.000002649095734
2023-02-02 19:00:00,5.920000076293945,6.0,5.800000190734863,5.820000171661377,1817000,6.533800001144409,5.844400006532669,6.122499966621399,0.24621068486676198,5.630078596887875,6.614921336354923,29.34782918549719
2023-02-05 19:00:00,5.900000095367432,6.119999885559082,5.900000095367432,6.039999961853027,2982000,6.5,5.846600006818772,6.114499974250793,0.24615937852997785,5.622181217190837,6.606818731310749,51.35135048057468
2023-02-06 19:00:00,5.96999979019165,6.159999847412109,5.920000076293945,5.989999771118164,5505000,6.465599994659424,5.84850000500679,6.089499974250794,0.2309356889584654,5.627628596333863,6.551371352167725,47.61904144039875
2023-02-07 19:00:00,5.860000133514404,6.059999942779541,5.800000190734863,5.929999828338623,1917500,6.430999994277954,5.851100004911423,6.065499973297119,0.22058471140343452,5.62433055049025,6.506669396103988,46.05261960848532
2023-02-08 19:00:00,5.989999771118164,6.619999885559082,5.96999979019165,6.230000019073486,25253500,6.3991999912261965,5.855700005292892,6.060499978065491,0.21534485506319395,5.629810267939103,6.491189688191879,60.60605710312485
2023-02-09 19:00:00,6.150000095367432,6.260000228881836,6.0,6.039999961853027,6282000,6.366199989318847,5.859600003957748,6.031499981880188,0.17039502618853486,5.690709929503118,6.372290034257258,57.14285714285714
2023-02-12 19:00:00,6.010000228881836,6.139999866485596,5.900000095367432,5.949999809265137,2288000,6.329999980926513,5.862750002145767,5.999999976158142,0.11182691484461026,5.776346146468922,6.223653805847362,46.49681141760635
2023-02-13 19:00:00,6.050000190734863,6.079999923706055,5.889999866485596,5.909999847412109,1803500,6.292999973297119,5.865850001573563,5.995499968528748,0.11362332520695576,5.768253318114836,6.222746618942659,43.58973418467109
2023-02-14 19:00:00,5.900000095367432,5.96999979019165,5.849999904632568,5.909999847412109,798000,6.252999973297119,5.86950000166893,5.987999963760376,0.11409136763155474,5.759817228497266,6.216182699023485,39.310348909901144
2023-02-15 19:00:00,5.909999847412109,6.099999904632568,5.880000114440918,5.900000095367432,870500,6.216799974441528,5.873100003004074,5.980499958992004,0.11472963882067305,5.751040681350658,6.20995923663335,47.899171785987484
2023-02-16 19:00:00,5.860000133514404,5.960000038146973,5.809999942779541,5.829999923706055,861500,6.179999971389771,5.877350002527237,5.977999949455262,0.11754505325890262,5.742909842937457,6.213090055973066,43.9024352422197
2023-02-19 19:00:00,5.809999942779541,5.889999866485596,5.5,5.590000152587891,2543000,6.137799978256226,5.880300003290176,5.967999958992005,0.14062263840590453,5.6867546821801955,6.249245235803814,35.86207236744748
2023-02-20 19:00:00,5.710000038146973,5.920000076293945,5.5,5.550000190734863,3401000,6.099199981689453,5.8844500052928925,5.94249997138977,0.16685553538826559,5.608788900613239,6.2762110421663015,34.899332939915936
2023-02-21 19:00:00,5.5,5.699999809265137,5.5,5.610000133514404,2065500,6.062799987792968,5.888550006151199,5.917499971389771,0.17755272930357058,5.56239451278263,6.272605429996911,39.99999999999999
2023-02-22 19:00:00,5.610000133514404,5.670000076293945,5.389999866485596,5.420000076293945,1860000,6.02899998664856,5.892550007104874,5.877499985694885,0.19506739592593952,5.487365193843006,6.267634777546764,37.17948365258499
2023-02-23 19:00:00,5.409999847412109,5.449999809265137,5.25,5.300000190734863,1704000,5.99899998664856,5.895800007581711,5.845000004768371,0.23284276416658023,5.37931447643521,6.310685533101532,24.657542747143708
2023-02-26 19:00:00,5.400000095367432,5.400000095367432,5.21999979019165,5.25,1114500,5.982199983596802,5.898100007772445,5.808500003814697,0.2654940086636519,5.277511986487394,6.339488021142001,24.657542747143708
2023-02-27 19:00:00,5.300000190734863,5.349999904632568,5.199999809265137,5.21999979019165,1058000,5.981399974822998,5.9016000068187715,5.769499993324279,0.29186284996643047,5.185774293391418,6.353225693257141,25.17482913894564
2023-02-28 19:00:00,5.199999809265137,5.25,4.949999809265137,5.070000171661377,3317000,5.974799976348877,5.903850008249282,5.723000001907349,0.3253677517755074,5.072264498356334,6.373735505458364,4.687496507539606
2023-03-01 19:00:00,5.110000133514404,5.309999942779541,5.019999980926514,5.03000020980835,3643000,5.953999977111817,5.905800009965897,5.679500007629395,0.35707097869768395,4.965358050234027,6.393641965024763,5.309731152372308
2023-03-02 19:00:00,4.96999979019165,5.159999847412109,4.96999979019165,5.099999904632568,3452000,5.937399978637695,5.908250008821487,5.6434999942779545,0.3778508510251804,4.887798292227593,6.399201696328316,11.711687716966438
2023-03-05 19:00:00,5.099999904632568,5.320000171661377,5.059999942779541,5.099999904632568,3384500,5.9171999740600585,5.91080000758171,5.596499991416931,0.3843418273365425,4.8278163367438465,6.365183646090016,12.149507720979642
2023-03-06 19:00:00,5.099999904632568,5.159999847412109,5.050000190734863,5.070000171661377,981500,5.900599975585937,5.913650008440018,5.550500011444091,0.3897836231737866,4.770932765096518,6.330067257791665,11.818160143744862
2023-03-07 19:00:00,5.130000114440918,5.71999979019165,5.079999923706055,5.570000171661377,14417000,5.900799980163574,5.919200009107589,5.5325000286102295,0.3795131467510198,4.7734737351081895,6.2915263221122695,39.62263868021004
2023-03-08 19:00:00,5.599999904632568,5.840000152587891,5.489999771118164,5.53000020980835,10869500,5.896999988555908,5.9241500103473665,5.497500038146972,0.3422506290278827,4.812998780091207,6.1820012962027375,40.384618323702334
2023-03-09 19:00:00,5.53000020980835,5.849999904632568,5.5,5.639999866485596,5509000,5.897599983215332,5.928800009489059,5.477500033378601,0.3198333775388644,4.837833278300872,6.1171667884563306,51.7482431204515
2023-03-12 19:00:00,6.25,6.639999866485596,6.019999980926514,6.139999866485596,42448000,5.888199977874756,5.936050008535386,5.487000036239624,0.3369694182545358,4.813061199730552,6.160938872748695,65.60846600893376
2023-03-13 19:00:00,6.130000114440918,6.650000095367432,6.010000228881836,6.349999904632568,26653000,5.882399978637696,5.944250007867813,5.509000039100647,0.3779152869440282,4.75316946521259,6.264830612988703,68.13725811020927
2023-03-14 19:00:00,6.380000114440918,6.550000190734863,6.25,6.440000057220459,12320500,5.881799983978271,5.953250008821487,5.5355000495910645,0.4233633809567289,4.6887732876776065,6.382226811504522,76.28867144995186
2023-03-15 19:00:00,6.53000020980835,6.559999942779541,6.28000020980835,6.309999942779541,4705000,5.878199987411499,5.961600009202957,5.55600004196167,0.450968507583004,4.6540630267956615,6.457937057127678,75.897438405456
2023-03-16 19:00:00,6.349999904632568,6.5,6.199999809265137,6.320000171661377,9153000,5.875799989700317,5.970350009202957,5.580500054359436,0.4790722697176822,4.622355514924071,6.538644593794801,78.01048492857052
2023-03-19 19:00:00,6.349999904632568,6.389999866485596,6.110000133514404,6.150000095367432,2108000,5.8747999954223635,5.978850010633469,5.608500051498413,0.4957320265437688,4.617035998410875,6.5999641045859505,72.68294271439072
2023-03-20 19:00:00,6.059999942779541,6.300000190734863,6.059999942779541,6.130000114440918,4470500,5.867600002288818,5.987100011110305,5.637500047683716,0.5089191170896742,4.619661813504368,6.655338281863064,77.60417093522935
2023-03-21 19:00:00,6.199999809265137,6.239999771118164,5.800000190734863,5.860000133514404,4387500,5.856600008010864,5.994000011682511,5.650000047683716,0.5112729073474446,4.627454232988827,6.672545862378605,69.30232723188661
2023-03-23 19:00:00,5.840000152587891,5.889999866485596,5.699999809265137,5.710000038146973,1161000,5.844200010299683,5.999950011968613,5.664500045776367,0.5085114884116086,4.647477068953149,6.681523022599585,63.67713292145722
2023-03-26 19:00:00,5.699999809265137,5.949999809265137,5.699999809265137,5.820000171661377,1103000,5.828200016021729,6.00860001206398,5.690500044822693,0.5021477497448212,4.686204545333051,6.694795544312336,65.38462008715115
2023-03-27 19:00:00,5.829999923706055,5.929999828338623,5.769999980926514,5.800000190734863,515000,5.812600021362305,6.017400013208389,5.718000054359436,0.4917059385915369,4.734588177176362,6.70141193154251,65.66523376784174
2023-03-28 19:00:00,5.800000190734863,5.800000190734863,5.650000095367432,5.679999828338623,2081000,5.806200017929077,6.025750011205673,5.741000056266785,0.4777457826076849,4.785508491051415,6.696491621482155,52.820502913840684
2023-03-29 19:00:00,5.650000095367432,5.75,5.599999904632568,5.670000076293945,890500,5.798400020599365,6.033900011777877,5.771000051498413,0.451510901012358,4.867978249473698,6.674021853523129,53.645828806072124
2023-03-30 19:00:00,5.980000019073486,6.179999828338623,5.670000076293945,5.929999828338623,4865500,5.79600001335144,6.043450011014938,5.816000032424927,0.41732733453865173,4.981345363347623,6.65065470150223,57.004827801947236
2023-04-02 19:00:00,5.860000133514404,5.949999809265137,5.800000190734863,5.869999885559082,1407500,5.795800008773804,6.05285001039505,5.854500031471252,0.38180284120679364,5.090894349057665,6.618105713884839,41.7177950004666
2023-04-03 19:00:00,5.860000133514404,6.21999979019165,5.860000133514404,5.96999979019165,5786000,5.799400005340576,6.061850008964538,5.898000025749207,0.3384111128213885,5.22117780010643,6.574822251391984,37.5
2023-04-04 19:00:00,6.03000020980835,6.119999885559082,5.809999942779541,5.860000133514404,3422000,5.795400009155274,6.070650010108948,5.937500023841858,0.2772586461841178,5.382982731473623,6.492017316210093,31.168833179444974
2023-04-05 19:00:00,5.849999904632568,6.039999961853027,5.809999942779541,5.900000095367432,3880500,5.791200008392334,6.079250011444092,5.954000020027161,0.26372632211938507,5.426547375788391,6.481452664265931,35.86207236744748
2023-04-06 19:00:00,5.989999771118164,6.019999980926514,5.840000152587891,5.860000133514404,1193000,5.784000015258789,6.087400012016296,5.970500016212464,0.2454957421337525,5.479508531944958,6.461491500479969,34.45945336402275
2023-04-09 19:00:00,5.800000190734863,5.880000114440918,5.769999980926514,5.800000190734863,1735000,5.7810000228881835,6.09515001296997,5.978500032424927,0.236604807647983,5.505290417128961,6.451709647720893,37.22627533981623
2023-04-10 19:00:00,5.800000190734863,5.869999885559082,5.690000057220459,5.739999771118164,1677500,5.776200017929077,6.103550012111664,5.958500027656555,0.2391272552063288,5.4802455172438975,6.436754538069213,36.1701990947533
2023-04-11 19:00:00,5.710000038146973,5.820000171661377,5.710000038146973,5.800000190734863,1099500,5.772200021743775,6.112300012111664,5.93100004196167,0.22280273312074092,5.485394575720188,6.376605508203151,47.500002980231535
2023-04-12 19:00:00,5.869999885559082,5.920000076293945,5.739999771118164,5.769999980926514,1436000,5.767600021362305,6.121100010871888,5.897500038146973,0.19023186667073272,5.517036304805507,6.277963771488438,52.77777409848008
2023-04-16 19:00:00,5.800000190734863,5.800000190734863,5.630000114440918,5.710000038146973,714000,5.763800020217896,6.128400011062622,5.867500042915344,0.1677365075354804,5.532027027844383,6.202973057986305,44.66018878118132
2023-04-17 19:00:00,5.639999866485596,5.75,5.5,5.550000190734863,2759500,5.758400020599365,6.135050013065338,5.829000043869018,0.1452728783199625,5.538454287229094,6.119545800508943,39.31624001291128
2023-04-18 19:00:00,5.559999942779541,5.71999979019165,5.550000190734863,5.630000114440918,753000,5.750200023651123,6.141950013637543,5.803000044822693,0.1305897380860395,5.541820568650614,6.064179520994772,47.7876225693429
2023-04-19 19:00:00,5.199999809265137,5.449999809265137,5.199999809265137,5.369999885559082,7486000,5.737800025939942,6.148300013542175,5.765000033378601,0.14061893059112576,5.483762172196349,6.046237894560853,39.13042877331924
2023-04-25 19:00:00,5.429999828338623,5.650000095367432,5.360000133514404,5.579999923706055,4554500,5.73080002784729,6.155700013637543,5.751000022888183,0.1445464785657958,5.461907065756591,6.040092980019775,36.84211281103308
2023-04-26 19:00:00,5.599999904632568,5.599999904632568,5.400000095367432,5.46999979019165,1758500,5.715600023269653,6.16225001335144,5.739000010490417,0.15751025545984396,5.42397949957073,6.054020521410105,35.507249131068306
2023-04-27 19:00:00,5.559999942779541,5.559999942779541,5.369999885559082,5.409999847412109,1268500,5.703000020980835,6.168250012397766,5.718499994277954,0.17239110961737938,5.373717775043195,6.0632822135127125,29.104489562075102
2023-05-01 19:00:00,5.5,5.53000020980835,5.389999866485596,5.420000076293945,2540500,5.692400026321411,6.174150013923645,5.699499988555909,0.18351754734576978,5.332464893864369,6.066535083247448,32.258079401769905
2023-05-02 19:00:00,5.420000076293945,5.489999771118164,5.300000190734863,5.320000171661377,2012000,5.680600032806397,6.179500014781952,5.681500005722046,0.20223162601157837,5.277036753698889,6.0859632577452025,27.692330264461006
2023-05-03 19:00:00,5.400000095367432,5.440000057220459,5.25,5.260000228881836,2188000,5.667600040435791,6.185300016403199,5.66100001335144,0.2231567540143354,5.21468650532277,6.107313521380111,27.272750260724948
2023-05-04 19:00:00,5.260000228881836,5.349999904632568,5.21999979019165,5.260000228881836,1725000,5.654800043106079,6.191200017929077,5.627500033378601,0.23080804896801854,5.165883935442563,6.089116131314638,28.57145019667621
2023-05-07 19:00:00,5.289999961853027,5.349999904632568,5.199999809265137,5.21999979019165,1436000,5.642600040435791,6.197400016784668,5.5950000286102295,0.24042725320508201,5.114145522200065,6.075854535020394,29.03227915250737
2023-05-08 19:00:00,5.0,5.159999847412109,4.860000133514404,4.929999828338623,7874000,5.629400033950805,6.202250015735626,5.543000030517578,0.2661440514906783,5.010711927536221,6.075288133498935,20.408165913296784
2023-05-09 19:00:00,4.900000095367432,4.960000038146973,4.800000190734863,4.840000152587891,1469000,5.615200033187866,6.208100016117096,5.492000031471252,0.29802156684129855,4.895956897788655,6.08804316515385,19.607852914768017
2023-05-10 19:00:00,4.900000095367432,4.949999809265137,4.800000190734863,4.829999923706055,1218000,5.599600028991699,6.212750015258789,5.438500022888183,0.3163987577261579,4.805702507435868,6.071297538340499,20.270276365703054
2023-05-11 19:00:00,4.849999904632568,4.869999885559082,4.71999979019165,4.840000152587891,1332000,5.588000030517578,6.21765001654625,5.3875000238418576,0.3269134005206547,4.733673222800548,6.041326824883167,23.308286850704178
2023-05-14 19:00:00,4.730000019073486,4.840000152587891,4.71999979019165,4.769999980926514,910000,5.577400026321411,6.222150017023086,5.33600001335144,0.3394019470110614,4.657196119329317,6.0148039073735635,17.42426513857346
2023-05-15 19:00:00,4.849999904632568,4.920000076293945,4.820000171661377,4.840000152587891,706500,5.569200029373169,6.227800017595291,5.291000032424927,0.3426660214596951,4.605667989505537,5.976332075344318,26.548706548782505
2023-05-16 19:00:00,4.900000095367432,4.900000095367432,4.71999979019165,4.78000020980835,909000,5.560400037765503,6.232400019168853,5.240000033378601,0.3388059297388178,4.562388173900966,5.917611892856237,9.183728580666411
2023-05-17 19:00:00,4.619999885559082,4.730000019073486,4.599999904632568,4.619999885559082,2353500,5.551400032043457,6.236300019025802,5.18250002861023,0.34169661292668235,4.499106802756865,5.865893254463595,8.737915316594055
2023-05-18 19:00:00,4.71999979019165,4.71999979019165,4.53000020980835,4.639999866485596,686500,5.543600025177002,6.240750018358231,5.129000020027161,0.33850912122532323,4.451981777576514,5.806018262477807,11.111159276422171
2023-05-21 19:00:00,4.539999961853027,4.670000076293945,4.5,4.519999980926514,782000,5.532000026702881,6.244450018405915,5.0775000095367435,0.3492680285954854,4.378963952345773,5.776036066727714,9.090936676508278
2023-05-22 19:00:00,4.550000190734863,4.599999904632568,4.28000020980835,4.360000133514404,2326500,5.517200031280518,6.246850018501282,5.014000010490418,0.3588490130209385,4.29630198444854,5.731698036532295,8.620716587097945
2023-05-23 19:00:00,4.349999904632568,5.329999923706055,4.349999904632568,5.21999979019165,21513500,5.520200023651123,6.253550016880036,5.006500005722046,0.35252880923956775,4.30144238724291,5.711557624201181,48.97958091377059
2023-05-24 19:00:00,5.21999979019165,5.25,4.909999847412109,4.980000019073486,4559500,5.508400020599365,6.258400015830993,4.976500010490417,0.32566165559884885,4.32517669929272,5.627823321688115,43.63635969556119
2023-05-25 19:00:00,4.849999904632568,4.949999809265137,4.760000228881836,4.800000190734863,1581000,5.493800020217895,6.262300016880036,4.943000030517578,0.3060976749224181,4.330804680672742,5.555195380362415,41.02564834069816
2023-05-28 19:00:00,4.800000190734863,4.980000019073486,4.5,4.710000038146973,2825500,5.475200023651123,6.266350016593933,4.908000040054321,0.28945685307794583,4.329086333898429,5.486913746210213,44.85981766548089
2023-05-29 19:00:00,4.820000171661377,4.820000171661377,4.650000095367432,4.690000057220459,1889000,5.44620002746582,6.265300016403199,4.871500039100647,0.2666216598079167,4.338256719484814,5.40474335871648,46.376809591106415
2023-05-30 19:00:00,4.800000190734863,4.800000190734863,4.570000171661377,4.590000152587891,3018000,5.411000032424926,6.258750016689301,4.835000038146973,0.25153213626464194,4.331935765617689,5.338064310676256,44.444449350176875
2023-05-31 19:00:00,4.619999885559082,4.699999809265137,4.550000190734863,4.659999847412109,1053000,5.37540002822876,6.247550015449524,4.8050000190734865,0.23329445789970832,4.33841110327407,5.271588934872903,45.945937818697004
2023-06-01 19:00:00,4.699999809265137,4.800000190734863,4.590000152587891,4.610000133514404,1884500,5.341400032043457,6.2372500157356265,4.772500014305114,0.21075984535800033,4.350980323589114,5.194019705021115,46.36363793995837
2023-06-04 19:00:00,4.690000057220459,4.929999828338623,4.639999866485596,4.78000020980835,4674000,5.310600032806397,6.229550015926361,4.75050003528595,0.18268390270866106,4.385132229868628,5.115867840703272,48.695652714749436
2023-06-05 19:00:00,4.78000020980835,4.929999828338623,4.769999980926514,4.820000171661377,2940000,5.2840000343322755,6.219300017356873,4.745000052452087,0.1786056896151683,4.387788673221751,5.102211431682424,50.87719261554523
2023-06-06 19:00:00,4.900000095367432,5.190000057220459,4.829999923706055,5.050000190734863,5166000,5.262400035858154,6.211600017547608,4.755500054359436,0.19027610401464992,4.3749478463301354,5.136052262388736,59.148948603819896
2023-06-07 19:00:00,5.050000190734863,5.25,4.96999979019165,5.159999847412109,6313500,5.248400030136108,6.202700016498565,4.772000050544738,0.21032803627035734,4.3513439780040235,5.192656123085453,60.65574539377887
2023-06-08 19:00:00,5.190000057220459,5.650000095367432,5.050000190734863,5.389999866485596,9824500,5.242000026702881,6.195550014972687,4.799500036239624,0.25159434228704697,4.29631135166553,5.302688720813718,67.05883276916914
2023-06-11 19:00:00,5.300000190734863,5.949999809265137,5.300000190734863,5.690000057220459,16367000,5.239400024414063,6.1903000164031985,4.845500040054321,0.32056648669359816,4.204367066667125,5.4866330134415175,74.72120079357089
2023-06-12 19:00:00,5.800000190734863,6.090000152587891,5.5,5.849999904632568,14363000,5.240400018692017,6.186650016307831,4.896000027656555,0.39138615536721333,4.113227716922129,5.678772338390981,65.82915801050959
2023-06-13 19:00:00,5.989999771118164,6.150000095367432,5.650000095367432,5.710000038146973,22653000,5.2410000228881835,6.182800016403198,4.942500019073487,0.4302003453075187,4.082099328458449,5.802900709688524,69.31218092574582
2023-06-14 19:00:00,5.699999809265137,5.880000114440918,5.559999942779541,5.619999885559082,7263000,5.240000019073486,6.178300015926361,4.9925000190734865,0.44846956934390075,4.095560880385685,5.889439157761288,72.77777895515398
2023-06-15 19:00:00,5.550000190734863,6.090000152587891,5.550000190734863,5.840000152587891,16293500,5.238200025558472,6.1747500157356265,5.052500033378601,0.4781199047102508,4.0962602239581,6.008739842799103,79.27462420030923
2023-06-18 19:00:00,5.880000114440918,5.989999771118164,5.630000114440918,5.659999847412109,3967000,5.234000024795532,6.170250015258789,5.1095000267028805,0.47924798304121996,4.151004060620441,6.06799599278532,73.20574020766831
2023-06-19 19:00:00,5.699999809265137,5.869999885559082,5.550000190734863,5.75,6737000,5.229600028991699,6.1668000149726865,5.179000020027161,0.46542448650864815,4.2481510470098645,6.109848993044457,77.88461273943875
2023-06-20 19:00:00,5.78000020980835,5.860000133514404,5.550000190734863,5.579999923706055,2199500,5.224000024795532,6.162000014781952,5.197000026702881,0.47397640608530694,4.249047214532267,6.144952838873495,71.10091622715994
2023-06-21 19:00:00,5.599999904632568,5.699999809265137,5.519999980926514,5.539999961853027,1278500,5.216800022125244,6.154250013828277,5.225000023841858,0.4770136813877885,4.270972661066281,6.179027386617435,71.42856201111843
2023-06-22 19:00:00,5.510000228881836,5.579999923706055,5.099999904632568,5.21999979019165,3180500,5.204000015258789,6.1456500124931335,5.246000003814697,0.46644676761831083,4.313106468578075,6.1788935390513196,59.48274692655929
2023-06-25 19:00:00,5.25,5.679999828338623,5.25,5.510000228881836,5656000,5.198200016021729,6.138350014686584,5.28600001335144,0.45214572021061183,4.381708572930217,6.190291453772664,63.42411974878671
2023-06-26 19:00:00,5.650000095367432,5.75,5.5,5.550000190734863,4258000,5.194400024414063,6.131850016117096,5.329000020027161,0.4329689078577259,4.46306220431171,6.194937835742612,60.50419696651563
2023-07-02 19:00:00,6.0,6.130000114440918,5.849999904632568,6.0,10241000,5.198400020599365,6.128850016593933,5.399500012397766,0.42093221224611754,4.557635587905531,6.241364436890001,65.44117234570118
2023-07-03 19:00:00,6.039999961853027,6.039999961853027,5.699999809265137,5.739999771118164,3618000,5.197800016403198,6.123500015735626,5.4535000085830685,0.389145772898882,4.675208462785305,6.231791554380832,56.3636313194112
2023-07-04 19:00:00,5.769999980926514,5.889999866485596,5.610000133514404,5.670000076293945,4379500,5.197000017166138,6.119000015258789,5.506500005722046,0.3368940536945002,4.832711898333045,6.180288113111047,49.60317512878856
2023-07-05 19:00:00,5.619999885559082,5.78000020980835,5.599999904632568,5.619999885559082,3242000,5.198400011062622,6.115000014305115,5.548499989509582,0.29075715689040044,4.966985675728782,6.130014303290383,45.22821790219857
2023-07-06 19:00:00,5.639999866485596,5.670000076293945,5.550000190734863,5.590000152587891,1673000,5.197600011825561,6.108350014686584,5.586999988555908,0.23481460119758582,5.117370786160736,6.05662919095108,47.39130813367687
2023-07-09 19:00:00,5.670000076293945,5.900000095367432,5.550000190734863,5.760000228881836,7400000,5.205400018692017,6.103150014877319,5.622499990463257,0.20052238874349357,5.221455212976269,6.023544767950244,52.941182363284035
2023-07-10 19:00:00,5.809999942779541,5.989999771118164,5.75,5.78000020980835,6447500,5.209400024414062,6.097900016307831,5.653500008583069,0.17101173454094284,5.311476539501183,5.995523477664954,48.623855017057856
2023-07-11 19:00:00,5.900000095367432,5.929999828338623,5.679999828338623,5.710000038146973,4668000,5.214200029373169,6.092750017642975,5.669500017166138,0.1596534366131641,5.35019314393981,5.988806890392466,51.20773369735732
2023-07-12 19:00:00,5.75,5.849999904632568,5.559999942779541,5.590000152587891,4338500,5.217800035476684,6.086600017547608,5.66450002193451,0.16054105138314248,5.343417919168225,5.9855821247007945,46.190480515528996
2023-07-13 19:00:00,5.599999904632568,5.730000019073486,5.550000190734863,5.579999923706055,1507500,5.221000032424927,6.082000017166138,5.651000022888184,0.1553908848914351,5.340218253105314,5.9617817926710535,50.0
2023-07-16 19:00:00,5.559999942779541,5.889999866485596,5.559999942779541,5.679999828338623,4459000,5.228200025558472,6.077650015354156,5.649500012397766,0.1549355046336722,5.339629003130422,5.959371021665111,53.49999582767585
2023-07-17 19:00:00,5.610000133514404,5.75,5.510000228881836,5.590000152587891,3588000,5.234800024032593,6.073100016117096,5.648000025749207,0.1553807171469153,5.337238591455376,5.958761460043037,60.45198775094229
2023-07-18 19:00:00,5.630000114440918,5.769999980926514,5.510000228881836,5.539999961853027,4667000,5.240400018692017,6.069300014972686,5.633000016212463,0.1502664541010907,5.332467108010282,5.933532924414645,50.98038360153611
2023-07-19 19:00:00,5.599999904632568,5.75,5.5,5.610000133514404,4714000,5.2482000255584715,6.065400016307831,5.630500030517578,0.1502095277803669,5.330080974956845,5.930919086078312,51.92307515962583
2023-07-20 19:00:00,5.610000133514404,5.880000114440918,5.599999904632568,5.659999847412109,8903500,5.262800025939941,6.062050015926361,5.626000022888183,0.14776940385565215,5.330461215176879,5.921538830599488,35.34481908138132
2023-07-23 19:00:00,5.840000152587891,5.949999809265137,5.699999809265137,5.800000190734863,13407500,5.282000026702881,6.058850016593933,5.637000036239624,0.1522843913300467,5.33243125357953,5.941568818899718,52.88463566430297
2023-07-24 19:00:00,5.880000114440918,5.980000019073486,5.71999979019165,5.75,3640000,5.3004000282287596,6.055800015926361,5.647500038146973,0.15248384859943806,5.342532340948097,5.952467735345849,53.92156312760157
2023-07-25 19:00:00,5.829999923706055,5.949999809265137,5.769999980926514,5.820000171661377,5691000,5.320000028610229,6.053500015735626,5.677500057220459,0.11937886808560727,5.4387423210492445,5.916257793391673,59.615394314361176
2023-07-30 19:00:00,5.980000019073486,6.0,5.800000190734863,5.840000152587891,5539000,5.341400032043457,6.050600016117096,5.6940000534057615,0.11780449008091066,5.4583910732439405,5.929609033567583,62.1359142397369
2023-07-31 19:00:00,5.880000114440918,6.059999942779541,5.849999904632568,5.880000114440918,12258500,5.362200031280517,6.04795001745224,5.710500049591064,0.11966952840718452,5.471160992776695,5.949839106405434,56.66665607029211
2023-08-01 19:00:00,5.900000095367432,5.989999771118164,5.800000190734863,5.860000133514404,4404000,5.383800029754639,6.045100018978119,5.703500056266785,0.10504514824595605,5.493409759774873,5.913590352758697,54.44443738019475
2023-08-02 19:00:00,5.900000095367432,5.980000019073486,5.590000152587891,5.739999771118164,14048000,5.40620002746582,6.042250018119812,5.703500056266785,0.10504514824595605,5.493409759774873,5.913590352758697,51.57893204624212
2023-08-03 19:00:00,5.800000190734863,6.050000190734863,5.789999961853027,5.829999923706055,14279500,5.4300000286102295,6.040200018882752,5.71150004863739,0.10839866732421398,5.494702713988962,5.928297383285818,63.04345121909503
2023-08-06 19:00:00,5.800000190734863,5.849999904632568,5.650000095367432,5.679999828338623,7122500,5.453200025558472,6.03670001745224,5.714500045776367,0.10654752704148861,5.50140499169339,5.927595099859344,54.716972644415186
2023-08-07 19:00:00,5.71999979019165,5.71999979019165,5.5,5.519999980926514,3368500,5.476400022506714,6.031950018405914,5.7110000371932985,0.11186932825387891,5.487261380685541,5.934738693701056,42.85715502134696
2023-08-08 19:00:00,5.650000095367432,5.789999961853027,5.519999980926514,5.610000133514404,4630000,5.484200029373169,6.028300018310547,5.703500032424927,0.11342865733756248,5.476642717749802,5.930357347100052,50.89285524220106
2023-08-09 19:00:00,5.690000057220459,5.690000057220459,5.460000038146973,5.489999771118164,2379500,5.4944000244140625,6.024100017547608,5.6890000104904175,0.12139110726100448,5.446217795968408,5.931782225012427,47.89915427626227
2023-08-10 19:00:00,5.579999923706055,5.650000095367432,5.349999904632568,5.400000095367432,5341500,5.506400022506714,6.019100017547608,5.673500013351441,0.13731545875951362,5.3988690958324135,5.948130930870468,41.32231958624755
2023-08-14 19:00:00,5.5,5.5,5.360000133514404,5.400000095367432,1517000,5.520200023651123,6.012450017929077,5.664000010490417,0.14943404571828092,5.365131919053855,5.962868101926979,38.79312648215008
2023-08-15 19:00:00,5.420000076293945,5.5,5.300000190734863,5.309999942779541,1983500,5.532600021362304,6.006150016784668,5.650500011444092,0.16841289803235374,5.313674215379384,5.9873258075088,27.927938377234526
2023-08-16 19:00:00,5.289999961853027,5.349999904632568,5.239999771118164,5.269999980926514,2307000,5.546200017929078,5.999050016403198,5.630000019073487,0.18840050012961146,5.253199018814263,6.00680101933271,28.181834339097705
2023-08-17 19:00:00,5.340000152587891,5.380000114440918,5.28000020980835,5.329999923706055,1235000,5.559600019454956,5.991650016307831,5.617000007629395,0.19992370682776922,5.217152593973856,6.016847421284933,27.522937385192776
2023-08-20 19:00:00,5.420000076293945,5.420000076293945,5.25,5.25,1564000,5.572400016784668,5.985950016975403,5.602500009536743,0.21569658052337506,5.171106848489993,6.033893170583493,24.347832216429225
2023-08-21 19:00:00,5.300000190734863,5.320000171661377,5.210000038146973,5.21999979019165,1278500,5.581200008392334,5.9800000166893,5.582999992370605,0.23199596578727769,5.11900806079605,6.046991923945161,21.05263818333539
2023-08-22 19:00:00,5.230000019073486,5.269999980926514,5.059999942779541,5.130000114440918,934000,5.587400007247925,5.974850018024444,5.556500005722046,0.25213356533166986,5.052232875058706,6.060767136385385,19.834722794185737
2023-08-23 19:00:00,5.28000020980835,5.28000020980835,5.099999904632568,5.130000114440918,787500,5.5890000057220455,5.96920001745224,5.523000001907349,0.26237981435318536,4.998240373200978,6.04775963061372,22.018368289720968
2023-08-24 19:00:00,5.130000114440918,5.179999828338623,5.0,5.019999980926514,1727500,5.586200008392334,5.96170001745224,5.486500000953674,0.2793653703816055,4.927769260190463,6.045230741716885,13.513520479723894
2023-08-27 19:00:00,5.059999942779541,5.25,5.019999980926514,5.079999923706055,2993500,5.580000009536743,5.950400016307831,5.449499988555909,0.2818636403982195,4.88577270775947,6.013227269352347,20.588239419006626
2023-08-28 19:00:00,5.03000020980835,5.159999847412109,4.989999771118164,5.119999885559082,2780000,5.568600006103516,5.9343000149726866,5.413499975204468,0.2752659043956258,4.862968166413216,5.96403178399572,27.777774834338842
2023-08-29 19:00:00,5.199999809265137,5.239999771118164,5.019999980926514,5.03000020980835,1300000,5.552200012207031,5.917500014305115,5.370999979972839,0.26487134340534046,4.841257293162158,5.90074266678352,17.7777683587682
2023-08-30 19:00:00,5.050000190734863,5.050000190734863,4.849999904632568,4.869999885559082,2479000,5.535400009155273,5.900800013542176,5.321499967575074,0.26115680533481755,4.799186356905438,5.843813578244709,17.021267961297042
2023-08-31 19:00:00,4.889999866485596,4.989999771118164,4.840000152587891,4.96999979019165,1248500,5.522400007247925,5.8863000130653385,5.282999968528747,0.2528386164173297,4.777322735694088,5.788677201363407,27.36840044692198
2023-09-03 19:00:00,4.960000038146973,5.239999771118164,4.960000038146973,5.090000152587891,2972000,5.507400007247925,5.873350014686585,5.245999979972839,0.22067837373012783,4.804643232512584,5.6873567274330945,35.51402368944447
2023-09-04 19:00:00,5.099999904632568,5.150000095367432,4.909999847412109,4.940000057220459,1239000,5.493000011444092,5.860000014305115,5.208999991416931,0.20560309864698045,4.7977937941229705,5.620206188710892,33.62832530587201
2023-09-05 19:00:00,4.980000019073486,4.980000019073486,4.849999904632568,4.900000095367432,927500,5.476000013351441,5.845100014209748,5.177999997138977,0.20296745897733262,4.772065079184312,5.583934915093643,33.62832530587201
2023-09-06 19:00:00,4.829999923706055,5.019999980926514,4.829999923706055,4.96999979019165,2619000,5.463800010681152,5.83100001335144,5.1459999799728395,0.18047888708126142,4.785042205810317,5.506957754135362,34.21051861066367
2023-09-07 19:00:00,4.949999809265137,5.059999942779541,4.909999847412109,4.949999809265137,1002500,5.452000007629395,5.815550012588501,5.118999981880188,0.1661293341487014,4.786741313582786,5.451258650177591,36.11110129964626
2023-09-10 19:00:00,5.010000228881836,5.010000228881836,4.699999809265137,4.869999885559082,1667000,5.445000009536743,5.800600011348724,5.0924999713897705,0.16114314177764,4.770213687834491,5.41478625494505,34.51327358941607
2023-09-11 19:00:00,4.849999904632568,4.96999979019165,4.769999980926514,4.809999942779541,996000,5.431000003814697,5.785250010490418,5.062999963760376,0.155803530399375,4.751392902961626,5.3746070245591255,35.45453639069787
2023-09-12 19:00:00,4.800000190734863,4.889999866485596,4.710000038146973,4.730000019073486,2545500,5.41460000038147,5.769900009632111,5.033999967575073,0.16129085195521978,4.711418263664633,5.356581671485513,33.05084095094274
2023-09-13 19:00:00,4.75,4.78000020980835,4.659999847412109,4.670000076293945,1644000,5.388000001907349,5.753350009918213,5.003999972343445,0.17061498049814425,4.662770011347157,5.345229933339733,34.51327358941607
2023-09-14 19:00:00,4.800000190734863,4.900000095367432,4.599999904632568,4.630000114440918,1611500,5.365800008773804,5.737300009727478,4.968999981880188,0.17201283590590513,4.624974310068378,5.313025653691998,29.729732051800866
2023-09-17 19:00:00,4.699999809265137,4.900000095367432,4.619999885559082,4.829999923706055,2733500,5.349000005722046,5.721650009155273,4.947999978065491,0.16119943538431433,4.625601107296863,5.27039884883412,38.58267420895688
2023-09-18 19:00:00,4.869999885559082,4.869999885559082,4.710000038146973,4.809999942779541,825500,5.332800006866455,5.705850009918213,4.927499985694885,0.15050354421331355,4.626492897268258,5.228507074121512,40.83332075012855
2023-09-19 19:00:00,4.739999771118164,4.940000057220459,4.739999771118164,4.849999904632568,2485000,5.318000001907349,5.691450009346008,4.913499975204468,0.14353708014280192,4.626425814918864,5.200574135490072,49.07407448288529
2023-09-20 19:00:00,4.889999866485596,4.949999809265137,4.760000228881836,4.900000095367432,1456500,5.300799999237061,5.677400009632111,4.901999974250794,0.13418759652658374,4.633624781197627,5.170375167303961,46.60195568098382
2023-09-21 19:00:00,4.900000095367432,5.079999923706055,4.869999885559082,4.949999809265137,2078000,5.284199991226196,5.663850009441376,4.898499965667725,0.1318401926485148,4.634819580370695,5.162180350964754,42.70830849804099
2023-09-24 19:00:00,4.980000019073486,4.980000019073486,4.510000228881836,4.809999942779541,1225000,5.266199989318848,5.648800008296966,4.884999966621399,0.12596990270291447,4.633060161215569,5.136939772027228,43.157880471336526
2023-09-25 19:00:00,4.889999866485596,5.119999885559082,4.880000114440918,5.010000228881836,7331500,5.254599990844727,5.635400009155274,4.879499983787537,0.11727049675938539,4.644958990268766,5.114040977306308,54.95496463025546
2023-09-26 19:00:00,5.019999980926514,5.059999942779541,4.880000114440918,4.929999828338623,1180000,5.241599988937378,5.6212500071525575,4.87449996471405,0.11255289545863816,4.649394173796773,5.099605755631327,48.21428723481252
2023-10-01 19:00:00,4.849999904632568,4.989999771118164,4.849999904632568,4.889999866485596,1287500,5.225799989700318,5.606900005340576,4.875499963760376,0.11259964651879902,4.650300670722778,5.100699256797974,47.36842325409609
2023-10-02 19:00:00,4.800000190734863,4.949999809265137,4.800000190734863,4.909999847412109,2079500,5.212199983596801,5.591900005340576,4.872499966621399,0.11073319110812477,4.65103358440515,5.0939663488376485,51.85185021660771
2023-10-03 19:00:00,4.849999904632568,4.949999809265137,4.800000190734863,4.820000171661377,2028000,5.197799987792969,5.577450006008148,4.858999967575073,0.0986167090403881,4.661766549494297,5.056233385655849,50.45046089977052
2023-10-04 19:00:00,4.849999904632568,4.900000095367432,4.809999942779541,4.849999904632568,2091000,5.182599983215332,5.563350005149841,4.854499959945679,0.096762007543821,4.660975944858037,5.048023975033321,55.66037481218904
2023-10-05 19:00:00,4.849999904632568,4.949999809265137,4.789999961853027,4.829999923706055,2350500,5.165999984741211,5.549000005722046,4.85099995136261,0.09629445637020118,4.658411038622208,5.043588864103012,57.84313358833225
2023-10-08 19:00:00,4.710000038146973,4.840000152587891,4.710000038146973,4.75,1905500,5.144999980926514,5.535350005626679,4.839999961853027,0.09453483272672611,4.650930296399575,5.029069627306479,55.66037481218904
2023-10-09 19:00:00,4.739999771118164,4.869999885559082,4.730000019073486,4.789999961853027,2392000,5.125799980163574,5.52215000629425,4.831999969482422,0.09145602722086928,4.649087915040684,5.01491202392416,47.77777895515397
2023-10-10 19:00:00,4.820000171661377,4.860000133514404,4.789999961853027,4.840000152587891,1108500,5.1061999797821045,5.510800006389618,4.830499982833862,0.09104507371118774,4.648409835411487,5.012590130256237,51.61291480354049
2023-10-11 19:00:00,4.900000095367432,4.929999828338623,4.809999942779541,4.809999942779541,1458500,5.085599975585938,5.500850005149841,4.830499982833862,0.09104507371118774,4.648409835411487,5.012590130256237,47.826089210005286
2023-10-12 19:00:00,4.820000171661377,4.889999866485596,4.699999809265137,4.78000020980835,2632500,5.063599977493286,5.494300005435943,4.832999992370605,0.08879897074455298,4.6554020508814995,5.010597933859711,43.33333686546192
2023-10-15 19:00:00,4.940000057220459,5.0,4.840000152587891,4.900000095367432,3179500,5.044399976730347,5.492500004768371,4.84449999332428,0.0811415033079556,4.682216986708369,5.0067829999401905,47.422694602448
2023-10-16 19:00:00,4.949999809265137,5.150000095367432,4.900000095367432,5.010000228881836,6845000,5.02979998588562,5.490550005435944,4.863499999046326,0.07227689927314462,4.718946200500037,5.0080537975926145,60.63831244296343
2023-10-17 19:00:00,5.0,5.139999866485596,4.940000057220459,4.96999979019165,4406500,5.012599983215332,5.485050003528595,4.870499992370606,0.07556628513662628,4.719367422097354,5.021632562643858,47.43587000444437
2023-10-18 19:00:00,4.960000038146973,5.099999904632568,4.949999809265137,5.039999961853027,2951000,4.99979998588562,5.480600004196167,4.88199999332428,0.08300919059863153,4.715981612127017,5.0480183745215434,57.14286598955788
2023-10-19 19:00:00,5.070000171661377,5.070000171661377,4.849999904632568,4.909999847412109,3176000,4.987599983215332,5.474600002765656,4.884999990463257,0.08287592985869983,4.719248130745857,5.0507518501806565,51.16278940822854
2023-10-22 19:00:00,4.920000076293945,5.059999942779541,4.849999904632568,4.960000038146973,3040000,4.974599981307984,5.469900002479553,4.8879999876022335,0.08451719837364756,4.718965590854938,5.057034384349529,52.80899839589898
2023-10-23 19:00:00,5.039999961853027,5.039999961853027,4.900000095367432,4.920000076293945,1072000,4.963199987411499,5.466700003147126,4.886500000953674,0.08362038538563821,4.719259230182398,5.053740771724951,55.95237081554419
2023-10-24 19:00:00,4.809999942779541,5.010000228881836,4.809999942779541,4.900000095367432,2291000,4.953199987411499,5.462600004673004,4.8910000085830685,0.08168617755392152,4.727627653475225,5.054372363690912,53.012056498823995
2023-10-25 19:00:00,4.960000038146973,5.079999923706055,4.900000095367432,4.929999828338623,2756500,4.943799982070923,5.459200003147125,4.886999988555909,0.07739846685871377,4.732203054838481,5.0417969222733365,55.95237081554419
2023-10-26 19:00:00,4.920000076293945,4.960000038146973,4.800000190734863,4.840000152587891,1903000,4.93439998626709,5.450350003242493,4.882500004768372,0.07738316560005877,4.727733673568254,5.037266335968489,55.29412424687813
2023-10-29 19:00:00,4.949999809265137,5.019999980926514,4.820000171661377,4.880000114440918,1840000,4.926599988937378,5.441550004482269,4.8820000171661375,0.07736446002398789,4.7272710971181615,5.0367289372141135,55.29412424687813
2023-10-30 19:00:00,4.900000095367432,4.989999771118164,4.860000133514404,4.889999866485596,1229000,4.917799987792969,5.433650004863739,4.881000018119812,0.07711233806485482,4.726775341990102,5.035224694249521,53.08640231048224
2023-10-31 19:00:00,4.980000019073486,5.059999942779541,4.889999866485596,4.900000095367432,2241000,4.910799989700317,5.425700006484985,4.885000014305115,0.07584609181637714,4.733307830672361,5.036692197937869,55.69621246416176
2023-11-01 19:00:00,4.909999847412109,4.949999809265137,4.849999904632568,4.869999885559082,3124500,4.903799991607666,5.417850005626678,4.88600001335144,0.07549135867452866,4.735017296002383,5.0369827307004975,55.69617884642894
2023-11-02 19:00:00,4.869999885559082,5.03000020980835,4.849999904632568,4.940000057220459,2854000,4.8999999904632565,5.411550006866455,4.891500020027161,0.07520321685620134,4.741093586314759,5.041906453739563,52.7026974780494
2023-11-05 19:00:00,5.0,5.940000057220459,5.0,5.590000152587891,32697500,4.909199991226196,5.407050008773804,4.933500027656555,0.1685940498711419,4.596311927914271,5.270688127398839,72.65623486601628
2023-11-06 19:00:00,5.730000019073486,5.730000019073486,5.309999942779541,5.329999923706055,6847500,4.915399990081787,5.401650009155273,4.960500025749207,0.18667379656116778,4.587152432626871,5.333847618871543,62.00000063578267
2023-11-07 19:00:00,5.329999923706055,5.420000076293945,5.199999809265137,5.239999771118164,4361500,4.91859998703003,5.396200008392334,4.980500006675721,0.19435384491299293,4.591792316849735,5.369207696501706,56.578939112932574
2023-11-09 19:00:00,5.28000020980835,5.639999866485596,5.28000020980835,5.420000076293945,15935000,4.924599990844727,5.3902000093460085,5.01100001335144,0.2131443734677459,4.584711266415948,5.437288760286932,66.24203879691302
2023-11-12 19:00:00,5.420000076293945,5.46999979019165,5.25,5.260000228881836,6666000,4.929199991226196,5.383600010871887,5.035000014305115,0.2127885226500057,4.609422969005103,5.460577059605126,58.928575483308435
2023-11-13 19:00:00,5.269999980926514,5.489999771118164,5.079999923706055,5.349999904632568,5846000,4.938799991607666,5.38035001039505,5.057500004768372,0.22138025317681956,4.614739498414733,5.50026051112201,62.42774056641088
2023-11-14 19:00:00,5.400000095367432,5.539999961853027,5.400000095367432,5.420000076293945,5675500,4.947799997329712,5.377150011062622,5.077999997138977,0.2352960277517018,4.607407941635573,5.54859205264238,64.6067393155673
2023-11-15 19:00:00,5.449999809265137,5.710000038146973,5.449999809265137,5.570000171661377,9042000,4.957399997711182,5.374750010967254,5.108000016212463,0.2579596354573027,4.592080745297857,5.623919287127069,66.84210922579237
2023-11-16 19:00:00,5.639999866485596,5.639999866485596,5.409999847412109,5.440000057220459,4190000,4.967399997711182,5.372550010681152,5.128000020980835,0.26773123925641285,4.592537542468009,5.663462499493661,65.46390700992042
2023-11-19 19:00:00,5.429999828338623,5.489999771118164,5.25,5.360000133514404,8046000,4.976599998474121,5.370400011539459,5.150500035285949,0.26735500513723265,4.615790025011484,5.685210045560415,62.121206647877365
2023-11-20 19:00:00,5.440000057220459,5.75,5.329999923706055,5.46999979019165,10753000,4.986599998474121,5.36745001077652,5.176000022888184,0.27250109934951494,4.630997824189154,5.721002221587214,63.9422999772127
2023-11-21 19:00:00,5.550000190734863,5.650000095367432,5.460000038146973,5.510000228881836,6023500,4.997800006866455,5.364450011253357,5.2055000305175785,0.2752506312179769,4.654998768081625,5.756001292953532,64.45497201916479
2023-11-22 19:00:00,5.480000019073486,5.599999904632568,5.429999828338623,5.460000038146973,3137000,5.009600009918213,5.360650012493133,5.2335000276565555,0.27098799123158995,4.6915240451933755,5.7754760101197355,63.84976189495439
2023-11-23 19:00:00,5.489999771118164,5.5,5.309999942779541,5.369999885559082,3157500,5.020800008773803,5.357750012874603,5.255500030517578,0.2627882051092776,4.729923620299023,5.7810764407361335,59.99999112861534
2023-11-26 19:00:00,5.400000095367432,5.550000190734863,5.389999866485596,5.420000076293945,4670000,5.034600009918213,5.354950013160706,5.284500026702881,0.24598837104225255,4.792523284618376,5.776476768787386,44.51613062006013
2023-11-27 19:00:00,5.420000076293945,5.619999885559082,5.400000095367432,5.420000076293945,4664500,5.049600009918213,5.352050013542176,5.311500024795532,0.22824910002146093,4.855001824752611,5.767998224838454,53.48837553154368
2023-11-28 19:00:00,5.539999961853027,5.550000190734863,5.25,5.289999961853027,3534500,5.062800006866455,5.34850001335144,5.3315000295639035,0.20579182723632294,4.919916375091257,5.74308368403655,51.87970517859153
2023-11-29 19:00:00,5.309999942779541,5.400000095367432,5.199999809265137,5.230000019073486,1681500,5.070800008773804,5.34515001296997,5.348000025749206,0.18112518329127952,4.985749659166647,5.710250392331766,42.148761307636676
2023-11-30 19:00:00,5.28000020980835,5.400000095367432,5.260000228881836,5.329999923706055,1385500,5.081200008392334,5.342700011730194,5.371000027656555,0.14227108599998278,5.086457855656589,5.65554219965652,53.04346347802362
2023-12-03 19:00:00,5.400000095367432,5.639999866485596,5.300000190734863,5.46999979019165,9447500,5.093600006103515,5.339850010871888,5.397500014305114,0.10119682981804902,5.195106354669016,5.599893673941213,54.99999205271907
2023-12-04 19:00:00,5.420000076293945,5.920000076293945,5.420000076293945,5.690000057220459,31493000,5.109400005340576,5.338350012302398,5.402500009536743,0.11299164891346608,5.1765167117098105,5.628483307363675,59.99999293575029
2023-12-05 19:00:00,5.789999961853027,6.690000057220459,5.599999904632568,6.690000057220459,54500000,5.1442000102996825,5.342150013446808,5.470500016212464,0.3080067697428886,4.854486476726686,6.086513555698241,75.45453402622084
2023-12-06 19:00:00,7.010000228881836,7.239999771118164,6.690000057220459,6.829999923706055,60506500,5.184600009918213,5.34515001296997,5.550000023841858,0.4274280391983796,4.695143945445099,6.404856102238617,81.44795345207368
2023-12-07 19:00:00,6.860000133514404,7.239999771118164,6.75,7.110000133514404,27935500,5.226600008010864,5.3505000138282774,5.634500026702881,0.5498849253450045,4.5347301760128715,6.73426987739289,86.30704187341145
2023-12-10 19:00:00,7.150000095367432,7.949999809265137,6.980000019073486,7.809999942779541,55283500,5.284200010299682,5.35980001449585,5.762000012397766,0.7259302580156008,4.310139496366564,7.213860528428968,88.99999014536853
2023-12-11 19:00:00,7.800000190734863,8.180000305175781,7.610000133514404,7.659999847412109,33983500,5.339600009918213,5.36855001449585,5.877500009536743,0.8328257020113415,4.21184860551406,7.543151413559427,84.56590348204517
2023-12-12 19:00:00,7.849999904632568,8.550000190734863,7.5,7.699999809265137,77879000,5.395400009155273,5.377500014305115,5.991499996185302,0.9185415711492756,4.154416853886751,7.828583138483854,86.12902412057394
2023-12-13 19:00:00,7.980000019073486,8.600000381469727,7.510000228881836,8.329999923706055,79313000,5.465600004196167,5.389650013446808,6.129499983787537,1.0498294001266282,4.0298411835342804,8.229158784040793,90.6593373483717
2023-12-14 19:00:00,8.75,9.329999923706055,8.520000457763672,9.329999923706055,55359500,5.555200004577637,5.407150013446808,6.323999977111816,1.2555535241195972,3.8128929288726217,8.835107025351011,92.59258951448629
2023-12-17 19:00:00,10.319999694824219,10.329999923706055,8.449999809265137,8.869999885559082,123970500,5.636000003814697,5.423550012111664,6.49949996471405,1.355081922344711,3.789336120024628,9.209663809403473,84.15841266298152
2023-12-18 19:00:00,8.899999618530273,8.930000305175781,7.869999885559082,7.900000095367432,37862500,5.699000005722046,5.435300011634826,6.620999979972839,1.3668053078448423,3.8873893642831545,9.354610595662525,72.15619857960813
2023-12-19 19:00:00,7.75,7.900000095367432,6.900000095367432,7.099999904632568,35911000,5.745200004577637,5.442750010490418,6.700499963760376,1.3448477466937738,4.010804470372829,9.390195457147923,64.10256299608504
2023-12-20 19:00:00,7.289999961853027,8.100000381469727,7.010000228881836,7.940000057220459,26584000,5.807200002670288,5.45535001039505,6.82449996471405,1.3387679761527276,4.146964012408596,9.502035917019505,67.7069199808411
2023-12-21 19:00:00,8.199999809265137,8.369999885559082,7.630000114440918,8.069999694824219,26758000,5.872399997711182,5.4692000079154965,6.959499955177307,1.320384579830122,4.318730795517063,9.600269114837552,67.66304250996708
2023-12-25 19:00:00,8.100000381469727,8.100000381469727,7.070000171661377,7.079999923706055,12395000,5.918399991989136,5.4783500075340275,7.042499947547912,1.2697196898502143,4.503060567847484,9.58193932724834,58.54858504578781
2023-12-26 19:00:00,7.050000190734863,7.610000133514404,6.840000152587891,7.460000038146973,14114000,5.969599990844727,5.489550008773803,7.144499945640564,1.213201380998703,4.718097183643158,9.57090270763797,55.12649804493584
2023-12-27 19:00:00,7.5,7.920000076293945,7.400000095367432,7.550000190734863,9317000,6.0203999900817875,5.501950008869171,7.257499957084656,1.1340466534880649,4.989406650108526,9.525593264060786,54.82573903047629
2023-12-28 19:00:00,7.659999847412109,7.670000076293945,7.25,7.420000076293945,7407500,6.069399995803833,5.513900008201599,7.366999959945678,1.028822006779403,5.309355946386873,9.424643973504484,52.12038266214861
2023-12-31 19:00:00,7.539999961853027,8.1899995803833,7.5,7.96999979019165,16248500,6.127999992370605,5.528250007629395,7.4989999532699585,0.9169967971568458,5.665006358956267,9.33299354758365,51.11731739400763
2024-01-01 19:00:00,8.100000381469727,8.300000190734863,7.659999847412109,7.78000020980835,16212000,6.1853999996185305,5.541650009155274,7.614499974250793,0.7837861476392892,6.046927678972215,9.182072269529371,50.83333592723941
2024-01-02 19:00:00,7.800000190734863,8.0,7.550000190734863,7.599999904632568,8781000,6.238199996948242,5.554300007820129,7.709999966621399,0.6401561951630402,6.4296875762953185,8.990312356947479,49.31880170946778
2024-01-03 19:00:00,7.610000133514404,7.630000114440918,7.400000095367432,7.539999961853027,5692000,6.2905999946594235,5.564150006771087,7.752499961853028,0.5955348911275724,6.561430179597883,8.943569744108173,44.165435600284496
2024-01-04 19:00:00,7.539999961853027,7.739999771118164,7.099999904632568,7.360000133514404,9852500,6.339799995422363,5.573300006389618,7.778999972343445,0.5632415163096486,6.652516939724148,8.905483004962742,33.44537805697732
2024-01-07 19:00:00,7.380000114440918,7.820000171661377,7.309999942779541,7.550000190734863,9254500,6.392200002670288,5.5828500080108645,7.800999975204467,0.5439997688325169,6.713000437539433,8.888999512869502,38.38028304989783
2024-01-08 19:00:00,7.75,8.170000076293945,7.539999961853027,8.0,36113000,6.45539999961853,5.592150008678436,7.810499978065491,0.5458211694160734,6.718857639233344,8.902142316897638,50.96899144215812
2024-01-09 19:00:00,8.130000114440918,9.0,7.949999809265137,8.529999732971191,67980000,6.528399991989136,5.603050007820129,7.853999972343445,0.5674355446174539,6.719128883108537,8.988871061578353,64.62167838720961
2024-01-10 19:00:00,8.670000076293945,8.84000015258789,8.449999809265137,8.529999732971191,22427000,6.6011999893188475,5.613500006198883,7.895499968528748,0.5856392585113058,6.7242214515061365,9.06677848555136,57.2839488439521
2024-01-11 19:00:00,8.609999656677246,8.84000015258789,8.199999809265137,8.3100004196167,19613500,6.669399995803833,5.623500008583068,7.894499993324279,0.5848748806809078,6.724750231962464,9.064249754686095,52.89856057319995
2024-01-14 19:00:00,8.5,8.5,7.869999885559082,7.96999979019165,9370000,6.731399993896485,5.63175000667572,7.826499986648559,0.4785974050351779,6.869305176578203,8.783694796718915,62.75071699790916
2024-01-16 19:00:00,7.510000228881836,7.849999904632568,7.269999980926514,7.360000133514404,10845000,6.779799995422363,5.637800006866455,7.750999999046326,0.42095000061959015,6.909099997807146,8.592900000285507,48.655914839933274
2024-01-17 19:00:00,7.360000133514404,8.300000190734863,6.949999809265137,8.149999618530273,33339000,6.830999984741211,5.647900004386901,7.763499975204468,0.4292376250845676,6.905024725035332,8.621975225373603,56.78732665559656
2024-01-18 19:00:00,8.239999771118164,8.300000190734863,7.739999771118164,7.849999904632568,10502000,6.881399984359741,5.657850003242492,7.800999975204467,0.3999854425718541,7.00102909006076,8.600970860348175,54.68409626796308
2024-01-21 19:00:00,7.849999904632568,7.949999809265137,7.539999961853027,7.599999904632568,6024000,6.928599987030029,5.667300002574921,7.783999967575073,0.40099079471650667,6.98201837814206,8.585981557008086,45.68764506582245
2024-01-22 19:00:00,7.550000190734863,7.679999828338623,7.480000019073486,7.510000228881836,3388500,6.970399990081787,5.675750002861023,7.755999994277954,0.39951805006484986,6.956963894148254,8.555036094407654,46.778041764352885
2024-01-23 19:00:00,7.5,8.489999771118164,7.5,8.399999618530273,39612500,7.033199977874756,5.68875,7.821999979019165,0.3909043654164941,7.0401912481861775,8.603808709852153,58.1632669942183
2024-01-24 19:00:00,8.489999771118164,8.890000343322754,8.420000076293945,8.670000076293945,38807500,7.099599981307984,5.703700001239777,7.8824999809265135,0.42415075760136556,7.034198465723782,8.730801496129244,61.05675745737251
2024-01-25 19:00:00,8.720000267028809,8.850000381469727,8.050000190734863,8.140000343322754,18825000,7.15399998664856,5.716050002574921,7.911999988555908,0.4203080797059773,7.0713838291439535,8.752616147967863,57.142862133305734
2024-01-28 19:00:00,8.199999809265137,8.289999961853027,7.710000038146973,7.760000228881836,6531500,7.197799987792969,5.725200004577637,7.928999996185302,0.40599317880862895,7.117013638568045,8.74098635380256,51.8584081700721
2024-01-29 19:00:00,7.78000020980835,8.460000038146973,7.78000020980835,7.909999847412109,24692000,7.2471999835968015,5.735400004386902,7.925999999046326,0.4058959411910333,7.114208116664259,8.737791881428393,49.1588766887842
2024-01-30 19:00:00,8.0,8.350000381469727,7.800000190734863,7.909999847412109,14174000,7.298199977874756,5.745100004673004,7.932499980926513,0.404473267449073,7.123553446028367,8.74144651582466,43.568462965168706
2024-01-31 19:00:00,7.980000019073486,8.09000015258789,7.71999979019165,7.940000057220459,8602000,7.347599983215332,5.755500004291535,7.949499988555909,0.39683576098660717,7.155828466582694,8.743171510529123,43.91752660432911
2024-02-01 19:00:00,8.0,8.390000343322754,8.0,8.140000343322754,17532500,7.40019998550415,5.766700005531311,7.979500007629395,0.38680158745979704,7.205896832709801,8.753103182548989,48.24016446640331
2024-02-05 19:00:00,8.199999809265137,8.300000190734863,8.0600004196167,8.149999618530273,4567500,7.453999977111817,5.778150002956391,8.018999981880189,0.3595888702934509,7.2998222412932865,8.738177722467091,51.99999915228905
2024-02-06 19:00:00,8.199999809265137,8.270000457763672,8.0,8.0600004196167,6234500,7.507799987792969,5.789450004100799,8.04449999332428,0.3422444630490324,7.360011067226215,8.728988919422344,58.7939797229047
2024-02-08 19:00:00,7.789999961853027,7.789999961853027,7.199999809265137,7.619999885559082,10899000,7.551799983978271,5.798850004673004,8.025499987602235,0.3551496545197732,7.315200678562688,8.735799296641781,42.69972459028108
2024-02-11 19:00:00,7.519999980926514,7.659999847412109,6.800000190734863,6.940000057220459,13219000,7.5821999835968015,5.804550004005432,7.946000003814698,0.4099986792239337,7.12600264536683,8.765997362262565,38.653363736768654
2024-02-12 19:00:00,6.900000095367432,7.159999847412109,6.550000190734863,7.0,8867000,7.616399984359742,5.8107000041007995,7.869500017166137,0.43713750617301644,6.995225004820105,8.74377502951217,42.146594538564344
2024-02-13 19:00:00,7.300000190734863,7.389999866485596,7.099999904632568,7.210000038146973,6211000,7.655999984741211,5.8182000041008,7.814499998092652,0.4478659551911126,6.9187680877104265,8.710231908474878,46.19288965354985
2024-02-14 19:00:00,7.210000038146973,7.630000114440918,7.039999961853027,7.090000152587891,15871000,7.691199989318847,5.825900003910065,7.770500016212464,0.47423590816398287,6.822028199884498,8.71897183254043,29.33754213692299
2024-02-15 19:00:00,7.070000171661377,7.190000057220459,6.860000133514404,6.920000076293945,5267500,7.720199995040893,5.83235000371933,7.748500013351441,0.503579514802142,6.741340983747157,8.755659042955724,21.498359648438836
2024-02-18 19:00:00,6.789999961853027,7.039999961853027,6.699999809265137,6.989999771118164,3181500,7.746199989318848,5.840450003147125,7.690500020980835,0.5213895870928565,6.647720846795122,8.733279195166547,27.969326749445145
2024-02-19 19:00:00,7.010000228881836,7.340000152587891,7.010000228881836,7.050000190734863,6877000,7.753399991989136,5.847800004482269,7.650500035285949,0.5389021379569461,6.572695759372057,8.728304311199842,34.49780904683334
2024-02-20 19:00:00,7.300000190734863,7.460000038146973,7.150000095367432,7.21999979019165,8049500,7.761199989318848,5.856550004482269,7.631500029563904,0.5474080054929825,6.536684018577939,8.72631604054987,35.06492729055847
2024-02-21 19:00:00,7.199999809265137,7.570000171661377,7.179999828338623,7.340000152587891,10038000,7.765799989700318,5.866200006008148,7.6230000257492065,0.5507038530009891,6.521592319747228,8.724407731751185,38.271608087631314
2024-02-22 19:00:00,7.400000095367432,7.760000228881836,7.300000190734863,7.519999980926514,14220000,7.759999990463257,5.876700005531311,7.579000043869018,0.5196345180400221,6.5397310077889745,8.618269079949062,41.86046038830824
2024-02-25 19:00:00,7.670000076293945,7.699999809265137,7.360000133514404,7.429999828338623,5432000,7.755399990081787,5.887250003814697,7.517000031471253,0.45221214031781654,6.612575750835619,8.421424312106886,35.627513169495614
2024-02-26 19:00:00,7.5,7.550000190734863,7.21999979019165,7.289999961853027,5553000,7.747199993133545,5.897400002479554,7.474500012397766,0.4299752249766284,6.61454956244451,8.334450462351024,33.46154142413684
2024-02-27 19:00:00,7.349999904632568,8.289999961853027,7.309999942779541,7.980000019073486,30485000,7.740199995040894,5.911000001430511,7.485500001907349,0.4403524351395205,6.604795131628308,8.36620487218639,48.74999385327156
2024-02-28 19:00:00,8.520000457763672,8.640000343322754,7.900000095367432,8.010000228881836,31867000,7.713800001144409,5.924950003623962,7.490500020980835,0.44595819021522964,6.598583640550375,8.382416401411295,56.9892535601278
2024-02-29 19:00:00,8.100000381469727,8.130000114440918,7.760000228881836,7.949999809265137,8393000,7.69539999961853,5.940050003528595,7.4925000190734865,0.4480234599232764,6.596453099226934,8.38854693892004,73.27187775568407
2024-03-03 19:00:00,8.100000381469727,8.279999732971191,7.920000076293945,8.010000228881836,12184000,7.6976000022888185,5.955900003910065,7.496000027656555,0.451959509947014,6.592081007762527,8.399919047550583,73.2718836289356
2024-03-04 19:00:00,8.039999961853027,8.149999618530273,7.809999942779541,7.860000133514404,7370500,7.7128000068664555,5.971050004959107,7.482000017166138,0.4349785378015253,6.612042941563088,8.351957092769188,65.40283792539333
2024-03-05 19:00:00,7.809999942779541,8.25,7.809999942779541,7.940000057220459,10537000,7.7128000068664555,5.986550004482269,7.471500039100647,0.42029161662442777,6.6309168058517916,8.312083272349502,70.53138750093007
2024-03-06 19:00:00,7.949999809265137,8.0,7.75,7.809999942779541,4184500,7.707600011825561,6.001750004291535,7.459000015258789,0.40531860710809553,6.648362801042598,8.26963722947498,71.92116641348899
2024-03-07 19:00:00,7.840000152587891,7.96999979019165,7.769999980926514,7.840000152587891,3967000,7.722800016403198,6.016750004291534,7.4700000286102295,0.41283362474146224,6.644332779127305,8.295667278093154,71.35677549087828
2024-03-10 19:00:00,7.909999847412109,8.779999732971191,7.909999847412109,8.5,52271500,7.743600015640259,6.035350003242493,7.548000025749206,0.45285761750665887,6.642284790735888,8.453715260762523,77.99226235385132
2024-03-11 19:00:00,8.600000381469727,8.850000381469727,8.100000381469727,8.140000343322754,29322000,7.755400018692017,6.0529500055313115,7.605000042915345,0.4519956172114882,6.701008808492368,8.508991277338321,66.54676561319431
2024-03-12 19:00:00,8.199999809265137,8.3100004196167,7.659999847412109,7.769999980926514,11042000,7.762400016784668,6.068600006103516,7.633000040054322,0.44350403193862137,6.745991976177079,8.520008103931564,57.09570401359819
2024-03-13 19:00:00,7.869999885559082,8.449999809265137,7.849999904632568,8.380000114440918,18760000,7.770600023269654,6.087900006771088,7.6975000381469725,0.45405633425335706,6.7893873696402585,8.605612706653687,62.42774231896285
2024-03-14 19:00:00,8.489999771118164,9.09000015258789,8.489999771118164,8.5600004196167,56955500,7.786200027465821,6.108900008201599,7.77950005531311,0.4543414320046806,6.870817191303749,8.688182919322472,65.91549401717393
2024-03-17 19:00:00,8.670000076293945,8.739999771118164,8.199999809265137,8.279999732971191,16267000,7.799800024032593,6.124200007915497,7.844000053405762,0.42711275679959193,6.989774539806578,8.698225567004945,63.41462216947583
2024-03-18 19:00:00,8.359999656677246,8.579999923706055,8.0600004196167,8.119999885559082,16621000,7.811400022506714,6.139900007247925,7.897500038146973,0.38760913515652295,7.122281767833927,8.672718308460018,52.2151861964794
2024-03-19 19:00:00,8.1899995803833,8.279999732971191,7.829999923706055,7.880000114440918,13962000,7.821800022125244,6.155300006866455,7.930500054359436,0.353486069957699,7.2235279144440385,8.637472194274835,48.07121594542609
2024-03-20 19:00:00,7.949999809265137,8.0600004196167,7.650000095367432,7.710000038146973,12369000,7.825000019073486,6.170300006866455,7.94900004863739,0.3298469149565263,7.289306218724337,8.608693878550442,46.551728862831546
2024-03-21 19:00:00,7.71999979019165,7.840000152587891,7.449999809265137,7.539999961853027,8710000,7.815800018310547,6.1845500063896175,7.950000047683716,0.32850544910583057,7.292989149472055,8.607010945895377,43.45403729529547
2024-03-25 19:00:00,8.180000305175781,8.319999694824219,7.849999904632568,7.900000095367432,10040500,7.803200025558471,6.201100006103515,7.973500061035156,0.3053432517429776,7.362813557549201,8.584186564521112,50.526315129034614
2024-03-26 19:00:00,7.920000076293945,8.130000114440918,7.809999942779541,7.880000114440918,16036000,7.790200033187866,6.2172000074386595,8.003000068664551,0.2611331956707292,7.4807336773230935,8.52526646000601,49.19786198526625
2024-03-27 19:00:00,7.949999809265137,8.0600004196167,7.889999866485596,7.940000057220459,10099000,7.782800025939942,6.23385000705719,8.0010000705719,0.26147158153484157,7.478056907502217,8.523943233641583,51.77111822829709
2024-03-28 19:00:00,8.079999923706055,8.079999923706055,7.599999904632568,7.730000019073486,7856500,7.778000030517578,6.248600006103516,7.987000060081482,0.2683693831313987,7.450261293818684,8.52373882634428,48.5714271559568
2024-03-31 19:00:00,7.900000095367432,7.900000095367432,7.599999904632568,7.670000076293945,4490500,7.784200029373169,6.262850005626678,7.973000073432923,0.27754756528167,7.4179049428695825,8.528095203996262,37.23077415150154
2024-04-01 19:00:00,7.599999904632568,7.710000038146973,7.510000228881836,7.619999885559082,5005500,7.773600034713745,6.275700004100799,7.953500056266785,0.2883031551964226,7.376893745873939,8.53010636665963,41.1564592750457
2024-04-02 19:00:00,7.75,8.0,7.650000095367432,7.789999961853027,7965000,7.772400035858154,6.288850004673004,7.950000047683716,0.2899183660732448,7.370163315537226,8.529836779830205,50.364962995538434
2024-04-03 19:00:00,7.860000133514404,7.900000095367432,7.71999979019165,7.75,3368500,7.775400037765503,6.300650005340576,7.940500044822693,0.29335585888689325,7.353788327048907,8.52721176259648,35.483875220784284
2024-04-07 19:00:00,7.869999885559082,7.869999885559082,7.659999847412109,7.730000019073486,3945500,7.779800033569336,6.310850005149842,7.93650004863739,0.29576444430088117,7.3449711600356276,8.528028937239153,29.35323111624693
2024-04-08 19:00:00,7.760000228881836,7.940000057220459,7.670000076293945,7.710000038146973,4945000,7.76600004196167,6.320150005817413,7.930000042915344,0.29940296267092725,7.33119411757349,8.528805968257199,33.71429443359375
2024-04-14 19:00:00,7.699999809265137,7.849999904632568,7.610000133514404,7.75,4977500,7.747600040435791,6.330350005626679,7.892500042915344,0.2697538460229724,7.3529923508694,8.432007734961289,38.6503110557759
2024-04-15 19:00:00,7.849999904632568,8.050000190734863,7.71999979019165,7.809999942779541,12117000,7.741000032424926,6.341300005912781,7.876000022888183,0.26384609409776416,7.348307834692655,8.403692211083712,47.586201453465144
2024-04-16 19:00:00,7.900000095367432,7.949999809265137,7.670000076293945,7.710000038146973,4843500,7.740000028610229,6.350650005340576,7.8730000257492065,0.2654510017651005,7.342098022219005,8.403902029279408,50.0
2024-04-17 19:00:00,7.769999980926514,7.769999980926514,7.559999942779541,7.630000114440918,3173500,7.734400033950806,6.3605000066757205,7.835500025749207,0.2419977511189884,7.35150452351123,8.319495527987185,53.48837811043845
2024-04-18 19:00:00,7.650000095367432,7.679999828338623,7.510000228881836,7.539999961853027,3668000,7.727000036239624,6.3694500064849855,7.784500002861023,0.18109240731315318,7.422315188234717,8.14668481748733,32.35293430165561
2024-04-21 19:00:00,7.630000114440918,7.769999980926514,7.5,7.539999961853027,8452000,7.719000034332275,6.37925000667572,7.747500014305115,0.14689327385876316,7.453713466587589,8.041286562022641,32.99999237060547
2024-04-22 19:00:00,7.539999961853027,7.619999885559082,7.400000095367432,7.460000038146973,3973000,7.70540002822876,6.38885000705719,7.7145000219345095,0.13220700205828212,7.450086017817945,7.978914026051074,26.470586860331125
2024-04-23 19:00:00,7.489999771118164,7.590000152587891,7.409999847412109,7.449999809265137,6881500,7.6914000320434575,6.400000007152557,7.69300000667572,0.13868180262963983,7.415636401416441,7.970363611934999,32.92682004925378
2024-04-24 19:00:00,7.46999979019165,7.940000057220459,7.420000076293945,7.670000076293945,22121500,7.683600025177002,6.410800006389618,7.691000008583069,0.13871215958380473,7.41357568941546,7.968424327750679,50.0
2024-04-25 19:00:00,7.75,7.860000133514404,7.46999979019165,7.53000020980835,10407500,7.681800031661988,6.420700006484985,7.690500020980835,0.13930185370222273,7.411896313576389,7.969103728385281,45.794408349907506
2024-04-28 19:00:00,7.75,8.390000343322754,7.650000095367432,8.109999656677246,60072684,7.705200023651123,6.431250004768372,7.700999999046326,0.16199086960081419,7.377018259844697,8.024981738247954,60.81080384459742
2024-04-29 19:00:00,8.25,8.279999732971191,7.519999980926514,7.610000133514404,22723258,7.717400026321411,6.440600006580353,7.6875,0.1574759345987239,7.372548130802552,8.002451869197447,46.391754351079626
2024-05-01 19:00:00,7.650000095367432,7.730000019073486,7.309999942779541,7.360000133514404,8836630,7.7204000282287595,6.449050006866455,7.658500003814697,0.16187302002917317,7.33475396375635,7.982246043873044,41.474653567776166
2024-05-02 19:00:00,7.389999866485596,8.220000267028809,7.300000190734863,8.0600004196167,26575393,7.7398000335693355,6.4612500095367436,7.675000023841858,0.18474732903747604,7.305505365766906,8.04449468191681,56.1403588024659
2024-05-05 19:00:00,8.180000305175781,8.399999618530273,7.920000076293945,8.0600004196167,23880290,7.762600040435791,6.473600010871888,7.694500041007996,0.203792364407453,7.28691531219309,8.102084769822902,55.51602274971848
2024-05-06 19:00:00,8.140000343322754,8.140000343322754,7.760000228881836,7.789999961853027,9130480,7.778600044250489,6.4837500095367435,7.7030000448226925,0.20406657691306543,7.294866890996562,8.111133198648824,49.66887448588033
2024-05-07 19:00:00,7.800000190734863,7.869999885559082,7.599999904632568,7.610000133514404,8082155,7.789800043106079,6.4929000091552735,7.6940000534057615,0.20399692844401882,7.286006196517724,8.1019939102938,48.387098262759125
2024-05-08 19:00:00,7.730000019073486,7.800000190734863,7.559999942779541,7.610000133514404,4302329,7.797600049972534,6.502400009632111,7.687000060081482,0.20437583849751678,7.278248383086448,8.095751737076515,49.66887448588033
2024-05-09 19:00:00,7.0,7.329999923706055,7.0,7.25,26587538,7.795800046920776,6.510700008869171,7.663000059127808,0.2260903684012117,7.210819322325384,8.11518079593023,45.59270569581267
2024-05-12 19:00:00,7.269999980926514,7.440000057220459,7.150000095367432,7.210000038146973,6807253,7.789600048065186,6.518850009441376,7.638000059127807,0.2472714532199907,7.143457152687826,8.132542965567788,45.045046077076364
2024-05-13 19:00:00,7.260000228881836,7.369999885559082,7.150000095367432,7.190000057220459,7074468,7.784800052642822,6.526400010585785,7.61000006198883,0.2649925796509264,7.080014902686978,8.139985221290683,45.87155990059039
2024-05-14 19:00:00,7.199999809265137,7.28000020980835,7.050000190734863,7.090000152587891,6904113,7.78080005645752,6.533900010585785,7.574000072479248,0.284575422127139,7.004849228224971,8.143150916733527,44.64286170443757
2024-05-15 19:00:00,7.199999809265137,7.199999809265137,6.829999923706055,6.869999885559082,7766131,7.758600053787231,6.540550010204315,7.5320000648498535,0.32285898065504204,6.886282103539769,8.177718026159937,38.09523404049994
2024-05-16 19:00:00,6.920000076293945,7.0,6.670000076293945,6.800000190734863,8574446,7.734400053024292,6.546500010490417,7.49050006866455,0.3607226167686207,6.769054835127309,8.211945302201793,38.90577304953643
2024-05-19 19:00:00,6.880000114440918,7.21999979019165,6.75,6.949999809265137,6846378,7.714400053024292,6.552950010299683,7.461000061035156,0.380067902569095,6.700864255896966,8.221135866173347,29.72027995346336
2024-05-20 19:00:00,7.079999923706055,7.130000114440918,6.849999904632568,6.900000095367432,3697993,7.692200050354004,6.558450009822845,7.429000067710876,0.39951158249444385,6.629976902721989,8.228023232699764,35.269707819496745
2024-05-21 19:00:00,6.989999771118164,7.0,6.71999979019165,6.760000228881836,3512177,7.670200052261353,6.563500010967255,7.39400007724762,0.426409760055107,6.541180557137406,8.246819597357835,36.95652218982724
2024-05-22 19:00:00,6.889999866485596,6.940000057220459,6.699999809265137,6.820000171661377,2665478,7.647800054550171,6.568500010967255,7.362500095367432,0.44492313531267863,6.472653824742075,8.25234636599279,12.650580779261361
2024-05-23 19:00:00,6.800000190734863,6.929999828338623,6.75,6.800000190734863,2492653,7.627600059509278,6.57330001115799,7.319000101089477,0.4556764921688641,6.407647116751749,8.230353085427206,12.499978712618642
2024-05-26 19:00:00,6.900000095367432,7.289999961853027,6.75,7.010000228881836,14730016,7.611000061035156,6.5789500117301944,7.293000102043152,0.45783357818316045,6.377332945676831,8.208667258409474,25.925918294782107
2024-05-28 19:00:00,7.139999866485596,7.150000095367432,6.800000190734863,6.840000152587891,4923737,7.577800064086914,6.583850011825562,7.229500126838684,0.4254839885566131,6.378532149725458,8.08046810395191,26.086944932388306
2024-05-29 19:00:00,6.869999885559082,6.940000057220459,6.699999809265137,6.71999979019165,3833395,7.549400053024292,6.588750011920929,7.185000109672546,0.4301102167957957,6.324779676080955,8.045220543264138,24.277439918502168
2024-05-30 19:00:00,6.659999847412109,6.849999904632568,6.610000133514404,6.639999866485596,3461181,7.526800050735473,6.592800011634827,7.149000096321106,0.4445803113021947,6.259839473716716,8.038160718925495,28.96550295326763
2024-06-02 19:00:00,6.769999980926514,6.800000190734863,6.650000095367432,6.699999809265137,1940973,7.493200044631958,6.597900011539459,7.0810000658035275,0.3996433275913546,6.281713410620818,7.880286720986237,32.65304533653041
2024-06-03 19:00:00,6.789999961853027,6.789999961853027,6.519999980926514,6.550000190734863,3099048,7.453000040054321,6.6030500125885006,7.005500054359436,0.34367174795244726,6.318156558454541,7.69284355026433,29.999991059297415
2024-06-04 19:00:00,6.650000095367432,6.730000019073486,6.400000095367432,6.409999847412109,4495493,7.41560004234314,6.607050011157989,6.93650004863739,0.3152322044977109,6.306035639641968,7.566964457632811,29.268275663152806
2024-06-05 19:00:00,6.460000038146973,6.460000038146973,6.300000190734863,6.329999923706055,3606224,7.379800043106079,6.611250011920929,6.872500038146972,0.3009087571668498,6.270682523813273,7.474317552480672,31.999989827467488
2024-06-06 19:00:00,6.329999923706055,6.329999923706055,6.079999923706055,6.170000076293945,4401573,7.34560004234314,6.615100011825562,6.80050003528595,0.28711773856282446,6.226264558160301,7.374735512411599,30.18866566500823
2024-06-09 19:00:00,6.239999771118164,6.269999980926514,6.0,6.070000171661377,1851194,7.312800045013428,6.618450012207031,6.741500043869019,0.31019986535720273,6.121100313154614,7.361899774583424,21.428573640247293
2024-06-10 19:00:00,6.179999828338623,6.550000190734863,6.039999961853027,6.210000038146973,6841347,7.286200046539307,6.6229500126838685,6.691500043869018,0.31130076709874593,6.068898509671526,7.31410157806651,28.834349367254504
2024-06-11 19:00:00,6.289999961853027,6.349999904632568,6.03000020980835,6.099999904632568,4300184,7.250200042724609,6.627100012302399,6.637000036239624,0.31482830066582174,6.00734343490798,7.266656637571268,29.374988637863908
2024-06-12 19:00:00,6.159999847412109,6.760000228881836,6.130000114440918,6.570000171661377,11253459,7.224000043869019,6.633300013542176,6.611000037193298,0.29637993011604813,6.018240176961202,7.203759897425394,43.78109523551957
2024-06-13 19:00:00,6.739999771118164,6.880000114440918,6.550000190734863,6.639999866485596,5336306,7.198000040054321,6.640250012874604,6.599500036239624,0.2901991389539885,6.019101758331646,7.179898314147601,46.11649687636931
2024-06-19 19:00:00,6.650000095367432,6.849999904632568,6.489999771118164,6.519999980926514,4319097,7.173800039291382,6.646750013828278,6.585500025749207,0.2867508735094896,6.0119982787302275,7.159001772768186,37.563444158853116
2024-06-20 19:00:00,6.53000020980835,6.599999904632568,6.170000076293945,6.239999771118164,5334967,7.145200033187866,6.652300012111664,6.550000023841858,0.28317750958581195,5.983645004670234,7.116355043013482,35.57691337794205
2024-06-23 19:00:00,6.289999961853027,6.289999961853027,6.010000228881836,6.050000190734863,5569685,7.113800039291382,6.656900012493134,6.507500028610229,0.2915453677717964,5.9244092930666366,7.090590764153822,34.418607745834606
2024-06-24 19:00:00,6.099999904632568,6.150000095367432,6.0,6.03000020980835,3152264,7.078600044250488,6.661950013637543,6.471000027656555,0.3037121258467745,5.863575775963007,7.078424279350104,35.40670118451871
2024-06-25 19:00:00,6.099999904632568,6.159999847412109,5.869999885559082,5.960000038146973,5043008,7.042800045013427,6.666350014209748,6.428000020980835,0.3124537801290915,5.8030924607226515,7.052907581239018,32.3809530297106
2024-06-26 19:00:00,6.0,6.090000152587891,5.989999771118164,6.03000020980835,2058571,7.008800048828125,6.670900015830994,6.389500021934509,0.3116420563544056,5.766215909225698,7.01278413464332,37.12871322186831
2024-06-27 19:00:00,6.130000114440918,6.239999771118164,5.96999979019165,6.190000057220459,4669429,6.978400049209594,6.676700015068054,6.34850001335144,0.2778161422984554,5.79286772875453,6.904132297948351,44.60784691840402
2024-06-30 19:00:00,6.010000228881836,6.130000114440918,5.989999771118164,6.090000152587891,4015886,6.945200052261352,6.682800016403198,6.311000013351441,0.2578840172447691,5.795231978861903,6.826768047840979,44.17476132673723
2024-07-01 19:00:00,6.110000133514404,6.179999828338623,5.989999771118164,6.019999980926514,3002818,6.909400053024292,6.688050017356873,6.276000022888184,0.24671306318999026,5.782573896508203,6.769426149268164,46.192890575058414
2024-07-02 19:00:00,6.110000133514404,6.300000190734863,6.050000190734863,6.090000152587891,5703338,6.87700005531311,6.693050017356873,6.248500037193298,0.23434729701782253,5.779805443157653,6.717194631228943,50.51546341073744
2024-07-03 19:00:00,6.150000095367432,6.940000057220459,6.050000190734863,6.71999979019165,26030969,6.858800048828125,6.701950016021729,6.249500036239624,0.23640892646188533,5.776682183315853,6.722317889163395,60.49382279984278
2024-07-04 19:00:00,6.769999980926514,6.849999904632568,6.400000095367432,6.449999809265137,10674151,6.837000045776367,6.709700014591217,6.244500017166137,0.23070763476328138,5.783084747639575,6.7059152866927,56.7567557615836
2024-07-07 19:00:00,6.539999961853027,6.550000190734863,6.369999885559082,6.460000038146973,1526514,6.815400047302246,6.717150015830994,6.247000026702881,0.23285632641755497,5.78128737386777,6.712712679537991,47.417836802119034
2024-07-08 19:00:00,6.53000020980835,6.53000020980835,6.300000190734863,6.340000152587891,3308000,6.793000049591065,6.724100017547608,6.247500038146972,0.23305458436576657,5.781390869415439,6.713609206878505,43.11927207521079
2024-07-09 19:00:00,6.340000152587891,6.349999904632568,6.150000095367432,6.159999847412109,3066101,6.7672000503540035,6.730550017356872,6.247000026702881,0.23324026302761586,5.780519500647649,6.713480552758113,41.9642836235618
2024-07-10 19:00:00,6.199999809265137,6.579999923706055,6.099999904632568,6.25,6076549,6.738800048828125,6.737750017642975,6.256000018119812,0.2294936577373389,5.797012702645134,6.71498733359449,50.24390799881465
2024-07-11 19:00:00,6.340000152587891,6.340000152587891,6.110000133514404,6.170000076293945,3286194,6.711600046157837,6.744950017929077,6.254000020027161,0.23008916256652567,5.79382169489411,6.714178345160212,53.09277970424306
2024-07-14 19:00:00,6.25,6.46999979019165,6.159999847412109,6.230000019073486,3871641,6.674000053405762,6.752750017642975,6.260500025749207,0.22732939177108538,5.805841242207036,6.715158809291378,55.05049896902053
2024-07-17 19:00:00,6.230000019073486,6.5,6.190000057220459,6.239999771118164,7119396,6.646600046157837,6.760800015926361,6.244000005722046,0.2153429702394714,5.813314065243103,6.674685946200989,57.29165942304693
2024-07-18 19:00:00,6.300000190734863,6.320000171661377,6.099999904632568,6.110000133514404,3804242,6.621600046157837,6.767200016975403,6.217500019073486,0.19576763777217918,5.825964743529128,6.609035294617844,52.02020056064503
2024-07-21 19:00:00,6.199999809265137,6.199999809265137,6.03000020980835,6.070000171661377,2883815,6.58180004119873,6.773500018119812,6.195000028610229,0.18471875900344806,5.825562510603333,6.564437546617126,46.774196029330106
2024-07-22 19:00:00,6.099999904632568,6.199999809265137,6.039999961853027,6.079999923706055,1626269,6.542200031280518,6.77965001821518,6.187000036239624,0.18612664454348438,5.814746747152656,6.559253325326592,49.71750757955774
2024-07-23 19:00:00,6.090000152587891,6.869999885559082,6.050000190734863,6.690000057220459,25777994,6.520200033187866,6.788600018024445,6.219000029563904,0.21422805118237537,5.790543927199153,6.647456131928655,64.50216950635989
2024-07-24 19:00:00,6.699999809265137,6.849999904632568,6.349999904632568,6.449999809265137,17867321,6.497000026702881,6.796100018024444,6.240000009536743,0.21530877259020667,5.80938246435633,6.670617554717157,57.258058934007266
2024-07-25 19:00:00,6.309999942779541,6.489999771118164,6.150000095367432,6.190000057220459,7151945,6.468600025177002,6.8030000185966495,6.2515000104904175,0.20548459980025816,5.840530810889901,6.662469210090934,37.44076257799452
2024-07-28 19:00:00,6.199999809265137,6.449999809265137,6.099999904632568,6.210000038146973,6247664,6.447800025939942,6.809000017642975,6.2605000019073485,0.19911575361802025,5.862268494671308,6.658731509143389,43.54839205866021
2024-07-29 19:00:00,6.139999866485596,6.289999961853027,6.130000114440918,6.139999866485596,2565270,6.426400022506714,6.81505001783371,6.257999992370605,0.2003575255598306,5.857284941250944,6.658715043490266,41.66666045784821
2024-07-30 19:00:00,6.150000095367432,6.269999980926514,6.110000133514404,6.130000114440918,2115718,6.405200023651123,6.821250019073486,6.259999990463257,0.1987857409977262,5.862428508467804,6.657571472458709,44.19889226216884
2024-07-31 19:00:00,6.199999809265137,6.75,6.150000095367432,6.449999809265137,26705549,6.392400016784668,6.828950018882751,6.281499981880188,0.1946730835346376,5.8921538148109125,6.6708461489494635,57.4359008217254
2024-08-01 19:00:00,6.5,6.550000190734863,6.320000171661377,6.369999885559082,5916794,6.382400016784668,6.83670001745224,6.295499968528747,0.19019306471026365,5.91511383910822,6.675886097949275,53.09278274497157
2024-08-04 19:00:00,6.449999809265137,6.449999809265137,6.210000038146973,6.28000020980835,4099862,6.372000017166138,6.843850018978119,6.273499989509583,0.1618405319418971,5.949818925625789,6.597181053393377,52.82051858896186
2024-08-05 19:00:00,6.349999904632568,6.679999828338623,6.239999771118164,6.559999942779541,41384191,6.364200019836426,6.852500019073486,6.278999996185303,0.1698265110397518,5.939346974105799,6.618653018264807,57.60369129404485
2024-08-06 19:00:00,6.599999904632568,6.800000190734863,6.429999828338623,6.46999979019165,10507974,6.35560001373291,6.861100018024445,6.279499983787536,0.17040118907959473,5.938697605628347,6.620302361946726,55.111114784525626
2024-08-07 19:00:00,6.5,6.639999866485596,6.349999904632568,6.389999866485596,5603489,6.348200006484985,6.869100017547607,6.281999969482422,0.17169736144816466,5.938605246586093,6.625394692378752,56.363633605072856
2024-08-08 19:00:00,6.440000057220459,6.5,6.300000190734863,6.329999923706055,2894291,6.338400001525879,6.876550016403198,6.290499973297119,0.16953413864567046,5.951431696005778,6.62956825058846,55.85585334027827
2024-08-11 19:00:00,6.429999828338623,6.800000190734863,6.360000133514404,6.519999980926514,13034543,6.332799997329712,6.885100016593933,6.303999972343445,0.17673644745779593,5.950527077427854,6.657472867259036,59.16667113701662
2024-08-12 19:00:00,6.659999847412109,7.230000019073486,6.550000190734863,6.789999961853027,47802550,6.328399991989135,6.895150015354156,6.334999966621399,0.2042315108036079,5.926536945014183,6.743462988228615,52.42718334235698
2024-08-14 19:00:00,6.900000095367432,7.0,6.639999866485596,6.670000076293945,10949232,6.324999990463257,6.904000015258789,6.3569999694824215,0.21570200839354534,5.925595952695331,6.788403986269512,55.67011398874073
2024-08-15 19:00:00,6.769999980926514,6.889999866485596,6.539999961853027,6.579999923706055,7855410,6.322199993133545,6.91185001373291,6.373999977111817,0.21936267734814957,5.935274622415518,6.812725331808116,61.01695143559044
2024-08-18 19:00:00,6.650000095367432,6.880000114440918,6.409999847412109,6.460000038146973,10542212,6.318599996566772,6.919300014972687,6.3914999723434445,0.21099448689106343,5.969510998561318,6.813488946125571,56.684495796690804
2024-08-19 19:00:00,6.510000228881836,6.590000152587891,6.400000095367432,6.46999979019165,3106198,6.313999996185303,6.92645001411438,6.411499953269958,0.19743818636839464,6.016623580533169,6.806376326006747,59.11602748481101
2024-08-20 19:00:00,6.510000228881836,6.760000228881836,6.510000228881836,6.610000133514404,6482676,6.315199995040894,6.934950015544891,6.437999963760376,0.1858295699274067,6.066340823905563,6.809659103615189,62.371140228778714
2024-08-21 19:00:00,6.75,6.949999809265137,6.619999885559082,6.639999866485596,8931076,6.319799995422363,6.943350014686584,6.435499954223633,0.18256864098803322,6.070362672247566,6.800637236199699,55.75758048654178
2024-08-22 19:00:00,6.639999866485596,7.050000190734863,6.610000133514404,6.900000095367432,14185567,6.331199998855591,6.953250014781952,6.457999968528748,0.2101027301638624,6.037794508201023,6.8782054288564725,64.48088442636342
2024-08-25 19:00:00,7.25,7.440000057220459,7.019999980926514,7.179999828338623,24124665,6.351399993896484,6.964650013446808,6.507499957084656,0.25538153654847146,5.9967368839877135,7.018263030181599,72.27722374951784
2024-08-26 19:00:00,7.309999942779541,7.360000133514404,7.0,7.050000190734863,9790016,6.3709999942779545,6.975250015258789,6.54949996471405,0.2723866392805454,6.004726686152959,7.094273243275141,63.101615050515434
2024-08-27 19:00:00,7.050000190734863,7.130000114440918,6.809999942779541,6.840000152587891,9333841,6.3835999965667725,6.985250015258789,6.584499979019165,0.2617647751413113,6.0609704287365425,7.108029529301788,59.29649481433416
2024-08-28 19:00:00,6.909999847412109,7.440000057220459,6.860000133514404,7.25,16422901,6.406599998474121,6.997100014686584,6.6404999732971195,0.2786712188821474,6.083157535532825,7.197842411061414,68.53449188359168
2024-08-29 19:00:00,7.46999979019165,8.119999885559082,7.21999979019165,7.900000095367432,63106709,6.433199996948242,7.0121500158309935,6.712999987602234,0.3920540054062051,5.928891976789823,7.497107998414644,76.97595380151543
2024-09-01 19:00:00,8.0,8.390000343322754,7.53000020980835,7.650000095367432,46430036,6.453400001525879,7.025900015830993,6.776999998092651,0.43521444351520355,5.906571111062244,7.647428885123058,69.02357534831597
2024-09-02 19:00:00,7.699999809265137,7.849999904632568,7.46999979019165,7.670000076293945,13442627,6.476400003433228,7.039900016784668,6.846499991416931,0.46184162207360363,5.922816747269724,7.770183235564138,66.17647677557022
2024-09-03 19:00:00,7.690000057220459,8.100000381469727,7.670000076293945,7.730000019073486,21601853,6.506200008392334,7.053850016593933,6.904999995231629,0.49644531186517876,5.912109371501272,7.897890618961986,69.92481566923125
2024-09-04 19:00:00,7.880000114440918,7.880000114440918,7.400000095367432,7.429999828338623,12516338,6.533800001144409,7.063050014972687,6.952999997138977,0.49857801208197833,5.95584397297502,7.950156021302933,64.80836375870706
2024-09-05 19:00:00,7.539999961853027,7.579999923706055,7.119999885559082,7.170000076293945,11534611,6.5565999984741214,7.0722500157356265,6.992000007629395,0.48246737110143917,6.027065265426517,7.956934749832273,61.79402340716549
2024-09-08 19:00:00,7.170000076293945,7.25,6.96999979019165,7.03000020980835,7864940,6.578000001907348,7.081200017929077,7.0270000219345095,0.4566134149536499,6.113773192027209,7.9402268518418095,58.91720586734569
2024-09-09 19:00:00,7.059999942779541,7.300000190734863,6.960000038146973,7.099999904632568,6651556,6.599399995803833,7.0896000170707705,7.056000018119812,0.44086519895326065,6.174269620213291,7.937730416026334,57.9804555707184
2024-09-10 19:00:00,7.159999847412109,7.429999828338623,7.119999885559082,7.179999828338623,9086999,6.619199991226196,7.099200015068054,7.075500011444092,0.437089372862736,6.20132126571862,7.949678757169564,58.653848505115
2024-09-11 19:00:00,7.199999809265137,7.269999980926514,7.110000133514404,7.139999866485596,2840657,6.64019998550415,7.108150014877319,7.099000000953675,0.4266503758641758,6.245699249225323,7.952300752682026,54.13792899332395
2024-09-12 19:00:00,7.199999809265137,7.440000057220459,7.110000133514404,7.170000076293945,13553693,6.663199987411499,7.116900014877319,7.128500008583069,0.4089045212701575,6.310690966042754,7.946309051123384,49.811325372009584
2024-09-15 19:00:00,7.199999809265137,7.559999942779541,7.119999885559082,7.260000228881836,14098701,6.6865999889373775,7.125350015163422,7.168500018119812,0.37803197616040346,6.412436065799005,7.924563970440619,54.02298976572129
2024-09-17 19:00:00,7.300000190734863,7.489999771118164,7.039999961853027,7.130000114440918,7964557,6.694799995422363,7.133800015449524,7.201500034332275,0.340823690936047,6.519852652460181,7.883147416204369,55.73122514745201
2024-09-18 19:00:00,7.159999847412109,7.21999979019165,6.849999904632568,6.889999866485596,6456602,6.703599996566773,7.14145001411438,7.215500020980835,0.3203858863390462,6.574728248302743,7.8562717936589275,42.37287895873318
2024-09-19 19:00:00,6.929999828338623,6.960000038146973,6.730000019073486,6.789999961853027,4516421,6.7101999950408935,7.148050014972687,7.223000025749206,0.30770971267388625,6.607580600401434,7.8384194510969785,19.337011916977644
2024-09-22 19:00:00,6.710000038146973,6.869999885559082,6.639999866485596,6.679999828338623,2228317,6.716999988555909,7.153900012969971,7.212000012397766,0.32339647588563797,6.5652070606264905,7.858792964169042,20.958077164240976
2024-09-23 19:00:00,6.71999979019165,6.960000038146973,6.579999923706055,6.869999885559082,5628300,6.731199989318847,7.1609500122070315,7.196500015258789,0.3323168596101166,6.531866296038556,7.861133734479022,28.260866184992068
2024-09-24 19:00:00,6.900000095367432,7.170000076293945,6.800000190734863,7.079999923706055,6592013,6.747799987792969,7.169500012397766,7.1980000019073485,0.3316879067332647,6.534624188440819,7.8613758153738775,33.66834134731161
2024-09-25 19:00:00,7.150000095367432,7.239999771118164,6.809999942779541,6.869999885559082,4279430,6.761799983978271,7.176750011444092,7.199499988555909,0.3300474979375262,6.539404992680856,7.859594984430961,35.26316014023027
2024-09-26 19:00:00,6.909999847412109,6.989999771118164,6.71999979019165,6.78000020980835,1647123,6.772799987792968,7.183550012111664,7.175999999046326,0.3427505222903644,6.490498954465597,7.8615010436270545,38.72832768249151
2024-09-29 19:00:00,6.929999828338623,6.929999828338623,6.550000190734863,6.610000133514404,3034827,6.780199995040894,7.190150012969971,7.111500000953674,0.3199551945035504,6.471589611946573,7.751410389960775,38.06818120243144
2024-09-30 19:00:00,6.71999979019165,6.869999885559082,6.599999904632568,6.769999980926514,2507642,6.793399991989136,7.197850012779236,7.067499995231628,0.3020086357453423,6.463482723740944,7.671517266722313,41.08108498215856
2024-10-01 19:00:00,6.699999809265137,6.940000057220459,6.539999961853027,6.570000171661377,4845249,6.803399991989136,7.204050014019012,7.0125,0.2862621950970034,6.439975609805994,7.585024390194007,34.51777730981583
2024-10-02 19:00:00,6.570000171661377,6.75,6.5,6.510000228881836,5239743,6.811999998092651,7.209250016212463,6.951500010490418,0.25342440071666567,6.444651209057087,7.458348811923749,34.170865349110656
2024-10-03 19:00:00,6.5,6.579999923706055,6.380000114440918,6.420000076293945,3997637,6.8065999984741214,7.212900016307831,6.901000022888184,0.2536864766334396,6.393627069621305,7.4083729761550625,31.707318775147343
2024-10-06 19:00:00,6.429999828338623,6.579999923706055,6.429999828338623,6.480000019073486,2116360,6.807200002670288,7.211850016117096,6.866500020027161,0.26196169975565914,6.3425766205158425,7.390423419538479,30.69306393135244
2024-10-07 19:00:00,6.550000190734863,6.599999904632568,6.449999809265137,6.46999979019165,3697677,6.812799997329712,7.210050015449524,6.838499999046325,0.273250878299859,6.291998242446607,7.385001755646043,32.631571286273186
2024-10-09 19:00:00,6.550000190734863,6.809999942779541,6.5,6.610000133514404,4057343,6.82079999923706,7.207550015449524,6.8140000104904175,0.2705238394478957,6.272952331594626,7.355047689386209,42.22223046385125
2024-10-10 19:00:00,6.730000019073486,6.739999771118164,6.389999866485596,6.429999828338623,3657716,6.826599998474121,7.200650014877319,6.776500010490418,0.2690974270555814,6.238305156379255,7.314694864601581,40.42553137524105
2024-10-13 19:00:00,6.449999809265137,6.619999885559082,6.429999828338623,6.449999809265137,1577452,6.832999992370605,7.194600014686585,6.742000007629395,0.2642287995632641,6.2135424085028665,7.270457606755923,43.575420036159706
2024-10-14 19:00:00,6.550000190734863,6.559999942779541,6.400000095367432,6.440000057220459,2206361,6.832799997329712,7.1883000159263615,6.70550000667572,0.2521377257031173,6.201224555269485,7.209775458081955,36.645969171443674
2024-10-15 19:00:00,6.53000020980835,6.650000095367432,6.400000095367432,6.46999979019165,5132699,6.8347999954223635,7.179000015258789,6.665999984741211,0.22060682370190404,6.224786337337402,7.107213632145019,28.671321442635985
2024-10-16 19:00:00,6.420000076293945,6.550000190734863,6.409999847412109,6.429999828338623,1956166,6.837799987792969,7.164500014781952,6.630999970436096,0.1974281982801283,6.2361435738758395,7.0258563669963525,32.53967683301349
2024-10-17 19:00:00,6.519999980926514,6.519999980926514,6.360000133514404,6.380000114440918,878333,6.834199991226196,7.152050015926361,6.605499982833862,0.19513759925921215,6.2152247843154385,6.995775181352286,33.60655064929989
2024-10-20 19:00:00,6.489999771118164,6.559999942779541,6.409999847412109,6.429999828338623,1131544,6.833399991989136,7.144700014591217,6.587499976158142,0.19382235863252423,6.199855258893094,6.97514469342319,41.81816369047877
2024-10-21 19:00:00,6.440000057220459,6.550000190734863,6.369999885559082,6.389999866485596,5598436,6.833399991989136,7.141150014400482,6.572999978065491,0.1973535565245875,6.178292865016316,6.967707091114666,30.612230002997265
2024-10-22 19:00:00,6.400000095367432,6.489999771118164,6.349999904632568,6.380000114440918,4151250,6.834399995803833,7.1333500146865845,6.548499989509582,0.1887709713282936,6.170958046852995,6.92604193216617,37.97467208370127
2024-10-23 19:00:00,6.53000020980835,6.590000152587891,6.429999828338623,6.519999980926514,4982561,6.834399995803833,7.125600016117096,6.520499992370605,0.1413646249115161,6.237770742547573,6.803229242193638,50.574698783954794
2024-10-24 19:00:00,6.550000190734863,6.920000076293945,6.539999961853027,6.579999923706055,12129577,6.830199995040894,7.123100016117096,6.505999994277954,0.11627559230406338,6.273448809669827,6.738551178886081,59.523809523809526
2024-10-27 19:00:00,6.650000095367432,6.78000020980835,6.53000020980835,6.559999942779541,3481833,6.827999992370605,7.118600015640259,6.494999980926513,0.09795276101006627,6.299094458906381,6.690905502946646,55.0
2024-10-28 19:00:00,6.630000114440918,6.639999866485596,6.420000076293945,6.449999809265137,2953591,6.825399990081787,7.11310001373291,6.48699996471405,0.09454046740521795,6.297919029903614,6.676080899524486,48.888888888888886
2024-10-29 19:00:00,6.5,6.539999961853027,6.349999904632568,6.400000095367432,2870072,6.824199991226196,7.108000013828278,6.468499970436096,0.06899850184916909,6.330502966737758,6.606496974134434,37.037010873084554
2024-10-30 19:00:00,6.46999979019165,6.650000095367432,6.400000095367432,6.420000076293945,4395296,6.823199996948242,7.100250015258789,6.460999965667725,0.06544584717784672,6.330108271312032,6.591891660023418,49.230786159946305
2024-10-31 19:00:00,6.480000019073486,6.53000020980835,6.349999904632568,6.400000095367432,1896617,6.818999996185303,7.093350014686584,6.455499958992005,0.06573270285051444,6.324034553290976,6.586965364693033,46.1538574399642
2024-11-03 19:00:00,6.360000133514404,6.480000019073486,6.360000133514404,6.409999847412109,2555242,6.814399995803833,7.087400014400482,6.454999947547913,0.06605420202975654,6.322891543488399,6.5871083516074265,47.6922851200716
2024-11-04 19:00:00,6.460000038146973,7.070000171661377,6.420000076293945,6.909999847412109,17869483,6.814599990844727,7.084250013828278,6.476499938964844,0.12140729779320535,6.233685343378434,6.719314534551255,69.64288679316778
2024-11-05 19:00:00,7.099999904632568,7.349999904632568,7.010000228881836,7.28000020980835,25856244,6.816599998474121,7.083850014209747,6.516999959945679,0.2167730205724521,6.083453918800775,6.950546001090583,79.31038111486589
2024-11-06 19:00:00,7.369999885559082,7.590000152587891,7.25,7.329999923706055,27351444,6.822199993133545,7.0827500128746035,6.552999949455261,0.28277015311963005,5.987459643216001,7.118540255694521,82.7586399672725
2024-11-07 19:00:00,7.25,7.480000019073486,7.090000152587891,7.150000095367432,13168271,6.828399991989135,7.078500013351441,6.588999962806701,0.31073599859289774,5.9675279656209055,7.210471959992497,72.7848334298074
2024-11-10 19:00:00,7.25,7.260000228881836,6.960000038146973,7.050000190734863,7332605,6.824399995803833,7.071100015640258,6.618999981880188,0.3252351780825986,5.968529625714991,7.269470338045386,70.12197444441892
2024-11-11 19:00:00,7.099999904632568,7.440000057220459,7.099999904632568,7.230000019073486,14076028,6.810999994277954,7.06460001707077,6.65849997997284,0.3494247585315293,5.9596504629097815,7.357349497035898,73.48067346304892
2024-11-12 19:00:00,7.309999942779541,7.480000019073486,7.150000095367432,7.210000038146973,11181176,6.802199993133545,7.059100015163422,6.695499992370605,0.3671437084111039,5.961212575548397,7.429787409192813,70.41421370498436
2024-11-13 19:00:00,7.489999771118164,8.210000038146973,7.480000019073486,8.210000038146973,59224094,6.812999992370606,7.060300016403199,6.784500002861023,0.49342495638572564,5.797650090089571,7.771349915632475,80.988605220045
2024-11-14 19:00:00,8.649999618530273,8.850000381469727,8.199999809265137,8.239999771118164,55501231,6.823199987411499,7.064700014591217,6.877499985694885,0.580733431175994,5.716033123342897,8.038966848046872,81.81819167019327
2024-11-17 19:00:00,8.260000228881836,9.239999771118164,8.050000190734863,9.239999771118164,85137088,6.85939998626709,7.070150015354156,7.017999982833862,0.7743968418607192,5.4692062991124235,8.5667936665553,89.51842672320633
2024-11-18 19:00:00,9.390000343322754,10.239999771118164,9.3100004196167,10.239999771118164,60058856,6.920799980163574,7.082100014686585,7.21049997806549,1.0422620246186205,5.125975928828249,9.29502402730273,92.85714817898725
2024-11-19 19:00:00,10.880000114440918,11.260000228881836,10.5600004196167,11.260000228881836,63973243,7.005399980545044,7.100400016307831,7.454499983787537,1.3602997857150847,4.733900412357368,10.175099555217706,94.16058902272042
2024-11-20 19:00:00,12.300000190734863,12.390000343322754,11.8100004196167,12.390000343322754,21180359,7.111199989318847,7.124800016880036,7.748000001907348,1.7308489393208095,4.286302123265729,11.209697880548967,95.44765206891259
2024-11-21 19:00:00,13.630000114440918,13.630000114440918,11.149999618530273,11.229999542236328,105013176,7.192199983596802,7.1389500164985655,7.980499982833862,1.8722333238220776,4.236033335189707,11.724966630478018,81.13694601723341
2024-11-24 19:00:00,11.5,12.350000381469727,10.699999809265137,12.350000381469727,64823622,7.296399993896484,7.157350018024444,8.270000004768372,2.0774275954657546,4.115144813836863,12.42485519569988,82.53588227463146
2024-11-25 19:00:00,12.890000343322754,13.59000015258789,12.890000343322754,13.59000015258789,73320431,7.424799995422363,7.18460001707077,8.62700002193451,2.344528046881714,3.937943928171082,13.316056115697938,84.18201125552554
2024-11-26 19:00:00,14.489999771118164,14.789999961853027,12.229999542236328,12.59000015258789,106286630,7.531399993896485,7.208750016689301,8.936500024795532,2.4416286606850375,4.053242703425457,13.819757346165606,75.8349684598958
2024-11-27 19:00:00,12.579999923706055,13.100000381469727,11.460000038146973,11.920000076293945,42730290,7.627199993133545,7.228800017833709,9.211500024795532,2.4529837940479498,4.305532436699632,14.117467612891431,72.3523866322051
2024-11-28 19:00:00,12.380000114440918,12.630000114440918,12.020000457763672,12.260000228881836,27538280,7.734600000381469,7.250550019741058,9.504500031471252,2.449460756405867,4.605578518659518,14.403421544282986,73.87717323635403
2024-12-01 19:00:00,12.600000381469727,13.489999771118164,12.399999618530273,13.489999771118164,49268731,7.868599996566773,7.278300018310547,9.858500027656556,2.489972085933945,4.878555855788665,14.838444199524446,76.17056431158976
2024-12-02 19:00:00,14.300000190734863,14.84000015258789,13.699999809265137,14.680000305175781,87024698,8.028600006103515,7.311000018119812,10.247000050544738,2.6090311273224125,5.028937795899913,15.465062305189562,78.4463028057123
2024-12-03 19:00:00,14.949999809265137,14.979999542236328,13.989999771118164,14.140000343322754,29656074,8.17400001525879,7.340950021743774,10.59000005722046,2.649063470822296,5.291873115575867,15.88812699886505,73.40173392566008
2024-12-04 19:00:00,14.5,14.609999656677246,13.649999618530273,14.149999618530273,21177587,8.315400009155274,7.371400017738342,10.93100004196167,2.646284230970681,5.638431580020309,16.22356850390303,73.35968037364125
2024-12-05 19:00:00,14.510000228881836,14.789999961853027,14.010000228881836,14.140000343322754,23071292,8.460800018310547,7.40400002002716,11.280500054359436,2.5814347454495157,6.117630563460405,16.443369545258467,71.01200787116596
2024-12-08 19:00:00,14.5,15.539999961853027,14.210000038146973,15.010000228881836,48408477,8.625400018692016,7.444350020885468,11.678500056266785,2.507423336504874,6.663653383257037,16.693346729276534,70.68516987725972
2024-12-09 19:00:00,15.1899995803833,15.25,14.100000381469727,14.210000038146973,29139731,8.777400016784668,7.4804000210762025,12.02750005722046,2.335533113316643,7.356433830587173,16.698566283853744,63.041554817931264
2024-12-10 19:00:00,14.369999885559082,14.6899995803833,14.100000381469727,14.180000305175781,13518867,8.925600023269654,7.5152500224113465,12.3760000705719,2.0854822645856816,8.205035541400537,16.546964599743262,58.76591554929072
2024-12-11 19:00:00,14.479999542236328,14.550000190734863,12.760000228881836,13.3100004196167,29707822,9.06040002822876,7.54635002374649,12.631000089645386,1.8474988701574537,8.93600234933048,16.325997829960293,60.483876317274785
2024-12-12 19:00:00,13.4399995803833,13.90999984741211,12.649999618530273,13.430000305175781,29057992,9.198800029754638,7.5789000248909,12.890500116348267,1.536614558035453,9.817271000277362,15.963729232419173,56.05381247423369
2024-12-15 19:00:00,13.5,13.779999732971191,13.149999618530273,13.199999809265137,16347746,9.334400024414062,7.609950025081634,13.088500118255615,1.2741985917605598,10.540102934734495,15.636897301776735,47.53476360387666
2024-12-16 19:00:00,13.449999809265137,13.760000228881836,12.800000190734863,13.039999961853027,23706764,9.465600023269653,7.6399000239372254,13.228500127792358,1.084446425790115,11.059607276212128,15.397392979372588,53.18246032100387
2024-12-17 19:00:00,13.0600004196167,13.279999732971191,12.050000190734863,12.25,13908441,9.58120002746582,7.665050024986267,13.278000116348267,1.0098963633256288,11.25820738969701,15.297792842999524,52.29485387160013
2024-12-18 19:00:00,12.0600004196167,12.649999618530273,11.25,11.579999923706055,19555844,9.680600023269653,7.686250023841858,13.237500095367432,1.0622661637877626,11.112967767791908,15.362032422942956,45.4787205036213
2024-12-19 19:00:00,11.579999923706055,11.84000015258789,11.069999694824219,11.510000228881836,11064297,9.782200031280517,7.7062000250816345,13.251500129699707,1.0359347660446316,11.179630597610444,15.32336966178897,34.43396268853441
2024-12-22 19:00:00,11.579999923706055,12.65999984741211,11.569999694824219,12.65999984741211,17454356,9.906400032043457,7.732350025177002,13.267000102996827,1.0239865787294362,11.219026945537955,15.314973260455698,34.0189781255404
2024-12-23 19:00:00,12.949999809265137,13.34000015258789,12.5600004196167,12.680000305175781,27155152,10.031200037002563,7.759300026893616,13.22150011062622,1.0290838158139552,11.16333247899831,15.27966774225413,37.41378904948075
2024-12-25 19:00:00,12.5,13.600000381469727,12.5,13.329999923706055,22947833,10.168400039672852,7.7860500264167785,13.258500099182129,1.0184316251964955,11.221636848789139,15.29536334957512,43.63354138443923
2024-12-26 19:00:00,13.6899995803833,14.069999694824219,13.25,13.4399995803833,34627314,10.308600034713745,7.813200023174286,13.334500074386597,0.9687945943444632,11.39691088569767,15.272089263075523,44.64831139833465
2024-12-29 19:00:00,13.600000381469727,13.869999885559082,13.199999809265137,13.380000114440918,19140147,10.448600034713746,7.8403500247001645,13.39050006866455,0.9352032344014144,11.520093599861722,15.26090653746738,35.77660980846787
2024-12-30 19:00:00,13.569999694824219,13.65999984741211,13.100000381469727,13.199999809265137,12298432,10.584000034332275,7.866300022602081,13.3760000705719,0.9358272968823289,11.504345476807242,15.247654664336558,40.11741208184357
2025-01-01 19:00:00,13.5,13.699999809265137,13.130000114440918,13.180000305175781,14310239,10.71980004310608,7.892900023460388,13.301000070571899,0.8845213144437339,11.531957441684431,15.070042699459366,40.19607549811734
2025-01-02 19:00:00,13.1899995803833,13.300000190734863,12.510000228881836,12.770000457763672,12821062,10.847600049972534,7.917050025463104,13.232500076293945,0.8690398605480214,11.494420355197903,14.970579797389988,44.181032932399475
2025-01-05 19:00:00,12.859999656677246,12.989999771118164,12.100000381469727,12.279999732971191,7674036,10.962800045013427,7.939400024414063,13.139000082015992,0.865720929284766,11.40755822344646,14.870441940585524,38.522946720816094
2025-01-06 19:00:00,12.300000190734863,12.399999618530273,11.649999618530273,12.029999732971191,8648932,11.071800041198731,7.960350022315979,13.033500051498413,0.8658812651948482,11.301737521108716,14.76526258188811,38.369777731263234
2025-01-07 19:00:00,12.109999656677246,12.390000343322754,11.5,11.600000381469727,5522299,11.172600049972534,7.975850024223328,12.863000059127808,0.7884768910841786,11.28604627695945,14.439953841296166,36.41509389826379
2025-01-08 19:00:00,11.6899995803833,11.850000381469727,11.100000381469727,11.220000267028809,6764478,11.268000059127807,7.991250023841858,12.7135000705719,0.8029634188920491,11.107573232787802,14.319426908355998,39.468302020366515
2025-01-09 19:00:00,11.220000267028809,11.359999656677246,11.050000190734863,11.220000267028809,4648639,11.364400062561035,8.008500025272369,12.565500068664551,0.7911382041516007,10.98322366036135,14.147776476967753,45.73459956623621
2025-01-12 19:00:00,11.420000076293945,11.59000015258789,11.199999809265137,11.380000114440918,5498367,11.463600063323975,8.02350002527237,12.469000053405761,0.812953608221728,10.843092836962304,14.094907269849218,48.4918775021513
2025-01-13 19:00:00,11.399999618530273,12.520000457763672,11.359999656677246,12.520000457763672,26398810,11.586000070571899,8.043300025463104,12.423500061035156,0.7811817089149392,10.861136643205278,13.985863478865035,48.372099831532296
2025-01-14 19:00:00,12.800000190734863,12.930000305175781,12.050000190734863,12.319999694824219,23576635,11.70420006752014,8.063500025272369,12.37950005531311,0.7596291630323693,10.860241729248372,13.89875838137785,45.98213563464052
2025-01-15 19:00:00,12.260000228881836,12.470000267028809,12.010000228881836,12.100000381469727,6842367,11.808000078201294,8.083400027751923,12.332500076293945,0.745561350570981,10.841377375151982,13.823622777435908,34.814817605631816
2025-01-16 19:00:00,12.100000381469727,13.100000381469727,12.100000381469727,12.899999618530273,32496536,11.920400066375732,8.10850002527237,12.36500005722046,0.7558716583655231,10.853256740489414,13.876743373951506,44.30379644963461
2025-01-19 19:00:00,13.300000190734863,13.550000190734863,12.979999542236328,13.079999923706055,24273766,12.035400066375733,8.135350024700164,12.440000057220459,0.7482610336092365,10.943477990001986,13.936522124438932,46.91357806658806
2025-01-20 19:00:00,13.149999618530273,13.399999618530273,12.600000381469727,12.770000457763672,11386054,12.147800073623657,8.161500027179718,12.503000068664551,0.7182807495662218,11.066438569532108,13.939561567796995,45.69138824243515
2025-01-21 19:00:00,12.609999656677246,12.899999618530273,12.350000381469727,12.479999542236328,5616758,12.256400060653686,8.184400024414062,12.494000053405761,0.7173370916084049,11.059325870188951,13.928674236622571,43.346000641826414
2025-01-22 19:00:00,12.5,12.9399995803833,12.350000381469727,12.84000015258789,6682035,12.368600063323974,8.209200024604797,12.502000045776366,0.720406228032191,11.061187589711984,13.942812501840748,50.67178197215418
2025-01-23 19:00:00,12.84000015258789,13.369999885559082,12.75,12.949999809265137,14924905,12.483400058746337,8.234250023365021,12.483000040054321,0.7022002083770066,11.078599623300308,13.887400456808335,56.935818704732554
2025-01-26 19:00:00,12.960000038146973,13.350000381469727,12.899999618530273,12.960000038146973,16947063,12.578400058746338,8.260400023460388,12.459000062942504,0.675463911545739,11.108072239851026,13.809927886033982,60.13072194182213
2025-01-27 19:00:00,13.0,13.289999961853027,12.520000457763672,12.710000038146973,11762727,12.667800064086913,8.285600023269653,12.425500059127808,0.6432276059388095,11.139044847250188,13.711955271005428,62.585027834958574
2025-01-28 19:00:00,12.770000457763672,12.899999618530273,12.199999809265137,12.350000381469727,5224682,12.730000076293946,8.309250025749206,12.383000087738036,0.6169030758467668,11.149193936044503,13.61680623943157,62.87015975021121
2025-01-29 19:00:00,12.460000038146973,13.119999885559082,12.460000038146973,12.819999694824219,13297950,12.781600074768066,8.334400024414062,12.36500005722046,0.5973669410451813,11.170266175130097,13.559733939310822,66.46090062575561
2025-01-30 19:00:00,12.880000114440918,13.0600004196167,12.600000381469727,12.680000305175781,7646334,12.810000076293946,8.359050025939942,12.360500049591064,0.5944875198202377,11.171525009950589,13.549475089231539,63.429756259326155
2025-02-02 19:00:00,12.6899995803833,12.899999618530273,12.399999618530273,12.539999961853027,9553818,12.81300006866455,8.383100025653839,12.373500061035156,0.5954764887662177,11.18254708350272,13.56445303856759,50.26041026382262
2025-02-03 19:00:00,12.699999809265137,12.75,12.3100004196167,12.430000305175781,4148633,12.83700008392334,8.406700026988982,12.393500089645386,0.5900246428445608,11.213450803956263,13.573549375334508,51.46667555067726
2025-02-05 19:00:00,12.510000228881836,12.699999809265137,11.949999809265137,12.079999923706055,5037340,12.831600074768067,8.428350026607513,12.417500066757203,0.5652932677755531,11.286913531206096,13.54808660230831,49.742262086472714
2025-02-06 19:00:00,12.220000267028809,12.220000267028809,11.699999809265137,11.789999961853027,5641395,12.79560007095337,8.448250026702881,12.446000051498412,0.5137621158491984,11.418475819800015,13.47352428319681,33.53116180457826
2025-02-09 19:00:00,11.859999656677246,11.989999771118164,11.539999961853027,11.779999732971191,6191724,12.779400062561034,8.468600025177002,12.474000024795533,0.45537027759494514,11.563259469605642,13.384740579985424,29.68749580904816
2025-02-10 19:00:00,11.880000114440918,12.25,11.75,12.0600004196167,6691140,12.78220006942749,8.49075002670288,12.508000040054322,0.3900957745491781,11.727808490955965,13.288191589152678,38.80126486655934
2025-02-11 19:00:00,12.130000114440918,13.270000457763672,11.899999618530273,13.270000457763672,24465420,12.802400074005128,8.519400029182433,12.545500040054321,0.4257312705442547,11.694037498965812,13.39696258114283,59.65771254345164
2025-02-12 19:00:00,13.40999984741211,13.75,12.899999618530273,12.960000038146973,31600150,12.791800079345704,8.546500029563903,12.577500057220458,0.43189758778846843,11.71370488164352,13.441295232797396,51.48514711252672
2025-02-13 19:00:00,13.0,13.09000015258789,12.510000228881836,12.59000015258789,4093217,12.750000076293945,8.572150030136108,12.602000045776368,0.4170270926242304,11.767945860527908,13.436054231024828,45.81395766617719
2025-02-16 19:00:00,12.65999984741211,13.199999809265137,12.5600004196167,12.859999656677246,15875620,12.724400062561035,8.599200029373169,12.600000047683716,0.41561624364726785,11.76876756038918,13.431232534978252,48.903504460728485
2025-02-17 19:00:00,12.899999618530273,13.170000076293945,12.65999984741211,12.800000190734863,7794625,12.697400074005127,8.624850029945373,12.586000061035156,0.4031246745507746,11.779750711933607,13.392249410136705,51.02975028130126
2025-02-18 19:00:00,12.949999809265137,12.949999809265137,12.449999809265137,12.539999961853027,8136357,12.665400066375732,8.649900028705597,12.574500036239623,0.4008737439462557,11.772752548347112,13.376247524132134,52.224819700814244
2025-02-19 19:00:00,12.40999984741211,12.890000343322754,12.40999984741211,12.5600004196167,4742398,12.61640007019043,8.672150032520294,12.578500080108643,0.40027985615464806,11.777940367799347,13.379059792417939,46.59686870328526
2025-02-20 19:00:00,12.640000343322754,12.850000381469727,12.350000381469727,12.4399995803833,6361476,12.581000061035157,8.696300029754639,12.558500051498413,0.39650150190529193,11.765497047687829,13.351503055308998,46.842097469978725
2025-02-23 19:00:00,12.5,12.680000305175781,12.3100004196167,12.510000228881836,3477497,12.547600059509277,8.722050030231475,12.536500072479248,0.385695241716723,11.765109589045801,13.307890555912694,49.59785906645828
2025-02-24 19:00:00,12.489999771118164,12.649999618530273,12.399999618530273,12.420000076293945,1963952,12.529800052642821,8.743850028514862,12.509500074386597,0.37318653445175565,11.763127005483087,13.255873143290108,49.865226131169955
2025-02-25 19:00:00,12.5,12.649999618530273,12.119999885559082,12.270000457763672,3759782,12.50660005569458,8.764900028705597,12.487500095367432,0.3737136146544577,11.740072866058517,13.234927324676347,52.70655866696518
2025-02-26 19:00:00,12.300000190734863,12.489999771118164,11.6899995803833,12.140000343322754,4535089,12.485400066375732,8.786650030612945,12.477000093460083,0.3806656465865529,11.715668800286977,13.238331386633188,55.22388272148287
2025-02-27 19:00:00,12.149999618530273,12.25,11.84000015258789,11.890000343322754,4975357,12.462400074005126,8.808050031661987,12.43050012588501,0.39315829112777884,11.644183543629453,13.216816708140566,51.53204104781916
2025-03-02 19:00:00,11.979999542236328,11.979999542236328,11.649999618530273,11.6899995803833,1911021,12.451200065612793,8.828450028896333,12.381000089645386,0.4213999876624049,11.538200114320576,13.223800064970197,44.72933598224591
2025-03-03 19:00:00,11.6899995803833,11.949999809265137,11.6899995803833,11.779999732971191,1689072,12.455200061798095,8.851100027561188,12.343000078201294,0.44015676001799,11.462686558165315,13.223313598237274,18.828466074165476
2025-03-04 19:00:00,11.880000114440918,12.0,11.699999809265137,11.819999694824219,2059746,12.461400051116943,8.874150025844575,12.312500047683717,0.4547050413925793,11.403089964898559,13.221910130468874,23.1132221883838
2025-03-05 19:00:00,11.850000381469727,12.260000228881836,11.800000190734863,12.010000228881836,5839608,12.448400058746337,8.89825002670288,12.309000062942506,0.45685317539782805,11.395293712146849,13.222706413738162,35.05156717004877
2025-03-06 19:00:00,12.109999656677246,12.399999618530273,11.890000343322754,12.050000190734863,5955016,12.43580005645752,8.923050026893616,12.322000074386597,0.4448489676562751,11.432302139074046,13.211698009699148,26.315845244017524
2025-03-09 19:00:00,12.050000190734863,12.260000228881836,12.010000228881836,12.0600004196167,2567384,12.410400066375733,8.949000029563903,12.336000108718872,0.4310868093216455,11.47382649007558,13.198173727362164,27.710899439286692
2025-03-10 19:00:00,12.069999694824219,12.069999694824219,11.949999809265137,12.0,1521813,12.381600074768066,8.97500002861023,12.333000087738037,0.43331167513806196,11.466376737461914,13.19962343801416,31.50689942355112
2025-03-11 19:00:00,12.0,12.1899995803833,11.899999618530273,11.920000076293945,3607589,12.352400074005127,8.999850029945373,12.26550006866455,0.3817477406912427,11.502004587282066,13.028995550047036,28.94740309403899
2025-03-12 19:00:00,11.979999542236328,12.220000267028809,11.899999618530273,12.069999694824219,5062558,12.329800071716308,9.025700027942657,12.221000051498413,0.3468034913728444,11.527393068752724,12.914607034244101,38.0645359765458
2025-03-13 19:00:00,12.130000114440918,12.25,12.010000228881836,12.079999923706055,2794158,12.307800064086914,9.052300026416779,12.195500040054322,0.3368503900843814,11.521799259885558,12.869200820223085,35.5704758125424
2025-03-16 19:00:00,12.100000381469727,12.15999984741211,11.949999809265137,11.979999542236328,1949844,12.292000045776367,9.078100023269654,12.151500034332276,0.30105570691861677,11.549388620495042,12.75361144816951,35.33333418104276
2025-03-17 19:00:00,12.0,12.399999618530273,12.0,12.210000038146973,8826867,12.290600051879883,9.105150022506713,12.122000026702882,0.260315701377205,11.601368623948472,12.64263142945729,48.1012558902866
2025-03-18 19:00:00,12.25,12.75,12.25,12.369999885559082,16237426,12.297400054931641,9.1319500207901,12.113500022888184,0.2484537451600249,11.616592532568134,12.610407513208234,57.14283175671273
2025-03-19 19:00:00,12.399999618530273,12.789999961853027,12.369999885559082,12.550000190734863,12272823,12.316400051116943,9.160500020980836,12.113000011444091,0.2475161662151834,11.617967679013725,12.608032343874457,71.4285271951499
2025-03-20 19:00:00,12.630000114440918,12.880000114440918,12.350000381469727,12.510000228881836,6968860,12.342200050354004,9.189450023174286,12.116500043869019,0.2528215772186356,11.610856889431748,12.62214319830629,79.71012489659905
2025-03-23 19:00:00,12.5,12.5,12.050000190734863,12.130000114440918,2382017,12.360400047302246,9.216900024414063,12.097500038146972,0.2353693737836305,11.626761290579712,12.568238785714232,60.47904089030816
2025-03-24 19:00:00,12.119999885559082,12.199999809265137,11.9399995803833,11.989999771118164,3434640,12.372600040435792,9.243350024223327,12.076000022888184,0.22371047076577233,11.628579081356639,12.52342096441973,54.80225562532395
2025-03-25 19:00:00,12.100000381469727,12.319999694824219,12.020000457763672,12.050000190734863,2365951,12.363200035095215,9.270850024223328,12.065000009536742,0.21902906999326038,11.626941869550222,12.503058149523262,51.21950935849789
2025-03-26 19:00:00,12.0,12.149999618530273,11.899999618530273,11.970000267028809,2174813,12.356200046539307,9.298650026321411,12.056500005722047,0.21926382045521559,11.617972364811616,12.495027646632478,47.61905302535748
2025-04-02 19:00:00,11.970000267028809,12.140000343322754,11.84000015258789,11.970000267028809,2909567,12.353600044250488,9.326850028038026,12.060500001907348,0.21678219776358418,11.62693560638018,12.494064397434517,47.30538785374422
2025-04-03 19:00:00,11.989999771118164,12.489999771118164,11.989999771118164,12.199999809265137,9092086,12.339600048065186,9.357000026702881,12.086000013351441,0.20027356636509747,11.685452880621247,12.486547146081636,55.434774158136726
2025-04-06 19:00:00,12.0,12.0,10.979999542236328,11.289999961853027,11040680,12.303800048828125,9.383100025653839,12.061500024795532,0.2605717850294518,11.540356454736628,12.582643594854435,38.20224959897475
2025-04-07 19:00:00,11.489999771118164,11.5600004196167,11.100000381469727,11.300000190734863,3569779,12.27440004348755,9.408550026416778,12.035500049591064,0.3076305937151213,11.420238862160822,12.650761237021307,34.782628362406555
2025-04-08 19:00:00,11.25,11.25,10.850000381469727,10.949999809265137,5505849,12.243800048828126,9.432800025939942,11.982500028610229,0.3919972843631126,11.198505459884004,12.766494597336454,30.313599154652977
2025-04-09 19:00:00,11.289999961853027,11.350000381469727,11.149999618530273,11.1899995803833,5287226,12.210800037384033,9.45590002298355,11.939499998092652,0.4295711560489831,11.080357685994686,12.798642310190617,36.87708220130758
2025-04-10 19:00:00,11.149999618530273,11.300000190734863,11.010000228881836,11.069999694824219,3241497,12.173200035095215,9.478050022125244,11.889999961853027,0.4700840651649451,10.949831831523136,12.830168092182918,30.34482554504943
2025-04-13 19:00:00,11.260000228881836,11.260000228881836,10.899999618530273,11.0,4043169,12.134000034332276,9.500450022220612,11.839999961853028,0.5093133386610991,10.82137328453083,12.858626639175226,25.622781477271843
2025-04-14 19:00:00,11.09000015258789,11.4399995803833,10.960000038146973,11.109999656677246,5179322,12.10200002670288,9.524800021648407,11.799499940872192,0.534213482611858,10.731072975648475,12.867926906095908,23.722615796607002
2025-04-15 19:00:00,11.229999542236328,11.399999618530273,11.100000381469727,11.130000114440918,5769412,12.077600021362304,9.550200021266937,11.752499961853028,0.5502715499608011,10.651956861931426,12.85304306177463,24.632353327884772
2025-04-16 19:00:00,11.229999542236328,11.619999885559082,11.010000228881836,11.220000267028809,10975030,12.045600032806396,9.57615002155304,11.709499979019165,0.5568944209079206,10.595711137203324,12.823288820835007,31.27572565579817
2025-04-17 19:00:00,11.260000228881836,11.380000114440918,11.109999656677246,11.15999984741211,4435007,12.015200023651124,9.602150020599366,11.668499994277955,0.5660415146895613,10.536416964898832,12.800583023657078,32.34043002182494
2025-04-20 19:00:00,11.210000038146973,11.34000015258789,11.09000015258789,11.149999618530273,2282108,11.987400016784669,9.627750017642974,11.61549997329712,0.5622837468915727,10.490932479513974,12.740067467080264,30.434771791974626
2025-04-21 19:00:00,11.199999809265137,11.380000114440918,10.989999771118164,11.170000076293945,7198582,11.962200012207031,9.652650017738342,11.555499982833862,0.5411633322790995,10.473173318275663,12.63782664739206,32.14285866338331
2025-04-22 19:00:00,11.199999809265137,11.329999923706055,11.050000190734863,11.109999656677246,10138528,11.942800006866456,9.67775001525879,11.48349995613098,0.49577462473287026,10.49195070666524,12.475049205596722,31.304343859957555
2025-04-23 19:00:00,10.800000190734863,10.9399995803833,10.539999961853027,10.600000381469727,5475223,11.919000015258788,9.700650017261506,11.387999963760375,0.4709743992184779,10.44605116532342,12.329948762197331,18.992269696047828
2025-04-24 19:00:00,10.600000381469727,10.770000457763672,10.25,10.399999618530273,4170034,11.89140001296997,9.722200014591216,11.301499938964843,0.48614791892556164,10.32920410111372,12.273795776815966,26.203222192133055
2025-04-27 19:00:00,10.550000190734863,10.550000190734863,9.40999984741211,9.520000457763672,8257265,11.84060001373291,9.736200017929077,11.17799997329712,0.60197568296245,9.97404860737222,12.381951339222018,17.518261640131428
2025-04-28 19:00:00,9.5,9.899999618530273,9.399999618530273,9.640000343322754,5298597,11.768000011444093,9.752150020599366,11.057499980926513,0.6569376023420634,9.743624776242386,12.37137518561064,23.904395488323004
2025-04-29 19:00:00,9.699999809265137,9.699999809265137,8.720000267028809,8.979999542236328,4721972,11.68840000152588,9.764750018119813,10.907999944686889,0.7690089089195937,9.369982126847702,12.446017762526076,12.286704972026115
2025-05-01 19:00:00,9.100000381469727,9.979999542236328,9.100000381469727,9.979999542236328,8316817,11.636199989318847,9.782950015068055,10.808499908447265,0.7529400009652323,9.302619906516801,12.31437991037773,35.69554121123103
2025-05-04 19:00:00,10.300000190734863,10.800000190734863,10.09000015258789,10.569999694824219,20170918,11.590399990081787,9.805000014305115,10.72699990272522,0.6789783197564048,9.369043263212411,12.084956542238029,45.03464060809596
2025-05-05 19:00:00,10.6899995803833,10.760000228881836,10.109999656677246,10.199999809265137,7866354,11.538399982452393,9.82475001335144,10.672499895095825,0.6751442197035213,9.322211455688782,12.022788334502868,40.087152080442706
2025-05-06 19:00:00,9.25,9.949999809265137,9.25,9.359999656677246,11371103,11.474799976348876,9.840700011253357,10.575499868392944,0.7182322883960259,9.139035291600893,12.011964445184995,33.6414058811895
2025-05-07 19:00:00,9.59000015258789,9.75,8.359999656677246,8.369999885559082,9244018,11.390999965667724,9.851400010585785,10.446499872207642,0.8642750162342727,8.717949839739097,12.175049904676188,27.416800624376947
2025-05-08 19:00:00,8.40999984741211,8.899999618530273,7.610000133514404,8.729999542236328,11173814,11.316799964904785,9.863850009441375,10.323499870300292,0.9257559166602797,8.471988036979733,12.175011703620852,31.61875884421032
2025-05-11 19:00:00,9.729999542236328,9.729999542236328,9.600000381469727,9.729999542236328,5077579,11.261199951171875,9.881950006484985,10.256499862670898,0.9173375937820203,8.421824675106858,12.091175050234938,40.65789470382014
2025-05-12 19:00:00,10.010000228881836,10.1899995803833,9.649999618530273,10.119999885559082,6067565,11.215199947357178,9.902200005054475,10.212499856948853,0.9007533904525171,8.410993076043818,12.014006637853887,43.412797016590936
2025-05-13 19:00:00,10.100000381469727,10.4399995803833,9.979999542236328,10.180000305175781,6005820,11.17339994430542,9.922700006961822,10.16599988937378,0.8756375760879309,8.414724737197918,11.91727504154964,44.16562534289496
2025-05-14 19:00:00,10.300000190734863,10.399999618530273,10.1899995803833,10.279999732971191,7701112,11.136199932098389,9.940650005340576,10.123499870300293,0.8465302750973561,8.430439320105581,11.816560420495005,47.88359371205723
2025-05-15 19:00:00,10.350000381469727,10.350000381469727,9.609999656677246,9.989999771118164,6268997,11.098199920654297,9.95835000514984,10.061999845504761,0.8064059550326629,8.449187935439436,11.674811755570087,47.32026230158898
2025-05-18 19:00:00,10.100000381469727,10.130000114440918,9.829999923706055,9.880000114440918,1900251,11.06199993133545,9.976800005435944,9.9979998588562,0.7643752403805378,8.469249378095125,11.526750339617276,52.61627653117052
2025-05-19 19:00:00,9.899999618530273,9.989999771118164,9.800000190734863,9.850000381469727,2000404,11.02339994430542,9.995000007152557,9.932999897003175,0.714931765320782,8.50313636636161,11.362863427644738,51.54639204217066
2025-05-20 19:00:00,9.989999771118164,9.989999771118164,9.800000190734863,9.899999618530273,3453320,10.984999942779542,10.013800005912781,9.86949987411499,0.6529969641626517,8.563505945789686,11.175493802440293,57.443368242760485
2025-05-21 19:00:00,9.930000305175781,10.539999961853027,9.890000343322754,10.079999923706055,11878760,10.946399936676025,10.033550004959107,9.817999887466431,0.5873276345919475,8.643344618282537,10.992655156650326,50.93283960510757
2025-05-22 19:00:00,10.079999923706055,10.329999923706055,10.0,10.100000381469727,3826538,10.907399940490723,10.051800007820129,9.792999887466431,0.5624018399848633,8.668196207496704,10.917803567436158,45.09395187188986
2025-05-25 19:00:00,10.149999618530273,10.260000228881836,10.010000228881836,10.170000076293945,2566301,10.869599933624267,10.070800008773803,9.781499910354615,0.5515841417008699,8.678331626952875,10.884668193756355,49.665927161777404
2025-05-26 19:00:00,10.149999618530273,10.279999732971191,9.989999771118164,10.029999732971191,3522065,10.830199928283692,10.089550006389619,9.80699987411499,0.5506465805731553,8.705706712968679,10.9082930352613,58.839053451572205
2025-05-28 19:00:00,10.130000114440918,10.199999809265137,10.0,10.039999961853027,2584980,10.792599925994873,10.106950006484986,9.826999855041503,0.5515252387268323,8.72394937758784,10.930050332495167,79.71530949622229
2025-05-29 19:00:00,10.039999961853027,10.25,9.979999542236328,9.989999771118164,3367660,10.750999927520752,10.124550006389619,9.877499866485596,0.5149131817333686,8.847673503018859,10.907326229952334,75.20000457763672
2025-06-01 19:00:00,9.989999771118164,10.119999885559082,9.800000190734863,9.829999923706055,2673379,10.705999927520752,10.14175000667572,9.869999885559082,0.5144338316865268,8.841132222186028,10.898867548932136,53.0120599596929
2025-06-02 19:00:00,9.9399995803833,9.970000267028809,9.800000190734863,9.880000114440918,2229801,10.663999938964844,10.159500007629395,9.835499906539917,0.4874475128046872,8.860604880930543,10.810394932149292,40.90909747709736
2025-06-03 19:00:00,9.899999618530273,10.140000343322754,9.880000114440918,9.920000076293945,5687376,10.618199939727782,10.176500008106231,9.821499919891357,0.48039767430791613,8.860704571275525,10.78229526850719,39.99998532807883
2025-06-04 19:00:00,9.899999618530273,10.050000190734863,9.800000190734863,9.829999923706055,3585007,10.567399940490724,10.191700007915497,9.844999933242798,0.46796880961608295,8.909062314010633,10.780937552474963,32.55814641192964
2025-06-09 19:00:00,9.819999694824219,9.949999809265137,9.770000457763672,9.819999694824219,3635063,10.512799930572509,10.207450006008148,9.917499923706055,0.31462393822724294,9.28825204725157,10.54674780016054,41.584156546075675
2025-06-10 19:00:00,9.989999771118164,10.130000114440918,9.789999961853027,10.020000457763672,7901183,10.462999935150146,10.224650008678436,9.981999969482422,0.14471756758649887,9.692564834309424,10.271435104655419,56.36364424523272
2025-06-11 19:00:00,10.119999885559082,10.369999885559082,9.930000305175781,9.989999771118164,12524066,10.420199928283692,10.242300007343292,9.994999980926513,0.13200878928830947,9.730982402349895,10.259017559503132,56.36359537937085
2025-06-12 19:00:00,9.899999618530273,9.979999542236328,9.699999809265137,9.869999885559082,4106481,10.37779993057251,10.25930000782013,9.982499980926514,0.13138435704004334,9.719731266846427,10.245268695006601,48.717963348024234
2025-06-16 19:00:00,9.899999618530273,10.0600004196167,9.819999694824219,9.880000114440918,3553001,10.334399929046631,10.275650007724762,9.96749997138977,0.12459935267439201,9.718301266040987,10.216698676738554,40.00003814686352
2025-06-17 19:00:00,10.010000228881836,10.050000190734863,9.800000190734863,9.880000114440918,2301431,10.292599925994873,10.291850008964538,9.947499990463257,0.10181901236149273,9.74386196574027,10.151138015186243,38.775524106005506
2025-06-18 19:00:00,9.859999656677246,10.119999885559082,9.680000305175781,9.739999771118164,2909186,10.24799991607666,10.306050007343293,9.934999990463258,0.11123711609835572,9.712525758266546,10.15747422265997,29.523854504236112
2025-06-19 19:00:00,9.829999923706055,9.899999618530273,9.649999618530273,9.6899995803833,1579449,10.197799911499024,10.318600006103516,9.925499963760377,0.12360706596850189,9.678285831823374,10.17271409569738,32.291712197855034
2025-06-22 19:00:00,9.25,9.979999542236328,8.979999542236328,9.039999961853027,4589854,10.152799911499024,10.328550004959107,9.88499994277954,0.23349748796715664,9.418004966845228,10.351994918713853,18.750044703419633
2025-06-23 19:00:00,9.279999732971191,9.720000267028809,9.279999732971191,9.529999732971191,3775746,10.11739990234375,10.342000002861022,9.866499948501588,0.24653980395809041,9.373420340585406,10.359579556417769,38.72549959165012
2025-06-24 19:00:00,9.600000381469727,9.75,9.399999618530273,9.470000267028809,4517298,10.087799911499024,10.353100004196166,9.835999965667725,0.25627702966215055,9.323445906343423,10.348554024992026,40.72166544835685
2025-06-25 19:00:00,9.5600004196167,9.609999656677246,9.260000228881836,9.350000381469727,3841548,10.050999927520753,10.360350005626678,9.798499965667725,0.2701125281115777,9.25827490944457,10.33872502189088,36.81593479718302
2025-06-26 19:00:00,9.399999618530273,9.550000190734863,9.300000190734863,9.430000305175781,3324682,10.018199939727783,10.36925000667572,9.761499977111816,0.2672131480710183,9.227073680969779,10.295926273253853,38.04879274203078
2025-06-29 19:00:00,9.430000305175781,9.970000267028809,9.420000076293945,9.65999984741211,12868239,9.991399936676025,10.379200005531311,9.742999982833862,0.26036610107645347,9.222267780680955,10.263732184986768,46.11872066581257
2025-06-30 19:00:00,9.739999771118164,10.09000015258789,9.729999542236328,9.869999885559082,11590747,9.966599941253662,10.389900004863739,9.734499979019166,0.25282557037393233,9.2288488382713,10.240151119767031,51.04602894460989
2025-07-01 19:00:00,10.050000190734863,10.279999732971191,10.0,10.09000015258789,13051835,9.9457999420166,10.403200006484985,9.73949999809265,0.2590564699151646,9.221387058262321,10.25761293792298,51.45227591817871
2025-07-02 19:00:00,10.369999885559082,10.529999732971191,10.0,10.1899995803833,22479151,9.925199928283691,10.418300004005433,9.757499980926514,0.27752425090439,9.202451479117734,10.312548482735295,54.03225651392614
2025-07-03 19:00:00,10.300000190734863,10.670000076293945,10.170000076293945,10.4399995803833,15836749,9.910799922943115,10.435350000858307,9.785499954223633,0.31610240990569605,9.153295134412241,10.417704774035025,60.919539809893514
2025-07-06 19:00:00,10.600000381469727,10.640000343322754,10.380000114440918,10.489999771118164,11164079,9.897599925994873,10.452300000190736,9.813999938964844,0.3524708770334627,9.109058184897918,10.51894169303177,61.50943328325041
2025-07-07 19:00:00,10.520000457763672,11.539999961853027,10.470000267028809,11.329999923706055,47695588,9.900799922943115,10.473050000667572,9.888999938964844,0.4891441837913643,8.910711571382116,10.867288306547572,70.7736432748586
2025-07-08 19:00:00,11.6899995803833,11.739999771118164,11.149999618530273,11.199999809265137,32001300,9.902599925994872,10.49335000038147,9.95799994468689,0.5696128985014105,8.818774147684069,11.09722574168971,70.97702055031962
2025-07-09 19:00:00,11.199999809265137,12.100000381469727,11.0,11.8100004196167,33301219,9.926799926757813,10.516550002098084,10.047499942779542,0.7045183099107664,8.638463322958009,11.456536562601075,76.23764059027734
2025-07-10 19:00:00,12.109999656677246,12.199999809265137,11.670000076293945,11.720000267028809,19202510,9.953199939727783,10.538850002288818,10.133999967575074,0.7971951128164751,8.539609741942122,11.728390193208025,88.50575657624299
2025-07-13 19:00:00,11.739999771118164,12.0,11.600000381469727,11.65999984741211,9826129,9.995999927520751,10.561500000953675,10.223499965667724,0.863702419113181,8.496095127441361,11.950904803894087,84.91803247933106
2025-07-14 19:00:00,11.699999809265137,11.890000343322754,11.0,11.029999732971191,10618790,10.02379991531372,10.582200000286102,10.280999946594239,0.8777956924980302,8.525408561598178,12.0365913315903,71.54694895419888
2025-07-15 19:00:00,11.010000228881836,11.199999809265137,10.75,10.970000267028809,3938135,10.06359992980957,10.603100001811981,10.335499954223632,0.8853930390133782,8.564713876196876,12.106286032250388,72.7528046995779
2025-07-16 19:00:00,10.920000076293945,11.3100004196167,10.920000076293945,11.100000381469727,7095938,10.085999946594239,10.625200004577637,10.403499984741211,0.8894663151311393,8.624567354478932,12.18243261500349,73.13019105184183
2025-07-17 19:00:00,11.100000381469727,11.210000038146973,10.699999809265137,10.770000457763672,3139038,10.089999961853028,10.64470000743866,10.45750002861023,0.8765595384424959,8.704380951725238,12.210619105495223,64.95957295966448
2025-07-20 19:00:00,10.779999732971191,10.989999771118164,10.5,10.579999923706055,2408101,10.097599964141846,10.66220000743866,10.534500026702881,0.8106493711240378,8.913201284454805,12.155798768950957,59.62059284403399
2025-07-21 19:00:00,10.619999885559082,10.979999542236328,10.520000457763672,10.6899995803833,2604492,10.124199962615966,10.681300005912782,10.592500019073487,0.7757432749495622,9.041013469174363,12.143986568972611,58.379878222745766
2025-07-22 19:00:00,10.710000038146973,11.130000114440918,10.699999809265137,11.0,15730314,10.176799964904784,10.702400004863739,10.669000005722046,0.7335128358195931,9.201974334082859,12.136025677361232,60.68601609670605
2025-07-23 19:00:00,11.199999809265137,11.199999809265137,10.800000190734863,10.850000381469727,3945471,10.219199981689453,10.723600006103515,10.744000005722047,0.6650398347061143,9.413920336309818,12.074079675134275,55.55556417049621
2025-07-24 19:00:00,10.800000190734863,11.319999694824219,10.800000190734863,11.180000305175781,17357450,10.248199996948243,10.745650007724763,10.831500005722045,0.5944328434142137,9.642634318893618,12.020365692550472,58.690180376511464
2025-07-27 19:00:00,11.210000038146973,11.489999771118164,11.079999923706055,11.140000343322754,11240747,10.268600006103515,10.768500008583068,10.905500030517578,0.5294931769972013,9.846513676523175,11.96448638451198,47.00316216639837
2025-07-28 19:00:00,10.350000381469727,11.0,10.350000381469727,10.600000381469727,4169292,10.277000007629395,10.788950009346008,10.94200005531311,0.47690459789657114,9.988190859519968,11.895809251106254,41.620121777254234
2025-07-29 19:00:00,10.720000267028809,10.770000457763672,10.359999656677246,10.479999542236328,1825897,10.281000003814697,10.80925000667572,10.961500024795532,0.44728759016790254,10.066924844459727,11.856075205131337,28.478957909028153
2025-07-30 19:00:00,10.579999923706055,10.770000457763672,10.350000381469727,10.460000038146973,2602504,10.290400009155274,10.829150006771087,10.975000047683716,0.42636171118741495,10.122276625308887,11.827723470058546,29.13907222029242
2025-07-31 19:00:00,10.59000015258789,10.800000190734863,10.489999771118164,10.59000015258789,2745250,10.304600009918213,10.849750008583069,10.982500076293945,0.41768637675423803,10.147127322785469,11.817872829802422,32.686089935495815
2025-08-03 19:00:00,10.6899995803833,11.109999656677246,10.600000381469727,10.90999984741211,11108777,10.325799999237061,10.871250007152558,11.003500080108642,0.4018808416342797,10.199738396840083,11.807261763377202,47.841728469685336
2025-08-04 19:00:00,10.899999618530273,11.100000381469727,10.770000457763672,10.8100004196167,4538487,10.34400001525879,10.893150010108947,10.977500104904175,0.39642985727945906,10.184640390345256,11.770359819463094,47.163122965832756
2025-08-05 19:00:00,10.890000343322754,11.020000457763672,10.75,10.789999961853027,2498417,10.358200016021728,10.914850010871888,10.957000112533569,0.394916459824718,10.167167192884133,11.746833032183005,44.28043514293325
2025-08-06 19:00:00,10.8100004196167,11.09000015258789,10.75,10.899999618530273,13785504,10.37420000076294,10.937150008678437,10.911500072479248,0.3400816971585999,10.231336678162048,11.591663466796447,52.61042515494337
2025-08-07 19:00:00,10.989999771118164,11.039999961853027,10.600000381469727,10.670000076293945,2709899,10.38420000076294,10.958150010108948,10.859000062942505,0.28534192947806125,10.288316203986382,11.429683921898627,51.77866000024125
2025-08-10 19:00:00,10.649999618530273,10.75,10.609999656677246,10.670000076293945,1536177,10.397000007629394,10.979350011348725,10.809500074386596,0.21668503464454217,10.376130005097512,11.242870143675681,49.586786955779836
2025-08-11 19:00:00,10.630000114440918,10.760000228881836,10.550000190734863,10.59000015258789,2151109,10.408000011444091,11.00040001153946,10.787500095367431,0.21545249998380023,10.35659509539983,11.218405095335031,40.63926702026668
2025-08-12 19:00:00,10.609999656677246,10.699999809265137,10.510000228881836,10.529999732971191,1336514,10.418800010681153,11.020900011062622,10.76550006866455,0.21828227930527175,10.328935510054007,11.202064627275094,42.38093486448057
2025-08-14 19:00:00,10.569999694824219,10.649999618530273,10.5,10.600000381469727,946932,10.434200019836426,11.041950013637543,10.74050006866455,0.2062568152507524,10.327986438163046,11.153013699166054,34.23913381500793
2025-08-17 19:00:00,10.649999618530273,10.720000267028809,10.5,10.529999732971191,2212301,10.44720001220703,11.062700011730193,10.728500032424927,0.2113684366076498,10.305763159209627,11.151236905640227,33.68983057243892
2025-08-18 19:00:00,10.520000457763672,10.670000076293945,10.399999618530273,10.4399995803833,2306024,10.45760000228882,11.082300009727478,10.721500015258789,0.2187351110863836,10.284029793086022,11.158970237431555,44.36617306221243
2025-08-19 19:00:00,10.5,10.600000381469727,10.390000343322754,10.489999771118164,2272378,10.47079999923706,11.101850008964538,10.711500024795532,0.22474031998029062,10.26201938483495,11.160980664756114,50.370378742817415
2025-08-20 19:00:00,10.699999809265137,11.09000015258789,10.4399995803833,10.619999885559082,13724290,10.486800003051759,11.122150008678437,10.692500019073487,0.21491443248426384,10.26267115410496,11.122328884042014,55.479443106833656
2025-08-21 19:00:00,10.609999656677246,10.899999618530273,10.550000190734863,10.59000015258789,3742232,10.498199996948243,11.14285001039505,10.679500007629395,0.2127385231036785,10.254022961422038,11.104977053836752,50.0
2025-08-24 19:00:00,10.59000015258789,10.699999809265137,10.510000228881836,10.5600004196167,1314044,10.509600009918213,11.163650012016296,10.648500013351441,0.17836324789906344,10.291773517553315,11.005226509149567,33.64489646400952
2025-08-25 19:00:00,10.600000381469727,10.800000190734863,10.539999961853027,10.5600004196167,3771680,10.523400020599365,11.18435001373291,10.619500017166137,0.13647732103393204,10.346545375098273,10.892454659234001,37.11341827906245
2025-08-26 19:00:00,10.619999885559082,10.850000381469727,10.550000190734863,10.569999694824219,6671342,10.53720001220703,11.205200011730193,10.617999982833862,0.1368672364844823,10.344265509864897,10.891734455802826,38.54165321423001
2025-08-27 19:00:00,10.800000190734863,10.989999771118164,10.510000228881836,10.819999694824219,6761189,10.556000003814697,11.227250010967255,10.634999990463257,0.1399059693407129,10.35518805178183,10.914811929144683,46.36364109259828
2025-08-28 19:00:00,10.979999542236328,10.979999542236328,10.479999542236328,10.539999961853027,5858829,10.572000007629395,11.24540001153946,10.63899998664856,0.1357202904625828,10.367559405723394,10.910440567573726,44.347823923613205
2025-08-31 19:00:00,10.640000343322754,10.720000267028809,10.350000381469727,10.460000038146973,4527106,10.587400016784668,11.261300010681152,10.632499980926514,0.14119321289033065,10.350113555145853,10.914886406707176,41.463416525230876
2025-09-01 19:00:00,10.420000076293945,10.600000381469727,10.350000381469727,10.40999984741211,3407890,10.614800014495849,11.276700010299683,10.607499980926514,0.13353002372304407,10.340439933480425,10.874560028372603,42.49999205271908
2025-09-02 19:00:00,10.449999809265137,10.640000343322754,10.420000076293945,10.449999809265137,4177673,10.633200016021728,11.29320000886917,10.589499950408936,0.1289828491057044,10.331534252197526,10.847465648620345,46.61017360100863
2025-09-03 19:00:00,10.40999984741211,10.579999923706055,10.399999618530273,10.420000076293945,2761366,10.65220001220703,11.310050008296967,10.570999956130981,0.1251903579764893,10.320619240178003,10.82138067208396,42.10524554617125
2025-09-04 19:00:00,10.510000228881836,10.65999984741211,10.399999618530273,10.420000076293945,4786179,10.673600006103516,11.326000008583069,10.546999979019166,0.10280797038014378,10.341384038258878,10.752615919779453,44.85982307983689
2025-09-07 19:00:00,10.460000038146973,11.069999694824219,10.449999809265137,10.760000228881836,29403407,10.700200004577637,11.343750009536743,10.55149998664856,0.11018051643568655,10.331138953777186,10.771861019519934,62.12124824527371
2025-09-08 19:00:00,10.819999694824219,10.949999809265137,10.550000190734863,10.600000381469727,4675875,10.71900001525879,11.355700011253356,10.548000001907349,0.10729207481075505,10.333415852285839,10.76258415152886,53.846179496379364
2025-09-09 19:00:00,10.640000343322754,10.729999542236328,10.510000228881836,10.569999694824219,3003812,10.733000011444092,11.367350010871887,10.546999979019166,0.10697273876589442,10.333054501487377,10.760945456550955,48.12029212572736
2025-09-10 19:00:00,10.649999618530273,10.850000381469727,10.5,10.5600004196167,6637161,10.742400016784668,11.37395001411438,10.54850001335144,0.10693214055074565,10.334635732249948,10.762364294452931,48.85497072362123
2025-09-11 19:00:00,10.600000381469727,10.75,10.489999771118164,10.510000228881836,4518144,10.748800029754639,11.375300016403198,10.544000005722046,0.10654381729873304,10.33091237112458,10.757087640319511,48.12029212572736
2025-09-14 19:00:00,10.609999656677246,10.819999694824219,10.520000457763672,10.630000114440918,13493917,10.75260004043579,11.372150015830993,10.549000024795532,0.10818602943540609,10.33262796592472,10.765372083666344,52.413784485219345
2025-09-15 19:00:00,10.779999732971191,10.880000114440918,10.649999618530273,10.729999542236328,6513507,10.757400035858154,11.363850011825562,10.563500022888183,0.11216877599894641,10.33916247089029,10.787837574886076,55.19480358631316
2025-09-16 19:00:00,10.869999885559082,10.970000267028809,10.729999542236328,10.779999732971191,8211282,10.746400032043457,11.361600012779236,10.578000020980834,0.12059494849220848,10.336810123996417,10.819189917965252,48.50746321768484
2025-09-17 19:00:00,10.890000343322754,11.5,10.8100004196167,11.40999984741211,25653301,10.750600032806396,11.356900010108948,10.617500019073486,0.22190258839664911,10.173694842280188,11.061305195866783,75.73964797558592
2025-09-18 19:00:00,11.600000381469727,11.979999542236328,11.199999809265137,11.319999694824219,30457557,10.740800018310546,11.34555000782013,10.653999996185302,0.2716110804261863,10.110777835332929,11.197222157037675,75.29411038725353
2025-09-21 19:00:00,11.350000381469727,11.569999694824219,11.15999984741211,11.430000305175781,11912838,10.735000019073487,11.339750008583069,10.697499990463257,0.3209504446344371,10.055599101194382,11.339400879732132,78.97728196352847
2025-09-23 19:00:00,11.649999618530273,11.890000343322754,11.649999618530273,11.760000228881836,9972865,10.73700002670288,11.338950009346009,10.757499980926514,0.39704004954123334,9.963419881844048,11.55158008000898,81.95122677396199
2025-09-24 19:00:00,11.8100004196167,12.9399995803833,11.8100004196167,12.800000190734863,63160712,10.772400035858155,11.341650009155273,10.869000005722047,0.60189091759767,9.665218170526707,12.072781840917386,88.88888542601966
2025-09-25 19:00:00,13.5,14.079999923706055,13.319999694824219,14.079999923706055,37324351,10.8346000289917,11.344600009918214,11.032000017166137,0.9363962337559457,9.159207549654246,12.904792484678028,92.16589537709687
2025-09-28 19:00:00,14.649999618530273,15.119999885559082,13.5,13.670000076293945,63522783,10.886000022888183,11.339550008773804,11.188500022888183,1.0975344484933847,8.993431125901413,13.383568919874953,82.99319669046888
2025-09-29 19:00:00,13.649999618530273,13.770000457763672,13.119999885559082,13.210000038146973,24455246,10.934800014495849,11.334900007247924,11.326000022888184,1.1712494572461107,8.983501108395963,13.668498937380406,77.70700250040849
2025-09-30 19:00:00,13.399999618530273,14.479999542236328,12.949999809265137,14.260000228881836,57973782,11.008400020599366,11.335450010299683,11.51850004196167,1.3197459139689915,8.879008214023687,14.157991869899652,82.19896011211083
2025-10-01 19:00:00,14.399999618530273,15.6899995803833,14.149999618530273,15.6899995803833,91593939,11.108400020599365,11.343200006484984,11.780500030517578,1.5891025610807052,8.602294908356168,14.958705152678988,85.87412191933169
2025-10-02 19:00:00,16.25,17.100000381469727,16.200000762939453,16.360000610351562,70714847,11.215600032806396,11.349950008392334,12.077500057220458,1.854388495619856,8.368723065980745,15.786277048460171,87.64478788173359
2025-10-05 19:00:00,16.739999771118164,16.979999542236328,15.350000381469727,15.899999618530273,39763617,11.316600017547607,11.35840000629425,12.351500034332275,1.996036257994622,8.35942751834303,16.343572550321518,82.49074283453824
2025-10-07 19:00:00,15.600000381469727,15.800000190734863,14.520000457763672,14.729999542236328,25046805,11.387600002288819,11.361150002479553,12.55,2.0266045971721045,8.496790805655792,16.60320919434421,71.78648712384154
2025-10-08 19:00:00,14.800000190734863,15.75,14.25,14.84000015258789,42263395,11.46159999847412,11.36880000114441,12.761999988555909,2.0336397232539647,8.694720542047978,16.82927943506384,71.96969298198081
2025-10-09 19:00:00,14.890000343322754,15.899999618530273,14.550000190734863,15.300000190734863,35898375,11.555599994659424,11.378150000572205,12.99850001335144,2.0403309130462017,8.917838187259036,17.079161839443845,71.44431779026888
2025-10-12 19:00:00,15.170000076293945,15.579999923706055,14.600000381469727,14.649999618530273,19923098,11.638999996185303,11.38539999961853,13.20299997329712,1.9873391423129219,9.228321688671276,17.177678257922963,67.28971388789031
2025-10-13 19:00:00,14.989999771118164,15.239999771118164,14.829999923706055,15.119999885559082,9381144,11.732199993133545,11.395799999237061,13.433499956130982,1.9249177243288924,9.583664507473197,17.283335404788765,68.46846150225907
2025-10-14 19:00:00,15.199999809265137,15.609999656677246,14.890000343322754,15.050000190734863,16272123,11.821399993896485,11.409800000190735,13.654499959945678,1.837869164859283,9.978761630227112,17.330238289664244,66.90647044830621
2025-10-15 19:00:00,15.289999961853027,16.549999237060547,15.199999809265137,15.90999984741211,73104803,11.921399993896484,11.431449999809265,13.913499975204468,1.7676992952001018,10.378101384804264,17.448898565604672,66.28271713836253
2025-10-16 19:00:00,16.139999389648438,16.65999984741211,15.699999809265137,15.829999923706055,29533621,12.021799983978271,11.453049998283387,14.16599998474121,1.6535365346174118,10.858926915506387,17.473073053976034,60.47903904375845
2025-10-19 19:00:00,15.9399995803833,16.260000228881836,15.75,15.859999656677246,15481580,12.123199977874755,11.469049997329712,14.388499975204468,1.5599165222505444,11.268666930703379,17.508333019705557,63.73901494922972
2025-10-20 19:00:00,16.139999389648438,16.3799991607666,15.399999618530273,15.520000457763672,34888423,12.215599994659424,11.483249998092651,14.59850001335144,1.3995497513263886,11.799400510698664,17.397599516004217,64.71337596641513
2025-10-21 19:00:00,15.449999809265137,16.100000381469727,15.380000114440918,15.630000114440918,18492247,12.314799995422364,11.494749999046325,14.808500003814697,1.1999704549052304,12.408559094004236,17.208440913625157,59.91316734249643
2025-10-22 19:00:00,15.84000015258789,16.0,15.050000190734863,15.140000343322754,17566165,12.40420000076294,11.503250002861023,14.977500009536744,0.9625616677144333,13.052376674107878,16.902623344965612,45.39364217252396
2025-10-23 19:00:00,15.100000381469727,15.25,13.890000343322754,14.210000038146973,13211796,12.476599998474121,11.507400002479553,15.048000001907349,0.8382977766888031,13.371404448529743,16.724595555284957,32.7447800877717
2025-10-26 19:00:00,14.25,14.4399995803833,13.699999809265137,14.140000343322754,9984993,12.548800010681152,11.512100005149842,15.051000022888184,0.834751123064793,13.381497776758598,16.72050226901777,34.93151098775034
2025-10-27 19:00:00,14.279999732971191,15.550000190734863,14.119999885559082,15.289999961853027,55091052,12.642600002288818,11.522650003433228,15.132000017166138,0.7697613932618429,13.592477230642453,16.671522803689825,54.811001209134766
2025-10-28 19:00:00,15.140000343322754,16.440000534057617,15.020000457763672,15.539999961853027,53919141,12.742800006866455,11.536500000953675,15.24850001335144,0.6265634970914921,13.995373019168456,16.501627007534424,55.87248346310615
2025-10-29 19:00:00,15.649999618530273,16.579999923706055,15.5,15.829999923706055,40703613,12.85060001373291,11.554250001907349,15.326999998092651,0.5936869577222824,14.139626082648086,16.514373913537217,54.57685588131477
2025-10-30 19:00:00,15.949999809265137,16.329999923706055,15.850000381469727,15.920000076293945,20480879,12.959200019836425,11.573700003623962,15.338500022888184,0.6032392933688489,14.132021436150486,16.544978609625883,62.14150126275289
2025-11-02 19:00:00,16.049999237060547,17.510000228881836,15.899999618530273,17.06999969482422,119510564,13.088200016021728,11.601050000190735,15.373999977111817,0.6822361832489457,14.009527610613926,16.738472343609708,66.49746872761547
2025-11-03 19:00:00,16.559999465942383,16.639999389648438,15.359999656677246,15.359999656677246,67833958,13.183600006103516,11.621749997138977,15.346999979019165,0.6709152575403254,14.005169463938515,16.688830494099815,52.05297732174305
2025-11-04 19:00:00,14.630000114440918,16.420000076293945,14.510000228881836,15.859999656677246,66465077,13.289599990844726,11.64494999408722,15.403499984741211,0.663763293674498,14.075973397392215,16.731026572090208,49.65229341504252
2025-11-05 19:00:00,16.479999542236328,16.5,15.869999885559082,16.010000228881836,43057038,13.39859998703003,11.668099994659423,15.461999988555908,0.6630439362651627,14.135912116025583,16.788087861086233,51.23967180985358
2025-11-06 19:00:00,15.989999771118164,16.09000015258789,15.399999618530273,15.579999923706055,46489979,13.498799991607665,11.683399991989136,15.475999975204468,0.6623990697544705,14.151201835695527,16.80079811471341,48.17232523884503
2025-11-09 19:00:00,15.619999885559082,15.899999618530273,15.390000343322754,15.680000305175781,16679891,13.596000003814698,11.700199995040894,15.527500009536743,0.6342410507759417,14.259017907984859,16.795982111088627,51.078166076596744
2025-11-10 19:00:00,15.779999732971191,15.949999809265137,14.75,14.880000114440918,27255907,13.682800006866454,11.71409999370575,15.515500020980834,0.644543586697249,14.226412847586337,16.804587194375333,45.376079262912114
2025-11-11 19:00:00,15.1899995803833,15.300000190734863,14.670000076293945,14.789999961853027,12783030,13.769400005340577,11.723549995422363,15.502500009536742,0.6569295606629315,14.18864088821088,16.816359130862605,47.73021831098981
2025-11-12 19:00:00,14.949999809265137,15.119999885559082,13.420000076293945,13.819999694824219,28529133,13.837600002288818,11.727249994277955,15.398000001907349,0.7485395839138236,13.900920834079702,16.895079169734995,47.48386906237829
2025-11-13 19:00:00,14.0,14.850000381469727,13.619999885559082,14.550000190734863,19781976,13.919600009918213,11.73614999294281,15.33400001525879,0.7642154024855213,13.805569210287747,16.862430820229832,52.43757290050515
2025-11-16 19:00:00,14.949999809265137,14.949999809265137,14.5,14.579999923706055,10065613,14.002800006866455,11.74664999485016,15.27000002861023,0.7714101576775879,13.727179713255055,16.812820343965406,45.13031648766418
2025-11-17 19:00:00,14.699999809265137,14.850000381469727,14.4399995803833,14.550000190734863,10806079,14.085400009155274,11.755199995040893,15.221500015258789,0.7852339082302675,13.651032198798253,16.791967831719322,42.99858877815598
2025-11-18 19:00:00,14.600000381469727,14.779999732971191,14.300000190734863,14.319999694824219,5683402,14.156599998474121,11.76204999446869,15.155999994277954,0.8037831261504367,13.54843374197708,16.763566246578826,39.22967354690552
2025-11-19 19:00:00,14.600000381469727,14.800000190734863,14.300000190734863,14.460000038146973,11378348,14.233799991607667,11.769549994468688,15.121999979019165,0.8187384034743546,13.484523172070457,16.759476785967873,39.660059795089765
2025-11-20 19:00:00,14.5,14.699999809265137,13.920000076293945,14.319999694824219,15335416,14.308799991607666,11.777599992752075,15.127499961853028,0.8126362059315411,13.502227549989946,16.75277237371611,27.272738736875553
2025-11-23 19:00:00,14.260000228881836,14.489999771118164,14.119999885559082,14.180000305175781,3357439,14.381199989318848,11.786749992370606,15.12949995994568,0.8101232707883685,13.509253418368942,16.749746501522417,36.83037144530329
2025-11-24 19:00:00,14.220000267028809,14.380000114440918,13.899999618530273,13.960000038146973,5989885,14.45019998550415,11.79244999408722,15.062999963760376,0.8498674630480305,13.363265037664315,16.762734889856436,27.380971303049805
2025-11-25 19:00:00,14.020000457763672,14.020000457763672,13.510000228881836,13.670000076293945,7263431,14.510999984741211,11.79739999294281,14.969499969482422,0.8962287683724035,13.177042432737615,16.76195750622723,23.041485692035423
2025-11-26 19:00:00,13.649999618530273,13.899999618530273,13.609999656677246,13.770000457763672,3427789,14.571800003051758,11.803549995422363,14.866499996185302,0.9103918507786326,13.045716294628036,16.68728369774257,27.43144012831074
2025-11-27 19:00:00,13.770000457763672,13.899999618530273,13.609999656677246,13.680000305175781,3846947,14.62980001449585,11.809799995422363,14.754500007629394,0.9117505506778332,12.930998906273729,16.57800110898506,25.00001192092327
2025-11-30 19:00:00,13.800000190734863,14.420000076293945,13.649999618530273,14.210000038146973,9923119,14.685800018310546,11.820449995994569,14.611500024795532,0.7370086688100824,13.137482687175368,16.085517362415697,41.018769223688956
2025-12-01 19:00:00,14.199999809265137,14.539999961853027,13.890000343322754,13.949999809265137,9895203,14.738400020599364,11.831249995231628,14.541000032424927,0.7290361206074824,13.082927791209963,15.999072273639891,39.23077148798566
2025-12-02 19:00:00,14.0,14.100000381469727,13.75,13.789999961853027,2527154,14.78560001373291,11.841299996376037,14.437500047683717,0.6770048510379965,13.083490345607723,15.79150974975971,49.51456760144205
2025-12-03 19:00:00,13.850000381469727,14.149999618530273,13.649999618530273,13.90999984741211,4454208,14.828600006103516,11.850549993515015,14.33250002861023,0.5755260915737369,13.181447845462756,15.483552211757704,37.09676985189979
2025-12-04 19:00:00,14.0,14.25,13.970000267028809,14.029999732971191,6935894,14.853199996948241,11.854349989891052,14.255000019073487,0.49781103847875224,13.259377942115982,15.250622096030991,39.29960988421951
2025-12-07 19:00:00,14.100000381469727,14.449999809265137,14.0,14.029999732971191,5296262,14.852199993133546,11.859699988365174,14.172499990463256,0.369378923225082,13.433742144013092,14.911257836913421,39.76377420604764
2025-12-08 19:00:00,14.229999542236328,14.300000190734863,13.819999694824219,13.930000305175781,5558404,14.857399997711182,11.866399989128112,14.125,0.3328900308060924,13.459219938387815,14.790780061612185,41.90872584354675
2025-12-09 19:00:00,14.130000114440918,14.880000114440918,14.020000457763672,14.380000114440918,25220258,14.88079999923706,11.87399999141693,14.104500007629394,0.3008667124849078,13.502766582659579,14.706233432599209,48.529412795928366
2025-12-10 19:00:00,14.609999656677246,14.699999809265137,14.010000228881836,14.069999694824219,9530487,14.876999988555909,11.880349988937377,14.117000007629395,0.29352841147748593,13.529943184674423,14.704056830584367,45.67473957095867
2025-12-11 19:00:00,14.029999732971191,14.239999771118164,13.979999542236328,14.010000228881836,4985859,14.843400001525879,11.887699990272521,14.090000009536743,0.2759099237726238,13.538180161991495,14.641819857081991,46.975087035524886
2025-12-14 19:00:00,14.050000190734863,14.899999618530273,14.050000190734863,14.729999542236328,24589042,14.810799980163575,11.89854998588562,14.097499990463257,0.2915271880775681,13.514445614308121,14.680554366618393,61.63141767640462
2025-12-15 19:00:00,14.850000381469727,15.079999923706055,14.130000114440918,14.220000267028809,12081730,14.777199993133545,11.907449989318847,14.080999994277954,0.27333985164129265,13.53432029099537,14.62767969756054,57.79037577222677
2025-12-16 19:00:00,14.25,15.640000343322754,14.0600004196167,15.630000114440918,83921872,14.795200004577637,11.923049988746643,14.14650001525879,0.4398596831194021,13.266780649019985,15.026219381497594,69.21488323886895
2025-12-17 19:00:00,16.09000015258789,16.229999542236328,15.170000076293945,15.220000267028809,37077121,14.802800006866455,11.937049989700318,14.184500026702882,0.49742996252042776,13.189640101662025,15.179359951743738,64.92248896574145
2025-12-18 19:00:00,15.220000267028809,15.399999618530273,14.699999809265137,14.9399995803833,9152145,14.795599994659424,11.950399985313416,14.215500020980835,0.5248806484532809,13.165738724074274,15.265261317887397,57.43380701119897
2025-12-21 19:00:00,14.920000076293945,15.739999771118164,14.699999809265137,15.149999618530273,12841566,14.805599994659424,11.965449981689453,14.26399998664856,0.5647299560477556,13.13454007455305,15.393459898744071,62.34568276735222
2025-12-22 19:00:00,15.25,15.8100004196167,15.199999809265137,15.260000228881836,12939848,14.808400001525879,11.982299981117249,14.328999996185303,0.6015147122031703,13.125970571778963,15.532029420591643,65.28067278274122
2025-12-23 19:00:00,15.350000381469727,15.75,15.109999656677246,15.539999961853027,8050545,14.818199996948243,12.001549983024598,14.422499990463256,0.6379231959533357,13.146653598556584,15.698346382369929,66.39839690556568
2025-12-25 19:00:00,15.640000343322754,16.25,15.539999961853027,16.040000915527344,29718301,14.820800018310546,12.022849988937377,14.53600001335144,0.7132166782766803,13.10956665679808,15.9624333699048,68.78505979003833
2025-12-28 19:00:00,16.049999237060547,16.440000534057617,16.0,16.219999313354492,15214728,14.828600006103516,12.044849987030029,14.662999963760376,0.7761382462044351,13.110723471351506,16.215276456169246,69.80108898267744
2025-12-29 19:00:00,16.219999313354492,16.420000076293945,15.960000038146973,16.010000228881836,12649863,14.831600017547608,12.06484998703003,14.752999973297118,0.8237469499824911,13.105506073332137,16.4004938732621,68.43972386719842
2025-12-30 19:00:00,16.139999389648438,16.139999389648438,15.699999809265137,15.84000015258789,6930894,14.838000011444091,12.083799986839294,14.847499990463257,0.8351103543830609,13.177279281697135,16.51772069922938,63.619409059731886
2025-12-31 19:00:00,15.800000190734863,16.25,15.800000190734863,15.960000038146973,8015787,14.844600009918214,12.103299984931946,14.955999994277954,0.8314439502262198,13.293112093825515,16.618887894730396,68.27854314640753
2026-01-01 19:00:00,16.0,16.450000762939453,16.0,16.329999923706055,15950049,14.86840000152588,12.124949984550476,15.076999998092651,0.8471506820963364,13.382698633899977,16.771301362285325,71.16788956307427
2026-01-04 19:00:00,16.399999618530273,17.649999618530273,16.329999923706055,17.219999313354492,63514102,14.92859998703003,12.151449980735778,15.236499977111816,0.9353595686111172,13.365780839889581,17.10721911433405,72.03540513114125
2026-01-05 19:00:00,17.299999237060547,17.5,16.75,17.100000381469727,19821909,14.987799987792968,12.176599984169007,15.390000009536744,0.9778816699509849,13.434236669634775,17.345763349438712,77.37644064271879
2026-01-06 19:00:00,17.200000762939453,18.809999465942383,16.719999313354492,18.31999969482422,58647439,15.048399982452393,12.207799983024596,15.609499979019166,1.1158780572665596,13.377743864486046,17.841256093552285,76.52861203432401
2026-01-07 19:00:00,19.049999237060547,20.149999618530273,19.049999237060547,20.149999618530273,59909175,15.140599975585937,12.248649983406066,15.897999954223632,1.4707376466577862,12.956524660908059,18.839475247539205,87.98152310236722
2026-01-08 19:00:00,20.690000534057617,21.739999771118164,19.899999618530273,20.18000030517578,68348929,15.227599983215333,12.288499984741211,16.20349998474121,1.6893731625555781,12.824753659630055,19.582246309852366,91.98720608591235
2026-01-11 19:00:00,20.299999237060547,21.40999984741211,19.760000228881836,20.360000610351562,47261175,15.316399993896484,12.328449988365174,16.5210000038147,1.8449730135582754,12.831053976698147,20.21094603093125,91.94849726352169
2026-01-12 19:00:00,20.690000534057617,21.100000381469727,20.299999237060547,20.670000076293945,24638667,15.388400001525879,12.36904998779297,16.818000030517577,2.012028586503468,12.793942857510642,20.84205720352451,92.19971291558504
2026-01-13 19:00:00,20.81999969482422,21.190000534057617,19.100000381469727,19.549999237060547,22322536,15.472199993133545,12.404249982833862,17.084499979019164,2.0027703716243686,13.078959235770427,21.0900407222679,77.65517832861735
2026-01-14 19:00:00,19.799999237060547,20.950000762939453,19.350000381469727,20.639999389648438,62650402,15.567799987792968,12.4467999792099,17.33499994277954,2.1210932587467743,13.092813425285991,21.57718646027309,79.3367386658674
2026-01-15 19:00:00,22.479999542236328,22.700000762939453,21.899999618530273,22.700000762939453,21777250,15.701599998474121,12.500349984169006,17.708999967575075,2.3730303237873094,12.962939320000455,22.455060615149694,83.33334314479819
2026-01-18 19:00:00,24.969999313354492,24.969999313354492,24.829999923706055,24.969999313354492,13158230,15.88939998626709,12.564949979782105,18.210499954223632,2.7816966524392,12.647106649345233,23.77389325910203,88.0305603266262
2026-01-19 19:00:00,25.5,27.469999313354492,22.850000381469727,27.469999313354492,113002615,16.125199966430664,12.642449975013733,18.826499938964844,3.3701587929992907,12.086182352966262,25.566817524963426,91.21190726364657
2026-01-20 19:00:00,28.489999771118164,29.299999237060547,27.5,28.049999237060547,100762529,16.388599948883055,12.722849969863892,19.46599988937378,3.8386898182848106,11.788620252804158,27.143379525943402,91.48936253771906
2026-01-21 19:00:00,28.0,28.8700008392334,25.25,26.110000610351562,131515249,16.614999961853027,12.792399973869324,19.994499921798706,3.994194967720174,12.006109986358357,27.982889857239055,80.29740462280402
2026-01-22 19:00:00,25.899999618530273,26.1200008392334,24.5,24.799999237060547,42142224,16.834599952697754,12.859949970245362,20.432499837875366,4.017960716790616,12.396578404294134,28.4684212714566,72.88647393768107
2026-01-25 19:00:00,25.09000015258789,26.0,24.799999237060547,24.979999542236328,25841135,17.043199939727785,12.928349967002868,20.870499849319458,4.012046798825491,12.846406251668476,28.89459344697044,73.70637413617023
2026-01-26 19:00:00,24.989999771118164,26.459999084472656,24.81999969482422,25.489999771118164,47947586,17.261399936676025,13.001049966812134,21.344499826431274,3.967338191603337,13.4098234432246,29.27917620963795,72.53299586893027
2026-01-27 19:00:00,25.600000381469727,25.8799991607666,24.950000762939453,25.06999969482422,18180236,17.47179992675781,13.070449967384338,21.80599980354309,3.8277096507407458,14.150580502061601,29.461419105024582,66.9655152727962
2026-01-28 19:00:00,25.100000381469727,25.31999969482422,24.0,24.540000915527344,15800490,17.676199951171874,13.137799973487853,22.23499984741211,3.6127995436374274,15.009400760137254,29.460598934686963,64.53333536783853
2026-01-29 19:00:00,24.700000762939453,26.989999771118164,24.510000228881836,26.489999771118164,66471778,17.9167999458313,13.215249972343445,22.742999839782716,3.4493997243946772,15.844200390993361,29.64179928857207,68.27668363338913
2026-02-01 19:00:00,27.0,27.899999618530273,25.520000457763672,25.920000076293945,51506799,18.148799953460692,13.289299974441528,23.177999877929686,3.25959398293823,16.658811912053224,29.697187843806148,65.41397644250671
2026-02-02 19:00:00,26.139999389648438,26.450000762939453,24.899999618530273,25.020000457763672,27837936,18.36559995651245,13.358749976158142,23.573999881744385,2.9485828347588012,17.676834212226783,29.471165551261986,66.27008332879473
2026-02-03 19:00:00,25.110000610351562,25.270000457763672,24.399999618530273,24.5,23442991,18.576399955749512,13.425149974822999,23.882999897003174,2.680652041668257,18.52169581366666,29.244303980339687,61.884239895631374
2026-02-05 19:00:00,24.610000610351562,25.309999465942383,23.809999465942383,24.540000915527344,35483176,18.79379997253418,13.492049980163575,24.102499961853027,2.5346521165986724,19.033195728655684,29.17180419505037,56.469762616872075
2026-02-08 19:00:00,25.0,25.239999771118164,24.459999084472656,24.809999465942383,17501180,19.014599952697754,13.560349979400634,24.333999919891358,2.3631766429689125,19.607646633953532,29.060353205829184,49.345336000916525
2026-02-09 19:00:00,24.989999771118164,25.149999618530273,23.75,24.040000915527344,12745757,19.221799964904786,13.624699983596802,24.517999935150147,2.173090424422782,20.171819086304584,28.86418078399571,33.65109761683151
2026-02-10 19:00:00,24.100000381469727,24.649999618530273,23.799999237060547,24.030000686645508,10289034,19.418199977874757,13.689299988746644,24.685999965667726,1.9813695158618654,20.723260933943994,28.648738997391458,29.737902896306153
2026-02-11 19:00:00,24.200000762939453,24.610000610351562,21.760000228881836,23.059999465942383,21408228,19.6003999710083,13.751599984169006,24.861499977111816,1.6261036263648705,21.609292724382076,28.113707229841555,32.96088528266165
2026-02-12 19:00:00,23.239999771118164,23.809999465942383,22.600000381469727,23.229999542236328,14608338,19.789199962615967,13.815749983787537,24.99099998474121,1.3522956794668088,22.286408625807596,27.695591343674828,39.9487824224947
2026-02-15 19:00:00,23.360000610351562,23.360000610351562,20.920000076293945,21.229999542236328,17167440,19.93559995651245,13.8742999792099,24.917499923706053,1.5136879015759344,21.890124120554184,27.944875726857923,30.52958946240085
2026-02-16 19:00:00,21.010000228881836,21.579999923706055,20.049999237060547,20.549999237060547,13683660,20.06599994659424,13.928849973678588,24.69649991989136,1.8010122334016245,21.09447545308811,28.29852438669461,24.795908774993322
2026-02-17 19:00:00,20.670000076293945,22.25,20.670000076293945,21.75,19201285,20.220399951934816,13.992699975967406,24.41049995422363,1.7915429915009173,20.827413971221798,27.993585937225465,34.31001740410885
2026-02-18 19:00:00,21.760000228881836,21.799999237060547,19.579999923706055,19.739999771118164,15749814,20.336599941253663,14.041499977111817,23.994999980926515,1.8651613714854145,20.264677237955688,27.725322723897342,30.099496861652213
2026-02-19 19:00:00,20.190000534057617,20.190000534057617,18.610000610351562,19.190000534057617,10470290,20.432799949645997,14.084599981307983,23.648999977111817,2.081474475627581,19.486051025856653,27.81194892836698,15.759852994591071
2026-02-22 19:00:00,19.190000534057617,19.559999465942383,17.270000457763672,17.290000915527344,10483589,20.49719997406006,14.120049986839295,23.273500061035158,2.498528513160582,18.276443034713992,28.270557087356323,14.01167920972452
2026-02-23 19:00:00,17.290000915527344,17.299999237060547,15.699999809265137,16.6299991607666,40297530,20.549599952697754,14.15639998435974,22.85600004196167,2.868596652174379,17.118806737612914,28.59319334631043,14.297872616727688
2026-02-24 19:00:00,17.200000762939453,17.3799991607666,16.510000228881836,16.75,10297193,20.589999961853028,14.198299984931946,22.41900005340576,3.1024098480793776,16.214180357247006,28.623819749564515,15.859037721802764
2026-02-25 19:00:00,16.950000762939453,18.43000030517578,16.399999618530273,18.43000030517578,20733632,20.674199962615965,14.246799988746643,22.08700008392334,3.158562553987515,15.769874975948309,28.40412519189837,26.481909850404563
2026-02-26 19:00:00,17.989999771118164,18.75,17.579999923706055,17.84000015258789,12827809,20.718399963378907,14.2873499917984,21.752000045776366,3.238982341539873,15.27403536269662,28.22996472885611,23.816688221659362
2026-03-01 19:00:00,16.059999465942383,16.059999465942383,16.059999465942383,16.059999465942383,3410257,20.735199947357177,14.317049989700317,21.23050003051758,3.2754277298226304,14.679644570872318,27.781355490162838,22.136876986848492
2026-03-02 19:00:00,15.260000228881836,15.850000381469727,14.449999809265137,14.720000267028809,21661481,20.73079996109009,14.339749989509583,20.67050004005432,3.386997631478705,13.896504777096911,27.44449530301173,20.255598051433694
2026-03-03 19:00:00,14.890000343322754,15.550000190734863,14.199999809265137,14.960000038146973,10967850,20.72699996948242,14.363149991035462,20.167500019073486,3.4534100776448535,13.260679863783778,27.074320174363194,22.85523514363311
2026-03-04 19:00:00,14.8100004196167,16.459999084472656,14.8100004196167,16.440000534057617,20565983,20.75059997558594,14.395399994850159,19.764500045776366,3.3909344999782984,12.982631045819769,26.546369045732963,29.081954393811117
2026-03-05 19:00:00,16.440000534057617,17.170000076293945,15.800000190734863,16.209999084472656,17094881,20.76399995803833,14.427049989700317,19.34799995422363,3.283370547417838,12.781258859387956,25.91474104905931,32.64177458813616
2026-03-08 19:00:00,15.890000343322754,15.890000343322754,14.59000015258789,14.739999771118164,11239062,20.737999935150146,14.45149998664856,18.84449996948242,3.171915436668685,12.50066909614505,25.18833084281979,30.950826188177842
2026-03-09 19:00:00,15.989999771118164,16.020000457763672,15.510000228881836,15.670000076293945,13140197,20.726999950408935,14.480349988937379,18.425999927520753,2.99772964090482,12.430540645711112,24.421459209330393,29.70627983573887
2026-03-10 19:00:00,15.569999694824219,17.0,15.40999984741211,16.209999084472656,23177514,20.730999927520752,14.510999984741211,18.03499984741211,2.7259907998304826,12.583018247751145,23.486981447073074,36.93560278136847
2026-03-11 19:00:00,15.800000190734863,17.700000762939453,15.699999809265137,17.459999084472656,38337773,20.763399906158448,14.547799978256226,17.754999828338622,2.4570146141841733,12.840970599970277,22.669029056706968,43.91273365015985
2026-03-12 19:00:00,17.59000015258789,18.559999465942383,17.5,17.989999771118164,25429776,20.80399990081787,14.586899976730347,17.492999839782716,2.0952103109842373,13.302579217814241,21.68342046175119,52.725851399167546
2026-03-15 19:00:00,17.989999771118164,18.450000762939453,17.200000762939453,17.34000015258789,10671111,20.824199905395506,14.62344997882843,17.298499870300294,1.9016593317057708,13.495181206888752,21.101818533711835,52.766955925535214
2026-03-16 19:00:00,17.200000762939453,17.700000762939453,16.850000381469727,17.290000915527344,5966684,20.825599937438966,14.659699983596802,17.135499954223633,1.7412382271605558,13.65302349990252,20.617976408544745,52.11599101034916
2026-03-17 19:00:00,17.329999923706055,18.200000762939453,17.329999923706055,18.0,13452418,20.84359992980957,14.69974998474121,16.947999954223633,1.383301264280816,14.181397425662,19.714602482785264,48.17641924788335
2026-03-18 19:00:00,17.799999237060547,17.90999984741211,17.260000228881836,17.5,5780501,20.827199935913086,14.73809998512268,16.835999965667725,1.227223792307898,14.381552381051929,19.29044755028352,48.54700775280237
2026-03-23 19:00:00,18.200000762939453,18.399999618530273,17.200000762939453,17.309999465942383,8993260,20.770399932861327,14.775249981880188,16.741999912261964,1.1031563123768324,14.5356872875083,18.948312537015628,56.18199881484019
2026-03-24 19:00:00,17.540000915527344,17.989999771118164,17.299999237060547,17.65999984741211,10246210,20.719999923706055,14.813949980735778,16.7604998588562,1.1158592856504932,14.528781287555214,18.992218430157187,66.11841895436092
2026-03-25 19:00:00,17.5,17.5,16.600000381469727,16.68000030517578,4912528,20.64639991760254,14.848199982643127,16.76299991607666,1.1156074980002908,14.531784920076078,18.99421491207724,58.722111191271765
2026-03-26 19:00:00,16.68000030517578,17.079999923706055,16.200000762939453,16.3700008392334,7731717,20.56039993286133,14.880949988365174,16.74399995803833,1.1190710670901498,14.50585782385803,18.98214209221863,49.59723989708656
2026-03-29 19:00:00,16.3700008392334,16.3700008392334,14.899999618530273,15.260000228881836,5884958,20.474599952697755,14.907149987220764,16.585499954223632,1.0918669191168235,14.401766115989986,18.76923379245728,45.03657745441645
2026-03-30 19:00:00,15.350000381469727,16.68000030517578,15.350000381469727,15.670000076293945,8861667,20.375199966430664,14.935549988746644,16.476999950408935,1.0682060286788124,14.34058789305131,18.61341200776656,55.464162682750256
2026-03-31 19:00:00,15.989999771118164,17.110000610351562,15.899999618530273,16.700000762939453,23953998,20.255199966430663,14.969699993133545,16.50900001525879,1.0646367838683513,14.379726447522085,18.63827358299549,55.98142184554726
2026-04-01 19:00:00,16.0,16.34000015258789,15.600000381469727,16.139999389648438,5341979,20.078599967956542,15.000999989509582,16.57999997138977,0.9832919906022205,14.61341599018533,18.54658395259421,49.59443982525771
2026-04-02 19:00:00,15.710000038146973,16.739999771118164,15.609999656677246,16.149999618530273,12019262,19.85219997406006,15.03234998703003,16.639499950408936,0.9136420814391824,14.812215787530572,18.4667841132873,41.136676346222686
2026-04-05 19:00:00,16.149999618530273,16.579999923706055,16.100000381469727,16.290000915527344,6234075,19.617000007629393,15.065099992752074,16.631999969482422,0.9159786187614521,14.800042731959518,18.463957207005326,37.857154340157
2026-04-06 19:00:00,16.010000228881836,16.59000015258789,16.010000228881836,16.440000534057617,5248513,19.423600006103516,15.098849997520446,16.64350004196167,0.911836024427997,14.819827993105676,18.467172090817662,43.076928042799715
2026-04-07 19:00:00,18.079999923706055,18.079999923706055,17.600000381469727,18.059999465942383,18942345,19.288800010681154,15.143949995040893,16.80950002670288,0.8469602368036288,15.115579553095625,18.50342050031014,54.770745957520724
2026-04-08 19:00:00,17.950000762939453,18.0,17.260000228881836,17.399999618530273,11712693,19.137200012207032,15.183299994468689,16.8960000038147,0.8120823111626426,15.271835381489414,18.520164626139984,46.2593503458317
2026-04-09 19:00:00,17.399999618530273,17.989999771118164,17.399999618530273,17.75,9787425,18.982400016784666,15.224699993133544,16.973000049591064,0.8166109204677593,15.339778208655545,18.606221890526584,51.58830948380911
2026-04-12 19:00:00,17.010000228881836,17.190000534057617,16.559999465942383,16.610000610351562,7359858,18.813200035095214,15.260999994277954,16.93050012588501,0.8120374043669457,15.30642531715112,18.554574934618902,46.03175324016737
2026-04-13 19:00:00,17.049999237060547,17.34000015258789,16.790000915527344,17.049999237060547,7081670,18.66340000152588,15.299099988937378,16.88350009918213,0.773789399637993,15.335921299906143,18.431078898458114,46.57687642649771
2026-04-14 19:00:00,17.56999969482422,17.899999618530273,17.110000610351562,17.270000457763672,15179068,18.47900001525879,15.337149991989136,16.880000114440918,0.7717715743122177,15.336456965816483,18.423543263065355,53.619632160279046
2026-04-15 19:00:00,17.399999618530273,19.0,17.270000457763672,19.0,46288360,18.34060001373291,15.38279999256134,16.96550006866455,0.9031258555951434,15.159248357474263,18.77175177985484,63.74085015915496
2026-04-16 19:00:00,19.489999771118164,20.149999618530273,19.15999984741211,19.43000030517578,37291914,18.22880001068115,15.42949999332428,17.03700008392334,1.036147118543025,14.964705846837289,19.10929432100939,73.45331534261148
2026-04-19 19:00:00,19.0,19.209999084472656,17.75,18.549999237060547,30277819,18.109799995422364,15.471299991607665,17.08950004577637,1.0862317473301584,14.917036551116052,19.261963540436685,65.38460676330156
2026-04-20 19:00:00,18.799999237060547,19.200000762939453,18.549999237060547,18.6200008392334,17165465,17.991399993896483,15.512199997901917,17.155000114440917,1.138468414230931,14.878063285979055,19.43193694290278,61.42856721164591
2026-04-21 19:00:00,18.649999618530273,19.649999618530273,18.209999084472656,19.389999389648438,36282006,17.882999992370607,15.556699995994569,17.241500091552734,1.2400477151876128,14.761404661177508,19.72159552192796,68.87340168183388
2026-04-22 19:00:00,19.489999771118164,20.93000030517578,19.399999618530273,20.510000228881836,77776966,17.812399978637696,15.602599997520446,17.433000087738037,1.429961621673765,14.573076844390506,20.292923331085568,72.42798386210578
2026-04-23 19:00:00,20.559999465942383,21.200000762939453,20.100000381469727,20.43000030517578,38441637,17.7403999710083,15.64875,17.636000061035155,1.5539233481665335,14.528153364702089,20.74384675736822,71.42856860788426
2026-04-26 19:00:00,20.459999084472656,21.1299991607666,20.06999969482422,20.18000030517578,25154266,17.68279998779297,15.690599999427796,17.882000064849855,1.5474107349447435,14.787178594960368,20.976821534739344,69.15983444370596
2026-04-27 19:00:00,19.899999618530273,20.940000534057617,19.850000381469727,20.280000686645508,20681211,17.62380001068115,15.73340000152588,18.11250009536743,1.5439180749537795,15.02466394545987,21.20033624527499,63.470878449603646
2026-04-29 19:00:00,20.600000381469727,21.68000030517578,20.110000610351562,21.170000076293945,40925374,17.622600021362306,15.780950002670288,18.336000061035158,1.6486690724306392,15.03866191617388,21.633338205896436,72.2550172044173
