Date,Open,High,Low,Close,Volume,SMA_50,SMA_200,SMA_20,STD_20,BBL_20_2.0,BBU_20_2.0,RSI_14
2007-10-30 19:00:00,16.5,15.5,15.5,15.5,2500,,,,,,,
2008-01-22 19:00:00,15.5,15.0,15.0,15.0,500,,,,,,,
2008-01-29 19:00:00,15.5,16.5,16.5,16.5,500,,,,,,,
2008-02-03 19:00:00,16.5,17.5,17.450000762939453,17.5,1000,,,,,,,
2008-02-06 19:00:00,17.5,18.399999618530273,18.399999618530273,18.399999618530273,500,,,,,,,
2008-02-12 19:00:00,18.399999618530273,18.5,18.5,18.5,500,,,,,,,
2008-02-24 19:00:00,18.399999618530273,18.399999618530273,18.399999618530273,18.399999618530273,19000,,,,,,,
2008-03-12 19:00:00,17.399999618530273,16.399999618530273,16.399999618530273,16.399999618530273,500,,,,,,,
2008-04-17 19:00:00,16.399999618530273,15.399999618530273,15.399999618530273,15.399999618530273,500,,,,,,,
2008-04-24 19:00:00,15.399999618530273,15.399999618530273,15.0,15.0,1500,,,,,,,
2008-05-19 19:00:00,15.0,14.0,14.0,14.0,2000,,,,,,,
2008-05-28 19:00:00,14.0,13.0,13.0,13.0,19000,,,,,,,
2008-06-03 18:00:00,13.0,12.0,12.0,12.0,9000,,,,,,,
2008-06-26 18:00:00,12.0,13.199999809265137,13.199999809265137,13.199999809265137,500,,,,,,,40.170939195599345
2008-08-17 18:00:00,14.199999809265137,15.1899995803833,15.1899995803833,15.1899995803833,1000,,,,,,,48.867785138354186
2009-02-02 19:00:00,15.1899995803833,14.1899995803833,14.1899995803833,14.1899995803833,500,,,,,,,47.14587581547053
2009-03-17 19:00:00,8.1899995803833,7.199999809265137,7.199999809265137,7.199999809265137,500,,,,,,,26.37194995632626
2009-03-18 19:00:00,8.1899995803833,7.199999809265137,7.199999809265137,7.199999809265137,500,,,,,,,22.43040538460467
2009-04-15 18:00:00,6.460000038146973,5.849999904632568,5.71999979019165,5.849999904632568,1000,,,,,,,17.198118265438367
2009-04-19 18:00:00,6.670000076293945,7.670000076293945,7.199999809265137,7.619999885559082,6500,,,13.802499842643737,3.9427413085289182,5.917017225585901,21.687982459701573,23.846152611738077
2009-04-20 18:00:00,7.619999885559082,8.619999885559082,8.569999694824219,8.619999885559082,8500,,,13.458499836921693,4.084431613075041,5.289636610771611,21.627363063071776,27.46543721487005
2009-04-21 18:00:00,8.619999885559082,9.399999618530273,9.300000190734863,9.350000381469727,1000,,,13.175999855995178,4.166763673303411,4.842472509388356,21.509527202602,32.745963140369795
2009-05-18 18:00:00,10.100000381469727,10.399999618530273,10.100000381469727,10.100000381469727,105,,,12.855999875068665,4.143741423603954,4.568517027860757,21.143482722276573,36.86818779142774
2009-05-24 18:00:00,9.699999809265137,9.979999542236328,8.75,9.5600004196167,1500,,,12.4589998960495,4.05479548651177,4.34940892302596,20.56859086907304,36.614174059832926
2009-05-25 18:00:00,9.5600004196167,8.670000076293945,8.5600004196167,8.579999923706055,4500,,,11.967999911308288,3.8886847031780927,4.190630504952103,19.745369317664473,36.6502462429343
2009-05-26 18:00:00,8.579999923706055,8.010000228881836,7.949999809265137,7.980000019073486,2000,,,11.441999912261963,3.6636127100514213,4.11477449215912,18.769225332364805,37.38693478173618
2010-05-10 19:00:00,10.0,10.399999618530273,10.399999618530273,10.399999618530273,202,,,11.041999912261963,3.2806538853635088,4.480692141534945,17.60330768298898,46.247653835900024
2010-05-11 19:00:00,10.199999809265137,10.09000015258789,10.09000015258789,10.09000015258789,202,,,10.726499938964844,3.0322689647965766,4.661962009371691,16.791037868557996,42.38864474939721
2010-05-12 19:00:00,10.09000015258789,10.399999618530273,10.100000381469727,10.100000381469727,25,,,10.461499977111817,2.8269832281026765,4.807533520906464,16.11546643331717,36.205964087984704
2010-05-16 19:00:00,10.100000381469727,10.399999618530273,10.100000381469727,10.130000114440918,353,,,10.217999982833863,2.6174607424234484,4.983078497986966,15.45292146768076,38.386728912285314
2010-05-17 19:00:00,10.130000114440918,10.399999618530273,10.100000381469727,10.100000381469727,5,,,10.023000001907349,2.461501616464407,5.099996768978535,14.946003234836162,63.783273331321425
2010-05-18 19:00:00,10.100000381469727,10.399999618530273,10.100000381469727,10.100000381469727,105,,,9.878000020980835,2.3602376567415515,5.157524707497732,14.598475334463938,63.783273331321425
2010-05-19 19:00:00,10.100000381469727,10.390000343322754,10.0,10.0,5,,,9.778000020980835,2.307376206562901,5.163247607855033,14.392752434106637,72.38403508040057
2010-05-20 19:00:00,10.0,10.09000015258789,10.09000015258789,10.09000015258789,5,,,9.622500038146972,2.1650254751329423,5.292449087881088,13.952550988412856,66.27141118163638
2010-05-24 19:00:00,10.09000015258789,10.350000381469727,9.25,9.789999961853027,630,,,9.352500057220459,1.7264563056209925,5.899587445978474,12.805412668462443,58.49056616831534
2010-05-25 19:00:00,9.789999961853027,10.25,9.699999809265137,9.699999809265137,1000,,,9.128000068664551,1.3047227104676207,6.51855464772931,11.737445489599793,52.79999542236328
2010-05-26 19:00:00,9.699999809265137,10.300000190734863,10.0,10.0,505,,,9.268000078201293,1.2353334197183707,6.797333238764551,11.738666917638035,49.13792777430015
2010-05-27 19:00:00,10.0,10.25,9.0,10.25,20,,,9.420500087738038,1.1520576140451149,7.116384859647808,11.724615315828267,56.26133894483816
2010-05-30 19:00:00,10.25,10.399999618530273,9.970000267028809,9.970000267028809,10,,,9.626500105857849,0.7921409004013418,8.042218305055165,11.210781906660532,64.44906962219821
2010-05-31 19:00:00,10.25,10.399999618530273,9.970000267028809,9.970000267028809,10,,,9.744000124931336,0.6381750730219322,8.467649978887472,11.0203502709752,73.6342096831026
2010-06-01 19:00:00,10.0,10.34000015258789,9.739999771118164,9.739999771118164,5,,,9.80000011920929,0.5809248764841133,8.638150366241064,10.961849872177517,33.663373815697284
2010-06-02 19:00:00,9.739999771118164,9.789999961853027,9.789999961853027,9.789999961853027,1,,,9.822000098228454,0.5712369214390529,8.679526255350348,10.96447394110656,41.47727303514775
2010-06-06 19:00:00,9.789999961853027,9.989999771118164,9.989999771118164,9.989999771118164,2,,,9.816500067710876,0.5689443370138798,8.678611393683116,10.954388741738637,47.17947263298127
2010-06-08 19:00:00,10.0,10.25,9.0,10.25,20,,,9.851000046730041,0.5734742074023302,8.704051631925381,10.997948461534701,52.752289363868975
2010-06-09 19:00:00,9.800000190734863,9.979999542236328,9.979999542236328,9.979999542236328,2,,,9.921000027656556,0.48945621142127776,8.942087604814,10.89991245049911,47.52064584978618
2010-06-10 19:00:00,9.979999542236328,10.25,9.899999618530273,9.899999618530273,3,,,10.017000007629395,0.17776689879650923,9.661466210036377,10.372533805222414,45.99998779297807
2010-06-13 19:00:00,9.899999618530273,10.350000381469727,9.989999771118164,9.989999771118164,1,,,9.996500015258789,0.1532207992141056,9.690058416830578,10.302941613687,49.79919232648884
2010-06-14 19:00:00,9.989999771118164,10.350000381469727,9.970000267028809,9.970000267028809,2,,,9.990500020980836,0.15170879571929158,9.687082429542253,10.293917612419419,47.520664576728386
2010-06-15 19:00:00,9.970000267028809,9.5,9.5,9.5,2,,,9.960500001907349,0.1846612166872884,9.591177568532771,10.329822435281926,44.40154752922973
2010-06-16 19:00:00,9.5,10.350000381469727,9.449999809265137,9.449999809265137,1,11.389799957275391,,9.92649998664856,0.2123373274330809,9.501825331782397,10.351174641514723,45.09804141562604
2010-06-17 19:00:00,9.449999809265137,10.300000190734863,9.449999809265137,9.449999809265137,1,11.268799953460693,,9.89399995803833,0.2331117494224445,9.427776459193442,10.360223456883219,37.77777871967793
2010-06-20 19:00:00,9.449999809265137,10.0,9.600000381469727,9.600000381469727,1,11.160799961090088,,9.86899995803833,0.23664099427143118,9.395717969495468,10.342281946581192,34.88374052979897
2010-06-21 19:00:00,9.600000381469727,10.390000343322754,8.600000381469727,8.720000267028809,437,11.005199966430665,,9.80499997138977,0.34679734385185634,9.111405283686057,10.498594659093484,27.272743035928187
2010-06-22 19:00:00,8.720000267028809,9.699999809265137,8.100000381469727,8.100000381469727,6502,10.817199974060058,,9.705499982833862,0.5085010531606016,8.68849787651266,10.722502089155064,22.255209337060876
2010-06-23 19:00:00,8.100000381469727,8.479999542236328,7.099999904632568,7.099999904632568,1505,10.591199979782104,,9.57099997997284,0.7723027254803706,8.026394529012098,11.11560543093358,18.115957302590942
2010-06-24 19:00:00,7.099999904632568,6.800000190734863,6.110000133514404,6.230000019073486,16578,10.345799980163575,,9.397499990463256,1.0730226208308464,7.251454748801564,11.543545232124949,14.112914428809347
2010-06-27 19:00:00,6.230000019073486,7.199999809265137,5.650000095367432,5.840000152587891,7584,10.094599990844726,,9.189499998092652,1.3239433174769837,6.541613363138684,11.83738663304662,9.70875350544651
2010-06-28 19:00:00,5.840000152587891,6.840000152587891,6.840000152587891,6.840000152587891,3000,9.90340000152588,,9.019000005722045,1.3977006789717008,6.223598647778644,11.814401363665446,21.052639248563082
2010-06-29 19:00:00,6.840000152587891,7.840000152587891,7.099999904632568,7.340000152587891,1903,9.74220001220703,,8.8875,1.4269321259940138,6.033635748011972,11.741364251988028,28.43138049324901
2010-06-30 19:00:00,7.340000152587891,8.34000015258789,6.349999904632568,7.75,1512,9.597200012207031,,8.77649998664856,1.424637533112126,5.927224920424308,11.625775052872811,33.33333826188219
2010-07-01 19:00:00,7.75,8.75,7.5,7.5,2,9.467200012207032,,8.664499998092651,1.4329302026340178,5.798639592824616,11.530360403360687,31.164905134662845
2010-07-04 19:00:00,7.5,8.5,6.5,6.5,3800,9.337200012207031,,8.5,1.4848284577982558,5.530343084403489,11.469656915596511,27.14097653974089
2010-07-05 19:00:00,6.5,7.5,6.599999904632568,7.130000114440918,166,9.239800014495849,,8.357000017166138,1.4714371045333696,5.414125808099399,11.299874226232877,34.70968003922985
2010-07-06 19:00:00,7.130000114440918,8.130000114440918,8.130000114440918,8.130000114440918,1,9.138400020599365,,8.251000022888183,1.4026436683041945,5.445712686279794,11.056287359496572,42.41379552259813
2010-07-07 19:00:00,8.130000114440918,9.130000114440918,7.150000095367432,8.239999771118164,517,8.999400024414063,,8.164000034332275,1.3424266647009344,5.479146704930407,10.848853363734143,43.132803742819696
2010-07-08 19:00:00,8.239999771118164,9.0,9.0,9.0,1,8.895600032806396,,8.119000053405761,1.2954328492721632,5.528134354861435,10.709865751950087,46.815284625211056
2010-07-11 19:00:00,9.0,9.399999618530273,9.0,9.079999923706055,62,8.933200035095215,,8.073500061035157,1.2410999979520987,5.591300065130959,10.555700056939354,52.088165089655895
2010-07-12 19:00:00,9.079999923706055,9.100000381469727,9.100000381469727,9.100000381469727,1,8.971200046539307,,8.030000066757202,1.185113802660939,5.659772461435324,10.40022767207908,56.23441360924089
2010-07-13 19:00:00,9.100000381469727,9.399999618530273,9.100000381469727,9.100000381469727,1,9.03620005607605,,8.010000085830688,1.1621531891256127,5.685693707579462,10.334306464081914,64.2450176799943
2010-07-14 19:00:00,9.100000381469727,9.399999618530273,9.100000381469727,9.100000381469727,409,9.065800065994262,,7.992500114440918,1.1417847784552702,5.708930557530378,10.276069671351458,73.33333591781654
2010-07-20 19:00:00,8.989999771118164,8.699999809265137,8.699999809265137,8.699999809265137,409,9.067400064468384,,7.955000114440918,1.103055626399363,5.748888861642192,10.161111367239645,73.21427990863926
2010-07-21 19:00:00,8.699999809265137,9.390000343322754,9.0,9.0,2,9.06040005683899,,7.925000095367432,1.0634081615531703,5.798183772261091,10.051816418473773,69.78021478977423
2010-07-25 19:00:00,9.0,8.5,8.5,8.5,2,9.028400049209594,,7.914000082015991,1.0558628562911594,5.802274369433672,10.02572579459831,60.62270729574693
2010-07-28 19:00:00,8.5,8.9399995803833,8.9399995803833,8.9399995803833,2,9.016000032424927,,7.95600004196167,1.0800799186111791,5.795840204739312,10.116159879184028,60.8378818149271
2010-07-29 19:00:00,8.9399995803833,9.0,9.0,9.0,1,9.024400033950805,,8.051000046730042,1.0843766009316205,5.882246844866801,10.219753248593284,64.15094034066678
2010-08-01 19:00:00,9.0,9.100000381469727,9.0,9.0,1,9.044800033569336,,8.189500045776366,1.014175694738728,6.161148656298911,10.217851435253822,79.06975970518607
2010-08-03 19:00:00,9.0,9.399999618530273,8.800000190734863,9.399999618530273,1361,9.024800033569337,,8.367500019073486,0.8841878257785819,6.599124367516322,10.13587567063065,77.88696735130475
2010-08-04 19:00:00,9.399999618530273,9.100000381469727,9.100000381469727,9.100000381469727,1361,9.005000038146973,,8.480500030517579,0.8208434366044628,6.838813157308653,10.122186903726504,64.39169584523421
2010-08-05 19:00:00,9.100000381469727,9.100000381469727,8.100000381469727,8.100000381469727,1002,8.965000038146973,,8.51850004196167,0.7819360249402812,6.9546279920811065,10.082372091842231,48.35681476377309
2010-08-08 19:00:00,7.110000133514404,8.0,8.0,8.0,5,8.922400035858153,,8.53100004196167,0.7709249391378041,6.9891501636860625,10.072849920237278,36.111112582830586
2010-08-09 19:00:00,7.110000133514404,8.0,8.0,8.0,5,8.88040002822876,,8.55600004196167,0.7433452103036524,7.069309621354366,10.042690462568975,34.65909398784282
2010-08-12 19:00:00,8.0,8.989999771118164,8.890000343322754,8.970000267028809,9484,8.857800025939941,,8.67950005531311,0.5683723242178578,7.542755406877394,9.816244703748826,48.54586010430679
2010-08-15 19:00:00,8.970000267028809,9.100000381469727,9.100000381469727,9.100000381469727,1,8.839800033569336,,8.77800006866455,0.44246440741360626,7.893071253837338,9.662928883491762,50.0
2010-08-17 19:00:00,9.100000381469727,9.890000343322754,9.100000381469727,9.130000114440918,53,8.820600032806396,,8.82800006866455,0.4213837091424505,7.98523265037965,9.670767486949451,50.32397119038531
2010-08-18 19:00:00,9.130000114440918,9.989999771118164,9.100000381469727,9.140000343322754,47,8.80760004043579,,8.87300009727478,0.40293790472740165,8.067124287819976,9.678875906729584,55.18868582322566
2010-08-19 19:00:00,9.140000343322754,10.140000343322754,8.149999618530273,9.529999732971191,1714,8.804200038909912,,8.89950008392334,0.42835638792344455,8.04278730807645,9.756212859770228,56.12009075105284
2010-08-22 19:00:00,9.529999732971191,9.899999618530273,9.100000381469727,9.100000381469727,5,8.786200046539307,,8.900500106811524,0.42882304549844424,8.042854015814635,9.758146197808413,57.042260773166014
2010-08-23 19:00:00,9.100000381469727,10.100000381469727,9.100000381469727,9.5,1016,8.771200046539306,,8.920500087738038,0.4475368059114911,8.025426475915056,9.81557369956102,56.63507864087345
2010-08-24 19:00:00,9.5,10.5,9.449999809265137,9.529999732971191,1015,8.762400035858155,,8.94200005531311,0.4665392830664354,8.00892148918024,9.875078621445981,56.324582664831546
2010-08-25 19:00:00,9.529999732971191,9.199999809265137,9.199999809265137,9.199999809265137,1015,8.747000026702882,,8.94700002670288,0.4688518409192747,8.009296344864332,9.88470370854143,52.21238844694688
2010-08-26 19:00:00,9.199999809265137,9.1899995803833,9.1899995803833,9.1899995803833,1015,8.736000022888184,,8.971500015258789,0.46806733730726013,8.035365340644269,9.907634689873309,47.45762555312557
2010-08-31 19:00:00,9.1899995803833,10.0,9.199999809265137,9.199999809265137,625,8.724200019836426,,8.981500005722046,0.4708365189168859,8.039826967888274,9.923173043555817,51.302076154386995
2010-09-01 19:00:00,9.199999809265137,9.890000343322754,9.199999809265137,9.199999809265137,2,8.708400020599365,,9.016499996185303,0.4590294936837206,8.098441008817861,9.934558983552744,69.36619257174806
2010-09-02 19:00:00,9.199999809265137,9.890000343322754,9.850000381469727,9.850000381469727,1,8.70040002822876,,9.062000036239624,0.49475772652202576,8.072484583195573,10.051515489283675,77.28614623233874
2010-09-05 19:00:00,9.850000381469727,9.800000190734863,9.800000190734863,9.800000190734863,1,8.696800041198731,,9.102000045776368,0.5211181884024977,8.059763668971373,10.144236422581363,76.16279666136323
2010-09-08 19:00:00,9.800000190734863,9.100000381469727,9.100000381469727,9.100000381469727,1,8.68080005645752,,9.107000064849853,0.5205674608640466,8.06586514312176,10.148134986577945,52.050475558704385
2010-09-13 19:00:00,9.100000381469727,9.899999618530273,9.100000381469727,9.75,558,8.676000061035156,,9.12450008392334,0.5365726668643794,8.051354750194582,10.1976454176521,58.80758618479476
2010-09-14 19:00:00,9.75,9.899999618530273,9.5,9.5,1,8.66660005569458,,9.144500064849854,0.5430272977777908,8.058445469294274,10.230554660405435,54.73145767575112
2010-09-15 19:00:00,9.5,9.899999618530273,9.5,9.5,1,8.66660005569458,,9.214500045776367,0.48882754171381554,8.236844962348735,10.192155129203998,54.61538179386199
2010-09-16 19:00:00,9.5,9.899999618530273,9.899999618530273,9.899999618530273,11,8.675600051879883,,9.309500026702882,0.42018130928368624,8.46913740813551,10.149862645270254,54.73145767575112
2010-09-19 19:00:00,9.899999618530273,9.84000015258789,9.84000015258789,9.84000015258789,2,8.683400058746338,,9.401500034332276,0.3036492398448457,8.794201554642585,10.008798514021967,60.45197709672361
2010-09-20 19:00:00,9.84000015258789,9.300000190734863,9.300000190734863,9.300000190734863,2,8.67740005493164,,9.418000030517579,0.2875046478245593,8.84299073486846,9.993009326166698,47.28261080829355
2010-09-21 19:00:00,9.300000190734863,9.800000190734863,9.800000190734863,9.800000190734863,1,8.699000053405761,,9.453000020980834,0.2893568082249672,8.8742864045309,10.03171363743077,53.25301786243649
2010-09-23 19:00:00,9.800000190734863,9.789999961853027,9.789999961853027,9.789999961853027,1,8.732800045013427,,9.48600001335144,0.2882140941667217,8.909571825017997,10.062428201684883,57.702352014892256
2010-09-26 19:00:00,9.789999961853027,9.899999618530273,9.5,9.5,1,8.780800046920776,,9.503999996185303,0.2764702475451971,8.951059501094909,10.056940491275698,53.77129495756845
2010-09-27 19:00:00,9.5,9.899999618530273,9.890000343322754,9.890000343322754,1,8.854000053405763,,9.52200002670288,0.2896568221262218,8.942686382450436,10.101313670955324,57.683747986982446
2010-09-28 19:00:00,9.890000343322754,9.5,9.5,9.5,1,8.927200050354005,,9.542000007629394,0.2722731536080491,8.997453700413296,10.086546314845492,53.07377237397087
2010-09-29 19:00:00,9.5,9.890000343322754,9.399999618530273,9.399999618530273,2,8.978400039672852,,9.536999988555909,0.27399777557553673,8.989004437404835,10.084995539706982,44.80368624863281
2010-09-30 19:00:00,9.399999618530273,10.399999618530273,9.59000015258789,9.59000015258789,501,9.023400039672852,,9.540000009536744,0.2742454577350618,8.99150909406662,10.088490925006868,47.65100642503363
2010-10-03 19:00:00,9.59000015258789,10.59000015258789,9.890000343322754,10.260000228881836,10023,9.073600044250488,,9.593000030517578,0.3057020380999525,8.981595954317672,10.204404106717483,63.06305977346371
2010-10-04 19:00:00,10.260000228881836,11.25,9.260000228881836,10.5,3135,9.133600044250489,,9.658500051498413,0.3516918143050011,8.95511642288841,10.361883680108415,59.305209332660006
2010-10-05 19:00:00,10.5,10.279999732971191,9.989999771118164,10.270000457763672,8,9.209000053405761,,9.71200008392334,0.35956997108966066,8.992860141744018,10.43114002610266,59.6010026660071
2010-10-06 19:00:00,10.270000457763672,10.850000381469727,10.0,10.0,1,9.266400051116943,,9.752000093460083,0.34376555453652374,9.064468984387036,10.43953120253313,55.841120558229164
2010-10-07 19:00:00,10.0,10.220000267028809,10.220000267028809,10.220000267028809,2,9.3082000541687,,9.770500087738037,0.3589381623530987,9.05262376303184,10.488376412444236,53.90244566209749
2010-10-10 19:00:00,10.220000267028809,10.899999618530273,10.1899995803833,10.1899995803833,1,9.347200050354004,,9.790000057220459,0.37101568100861737,9.047968695203224,10.532031419237693,54.299744570093495
2010-10-11 19:00:00,10.1899995803833,10.850000381469727,10.300000190734863,10.300000190734863,1,9.3732000541687,,9.850000047683716,0.3499925324066708,9.150014982870374,10.549985112497058,63.73625164403876
2010-10-12 19:00:00,10.300000190734863,10.199999809265137,9.989999771118164,9.989999771118164,2,9.391400051116943,,9.862000036239625,0.3504974360283421,9.16100516418294,10.562994908296309,52.753614214542225
2010-10-14 19:00:00,9.989999771118164,10.890000343322754,10.789999961853027,10.789999961853027,502,9.42520004272461,,9.926500034332275,0.3961030860779039,9.134293862176467,10.718706206488083,61.792442857187844
2010-10-17 19:00:00,10.789999961853027,10.899999618530273,9.9399995803833,9.9399995803833,2,9.44200002670288,,9.94850001335144,0.3831761597167071,9.182147693918026,10.714852332784854,54.58332513770151
2010-10-18 19:00:00,9.9399995803833,9.899999618530273,9.899999618530273,9.899999618530273,2,9.458000011444092,,9.94850001335144,0.3831761597167071,9.182147693918026,10.714852332784854,50.11235131533012
2010-10-19 19:00:00,9.899999618530273,10.899999618530273,9.989999771118164,9.989999771118164,4,9.483800010681152,,9.955999994277954,0.3824079135082307,9.191184167261493,10.720815821294416,55.9036068162609
2010-10-20 19:00:00,9.989999771118164,9.899999618530273,9.899999618530273,9.899999618530273,4,9.501800003051757,,9.985999965667725,0.3504343746753687,9.285131216316987,10.686868715018463,56.03864266910659
2010-10-21 19:00:00,9.899999618530273,9.989999771118164,9.989999771118164,9.989999771118164,1,9.531599998474121,,9.99549994468689,0.34769132243758155,9.300117299811726,10.690882589562053,54.950486869282976
2010-10-25 19:00:00,9.989999771118164,9.75,9.75,9.75,1,9.547800006866455,,9.993499946594238,0.3490480164765925,9.295403913641053,10.691595979547422,42.93628984493425
2010-10-26 19:00:00,9.75,10.390000343322754,9.890000343322754,9.890000343322754,2,9.56560001373291,,10.012999963760375,0.33042403343183396,9.352151896896707,10.673848030624043,41.310553850626476
2010-10-27 19:00:00,9.890000343322754,9.399999618530273,9.399999618530273,9.399999618530273,2,9.573600006103515,,9.988499927520753,0.357112416078234,9.274275095364285,10.70272475967722,38.46154040741325
2010-10-28 19:00:00,9.399999618530273,9.899999618530273,9.899999618530273,9.899999618530273,1,9.583600006103516,,10.008499908447266,0.33905879147007845,9.33038232550711,10.686617491387423,48.749996423724724
2010-10-31 19:00:00,9.899999618530273,10.899999618530273,9.84000015258789,9.84000015258789,2,9.59840000152588,,10.030499935150146,0.31057637070681376,9.409347193736519,10.651652676563774,45.052085726313074
2010-11-01 19:00:00,9.84000015258789,10.84000015258789,9.5,9.5,1,9.626399993896484,,10.025999927520752,0.3178613633720914,9.39027720077657,10.661722654264935,41.686757010593595
2010-11-02 19:00:00,9.5,9.899999618530273,9.699999809265137,9.699999809265137,1,9.660399990081787,,9.997999906539917,0.3208148336852651,9.356370239169387,10.639629573910447,42.92452660435397
2010-11-03 19:00:00,9.699999809265137,9.899999618530273,9.899999618530273,9.899999618530273,1,9.698399982452393,,9.96799988746643,0.2986919670536706,9.370615953359088,10.565383821573771,48.910410056758614
2010-11-04 19:00:00,9.899999618530273,10.050000190734863,10.050000190734863,10.050000190734863,1,9.719999980926513,,9.95699987411499,0.29093502908879376,9.375129815937402,10.538869932292577,39.367823809291515
2010-11-10 19:00:00,9.84000015258789,9.75,9.75,9.75,1,9.732999973297119,,9.94449987411499,0.29434097385645347,9.355817926402084,10.533181821827897,46.75768773461436
2010-11-15 19:00:00,9.75,9.699999809265137,9.699999809265137,9.699999809265137,1,9.744399967193603,,9.918499851226807,0.2916789294969038,9.335141992233,10.501857710220614,46.598644420764785
2010-11-22 19:00:00,9.699999809265137,9.5,9.5,9.5,1,9.751599960327148,,9.883999872207642,0.2986002795355171,9.286799313136608,10.481200431278676,41.96721988094397
2010-11-23 19:00:00,9.5,9.899999618530273,9.699999809265137,9.699999809265137,1723,9.754999961853027,,9.853999853134155,0.2844089112430787,9.285182030647999,10.422817675620312,46.83544685817206
2010-11-25 19:00:00,9.699999809265137,9.899999618530273,9.899999618530273,9.899999618530273,1,9.770999946594237,,9.849499845504761,0.2828515647962953,9.283796715912171,10.415202975097351,48.62385107050656
2010-11-28 19:00:00,9.899999618530273,10.899999618530273,10.59000015258789,10.59000015258789,4,9.792799949645996,,9.839499855041504,0.24940934290105085,9.340681169239403,10.338318540843606,61.290320926684004
2010-11-29 19:00:00,10.59000015258789,11.489999771118164,9.699999809265137,10.479999542236328,102,9.811799945831298,,9.866499853134155,0.28722401332346986,9.292051826487215,10.440947879781094,57.99456586772568
2010-11-30 19:00:00,10.479999542236328,9.699999809265137,9.699999809265137,9.699999809265137,102,9.821799945831298,,9.856499862670898,0.28946912178791423,9.277561619095069,10.435438106246727,53.76884614767142
2010-12-02 19:00:00,9.699999809265137,10.6899995803833,10.640000343322754,10.640000343322754,1,9.850799961090088,,9.888999891281127,0.3377152972033356,9.213569296874455,10.564430485687799,58.371046972332884
2010-12-05 19:00:00,10.640000343322754,9.699999809265137,9.699999809265137,9.699999809265137,1,9.860799961090088,,9.87899990081787,0.3403234419872396,9.198353016843392,10.55964678479235,48.67924256696636
2010-12-08 19:00:00,9.699999809265137,10.300000190734863,9.6899995803833,9.6899995803833,1,9.870599956512452,,9.863999891281129,0.34178178652086116,9.180436318239407,10.54756346432285,51.911463755114966
2010-12-12 19:00:00,9.6899995803833,9.449999809265137,9.449999809265137,9.449999809265137,2,9.862599945068359,,9.848999881744385,0.35343287081853003,9.142134140107325,10.555865623381445,47.504991083815185
2010-12-13 19:00:00,9.449999809265137,9.5,8.449999809265137,9.4399995803833,505,9.855399932861328,,9.826499843597412,0.36482557213990974,9.096848699317594,10.556150987877231,45.22821790219857
2010-12-14 19:00:00,9.4399995803833,10.390000343322754,9.489999771118164,9.489999771118164,2,9.863199920654298,,9.830999851226807,0.35980851040811057,9.111382830410585,10.550616872043028,44.06779489788517
2010-12-19 19:00:00,9.489999771118164,9.989999771118164,8.489999771118164,8.800000190734863,2016,9.844199924468994,,9.775999879837036,0.42658253437665655,8.922834811083723,10.629164948590349,40.70450568985065
2010-12-20 19:00:00,8.800000190734863,9.0,7.800000190734863,7.820000171661377,4766,9.810599927902222,,9.674999880790711,0.6102328865792024,8.454534107632306,10.895465653949117,34.43709268030658
2010-12-22 19:00:00,7.019999980926514,7.889999866485596,7.0,7.170000076293945,822,9.7639999294281,,9.558499884605407,0.8287039158075787,7.90109205299025,11.215907716220565,32.049311855829174
2010-12-28 19:00:00,7.460000038146973,8.399999618530273,7.050000190734863,7.059999942779541,1010,9.707199935913087,,9.426499891281129,0.9979519339573323,7.430596023366464,11.422403759195793,29.37500749714438
2010-12-30 19:00:00,7.059999942779541,7.889999866485596,6.099999904632568,6.519999980926514,8497,9.640799932479858,,9.25749990940094,1.1826503030542235,6.892199303292493,11.622800515509386,24.92582673030813
2011-01-02 19:00:00,7.400000095367432,7.900000095367432,7.239999771118164,7.239999771118164,1,9.599599924087524,,9.116999888420105,1.248620671425601,6.619758545568903,11.614241231271308,25.258495693886672
2011-01-03 19:00:00,7.239999771118164,7.900000095367432,6.320000171661377,7.349999904632568,20002,9.550599918365478,,8.996999883651734,1.298898679644694,6.399202524362346,11.594797242941121,26.883314582671403
2011-01-04 19:00:00,7.349999904632568,7.900000095367432,6.369999885559082,6.5,14505,9.484799919128418,,8.836999893188477,1.400834664804698,6.03533056357908,11.638669222797873,26.608192312019867
2011-01-05 19:00:00,6.5,7.389999866485596,7.0,7.0,2,9.434799919128418,,8.711999893188477,1.449263276909916,5.813473339368644,11.610526447008308,21.562499860301628
2011-01-09 19:00:00,7.0,7.389999866485596,7.389999866485596,7.389999866485596,1,9.384799909591674,,8.5964998960495,1.4583994853740494,5.6797009253014,11.513298866797598,30.25641042361154
2011-01-10 19:00:00,7.389999866485596,7.25,7.25,7.25,1,9.339799909591674,,8.463999915122987,1.4541135419450186,5.555772831232949,11.372226999013023,29.598664154154605
2011-01-11 19:00:00,7.25,7.239999771118164,7.239999771118164,7.239999771118164,1,9.296599912643433,,8.2964998960495,1.387759494549255,5.5209809069509905,11.07201888514801,30.782608363939374
2011-01-12 19:00:00,7.239999771118164,7.389999866485596,6.409999847412109,6.420000076293945,1502,9.233199911117554,,8.09349992275238,1.347923411946423,5.397653098859535,10.789346746645226,26.98170922293272
2011-01-13 19:00:00,6.420000076293945,7.349999904632568,6.400000095367432,6.400000095367432,2005,9.155999908447265,,7.928499937057495,1.342888733083186,5.242722470891123,10.614277403223866,26.33996915965875
2011-01-16 19:00:00,6.400000095367432,7.289999961853027,7.079999923706055,7.079999923706055,1008,9.087599906921387,,7.75049991607666,1.1920281370197927,5.3664436420370745,10.134556190116246,36.8098128999088
2011-01-17 19:00:00,7.079999923706055,8.0,6.079999923706055,6.090000152587891,3509,9.00399990081787,,7.569999933242798,1.1540043615815263,5.261991210079746,9.87800865640585,36.75344398049977
2011-01-18 19:00:00,6.090000152587891,5.599999904632568,5.199999809265137,5.599999904632568,9,8.915999898910522,,7.365499949455261,1.120453197921103,5.124593553613055,9.606406345297467,37.67660661387422
2011-01-19 19:00:00,5.599999904632568,6.5,5.400000095367432,5.900000095367432,29435,8.829599895477294,,7.187999963760376,1.0519484994461032,5.084102964868169,9.291896962652583,41.158537028589
2011-01-20 19:00:00,5.900000095367432,5.510000228881836,5.5,5.5,13,8.735799903869628,,6.990999984741211,0.9740576832039808,5.042884618333249,8.939115351149173,42.05607441928175
2011-01-23 19:00:00,5.5,6.449999809265137,5.199999809265137,6.199999809265137,9938,8.653799896240235,,6.826499986648559,0.7902849383477515,5.245930109953056,8.407069863344063,41.87499981373547
2011-01-24 19:00:00,6.199999809265137,6.699999809265137,5.5,6.21999979019165,5150,8.578399896621704,,6.697499966621399,0.6491603776069147,5.399179211407569,7.995820721835228,41.04595713090005
2011-01-25 19:00:00,6.21999979019165,6.599999904632568,5.320000171661377,6.050000190734863,6521,8.48359990119934,,6.608999967575073,0.6073834726480725,5.394233022278929,7.823766912871218,46.00355349605538
2011-01-26 19:00:00,6.050000190734863,6.5,6.0,6.130000114440918,1019,8.407399911880493,,6.556999969482422,0.6013151689317884,5.3543696316188445,7.759630307345999,41.65067141612424
2011-01-27 19:00:00,6.130000114440918,6.75,5.579999923706055,6.320000171661377,1908,8.335799922943115,,6.519999980926514,0.59142106575378,5.337157849418954,7.702842112434073,39.32135878622559
2011-01-30 19:00:00,6.320000171661377,6.25,6.0,6.25,503,8.260999927520752,,6.506499981880188,0.5944946395909325,5.317510702698323,7.695489261062052,39.87854165037794
2011-01-31 19:00:00,6.25,5.599999904632568,5.25,5.599999904632568,1,8.174999933242798,,6.424499988555908,0.6010645873290088,5.222370813897891,7.626629163213925,35.304659237862026
2011-02-01 19:00:00,5.599999904632568,6.599999904632568,4.599999904632568,5.670000076293945,8,8.088599939346313,,6.340499997138977,0.5820062477718254,5.176487501595326,7.504512492682628,42.23602472208193
2011-02-02 19:00:00,5.670000076293945,6.090000152587891,5.0,6.090000152587891,4,8.015399942398071,,6.320000004768372,0.5833117386245585,5.153376527519255,7.486623482017489,47.03632942974196
2011-02-03 19:00:00,6.090000152587891,7.090000152587891,6.389999866485596,6.880000114440918,19318,7.955199937820435,,6.3140000104904175,0.5765267709408617,5.160946468608694,7.467053552372141,48.12734266338726
2011-02-06 19:00:00,6.880000114440918,6.5,6.010000228881836,6.119999885559082,182,7.889599943161011,,6.250500011444092,0.5188293805041712,5.2128412504357495,7.288158772452434,50.29353942649654
2011-02-07 19:00:00,6.119999885559082,7.119999885559082,6.050000190734863,6.380000114440918,27848,7.819199953079224,,6.207000017166138,0.4642152208961623,5.2785695753738135,7.135430458958462,57.99180446004892
2011-02-08 19:00:00,6.380000114440918,6.699999809265137,5.75,6.170000076293945,52,7.745799951553344,,6.153500032424927,0.3954647626550963,5.362570507114734,6.94442955773512,52.81837115029936
2011-02-09 19:00:00,6.170000076293945,6.5,6.050000190734863,6.230000019073486,5,7.680399951934814,,6.1440000295639035,0.39098257903195044,5.362034871500002,6.9259651876278046,58.20224687797588
2011-02-10 19:00:00,6.230000019073486,7.0,5.949999809265137,6.389999866485596,17,7.614199953079224,,6.143500018119812,0.39064420821780743,5.362211601684197,6.924788434555427,52.429668049413
2011-02-13 19:00:00,6.389999866485596,7.0,5.610000133514404,5.619999885559082,514,7.5285999584198,,6.070500016212463,0.33949617166486074,5.391507672882742,6.7494923595421845,43.5622332308611
2011-02-14 19:00:00,5.619999885559082,6.5,6.5,5.619999885559082,2,7.439999952316284,,6.047000002861023,0.35403095766929527,5.338938087522433,6.755061918199614,45.211578666330226
2011-02-16 19:00:00,5.619999885559082,6.5,5.510000228881836,5.510000228881836,741,7.355199956893921,,6.042500019073486,0.36052411651081834,5.32145178605185,6.763548252095123,43.14159488087934
2011-02-17 19:00:00,5.510000228881836,6.5,5.150000095367432,5.510000228881836,4,7.271399965286255,,6.023000025749207,0.37872500345773696,5.265550018833733,6.780450032664681,40.64665279617615
2011-02-20 19:00:00,5.510000228881836,6.489999771118164,6.489999771118164,5.510000228881836,1,7.1915999698638915,,6.0235000371932985,0.378004086657149,5.267491863879,6.779508210507597,41.31455714366946
2011-02-21 19:00:00,5.510000228881836,5.400000095367432,5.400000095367432,5.510000228881836,2,7.107799978256225,,5.989000058174133,0.3922659955216104,5.204468067130912,6.773532049217354,48.75346714096772
2011-02-22 19:00:00,5.510000228881836,6.389999866485596,6.389999866485596,5.510000228881836,1,7.019999990463257,,5.953500080108642,0.4022603637751312,5.14897935255838,6.758020807658905,47.740115125194
2011-02-23 19:00:00,5.510000228881836,5.5,5.5,5.510000228881836,20,6.918399991989136,,5.926500082015991,0.41341036410077536,5.099679353814441,6.7533208102175415,40.70512908685375
2011-02-24 19:00:00,5.510000228881836,5.099999904632568,5.0,5.510000228881836,12,6.819000005722046,,5.8955000877380375,0.4205318891051099,5.0544363095278175,6.736563865948257,20.6008598622616
2011-02-27 19:00:00,5.510000228881836,6.289999961853027,6.289999961853027,5.510000228881836,73,6.73520001411438,,5.85500009059906,0.41648271271977416,5.022034665159512,6.6879655160386084,30.573255565328523
2011-02-28 19:00:00,5.510000228881836,6.389999866485596,6.389999866485596,5.510000228881836,2,6.632600011825562,,5.818000102043152,0.4123947484854656,4.993210605072221,6.642789599014083,16.79388396035624
2011-03-01 19:00:00,5.510000228881836,6.369999885559082,6.360000133514404,6.360000133514404,530,6.565800018310547,,5.8560001134872435,0.4260392293302643,5.003921654826715,6.708078572147772,54.87179800681999
2011-03-02 19:00:00,6.360000133514404,6.400000095367432,5.510000228881836,6.25,1054,6.497000026702881,,5.885000109672546,0.4324044752920576,5.020191159088431,6.749809060256662,50.49999964237205
2011-03-03 19:00:00,6.25,7.0,5.300000190734863,6.090000152587891,577,6.429800033569336,,5.885000109672546,0.4324044752920576,5.020191159088431,6.749809060256662,42.50000536441931
2011-03-06 19:00:00,6.090000152587891,5.5,5.099999904632568,6.090000152587891,21,6.362800045013428,,5.845500111579895,0.3680170180503838,5.109466075479127,6.581534147680663,69.1057090222276
2011-03-08 19:00:00,6.090000152587891,5.5,5.090000152587891,6.090000152587891,215,6.294800052642822,,5.844000124931336,0.36689874774632475,5.110202629438686,6.577797620423985,69.1057090222276
2011-03-09 19:00:00,6.090000152587891,6.590000152587891,5.909999847412109,6.090000152587891,3,6.240600051879883,,5.829500126838684,0.3499394050416832,5.129621316755317,6.5293789369220505,75.89285638259375
2011-03-10 19:00:00,6.090000152587891,6.789999961853027,5.090000152587891,6.090000152587891,3,6.206000051498413,,5.825500130653381,0.3462805529187258,5.13293902481593,6.518061236490833,75.89285638259375
2011-03-13 19:00:00,6.090000152587891,5.75,5.5,5.670000076293945,500,6.176000051498413,,5.797500133514404,0.33428433497961635,5.128931463555172,6.466068803473637,55.19480036933206
2011-03-15 19:00:00,5.670000076293945,5.0,4.900000095367432,5.0,501,6.134800052642822,8.976849999427795,5.728000140190124,0.3487964165365157,5.030407307117093,6.425592973263155,38.461533482382706
2011-03-20 19:00:00,5.0,4.510000228881836,4.510000228881836,5.0,90,6.104400053024292,8.924349999427795,5.69700014591217,0.38461327260381967,4.927773600704531,6.46622669111981,38.461533482382706
2011-03-23 19:00:00,5.0,5.75,5.75,5.0,400,6.059600057601929,8.874349999427796,5.666000151634217,0.4149369127824931,4.83612632606923,6.495873977199203,38.461533482382706
2011-04-21 19:00:00,5.0,5.880000114440918,4.25,5.869999885559082,506,6.030000057220459,8.82119999885559,5.684000134468079,0.41562129258193825,4.8527575493042026,6.515242719631955,55.84415041549857
2011-04-24 19:00:00,5.869999885559082,5.0,5.0,5.869999885559082,2,6.017400054931641,8.763049998283385,5.702000117301941,0.41548450289192496,4.871031111518091,6.53296912308579,55.84415041549857
2011-04-27 19:00:00,5.869999885559082,5.5,5.5,5.869999885559082,25,5.994800052642822,8.700399999618531,5.720000100135803,0.4145257307780458,4.890948638579712,6.549051561691895,55.84415041549857
2011-05-03 19:00:00,5.869999885559082,4.869999885559082,4.869999885559082,4.869999885559082,1000,5.944400053024292,8.632249999046326,5.6880000829696655,0.4543775641320836,4.779244954705498,6.596755211233833,26.934980818007503
2011-05-05 19:00:00,4.869999885559082,4.949999809265137,4.300000190734863,4.869999885559082,2,5.896800050735473,8.56460000038147,5.656000065803528,0.4888052457876681,4.678389574228191,6.633610557378864,27.884612739438737
2011-05-08 19:00:00,4.869999885559082,4.400000095367432,4.400000095367432,4.869999885559082,412,5.849400053024292,8.506950001716614,5.62400004863739,0.5188895586209877,4.586220931395414,6.6617791658793655,29.391887646856986
2011-05-09 19:00:00,4.869999885559082,4.5,4.5,4.5,2500,5.8110000514984135,8.452450003623962,5.573500037193298,0.5765165919092863,4.420466853374726,6.726533221011871,26.126123288040006
2011-05-12 19:00:00,4.5,4.019999980926514,4.0,4.010000228881836,2497,5.763200054168701,8.397500004768371,5.498500037193298,0.67446101908825,4.149577999016798,6.847422075369798,22.774867933572324
2011-05-15 19:00:00,4.010000228881836,4.699999809265137,4.400000095367432,4.699999809265137,1200,5.715600051879883,8.351000003814697,5.458000016212464,0.6976547549402907,4.062690506331882,6.853309526093045,34.58979416067871
2011-05-17 19:00:00,4.699999809265137,4.25,4.25,4.699999809265137,1,5.687800045013428,8.309500002861023,5.375,0.6832931494268355,4.0084137011463294,6.7415862988536706,34.58979416067871
2011-05-18 19:00:00,4.699999809265137,4.690000057220459,4.690000057220459,4.690000057220459,500,5.669600048065186,8.272950003147125,5.297000002861023,0.666997236779315,3.963005529302393,6.630994476419653,38.04877719731561
2011-06-05 19:00:00,4.556000232696533,4.400000095367432,4.400000095367432,4.559999942779541,110,5.642800045013428,8.229750003814697,5.2204999923706055,0.6589503528358038,3.902599286698998,6.538400698042214,43.82022216063818
2011-06-06 19:00:00,4.559999942779541,4.349999904632568,4.349999904632568,4.349999904632568,1141,5.619800043106079,8.175550005435944,5.133499979972839,0.652946987996325,3.8276060039801894,6.439393955965489,41.379306855667934
2011-06-09 19:00:00,4.349999904632568,3.569999933242798,3.559999942779541,3.569999933242798,502,5.567200045585633,8.122450007200241,5.007499969005584,0.700096811883269,3.6073063452390466,6.407693592772122,34.285710093738345
2011-06-13 19:00:00,3.6040000915527344,4.400000095367432,3.700000047683716,3.5999999046325684,5,5.51480004787445,8.104450007677078,4.882999956607819,0.7186178288978253,3.445764298812168,6.320235614403469,19.407000793786253
2011-06-15 19:00:00,3.809999942779541,4.389999866485596,4.389999866485596,3.809999942779541,4,5.470000042915344,8.08750000834465,4.768999946117401,0.6976041557747523,3.3737916345678967,6.164208257666906,23.72448464474529
2011-06-16 19:00:00,3.809999942779541,2.8399999141693115,2.8399999141693115,3.809999942779541,207,5.423600039482117,8.077300008535385,4.675999939441681,0.6951440347499392,3.285711869941802,6.06628800894156,23.72448464474529
2011-06-20 19:00:00,3.809999942779541,3.0,3.0,3.809999942779541,1,5.37340003490448,8.058250008821487,4.616499936580658,0.7165507401172083,3.183398456346241,6.049601416815074,31.84931059450834
2011-06-27 19:00:00,3.809999942779541,2.819999933242798,2.819999933242798,2.819999933242798,500,5.304800033569336,8.029250009059906,4.507499933242798,0.8142860692489456,2.8789277947449063,6.136072071740689,23.785161031663634
2011-06-28 19:00:00,2.819999933242798,1.8200000524520874,1.8200000524520874,2.819999933242798,102,5.24920003414154,7.996600006818771,4.398499929904938,0.8875054979392684,2.623488934026401,6.173510925783475,23.785161031663634
2011-07-04 19:00:00,2.819999933242798,3.700000047683716,3.700000047683716,2.819999933242798,100,5.192200031280517,7.960200004577636,4.2459999322891235,0.8833810438218515,2.4792378446454206,6.012762019932826,26.271180447678802
2011-07-05 19:00:00,2.819999933242798,3.200000047683716,3.200000047683716,2.819999933242798,50,5.126800026893616,7.926500002145767,4.093499934673309,0.8509392478374983,2.391621438998312,5.795378430348306,30.49179507724176
2011-07-06 19:00:00,2.819999933242798,3.5,3.5,2.819999933242798,2,5.045600023269653,7.897700002193451,3.9409999370574953,0.7866845706201564,2.3676307958171825,5.514369078297808,10.169492381566329
2011-07-10 19:00:00,2.819999933242798,3.819999933242798,3.819999933242798,2.819999933242798,86,4.979600024223328,7.871900001764297,3.838499939441681,0.7927983341303175,2.252903271181046,5.424096607702316,10.169492381566329
2011-07-14 19:00:00,2.819999933242798,3.25,2.75,3.049999952316284,1722,4.913000020980835,7.8351500034332275,3.747499942779541,0.7723571193500239,2.202785704079493,5.292214181479589,18.217054227747937
2011-07-21 19:00:00,3.049999952316284,3.259999990463257,3.259999990463257,3.259999990463257,500,4.854800019264221,7.8010000026226045,3.66699994802475,0.7320562235835422,2.2028875008576656,5.131112395191835,25.563911459230113
2011-07-25 19:00:00,3.259999990463257,3.25,3.25,3.259999990463257,10,4.795400018692017,7.766800000667572,3.6049999475479124,0.7099703423361862,2.18505926287554,5.024940632220285,27.75510422540968
2011-07-26 19:00:00,3.259999990463257,3.25,3.25,2.700000047683716,590,4.721600022315979,7.729650000333786,3.5394999384880066,0.7307636388009663,2.077972660886074,5.001027216089939,30.49327627538436
2011-07-28 19:00:00,2.700000047683716,3.6500000953674316,3.640000104904175,3.640000104904175,600,4.682000026702881,7.697349998950958,3.4864999532699583,0.6787548501248685,2.1289902530202216,4.844009653519695,50.63694584291784
2011-07-31 19:00:00,3.640000104904175,4.0,3.6500000953674316,2.7100000381469727,526,4.623800029754639,7.660399997234345,3.3869999647140503,0.6360163870789302,2.11496719055619,4.659032738871911,35.75129706496857
2011-08-01 19:00:00,2.7100000381469727,3.0,2.5,2.5,1000,4.563600025177002,7.622899997234344,3.277499961853027,0.5864691283581185,2.10456170513679,4.450438218569264,33.9066352883617
2011-08-02 19:00:00,2.5,3.490000009536743,3.490000009536743,3.490000009536743,500,4.5232000207901,7.5898999965190885,3.2239999651908873,0.5066962033947061,2.210607558401475,4.2373923719803,46.83794543692064
2011-08-03 19:00:00,3.490000009536743,2.6500000953674316,2.6500000953674316,2.6500000953674316,509,4.466000018119812,7.554199997186661,3.1389999747276307,0.4469298677772944,2.245140239173042,4.032859710282219,48.26884078509537
2011-08-09 19:00:00,2.6500000953674316,2.4000000953674316,2.4000000953674316,2.4000000953674316,500,4.403800015449524,7.517699998617172,3.0804999828338624,0.46379979255686626,2.15290039772013,4.008099567947595,45.93023419681056
2011-08-11 19:00:00,2.4000000953674316,3.4000000953674316,3.0999999046325684,2.4000000953674316,105,4.341600012779236,7.479699999094009,3.0204999923706053,0.4706263829878994,2.0792472263948065,3.961752758346404,45.93023419681056
2011-08-14 19:00:00,2.4000000953674316,3.4000000953674316,3.0999999046325684,3.309999942779541,700,4.29760000705719,7.444999998807907,2.9954999923706054,0.43867592069246447,2.1181481509856765,3.872851833755534,54.03624394502232
2011-08-16 19:00:00,3.309999942779541,4.300000190734863,4.300000190734863,4.300000190734863,500,4.27340000629425,7.416649998426437,3.0200000047683715,0.49643997308619753,2.0271200585959765,4.012879950940767,60.48158795684975
2011-08-17 19:00:00,4.300000190734863,4.599999904632568,4.0,4.300000190734863,2,4.249200005531311,7.3882999980449675,3.0445000171661376,0.5469963846962917,1.950507247773554,4.1384927865587215,60.48158795684975
2011-08-18 19:00:00,4.300000190734863,5.289999961853027,5.289999961853027,4.300000190734863,1,4.225000004768372,7.361100000143051,3.118500030040741,0.6113512304544897,1.8957975691317617,4.341202490949721,59.150806799027485
2011-08-21 19:00:00,4.300000190734863,3.9000000953674316,3.9000000953674316,3.9000000953674316,735,4.175800004005432,7.331650000810623,3.1725000381469726,0.6309798661978443,1.910540305751284,4.434459770542661,54.558405163154546
2011-08-22 19:00:00,3.9000000953674316,4.25,4.25,3.9000000953674316,100,4.1288000059127805,7.3012000024318695,3.2265000462532045,0.6452766127052476,1.9359468208427093,4.5170532716637,54.558405163154546
2011-08-23 19:00:00,3.9000000953674316,4.5,4.449999809265137,3.9000000953674316,101,4.085000004768371,7.269450002908707,3.280500054359436,0.6545909203847428,1.9713182135899505,4.589681895128922,59.28792566802872
2011-08-24 19:00:00,3.9000000953674316,4.889999866485596,3.4000000953674316,4.599999904632568,1602,4.055199999809265,7.242550004720687,3.3695000529289247,0.7075493542900015,1.9544013443489217,4.784598761508928,57.71704015524652
2011-08-28 19:00:00,4.599999904632568,4.900000095367432,4.900000095367432,4.599999904632568,1,4.025399994850159,7.2160500061512,3.458500051498413,0.7457124885132558,1.9670750744719014,4.949925028524925,67.86389300675486
2011-09-04 19:00:00,4.599999904632568,4.699999809265137,4.0,4.599999904632568,11,3.995599989891052,7.189100006818771,3.5360000491142274,0.7807445766713403,1.9745108957715467,5.097489202456908,70.66929071034845
2011-09-05 19:00:00,4.599999904632568,4.0,4.0,4.829999923706055,510,3.9703999853134153,7.163400005102158,3.614500045776367,0.8289719200241413,1.9565562057280845,5.27244388582465,65.50925850551396
2011-09-06 19:00:00,4.829999923706055,4.650000095367432,3.8299999237060547,4.650000095367432,200,3.9499999856948853,7.139150005578995,3.684000051021576,0.8555293679319299,1.9729413151577162,5.395058786885436,77.32240551067437
2011-09-07 19:00:00,4.650000095367432,3.75,3.75,4.650000095367432,50,3.9429999876022337,7.115150007009507,3.781500053405762,0.8485732471034797,2.0843535591988025,5.478646547612721,82.99120382230446
2011-09-08 19:00:00,4.650000095367432,4.0,3.700000047683716,4.650000095367432,51,3.9359999895095825,7.091150008440017,3.8320000529289246,0.8695043853501534,2.092991282228618,5.571008823629231,82.99120382230446
2011-09-11 19:00:00,4.650000095367432,4.099999904632568,3.700000047683716,4.650000095367432,111,3.9289999914169313,7.0664000070095065,3.9290000557899476,0.8456321108738329,2.2377358340422817,5.620264277537613,76.80000305175781
2011-09-12 19:00:00,4.650000095367432,4.400000095367432,3.6500000953674316,4.400000095367432,113,3.899599995613098,7.044800006151199,4.024000060558319,0.7808928604856676,2.4622143395869838,5.585785781529655,52.84090678184453
2011-09-13 19:00:00,4.400000095367432,4.099999904632568,3.4000000953674316,3.4200000762939453,2168,3.8505999994277955,7.02140000462532,4.020500063896179,0.7835645426866787,2.4533709785228215,5.587629149269537,33.941602409663716
2011-09-14 19:00:00,3.4200000762939453,3.700000047683716,3.299999952316284,3.4200000762939453,301,3.8016000032424926,7.003000005483627,4.059000062942505,0.7297504811992985,2.5994991005439076,5.518501025341102,33.941602409663716
2011-09-15 19:00:00,3.4200000762939453,4.389999866485596,3.009999990463257,3.009999990463257,1020,3.764400005340576,6.986900005340576,4.089500057697296,0.666794957730757,2.755910142235782,5.42308997315881,33.81817850790705
2011-09-19 19:00:00,3.009999990463257,3.9000000953674316,3.890000104904175,3.9000000953674316,599,3.745000009536743,6.977200005054474,4.164500057697296,0.5388435428845205,3.0868129719282553,5.242187143466337,50.0
2011-09-20 19:00:00,3.9000000953674316,3.5,2.9000000953674316,3.9000000953674316,56,3.72560001373291,6.962500004768372,4.194000065326691,0.5046666270724958,3.184666811181699,5.203333319471682,50.0
2011-09-21 19:00:00,3.9000000953674316,2.9100000858306885,2.9100000858306885,3.9000000953674316,12,3.713600015640259,6.945300004482269,4.174000060558319,0.5081586799969524,3.157682700564414,5.190317420552224,38.095241570727524
2011-09-22 19:00:00,3.9000000953674316,2.930000066757202,2.930000066757202,3.9000000953674316,200,3.7114000129699707,6.926050004959106,4.154000055789948,0.5108032673809513,3.132393521028045,5.17560659055185,38.095241570727524
2011-09-26 19:00:00,3.9000000953674316,3.25,2.9000000953674316,2.950000047683716,681,3.6764000177383425,6.903300005197525,4.08650004863739,0.5755845789135193,2.9353308908103513,5.237669206464429,28.791776189560053
2011-09-28 19:00:00,2.950000047683716,2.630000114440918,2.630000114440918,2.950000047683716,1,3.641400022506714,6.8855500054359435,4.0390000462532045,0.6285480158874963,2.781904014478212,5.296096078028198,24.316942186687868
2011-10-03 19:00:00,2.950000047683716,2.7100000381469727,2.7100000381469727,2.950000047683716,1,3.606600022315979,6.864650005102158,3.9915000438690185,0.6738676491658627,2.6437647455372932,5.339235342200744,25.574713765842418
2011-10-04 19:00:00,2.950000047683716,2.700000047683716,2.700000047683716,2.950000047683716,1,3.5744000244140626,6.838750004768372,3.944000041484833,0.7130025304525272,2.5179949805797786,5.370005102389888,25.574713765842418
2011-10-05 19:00:00,2.950000047683716,2.700000047683716,2.700000047683716,2.950000047683716,1,3.5464000272750855,6.812300006151199,3.86150004863739,0.7283960298972934,2.4047079888428033,5.318292108431977,25.574713765842418
2011-10-06 19:00:00,2.950000047683716,3.5999999046325684,3.5999999046325684,2.950000047683716,1,3.534000029563904,6.782050006389618,3.7790000557899477,0.7337710810768722,2.311457893636203,5.246542217943692,25.574713765842418
2011-10-09 19:00:00,2.950000047683716,3.0999999046325684,3.049999952316284,2.950000047683716,160,3.5210000324249267,6.751400007009506,3.696500062942505,0.7293492151195176,2.2378016327034698,5.15519849318154,27.55418061778161
2011-10-10 19:00:00,2.950000047683716,3.799999952316284,3.0999999046325684,2.950000047683716,349,3.5038000345230103,6.720650005340576,3.6025000691413878,0.6959573352036612,2.2105853987340653,4.99441473954871,39.55555602650579
2011-10-12 19:00:00,2.950000047683716,2.799999952316284,2.799999952316284,2.950000047683716,20,3.486600036621094,6.689900003671646,3.517500066757202,0.6643863651205685,2.188727336516065,4.846272796998339,39.55555602650579
2011-10-16 19:00:00,2.950000047683716,2.5999999046325684,2.5999999046325684,2.950000047683716,10,3.4694000387191775,6.659150002002716,3.4325000643730164,0.6190729720504556,2.194354120272105,4.670646008473928,48.36956690750396
2011-10-24 19:00:00,2.950000047683716,3.950000047683716,3.799999952316284,2.950000047683716,302,3.4720000410079956,6.630400003194809,3.3475000619888307,0.5566712855173779,2.234157490954075,4.460842633023587,0.0
2011-10-26 19:00:00,2.950000047683716,2.799999952316284,2.799999952316284,2.950000047683716,155,3.474600043296814,6.600150003433227,3.262500059604645,0.4704295572630177,2.3216409450786095,4.20335917413068,0.0
2011-10-31 19:00:00,2.950000047683716,2.799999952316284,2.799999952316284,2.950000047683716,1,3.4772000455856324,6.572400003671646,3.190000057220459,0.39090989120276476,2.4081802748149297,3.9718198396259883,0.0
2011-11-03 19:00:00,2.950000047683716,3.950000047683716,3.0999999046325684,2.950000047683716,2,3.4798000478744506,6.542450006008148,3.1665000557899474,0.39048251610041723,2.385535023589113,3.947465087990782,0.0
2011-11-13 19:00:00,2.950000047683716,3.799999952316284,3.5,2.950000047683716,106,3.4824000501632693,6.512200006246567,3.143000054359436,0.388561470039909,2.365877114279618,3.9201229944392537,
2011-11-16 19:00:00,2.950000047683716,3.950000047683716,3.6500000953674316,2.950000047683716,456,3.4850000524520874,6.481950006484985,3.140000057220459,0.38987179336125416,2.360256470497951,3.9197436439429674,
2011-11-17 19:00:00,2.950000047683716,3.9000000953674316,2.8499999046325684,3.9000000953674316,546,3.5020000553131103,6.454450008869171,3.140000057220459,0.38987179336125416,2.360256470497951,3.9197436439429674,100.0
2011-11-20 19:00:00,3.9000000953674316,3.799999952316284,3.799999952316284,3.9000000953674316,6,3.5148000574111937,6.428450007438659,3.140000057220459,0.38987179336125416,2.360256470497951,3.9197436439429674,100.0
2011-11-27 19:00:00,3.9000000953674316,3.890000104904175,3.799999952316284,3.8499999046325684,500,3.5266000556945802,6.407200005054474,3.137500047683716,0.38487010893655177,2.367759829810612,3.9072402655568195,94.99998211861083
2011-11-30 19:00:00,3.8499999046325684,3.0,2.9100000858306885,3.0,507,3.5326000547409055,6.382200005054474,3.0925000429153444,0.3411570826741586,2.4101858775670273,3.7748142082636615,51.35134995810922
2011-12-26 19:00:00,3.0,3.799999952316284,3.799999952316284,3.0,100,3.519800052642822,6.357200005054474,3.0950000405311586,0.34023985004798696,2.4145203404351845,3.7754797406271328,51.35134995810922
2011-12-28 19:00:00,3.0,3.799999952316284,3.799999952316284,3.0,100,3.525600051879883,6.32735000371933,3.097500038146973,0.339300748883598,2.418898540379777,3.7761015359141687,51.35134995810922
2012-01-09 19:00:00,3.0,3.799999952316284,2.25,3.0,302,3.5356000518798827,6.296850001811981,3.100000035762787,0.3383395970849763,2.4233208415928345,3.7766792299327396,51.35134995810922
2012-01-11 19:00:00,3.0,4.0,3.0,3.0,4,3.525800051689148,6.266200001239777,3.1025000333786013,0.33735620618070383,2.4277876210171936,3.777212445740009,51.35134995810922
2012-01-12 19:00:00,3.0,3.0,2.700000047683716,3.0,2,3.5328000497817995,6.235499999523163,3.1050000309944155,0.33635038110876414,2.4322992687768874,3.7777007932119435,51.35134995810922
2012-01-18 19:00:00,3.0,3.75,3.75,3.75,500,3.5598000478744507,6.206600000858307,3.1450000286102293,0.3634266716433713,2.418146685323487,3.8718533718969717,65.38461362116445
2012-01-19 19:00:00,3.75,3.0,3.0,3.0,1000,3.571800045967102,6.176099998950958,3.1475000262260435,0.36218452577801324,2.423130974670017,3.87186907778207,50.74626791315216
2012-01-23 19:00:00,3.0,2.1500000953674316,2.1500000953674316,3.0,4,3.565600047111511,6.143599998950958,3.1500000238418577,0.36091987738924786,2.428160269063362,3.8718397786203536,50.74626791315216
2012-01-30 19:00:00,3.0,2.799999952316284,2.799999952316284,3.0,5,3.5396000432968138,6.110950000286103,3.152500021457672,0.35963248908664375,2.4332350432843843,3.8717649996309595,50.74626791315216
2012-01-31 19:00:00,3.0,2.990000009536743,2.799999952316284,3.0,2,3.5136000394821165,6.0799500012397765,3.155000019073486,0.35832211576875916,2.4383557875359676,3.8716442506110047,50.74626791315216
2012-02-02 19:00:00,3.0,2.990000009536743,2.990000009536743,3.0,1,3.4876000356674193,6.04900000333786,3.1575000166893004,0.35698850432710705,2.4435230080350863,3.8714770253435145,31.249998758236615
2012-02-13 19:00:00,3.0,3.4000000953674316,3.390000104904175,3.4000000953674316,500,3.4776000356674195,6.020000004768372,3.1800000190734865,0.3574029202814315,2.4651941785106235,3.8948058596363495,41.071429179639196
2012-02-15 19:00:00,3.4000000953674316,3.4000000953674316,2.8499999046325684,3.0,1665,3.4596000337600707,5.989000005722046,3.1825000166893007,0.3558810506004994,2.470737915488302,3.8942621178902996,36.50793843018249
2012-02-19 19:00:00,3.0,3.4000000953674316,3.0,3.0,2,3.441600031852722,5.954750003814698,3.185000014305115,0.35433407831832237,2.47633185766847,3.8936681709417598,50.0
2012-02-20 19:00:00,3.0,3.0,2.759999990463257,2.990000009536743,1252,3.4094000339508055,5.920700002908706,3.187000012397766,0.3530483908829973,2.4809032306317715,3.893096794163761,49.783550006951295
2012-02-27 19:00:00,2.990000009536743,3.0,3.0,3.0,500,3.3774000358581544,5.890200001001358,3.1895000100135804,0.35145525891769086,2.4865894921781986,3.8924105278489622,50.0
2012-02-29 19:00:00,3.0,2.799999952316284,2.700000047683716,2.75,600,3.340400037765503,5.855200001001358,3.132000005245209,0.32192840475255446,2.4881431957400997,3.775856814750318,45.136187095303036
2012-03-04 19:00:00,2.75,3.4000000953674316,3.0,3.380000114440918,1000,3.3114000415802,5.824600001573563,3.106000006198883,0.2740802777778731,2.557839450643137,3.654160561754629,55.93750125728537
2012-03-07 19:00:00,3.380000114440918,3.9000000953674316,2.380000114440918,3.4200000762939453,1543,3.2868000411987306,5.794200001955033,3.084500014781952,0.22514266555382292,2.634214683674306,3.5347853458895977,56.4814821628331
2012-03-08 19:00:00,3.4200000762939453,3.7799999713897705,2.990000009536743,3.0,1002,3.2538000392913817,5.759700003862381,3.084500014781952,0.22514266555382292,2.634214683674306,3.5347853458895977,37.11340349775583
2012-03-11 19:00:00,3.0,2.990000009536743,2.700000047683716,2.700000047683716,1520,3.2148000383377076,5.72400000333786,3.0695000171661375,0.2405361501260569,2.5884277169140235,3.5505723174182515,43.90244067908969
2012-03-12 19:00:00,2.700000047683716,3.299999952316284,1.7599999904632568,2.700000047683716,264,3.1758000373840334,5.691000002622604,3.0545000195503236,0.2540715944813651,2.546356830587593,3.562643208513054,43.90244067908969
2012-03-13 19:00:00,2.700000047683716,3.690000057220459,3.0,2.700000047683716,20,3.141800036430359,5.655500001907349,3.039500021934509,0.26603275487652883,2.5074345121814514,3.571565531687567,43.90244067908969
2012-03-14 19:00:00,2.700000047683716,3.690000057220459,3.0,3.5399999618530273,2222,3.1442000341415404,5.624250001907349,3.066500020027161,0.28828485975016416,2.4899303005268325,3.643069739527489,58.18181713093746
2012-03-15 19:00:00,3.5399999618530273,3.8399999141693115,3.0999999046325684,3.200000047683716,528,3.139800033569336,5.592750002145767,3.0765000224113463,0.2893236259959352,2.4978527704194757,3.655147274403217,52.74725332307348
2012-03-18 19:00:00,3.200000047683716,2.799999952316284,2.799999952316284,3.200000047683716,200,3.143600034713745,5.559300000667572,3.0490000247955322,0.24462431880681196,2.559751387181908,3.5382486624091563,46.91357952013846
2012-03-20 19:00:00,3.200000047683716,3.0,3.0,3.0,1000,3.1256000328063966,5.526800000667572,3.0490000247955322,0.24462431880681196,2.559751387181908,3.5382486624091563,50.0
2012-03-21 19:00:00,3.0,3.0999999046325684,3.0999999046325684,3.0,1,3.107600030899048,5.49480000257492,3.0490000247955322,0.24462431880681196,2.559751387181908,3.5382486624091563,50.0
2012-03-25 19:00:00,3.0,2.9000000953674316,2.75,2.859999895095825,887,3.0868000268936155,5.461150001287461,3.0420000195503234,0.24807894910694542,2.5458421213364324,3.5381579177642144,47.94952505816811
2012-03-27 19:00:00,2.859999895095825,3.2200000286102295,3.0999999046325684,2.859999895095825,4,3.0660000228881836,5.42414999961853,3.0350000143051146,0.2512809475049462,2.532438119295222,3.537561909315007,47.78480852687426
2012-03-28 19:00:00,2.859999895095825,3.390000104904175,2.9100000858306885,2.859999895095825,243,3.064200019836426,5.385949999094009,3.028000009059906,0.2542398594214293,2.5195202902170477,3.5364797279027647,51.890032506037265
2012-03-29 19:00:00,2.859999895095825,3.4000000953674316,3.4000000953674316,3.4000000953674316,1000,3.0732000207901002,5.351599997282028,3.028000009059906,0.2542398594214293,2.5195202902170477,3.5364797279027647,50.354609569309545
2012-04-01 19:00:00,3.4000000953674316,3.4100000858306885,3.4000000953674316,3.4000000953674316,5500,3.0822000217437746,5.318599997758866,3.0480000138282777,0.2673180912365495,2.5133638313551785,3.582636196301377,49.640288139980164
2012-04-02 19:00:00,3.4000000953674316,3.390000104904175,3.390000104904175,3.4000000953674316,99,3.0912000226974485,5.284499996900559,3.068000018596649,0.27827668249670373,2.5114466536032416,3.6245533835900567,58.474577812242956
2012-04-05 19:00:00,3.4000000953674316,3.0999999046325684,3.049999952316284,3.0899999141693115,3491,3.0940000200271607,5.248999998569489,3.0730000138282776,0.27769922420447624,2.517601565419325,3.62839846223723,58.2278440263882
2012-04-09 19:00:00,3.0899999141693115,3.75,3.75,3.0899999141693115,1,3.0968000173568724,5.21294999718666,3.077500009536743,0.27718275547454285,2.523134498587657,3.631865520485829,58.2278440263882
2012-04-15 19:00:00,3.0899999141693115,3.8499999046325684,3.119999885559082,3.0899999141693115,179,3.0996000146865845,5.178449997901916,3.0945000052452087,0.2662503089204282,2.5619993874043523,3.627000623086065,58.2278440263882
2012-04-17 19:00:00,3.0899999141693115,3.069999933242798,3.049999952316284,3.0899999141693115,407,3.1024000120162962,5.139949997663498,3.0799999952316286,0.2576411463609285,2.5647177025097716,3.5952822879534856,35.294120396983956
2012-04-18 19:00:00,3.0899999141693115,3.5,3.4000000953674316,3.0899999141693115,20,3.1052000093460084,5.105699999332428,3.0634999871253967,0.24497638807503958,2.5735472109753177,3.5534527632754758,45.378147724886716
2012-04-23 19:00:00,3.0899999141693115,3.4000000953674316,3.4000000953674316,3.4000000953674316,500,3.1142000102996827,5.0732000017166134,3.083499991893768,0.2556164122725626,2.572267167348643,3.5947328164388934,56.666665077210226
2012-04-24 19:00:00,3.4000000953674316,3.4000000953674316,3.4000000953674316,3.4000000953674316,500,3.123200011253357,5.04025000333786,3.118499994277954,0.24815692819270085,2.6221861378925526,3.6148138506633556,65.38461115233508
2012-04-29 19:00:00,3.4000000953674316,3.5999999046325684,3.0999999046325684,3.4000000953674316,300,3.132200012207031,5.007750005722046,3.15349999666214,0.23504260055828846,2.683414795545563,3.623585197778717,65.38461115233508
2012-05-01 19:00:00,3.4000000953674316,4.300000190734863,3.4000000953674316,3.4000000953674316,1001,3.1412000131607054,4.974800007343292,3.188499999046326,0.21524228075495347,2.758015437536419,3.6189845605562327,73.27585941120917
2012-05-02 19:00:00,3.4000000953674316,3.8499999046325684,3.8399999141693115,3.8499999046325684,2500,3.1592000102996827,4.945300006866455,3.2039999961853027,0.25020838179391086,2.703583232597481,3.7044167597731246,80.74533480846773
2012-05-03 19:00:00,3.8499999046325684,4.0,4.0,4.0,5200,3.180200009346008,4.915850005149841,3.243999993801117,0.30702995416856815,2.6299400854639807,3.8580599021382533,82.38635801764215
2012-05-06 19:00:00,4.0,4.190000057220459,4.190000057220459,4.159999847412109,600,3.204400005340576,4.88965000629425,3.2919999837875364,0.3686476150930026,2.5547047536015315,4.029295213973541,77.53622061664024
2012-05-07 19:00:00,4.159999847412109,4.900000095367432,3.7200000286102295,4.0,4017,3.2064000034332274,4.860150008201599,3.3419999837875367,0.39390890281265656,2.5541821781622236,4.12981778941285,69.48051686672153
2012-05-08 19:00:00,4.0,3.990000009536743,3.4200000762939453,3.440000057220459,2503,3.197200002670288,4.828150007724762,3.3639999866485595,0.386010653899252,2.5919786788500554,4.136021294447064,50.9523800873702
2012-05-09 19:00:00,3.440000057220459,3.880000114440918,3.4000000953674316,3.8499999046325684,3101,3.197200002670288,4.799900007247925,3.413499987125397,0.3814277265197172,2.6506445340859623,4.176355440164831,67.27273042537026
2012-05-10 19:00:00,3.8499999046325684,3.4100000858306885,3.4100000858306885,3.4100000858306885,1000,3.205400004386902,4.768450008630753,3.44099999666214,0.3585629202322366,2.7238741561976667,4.158125837126613,56.06061071294396
2012-05-13 19:00:00,3.4100000858306885,3.9000000953674316,3.259999990463257,3.259999990463257,503,3.210600004196167,4.735250010490417,3.4610000014305116,0.33481965828858007,2.7913606848533514,4.130639318007672,53.046596911701194
2012-05-14 19:00:00,3.259999990463257,3.309999942779541,2.4000000953674316,2.799999952316284,4102,3.206600003242493,4.699000009298325,3.430999994277954,0.3660011457962638,2.6989977026854266,4.163002285870482,45.53846147074501
2012-05-15 19:00:00,2.799999952316284,3.25,3.0,3.130000114440918,1000,3.209200005531311,4.665900009870529,3.4174999952316285,0.37213289011516265,2.6732342150013033,4.161765775461954,50.55866206407773
2012-05-16 19:00:00,3.130000114440918,2.700000047683716,2.609999895095825,3.130000114440918,4,3.211800007820129,4.633050011396408,3.403999996185303,0.3776575868831871,2.6486848224189288,4.159315169951677,45.87155929857389
2012-05-20 19:00:00,3.130000114440918,3.009999990463257,2.130000114440918,3.130000114440918,2,3.214400010108948,4.601200011968612,3.406000006198883,0.3760094965602953,2.653981013078292,4.158018999319474,45.87155929857389
2012-05-21 19:00:00,3.130000114440918,2.759999990463257,2.759999990463257,3.130000114440918,1,3.2020000123977663,4.568350013494491,3.4080000162124633,0.37434290288405997,2.6593142104443435,4.156685821980584,45.87155929857389
2012-05-22 19:00:00,3.130000114440918,2.809999942779541,2.809999942779541,3.130000114440918,1,3.2046000146865845,4.534500015974045,3.4100000262260437,0.3726575576032856,2.6646849110194726,4.155315141432615,45.87155929857389
2012-05-24 19:00:00,3.130000114440918,3.25,3.25,3.130000114440918,2,3.2072000169754027,4.49720001578331,3.412000036239624,0.3709532051365385,2.670093625966547,4.153906446512702,37.234044891686935
2012-05-27 19:00:00,3.130000114440918,3.25,3.25,3.130000114440918,98,3.2098000192642213,4.460450018644333,3.4140000462532045,0.3692295822741439,2.675540881704917,4.152459210801492,33.707864867543734
2012-05-28 19:00:00,3.130000114440918,3.2100000381469727,3.200000047683716,3.200000047683716,843,3.2138000202178953,4.427950019836426,3.4040000438690186,0.3723240809542208,2.659351881960577,4.1486482057774605,31.395350449017087
2012-05-31 19:00:00,3.200000047683716,3.259999990463257,3.25,3.259999990463257,1936,3.2190000200271607,4.391050018072129,3.3970000386238097,0.3737166966844414,2.649566645254927,4.1444334319926925,35.08064364946583
2012-06-03 19:00:00,3.259999990463257,3.259999990463257,3.259999990463257,3.259999990463257,100,3.216200017929077,4.358850018978119,3.390000033378601,0.37496661111854196,2.640066811141517,4.139933255615685,45.31249786571892
2012-06-05 19:00:00,3.259999990463257,3.2699999809265137,3.2699999809265137,3.259999990463257,100,3.2214000177383424,4.326700021028518,3.3830000281333925,0.3760752470947596,2.6308495339438736,4.1351505223229115,30.46357887762953
2012-06-06 19:00:00,3.259999990463257,3.5,3.5,3.259999990463257,20,3.2266000175476073,4.295750021934509,3.3535000324249267,0.36032546455661885,2.632849103311689,4.074150961538164,42.990650873703686
2012-06-11 19:00:00,3.259999990463257,3.700000047683716,3.700000047683716,3.259999990463257,1,3.2320000171661376,4.264850023984909,3.3165000319480895,0.32688758866309325,2.662724854621903,3.970275209274276,50.0
2012-06-13 19:00:00,3.259999990463257,3.259999990463257,3.259999990463257,3.259999990463257,10,3.237200016975403,4.233700025081634,3.271500039100647,0.25970172624641713,2.7520965866078124,3.790903491593481,100.0
2012-06-19 19:00:00,3.259999990463257,3.0,2.380000114440918,3.259999990463257,4,3.247400016784668,4.206000024080277,3.2345000386238096,0.1951375767145608,2.844224885194688,3.6247751920529314,100.0
2012-06-21 19:00:00,3.259999990463257,3.869999885559082,3.869999885559082,3.259999990463257,1,3.2450000143051145,4.183200023174286,3.2255000352859495,0.18922206277470188,2.8470559097365458,3.6039441608353533,100.0
2012-06-25 19:00:00,3.259999990463257,3.0,2.700000047683716,3.0,2000,3.236600012779236,4.1623500227928165,3.1830000400543215,0.12670312981217122,2.929593780429979,3.436406299678664,33.333312955670024
2012-06-26 19:00:00,3.0,3.6700000762939453,2.809999942779541,2.930000066757202,702,3.2352000141143797,4.141700023412705,3.159000039100647,0.12690235445747008,2.9051953301857067,3.412804748015587,28.260854917566732
2012-06-28 19:00:00,2.930000066757202,3.799999952316284,3.799999952316284,2.930000066757202,1,3.2398000144958496,4.123750023841858,3.1425000429153442,0.1343159949415997,2.8738680530321448,3.4111320327985437,28.260854917566732
2012-07-02 19:00:00,2.930000066757202,3.7899999618530273,3.7899999618530273,3.7899999618530273,500,3.261600012779236,4.106500024795532,3.1920000433921816,0.1770696823087774,2.8378606787746268,3.5461394080097364,75.0
2012-07-04 19:00:00,3.7899999618530273,3.200000047683716,3.200000047683716,3.7899999618530273,5,3.2834000110626222,4.088700025081635,3.225000035762787,0.22096673920056936,2.783066557361648,3.666933514163926,75.0
2012-07-08 19:00:00,3.7899999618530273,3.25,3.25,3.7899999618530273,1,3.288400011062622,4.0751500248909,3.2580000281333925,0.25299465756033335,2.7520107130127256,3.7639893432540594,73.60000106811543
2012-07-09 19:00:00,3.7899999618530273,3.7899999618530273,3.7899999618530273,3.7899999618530273,10,3.300200009346008,4.0591000247001645,3.291000020503998,0.27729706662051984,2.736405887262958,3.8455941537450378,72.26890975174211
2012-07-11 19:00:00,3.7899999618530273,3.5,3.5,3.5,500,3.306200008392334,4.039650025367737,3.309500014781952,0.2783309867842772,2.7528380412133977,3.8661619883505063,58.10810963196704
2012-07-15 19:00:00,3.5,3.5,3.5,3.5,6,3.316200008392334,4.0209000253677365,3.328000009059906,0.2780684940481421,2.7718630209636217,3.8841369971561903,58.10810963196704
2012-07-17 19:00:00,3.5,3.4000000953674316,3.25,3.380000114440918,1601,3.3238000106811523,4.001600027084351,3.340500009059906,0.27429284321614517,2.791914322627616,3.8890856954921964,53.75000465661385
2012-07-18 19:00:00,3.380000114440918,3.700000047683716,3.700000047683716,3.380000114440918,1,3.3342000150680544,3.9864000272750855,3.353000009059906,0.26985568907949836,2.8132886309009093,3.8927113872189025,53.75000465661385
2012-07-19 19:00:00,3.380000114440918,3.700000047683716,3.259999990463257,3.380000114440918,400,3.344600019454956,3.971300027370453,3.362000012397766,0.2674755062028246,2.8270489999921167,3.8969510248034154,53.75000465661385
2012-07-25 19:00:00,3.380000114440918,3.1500000953674316,3.1500000953674316,3.1500000953674316,1000,3.3504000234603883,3.9516500282287597,3.3565000176429747,0.27079364287909263,2.8149127318847893,3.89808730340116,46.99453786849845
2012-08-06 19:00:00,3.1500000953674316,2.2699999809265137,2.2699999809265137,2.2699999809265137,1000,3.3278000211715697,3.932550027370453,3.307000017166138,0.36385507648873944,2.579289864188659,4.034710170143617,31.734315817367133
2012-08-22 19:00:00,3.0,3.0,3.0,2.2699999809265137,500,3.3052000188827515,3.9159000277519227,3.2575000166893004,0.4316172091072237,2.394265598474853,4.120734434903747,35.10203926725109
2012-08-26 19:00:00,2.7100000381469727,2.7100000381469727,2.7100000381469727,3.0,500,3.297200016975403,3.9014000272750855,3.244500017166138,0.4354365563629183,2.373626904440301,4.1153731298919745,51.125400893954705
2012-08-28 19:00:00,2.7100000381469727,2.8499999046325684,1.7100000381469727,1.7100000381469727,1500,3.269600019454956,3.8824500274658202,3.1670000195503234,0.55425720048763,2.0584856185750633,4.2755144205255835,36.136362860518034
2012-09-16 19:00:00,2.9800000190734863,2.990000009536743,2.990000009536743,2.990000009536743,2000,3.2676000213623047,3.8664000284671785,3.153500020503998,0.5551602353339694,2.0431795498360588,4.263820491171937,41.70124519298427
2012-09-17 19:00:00,2.990000009536743,3.5,3.4000000953674316,3.5,1500,3.2758000230789186,3.85280002951622,3.165500020980835,0.560154811448342,2.0451903980841513,4.285809643877519,47.27955003748495
2012-09-25 19:00:00,3.5,3.5,3.450000047683716,3.5,1500,3.284000024795532,3.840050028562546,3.1775000214576723,0.5648369505995134,2.0478261202586454,4.307173922656699,47.27955003748495
2012-10-03 19:00:00,3.5,3.0,3.0,3.0,500,3.282200026512146,3.8244000279903414,3.1775000214576723,0.5648369505995134,2.0478261202586454,4.307173922656699,43.22470006696986
2012-10-04 19:00:00,3.0,2.8499999046325684,2.8499999046325684,2.8499999046325684,1000,3.2712000226974487,3.807050026655197,3.1735000133514406,0.5669611948168712,2.0395776237176984,4.307422402985183,44.288224175476074
2012-10-08 19:00:00,2.8499999046325684,3.0,3.0,3.0,1000,3.2632000207901,3.790800026655197,3.1770000100135802,0.5655933057764798,2.045813398460621,4.30818662156654,45.71917819404137
2012-10-15 19:00:00,3.0,2.4000000953674316,2.4000000953674316,2.4000000953674316,1000,3.2432000207901,3.7748000276088716,3.1075000166893005,0.5716722887241761,1.9641554392409484,4.250844594137653,42.24683550272857
2012-10-29 19:00:00,2.4000000953674316,3.4000000953674316,3.299999952316284,3.4000000953674316,5000,3.2432000207901,3.763450027704239,3.0880000233650207,0.5535302984287072,1.9809394265076063,4.195060620222435,50.136611888370865
2012-10-31 19:00:00,3.4000000953674316,2.799999952316284,2.799999952316284,2.799999952316284,500,3.2222000217437743,3.7470000267028807,3.0385000228881838,0.5312673606146991,1.9759653016587855,4.101034744117582,46.338382960369316
2012-11-05 19:00:00,2.799999952316284,3.799999952316284,3.549999952316284,3.799999952316284,6500,3.2182000207901003,3.7316000258922575,3.0390000224113463,0.5320160338353506,1.9749679547406451,4.103032090082047,53.73993000480705
2012-11-11 19:00:00,3.799999952316284,4.0,3.940000057220459,4.0,11000,3.215000023841858,3.7210000264644623,3.0640000224113466,0.5655123490898226,1.9329753242317014,4.195024720590991,60.79900105892374
2012-11-13 19:00:00,4.0,4.25,4.25,4.25,500,3.220000023841858,3.7103500258922577,3.1015000224113463,0.6183447807132778,1.8648104609847906,4.338189583837902,61.98547193830721
2012-11-14 19:00:00,4.25,4.800000190734863,4.800000190734863,4.800000190734863,500,3.247200026512146,3.703500026464462,3.172500026226044,0.7244299246402934,1.723640176945457,4.621359875506631,61.138614489510736
2012-11-15 19:00:00,4.800000190734863,4.900000095367432,4.900000095367432,4.800000190734863,500,3.2662000322341918,3.696350027322769,3.243500030040741,0.8103298901521464,1.6228402497364482,4.864159810345034,72.75404972715998
2012-11-18 19:00:00,4.800000190734863,4.989999771118164,4.5,4.989999771118164,5000,3.2978000259399414,3.689350026845932,3.3240000128746034,0.899651400746072,1.5246972113824595,5.123302814366747,67.54385741096749
2012-11-20 19:00:00,5.0,5.940000057220459,5.449999809265137,5.5,2500,3.3426000261306763,3.6887500274181364,3.4415000081062317,1.0210071191439931,1.3994857698182455,5.483514246394218,67.54385876853715
2012-11-22 19:00:00,5.5,4.75,4.75,5.5,500,3.3966000270843506,3.688150027990341,3.603000009059906,1.0797178019789648,1.4435644051019763,5.762435613017836,67.54385876853715
2012-11-26 19:00:00,4.989999771118164,5.0,4.889999866485596,5.0,3500,3.434000024795532,3.685600026845932,3.7395000100135802,1.0748829801858582,1.589734049641864,5.8892659703852965,67.54385876853715
2012-11-28 19:00:00,5.5,4.75,4.75,4.75,2000,3.466400022506714,3.6818000257015226,3.82700001001358,1.0827163686940822,1.6615672726254158,5.992432747401745,66.37931062832173
2012-12-09 19:00:00,4.75,5.0,5.0,5.0,2000,3.5038000202178954,3.679250024557114,3.9915000081062315,0.9901157580887938,2.011268491928644,5.971731524283819,66.94915226840726
2012-12-20 19:00:00,5.0,6.0,5.0,5.829999923706055,4500,3.557800016403198,3.6808500230312347,4.133500003814698,1.0412556890803324,2.050988625654033,6.216011381975362,77.97715957833594
2012-12-25 19:00:00,5.829999923706055,6.489999771118164,5.989999771118164,6.489999771118164,1000,3.625000009536743,3.6857500207424163,4.2829999923706055,1.154050504178646,1.9748989840133135,6.591101000727898,76.68393519955923
2013-01-03 19:00:00,6.489999771118164,5.5,5.5,5.5,1000,3.6724000072479246,3.6857000195980074,4.382999992370605,1.1691836735680232,2.0446326452345587,6.721367339506651,71.8446620294893
2013-02-11 19:00:00,5.5,4.889999866485596,4.5,4.889999866485596,21000,3.7076000022888183,3.682600017786026,4.477499985694886,1.127142957983687,2.223214069727512,6.73178590166226,59.412780364717854
2013-02-14 19:00:00,4.889999866485596,3.9000000953674316,3.9000000953674316,3.9000000953674316,1500,3.7216000032424925,3.674550017118454,4.529999995231629,1.07037126604585,2.389257463139929,6.670742527323329,49.240122241346434
2013-02-18 19:00:00,3.9000000953674316,3.559999942779541,3.5,3.5,4000,3.7264000034332274,3.6645000159740446,4.554999995231628,1.0381080539318095,2.4787838873680093,6.631216103095247,44.42793424209669
2013-02-21 19:00:00,3.5,3.890000104904175,3.7899999618530273,3.8299999237060547,1500,3.7378000020980835,3.651850014925003,4.626499986648559,0.924948188050173,2.7766036105482135,6.476396362748905,42.549920314715486
2013-02-26 19:00:00,3.8299999237060547,3.9000000953674316,3.8499999046325684,3.9000000953674316,5500,3.750600004196167,3.64010001540184,4.65149998664856,0.8963685205987529,2.858762945451054,6.444237027846065,43.16109292535201
2013-02-27 19:00:00,3.9000000953674316,3.180000066757202,3.180000066757202,3.180000066757202,500,3.749000005722046,3.6255500149726867,4.670499992370606,0.8582753086230133,2.953949375124579,6.387050609616632,37.27145055508775
2013-03-17 19:00:00,3.180000066757202,3.799999952316284,3.740000009536743,3.799999952316284,2000,3.7598000049591063,3.6141000139713286,4.670499992370606,0.8582753086230133,2.953949375124579,6.387050609616632,38.22714575331079
2013-03-27 19:00:00,3.799999952316284,3.799999952316284,3.799999952316284,3.799999952316284,500,3.770600004196167,3.6026500129699706,4.66049998998642,0.8676129891974501,2.9252740115915197,6.39572596838132,38.22714575331079
2013-04-03 19:00:00,3.799999952316284,4.150000095367432,4.150000095367432,4.150000095367432,3000,3.7884000062942507,3.5929500126838683,4.655499994754791,0.870386894705887,2.914726205343017,6.396273784166565,43.988684997717655
2013-04-10 19:00:00,4.150000095367432,4.0,4.0,4.0,1000,3.8032000064849854,3.582500011920929,4.615499985218048,0.8817056885815977,2.852088608054853,6.378911362381244,44.619798977215055
2013-04-25 19:00:00,4.0,3.799999952316284,3.799999952316284,3.799999952316284,500,3.819200005531311,3.5731500113010406,4.565499973297119,0.8988792278297106,2.767741517637698,6.363258428956541,41.32947922111404
2013-05-02 19:00:00,3.799999952316284,4.150000095367432,4.150000095367432,4.150000095367432,500,3.843600006103516,3.568900011777878,4.523499989509583,0.8976241610553883,2.728251667398806,6.318748311620359,36.95652318779853
2013-05-07 19:00:00,4.150000095367432,4.0,3.700000047683716,4.0,1000,3.8650000047683717,3.5639000117778776,4.448499989509583,0.8740966321452632,2.7003067252190562,6.19669325380011,29.005062032249313
2013-05-09 19:00:00,4.0,4.0,4.0,4.0,500,3.869200005531311,3.5589000117778777,4.3734999895095825,0.8429226565242125,2.6876546764611575,6.0593453025580075,34.81781540651039
2013-05-14 19:00:00,4.0,4.21999979019165,4.21999979019165,4.21999979019165,500,3.8778000020980836,3.5506500113010406,4.334499979019165,0.8303611618933296,2.673777655232506,5.995222302805825,42.63736210760757
2013-05-15 19:00:00,4.21999979019165,4.099999904632568,4.099999904632568,4.099999904632568,1000,3.8840000009536744,3.541800011396408,4.301999974250793,0.8259513983308591,2.650097177589075,5.953902770912512,52.717388487493395
2013-05-16 19:00:00,4.099999904632568,3.9000000953674316,3.1500000953674316,3.5299999713897705,1000,3.878800001144409,3.5301000118255614,4.228499972820282,0.8259748148306225,2.5765503431590373,5.880449602481527,50.389610003572564
2013-05-20 19:00:00,3.5299999713897705,3.8499999046325684,3.8499999046325684,3.5299999713897705,4500,3.8794000005722045,3.523400012254715,4.113499975204467,0.7476649147506794,2.6181701457031084,5.6088298047058265,45.7386373065042
2013-05-21 19:00:00,3.5299999713897705,3.9800000190734863,3.549999952316284,3.549999952316284,5500,3.8803999996185303,3.516800012588501,3.966499984264374,0.5056863350319593,2.955127314200455,4.9778726543282925,44.956770314619774
2013-05-22 19:00:00,3.549999952316284,3.559999942779541,3.549999952316284,3.549999952316284,2000,3.8837999963760375,3.510200012922287,3.868999981880188,0.3620395215687097,3.1449209387427683,4.593079025017607,56.72727064652877
2013-05-23 19:00:00,3.549999952316284,4.550000190734863,3.299999952316284,4.21999979019165,54000,3.9005999898910524,3.5088000118732454,3.835499978065491,0.28550000316481094,3.264499971735869,4.406499984395113,57.49999723264144
2013-05-26 19:00:00,4.21999979019165,4.0,3.990000009536743,4.0,7000,3.912999987602234,3.508750010728836,3.8404999732971192,0.28755729656733753,3.265385380162444,4.4156145664317945,53.31125934993669
2013-05-27 19:00:00,4.0,4.0,3.0199999809265137,4.0,6500,3.9299999856948853,3.5052500116825103,3.865499973297119,0.2779714869963314,3.3095569993044562,4.421442947289782,47.19100902865399
2013-05-28 19:00:00,4.0,3.9000000953674316,3.9000000953674316,3.9000000953674316,1000,3.9625999879837037,3.501250013113022,3.868999981880188,0.2779416644375833,3.3131166530050216,4.424883310755354,48.09160444274013
2013-05-30 19:00:00,3.9000000953674316,4.300000190734863,4.289999961853027,4.300000190734863,5500,4.00319999217987,3.499300013780594,3.8889999866485594,0.2942054399438207,3.300589106760918,4.477410866536201,58.8652541631316
2013-06-03 19:00:00,4.300000190734863,5.0,4.300000190734863,4.5,8500,4.0331999921798705,3.4990000140666964,3.9549999833106995,0.27415901222309014,3.406681958864519,4.50331800775688,56.554307483988445
2013-06-12 19:00:00,4.5,5.5,4.329999923706055,4.570000171661377,10000,4.090399994850158,3.50010001540184,3.993499994277954,0.3037186475786601,3.386062699120634,4.600937289435274,61.00386772128105
2013-06-13 19:00:00,4.570000171661377,5.489999771118164,4.550000190734863,5.0,5500,4.130599994659423,3.507250015735626,4.05349999666214,0.3739022747647237,3.3056954471326927,4.801304546191587,66.55629672354347
2013-06-16 19:00:00,5.0,4.849999904632568,4.849999904632568,4.849999904632568,3500,4.1575999927520755,3.513500015735626,4.088499987125397,0.4140210494336499,3.260457888258097,4.916542085992697,60.67797045774923
2013-06-20 19:00:00,4.849999904632568,5.0,4.900000095367432,5.0,2000,4.187599992752075,3.5194500160217284,4.138499987125397,0.4605405967509033,3.2174187936235903,5.0595811806272035,65.10067506070874
2013-06-27 19:00:00,5.0,6.0,4.519999980926514,5.639999866485596,9000,4.240399990081787,3.528600015640259,4.230499982833862,0.561974658250692,3.1065506663324784,5.354449299335246,84.59016816329721
2013-07-04 19:00:00,5.44890022277832,5.5,5.0,5.309999942779541,3000,4.289599990844726,3.5361000156402587,4.288499975204468,0.6109550230299269,3.066589929144614,5.510410021264322,76.33136520407189
2013-07-15 19:00:00,5.309999942779541,6.309999942779541,4.699999809265137,5.769999980926514,24000,4.344999990463257,3.5508500158786775,4.3769999742507935,0.6900427064503795,2.9969145613500343,5.757085387151553,79.05759613247562
2013-07-18 19:00:00,5.769999980926514,6.5,5.900000095367432,6.5,5000,4.426999988555909,3.569250016212463,4.5019999742507935,0.8303303060744456,2.8413393621019023,6.162660586399685,82.41758667865642
2013-07-21 19:00:00,6.5,6.550000190734863,6.550000190734863,6.550000190734863,1000,4.489999990463257,3.5879000174999236,4.618499994277954,0.944314165388405,2.729871663501144,6.507128325054764,79.64377229410978
2013-08-20 19:00:00,6.4375,5.440000057220459,5.440000057220459,5.440000057220459,500,4.54279999256134,3.601000018119812,4.685500001907348,0.953086277811977,2.7793274462833946,6.591672557531302,64.93775939767357
2013-08-21 19:00:00,5.440000057220459,4.699999809265137,4.440000057220459,4.440000057220459,1500,4.555599994659424,3.6091000187397,4.731000006198883,0.9160205841349809,2.8989588379289213,6.563041174468845,53.78006910861358
2013-08-22 19:00:00,4.440000057220459,5.440000057220459,4.739999771118164,5.199999809265137,4500,4.579599990844726,3.621000018119812,4.814499998092652,0.8760225681832257,3.0624548617262004,6.566545134459103,60.03086196042619
2013-08-25 19:00:00,5.199999809265137,5.599999904632568,4.760000228881836,4.760000228881836,2500,4.589799995422363,3.6295500195026396,4.875000011920929,0.824356210849971,3.226287590220987,6.523712433620871,53.52760792281087
2013-08-28 19:00:00,4.760000228881836,5.0,5.0,5.0,500,4.593799991607666,3.6382500195503233,4.947500014305115,0.7631849785128262,3.4211300572794627,6.4738699713307675,53.81097592001231
2013-09-11 19:00:00,5.0,5.0,5.0,5.0,500,4.5977999877929685,3.646950019598007,4.986500024795532,0.7437336313341663,3.4990327621271997,6.473967287463864,53.312787943733206
2013-09-18 19:00:00,5.0,5.099999904632568,5.099999904632568,5.099999904632568,5000,4.599999990463257,3.6589500188827513,5.0415000200271605,0.7066918671738825,3.628116285679395,6.454883754374926,50.811687620539765
2013-09-22 19:00:00,5.099999904632568,6.0,5.190000057220459,5.559999942779541,5000,4.6011999893188475,3.6685500180721284,5.119500017166137,0.6708711694728885,3.77775767822036,6.4612423561119146,55.48686331914663
2013-10-03 19:00:00,5.559999942779541,5.25,5.0,5.25,1500,4.596199989318848,3.6812500178813936,5.187000012397766,0.606544118831637,3.973911774734492,6.40008825006104,51.88536977108073
2013-10-07 19:00:00,5.25,5.400000095367432,5.400000095367432,5.400000095367432,500,4.604199991226197,3.695750018358231,5.242000007629395,0.5706930208043538,4.1006139660206875,6.383386049238102,48.04560427544354
2013-11-03 19:00:00,5.375,6.0,6.0,6.0,1500,4.629199991226196,3.708300018310547,5.317000007629394,0.5665974126779219,4.1838051822735505,6.450194832985238,55.38221626345159
2013-11-04 19:00:00,6.0,7.0,5.5,6.25,5500,4.654199991226196,3.72630001783371,5.400999999046325,0.5745011654369292,4.251997668172467,6.550002329920184,53.87096831255233
2013-11-05 19:00:00,6.25,7.25,6.0,7.019999980926514,11500,4.677999992370605,3.749400017261505,5.501999998092652,0.6699300882073697,4.162139821677912,6.841860174507391,54.166666985067586
2013-11-06 19:00:00,7.019999980926514,7.0,7.0,7.019999980926514,500,4.688599996566772,3.7725000166893006,5.610500001907349,0.7316561943570943,4.147187613193161,7.073812390621537,53.79644473552829
2013-11-17 19:00:00,7.019999980926514,6.699999809265137,6.699999809265137,6.699999809265137,1000,4.712599992752075,3.7894500160217284,5.695499992370605,0.7553630900507637,4.184773812269078,7.206226172472133,61.66666622515071
2013-11-25 19:00:00,6.607100009918213,6.25,6.25,6.25,1000,4.739799995422363,3.7992000150680543,5.7259999990463255,0.7652546719110845,4.195490655224156,7.256509342868495,68.65979726059452
2013-11-27 19:00:00,6.25,6.5,5.610000133514404,6.5,3500,4.791799993515014,3.81020001411438,5.785500001907349,0.7773739360519857,4.230752129803378,7.34024787401132,64.97696348723164
2013-11-28 19:00:00,6.5,5.5,5.5,5.5,500,4.831799993515014,3.8162000131607057,5.772000002861023,0.7799972838535655,4.212005435153892,7.3319945705681535,57.55101866048842
2013-12-04 19:00:00,5.5,6.5,6.5,6.5,3500,4.885199995040893,3.8292000126838683,5.772000002861023,0.7799972838535655,4.212005435153892,7.3319945705681535,63.25088374945661
2013-12-05 19:00:00,6.5,7.400000095367432,7.400000095367432,7.400000095367432,500,4.955199995040894,3.8467000126838684,5.814499998092652,0.8450628911673793,4.124374215757893,7.504625780427411,68.29268381327552
2021-08-04 19:00:00,11.0600004196167,11.0600004196167,11.0600004196167,11.0600004196167,500,5.1128000020980835,3.8825000143051147,6.095500016212464,1.439376670159037,3.21674667589439,8.974253356530538,79.44664180611208
2021-08-08 19:00:00,13.0600004196167,13.0600004196167,13.0600004196167,13.0600004196167,1000,5.298000011444092,3.9248000168800354,6.526500034332275,2.0699944598930933,2.3865111145460887,10.666488954118462,82.16123614181824
2021-08-10 19:00:00,14.0600004196167,14.0600004196167,14.0600004196167,14.0600004196167,500,5.5032000207901,3.972100019454956,6.9695000648498535,2.640591130818406,1.6883178032130415,12.250682326486665,85.66801679146286
2021-08-11 19:00:00,15.109999656677246,15.109999656677246,15.109999656677246,15.109999656677246,1500,5.722400012016297,4.02465001821518,7.487000036239624,3.1498657327659534,1.187268570707717,13.78673150177153,86.6415090971716
2021-08-12 19:00:00,16.239999771118164,16.239999771118164,16.239999771118164,16.239999771118164,500,5.9672000074386595,4.08170001745224,8.049000024795532,3.646370827277602,0.756258370240328,15.341741679350736,87.15529742216567
2021-08-15 19:00:00,17.450000762939453,17.450000762939453,17.450000762939453,17.450000762939453,500,6.2402000236511235,4.1457000207901,8.671500062942505,4.129207084378317,0.4130858941858708,16.929914231699136,87.99185960724277
2021-08-16 19:00:00,18.75,18.75,18.75,18.75,500,6.532200021743774,4.216200020313263,9.354000067710876,4.608122658262227,0.13775475118642255,18.570245384235328,88.40864451121553
2021-08-19 19:00:00,20.149999618530273,20.149999618530273,20.149999618530273,20.149999618530273,3500,6.85520001411438,4.293700017929077,10.083500051498413,5.104058545410588,-0.12461703932276258,20.291617142319588,89.3821234345789
2021-08-22 19:00:00,21.65999984741211,21.65999984741211,21.65999984741211,21.65999984741211,500,7.208400011062622,4.378750016689301,10.904000043869019,5.582703924632096,-0.26140780539517294,22.06940789313321,91.88129990403985
2021-08-23 19:00:00,23.280000686645508,23.280000686645508,23.280000686645508,23.280000686645508,1000,7.5896000289917,4.473150019645691,11.798000073432922,6.065657141089031,-0.33331420874513995,23.929314355610984,94.74513944341705
2021-08-24 19:00:00,25.020000457763672,25.020000457763672,25.020000457763672,25.020000457763672,500,8.008000040054322,4.581150021553039,12.749000096321106,6.578146447269211,-0.40729279821731623,25.90529299085953,95.12670576173572
2021-08-25 19:00:00,26.889999389648438,26.889999389648438,26.889999389648438,26.889999389648438,6500,8.475200028419495,4.698500018119812,13.781000065803529,7.102996339478885,-0.42499261315424164,27.9869927447613,100.0
2021-08-26 19:00:00,28.899999618530273,28.899999618530273,28.899999618530273,28.899999618530273,500,8.982600021362305,4.827950016260147,14.875000047683717,7.669265006624703,-0.46352996556568904,30.213530060933124,100.0
2021-08-29 19:00:00,31.059999465942383,31.059999465942383,31.059999465942383,31.059999465942383,1500,9.532800011634826,4.963750013113022,16.07700002193451,8.23628681810983,-0.39557361428515136,32.54957365815417,100.0
2021-08-30 19:00:00,33.380001068115234,33.380001068115234,33.380001068115234,33.380001068115234,8500,10.129400033950805,5.111150017976761,17.411000084877013,8.780260694218544,-0.14952130356007487,34.9715214733141,100.0
2021-08-31 19:00:00,35.880001068115234,35.880001068115234,35.880001068115234,35.880001068115234,3500,10.762600059509277,5.2710500228405,18.892500138282777,9.283278134620526,0.32594386904172623,37.45905640752383,100.0
2021-09-01 19:00:00,38.56999969482422,38.56999969482422,38.56999969482422,38.56999969482422,1000,11.454000053405762,5.444400020837784,20.496000123023986,9.7861650213285,0.9236700803669855,40.06833016568099,100.0
2021-09-02 19:00:00,41.459999084472656,41.459999084472656,41.459999084472656,41.459999084472656,500,12.203200035095215,5.6369500160217285,22.29400007724762,10.181419213260671,1.9311616507262777,42.65683850376897,100.0
2021-09-05 19:00:00,44.560001373291016,44.560001373291016,44.560001373291016,44.560001373291016,500,13.016400060653687,5.845000022649765,24.19700014591217,10.621380713040141,2.9542387198318885,45.43976157199245,100.0
2021-09-06 19:00:00,47.900001525878906,47.900001525878906,47.900001525878906,47.900001525878906,17500,13.888400087356567,6.0697500300407405,26.222000217437746,11.100358919523407,4.021282378390932,48.422718056484555,100.0
2021-09-07 19:00:00,51.4900016784668,51.4900016784668,47.900001525878906,51.4900016784668,35500,14.828200120925903,6.312450038194656,28.24350028038025,11.84993405395491,4.543632172470431,51.94336838829007,100.0
2021-09-08 19:00:00,55.349998474121094,55.349998474121094,55.34000015258789,55.349998474121094,27000,15.843800086975097,6.574450030326843,30.358000183105467,12.737840815359842,4.882318552385783,55.83368181382515,100.0
2021-09-09 19:00:00,59.5,59.5,59.5,59.5,500,16.933800086975097,6.857200030088425,32.63000016212463,13.694391597053295,5.2412169680180405,60.018783356231225,100.0
2021-09-12 19:00:00,63.959999084472656,63.959999084472656,63.959999084472656,63.959999084472656,28500,18.1160000705719,7.162250025272369,35.0725001335144,14.722866489372928,5.626767154768547,64.51823311226026,100.0
2021-09-13 19:00:00,68.75,68.75,59.16999816894531,59.16999816894531,64500,19.199400033950806,7.443350015878678,37.219000053405765,14.960246020986094,7.298508011433576,67.13949209537796,89.04641901287707
2021-09-14 19:00:00,54.7400016784668,54.7400016784668,54.7400016784668,54.7400016784668,1500,20.18140007019043,7.702300024032593,39.08350009918213,14.68801017612505,9.70747974693203,68.45952045143224,80.08209552071774
2021-09-15 19:00:00,51.41999816894531,51.41999816894531,51.41999816894531,51.41999816894531,500,21.103600034713747,7.944650014638901,40.717000007629395,14.113052441415983,12.49089512479743,68.94310489046136,73.65546047262416
2021-09-20 19:00:00,42.900001525878906,48.5099983215332,41.75,41.75,83500,21.823200035095216,8.138650014400483,41.79700002670288,13.256824098164953,15.283351830372975,68.31064822303279,59.69878496247825
2021-09-21 19:00:00,38.619998931884766,38.65999984741211,38.619998931884766,38.619998931884766,8500,22.46560001373291,8.317000008821488,42.644999980926514,12.416747602612128,17.811504775702257,67.47849518615077,54.685262907143226
2021-09-22 19:00:00,35.72999954223633,35.72999954223633,35.72999954223633,35.72999954223633,2500,23.04920000076294,8.48090000629425,43.267499923706055,11.685350048439819,19.896799826826417,66.63820002058569,49.86680737668047
2021-09-23 19:00:00,33.060001373291016,36.9900016784668,33.060001373291016,35.88999938964844,54000,23.6581999874115,8.645600003004073,43.81099987030029,11.026163007922687,21.75867385445492,65.86332588614567,47.508367082552375
2021-09-26 19:00:00,34.02000045776367,34.02000045776367,33.20000076293945,33.20000076293945,7000,24.23340000152588,8.796850006580353,44.12649993896484,10.598488923555928,22.929522091852984,65.3234777860767,42.291901243621254
2021-09-27 19:00:00,31.040000915527344,34.0,30.729999542236328,32.459999084472656,10500,24.77859998703003,8.944400001764297,44.30449991226196,10.356433627567007,23.591632657127946,65.01736716739597,38.188204898855034
2021-09-28 19:00:00,33.9900016784668,33.9900016784668,31.0,31.25,12000,25.308399982452393,9.08115000128746,44.31399993896484,10.343724268311718,23.626551402341406,65.00144847558828,33.04134979836266
2021-09-29 19:00:00,32.900001525878906,32.900001525878906,32.900001525878906,32.900001525878906,500,25.866400012969972,9.226150008440017,44.28999996185303,10.370950094847462,23.548099772158103,65.03190015154794,30.286319135727908
2021-09-30 19:00:00,32.25,35.36000061035156,31.5,35.36000061035156,30500,26.473600025177003,9.383700011968612,44.263999938964844,10.39377039771485,23.476459143535145,65.05154073439454,28.153007799158985
2021-10-03 19:00:00,38.0099983215332,38.0099983215332,37.5,37.5,1000,27.12160002708435,9.556200011968613,44.210499954223636,10.427321425125017,23.3558571039736,65.06514280447367,24.851393376240978
2021-10-04 19:00:00,34.849998474121094,40.310001373291016,34.849998474121094,40.310001373291016,22500,27.81660005569458,9.742750018835068,44.153000068664554,10.446440137454843,23.260119793754868,65.04588034357424,21.90544354306978
2021-10-05 19:00:00,43.33000183105469,43.33000183105469,41.0099983215332,43.25,18000,28.57660005569458,9.944000018835068,44.0875,10.447860705842993,23.191778588314012,64.98322141168599,30.218689097795604
2021-10-06 19:00:00,45.0,45.0,45.0,45.0,500,29.368600053787233,10.154000018835069,43.94249992370605,10.412227278713004,23.118045366280043,64.76695448113206,37.0340770469288
2021-10-07 19:00:00,46.0,47.0,46.0,46.5,1000,30.178600053787232,10.371500018835068,43.692999839782715,10.280810123803988,23.13137959217474,64.25462008739069,43.116957942052885
2021-10-11 19:00:00,43.02000045776367,46.5,43.02000045776367,43.02000045776367,18000,30.914000062942506,10.571600021123887,43.076499938964844,9.907923325047973,23.260653288868898,62.89234658906079,52.14890099924416
2021-10-12 19:00:00,43.02000045776367,43.02000045776367,39.79999923706055,39.79999923706055,1000,31.569600048065187,10.751850017309188,42.09149990081787,9.138615433473069,23.814269033871735,60.368730767764006,51.99055386213653
2021-10-13 19:00:00,36.81999969482422,38.04999923706055,36.81999969482422,38.04999923706055,13000,32.190200033187864,10.927100013494492,40.795999908447264,7.578736234194389,25.638527440058485,55.95347237683605,54.07017490320038
2021-10-14 19:00:00,38.75,38.75,35.209999084472656,37.5099983215332,1500,32.806400003433225,11.099650005102157,39.71299991607666,6.245182690536049,27.222634535004566,52.20336529714876,52.80470718831329
2021-10-19 19:00:00,37.4900016784668,38.0,37.4900016784668,38.0,1000,33.44140000343323,11.274650005102158,38.87599983215332,5.15116764413202,28.57366454388928,49.17833512041736,58.99549943001169
2021-10-20 19:00:00,39.0,39.0,39.0,39.0,500,34.09140000343323,11.454650005102158,38.25499992370605,4.224656310552035,29.80568730260198,46.70431254481012,62.138085231713816
2021-10-24 19:00:00,38.5,40.0,38.5,39.0,1500,34.76140000343323,11.634650005102158,38.117499923706056,4.148992093736292,29.81951573623347,46.41548411117864,65.06023899898088
2021-10-26 19:00:00,40.0,40.0,40.0,40.0,500,35.431400003433225,11.817650004625321,38.186499977111815,4.169214577177672,29.84807082275647,46.52492913146716,64.15470086874097
2021-10-27 19:00:00,37.0,39.0,37.0,39.0,1000,36.06340000152588,11.99765000462532,38.35,4.13176014723604,30.08647970552792,46.61352029447208,57.705332274305455
2021-10-28 19:00:00,38.5,40.0,37.0,37.0,4000,36.58219999313354,12.16765000462532,38.40550003051758,4.10434101576927,30.19681799897904,46.614182062056116,48.93526420673966
2021-10-31 19:00:00,34.5,34.5,34.5,34.5,500,37.01099998474121,12.325200004577637,38.470499992370605,4.027130990404113,30.416238011562378,46.52476197317883,37.46223375942582
2021-11-01 19:00:00,33.25,33.25,32.02000045776367,32.13999938964844,2500,37.37259996414185,12.470900001525878,38.45450000762939,4.052821583659699,30.348856840309992,46.56014317494879,25.40947618592483
2021-11-02 19:00:00,32.13999938964844,32.13999938964844,32.13999938964844,32.13999938964844,1000,37.71319995880127,12.61784999847412,38.498999977111815,3.973665851839633,30.551668273432547,46.44633168079108,19.14587772982358
2021-11-03 19:00:00,30.75,31.989999771118164,30.75,31.989999771118164,1500,38.02819995880127,12.760899996757507,38.45349988937378,4.0457078009617025,30.362084287450376,46.54491549129719,12.775788713958917
2021-11-04 19:00:00,32.900001525878906,32.900001525878906,32.900001525878906,32.900001525878906,500,38.337199974060056,12.908300004005433,38.330499935150144,4.179878537102888,29.97074286094437,46.69025700935592,20.09457605245703
2021-11-07 19:00:00,33.4900016784668,34.380001068115234,33.4900016784668,34.380001068115234,1000,38.64979999542236,13.065200009346007,38.17449998855591,4.269760862298755,29.6349782639584,46.714021713153414,32.14757345866043
2021-11-08 19:00:00,32.0099983215332,32.0099983215332,32.0099983215332,32.0099983215332,500,38.886999969482424,13.211750000715256,37.759499835968015,4.450798335891446,28.857903164185124,46.661096507750905,30.88608135876561
2021-11-09 19:00:00,33.5,33.5,33.5,33.5,500,39.12379997253418,13.365750000476837,37.27199983596802,4.3506026957560975,28.57079444445582,45.973205227480214,38.029861208850825
2021-11-11 19:00:00,31.0,31.0,31.0,31.0,1500,39.27819995880127,13.507250000238418,36.571999835968015,4.164025935995301,28.243947963977412,44.90005170795862,31.343289500252453
2021-11-16 19:00:00,29.010000228881836,30.0,28.68000030517578,29.950000762939453,3000,39.376799964904784,13.63930000424385,35.74449987411499,3.706563798438679,28.331372277237634,43.15762747099235,25.943655659277255
2021-11-17 19:00:00,28.5,28.5,28.010000228881836,28.010000228881836,1500,39.399199981689456,13.76335000514984,34.9939998626709,3.6753679323294377,27.64326399801202,42.34473572732977,23.518080143366404
2021-11-18 19:00:00,28.75,28.75,28.75,28.75,500,39.396199989318845,13.891100004911422,34.441499900817874,3.744772071367347,26.95195575808318,41.93104404355257,22.547591547124625
2021-11-21 19:00:00,26.75,27.5,26.75,27.5,1500,39.325,14.013600004911423,33.91399993896484,3.947291334317997,26.019417270328848,41.80858260760084,22.275802907114908
2021-11-23 19:00:00,26.510000228881836,26.510000228881836,25.450000762939453,26.25,2000,39.1823999786377,14.129850004911424,33.351000022888186,4.202176010671702,24.94664800154478,41.75535204423159,23.111563166713097
2021-11-24 19:00:00,25.149999618530273,25.149999618530273,25.0,25.0,2500,38.96479995727539,14.240550005435944,32.70100002288818,4.443702710837127,23.81359460121393,41.58840544456243,24.653155775580245
2021-11-25 19:00:00,24.989999771118164,24.989999771118164,23.149999618530273,23.940000534057617,2000,38.67219997406006,14.345950008630753,31.948000049591066,4.5935934448777305,22.760813159835607,41.135186939346525,26.49083483119587
2021-11-28 19:00:00,25.729999542236328,25.729999542236328,25.729999542236328,25.729999542236328,1000,38.35759998321533,14.460300006866454,31.28450002670288,4.478304985976947,22.327890054748984,40.241109998656775,33.33333663953597
2021-11-29 19:00:00,25.850000381469727,25.850000381469727,25.850000381469727,25.850000381469727,500,37.98339996337891,14.572550008296966,30.577000045776366,4.133380275591771,22.310239494592825,38.84376059695991,34.01042206833631
2021-12-06 19:00:00,25.5,25.5,25.5,25.5,500,37.53539993286133,14.68305000782013,29.90200004577637,3.771976438408952,22.358047168958464,37.44595292259427,30.150213911568216
2021-12-12 19:00:00,23.59000015258789,23.59000015258789,23.59000015258789,23.59000015258789,500,36.97739990234375,14.784000008106231,29.23150005340576,3.6331561840216966,21.965187685362366,36.497812421449154,21.70949415363245
2021-12-19 19:00:00,24.0,24.0,23.5,23.5,1000,36.34039993286133,14.886050008535385,28.681500053405763,3.6262177952076646,21.429064462990432,35.933935643821094,24.657540626864474
2021-12-22 19:00:00,22.100000381469727,22.100000381469727,22.100000381469727,22.100000381469727,500,35.59239994049072,14.981100010871888,28.179500102996826,3.8124070013577205,20.554686100281387,35.804314105712265,15.868262276216313
2021-12-27 19:00:00,20.989999771118164,20.989999771118164,20.989999771118164,20.989999771118164,500,34.73299995422363,15.070600010156632,27.62200012207031,4.012754216140282,19.596491689789747,35.64750855435088,17.308946511887797
2021-12-28 19:00:00,20.0,20.0,20.0,20.0,500,33.949599990844725,15.155150010585785,27.022500133514406,4.216316625139131,18.589866883236144,35.45513338379267,17.37704667888704
2021-12-30 19:00:00,19.75,21.0,19.75,20.0,6000,33.25479995727539,15.23970001101494,26.37750005722046,4.256383288814253,17.864733479591955,34.89026663484896,19.90984015672646
2022-01-03 19:00:00,20.25,20.25,20.0,20.1299991607666,1000,32.62899997711182,15.323350006341935,25.664999961853027,4.033134425758287,17.598731110336452,33.7312688133696,16.06298576381886
2022-01-11 19:00:00,21.6299991607666,21.6299991607666,21.6299991607666,21.6299991607666,500,32.22659996032715,15.41450000166893,25.1460000038147,3.836749589102215,17.47250082561027,32.81949918201913,27.335902092766673
2022-01-13 19:00:00,22.989999771118164,22.989999771118164,22.989999771118164,22.989999771118164,500,31.913999977111818,15.512450000047684,24.620499992370604,3.316849461117656,17.986801070135293,31.254198914605915,37.519141032956384
2022-01-16 19:00:00,24.5,24.5,24.5,24.5,500,31.68939998626709,15.617949999570847,24.295499992370605,2.9578825686400743,18.379734855090454,30.211265129650755,48.12312308012182
2022-01-17 19:00:00,25.25,25.25,25.25,25.25,1500,31.47659999847412,15.724950000047684,24.060499954223634,2.6563281686236953,18.747843616976244,29.373156291471023,55.034586636801976
2022-01-30 19:00:00,24.0,24.0,24.0,24.0,2000,31.292599983215332,15.824950000047684,23.85999994277954,2.488569766607708,18.882860409564124,28.83713947599496,43.06335455940404
2022-02-01 19:00:00,25.5,25.5,25.5,25.5,500,31.153400001525878,15.931650000810624,23.69749994277954,2.2468221395687777,19.203855663641985,28.191144221917096,48.73646075151737
2022-02-09 19:00:00,25.0,27.40999984741211,25.0,27.40999984741211,9000,31.076599998474123,16.048700000047685,23.692999935150148,2.2388816365323527,19.21523666208544,28.170763208214854,56.19727406335071
2022-02-10 19:00:00,25.399999618530273,25.399999618530273,25.399999618530273,25.399999618530273,500,30.92659996032715,16.158499997854232,23.65049991607666,2.1954342841047323,19.2596313478672,28.041368484286124,55.834943388885016
2022-02-13 19:00:00,23.510000228881836,27.0,23.510000228881836,27.0,21000,30.759399948120116,16.27424999833107,23.75049991607666,2.303049495049645,19.14440092597737,28.35659890617595,60.28202087504491
2022-02-14 19:00:00,25.0,25.0,25.0,25.0,500,30.509399948120116,16.382199997901917,23.80349988937378,2.3197761074865033,19.163947674400774,28.443052104346783,58.22928342907061
2022-02-16 19:00:00,25.0,25.0,24.0,24.0,1000,30.183199920654296,16.485899997949602,23.71699991226196,2.276000983357353,19.164997945547256,28.269001878976667,58.59508906206921
2022-02-22 19:00:00,23.100000381469727,24.0,23.100000381469727,24.0,1000,29.798199920654298,16.59189999818802,23.624499893188478,2.2216956779862924,19.18110853721589,28.067891249161065,62.10653719479824
2022-02-27 19:00:00,22.0,22.899999618530273,22.0,22.899999618530273,3000,29.356199913024902,16.690749995708465,23.49449987411499,2.1818883893041408,19.13072309550671,27.85827665272327,58.22928342907061
2022-02-28 19:00:00,21.989999771118164,21.989999771118164,21.989999771118164,21.989999771118164,500,28.865999908447264,16.78504999399185,23.414499855041505,2.207385952468118,18.999727950105267,27.829271759977743,55.05434906550291
2022-03-09 19:00:00,21.989999771118164,21.989999771118164,20.350000381469727,20.350000381469727,1000,28.412599906921386,16.871149995326995,23.25699987411499,2.310914879081156,18.635170115952675,27.878829632277302,46.54800777753773
2022-03-13 19:00:00,20.0,20.0,20.0,20.0,2500,28.016599922180177,16.955499994754792,23.151999855041502,2.4117598320543947,18.328480190932712,27.975519519150293,41.47176367940485
2022-03-14 19:00:00,20.0,20.0,20.0,20.0,4000,27.655599937438964,17.039849994182585,23.102499866485594,2.4679735775334968,18.1665527114186,28.03844702155259,35.95505658110268
2022-03-16 19:00:00,20.5,20.5,20.5,20.5,500,27.3153999710083,17.126699993610384,23.127499866485596,2.437232880285827,18.25303410591394,28.001965627057253,34.93975947330571
2022-03-21 19:00:00,20.5,20.989999771118164,20.5,20.989999771118164,5000,26.975199966430665,17.215999991893767,23.176999855041505,2.3797459440659483,18.417507966909607,27.936491743173402,39.97335048972859
2022-04-07 19:00:00,20.0,20.0,20.0,20.0,1500,26.595199966430663,17.29999999165535,23.170499897003175,2.388667259621877,18.39316537775942,27.94783441624693,31.034482758620683
2022-05-05 19:00:00,18.510000228881836,18.510000228881836,18.510000228881836,18.510000228881836,500,26.1853999710083,17.37624999284744,23.014499950408936,2.588123575896006,17.838252798616924,28.190747102200948,18.3948875470318
2022-05-22 19:00:00,17.1299991607666,17.1299991607666,17.1299991607666,17.1299991607666,1000,25.727999954223634,17.44559998869896,22.721499919891357,2.9035283269708057,16.914443265949746,28.52855657383297,19.256505618382235
2022-05-24 19:00:00,18.399999618530273,18.399999618530273,18.399999618530273,18.399999618530273,500,25.31599994659424,17.521299986839296,22.416499900817872,3.0247301771957735,16.367039546426327,28.465960255209417,17.22561039877104
2022-05-26 19:00:00,19.25,19.25,19.25,19.25,500,24.96099994659424,17.601249986886977,22.11649990081787,3.026452318281094,16.06359526425568,28.16940453738006,25.981623167861954
2022-06-08 19:00:00,19.25,19.25,19.25,19.25,15500,24.65599994659424,17.68119998693466,21.87899990081787,3.057088252772226,15.764823395273417,27.993176406362323,28.350047987982137
2022-06-09 19:00:00,19.25,19.25,19.25,19.25,15500,24.39819995880127,17.761149986982346,21.56649990081787,2.9860804875088807,15.594338925800109,27.53866087583563,28.350047987982137
2022-06-19 19:00:00,18.0,18.0,17.809999465942383,17.809999465942383,1500,24.111599960327148,17.833899984359743,21.086499881744384,2.7603743110491954,15.565751259645992,26.607248503842776,27.497791624463844
2022-06-20 19:00:00,18.0,18.0,16.5,17.0,3500,23.811799964904786,17.902599984407424,20.666499900817872,2.7080665274964364,15.250366845824999,26.082632955810745,27.743089519979435
2022-06-23 19:00:00,15.850000381469727,16.399999618530273,15.8100004196167,16.399999618530273,1500,23.481799926757812,17.969599982500075,20.136499881744385,2.425854844202215,15.284790193339955,24.988209570148815,30.580137696665986
2022-06-28 19:00:00,15.199999809265137,15.199999809265137,15.199999809265137,15.199999809265137,1000,23.09819990158081,18.030949981212615,19.64649987220764,2.3811105564204675,14.884278759366707,24.408720985048575,28.221417531976
2022-06-29 19:00:00,15.899999618530273,15.899999618530273,15.899999618530273,15.899999618530273,500,22.77599992752075,18.09579997897148,19.241499853134155,2.2887236460889677,14.664052560956218,23.81894714531209,32.50853261761114
2022-06-30 19:00:00,15.699999809265137,15.699999809265137,15.699999809265137,15.699999809265137,500,22.419999923706055,18.15534997820854,18.82649984359741,2.1272821972730322,14.571935449051345,23.081064238143476,28.98423923895126
2022-07-17 19:00:00,15.5,15.5,15.5,15.5,1000,22.109999923706056,18.213899978399276,18.4564998626709,2.022445919714463,14.411608023241973,22.501391702099824,25.33693061878634
2022-07-18 19:00:00,14.699999809265137,14.699999809265137,14.699999809265137,14.699999809265137,2500,21.804999904632567,18.268449977636337,18.09199986457825,2.008978904571774,14.0740420554347,22.109957673721794,25.77696768744383
2022-07-20 19:00:00,14.5,14.5,14.5,14.5,500,21.53479990005493,18.321999977827073,17.799499845504762,2.08726338099186,13.624973083521041,21.974026607488483,29.222800026880762
2022-07-26 19:00:00,15.399999618530273,15.489999771118164,15.399999618530273,15.449999809265137,1000,21.268799896240235,18.381749976873397,17.57199983596802,2.0827553159284213,13.406489204111175,21.737510467824862,40.88937471341933
2022-07-27 19:00:00,16.489999771118164,16.489999771118164,16.489999771118164,16.489999771118164,500,21.048599891662597,18.44669997572899,17.396499824523925,2.014148098328319,13.368203627867288,21.424796021180562,39.3770862289213
2022-08-01 19:00:00,17.489999771118164,17.489999771118164,17.489999771118164,17.489999771118164,500,20.87339988708496,18.517249974012376,17.245999813079834,1.8778919103181932,13.490215992443447,21.001783633716222,40.371989352235985
2022-08-02 19:00:00,18.799999237060547,18.799999237060547,18.799999237060547,18.799999237060547,500,20.74939987182617,18.594349969625473,17.13649978637695,1.7038757045863733,13.728748377204205,20.5442511955497,47.84688606593148
2022-08-03 19:00:00,20.0,20.209999084472656,20.0,20.209999084472656,5000,20.674799842834474,18.67849996447563,17.146999740600585,1.7229902922736584,13.701019156053267,20.592980325147902,54.0472141208143
2022-08-04 19:00:00,21.719999313354492,21.719999313354492,19.030000686645508,21.0,10500,20.580199851989747,18.767749963998796,17.271499729156496,1.9068167345354552,13.457866260085584,21.085133198227407,64.22837107309041
2022-08-09 19:00:00,22.350000381469727,22.56999969482422,22.100000381469727,22.56999969482422,3000,20.514599838256835,18.869249962568283,17.543499755859376,2.243792024180958,13.055915707497459,22.031083804221293,73.26649964219284
2022-08-10 19:00:00,24.0,24.25,22.56999969482422,24.0,5500,20.484599838256838,18.97789996266365,17.823499774932863,2.6659870639911336,12.491525646950596,23.15547390291513,79.68750325962921
2022-08-14 19:00:00,22.75,23.489999771118164,22.5,22.6299991607666,4000,20.46539981842041,19.076049958467483,17.99249973297119,2.8611606700737227,12.270178392823745,23.714821073118635,78.64301926958844
2022-08-16 19:00:00,20.90999984741211,20.90999984741211,20.90999984741211,20.90999984741211,2500,20.413599815368652,19.17204995751381,18.075499725341796,2.922969715897933,12.22956029354593,23.921439157137662,67.90564800159896
2022-08-21 19:00:00,19.510000228881836,19.510000228881836,19.5,19.5,1500,20.361599807739257,19.254599957466127,18.087999725341795,2.9287855609486217,12.230428603444551,23.94557084723904,62.500000784271656
2022-08-22 19:00:00,20.489999771118164,20.489999771118164,20.489999771118164,20.489999771118164,500,20.35159980773926,19.339549956321715,18.221999740600587,2.9763198078402118,12.269360124920164,24.174639356281013,65.60350169651447
2022-08-29 19:00:00,19.0,19.0,19.0,19.0,500,20.33159980773926,19.417049956321716,18.321999740600585,2.9666844279865128,12.38863088462756,24.25536859657361,62.889689322283445
2022-08-30 19:00:00,19.75,20.420000076293945,19.75,20.420000076293945,3500,20.339999809265137,19.504149956703188,18.52299976348877,2.965792821713381,12.591414120062009,24.45458540691553,66.53631341468159
2022-08-31 19:00:00,20.0,20.0,20.0,20.0,500,20.337399826049804,19.589899957180023,18.762999773025513,2.8755760528296253,13.011847667366261,24.514151878684764,63.09729482070291
2022-09-04 19:00:00,18.510000228881836,18.510000228881836,18.510000228881836,18.510000228881836,1000,20.274999847412108,19.667449958324433,18.89349980354309,2.7969574522282934,13.299584899086504,24.487414707999676,55.66779038259573
2022-09-05 19:00:00,18.989999771118164,19.75,18.989999771118164,19.75,1000,20.210199851989746,19.754199957847597,19.095999813079835,2.6984544708890614,13.699090871301713,24.492908754857957,56.25692219189639
2022-09-06 19:00:00,18.5,18.75,18.5,18.75,2500,20.095199851989747,19.83094995737076,19.258499813079833,2.5650674589748608,14.128364895130112,24.388634731029555,49.85915707870268
2022-09-12 19:00:00,19.0,19.0,17.350000381469727,17.43000030517578,2000,19.93879985809326,19.904099959135056,19.394999837875368,2.3753414529393266,14.644316931996714,24.145682743754023,42.12910871088072
2022-09-13 19:00:00,16.700000762939453,17.0,16.1299991607666,17.0,5500,19.79879985809326,19.970099959373474,19.519999837875368,2.1602289614713177,15.199541914932732,23.840457760818005,38.43930584854858
2022-09-14 19:00:00,16.760000228881836,16.760000228881836,16.760000228881836,16.760000228881836,500,19.6239998626709,20.033899960517882,19.585499858856203,2.047232878371204,15.491034102113794,23.67996561559861,31.80964397072978
2022-09-15 19:00:00,16.0,16.0,15.510000228881836,15.510000228881836,1500,19.385999870300292,20.090199961662293,19.536499881744383,2.135066166767039,15.266367548210305,23.806632215278462,23.115895172885644
2022-09-18 19:00:00,16.489999771118164,16.670000076293945,16.489999771118164,16.649999618530273,3000,19.21099987030029,20.14944995880127,19.49449987411499,2.1851181378025175,15.124263598509955,23.864736149720024,30.784060152587912
2022-09-20 19:00:00,17.0,17.889999389648438,17.0,17.889999389648438,2000,19.02879985809326,20.214899954795836,19.448999881744385,2.2096769224503956,15.029646036843594,23.868353726645175,39.98673456558864
2022-09-26 19:00:00,17.0,18.0,17.0,18.0,1500,18.88879985809326,20.279949955940246,19.33849992752075,2.224824605785469,14.888850715949813,23.788149139091686,44.5573289808501
2022-09-27 19:00:00,18.899999618530273,18.899999618530273,18.899999618530273,18.899999618530273,500,18.78679985046387,20.346949954032898,19.233499908447264,2.1915897372706232,14.850320433906017,23.61667938298851,44.192840350305715
2022-09-28 19:00:00,18.899999618530273,18.899999618530273,18.899999618530273,18.899999618530273,500,18.684799842834472,20.41394995212555,19.049999904632568,2.0463548149481734,14.95729027473622,23.142709534528915,49.590162332581286
2022-10-04 19:00:00,19.5,19.5,19.5,19.5,500,18.616799850463867,20.48644995212555,18.82499990463257,1.6897725117252518,15.445454881182066,22.204544928083074,45.95782010483044
2022-10-05 19:00:00,20.0,20.0,20.0,20.0,1000,18.576999855041503,20.56269995212555,18.693499946594237,1.4655348007488667,15.762430345096504,21.62456954809197,50.0
2022-10-09 19:00:00,21.5,21.5,21.5,21.5,500,18.59999984741211,20.645199952125548,18.72299995422363,1.517515603359521,15.68796874750459,21.75803116094267,63.03400152621158
2022-10-11 19:00:00,20.0,20.0,20.0,20.0,500,18.59999984741211,20.71604995250702,18.747999954223634,1.535007604440772,15.677984745342089,21.818015163105176,51.06564369035064
2022-10-12 19:00:00,18.5,18.5,18.5,18.5,500,18.56999984741211,20.77609995365143,18.648499965667725,1.4796453029609,15.689209359745924,21.607790571589526,48.97792310156421
2022-10-18 19:00:00,19.100000381469727,19.799999237060547,19.100000381469727,19.799999237060547,1000,18.55599983215332,20.84759994983673,18.688499927520752,1.5003166786387139,15.687866570243324,21.68913328479818,59.70515605893317
2022-10-24 19:00:00,19.5,21.200000762939453,18.5,20.15999984741211,8500,18.539399833679198,20.923949949741363,18.67549991607666,1.4855778927109087,15.704344130654842,21.646655701498478,63.0148270440054
2022-10-25 19:00:00,18.649999618530273,18.649999618530273,18.649999618530273,18.649999618530273,3500,18.512399826049805,20.997699947357177,18.607999897003175,1.4525316659702505,15.702936565062675,21.513063228943675,57.04697767022411
2022-10-27 19:00:00,19.149999618530273,19.149999618530273,19.149999618530273,19.149999618530273,1000,18.525199813842775,21.07594994544983,18.639999866485596,1.457300972680335,15.725397921124927,21.554601811846265,64.37598512448841
2022-11-03 19:00:00,20.0,20.0,20.0,20.0,1500,18.58259983062744,21.1567999458313,18.652499866485595,1.4683533821271966,15.715793102231203,21.589206630739987,63.54082519883375
2022-11-07 19:00:00,19.0,21.5,19.0,20.700000762939453,3000,18.628599853515624,21.24079994916916,18.749999904632567,1.5382457530278124,15.673508398576942,21.82649141068819,61.87658891951538
2022-11-09 19:00:00,21.0,22.25,21.0,22.25,3000,18.688599853515626,21.336149948835374,18.99099988937378,1.6905897726681773,15.609820344037423,22.372179434710134,66.01356387864146
2022-11-17 19:00:00,21.0,23.90999984741211,21.0,23.459999084472656,2000,18.772799835205078,21.434449944496155,19.31399984359741,1.8949389053794556,15.5241220328385,23.103877654356324,66.78939429882534
2022-11-20 19:00:00,24.25,24.989999771118164,24.25,24.959999084472656,3000,18.88699981689453,21.540249940156937,19.723999786376954,2.179056652263531,15.365886481849891,24.082113090904016,70.0928365271937
2022-11-21 19:00:00,26.0,26.829999923706055,26.0,26.829999923706055,2500,19.067399826049805,21.65364993929863,20.289999771118165,2.476710424485163,15.336578922147838,25.243420620088493,72.41590138436177
2022-11-22 19:00:00,27.5,28.0,27.5,28.0,1000,19.287399826049803,21.77364993929863,20.85749979019165,2.868166230537021,15.121167329117608,26.59383225126569,73.50176200010264
2022-11-23 19:00:00,29.0,30.09000015258789,29.0,29.829999923706055,5000,19.55599983215332,21.90379993915558,21.454499816894533,3.4095276133281276,14.635444590238277,28.273555043550786,74.00576294108535
2022-12-15 19:00:00,32.060001373291016,29.829999923706055,29.829999923706055,29.829999923706055,500,19.84859983444214,22.03219993829727,22.045999813079835,3.784251859033866,14.477496095012103,29.614503531147566,81.00946273540262
2022-12-18 19:00:00,29.0,29.0,29.0,29.0,10000,20.110599842071533,22.15719993829727,22.55099983215332,4.00953456748785,14.53193069717762,30.570068967129018,84.58497954186441
2022-12-21 19:00:00,31.15999984741211,31.15999984741211,31.15999984741211,31.15999984741211,500,20.419799842834472,22.292999937534333,23.163999843597413,4.3451163144261935,14.473767214745026,31.8542324724498,85.4114712030803
2022-12-22 19:00:00,28.829999923706055,28.829999923706055,28.829999923706055,28.829999923706055,500,20.686399841308592,22.416049938201905,23.630499839782715,4.431032296601895,14.768435246578925,32.492564432986505,74.06996103861857
2022-12-26 19:00:00,27.75,27.75,27.75,27.75,1000,20.94739984512329,22.534299938678743,24.017999839782714,4.435701597269829,15.146596645243056,32.88940303432237,75.88168492878853
2022-12-28 19:00:00,29.799999237060547,29.799999237060547,29.799999237060547,29.799999237060547,500,21.253399829864502,22.665649935007096,24.43299980163574,4.573839910499223,15.285319980637295,33.580679622634186,77.83586013002076
2023-01-02 19:00:00,31.950000762939453,31.989999771118164,31.950000762939453,31.989999771118164,1000,21.584199829101564,22.807949934005737,25.03249979019165,4.744797569762839,15.542904650665973,34.522094929717326,79.28676153715347
2023-01-03 19:00:00,29.600000381469727,34.33000183105469,29.600000381469727,29.6200008392334,13000,21.846799850463867,22.938299938440323,25.58849983215332,4.587958306465198,16.412583219222924,34.76441644508372,70.14453724176164
2023-01-04 19:00:00,27.40999984741211,27.40999984741211,27.40999984741211,27.40999984741211,1500,22.045199851989747,23.057599937915803,25.9689998626709,4.394095228809715,17.18080940505147,34.75719032029033,61.3157895177135
2023-01-05 19:00:00,25.360000610351562,27.0,25.360000610351562,27.0,3000,22.209199867248536,23.171499938964843,26.310999870300293,4.179099529794501,17.95280081071129,34.66919892988929,58.04545662619851
2023-01-08 19:00:00,27.0,28.989999771118164,25.0,25.0,1500,22.30499988555908,23.276499938964843,26.628499889373778,3.7894886148447204,19.049522659684335,34.20747711906322,50.088890923394096
2023-01-10 19:00:00,23.1299991607666,23.1299991607666,23.1299991607666,23.1299991607666,500,22.347599868774413,23.372149934768675,26.827499866485596,3.4668640198309197,19.893771826823755,33.76122790614743,41.77777608235677
2023-01-11 19:00:00,23.989999771118164,24.860000610351562,23.0,23.0,3500,22.35619987487793,23.46764993429184,26.977499866485594,3.211400557791211,20.55469875090317,33.40030098206802,38.350418887907274
2023-01-16 19:00:00,24.719999313354492,24.719999313354492,22.0,22.0,2000,22.31619987487793,23.556149933338165,27.042499828338624,3.088457180280317,20.86558546777799,33.21941418889926,31.02278176870489
2023-01-17 19:00:00,23.649999618530273,23.649999618530273,23.649999618530273,23.649999618530273,500,22.336599884033202,23.651899931430815,27.112499809265138,2.9883615512289423,21.135776706807253,33.08922291172302,36.131057801227556
2023-01-18 19:00:00,21.8799991607666,24.899999618530273,21.8799991607666,22.0,42000,22.35839988708496,23.73904993057251,27.039499855041505,3.0980987662656574,20.84330232251019,33.23569738757282,34.84848384764594
2023-01-19 19:00:00,20.350000381469727,22.0,20.350000381469727,20.350000381469727,22000,22.375399894714356,23.81579993247986,26.808999919891356,3.4161272216482312,19.976745476594893,33.64125436318782,26.073483165895013
2023-01-22 19:00:00,18.829999923706055,21.75,18.829999923706055,21.75,2500,22.400599899291993,23.900299932956695,26.554999923706056,3.5984740766293317,19.358051770447393,33.75194807696472,33.65650831708872
2023-01-23 19:00:00,21.0,21.0,21.0,21.0,1000,22.440599899291993,23.980299932956697,26.204999923706055,3.7860637582919106,18.632872407122235,33.777127440289874,34.17721371838948
2023-01-25 19:00:00,21.0,21.489999771118164,21.0,21.489999771118164,1000,22.461999893188477,24.059549932479857,25.78799991607666,3.8248778320140904,18.13824425204848,33.43775558010484,28.983307852169958
2023-01-26 19:00:00,21.489999771118164,23.100000381469727,21.489999771118164,23.100000381469727,2500,22.52399990081787,24.14849993467331,25.451499938964844,3.7457839521764464,17.959932034611953,32.943067843317735,26.83689414840505
2023-01-29 19:00:00,21.510000228881836,21.510000228881836,21.5,21.5,1000,22.583799896240233,24.227149934768676,25.076499938964844,3.7472589982246887,17.581981942515466,32.57101793541422,27.95873831270059
2023-01-30 19:00:00,20.010000228881836,20.010000228881836,20.0,20.0,3000,22.588799896240236,24.294649934768678,24.51849994659424,3.622529289847534,17.27344136689917,31.76355852628931,29.07961538544383
2023-02-08 19:00:00,19.510000228881836,19.510000228881836,19.260000228881836,19.260000228881836,3000,22.598999900817873,24.358199934959412,24.039999961853027,3.65495477098419,16.730090419884647,31.349909503821408,28.547671295300205
2023-02-09 19:00:00,20.68000030517578,20.68000030517578,20.68000030517578,20.68000030517578,500,22.66399990081787,24.43439993619919,23.686499977111815,3.618966454713146,16.448567067685524,30.924432886538106,37.62886620462072
2023-02-12 19:00:00,19.510000228881836,21.75,19.5,21.15999984741211,2500,22.747199897766112,24.517999935150147,23.254500007629396,3.3569824799079093,16.540535047813577,29.968464967445215,43.87056756507508
2023-02-13 19:00:00,20.0,22.0,20.0,20.920000076293945,7000,22.830399894714354,24.59659993648529,22.701000022888184,2.6865256881341324,17.32794864661992,28.07405139915645,43.57231109495851
2023-02-19 19:00:00,20.920000076293945,22.479999542236328,20.920000076293945,22.290000915527344,4000,22.965999908447266,24.68424993991852,22.33450002670288,2.136658584315781,18.06118285807132,26.60781719533444,50.87613573684627
2023-03-02 19:00:00,20.6200008392334,21.0,20.6200008392334,21.0,1500,23.05299991607666,24.764249939918518,22.014000034332277,1.7874809561257967,18.43903812208068,25.588961946583872,41.81593721088619
2023-03-05 19:00:00,22.56999969482422,22.56999969482422,21.0,21.0,1500,23.11519992828369,24.84424993991852,21.714000034332276,1.3586889116412881,18.9966222110497,24.43137785761485,46.56121067044743
2023-03-06 19:00:00,20.0,20.0,20.0,20.0,3500,23.155199928283693,24.918749940395355,21.464000034332276,1.169000381726234,19.12599927087981,23.802000797784743,48.74009953640035
2023-03-07 19:00:00,18.5,18.5,18.5,18.5,500,23.147199935913086,24.983449940681457,21.232500076293945,1.2753239930937752,18.681852090106396,23.783148062481494,38.384561793861856
2023-03-14 19:00:00,18.959999084472656,19.850000381469727,18.959999084472656,19.5,1500,23.15919994354248,25.05469994068146,21.057500076293945,1.2600663097403375,18.53736745681327,23.577632695774618,44.73314668821899
2023-03-15 19:00:00,20.5,20.959999084472656,20.5,20.959999084472656,1000,23.188399925231934,25.132499935626985,21.005500030517577,1.2404306390569906,18.524638752403597,23.486361308631558,48.25772303719605
2023-03-21 19:00:00,22.0,22.0,20.5,21.5,5000,23.218399925231935,25.209999935626982,20.898000049591065,1.0822666873098026,18.73346667497146,23.06253342421067,44.34229054204712
2023-03-26 19:00:00,21.440000534057617,23.0,21.440000534057617,23.0,1000,23.248399925231933,25.293749935626984,20.948000049591066,1.1564173888524947,18.635165271886077,23.260834827296055,55.34187999354436
2023-03-29 19:00:00,24.0,24.719999313354492,23.0,23.899999618530273,4000,23.32639991760254,25.378149933815003,21.125500011444093,1.3205918826590703,18.484316246125953,23.766683776762232,64.50892657573742
2023-04-03 19:00:00,22.110000610351562,22.110000610351562,22.110000610351562,22.110000610351562,1000,23.39859992980957,25.453599936962128,21.14350004196167,1.3319565478515092,18.47958694625865,23.80741313766469,59.83437000168357
2023-04-04 19:00:00,20.5,20.549999237060547,20.459999084472656,20.5,4000,23.412599945068358,25.522599937915803,21.11850004196167,1.3394629069712856,18.4395742280191,23.79742585590424,49.386919954244426
2023-04-05 19:00:00,19.0,19.0,19.0,19.0,2000,23.38939994812012,25.586349937915802,20.994000053405763,1.4166134959251306,18.160773061555503,23.827227045256024,43.12101992851209
2023-04-06 19:00:00,18.0,18.0,18.0,18.0,1500,23.376399955749513,25.643849937915803,20.739000034332275,1.4753658044763673,17.788268425379542,23.689731643285008,41.13001245338671
2023-04-09 19:00:00,17.260000228881836,17.260000228881836,16.649999618530273,16.65999984741211,4000,23.326599960327147,25.699649937152863,20.49700002670288,1.7205449318325943,17.055910163037694,23.93808989036807,32.86670431058461
2023-04-10 19:00:00,16.0,16.0,16.0,16.0,1000,23.24659996032715,25.747149937152862,20.297000026702882,1.9923699534958066,16.31226011971127,24.281739933694496,34.17721442583371
2023-04-11 19:00:00,15.25,15.25,14.800000190734863,15.0,6500,23.13259994506836,25.785149936676024,20.084000015258788,2.311261710624405,15.461476594009977,24.7065234365076,32.142856331909556
2023-04-12 19:00:00,14.25,14.25,13.880000114440918,13.880000114440918,12500,22.965199947357178,25.799249935150147,19.744000005722047,2.688367549070761,14.367264907580525,25.120735103863566,31.914893017407095
2023-04-16 19:00:00,13.5,13.5,13.020000457763672,13.020000457763672,5500,22.756399974822997,25.799049935340882,19.337000036239623,3.054015616796853,13.228968802645916,25.44503126983333,33.16953331346316
2023-04-17 19:00:00,12.300000190734863,12.5,12.300000190734863,12.5,14000,22.507199993133543,25.7912499332428,18.916000032424925,3.386560719805266,12.142878592814395,25.689121472035456,27.848100196167195
2023-04-25 19:00:00,13.489999771118164,13.489999771118164,13.489999771118164,13.489999771118164,1000,22.240399990081787,25.783149933815004,18.475999975204466,3.495054193835357,11.485891587533752,25.466108362875183,25.63600994608288
2023-04-27 19:00:00,13.489999771118164,13.489999771118164,13.489999771118164,13.489999771118164,1500,21.95019998550415,25.769399933815002,18.100499963760377,3.6111107000854923,10.878278563589394,25.32272136393136,22.9208899052245
2023-05-01 19:00:00,12.479999542236328,13.239999771118164,12.479999542236328,12.65999984741211,16500,21.60679998397827,25.745449929237367,17.68349995613098,3.7379733476404757,10.207553260850029,25.159446651411933,13.385265811745754
2023-05-02 19:00:00,12.020000457763672,12.020000457763672,11.899999618530273,11.949999809265137,3000,21.249199981689454,25.71144992828369,17.28099994659424,3.90507885581857,9.4708422349571,25.091157658231378,7.106962076142921
2023-05-03 19:00:00,12.010000228881836,12.199999809265137,11.800000190734863,11.800000190734863,5000,20.90519998550415,25.669699931144713,16.945999956130983,4.078532204078375,8.788935547974233,25.103064364287732,8.055327698869235
2023-05-04 19:00:00,12.0,12.800000190734863,12.0,12.800000190734863,4000,20.537999992370604,25.625399932861328,16.610999965667723,4.132515302692447,8.34596936028283,24.876030571052617,17.03767021923977
2023-05-07 19:00:00,12.760000228881836,12.760000228881836,12.510000228881836,12.510000228881836,2000,20.21159999847412,25.57154993057251,16.188500022888185,4.096277214133361,7.995945594621462,24.38105445115491,19.006684829290464
2023-05-08 19:00:00,12.5,12.5,12.350000381469727,12.350000381469727,2000,19.903600006103517,25.50819993019104,15.73100004196167,3.98118057156609,7.768638898829489,23.69336118509385,20.664589247583592
2023-05-09 19:00:00,12.25,12.25,12.25,12.25,500,19.552600021362306,25.434999933242796,15.19350004196167,3.6609392814518493,7.871621479057971,22.51537860486537,23.718711750723386
2023-05-14 19:00:00,13.0,13.25,13.0,13.0,2000,19.172800025939942,25.355499935150146,14.648500061035156,3.058335116402257,8.531829828230642,20.76517029383967,32.311319799854346
2023-05-16 19:00:00,12.890000343322754,13.989999771118164,12.890000343322754,13.989999771118164,5500,18.860200004577635,25.270149936676024,14.242500019073486,2.504498810068741,9.233502398936004,19.251497639210967,44.037778566939274
2023-05-21 19:00:00,12.9399995803833,12.9399995803833,12.9399995803833,12.9399995803833,1500,18.57079999923706,25.167949929237366,13.86449999809265,2.0372878328971114,9.789924332298428,17.939075663886875,44.40475847175046
2023-05-23 19:00:00,12.010000228881836,12.010000228881836,11.9399995803833,11.949999809265137,4500,18.269799995422364,25.048299922943116,13.511999988555909,1.6806502209170744,10.15069954672176,16.873300430390056,43.72801475970369
2023-05-24 19:00:00,11.510000228881836,11.510000228881836,10.949999809265137,11.4399995803833,9000,17.99859998703003,24.91264992237091,13.183999967575073,1.370103327831811,10.44379331191145,15.924206623238694,43.779339898388905
2023-05-25 19:00:00,10.510000228881836,10.510000228881836,10.4399995803833,10.449999809265137,3000,17.745,24.757599925994874,12.873499965667724,1.2382172270754639,10.397065511516796,15.349934419818652,32.15962359860518
2023-05-30 19:00:00,10.010000228881836,10.010000228881836,10.010000228881836,10.010000228881836,500,17.485200004577635,24.584849920272827,12.573999977111816,1.1644081293469462,10.245183718417923,14.902816235805709,30.580357713054696
2023-05-31 19:00:00,9.75,10.5,9.75,10.5,6500,17.255200004577638,24.397849912643434,12.348999977111816,1.1041686402495943,10.140662696612628,14.557337257611005,37.47099701241016
2023-06-04 19:00:00,10.989999771118164,11.5,10.989999771118164,11.489999771118164,2500,17.012000007629396,24.19784990310669,12.229499959945679,1.058123815942841,10.113252328059996,14.345747591831362,47.41572973508745
2023-06-05 19:00:00,11.989999771118164,12.489999771118164,11.489999771118164,11.699999809265137,6000,16.8060000038147,23.979599909782408,12.163499927520752,1.0473337947368953,10.068832338046962,14.258167516994542,49.441962099957
2023-06-06 19:00:00,11.75,11.75,11.550000190734863,11.550000190734863,1000,16.63,23.739849910736083,12.115999937057495,1.0527977293793336,10.010404478298828,14.221595395816163,42.293463625726865
2023-06-07 19:00:00,11.550000190734863,12.550000190734863,11.550000190734863,12.550000190734863,3500,16.446000003814696,23.482799916267396,12.06899995803833,1.0082705055890862,10.052458946860156,14.085540969216503,50.22675718572616
2023-06-08 19:00:00,12.489999771118164,12.550000190734863,12.489999771118164,12.550000190734863,4000,16.277000007629393,23.249699926376344,12.021999979019165,0.959262864772565,10.103474249474036,13.940525708564294,51.15473345735506
2023-06-11 19:00:00,12.5,13.399999618530273,12.25,13.399999618530273,3000,16.115200004577638,23.04299991607666,12.058999967575073,0.9986300833026025,10.061739800969868,14.056260134180278,56.11052003334719
2023-06-20 19:00:00,14.0,14.0,14.0,14.0,1000,15.933199996948241,22.855899925231935,12.161499977111816,1.088056061697182,9.985387853717452,14.337612100506181,55.399569013282644
2023-06-21 19:00:00,14.75,14.75,14.75,14.75,1000,15.798199996948242,22.720899925231933,12.308999967575073,1.2274916486741747,9.854016670226724,14.763983264923422,54.21286225620771
2023-06-22 19:00:00,15.0,15.0,13.899999618530273,13.899999618530273,11000,15.676199989318848,22.597299928665162,12.363999938964843,1.2743972349573354,9.815205469050174,14.912794408879513,55.44217786374544
2023-07-02 19:00:00,14.5,14.9399995803833,14.5,14.90999984741211,5500,15.589199981689454,22.49319993019104,12.483999919891357,1.3960560514607145,9.691887816969928,15.276112022812786,66.74208318090545
2023-07-03 19:00:00,15.5,15.5,15.5,15.5,1000,15.485599975585938,22.391249933242797,12.641499900817871,1.5494082606402164,9.542683379537438,15.740316422098305,72.75785212422956
2023-07-05 19:00:00,14.5,15.0,14.5,15.0,1000,15.362399978637695,22.3002499294281,12.77899990081787,1.632624279950025,9.513751340917821,16.04424846071792,76.98695457149984
2023-07-09 19:00:00,14.0,14.0,14.0,14.0,3000,15.223999977111816,22.207949934005736,12.828999900817871,1.6549094258651436,9.519181049087585,16.138818752548158,72.19132298499431
2023-07-11 19:00:00,14.0,14.0,13.550000190734863,13.550000190734863,2500,15.049199962615967,22.119449934959412,12.806999921798706,1.6415336167937413,9.523932688211223,16.090067155386187,67.0391075739324
2023-07-12 19:00:00,13.399999618530273,13.399999618530273,13.0,13.0,15000,14.889199962615967,22.019949927330018,12.809999942779541,1.6418442743756065,9.526311394028328,16.093688491530756,58.871916499820365
2023-07-16 19:00:00,12.100000381469727,12.100000381469727,12.0,12.0,10500,14.709199962615967,21.90314992427826,12.812499952316283,1.6405033643656233,9.531493223585038,16.09350668104753,51.61290421818345
2023-07-17 19:00:00,12.5,13.0,12.5,12.5,2000,14.559199962615967,21.77814992427826,12.86549997329712,1.6106797091872962,9.644140554922526,16.086859391671712,54.92227851261207
2023-07-18 19:00:00,12.5,12.5,12.5,12.5,500,14.439199962615966,21.639099917411805,12.967999982833863,1.5110177388471937,9.945964505139475,15.99003546052825,49.71098157556468
2023-07-24 19:00:00,12.75,12.75,12.75,12.75,1000,14.304199962615966,21.486599917411805,13.10499997138977,1.3436536804344499,10.41769261052087,15.79230733225867,51.12359436183493
2023-07-25 19:00:00,13.25,13.25,13.25,13.25,3000,14.149999980926514,21.327849917411804,13.24249997138977,1.195596618370315,10.85130673464914,15.633693208130401,49.12280936577209
2023-07-30 19:00:00,12.25,12.25,12.25,12.25,500,13.964999980926514,21.156599917411803,13.280499982833863,1.1480989648149442,10.984302053203974,15.576697912463752,40.223464520548006
2023-08-03 19:00:00,11.75,11.75,11.75,11.75,1000,13.739999980926514,21.000249915122986,13.282999992370605,1.1445251330855124,10.993949726199581,15.57205025854163,32.75862220162384
2023-08-07 19:00:00,11.0,11.0,11.0,11.0,1000,13.481999988555907,20.85624991893768,13.255499982833863,1.1938988202573957,10.86770234231907,15.643297623348655,33.13953784944677
2023-08-09 19:00:00,11.0,11.0,11.0,11.0,7500,13.259799976348877,20.72099992275238,13.17799997329712,1.288653288342767,10.600693396611586,15.755306549982652,24.242425765439847
2023-08-10 19:00:00,11.5,12.0,11.5,11.800000190734863,4000,13.085799980163575,20.59244993209839,13.14049997329712,1.3184578976057255,10.503584178085669,15.77741576850857,26.282053084690062
2023-08-14 19:00:00,12.489999771118164,12.800000190734863,12.489999771118164,12.800000190734863,1500,12.961799983978272,20.46644993305206,13.110500001907349,1.3190685189856384,10.472362963936073,15.748637039878625,36.74698940536799
2023-08-16 19:00:00,13.789999961853027,13.789999961853027,13.789999961853027,13.789999961853027,1000,12.877599983215331,20.340399932861327,13.1,1.3124344263510865,10.475131147297827,15.724868852702173,48.73341351560132
2023-08-17 19:00:00,14.479999542236328,14.479999542236328,14.479999542236328,14.479999542236328,500,12.833999977111816,20.21779993057251,13.086499977111817,1.2958527383474976,10.494794500416821,15.678205453806813,55.451344552255485
2023-08-21 19:00:00,14.0,14.300000190734863,14.0,14.300000190734863,4500,12.799999980926513,20.089299931526185,13.106500005722046,1.3120544988110998,10.482391008099846,15.730609003344245,57.96568852314747
2023-08-22 19:00:00,14.899999618530273,14.899999618530273,14.899999618530273,14.899999618530273,500,12.797999973297118,19.968799929618836,13.105999994277955,1.3113327357089564,10.483334522860043,15.728665465695867,68.68556859402321
2023-08-23 19:00:00,14.489999771118164,14.75,14.489999771118164,14.6899995803833,4000,12.814199962615966,19.85724992752075,13.065499973297118,1.2442983852354739,10.57690320282617,15.554096743768067,64.65863494832858
2023-08-24 19:00:00,14.0,15.789999961853027,14.0,15.460000038146973,3500,12.862999954223632,19.762049927711487,13.088499975204467,1.2855072962185274,10.517485382767411,15.659514567641523,67.96116785769881
2023-08-30 19:00:00,16.489999771118164,16.489999771118164,16.489999771118164,16.489999771118164,500,12.942799949645996,19.683799929618836,13.212999963760376,1.4837260136380794,10.245547936484218,16.180451991036534,70.73170938007564
2023-09-13 19:00:00,17.260000228881836,17.260000228881836,17.260000228881836,17.260000228881836,3000,13.018199958801269,19.609399933815002,13.398499965667725,1.738175870305607,9.92214822505651,16.87485170627894,71.58235014530959
2023-09-14 19:00:00,18.25,18.25,18.25,18.25,2500,13.113399963378907,19.540699934959413,13.660999965667724,2.044298581635088,9.572402802397548,17.7495971289379,82.32759045930933
2023-09-25 19:00:00,18.0,18.0,18.0,18.0,3500,13.220199966430664,19.466199927330017,13.960999965667725,2.2203837688516446,9.520232427964435,18.401767503371012,84.60687068047787
2023-10-01 19:00:00,17.489999771118164,17.489999771118164,16.649999618530273,16.649999618530273,22000,13.314199962615966,19.377549920082092,14.168499946594238,2.2700226167472963,9.628454713099647,18.70854518008883,79.33541075241642
2023-10-02 19:00:00,15.399999618530273,15.600000381469727,15.399999618530273,15.399999618530273,10000,13.386199951171875,19.294499926567077,14.313499927520752,2.25037131919859,9.81275728912357,18.814242565917933,70.22058804193993
2023-10-03 19:00:00,14.25,14.260000228881836,14.25,14.25,5000,13.415199947357177,19.198249926567076,14.388499927520751,2.2203158929897935,9.947868141541164,18.829131713500338,60.908281910918994
2023-10-04 19:00:00,13.550000190734863,13.550000190734863,13.550000190734863,13.550000190734863,1000,13.435999946594238,19.11099992752075,14.403499937057495,2.2132216378476235,9.977056661362248,18.82994321275274,53.4309245651358
2023-10-08 19:00:00,13.550000190734863,14.0,12.529999732971191,12.779999732971191,7000,13.444599933624268,19.02514992237091,14.429999923706054,2.189121384608032,10.05175715448999,18.808242692922118,45.284779107282404
2023-10-09 19:00:00,12.800000190734863,13.699999809265137,12.5,13.0,14500,13.459599933624268,18.950099921226503,14.492499923706054,2.1254989690986674,10.24150198550872,18.74349786190339,42.77343957364796
2023-10-11 19:00:00,13.75,14.0,13.75,14.0,3500,13.479599933624268,18.876349921226502,14.642499923706055,1.9659224691961326,10.71065498531379,18.57434486209832,48.64376049117157
2023-10-15 19:00:00,14.899999618530273,14.899999618530273,14.899999618530273,14.899999618530273,500,13.49779993057251,18.81334991931915,14.837499904632569,1.7691831670118474,11.299133570608873,18.375866238656265,50.0
2023-10-17 19:00:00,13.779999732971191,13.779999732971191,13.779999732971191,13.779999732971191,500,13.514599933624268,18.750999917984007,14.936499881744385,1.641021098714484,11.654457684315418,18.218542079173353,46.291769301294856
2023-10-19 19:00:00,13.069999694824219,13.069999694824219,13.069999694824219,13.069999694824219,1000,13.53699993133545,18.69134991645813,14.949999856948853,1.6235374262389706,11.702925004470913,18.197074709426794,40.212938837609265
2023-10-22 19:00:00,14.069999694824219,14.069999694824219,14.069999694824219,14.069999694824219,2500,13.589599933624267,18.641999912261962,14.963999843597412,1.614188442820472,11.735622957956467,18.192376729238354,40.0656813807074
2023-10-23 19:00:00,14.100000381469727,14.100000381469727,14.100000381469727,14.100000381469727,500,13.66259994506836,18.58384991645813,14.944999885559081,1.6224007724178477,11.700198340723386,18.189801430394777,36.18881250046893
2023-10-25 19:00:00,13.199999809265137,13.199999809265137,13.199999809265137,13.199999809265137,500,13.726399936676025,18.520599913597106,14.889999866485596,1.6635409551296454,11.562917956226304,18.217081776744887,27.753305741480006
2023-10-26 19:00:00,12.210000038146973,12.210000038146973,12.210000038146973,12.210000038146973,1500,13.760599937438965,18.45414991378784,14.755499887466431,1.7681464555351736,11.219206976396084,18.29179279853678,26.054592919540738
2023-10-30 19:00:00,13.210000038146973,13.210000038146973,13.210000038146973,13.210000038146973,500,13.79499994277954,18.402249913215638,14.681499910354614,1.8016842330672276,11.078131444220158,18.28486837648907,35.349236081737516
2023-10-31 19:00:00,14.210000038146973,14.210000038146973,14.210000038146973,14.210000038146973,4000,13.845199947357179,18.355799913406372,14.618999910354614,1.7949253043906712,11.029149301573272,18.208850519135957,44.82158613873893
2023-11-01 19:00:00,14.989999771118164,15.279999732971191,14.850000381469727,15.279999732971191,17000,13.919799938201905,18.32169991016388,14.558499908447265,1.748329358956611,11.061841190534043,18.055158626360488,54.5135830878869
2023-11-02 19:00:00,16.43000030517578,16.43000030517578,16.200000762939453,16.43000030517578,18500,13.997399940490723,18.298899912834166,14.516999912261962,1.6896966429756795,11.137606626310603,17.89639319821332,62.14165149512552
2023-11-06 19:00:00,15.199999809265137,15.25,15.199999809265137,15.199999809265137,26000,14.050399932861328,18.274899911880492,14.36449990272522,1.456609153704559,11.451281595316102,17.27771821013434,59.82142760382082
2023-11-14 19:00:00,16.329999923706055,16.329999923706055,15.0,15.0,5500,14.082399940490722,18.249899911880494,14.214499902725219,1.1931712217274646,11.82815745927029,16.600842346180148,58.130080544378956
2023-11-15 19:00:00,15.5,16.1299991607666,15.5,16.1299991607666,10000,14.124999923706055,18.229899911880494,14.188499879837035,1.1418694791502053,11.904760921536624,16.472238838137446,58.56797710567908
2023-11-16 19:00:00,16.1299991607666,17.0,16.0,16.0,5500,14.149999923706055,18.20174991607666,14.218499898910522,1.1825319242711674,11.853436050368188,16.583563747452857,54.71698282960899
2023-11-19 19:00:00,15.0,15.800000190734863,15.0,15.5,10000,14.181999931335449,18.16429991722107,14.280999898910522,1.2168202422970382,11.847359414316447,16.714640383504598,57.78985630874999
2023-11-20 19:00:00,15.479999542236328,15.479999542236328,15.479999542236328,15.479999542236328,1500,14.193399925231933,18.119199914932253,14.377499866485596,1.2322289012345273,11.913042064016542,16.841957668954652,61.642510911047346
2023-11-26 19:00:00,15.0,15.0,15.0,15.0,4500,14.183399925231933,18.06794991493225,14.488499879837036,1.179617532041232,12.129264815754572,16.8477349439195,54.730418679520994
2023-11-27 19:00:00,15.0,15.050000190734863,15.0,15.0,9000,14.183399925231933,18.02294991493225,14.588499879837036,1.1305437303102799,12.327412419216476,16.849587340457596,54.59183514589856
2023-11-28 19:00:00,15.100000381469727,15.100000381469727,15.0,15.0,12500,14.203399925231933,17.97044991493225,14.638499879837036,1.1252474262896865,12.388005027257663,16.88899473241641,60.11236213912396
2023-12-03 19:00:00,16.0,16.1299991607666,16.0,16.1299991607666,7000,14.254999904632568,17.914049911499024,14.699999856948853,1.1728955776431302,12.354208701662593,17.045791012235114,71.68141574248679
2023-12-07 19:00:00,17.34000015258789,17.34000015258789,17.34000015258789,17.34000015258789,500,14.341799907684326,17.873749914169313,14.877999877929687,1.2901961880295412,12.297607501870605,17.45839225398877,72.32432724456037
2024-03-20 19:00:00,17.0,17.0,17.0,17.0,500,14.441799907684326,17.823749914169312,15.074499893188477,1.299580754351515,12.475338384485447,17.673661401891508,66.23981502935352
2024-04-16 19:00:00,16.5,16.899999618530273,16.5,16.899999618530273,16500,14.529799900054932,17.78324991226196,15.21599988937378,1.3379535871274415,12.540092715118897,17.891907063628665,60.62992066856325
2024-05-01 19:00:00,17.5,17.5,17.5,17.5,500,14.629799900054932,17.750749912261963,15.385999870300292,1.4031070401872003,12.579785789925891,18.19221395067469,57.56718345834965
2024-05-14 19:00:00,18.809999465942383,18.809999465942383,18.809999465942383,18.809999465942383,500,14.75099988937378,17.724799909591674,15.666499853134155,1.500474488373778,12.6655508763866,18.66744882988171,75.24475755793705
2024-06-03 19:00:00,17.309999465942383,17.309999465942383,17.309999465942383,18.809999465942383,100,14.862199878692627,17.704349908828735,15.996499824523926,1.424101736041366,13.148296352441195,18.84470329660666,77.41007261373494
2024-06-04 19:00:00,18.809999465942383,18.809999465942383,18.809999465942383,18.809999465942383,1,14.993399868011474,17.688449907302857,16.276499795913697,1.3976756801456633,13.48114843562237,19.071851156205025,73.0240588118856
2024-06-11 19:00:00,16.360000610351562,17.3700008392334,16.360000610351562,17.65999984741211,18,15.111599864959716,17.674999904632568,16.44899978637695,1.3409536088367149,13.767092568703521,19.130907004050382,62.13450153786951
2024-06-12 19:00:00,16.15999984741211,19.149999618530273,16.15999984741211,17.65999984741211,23,15.244799861907959,17.66329990386963,16.567999792099,1.3373523535962577,13.893295084906484,19.242704499291513,67.03469870210043
2024-06-13 19:00:00,16.15999984741211,17.549999237060547,16.15999984741211,17.65999984741211,11,15.377999858856201,17.65159990310669,16.629499769210817,1.3587821628292789,13.91193544355226,19.347064094869374,67.24683869020673
2024-06-19 19:00:00,16.15999984741211,16.5,16.15999984741211,17.65999984741211,491,15.495199851989746,17.63739990234375,16.752499771118163,1.3336805152963438,14.085138740525476,19.41986080171085,72.7739707012968
2024-06-25 19:00:00,17.65999984741211,17.65999984741211,17.65999984741211,17.65999984741211,439,15.59239984512329,17.62074990272522,16.88549976348877,1.2813211028185343,14.322857557851702,19.44814196912584,72.7739707012968
2024-06-27 19:00:00,16.06999969482422,19.0,16.06999969482422,16.09000015258789,1050,15.638399848937988,17.60119990348816,16.883499813079833,1.2825929755203984,14.318313862039037,19.44868576412063,57.35492695704012
2024-07-18 19:00:00,15.989999771118164,15.989999771118164,15.989999771118164,16.09000015258789,609,15.67059986114502,17.58909990310669,16.88799982070923,1.2794841655166012,14.329031489676026,19.446968151742432,49.681536593907
2024-07-22 19:00:00,16.489999771118164,16.5,16.489999771118164,16.09000015258789,90,15.70639986038208,17.583899908065796,16.917499828338624,1.2523109128280612,14.4128780026825,19.422121653994747,37.67258308441241
2024-07-24 19:00:00,15.510000228881836,16.0,15.510000228881836,16.09000015258789,110,15.730199871063233,17.572349910736083,16.9479998588562,1.2225321743472206,14.502935510161759,19.39306420755064,40.38055036489639
2024-08-01 19:00:00,15.0,15.0,15.0,16.09000015258789,200,15.758199882507324,17.556549911499022,17.002499866485596,1.153465452638708,14.695568961208181,19.30943077176301,41.252703965844034
2024-08-04 19:00:00,15.0,15.0,15.0,15.0,801,15.748999881744385,17.535299911499024,17.002499866485596,1.153465452638708,14.695568961208181,19.30943077176301,25.585932406828604
2024-08-05 19:00:00,13.5,14.020000457763672,13.5,15.0,159,15.719199886322022,17.514049911499022,17.002499866485596,1.153465452638708,14.695568961208181,19.30943077176301,0.0
2024-08-06 19:00:00,14.0,16.5,14.0,16.5,1403,15.703999881744386,17.507499914169312,17.020999908447266,1.1416417555312175,14.73771639738483,19.3042834195097,28.24859041174669
2024-08-07 19:00:00,17.899999618530273,18.149999618530273,17.899999618530273,17.959999084472656,661,15.698199863433837,17.512299909591675,17.051999855041505,1.1590447615104904,14.733910332020525,19.370089378062485,43.72230012207597
2024-08-08 19:00:00,19.760000228881836,19.760000228881836,16.200000762939453,19.020000457763672,17819,15.718599872589111,17.52539991378784,17.152999877929688,1.2394950737558528,14.674009730417982,19.631990025441393,60.17964482200554
2024-08-11 19:00:00,20.81999969482422,20.920000076293945,20.81999969482422,20.920000076293945,1080,15.803999881744385,17.553999915122986,17.353999900817872,1.4957637355410525,14.362472429735767,20.345527371899976,68.9976705004078
2024-08-12 19:00:00,23.010000228881836,23.010000228881836,19.0,22.989999771118164,4412,15.955799884796143,17.589449915885925,17.628499889373778,1.9567030209722236,13.71509384742933,21.541905931318226,75.0234747165259
2024-08-14 19:00:00,25.290000915527344,25.290000915527344,25.290000915527344,25.290000915527344,1665,16.17659990310669,17.637399921417238,17.95249996185303,2.595017323929031,12.762465313994966,23.14253460971109,79.45946184787459
2024-08-15 19:00:00,27.81999969482422,27.81999969482422,27.81999969482422,27.81999969482422,1964,16.461999893188477,17.698999919891357,18.40299997329712,3.4068153341021294,11.589369305092863,25.21663064150138,82.8165379452729
2024-08-18 19:00:00,30.600000381469727,30.600000381469727,30.59000015258789,30.600000381469727,10324,16.818399906158447,17.77849992275238,18.992500019073486,4.3659712127660635,10.260557593541359,27.724442444605614,93.46914249425195
2024-08-19 19:00:00,30.600000381469727,33.650001525878906,30.600000381469727,33.650001525878906,5223,17.231399936676027,17.874249930381776,19.792000102996827,5.44085507025076,8.910289962495307,30.67371024349835,94.47821651516419
2024-08-20 19:00:00,36.5,36.5,34.0,34.0,1106,17.631399936676026,17.96699993133545,20.60900011062622,6.267826072168274,8.07334796628967,33.144652254962764,94.5744144135933
2024-08-25 19:00:00,30.600000381469727,30.600000381469727,30.600000381469727,33.41999816894531,67,18.001799907684326,18.051649923324586,21.39700002670288,6.841950403254053,7.713099220194774,35.08090083321099,91.92064913702403
2024-08-26 19:00:00,30.079999923706055,36.75,30.079999923706055,30.100000381469727,4733,18.328199920654296,18.114699926376343,22.01900005340576,7.046734164292229,7.925531724821303,36.11246838199022,79.19966728334161
2024-08-27 19:00:00,27.09000015258789,32.0,27.09000015258789,27.170000076293945,1389,18.61019992828369,18.15654993057251,22.494500064849852,7.0579656323608,8.378568800128251,36.610431329571455,73.55787865319476
2024-08-28 19:00:00,25.010000228881836,27.5,24.549999237060547,24.610000610351562,1873,18.820999946594238,18.178549938201904,22.920500087738038,6.90656019770516,9.107379692327719,36.73362048314836,66.92497502105542
2024-08-29 19:00:00,24.0,24.0,22.15999984741211,24.610000610351562,367,19.031199951171875,18.196599941253663,23.34650011062622,6.723407906974543,9.899684296677133,36.79331592457531,65.07995685093542
2024-09-01 19:00:00,22.149999618530273,22.149999618530273,22.149999618530273,24.469999313354492,160,19.25659994125366,18.206099939346313,23.76550006866455,6.504954805088304,10.755590458487942,36.77540967884116,62.729761089120615
2024-09-02 19:00:00,25.0,25.0,25.0,24.469999313354492,3,19.501799926757812,18.208449935913087,24.18450002670288,6.249404621056399,11.685690784590083,36.68330926881568,61.11790861831308
2024-09-03 19:00:00,24.0,24.0,24.0,24.469999313354492,6,19.726999912261963,18.217649936676025,24.603499984741212,5.951980946532574,12.699538091676065,36.507461877806364,57.85050672540727
2024-09-04 19:00:00,23.0,23.0,23.0,24.34000015258789,9,19.92959991455078,18.234799938201903,25.070499992370607,5.508729467767512,14.053041056835584,36.08795892790563,53.265603232914394
2024-09-05 19:00:00,24.989999771118164,24.989999771118164,21.90999984741211,24.34000015258789,78,20.110799922943116,18.258999938964845,25.5375,4.9806614779936185,15.576177044012764,35.49882295598724,47.414260157384824
2024-09-08 19:00:00,23.0,23.979999542236328,22.010000228881836,24.34000015258789,107,20.268999919891357,18.278249940872193,25.929500007629393,4.519065494476212,16.89136901867697,34.96763099658182,39.01515306593044
2024-09-09 19:00:00,23.0,26.770000457763672,22.0,26.309999465942383,4150,20.491199913024904,18.314799938201904,26.34700002670288,4.111363043789981,18.124273939122915,34.569726114282844,35.72853870940888
2024-09-10 19:00:00,28.940000534057617,28.940000534057617,23.68000030517578,23.690000534057617,5321,20.664999923706056,18.33114994049072,26.580500030517577,3.7936726689529476,18.993154692611682,34.16784536842347,15.890399541295608
2024-09-11 19:00:00,23.0,25.989999771118164,21.31999969482422,25.100000381469727,2048,20.844399948120117,18.35664994239807,26.789500045776368,3.5742065252345294,19.641086995307308,33.937913096245424,21.583650098187064
2024-09-12 19:00:00,22.649999618530273,27.5,22.59000015258789,26.5,2435,21.054399948120118,18.396599941253662,26.965000057220458,3.4622452121692726,20.040509632881914,33.889490481559,29.004854481298253
2024-09-15 19:00:00,24.0,25.489999771118164,23.850000381469727,23.850000381469727,4983,21.22139995574951,18.41709994316101,26.893000030517577,3.513504900664998,19.86599022918758,33.92000983184757,30.234026043214897
2024-09-17 19:00:00,24.0,24.0,24.0,23.850000381469727,1,21.38879997253418,18.44259994506836,26.694500064849855,3.570066273983256,19.554367516883342,33.834632612816364,37.11179967859391
2024-09-18 19:00:00,24.989999771118164,24.989999771118164,21.479999542236328,23.850000381469727,16,21.565799980163575,18.474699945449828,26.357000064849853,3.499791057956194,19.357417948937464,33.35658218076224,46.31782755901277
2024-09-19 19:00:00,23.989999771118164,23.989999771118164,21.469999313354492,21.760000228881836,1421,21.700999984741213,18.498499946594237,25.7625,3.1920801844634563,19.378339631073086,32.14666036892691,38.5173212951591
2024-09-22 19:00:00,23.0,23.0,23.0,21.760000228881836,24,21.836199989318846,18.52349994659424,25.15050001144409,2.658361789016854,19.833776433410385,30.467223589477797,38.95680592543585
2024-09-23 19:00:00,19.579999923706055,22.989999771118164,19.579999923706055,21.760000228881836,37,21.948800010681154,18.55474994659424,24.567500114440918,1.9274194914624363,20.712661131516047,28.42233909736579,38.95680592543585
2024-09-24 19:00:00,21.739999771118164,21.739999771118164,21.739999771118164,21.760000228881836,4,22.03720001220703,18.580299949645998,24.150500106811524,1.5283236137883565,21.09385287923481,27.20714733438824,38.95680592543585
2024-09-25 19:00:00,20.0,20.010000228881836,20.0,21.760000228881836,59,22.13240001678467,18.599649953842164,23.880000114440918,1.4420999487959132,20.99580021684909,26.764200012032745,39.37396845646916
2024-09-26 19:00:00,20.0,21.739999771118164,20.0,21.760000228881836,64,22.229600028991698,18.618449954986573,23.73750009536743,1.5055820113663356,20.72633607263476,26.748664118100102,39.37396845646916
2024-09-29 19:00:00,21.0,21.0,21.0,21.610000610351562,3,22.31180004119873,18.631999959945677,23.58750009536743,1.5624502278581085,20.462599639651216,26.712400551083647,38.893408518168236
2024-09-30 19:00:00,19.450000762939453,21.959999084472656,19.450000762939453,21.610000610351562,199,22.367800064086914,18.645549964904784,23.444500160217284,1.6076541145829535,20.22919193105138,26.65980838938319,27.228682833174787
2024-10-01 19:00:00,21.0,21.979999542236328,19.989999771118164,21.610000610351562,375,22.4238000869751,18.656099967956543,23.301500225067137,1.6385366344600856,20.024426956146968,26.578573493987307,36.49350498152472
2024-10-02 19:00:00,21.75,21.75,21.719999313354492,21.610000610351562,281,22.47980010986328,18.6641499710083,23.158500289916994,1.655899261890864,19.846701766135265,26.470298813698722,22.257549114235033
2024-10-03 19:00:00,19.90999984741211,19.90999984741211,19.459999084472656,21.610000610351562,14,22.55880012512207,18.66469997406006,23.022000312805176,1.6658696069869732,19.69026109883123,26.353739526779123,0.0
2024-10-06 19:00:00,19.450000762939453,21.65999984741211,19.450000762939453,19.5,1066,22.595600128173828,18.66219997406006,22.780000305175783,1.8096727234511005,19.16065485827358,26.399345752077984,0.0
2024-10-07 19:00:00,17.600000381469727,18.010000228881836,17.600000381469727,17.68000030517578,900,22.596000137329103,18.658099975585937,22.447000312805176,2.097392021331468,18.25221627014224,26.64178435546811,0.0
2024-10-09 19:00:00,17.700000762939453,18.010000228881836,17.700000762939453,17.719999313354492,1082,22.597200126647948,18.647699975967406,22.01750030517578,2.1437103028989717,17.730079699377836,26.304920910973724,0.6441065068547829
2024-10-10 19:00:00,19.489999771118164,19.489999771118164,19.399999618530273,19.450000762939453,1735,22.633000144958498,18.644149980545045,21.805500316619874,2.1789700654107755,17.447560185798324,26.163440447441424,30.256416108454772
2024-10-13 19:00:00,21.399999618530273,21.399999618530273,17.510000228881836,17.799999237060547,2855,22.66720012664795,18.639899978637697,21.440500259399414,2.2092640803623267,17.02197209867476,25.85902842012407,23.60000010172523
2024-10-15 19:00:00,18.100000381469727,18.100000381469727,18.100000381469727,18.100000381469727,2000,22.707400131225587,18.63464998245239,21.020500278472902,1.983730004556141,17.05304026936062,24.987960287585185,26.538471695935485
2024-10-17 19:00:00,19.0,19.90999984741211,19.0,19.350000381469727,823,22.772600135803224,18.631399984359742,20.7955002784729,1.8993144048587947,16.996871468755312,24.59412908819049,36.68508820588737
2024-10-20 19:00:00,21.290000915527344,21.290000915527344,20.59000015258789,19.350000381469727,357,22.83780014038086,18.624649982452393,20.5705002784729,1.7812991715777293,17.00790193531744,24.133098621628356,36.68508820588737
2024-10-21 19:00:00,21.280000686645508,21.280000686645508,21.280000686645508,19.350000381469727,25,22.903000144958497,18.61014998435974,20.3455002784729,1.6223684296282612,17.100763419216378,23.590237137729424,36.68508820588737
2024-10-24 19:00:00,21.290000915527344,21.290000915527344,21.290000915527344,19.350000381469727,2,22.99000015258789,18.589599990844725,20.225000286102294,1.60113959547296,17.022721095156374,23.427279477048213,37.30337439846212
2024-10-27 19:00:00,19.350000381469727,21.0,17.5,17.510000228881836,1001,23.04020015716553,18.55234999656677,20.012500286102295,1.6673519434942763,16.677796399113742,23.347204173090848,30.91248131944438
2024-10-29 19:00:00,19.260000228881836,19.260000228881836,19.25,17.510000228881836,2,23.060400161743164,18.50574999809265,19.800000286102296,1.7033529326840287,16.39329442073424,23.206706151470353,30.91248131944438
2024-10-30 19:00:00,19.260000228881836,19.260000228881836,16.25,18.5,2108,23.07120018005371,18.45824999809265,19.637000274658202,1.6613855021120956,16.314229270434012,22.959771278882393,36.74339420153173
2024-10-31 19:00:00,20.350000381469727,20.350000381469727,17.5,20.350000381469727,1069,23.097800178527834,18.41085000038147,19.5665002822876,1.5951516891098716,16.376196904067857,22.75680366050734,45.36082517665794
2024-11-03 19:00:00,21.639999389648438,22.3799991607666,20.360000610351562,22.25,953,23.124400177001952,18.37295000076294,19.591000270843505,1.633907055344728,16.323186160154048,22.858814381532962,60.28421628672822
2024-11-04 19:00:00,21.0,22.969999313354492,20.100000381469727,21.110000610351562,1088,23.086800193786623,18.3335000038147,19.566000270843507,1.6049576597971973,16.356084951249112,22.7759155904379,63.51457701057654
2024-11-05 19:00:00,23.219999313354492,23.219999313354492,19.299999237060547,22.729999542236328,890,23.0356001663208,18.29135000228882,19.622000217437744,1.6969341832937606,16.22813185085022,23.015868584025267,67.55430763322934
2024-11-06 19:00:00,20.5,24.989999771118164,20.459999084472656,23.229999542236328,842,22.943800163269042,18.263350000381468,19.703000164031984,1.8302490564594383,16.042502051113107,23.36349827695086,64.49385933246313
2024-11-07 19:00:00,25.549999237060547,25.549999237060547,21.209999084472656,23.229999542236328,559,22.796400146484373,18.240749998092653,19.78400011062622,1.9509548896747169,15.882090331276785,23.685909889975655,73.83670147564153
2024-11-10 19:00:00,25.549999237060547,25.549999237060547,21.3700008392334,23.229999542236328,840,22.588000106811524,18.20789999961853,19.86500005722046,2.061267993506893,15.742464070206672,23.987536044234247,73.12894487142421
2024-11-11 19:00:00,25.549999237060547,25.549999237060547,23.5,23.5,1127,22.378000106811523,18.165450000762938,20.06500005722046,2.2124966681188023,15.640006720982853,24.489993393458064,70.52423417867313
2024-11-12 19:00:00,25.84000015258789,25.84000015258789,23.5,23.5,301,22.179600143432616,18.13484999656677,20.35600004196167,2.264428237227994,15.827143567505683,24.88485651641766,70.52423417867313
2024-11-13 19:00:00,25.850000381469727,25.850000381469727,23.5,24.329999923706055,767,22.064200134277343,18.11944999694824,20.686500072479248,2.3405424405578654,16.005415191363518,25.367584953594978,72.76051264795466
2024-11-14 19:00:00,25.989999771118164,25.989999771118164,22.5,22.5,2006,21.970800132751464,18.096949996948243,20.839000034332276,2.355054654436985,16.128890725458305,25.549109343206247,62.33359426821507
2024-11-17 19:00:00,20.34000015258789,24.700000762939453,20.34000015258789,22.5,199,21.928600120544434,18.08444999694824,21.074000072479247,2.2687610897379473,16.53647789300335,25.611522251955144,72.82708372633505
2024-11-18 19:00:00,24.0,24.75,21.0,24.010000228881836,1205,21.916600112915038,18.08885000228882,21.369500064849852,2.2457829324069927,16.877934200035867,25.861065929663837,76.12540481332667
2024-11-19 19:00:00,25.0,25.0,22.0,22.0,1630,21.867200126647948,18.08385000228882,21.502000045776366,2.198029080173298,17.105941885429772,25.89805820612296,63.001486768441055
2024-11-20 19:00:00,24.200000762939453,24.200000762939453,20.010000228881836,22.0,263,21.81780014038086,18.08385000228882,21.63450002670288,2.1405985563411,17.35330291402068,25.91569713938508,57.10594230343669
2024-11-21 19:00:00,19.8799991607666,24.0,19.8799991607666,19.889999389648438,601,21.726200141906737,18.06505000114441,21.661499977111816,2.1135010279274047,17.434497921257005,25.888502032966628,40.01691763416471
2024-11-24 19:00:00,19.889999389648438,19.889999389648438,19.889999389648438,19.889999389648438,1000,21.63720012664795,18.054499998092652,21.688499927520752,2.0856836479884477,17.517132631543856,25.85986722349765,44.288383961412976
2024-11-25 19:00:00,17.899999618530273,18.100000381469727,17.899999618530273,17.979999542236328,3351,21.510000114440917,18.042649993896486,21.711999893188477,2.0382334936570508,17.635532905874374,25.78846688050258,28.350047987982137
2024-11-26 19:00:00,16.18000030517578,19.600000381469727,16.18000030517578,17.979999542236328,376,21.382800102233887,18.023799991607667,21.7354998588562,1.9893598572562468,17.756780144343708,25.714219573368695,24.928369685292978
2024-11-28 19:00:00,16.309999465942383,19.780000686645508,16.309999465942383,19.780000686645508,1602,21.25220012664795,18.017699995040893,21.799499893188475,1.8982969899575628,18.00290591327335,25.5960938731036,35.941327666731695
2024-12-01 19:00:00,21.700000762939453,21.739999771118164,19.0,19.030000686645508,871,21.159000129699706,18.00539999961853,21.733499908447264,1.9728293179888317,17.7878412724696,25.67915854442493,33.870975066621696
2024-12-02 19:00:00,20.0,20.0,19.799999237060547,19.030000686645508,111,21.037600135803224,17.98505000114441,21.57249994277954,2.0580109298366827,17.456478083106177,25.688521802452904,32.47059355035017
2024-12-03 19:00:00,19.100000381469727,19.100000381469727,19.0,19.0,901,20.887600135803222,17.97255000114441,21.46699991226196,2.1355883689899486,17.195823174282065,25.738176650241858,32.39436977064959
2024-12-04 19:00:00,18.139999389648438,20.899999618530273,18.1200008392334,20.709999084472656,1317,20.824800109863283,17.976099996566774,21.36599988937378,2.1204254544415297,17.12514898049072,25.606850798256836,36.749632598064025
2024-12-08 19:00:00,19.600000381469727,21.489999771118164,19.1200008392334,20.75,1313,20.762800102233886,17.983549995422365,21.241999912261964,2.077768531259968,17.086462849742027,25.3975369747819,42.62847685311652
2024-12-09 19:00:00,19.110000610351562,19.110000610351562,19.110000610351562,20.75,13,20.700800094604492,17.983899993896486,21.117999935150145,2.02624517686757,17.065509581415004,25.170490288885286,42.62847685311652
2024-12-10 19:00:00,18.68000030517578,18.68000030517578,18.68000030517578,20.75,287,20.680600090026857,17.981849994659424,20.99399995803833,1.9651581233321223,17.063683711374086,24.924316204702574,34.266411985363504
2024-12-11 19:00:00,21.979999542236328,21.979999542236328,18.780000686645508,20.75,302,20.66040008544922,17.980999994277955,20.85649995803833,1.8747134140768942,17.107073129884544,24.605926786192118,42.514972111601104
2024-12-12 19:00:00,20.5,22.0,20.5,20.75,2080,20.640200080871583,17.97329998970032,20.71899995803833,1.7684602592545053,17.18207943952932,24.25592047654734,42.514972111601104
2024-12-15 19:00:00,22.049999237060547,22.049999237060547,22.049999237060547,22.049999237060547,500,20.646000061035156,17.97854998588562,20.604999923706053,1.5876811998508653,17.429637524004324,23.780362323407783,64.32360467598855
2024-12-16 19:00:00,20.209999084472656,24.260000228881836,19.8700008392334,22.510000228881836,4448,20.661000061035157,17.98609998703003,20.605499935150146,1.5883108559621089,17.42887822322593,23.782121647074362,66.3750013411042
2024-12-17 19:00:00,24.760000228881836,24.760000228881836,20.260000228881836,20.270000457763672,7142,20.63120006561279,17.987449989318847,20.49399995803833,1.5253417327872596,17.44331649246381,23.54468342361285,63.74550067318172
2024-12-18 19:00:00,19.360000610351562,19.360000610351562,19.360000610351562,20.270000457763672,10,20.604400062561034,17.996299991607668,20.306999969482423,1.2813483562457428,17.744303256990936,22.86969668197391,63.74550067318172
2024-12-22 19:00:00,21.75,22.290000915527344,21.75,21.889999389648438,500,20.61000003814697,18.008249988555907,20.301499938964845,1.2739133996266698,17.753673139711506,22.849326738218185,62.94477792493097
2024-12-25 19:00:00,20.110000610351562,24.0,20.110000610351562,21.889999389648438,102,20.61560001373291,18.012899990081788,20.295999908447264,1.2664096511499905,17.763180606147284,22.828819210747245,69.32431655699841
2024-12-26 19:00:00,21.889999389648438,21.889999389648438,21.889999389648438,21.889999389648438,200,20.621199989318846,18.01484998703003,20.395999908447266,1.3108469060475796,17.774306096352106,23.017693720542425,69.32431655699841
2024-12-29 19:00:00,21.889999389648438,21.889999389648438,21.889999389648438,21.889999389648438,200,20.626799964904784,18.00929998397827,20.495999908447267,1.346028672088465,17.803942564270336,23.188057252624198,69.60651159083251
2024-12-30 19:00:00,21.110000610351562,24.079999923706055,21.0,23.649999618530273,3757,20.70979995727539,18.00804998397827,20.77949991226196,1.3847683032640699,18.009963305733823,23.5490365187901,69.81132414978393
2025-01-01 19:00:00,28.0,28.1299991607666,23.010000228881836,26.760000228881836,20336,20.891399955749513,18.031299982070923,21.21849994659424,1.7845660379636814,17.649367870666875,24.787632022521603,78.64633155392914
2025-01-02 19:00:00,28.0,29.440000534057617,24.239999771118164,28.030000686645508,8256,21.097599983215332,18.06894998550415,21.630999946594237,2.3105362802429616,17.009927386108313,26.25207250708016,80.9523832693739
2025-01-05 19:00:00,29.950000762939453,30.829999923706055,25.229999542236328,27.0,20853,21.248599967956544,18.10894998550415,22.02949991226196,2.5164500906355594,16.996599730990845,27.06240009353308,74.43314915017856
2025-01-06 19:00:00,28.989999771118164,28.989999771118164,25.010000228881836,27.0,5,21.432599983215333,18.153949985504152,22.427999877929686,2.6442662018583905,17.139467474212907,27.716532281646465,74.43314915017856
2025-01-07 19:00:00,27.0,29.0,26.0,27.860000610351562,858,21.62779998779297,18.209949989318847,22.870999908447267,2.7785001580055075,17.313999592436254,28.42800022445828,76.04395536832644
2025-01-08 19:00:00,26.010000228881836,29.0,26.010000228881836,28.350000381469727,6000,21.80779998779297,18.271699991226196,23.25299997329712,2.98339474657515,17.28621048014682,29.219789466447416,74.5327108009838
2025-01-09 19:00:00,30.0,30.899999618530273,27.0,28.610000610351562,18204,21.992999992370606,18.339749994277955,23.6460000038147,3.1494001646369703,17.347199674540757,29.94480033308864,74.12974586845543
2025-01-12 19:00:00,31.34000015258789,31.34000015258789,27.5,30.219999313354492,5958,22.2103999710083,18.42144999027252,24.119499969482423,3.3935101613868537,17.332479646708716,30.90652029225613,91.42380793491955
2025-01-13 19:00:00,31.989999771118164,33.2400016784668,29.309999465942383,32.52000045776367,22572,22.47379997253418,18.51894999027252,24.707999992370606,3.777290493432706,17.153419005505192,32.26258097923602,92.8022320908511
2025-01-14 19:00:00,35.5,35.70000076293945,31.34000015258789,32.52000045776367,5800,22.773999977111817,18.61904999256134,25.29650001525879,4.036188194954253,17.224123625350284,33.3688764051673,91.88336888506251
2025-01-15 19:00:00,33.0,33.0,33.0,33.0,500,23.08379997253418,18.71659999370575,25.90900001525879,4.234542244463872,17.43991552633105,34.37808450418653,92.1791911047182
2025-01-16 19:00:00,34.9900016784668,36.0,29.700000762939453,34.540000915527344,3015,23.404599990844726,18.821849999427794,26.533500099182127,4.5450834907549496,17.44333311767223,35.62366708069203,92.99795728317885
2025-01-19 19:00:00,32.5,35.900001525878906,31.09000015258789,31.170000076293945,9524,23.62099998474121,18.914400000572204,26.966500091552735,4.554099921379829,17.85830024879308,36.07469993431239,75.66371340657986
2025-01-20 19:00:00,31.799999237060547,31.799999237060547,31.799999237060547,31.170000076293945,117,23.79939998626709,19.01050000190735,27.511500072479247,4.358551793383405,18.79439648571244,36.228603659246055,73.0392121342876
2025-01-22 19:00:00,31.889999389648438,31.889999389648438,29.100000381469727,29.420000076293945,951,23.96559997558594,19.098600001335143,27.96900005340576,4.025964623999337,19.917070805407086,36.020929301404436,58.89037209865682
2025-01-23 19:00:00,27.959999084472656,32.0,27.899999618530273,31.639999389648438,1520,24.14379997253418,19.19279999732971,28.45650005340576,3.836996454032632,20.782507145340496,36.13049296147103,61.345060668905056
2025-01-26 19:00:00,30.25,30.25,28.5,28.860000610351562,1260,24.256399993896483,19.27454999923706,28.80500011444092,3.5119579923337496,21.78108412977342,35.82891609910842,55.26613993890869
2025-01-27 19:00:00,28.860000610351562,28.860000610351562,28.860000610351562,28.860000610351562,90,24.369000015258788,19.357100000381468,29.153500175476076,3.1127908787204643,22.927918418035148,35.379081932917,55.26613993890869
2025-01-28 19:00:00,26.139999389648438,26.5,26.139999389648438,28.860000610351562,410,24.481600036621092,19.440150003433228,29.50200023651123,2.605646970033403,24.290706296444423,34.71329417657803,52.97619061134841
2025-01-29 19:00:00,26.110000610351562,29.40999984741211,26.110000610351562,28.860000610351562,610,24.588800048828126,19.519450006484984,29.762500286102295,2.2219902563484517,25.31851977340539,34.2064807987992,51.56345875408149
2025-02-02 19:00:00,26.110000610351562,27.0,26.0,26.0,3180,24.638800048828124,19.579500007629395,29.724500274658205,2.281736354975926,25.16102756470635,34.28797298461006,43.098887806948476
2025-02-03 19:00:00,27.31999969482422,27.31999969482422,27.31999969482422,26.0,20,24.672200050354004,19.64480000972748,29.62300024032593,2.4030093346022166,24.816981571121495,34.42901890953036,37.80347099942746
2025-02-16 19:00:00,27.0,27.0,27.0,26.0,60,24.742200050354004,19.715050010681153,29.57300024032593,2.4699310011902655,24.633138237945396,34.51286224270646,28.266665140787765
2025-02-17 19:00:00,28.600000381469727,28.600000381469727,28.600000381469727,28.600000381469727,1000,24.8642000579834,19.800850014686585,29.653000259399413,2.40732459370581,24.838351071987795,34.46764944681103,38.86363638826638
2025-02-18 19:00:00,28.600000381469727,31.450000762939453,28.600000381469727,28.600000381469727,550,24.956000061035155,19.891600017547606,29.69000024795532,2.383888942442883,24.922222363069555,34.457778132841085,37.149534454323955
2025-03-06 19:00:00,25.760000228881836,29.0,25.739999771118164,25.809999465942383,2501,25.032200050354003,19.97060001373291,29.563000202178955,2.522653464131756,24.51769327391544,34.60830713044247,26.238429366480972
2025-03-09 19:00:00,28.25,28.25,26.0,25.809999465942383,101,25.10840003967285,20.047150011062623,29.423000144958497,2.6526712999457085,24.11765754506708,34.72834274484991,32.133331298828125
2025-03-10 19:00:00,28.389999389648438,28.389999389648438,26.0,28.290000915527344,633,25.27640007019043,20.13115001678467,29.32650022506714,2.6572529382036265,24.011994348659886,34.64100610147439,41.762016813691446
2025-03-11 19:00:00,30.559999465942383,30.559999465942383,30.299999237060547,28.290000915527344,106,25.44440010070801,20.21410002231598,29.115000247955322,2.5561083974453487,24.002783453064623,34.22721704284602,46.40814031585351
2025-03-12 19:00:00,29.799999237060547,29.799999237060547,29.799999237060547,28.290000915527344,1,25.650600128173828,20.297800025939942,28.903500270843505,2.4315044651156295,24.040491340612245,33.76650920107476,37.60178406953308
2025-03-13 19:00:00,30.559999465942383,30.559999465942383,30.559999465942383,28.290000915527344,1,25.856800155639647,20.376500029563903,28.668000316619874,2.2339242338948955,24.20015184883008,33.13584878440967,47.343897872800326
2025-03-16 19:00:00,30.059999465942383,30.059999465942383,30.059999465942383,28.290000915527344,1,26.027000160217284,20.455200033187865,28.355500316619874,1.7551023314975047,24.845295653624866,31.865704979614883,47.343897872800326
2025-03-17 19:00:00,29.989999771118164,29.989999771118164,29.989999771118164,28.290000915527344,1,26.212200164794922,20.529650039672852,28.211500358581542,1.6253819179142386,24.960736522753066,31.462264194410018,47.343897872800326
2025-03-18 19:00:00,30.979999542236328,30.979999542236328,26.510000228881836,27.8700008392334,10183,26.389000167846678,20.59900004386902,28.046500396728515,1.4692436793403427,25.10801303804783,30.9849877554092,45.56054050993421
2025-03-19 19:00:00,29.979999542236328,29.979999542236328,26.989999771118164,27.0,2011,26.54900016784668,20.66025004386902,27.92550039291382,1.4496951492327956,25.026110094448228,30.82489069137941,55.458513101564186
2025-03-20 19:00:00,28.899999618530273,28.899999618530273,24.5,24.8700008392334,2295,26.632200202941895,20.715100049972534,27.587000465393068,1.3214353279999511,24.944129809393164,30.22987112139297,44.99557627002103
2025-03-23 19:00:00,26.989999771118164,26.989999771118164,26.899999618530273,24.8700008392334,101,26.714600219726563,20.76490005493164,27.387500476837157,1.4168755077811481,24.55374946127486,30.221251492399453,44.99557627002103
2025-03-24 19:00:00,27.299999237060547,27.299999237060547,27.299999237060547,24.8700008392334,1,26.79700023651123,20.811750059127807,27.18800048828125,1.4782053621289812,24.231589764023287,30.144411212539215,28.53855872086082
2025-03-25 19:00:00,27.290000915527344,27.290000915527344,26.979999542236328,24.8700008392334,6,26.8794002532959,20.861100063323974,26.98850049972534,1.5095880200626575,23.969324459600024,30.007676539850657,28.53855872086082
2025-03-26 19:00:00,27.290000915527344,27.290000915527344,26.959999084472656,24.8700008392334,11,26.961800270080566,20.91545006752014,26.789000511169434,1.5128882634284508,23.763223984312532,29.814777038026335,42.033912003362104
2025-04-02 19:00:00,27.299999237060547,27.299999237060547,26.899999618530273,24.8700008392334,101,27.044200286865234,20.972050070762634,26.732500553131104,1.5641372278582517,23.6042260974146,29.860775008847607,42.033912003362104
2025-04-03 19:00:00,27.299999237060547,27.299999237060547,27.0,24.8700008392334,3,27.10060031890869,21.0314000749588,26.676000595092773,1.6116758734904815,23.45264884811181,29.899352342073737,0.0
2025-04-06 19:00:00,27.299999237060547,27.299999237060547,22.399999618530273,24.829999923706055,2433,27.147000312805176,21.095550074577332,26.617500591278077,1.658070850621015,23.30135889003605,29.933642292520105,0.0
2025-04-07 19:00:00,27.0,27.309999465942383,24.100000381469727,24.829999923706055,502,27.238200302124024,21.157200074195863,26.429000568389892,1.6349631898928316,23.15907418860423,29.698926948175554,0.0
2025-04-08 19:00:00,24.489999771118164,24.489999771118164,24.489999771118164,24.829999923706055,100,27.32940029144287,21.21885007381439,26.24050054550171,1.5881453220413726,23.064209901418966,29.416791189584455,0.0
2025-04-09 19:00:00,27.309999465942383,27.309999465942383,27.309999465942383,24.829999923706055,50,27.388200302124023,21.279250073432923,26.19150056838989,1.6169833281040247,22.95753391218184,29.42546722459794,0.0
2025-04-10 19:00:00,25.0,25.0,25.0,24.829999923706055,32,27.447000312805176,21.337150073051454,26.142500591278075,1.6437791429176027,22.85494230544287,29.430058877113282,0.0
2025-04-13 19:00:00,25.489999771118164,25.5,25.489999771118164,24.829999923706055,132,27.505800323486326,21.400050072669984,25.96950054168701,1.5869618036673538,22.795576934352304,29.14342414902172,0.0
2025-04-15 19:00:00,25.5,25.5,25.5,24.829999923706055,100,27.56460033416748,21.46545007228851,25.796500492095948,1.5072747608619803,22.781950970371987,28.81105001381991,0.0
2025-04-17 19:00:00,26.0,26.0,26.0,26.0,2600,27.611600341796876,21.540450072288515,25.68200044631958,1.390329937523503,22.901340571272573,28.462660321366588,96.69414192238516
2025-04-21 19:00:00,24.510000228881836,28.200000762939453,24.510000228881836,27.559999465942383,1150,27.627600326538087,21.623250069618226,25.64550037384033,1.3263701581622664,22.9927600575158,28.298240690164864,98.55592386581633
2025-04-22 19:00:00,27.899999618530273,27.899999618530273,25.139999389648438,27.559999465942383,395,27.618200302124023,21.702050065994264,25.609000301361085,1.2580514734189738,23.09289735452314,28.125103248199032,98.55592386581633
2025-04-23 19:00:00,29.290000915527344,29.290000915527344,29.290000915527344,29.290000915527344,500,27.66400032043457,21.784500069618225,25.659000301361083,1.3838006000636514,22.89139910123378,28.426601501488385,99.11109114282772
2025-04-24 19:00:00,32.20000076293945,32.20000076293945,26.799999237060547,29.290000915527344,6730,27.70980033874512,21.862000074386597,25.730000305175782,1.5317344827070747,22.666531339761633,28.79346927058993,99.11109114282772
2025-04-27 19:00:00,31.600000381469727,31.600000381469727,27.100000381469727,29.290000915527344,361,27.738400344848632,21.93605008125305,25.84450035095215,1.7072060877653508,22.430088175421446,29.258912526482852,99.11109114282772
2025-04-29 19:00:00,30.0,30.0,27.100000381469727,29.290000915527344,40,27.757200355529786,22.011000084877015,26.065500354766847,1.8541774272732665,22.357145500220312,29.773855209313382,99.11109114282772
2025-05-06 19:00:00,27.0,27.0,27.0,29.290000915527344,100,27.770800361633302,22.082950091362,26.28650035858154,1.9643248397533264,22.35785067907489,30.215150038088193,100.0
2025-05-07 19:00:00,26.510000228881836,26.510000228881836,26.5,29.290000915527344,200,27.75220039367676,22.15595009803772,26.50750036239624,2.043611278812519,22.420277804771203,30.594722920021276,100.0
2025-05-11 19:00:00,27.0,30.0,27.0,29.290000915527344,108,27.687600402832032,22.225100102424623,26.728500366210938,2.095542621915177,22.537415122380583,30.919585610041292,100.0
2025-05-14 19:00:00,26.3700008392334,27.1200008392334,26.360000610351562,26.649999618530273,5726,27.570200386047365,22.275900101661684,26.81750030517578,2.049754809700231,22.71799068577532,30.91700992457624,62.8168951275586
2025-05-15 19:00:00,29.31999969482422,29.31999969482422,27.510000228881836,26.649999618530273,6054,27.44320037841797,22.322850098609923,26.906500244140624,1.9987533396879553,22.908993564764714,30.904006923516533,62.8168951275586
2025-05-18 19:00:00,26.0,26.0,26.0,26.0,500,27.272400360107422,22.361600098609923,26.963000202178954,1.9536181185126096,23.055763965153734,30.870236439204174,57.54838573126375
2025-05-19 19:00:00,25.110000610351562,27.489999771118164,25.110000610351562,27.479999542236328,702,27.19860034942627,22.409000096321105,27.095500183105468,1.8901729875913198,23.315154207922827,30.87584615828811,64.35535862591567
2025-05-21 19:00:00,27.200000762939453,30.229999542236328,27.0,28.670000076293945,1881,27.14860034942627,22.469100098609925,27.287500190734864,1.8423612276112018,23.60277773551246,30.972222645957267,64.43242986886725
2025-05-25 19:00:00,26.100000381469727,26.100000381469727,25.850000381469727,25.899999618530273,1150,27.078200340270996,22.521600098609923,27.341000175476076,1.781782198798827,23.777435777878424,30.904564573073728,42.065012488936105
2025-05-28 19:00:00,26.889999389648438,28.479999542236328,26.0,26.0,7073,26.965400352478028,22.580350098609923,27.399500179290772,1.712875736305878,23.973748706679018,30.825251651902526,42.613641187013485
2025-05-29 19:00:00,26.489999771118164,28.5,26.459999084472656,28.40999984741211,1097,26.95640033721924,22.65465009689331,27.578500175476073,1.6144557583157602,24.349588658844553,30.807411692107593,46.08540508583237
2025-06-02 19:00:00,27.950000762939453,31.25,27.950000762939453,30.520000457763672,1050,26.98960033416748,22.743350100517272,27.863000202178956,1.6059469331282883,24.65110633592238,31.074894068435533,54.60673906875113
2025-06-03 19:00:00,27.850000381469727,33.560001373291016,27.809999465942383,33.04999923706055,15068,27.07340030670166,22.843600096702577,28.27400016784668,1.8256894062175908,24.622621355411496,31.925378980281863,61.83878485084847
2025-06-04 19:00:00,36.36000061035156,36.36000061035156,30.010000228881836,34.95000076293945,8717,27.195200309753417,22.948350100517274,28.721500205993653,2.2794560275715066,24.162588150850638,33.28041226113667,65.91675765369119
2025-06-09 19:00:00,33.0,33.0,31.5,31.850000381469727,20224,27.312200317382814,23.03310010433197,28.936000251770018,2.364659760070785,24.20668073162845,33.66531977191159,56.130266046778445
2025-06-10 19:00:00,30.0,31.989999771118164,30.0,31.309999465942383,2954,27.41840030670166,23.120750102996826,29.123500251770018,2.398245728853919,24.32700879406218,33.919991709477856,54.715215180853924
2025-06-11 19:00:00,30.059999465942383,34.20000076293945,30.0,30.149999618530273,7433,27.501400299072266,23.206150102615357,29.166500186920167,2.4090735010288054,24.348353184862557,33.984647188977775,51.90433693671245
2025-06-12 19:00:00,30.299999237060547,31.0,27.799999237060547,29.0,927,27.509400291442873,23.280800104141235,29.152000141143798,2.40916378143245,24.3336725782789,33.970327704008696,55.57136119472906
2025-06-16 19:00:00,30.799999237060547,30.799999237060547,30.799999237060547,30.799999237060547,500,27.553400268554686,23.36430009841919,29.22750005722046,2.43721351298236,24.35307303125574,34.10192708318518,59.065092580564226
2025-06-17 19:00:00,27.010000228881836,28.110000610351562,27.010000228881836,29.06999969482422,52,27.618600273132323,23.443650097846984,29.216499996185302,2.437413042221337,24.341673911742628,34.09132608062798,56.40383716829483
2025-06-18 19:00:00,28.209999084472656,30.5,28.010000228881836,28.09000015258789,509,27.664200286865235,23.52305009841919,29.15649995803833,2.4502444974709947,24.256010963096344,34.05698895298032,51.29953254926437
2025-06-19 19:00:00,27.010000228881836,28.989999771118164,25.280000686645508,26.969999313354492,799,27.637800254821776,23.591850094795227,29.040499877929687,2.498042455100424,24.04441496772884,34.03658478813053,46.367519974177426
2025-06-22 19:00:00,26.520000457763672,27.889999389648438,25.100000381469727,26.969999313354492,128,27.61140022277832,23.655650091171264,28.924499797821046,2.5393711145482505,23.845757568724544,34.00324202691755,52.59330983864553
2025-06-23 19:00:00,29.670000076293945,29.670000076293945,28.8700008392334,26.969999313354492,101,27.585000190734863,23.71410008907318,28.940499782562256,2.525254636233848,23.88999051009456,33.99100905502995,52.362394741626744
2025-06-24 19:00:00,28.65999984741211,29.299999237060547,27.979999542236328,28.309999465942383,930,27.585400161743163,23.773500084877014,29.023499774932862,2.4727426521529026,24.078014470627057,33.968985079238664,49.743061725660354
2025-06-25 19:00:00,29.979999542236328,31.0,29.979999542236328,28.309999465942383,154,27.585800132751466,23.8390500831604,29.13899974822998,2.376146761117617,24.386706225994747,33.89129327046521,43.63112120106455
2025-06-26 19:00:00,27.520000457763672,30.65999984741211,27.520000457763672,27.940000534057617,561,27.578800125122072,23.903750085830687,29.161999797821046,2.3614238853920346,24.439152027036975,33.88484756860512,33.17972836292611
2025-06-29 19:00:00,30.43000030517578,30.43000030517578,30.43000030517578,27.940000534057617,1,27.580200119018556,23.962800092697144,29.12549982070923,2.375031369006939,24.375437082695353,33.87556255872311,23.62678422862237
2025-06-30 19:00:00,28.280000686645508,28.5,27.510000228881836,27.940000534057617,101,27.599000129699707,24.02250009536743,29.227499866485594,2.2707311932642225,24.68603747995715,33.76896225301404,30.814522206295408
2025-07-03 19:00:00,28.979999542236328,28.979999542236328,28.979999542236328,27.940000534057617,22,27.66040012359619,24.084700098037718,29.324499893188477,2.164557836559733,24.995384220069013,33.65361556630794,32.538861496413205
2025-07-06 19:00:00,28.290000915527344,28.290000915527344,28.290000915527344,27.940000534057617,4,27.721800117492677,24.147000102996827,29.300999927520753,2.1775213468336925,24.945957233853367,33.656042621188135,36.98468998500181
2025-07-07 19:00:00,25.15999984741211,30.700000762939453,25.15999984741211,28.299999237060547,2023,27.790400085449217,24.213500099182127,29.189999866485596,2.1686765903970215,24.852646685691553,33.52735304727964,45.45453869888056
2025-07-08 19:00:00,29.600000381469727,30.0,29.600000381469727,30.0,1108,27.893000068664552,24.28850009918213,29.03749990463257,1.9821756418687186,25.073148620895132,33.001851188370004,44.73684606789961
2025-07-09 19:00:00,29.899999618530273,29.899999618530273,27.010000228881836,27.020000457763672,902,27.936000061035156,24.348600101470947,28.64099988937378,1.4621501399933263,25.716699609387128,31.565300169360434,38.41808140953304
2025-07-10 19:00:00,29.600000381469727,29.719999313354492,27.5,29.690000534057617,1823,28.032400054931642,24.416400108337402,28.532999897003172,1.2812250682144544,25.970549760574265,31.09545003343208,57.59013535119014
2025-07-13 19:00:00,32.65999984741211,32.65999984741211,31.649999618530273,32.65999984741211,52940,28.188200035095214,24.49300010681152,28.60049991607666,1.4585229147883243,25.683454086500014,31.517545745653308,72.96207300359133
2025-07-14 19:00:00,35.70000076293945,35.70000076293945,30.0,31.149999618530273,32599,28.3146000289917,24.563750104904173,28.65049991607666,1.529834737741255,25.590830440594154,31.71016939155917,65.03597479664779
2025-07-15 19:00:00,30.059999465942383,31.59000015258789,30.0,31.0,2992,28.43800003051758,24.634250106811525,28.75049991607666,1.6167786768251093,25.51694256242644,31.98405726972688,64.34164217997093
2025-07-16 19:00:00,31.639999389648438,33.5,31.639999389648438,32.720001220703125,7813,28.59580005645752,24.710350112915037,28.84650001525879,1.7923472593919814,25.261805496474828,32.43119453404275,65.28067305754101
2025-07-17 19:00:00,35.0,35.0,29.5,32.720001220703125,482,28.753600082397462,24.779900121688843,29.029000091552735,1.9911065317082797,25.046787028136176,33.0112131549693,65.28067305754101
2025-07-20 19:00:00,33.4900016784668,33.4900016784668,29.450000762939453,30.6299991607666,20685,28.869600067138673,24.839000120162964,29.15600004196167,2.008986345317701,25.138027351326265,33.17397273259707,58.32816833607882
2025-07-21 19:00:00,28.34000015258789,31.989999771118164,28.34000015258789,28.59000015258789,4000,28.94480007171631,24.887900123596193,29.23700008392334,1.947941330726942,25.34111742246946,33.13288274537722,51.78669488577876
2025-07-22 19:00:00,31.0,31.0,28.149999618530273,28.59000015258789,4,29.020000076293947,24.94255012512207,29.31800012588501,1.8812527938438885,25.555494538197234,33.08050571357279,51.78669488577876
2025-07-23 19:00:00,28.610000610351562,31.0,27.0,27.170000076293945,11376,29.043400077819825,24.99010012626648,29.328000164031984,1.8686038384270773,25.59079248717783,33.06520784088614,48.036714855181565
2025-07-24 19:00:00,27.200000762939453,29.799999237060547,26.799999237060547,27.209999084472656,5410,29.036400070190428,25.037850122451783,29.273000144958495,1.9157385397975257,25.441523065363445,33.10447722455355,48.14248991410525
2025-07-27 19:00:00,29.5,29.93000030517578,29.5,29.540000915527344,10960,29.076000099182128,25.097250127792357,29.334500217437743,1.9028967230023066,25.52870677143313,33.14029366344236,52.86771859606454
2025-07-28 19:00:00,32.20000076293945,32.20000076293945,27.700000762939453,29.84000015258789,2190,29.08700008392334,25.158150129318237,29.42950019836426,1.8768633368611,25.67577352464206,33.18322687208646,49.604352527812196
2025-07-29 19:00:00,29.84000015258789,29.84000015258789,29.84000015258789,29.84000015258789,10,29.09800006866455,25.22690012931824,29.524500179290772,1.845322746763623,25.833854685763527,33.21514567281802,58.1786526109985
2025-07-30 19:00:00,27.719999313354492,28.0,27.709999084472656,27.739999771118164,1051,29.067000045776368,25.285150127410887,29.5145001411438,1.8548784514087084,25.80474323832638,33.22425704396122,44.15116817366642
2025-07-31 19:00:00,27.989999771118164,28.0,27.989999771118164,28.0,1299,29.04120002746582,25.34470012664795,29.517500114440917,1.8522445699108645,25.81301097461919,33.221989254262645,33.309459600150944
2025-08-03 19:00:00,27.860000610351562,27.860000610351562,26.65999984741211,28.0,248,29.01540000915527,25.40425012588501,29.520500087738036,1.8496018157963285,25.82129645614538,33.219703719330695,37.34940183568096
2025-08-04 19:00:00,26.34000015258789,28.989999771118164,26.34000015258789,27.530000686645508,809,28.980200004577636,25.4614501285553,29.482000160217286,1.884037256780566,25.713925646656154,33.25007467377842,36.41347427297843
2025-08-05 19:00:00,26.139999389648438,26.25,26.139999389648438,26.209999084472656,1560,28.918599967956542,25.517500123977662,29.29250011444092,2.015228773384793,25.262042567671333,33.32295766121051,23.68633512215972
2025-08-06 19:00:00,28.799999237060547,28.799999237060547,26.5,26.209999084472656,310,28.90979995727539,25.573550119400025,29.252000045776366,2.0706793440470848,25.110641357682198,33.393358733870535,23.68633512215972
2025-08-07 19:00:00,28.0,28.0,28.0,26.209999084472656,130,28.90099994659424,25.622100114822388,29.077999973297118,2.175496929170609,24.7270061149559,33.42899383163834,28.501946590159974
2025-08-10 19:00:00,25.0,25.0,25.0,26.209999084472656,199,28.905199928283693,25.66335011482239,28.755499935150148,2.0930653847989262,24.569369165552295,32.941630704748,35.55824888765025
2025-08-11 19:00:00,28.0,28.0,28.0,26.209999084472656,2,28.879799919128416,25.69930010795593,28.508499908447266,2.087094391468595,24.334311125510077,32.682688691384456,35.55824888765025
2025-08-12 19:00:00,28.0,28.0,25.510000228881836,26.209999084472656,3,28.830599899291993,25.725750102996827,28.2689998626709,2.0608075176615954,24.147384827347707,32.39061489799409,42.96187121484376
2025-08-14 19:00:00,28.0,28.829999923706055,24.540000915527344,28.309999465942383,4310,28.878799896240235,25.75235010147095,28.04849977493286,1.7757057451908818,24.497088284551097,31.599911265314624,56.19369376625836
2025-08-17 19:00:00,31.100000381469727,31.100000381469727,26.6200008392334,30.290000915527344,905,28.96459991455078,25.777350101470947,27.92699975967407,1.5011511987360875,24.924697362201897,30.929302157146246,54.39624719767415
2025-08-18 19:00:00,29.25,29.989999771118164,27.6200008392334,27.6200008392334,7732,28.948799934387207,25.776350107192993,27.776499843597414,1.3601602380047269,25.05617936758796,30.49682031960687,39.816520118759534
2025-08-19 19:00:00,30.0,30.0,30.0,30.0,506,28.938399925231934,25.773350105285644,27.846999835968017,1.4388125001696095,24.9693748356288,30.724624836307235,50.60240894638254
2025-08-20 19:00:00,28.360000610351562,28.360000610351562,27.010000228881836,27.709999084472656,1656,28.831599922180175,25.743650093078614,27.802999782562257,1.4283123358053496,24.946375110951557,30.659624454172956,49.88863890245493
2025-08-21 19:00:00,30.0,30.0,29.0,27.709999084472656,10,28.68679988861084,25.71220008850098,27.829999732971192,1.4208008675415325,24.98839799788813,30.671601468054256,48.90234348265901
2025-08-25 19:00:00,29.899999618530273,30.0,29.0,29.639999389648438,1282,28.642599868774415,25.693300094604492,27.95149974822998,1.4681043967935083,25.015290954642964,30.887708541817,55.41611308634895
2025-08-26 19:00:00,29.950000762939453,29.950000762939453,29.950000762939453,29.639999389648438,1,28.609199867248535,25.691000089645385,27.956499671936037,1.4739577044140297,25.008584263107977,30.904415080764096,57.19154104757488
2025-08-27 19:00:00,31.299999237060547,31.299999237060547,27.0,27.100000381469727,2350,28.548199882507323,25.690650091171264,27.819499683380126,1.4158707941775628,24.987758095025,30.651241271735252,52.80050731388319
2025-08-28 19:00:00,27.850000381469727,27.850000381469727,27.850000381469727,27.100000381469727,332,28.510199890136718,25.703100090026854,27.68249969482422,1.3406398545468639,25.001219985730494,30.363779403917945,52.80050731388319
2025-09-01 19:00:00,25.8799991607666,29.200000762939453,25.8799991607666,27.100000381469727,119,28.436199913024904,25.715550088882445,27.650499725341795,1.3468190282591281,24.95686166882354,30.344137781860052,52.80050731388319
2025-09-03 19:00:00,28.100000381469727,28.100000381469727,28.100000381469727,27.100000381469727,100,28.39679992675781,25.728700094223022,27.605499744415283,1.3495595289747813,24.90638068646572,30.304618802364846,52.80050731388319
2025-09-04 19:00:00,29.0,29.0,24.40999984741211,24.559999465942383,1943,28.3261999130249,25.72915009498596,27.4334997177124,1.506698531531985,24.42010265464843,30.44689678077637,45.52360439379387
2025-09-07 19:00:00,23.309999465942383,27.020000457763672,23.309999465942383,26.899999618530273,1548,28.324799919128417,25.74130009651184,27.40199966430664,1.5111538582891781,24.379691947728283,30.424307380884997,51.661050687256115
2025-09-08 19:00:00,29.200000762939453,29.59000015258789,29.200000762939453,29.59000015258789,9175,28.377199935913087,25.76755009651184,27.570999717712404,1.559071823712576,24.45285607028725,30.689143365137557,52.99625593579594
2025-09-09 19:00:00,32.459999084472656,32.54999923706055,27.700000762939453,30.360000610351562,66847,28.44499996185303,25.79765009880066,27.778499794006347,1.6423422250685322,24.493815343869283,31.06318424414341,50.17369650005812
2025-09-10 19:00:00,31.489999771118164,31.489999771118164,27.329999923706055,28.6200008392334,17821,28.451199989318848,25.819050102233888,27.898999881744384,1.6092822167700018,24.68043544820438,31.117564315284387,52.60145665059281
2025-09-11 19:00:00,27.5,27.850000381469727,26.530000686645508,27.760000228881836,5067,28.440200004577637,25.826300106048585,27.976499938964842,1.5602372937601376,24.85602535144457,31.096974526485116,43.67231798535739
2025-09-14 19:00:00,25.139999389648438,27.0,25.139999389648438,27.0,1206,28.421399993896486,25.842850103378296,28.01599998474121,1.5227103542093212,24.970579276322567,31.061420693159853,47.80457947627067
2025-09-15 19:00:00,27.989999771118164,28.5,26.020000457763672,28.18000030517578,3357,28.426199989318846,25.858250102996827,28.114500045776367,1.4622531504921938,25.18999374479198,31.039006346760754,51.35447019798386
2025-09-16 19:00:00,28.18000030517578,29.799999237060547,27.059999465942383,27.360000610351562,2366,28.414599990844728,25.862550106048584,28.067000102996825,1.4709722121575248,25.125055678681775,31.008944527311876,42.98030005033802
2025-09-17 19:00:00,28.899999618530273,29.200000762939453,27.549999237060547,28.40999984741211,4175,28.423999977111816,25.885350103378297,27.973000049591064,1.3786076450574138,25.215784759476236,30.730215339705893,46.44303216568449
2025-09-18 19:00:00,29.799999237060547,29.799999237060547,29.799999237060547,28.40999984741211,27,28.433399963378907,25.908150100708006,28.0125,1.3792785528433753,25.253942894313248,30.77105710568675,54.44067558150527
2025-09-21 19:00:00,29.950000762939453,29.950000762939453,29.950000762939453,28.40999984741211,335,28.435599975585937,25.93095009803772,27.932999992370604,1.302370754366854,25.328258483636898,30.53774150110431,54.44067558150527
2025-09-23 19:00:00,26.760000228881836,29.0,26.6200008392334,28.799999237060547,3935,28.41159996032715,25.966150093078614,27.9875,1.315290148568574,25.356919702862854,30.618080297137148,55.61426258242133
2025-09-24 19:00:00,29.790000915527344,29.790000915527344,27.0,27.75,1962,28.426199951171874,25.996100091934203,27.989500045776367,1.314876316211181,25.359747413354004,30.61925267819873,52.00741073838422
2025-09-25 19:00:00,29.899999618530273,30.0,29.0,29.0,2996,28.412399940490722,26.032300090789796,27.957500076293947,1.279917286064239,25.39766550416547,30.517334648422423,64.89933103265265
2025-09-28 19:00:00,29.0,29.0,27.510000228881836,28.809999465942383,1570,28.33539993286133,26.067550086975096,27.916000080108642,1.235166368517125,25.44566734307439,30.386332817142893,57.49019548004749
2025-09-29 19:00:00,27.110000610351562,28.489999771118164,27.0,28.040000915527344,2224,28.27319995880127,26.098950090408326,27.963000106811524,1.2202765831694882,25.52244694047255,30.4035532731505,42.84395419685462
2025-09-30 19:00:00,30.0,30.0,27.5,28.18000030517578,3059,28.216799964904784,26.131050090789795,28.017000102996825,1.2038627395441928,25.60927462390844,30.42472558208521,39.31372079698774
2025-10-01 19:00:00,29.8799991607666,31.0,28.25,30.170000076293945,3510,28.1657999420166,26.173850088119508,28.170500087738038,1.2744389871423483,25.62162211345334,30.719378062022734,57.416266457959466
2025-10-02 19:00:00,28.5,31.200000762939453,27.149999618530273,29.06999969482422,16494,28.092799911499025,26.21115008354187,28.26900005340576,1.2634286051167272,25.742142843172306,30.795857263639217,56.12722108496946
2025-10-05 19:00:00,28.950000762939453,28.950000762939453,28.950000762939453,29.06999969482422,10,28.061599922180175,26.248450078964233,28.494500064849852,0.9232863195313205,26.647927425787213,30.34107270391249,60.42296287218762
2025-10-07 19:00:00,27.510000228881836,29.790000915527344,27.510000228881836,29.06999969482422,91,28.071199913024902,26.2857500743866,28.60300006866455,0.8506968679937079,26.901606332677133,30.304393804651966,55.08571301518599
2025-10-08 19:00:00,28.0,28.989999771118164,27.0,27.670000076293945,1001,28.052799911499022,26.316050071716308,28.507000064849855,0.8417406110186231,26.823518842812607,30.190481286887103,51.6613054406478
2025-10-09 19:00:00,28.979999542236328,28.979999542236328,26.510000228881836,28.0,3009,28.069399909973143,26.35855007171631,28.389000034332277,0.7257292437196164,26.937541546893044,29.84045852177151,47.61904761904762
2025-10-12 19:00:00,27.010000228881836,28.950000762939453,27.0,27.0,1301,28.06519992828369,26.40515007019043,28.307999992370604,0.7864549157674595,26.735090160835686,29.880909823905522,42.66389012715529
2025-10-13 19:00:00,28.5,28.950000762939453,26.010000228881836,27.0,17352,28.014399909973143,26.451550073623658,28.269999980926514,0.8314032392358028,26.60719350245491,29.93280645939812,42.66389012715529
2025-10-14 19:00:00,29.399999618530273,29.399999618530273,28.010000228881836,27.0,121,27.957599906921388,26.48930006980896,28.269999980926514,0.8314032392358028,26.60719350245491,29.93280645939812,40.238613104771396
2025-10-15 19:00:00,29.190000534057617,29.200000762939453,29.0,27.3799991607666,111,27.90839988708496,26.53720006942749,28.229999923706053,0.8548744753877816,26.52025097293049,29.939748874481616,47.83625172637413
2025-10-16 19:00:00,29.549999237060547,29.549999237060547,29.549999237060547,27.3799991607666,11,27.90119987487793,26.583600063323974,28.230999851226805,0.853814336387034,26.523371178452738,29.938628524000872,38.904099782065735
2025-10-19 19:00:00,29.799999237060547,29.799999237060547,26.450000762939453,27.020000457763672,1978,27.881599884033204,26.621950063705444,28.161499881744383,0.8940991678353403,26.3733015460737,29.949698217415065,38.01874105211661
2025-10-21 19:00:00,26.600000381469727,28.5,26.600000381469727,27.020000457763672,200,27.861999893188475,26.660300064086915,28.09199991226196,0.9271778601701233,26.237644191921714,29.94635563260221,42.38805281820852
2025-10-22 19:00:00,27.200000762939453,27.200000762939453,27.0,27.0,1000,27.851399879455567,26.698550062179564,28.021499919891358,0.9549166889685573,26.111666541954243,29.931333297828473,41.033429628379956
2025-10-27 19:00:00,28.0,28.0,28.0,27.0,14,27.867199897766113,26.736800060272216,27.93149995803833,0.9624763240116585,26.006547310015012,29.856452606061648,15.468395553507378
2025-10-28 19:00:00,27.5,27.5,27.5,27.0,100,27.88299991607666,26.784250059127807,27.89399995803833,0.984283809852956,25.925432338332417,29.86256757774424,20.3438257611364
2025-10-29 19:00:00,25.649999618530273,28.989999771118164,25.600000381469727,27.0,23,27.898799934387206,26.831700057983397,27.79399995803833,0.9674567195701576,25.859086518898017,29.728913397178644,20.3438257611364
2025-10-30 19:00:00,28.0,29.25,28.0,29.09000015258789,500,27.95639995574951,26.884650058746338,27.807999992370604,0.9848034552927085,25.83839308178519,29.77760690295602,50.1792156350687
2025-11-02 19:00:00,28.0,28.0,28.0,29.09000015258789,2,28.013999977111816,26.92835005760193,27.860499954223634,1.0249902214715318,25.81051951128057,29.910480397166697,66.98565335613634
2025-11-03 19:00:00,26.610000610351562,30.489999771118164,26.610000610351562,26.6200008392334,502,28.02220001220703,26.950200061798096,27.782499980926513,1.0582152748720697,25.666069431182372,29.898930530670654,39.082281298409924
2025-11-04 19:00:00,26.510000228881836,28.889999389648438,26.5,26.5,1103,27.986000022888184,26.97715005874634,27.598999977111816,0.933239300816355,25.732521375479106,29.465478578744527,45.40441060458058
2025-11-05 19:00:00,25.610000610351562,25.610000610351562,25.610000610351562,26.5,43,27.910200004577636,26.996000061035158,27.470499992370605,0.8962345827136892,25.67803082694323,29.262969157797983,45.40441060458058
2025-11-06 19:00:00,25.75,25.75,25.5,25.540000915527344,1500,27.868600006103517,27.00755006790161,27.29400005340576,0.9121078807453897,25.46978429191498,29.11821581489654,38.5937530733656
2025-11-09 19:00:00,24.760000228881836,27.489999771118164,24.760000228881836,25.540000915527344,294,27.779400024414063,27.019100074768065,27.11750011444092,0.8916622152653639,25.33417568391019,28.90082454497165,34.717618867928124
2025-11-11 19:00:00,24.309999465942383,24.5,24.309999465942383,25.540000915527344,296,27.736000061035156,27.030650081634523,27.011000156402588,0.9476444844701917,25.115711187462203,28.906289125342973,34.717618867928124
2025-11-12 19:00:00,25.540000915527344,25.540000915527344,25.540000915527344,25.540000915527344,294,27.69260009765625,27.04085008621216,26.888000202178954,0.9718595743058263,24.944281053567302,28.831719350790607,36.92579874438495
2025-11-13 19:00:00,27.399999618530273,27.399999618530273,25.0,25.540000915527344,81,27.61060012817383,27.051050090789794,26.81500024795532,1.016798066869366,24.78140411421659,28.848596381694055,36.92579874438495
2025-11-16 19:00:00,27.0,27.0,25.149999618530273,25.540000915527344,606,27.528600158691408,27.0571000957489,26.74200029373169,1.0545267431935716,24.632946807344545,28.851053780118832,37.05674430433171
2025-11-17 19:00:00,25.010000228881836,25.149999618530273,25.010000228881836,25.06999969482422,700,27.488000144958495,27.06995009422302,26.645500278472902,1.1161796564860202,24.41314096550086,28.877859591444942,34.206218392957496
2025-11-18 19:00:00,27.0,27.0,27.0,25.06999969482422,36,27.447400131225585,27.082800092697145,26.530000305175783,1.1550163382272443,24.219967628721292,28.840032981630273,34.206218392957496
2025-11-23 19:00:00,25.0,25.0,25.0,25.06999969482422,500,27.406800117492676,27.088100090026856,26.414500331878664,1.180755577473348,24.052989176931966,28.77601148682536,34.206218392957496
2025-11-25 19:00:00,26.989999771118164,26.989999771118164,25.040000915527344,25.06999969482422,36,27.366200103759766,27.103450088500978,26.317000293731688,1.2083136868940354,23.900372919943617,28.73362766751976,0.0
2025-11-26 19:00:00,25.0,25.020000457763672,25.0,25.0,530,27.37500011444092,27.11845008850098,26.216000270843505,1.230675420105084,23.754649430633336,28.677351111053675,0.0
2025-11-27 19:00:00,25.600000381469727,27.0,25.600000381469727,26.09000015258789,2000,27.35880012512207,27.149450092315675,26.1705002784729,1.2169092270721649,23.73668182432857,28.60431873261723,40.221393124116275
2025-11-30 19:00:00,25.149999618530273,25.149999618530273,25.149999618530273,26.09000015258789,1009,27.28880012512207,27.18045009613037,26.125000286102296,1.2011726456363057,23.722654994829686,28.527345577374906,42.08494549696371
2025-12-04 19:00:00,26.079999923706055,26.079999923706055,26.079999923706055,26.09000015258789,3,27.203400115966797,27.221000099182127,26.07950029373169,1.18338707223185,23.71272614926799,28.446274438195392,42.08494549696371
2025-12-07 19:00:00,26.09000015258789,26.09000015258789,26.09000015258789,26.09000015258789,499,27.152800102233886,27.261550102233887,26.034000301361083,1.163458542980805,23.70708321539947,28.360917387322694,66.87113118571479
2025-12-10 19:00:00,26.09000015258789,26.09000015258789,26.09000015258789,26.09000015258789,50,27.119400100708006,27.2931000995636,25.884000301361084,0.9157418831947526,24.05251653497158,27.715484067750587,66.87113118571479
2025-12-11 19:00:00,26.09000015258789,26.09000015258789,26.09000015258789,26.09000015258789,10,27.101200103759766,27.32840009689331,25.734000301361085,0.5255113614247501,24.682977578511586,26.785023024210584,66.87113118571479
2025-12-14 19:00:00,26.0,26.0,25.0,25.0,731,27.03760009765625,27.358250093460082,25.653000259399413,0.5062566949304211,24.64048686953857,26.665513649260255,40.07351703710352
2025-12-21 19:00:00,24.90999984741211,24.90999984741211,24.90999984741211,25.0,3,26.99040008544922,27.388250093460083,25.578000259399413,0.4848288770426205,24.608342505314173,26.547658013484654,40.07351703710352
2025-12-23 19:00:00,24.799999237060547,24.799999237060547,24.799999237060547,25.0,50,26.922200088500976,27.40970009803772,25.503000259399414,0.4494219994657422,24.60415626046793,26.401844258330897,40.07351703710352
2025-12-25 19:00:00,26.5,26.5,26.5,26.5,500,26.884000091552736,27.43845009803772,25.55100021362305,0.5017958308109769,24.547408552001095,26.554591875245002,69.06667073567709
2026-01-01 19:00:00,26.5,26.5,26.5,26.5,232,26.845800094604492,27.46720009803772,25.59900016784668,0.5447636744227925,24.509472819001093,26.688527516692265,69.06667073567709
2026-01-04 19:00:00,25.0,29.149999618530273,25.0,27.940000534057617,1822,26.828600120544433,27.50315010070801,25.719000148773194,0.7548922423212802,24.209215664130635,27.228784633415753,77.64933086615302
2026-01-06 19:00:00,28.0,29.739999771118164,28.0,29.600000381469727,500,26.865600128173828,27.547400102615356,25.922000122070312,1.1478429644643457,23.62631419314162,28.217686050999003,83.065696601272
2026-01-07 19:00:00,29.25,29.25,28.0,29.600000381469727,441,26.877600135803224,27.591650104522706,26.125000095367433,1.4065805622053775,23.31183897095668,28.938161219778188,83.92330321241926
2026-01-08 19:00:00,29.329999923706055,32.34000015258789,29.299999237060547,29.600000381469727,701,26.89340015411377,27.629400110244752,26.32800006866455,1.5976978807734408,23.13260430711767,29.52339583021143,80.84358435357481
2026-01-11 19:00:00,29.600000381469727,30.200000762939453,29.600000381469727,30.079999923706055,500,26.934200134277344,27.66725010871887,26.578500080108643,1.7731931456423968,23.03211378882385,30.124886371393437,82.33387132723333
2026-01-12 19:00:00,29.989999771118164,30.25,29.989999771118164,30.079999923706055,197,26.972200126647948,27.716300106048585,26.829000091552736,1.8983370469266578,23.03232599769942,30.62567418540605,82.33387132723333
2026-01-18 19:00:00,29.850000381469727,31.950000762939453,29.850000381469727,30.309999465942383,1000,26.975000114440917,27.766500101089477,27.091000080108643,2.0015833429890684,23.087833394130506,31.09416676608678,82.9687466006724
2026-01-19 19:00:00,28.020000457763672,32.0,28.0,31.899999618530273,5660,27.03160011291504,27.816550102233887,27.432500076293945,2.210381852638795,23.011736371016354,31.853263781571535,86.35794513376625
2026-01-20 19:00:00,30.0,32.47999954223633,29.049999237060547,30.790000915527344,2827,27.0660001373291,27.86105010986328,27.722000122070312,2.2537631745152042,23.214473773039906,32.22952647110072,75.82418434632426
2026-01-22 19:00:00,31.889999389648438,31.889999389648438,31.799999237060547,30.790000915527344,101,27.100400161743163,27.905550117492677,27.957000160217284,2.3187363289300174,23.31952750235725,32.59447281807732,86.14233538577741
2026-01-25 19:00:00,31.149999618530273,31.149999618530273,31.149999618530273,30.790000915527344,1,27.16280017852783,27.950050125122072,28.19200019836426,2.3574063467630455,23.477187504838167,32.90681289189035,86.14233538577741
2026-01-26 19:00:00,28.299999237060547,30.989999771118164,28.299999237060547,30.549999237060547,1003,27.213800163269042,27.98455012321472,28.41500015258789,2.35904870070643,23.69690275117503,33.13309755400075,83.63635901248816
2026-01-28 19:00:00,29.0,30.350000381469727,27.610000610351562,30.34000015258789,600,27.280600166320802,28.002450122833253,28.627500152587892,2.329829219783574,23.967841713020743,33.28715859215504,77.58621162145482
2026-01-29 19:00:00,29.059999465942383,32.75,29.059999465942383,30.34000015258789,2,27.34740016937256,28.014000120162965,28.84000015258789,2.2794806042026976,24.281038944182495,33.39896136099328,77.58621162145482
2026-02-01 19:00:00,28.149999618530273,30.850000381469727,28.149999618530273,30.34000015258789,201,27.414200172424316,28.030700120925903,29.05250015258789,2.206556971175131,24.639386210237628,33.465614094938154,71.73913268826693
2026-02-03 19:00:00,29.299999237060547,29.299999237060547,29.299999237060547,30.34000015258789,25,27.47340019226074,28.047400121688842,29.319500160217284,2.0041811342079097,25.311137891801465,33.327862428633104,59.58549248400619
2026-02-10 19:00:00,30.0,30.0,30.0,30.34000015258789,100,27.53260021209717,28.059800119400023,29.58650016784668,1.7362339290971236,26.114032309652433,33.05896802604093,59.58549248400619
2026-02-12 19:00:00,30.0,33.369998931884766,27.959999084472656,33.369998931884766,72757,27.65960018157959,28.0849001121521,30.005000114440918,1.5736596949759716,26.857680724488976,33.152319504392864,77.35849004371954
2026-02-15 19:00:00,36.709999084472656,36.709999084472656,31.5,33.0099983215332,52467,27.77940013885498,28.106900100708007,30.330500030517577,1.4810678294166228,27.36836437168433,33.292635689350824,71.63957921119143
2026-02-16 19:00:00,34.0,36.310001373291016,31.049999237060547,36.310001373291016,28512,27.9656001663208,28.13735011100769,30.82100009918213,1.746388391548329,27.32822331608547,34.31377688227879,80.93346801573837
2026-02-17 19:00:00,39.79999923706055,39.939998626708984,32.68000030517578,39.939998626708984,116315,28.224400138854982,28.17445010185242,31.421000003814697,2.571130754808991,26.278738494196716,36.56326151343268,85.74610115688418
2026-02-18 19:00:00,43.900001525878906,43.93000030517578,41.5,43.93000030517578,130584,28.563000144958497,28.231500101089477,32.1375,3.7591653457171166,24.61916930856577,39.65583069143423,87.90170148228744
2026-02-19 19:00:00,44.9900016784668,45.5,39.54999923706055,40.09000015258789,28070,28.824800148010254,28.266950101852416,32.661999988555905,4.102608332290028,24.45678332397585,40.86721665313596,74.99999487271936
2026-02-22 19:00:00,38.04999923706055,42.880001068115234,36.08000183105469,36.08000183105469,10364,28.96460018157959,28.274650106430055,32.986000061035156,4.103938297842913,24.77812346534933,41.19387665672098,61.698365264761236
2026-02-23 19:00:00,32.470001220703125,36.0,32.470001220703125,32.470001220703125,15135,29.032200202941894,28.2811501121521,33.10550012588501,4.049299446834951,25.006901232215107,41.20409901955491,53.20366176003316
2026-02-24 19:00:00,29.219999313354492,32.75,29.219999313354492,29.8700008392334,51411,29.097200202941895,28.274650115966796,33.095000171661376,4.057820865624042,24.979358440413293,41.21064190290946,48.810359692717995
2026-02-25 19:00:00,27.0,29.0,26.93000030517578,28.670000076293945,8556,29.140600204467773,28.270900115966796,33.01300020217896,4.132937087310257,24.747126027558444,41.27887437679947,47.1761921105692
2026-02-26 19:00:00,29.940000534057617,31.540000915527344,26.489999771118164,30.760000228881836,28537,29.22580020904541,28.266500120162963,32.95600023269653,4.156886923722467,24.642226385251597,41.26977408014147,50.66329762004954
2026-03-01 19:00:00,27.700000762939453,33.84000015258789,27.700000762939453,33.689998626708984,29320,29.388800163269043,28.29065011024475,33.10100011825561,4.127833446634116,24.845333224987378,41.35666701152385,54.84243778453765
2026-03-02 19:00:00,36.9900016784668,37.060001373291016,33.0,36.529998779296875,13622,29.608600120544434,28.329000101089477,33.38800001144409,4.158131577045801,25.07173685735249,41.70426316553569,58.26876646572327
2026-03-03 19:00:00,36.529998779296875,40.18000030517578,32.880001068115234,32.880001068115234,66952,29.755400123596193,28.349100103378294,33.49250001907349,4.1154469260441005,25.26160616698529,41.72339387116169,53.09152998804425
2026-03-04 19:00:00,30.989999771118164,33.0,30.149999618530273,32.0,10431,29.884600105285646,28.364800100326537,33.56500005722046,4.073439546008885,25.41812096520269,41.71187914923823,48.24043292943074
2026-03-05 19:00:00,32.4900016784668,32.4900016784668,30.200000762939453,31.450000762939453,1468,30.002800102233888,28.392050104141234,33.62050008773804,4.03456302679845,25.551374034141137,41.68962614133494,48.00613803529239
2026-03-08 19:00:00,33.0,33.0,28.34000015258789,28.600000381469727,828,30.064000091552735,28.405050106048584,33.53350009918213,4.126733352199238,25.28003339478365,41.786966803580604,40.03102956144048
2026-03-09 19:00:00,31.399999618530273,31.459999084472656,30.0,30.079999923706055,5042,30.164200096130372,28.425450105667114,33.520500087738036,4.137717884802549,25.24506431813294,41.79593585734313,36.50054888502881
2026-03-10 19:00:00,31.0,32.970001220703125,29.0,29.489999771118164,5182,30.25260009765625,28.429900102615356,33.47800006866455,4.176290878420836,25.125418311822877,41.83058182550622,28.2004803270965
2026-03-11 19:00:00,27.209999084472656,32.0,27.209999084472656,29.489999771118164,341,30.34100009918213,28.4343500995636,33.43550004959106,4.214059690269608,25.007380669051848,41.86361943013028,31.898904518625343
2026-03-12 19:00:00,32.349998474121094,32.349998474121094,29.200000762939453,30.719999313354492,1381,30.454000091552736,28.458900098800658,33.30300006866455,4.257663130620874,24.787673807422806,41.8183263299063,39.88678697454971
2026-03-15 19:00:00,32.9900016784668,32.9900016784668,27.649999618530273,28.059999465942383,2095,30.515200080871583,28.47015009880066,33.05550012588501,4.416501903483081,24.22249631891885,41.88850393285117,41.36985867776905
2026-03-16 19:00:00,30.600000381469727,30.600000381469727,29.899999618530273,28.059999465942383,12,30.554600067138672,28.469000091552733,32.64300003051758,4.481332121652178,23.68033578721322,41.60566427382193,46.056641363889916
2026-03-17 19:00:00,28.0,29.5,25.979999542236328,26.450000762939453,10592,30.5618000793457,28.459800090789795,31.9685001373291,4.338156675021622,23.292186787285857,40.644813487372346,45.24828810115482
2026-03-18 19:00:00,27.0,27.0,26.0,26.059999465942383,6829,30.561200065612795,28.44865008354187,31.075000095367432,3.505172950326634,24.064654194714166,38.0853459960207,39.1505041001839
2026-03-23 19:00:00,26.5,26.989999771118164,23.510000228881836,26.700000762939453,2480,30.573400077819823,28.440700082778932,30.40550012588501,2.9230868666229632,24.559326392639083,36.25167385913093,31.956638489371926
2026-03-24 19:00:00,27.700000762939453,27.979999542236328,27.700000762939453,27.979999542236328,1130,30.611200065612792,28.439150075912476,30.000500011444093,2.643232484667336,24.714035042109423,35.28696498077876,25.996629957607794
2026-03-25 19:00:00,29.0,29.700000762939453,29.0,29.110000610351562,592,30.671600074768065,28.443250074386597,29.832499980926514,2.5841312715937765,24.66423743773896,35.000762524114066,37.67168007839963
2026-03-26 19:00:00,26.34000015258789,27.0,26.34000015258789,29.110000610351562,310,30.753800086975097,28.449450073242186,29.794499969482423,2.589133904736454,24.616232160009517,34.97276777895533,39.97224351058042
2026-03-29 19:00:00,27.0,27.0,26.200000762939453,26.360000610351562,1374,30.78100009918213,28.446250076293946,29.678999996185304,2.6914401752096406,24.296119645766023,35.06188034660458,34.677904980281156
2026-03-30 19:00:00,26.360000610351562,26.360000610351562,26.360000610351562,26.360000610351562,100,30.80820011138916,28.453700075149538,29.459000015258788,2.776900484408346,23.905199046442096,35.01280098407548,41.86046608336361
2026-03-31 19:00:00,28.0,28.0,28.0,26.360000610351562,501,30.80540012359619,28.461150074005126,29.092500114440917,2.6707810233729306,23.750938067695056,34.43406216118678,34.85342383815993
2026-04-01 19:00:00,27.0,28.850000381469727,27.0,28.81999969482422,849,30.851800117492676,28.48090006828308,28.707000160217284,2.0172156424688406,24.6725688752796,32.741431445154966,47.63250850050717
2026-04-02 19:00:00,26.0,27.989999771118164,26.0,26.639999389648438,787,30.825800094604492,28.489750061035156,28.395000076293947,1.8097062072852717,24.775587661723403,32.01441249086449,41.27372812374477
2026-04-05 19:00:00,28.06999969482422,28.06999969482422,27.25,27.25,848,30.778800086975096,28.50165005683899,28.157500076293946,1.6126566884596998,24.932186699374547,31.382813453213345,38.95608181323161
2026-04-06 19:00:00,28.84000015258789,28.84000015258789,28.489999771118164,27.25,371,30.731800079345703,28.513550052642824,27.947500038146973,1.4237379563433106,25.10002412546035,30.794975950833596,46.896554042489875
2026-04-07 19:00:00,27.0,29.979999542236328,26.450000762939453,29.6200008392334,7727,30.732200088500978,28.537300052642824,27.998500061035156,1.4659835531357612,25.066532954763634,30.930467167306677,55.05836956099569
2026-04-08 19:00:00,29.989999771118164,31.979999542236328,29.989999771118164,30.0,1275,30.730600090026854,28.56315005302429,27.994500064849852,1.4601025218368837,25.074295021176084,30.91470510852362,62.50880417998271
2026-04-09 19:00:00,29.0,29.0,28.989999771118164,28.989999771118164,2385,30.7088000869751,28.583950052261354,27.969500064849854,1.4372504525719236,25.094999159706006,30.8440009699937,59.8919650016369
2026-04-12 19:00:00,29.0,31.790000915527344,27.5,28.670000076293945,1335,30.67600009918213,28.603150053024294,27.92850008010864,1.402877669184634,25.122744741739375,30.734255418477908,56.797789318399936
2026-04-13 19:00:00,31.25,31.25,29.0,30.260000228881836,3151,30.64320011138916,28.630300054550172,27.90550012588501,1.3577476386682075,25.190004848548593,30.620995403221425,57.702704426839844
2026-04-14 19:00:00,32.0,32.900001525878906,30.5,32.79999923706055,3777,30.683400077819826,28.670150051116945,28.142500114440917,1.744690682396512,24.653118749647895,31.63188147923394,61.38185945440178
2026-04-15 19:00:00,34.0,34.0,31.25,31.469999313354492,1210,30.697000045776367,28.703350048065186,28.313000106811522,1.8962429000163143,24.520514306778892,32.10548590684415,56.72747672876859
2026-04-16 19:00:00,31.469999313354492,32.0,28.360000610351562,29.020000457763672,1826,30.661600036621095,28.724300050735472,28.441500091552733,1.8498626350253022,24.74177482150213,32.14122536160334,57.714617682761414
2026-04-19 19:00:00,31.0,31.799999237060547,29.0,30.479999542236328,11014,30.66020004272461,28.746700048446655,28.66250009536743,1.8140527228995393,25.034394649568352,32.29060554116651,61.01604172259517
2026-04-20 19:00:00,32.5,32.75,28.989999771118164,31.770000457763672,1417,30.688800048828124,28.767750053405763,28.916000080108642,1.8784773841845293,25.159045311739582,32.6729548484777,63.531766947352594
2026-04-21 19:00:00,31.0,31.0,28.59000015258789,28.75,9607,30.657000045776368,28.77370005607605,28.954500102996825,1.8661342305110078,25.22223164197481,32.68676856401884,49.82968443449385
2026-04-22 19:00:00,26.350000381469727,30.0,26.350000381469727,28.739999771118164,1147,30.625000038146972,28.770950050354003,28.936000061035156,1.8663455328663034,25.20330899530255,32.66869112676776,55.71273252817204
2026-04-23 19:00:00,30.75,30.75,29.0,29.920000076293945,735,30.616600036621094,28.774100046157837,28.976500034332275,1.879065307891073,25.21836941855013,32.73463065011442,57.044855508015544
2026-04-26 19:00:00,30.989999771118164,32.5,29.0,31.6299991607666,5191,30.642400016784666,28.785800037384032,29.239999961853027,1.8622734597275026,25.515453042398022,32.96454688130803,60.600192636691865
2026-04-27 19:00:00,31.75,34.0,29.010000228881836,29.56999969482422,22628,30.566400032043457,28.787200031280516,29.40049991607666,1.734972852666425,25.93055421074381,32.87044562140951,49.87714704460732
2026-04-29 19:00:00,35.77000045776367,35.779998779296875,29.280000686645508,34.54999923706055,38938,30.597200050354004,28.813500022888185,29.809999847412108,1.9346071074499904,25.940785632512128,33.67921406231209,59.11823605930563
