Date,Open,High,Low,Close,Volume,SMA_50,SMA_200,SMA_20,STD_20,BBL_20_2.0,BBU_20_2.0,RSI_14
2007-12-18 19:00:00,1.9209016561508176,1.9209016561508176,1.9209016561508176,1.9209016561508179,2880,,,,,,,
2008-01-08 19:00:00,1.9209018283929058,2.053377866744995,1.788425971968914,2.053377866744995,11520,,,,,,,
2008-01-09 19:00:00,2.1858532428741455,2.1858532428741455,2.1858532428741455,2.1858532428741455,5760,,,,,,,
2008-01-13 19:00:00,2.185853247446983,2.318329075039366,2.126239061355591,2.126239061355591,40320,,,,,,,
2008-01-15 19:00:00,2.391191005706787,2.391191005706787,2.391191005706787,2.391191005706787,2880,,,,,,,
2008-01-17 19:00:00,2.2587149143218994,2.2587149143218994,2.2587149143218994,2.2587149143218994,5760,,,,,,,
2008-01-21 19:00:00,2.252090620176444,2.285209894180298,2.252090620176444,2.285209894180298,5760,,,,,,,
2008-01-30 19:00:00,2.126239061355591,2.126239061355591,2.126239061355591,2.126239061355591,5760,,,,,,,
2008-02-14 19:00:00,2.2587149143218994,2.2587149143218994,2.2587149143218994,2.2587149143218994,2880,,,,,,,
2008-02-18 19:00:00,2.391191005706787,2.391191005706787,2.391191005706787,2.391191005706787,2880,,,,,,,
2008-02-19 19:00:00,2.391191024119444,2.5236668586730957,2.258715007637724,2.5236668586730957,11520,,,,,,,
2008-02-20 19:00:00,2.523667108167558,2.649519681930542,2.3911912605170955,2.649519681930542,5760,,,,,,,
2008-02-24 19:00:00,2.7819955348968506,2.7819955348968506,2.7819955348968506,2.7819955348968506,2880,,,,,,,
2008-02-25 19:00:00,2.921095371246338,2.921095371246338,2.921095371246338,2.921095371246338,2880,,,,,,,79.37744103474068
2008-02-26 19:00:00,2.921095433359289,3.060194730758667,2.775371225008599,3.060194730758667,5760,,,,,,,80.93525624637832
2008-03-02 19:00:00,3.205918312072754,3.205918312072754,3.205918312072754,3.205918312072754,2880,,,,,,,81.07143072924748
2008-03-04 19:00:00,3.3582656383514404,3.3582656383514404,3.3582656383514404,3.3582656383514404,2880,,,,,,,81.27209258075939
2008-05-14 19:00:00,3.179422618708467,3.2681820392608643,3.179422618708467,3.2681820392608643,14400,,,,,,,79.97219331863693
2008-05-19 19:00:00,3.4311277866363525,3.4311277866363525,3.4311277866363525,3.4311277866363525,2880,,,,,,,78.83910243958171
2008-05-20 19:00:00,3.6020216941833496,3.6020216941833496,3.6020216941833496,3.6020216941833496,2880,,,2.6399810135364534,0.5235173520939844,1.5929463093484846,3.6870157177244223,86.47483892251876
2008-05-21 19:00:00,3.4443750381469727,3.4443750381469727,3.4443750381469727,3.4443750381469727,2880,,,2.716154682636261,0.5242169101197705,1.66772086239672,3.7645885028758017,79.38214407919602
2008-06-03 18:00:00,3.2721564769744873,3.2721564769744873,3.2721564769744873,3.2721564769744873,11520,,,2.7770936131477355,0.5138532368212372,1.7493871395052611,3.80480008679021,78.85257155864875
2008-06-24 18:00:00,3.2721564769744873,3.2721564769744873,3.2721564769744873,3.2721564769744873,57600,,,2.8314087748527528,0.5054116174866955,1.8205855398793618,3.8422320098261435,77.34096287525722
2008-07-08 18:00:00,3.5993714332580566,3.5993714332580566,3.5993714332580566,3.5993714332580566,5760,,,2.905065393447876,0.5045776519100307,1.8959100896278147,3.9142206972679374,79.495468240666
2009-02-15 19:00:00,3.778850555419922,3.778850555419922,3.778850555419922,3.778850555419922,2880,,,2.9744483709335325,0.5251830358097469,1.9240822993140387,4.024814442553026,79.95548858093308
2009-04-15 18:00:00,2.6416895349659204,2.7819064654373613,2.501472604494479,2.69637393951416,28800,,,2.9963313221931456,0.5024152684951414,1.9915007852028628,4.001161859183428,50.76767341061123
2010-12-01 19:00:00,2.5449396449355164,2.6851565837860107,2.67814628563626,2.6851565837860107,2880,,,3.0163286566734313,0.48008437323373004,2.056159910205971,3.9764974031408915,48.34771003346789
2010-12-13 19:00:00,2.313581886846503,2.3836898803710938,2.313581886846503,2.3836898803710938,11520,,,3.0292011976242064,0.45790124138743343,2.1133987148493394,3.9450036803990733,41.31202880004933
2010-12-14 19:00:00,2.50988507270813,2.50988507270813,2.50988507270813,2.50988507270813,2880,,,3.041759705543518,0.43869922515237314,2.164361255238772,3.9191581558482644,41.06613864169866
2010-12-19 19:00:00,2.5098850570641673,2.6080373180003695,2.3907009390199607,2.4047226905822754,5760,,,3.0424362897872923,0.43765226299181365,2.167131763803665,3.9177408157709195,36.819614134037245
2010-12-20 19:00:00,2.5449395179748535,2.5449395179748535,2.5449395179748535,2.5449395179748535,2880,,,3.0434999227523805,0.43634904254922113,2.170801837653938,3.9161980078508227,36.56644118946802
2010-12-21 19:00:00,2.5449396449355164,2.6851565837860107,2.67814628563626,2.6851565837860107,2880,,,3.045281767845154,0.434725277480149,2.175831212884856,3.9147323228054516,40.52715407179757
2010-12-22 19:00:00,2.825373649597168,2.825373649597168,2.825373649597168,2.825373649597168,2880,,,3.04745067358017,0.433448905972912,2.1805528616343457,3.914348485525994,40.08463149629469
2010-12-29 19:00:00,3.431111225075602,3.6021766662597656,3.6021766662597656,3.6021766662597656,2880,,,3.081504738330841,0.4494583175860755,2.18258810315869,3.9804213735029923,50.0021167974587
2010-12-30 19:00:00,3.6021766662597656,3.6021766662597656,3.6021766662597656,3.6021766662597656,2880,,,3.108603835105896,0.4642028098561655,2.180198215393565,4.037009454818227,52.252452395712425
2011-01-02 19:00:00,3.9695446491241455,3.9695446491241455,3.9695446491241455,3.9695446491241455,2880,,,3.1467851519584658,0.5024567770660255,2.1418715978264147,4.151698706090517,59.42917396271473
2011-01-03 19:00:00,4.167251110076904,4.167251110076904,4.167251110076904,4.167251110076904,2880,,,3.1872344255447387,0.5506310898200741,2.0859722459045904,4.288496605184887,61.48811857780708
2011-01-04 19:00:00,4.374772548675537,4.374772548675537,4.374772548675537,4.374772548675537,2880,,,3.2425639510154722,0.6114333674760422,2.019697216063388,4.465430685967556,60.267365160384365
2011-01-05 19:00:00,4.593512058258057,4.593512058258057,4.593512058258057,4.593512058258057,2880,,,3.3006831645965575,0.6815273907694529,1.9376283830576517,4.6637379461354636,60.676223054311315
2011-01-06 19:00:00,4.822065830230713,4.822065830230713,4.822065830230713,4.822065830230713,2880,,,3.361685371398926,0.7600030132971681,1.8416793448045896,4.881691397993262,85.8901671595437
2011-01-09 19:00:00,5.0618367195129395,5.0618367195129395,5.0618367195129395,5.0618367195129395,2880,,,3.442558455467224,0.849995508816846,1.7425674378335319,5.142549473100916,87.25276019687028
2011-01-11 19:00:00,5.04781436920166,5.04781436920166,5.04781436920166,5.04781436920166,2880,,,3.531341350078583,0.9210267897686993,1.6892877705411842,5.373394929615982,95.89371298138269
2011-01-23 19:00:00,4.907597541809082,4.907597541809082,4.907597541809082,4.907597541809082,2880,,,3.6131134033203125,0.9681965746186993,1.6767202540829138,5.549506552557711,91.10577152992462
2011-02-01 19:00:00,4.767380714416504,4.767380714416504,4.767380714416504,4.767380714416504,2880,,,3.671513867378235,1.0019617451108154,1.6675903771566043,5.675437357599866,90.02375001433789
2011-04-20 19:00:00,4.475729465484619,4.475729465484619,4.475729465484619,4.475729465484619,5,,,3.70635781288147,1.0178816751500173,1.6705944625814353,5.742121163181505,81.1116206108916
2011-04-21 19:00:00,4.262598991394043,4.475728921707859,4.066295239961069,4.262598991394043,604,,,3.784669065475464,0.996104590948691,1.7924598835780818,5.776878247372846,74.83443330769667
2011-04-25 19:00:00,4.276620864868164,4.276620864868164,4.276620864868164,4.276620864868164,5,,,3.8642422795295714,0.9667828829818953,1.9306765135657808,5.797808045493362,73.79310139949578
2011-05-12 19:00:00,3.9961864948272705,3.9961864948272705,3.9961864948272705,3.9961864948272705,3421,,,3.9448671102523805,0.9018717471086652,2.14112361603505,5.748610604469711,57.715534640460376
2011-05-30 19:00:00,3.9961864948272705,3.9961864948272705,3.9961864948272705,3.9961864948272705,11520,,,4.019182181358337,0.8362537373596831,2.3466747066389706,5.6916896560777035,57.715534640460376
2011-07-11 19:00:00,3.9260785579681396,3.9260785579681396,3.9260785579681396,3.9260785579681396,5,3.2950271582603454,,4.095249974727631,0.745990990678021,2.603267993371589,5.587231956083673,49.03669590976993
2011-08-23 19:00:00,3.7297740989549495,3.7858614921569824,3.7297740989549495,3.7858614921569824,293,3.3323263549804687,,4.157296073436737,0.6564984049691086,2.8442992634985202,5.470292883374954,41.32655274303332
2011-10-18 19:00:00,3.7297742366790776,3.7297742366790776,3.7297742366790776,3.729774236679077,51,3.3658542823791504,,4.20952695608139,0.5689247429970739,3.0716774700872427,5.347376442075538,34.24658954131827
2011-11-21 19:00:00,3.926077898938239,3.926077898938239,3.7437951564788823,3.743795156478882,14976,3.3970131206512453,,4.255448031425476,0.48170108282966084,3.292045865766154,5.218850197084798,26.940593594324284
2011-11-22 19:00:00,3.5573065280914307,3.5573065280914307,3.5573065280914307,3.5573065280914307,3490,3.4256344699859618,,4.253204524517059,0.48499702367253733,3.2832104771719846,5.223198571862134,14.875342471014193
2011-11-23 19:00:00,3.3806333541870117,3.3806333541870117,3.3806333541870117,3.3806333541870117,1756,3.4454233169555666,,4.242127358913422,0.5028502575875288,3.2364268437383643,5.247827874088479,1.6141697812375781
2011-12-18 19:00:00,3.7297742366790776,3.7297742366790776,3.7297742366790776,3.729774236679077,1756,3.47484450340271,,4.230138838291168,0.5124573997809116,3.205224038729345,5.255053637852992,18.200266051348635
2011-12-28 19:00:00,3.733980178833008,3.733980178833008,3.733980178833008,3.733980178833008,576,3.503819909095764,,4.208475291728973,0.5242775233954852,3.159920244938003,5.257030338519944,19.695842171646902
2012-01-11 19:00:00,3.731176137924194,3.731176137924194,3.731176137924194,3.7311761379241943,288,3.5359186506271363,,4.176295471191406,0.5332087769628708,3.1098779172656648,5.242713025117148,21.200280697662237
2012-03-05 19:00:00,3.733980178833008,3.733980178833008,3.733980178833008,3.733980178833008,28,3.5654239559173586,,4.1333188772201535,0.532449838582186,3.0684192000557813,5.198218554384526,25.440987108878915
2012-03-07 19:00:00,3.7297742366790776,3.7297742366790776,3.7297742366790776,3.729774236679077,28,3.5921956205368044,,4.078704297542572,0.5137772734150695,3.051149750712433,5.106258844372711,29.52582956967605
2012-03-14 19:00:00,3.7297742366790776,3.7297742366790776,3.7297742366790776,3.729774236679077,28,3.616317768096924,,4.012101173400879,0.46350256640491094,3.085096040591057,4.939106306210701,28.75812647357307
2012-03-19 19:00:00,3.733980178833008,3.733980178833008,3.733980178833008,3.733980178833008,576,3.6380069780349733,,3.9464094638824463,0.3973729126128057,3.151663638656835,4.7411552891080575,37.0318382201557
2012-03-20 19:00:00,3.733980178833008,3.733980178833008,3.733980178833008,3.733980178833008,2880,3.6570466709136964,,3.8877285957336425,0.3286795108463459,3.230369574040951,4.545087617426335,37.0318382201557
2012-03-21 19:00:00,3.9204688072204585,3.9204688072204585,3.9204688072204585,3.920468807220459,2880,3.6770341396331787,,3.8453830003738405,0.2558777749723386,3.333627450429163,4.357138550318518,49.75119580189311
2012-03-26 19:00:00,4.320087909698486,4.320087909698486,4.320087909698486,4.320087909698486,5,3.702232003211975,,3.837600922584534,0.2373973073203376,3.362806307943859,4.312395537225209,69.26189063115713
2012-03-27 19:00:00,4.536022663116455,4.536022663116455,4.536022663116455,4.536022663116455,5,3.728834090232849,,3.8512721061706543,0.26893784185774317,3.3133964224551677,4.389147789886141,76.06532388389667
2012-03-29 19:00:00,4.998739242553711,4.998739242553711,4.998739242553711,4.998739242553711,5,3.7616435623168947,,3.8873780250549315,0.361568964657248,3.1642400957404355,4.610515954369427,81.44769832580202
2012-04-03 19:00:00,5.60868361911653,5.644018173217773,5.60868361911653,5.644018173217773,5,3.809160284996033,,3.969769608974457,0.5342031977327978,2.901363213508861,5.038176004440053,92.5151865575831
2012-04-08 19:00:00,5.6086835861206055,5.6086835861206055,5.6086835861206055,5.6086835861206055,11520,3.8527114009857177,,4.050394463539123,0.6479693747655203,2.754455714008083,5.346333213070164,98.16907297605897
2012-04-09 19:00:00,5.608683361661015,5.889117240905762,5.33525978060461,5.889117240905762,2891,3.898453311920166,,4.148546397686005,0.7660628277841339,2.616420742117737,5.6806720532542725,98.11301409996204
2012-04-25 19:00:00,6.308366298675537,6.308366298675537,6.308366298675537,6.308366298675537,5,3.9557331371307374,,4.274671638011933,0.8992781609715251,2.4761153160688822,6.073227959954983,98.40754525476174
2012-05-24 19:00:00,6.308366169645597,6.309769153594971,6.308366169645597,6.309769153594971,8069,4.016485390663147,,4.403671383857727,0.9967635267413073,2.4101443303751124,6.397198437340341,98.51221300477174
2012-05-29 19:00:00,6.62525749206543,6.62525749206543,6.62525749206543,6.62525749206543,5,4.083547410964965,,4.547744500637054,1.099331853966072,2.3490807927049104,6.746408208569198,98.6688296729661
2012-06-03 19:00:00,6.7304205894470215,6.7304205894470215,6.7304205894470215,6.7304205894470215,576,4.146168394088745,,4.706400203704834,1.1752212527777373,2.3559576981493593,7.056842709260309,98.84952923960515
2012-06-11 19:00:00,7.071147918701172,7.071147918701172,7.071147918701172,7.071147918701172,576,4.2120143413543705,,4.890925931930542,1.2438296971637837,2.4032665376029745,7.37858532625811,98.96441549575523
2012-06-13 19:00:00,7.0388970375061035,7.0388970375061035,7.0388970375061035,7.0388970375061035,2880,4.298864803314209,,5.0563820719718935,1.3000632762098228,2.456255519552248,7.656508624391539,98.03535629569082
2012-06-19 19:00:00,7.010854244232178,7.010854244232178,7.010854244232178,7.010854244232178,1681,4.385378756523132,,5.220225775241852,1.3307584984744445,2.558708778292963,7.881742772190741,97.24265683990136
2012-06-28 19:00:00,7.009451866149902,7.009451866149902,7.009451866149902,7.009451866149902,5,4.477893996238708,,5.384139561653138,1.3395630088411155,2.7050135439709067,8.063265579335368,97.04449195161163
2012-07-01 19:00:00,7.009451645440504,7.010854244232178,7.009451645440504,7.010854244232178,4556,4.567913379669189,,5.547983264923095,1.3274516846443718,2.8930798956343518,8.20288663421184,96.6365186195789
2012-07-03 19:00:00,7.010854244232178,7.010854244232178,7.010854244232178,7.010854244232178,576,4.660036010742187,,5.712037265300751,1.2932265779652166,3.1255841093703176,8.298490421231184,96.36438610602612
2012-07-04 19:00:00,7.010854244232178,7.010854244232178,7.010854244232178,7.010854244232178,864,4.749354305267334,,5.876091265678406,1.235346727089389,3.405397811499628,8.346784719857183,95.6018637093886
2012-07-05 19:00:00,7.010854244232178,7.010854244232178,7.010854244232178,7.010854244232178,2304,4.835868258476257,,6.039934968948364,1.1506908934604831,3.7385531820273976,8.34131675586933,93.78366299173437
2012-07-09 19:00:00,7.010854244232178,7.010854244232178,7.010854244232178,7.010854244232178,2592,4.919577870368958,,6.203778672218323,1.032270432656559,4.1392378069052045,8.26831953753144,95.95584960258954
2012-07-10 19:00:00,7.010854244232178,7.010854244232178,7.010854244232178,7.010854244232178,1036,4.987751421928405,,6.358297944068909,0.89461563662198,4.569066670824949,8.147529217312869,95.04500761137014
2012-07-16 19:00:00,7.361396789550781,7.361396789550781,7.361396789550781,7.361396789550781,120,5.062935824394226,,6.510363388061523,0.7812215392019369,4.94792030965765,8.072806466465398,94.75562159701711
2012-07-17 19:00:00,7.361396789550781,7.361396789550781,7.361396789550781,7.361396789550781,5,5.130772867202759,,6.65163209438324,0.6498151306942841,5.352001832994672,7.951262355771808,94.7493603387719
2012-07-18 19:00:00,7.010854244232178,7.010854244232178,7.010854244232178,7.010854244232178,115,5.187644929885864,,6.752237844467163,0.5240274104833248,5.704183023500513,7.800292665433813,65.9327763742809
2012-09-13 19:00:00,7.010854244232178,7.010854244232178,7.010854244232178,7.010854244232178,11520,5.240366563796997,,6.820579648017883,0.45669345771369546,5.9071927325904925,7.733966563445274,62.69032948006314
2012-12-17 19:00:00,16.00188446044922,16.00188446044922,16.00188446044922,16.00188446044922,2880,5.46853401184082,,7.340239691734314,2.069700514125766,3.2008386634827817,11.479640719985845,95.77417154597337
2012-12-18 19:00:00,16.801122665405273,16.801122665405273,16.801122665405273,16.801122665405273,2880,5.708115148544311,,7.88583996295929,2.927532653422636,2.0307746561140183,13.74090526980456,96.38870503934557
2012-12-25 19:00:00,19.448110580444336,19.448110580444336,19.448110580444336,19.448110580444336,2880,5.9958406257629395,,8.54282717704773,3.875724285324277,0.7913786063991761,16.294275747696283,97.3218095400552
2012-12-26 19:00:00,18.522677777049005,19.448110580444336,19.448110580444336,19.448110580444336,2880,6.283846549987793,,9.199744248390198,4.53472794507514,0.1302883582399179,18.269200138540477,97.33219649848091
2012-12-30 19:00:00,21.998502731323242,21.998502731323242,21.998502731323242,21.998502731323242,2880,6.625664653778077,,9.968406510353088,5.311728811481365,-0.6550511126096428,20.591864133315816,97.76564154409357
2013-01-01 19:00:00,23.098426818847656,23.098426818847656,23.098426818847656,23.098426818847656,2880,6.992285575866699,,10.78680682182312,6.002596348111691,-1.218385874400262,22.791999518046502,97.91202755867661
2013-01-03 19:00:00,24.13292078300765,24.13292078300765,23.369516372680664,23.369516372680664,5760,7.37016131401062,,11.601725244522095,6.552736323948633,-1.5037474033751703,24.70719789241936,97.94520668555727
2013-01-17 19:00:00,16.56431007385254,16.56431007385254,16.56431007385254,16.56431007385254,2880,7.61619553565979,,12.077995896339417,6.549808697723166,-1.0216214991069155,25.177613291785747,70.01565983032236
2013-01-29 19:00:00,15.540724754333496,15.540724754333496,15.540724754333496,15.540724754333496,2880,7.841477613449097,,12.504489421844482,6.47983315913442,-0.45517689642435677,25.46415574011332,67.13614159074743
2013-02-03 19:00:00,16.316593170166016,16.316593170166016,16.316593170166016,16.316593170166016,2880,8.087885746955871,,12.969846487045288,6.398116790863123,0.1736129053190414,25.766080068771537,68.12965878015716
2013-02-05 19:00:00,17.13141441345215,17.13141441345215,17.13141441345215,17.13141441345215,2880,8.35059030532837,,13.475874495506286,6.301502924617183,0.87286864627192,26.078880344740654,68.69596052808839
2013-02-06 19:00:00,17.986736297607422,17.986736297607422,17.986736297607422,17.986736297607422,2880,8.631803460121155,,14.02466859817505,6.185712447057713,1.6532437040596228,26.396093492290476,69.68821602201368
2013-02-07 19:00:00,18.88568115234375,18.88568115234375,18.88568115234375,18.88568115234375,2880,8.93379985332489,,14.618409943580627,6.045367981622658,2.52767398033531,26.709145906825945,71.56517872147093
2013-02-10 19:00:00,19.770610809326172,19.770610809326172,19.770610809326172,19.770610809326172,2880,9.254616584777832,,15.256397771835328,5.871038226545521,3.514321318744285,26.99847422492637,72.45065276006414
2013-02-26 19:00:00,19.474597930908203,19.474597930908203,19.474597930908203,19.474597930908203,2880,9.569232640266419,,15.87958495616913,5.605212266395511,4.669160423378107,27.09000948896015,58.80401757145937
2013-02-27 19:00:00,19.1785831451416,19.1785831451416,19.1785831451416,19.1785831451416,2880,9.881658172607422,,16.4879714012146,5.24040983609886,6.007151729016881,26.96879107341232,56.18515070398061
2013-02-28 19:00:00,20.082204818725586,20.082204818725586,20.082204818725586,20.082204818725586,2880,10.215689601898193,,17.12401180267334,4.830327501302152,7.463356800069036,26.784666805277645,51.814213588113134
2013-03-06 19:00:00,18.982276916503906,18.982276916503906,18.982276916503906,18.982276916503906,5760,10.52073965549469,,17.705055809020998,4.259364087819144,9.18632763338271,26.223783984659285,48.74611818302421
2013-03-10 19:00:00,19.163001544455724,19.163001544455724,18.03347518720843,18.982276916503906,11520,10.825705590248107,,18.303626942634583,3.439714376366183,11.424198189902217,25.18305569536695,40.58915672917984
2013-03-20 19:00:00,19.94042824395423,20.121152877807617,19.94042824395423,20.121152877807617,8640,11.153505125045776,,18.959141874313353,2.200284115898036,14.558573642517281,23.359710106109425,40.73321374573483
2013-03-26 19:00:00,19.116262412920946,19.163002014160156,19.116262412920946,19.163002014160156,5760,11.46208556175232,,19.1171977519989,2.0873088687556742,14.942580014487554,23.29181548951025,37.44420151173425
2013-03-27 19:00:00,20.019882202148438,20.019882202148438,20.019882202148438,20.019882202148438,2880,11.787887721061706,,19.27813572883606,2.022412872629453,15.233309983577154,23.322961474094964,65.99364214510952
2013-03-31 19:00:00,19.1785831451416,19.1785831451416,19.1785831451416,19.1785831451416,2880,12.096863899230957,,19.264659357070922,2.0221186093458217,15.220422138379279,23.308896575762567,67.12631410417868
2013-04-07 19:00:00,19.941987638353826,20.0977840423584,19.941987638353826,20.0977840423584,5760,12.424139976501465,,19.297143030166627,2.030421894770606,15.236299240625414,23.35798681970784,67.56405715169674
2013-04-09 19:00:00,20.56517504287941,21.094884872436523,20.56517504287941,21.094884872436523,5760,12.771358070373536,,19.25196213722229,1.9764848326362714,15.298992471949747,23.204931802494833,68.10418671950742
2013-04-10 19:00:00,20.565173444858964,20.954666137695312,20.253580659897455,20.954666137695312,5760,13.112042016983033,,19.14477410316467,1.8078407948727446,15.529092513419183,22.76045569291016,64.50434034962913
2013-04-23 19:00:00,21.94864845275879,21.94864845275879,21.94864845275879,21.94864845275879,2880,13.464613227844238,,19.07373070716858,1.6544962549416,15.764738197285379,22.38272321705178,64.83102511289897
2013-04-24 19:00:00,23.042343139648438,23.042343139648438,23.042343139648438,23.042343139648438,2880,13.834739637374877,,19.397632360458374,1.76760686268102,15.862418635096335,22.932846085820415,65.52794637470933
2013-04-25 19:00:00,24.193679809570312,24.193679809570312,24.193679809570312,24.193679809570312,2880,14.21863844871521,,19.830280113220216,1.8316932013202707,16.166893710579675,23.493666515860756,70.71534545698114
2013-04-29 19:00:00,26.67240333557129,26.67240333557129,26.67240333557129,26.67240333557129,11520,14.63920615196228,,20.34807062149048,2.2106609363960934,15.92674874869829,24.769392494282666,77.60558772642804
2013-05-02 19:00:00,27.872039794921875,27.872039794921875,27.872039794921875,27.872039794921875,2880,15.084473276138306,,20.885101890563966,2.6492163391545547,15.586669212254858,26.183534568873075,78.08356477772743
2013-05-05 19:00:00,26.48544804406611,26.952838897705078,26.48544804406611,26.952838897705078,5760,15.505747709274292,,21.33340702056885,2.8813918101359044,15.570623400297041,27.096190640840657,79.11450416993422
2013-05-14 19:00:00,28.30048179626465,28.30048179626465,28.30048179626465,28.30048179626465,2880,15.945590019226074,,21.804147052764893,3.2106959563044595,15.382755140155975,28.22553896537381,80.98643121132184
2013-05-16 19:00:00,28.30048067655859,29.71044289412869,28.30048067655859,29.59982681274414,8640,16.411391172409058,,22.29560785293579,3.610434299998043,15.074739252939706,29.516476452931876,81.18720815855113
2013-05-27 19:00:00,27.42023277282715,27.42023277282715,27.42023277282715,27.42023277282715,2880,16.82729067802429,,22.692889595031737,3.719199891280962,15.254489812469814,30.13128937759366,75.14710401228669
2013-07-14 19:00:00,27.80193328857422,27.80193328857422,27.80193328857422,27.80193328857422,2880,17.248720932006837,,23.12405710220337,3.7895311336750424,15.544994834853284,30.703119369553455,74.40635066783082
2013-07-15 19:00:00,27.80193134509078,29.133995377435635,26.485448320282703,27.809720993041992,1152,17.66349239349365,,23.51043291091919,3.8564179829211165,15.797596945076956,31.223268876761423,78.56259011805007
2013-07-18 19:00:00,26.485449407539967,26.485449407539967,26.420015335083008,26.420015335083008,3456,18.05111475944519,,23.882319831848143,3.754034384604279,16.374251062639587,31.3903886010567,70.29000393475505
2013-07-23 19:00:00,27.730264699686444,27.730264699686444,27.722475051879883,27.722475051879883,1152,18.465347175598144,,24.319329738616943,3.661172715663609,16.996984307289726,31.64167516994416,70.86112101705865
2013-08-25 19:00:00,28.978197777003164,29.112184524536133,28.978197777003164,29.112184524536133,7488,18.90740182876587,,24.76888132095337,3.6705396345347743,17.42780205188382,32.109960590022915,73.80433939267917
2013-08-26 19:00:00,30.567331314086914,30.567331314086914,30.567331314086914,30.567331314086914,4608,19.378531370162964,,25.339097785949708,3.6395312461808076,18.060035293588093,32.61816027831132,74.49090025740347
2013-08-27 19:00:00,32.0956916809082,32.0956916809082,32.0956916809082,32.0956916809082,9216,19.880228118896483,,25.942888259887695,3.711602108698958,18.51968404248978,33.36609247728561,75.10585949830616
2013-08-28 19:00:00,33.70039749145508,33.70039749145508,33.70039749145508,33.70039749145508,3456,20.414018983840943,,26.66897897720337,3.7390034223158644,19.19097213257164,34.1469858218351,75.71646362856617
2013-08-29 19:00:00,35.384559631347656,35.384559631347656,35.384559631347656,35.384559631347656,1152,20.981493091583253,,27.433317756652833,3.884647603887986,19.66402254887686,35.20261296442881,74.62569600245325
2013-09-01 19:00:00,35.38456131558261,37.15285431544779,33.65210309509562,37.02977752685547,12096,21.58187155723572,,28.230062389373778,4.141824678107785,19.94641303315821,36.51371174558935,75.24915790423594
2013-09-02 19:00:00,38.608745386370444,38.88064193725586,38.608745386370444,38.88064193725586,576,22.219267311096193,,29.126361179351807,4.415141085472839,20.29607900840613,37.95664335029748,81.27963725727736
2013-09-03 19:00:00,40.53832244873047,40.53832244873047,40.53832244873047,40.53832244873047,5760,22.882805824279785,,30.055844879150392,4.76727024590567,20.52130438733905,39.590385370961734,81.57917713989842
2013-09-04 19:00:00,42.532515144112374,42.56523132324219,42.532515144112374,42.56523132324219,9216,23.586882514953615,,31.031989288330077,5.231729264073146,20.568530760183783,41.49544781647637,82.2458266794987
2013-09-05 19:00:00,44.69342041015625,44.69342041015625,44.69342041015625,44.69342041015625,1728,24.340533838272094,,32.056976318359375,5.798861441302922,20.45925343575353,43.65469920096522,93.06969804163987
2013-09-08 19:00:00,44.69341902357867,46.9275470443007,43.934689114771516,46.653343200683594,9216,25.133383617401122,,33.05602331161499,6.501042379394341,20.05393855282631,46.05810807040368,93.5753449057296
2013-09-09 19:00:00,46.73902880851767,48.84228515625,46.73902880851767,48.84228515625,5760,25.79019163131714,,34.1045355796814,7.266912421724492,19.570710736232414,48.63836042313038,94.16383718697666
2013-09-10 19:00:00,47.516460577488786,47.516460577488786,46.73903274536133,46.73903274536133,1728,26.38894983291626,,35.09384527206421,7.582047309286769,19.92975065349067,50.25793989063774,91.42422986557386
2013-09-12 19:00:00,46.739029388774206,49.07598205635701,44.402076721191406,44.402076721191406,1152,26.8880291557312,,35.89892501831055,7.677004980853239,20.544915056604072,51.25293498001703,82.6283051078028
2013-09-19 19:00:00,42.19911067806378,44.30860081856979,40.0896239608266,44.28834533691406,5760,27.384833850860595,,36.633350944519044,7.744973957014917,21.14340303048921,52.12329885854888,81.24719060439932
2013-09-22 19:00:00,44.28835028296304,46.50222298381636,42.07447758210972,45.80425262451172,3456,27.860948848724366,,37.552551937103274,7.684684331376351,22.183183274350572,52.92192059985598,81.29399443906765
2013-09-23 19:00:00,45.80424505827298,45.960044860839844,43.514033832339926,45.960044860839844,1152,28.31818120956421,,38.460457515716556,7.543413350750085,23.373630814216384,53.54728421721673,80.17632915661538
2013-10-02 19:00:00,47.67381478417865,47.712764739990234,47.67381478417865,47.712764739990234,2304,28.805046176910402,,39.45560970306396,7.375346762953926,24.70491617715611,54.20630322897182,80.30323879518892
2013-10-07 19:00:00,41.843894958496094,41.843894958496094,41.843894958496094,41.843894958496094,576,29.310637874603273,,40.22680368423462,6.717618000473338,26.791567683287944,53.66203968518129,61.828137857423265
2013-10-08 19:00:00,41.843894958496094,41.843894958496094,41.843894958496094,41.843894958496094,1152,29.836701278686522,,40.93287467956543,6.042339495678986,28.848195688207458,53.017553670923405,59.38068363763512
2013-10-10 19:00:00,42.18538485184995,43.62309265136719,40.077157994567635,43.62309265136719,8064,30.382831268310547,,41.65842008590698,5.383540701948238,30.891338682010506,52.42550148980346,59.26691760989027
2013-10-20 19:00:00,43.623088651256225,43.778885017434575,41.441932678222656,41.441932678222656,2880,30.869041633605956,,42.20215015411377,4.711628773091121,32.778892607931525,51.62540770029601,51.73028841841313
2013-10-22 19:00:00,42.999906552835895,43.038856506347656,42.999906552835895,43.038856506347656,1152,31.37008403778076,,42.74930839538574,4.067595953918739,34.61411648754826,50.88450030322322,50.92211124096664
2013-10-23 19:00:00,40.888893127441406,40.888893127441406,40.888893127441406,40.888893127441406,7488,31.810148277282714,,43.10873317718506,3.5045536767324608,36.09962582372014,50.11784053064998,42.599157373074654
2013-10-24 19:00:00,42.60251459008593,42.68185043334961,42.60251459008593,42.68185043334961,1152,32.268373069763186,,43.47359771728516,3.0018668073050994,37.46986410267496,49.47733133189536,42.22385115966686
2013-10-27 19:00:00,42.60251459008593,42.68185043334961,42.60251459008593,42.68185043334961,1152,32.73251811981201,,43.756201362609865,2.6028287340306444,38.550543894548575,48.961858830671154,36.807039552551316
2013-10-28 19:00:00,42.665985107421875,42.665985107421875,42.665985107421875,42.665985107421875,1728,33.202266159057615,,43.945468521118165,2.35551627576338,39.2344359695914,48.65650107264493,40.42088619575887
2013-10-31 19:00:00,40.52713394165039,40.52713394165039,40.52713394165039,40.52713394165039,5760,33.61116474151611,,43.94490909576416,2.356369221602559,39.23217065255904,48.65764753896928,40.801077869711285
2013-11-05 19:00:00,40.317691802978516,40.317691802978516,40.317691802978516,40.317691802978516,576,34.0378730392456,,43.83253211975098,2.4761777112925247,38.88017669716593,48.78488754233603,40.61650623986834
2013-11-18 19:00:00,39.073734283447266,39.073734283447266,39.073734283447266,39.073734283447266,576,34.43970218658447,,43.551547813415525,2.6835135029545794,38.18452080750637,48.91857481932468,33.88725714654139
2013-11-21 19:00:00,39.032470703125,39.032470703125,39.032470703125,39.032470703125,576,34.81792854309082,,43.1705041885376,2.759869258090658,37.650765672356286,48.69024270471891,33.32406495602051
2013-11-24 19:00:00,35.3545321815974,35.359291076660156,35.3545321815974,35.359291076660156,5184,35.14185432434082,,42.496354484558104,2.942225103013672,36.61190427853076,48.38080469058545,22.779670419729413
2013-11-25 19:00:00,35.35453812796832,37.12210361540815,33.586969154157885,34.31525802612305,14400,35.42776184082031,,41.87516574859619,3.2902535024961823,35.294658743603826,48.45567275358855,28.93120420661306
2013-11-26 19:00:00,35.422761903894894,36.03046417236328,35.422761903894894,36.03046417236328,2880,35.764799461364746,,41.45658512115479,3.478964279642131,34.498656561870526,48.41451368043905,35.15618790548933
2013-11-27 19:00:00,34.907089503557,35.93843460083008,34.907089503557,35.93843460083008,3456,36.08161247253418,,41.039089584350585,3.619433842772027,33.80022189880653,48.27795726989464,28.52827624166413
2013-11-28 19:00:00,37.128456115722656,37.128456115722656,37.128456115722656,37.128456115722656,576,36.402283897399904,,40.60529975891113,3.5372344875281008,33.53083078385493,47.67976873396733,37.24102399303845
2013-12-01 19:00:00,35.93843560373116,37.5251247039625,34.90709047767728,35.38309860229492,6336,36.69085254669189,,40.07645244598389,3.484801804989718,33.10684883600445,47.04605605596333,27.551898576165755
2013-12-02 19:00:00,35.383097892430115,37.12845168402412,34.907089777362266,36.81111526489258,2304,36.98810188293457,,39.531369972229,3.0533837327744617,33.424602506680074,45.63813743777793,37.51459695355535
2013-12-03 19:00:00,38.55647351834744,38.65167236328125,38.55647351834744,38.65167236328125,4032,37.30028846740723,,39.37175884246826,3.009253045875174,33.353252750717914,45.39026493421861,37.696202278088116
2013-12-04 19:00:00,40.46048962583788,40.484291076660156,40.46048962583788,40.484291076660156,3456,37.62610069274902,,39.303778648376465,2.965506248147567,33.37276615208133,45.2347911446716,43.96619678420327
2013-12-05 19:00:00,40.48429421726652,42.50731658935547,39.66715168329942,42.50731658935547,5760,37.94279895782471,,39.24798984527588,2.8894932438612404,33.469003357553404,45.02697633299836,49.607597258218625
2013-12-08 19:00:00,44.42720421235344,44.63188552856445,44.42720421235344,44.63188552856445,3456,38.277995872497556,,39.40748748779297,3.0975237184003332,33.212440050992306,45.602534924593634,60.158627898510765
2013-12-09 19:00:00,44.63189005674355,46.80723894120104,42.4010102598983,42.99919128417969,9216,38.598922920227054,,39.40550422668457,3.095088019159657,33.215328188365255,45.595680265003885,56.19956026045705
2013-12-10 19:00:00,44.90320841023638,44.90320841023638,44.26853561401367,44.26853561401367,1728,38.91828399658203,,39.574486351013185,3.267780186166738,33.03892597867971,46.11004672334666,61.9961697839293
2013-12-12 19:00:00,42.205844159152655,42.205844159152655,42.055110931396484,42.055110931396484,5184,39.167389678955075,,39.543149375915526,3.239294158052081,33.06456105981137,46.021737692019684,56.34366685299229
2013-12-16 19:00:00,43.15785597385718,44.03053283691406,43.15785597385718,44.03053283691406,9792,39.499595680236816,,39.61058349609375,3.3210788116628103,32.96842587276813,46.252741119419376,69.59485762933595
2013-12-17 19:00:00,42.047179879506366,42.047179879506366,41.888511657714844,41.888511657714844,9216,39.78132724761963,,39.5717098236084,3.2878162601288667,32.99607730335067,46.147342343866136,66.30458403120967
2013-12-19 19:00:00,39.79408645629883,39.79408645629883,39.79408645629883,39.79408645629883,576,40.021014556884765,,39.53505744934082,3.280682917012931,32.973691615314955,46.09642328336668,57.972584505948504
2013-12-22 19:00:00,40.143156666526224,40.381160736083984,40.143156666526224,40.381160736083984,2880,40.30023746490478,,39.538230895996094,3.281510406911485,32.97521008217312,46.10125170981907,59.21782040923838
2013-12-23 19:00:00,41.25383758544922,41.25383758544922,41.25383758544922,41.25383758544922,5760,40.57086471557617,,39.647236061096194,3.3014176153837482,33.0444008303287,46.25007129186369,58.67360933548451
2013-12-25 19:00:00,41.888511657714844,41.888511657714844,41.888511657714844,41.888511657714844,576,40.826391258239745,,39.790038108825684,3.335024173431513,33.11998976196266,46.46008645568871,64.34772176161087
2013-12-26 19:00:00,39.66714859008789,39.66714859008789,39.66714859008789,39.66714859008789,576,41.008387603759765,,40.00543098449707,3.168770633800156,33.66788971689675,46.34297225209738,56.08601837969552
2014-01-05 19:00:00,41.24431877798219,41.650508880615234,41.24431877798219,41.650508880615234,17856,41.199483947753905,,40.37219352722168,2.887531790631284,34.59712994595911,46.147257108484254,56.35166578247879
2014-01-06 19:00:00,42.90398866262561,43.73223876953125,42.90398866262561,43.73223876953125,27648,41.40012077331543,,40.75728225708008,2.789947939888457,35.177386377303165,46.33717813685699,56.8074579094213
2014-01-07 19:00:00,45.22054751827848,45.9186897277832,45.22054751827848,45.9186897277832,20736,41.61080337524414,,41.25629501342773,2.775180794138981,35.705933425149766,46.8066566017057,57.10133745795479
2014-01-08 19:00:00,43.63386209375462,45.8536376953125,43.63386209375462,45.8536376953125,6336,41.787280578613284,,41.69255409240723,2.777929998477958,36.13669409545131,47.248414089363145,52.78180358673087
2014-01-09 19:00:00,44.62554254740189,45.22054745712024,42.604103088378906,42.604103088378906,12096,41.86174980163574,,42.05360431671143,2.3512097015587723,37.35118491359388,46.756023719828974,49.16211629829016
2014-01-12 19:00:00,44.42562143649646,44.733436584472656,44.42562143649646,44.733436584472656,13248,41.945652084350584,,42.44972038269043,2.0723137961395754,38.30509279041128,46.59434797496958,50.95124130234458
2014-01-14 19:00:00,45.22055037389071,46.8072395324707,45.22055037389071,46.8072395324707,11520,42.030492248535154,,42.857498741149904,2.087964830241005,38.68156908066789,47.033428401631916,59.779281590481325
2014-01-15 19:00:00,43.63545165515418,43.63545165515418,43.63386535644531,43.63386535644531,1152,42.00930114746094,,43.01497745513916,2.0171238657984736,38.98072972354221,47.04922518673611,49.2220642171086
2014-01-21 19:00:00,43.63386535644531,43.63386535644531,43.63386535644531,43.63386535644531,576,41.948911590576174,,43.071304893493654,2.0179305734106743,39.03544374667231,47.107166040315,53.73691767630815
2014-01-22 19:00:00,41.45217145074729,42.047176361083984,41.45217145074729,42.047176361083984,6336,41.81300941467285,,42.94206943511963,1.9953659925637681,38.95133744999209,46.932801420247166,54.93122892910159
2014-01-23 19:00:00,39.50848388671875,39.50848388671875,39.50848388671875,39.50848388671875,576,41.6683984375,,42.76753406524658,2.1376969696520645,38.49214012594245,47.04292800455071,48.240339122027166
2014-01-27 19:00:00,41.45217024177814,43.47519245611348,39.66714859008789,39.66714859008789,4608,41.57369987487793,,42.537464714050294,2.213903015337737,38.10965868337482,46.96527074472577,46.70575233469362
2014-01-28 19:00:00,37.84246282283556,38.08046340942383,37.84246282283556,38.08046340942383,3456,41.44954223632813,,42.33873233795166,2.4275639617213227,37.48360441450902,47.193860261394306,42.394469963224005
2014-01-29 19:00:00,36.17643356323242,36.17643356323242,36.17643356323242,36.17643356323242,2304,41.25698585510254,,41.94602737426758,2.752947343707418,36.44013268685274,47.45192206168242,42.93874945636388
2014-01-30 19:00:00,37.2871208190918,37.2871208190918,37.2871208190918,37.2871208190918,2304,41.083527374267575,,41.71595783233643,2.943674081081684,35.82860967017306,47.6033059944998,40.85041287832247
2014-02-03 19:00:00,35.42276341518728,35.43069839477539,35.42276341518728,35.43069839477539,2880,40.837886047363284,,41.497788429260254,3.2403546237025145,35.01707918185522,47.978497676665285,32.42645100553338
2014-02-05 19:00:00,36.49376993519718,36.49376993519718,36.17643356323242,36.17643356323242,3456,40.72453681945801,,41.28755207061768,3.4464630025790597,34.39462606545956,48.180478075775795,28.036912191817905
2014-02-12 19:00:00,37.287122310178326,38.08046340942383,37.287122310178326,38.08046340942383,2880,40.64926818847656,,41.128883361816406,3.520352876794671,34.08817760822706,48.16958911540575,33.817808541839696
2014-02-13 19:00:00,39.66714859008789,39.66714859008789,39.66714859008789,39.66714859008789,1152,40.57014930725098,,41.01781520843506,3.530153670928383,33.9575078665783,48.07812255029182,43.43105209135889
2014-02-16 19:00:00,39.82582252992879,41.650508880615234,39.82582252992879,41.650508880615234,4608,40.57432083129883,,41.11698322296142,3.5180514114149153,34.08088040013159,48.153086045791255,43.05923871493231
2014-02-17 19:00:00,42.84052089002693,42.84052089002693,42.047176361083984,42.047176361083984,5184,40.554487228393555,20.962850471138953,41.136816596984865,3.522333043566014,34.092150509852836,48.181482684116894,38.40802799117398
2014-02-20 19:00:00,43.157859802246094,43.157859802246094,43.157859802246094,43.157859802246094,1152,40.59986656188965,21.169035261869432,41.10809764862061,3.502342638187276,34.103412372246055,48.11278292499516,48.71134137732039
2014-02-23 19:00:00,43.79253005981445,43.79253005981445,43.79253005981445,43.79253005981445,576,40.622080154418946,21.377731022834777,41.00178966522217,3.378726236332179,34.24433719255781,47.75924213788653,50.41527212589815
2014-03-06 19:00:00,41.602901458740234,41.602901458740234,41.602901458740234,41.602901458740234,6912,40.600501174926755,21.57481626391411,40.789252853393556,3.185637974401909,34.417976904589736,47.160528802197376,48.872778784578635
2014-03-10 19:00:00,39.82582205958394,39.82582205958394,39.522762298583984,39.522762298583984,4032,40.53763671875,21.76179888010025,40.63518581390381,3.167707793806706,34.2997702262904,46.97060140151722,50.037090466452
2014-03-19 19:00:00,38.873809814453125,38.873809814453125,38.873809814453125,38.873809814453125,2880,40.50457023620606,21.944211974143983,40.34220447540283,3.0369921530036366,34.268220169395555,46.416188781410106,47.99036468142435
2014-03-20 19:00:00,37.12844960143431,37.16811752319336,37.12844960143431,37.16811752319336,1728,40.441578750610354,22.11875898718834,39.86024837493896,2.703561213291703,34.453125948355556,45.26737080152237,47.70275405177683
2014-03-23 19:00:00,36.493778228759766,36.493778228759766,36.493778228759766,36.493778228759766,1152,40.3899796295166,22.289801828861236,39.50324401855469,2.6499207074407907,34.203402603673105,44.80308543343627,50.851808816379965
2014-03-24 19:00:00,36.81111274111048,38.31846237182617,36.81111274111048,38.31846237182617,2304,40.37569946289062,22.47076294541359,39.23747386932373,2.4745920963994408,34.28828967652485,44.18665806212261,52.66611022446763
2014-03-25 19:00:00,38.399389269185804,40.23359680175781,38.399389269185804,40.23359680175781,6912,40.47318557739258,22.66063735485077,39.14679489135742,2.39826575599411,34.3502633793692,43.943326403345644,62.3783475978425
2014-03-26 19:00:00,42.204262888589064,42.24393081665039,42.204262888589064,42.24393081665039,14976,40.631759033203124,22.85990105390549,39.283567237854,2.49598828234173,34.29159067317054,44.27554380253746,64.68061210889894
2014-03-27 19:00:00,43.31652355541941,43.31652355541941,42.840518951416016,42.840518951416016,4032,40.76796012878418,23.0614853143692,39.44223575592041,2.6194660913657026,34.203303573189004,44.68116793865181,62.295081967213115
2014-03-31 19:00:00,40.70166527937171,42.3661003112793,40.70166527937171,42.3661003112793,4032,40.89651344299316,23.260068217515947,39.656517601013185,2.6768665431231877,34.30278451476681,45.01025068725956,57.39629605004836
2014-04-02 19:00:00,44.18920824882801,44.48433303833008,44.18920824882801,44.48433303833008,5760,41.04363098144531,23.46857990503311,40.071912574768064,2.7519603788315576,34.56799181710495,45.57583333243118,57.708919213407356
2014-04-03 19:00:00,43.00077808688055,44.189205169677734,43.00077808688055,44.189205169677734,6912,41.21975311279297,23.67492045402527,40.41701679229736,2.8163762399767047,34.78426431234395,46.04976927225077,55.85938152178631
2014-04-06 19:00:00,43.844892308382946,44.70328903198242,43.00871073789265,44.70328903198242,1152,41.377596588134764,23.883135925531388,40.880646324157716,2.7136811187599297,35.45328408663786,46.308008561677575,54.370057021895526
2014-04-07 19:00:00,43.2371940612793,43.2371940612793,43.2371940612793,43.2371940612793,576,41.469307022094725,24.08329230427742,41.233684349060056,2.5219898333272073,36.18970468240564,46.27766401571447,48.500182354286565
2014-04-09 19:00:00,44.42720413208008,44.42720413208008,44.42720413208008,44.42720413208008,1152,41.548165283203126,24.288636996746064,41.55102138519287,2.503575675425457,36.54387003434196,46.55817273604378,58.063063121930774
2014-04-10 19:00:00,46.01389433391322,46.64856719970703,46.01389433391322,46.64856719970703,5184,41.63099029541016,24.505538922548293,41.90009231567383,2.7056365961865594,36.488819123300715,47.31136550804695,70.18063522772623
2014-04-13 19:00:00,45.220545133055076,45.220545133055076,44.42720413208008,44.42720413208008,2304,41.626896667480466,24.71051930427551,42.03892707824707,2.762792435937967,36.513342206371135,47.564511950123006,64.44130534197424
2014-04-16 19:00:00,42.52318540494814,42.84052182893194,42.20743179321289,42.20743179321289,4608,41.61106147766113,24.90354635477066,42.046939849853516,2.763049997981511,36.52083985389049,47.57303984581654,62.763220542564355
2014-04-17 19:00:00,44.10828399658203,44.10828399658203,44.10828399658203,44.10828399658203,576,41.6078564453125,25.106865899562834,42.094461059570314,2.791191895746482,36.51207726807735,47.67684485106328,68.15739256503642
2014-04-20 19:00:00,42.047176361083984,42.047176361083984,42.047176361083984,42.047176361083984,2304,41.60769775390625,25.300740998983382,42.007193374633786,2.762443391324476,36.48230659198484,47.532080157282735,58.792277518840976
2014-04-24 19:00:00,40.619163513183594,40.619163513183594,40.619163513183594,40.619163513183594,576,41.53947036743164,25.48747603416443,41.95800647735596,2.7787309129104374,36.400544651535085,47.51546830317683,50.93054009882651
2014-04-27 19:00:00,41.25383873370173,42.65011978149414,41.25383873370173,42.65011978149414,2304,41.554702529907225,25.68272977590561,42.11437435150147,2.7218912988769977,36.67059175374747,47.55815694925546,50.97933572195107
2014-04-28 19:00:00,44.77627842463594,44.78262710571289,44.77627842463594,44.78262710571289,4608,41.65447334289551,25.887748658657074,42.40981521606445,2.671858812528626,37.0660975910072,47.753532841121704,54.35960451929022
2014-04-29 19:00:00,47.02143478393555,47.02143478393555,47.02143478393555,47.02143478393555,4032,41.78727882385254,26.109373962879182,42.90248107910156,2.560581842297092,37.781317394507376,48.02364476369575,59.68316402427742
2014-05-01 19:00:00,49.37132263183594,49.37132263183594,46.013895292381235,49.37132263183594,19008,41.94962852478027,26.34280479311943,43.546358299255374,2.4821244017413093,38.582109495772755,48.51060710273799,60.067985692417786
2014-05-04 19:00:00,51.838619232177734,51.838619232177734,51.64662828444027,51.838619232177734,19584,42.14863067626953,26.590079439878465,44.222366142272946,2.8036522500395726,38.6150616421938,49.82967064235209,64.46445156861823
2014-05-05 19:00:00,54.42333086123736,54.4296760559082,54.42333086123736,54.4296760559082,13248,42.44388122558594,26.849678394794463,44.93217010498047,3.4606914000068336,38.010787304966804,51.85355290499414,67.05241550817618
2014-05-06 19:00:00,57.15084457397461,57.15084457397461,57.12069792633246,57.15084457397461,14976,42.75388793945312,27.123409004211425,45.67751579284668,4.343839471778614,36.989836849289446,54.36519473640391,73.36530978775721
2014-05-07 19:00:00,60.005284299658,60.006874084472656,59.81805227403051,60.006874084472656,13824,43.079380645751954,27.410718677043914,46.535833549499515,5.336358192027926,35.86311716544366,57.20854993355537,74.77668558837786
2014-05-08 19:00:00,63.00571060180664,63.00571060180664,63.00571060180664,63.00571060180664,576,43.42112106323242,27.712321447134016,47.56781406402588,6.381008646188022,34.80579677164984,60.329831356401925,75.38537225902282
2014-05-11 19:00:00,66.08547760607583,66.15528869628906,66.08547760607583,66.15528869628906,1728,43.827154083251955,28.02897102236748,48.65136184692383,7.560746960886517,33.529867925150796,63.77285576869686,82.77645816412976
2014-05-12 19:00:00,69.46194458007812,69.46194458007812,69.46194458007812,69.46194458007812,1152,44.36431091308594,28.35826986193657,49.914998817443845,8.788050921984341,32.33889697347516,67.49110066141253,89.80765465581284
2014-05-13 19:00:00,72.9336166381836,72.9336166381836,72.9336166381836,72.9336166381836,1728,44.92831451416016,28.704927061796187,51.326515197753906,10.079197489963745,31.168120217826417,71.4849101776814,90.25482617584298
2014-05-14 19:00:00,75.85416412353516,75.85416412353516,75.85416412353516,75.85416412353516,1728,45.50925300598144,29.064350159168242,52.9573637008667,11.269869768470441,30.41762416392582,75.49710323780758,96.10503143849192
2014-05-15 19:00:00,79.57229646345014,79.57229646345014,72.06251525878906,72.06251525878906,40896,46.07782600402832,29.403826479911803,54.339129257202146,11.848266584513125,30.642596088175896,78.0356624262284,90.2844622437663
2014-05-18 19:00:00,74.57106018066406,74.57106018066406,69.81417299252345,74.57106018066406,2304,46.69656990051269,29.754807918071748,55.73525390625,12.520404406437574,30.694445093374853,80.77606271912515,90.40191877034307
2014-05-19 19:00:00,70.92485939378452,70.92485939378452,70.84394073486328,70.84394073486328,4032,47.27250518798828,30.086060061454774,57.05609073638916,12.657342850916,31.741405034557157,82.37077643822116,81.70564805398124
2014-05-20 19:00:00,67.43414816855514,67.51189422607422,67.43414816855514,67.51189422607422,1152,47.83257339477539,30.39950920343399,58.32131385803223,12.356084365544028,33.60914512694417,83.03348258912028,74.28234757811266
2014-05-21 19:00:00,64.13703155517578,64.13703155517578,64.13703155517578,64.13703155517578,2880,48.321971054077146,30.694885177612306,59.32275123596192,11.948438378854743,35.42587447825243,83.2196279936714,67.08319306027472
2014-05-22 19:00:00,61.087402983707165,67.11680814127102,60.9303210923127,65.45079040527344,8640,48.86937759399414,30.996900057792665,60.49293193817139,11.295689288301471,37.901553361568446,83.08431051477433,66.18049224332827
2014-05-25 19:00:00,63.78477096557617,63.78477096557617,63.78477096557617,63.78477096557617,576,49.42154434204102,31.2912859249115,61.65121231079102,10.293832077100983,41.06354815658905,82.23887646499298,61.37024619703181
2014-05-26 19:00:00,66.97401763443692,66.97401763443692,65.06999206542969,65.06999206542969,2304,49.977201766967774,31.592798981666565,62.772205924987794,9.287259529625961,44.197686865735875,81.34672498423971,59.973098977947565
2014-05-27 19:00:00,63.467437744140625,63.467437744140625,62.19809205726391,63.467437744140625,5760,50.53793655395508,31.887757523059847,63.70644645690918,8.266014426871473,47.17441760316623,80.23847531065212,54.500192078888865
2014-05-28 19:00:00,63.308773040771484,63.308773040771484,63.308773040771484,63.308773040771484,576,51.08058334350586,32.18298839330673,64.52081336975098,7.279088852190896,49.96263566536919,79.07899107413277,50.42554317469371
2014-05-29 19:00:00,61.880751609768886,64.18144226074219,61.880751609768886,64.18144226074219,4032,51.60260292053223,32.482512500286106,65.26131935119629,6.350957974999711,52.55940340119687,77.96323530119571,47.039110620775524
2014-06-01 19:00:00,65.4111328125,65.4111328125,65.4111328125,65.4111328125,1728,52.11748260498047,32.789587231874464,65.9399450302124,5.510762609121408,54.918419811969585,76.96147024845521,43.51974218985329
2014-06-02 19:00:00,62.88036858919913,62.88036858919913,62.14097213745117,62.14097213745117,4032,52.52729187011719,33.08031116008758,66.32550983428955,4.8988413504675545,56.527827133354435,76.12319253522466,32.62250397426888
2014-06-03 19:00:00,59.186567983482874,59.186567983482874,59.18339538574219,59.18339538574219,4032,52.87001625061035,33.356597744226455,66.42713737487793,4.716170603032011,56.994796168813906,75.85947858094195,23.189964219274188
2014-06-04 19:00:00,57.12069480721048,57.12069480721048,56.22421646118164,56.22421646118164,4608,53.131343383789066,33.618789519071576,66.23800449371338,5.051145922614865,56.13571264848365,76.3402963389431,23.82797415673859
2014-06-05 19:00:00,54.105996067448054,54.582000732421875,53.42372027385935,54.582000732421875,6336,53.34713279724121,33.873050651550294,65.81681900024414,5.650496871402376,54.51582525743939,77.11781274304889,15.995445995959955
2014-06-08 19:00:00,57.27936141165369,57.27936141165369,57.12069320678711,57.12069320678711,3456,53.657488632202146,34.139935141801836,65.36508922576904,5.973895093956594,53.417299037855855,77.31287941368223,25.67085814793309
2014-06-09 19:00:00,58.70738838923297,59.97673416137695,58.70738838923297,59.97673416137695,4608,54.06656806945801,34.42203227996826,64.89082870483398,6.007945243591375,52.87493821765123,76.90671919201672,36.41202292562736
2014-06-10 19:00:00,62.674097223731934,62.97557067871094,61.88075960491554,62.97557067871094,6336,54.548603286743166,34.72000696659088,64.39292640686035,5.711651786844423,52.969622833171506,75.8162299805492,47.87677054337993
2014-06-11 19:00:00,66.1235580444336,66.1235580444336,66.1235580444336,66.1235580444336,3456,55.12771209716797,35.031975885629656,63.906396102905276,5.06139796417118,53.78360017456292,74.02919203124763,51.152571376139974
2014-06-12 19:00:00,69.33817530765863,69.4286117553711,68.5432410240884,69.4286117553711,16128,55.786408767700195,35.36044904351235,63.77470092773437,4.868604854341881,54.03749121905061,73.51191063641814,59.15478420868888
2014-06-15 19:00:00,72.51154953461575,72.89869703718159,72.50995974965123,72.70353698730469,20736,56.474110260009766,35.70531084775925,63.6813247680664,4.6642611500597715,54.35280246794686,73.00984706818595,61.631449125313964
2014-06-16 19:00:00,72.70353465566826,72.70353465566826,69.06843566894531,69.06843566894531,8064,57.050807037353515,36.031983125209806,63.59254951477051,4.535889542548297,54.52077042967392,72.6643285998671,58.03660432027664
2014-06-17 19:00:00,65.61580300361926,72.46870300729564,65.61580300361926,66.8962631225586,23616,57.54385368347168,36.34781556963921,63.561767959594725,4.50990661272936,54.541954734136006,72.58158118505344,54.866333005854365
2014-06-18 19:00:00,64.57811204738834,68.86216375794783,63.55152942166854,66.40280151367188,8064,58.015099334716794,36.66118070602417,63.67505645751953,4.553366326894342,54.56832380373085,72.78178911130821,53.044534836301274
2014-06-19 19:00:00,63.62769052765354,64.73361605058915,63.083461124218346,63.7419319152832,13824,58.44261596679687,36.96122046470642,63.58961353302002,4.5342845117575,54.52104450950502,72.65818255653502,47.79860089198796
2014-06-22 19:00:00,60.611412193935635,64.57654571533203,60.55588127510441,64.57654571533203,1728,58.84446022033691,37.26543329238891,63.62920227050781,4.539531554687106,54.5501391611336,72.70826537988202,53.43263572483947
2014-06-23 19:00:00,66.99622807239855,66.99622807239855,66.16321563720703,66.16321563720703,1152,59.2839404296875,37.57664702653885,63.68386344909668,4.564307635306134,54.555248178484405,72.81247871970895,60.23259419128571
2014-06-24 19:00:00,62.861319264394126,62.861319264394126,62.8565568826534,62.85814666748047,1728,59.64703758239746,37.86933732032776,63.65339889526367,4.567860180488958,54.51767853428576,72.78911925624159,59.62786789821941
2014-06-25 19:00:00,64.89546203613281,64.89546203613281,64.89546203613281,64.89546203613281,1152,60.080202941894534,38.17113451719284,63.73273334503174,4.5753323762459095,54.58206859253992,72.88339809752355,64.79828639275253
2014-06-26 19:00:00,67.43415058917898,67.74990418514953,62.68996047973633,62.68996047973633,1728,60.44545806884766,38.45959062337875,63.658159255981445,4.5797866554065685,54.49858594516831,72.81773256679458,58.0682170110808
2014-06-29 19:00:00,59.775221390006074,65.75861457738237,59.556263360203445,64.65586853027344,8640,60.80560409545898,38.754649875164034,63.620396041870116,4.567669316258602,54.48505740935291,72.75573467438733,56.95813400996915
2014-06-30 19:00:00,66.16480348985714,66.16480348985714,65.84746708875184,65.92679595947266,1728,61.23559593200684,39.056240437030795,63.80968723297119,4.581556958189154,54.646573316592885,72.9728011493495,54.6263864879275
2014-07-01 19:00:00,67.43415069580078,67.43415069580078,67.43415069580078,67.43415069580078,576,61.740130310058596,39.363965604305264,64.22222499847412,4.514030933129931,55.19416313221426,73.25028686473398,52.165914863313674
2014-07-02 19:00:00,64.0624522306147,66.63922882080078,64.0624522306147,66.63922882080078,4608,62.19074920654297,39.665619916915894,64.74297561645508,4.126953590545495,56.489068435364096,72.99688279754608,44.97314500925048
2014-07-03 19:00:00,67.2754898071289,67.2754898071289,67.2754898071289,67.2754898071289,1152,62.695315475463865,39.97044852018357,65.37765007019043,3.3928342221382435,58.59198162591394,72.16331851446691,39.189804762676054
2014-07-08 19:00:00,66.8788070678711,66.8788070678711,66.8788070678711,66.8788070678711,576,63.220508346557615,40.27171626806259,65.86555576324463,2.79124810321782,60.283059556808986,71.44805196968026,44.993470555747635
2014-07-09 19:00:00,66.56149291992188,66.56149291992188,66.56149291992188,66.56149291992188,576,63.69873580932617,40.570871629714965,66.19479370117188,2.424311185651595,61.34617132986868,71.04341607247507,49.16361274158666
2014-07-10 19:00:00,66.46627044677734,66.46627044677734,66.46627044677734,66.46627044677734,576,64.13240867614746,40.867847242355346,66.3693286895752,2.3029667740382243,61.76339514149875,70.97526223765165,50.16178976548944
2014-07-13 19:00:00,66.48214721679688,66.48214721679688,66.48214721679688,66.48214721679688,576,64.52162292480469,41.1650634932518,66.38725814819335,2.3023484438891937,61.782561260414965,70.99195503597174,58.07387632070125
2014-07-14 19:00:00,66.48214721679688,66.48214721679688,66.48214721679688,66.48214721679688,576,64.86383941650391,41.46241995811462,66.23993492126465,2.1889729422012465,61.861989036862155,70.61788080566714,55.90517057947372
2014-07-16 19:00:00,67.43415069580078,67.43415069580078,67.43415069580078,67.43415069580078,4032,65.17575004577637,41.76454345226288,65.97646560668946,1.6108207510078716,62.754824104673716,69.1981071087052,54.09969566803156
2014-07-21 19:00:00,64.10529012084977,65.76020050048828,64.06403241158745,65.76020050048828,4032,65.40236053466796,42.05829018354416,65.8110538482666,1.437091307201651,62.93687123386329,68.68523646266989,60.462195020653304
2014-07-22 19:00:00,62.67409883853869,62.67409883853869,62.47735595703125,62.47735595703125,1152,65.5088907623291,42.33562269210815,65.59010848999023,1.5927289146155559,62.40465066075912,68.77556631922134,42.00085002294153
2014-07-23 19:00:00,65.37147020575148,65.37147020575148,60.135408230913626,64.89546203613281,1728,65.60666252136231,42.62504573106766,65.51474151611328,1.5879046544968909,62.33893220711949,68.69055082510705,57.194649349834826
2014-08-04 19:00:00,61.72209050840606,64.89546203613281,61.72209050840606,64.89546203613281,2304,65.64445755004883,42.91446877002716,65.57241802215576,1.5403605909046305,62.4916968403465,68.65313920396503,50.896583936404326
2014-08-05 19:00:00,61.65068435668945,61.65068435668945,61.65068435668945,61.65068435668945,1728,65.55436546325683,43.18766792058945,65.42612495422364,1.7627983779846752,61.900528198254285,68.95172171019298,36.05796031453254
2014-08-07 19:00:00,58.572509765625,58.572509765625,58.572509765625,58.572509765625,2304,65.33657676696777,43.44547619819641,65.04658966064453,2.3236711199951188,60.39924742065429,69.69393190063477,23.791642391583466
2014-08-10 19:00:00,60.29406375643458,60.29406375643458,55.70854186762169,59.96085739135742,3456,65.07712158203125,43.70847350120545,64.90172519683838,2.546878148131349,59.80796890057569,69.99548149310108,30.91846043678288
2014-08-11 19:00:00,56.9794774272739,59.499136593676624,56.963610955520366,59.421390533447266,6912,64.74846611022949,43.968773469924926,64.62802162170411,2.8263881878683113,58.975245245967486,70.28079799744073,27.434337907830965
2014-08-12 19:00:00,60.77007072304542,60.77007072304542,58.70896344171137,60.13380813598633,1728,64.50989196777344,44.2343882393837,64.50021400451661,2.9726482230928797,58.55491755833085,70.44551045070237,30.966226956214896
2014-08-14 19:00:00,57.279366078093126,59.81488845179716,57.1286293536859,57.8378791809082,8064,64.17522834777832,44.48852336406708,64.15931453704835,3.324030050365792,57.51125443631676,70.80737463777993,27.855607486499906
2014-08-17 19:00:00,54.95169707241917,58.231378269463,54.9469381764369,54.948524475097656,4032,63.85732002258301,44.68325656414032,63.61040096282959,3.8772133270555322,55.85597430871852,71.36482761694066,24.395050429566354
2014-08-18 19:00:00,52.203555445405165,52.20514523045253,52.201969146728516,52.201969146728516,2880,63.55112152099609,44.86026079654694,62.848791885375974,4.528001576340381,53.792788732695215,71.90479503805673,21.69094632199483
2014-08-19 19:00:00,53.94732666015625,53.94732666015625,53.94732666015625,53.94732666015625,576,63.347327423095706,45.0327568769455,62.21419677734375,4.846961170634177,52.5202744360754,71.9081191186121,26.75920938275182
2014-08-20 19:00:00,52.37650548242838,53.94732461786015,51.24995803833008,51.24995803833008,5760,63.06331077575683,45.19176611423492,61.41292018890381,5.272194089212267,50.86853201047928,71.95730836732835,21.816964841462877
2014-08-24 19:00:00,53.78865310598563,53.78865310598563,53.15398025512695,53.15398025512695,1152,62.85069496154785,45.34754350185394,60.7266788482666,5.41460114522831,49.89747655780998,71.55588113872322,28.222124191117075
2014-08-25 19:00:00,50.496281591007666,53.15398025512695,50.496281591007666,53.15398025512695,2304,62.612374725341795,45.49782126903534,60.05630321502686,5.483721578286659,49.08886005845354,71.02374637160017,31.83277453054545
2014-08-26 19:00:00,50.49628448486328,50.49628448486328,50.49628448486328,50.49628448486328,576,62.35295166015625,45.633455109596255,59.25780391693115,5.661072523652185,47.935658869626785,70.57994896423553,22.20178837863196
2014-08-27 19:00:00,47.97186614434549,49.1872673034668,47.97186614434549,49.1872673034668,4608,62.07052154541016,45.79656989574433,58.39305992126465,5.818193010544059,46.75667390017654,70.02944594235277,21.133646480265583
2014-08-28 19:00:00,50.77395370122477,50.77395370122477,46.7279052734375,46.7279052734375,10368,61.72145080566406,45.95250579833984,57.40534782409668,6.045037217229366,45.31527338963795,69.49542225855541,21.76183606243076
2014-08-31 19:00:00,44.42720700524739,47.60057818711423,44.392297976852085,46.34709548950195,4032,61.3401700592041,46.10265830993652,56.35099506378174,6.0427507111652305,44.26549364145128,68.4364964861122,24.235929571121787
2014-09-01 19:00:00,47.679912480253286,48.663658142089844,47.679912480253286,48.663658142089844,7488,61.070623779296874,46.260319528579714,55.496167945861814,5.847758459242961,43.80065102737589,67.19168486434774,27.088431359594182
2014-09-02 19:00:00,51.09129003339419,51.096048929276115,49.18726450696158,50.916751861572266,14400,60.90529090881348,46.424969606399536,54.91813774108887,5.690624737826344,43.53688826543618,66.29938721674156,33.87290450621765
2014-09-03 19:00:00,52.67638824180893,52.67638824180893,48.5621084265839,51.7957763671875,9792,60.8167221069336,46.589520082473754,54.2631534576416,5.215881822088947,43.83138981346371,64.6949171018195,34.28811393822883
2014-09-04 19:00:00,50.075806359059044,51.549840321212585,49.980607526113445,50.62480163574219,4608,60.737578125,46.743791036605835,53.54962043762207,4.62778832771437,44.29404378219333,62.80519709305081,35.80616883472713
2014-09-07 19:00:00,50.773947872374215,51.21821954583063,50.773947872374215,50.919925689697266,8064,60.613562774658206,46.90101767539978,53.01308250427246,4.245385544976697,44.52231141431906,61.50385359422586,41.171149645858826
2014-09-08 19:00:00,51.09129360865776,51.24996183256865,49.82194433099978,49.866371154785156,4032,60.41135551452637,47.054456615448,52.57777557373047,4.088799775327265,44.40017602307594,60.755375124385,44.47116370119038
2014-09-09 19:00:00,49.1872673034668,49.1872673034668,49.1872673034668,49.1872673034668,576,60.13558944702149,47.199981927871704,52.03909606933594,3.7615053361755657,44.516085396984806,59.562106741687074,38.13290955656555
2014-09-10 19:00:00,49.187264409780134,49.34751892089844,49.187264409780134,49.34751892089844,1728,59.80006866455078,47.35180813789368,51.5354024887085,3.3756223365033353,44.78415781570183,58.286647161715166,44.57022969496309
2014-09-11 19:00:00,49.79813741529133,49.79813741529133,48.23525331504614,48.71125793457031,4608,59.385721588134764,47.500453042984006,50.9642749786377,2.753191231124161,45.45789251638938,56.470657440886015,36.33078790692805
2014-09-14 19:00:00,49.1872673034668,49.82194367715192,49.1872673034668,49.1872673034668,4032,58.915396194458005,47.64578361511231,50.531744384765624,2.2500391154854893,46.031666153794646,55.0318226157366,38.14267424002963
2014-09-15 19:00:00,48.71125793457031,48.71125793457031,48.71125793457031,48.71125793457031,576,58.50825263977051,47.79352489471435,50.21988105773926,2.0268187966833797,46.1662434643725,54.273518651106016,43.86384629546968
2014-09-16 19:00:00,49.98060989379883,49.98060989379883,49.98060989379883,49.98060989379883,576,58.169939575195315,47.943328533172604,50.10881309509277,1.9726251532311456,46.16356278863048,54.05406340155506,52.73462812108155
2014-09-17 19:00:00,49.98060915205213,52.360635835045635,49.98060915205213,51.408626556396484,5760,57.870056076049806,48.10447875022888,49.98187808990478,1.785420909274432,46.41103627135592,53.552719908453646,67.36926651542805
2014-09-22 19:00:00,49.345935525295374,49.345935525295374,49.1872673034668,49.1872673034668,1728,57.57896278381347,48.24992616653442,49.87874355316162,1.7678037747614126,46.3431360036388,53.41435110268444,59.27269982783082
2014-09-23 19:00:00,50.773947439444576,50.773947439444576,47.93377925883235,48.07817077636719,5760,57.24899528503418,48.38484259605408,49.62495307922363,1.631985686091649,46.36098170704033,52.88892445140693,47.924867892548825
2014-09-24 19:00:00,48.378059253574804,49.171400355056136,48.21938754690777,48.83343505859375,2880,56.902399673461915,48.52423644065857,49.40892581939697,1.4112943059383491,46.58633720752027,52.231514431273666,41.73903388888569
2014-09-25 19:00:00,50.456612238563366,51.24995676605959,49.821939405662796,50.959590911865234,5184,56.66442855834961,48.6692911529541,49.43209114074707,1.4337063022455943,46.56467853625588,52.299503745238255,46.98270320478955
2014-09-28 19:00:00,50.7739489782647,51.09128888310583,50.7739489782647,50.9326171875,6336,56.38517166137695,48.80874252319336,49.51935863494873,1.4706620216343405,46.57803459168005,52.46068267821741,51.21067758455029
2014-09-29 19:00:00,52.20196793064898,52.20196793064898,51.56729507446289,51.56729507446289,2880,56.16271835327149,48.94561059951782,49.761328125,1.3826925670429087,46.99594299091418,52.52671325908582,52.479946082537445
2014-09-30 19:00:00,50.7739480950248,54.10599089011504,50.7739480950248,53.696624755859375,6912,55.943533477783205,49.08073170661926,50.12880458831787,1.4040117713155356,47.3207810456868,52.93682813094894,63.55567412098822
2014-10-01 19:00:00,56.37971115112305,56.37971115112305,56.37971115112305,56.37971115112305,1152,55.75259178161621,49.22327006340027,50.51460723876953,1.9385838166853786,46.63743960539877,54.39177487214029,72.29269028623749
2014-10-02 19:00:00,56.38129806518555,56.38129806518555,56.38129806518555,56.38129806518555,1152,55.53153472900391,49.37041235923767,50.787834548950194,2.3414718129562933,46.10489092303761,55.47077817486278,72.01746817081188
2014-10-08 19:00:00,59.19926071166992,59.19926071166992,59.19926071166992,59.19926071166992,576,55.38273536682129,49.5249062538147,51.15800876617432,3.0014284242015243,45.15515191777127,57.16086561457737,78.8848025284959
2014-10-09 19:00:00,62.15842056274414,62.15842056274414,62.15842056274414,62.15842056274414,1152,55.28039398193359,49.687699222564696,51.734689712524414,3.8745893548049954,43.98551100291442,59.48386842213441,81.42536527732389
2014-10-12 19:00:00,65.2651596069336,65.2651596069336,65.2651596069336,65.2651596069336,1152,55.24812103271484,49.87692385673523,52.45195140838623,4.906262909698621,42.639425588988985,62.26447722778347,85.5710858416536
2014-10-13 19:00:00,68.52738952636719,68.52738952636719,68.52738952636719,68.52738952636719,6912,55.28743896484375,50.080551137924196,53.385002326965335,6.033588895100842,41.31782453676365,65.45218011716702,86.70937561865891
2014-10-14 19:00:00,71.95303344726562,71.95303344726562,71.95303344726562,71.95303344726562,2304,55.397174224853515,50.30126770019531,54.52329063415527,7.229022279009236,40.0652460761368,68.98133519217374,87.68334585108315
2014-10-15 19:00:00,75.550048828125,75.550048828125,75.550048828125,75.550048828125,576,55.57853225708008,50.546917867660525,55.833417129516604,8.503633334116328,38.826150461283945,72.84068379774926,96.03257082254208
2014-10-16 19:00:00,79.17563440620981,79.32637113438113,73.00342628581451,77.78728485107422,43200,55.804635009765626,50.797241916656496,57.287218475341795,9.632456665974951,38.02230514339189,76.5521318072917,99.90937180859572
2014-10-19 19:00:00,76.16092927699461,77.90628307824606,73.89989943383789,76.14029693603516,20160,55.97875793457031,51.03238247871399,58.63486995697021,10.301778781395535,38.03131239417914,79.23842751976129,94.53931374540068
2014-10-20 19:00:00,73.95702510714742,77.72699124506727,73.95702510714742,76.76545715332031,14400,56.19886306762695,51.263373107910155,60.03757991790771,10.778376225178775,38.480827467550164,81.59433236826527,94.25816791933416
2014-10-21 19:00:00,77.74602890533598,80.60364649065212,76.76704210306683,80.08638763427734,50112,56.55104370117188,51.503326587677,61.54286880493164,11.385097921804958,38.77267296132173,84.31306464854156,94.92418394489901
2014-10-22 19:00:00,82.50767966583614,82.82501611759123,81.07966214656732,81.98089599609375,9216,56.89275238037109,51.744729080200194,63.071482276916505,11.989173944751546,39.093134387413414,87.0498301664196,95.11389404474008
2014-10-23 19:00:00,83.97427088106433,86.07929229736328,83.97427088106433,86.07929229736328,16704,57.31642898559571,51.99820274353027,64.91608352661133,12.564784469999282,39.78651458661277,90.0456524666099,95.38356818525433
2014-10-26 19:00:00,89.47546998541588,90.38317108154297,89.47546998541588,90.38317108154297,9792,57.89107872009277,52.26496971130371,67.03133354187011,13.129264133341373,40.772805275187366,93.28986180855286,95.58417922986706
2014-10-27 19:00:00,93.84407459805328,94.90225219726562,93.84407459805328,94.90225219726562,18432,58.617673568725586,52.54507776260376,69.33477439880372,13.792984026667247,41.74880634546922,96.92074245213821,96.06124435332175
2014-10-28 19:00:00,99.02006555187778,99.50708950863888,90.15827732186871,90.17768859863281,42624,59.222010192871096,52.793274593353274,71.29567928314209,13.830855101038242,43.63396908106561,98.95738948521858,85.4269706928607
2014-10-29 19:00:00,91.65977478027344,91.65977478027344,91.65977478027344,91.65977478027344,576,59.866777877807614,53.03874731063843,73.33203716278076,13.672226020810394,45.98758512115998,100.67648920440155,84.91742602647557
2014-10-30 19:00:00,91.41707594764492,91.41707594764492,87.07759637998656,87.73612213134766,16704,60.418824157714845,53.253960819244384,75.140478515625,13.018266490620677,49.103945534383655,101.17701149686636,76.09178723419333
2014-11-04 19:00:00,84.3904800415039,84.3904800415039,84.3904800415039,84.3904800415039,16704,60.94987617492676,53.442646503448486,76.67517127990723,12.136608414950867,52.4019544500055,100.94838810980897,68.38355579141066
2014-11-05 19:00:00,81.62356567382812,81.62356567382812,81.62356567382812,81.62356567382812,16704,61.48337699890137,53.60655290603638,77.93736400604249,11.190612391454703,55.55613922313308,100.3185887889519,61.38083139932035
2014-11-06 19:00:00,77.54270935058594,77.54270935058594,77.54270935058594,77.54270935058594,1728,61.990191802978515,53.7605712890625,78.9954345703125,9.980158777586283,59.03511701513993,98.95575212548506,52.318670489955
2014-11-09 19:00:00,73.66598391461855,80.73826541274894,73.66598391461855,74.99112701416016,86976,62.4110678100586,53.91351654052735,79.78502788543702,8.897500071095326,61.990027743246365,97.58002802762766,46.77000475204077
2014-11-10 19:00:00,71.51728273884197,72.16286770048694,71.24222564697266,71.24222564697266,14976,62.810913162231444,54.048285942077634,80.23921813964844,8.150883230876767,63.93745167789491,96.54098460140197,44.60400272052399
2014-11-11 19:00:00,67.69878497734645,68.78123009859084,67.68907934072872,67.98193359375,14400,63.1074722290039,54.15917434692383,80.37505683898925,7.907193939290687,64.56066896040788,96.18944471757062,40.85455191932441
2014-11-12 19:00:00,66.33805601644293,67.63245391845703,65.20545429700189,67.63245391845703,6912,63.397041702270506,54.267536392211916,80.33031005859375,7.979965924047479,64.3703782104988,96.2902419066887,36.1776034705489
2014-11-13 19:00:00,64.88346560179512,68.9268554561653,64.88346560179512,68.56280517578125,13824,63.758372116088864,54.37178659439087,80.16079864501953,8.200250292033427,63.76029806095267,96.56129922908639,34.78180284570222
2014-11-16 19:00:00,71.18235637347547,71.18235637347547,69.5902405458642,70.26980590820312,2880,64.1800228881836,54.513916149139405,79.89678649902343,8.438061224591024,63.020664049841386,96.77290894820548,31.041181872927368
2014-11-18 19:00:00,66.98526000976562,66.98526000976562,66.98526000976562,66.98526000976562,1152,64.58516998291016,54.63962297439575,79.356685256958,8.91255766768227,61.53156992159346,97.18180059232255,21.237934803343308
2014-11-19 19:00:00,64.0728515625,65.529052734375,64.0728515625,65.529052734375,2880,64.96880912780762,54.74915277481079,78.826123046875,9.415743651176504,59.994635744521986,97.65761034922801,10.952435044189627
2014-11-20 19:00:00,67.95605407570575,68.7650563277593,66.33805668195613,67.7538070678711,4032,65.35061210632324,54.88071214675903,78.37554054260254,9.729925858265853,58.915688826070834,97.83539225913424,18.068308115513446
2014-11-23 19:00:00,67.7538070678711,67.7538070678711,67.7538070678711,67.7538070678711,576,65.68735321044922,55.00428689956665,77.75891151428223,10.002755630865593,57.753400252551046,97.76442277601342,14.457568384575694
2014-11-24 19:00:00,64.72005171272167,69.49315643310547,64.72005171272167,69.49315643310547,2304,66.04130081176758,55.14730821609497,77.13452453613282,10.114470239094777,56.90558405794326,97.36346501432237,20.993072232301728
2014-11-26 19:00:00,66.33806022956101,69.57082708765037,66.0193099975586,66.0193099975586,4608,66.34919097900391,55.263995513916015,76.13152542114258,10.175219215473563,55.78108699019546,96.4819638520897,20.90783133316161
2014-11-27 19:00:00,64.71844543542386,64.71844543542386,62.778462394985404,62.977474212646484,9216,66.5903419494629,55.3654736328125,74.76124057769775,9.998770144632116,54.76370028843351,94.75878086696198,20.727354391680464
2014-12-02 19:00:00,61.64584732055664,61.64584732055664,61.64584732055664,61.64584732055664,1152,66.82593147277832,55.46037294387818,73.09842033386231,9.206938035102894,54.68454426365652,91.5122964040681,22.685591382964375
2014-12-03 19:00:00,62.563255310058594,62.563255310058594,62.563255310058594,62.563255310058594,4608,67.09345123291016,55.57055355072021,71.71769866943359,8.558611861709785,54.60047494601402,88.83492239285316,27.375567747629077
2014-12-04 19:00:00,64.5582566735019,65.68923725471265,63.425654930771245,63.427268981933594,2304,67.37504623413086,55.68610143661499,70.3060733795166,7.33749565981681,55.631082059882985,84.98106469915022,34.103477419601134
2014-12-07 19:00:00,64.87377166748047,64.87377166748047,64.87377166748047,64.87377166748047,576,67.69829650878906,55.815101623535156,69.16295585632324,6.166577817308617,56.829800221706,81.49611149094048,43.17395226577072
2014-12-08 19:00:00,62.45485012790645,62.61665342611738,62.37072037643731,62.53413772583008,5184,67.96523391723633,55.93260995864868,68.07013874053955,5.1844185056227605,57.70130172929403,78.43897575178507,39.70331524938909
2014-12-09 19:00:00,61.8885518836084,61.8885518836084,60.12492724493622,61.273712158203125,1728,68.21648300170898,56.062182064056394,67.0526460647583,4.307129434438725,58.43838719588086,75.66690493363575,35.4724573120497
2014-12-10 19:00:00,60.44044558898096,60.44044558898096,60.027852850175535,60.30453109741211,2880,68.42296142578125,56.19212842941284,66.19073715209962,3.7913600096494036,58.60801713280081,73.77345717139842,29.53686109310766
2014-12-11 19:00:00,61.24781799316406,61.24781799316406,61.24781799316406,61.24781799316406,576,68.6197452545166,56.318215198516846,65.50357170104981,3.3297341815652164,58.84410333791938,72.16304006418024,36.965141601626826
2014-12-14 19:00:00,60.23011047328294,61.40315605924372,60.23011047328294,61.36270523071289,1728,68.86325401306152,56.44533655166626,65.00959568023681,3.162193147244596,58.68520938574762,71.333981974726,39.92016855970238
2014-12-15 19:00:00,59.86605462838227,59.86605462838227,59.05704879760742,59.05704879760742,1728,69.08283157348633,56.554979515075686,64.56335144042968,3.3451078795892077,57.87313568125127,71.2535671996081,29.041586372765096
2014-12-16 19:00:00,59.05704879760742,59.05704879760742,59.05704879760742,59.05704879760742,1152,69.2873038482666,56.67334926605225,64.1345811843872,3.4779628635172015,57.1786554573528,71.0905069114216,29.041586372765096
2014-12-18 19:00:00,59.21884476465244,60.836849212646484,58.24804636207033,60.836849212646484,1728,69.48484901428223,56.79347793579102,63.74828338623047,3.388134377052704,56.97201463212506,70.52455214033587,29.179662562113762
2014-12-21 19:00:00,60.18965485496936,60.18965485496936,60.02785155372205,60.1087532043457,2304,69.66837173461914,56.90076333999634,63.2402307510376,3.109097101292867,57.022036548451865,69.45842495362334,33.620328583555604
2014-12-22 19:00:00,61.48405075073242,61.48405075073242,61.48405075073242,61.48405075073242,1152,69.86670684814453,57.0057621383667,62.965170288085936,3.0018325087330666,56.9615052706198,68.96883530555206,45.44015568313804
2014-12-28 19:00:00,63.8382357298378,63.8382357298378,63.10042953491211,63.10042953491211,1152,70.05478294372558,57.10872770309448,62.843739128112794,2.941167519097253,56.96140408991829,68.7260741663073,54.365343947568704
2014-12-29 19:00:00,62.293052673339844,62.293052673339844,62.293052673339844,62.293052673339844,2304,70.17304977416993,57.19703353881836,62.57070140838623,2.705378245789402,57.159944916807426,67.98145789996504,49.183704326533025
2014-12-31 19:00:00,62.4548508566267,63.102056946664355,60.99864959716796,60.99864959716797,1728,70.26539680480957,57.2870308303833,62.232943534851074,2.4321044883207845,57.3687345582095,67.09715251149264,42.848978579554334
2015-01-04 19:00:00,59.86605111731072,61.88854957732599,59.86605111731072,61.84809875488281,4032,70.31837356567382,57.374928646087646,61.85069065093994,1.7305700525916596,58.38955054575662,65.31183075612326,40.76630746828705
2015-01-11 19:00:00,60.2301025390625,60.2301025390625,60.2301025390625,60.2301025390625,576,70.2798072052002,57.46580360412597,61.56123027801514,1.4595556975920625,58.642118882831014,64.48034167319926,42.644615699744826
2015-01-13 19:00:00,60.81419242949008,63.24119186401367,60.67504274594461,63.24119186401367,4032,70.2393278503418,57.56185689926147,61.574416160583496,1.4741420439871935,58.62613207260911,64.52270024855788,55.649489220180925
2015-01-15 19:00:00,61.53421401977539,61.53421401977539,61.53421401977539,61.53421401977539,576,70.09946434020996,57.660085411071776,61.568834495544436,1.4740686846273723,58.62069712628969,64.51697186479917,53.38742639913108
2015-01-19 19:00:00,60.67505108398412,63.749256952484394,60.67505108398412,63.021156311035156,5184,69.92082679748535,57.77622076034546,61.59172954559326,1.4937514322575611,58.60422668107814,64.57923241010839,54.74297904016886
2015-01-21 19:00:00,63.263845566511705,65.52742767333984,63.263845566511705,65.52742767333984,1728,69.72037437438965,57.90195209503174,61.69673748016358,1.6904461399597475,58.315845200244084,65.07762976008307,59.875686996958294
2015-01-25 19:00:00,67.77807449152874,67.77807449152874,67.7133560180664,67.7133560180664,1152,69.5188957977295,58.03424968719482,61.838716697692874,2.0519252234380176,57.734866250816836,65.94256714456891,70.64367126367307
2015-01-27 19:00:00,65.529052734375,65.529052734375,65.529052734375,65.529052734375,576,69.3066709136963,58.15245239257813,61.98846244812012,2.2086437752240213,57.57117489767207,66.40574999856815,63.97822273743289
2015-01-28 19:00:00,68.4414608845135,68.4414608845135,68.42527770996094,68.42527770996094,2304,69.1398673248291,58.296243038177494,62.34604072570801,2.6262692914891095,57.09350214272979,67.59857930868623,65.63545419947468
2015-02-02 19:00:00,65.0436499736309,67.63083879590035,65.0436499736309,65.529052734375,2880,68.84872062683105,58.41563575744629,62.60726680755615,2.671955128888655,57.26335654977884,67.95117706533347,60.25217969906812
2015-02-03 19:00:00,64.72005462646484,64.72005462646484,64.72005462646484,64.72005462646484,1152,68.50350379943848,58.52057483673096,62.78087863922119,2.6917074402298704,57.397463758761454,68.16429351968094,56.254703198757646
2015-02-08 19:00:00,61.49699989747785,63.66835380934718,61.48405193617889,63.62790298461914,3456,68.05447601318359,58.60912090301514,62.89413852691651,2.676507625461025,57.54112327599446,68.24715377783856,51.04061400395492
2015-02-15 19:00:00,63.58744812011719,63.58744812011719,63.58744812011719,63.58744812011719,1152,67.51856155395508,58.69778995513916,63.120658493041994,2.521918265444336,58.07682196215332,68.16449502393067,52.633302611805824
2015-02-16 19:00:00,64.7200480723627,64.7200480723627,63.10205078125,63.10205078125,1152,66.88255752563477,58.800279693603514,63.322908592224124,2.334080270253853,58.65474805171642,67.99106913273182,54.42478316400637
2015-02-17 19:00:00,60.02785110473633,60.02785110473633,60.02785110473633,60.02785110473633,1152,66.27956077575683,58.87675176620483,63.28245868682861,2.3858670735672103,58.510724539694195,68.05419283396303,46.498602646247384
2015-02-19 19:00:00,61.48405017688864,61.516409413673614,60.67504792619172,61.23649597167969,2304,65.67109519958495,58.94889804840088,63.338845825195314,2.319310683855564,58.70022445748418,67.97746719290645,51.96685614052458
2015-02-23 19:00:00,61.484057419030826,61.484057419030826,59.86605983741223,60.94526290893555,1728,65.13527801513672,59.03545503616333,63.31190643310547,2.3449755773447127,58.621955278416046,68.0018575877949,44.97915126146881
2015-02-25 19:00:00,58.08625411987305,58.08625411987305,58.08625411987305,58.08625411987305,576,64.60919349670411,59.10771697998047,63.061197662353514,2.620615843392981,57.819965975567555,68.30242934913947,42.82153094376653
2015-03-01 19:00:00,59.54083216693638,59.54083216693638,55.18193418200814,55.18355178833008,6336,64.08039321899415,59.1733988571167,62.705722618103025,3.1574884108207444,56.39074579646154,69.02069943974452,34.59090214329889
2015-03-02 19:00:00,56.63005065917969,56.63005065917969,56.63005065917969,56.63005065917969,576,63.66214004516601,59.25900669097901,62.48729267120361,3.4218368939294104,55.64361888334479,69.33096645906244,31.746702048500495
2015-03-10 19:00:00,53.87944793701172,56.54753152078974,53.87944793701172,53.87944793701172,1152,63.23990646362304,59.33006818771362,62.08886013031006,3.9268431083673447,54.23517391357537,69.94254634704475,22.26189048418601
2015-03-11 19:00:00,51.7760418744551,53.232243107723825,51.7760418744551,52.719337463378906,4032,62.86944869995117,59.403262557983396,61.71332187652588,4.439619677754072,52.834082521017734,70.59256123203403,23.215388164261157
2015-03-15 19:00:00,50.5625457190823,52.71934130795552,50.5625457190823,51.28093719482422,1728,62.535428771972654,59.47878507614136,61.115309143066405,4.993902142875261,51.127504857315884,71.10311342881693,11.824483304243415
2015-03-23 19:00:00,49.043238212282574,49.043238212282574,48.718017578125,48.718017578125,5184,62.15714004516602,59.53593955993652,60.47449932098389,5.708473507489863,49.05755230600416,71.89144633596362,12.00264460666476
2015-03-29 19:00:00,46.282928466796875,46.282928466796875,46.282928466796875,46.282928466796875,1728,61.71154251098633,59.59020071029663,59.63758792877197,6.489073950007745,46.65944002875648,72.61573582878746,11.180770161224245
2015-03-30 19:00:00,46.92203828479857,48.538421630859375,46.92203828479857,48.538421630859375,1152,61.276914825439455,59.652010650634764,58.78813762664795,6.782809144102821,45.22251933844231,72.3537559148536,19.712918660287087
2015-03-31 19:00:00,46.92204284667969,46.92204284667969,46.92204284667969,46.92204284667969,576,60.87565048217773,59.69621854782105,57.748571968078615,6.934483795322884,43.87960437743285,71.61753955872439,18.540024921780983
2015-04-07 19:00:00,45.62763977050781,45.62763977050781,45.62763977050781,45.62763977050781,1152,60.47762222290039,59.72602100372315,56.75350131988525,7.182698690639608,42.38810393860604,71.11889870116447,17.990524638734385
2015-04-08 19:00:00,45.30403518676758,45.30403518676758,45.30403518676758,45.30403518676758,1728,60.02862678527832,59.74428863525391,55.597439193725585,7.064970544030938,41.46749810566371,69.72738028178746,20.006595850892737
2015-04-12 19:00:00,43.84945207596065,47.245635986328125,43.84945207596065,47.245635986328125,1728,59.618463363647464,59.77028093338013,54.68326835632324,6.8930318356851865,40.89720468495287,68.46933202769361,22.32606472689605
2015-04-13 19:00:00,49.60791824225903,49.60791824225903,48.54003855307953,48.84260559082031,2304,59.205452346801756,59.798704662323,53.88939590454102,6.583613882733395,40.72216813907423,67.05662367000781,27.236765579737863
2015-04-16 19:00:00,50.635347744418915,51.28254665687141,50.48163604736328,50.48163604736328,3456,58.89469886779785,59.83215019226074,53.232082557678225,6.205551647549413,40.8209792625794,65.64318585277705,35.008916419974284
2015-04-20 19:00:00,50.158042907714844,50.158042907714844,48.54165947405979,50.158042907714844,2880,58.638310241699216,59.87492589950561,52.56061229705811,5.7347841301891584,41.09104403667979,64.03018055743642,38.97174407416467
2015-04-23 19:00:00,50.158042907714844,50.158042907714844,50.158042907714844,50.158042907714844,576,58.40855415344238,59.92810230255127,51.913411903381345,5.186725357459841,41.53996118846166,62.28686261830103,34.8346884340899
2015-04-27 19:00:00,49.34904098510742,49.34904098510742,49.34904098510742,49.34904098510742,1152,58.14426986694336,59.98047845840454,51.379471397399904,4.845889761958725,41.68769187348245,61.07125092131736,38.32164369153663
2015-04-28 19:00:00,47.24563727993883,49.34904098510742,46.88158698050376,49.34904098510742,2880,57.862705307006834,60.04138307571411,50.78509864807129,4.267789018452128,42.249520611167036,59.320676684975545,40.75946772204657
2015-05-03 19:00:00,50.967041015625,50.967041015625,50.967041015625,50.967041015625,576,57.584570693969724,60.11374938964844,50.28618755340576,3.538453115967881,43.20928132147,57.36309378534152,49.1477662290639
2015-05-07 19:00:00,48.540038869245784,48.540038869245784,48.45914077758789,48.45914077758789,2304,57.30307075500488,60.16445278167725,49.8048318862915,3.04142759536062,43.72197669557026,55.88768707701274,49.295038708828955
2015-05-17 19:00:00,46.04185104370117,46.67934086360348,46.04185104370117,46.04185104370117,4608,56.99843353271484,60.19349405288696,49.34774684906006,2.8727963357795594,43.60215417750094,55.093339520619175,49.34287212204359
2015-05-18 19:00:00,43.766937255859375,44.57593956109527,43.766937255859375,43.766937255859375,5760,56.66768165588379,60.201109085083004,48.70459117889404,2.5817855873493034,43.54102000419543,53.86816235359265,37.00766234813037
2015-05-21 19:00:00,41.592342238868284,45.951236724853516,41.592342238868284,45.951236724853516,2880,56.36175003051758,60.2166626739502,48.30818061828613,2.343026733378135,43.62212715152986,52.9942340850424,47.43588219351159
2015-05-31 19:00:00,43.68765139393375,46.113033294677734,43.68765139393375,46.113033294677734,1728,56.056756591796876,60.23539733886719,47.97786540985108,2.145790438522477,43.68628453280613,52.26944628689603,51.36361814533871
2015-06-08 19:00:00,46.92204284667969,46.92204284667969,46.92204284667969,46.92204284667969,1728,55.81405647277832,60.24758588790893,47.75992069244385,2.0096922464886817,43.74053619946648,51.779305185421215,54.42479842516563
2015-06-09 19:00:00,44.65683364868164,44.65683364868164,44.65683364868164,44.65683364868164,576,55.526052169799804,60.24992403030396,47.55686149597168,2.1104369016330162,43.33598769270565,51.77773529923771,43.0434771020951
2015-06-14 19:00:00,43.040452111091824,46.87997055053711,42.71523502049549,46.87997055053711,6336,55.246914596557616,60.26080743789673,47.58671360015869,2.095639425423706,43.39543474931128,51.7779924510061,44.8977887737132
2015-06-15 19:00:00,46.92204284667969,46.92204284667969,46.92204284667969,46.92204284667969,576,54.983180389404296,60.27923168182373,47.50589466094971,2.0881595074503054,43.32957564604909,51.68221367585032,39.90828922636339
2015-06-21 19:00:00,46.92203946835545,46.92203946835545,46.11465835571289,46.11465835571289,1728,54.67579254150391,60.28766895294189,47.465525436401364,2.1077532871796647,43.25001886204203,51.681032010760696,38.842766596499025
2015-06-29 19:00:00,44.00963527286977,48.37662124633789,44.00963527286977,48.37662124633789,1728,54.381316375732425,60.29630922317505,47.60297451019287,2.0709047268865564,43.46116505641976,51.744783963965986,45.62990956600705
2015-07-05 19:00:00,46.92204284667969,46.92204284667969,46.92204284667969,46.92204284667969,576,54.07389617919922,60.30878341674805,47.683874893188474,2.0069868728386586,43.669901147511155,51.69784863886579,44.229004977462004
2015-07-06 19:00:00,46.598443335776594,46.92204284667969,46.598443335776594,46.92204284667969,1728,53.792364044189455,60.332356472015384,47.66769523620606,2.012003831596063,43.643687573013935,51.69170289939818,44.229004977462004
2015-07-08 19:00:00,45.30565643310547,45.30565643310547,45.30565643310547,45.30565643310547,576,53.461515197753904,60.338343334198,47.490847778320315,2.058210022626306,43.374427733067705,51.607267823572926,36.53714269541263
2015-07-09 19:00:00,45.78943400293179,45.78943400293179,45.30727002326127,45.56291580200195,2880,53.1681714630127,60.355922031402585,47.24491176605225,1.9741854848067089,43.29654079643883,51.19328273566566,42.287140235587074
2015-07-12 19:00:00,45.30403518676758,45.30403518676758,45.30403518676758,45.30403518676758,576,52.80942832946777,60.37934638977051,47.00221138000488,1.8939426648876077,43.214326050229666,50.790096709780094,47.77992193787996
2015-07-14 19:00:00,47.24564082781301,47.56924032823826,45.62763977050781,45.62763977050781,2880,52.49129684448242,60.39423398971557,46.775691223144534,1.7630312471305765,43.24962872888338,50.30175371740569,56.343773718986164
2015-07-15 19:00:00,46.92203780313093,47.569236755371094,46.92203780313093,47.569236755371094,1152,52.182258453369144,60.408167037963864,46.68670101165772,1.6686979599349518,43.34930509178781,50.02409693152762,55.60914403056862
2015-07-21 19:00:00,49.834442138671875,49.834442138671875,49.834442138671875,49.834442138671875,576,51.86839874267578,60.42223207473755,46.71097106933594,1.7124151012809263,43.28614086677409,50.13580127189779,61.25905905614775
2015-07-22 19:00:00,52.099645984079864,52.32616420547632,51.77604293823242,51.77604293823242,3456,51.5496524810791,60.43425567626953,46.75142116546631,1.8241514472365183,43.10311827099328,50.399724059939345,63.74379505263256
2015-07-26 19:00:00,51.77604293823242,53.87944673793589,51.77604293823242,51.77604293823242,1728,51.27459228515625,60.433942794799805,46.917266273498534,2.115151695881436,42.68696288173566,51.14756966526141,73.12382197564628
2015-07-27 19:00:00,51.77604293823242,51.77604293823242,51.77604293823242,51.77604293823242,576,50.94160758972168,60.420674629211426,47.2039758682251,2.364215439624819,42.475544988975464,51.93240674747474,68.58722298944325
2015-08-11 19:00:00,50.967041015625,50.967041015625,50.967041015625,50.967041015625,576,50.65036735534668,60.38975561141968,47.56398105621338,2.3614907025610044,42.84099965109137,52.286962461335385,64.51124391083698
2015-08-12 19:00:00,50.158042907714844,50.158042907714844,50.158042907714844,50.158042907714844,576,50.35912712097168,60.34051145553589,47.77432136535644,2.3973612700703413,42.97959882521576,52.569043905497125,64.50377595240343
2015-08-16 19:00:00,48.5400390625,48.5400390625,48.5400390625,48.5400390625,576,50.0573698425293,60.268183097839355,47.895671653747556,2.3701144521944526,43.15544274935865,52.63590055813646,50.6145783569831
2015-08-17 19:00:00,50.789058685302734,50.789058685302734,50.789058685302734,50.789058685302734,576,49.80140205383301,60.191351947784426,48.08902244567871,2.443115490506782,43.20279146466515,52.97525342669227,63.72298526083574
2015-08-20 19:00:00,50.15804226962414,50.15804226962414,46.92204023065075,49.99624252319336,17856,49.53928588867188,60.0940234375,48.3559928894043,2.3377852410090014,43.680422407386295,53.0315633714223,60.328324351342175
2015-08-24 19:00:00,47.49642637849877,48.378238677978516,47.49642637849877,48.378238677978516,2880,49.306293640136715,59.971246547698975,48.43090629577637,2.311859235717793,43.80718782434078,53.054624767211955,60.32176851970744
2015-08-25 19:00:00,46.92204284667969,46.92204284667969,46.92204284667969,46.92204284667969,576,49.02000457763672,59.8265859413147,48.43090629577637,2.311859235717793,43.80718782434078,53.054624767211955,54.22537198980181
2015-08-26 19:00:00,48.86363286632079,49.18723586219736,48.86363286632079,49.02543258666992,1728,48.781607971191406,59.711400527954105,48.57644500732422,2.2491401403674973,44.07816472658922,53.07472528805921,60.37905595618322
2015-08-27 19:00:00,51.290645599365234,51.290645599365234,51.290645599365234,51.290645599365234,576,48.64569580078125,59.59499845504761,48.72214622497559,2.328500471515531,44.065145281944524,53.379147168006654,64.250825229512
2015-09-03 19:00:00,50.15803878450394,50.967041015625,50.15803878450394,50.967041015625,1728,48.561365585327145,59.495613956451415,48.92439613342285,2.3395619744134555,44.24527218459594,53.603520082249766,59.30851575243228
2015-09-06 19:00:00,50.15803878450394,51.93783942675591,50.15803878450394,50.967041015625,7488,48.44810539245606,59.41288969039917,49.12664604187012,2.3321814198956425,44.46228320207883,53.791008881661405,53.542504952758485
2015-09-07 19:00:00,51.7760439477851,51.7760439477851,50.158042907714844,50.158042907714844,3456,48.373677291870116,59.34299474716187,49.36926536560058,2.159786399166413,45.049692567267755,53.68883816393341,44.55337855694176
2015-09-08 19:00:00,50.158042907714844,50.158042907714844,50.158042907714844,50.158042907714844,576,48.32245140075683,59.266531009674075,49.59902172088623,1.969597632769497,45.659826455347236,53.53821698642522,44.55337855694176
2015-09-09 19:00:00,50.6434440612793,50.6434440612793,50.6434440612793,50.6434440612793,576,48.30970153808594,59.200824375152585,49.86599216461182,1.7002387789831317,46.465514606645556,53.26646972257808,46.308021967035515
2015-09-15 19:00:00,50.158042907714844,50.158042907714844,50.158042907714844,50.158042907714844,1728,48.33850204467773,59.126264629364016,50.09251232147217,1.376893169350197,47.33872598277178,52.846298660172565,47.306041710280006
2015-09-16 19:00:00,50.967041015625,50.967041015625,50.967041015625,50.967041015625,1728,48.432184295654295,59.06376264572143,50.26240253448486,1.2532376672385472,47.75592720000777,52.76887786896196,52.69395828971999
2015-09-20 19:00:00,50.158042907714844,50.158042907714844,50.158042907714844,50.158042907714844,576,48.464576721191406,58.99800899505615,50.27858257293701,1.2495050245166273,47.77957252390376,52.777592621970264,55.694774582790465
2015-09-30 19:00:00,50.158042907714844,50.158042907714844,50.158042907714844,50.158042907714844,1152,48.52929672241211,58.92789199829102,50.197682571411136,1.1987985077146244,47.80008555598189,52.595279586840384,47.36131666656564
2015-10-01 19:00:00,50.158041587048245,52.585044860839844,50.158041587048245,52.585044860839844,7488,48.66844482421875,58.863761558532715,50.23813266754151,1.266590791471595,47.704951084598314,52.7713142504847,59.523814201708575
2015-10-04 19:00:00,54.85023880004883,54.85023880004883,54.85023880004883,54.85023880004883,576,48.859368896484376,58.827307891845706,50.391842460632326,1.6045103105201888,47.182821839591945,53.600863081672706,72.72728003407894
2015-10-05 19:00:00,56.46824645996094,56.46824645996094,56.144643433103234,56.46824645996094,5184,49.04382110595703,58.8137321472168,50.666902732849124,2.10254585672624,46.46181101939664,54.871994446301606,83.14606265338041
2015-10-07 19:00:00,53.644832611083984,53.644832611083984,53.644832611083984,53.644832611083984,576,49.1398656463623,58.80083522796631,50.84124221801758,2.200412944849557,46.44041632831846,55.24206810771669,65.27555972003779
2015-10-11 19:00:00,55.64306968960992,56.32586669921875,55.33564980791915,56.32586669921875,6336,49.25675025939941,58.80955455780029,51.230533599853516,2.4467931705199644,46.33694725881359,56.12411994089344,66.20495629048467
2015-10-12 19:00:00,59.0554274824417,59.14118194580078,59.0554274824417,59.14118194580078,2304,49.436413040161135,58.81965700149536,51.648139762878415,3.0143926556988423,45.61935445148073,57.6769250742761,72.67097910014452
2015-10-13 19:00:00,62.0972785949707,62.0972785949707,56.24011071521258,62.0972785949707,13824,49.67519775390625,58.83025972366333,52.25319156646729,3.7820815955546174,44.68902837535805,59.817354757576524,76.52094888864205
2015-10-14 19:00:00,65.20059967041016,65.20059967041016,64.4126369528919,65.20059967041016,9216,49.9922289276123,58.84138486862182,53.094309616088864,4.646726113859642,43.80085738836958,62.38776184380815,82.31041867276191
2015-10-15 19:00:00,68.27803684043329,68.4592514038086,68.27803684043329,68.4592514038086,8064,50.37443313598633,58.8530633354187,54.17117004394531,5.549021722282387,43.07312659938054,65.26921348851009,84.4826515509586
2015-10-18 19:00:00,71.8813247680664,71.8813247680664,71.8813247680664,71.8813247680664,3456,50.79271881103516,58.86532690048218,55.313964653015134,6.673169275521786,41.96762610197156,68.6603032040587,86.02876433916713
2015-10-19 19:00:00,75.3988692717515,75.47491455078125,75.3988692717515,75.47491455078125,4608,51.33303428649902,58.879183788299564,56.52317810058594,7.970753899338702,40.58167030190853,72.46468589926334,88.851372236069
2015-10-20 19:00:00,79.24808502197266,79.24808502197266,79.24808502197266,79.24808502197266,4608,51.997158966064454,58.9300820350647,57.93723030090332,9.326491131031565,39.28424803884019,76.59021256296646,89.78105706978306
2015-10-21 19:00:00,81.9033877808669,81.9033877808669,75.2872314453125,75.2872314453125,10368,52.62756484985351,58.972036876678466,59.1532398223877,9.935451457012999,39.2823369083617,79.0241427364137,82.46856189084474
2015-10-26 19:00:00,70.44512176513672,70.44512176513672,70.44512176513672,70.44512176513672,1728,53.11744255065918,58.99224847793579,60.167593765258786,10.00411880778546,40.159356149687866,80.1758313808297,73.29714818307042
2015-10-27 19:00:00,67.97982216161887,67.97982216161887,66.92326354980469,66.92326354980469,3456,53.53364715576172,59.0081551361084,61.005854797363284,9.821994127024084,41.36186654331512,80.64984305141145,66.06174357193184
2015-10-28 19:00:00,63.58159869982648,63.7208328549236,63.57832336425781,63.57832336425781,6912,53.86677276611328,59.003164024353026,61.652598762512206,9.525125464375606,42.602347833760994,80.70284969126342,59.54631119685675
2015-10-29 19:00:00,61.59135383538524,66.17630588715379,60.40375300829541,65.68488311767578,28224,54.287333755493165,59.000772361755374,62.428940773010254,9.164900584083048,44.099139604844154,80.75874194117635,59.974069992361194
2015-11-01 19:00:00,62.41039120179968,67.73410803220169,62.41039120179968,66.97732543945312,32832,54.689280853271484,59.021368255615236,63.22945499420166,8.803135949210548,45.62318309578056,80.83572689262276,64.92264506872934
2015-11-02 19:00:00,63.72247558579892,64.86748253713043,63.72247558579892,63.98784255981445,8064,55.03059684753418,59.016830158233645,63.92094497680664,8.247995029445637,47.424954917915365,80.41693503569792,58.51700385002272
2015-11-03 19:00:00,61.01967081573775,63.04923465983362,61.01967081573775,62.50867462158203,5184,55.358477172851565,59.01592372894287,64.5384765625,7.600239425299612,49.33799771190077,79.73895541309922,53.857882146955156
2015-11-04 19:00:00,60.62489028025024,64.212261268399,60.608513600952406,62.724891662597656,5760,55.64544258117676,59.00626884460449,65.04546890258788,7.0813798952658615,50.88270911205616,79.20822869311961,50.767169894057126
2015-11-05 19:00:00,62.942759457046684,65.86016247880005,62.942759457046684,64.37606811523438,22464,55.99452308654785,58.9985152053833,65.52176036834717,6.667837937930982,52.18608449248521,78.85743624420914,48.95502709196183
2015-11-09 19:00:00,61.15889745337843,63.063969494731495,61.15889745337843,63.05741882324219,1728,56.3172306060791,58.976631546020506,65.85121898651123,6.352277660740269,53.14666366503069,78.55577430799177,42.79991644991032
2015-11-16 19:00:00,65.35726928710938,65.35726928710938,65.35726928710938,65.35726928710938,576,56.71826286315918,58.97022174835205,66.4368408203125,5.671100595950832,55.09463962841083,77.77904201221416,41.03593943374861
2015-11-17 19:00:00,64.53987878786057,64.53987878786057,62.24658203125,62.24658203125,5184,57.05193618774414,58.94507720947266,66.73287658691406,5.254772191758166,56.22333220339773,77.24242097043039,31.579815163274716
2015-11-19 19:00:00,61.42753982543945,61.42753982543945,61.42753982543945,61.42753982543945,576,57.374406280517576,58.917820873260496,66.847194480896,5.1036178291239205,56.639958822648154,77.05443013914383,22.96069394929016
2015-11-22 19:00:00,60.60851342852994,63.88300704956055,60.60851342852994,63.88300704956055,1152,57.739513626098635,58.90442844390869,66.9364809036255,5.031253107842515,56.87397468794046,76.99898711931053,31.867923253475055
2015-11-23 19:00:00,63.06561279296875,63.06561279296875,63.06561279296875,63.06561279296875,1152,58.04944114685058,58.88742515563965,66.82973155975341,5.092301086181871,56.64512938738967,77.01433373211715,36.545005409835746
2015-11-24 19:00:00,65.35726928710938,65.35726928710938,65.35726928710938,65.35726928710938,576,58.359897689819334,58.88180076599121,66.67463245391846,5.087294660352795,56.50004313321287,76.84922177462406,47.010632267776316
2015-11-25 19:00:00,65.32615132641821,65.52271467621883,65.32615132641821,65.4981460571289,10944,58.63433975219726,58.87688076019287,66.35547351837158,4.941595731663285,56.472282055045014,76.23866498169815,54.175584459030034
2015-12-07 19:00:00,67.16078186035156,67.16078186035156,67.16078186035156,67.16078186035156,4608,58.942034530639646,58.87551391601563,65.9397668838501,4.4603284974081046,57.019109889033885,74.86042387866631,53.2732653465246
2015-12-10 19:00:00,62.22364044189453,62.22364044189453,62.22364044189453,62.22364044189453,576,59.15098648071289,58.857831115722654,65.08854465484619,3.2460725597099795,58.59639953542623,71.58068977426615,40.92442602811837
2015-12-14 19:00:00,59.13425522202323,65.19510650634766,59.13425522202323,65.19510650634766,1728,59.435547790527345,58.87141986846924,64.58393840789795,2.1897890800151774,60.20436024786759,68.9635165679283,52.30645403671909
2015-12-17 19:00:00,64.49891662597656,64.49891662597656,64.49891662597656,64.49891662597656,28800,59.72236526489258,58.86943714141846,64.28662815093995,1.7013035043212705,60.88402114229741,67.6892351595825,53.91958145454163
2015-12-28 19:00:00,61.2768466190541,62.246583682404825,61.2768466190541,61.76171875,1152,59.98679885864258,58.85376842498779,64.0285509109497,1.6715181042344964,60.68551470248071,67.37158711941869,48.274466977115445
2015-12-30 19:00:00,60.60851287841797,60.60851287841797,60.60851287841797,60.60851287841797,576,60.18318794250488,58.84855756759644,63.88006038665772,1.8373099510305728,60.20544048459657,67.55468028871886,43.127773718818496
2016-01-11 19:00:00,57.57807922363281,58.97043880615021,57.57807922363281,57.57807922363281,1152,60.33482467651367,58.843585414886476,63.47472019195557,2.26309077529012,58.94853864137533,68.0009017425358,40.59284163802033
2016-01-13 19:00:00,60.428321838378906,60.428321838378906,60.428321838378906,60.428321838378906,576,60.57582633972168,58.84592273712158,63.14727001190185,2.2026042515191553,58.74206150886354,67.55247851494016,41.6947366716006
2016-01-19 19:00:00,57.40772755476759,60.28089904785156,57.40772755476759,60.28089904785156,1152,60.84300346374512,58.8502202796936,62.961922836303714,2.2826611094647875,58.39660061737414,67.5272450552333,46.32037525471425
2016-01-20 19:00:00,62.94275665283203,62.94275665283203,62.94275665283203,62.94275665283203,576,61.12134994506836,58.864265022277834,62.98362693786621,2.2801870319241364,58.42325287401794,67.54400100171449,52.65332335254542
2016-01-21 19:00:00,63.07380676269531,63.07380676269531,63.07380676269531,63.07380676269531,576,61.35701316833496,58.890444660186766,63.00107269287109,2.2794379094916906,58.44219687388771,67.55994851185447,48.457418610282716
2016-01-24 19:00:00,57.268489837646484,59.62566994506204,57.268489837646484,57.268489837646484,1152,61.48304214477539,58.902044486999515,62.6456937789917,2.5870824536045562,57.47152887178259,67.81985868620082,40.71470704433644
2016-01-25 19:00:00,57.33237629451282,57.33237629451282,57.29142379760742,57.29142379760742,1728,61.60952980041504,58.92749176025391,62.35739402770996,2.8470046253907557,56.663384776928446,68.05140327849146,36.068375234910235
2016-01-31 19:00:00,54.434632644329575,60.11709213256836,54.434632644329575,60.11709213256836,2880,61.80871078491211,58.958340587615965,62.09538516998291,2.797084944815912,56.50121528035109,67.68955505961473,41.49449268776879
2016-02-01 19:00:00,57.33237786402213,61.29977798461914,57.33237786402213,61.29977798461914,1152,62.0315454864502,59.00858968734741,62.048044967651364,2.802398483904462,56.44324799984244,67.65284193546029,40.59313859766268
2016-02-02 19:00:00,58.23495001207034,60.936126708984375,58.23495001207034,60.936126708984375,1152,62.237399139404296,59.047500419616696,62.023474311828615,2.810268475928056,56.402937359972505,67.64401126368473,47.57797867561474
2016-02-09 19:00:00,57.889320373535156,57.889320373535156,57.889320373535156,57.889320373535156,576,62.3920246887207,59.07117712020874,61.72378997802734,2.919009583415849,55.88577081119564,67.56180914485904,36.29548212772778
2016-02-10 19:00:00,54.99484992748309,55.03907775878906,54.99484992748309,55.03907775878906,1728,62.47346542358398,59.09389108657837,61.32246322631836,3.257019526855068,54.80842417260823,67.8365022800285,33.581637365943365
2016-02-11 19:00:00,57.07028579711914,57.07028579711914,57.07028579711914,57.07028579711914,576,62.61171028137207,59.13330617904663,60.90811405181885,3.2438037770901036,54.42050649763864,67.39572160599906,41.65306426897061
2016-02-14 19:00:00,54.23642687885681,59.78947448730469,54.22004660028616,59.78947448730469,6912,62.804338912963864,59.198614025115965,60.622680473327634,3.0648818132269473,54.49291684687374,66.75244409978153,48.61969323201852
2016-02-15 19:00:00,56.84095406245058,60.28089904785156,56.84095406245058,60.28089904785156,1728,62.9582559967041,59.26828304290771,60.278686332702634,2.6505204600332926,54.97764541263605,65.57972725276922,54.981293293707665
2016-02-18 19:00:00,57.26685333251953,57.26685333251953,57.26685333251953,57.26685333251953,1152,63.006588287353516,59.31129901885986,60.030846977233885,2.690526460748738,54.64979405573641,65.41189989873136,44.2083862812635
2016-02-23 19:00:00,54.40841907350076,54.40841907350076,54.40350606993907,54.40514373779297,2304,62.96532623291016,59.328740978240965,59.491348838806154,2.6822762889074587,54.126796260991235,64.85590141662107,40.20961659277821
2016-02-24 19:00:00,56.431439648105716,56.431439648105716,51.70561218261719,51.70561218261719,1152,62.92654182434082,59.328290157318115,58.851683616638184,2.938456844547234,52.97476992754372,64.72859730573265,31.299765192468797
2016-02-25 19:00:00,49.12074279785156,49.12401813383243,49.12074279785156,49.12074279785156,9216,62.782439346313474,59.32076986312866,58.21963481903076,3.571003360462481,51.0776280981058,65.36164153995573,28.533274049673395
2016-02-28 19:00:00,46.68657052251232,49.79561996459961,46.66527364181212,49.79561996459961,5184,62.59552810668945,59.31514833450317,57.67899017333984,3.984843589580685,49.70930299417847,65.64867735250121,36.34785209666688
2016-03-30 19:00:00,50.78010559082031,50.78010559082031,50.78010559082031,50.78010559082031,1152,62.36918464660644,59.31971700668335,57.33909149169922,4.273383926133321,48.79232363943258,65.88585934396586,38.50824659270683
2016-03-31 19:00:00,49.14367568490723,50.78010559082031,49.14203801685228,50.78010559082031,1728,62.080774765014645,59.32768119812012,56.856680679321286,4.447334751805127,47.962011175711034,65.75135018293155,31.69557596563878
2016-04-18 19:00:00,48.241099148415216,50.78010360901174,48.241099148415216,48.24273681640625,3456,61.6764444732666,59.322157287597655,56.25477256774902,4.762937127004727,46.72889831373957,65.78064682175848,25.693729883100957
2016-04-19 19:00:00,46.19351577758789,48.242738817965844,46.19351577758789,46.19351577758789,1152,61.16268829345703,59.309568576812744,55.417310523986814,4.9920923522823095,45.433125819422195,65.40149522855143,24.17652526194742
2016-04-28 19:00:00,50.53439634983038,50.573707580566406,50.53439634983038,50.573707580566406,2304,60.66466415405274,59.31650077819824,54.79230556488037,4.76016732270376,45.27197091947285,64.3126402102879,37.75767532800149
2016-05-02 19:00:00,55.38307189941406,55.38307189941406,55.38307189941406,55.38307189941406,2304,60.187363891601564,59.34985984802246,54.69803466796875,4.727102384580525,45.2438298988077,64.1522394371298,50.540234454660116
2016-05-03 19:00:00,58.15140914916992,58.15140914916992,58.15140914916992,58.15140914916992,1152,59.84464744567871,59.39071384429931,54.741033935546874,4.75575878898564,45.22951635757559,64.25255151351816,51.65945681348692
2016-05-04 19:00:00,60.93612493300035,61.05897521972656,60.93612493300035,61.05897521972656,2304,59.65692451477051,59.43896558761597,54.78812808990479,4.81607841487545,45.15597126015389,64.42028491965569,51.93740043513383
2016-05-05 19:00:00,63.8682700521009,64.11070251464844,63.8682700521009,64.11070251464844,13248,59.600673294067384,59.51358276367188,54.92867431640625,5.05137479662835,44.825924723149555,65.03142390966295,55.421073264080505
2016-05-08 19:00:00,65.4981436685145,67.31476011117668,63.88464843873792,65.46865844726562,16704,59.638479995727536,59.600535202026364,55.15530090332031,5.423079084683873,44.30914273395256,66.00145907268805,62.180703621351206
2016-05-09 19:00:00,65.52271270751953,65.52271270751953,65.35890992094065,65.52271270751953,2304,59.63523658752442,59.683981590270996,55.53697052001953,5.8753762681035155,43.7862179838125,67.28772305622655,68.01317387682971
2016-05-10 19:00:00,63.39322840930257,63.88465118408203,63.39322840930257,63.88465118408203,1152,59.57338310241699,59.74860689163208,55.97924919128418,6.161871496082516,43.65550619911915,68.30299218344922,70.43594557074876
2016-05-11 19:00:00,60.772323244761374,60.772323244761374,60.6904182434082,60.6904182434082,1728,59.507434616088865,59.797395896911624,56.16025581359863,6.248174602345175,43.66390660890828,68.65660501828899,69.02441297838737
2016-05-12 19:00:00,63.72083431401453,63.7241096496582,63.72083431401453,63.7241096496582,6336,59.53174331665039,59.8581799697876,56.35698757171631,6.427820373579576,43.50134682455716,69.21262831887546,71.25431836486455
2016-05-15 19:00:00,64.70366677217072,66.91014862060547,64.70366677217072,66.91014862060547,10368,59.615448455810544,59.92424758911133,56.68845005035401,6.800910928542629,43.08662819326875,70.29027190743926,73.06412997968059
2016-05-16 19:00:00,65.52271624027381,67.160787385624,63.57341618437317,63.74541091918945,6336,59.60283531188965,59.96107608795166,57.0123779296875,6.98179196055412,43.048794008579264,70.97596185079574,67.0003128182766
2016-05-17 19:00:00,65.35234832763672,65.35234832763672,65.35234832763672,65.35234832763672,576,59.648733901977536,60.00593133926392,57.55973815917969,7.19257048085546,43.17459719746877,71.9448791208906,72.99548045632666
2016-05-22 19:00:00,65.52271270751953,65.52271270751953,65.52271270751953,65.52271270751953,1152,59.65204277038574,60.037548599243166,58.250593185424805,7.2639009806666675,43.722791224091466,72.77839514675814,77.36043649412443
2016-05-23 19:00:00,65.52271425063739,67.91429257933598,65.52271425063739,67.37537384033203,6912,59.754618606567384,60.063633365631105,59.16332473754883,7.202948109363621,44.757428518821584,73.56922095627607,75.61563038401788
2016-05-24 19:00:00,65.35891317561895,65.44081097371647,65.342529296875,65.342529296875,5184,59.832918395996096,60.06402021408081,59.9406702041626,6.974050113177363,45.992569977807875,73.88877043051733,66.58847305929481
2016-05-29 19:00:00,62.0827751159668,65.34252615936515,62.0827751159668,62.0827751159668,1152,59.79691375732422,60.03179714202881,60.50580368041992,6.642745457855336,47.22031276470925,73.7912945961306,56.44261730609147
2016-05-30 19:00:00,65.03129577636719,65.03129577636719,65.03129577636719,65.03129577636719,1152,59.83622741699219,59.99718845367432,61.218363189697264,6.300089103106329,48.61818498348461,73.81854139590992,56.501006253781725
2016-05-31 19:00:00,63.88300704956055,63.88300704956055,63.88300704956055,63.88300704956055,576,59.80674217224121,59.93885324478149,62.00037670135498,5.528080831473826,50.94421503840733,73.05653836430264,49.60259996785593
2016-06-01 19:00:00,62.24658203125,62.24658203125,62.24658203125,62.24658203125,1152,59.741710891723635,59.86114973068237,62.803030014038086,4.0907636264406495,54.62150276115679,70.98455726691938,44.43060196456835
2016-06-08 19:00:00,59.299695029678105,62.08277679940612,59.299695029678105,60.692054748535156,1728,59.61233634948731,59.78390851974487,63.30894737243652,2.9712077627576976,57.36653184692113,69.25136289795192,42.06191158332245
2016-06-13 19:00:00,58.23331069946289,58.23331069946289,58.23331069946289,58.23331069946289,576,59.532529754638674,59.69124778747559,63.45145931243896,2.6184550324397375,58.21454924755949,68.68836937731844,40.95720946869375
2016-06-19 19:00:00,55.69430873919968,57.33237621985023,55.3273811340332,55.3273811340332,1728,59.33517524719238,59.56745275497437,63.31025791168213,2.971630654472722,57.366996602736684,69.25351922062757,41.3386146938862
2016-06-20 19:00:00,55.77621062978157,55.77621062978157,55.69430923461914,55.69430923461914,1728,59.15908309936523,59.436019821166994,63.04202461242676,3.3971861779188,56.247652256589156,69.83639696826435,35.80941386551166
2016-06-21 19:00:00,53.23720932006836,53.23720932006836,53.23720932006836,53.23720932006836,576,58.9885929107666,59.27180940628052,62.49834995269775,4.028564406488852,54.44122113972005,70.55547876567546,25.197618215599235
2016-06-29 19:00:00,52.41980859694017,52.41980859694017,52.41817092895508,52.41817092895508,2880,58.824786071777346,59.08198440551758,61.845825576782225,4.545841406349038,52.75414276408415,70.9375083894803,27.541415787948267
2016-07-13 19:00:00,54.875274658203125,54.875274658203125,54.875274658203125,54.875274658203125,576,58.77072998046875,58.88184951782227,61.313453674316406,4.712969183833347,51.88751530664971,70.7393920419831,29.9045163405101
2016-07-14 19:00:00,57.61903381347656,57.61903381347656,57.61903381347656,57.61903381347656,576,58.714544219970705,58.71905624389648,61.000172805786136,4.741220559316892,51.51773168715235,70.48261392441992,36.20246050001133
2016-07-17 19:00:00,58.68377816732989,59.789473955541304,58.68377816732989,59.625667572021484,1728,58.7014395904541,58.558885707855225,60.9469352722168,4.750849827018852,51.4452356181791,70.4486349262545,36.543591633566685
2016-07-24 19:00:00,61.91896628938496,61.91896628938496,56.8409538269043,56.8409538269043,1728,58.57940353393555,58.404409866333005,60.6027774810791,4.788244387100199,51.0262887068787,70.1792662552795,35.61369799027614
2016-07-27 19:00:00,59.65024185180664,59.65024185180664,59.65024185180664,59.65024185180664,576,58.510932235717775,58.280708675384524,60.23978214263916,4.554393385108354,51.13099537242245,69.34856891285587,45.81995866591921
2016-08-01 19:00:00,56.677146911621094,56.677146911621094,56.677146911621094,56.677146911621094,576,58.49910537719727,58.15597658157348,59.886368942260745,4.542271642936847,50.80182565638705,68.97091222813444,35.656426487343666
2016-08-04 19:00:00,59.461863947272064,59.51100478482689,59.298057556152344,59.298057556152344,4608,58.53923805236816,58.06475332260132,59.58365440368652,4.356778503814621,50.87009739605728,68.29721141131577,42.50683128670083
2016-08-08 19:00:00,60.444708064924804,62.26296591029389,60.444708064924804,62.24658203125,3456,58.581827850341796,58.001030597686764,59.419847869873045,4.179719066973633,51.06040973592578,67.77928600382032,50.0
2016-08-09 19:00:00,64.70367485745005,65.35890757587715,64.70367485745005,65.35071563720703,6336,58.662846603393554,57.97157304763794,59.3186149597168,3.997438752781953,51.32373745415289,67.3134924652807,56.96239018574583
2016-08-10 19:00:00,67.16078989499576,68.38770203255287,67.16078989499576,68.1256103515625,4608,58.806636276245115,57.972291431427,59.45776901245117,4.258114000262131,50.941541011926915,67.97399701297543,64.64568902720515
2016-08-11 19:00:00,67.97982222634555,67.97982222634555,66.34175109863281,66.34175109863281,2304,58.97568489074707,57.96583791732788,59.670717811584474,4.49614320363147,50.678431404321536,68.66300421884742,66.86734438626395
2016-08-15 19:00:00,65.52272212191485,65.52272212191485,64.29417585116265,64.33512115478516,1728,59.161605758666994,57.9446994972229,59.63590908050537,4.454964114215611,50.72598085207415,68.5458373089366,62.59972510341996
2016-08-16 19:00:00,62.34485894242961,63.06561279296875,62.24657727130441,63.06561279296875,2880,59.28151229858398,57.90867853164673,59.59503936767578,4.417542896750742,50.7599535741743,68.43012516117727,64.84559231531148
2016-08-17 19:00:00,62.24658203125,62.24658203125,62.24658203125,62.24658203125,576,59.33065444946289,57.88498514175415,59.59503936767578,4.417542896750742,50.7599535741743,68.43012516117727,64.84560726097443
2016-08-18 19:00:00,59.29969249884267,59.62566759810945,59.29805483092647,59.42254638671875,3456,59.313487396240234,57.85445261001587,59.531563949584964,4.410064733721259,50.711434482142444,68.35169341702748,56.79325557216327
2016-08-22 19:00:00,61.4275370173152,62.392364501953125,61.4275370173152,62.392364501953125,4608,59.415997619628904,57.82764539718628,59.73951663970947,4.443555830928554,50.85240497785236,68.62662830156658,57.083127947340884
2016-08-23 19:00:00,65.30977338558137,65.5112533569336,65.30977338558137,65.5112533569336,6336,59.638119812011716,57.81643262863159,60.248710250854494,4.494552388982681,51.259605472889135,69.23781502881985,58.45452035737062
2016-08-24 19:00:00,68.78575134277344,68.78575134277344,68.78575134277344,68.78575134277344,8064,59.979722595214845,57.81289560317993,60.90328235626221,4.742796374412998,51.417689607436216,70.3888751050882,66.92035936304264
2016-08-25 19:00:00,72.22241879115424,72.22406005859375,72.22241879115424,72.22406005859375,9792,60.44178894042969,57.843919353485106,61.85262489318848,5.0197218337418645,51.813181225704746,71.8920685606722,67.49954156062215
2016-08-28 19:00:00,75.8343505859375,75.8343505859375,75.8343505859375,75.8343505859375,2880,60.962563552856444,57.90820373535156,63.0234338760376,5.4183819527525845,52.186669970532435,73.86019778154277,76.19728951644353
2016-08-29 19:00:00,79.62483978271484,79.62483978271484,74.6958912434703,79.62483978271484,51264,61.53945823669434,57.99809869766236,64.26091213226319,6.225607252050262,51.80969762816267,76.7121266363637,76.9350841776984
2016-08-30 19:00:00,83.0500364881485,83.60533905029297,80.2653173420035,83.60533905029297,46656,62.19596290588379,58.103309116363526,65.560227394104,7.372543050761172,50.81514129258166,80.30531349562635,77.54910410193602
2016-08-31 19:00:00,87.46627690913824,87.46627690913824,86.00675830143983,86.42610931396484,11520,62.95963035583496,58.21830331802368,66.90024948120117,8.574706604785042,49.75083627163109,84.04966269077126,77.38378421245675
2016-09-01 19:00:00,89.92992697067542,89.92992697067542,86.32617921997794,87.39092254638672,10368,63.78357849121094,58.330889072418216,68.4277479171753,9.37241051387257,49.682926889430156,87.17256894492044,76.26746063068711
2016-09-04 19:00:00,86.9814061174865,86.9814061174865,86.65379333496094,86.65379333496094,3456,64.50518020629883,58.451487350463864,69.77792549133301,9.967536852409959,49.842851786513094,89.71299919615292,78.50836145613508
2016-09-05 19:00:00,84.3604965209961,84.3604965209961,84.3604965209961,84.3604965209961,576,65.08472869873047,58.56692127227783,71.16209297180175,9.974669532422311,51.21275390695713,91.11143203664638,77.88165905243622
2016-09-06 19:00:00,85.83475486987486,88.57852172851562,85.83475486987486,88.57852172851562,12096,65.69327095031738,58.70829122543335,72.62611618041993,10.285646586962809,52.05482300649431,93.19740935434555,82.82678674782721
2016-09-07 19:00:00,92.99966728453907,93.00621795654297,92.99311661253518,93.00621795654297,18432,66.3322158050537,58.86708322525024,74.16409797668457,10.93136975012404,52.30135847643649,96.02683747693266,86.21459787846413
2016-09-08 19:00:00,92.55083360404826,97.6550521850586,91.00285949785395,97.6550521850586,12672,67.00310279846191,59.04854496002197,75.77931480407715,11.903941764308412,51.97143127546032,99.58719833269397,93.15828338029071
2016-09-14 19:00:00,102.36285946644765,102.5364954535009,94.35270550576753,97.24061584472656,20160,67.63854194641114,59.239462795257566,77.23506507873535,12.67404482916181,51.88697542041173,102.58315473705896,91.74645565085144
2016-09-15 19:00:00,98.28406701485508,102.10076904296875,98.28406701485508,102.10076904296875,5184,68.37010307312012,59.454681396484375,79.02301597595215,13.548548980865043,51.92591801422206,106.12011393768223,92.0769950609862
2016-09-18 19:00:00,107.17878431502665,107.20499420166016,107.17878431502665,107.20499420166016,7488,69.23650993347168,59.68652212142944,81.1665096282959,14.462835770445968,52.24083808740396,110.09218116918784,92.39695241597666
2016-09-19 19:00:00,112.56475067138672,112.56475067138672,112.56475067138672,112.56475067138672,5184,70.27399658203124,59.948802108764646,83.6414665222168,15.406761321193873,52.82794387982906,114.45498916460454,92.70626281684203
2016-09-20 19:00:00,118.1915054321289,118.1915054321289,118.1915054321289,118.1915054321289,3456,71.36334449768066,60.23233938217163,86.43871269226074,16.366638045498128,53.70543660126448,119.17198878325699,93.00491240202966
2016-09-21 19:00:00,124.00175450681564,124.10002899169922,124.00175450681564,124.10002899169922,6336,72.50714210510255,60.537337379455565,89.67258682250977,17.12002927181209,55.43252827888559,123.91264536613394,93.29335513008388
2016-09-22 19:00:00,130.30503188106903,130.30503188106903,118.43231318082333,123.28099822998047,16704,73.69785385131836,60.84227710723877,92.71701850891114,17.424659091580022,57.867700325751095,127.56633669207119,91.1543810011899
2016-09-25 19:00:00,129.40736389160156,129.40736389160156,129.40736389160156,129.40736389160156,576,74.97895416259766,61.18432067871094,95.91182403564453,18.021402895944952,59.869018243754624,131.95462982753443,91.7220490645412
2016-09-26 19:00:00,131.86447354838702,135.87774658203125,131.86447354838702,135.87774658203125,12096,76.3860548400879,61.55446891784668,99.26642379760742,18.927886192220125,61.410651413167166,137.12219618204767,92.5214026620299
2016-09-27 19:00:00,139.23576340004234,142.67079162597656,139.23576340004234,142.67079162597656,6912,77.89196319580078,61.96667236328125,102.78876037597657,20.146235444302324,62.49628948737192,143.08123126458122,94.40822182276534
2016-09-28 19:00:00,149.7996612650852,149.80294379936612,149.71939754308434,149.77508544921875,7488,79.58061431884765,62.39934183120727,106.48579711914063,21.66656188221468,63.15267335471127,149.81892088357,98.18291186594865
2016-09-29 19:00:00,144.15817542682157,156.40928649902344,142.3481166116216,156.40928649902344,2304,81.46714454650879,62.87371719360352,110.32501945495605,23.390741951822715,63.54353555131062,157.1065033586015,98.24536632060135
2016-10-02 19:00:00,158.8876601219571,158.8876601219571,148.58912630743052,149.5670623779297,2880,83.15785987854004,63.30644672393799,113.62310562133788,24.065544857744346,65.4920159058492,161.75419533682657,88.89362687537964
2016-10-03 19:00:00,142.51190425284167,154.7974080274196,142.0892779588829,152.34030151367188,29952,84.92700576782227,63.740511093139645,116.91881523132324,24.651218769546826,67.61637769222958,166.2212527704169,88.59955503134782
2016-10-04 19:00:00,153.48698351886205,153.48698351886205,144.80522582500777,145.6537322998047,8064,86.59514877319336,64.13021297454834,119.83195571899414,24.419621545580622,70.9927126278329,168.67119881015537,81.39274547829184
2016-10-05 19:00:00,147.42445711908968,152.9349250615916,144.14995646780508,151.7653350830078,34560,88.41661437988282,64.56139438629151,123.08753280639648,24.10177436921089,74.8839840679747,171.29108154481827,81.6899121103163
2016-10-06 19:00:00,157.90975533401408,159.35289001464844,152.34031624374887,159.35289001464844,29952,90.43900596618653,65.01603244781494,126.8371524810791,23.587702936999673,79.66174660707975,174.01255835507845,82.25235635939819
2016-10-09 19:00:00,165.44486122835667,167.320440940671,151.3853199045483,160.6944580078125,55296,92.5463475036621,65.49185947418214,130.44294929504395,22.934430292783432,84.57408870947708,176.3118098806108,81.32410322381516
2016-10-12 19:00:00,153.15935383028108,157.58213740225978,152.659746292798,152.66793823242188,19008,94.48582008361817,65.93159889221191,133.4260353088379,21.653052539000868,90.11993023083616,176.73214038683963,71.75852340985507
2016-10-16 19:00:00,145.7880297618075,145.7880297618075,145.03451538085938,145.03451538085938,1152,96.32176620483398,66.33863195419312,135.79500846862794,20.067244717098724,95.6605190344305,175.9294979028254,62.93050108663475
2016-10-17 19:00:00,138.41673318407155,145.62260181381885,137.78280091211434,142.42181396484375,31104,98.12183906555175,66.73280378341674,138.0540683746338,17.927629701386792,102.19880897186022,173.90932777740738,61.566329481647536
2016-10-18 19:00:00,135.95963921802246,135.95963921802246,135.3011311371477,135.46656799316406,2304,99.73366493225097,67.09462636947632,139.72235832214355,15.836317065701966,108.04972419073962,171.39499245354747,53.625115300094286
2016-10-19 19:00:00,141.7690777269757,141.7690777269757,129.33319857360468,132.11053466796875,4608,101.22349494934082,67.45503978729248,140.96763534545897,14.01979130899118,112.92805272747661,169.00721796344135,47.658901820816205
2016-10-20 19:00:00,126.01696429580741,138.71482849121094,125.50627205653605,138.71482849121094,27072,102.80527816772461,67.84243144989014,142.2751392364502,12.351638227207333,117.57186278203554,166.97841569086486,47.53582331851863
2016-10-23 19:00:00,135.96566371308836,140.94001228731807,132.6494216147345,135.05369567871094,6912,104.36953300476074,68.21297361373901,143.1182487487793,11.13696435976242,120.84432002925448,165.39217746830414,40.419043994812995
2016-10-24 19:00:00,132.64776290469368,136.79472696668861,132.64776290469368,135.41351318359375,20736,105.88479843139649,68.59960990905762,143.683922958374,10.381861837471458,122.92019928343109,164.44764663331694,35.12034000541992
2016-10-25 19:00:00,129.3331931956345,140.11095079417845,129.00156315877115,136.21437072753906,14400,107.47554290771484,69.00476400375366,144.33059158325196,9.400529984732454,125.52953161378704,163.13165155271687,39.65077047820077
2016-10-26 19:00:00,129.66481813349827,134.13344430960777,129.4044952392578,129.4044952392578,19584,108.87767166137695,69.36863622665405,144.33044815063477,9.400769685188214,125.52890878025833,163.13198752101118,33.27006223302983
2016-10-27 19:00:00,122.93451690673828,122.93451690673828,122.93451690673828,122.93451690673828,576,110.09143035888673,69.71391157150269,143.68328666687012,10.405151287676864,122.87298409151639,164.49358924222383,33.37551998726251
2016-10-30 19:00:00,117.72636841626633,129.07618713378906,117.72636841626633,129.07618713378906,1728,111.36593978881837,70.09569581985474,143.00355644226073,10.906728584893147,121.19009927247444,164.81701361204702,33.40482379240572
2016-10-31 19:00:00,135.5295867919922,135.5295867919922,135.5295867919922,135.5295867919922,2304,112.71401931762695,70.51693906784058,142.29128150939943,10.906390559540363,120.4785003903187,164.10406262848016,32.281319646090324
2016-11-01 19:00:00,142.30465698242188,142.30465698242188,141.47559636836897,142.30465698242188,28224,114.23327743530274,70.98487226486206,141.58605003356934,10.389196896760732,120.80765624004788,162.3644438270908,37.345309498604216
2016-11-02 19:00:00,149.41964721679688,149.41964721679688,149.22232470185799,149.41964721679688,23040,115.93496795654296,71.50055585861206,141.57867927551268,10.383287257745511,120.81210476002167,162.3452537910037,47.736334908442146
2016-11-03 19:00:00,155.69726721745292,156.88946533203125,155.69726721745292,156.88946533203125,23616,117.81144500732422,72.04231107711792,141.80613746643067,10.677111138859692,120.45191518871128,163.16035974415004,58.280344384294025
2016-11-06 19:00:00,162.47896862931992,164.15367420683702,157.68701917160777,163.3229522705078,15552,119.83297241210937,72.62431562423706,142.68959846496583,11.694741530304983,119.30011540435586,166.0790815255758,63.85912906791188
2016-11-07 19:00:00,170.70322990323368,170.70322990323368,155.15838473092086,161.0231475830078,27072,121.86498443603516,73.20129316329957,143.15248908996583,12.243230746742192,118.66602759648144,167.6389505834502,68.061128560112
2016-11-09 19:00:00,169.6254707948903,169.79127125475958,169.45965576171875,169.45965576171875,3456,124.00633026123047,73.82207126617432,143.65782737731934,13.123991641913145,117.40984409349305,169.90581066114564,74.62664808182322
2016-11-10 19:00:00,170.78614807128906,170.78614807128906,170.78614807128906,170.78614807128906,1152,126.11182815551757,74.43977382659912,144.16241188049315,13.97959201599784,116.20322784849748,172.12159591248883,72.72856152629194
2016-11-13 19:00:00,165.81180773942964,170.37163398246076,165.81180773942964,168.78480529785156,15552,128.11180923461913,75.03948482513428,144.96825523376464,14.928040507745363,115.1121742182739,174.82433624925537,74.48075616741518
2016-11-14 19:00:00,168.78480529785156,168.78480529785156,168.78480529785156,168.78480529785156,576,130.0430241394043,75.63100067138672,146.15576972961426,15.84979051431852,114.45618870097722,177.8553507582513,74.34677354356037
2016-11-15 19:00:00,165.81180480807598,168.96223227640945,165.81180480807598,168.79641723632812,7488,131.9022654724121,76.22419254302979,147.47449989318847,16.602119136441647,114.27026162030518,180.67873816607175,74.0479030667567
2016-11-16 19:00:00,160.8374369716512,163.858540873775,160.356590855558,161.01983642578125,20736,133.53016540527344,76.77850151062012,148.75216331481934,16.612636397566913,115.52689051968551,181.97743610995317,73.00610833421422
2016-11-17 19:00:00,157.52120509496066,160.83743286132812,157.52120509496066,160.83743286132812,9792,135.07480728149415,77.33594347000123,150.1885082244873,16.337657945081233,117.51319233432483,182.86382411464976,80.35964859640103
2016-11-20 19:00:00,152.87847025920902,152.90334688572014,152.79556274414062,152.79556274414062,20160,136.40219635009765,77.85317607879638,150.89254493713378,16.119129414049446,118.65428610903489,183.13080376523266,68.4376005960863
2016-11-21 19:00:00,156.52633299072116,156.52633299072116,145.91437475361747,151.9665069580078,20160,137.69370803833007,78.3581734085083,151.73818550109863,15.682176301698268,120.37383289770209,183.10253810449515,64.00101380332215
2016-11-22 19:00:00,146.08019011536078,153.37590595468154,144.42206890461446,152.11573791503906,28224,139.00294692993165,78.87645639419556,152.5732967376709,15.204538487251208,122.16421976316848,182.9823737121733,59.42047119131683
2016-11-23 19:00:00,152.11573782582101,159.67343791957802,144.50996040717658,159.29208374023438,49536,140.50157867431642,79.44270755767822,153.72718238830566,14.767105012015172,124.19297236427532,183.26139241233602,59.46822802185741
2016-11-24 19:00:00,163.32461593522586,167.25601196289062,158.35026695884662,167.25601196289062,29952,142.0751284790039,80.06015293121338,155.6197582244873,13.885015914316288,127.84972639585473,183.38979005311987,59.848765117109764
2016-11-27 19:00:00,173.25672530443603,174.10237022254614,165.8134411326729,172.43429565429688,21888,143.66369003295898,80.6925682258606,158.09474716186523,12.041533247476641,134.01168066691196,182.1778136568185,58.867753491360226
2016-11-28 19:00:00,176.32425999452266,178.24601217329172,168.54768376579108,175.96278381347656,22464,145.22984466552734,81.34181697845459,160.4390769958496,10.568683123469055,139.3017107489115,181.57644324278772,64.20059675099657
2016-11-29 19:00:00,175.76048291045532,177.4186039733769,175.76048291045532,177.0853271484375,10368,146.82673889160156,81.99263339996338,162.51686401367186,9.438206677395794,143.64045065888027,181.39327736846346,58.41905306121348
2016-11-30 19:00:00,172.44426536818716,180.23741149902344,172.44426536818716,180.23741149902344,1728,148.38947174072266,82.6705362892151,164.41350173950195,8.962069066980291,146.48936360554137,182.33763987346254,60.03025603954855
2016-12-01 19:00:00,181.5639266974875,188.94255021235722,181.5639266974875,187.40878295898438,34560,149.99354751586915,83.37318035125732,166.31295852661134,9.618686638814017,147.07558524898332,185.55033180423936,67.81046738758332
2016-12-04 19:00:00,190.68353738996151,195.6579004237645,189.85449145762843,194.66302490234375,9216,151.6355130004883,84.11188526153565,168.20163650512694,11.242413745904202,145.71680901331854,190.68646399693534,71.7325087746051
2016-12-05 19:00:00,196.48698159545057,204.3962042033725,184.92990112304688,184.92990112304688,67392,152.97028091430664,84.80596147537231,169.2819839477539,11.774494592300213,145.73299476315347,192.83097313235433,61.6471182821568
2016-12-06 19:00:00,184.05108531810265,194.17555177644923,182.39131736693975,191.50930786132812,21888,154.3184664916992,85.52162490844727,170.80629196166993,12.593881110351191,145.61852974096755,195.9940541823723,72.39818263993385
2016-12-07 19:00:00,200.96390289155408,201.08328738543554,190.7266825412191,198.97415161132812,13248,155.83232955932618,86.2818854522705,172.2820167541504,14.070444204143769,144.14112834586285,200.42290516243793,75.30812317555315
2016-12-08 19:00:00,207.09892602840097,207.09892602840097,189.02545166015625,189.02545166015625,133056,157.02469131469726,86.99240249633789,173.19398193359376,14.551256016508422,144.09146990057693,202.2964939666106,73.44926605308879
2016-12-12 19:00:00,187.36732482910156,187.36732482910156,187.36732482910156,187.36732482910156,4608,158.05448287963867,87.70271083831787,174.12310791015625,14.845199986462887,144.43270793723048,203.81350788308202,72.66937236691578
2016-12-13 19:00:00,193.83399176290655,193.83399176290655,189.02545763930468,189.52288818359375,2880,158.99152481079102,88.42251070022583,175.16001205444337,15.173334719559996,144.8133426153234,205.50668149356335,73.35405637900502
2016-12-14 19:00:00,185.70920254590035,188.19638424516523,180.04673155601316,182.39297485351562,12672,159.64388259887696,89.10795539855957,175.83983993530273,15.177803628318271,145.4842326786662,206.19544719193928,64.43072994172957
2016-12-18 19:00:00,182.39296573266506,186.5382537841797,182.39296573266506,186.5382537841797,1728,160.2464619445801,89.81250846862793,177.11576080322266,14.937083507079336,147.24159378906398,206.98992781738133,62.64874282398015
2016-12-19 19:00:00,184.88014684707855,184.88014684707855,177.2113546223986,181.5639190673828,12672,160.88639907836915,90.48248188018799,178.1520851135254,14.459627279334887,149.23283055485564,207.07133967219517,56.004907347914475
2016-12-22 19:00:00,182.39297037978642,182.39297037978642,182.06134033203125,182.06134033203125,1728,161.48081985473632,91.14361637115479,179.61537399291993,13.183004135891132,153.24936572113768,205.98138226470218,54.17784015254827
2016-12-25 19:00:00,179.07672558092705,179.07672558092705,172.9582707902454,173.691162109375,15552,162.04156845092774,91.7531919670105,180.70160675048828,11.582833870467468,157.53593900955335,203.86727449142322,47.88484922942103
2016-12-26 19:00:00,173.93657414658063,179.82289123535156,173.93657414658063,179.82289123535156,3456,162.6027195739746,92.3934262084961,182.08696441650392,9.443222842946495,163.20051873061092,200.9734101023969,49.75093187382553
2016-12-28 19:00:00,182.39297485351562,182.39297485351562,182.39297485351562,182.39297485351562,1728,163.06352127075195,93.04651086807252,183.24200897216798,7.773501528980528,167.69500591420692,198.78901203012904,46.80980780585631
2016-12-29 19:00:00,179.07672491162018,179.07672491162018,175.76048278808594,175.76048278808594,5760,163.36484176635742,93.67047807693481,183.66723251342773,7.052151694273468,169.5629291248808,197.77153590197466,37.88161795074416
2017-01-01 19:00:00,182.39297485351562,182.39297485351562,182.39297485351562,182.39297485351562,115,163.9593424987793,94.33165273666381,184.16516647338867,6.551055055223479,171.06305636294172,197.2672765838356,48.30624438165389
2017-01-02 19:00:00,175.76049032214257,182.39297485351562,175.76049032214257,182.39297485351562,5299,164.7065116882324,95.0009174156189,184.48667602539064,6.279475080275265,171.9277258648401,197.04562618594116,43.32734696795061
2017-01-03 19:00:00,186.37244808437728,186.37244808437728,182.39297485351562,182.39297485351562,1497,165.50593490600585,95.65893699645996,184.75205841064454,6.05848427102477,172.635089868595,196.86902695269407,36.37454283553314
2017-01-04 19:00:00,182.39297485351562,182.39297485351562,182.39297485351562,182.39297485351562,1152,166.4444630432129,96.32092065811158,184.85983657836914,5.992760182117033,172.87431621413506,196.84535694260322,43.48449136683789
2017-01-05 19:00:00,184.05109777030208,184.05109777030208,180.71828536426418,181.4710693359375,2995,167.43167373657226,96.98638481140136,184.5629508972168,6.006900028194078,172.54915084082864,196.57675095360497,44.12271546585621
2017-01-10 19:00:00,179.07507509375364,179.0767364501953,179.07507509375364,179.0767364501953,230,168.23891189575195,97.64715827941895,183.78363647460938,5.626602909345425,172.53043065591854,195.03684229330023,39.636787490255145
2017-01-15 19:00:00,179.07673985504906,180.73319969870826,179.07673985504906,180.5690460205078,4147,169.1492189025879,98.30487634658813,183.56559371948242,5.664215289041931,172.23716314139855,194.8940242975663,47.96266241790262
2017-01-16 19:00:00,171.61520925114306,182.22716745784132,171.61520925114306,176.9211883544922,230,169.97937240600587,98.93302906036376,182.83618774414063,5.525006447823723,171.78617484849318,193.8862006397881,39.13697534609233
2017-01-17 19:00:00,169.12802321462917,185.7672365646929,169.12802321462917,180.81776428222656,21772,170.87144027709962,99.58228267669678,181.92836837768556,4.02064189803283,173.8870845816199,189.96965217375123,49.136142524823974
2017-01-18 19:00:00,175.76051591166893,184.05110820963688,174.1024091107185,183.96820068359375,2534,171.96271438598632,100.24728847503663,181.6755058288574,3.696792347271303,174.2819211343148,189.0690905234,52.07989092589165
2017-01-19 19:00:00,174.77392578125,174.77392578125,174.77392578125,174.77392578125,115,172.99950256347657,100.87036788940429,181.04583587646485,3.7484348885558028,173.54896609935324,188.54270565357646,51.16015805355039
2017-01-23 19:00:00,176.09212567661274,176.25794070954677,175.76049561074467,176.01087951660156,1267,173.93819641113282,101.49963207244873,180.37023544311523,3.3350307264282733,173.7001739902587,187.04029689597178,45.43687121450125
2017-01-25 19:00:00,174.9314422607422,174.9314422607422,174.9314422607422,174.9314422607422,576,174.7262335205078,102.12107206344605,179.99715881347657,3.50962167780296,172.97791545787067,187.01640216908248,40.73770451436492
2017-01-26 19:00:00,167.46990966796875,168.29895564061087,166.18486509309113,167.46990966796875,2419,175.22953857421874,102.70763139724731,179.04374160766602,4.167527365337781,170.70868687699047,187.37879633834157,39.91613404447783
2017-01-29 19:00:00,165.81179809570312,165.81179809570312,165.81179809570312,165.81179809570312,3225,175.55738159179688,103.2818551826477,178.25613555908203,5.059248807335255,168.13763794441152,188.37463317375253,27.055817842453322
2017-01-30 19:00:00,157.60410258173786,165.81178581949663,157.52119507119167,165.8001708984375,2073,175.735595703125,103.86006582260131,177.44307708740234,5.683652282466252,166.07577252246983,188.81038165233485,27.047114557362278
2017-01-31 19:00:00,161.66650390625,161.66650390625,161.66650390625,161.66650390625,115,175.70246673583983,104.417608127594,176.8418441772461,6.654511477915631,163.53282122141482,190.15086713307736,24.271382711690535
2017-02-01 19:00:00,158.35025534441849,159.34511632274348,158.35025534441849,159.23402404785156,3916,175.66668426513672,104.95085302352905,175.8124008178711,7.682247316233495,160.4479061854041,191.1768954503381,22.889093475462644
2017-02-02 19:00:00,155.86307811784744,156.692138671875,155.86307811784744,156.692138671875,2073,175.41133392333984,105.46006252288818,174.52735900878906,8.616310645327816,157.29473771813343,191.7599802994447,22.05267049139023
2017-02-05 19:00:00,157.52121179106737,157.52121179106737,156.69215117090724,157.10667419433594,230,175.1377444458008,105.96325466156006,173.59466857910155,9.4455135827485,154.70364141360454,192.48569574459856,24.06235138134285
2017-02-06 19:00:00,157.52120971679688,157.52120971679688,157.52120971679688,157.52120971679688,230,174.9124725341797,106.48263654708862,172.35108032226563,9.85460742213843,152.64186547798877,192.0602951665425,22.079412864007054
2017-02-08 19:00:00,150.888738438731,165.3972625732422,149.64514024627115,165.3972625732422,6566,174.8447216796875,107.02799352645874,171.50129470825195,9.6742351395181,152.15282442921574,190.84976498728815,37.33693133460272
2017-02-12 19:00:00,172.2784395816601,172.2784395816601,165.81178495257853,169.04510498046875,345,174.84969543457032,107.57751314163208,170.83390121459962,9.337873011625968,152.15815519134767,189.50964723785157,36.992506048268126
2017-02-15 19:00:00,165.81180499457741,172.11264536502853,165.81180499457741,171.8639373779297,460,175.0665774536133,108.12634643554688,170.3074493408203,8.9402323496345,152.42698464155131,188.1879140400893,36.52739663443493
2017-02-16 19:00:00,164.15367409587964,175.7604930599793,164.15367409587964,174.10238647460938,460,175.3318765258789,108.67085536956787,169.93901519775392,8.601369526638935,152.73627614447605,187.14175425103178,49.115603005623484
2017-02-19 19:00:00,165.81181602786384,174.1024082865874,165.81181602786384,167.88446044921875,2880,175.63365447998046,109.16798141479492,169.37940139770507,8.335553182682933,152.7082950323392,186.05050776307093,40.5389954909615
2017-02-21 19:00:00,174.09410095214844,174.09410095214844,174.09410095214844,174.09410095214844,345,176.07620635986328,109.67904529571533,169.0556541442871,7.996945106817236,153.06176393065263,185.04954435792158,49.12916856831098
2017-02-22 19:00:00,159.6767539353629,168.46477557595236,159.6767539353629,162.9929962158203,1152,176.29375152587892,110.11663570404053,168.3592445373535,7.881560611294354,152.59612331476478,184.12236575994223,45.67169375432426
2017-02-23 19:00:00,156.02889502163333,168.85443527769522,155.05060384756987,156.70872497558594,691,176.24208435058594,110.50393890380859,167.15379257202147,7.717780423807142,151.7182317244072,182.58935341963576,41.92171396769385
2017-02-26 19:00:00,164.5433349609375,164.5433349609375,164.5433349609375,164.5433349609375,576,176.18783081054687,110.95021942138672,166.18254928588868,6.636987494780246,152.9085742963282,179.45652427544917,49.02063458997634
2017-02-27 19:00:00,171.61521133277589,172.76925659179688,170.78615072157427,172.76925659179688,4032,176.19453002929689,111.46184009552002,166.08231582641602,6.514415129994883,153.05348556642625,179.1111460864058,58.13292105579651
2017-03-01 19:00:00,180.23741149902344,180.23741149902344,180.23741149902344,180.23741149902344,115,176.28002258300782,112.02841083526611,166.29364242553712,6.909991481268625,152.47365946299988,180.11362538807435,64.32822304294059
2017-03-02 19:00:00,164.1370849609375,164.1370849609375,164.1370849609375,164.1370849609375,115,176.0210577392578,112.53120464324951,165.75392456054686,6.61507413246505,152.52377629561676,178.98407282547697,54.285985847371016
2017-03-05 19:00:00,164.13709655095533,172.76925718550257,164.1321270547541,171.399658203125,2188,175.84430267333985,113.05977851867675,165.95041198730468,6.726156590343958,152.49809880661675,179.4027251679926,57.62697290993804
2017-03-09 19:00:00,165.81179809570312,165.81179809570312,165.81179809570312,165.81179809570312,576,175.4123629760742,113.553950881958,165.95041198730468,6.726156590343958,152.49809880661675,179.4027251679926,54.19252017584552
2017-03-15 19:00:00,158.35028076171875,158.35028076171875,158.35028076171875,158.35028076171875,230,174.6861080932617,114.02576307296754,165.57791748046876,6.93787031704902,151.70217684637072,179.4536581145668,46.42136338297784
2017-03-16 19:00:00,165.81179809570312,165.81179809570312,165.81179809570312,165.81179809570312,1152,174.30374603271486,114.54227869033814,165.7851821899414,6.876516931157235,152.0321483276269,179.53821605225588,48.419271846630174
2017-03-23 19:00:00,164.98273024264836,165.13859170370014,164.98273024264836,165.06065368652344,230,173.77477294921874,115.05395750045777,166.076513671875,6.705665338030582,152.66518299581384,179.48784434793617,46.60531783288533
2017-04-04 19:00:00,156.80819702148438,156.80819702148438,156.80819702148438,156.80819702148438,576,172.93145385742187,115.51611814498901,166.08231658935546,6.697161735045865,152.68799311926372,179.4766400594472,41.85918459109603
2017-04-05 19:00:00,148.9984893798828,148.9984893798828,148.9984893798828,148.9984893798828,576,172.1309146118164,115.94582349777221,165.67690734863282,7.469923530477583,150.73706028767765,180.616754409588,41.24115117863746
2017-04-06 19:00:00,156.4434088547754,156.44839292368653,156.4434088547754,156.4467315673828,2534,171.51250274658204,116.40127080917358,165.6231834411621,7.5352449385629505,150.5526935640362,180.693673318288,41.90854415669861
2017-04-12 19:00:00,149.3964363778889,150.05968196457923,149.23062133789062,149.23062133789062,3801,170.70665740966797,116.83619100570678,164.81485137939453,8.3804768330236,148.05389771334734,181.5758050454417,43.45673387690609
2017-04-13 19:00:00,150.05967651138587,150.05967651138587,143.59302134617755,143.9246368408203,3456,169.93729064941405,117.2486764907837,163.5588279724121,9.518319093612037,144.52218978518803,182.59546615963617,43.864783854344395
2017-04-16 19:00:00,149.23062133789062,149.23062133789062,149.23062133789062,149.23062133789062,576,169.19113800048828,117.67541456222534,162.42716217041016,9.819633615107655,142.78789494019486,182.06642940062545,42.46847825336457
2017-04-18 19:00:00,141.77073669433594,141.77073669433594,141.77073669433594,141.77073669433594,115,168.39527435302733,118.06894018173217,160.8105796813965,10.438262495019377,139.93405469135774,181.68710467143524,34.63768955431644
2017-04-19 19:00:00,147.57249450683594,147.57249450683594,147.57249450683594,147.57249450683594,115,167.70549743652344,118.48001630783081,159.79498138427735,10.698665598871296,138.39765018653475,181.19231258201995,33.539987457737524
2017-04-20 19:00:00,145.08696459389762,145.08696459389762,143.42719672851726,144.25790405273438,1036,167.11683227539064,118.87381509780884,158.30317153930665,10.680019430427878,136.9431326784509,179.6632104001624,38.50107892689141
2017-04-23 19:00:00,140.9400302095973,141.43746075828443,140.9400302095973,141.0561065673828,2304,166.34149658203125,119.243291721344,157.20632705688476,11.282494414214788,134.6413382284552,179.77131588531432,31.582857622332227
2017-04-25 19:00:00,144.25625610351562,144.25625610351562,144.25625610351562,144.25625610351562,115,165.57876220703125,119.6534547996521,156.58370361328124,11.649039840136053,133.28562393300913,179.88178329355335,36.52624430591269
2017-04-26 19:00:00,144.2562755437313,144.2562755437313,139.2819116666109,140.94003295898438,2534,164.88235321044922,120.03217943191528,155.4035385131836,11.990819650277674,131.42189921262826,179.38517781373895,38.52256481794805
2017-04-27 19:00:00,140.94001107527237,147.57248064164156,140.94001107527237,146.60580444335938,4262,164.1666098022461,120.4427138710022,154.09536590576172,11.409647374009323,131.27607115774308,176.91466065378037,37.03170539517587
2017-05-01 19:00:00,153.93470612201355,153.93470612201355,139.27693663173346,139.2819061279297,3456,163.30438842773438,120.83031480789185,152.04759063720704,10.067104801399148,131.91338103440873,172.18180024000534,34.01269569693849
2017-05-02 19:00:00,137.62378882270738,137.62378882270738,135.96566772460938,135.96566772460938,104947,162.37584228515624,121.2071005821228,150.63901977539064,10.255618015386261,130.1277837446181,171.15025580616316,36.23098355301622
2017-05-03 19:00:00,135.96566772460938,135.96566772460938,135.96566772460938,135.96566772460938,104601,161.44729614257812,121.59903852462769,148.86732025146483,9.514258233913623,129.8388037836376,167.89583671929208,40.399625660046176
2017-05-04 19:00:00,135.96568893623535,142.76231348374728,135.96568893623535,142.59815979003906,1958,160.66983795166016,122.00988771438598,147.70663833618164,8.721251957440973,130.2641344212997,165.14914225106358,39.6746275571105
2017-05-07 19:00:00,145.91436767578125,145.91436767578125,145.91436767578125,145.91436767578125,115,160.00659057617187,122.43805505752563,147.08484268188477,8.358220006051358,130.36840266978206,163.80128269398747,47.37476076976932
2017-05-08 19:00:00,149.06312858525786,149.06312858525786,139.4477081298828,139.4477081298828,1267,159.18416381835937,122.82057981491089,145.76663818359376,7.255526731321675,131.2555847209504,160.27769164623712,46.519890002903644
2017-05-11 19:00:00,135.6340435625001,137.78959525426285,135.46822853083324,137.72825622558594,1152,158.40030517578126,123.19385206222535,144.40001831054687,5.872389666714445,132.655238977118,156.14479764397575,40.53071385664078
2017-05-14 19:00:00,136.14806026403923,142.59648422181414,136.14806026403923,140.93173217773438,1267,157.6025845336914,123.61216827392577,143.60619506835937,5.133364806710577,133.33946545493822,153.87292468178052,49.257238296217984
2017-05-22 19:00:00,140.94002796439747,140.94002796439747,138.454507470484,138.73141479492188,1382,156.69784881591798,124.01936822891236,143.09284133911132,5.078816968973209,132.9352074011649,153.25047527705775,41.64000040399784
2017-05-23 19:00:00,138.45283257235968,140.1109536437978,138.45283257235968,139.4477081298828,806,155.99132446289062,124.41602130889892,142.24289016723634,4.043223871818033,134.15644242360028,150.3293379108724,45.21649378786513
2017-05-24 19:00:00,140.9400236979278,142.43066849188855,140.9400236979278,141.4374542236328,806,155.29985595703124,124.816709690094,141.85323181152344,3.694869798557301,134.46349221440883,149.24297140863806,50.388599505543205
2017-05-25 19:00:00,136.79473059179705,143.42720052328215,136.79473059179705,142.22174072265625,1267,154.64566192626953,125.22313776016236,141.76808700561523,3.6641167600927007,134.43985348542984,149.09632052580062,47.81943294201073
2017-05-29 19:00:00,141.7690887451172,141.7690887451172,141.7690887451172,141.7690887451172,345,154.1316455078125,125.64253660202026,141.39501037597657,3.2168646054954477,134.96128116498568,147.82873958696746,50.94668108418533
2017-05-30 19:00:00,134.80497699027075,136.96218994266667,134.80497699027075,136.6952362060547,806,153.54931427001952,126.0508173942566,141.1412353515625,3.3816440382976807,134.37794727496714,147.90452342815786,38.52825903036704
2017-05-31 19:00:00,135.13660703887552,135.13660703887552,135.13660703887552,136.6952362060547,115,152.96721557617187,126.44894214630126,140.59737243652344,3.160320505946462,134.27673142463053,146.91801344841636,46.39455082041409
2017-06-04 19:00:00,140.1109619140625,140.1109619140625,140.1109619140625,140.1109619140625,576,152.53610473632813,126.85054958343505,140.39002532958983,3.0413132147480115,134.3073989000938,146.47265175908586,55.761968875959425
2017-06-06 19:00:00,140.1109619140625,140.1109619140625,140.1109619140625,140.1109619140625,460,152.15364349365234,127.2496998977661,140.34276809692383,3.0377595846417913,134.26724892764025,146.41828726620741,55.761968875959425
2017-06-11 19:00:00,135.96568832531673,135.96568832531673,133.10542972639348,133.12698364257812,921,151.6823403930664,127.6290005493164,139.78630447387695,3.2918624086000996,133.20257965667676,146.37002929107715,36.962436792174216
2017-06-12 19:00:00,133.12698364257812,133.12698364257812,133.12698364257812,133.12698364257812,230,151.20274658203124,128.02260974884032,139.39565200805663,3.597177854064954,132.20129629992672,146.59000771618653,30.62895553161883
2017-06-14 19:00:00,127.6750961519873,127.6750961519873,127.6750961519873,133.12698364257812,115,150.71486206054686,128.42971660614015,138.7217109680176,3.4341938162882,131.8533233354412,145.590098600594,38.0919801001661
2017-06-15 19:00:00,129.33321750131395,129.33321750131395,129.33321750131395,133.12698364257812,115,150.0694564819336,128.84974781036377,138.41396484375,3.6503284486511727,131.11330794644766,145.71462174105233,40.73083839237685
2017-06-19 19:00:00,126.84602355957031,126.84602355957031,126.84602355957031,126.84602355957031,230,149.22547485351564,129.23499982833863,137.95798263549804,4.453489283480309,129.05100406853742,146.86496120245866,24.754814689623373
2017-06-21 19:00:00,132.98106323168207,132.98106323168207,132.98106323168207,126.84602355957031,115,148.32511657714844,129.61532941818237,137.5020004272461,5.0896473328321745,127.32270576158174,147.68129509291043,26.87441623503439
2017-06-28 19:00:00,127.01183859358464,127.01183859358464,127.01183859358464,126.84602355957031,230,147.37998931884766,129.9956590080261,136.71439361572266,5.464518096159383,125.7853574234039,147.64342980804142,24.777664845635883
2017-06-29 19:00:00,120.50372140568231,124.02722527009105,120.50372140568231,122.26630401611328,230,146.46762619018554,130.36577684402465,135.53199043273926,5.909423460487464,123.71314351176434,147.35083735371418,15.233345204464314
2017-07-16 19:00:00,128.37814331054688,128.37814331054688,128.37814331054688,128.37814331054688,288,145.5533070373535,130.77669998168946,134.97851219177247,6.040313460719973,122.89788527033252,147.0591391132124,28.960284334647
2017-07-18 19:00:00,128.33832696714913,128.33832696714913,121.95954895019531,121.95954895019531,576,144.73263809204101,131.1336291885376,134.19007682800293,6.659864280854177,120.87034826629457,147.5098053897113,24.514720056850408
2017-07-19 19:00:00,128.0564422607422,128.0564422607422,128.0564422607422,128.0564422607422,1440,144.15959243774415,131.49699604034424,133.54631233215332,6.595871731925885,120.35456886830156,146.73805579600509,39.17110831684251
2017-07-20 19:00:00,134.456787109375,134.456787109375,134.456787109375,134.456787109375,288,143.5578614807129,131.87852293014527,133.33258094787598,6.487376441798371,120.35782806427925,146.30733383147273,47.582044572435976
2017-07-23 19:00:00,140.77254893307213,140.77254893307213,127.84088665097322,139.28024291992188,2304,142.88808120727538,132.26962926864624,133.32420768737794,6.479171117821298,120.36586545173535,146.28254992302053,49.12914842994941
2017-07-24 19:00:00,145.91436517301145,145.91436517301145,132.31781005859375,132.31781005859375,4032,141.9296891784668,132.61066480636597,132.86822547912598,6.192708702687608,120.48280807375076,145.2536428845012,42.87101547954945
2017-07-25 19:00:00,125.76991271972656,125.76991271972656,125.76991271972656,125.76991271972656,288,141.16234573364258,132.91217107772826,132.0456340789795,5.973660804943846,120.09831246909181,143.9929556888672,43.215805140956725
2017-07-26 19:00:00,119.48729739801811,129.83064083484066,119.48729739801811,126.0169677734375,1440,140.25469192504883,133.21464235305785,131.2580280303955,5.654065262510152,119.9498975053752,142.56615855541583,43.47336031417828
2017-07-30 19:00:00,132.31781005859375,132.31781005859375,132.31781005859375,132.31781005859375,288,139.58481216430664,133.55680814743042,131.03915672302247,5.515539951044407,120.00807682093365,142.07023662511128,49.33423307491918
2017-07-31 19:00:00,137.6221380256932,137.6221380256932,136.79473876953125,136.79473876953125,2016,139.1537013244629,133.93732975006102,131.04413185119628,5.520952590466903,120.00222667026247,142.0860370321301,52.810671125636546
2017-08-01 19:00:00,143.4272177896725,143.59303283691406,143.26140274243096,143.59303283691406,2304,138.70932601928712,134.3366743659973,131.21823539733887,5.866042781091616,119.48614983515564,142.95032095952212,62.73259953934276
2017-08-02 19:00:00,150.77099925858772,150.77099925858772,136.48133850097656,136.48133850097656,1728,138.13773971557617,134.68453031539917,131.03675422668456,5.62774920584825,119.78125581498807,142.29225263838106,56.610760759890965
2017-08-03 19:00:00,129.65985610032712,143.30450439453125,129.65985610032712,143.30450439453125,2016,137.8676658630371,135.08232578277588,131.54563026428224,6.2521962460840115,119.04123777211421,144.05002275645026,60.32537940604584
2017-08-07 19:00:00,136.1397705078125,136.1397705078125,136.1397705078125,136.1397705078125,1440,137.6104914855957,135.43626289367677,131.69626960754394,6.328136010277315,119.03999758698932,144.35254162809858,58.43021576610286
2017-08-08 19:00:00,129.3332165530947,130.1622772216797,129.3332165530947,130.1622772216797,576,137.08480239868163,135.75946071624756,131.54803428649902,6.3275817186120005,118.89287084927501,144.203197723723,51.08590242787072
2017-08-09 19:00:00,126.01696574495165,127.67508697509766,126.01696574495165,127.67508697509766,1152,136.65369171142578,136.06095928192138,131.275439453125,6.373250012243736,118.52893942863751,144.02193947761245,53.65357538763461
2017-08-10 19:00:00,124.35884451480564,127.67508697509766,124.35884451480564,127.67508697509766,576,136.32870071411133,136.3726220703125,131.31689262390137,6.345559757787309,118.62577310832675,144.008012139476,49.73561619331113
2017-08-14 19:00:00,127.67508697509766,127.67508697509766,127.67508697509766,127.67508697509766,1152,135.89759002685548,136.70058362960816,131.35834579467775,6.317461828094798,118.72342213848815,143.99326945086733,44.84055235728605
2017-08-15 19:00:00,132.64776611328125,132.64776611328125,132.64776611328125,132.64776611328125,288,135.7151306152344,137.03866598129272,131.64843292236327,6.231983282403022,119.18446635755723,144.1123994871693,44.965510994854384
2017-08-16 19:00:00,139.27859916352415,139.27859916352415,136.79474001590856,137.34689331054688,2880,135.5106185913086,137.40598541259766,132.40246238708497,5.942671720255172,120.51711894657463,144.28780582759532,53.95324039145459
2017-08-17 19:00:00,144.21149041206263,144.21149041206263,133.4801483154297,133.4801483154297,4896,135.2950634765625,137.76215324401855,132.6575626373291,5.869888981719638,120.91778467388983,144.3973406007684,56.32754656268729
2017-08-20 19:00:00,129.33651431640993,129.33651431640993,126.84934708350278,129.3332061767578,1440,135.06060546875,138.10535900115966,133.02624549865723,5.373138083773528,122.27996933111018,143.77252166620428,52.55780611454689
2017-08-21 19:00:00,124.35884451480564,127.67508697509766,124.35884451480564,127.67508697509766,2016,134.72898208618165,138.45256788253783,133.007177734375,5.39234509187076,122.22248755063349,143.79186791811654,46.1428357187797
2017-08-22 19:00:00,134.0571746826172,134.0571746826172,134.0571746826172,134.0571746826172,576,134.5913249206543,138.84621685028077,132.9871971130371,5.387429168923954,122.2123387751892,143.76205545088501,47.79542577482473
2017-08-23 19:00:00,140.60675048828125,140.60675048828125,140.60675048828125,140.60675048828125,288,134.47134384155274,139.27077905654906,133.05352249145508,5.47641188210847,122.10069872723814,144.006346255672,47.58545933505843
2017-08-24 19:00:00,147.57083057083423,147.57083057083423,133.57798313239115,146.45326232910156,1728,134.61477096557618,139.73685932159424,133.76029510498046,6.235939381122358,121.28841634273574,146.23217386722519,58.23114099897174
2017-08-27 19:00:00,153.7738494873047,153.7738494873047,153.7738494873047,153.7738494873047,288,134.97093460083008,140.24363771438598,135.16049194335938,7.385394490989232,120.3897029613809,149.93128092533783,58.571342551633386
2017-08-29 19:00:00,146.08682250976562,146.08682250976562,146.08682250976562,146.08682250976562,864,135.1733576965332,140.6996954536438,136.1639846801758,7.440917090855435,121.28215049846492,151.04581886188666,58.07468110775573
2017-08-30 19:00:00,151.71613026252206,151.71613026252206,138.78280587757445,145.91436767578125,2304,135.23968185424803,141.1411721229553,136.84381256103515,7.688033374893709,121.46774581124774,152.21987931082256,64.11754746948395
2017-09-04 19:00:00,138.61865234375,138.61865234375,138.61865234375,138.61865234375,288,135.09376754760743,141.53613704681396,136.93500823974608,7.698231516930892,121.5385452058843,152.33147127360786,59.029706099164706
2017-09-05 19:00:00,131.6960229426278,131.70431515193357,131.68773073332204,131.68939208984375,3744,134.93860122680664,141.91037923812866,136.33982620239257,7.616101245253061,121.10762371188645,151.5720286928987,52.972377765502785
2017-09-06 19:00:00,125.1878986594863,137.60720825195312,125.1878986594863,137.60720825195312,3168,134.93618026733398,142.3001640701294,136.3961196899414,7.6213613156672935,121.15339705860681,151.638842321276,56.761637128699554
2017-09-07 19:00:00,144.41875812744166,144.41875812744166,132.48361708498797,144.25128173828125,864,135.00257125854492,142.7380347442627,136.4434585571289,7.66931956766077,121.10481942180736,151.78209769245044,57.723726615212264
2017-09-10 19:00:00,151.2203504508626,151.2203504508626,137.04013400109548,148.0616455078125,1728,135.18917587280274,143.181852684021,137.0395523071289,8.095919298280462,120.84771371056797,153.23139090368983,57.21752989325445
2017-09-11 19:00:00,140.65980529785156,140.65980529785156,140.65980529785156,140.65980529785156,1440,135.21341781616212,143.573918800354,137.5644287109375,7.965827312673997,121.63277408558952,153.4960833362855,54.616407995314184
2017-09-12 19:00:00,133.62773058604884,140.93836975097656,133.62773058604884,140.93836975097656,6336,135.203436126709,143.95185707092284,138.22759284973145,7.644820590663767,122.93795166840391,153.517234031059,57.85257532083745
2017-09-13 19:00:00,147.5708379537467,147.5708379537467,133.89303547493006,145.90940856933594,1440,135.2771894836426,144.3407760620117,139.13930892944336,7.403600630848695,124.33210766774597,153.94651019114076,61.80873576348624
2017-09-14 19:00:00,152.3810523883975,152.4639599103465,138.615357924494,140.94003295898438,3744,135.26060836791993,144.71376747131347,139.80255622863768,6.899538604463817,126.00347901971006,153.6016334375653,54.540491124966756
2017-09-17 19:00:00,133.89302196356525,140.93670654296875,133.89302196356525,140.93670654296875,576,135.3454377746582,145.0967753982544,140.21700325012208,6.693000958596058,126.83100133292996,153.6030051673142,50.238242452901275
2017-09-18 19:00:00,133.9029577694481,134.31086446363332,133.891357421875,133.891357421875,2304,135.2893601989746,145.45090412139893,140.0442264556885,6.814489989291264,126.41524647710597,153.673206434271,41.08411863539277
2017-09-19 19:00:00,127.67508697509766,127.67508697509766,127.67508697509766,127.67508697509766,288,135.04064270019532,145.77804664611816,139.75397338867188,7.220335883969835,125.3133016207322,154.19464515661156,31.181258545491474
2017-09-20 19:00:00,127.67508697509766,127.67508697509766,127.67508697509766,127.67508697509766,288,134.791925201416,146.11930934906005,139.67106742858886,7.354559613322188,124.96194820194448,154.38018665523322,35.06884966446624
2017-09-21 19:00:00,124.52465955248077,127.67508697509766,124.52465955248077,127.67508697509766,864,134.6828872680664,146.4457229614258,139.67106742858886,7.354559613322188,124.96194820194448,154.38018665523322,35.16721495616103
2017-09-24 19:00:00,122.70072937011719,122.70072937011719,122.70072937011719,122.70072937011719,288,134.4743621826172,146.7316703414917,139.10324516296387,8.200544059489824,122.70215704398423,155.50433328194353,36.547090348567025
2017-09-25 19:00:00,128.83575439453125,128.83575439453125,128.83575439453125,128.83575439453125,2016,134.38853759765624,147.03192035675048,138.51469535827636,8.503753213251096,121.50718893177417,155.52220178477856,47.555452495394974
2017-09-26 19:00:00,122.70074577771852,130.1622772216797,122.70074577771852,130.1622772216797,864,134.3292434692383,147.3216114425659,137.70014610290528,8.483528278268551,120.73308954636818,154.66720265944238,43.077845035186
2017-09-27 19:00:00,136.6670684814453,136.6670684814453,136.6670684814453,136.6670684814453,288,134.52566436767577,147.62577503204346,136.8448070526123,7.5933003710634726,121.65820631048537,152.03140779473927,42.93003158050753
2017-09-28 19:00:00,140.93836975097656,140.93836975097656,140.93836975097656,140.93836975097656,288,134.8075112915039,147.93234268188476,136.58738441467284,7.346761110725735,121.89386219322137,151.2809066361243,43.41629361944699
2017-10-01 19:00:00,133.90959044542177,140.1092913625532,133.89302060199176,137.0052947998047,2592,135.0106967163086,148.19934246063232,136.141930770874,7.014033042502073,122.11386468586987,150.16999685587817,46.39089192295892
2017-10-02 19:00:00,139.2819061279297,139.2819061279297,139.2819061279297,139.2819061279297,288,135.35100875854494,148.46362144470214,136.17509346008302,7.027913634849485,122.11926619038405,150.23092072978199,48.42622397553353
2017-10-05 19:00:00,145.91273498535156,145.91273498535156,145.91273498535156,145.91273498535156,288,135.70170059204102,148.75623050689697,136.8862606048584,7.265726328942442,122.35480794697351,151.4177132627433,50.00306374099078
2017-10-08 19:00:00,138.6186631580936,153.206787109375,138.6186631580936,153.206787109375,18432,136.3266453552246,149.08899547576905,137.6662395477295,8.132770873392674,121.40069780094416,153.93178129451485,60.83415182157208
2017-10-09 19:00:00,160.86563110351562,160.86563110351562,160.86563110351562,160.86563110351562,2880,136.98282913208007,149.47152114868163,138.4969570159912,9.563484382545932,119.36998825089934,157.62392578108307,65.5047813241072
2017-10-10 19:00:00,168.90750122070312,168.90750122070312,168.90750122070312,168.90750122070312,576,137.67184341430664,149.8731660461426,139.53924980163575,11.583415742548773,116.3724183165382,162.7060812867333,76.8267232656054
2017-10-11 19:00:00,177.352294921875,177.352294921875,177.352294921875,177.352294921875,576,138.4332844543457,150.29489643096923,141.3738742828369,14.346444052235375,112.68098617836615,170.06676238730765,86.80225372784912
2017-10-12 19:00:00,186.2199249267578,186.2199249267578,182.39299012546283,186.2199249267578,37440,139.511326751709,150.73772079467773,143.63795204162597,17.500445579496454,108.63706088263305,178.63884320061888,88.33490414611646
2017-10-15 19:00:00,191.0151712560251,195.5302276611328,191.0151712560251,195.5302276611328,9504,140.90653305053712,151.22916885375977,146.1189929962158,21.00574330483518,104.10750638654545,188.13047960588617,89.60262407694975
2017-10-16 19:00:00,205.3065185546875,205.3065185546875,205.3065185546875,205.3065185546875,6624,142.4923240661621,151.74519760131835,149.337317276001,24.76497220210994,99.8073728717811,198.86726168022088,95.65271288438565
2017-10-17 19:00:00,215.57025146484375,215.57025146484375,215.55366704709965,215.57025146484375,22176,144.1573728942871,152.2870238876343,153.06899452209473,28.737007246707975,95.59498002867878,210.54300901551068,95.8424439186883
2017-10-18 19:00:00,204.7941250055133,223.75828766789363,204.7941250055133,212.8545379638672,33696,145.67856887817382,152.7884728240967,157.01715354919435,31.275740026807473,94.46567349557941,219.56863360280929,93.07344546551387
2017-10-19 19:00:00,217.79422583824794,223.4962282290434,212.6979739932267,222.43954467773438,20736,147.25549911499024,153.3097130203247,161.75537643432617,33.6822486733838,94.39087908755856,229.11987378109376,93.28880096046994
2017-10-22 19:00:00,219.50430935626494,229.7121124267578,219.50430935626494,229.7121124267578,2304,149.12011459350586,153.8377734375,166.85722770690919,35.902981658313465,95.05126439028226,238.66319102353611,93.48613451897988
2017-10-23 19:00:00,238.05158392171037,241.19610595703125,238.05158392171037,241.19610595703125,4032,151.07794662475587,154.42734897613525,172.53327865600585,38.27747401802482,95.97833061995621,249.08822669205549,97.52266187355787
2017-10-24 19:00:00,252.68522534582505,252.73628283631572,252.68522534582505,252.7107391357422,1152,153.40936599731447,155.04386585235596,179.0337791442871,40.35249121344822,98.32879671739067,259.73876157118355,97.71520481214374
2017-10-25 19:00:00,255.2375921757238,265.3450012207031,255.2375921757238,265.3450012207031,2592,156.11302047729492,155.69120212554932,185.8592414855957,42.88061397316216,100.09801353927138,271.62046943192,97.82505752427544
2017-10-26 19:00:00,278.54757667943727,278.54757667943727,278.3791198730469,278.3791198730469,1152,159.1271011352539,156.36974376678467,193.27008361816405,45.47732719425162,102.31542922966081,284.2247380066673,97.92064676709917
2017-10-29 19:00:00,290.9691467285156,290.9691467285156,290.9674418211818,290.9691467285156,864,162.39298233032227,157.07571407318116,200.98518753051758,48.36609704743266,104.25299343565226,297.7173816253829,97.99630010657008
2017-10-30 19:00:00,281.1016446383838,281.612129774338,276.42230224609375,276.42230224609375,4896,165.36792663574218,157.67577915191652,207.75938415527344,48.99712702714862,109.7651301009762,305.7536382095707,87.84668539031327
2017-10-31 19:00:00,262.6020202636719,262.6020202636719,262.6020202636719,262.6020202636719,288,167.96701171875,158.24095394134523,214.0392204284668,47.47658557747474,119.08604927351732,308.9923915834163,78.91479529689218
2017-11-01 19:00:00,249.47262573242188,249.47262573242188,249.47262573242188,249.47262573242188,864,170.2095263671875,158.72661556243895,219.54875640869142,44.65438495558358,130.23998649752426,308.8575263198586,70.8510947590695
2017-11-02 19:00:00,237.00170490729084,237.00170490729084,237.0,237.0,4608,172.2799234008789,159.18334690093994,224.10311965942384,41.26531969360919,141.57248027220544,306.63375904664224,63.39121292298711
2017-11-05 19:00:00,237.0306233103474,246.729661211332,237.0306233103474,246.6394805908203,1440,174.62604888916016,159.657717628479,228.7747543334961,37.97424318453284,152.82626796443043,304.7232407025618,63.35883818221362
2017-11-06 19:00:00,250.64331002821027,250.96659933286895,250.64331002821027,250.80496215820312,1728,177.08864639282226,160.11497798919677,233.27172088623047,34.69267072507386,163.88637943608273,302.6570623363782,61.85520190082288
2017-11-07 19:00:00,238.26597930997377,246.71264323113857,238.26597930997377,240.8574981689453,7776,179.22465286254882,160.51579319000246,236.86922073364258,31.224145329433057,174.42093007477646,299.31751139250866,58.98474279537212
2017-11-08 19:00:00,229.03318727155,234.47825723898484,228.81537789250882,230.62586975097656,10368,181.02503524780275,160.9055828475952,239.53289947509765,27.983838441212004,183.56522259267365,295.50057635752165,52.615726743854395
2017-11-09 19:00:00,222.90748762361704,229.7138214111328,222.90748762361704,229.7138214111328,4032,182.69024642944336,161.32897937774658,241.7075942993164,25.171374877697286,191.36484454392183,292.050344054711,50.00056919743366
2017-11-12 19:00:00,218.5071982759567,241.19951417626788,218.48337444001407,236.52015686035156,6624,184.3451725769043,161.7994710922241,243.75709075927733,22.76760828596059,198.22187418735615,289.2923073311985,48.392532873178254
2017-11-13 19:00:00,239.58300804005344,239.91992164744653,239.58300804005344,239.75146484375,576,186.21846542358398,162.32089557647706,245.47933807373047,20.934976492473325,203.60938508878382,287.3492910586771,45.27589989679611
2017-11-16 19:00:00,231.4154218480408,241.45306396484375,231.4154218480408,241.45306396484375,576,188.12923934936524,162.86760822296142,246.77347869873046,19.755549515255172,207.26237966822012,286.2845777292408,40.536245303728485
2017-11-19 19:00:00,241.28290039830128,241.28290039830128,235.49921157831344,240.60397338867188,1728,190.16894577026366,163.37705394744873,248.16095046997071,18.157816488861382,211.84531749224794,284.4765834476935,33.438288821912664
2017-11-20 19:00:00,230.5646209716797,230.5646209716797,230.5646209716797,230.5646209716797,576,192.14645034790038,163.85460857391357,248.56720428466798,17.635429270982304,213.29634574270338,283.8380628266326,22.91105231961292
2017-11-21 19:00:00,237.8814239501953,238.22004246929612,237.8814239501953,237.8814239501953,864,194.15193466186523,164.36694812774658,248.97566986083984,17.266477219277252,214.44271542228535,283.50862429939434,31.51745221296791
2017-11-22 19:00:00,243.83698205474155,244.16027136718523,233.2888550403383,234.30810546875,1728,195.95307113647462,164.85741680145264,248.6312698364258,17.496972789056855,213.63732425831208,283.6252154145395,34.95259540483147
2017-11-23 19:00:00,229.71383037680954,238.22004677476332,229.71383037680954,238.0515899658203,864,197.75287002563476,165.40065227508546,247.8983123779297,17.62366844917139,212.65097547958692,283.1456492762725,43.2523732432699
2017-11-26 19:00:00,236.52015686035156,236.52015686035156,236.52015686035156,236.52015686035156,288,199.67007705688476,165.96858047485352,246.45707015991212,17.297416891586963,211.8622363767382,281.051903943086,49.67441255626367
2017-11-27 19:00:00,229.03319019331695,236.52015588580323,229.03319019331695,236.3448944091797,1728,201.57820755004883,166.50492401123046,244.35535888671876,15.693959659882438,212.96743956695389,275.74327820648364,41.98548166985981
2017-11-28 19:00:00,243.7518929053828,244.16026306152344,243.7518929053828,244.16026306152344,576,203.54322463989257,167.04807739257814,242.01491470336913,11.232814457809305,219.54928578775053,264.4805436189877,45.10515772253324
2017-11-29 19:00:00,256.0032877985345,256.36063038777183,255.06741333007812,255.06741333007812,1152,205.82577224731446,167.6118911743164,240.94717025756836,8.463681328824865,224.01980759991864,257.8745329152181,60.32184490005469
2017-12-04 19:00:00,267.48899443254044,267.81911834508145,258.9810877388003,266.88494873046875,2304,208.34473709106445,168.19921768188476,241.16131668090821,9.072696983668548,223.01592271357111,259.3067106482453,75.74484008952447
2017-12-05 19:00:00,266.29786696703286,266.40847656316663,257.9601227890264,265.2684020996094,3456,210.97227798461915,168.74111236572264,241.95110549926758,10.421539340470614,221.10802681832635,262.7941841802088,74.99457760101913
2017-12-06 19:00:00,255.4077435159362,255.4077435159362,255.23758179801789,255.3226776123047,2592,213.5252297973633,169.20111099243164,242.86723937988282,10.763145283888154,221.34094881210652,264.39352994765915,62.65924711997048
2017-12-07 19:00:00,255.23758179801789,255.23758179801789,255.23758179801789,255.3226776123047,2304,216.07818161010744,169.67260864257813,243.30139923095703,11.093380847490877,221.11463753597528,265.4881609259388,60.96059951920402
2017-12-10 19:00:00,255.23757987337677,266.2978820800781,255.23757987337677,266.2978820800781,6336,218.85063751220704,170.1567997741699,244.07604522705077,12.136790767101392,219.802463692848,268.34962676125355,65.46879013907025
2017-12-11 19:00:00,252.98299411357112,263.38816281831004,252.98299411357112,261.17779541015625,2880,221.6201788330078,170.60875801086425,245.09206008911133,12.691060265368495,219.70993955837434,270.4741806198483,62.16273704386331
2017-12-12 19:00:00,270.3306242367084,270.7049560546875,270.3306242367084,270.7049560546875,1152,224.45756286621094,171.11835876464843,247.09601440429688,13.429406698934446,220.237201006428,273.95482780216577,73.87455985699788
2017-12-13 19:00:00,257.1705890066507,267.6591491699219,257.1705890066507,267.6591491699219,864,227.20750030517578,171.61273048400878,248.99328079223633,13.52451926302713,221.94424226618207,276.0423193182906,68.6591061855266
2017-12-14 19:00:00,270.892165912908,271.2154701920611,270.892165912908,271.0538330078125,864,229.89523559570313,172.12401756286621,250.71996459960937,14.042792136231947,222.63438032714546,278.80554887207325,73.07700858504492
2017-12-17 19:00:00,258.84494095920707,273.52960620742857,258.84494095920707,268.208740234375,864,232.4406430053711,172.65996208190919,252.14282836914063,14.31204621220016,223.5187359447403,280.766920793541,69.15541033662667
2017-12-18 19:00:00,255.4332986026916,270.5518493652344,255.43159369526433,270.5518493652344,1440,235.11157409667967,173.2085341644287,253.59776763916017,14.643379488875603,224.31100866140895,282.8845266169114,71.39584746339933
2017-12-19 19:00:00,257.44964599609375,257.44964599609375,257.44964599609375,257.44964599609375,576,237.47492889404296,173.73180458068848,254.44005126953124,14.337936682327074,225.7641779048771,283.1159246341854,61.41344324928724
2017-12-21 19:00:00,269.7997172118947,269.8014221191406,269.7997172118947,269.8014221191406,864,239.95270263671875,174.32097915649413,256.4018913269043,13.56254779681967,229.27679573326498,283.52698692054366,63.21817146080853
2017-12-25 19:00:00,256.31298828125,256.31298828125,256.31298828125,256.31298828125,576,242.01482666015625,174.8419654083252,257.323469543457,12.845079778479638,231.63330998649772,283.01362910041627,50.625455893981275
2017-12-27 19:00:00,268.85023250576444,269.1275939941406,268.85023250576444,269.1275939941406,3744,244.18006591796876,175.39114295959473,259.06444396972654,11.885276046418936,235.29389187688867,282.8349960625644,51.11496250028827
2017-12-28 19:00:00,282.583740234375,282.583740234375,282.583740234375,282.583740234375,1728,246.45359069824218,175.96778160095215,261.2910514831543,11.912836045538505,237.4653793920773,285.11672357423134,57.70186498968902
2017-12-31 19:00:00,296.7120056152344,296.7120056152344,278.2089745198299,296.7120056152344,23961,248.84078491210937,176.58917015075684,264.30064392089844,12.888778123248164,238.52308767440212,290.07820016739475,67.74955565434993
2018-01-04 19:00:00,355.0184631347656,355.0184631347656,355.0184631347656,355.0184631347656,57,252.21675567626954,177.4844485473633,270.23432235717775,22.826945556271408,224.58043124463492,315.88821346972054,78.5009539631325
2018-01-08 19:00:00,391.0648193359375,391.0648193359375,391.0648193359375,391.0648193359375,201,256.1274475097656,178.55434600830077,277.5795501708984,34.596489344579254,208.3865714817399,346.7725288600569,81.19638502016673
2018-01-09 19:00:00,410.6126403808594,410.6126403808594,410.6126403808594,410.6126403808594,86,260.23356994628904,179.70622215270996,285.3568115234375,45.14463034292049,195.0675508375965,375.6460722092785,84.84988237665348
2018-01-10 19:00:00,431.1405133735649,431.1405133735649,390.0847008862212,412.9880065917969,20246,264.18192504882813,180.83411827087403,292.6619644165039,53.11552572652295,186.430912963458,398.8930158695498,84.32707150494306
2018-01-11 19:00:00,418.52156989422735,432.88293126642986,408.37333355337876,427.2608947753906,20880,268.4700521850586,181.99710762023926,300.76158905029297,60.54937472147684,179.6628396073393,421.8603384932467,86.52661780461605
2018-01-14 19:00:00,434.8567710461401,448.61920166015625,434.8567710461401,448.61920166015625,1526,272.993645324707,183.3155541229248,310.42641525268556,67.8959383436169,174.63453856545175,446.21829193991937,87.55027710652719
2018-01-15 19:00:00,469.63713957674975,471.0460510253906,469.63713957674975,471.0460510253906,1526,277.8203240966797,184.71323783874513,321.2125839233398,75.40163589933597,170.40931212466788,472.0158557220118,89.61378636409096
2018-01-16 19:00:00,494.59600830078125,494.59600830078125,494.59600830078125,494.59600830078125,921,282.88832214355466,186.19134712219238,332.627490234375,83.49689968342783,165.63369086751933,499.6212896012306,90.40829808226947
2018-01-17 19:00:00,519.3234252929688,519.3234252929688,519.3234252929688,519.3234252929688,7516,288.2205758666992,187.84283699035643,345.53477172851564,91.44491233400188,162.64494706051187,528.4245963965194,95.33030859398855
2018-01-18 19:00:00,544.5068499664085,545.2896118164062,538.3811477547331,545.2896118164062,6451,293.8194680786133,189.63244842529298,359.2640045166016,99.84565088424254,159.57270274811648,558.9553062850866,95.54049847772842
2018-01-21 19:00:00,572.5489501953125,572.5489501953125,572.5489501953125,572.5489501953125,1497,299.7028646850586,191.54757873535155,374.5084945678711,108.0606688761072,158.38715681565668,590.6298323200855,100.0
2018-01-22 19:00:00,601.1763916015625,601.1763916015625,601.1763916015625,601.1763916015625,86,305.90700958251955,193.6414958190918,391.0146224975586,116.32338733114211,158.36784783527438,623.6613971598429,100.0
2018-01-23 19:00:00,631.233154296875,631.233154296875,631.233154296875,631.233154296875,172,313.00322662353517,195.86497032165528,409.1658432006836,124.20818695042784,160.7494692998279,657.5822171015393,100.0
2018-01-25 19:00:00,679.9461284290471,691.0336494739648,658.8533136744564,689.46142578125,3110,321.54041473388673,198.40445785522462,430.1113220214844,134.49776227276612,161.11579747595215,699.1068465670166,100.0
2018-01-28 19:00:00,721.2674194019168,721.4580101035757,680.6336134151021,706.1505737304688,4492,330.67397369384764,201.0249040222168,452.54636840820314,141.42550597397891,169.6953564602453,735.397380356161,100.0
2018-01-29 19:00:00,738.4873877631389,738.4873877631389,670.846000866822,672.3706665039062,3052,339.38138702392575,203.51830154418946,472.6748306274414,142.6896167566019,187.29559711423758,758.0540641406452,90.317216354973
2018-01-30 19:00:00,643.1986940449646,643.1986940449646,638.754150390625,638.754150390625,691,347.2236804199219,205.81295783996583,491.79688873291013,137.70736313657792,216.38216245975428,767.211615006066,81.43013410066551
2018-01-31 19:00:00,606.81884765625,606.81884765625,606.81884765625,606.81884765625,662,354.3439581298828,207.9350872039795,508.68145141601565,129.4217313676218,249.83798868077207,767.5249141512593,74.69218590132704
2018-02-01 19:00:00,576.4830322265625,576.4830322265625,576.4830322265625,576.4830322265625,403,361.05646881103513,209.93869995117188,523.376416015625,118.63427793473454,286.1078601461559,760.644971885094,68.26208545323611
2018-02-07 19:00:00,494.269287109375,494.269287109375,494.269287109375,494.269287109375,547,366.32933715820315,211.49808151245117,533.254280090332,106.35758260110373,320.5391148881246,745.9694452925395,54.86246851293685
2018-02-08 19:00:00,469.5622863769531,469.5622863769531,469.5622863769531,469.5622863769531,720,371.12630645751955,212.93392807006836,538.9814712524415,99.09044815708882,340.8005749382638,737.1623675666191,49.84271917900835
2018-02-11 19:00:00,446.0872497558594,446.0872497558594,446.0872497558594,446.0872497558594,403,375.31764831542966,214.25239944458008,541.7325927734375,95.4650799987766,350.8024327758843,732.6627527709908,44.857196934769206
2018-02-12 19:00:00,423.7828818771173,468.3916015625,423.7828818771173,468.3916015625,10569,379.8904510498047,215.682392578125,544.6215408325195,92.10337074319006,360.4147993461394,728.8282823188996,44.57242268014416
2018-02-14 19:00:00,477.80475163884853,478.48539848181565,462.83082020011256,464.6481018066406,2448,384.35435180664064,217.09827774047852,547.2045455932617,88.88564873918651,369.4332481148887,724.9758430716347,40.979134575410185
2018-02-15 19:00:00,468.95652071785946,468.95652071785946,441.7992322114517,451.45062255859375,3081,388.57128479003904,218.4601471710205,548.4140319824219,87.31840999059686,373.7772120012281,723.0508519636156,36.0134612526897
2018-02-18 19:00:00,439.68927057543914,454.32287840552846,439.68927057543914,447.0196838378906,1785,392.90038604736327,219.79240036010742,548.3340560913086,87.41530261560398,373.50345086010066,723.1646613225166,31.141239058525244
2018-02-19 19:00:00,443.84114101500245,443.8751793390394,425.49125400848123,437.8515625,2620,396.89978881835935,221.09705223083495,546.6743316650391,89.25572942124039,368.16287282255826,725.1857905075199,25.068455509309146
2018-02-20 19:00:00,453.98259913153663,458.74700747811926,439.6892843598249,441.1458435058594,4060,401.0365435791016,222.39869262695314,544.001823425293,91.66483097009213,360.67216148510875,727.3314853654772,12.703185876063444
2018-02-21 19:00:00,442.4118203400442,452.55326725237245,439.0767224700089,449.34747314453125,921,405.2624612426758,223.7255889892578,540.503025817871,93.96303150357012,352.57696281073083,728.4290888250113,10.419199970498752
2018-02-22 19:00:00,462.1433608036726,471.67902638858357,450.5861837664437,454.3296813964844,3801,409.61865173339845,225.12336776733397,535.955029296875,95.90050297152091,344.15402335383317,727.7560352399167,13.119652626900674
2018-02-25 19:00:00,452.6213111395869,452.6213111395869,442.41181755116133,452.51922607421875,2188,413.9421383666992,226.50590950012207,529.9535430908203,97.23635999938841,335.48082309204347,724.4262630895971,14.701474770233062
2018-02-26 19:00:00,445.81498589629746,457.37213379491544,445.1343390414932,457.1271057128906,2476,418.20147521972655,227.91688781738281,522.7510787963868,97.01784165964101,328.7153954771047,716.7867621156688,18.349009237514963
2018-02-27 19:00:00,462.82400603023405,462.82400603023405,445.81498340173835,452.3082275390625,4291,422.14629150390624,229.3410794067383,513.8048324584961,94.71005574444781,324.3847209696005,703.2249439473917,20.5684844609618
2018-02-28 19:00:00,474.9120640412784,474.9188537597656,469.6371407217661,474.9188537597656,8208,426.30696960449217,230.8866146850586,503.07770385742185,85.46632249154143,332.145058874339,674.0103488405048,43.607489845277215
2018-03-01 19:00:00,498.65936279296875,498.65936279296875,487.33363369267784,498.65936279296875,14227,430.9747888183594,232.55091064453126,492.70314331054686,70.86445714876955,350.97422901300774,634.432057608086,59.674137477944214
2018-03-04 19:00:00,523.5910034179688,523.5910034179688,523.5910034179688,523.5910034179688,1526,436.3401553344727,234.36053314208985,485.26416015625,57.573991778537646,370.1161765991747,600.4121437133253,75.5211005763153
2018-03-05 19:00:00,541.103661286115,541.103661286115,497.41382622088963,517.4652709960938,16963,441.58300720214845,236.15168937683106,479.19971618652346,45.72383397892848,387.75204822866647,570.6473841443805,68.08649054288063
2018-03-06 19:00:00,505.710716147862,520.6846470636655,505.710716147862,511.6390075683594,8323,446.48982971191407,237.92642372131348,474.4407241821289,35.5671460548327,403.3064320724635,545.5750162917943,67.05700578817914
2018-03-07 19:00:00,497.54311599220097,509.1139028258728,497.54311599220097,509.0798645019531,1036,451.44787109375,239.68628967285156,471.07056579589846,27.716130351272724,415.638305093353,526.5028264984439,72.66934528346961
2018-03-08 19:00:00,534.5219651773907,534.5219651773907,510.47517374025955,513.5380249023438,3196,456.3045324707031,241.4663737487793,472.03400268554685,28.875626173111737,414.2827503393234,529.7852550317704,76.16040607041278
2018-03-11 19:00:00,511.1557889646472,511.1557889646472,487.8645122270357,488.089111328125,8928,460.7131317138672,243.07983299255372,472.9603439331055,29.088548045736104,414.7832478416333,531.1374400245777,67.51458569973695
2018-03-12 19:00:00,486.6529634594718,494.82057572517954,466.3020243966149,484.33880615234375,4435,464.9788311767578,244.6563014984131,474.8729217529297,28.479795288895655,417.9133311751384,531.832512330721,65.0108635037817
2018-03-13 19:00:00,476.4435051703524,482.569207336956,476.4435051703524,479.8466796875,1929,469.21158996582034,246.19621520996094,475.4456756591797,28.457767296089266,418.5301410670012,532.3612102513582,60.87991872595178
2018-03-14 19:00:00,488.6949005118935,491.4106383926716,476.4434964041041,483.2362060546875,748,473.46527709960935,247.74188430786134,476.37508087158204,28.390023036136128,419.5950347993098,533.1551269438543,60.43028480177031
2018-03-15 19:00:00,476.4435040760041,487.33364455946963,476.4435040760041,481.9702453613281,1814,477.95568908691405,249.31231323242187,477.90106201171875,27.793770247196353,422.313521517326,533.4886025061114,60.66867499847993
2018-03-18 19:00:00,502.6478838275308,502.6478838275308,481.88175419613776,488.762939453125,1526,482.33491943359377,250.88565742492676,479.9882247924805,26.90585489080298,426.17651501087454,533.7999345740865,61.281551065129705
2018-03-19 19:00:00,493.4593356060571,494.8205993970214,488.6948973823549,489.3346862792969,2217,486.9953533935547,252.51736587524414,482.5623809814453,25.061931660088767,432.4385176612678,532.6862443016229,63.616338218734
2018-03-20 19:00:00,481.2079323255059,483.24302334125025,480.5272854736375,481.6163024902344,4867,491.24512756347656,254.14190376281738,484.5859039306641,23.098849980132673,438.3882039703987,530.7836038909294,52.765915400510885
2018-03-21 19:00:00,479.9147204598267,481.8817647580436,476.3890319431913,476.46392822265625,2937,495.1227313232422,255.70150672912598,485.9417266845703,21.673455649493913,442.5948153855825,529.2886379835581,39.17115969985963
2018-03-25 19:00:00,475.0822313468858,476.44349514296425,469.6371462519177,471.9036560058594,1065,498.6265643310547,257.1971787261963,486.82042541503904,20.656767347755856,445.50689071952735,528.1339601105508,18.52616094428336
2018-03-26 19:00:00,468.2758550705818,468.2758550705818,456.02445171169654,456.3511657714844,2678,500.65321838378907,258.5777474975586,487.0120223999023,20.33716849675467,446.337685406393,527.6863593934116,16.618309074524703
2018-03-27 19:00:00,462.83081811464524,462.83081811464524,456.02446935825907,460.1014709472656,921,502.0339514160156,260.05756942749025,487.1607406616211,20.116810486061837,446.92711968949743,527.3943616337448,21.195979947494536
2018-03-28 19:00:00,463.5114413768568,463.5114413768568,456.02447558892976,461.4899597167969,1353,503.0514978027344,261.5080209350586,487.6198272705078,19.370502984503155,448.8788213015015,526.3608332395141,23.049630436646083
2018-03-29 19:00:00,462.8308477438693,466.23402233992476,449.21817927030327,451.56634521484375,3772,503.8230645751953,262.9367936706543,486.4522018432617,20.8255703011956,444.8010612408705,528.103342445653,16.950976422384215
2018-04-01 19:00:00,447.85689361964023,461.8098549452845,447.85689361964023,461.36065673828125,1872,504.50505981445315,264.4518455505371,484.58726654052737,21.338616307760113,441.91003392500716,527.2644991560476,32.88888298441819
2018-04-02 19:00:00,462.8308378016587,462.8308378016587,460.1083101475601,461.4695739746094,748,504.7620672607422,265.9301344299316,481.4811950683594,19.830302426270517,441.82059021581836,521.1417999209004,34.64352680080903
2018-04-03 19:00:00,468.956540955411,468.956540955411,458.4067238408153,461.2109375,1152,504.5653649902344,267.41088584899904,478.66847839355466,18.395335666941985,441.8778070596707,515.4591497274387,36.73191895436425
2018-04-04 19:00:00,462.8308143863294,462.8308143863294,456.03128531380327,458.338623046875,316,503.84021728515626,268.918537979126,476.00345916748046,17.188704654867944,441.6260498577446,510.3808684772163,32.142159828461914
2018-04-05 19:00:00,469.63715883403717,469.63715883403717,456.02449059789967,463.620361328125,921,502.72615600585937,270.4916473388672,473.73048400878906,15.508137061660122,442.7142098854688,504.74675813210933,37.55539945766793
2018-04-08 19:00:00,475.07539567242884,481.20109750321893,464.879511938659,474.8235778808594,6969,501.31683532714845,272.08353157043456,471.79476165771484,12.378160115711617,447.0384414262916,496.55108188913806,41.080157023137524
2018-04-09 19:00:00,471.0324682919454,475.4225748783691,456.09936403629973,464.7502136230469,2620,499.1608605957031,273.66112953186035,470.62781677246096,11.850033816697128,446.9277491390667,494.32788440585523,35.9739196082091
2018-04-10 19:00:00,471.67905433788627,471.67905433788627,458.7470034794427,462.8240051269531,4204,496.39381286621096,275.255626373291,469.5520767211914,11.511565445113876,446.5289458309636,492.57520761141916,38.51975698170502
2018-04-11 19:00:00,456.70511993410673,462.83082190070235,454.6700289374993,459.9993896484375,2073,492.96913757324216,276.80947021484377,468.5597122192383,11.432607739837763,445.69449673956274,491.42492769891385,39.64735257297378
2018-04-12 19:00:00,456.7051090226247,456.7051090226247,454.11870491081737,454.5815124511719,1324,488.27153930664065,278.3735240936279,467.1269775390625,11.291174707208553,444.54462812464544,489.7093269534796,39.22431926322935
2018-04-15 19:00:00,450.64747797773424,466.23401003784363,431.8551817344626,437.3410949707031,7574,482.8953497314453,279.82236709594724,464.89552001953126,12.54383901323378,439.8078419930637,489.98319804599885,38.41753704063183
2018-04-16 19:00:00,440.36990968282714,459.20306396484375,440.36990968282714,459.20306396484375,6163,478.6319976806641,281.3970928955078,463.4175262451172,11.259314460247289,440.8988973246226,485.93615516561175,49.551584328924065
2018-04-17 19:00:00,482.16082763671875,482.16082763671875,473.0403213073826,482.16082763671875,8668,475.50013122558596,283.1026165008545,463.05883331298827,10.477318938414422,442.10419543615944,484.0134711898171,58.48941391042475
2018-04-18 19:00:00,481.8885655881412,506.2688903808594,469.63716112479307,506.2688903808594,23644,473.48913208007815,284.9126796722412,464.29146270751954,13.722919544490942,436.8456236185377,491.7373017965014,70.12167345623786
2018-04-19 19:00:00,517.2814995389258,531.5816040039062,517.2814995389258,531.5816040039062,5731,472.591103515625,286.8658875274658,467.047346496582,20.2691731006017,426.5090002953786,507.5856926977854,73.18321571453271
2018-04-22 19:00:00,558.1602783203125,558.1602783203125,558.1602783203125,558.1602783203125,403,473.8689233398438,288.9236598968506,471.3601776123047,28.75661987335477,413.8469378655952,528.8734173590143,77.17289339302226
2018-04-23 19:00:00,586.0663452148438,586.0663452148438,544.5068644201522,586.0663452148438,22464,476.1990045166016,291.15758209228517,477.84593658447267,38.25321011984997,401.33951634477273,554.3523568241726,80.36883862330414
2018-04-24 19:00:00,566.2871395895561,615.2927580138572,566.2871395895561,604.7905883789062,13161,479.3730712890625,293.50170669555666,485.0803924560547,47.32651706262342,390.42735833080786,579.7334265813015,83.07153716064884
2018-04-25 19:00:00,592.1512202681329,607.3293221490541,575.8159948014152,588.2035522460938,5040,481.76931030273437,295.76289611816406,491.4160720825195,52.22987951555037,386.95631305141876,595.8758311136203,76.76650001403124
2018-04-26 19:00:00,595.4863085918662,595.4863085918662,558.8001733924336,574.93798828125,10656,483.97510803222656,297.9245952606201,497.5846542358398,54.51128690869699,388.5620804184458,606.6072280532338,71.3204827865263
2018-04-29 19:00:00,546.5487869115518,549.9519016095587,546.19482421875,546.19482421875,14774,485.8699920654297,299.925997543335,501.8263626098633,54.84382440927017,392.13871379132297,611.5140114284036,66.0669174093847
2018-05-01 19:00:00,518.8878173828125,520.6846700291435,518.8878173828125,518.8878173828125,5673,487.30735473632814,301.8231980895996,504.69727478027346,54.11811475937896,396.46104526151555,612.9335042990314,60.053217343223956
2018-05-02 19:00:00,492.9488525390625,510.4751500931866,492.9488525390625,492.9488525390625,11980,488.4093005371094,303.599301071167,506.28417053222654,53.233960119274485,399.81625029367757,612.7520907707756,55.45612102020137
2018-05-03 19:00:00,483.24981243628446,517.5946016814125,476.443493479654,517.4380493164062,23328,489.9351446533203,305.4818326568604,509.2391418457031,52.059799658218076,405.11954252926694,613.3587411621393,59.79010212838206
2018-05-06 19:00:00,524.0878413991834,530.894190209072,493.45933157599285,495.6918029785156,7833,490.86203125,307.2666345977783,510.8427139282227,51.0651083136529,408.7124973009169,612.9729305555285,58.96250798501301
2018-05-07 19:00:00,490.73680318221886,490.73680318221886,472.3596973195392,478.50579833984375,1641,491.3455535888672,308.9619250488281,511.0268249511719,50.93488126773811,409.15706241569563,612.8965874866481,53.00805544342603
2018-05-08 19:00:00,477.1241247810619,496.8557054966339,465.0156634012822,483.603759765625,1324,491.9672442626953,310.67275657653806,511.9695022583008,50.20254103626621,411.56442018576837,612.3745843308332,50.23811475880417
2018-05-09 19:00:00,481.2079293973182,493.4593333711642,479.91471235089926,492.7786865234375,777,492.68027587890623,312.42554130554197,513.467236328125,49.093761409253666,415.27971350961764,611.6547591466323,47.65842041547071
2018-05-10 19:00:00,492.7786865234375,500.2656522951596,477.1241081322667,492.7786865234375,1238,493.48968505859375,314.1805892944336,515.106201171875,47.743410747421585,419.6193796770318,610.5930226667182,42.61586154108829
2018-05-13 19:00:00,476.443490760427,483.2498096782115,468.2758781484314,469.0654296875,2851,493.37261657714845,315.8424402618408,515.8303970336914,46.87904796688927,422.07230109991286,609.58849296747,32.85843995163776
2018-05-14 19:00:00,462.83081201553216,476.3005364252128,462.83081201553216,472.6999816894531,316,492.85342895507813,317.5224639892578,517.5983413696289,44.362387621004125,428.8735661276206,606.3231166116371,25.941754107004982
2018-05-15 19:00:00,473.04031039729716,473.04031039729716,465.47165873095395,465.5533447265625,230,491.69267578125,319.1496759033203,517.9158554077148,43.943183545643116,430.0294883164286,605.8022224990011,18.924491815319698
2018-05-16 19:00:00,456.02446845084427,456.02446845084427,456.02446845084427,465.5533447265625,28,490.65443725585936,320.7768878173828,517.085481262207,44.80289247705123,427.4796963081046,606.6912662163095,20.437680985443478
2018-05-17 19:00:00,443.19454556230863,453.98939057280137,443.19454556230863,453.68310546875,460,489.49531921386716,322.37966842651366,514.4561920166016,46.96206962797534,420.5320527606509,608.3803312725522,20.576081647137514
2018-05-20 19:00:00,439.00863582437773,475.7288396163107,439.00863582437773,469.63714599609375,748,488.70646484375,324.0622192382813,511.3589691162109,47.80822162704517,415.7425258621206,606.9754123703012,30.192988406862654
2018-05-21 19:00:00,483.14772827547665,483.2498133390541,473.7209667819704,479.6220397949219,662,488.02814514160156,325.794694519043,507.4320571899414,46.98003632096566,413.4719845480101,601.3921298318727,38.84095005447433
2018-05-22 19:00:00,489.9880789600219,489.9880789600219,473.0403135487761,473.1696472167969,1612,487.729755859375,327.4949078369141,501.78722229003904,43.702722247323464,414.3817777953921,589.192666784686,43.67875955927604
2018-05-23 19:00:00,462.9125046120855,469.6371678144961,462.8988952636719,462.8988952636719,662,487.30095764160154,329.1751721954346,494.69263763427733,37.12324894273734,420.44613974880264,568.939135519752,30.827383704650956
2018-05-24 19:00:00,475.72884348906763,475.72884348906763,452.6213073730469,452.6213073730469,316,486.7564501953125,330.80404861450194,487.913525390625,31.027284301499122,425.85895678762677,549.9680939936233,33.53111544161406
2018-05-27 19:00:00,449.2385676351033,449.2385676351033,447.2102962027061,447.7411804199219,3571,486.0465496826172,332.4085243988037,481.5536849975586,24.626434036719417,432.3008169241198,530.8065530709974,37.014476721134606
2018-05-28 19:00:00,449.2181396484375,462.8308069213413,447.85687591221244,449.2181396484375,4464,485.3915075683594,334.04328357696534,476.704850769043,20.416261010891557,435.87232874725987,517.5373727908261,35.02842710442158
2018-05-29 19:00:00,449.2249727399047,456.0177126403397,449.21818302098046,451.4642639160156,576,484.64553405761717,335.65871417999267,473.33367309570315,18.567144629091665,436.1993838375198,510.4679623538865,30.856567536267136
2018-05-30 19:00:00,451.47106733870277,451.47106733870277,442.4118178903566,447.8569030761719,3542,483.8159783935547,337.2882009506226,471.0790756225586,18.79625478455088,433.48656605345684,508.67158519166037,29.85839823038154
2018-05-31 19:00:00,445.82176940305527,449.21815408986254,439.00863087398,439.35577392578125,3312,482.9707678222656,338.84469760894774,467.17496185302736,16.646567572038414,433.88182670895054,500.46809699710417,34.5748736393453
2018-06-03 19:00:00,421.99277806813825,435.6122650627897,421.99277806813825,432.2023010253906,892,482.0855352783203,340.3334251785278,464.00048675537107,16.972713335410194,430.0550600845507,497.94591342619145,29.714994811917492
2018-06-04 19:00:00,441.05054241021645,441.05054241021645,434.2510132147256,440.02960205078125,547,481.44805419921875,341.8371719741821,462.076676940918,17.416817835324412,427.24304127026915,496.91031261156684,37.30192131691921
2018-06-05 19:00:00,442.4118138695808,453.9689618315732,435.6054948374883,452.6213073730469,1267,481.37345703125,343.4386894607544,460.5275543212891,16.767070527766695,426.9934132657557,494.06169537682246,44.28261996450494
2018-06-06 19:00:00,442.5138690125592,449.2181324374644,435.9457588786788,437.97406005859375,1929,480.93090881347655,344.99971019744874,457.7873229980469,15.660721312651857,426.4658803727432,489.10876562335056,43.22132686343256
2018-06-10 19:00:00,449.116047124215,449.15008544921875,449.116047124215,449.15008544921875,86,480.684111328125,346.6153757858276,455.60589294433595,13.40647773150732,428.7929374813213,482.4188484073506,40.77932630790117
2018-06-11 19:00:00,428.80598573009934,452.2742155371085,428.80598573009934,442.4118347167969,662,480.5010211181641,348.1658459091187,454.2732131958008,13.322601680228752,427.6280098353433,480.9184165562583,32.748523449367156
2018-06-12 19:00:00,449.21817164104266,449.21817164104266,435.6122931174184,446.8359375,288,480.2105267333984,349.71605190277097,452.9800109863281,12.679578335666287,427.62085431499554,478.3391676576607,37.55709168325186
2018-06-13 19:00:00,457.7260780760322,457.7260780760322,457.7260780760322,446.8359375,28,479.91785400390626,351.2322664260864,452.044140625,12.390162225762467,427.2638161734751,476.8244650765249,41.59424599403941
2018-06-18 19:00:00,454.3228756332611,454.3228756332611,435.60547664377583,443.1332702636719,2332,479.55630065917967,352.7655260848999,450.92313690185546,12.114754614075867,426.6936276737037,475.1526461300072,44.66799293419541
2018-06-19 19:00:00,436.02064089064737,442.41179983261145,430.9159092562061,430.9226989746094,892,479.0079821777344,354.2036170578003,449.7851165771484,12.886297482676492,424.0125216117954,475.5577115425014,41.267927345646896
2018-06-20 19:00:00,428.7991441611244,438.32802067818375,421.99279524589497,425.6954650878906,547,478.2494842529297,355.6513955307007,447.5880325317383,13.068123660668626,421.45178521040106,473.72427985307553,38.24491550057449
2018-06-21 19:00:00,432.19547947849463,435.60547341141466,432.19547947849463,434.5845031738281,288,477.44470275878905,357.17350666046144,445.3361557006836,10.969422652800251,423.3973103950831,467.2750010062841,42.08979531596714
2018-06-24 19:00:00,430.8410508357424,430.8410508357424,413.14456176609986,417.40533447265625,1238,476.49780517578125,358.6221578979492,442.5479400634766,10.603328745164971,421.34128257314666,463.7545975538065,37.3401110750509
2018-06-25 19:00:00,421.65249746165205,421.99279097544616,408.49584751482485,417.0037536621094,230,475.5814001464844,360.06880123138427,440.25318298339846,10.92849223793837,418.3961985075217,462.1101674592752,40.03639744222131
2018-06-26 19:00:00,421.9927882022142,421.9927882022142,419.2702606458272,420.1755065917969,230,474.78492248535156,361.5313033294678,438.6308929443359,11.394165169414727,415.8425626055065,461.41922328316537,44.441645557479994
2018-06-27 19:00:00,416.2074082712613,425.39596117623915,415.8670848501908,423.4902038574219,432,474.16309631347656,362.9855155181885,437.41834411621096,11.66088972225495,414.09656467170106,460.74012356072086,42.02336577484163
2018-06-28 19:00:00,423.35406528563635,423.35406528563635,415.86706993325726,421.23046875,230,473.8408837890625,364.40493339538574,436.0189605712891,11.84815615530851,412.32264826067205,459.7152728819061,33.185053584395376
2018-07-01 19:00:00,435.53740876045634,435.53740876045634,430.160400390625,430.160400390625,576,473.2600305175781,365.8883346557617,434.95376739501955,11.332927998246536,412.2879113985265,457.6196233915126,45.54140859433118
2018-07-02 19:00:00,439.00864386290687,439.00864386290687,435.6054992675781,435.6054992675781,1008,472.3289239501953,367.4196961212158,434.34119720458983,10.922451244349865,412.4962947158901,456.1860996932896,41.730398804246846
2018-07-05 19:00:00,421.99278576717285,428.79913452951934,413.82520314514176,414.2948303222656,7848,470.48944274902345,368.85279483795165,433.08815002441406,11.724933359235878,409.6382833059423,456.5380167428858,35.42650662478971
2018-07-08 19:00:00,408.380126953125,420.6315310608253,401.5738079547662,408.380126953125,1368,468.0254132080078,370.2244095993042,431.8970413208008,12.964189665661744,405.9686619894773,457.82542065212425,30.37104537595215
2018-07-09 19:00:00,401.5738079547662,408.380126953125,400.8931610996031,408.380126953125,216,465.0298101806641,371.5632764816284,430.31456756591797,13.8224765731869,402.6696144195442,457.95952071229175,30.37104537595215
2018-07-10 19:00:00,408.3801068425021,421.91790771484375,408.3801068425021,421.91790771484375,864,461.74684143066406,372.9405997085571,428.77939758300784,12.888049609522747,403.00329836396236,454.5554968020533,40.15911658895617
2018-07-12 19:00:00,421.9927978515625,421.9927978515625,421.9927978515625,421.9927978515625,144,458.0908856201172,374.28169445037844,427.98033447265624,12.782967106355763,402.4144002599447,453.54626868536775,45.33229753721927
2018-07-15 19:00:00,412.46393049680563,412.46393049680563,408.38010936303755,408.8905944824219,864,454.50462646484374,375.5957133102417,425.9673599243164,12.439113182642325,401.0891335590317,450.84558628960104,41.884155457666765
2018-07-17 19:00:00,408.3801469021006,418.5896707643459,408.3801469021006,416.5477600097656,1872,451.3368218994141,376.9488802719116,424.67415618896484,11.975325052105866,400.7235060847531,448.62480629317656,41.18433385658023
2018-07-18 19:00:00,415.8671030673594,418.58966064453125,415.1864861060579,418.58966064453125,1152,448.7847186279297,378.34873531341555,423.26184234619143,10.83547710874989,401.59088812869163,444.9327965636912,50.679381316243536
2018-07-19 19:00:00,415.1864802180019,417.2283908942592,409.12882483972237,411.87860107421875,1224,446.6445343017578,379.7496813583374,421.5139755249023,9.579262608546665,402.355450307809,440.67250074199563,47.25844361363515
2018-07-23 19:00:00,421.99277519744663,425.39594949338,421.3121582846519,424.9875793457031,936,445.2853088378906,381.18658321380616,420.60669097900393,8.18114611679965,404.2443987454046,436.96898321260323,52.326722738674924
2018-07-25 19:00:00,442.4118347167969,442.4118347167969,442.4118347167969,442.4118347167969,720,443.78478454589845,382.67738597869874,421.18114776611327,9.274004824917807,402.6331381162777,439.72915741594886,58.050499085654515
2018-07-26 19:00:00,442.4117940719897,442.4117940719897,428.7991267063065,432.2023010253906,360,442.51499450683593,384.09808925628664,421.5064895629883,9.550712172250416,402.40506521848744,440.60791390748915,54.372356853882955
2018-07-29 19:00:00,435.53741854325153,442.4118142310767,435.53741854325153,440.3699035644531,1800,441.7522766113281,385.59663974761963,421.7957595825195,10.042610170897388,401.71053924072476,441.88097992431426,54.09343423158159
2018-07-30 19:00:00,432.2023076722026,432.2023076722026,428.79913330078125,428.79913330078125,1800,440.65618408203125,387.03594356536865,422.3654495239258,10.103430475398838,402.1585885731281,442.5723104747235,47.39880482947978
2018-07-31 19:00:00,423.3540915715376,423.3540915715376,421.9927978515625,421.9927978515625,720,439.24046630859374,388.41636051177977,422.6149017333984,10.025371495180606,402.56415874303724,442.6656447237596,53.30875707570867
2018-08-01 19:00:00,415.1932397998755,428.7922975150082,415.1932397998755,420.2707824707031,360,437.7903082275391,389.8130142593384,422.6196655273437,10.024173916082303,402.5713176951791,442.66801335950834,55.30196169575468
2018-08-02 19:00:00,415.18646874066854,415.86708567350286,415.18646874066854,415.6424865722656,1656,436.7218493652344,391.18654315948487,422.22727966308594,10.141216181491364,401.9448473001032,442.50971202606866,53.109877647714384
2018-08-05 19:00:00,418.589636746524,418.589636746524,415.18646240234375,415.18646240234375,432,435.5715789794922,392.59301868438723,421.9250793457031,10.261819942776393,401.40143946015036,442.4487192312559,46.75377197991417
2018-08-06 19:00:00,415.1864861060579,418.58966064453125,415.1864861060579,418.58966064453125,144,434.6323052978516,394.0475915527344,421.34654235839844,10.097952962193867,401.1506364340107,441.54244828278615,48.40988774503905
2018-08-07 19:00:00,415.18647221303837,425.3959655761719,415.18647221303837,425.3959655761719,792,433.82915771484375,395.53619594573973,420.8360656738281,9.58417740438548,401.66771086505713,440.0044204825991,58.19422467515388
2018-08-08 19:00:00,428.79913330078125,432.2023076722026,428.79913330078125,428.79913330078125,792,433.3314782714844,397.04181617736816,421.56128082275393,9.61188031256436,402.3375201976252,440.78504144788263,56.35053086529509
2018-08-09 19:00:00,439.00861975290553,439.00861975290553,432.2023010253906,432.2023010253906,144,432.5827813720703,398.58932403564455,422.7523895263672,9.365362595784259,404.0216643347987,441.48311471793573,56.957954245178975
2018-08-12 19:00:00,421.9996174808505,422.680264340838,421.9927978515625,421.9927978515625,864,431.4301965332031,400.0551092529297,423.4330230712891,8.739625796061608,405.9537714791659,440.9122746634123,54.99125609257276
2018-08-14 19:00:00,415.18647685713694,415.86709380327665,408.3801279318122,414.7781066894531,1872,430.2623657226562,401.47818840026855,423.0760330200195,8.948105612944179,405.17982179413116,440.97224424590786,44.65051767223708
2018-08-15 19:00:00,415.1864659678107,415.1864659678107,408.4209751741549,408.4277648925781,576,429.1729431152344,402.83699188232424,422.3977813720703,9.529735021146324,403.33831132977764,441.457251414363,29.855550554773274
2018-08-16 19:00:00,409.7550167275617,428.79912986841117,408.38011371398323,415.18646240234375,2304,428.4242462158203,404.20823234558105,422.7125747680664,9.156758412462858,404.3990579431407,441.02609159299215,39.4834275453755
2018-08-19 19:00:00,414.50583194497335,421.9927978515625,410.42204051701236,421.9927978515625,3888,427.90927856445313,405.63316986083987,422.9848266601563,9.044070415152243,404.8966858298518,441.07296749046077,38.44771707639366
2018-08-23 19:00:00,421.9927978515625,425.39597233019066,421.9927978515625,421.9927978515625,360,427.3647717285156,407.046724319458,423.1549835205078,8.988871931801027,405.1772396569058,441.13272738410984,44.99299113047992
2018-08-26 19:00:00,425.39597233019066,425.39597233019066,421.9927978515625,421.9927978515625,3240,426.77534240722656,408.42712463378905,423.660693359375,8.597048389300946,406.4665965807731,440.85479013797686,50.0
2018-08-27 19:00:00,418.5896532835891,421.9927978515625,416.5477426142812,421.9927978515625,1296,426.25806030273435,409.7710546875,423.51095428466795,8.598801606668488,406.313351071331,440.7085574980049,51.44853908747711
2018-08-28 19:00:00,418.62364520837696,435.605478607469,416.5477262063645,421.3121643066406,2160,425.8971881103516,411.07328735351564,422.45597076416016,7.363423059938524,407.7291246442831,437.1828168840372,55.10854812347802
2018-08-29 19:00:00,421.3121845578491,421.99280151308744,419.2702738708241,421.08758544921875,720,425.6748937988281,412.3341877746582,421.9002349853516,6.999566391552521,407.90110220224653,435.8993677684566,55.339356520394524
2018-08-30 19:00:00,430.16038142479465,431.5216451417312,419.6105651855469,419.6105651855469,1152,425.2665130615234,413.54547912597656,420.8622680664063,5.493781592803471,409.87470488079936,431.8498312520132,50.95707810945245
2018-09-02 19:00:00,419.6174212450837,428.7991549357175,415.52681011030666,425.3891906738281,1728,424.72187072753906,414.7413254547119,420.69177093505857,5.283384584605555,410.12500176584746,431.2585401042697,49.99352387531301
2018-09-03 19:00:00,432.202303571949,442.4117966787029,428.7991292328132,436.2180480957031,4392,424.68675048828123,415.94476455688476,421.4030334472656,6.322989070444898,408.75705530637583,434.0490115881554,56.210120711403846
2018-09-04 19:00:00,442.41181543586276,458.02556608725877,442.41181543586276,457.4266052246094,14256,424.85228088378904,417.2053649902344,423.2608245849609,10.226414708493675,402.80799516797356,443.71365400194827,66.26580235834948
2018-09-05 19:00:00,468.87484343134787,480.2958679199219,467.5952656323305,480.2958679199219,11376,425.6099615478516,418.52899307250976,426.4934936523438,16.178227256624304,394.1370391390952,458.84994816559237,82.31963445600633
2018-09-06 19:00:00,496.1818604440327,502.3075624248232,456.2831115722656,456.2831115722656,15480,425.79890502929686,419.74613594055177,428.54832611083987,17.241460674550357,394.06540476173916,463.0312474599406,69.39564761779263
2018-09-09 19:00:00,455.3438362338314,455.3438362338314,435.60546741725994,438.2599182128906,3528,425.6273846435547,420.82523780822754,429.53183898925784,17.20447525820829,395.1228884728413,463.9407895056744,62.56953141675646
2018-09-10 19:00:00,452.6212947439989,459.3459575011067,435.6054826832158,438.525390625,1368,425.53522705078126,421.86930419921873,430.18831024169924,17.288640690114473,395.6110288614703,464.7655916219282,60.402882669162295
2018-09-11 19:00:00,439.0154393818738,439.0154393818738,431.86197761135156,432.2023010253906,1296,425.5608190917969,422.82433517456053,430.3584686279297,17.29099569459762,395.77647723873446,464.94046001712496,54.57038054058485
2018-09-12 19:00:00,422.6734210442766,435.6054713746816,421.99277422240135,433.3661804199219,2232,425.7142333984375,423.72761238098144,430.4166625976562,17.29948431183455,395.8176939739871,465.01563122132535,55.038894686218164
2018-09-13 19:00:00,429.47978989313765,439.0086364746094,425.3959685904239,439.0086364746094,1368,425.80271606445314,424.595930557251,431.26745452880857,17.281804503873957,396.70384552106066,465.8310635365565,57.179776742197625
2018-09-16 19:00:00,441.73117724950305,448.53749597848076,436.96673918389195,438.3280029296875,1152,426.22116943359373,425.39567497253415,432.4449493408203,16.897177344782857,398.6505946512546,466.239304030386,56.85322198943066
2018-09-17 19:00:00,448.53752457333394,448.53752457333394,435.6055032085163,444.5694274902344,2160,426.77248291015627,426.1636763763428,434.2520324707031,16.10760571415085,402.0368210424014,466.4672438990048,59.32231006240039
2018-09-18 19:00:00,436.28611622238185,436.28611622238185,435.6054992675781,435.6054992675781,144,427.0810827636719,426.9595923614502,435.27298431396486,15.470061633636721,404.3328610466914,466.2131075812383,55.43826998899137
2018-09-23 19:00:00,428.799147472931,428.799147472931,421.9927985051331,423.7284240722656,2592,427.0858471679687,427.7652243804932,435.359765625,15.39633625386761,404.5670931172648,466.15243813273526,51.43101246035217
2018-09-24 19:00:00,421.9927978515625,421.9927978515625,421.9927978515625,421.9927978515625,144,427.10109375,428.6278252410889,435.359765625,15.39633625386761,404.5670931172648,466.15243813273526,48.78558179964746
2018-09-25 19:00:00,422.67344471155,428.7991468088189,415.18647880496087,421.9927978515625,1872,426.93774169921875,429.55278923034666,435.359765625,15.39633625386761,404.5670931172648,466.15243813273526,44.4866514497507
2018-09-26 19:00:00,418.5896586109162,430.84106296137566,417.22839478427125,430.82745361328125,576,426.8421807861328,430.47372909545896,435.80149841308594,15.116842643041432,405.5678131270031,466.0351836991688,38.597117360855826
2018-09-27 19:00:00,432.2022871571488,432.8829040527344,432.2022871571488,432.8829040527344,288,427.2139422607422,431.38411880493163,436.3800354003906,14.750098996409104,406.87983740757244,465.8802333932088,25.259266619912367
2018-09-30 19:00:00,416.8880733752946,418.58966064453125,416.8880733752946,418.58966064453125,864,427.41813293457034,432.2727796173096,436.25513916015626,14.896254235460175,406.46263068923594,466.0476476310766,28.110688260745206
2018-10-01 19:00:00,421.99278118005066,421.99278118005066,415.18646240234375,415.18646240234375,720,427.5542596435547,433.1955825805664,436.03393402099607,15.18645185329929,405.66103031439746,466.4068377275947,33.86023163088997
2018-10-02 19:00:00,415.1796427733252,415.18646240234375,415.1796427733252,415.18646240234375,432,427.4196307373047,434.12294578552246,435.5237976074219,15.72467020273915,404.0744572019436,466.9731380129002,33.61367728819718
2018-10-03 19:00:00,408.38010145233335,408.38010145233335,401.23345947265625,401.23345947265625,648,427.00444396972654,434.94651229858397,433.77456817626955,17.49013111249535,398.79430595127883,468.7548304012603,30.360828912140875
2018-10-04 19:00:00,401.5738025594527,401.5738025594527,382.51604979878806,392.215087890625,936,426.67093383789063,435.70883041381836,430.5139923095703,18.872611017501104,392.7687702745681,468.2592143445725,26.26785711142908
2018-10-07 19:00:00,398.170623997927,401.5669787421401,372.60601806640625,372.60601806640625,1656,425.79209899902344,436.36459518432616,425.1294998168945,19.279900413764867,386.5696989893648,463.68930064442424,17.018243728500437
2018-10-08 19:00:00,353.99750669090315,385.17054083396977,353.9771076242267,354.6100769042969,3384,424.51250732421875,436.9346257019043,420.0458480834961,23.561953970131103,372.9219401432339,467.1697560237583,14.520586000883085
2018-10-09 19:00:00,336.9817018121513,340.31679973762897,336.9136251599084,338.9555358886719,936,423.0540460205078,437.47658027648924,415.0806289672852,29.28891130809613,356.50280635109294,473.6584515834774,8.54835966414737
2018-10-10 19:00:00,344.4005946581729,347.05507564050254,324.662223788959,346.7147521972656,3168,421.48858947753905,438.02074691772464,410.49009704589844,32.44569777463655,345.5987014966253,475.38149259517155,14.778835368735088
2018-10-11 19:00:00,330.7879161530652,334.1978803802273,329.3790046583392,330.1072692871094,1080,419.2424981689453,438.4997427368164,405.3853454589844,36.61359554731735,332.1581543643497,478.61253655361907,14.244844964312179
2018-10-14 19:00:00,313.7720599024627,313.7720599024627,313.6018981933594,313.6018981933594,864,416.8704901123047,438.8774942779541,399.3971313476562,41.29142392232932,316.81428350299757,481.9799791923149,12.800728117462356
2018-10-15 19:00:00,306.2919029905713,306.9657301739672,297.9269104003906,297.9269104003906,1368,414.0216302490234,439.1845280456543,392.3430450439453,45.95569023251869,300.43166457890794,484.2544255089827,11.55726244436741
2018-10-16 19:00:00,305.1960641277002,312.81915283203125,305.1960641277002,312.81915283203125,3168,411.70203063964846,439.5668993377686,386.0676025390625,47.87505302365295,290.3174964917566,481.8177085863684,14.757255078664429
2018-10-17 19:00:00,316.49459369001966,318.5365043290135,316.49459369001966,317.51556396484375,144,409.61248596191405,439.93367584228514,379.714909362793,48.13258967989053,283.44973000301195,475.980088722574,16.081015291351818
2018-10-18 19:00:00,316.5150200660864,324.3150905269337,313.7788831626281,321.4904479980469,720,407.63687927246093,440.265791015625,374.00915679931643,47.9217537744488,278.1656492504188,469.85266434821403,19.608005708265225
2018-10-21 19:00:00,325.33602614296353,337.5602111816406,325.33602614296353,337.5602111816406,1368,406.07523376464843,440.61916732788086,369.7007461547852,47.08260784285776,275.53553046906967,463.8659618405007,27.488059717079494
2018-10-22 19:00:00,340.32357877877644,340.32357877877644,320.71454239314977,322.3480529785156,432,404.21846557617187,440.9045655822754,364.7185089111328,46.52675087106747,271.6650071689979,457.7720106532677,25.25937920103057
2018-10-23 19:00:00,338.20684717604394,338.4654846191406,338.20684717604394,338.4654846191406,1008,402.61598205566406,441.32027961730955,360.5421432495117,44.83306398172648,270.87601528605876,450.20827121296463,33.46364968212576
2018-10-24 19:00:00,336.9135953364128,347.1230882551773,336.9135953364128,343.89007568359375,1080,400.9858642578125,441.763116607666,356.19527435302734,41.76968808460972,272.6558981838079,439.7346505222468,37.02294693116511
2018-10-25 19:00:00,340.316786361571,361.0829162597656,340.316786361571,361.0829162597656,1728,399.6315399169922,442.23704177856445,352.6052749633789,37.72097322035346,277.16332852267203,428.0472214040858,46.86493747211282
2018-10-28 19:00:00,379.1333312988281,379.1333312988281,379.1333312988281,379.1333312988281,648,398.5701605224609,442.82681945800783,350.63245849609376,35.02369357123813,280.58507135361754,420.67984563857,56.67000563430037
2018-10-29 19:00:00,398.0889587402344,398.0889587402344,398.0889587402344,398.0889587402344,504,398.0920837402344,443.46373947143553,349.77758331298827,33.5424372836215,282.6927087457453,416.86245788023126,65.7998026088766
2018-10-30 19:00:00,417.99066704083833,417.99066704083833,404.97696068899546,417.7728576660156,15552,398.1519787597656,444.214308013916,349.9069030761719,33.811791993313186,282.2833190895455,417.5304870627983,67.84858378447326
2018-10-31 19:00:00,418.58963026840047,428.7991232322847,396.88421706028186,398.6198425292969,4968,397.9558203125,444.8521380615234,349.7762222290039,33.60740974621401,282.5614027365759,416.99104172143194,66.99189906129865
2018-11-01 19:00:00,404.97699735466233,418.54880780876374,379.11289447443903,411.4429931640625,10368,397.8809509277344,445.56830932617186,350.7376174926758,35.12605084324327,280.48551580618926,420.9897191791623,74.71715702547641
2018-11-04 19:00:00,415.0094904329986,415.0094904329986,394.76745515894316,402.61517333984375,2088,397.4933984375,446.22862594604493,352.23807525634766,36.71438546115255,278.80930433404257,425.66684617865275,77.39465504659628
2018-11-05 19:00:00,399.53189729993136,422.6734417156602,399.53189729993136,408.380126953125,2232,397.22114501953126,446.98327835083006,354.92657775878905,38.80634684850616,277.3138840617767,432.5392714558014,76.26066791254937
2018-11-06 19:00:00,418.5896293398307,421.99277371314076,387.96112060546875,387.96112060546875,3744,396.5405114746094,447.5740768432617,357.3768569946289,39.28897530833821,278.79890637795245,435.95480761130534,67.81902033521706
2018-11-07 19:00:00,368.5630798339844,368.5630798339844,368.5630798339844,368.5630798339844,1296,395.4719171142578,448.13532730102537,358.46927337646486,39.28065793376567,279.9079575089335,437.0305892439962,61.04510597881426
2018-11-08 19:00:00,350.1383056640625,350.1383056640625,350.1383056640625,350.1383056640625,1728,394.04843994140623,448.540380859375,359.4708251953125,38.77151103623459,281.92780312284333,437.01384726778167,52.9190595019031
2018-11-11 19:00:00,332.6324462890625,332.6324462890625,332.6324462890625,332.6324462890625,504,392.27933715820313,448.7906243896484,360.42235260009767,37.8081050365131,284.8061425270715,436.03856267312386,52.36160696828892
2018-11-12 19:00:00,316.00454704201235,340.31679502045614,316.00454704201235,316.93701171875,4680,390.2258660888672,448.89174942016604,361.37285766601565,36.36570731422341,288.6414430375688,434.1042722944625,45.04681354331331
2018-11-13 19:00:00,326.70412928853307,332.7821838516114,313.09146097367613,330.67901611328125,12384,388.33166259765625,448.7700521850586,362.26585083007814,35.314772234225224,291.6363063616277,432.89539529852857,47.072495005185516
2018-11-14 19:00:00,336.91360990057797,347.21160888671875,336.91360990057797,347.21160888671875,3096,386.55153381347657,448.5507861328125,363.7506530761719,33.93141603829794,295.887820999576,431.6134851527678,46.917166540084665
2018-11-15 19:00:00,363.4583395137912,363.4583395137912,342.42675204751214,344.6388244628906,4032,384.2957781982422,448.22091705322265,364.90807189941404,32.78961933453259,299.3288332303489,430.4873105684792,41.76738002890662
2018-11-18 19:00:00,340.31679466207095,340.9974116210708,333.51044560814125,333.85076904296875,2520,381.36687622070315,447.8252308654785,364.7225997924805,32.96248758081856,298.79762463084336,430.6475749541176,34.046653237792185
2018-11-19 19:00:00,338.2748752445324,343.71996032945697,333.51043701171875,333.51043701171875,2736,378.9114227294922,447.35647857666015,365.2807189941406,32.29498340519562,300.6907521837494,429.87068580453183,26.849434473118166
2018-11-21 19:00:00,330.7947290537927,330.7947290537927,330.7947290537927,333.51043701171875,72,376.8164331054688,446.78093475341797,365.03296661376953,32.52967835807156,299.97360989762643,430.09232332991263,30.007528434035123
2018-11-22 19:00:00,330.10726128751395,333.510435713513,329.4266443487067,329.7669677734375,792,374.6412646484375,446.0745393371582,364.3268112182617,33.15999114022888,298.0068289378039,430.6467934987195,23.439576614727983
2018-11-25 19:00:00,325.6831617580477,329.4198401546792,323.9815744653193,326.7041320800781,1440,372.53130126953124,445.2350799560547,362.60787200927734,34.21138878312341,294.1850944430305,431.0306495755242,24.35266977513028
2018-11-26 19:00:00,320.02719619226633,325.5335721368033,320.02719619226633,325.36041259765625,720,370.3711859130859,444.2652648925781,359.9192260742187,34.94933883535311,290.0205484035125,429.81790374492493,21.08715420623723
2018-11-27 19:00:00,325.5335922466715,339.38608229572054,325.5335922466715,332.7438049316406,864,368.2458892822266,443.2025358581543,356.65196838378904,34.240438528385,288.17109132701904,425.13284544055904,28.84933655809779
2018-11-28 19:00:00,328.99670888742787,332.4598388671875,328.99670888742787,332.4598388671875,864,366.12852600097654,442.00209030151365,352.38631744384764,31.423529104943665,289.5392592339603,415.233375653735,33.79846808464018
2018-11-29 19:00:00,328.99670406490856,328.99670406490856,315.8368225097656,315.8368225097656,3672,363.5538739013672,440.5753924560547,348.2471664428711,30.45013245559956,287.34690153167196,409.14743135407025,34.354005977263014
2018-12-02 19:00:00,311.68109759196534,311.68109759196534,300.0450134277344,300.0450134277344,1080,360.8426641845703,438.919451751709,342.67726745605466,28.401501360019637,285.8742647360154,399.48027017609394,34.89972082531176
2018-12-03 19:00:00,295.05812134842523,301.29174341608484,294.36548314641516,297.82861328125,288,358.32466796875,436.961287689209,337.437939453125,26.353965417862995,284.730008617399,390.14587028885103,39.88163917238562
2018-12-04 19:00:00,287.4392488652646,292.28759445385964,282.93716149709957,283.1103210449219,5688,355.54701843261716,434.84608642578127,331.17444915771483,23.317226873890117,284.5399954099346,377.8089029054951,25.068991957682584
2018-12-05 19:00:00,277.0567904484891,277.0567904484891,268.9599914550781,268.9599914550781,5472,352.4863623046875,432.82903305053713,325.2243927001953,23.246977810194178,278.73043707980696,371.7183483205837,7.937560920556152
2018-12-06 19:00:00,270.12362805381235,275.66461181640625,270.12362805381235,275.66461181640625,648,349.38310546875,431.013585357666,320.57946929931643,23.412144149220502,273.75518100087544,367.4037575977574,14.501264206816629
2018-12-09 19:00:00,277.0498521179067,277.0498521179067,274.9719984680308,276.01092529296875,864,346.2456658935547,429.35954574584963,316.8731002807617,24.335730998275004,268.2016382842117,365.54456227731174,16.646957128939803
2018-12-10 19:00:00,269.08465582217207,269.08465582217207,262.21382294569077,262.684814453125,4248,343.12756896972655,427.7905546569824,313.37571868896487,26.848216676583977,259.6792853357969,367.0721520421328,14.478590857914597
2018-12-11 19:00:00,249.5526580810547,249.5526580810547,249.5526580810547,249.5526580810547,576,339.8148928833008,426.56697151184085,310.0065010070801,30.374310247400793,249.25788051227852,370.75512150188166,12.79339070538191
2018-12-12 19:00:00,237.0784912109375,242.41863240619875,237.0784912109375,237.0784912109375,7488,336.25273345947267,425.4045525360107,305.3264747619629,34.014288449671994,237.29789786261892,373.3550516613069,11.874520484115223
2018-12-13 19:00:00,232.7218810735116,242.41863309352624,229.25876622265181,241.53900146484375,3888,333.05884429931643,424.3818112945557,300.04284439086916,35.34685785709762,229.34912867667393,370.7365601050644,15.36730236886082
2018-12-16 19:00:00,236.60058884707425,243.1112538383774,236.60058884707425,242.61256408691406,48960,330.06679382324216,423.2529161071777,294.9415313720703,35.92944446662015,223.08264243883002,366.8004203053106,16.27620048652649
2018-12-17 19:00:00,236.9468854051412,247.95269759424315,236.9468854051412,246.08261108398438,50760,327.53632568359376,422.16008865356446,290.5531234741211,36.28518434200352,217.98275479011406,363.1234921581281,13.517620451512343
2018-12-18 19:00:00,237.57025146484375,237.57025146484375,237.57025146484375,237.57025146484375,288,325.1955291748047,421.0906867980957,285.75611419677733,36.64718373022178,212.46174673633377,359.05048165722087,12.641804953279163
2018-12-19 19:00:00,238.2628664374667,245.18218640693192,238.2628664374667,242.76492309570312,360,323.2717169189453,420.0694129943848,281.2188385009766,36.036045683642236,209.1467471336921,353.29092986826106,18.386672236537123
2018-12-20 19:00:00,241.03338623046875,245.8817470031122,241.03338623046875,241.03338623046875,648,321.15808959960935,419.08532211303714,276.78215942382815,35.19689166555172,206.3883760927247,347.1759427549316,20.933405284827202
2018-12-23 19:00:00,246.2280558490645,246.2280558490645,238.95549216455447,242.59178161621094,144,319.40777984619143,418.0925518035889,272.57654190063477,33.919903085390644,204.73673572985348,340.41634807141605,22.61519656458492
2018-12-25 19:00:00,238.9554949256322,242.4186248779297,236.87762608553555,242.4186248779297,1008,317.98411437988284,417.0579075622559,268.42945251464846,32.150986419348044,204.12747967595237,332.73142535334455,26.42644622956054
2018-12-26 19:00:00,235.49237620579484,235.49237620579484,234.79975327082047,235.14605712890625,144,316.72849731445314,415.961989440918,263.54956512451173,29.14141120177094,205.26674272096986,321.83238752805363,28.714679910003497
2018-12-27 19:00:00,232.72186768811815,241.72599622007306,230.64399889711441,236.18499755859375,216,315.19581420898436,414.88031829833983,258.735823059082,24.78535918335751,209.16510469236698,308.30654142579704,23.239419721444776
2018-12-30 19:00:00,228.56613478476172,229.25875772927398,226.48825073242188,226.48825073242188,2016,313.3752679443359,413.7271240234375,254.26839447021484,21.827300609288386,210.61379325163807,297.9229956887916,20.20831573961543
2018-12-31 19:00:00,235.4854584406572,235.4854584406572,230.81716663615086,234.73049926757812,1008,311.64006896972654,412.6392353820801,251.00266876220704,19.36508143900288,212.27250588420128,289.7328316402128,32.08770154114987
2019-01-01 19:00:00,235.49237393777668,235.49237393777668,229.6396942138672,229.6396942138672,288,309.4816586303711,411.4128395843506,247.59322280883788,16.473810748417353,214.64560131200318,280.5408443056726,35.774364345347536
2019-01-06 19:00:00,235.49238336629807,241.03338223337838,235.49238336629807,240.34075927734375,2448,307.84151275634764,410.12124656677247,245.454744720459,14.245986619309337,216.96277148184032,273.94671795907766,52.39110964773756
2019-01-07 19:00:00,238.95549096512514,241.7259979248047,238.95549096512514,241.7259979248047,1440,305.90672302246094,408.7119215393066,244.09304504394532,13.139608599521422,217.81382784490248,270.37226224298814,50.14353132262212
2019-01-13 19:00:00,242.4186248779297,242.4186248779297,242.4186248779297,242.4186248779297,288,303.87729400634765,407.3366883087158,242.43074569702148,10.836371603059991,220.7580024909015,264.10348890314145,49.85026405833175
2019-01-14 19:00:00,236.87762451171875,236.87762451171875,236.87762451171875,236.87762451171875,864,301.3931881713867,405.9628813934326,240.47408065795898,7.46130358503593,225.5514734878871,255.39668782803085,43.11327302699173
2019-01-16 19:00:00,238.9554901123047,238.9554901123047,238.9554901123047,238.9554901123047,576,298.5896313476562,404.61225952148436,239.28761444091796,5.3241522795226714,228.63930988187263,249.9359189999633,51.146780241066004
2019-01-17 19:00:00,242.4186248779297,242.4186248779297,242.4186248779297,242.4186248779297,144,295.47622467041015,403.25666252136233,238.93091278076173,4.814849488553152,229.30121380365543,248.56061175786803,49.704852743692534
2019-01-21 19:00:00,238.95549634119791,254.53955078125,238.95549634119791,254.53955078125,4320,292.21155853271483,402.0889147186279,239.80396575927733,5.9179762759125385,227.96801320745226,251.6399183111024,59.77932061596661
2019-01-22 19:00:00,263.1973473255317,263.20428709942735,256.2711181640625,256.2711181640625,2736,289.36458404541014,400.9485762786865,240.5405715942383,6.968845774489772,226.60288004525876,254.47826314321782,59.87993173340762
2019-01-23 19:00:00,263.1835050869233,269.0846567478356,263.1835050869233,267.14532470703125,1296,286.4786306762695,399.88506950378417,241.76720962524413,9.165606004786515,223.4359976156711,260.09842163481716,65.46792681411235
2019-01-24 19:00:00,270.81622314453125,270.81622314453125,270.81622314453125,270.81622314453125,576,283.8426516723633,398.8229695892334,243.00389022827147,11.217451755095754,220.56898671807997,265.438793738463,73.36659347197144
2019-01-27 19:00:00,263.26662510219427,263.26662510219427,257.2754086820462,261.8121032714844,3888,280.91129119873045,397.7221788787842,244.21598281860352,11.889035931870376,220.43791095486276,267.99405468234426,65.2013055307656
2019-01-28 19:00:00,257.6632921588749,257.6632921588749,252.80800683600071,253.61837768554688,4608,278.22443634033203,396.5464560699463,244.7586555480957,12.065705889190742,220.62724376971423,268.8900673264772,66.38501882157618
2019-01-29 19:00:00,247.95962318733572,247.95962318733572,240.94332885742188,240.94332885742188,11808,275.67204132080076,395.3044992828369,244.75415267944337,12.067186028399027,220.61978062264532,268.88852473624144,53.56149439242461
2019-01-30 19:00:00,232.02925304077831,235.3884842650408,228.89859302264276,228.905517578125,26208,273.24738555908203,394.04094535827636,244.06983947753906,12.573699135454016,218.92244120663102,269.2172377484471,49.61018233080422
2019-01-31 19:00:00,229.9513894801345,232.02925839324658,229.9513894801345,230.64401245117188,3312,271.2076168823242,392.81184577941895,243.48110885620116,12.92580962714641,217.62948960190835,269.332728110494,44.309866005360924
2019-02-03 19:00:00,234.10713439256017,237.57024912744248,229.25875854492188,229.25875854492188,1584,269.45405181884763,391.5986212921143,243.18674392700194,13.189955673435367,216.8068325801312,269.5666552738727,42.68411858301375
2019-02-05 19:00:00,232.72187002005754,232.72187002005754,231.3366241455078,231.3366241455078,1440,267.4672039794922,390.4735485839844,242.94432525634767,13.368756256497573,216.20681274335251,269.6818377693428,43.60101908619166
2019-02-06 19:00:00,232.7218780517578,232.7218780517578,232.7218780517578,232.7218780517578,144,265.17740936279296,389.3366506195068,243.25600662231446,13.03336278798825,217.18928104633795,269.32273219829096,47.479415689332626
2019-02-07 19:00:00,231.0318788799442,231.0318788799442,230.33925590890686,230.64401245117188,432,262.8975131225586,388.18242088317874,243.05168228149415,13.204954250294932,216.6417737809043,269.46159078208404,44.958840633576415
2019-02-10 19:00:00,230.6440069410536,230.6440069410536,223.71776217734543,224.41038513183594,3600,260.7087054443359,387.0466410827637,242.79021682739258,13.532212582375012,215.72579166264256,269.8546419921426,39.432610853952575
2019-02-11 19:00:00,222.3325083888832,230.64399876701248,222.3325083888832,229.6050567626953,1296,258.63059783935546,385.88786308288576,242.25343170166016,13.843829346138753,214.56577300938267,269.94109039393766,34.07360553274394
2019-02-13 19:00:00,223.4130008147103,223.71775734310927,220.94725036621094,220.94725036621094,1296,256.3793341064453,384.68525146484376,241.21449432373046,14.642166879364735,211.930160565001,270.4988280824599,29.27164846350435
2019-02-14 19:00:00,220.94724928415914,220.94724928415914,220.2615509033203,220.2615509033203,288,254.18922576904296,383.48050453186033,240.106640625,15.366568426246337,209.37350377250735,270.8397774774927,18.751709842325326
2019-02-17 19:00:00,223.0251431845791,225.10301208496094,223.0251431845791,225.10301208496094,432,252.15720336914063,382.31432647705077,239.5179100036621,15.718322074956689,208.08126585374873,270.9545541535755,20.000008011050454
2019-02-18 19:00:00,228.56613159179688,228.56613159179688,228.56613159179688,228.56613159179688,288,250.22131774902343,381.1390553283691,238.99844207763672,15.908414727853563,207.1816126219296,270.81527153334383,26.470593317275615
2019-02-19 19:00:00,221.63988448569356,221.63988448569356,220.25462341308594,220.25462341308594,432,247.97153411865236,379.8662105560303,237.89024200439454,16.421337953711095,205.04756609697233,270.73291791181674,26.426535469081884
2019-02-20 19:00:00,224.41038513183594,224.41038513183594,224.41038513183594,224.41038513183594,144,245.81054504394533,378.66451141357425,236.38378372192383,16.193996923862,203.99578987419983,268.77177756964784,36.71971656386885
2019-02-21 19:00:00,224.38961395286012,224.41038761952004,217.48414277903152,218.62696838378906,4176,243.8663479614258,377.4435262298584,234.50157623291017,15.946637180784812,202.60830187134053,266.3948505944798,40.82138090993299
2019-02-24 19:00:00,216.1058167673186,216.80536427001098,216.09889221191406,216.09889221191406,576,242.18742553710936,376.2240237426758,231.9492546081543,14.462960062003846,203.0233344841466,260.875174732162,37.191999946254256
2019-02-25 19:00:00,215.40626826321846,217.47721254004978,211.94313832407602,213.90325927734375,1872,240.50891845703126,375.02063247680667,229.1036064147949,11.759496706048703,205.5846130026975,252.62259982689233,36.668667902734626
2019-02-26 19:00:00,211.59681780917086,211.59681780917086,203.20914199047695,207.78738403320312,2880,239.00245971679686,373.87286392211917,226.40237045288086,9.91020619141421,206.58195807005245,246.22278283570927,30.894592159533786
2019-02-27 19:00:00,209.86527684692732,211.94314575195312,209.86527684692732,211.94314575195312,288,237.86212280273438,372.6365643310547,224.31860885620117,8.103113208735326,208.11238243873052,240.5248352736718,33.86751496314332
2019-02-28 19:00:00,201.553760368172,206.40213611469085,201.34597805405355,201.70614624023438,15840,236.38295349121094,371.23429092407224,222.35674972534179,8.600834583894699,205.1550805575524,239.55841889313118,30.059193473156213
2019-03-03 19:00:00,197.40495769658875,200.86114798551637,192.20333804594023,196.5530242919922,4752,234.7937954711914,369.68571159362796,220.73912506103517,10.198360162325073,200.34240473638502,241.13584538568531,30.51358091315892
2019-03-04 19:00:00,196.01276558751144,199.8152748462016,193.24227380228717,194.1288299560547,3744,233.42267578125,367.99844772338867,218.9133659362793,11.515338817923176,195.88268830043293,241.94404357212565,24.183499612247815
2019-03-05 19:00:00,203.5831571742157,203.5831571742157,193.2422698595696,198.32614135742188,1440,232.39814544677733,366.1992770385742,217.3667350769043,12.114416946392446,193.1379011841194,241.59556896968917,32.3954596937742
2019-03-06 19:00:00,196.01276123976336,199.47589111328125,196.01276123976336,199.47589111328125,288,231.64609344482423,364.2663247680664,215.77369842529296,12.274475104532309,191.22474821622833,240.3226486343576,33.93986981736468
2019-03-07 19:00:00,198.7832794189453,198.7832794189453,198.7832794189453,198.7832794189453,288,230.79097900390624,362.2362882232666,214.07676849365234,12.15347938971065,189.76980971423103,238.38372727307365,28.27083248300734
2019-03-10 19:00:00,193.9348907470703,193.9348907470703,193.9348907470703,193.9348907470703,432,229.8174255371094,360.2649449157715,212.24131240844727,12.290942001161316,187.65942840612465,236.8231964107699,22.04832147780793
2019-03-12 19:00:00,198.0906524658203,198.0906524658203,198.0906524658203,198.0906524658203,144,228.85758636474608,358.3807082366943,210.9253257751465,12.328393158897292,186.2685394573519,235.5821120929411,30.82458085808581
2019-03-14 19:00:00,200.861135214594,200.861135214594,193.9348907470703,193.9348907470703,576,227.9848791503906,356.6194085693359,209.14181747436524,12.061074350382377,185.01966877360047,233.26396617513,23.6337689768977
2019-03-17 19:00:00,198.09065318480265,200.86114501953125,198.09065318480265,200.86114501953125,432,227.1468035888672,355.0292752075195,208.13751220703125,11.860925419571444,184.41566136788836,231.85936304617414,34.927740467901145
2019-03-18 19:00:00,197.39802259884,201.4498766427928,190.81808191739748,190.99124145507812,2448,226.14596069335937,353.5194871520996,206.67399673461915,12.089826562672425,182.4943436092743,230.853649859964,31.05864303193401
2019-03-19 19:00:00,190.47178732794984,190.47178732794984,187.701280246673,189.10731506347656,1152,225.07627136230468,351.87783348083497,204.87421188354492,11.879414764832603,181.1153823538797,228.63304141321012,31.205404056280614
2019-03-20 19:00:00,187.77053891524596,187.77053891524596,187.70127814134133,187.7359161376953,288,223.9826171875,350.3380540466309,202.83270111083985,11.07474178112213,180.6832175485956,224.9821846730841,33.62374005810793
2019-03-21 19:00:00,187.70127796155728,187.70127796155728,184.9307861328125,184.9307861328125,1008,222.97831176757813,348.8701789855957,201.06650924682617,10.966251372223322,179.13400650237952,222.99901199127282,27.441015741878658
2019-03-24 19:00:00,184.5844716702633,188.39390563964844,184.23816779239394,188.39390563964844,432,222.02248992919922,347.3941297149658,199.26568527221679,9.82936983340824,179.6069456054003,218.92442493903326,37.46413885401241
2019-03-26 19:00:00,189.70988351420024,189.77914428710938,189.57136196838204,189.77914428710938,1008,221.28830780029296,345.8791320037842,197.82329406738282,8.912554845173997,179.99818437703482,215.64840375773082,43.13394326729479
2019-03-27 19:00:00,186.3160230219467,186.3160230219467,180.7750244140625,180.7750244140625,1872,220.20919830322265,344.3191136932373,196.05710067749024,8.594662579698173,178.86777551809388,213.2464258368866,38.05748368395355
2019-03-28 19:00:00,184.2381591796875,184.2381591796875,184.2381591796875,184.2381591796875,144,219.30116760253907,342.89497734069823,194.57384567260743,7.883017607775956,178.80781045705552,210.33988088815934,37.23324878122168
2019-03-31 19:00:00,184.93077804033078,187.0086468209628,183.54551696777344,183.54551696777344,1152,218.16526275634766,341.44920501708987,193.36175231933595,7.603117080858727,178.1555181576185,208.5679864810534,35.44304326959677
2019-04-01 19:00:00,182.8528972452173,183.55245995835693,181.4676513671875,181.4676513671875,864,216.9600958251953,340.02877655029295,191.83797760009764,6.681096920739957,178.47578375861772,205.20017144157757,34.56790425656621
2019-04-02 19:00:00,180.08240062122798,180.08240062122798,178.00453186035156,178.00453186035156,432,215.67181396484375,338.59103248596193,190.65289688110352,6.935792778030467,176.7813113250426,204.52448243716444,35.44305315343905
2019-04-07 19:00:00,176.68853477495355,176.68853477495355,169.10430528989076,169.5268096923828,1728,214.32479766845702,337.1702510070801,189.30158615112305,8.236563061953959,172.82846002721513,205.77471227503096,25.809482161954847
2019-04-08 19:00:00,168.3077868220483,172.46353971774928,165.5372950374497,166.6939697265625,1728,212.8795672607422,335.6555351257324,187.92984313964843,9.567342781992108,168.7951575756642,207.06452870363265,26.401062999817853
2019-04-09 19:00:00,164.84465063134698,164.84465063134698,162.42047802100583,162.93994140625,576,211.2899935913086,334.0721246337891,186.16053314208983,10.74329637964616,164.67394038279753,207.64712590138214,15.238090442364594
2019-04-10 19:00:00,155.14792764275865,169.00041764935406,154.79468398841598,168.65411376953125,576,209.57228485107422,332.5495469665527,184.61944427490235,10.941535513169462,162.73637324856344,206.50251530124126,27.835075272737612
2019-04-11 19:00:00,166.2299223580788,173.1561672206483,160.224856450284,160.23178100585938,3456,207.65149810791016,331.03621139526365,182.69186935424804,11.6854830780376,159.32090319817286,206.06283551032323,24.638042821849396
2019-04-14 19:00:00,159.30368041992188,159.30368041992188,159.30368041992188,159.30368041992188,3168,205.49466522216798,329.569623260498,180.96030883789064,12.471220755945769,156.0178673259991,205.90275034978217,24.83140886083096
2019-04-15 19:00:00,159.3036762261768,159.3036762261768,158.6110380485157,159.18592834472656,3744,203.26205932617188,328.1268470001221,179.01507263183595,12.690841477700562,153.63338967643483,204.39675558723707,26.071856970200997
2019-04-16 19:00:00,157.91840791930025,161.00059592601272,151.2276591786161,154.1713104248047,4176,201.1092434692383,326.65161285400393,177.02689361572266,13.329125455648652,150.36864270442535,203.68514452701996,19.083987774814418
2019-04-17 19:00:00,155.84053966796517,155.84053966796517,151.68478687055187,151.69171142578125,4032,199.07071014404298,325.1527500915527,174.56842193603515,13.235845228726262,148.09673147858263,201.04011239348768,16.25969927974856
2019-04-18 19:00:00,154.45529932733325,158.26473318657742,154.45529932733325,157.74526977539062,3456,197.40674896240233,323.70219192504885,172.90612335205077,13.152164311537577,146.60179472897562,199.21045197512592,28.473438920042057
2019-04-21 19:00:00,158.6110370544342,159.13051568442427,158.6110370544342,157.74526977539062,3024,195.98354400634764,322.29413940429686,171.3380210876465,12.987449548143676,145.36312199135915,197.31292018393384,23.52212399097435
2019-04-22 19:00:00,159.303671871349,159.303671871349,149.86318969726562,149.86318969726562,1728,194.36792755126953,320.88244384765625,169.444384765625,13.229479283855568,142.98542619791385,195.90334333333612,20.56655977278939
2019-04-23 19:00:00,148.91429294077886,148.91429294077886,142.68759600172774,147.87535095214844,864,192.74025939941407,319.4216725921631,167.59161300659179,13.537671899743918,140.51626920710396,194.6669568060796,20.598970331937736
2019-04-24 19:00:00,147.87535095214844,150.99216169923727,150.99216169923727,147.87535095214844,28800,191.07103393554686,317.89794281005857,165.5656852722168,13.290302352402476,138.98508056741184,192.14628997702175,21.928275678525182
2019-04-25 19:00:00,151.67787007657313,153.755754191005,151.67787007657313,152.71681213378906,28944,189.4709326171875,316.47165657043456,163.7125686645508,12.282061621852465,139.14844542084586,188.2766919082557,33.19953883598788
2019-04-28 19:00:00,152.37741088867188,152.37741088867188,152.37741088867188,152.37741088867188,720,187.9056005859375,314.98779319763185,162.29268798828124,11.83920538514177,138.6142772179977,185.97109875856478,34.94101596982587
2019-04-29 19:00:00,159.23439319626215,159.9962921142578,159.23439319626215,159.9962921142578,720,186.61731872558593,313.57571548461914,161.08059463500976,10.655997128220802,139.76860037856815,182.39258889145137,47.13651653521989
2019-05-01 19:00:00,159.29673767089844,159.29673767089844,159.29673767089844,159.29673767089844,144,185.21115234375,312.13801948547365,159.868155670166,9.252494589706055,141.36316649075388,178.37314484957813,39.913398438566546
2019-05-05 19:00:00,150.2995436771146,150.2995436771146,144.758544921875,144.758544921875,1296,183.68737823486327,310.627632522583,158.0327003479004,8.338082148276882,141.35653605134664,174.70886464445417,35.263875923211145
2019-05-06 19:00:00,141.98805558940097,141.98805558940097,137.8323026469804,139.91017150878906,432,182.08035064697265,309.1115170288086,156.12798233032225,7.8738128507024525,140.38035662891735,171.87560803172715,32.813666711109576
2019-05-07 19:00:00,135.0618172612738,135.0618172612738,132.91467230492705,132.94931030273438,576,180.23727661132813,307.62165008544923,154.29910736083986,8.792246095144515,136.71461517055081,171.8835995511289,29.26431774268667
2019-05-08 19:00:00,129.5208085449943,129.5208085449943,126.75030919334402,127.44293212890625,432,178.21481262207033,306.1303874206543,152.33655548095703,10.155002847838695,132.02654978527966,172.6465611766344,29.03859800278819
2019-05-13 19:00:00,122.59455670801873,122.59455670801873,121.90193377049691,122.24824523925781,288,176.25468505859374,304.56870613098147,150.3019706726074,11.85313968450061,126.59569130360619,174.00825004160862,27.852486340924017
2019-05-14 19:00:00,127.44293538875296,128.3502728272404,127.44293538875296,127.90007019042969,432,174.3244787597656,303.1211798095703,148.26426849365234,12.033813922239222,124.1966406491739,172.33189633813078,27.4137960102385
2019-05-16 19:00:00,121.90193377049691,127.44293248947436,121.90193377049691,122.24824523925781,720,172.396904296875,301.6474022674561,146.36509170532227,13.003877020179852,120.35733766496257,172.37284574568199,25.253519379805383
2019-05-19 19:00:00,127.44293212890625,127.44293212890625,127.44293212890625,127.44293212890625,720,170.62378509521486,300.18373939514163,144.77205429077148,13.2839460184285,118.20416225391448,171.33994632762847,33.76143017233947
2019-05-21 19:00:00,130.21343003425932,133.8150814342211,130.21343003425932,132.70687866210938,2448,168.99985748291016,298.729822769165,143.44810180664064,13.089877384115551,117.26834703840953,169.62785657487174,39.5115082298409
2019-05-22 19:00:00,134.71548706782724,137.13967493184293,134.71548706782724,136.44705200195312,432,167.57305084228517,297.3059056854248,142.56188888549804,12.924625490165102,116.71263790516784,168.41113986582823,42.486349898846896
2019-05-23 19:00:00,137.83229786173274,137.83229786173274,137.83229786173274,136.44705200195312,144,166.06312896728517,295.8373389434814,141.79965591430664,12.806845467227317,116.185964979852,167.41334684876128,38.57601635746074
2019-05-26 19:00:00,137.83230030428217,138.5249232464461,137.83230030428217,138.17861938476562,432,164.79257843017578,294.35020454406737,140.8213233947754,12.260327846937502,116.30066770090039,165.3419790886504,40.22134621948492
2019-05-27 19:00:00,138.1093614164995,138.38640451146873,137.76304232898465,138.00546264648438,1296,163.62162719726564,292.96875770568846,139.83433303833007,11.603137621847136,116.6280577946358,163.04060828202435,33.12427854435104
2019-05-29 19:00:00,138.5249248554964,138.5249248554964,134.3761117096753,137.13967895507812,6624,162.4818441772461,291.6125554656982,139.1981575012207,11.370812263773287,116.45653297367411,161.93978202876727,33.03998428370437
2019-06-02 19:00:00,135.06181010445073,135.06181010445073,135.06181010445073,137.13967895507812,144,161.25811492919922,290.256353225708,138.6613739013672,11.19161569235096,116.27814251666528,161.04460528606913,42.4986448854793
2019-06-09 19:00:00,130.90606178393205,130.90606178393205,130.28269958496094,130.28269958496094,576,159.8742510986328,288.7981771850586,137.7817413330078,11.120447537856093,115.54084625729561,160.02263640872,40.88167183464325
2019-06-10 19:00:00,130.9060544360786,130.9060544360786,130.55973535884326,130.73289489746094,288,158.51324340820312,287.3418776702881,136.68254547119142,10.642734068978452,115.3970773332345,157.96801360914833,47.60549077919016
2019-06-11 19:00:00,130.9060544360786,131.59867737174642,130.9060544360786,130.73289489746094,21744,157.24920349121095,285.95108917236325,135.60031967163087,10.046558113547627,115.50720344453562,155.69343589872614,54.03430631995357
2019-06-12 19:00:00,130.90605441611876,130.90605441611876,126.75030919334402,127.44293212890625,22176,155.83624908447266,284.505565032959,133.97265167236327,8.385848688911123,117.20095429454102,150.74434905018552,56.6821112267414
2019-06-13 19:00:00,130.90605142397825,133.8150798618897,130.90605142397825,133.74581909179688,864,154.6324676513672,283.0813458251953,132.6951057434082,5.903729221876701,120.88764729965479,144.5025641871616,57.39571955696761
2019-06-16 19:00:00,134.36918076989173,135.06180368719194,134.36918076989173,134.71548461914062,432,153.3095544433594,281.6955302429199,132.19295272827148,5.210003377897227,121.77294597247703,142.61295948406593,67.89264583312347
2019-06-17 19:00:00,135.0548839626863,136.7933582638215,131.5986785888672,131.5986785888672,2448,152.12170318603515,280.2285857391357,131.7773780822754,4.883280924018715,122.01081623423796,141.54393993031283,56.34249683167423
2019-06-18 19:00:00,130.90606127576368,132.98393019133331,129.52081533205057,131.25238037109375,720,150.9646044921875,278.6727884674072,131.69253158569336,4.876584427987804,121.93936272971776,141.44570044166898,47.38808055898068
2019-06-19 19:00:00,132.29129747744472,132.29129747744472,130.2134287148909,130.9060516357422,2448,149.82800720214843,277.166307220459,131.86568756103514,4.7782414366704975,122.30920468769415,141.42217043437614,38.66853977112094
2019-06-20 19:00:00,130.2134366527704,132.9839285050661,130.2134366527704,132.2913055419922,2880,148.77521759033203,275.62591423034667,132.3678405761719,4.2080313821870705,123.95177781179774,140.78390334054603,41.95710273667175
2019-06-23 19:00:00,130.21343205508558,130.21343205508558,127.44293269121127,128.2532958984375,576,147.57240539550781,274.12318504333496,132.38550186157227,4.1889912202372495,124.00751942109777,140.76348430204678,32.365217674201716
2019-06-25 19:00:00,126.75030975259304,126.75030975259304,126.75030975259304,128.2532958984375,144,146.34188842773438,272.65448753356935,132.68575439453124,3.5976119568212805,125.49053048088868,139.8809783081738,32.56559744495401
2019-06-26 19:00:00,128.13556468809523,128.13556468809523,127.4429341322438,127.78924560546875,288,145.2821728515625,271.19207984924316,132.70307006835938,3.571790354596886,125.55948935916561,139.84665077755315,33.04018501113144
2019-06-27 19:00:00,128.82818763454515,128.82818763454515,128.82818763454515,127.78924560546875,144,144.15319458007812,269.7528136444092,132.45718841552736,3.7369600719623035,124.98326827160275,139.93110855945196,33.04018501113144
2019-06-30 19:00:00,124.67243705421653,129.52081298828125,124.67243705421653,129.52081298828125,864,143.07270050048828,268.3244853973389,132.11087646484376,3.668049753415518,124.77477695801272,139.4469759716748,48.30246924073312
2019-07-01 19:00:00,124.74169508870516,124.74169508870516,124.67243431617428,124.7139892578125,720,141.93762725830078,266.8551070404053,131.52422332763672,3.870709678395965,123.78280397084478,139.26564268442866,38.76971502854725
2019-07-02 19:00:00,124.67242928249424,128.13555908203125,124.67242928249424,128.13555908203125,864,140.94024780273438,265.36880500793455,131.0220703125,3.6042692546934596,123.81353180311308,138.23060882188693,45.70251059483036
2019-07-03 19:00:00,128.82818199817817,128.82818199817817,128.82818199817817,128.13555908203125,144,140.11242279052735,263.86548713684084,130.52857513427733,3.256716211162671,124.015142711952,137.04200755660267,51.286011844726644
2019-07-04 19:00:00,129.52081298828125,129.52081298828125,128.8281900289582,129.52081298828125,720,139.36895965576173,262.35207969665527,130.1476318359375,2.864706690262411,124.41821845541267,135.8770452164623,40.402785614957914
2019-07-08 19:00:00,126.7503108007863,126.7503108007863,126.05768024703876,126.40399932861328,288,138.63824081420898,260.87413570404055,129.61084785461426,2.463284762316702,124.68427832998086,134.53741737924767,32.79820649611452
2019-07-10 19:00:00,126.05767780768686,126.05767780768686,124.67243194580078,124.67243194580078,864,137.75860717773438,259.4236073303223,129.33033447265626,2.6916095397665205,123.94711539312323,134.7135535521893,34.79321253492074
2019-07-11 19:00:00,123.97981019246382,123.97981019246382,121.90193377049691,122.24824523925781,432,136.99893646240236,257.9927097320557,128.9061019897461,3.0970259464793455,122.71205009678741,135.1001538827048,31.884066869573388
2019-07-14 19:00:00,121.20931363376243,123.63350158050604,120.51669068023615,122.0750961303711,432,136.25436477661134,256.5271529006958,128.4732120513916,3.416811527685287,121.63958899602103,135.30683510676218,32.10781335838722
2019-07-15 19:00:00,120.51669111668919,120.51669111668919,119.82406055125293,120.17037963867188,576,135.47405380249023,255.01804080963134,128.10958442687988,3.8868771639671698,120.33583009894554,135.88333875481422,25.9483564123324
2019-07-16 19:00:00,118.78512617545277,118.78512617545277,116.70724969692826,116.88040924072266,576,134.7282357788086,253.49247886657716,127.26631393432618,4.395892816079953,118.47452830216628,136.05809956648608,26.74224810253297
2019-07-17 19:00:00,115.6683132814054,115.6683132814054,112.89781389395479,113.24412536621094,576,133.9592840576172,251.9487355041504,126.19274597167968,5.053577494152535,116.08559098337462,136.29990095998477,23.279933457963836
2019-07-18 19:00:00,112.2051905604109,112.2051905604109,111.85887908935547,111.85887908935547,432,133.04155624389648,250.39806591033937,125.2057559967041,5.812812130491051,113.58013173572199,136.8313802576862,22.54061980129009
2019-07-21 19:00:00,110.81994709684953,110.81994709684953,109.78100505158797,110.30047607421875,288,132.09266036987304,248.84300746917725,124.15816078186035,6.511704041601322,111.1347526986577,137.18156886506299,21.391372762018108
2019-07-22 19:00:00,108.04944765848813,108.04944765848813,108.04944765848813,110.30047607421875,144,131.3014060974121,247.28907192230224,123.12788200378418,6.999681978686335,109.12851804641151,137.12724596115686,16.67068854568855
2019-07-23 19:00:00,106.66419262549145,106.66419262549145,104.8010306571672,105.60447692871094,1008,130.45598861694336,245.71904148101805,121.79354057312011,7.672258508024042,106.44902355707202,137.1380575891682,16.735010234269964
2019-07-25 19:00:00,100.3266830444336,100.3266830444336,100.3266830444336,100.3266830444336,288,129.50501525878906,244.09372894287108,120.39720993041992,8.880819692147089,102.63557054612573,138.1588493147141,4.530025565723008
2019-07-28 19:00:00,102.50845072773822,102.50845072773822,102.50845072773822,100.3266830444336,144,128.45721267700196,242.41427211761476,119.00087928771973,9.734970567775107,99.53093815216951,138.47082042326994,4.530025565723008
2019-07-29 19:00:00,102.85475760753802,103.89369201660156,102.85475760753802,103.89369201660156,1152,127.48753829956054,240.6466075515747,117.80610160827636,10.060514891598169,97.68507182508003,137.9271313914727,10.887927252200015
2019-07-30 19:00:00,103.89369201660156,103.89369201660156,103.89369201660156,103.89369201660156,288,126.36548629760742,238.7645966720581,116.611323928833,10.230005763000017,96.15131240283297,137.07133545483305,12.0326873400641
2019-07-31 19:00:00,101.8158219588711,101.8158219588711,99.73794555664062,99.73794555664062,576,125.17431045532227,236.98187084197997,115.12218055725097,10.417880304154002,94.28641994894296,135.95794116555896,11.12309116469197
2019-08-01 19:00:00,98.69901116022608,98.69901116022608,98.69901116022608,99.73794555664062,144,124.27389846801758,235.28926097869874,113.87337837219238,10.700698759917858,92.47198085235667,135.2747758920281,12.032690436850487
2019-08-04 19:00:00,100.77687995305519,100.77687995305519,98.35269969475456,99.73794555664062,432,123.47045394897461,233.59532375335692,112.45349769592285,10.592136021958348,91.26922565200616,133.63776973983954,12.103384940374255
2019-08-19 19:00:00,99.04532344691565,102.5084457397461,99.04532344691565,102.5084457397461,1008,122.86163665771484,231.9468544769287,111.1721420288086,10.13543322582031,90.90127557716798,131.4430084804492,20.890395025557524
2019-08-20 19:00:00,103.19414813730306,103.2010726928711,103.19414813730306,103.2010726928711,432,122.37679946899414,230.29602893829346,109.85615501403808,9.302067995158966,91.25201902372015,128.460291004356,25.343313844273453
2019-08-21 19:00:00,103.89369000301497,104.57938837377556,103.20106707706316,103.54737854003906,864,122.00278213500977,228.6187226486206,108.71332397460938,8.534416898622938,91.64449017736351,125.78215777185525,30.169952400596387
2019-08-22 19:00:00,108.04944939040415,108.04944939040415,103.89369636154898,105.97157287597656,1152,121.5642121887207,226.95694049835205,107.77828102111816,7.675069447804353,92.42814212550945,123.12841991672687,38.45108968136447
2019-08-25 19:00:00,101.15783032585189,101.15783032585189,100.67298970417829,100.99851989746094,432,121.13921768188476,225.2390859603882,106.71579475402832,7.008396785692244,92.69900118264384,120.7325883254128,33.90844799023547
2019-08-26 19:00:00,101.81582280306029,103.2010686764319,101.81582280306029,102.5084457397461,288,120.64052795410156,223.573600692749,105.73746223449707,6.051906359902601,93.63364951469187,117.84127495430228,37.189703869214476
2019-08-27 19:00:00,100.43057050563341,100.46520089193629,99.73794756077284,100.08425903320312,720,119.98807556152343,221.95537986755372,104.73315620422363,5.126622109312298,94.47991198559903,114.98640042284823,40.19197829386245
2019-08-28 19:00:00,100.4305688997108,101.81582237668277,100.4305688997108,101.1231918334961,288,119.2815983581543,220.35103183746338,103.9452953338623,4.306814809030365,95.33166571580158,112.55892495192303,51.666163412966576
2019-09-03 19:00:00,101.12319521996808,101.81582578634998,101.12319521996808,101.76041412353516,1296,118.58786560058594,218.74986991882324,103.37110977172851,3.728525226468804,95.9140593187909,110.82816022466612,52.921247778619275
2019-09-05 19:00:00,99.73794955108347,100.43057250976562,99.73794955108347,100.43057250976562,576,117.83290466308594,217.09788551330567,102.79969444274903,3.1971231209502062,96.40544820084861,109.19394068464945,42.236040992898964
2019-09-10 19:00:00,101.12319766139085,105.45210266113281,101.12319766139085,105.45210266113281,3744,117.18183746337891,215.46073150634766,102.55727577209473,2.751158003039715,97.0549597660153,108.05959177817415,52.85171803362911
2019-09-11 19:00:00,105.97157271881267,108.32649993896484,105.97157271881267,108.32649993896484,1872,116.60557388305664,213.9094157028198,102.45857696533203,2.4808795583290038,97.49681784867403,107.42033608199003,66.48935936470531
2019-09-16 19:00:00,108.04944727915912,109.08838171137165,108.04944727915912,108.91522216796875,1728,116.04108474731446,212.37805950164795,102.62411422729492,2.7926975571350763,97.03871911302477,108.20950934156508,67.2301551923489
2019-09-17 19:00:00,109.08837815305937,113.59043482186438,108.77669707262206,112.89781188964844,2304,115.6933869934082,210.86661624908447,103.25267066955567,3.558185839221081,96.1362989911135,110.36904234799783,71.4931957548169
2019-09-18 19:00:00,113.24412662173198,113.24412662173198,110.8199462890625,110.8199462890625,1440,115.29512802124023,209.41454868316652,103.7773338317871,3.8644797491851675,96.04837433341677,111.50629333015743,63.88889243029514
2019-09-19 19:00:00,108.74207298000859,108.74207298000859,105.27895050911171,106.87198638916016,1872,114.81790985107422,207.98783317565918,103.92624855041504,3.9260914959750233,96.074065558465,111.77843154236508,55.532362586063364
2019-09-22 19:00:00,107.35681915283203,108.39576121803871,107.35681915283203,107.35681915283203,864,114.41618759155273,206.6615871810913,104.09940490722656,4.000248587754234,96.09890773171809,112.09990208273503,55.71726181138742
2019-09-23 19:00:00,105.97156710181058,107.35681296301534,105.97156710181058,106.89276123046875,576,113.87912643432617,205.42300060272217,104.45714569091797,3.9085515491050398,96.64004259270789,112.27424878912805,51.46896012388018
2019-09-24 19:00:00,108.73514223789311,112.23289489746094,108.73514223789311,112.23289489746094,3600,113.42947463989258,204.28938739776612,105.08189315795899,4.108040683524829,96.86581179090933,113.29797452500864,67.7074344403366
2019-09-25 19:00:00,112.89781308084041,112.89781308084041,108.74206783429584,110.47362518310547,864,113.00697357177734,203.10818176269532,105.61867713928223,4.074272452363303,97.47013223455562,113.76722204400883,62.45667061362
2019-09-26 19:00:00,111.51256561279297,111.51256561279297,111.51256561279297,111.51256561279297,288,112.61217727661133,202.01520824432373,106.06888313293457,4.207792880326141,97.6532973722823,114.48446889358685,68.68207014854302
2019-09-29 19:00:00,112.20519219344506,112.20519219344506,110.8199462890625,110.8199462890625,576,112.21045516967773,201.00129848480225,106.44982681274413,4.278777495109016,97.8922718225261,115.00738180296217,66.03300270081732
2019-09-30 19:00:00,114.00601733347412,114.27613586989925,114.00601733347412,114.14453887939453,288,111.84751983642577,200.08238662719725,106.97968482971191,4.548106590719569,97.88347164827277,116.07589801115105,68.80522371702101
2019-10-01 19:00:00,109.4346894933067,116.25704286941054,108.43731003705439,114.31769561767578,2880,111.56880783081054,199.08987934112548,107.39699096679688,4.825193871329573,97.74660322413773,117.04737870945603,71.85525827611008
2019-10-02 19:00:00,110.12731747281599,114.28307047062908,109.71174521679536,114.27613830566406,6768,111.28926467895508,198.0736822128296,108.06087188720703,4.81190902360415,98.43705383999873,117.68468993441533,66.46847082878875
2019-10-03 19:00:00,108.94985781187978,115.58519501134097,108.94985781187978,115.45359802246094,432,111.04255172729492,197.04349796295165,108.70812950134277,4.89564261565498,98.91684427003281,118.49941473265272,64.20093831453025
2019-10-06 19:00:00,114.96876476154202,115.66831225522486,112.5515014231697,115.09343719482422,2016,110.78863555908202,195.93116409301757,109.45858840942383,4.648238244748582,100.16211191992666,118.75506489892099,62.423419003409194
2019-10-07 19:00:00,112.89781201779347,112.89781201779347,110.12731267638365,110.6329345703125,864,110.41087799072265,194.87258850097658,109.93407554626465,4.217100209114117,101.49987512803642,118.36827596449288,45.53157170329571
2019-10-08 19:00:00,108.74207141587044,110.81994791228126,108.74207141587044,109.781005859375,432,110.1122183227539,193.72916610717775,110.33510513305664,3.754947220783065,102.82521069149051,117.84499957462278,47.846056703297535
2019-10-09 19:00:00,107.356816246131,110.8199462238528,107.356816246131,110.72990417480469,576,109.76410522460938,192.5633652496338,110.85007171630859,2.9437286787396797,104.96261435882923,116.73752907378795,59.13414520918224
2019-10-10 19:00:00,113.59043664203897,116.26396942138672,112.20519075540989,116.26396942138672,4464,109.52667343139649,191.33927051544188,111.39066505432129,2.8925733165887295,105.60551842114383,117.17581168749875,67.01959236178374
2019-10-13 19:00:00,121.8950120318218,122.0750961303711,121.83267581381641,122.0750961303711,3600,109.37775909423829,190.0539793395996,112.07809486389161,3.658367425274897,104.76136001334181,119.3948297144414,74.08792354339758
2019-10-14 19:00:00,128.17710876464844,128.17710876464844,123.82743037953189,128.17710876464844,5184,109.41322128295899,188.70442008972168,113.04118919372559,5.051903566561462,102.93738206060266,123.14499632684851,74.69957579662821
2019-10-15 19:00:00,129.5208101225443,134.58389282226562,129.5208101225443,134.58389282226562,4176,109.61145050048827,187.28847526550294,114.12549324035645,6.979164783900306,100.16716367255583,128.08382280815707,82.64867676086648
2019-10-16 19:00:00,135.0618148118904,136.44706076058998,128.48187372736186,129.34765625,2736,109.75343872070313,185.94211433410644,115.05187873840332,7.70881206208005,99.63425461424322,130.46950286256342,71.68605659738489
2019-10-17 19:00:00,128.83511034572754,135.8098420357658,128.8281857904305,135.80291748046875,2448,110.02799514770508,184.56391395568846,116.49842529296875,8.738706745520489,99.02101180192777,133.97583878400974,76.64353296081168
2019-10-20 19:00:00,132.2913015309409,132.2913015309409,129.52080976264605,131.5986785888672,2016,110.25656112670899,183.2088314819336,117.71051826477051,9.078604736971167,99.55330879082818,135.86772773871286,68.27146257860666
2019-10-21 19:00:00,130.21343713357876,131.59175850925365,129.1744950757299,130.3865966796875,432,110.52668487548829,181.8188638305664,118.88521003723145,9.125041591700777,100.63512685382989,137.135293220633,66.46325706228777
2019-10-22 19:00:00,129.52081342586345,129.52081342586345,127.09662545064106,127.6160888671875,432,110.81412414550782,180.517138671875,119.65436973571778,9.182947905719873,101.28847392427804,138.02026554715752,62.94355038104581
2019-10-23 19:00:00,129.52081223577323,129.52081223577323,126.75031280517578,126.75031280517578,864,111.11195281982423,179.30807483673095,120.46820411682128,9.046732245319184,102.37473962618292,138.56166860745964,61.02773043916446
2019-10-24 19:00:00,130.17879719484577,130.17879719484577,130.17879719484577,126.75031280517578,144,111.44094955444336,178.19113487243652,121.23009147644044,8.893154977532932,103.44378152137458,139.0164014315063,61.45989811957134
2019-10-27 19:00:00,126.75031531901251,130.21343777359297,126.126953125,126.126953125,1584,111.75747909545899,177.1586074066162,121.99544181823731,8.604065171102523,104.78731147603227,139.20357216044235,66.47518928159312
2019-10-28 19:00:00,129.52081587087372,132.29130776982552,129.52081587087372,131.21774291992188,1296,112.2697444152832,176.23001106262208,122.84910202026367,8.63105853649456,105.58698494727454,140.1112190932528,70.90934527973329
2019-10-29 19:00:00,132.29129899760497,137.77688598632812,130.90605313998455,137.77688598632812,3888,113.0187484741211,175.26550041198732,124.02206153869629,8.996915892744422,106.02822975320746,142.01589332418513,73.77907839371011
2019-10-30 19:00:00,144.66159057617188,144.66159057617188,144.66159057617188,144.66159057617188,1584,113.90544662475585,174.25275032043456,125.54133415222168,9.794705255450014,105.95192364132166,145.1307446631217,74.38735351894579
2019-10-31 19:00:00,151.89259338378906,151.89259338378906,151.89259338378906,151.89259338378906,1872,114.8654246520996,173.28901916503906,127.36328392028808,11.119033452645766,105.12521701499655,149.60135082557963,74.99710580893887
2019-11-03 19:00:00,159.48374938964844,159.48374938964844,159.48374938964844,159.48374938964844,1584,115.97722579956054,172.41718406677245,129.5827995300293,12.83841965591088,103.90596021820753,155.25963884185106,75.60617270268408
2019-11-04 19:00:00,167.455848129121,167.455848129121,166.91844177246094,166.91844177246094,144,117.32083572387695,171.58422409057619,132.3970748901367,14.5242542150733,103.34856645999011,161.4455833202833,76.00956783463671
2019-11-05 19:00:00,175.26174926757812,175.26174926757812,175.26174926757812,175.26174926757812,432,118.8313117980957,170.79298065185546,135.67111206054688,16.415064635544052,102.84098278945876,168.501241331635,85.17457614359051
2019-11-06 19:00:00,184.0234375,184.0234375,184.0234375,184.0234375,432,120.5170216369629,170.06426300048827,139.33578872680664,18.591054747733132,102.15367923134038,176.5178982222729,85.68060720418171
2019-11-07 19:00:00,193.22149658203125,193.22149658203125,193.22149658203125,193.22149658203125,432,122.3312826538086,169.39684982299804,143.18366508483888,21.327220846526163,100.52922339178656,185.8381067778912,92.45968471958825
2019-11-10 19:00:00,202.87669372558594,202.87669372558594,202.87669372558594,202.87669372558594,288,124.32479507446288,168.7844312286377,147.2237449645996,24.53075160089987,98.16224176279987,196.28524816639936,94.74178998013008
2019-11-11 19:00:00,213.01670837402344,213.01670837402344,213.01670837402344,213.01670837402344,288,126.51418167114258,168.18579574584962,151.46572494506836,28.13449793642786,95.19672907221263,207.73472081792409,98.31505495770976
2019-11-12 19:00:00,223.66234615968648,223.66234615968648,202.37105820864176,218.28758239746094,18720,128.76050186157227,167.614934463501,155.65090942382812,31.51382194972686,92.6232655243744,218.67855332328185,99.3281602922957
2019-11-13 19:00:00,207.37875366210938,210.5440517529275,207.37875366210938,207.37875366210938,20880,130.88810653686522,167.0726441192627,159.5524642944336,32.886379069335895,93.77970615576182,225.3252224331054,88.87850800792424
2019-11-14 19:00:00,207.02550279186022,207.02550279186022,197.01014544451354,202.93902587890625,15552,132.89671813964844,166.58711418151856,162.90926971435547,33.749662405531154,95.40994490329317,230.40859452541778,85.7234929223719
2019-11-17 19:00:00,207.78739329843003,213.08597195689984,207.78739329843003,210.218505859375,24336,135.09940307617188,166.14906364440918,166.84026107788085,34.48150639588104,97.87724828611877,235.80327386964294,86.00833755264871
2019-11-18 19:00:00,207.78738062635605,217.41487128531355,203.70090382916038,205.55020141601562,12240,137.18794326782228,165.76126304626465,170.59844131469725,34.395243583603026,101.8079541474912,239.3889284819033,81.4326954405808
2019-11-19 19:00:00,205.70952549675445,211.25052450751053,200.86114945999242,201.3390655517578,3744,139.1795162963867,165.42315841674804,174.2845901489258,33.48477449318747,107.31504116255084,241.25413913530073,76.955010481091
2019-11-20 19:00:00,198.09064536112498,198.09064536112498,194.01107788085938,194.01107788085938,1872,141.05112640380858,165.01489074707033,177.64762840270996,31.79440417833395,114.05882004604206,241.23643675937785,70.01249785576005
2019-11-21 19:00:00,200.16160002395918,203.7078399658203,200.13390180153684,203.7078399658203,3888,143.01624114990236,164.65337532043458,181.4955047607422,29.911512874507594,121.672479011727,241.31853050975738,70.60076117625786
2019-11-24 19:00:00,207.78738880363935,211.25051879882812,207.78738880363935,211.25051879882812,1728,145.0747215270996,164.3962038421631,185.7516830444336,27.58399299833362,130.58369704776635,240.91966904110086,70.63030882972592
2019-11-25 19:00:00,213.32838871341667,216.09889576694863,200.68798547515988,200.86114501953125,18432,146.91363998413087,164.15274627685548,189.23385314941407,24.568370517462245,140.0971121144896,238.37059418433856,61.690277420081316
2019-11-26 19:00:00,200.86114648129944,202.2463924087449,197.39803166268584,200.3970947265625,5760,148.66362564086913,163.96933929443358,192.36486358642577,21.458927394512376,149.44700879740103,235.28271837545051,58.090353225016024
2019-11-27 19:00:00,207.0947635647439,207.78738651238348,200.86114181718435,202.93902587890625,8352,150.506007232666,163.7763394165039,195.2787353515625,18.375646658953862,158.52744203365478,232.0300286694702,55.13957311831393
2019-11-28 19:00:00,207.09475942229196,207.09475942229196,195.32013911033656,202.2463836669922,4320,152.41349517822266,163.5745085144043,197.79642486572266,15.312600609276586,167.17122364716948,228.42162608427583,49.63171547765008
2019-12-01 19:00:00,201.20746385011594,201.20746385011594,197.46729074674911,200.5009765625,8352,154.27637832641602,163.3466003417969,199.84728622436523,12.376488453734792,175.09430931689565,224.60026313183482,41.89176979506783
2019-12-02 19:00:00,200.86113857055037,200.86113857055037,191.99554672149938,198.43695068359375,7920,156.1072621154785,163.15093383789062,201.42321166992187,9.674658410028421,182.07389484986504,220.7725284899787,36.58239496222141
2019-12-03 19:00:00,193.93489112719664,195.320136979656,190.50639927201817,192.03018188476562,7776,157.7032078552246,162.89726013183594,202.26163330078126,7.840949085134125,186.579735130513,217.9435314710495,38.95313745111804
2019-12-04 19:00:00,200.16851531900866,200.16851531900866,193.2422707466654,193.9418182373047,4320,159.37257171630858,162.66180229187012,202.75755233764647,6.881699573422196,188.99415319080208,216.52095148449087,43.279867010795
2019-12-05 19:00:00,193.93489661675903,198.7832724564087,193.93489661675903,193.94874572753906,2448,161.0212953186035,162.41858711242676,202.79391479492188,6.830389760444176,189.13313527403352,216.45469431581023,36.36680033213067
2019-12-08 19:00:00,193.93490171063078,203.6316536446239,193.93490171063078,196.26211547851562,6048,162.73013870239257,162.1878045654297,202.46318588256835,6.984570133331691,188.49404561590498,216.43232614923173,41.897291287735186
2019-12-09 19:00:00,194.97384003673932,194.97384003673932,191.93321447746692,192.54965209960938,2736,164.29824096679687,161.9748225402832,201.43983306884766,6.855103647964527,187.7296257729186,215.15004036477671,42.265022512451345
2019-12-11 19:00:00,184.23815458005822,197.39802059023344,184.23815458005822,193.9348907470703,2160,165.89058486938475,161.7635720062256,200.22219848632812,5.784194875260869,188.6538087358064,211.79058823684986,49.9251206722433
2019-12-12 19:00:00,200.8542222518519,200.8542222518519,189.1557867420251,193.9972381591797,4464,167.48500686645508,161.6011169433594,199.55312271118163,5.6859100923048835,188.18130252657187,210.9249428957914,38.226394290006404
2019-12-15 19:00:00,199.40663661734249,199.40663661734249,190.57566733700568,192.5150146484375,4608,169.0262351989746,161.39003952026368,199.03192214965821,5.835010135348331,187.36190187896156,210.70194242035487,23.370731639609062
2019-12-16 19:00:00,198.7763432400655,202.1355743408203,192.5496462101404,202.1355743408203,27072,170.76707794189454,161.25251892089844,198.62777557373047,5.272200354816753,188.08337486409698,209.17217628336397,51.85185185185185
2019-12-17 19:00:00,206.32595857828548,209.79601314601803,198.43695705474204,200.86114501953125,15264,172.57164215087892,161.05512084960938,198.39332275390626,5.047638489486167,188.29804577493394,208.48859973287858,50.658788584579334
2019-12-18 19:00:00,200.86114382603412,203.9779547309857,194.62752201613097,199.995361328125,9072,174.3759292602539,160.84646766662598,198.3261375427246,5.015204681767672,188.29572817918927,208.35654690625995,45.61221073470383
2019-12-19 19:00:00,198.78327224733636,200.16851813754985,191.87087668823122,195.27859497070312,4032,176.06690307617188,160.61076751708984,198.3895133972168,4.9655694954283165,188.45837440636018,208.32065238807343,40.726418155904845
2019-12-22 19:00:00,199.96073036983842,199.96073036983842,191.85702234850754,192.03018188476562,3024,177.58222732543945,160.38653030395508,197.80563049316407,4.993779513431997,187.81807146630007,207.79318952002808,39.15972871495778
2019-12-23 19:00:00,200.34167182564056,200.34167182564056,190.4717761227098,193.9348907470703,2448,179.01942321777344,160.16142730712892,196.93984909057616,3.927265679536066,189.08531773150403,204.7943804496483,44.215021059851075
2019-12-25 19:00:00,197.39802059023344,197.39802059023344,193.9348907470703,193.9348907470703,1440,180.3345788574219,159.91900863647462,196.59353637695312,3.8682204640200775,188.85709544891296,204.3299773049933,52.929882515529954
2019-12-26 19:00:00,193.93490020710684,193.93490020710684,184.23816356709335,193.1660919189453,8064,181.50622283935547,159.61214134216308,196.23198623657225,3.8317606982243295,188.5684648401236,203.8955076330209,48.76327151393782
2019-12-29 19:00:00,190.54104651887795,193.23535302868726,187.08484105629813,187.70127868652344,3024,182.67329528808594,159.2692921447754,195.47009887695313,3.9413099244204277,187.58747902811228,203.35271872579398,41.516185045357915
2019-12-31 19:00:00,183.96109696851647,190.12545776367188,180.15858781324303,190.12545776367188,3456,183.75974609375,158.8841928100586,194.86405258178712,3.7727964312594,187.31845971926833,202.4096454443059,41.691663650501674
2020-01-01 19:00:00,195.31321527284274,195.31321527284274,189.7791411186895,191.85702514648438,2880,184.96491302490233,158.48939682006835,194.43185501098634,3.583421421160186,187.26501216866598,201.5986978533067,49.00911253226409
2020-01-02 19:00:00,186.31602599860298,193.2422705644139,184.93078012920134,187.1818084716797,3024,186.1008172607422,158.11624534606935,193.8690979003906,3.7986545035940305,186.27178889320254,201.4664069075787,41.17008847269285
2020-01-05 19:00:00,180.08240911110994,186.3021817955,177.82445615387533,181.6200408935547,3744,187.18089630126954,157.75625366210937,193.34859085083008,4.6758336064401655,183.99692363794975,202.7002580637104,35.85114777843596
2020-01-06 19:00:00,180.08241021370586,186.2398467178431,180.08241021370586,184.9307861328125,720,188.34450576782226,157.47619094848633,192.89803924560547,5.035936963708181,182.8261653181891,202.96991317302184,41.67807421020062
2020-01-07 19:00:00,180.0824023333867,183.54551696777344,180.0824023333867,183.54551696777344,288,189.48040985107423,157.24939094543458,192.37787780761718,5.4425559560558545,181.49276589550547,203.2629897197289,25.102018294626887
2020-01-08 19:00:00,183.55938488627507,183.55938488627507,175.30329082510946,180.31790161132812,4752,190.5642288208008,156.99776039123535,191.5806671142578,5.984417120366157,179.6118328735255,203.54950135499013,23.85400742011261
2020-01-09 19:00:00,180.7750244140625,182.8528931849681,180.08240149042732,180.7750244140625,1584,191.5553744506836,156.75534172058104,190.99193572998047,6.445490494364406,178.10095474125166,203.88291671870928,25.280570773226913
2020-01-12 19:00:00,182.85289994855702,187.00865286288894,182.85289994855702,186.93939208984375,1728,192.53862457275392,156.53335556030274,190.64216079711915,6.467155407357438,177.70784998240427,203.57647161183402,39.65990240328875
2020-01-15 19:00:00,193.24227345784507,193.24227345784507,187.00865173339844,187.00865173339844,864,193.38556579589843,156.30478942871093,190.29273147583007,6.465136092492538,177.36245929084498,203.22300366081515,43.24071635988552
2020-01-19 19:00:00,180.08933303946625,186.3021811467609,180.08240848402926,185.7896270751953,1296,194.06350646972658,156.08051750183105,189.95646209716796,6.518151069928524,176.92015995731091,202.992764237025,38.829785898370574
2020-01-20 19:00:00,179.73608906750886,186.93939208984375,179.73608906750886,186.93939208984375,432,194.61261932373046,155.8931625366211,189.19665298461913,5.877993359146248,177.44066626632664,200.95263970291163,40.69982801689564
2020-01-21 19:00:00,186.93939208984375,186.31602991363414,186.31602991363414,186.93939208984375,288,195.01303833007813,155.67983421325684,188.50056533813478,5.210361159095382,178.079843019944,198.92128765632555,41.549159561015955
2020-01-22 19:00:00,180.1516731625295,180.4979922547054,180.1239749401811,180.47720336914062,1440,195.11734741210938,155.4774839782715,187.52465744018554,4.751761350358286,178.02113473946898,197.0281801409021,40.45396383597264
2020-01-26 19:00:00,180.08240261346842,180.77502554142302,180.08240261346842,180.7057647705078,576,195.05099395751952,155.27970504760742,186.79601593017577,4.615539334942687,177.5649372602904,196.02709460006113,36.78585877180403
2020-01-27 19:00:00,183.54553045154827,186.3091130256804,180.84429931640625,180.84429931640625,720,194.80345001220704,155.05841148376464,186.23672180175782,4.6256214527828154,176.9854788961922,195.48796470732344,33.828329742267854
2020-01-28 19:00:00,184.92385864257812,184.92385864257812,184.92385864257812,184.92385864257812,1296,194.44439331054687,154.84020011901856,185.7861701965332,4.260794170161757,177.26458185620967,194.3077585368567,46.62526962129184
2020-01-29 19:00:00,177.31883435105456,182.8528931849681,177.31883435105456,180.7750244140625,3024,193.79955963134765,154.64280212402343,185.1281768798828,3.9402364582832954,177.2477039633162,193.0086497964494,48.68134500475991
2020-02-02 19:00:00,179.38978576660156,179.38978576660156,179.38978576660156,179.38978576660156,720,193.02160369873047,154.41769912719727,184.43936157226562,3.654957177588935,177.12944721708774,191.7492759274435,40.80036926712535
2020-02-03 19:00:00,177.31190608320583,182.7836442756787,175.92666014604404,178.1776885986328,1728,192.43758239746094,154.2154527282715,183.9631820678711,3.8240859533289275,176.31501016121322,191.61135397452895,41.03634019436475
2020-02-06 19:00:00,169.6999570650862,175.23403129101936,169.6999570650862,173.84878540039062,2016,191.85577758789063,154.00420219421386,183.14934844970702,4.160781235003093,174.82778597970082,191.47091091971322,39.58054799691712
2020-02-09 19:00:00,173.15616848268743,184.23816643109058,170.38566138618486,182.8529052734375,7200,191.30846557617187,153.84895042419433,182.6991424560547,3.621140018167295,175.4568624197201,189.94142249238928,52.624219532875976
2020-02-10 19:00:00,184.93078870630305,184.93078870630305,173.15616783267595,180.08241271972656,1152,190.7991098022461,153.71042556762694,182.34417266845702,3.50468374198608,175.33480518448485,189.3535401524292,40.5281388967696
2020-02-11 19:00:00,178.07380730885433,178.07380730885433,178.0045465329963,178.03916931152344,288,190.3331118774414,153.5409056854248,182.16512908935547,3.632752396468679,174.89962429641812,189.43063388229282,38.2507857141144
2020-02-12 19:00:00,176.62620544433594,176.62620544433594,176.62620544433594,176.62620544433594,864,189.98541442871092,153.4155059814453,181.74990005493163,3.771942280281306,174.206015494369,189.29378461549425,38.05742136043426
2020-02-13 19:00:00,182.1602783203125,182.1602783203125,182.1602783203125,182.1602783203125,144,189.5544631958008,153.3435422515869,181.6806381225586,3.7498887609269236,174.18086060070476,189.18041564441245,44.41023762968547
2020-02-16 19:00:00,173.9180520446116,173.9180520446116,173.86264038085938,173.86264038085938,432,188.8067056274414,153.24221130371095,181.35787506103514,4.131726838423907,173.09442138418734,189.62132873788295,37.19132056746916
2020-02-17 19:00:00,173.91804333534762,180.01314341722838,169.00040680693039,179.6668243408203,1152,188.38281921386718,153.14891471862794,181.30246505737304,4.147356158295262,173.0077527407825,189.59717737396358,49.195868159261984
2020-02-19 19:00:00,173.15615878138127,186.1775033583961,173.15615878138127,183.29617309570312,3024,188.04080078125,153.06801612854005,181.12030410766602,3.962634504520994,173.19503509862403,189.045573116708,52.40792469840129
2020-02-20 19:00:00,184.2381637048935,187.00865554159716,184.2381637048935,186.58615112304688,1584,187.71374328613283,153.00703048706055,181.09917907714845,3.9305878267209984,173.23800342370646,188.96035473059044,55.0419598334684
2020-02-23 19:00:00,175.2409577979189,183.54552389759064,174.45830040508315,175.79505920410156,1872,187.184716796875,152.9163313293457,180.59945068359374,3.938204964237569,172.7230407551186,188.47586061206889,42.82915710877904
2020-02-24 19:00:00,177.31190285009612,177.31190285009612,173.15616511438662,175.185546875,2880,186.678408203125,152.8018058013916,180.01175842285156,3.817463762719633,172.3768308974123,187.6466859482908,45.35084900387302
2020-02-25 19:00:00,167.26884254370302,177.28419973480118,167.26884254370302,176.6123504638672,864,186.24191619873048,152.71519309997558,179.49540634155272,3.517767225656924,172.45987189023887,186.53094079286657,47.69141324745414
2020-02-26 19:00:00,166.29224811867604,173.1561563305815,165.47495276773657,168.76490783691406,4032,185.77661071777345,152.5547119140625,178.9097915649414,4.2453678673113115,170.41905583031877,187.40052729956403,42.953428908765915
2020-02-27 19:00:00,178.0045444952917,178.0045444952917,157.80066962262455,161.09756469726562,5328,185.11972564697265,152.40524353027342,177.92938156127929,5.791398562896321,166.34658443548665,189.51217868707192,40.90863991658696
2020-03-01 19:00:00,149.821626018754,158.61103251874027,149.821626018754,149.9324493408203,22464,184.2393997192383,152.20936920166017,176.3837890625,8.47541333804724,159.4329623864055,193.3346157385945,27.230041200646667
2020-03-02 19:00:00,153.76267768132763,153.90119922964917,148.91430173964721,152.03111267089844,5328,183.35477966308594,152.03084518432618,174.73915176391603,9.816322110830162,155.1065075422557,194.37179598557634,30.415862898576293
2020-03-03 19:00:00,157.87686556590893,157.9184128984537,152.37741408567248,156.87948608398438,2448,182.64137634277344,151.89058868408202,173.54437484741212,10.475107028303485,152.59416079080515,194.49458890401908,35.78408789190043
2020-03-04 19:00:00,153.07698163825611,157.5721140041484,153.07005708261354,153.76268005371094,1584,181.83793212890626,151.71743255615235,172.26301956176758,11.260407281055857,149.74220499965585,194.7838341238793,34.98317705007278
2020-03-05 19:00:00,157.22579270780108,157.22579270780108,152.37741675920026,155.7712860107422,1152,181.0734130859375,151.5473932647705,171.14269943237304,11.745167634361305,147.65236416365042,194.63303470109565,31.825989764969236
2020-03-08 19:00:00,146.53167558252198,149.6069239462607,145.45117098593013,149.26060485839844,1584,180.2083248901367,151.3898211669922,169.91329040527344,12.695429187798126,144.5224320296772,195.3041487808697,32.629103681793666
2020-03-09 19:00:00,148.914306640625,148.914306640625,148.914306640625,148.914306640625,288,179.1438995361328,151.21320190429688,168.21636047363282,13.135401713527687,141.94555704657745,194.4871639006882,26.47309530897057
2020-03-10 19:00:00,154.4552949116211,154.4552949116211,150.99216501924093,152.37741088867188,576,178.17422485351562,151.05736137390136,166.83111038208008,13.278252019282823,140.27460634351445,193.38761442064572,26.28558989579335
2020-03-11 19:00:00,145.45117421763507,147.52905835336944,145.45117421763507,147.1827392578125,576,177.11797241210937,150.8859368133545,165.28828887939454,13.693562636955626,137.9011636054833,192.67541415330578,20.635890970106246
2020-03-12 19:00:00,136.8834061137671,145.4511659475874,136.8834061137671,141.30235290527344,3456,176.03844757080077,150.7024259185791,163.5220962524414,14.413348237262477,134.69539977791644,192.34879272696637,22.26552397161616
2020-03-15 19:00:00,132.2982284245971,132.2982284245971,130.7052001953125,130.7052001953125,4176,174.81194793701172,150.50831787109374,160.9493423461914,15.46529752559821,130.01874729499497,191.87993739738783,19.184249406109473
2020-03-16 19:00:00,134.64623724082512,138.1786281672999,128.13557203938942,137.2643585205078,1872,173.67853729248046,150.36116981506348,159.11942825317382,16.01247310607791,127.09448204101801,191.14437446532963,24.549769431891704
2020-03-17 19:00:00,126.97195434570312,126.97195434570312,126.97195434570312,126.97195434570312,864,172.33927856445314,150.18132987976074,156.48468475341798,16.770923664961465,122.94283742349505,190.0265320833409,23.797115230994862
2020-03-18 19:00:00,121.20931392843818,121.20931392843818,117.45528411865234,117.45528411865234,3168,170.82506240844725,149.92533573150635,153.19264030456543,17.66903447256265,117.85457135944013,188.53070924969074,23.257780925599974
2020-03-19 19:00:00,121.2093143659106,121.2093143659106,108.65202863970585,108.70051574707031,2592,169.2450471496582,149.6676794052124,149.2983585357666,18.485861991232902,112.32663455330079,186.2700825182324,23.96571019845662
2020-03-23 19:00:00,114.28307050382257,114.28307050382257,100.56217018277289,107.42608642578125,720,167.59105972290038,149.4082914352417,145.8799098968506,19.615127058668588,106.64965577951341,185.11016401418777,21.539670587703824
2020-03-25 19:00:00,110.81994380818003,110.81994380818003,102.5084457397461,102.5084457397461,1728,165.80408813476564,149.1249040222168,142.24605484008788,20.607199143160155,101.03165655376756,183.4604531264082,15.339082623815685
2020-03-26 19:00:00,103.89369201660156,103.89369201660156,103.89369201660156,103.89369201660156,288,164.13832580566407,148.87351593017578,138.6101219177246,20.639688095506784,97.33074572671103,179.88949810873817,17.49139742228037
2020-03-29 19:00:00,105.27894419843628,109.35157190144845,105.27894419843628,107.73776245117188,1440,162.6606802368164,148.65374618530274,135.5587646484375,20.45729005361843,94.64418454120063,176.47334475567436,19.41968882723461
2020-03-30 19:00:00,109.78100568647746,112.89781662148408,107.35681771271636,107.82087707519531,1296,161.11848205566406,148.40412422180177,132.894930267334,20.425414300136918,92.04410166706015,173.74575886760783,21.265957543607428
2020-03-31 19:00:00,115.25274137580318,115.52979207630385,107.73776490410263,109.55936431884766,2448,159.63875900268556,148.16319469451904,130.87627601623535,20.646811553972427,89.5826529082905,172.1698991241802,23.228405589683092
2020-04-01 19:00:00,110.81994373333399,114.97568896004351,109.43469025149653,113.79822540283203,3168,158.3083654785156,147.98286987304687,128.96463165283203,20.352900653205285,88.25883034642146,169.6704329592426,24.030215569736896
2020-04-02 19:00:00,114.28307072476237,115.66831665417932,114.28307072476237,114.63630676269531,1584,156.98559112548827,147.8166746520996,126.85247268676758,19.4765827291081,87.89930722855138,165.8056381449838,26.72610614563665
2020-04-05 19:00:00,113.59043395045676,113.59043395045676,109.43468877964047,110.12731170654297,1008,155.44934951782227,147.62793445587158,124.67070426940919,18.73327703652258,87.20415019636403,162.13725834245434,27.26078800293604
2020-04-08 19:00:00,116.36093520008784,118.3833999633789,116.36093520008784,118.3833999633789,3456,154.07684448242188,147.45626739501952,122.80130996704102,17.275125122020455,88.25105972300011,157.35156021108193,40.69463104301363
2020-04-09 19:00:00,117.74619242189031,127.25592803955078,117.74619242189031,127.25592803955078,1440,152.90617050170897,147.33065998077393,121.70107612609863,16.166417527143683,89.36824107181127,154.03391118038599,42.69685627867436
2020-04-12 19:00:00,136.786440922798,136.79336547851562,136.786440922798,136.79336547851562,4176,151.90324996948243,147.21464534759522,121.09502906799317,15.296335095468578,90.50235887705601,151.6876992589303,57.24651778597387
2020-04-13 19:00:00,145.44424937449924,145.45117393014027,138.5249290019244,143.26248168945312,4608,151.0297117614746,147.134474067688,120.63928260803223,14.426280708154648,91.78672119172293,149.49184402434153,69.9379252044512
2020-04-14 19:00:00,145.45116429311938,145.45116429311938,140.60972837294628,142.34127807617188,1440,150.26699325561523,147.12238773345948,120.3972095489502,13.991507678815582,92.41419419131904,148.38022490658136,79.56894181519219
2020-04-15 19:00:00,137.13968628204503,137.13968628204503,135.7544403076172,135.7544403076172,1152,149.36796676635743,147.10160907745362,120.11981391906738,13.60488303692101,92.91004784522536,147.3295799929094,72.77282775651473
2020-04-16 19:00:00,135.06180695142518,144.75854324678536,128.98055597985564,139.21754455566406,2016,148.5354316711426,147.13295024871826,120.54543113708496,14.078378194281012,92.38867474852293,148.702187525647,80.2166464093415
2020-04-19 19:00:00,144.75161449177017,144.75161449177017,137.1396717746502,138.52491760253906,720,147.6074528503418,147.18836017608643,120.60845909118652,14.159753694877324,92.28895170143187,148.92796648094117,78.83505997881322
2020-04-20 19:00:00,131.64024701078455,131.64024701078455,131.59868445801345,131.61253356933594,1584,146.62420303344726,147.23518161773683,120.84048805236816,14.306775545693297,92.22693696098156,149.45403914375476,68.91254758183011
2020-04-22 19:00:00,137.83229440875414,138.4902945460067,137.83229440875414,138.1647491455078,288,145.79970230102538,147.2865050125122,121.87596130371094,14.790144341930402,92.29567261985014,151.45624998757174,71.80252809056518
2020-04-23 19:00:00,133.67654445423986,141.1915283203125,133.67654445423986,141.1915283203125,576,145.05997909545897,147.38122142791747,123.50051193237304,15.048928082307215,93.40265576775862,153.59836809698749,72.31506326283844
2020-04-26 19:00:00,141.21922654110864,141.21922654110864,141.21922654110864,141.1915283203125,144,144.40683395385742,147.4499644088745,125.18878402709962,15.04469506828749,95.09939389052464,155.2781741636746,70.55400108331557
2020-04-28 19:00:00,142.68067912355835,144.40531956934288,142.68067912355835,143.25555419921875,432,143.61488693237305,147.50270778656005,127.22613945007325,14.562945482664766,98.10024848474372,156.3520304154028,71.08594012085914
2020-04-29 19:00:00,144.75162201102918,144.75854656646007,138.52492479834646,143.71961975097656,1584,142.88763107299803,147.5390706253052,129.217435836792,13.91295270166313,101.39153043346573,157.04334124011825,76.31866461473648
2020-05-04 19:00:00,138.52492420433552,144.06592299876533,138.52492420433552,140.37423706054688,432,142.1343324279785,147.55870655059815,130.84925956726073,13.154298228381068,104.5406631104986,157.15785602402286,68.6655007783166
2020-05-05 19:00:00,138.52492744996465,138.59418822440244,137.8323044867832,138.29637145996094,2736,141.367735748291,147.5592953109741,132.37303428649903,12.066462794792885,108.24010869691327,156.5059598760848,60.592782935398716
2020-05-06 19:00:00,128.13557007449484,138.524929926781,128.13557007449484,138.51800537109375,5472,140.49489028930665,147.56185802459717,133.82096633911132,10.862194095607137,112.09657814789705,155.5453545303256,52.0148961051926
2020-05-07 19:00:00,141.29542447711916,141.29542447711916,138.52491760253906,138.52491760253906,576,139.78813583374023,147.56878421783446,135.05730094909669,9.820506172967532,115.41628860316162,154.69831329503174,43.480722124024624
2020-05-10 19:00:00,138.52492560091662,139.91017150878906,138.52492560091662,139.91017150878906,6480,138.9930027770996,147.58263668060303,136.32099418640138,8.605382114884916,119.11022995663154,153.53175841617121,46.69678417193101
2020-05-11 19:00:00,132.9839314867933,138.5249305344268,132.9839314867933,136.79336547851562,1584,138.06294662475585,147.6151900100708,137.654296875,6.006836618711157,125.64062363757769,149.66797011242232,51.55858776432949
2020-05-12 19:00:00,141.91879481588768,141.91879481588768,134.02979334640054,139.91017150878906,864,137.12942703247072,147.66107639312744,138.73063545227052,3.947757824922514,130.83511980242548,146.62615110211556,51.049983391609196
2020-05-13 19:00:00,137.13967969304417,137.13967969304417,137.13967969304417,139.91017150878906,144,136.41172927856445,147.70696277618407,139.36334762573242,2.882131395637342,133.59908483445773,145.1276104170071,52.1450113081866
2020-05-14 19:00:00,138.52491760253906,138.52491760253906,138.52491760253906,138.52491760253906,1872,135.67851669311523,147.76237270355224,139.4499252319336,2.826334703626226,133.79725582468114,145.10259463918607,62.91406775602358
2020-05-17 19:00:00,138.52491850449476,138.52491850449476,134.64622407363024,136.5855712890625,576,134.87798110961913,147.77657146453856,139.11607971191407,2.745475411089557,133.62512888973495,144.60703053409318,46.43528555121791
2020-05-18 19:00:00,141.29542843936048,142.68067430609477,137.13967562035486,139.03746032714844,7488,134.28343215942382,147.79818134307862,138.95088882446288,2.6385161834673747,133.67385645752813,144.22792119139763,45.008009448674116
2020-05-19 19:00:00,148.91429498027574,149.46147181199257,128.82818438367545,130.6220703125,18432,133.67392227172851,147.79329830169678,138.69427032470702,3.1631801033137816,132.36791011807946,145.02063053133458,32.37873359294946
2020-05-20 19:00:00,131.5986726264863,135.68516454025652,131.5986726264863,135.359619140625,1584,133.3824656677246,147.81383449554443,138.5013740539551,3.2461342363472103,132.00910558126066,144.99364252664952,37.91345545663571
2020-05-27 19:00:00,130.31733406140262,130.90605824727942,130.29654517612943,130.31039428710938,432,132.94805130004883,147.81085620880128,138.09064788818358,3.7270563924994096,130.63653510318477,145.5447606731824,32.00070785700797
2020-05-28 19:00:00,125.36505938181325,125.36505938181325,125.36505938181325,130.31039428710938,144,132.41666946411132,147.80095165252686,138.02554092407226,3.8553424336817734,130.31485605670872,145.7362257914358,35.15829495825247
2020-05-31 19:00:00,126.07846576435082,126.90961789117026,124.67243855282746,125.76678466796875,1440,131.8567515563965,147.7885190963745,137.4056427001953,4.729425747918086,127.94679120435913,146.86449419603147,32.774678490620815
2020-06-01 19:00:00,123.97980901485775,125.36505487674383,123.97980901485775,124.67243194580078,288,131.23477447509765,147.77061477661132,136.57968788146974,5.424794874278947,125.73009813291185,147.42927763002763,31.411541892906484
2020-06-02 19:00:00,124.67243705421653,129.52081298828125,124.67243705421653,129.52081298828125,864,130.8399786376953,147.7792726135254,135.99615211486815,5.5292901982763825,124.93757171831538,147.05473251142092,39.30218839104165
2020-06-03 19:00:00,131.58482360839844,131.58482360839844,131.58482360839844,131.58482360839844,432,130.49338897705078,147.79825050354003,135.41261558532716,5.3352776023169275,124.7420603806933,146.083170789961,40.26562440343252
2020-06-04 19:00:00,131.63331302371148,131.63331302371148,126.05767642357645,129.18141174316406,1728,130.02946899414061,147.79655349731445,134.68570518493652,5.130364526355635,124.42497613222525,144.9464342376478,40.94875855396993
2020-06-07 19:00:00,130.55973958097567,130.55973958097567,123.78588065918935,125.7806396484375,3600,129.6014270019531,147.80188674926757,133.95602531433104,5.31326198909596,123.32950133613912,144.58254929252297,33.311520400468865
2020-06-08 19:00:00,124.7070623314078,124.7070623314078,124.67243194580078,124.67243194580078,432,129.26882858276366,147.78457111358642,133.27482833862305,5.593465271399741,122.08789779582357,144.46175888142253,32.46173000083772
2020-06-09 19:00:00,127.65072702468616,127.65072702468616,123.97981467008094,125.26116943359375,4320,129.1599479675293,147.77019916534425,132.61198654174805,5.723409270169581,121.16516800140889,144.05880508208722,34.44860498609012
2020-06-10 19:00:00,124.7416963463945,127.44293498694695,123.97981262207031,123.97981262207031,4752,128.89425704956054,147.7424941635132,131.8847312927246,5.855112604915971,120.17450608289266,143.59495650255656,34.988459664063754
2020-06-11 19:00:00,123.97981262207031,127.44293498694695,127.44293498694695,123.97981262207031,1728,128.8344142150879,147.73037322998047,131.08821334838868,5.789081194818139,119.5100509587524,142.66637573802495,30.95656214709109
2020-06-14 19:00:00,125.3650607481294,126.05768371151095,117.7461929321289,117.7461929321289,10512,128.84023239135743,147.69574203491212,130.13585472106934,6.3414956287646245,117.45286346354008,142.81884597859857,32.76470839342535
2020-06-15 19:00:00,120.51668915298961,123.97981148613626,118.09250123696651,119.91410064697266,2448,129.06450408935547,147.68407131195067,129.13605117797852,6.2954938545141115,116.54506346895029,141.72703888700673,27.79769496759816
2020-06-16 19:00:00,120.19115128042577,120.19115128042577,119.82405853271484,119.82405853271484,1152,129.31246353149413,147.6728161239624,128.1317455291748,6.08488444716032,115.96197663485415,140.30151442349543,32.41987698077202
2020-06-17 19:00:00,118.43881024446416,118.43881024446416,117.74618731412959,118.09249877929688,288,129.62414459228515,147.66242671966552,127.1101245880127,5.962094380247332,115.18593582751804,139.03431334850737,30.640912317485245
2020-06-18 19:00:00,121.20931148020641,121.20931148020641,119.82405798836437,119.85869598388672,4320,129.94344467163086,147.67731815338135,126.2737808227539,5.731696393156474,114.81038803644095,137.73717360906684,39.7352589286022
2020-06-21 19:00:00,119.1660682228292,121.20931431760108,119.1660682228292,119.68553924560547,2736,130.18240020751952,147.70952522277832,125.30618476867676,5.057371365452155,115.19144203777245,135.42092749958107,41.04923698826725
2020-06-22 19:00:00,121.27857004468963,123.28718566894531,121.27857004468963,123.28718566894531,1008,130.49172637939452,147.76666675567628,124.93944053649902,4.915554201483909,115.1083321335312,134.77054893946683,38.287334413637055
2020-06-24 19:00:00,117.05357103777388,123.07940304926882,115.66831748895781,122.83698272705078,1152,130.7572787475586,147.82934928894042,124.31330871582031,4.274096855096116,115.76511500562808,132.86150242601255,32.50209148319961
2020-06-28 19:00:00,123.2871863606124,128.13556210689774,121.20930995371847,127.4775619506836,3744,131.03086547851564,147.91523471832275,124.17166709899902,4.1086327014994035,115.95440169600022,132.38893250199783,46.87183176439574
2020-06-29 19:00:00,124.67243277725595,130.21343148055652,124.67243277725595,127.44293212890625,1584,131.28699798583983,148.02442699432373,124.02829399108887,3.929259186138294,116.16977561881228,131.88681236336546,53.48228458838143
2020-06-30 19:00:00,126.75031493506546,130.90606034609323,126.05768435872604,129.05674743652344,4608,131.66558670043946,148.16807731628418,124.1927921295166,4.072140771230054,116.0485105870565,132.33707367197673,58.99403914699358
2020-07-01 19:00:00,132.63762452718257,132.63762452718257,129.52081358643312,130.4212188720703,864,131.90634307861328,148.31854999542236,124.48023147583008,4.304068433540351,115.87209460874938,133.08836834291077,60.25887996252829
2020-07-02 19:00:00,130.4212188720703,130.4212188720703,130.4212188720703,130.4212188720703,1008,131.96964889526367,148.45118762969972,124.52525177001954,4.363861334886395,115.79752910024675,133.25297443979233,63.49390935441841
2020-07-06 19:00:00,126.7503112312987,129.00133200336825,126.05768067519861,127.87928009033203,864,131.7913671875,148.57111557006837,124.33997459411621,4.120218619942069,116.09953735423207,132.58041183400036,57.38262372020184
2020-07-07 19:00:00,128.82818647826323,130.90605529896328,128.65502693850416,130.303466796875,3600,131.53218688964844,148.72394317626953,124.39607734680176,4.196543711030695,116.00298992474038,132.78916476886315,77.78116856965484
2020-07-08 19:00:00,135.06181718019457,140.06948852539062,135.06181718019457,140.06948852539062,3888,131.48675109863282,148.92560089111328,125.11051979064942,5.468276204608193,114.17396738143303,136.0470721998658,83.37156226954318
2020-07-09 19:00:00,145.10487045096687,145.10487045096687,137.83230640798644,138.55264282226562,4608,131.5427151489258,149.1196743774414,125.80453033447266,6.236583858619735,113.3313626172332,138.27769805171212,79.61017421417861
2020-07-12 19:00:00,135.75443305465984,137.13967895507812,135.06181010445073,137.13967895507812,1008,131.50115783691408,149.29283054351808,126.39845581054688,6.728337520659303,112.94178076922827,139.85513085186548,80.42033656754137
2020-07-13 19:00:00,136.7933598544393,136.7933598544393,133.05318679246918,133.75967407226562,1152,131.4058529663086,149.44562355041504,126.88744888305663,6.896587275680777,113.09427433169508,140.68062343441818,71.11297439994104
2020-07-14 19:00:00,133.75967407226562,132.42982461547413,132.42982461547413,133.75967407226562,144,131.44879577636718,149.59668502807617,127.3764419555664,7.025091311998018,113.32625933157037,141.42662457956243,71.48899587745835
2020-07-15 19:00:00,134.3691845610947,137.83229924530684,131.5986775949221,131.8480224609375,1872,131.3224612426758,149.72606727600098,128.08153343200684,6.708190229923143,114.66515297216056,141.49791389185313,63.782320873039424
2020-07-16 19:00:00,133.6765489852293,137.48599803958427,133.6765489852293,137.13967895507812,3312,131.2414242553711,149.90677307128905,128.94281234741212,6.7101789201674,115.52245450707731,142.3631701877469,69.92087471997141
2020-07-19 19:00:00,141.884156790497,147.42515563964844,141.884156790497,147.42515563964844,7200,131.3660968017578,150.13135662078858,130.3228672027588,7.5248984467222755,115.27307030931425,145.37266409620335,74.0079861000795
2020-07-20 19:00:00,152.68910245186737,158.4794464111328,152.3774213489093,158.4794464111328,16128,131.67057464599608,150.42333255767824,132.3422145843506,9.283583700130157,113.77504718409027,150.9093819846109,79.52297527570622
2020-07-21 19:00:00,168.30778823333304,170.36488342285156,166.22991937746087,170.36488342285156,19296,132.2034799194336,150.769541015625,134.86752395629884,12.139225156279757,110.58907364373933,159.14597426885837,82.87035226985459
2020-07-22 19:00:00,183.1368836073965,183.1368836073965,171.7709182849282,174.679931640625,33120,132.88959381103516,151.13413860321046,137.61724357604982,14.515274979037873,108.58669361797408,166.64779353412555,83.63864199363536
2020-07-23 19:00:00,170.38565416744675,170.38565416744675,162.80834915855772,163.02305603027344,2016,133.3841275024414,151.447101020813,139.60403709411622,15.155906827987502,109.29222343814122,169.91585075009124,71.0490880771743
2020-07-26 19:00:00,162.76678466796875,162.76678466796875,155.84054013090653,162.76678466796875,2160,133.8691030883789,151.73367443084717,141.60052719116212,15.45790213972318,110.68472291171575,172.51633147060846,73.20983381997033
2020-07-27 19:00:00,163.4594067555,166.2299136872964,158.6110310389583,159.9962921142578,2592,134.29853057861328,151.99202339172362,143.22646369934083,15.60374560636228,112.01897248661626,174.4339549120654,69.66333189643761
2020-07-28 19:00:00,157.22578994920644,157.9184128984537,155.8405440507119,156.87948608398438,5616,134.63791687011718,152.23184471130372,144.69829139709472,15.42387124246128,113.85054891217216,175.54603388201727,62.207018697793906
2020-07-29 19:00:00,155.84054776628474,164.8377369843904,154.455301834763,164.15203857421875,5760,135.18509033203125,152.48811584472656,146.4530559539795,15.546579733405247,115.359896487169,177.54621542079,67.15558091545134
2020-08-02 19:00:00,159.47681645938698,163.45248522938022,159.47681645938698,161.69322204589844,1584,135.62075134277345,152.74248222351073,148.0166561126709,15.421401123965374,117.17385386474014,178.85945836060165,66.22722865842529
2020-08-03 19:00:00,168.93114985609438,169.67225991257484,162.76678886327434,162.88453674316406,8496,136.08023864746093,153.02254497528077,149.6398220062256,15.178471166846855,119.28287967253188,179.9967643399193,69.82181492437867
2020-08-04 19:00:00,162.76678466796875,162.76678466796875,162.76678466796875,162.76678466796875,1584,136.56507598876954,153.29959480285643,151.38419723510742,14.537198777727161,122.3097996796531,180.45859479056173,69.71008392034722
2020-08-05 19:00:00,159.3036696713839,159.31059422661917,157.22578566150491,158.2716522216797,864,136.99879760742186,153.5564892578125,152.78260650634766,13.725124270062821,125.33235796622202,180.2328550464733,67.34564153068038
2020-08-06 19:00:00,162.7667859304653,163.6741309572887,162.074162993267,162.8776092529297,432,137.4756005859375,153.80971282958984,153.92301254272462,13.559764167807016,126.80348420711059,181.04254087833866,67.04900114275826
2020-08-09 19:00:00,154.80160840642674,155.28644905655113,154.80160840642674,155.168701171875,1440,137.966533203125,154.0331882095337,154.7538154602051,13.068595717471569,128.61662402526196,180.89100689514822,55.31066180125556
2020-08-10 19:00:00,155.84054963336288,157.91841855553983,155.84054963336288,156.53317260742188,1728,138.39000427246094,154.25829124450684,155.72349014282227,12.394987555972426,130.93351503087743,180.5134652547671,48.46061213450536
2020-08-11 19:00:00,152.37740921774946,155.7020175304905,150.2995404363883,152.48130798339844,2880,138.8334225463867,154.46659805297853,156.6595718383789,11.308255400137433,134.04306103810404,179.27608263865375,33.854419798475405
2020-08-12 19:00:00,146.91953982809383,157.91841230997335,141.05301083822445,156.9141082763672,11664,139.36549682617186,154.6804458999634,157.817293548584,9.943284545847755,137.93072445688847,177.7038626402795,33.99475812626521
2020-08-16 19:00:00,157.0180043357092,157.0180043357092,152.37741088867188,152.37741088867188,576,139.89770935058593,154.87074447631835,158.8437629699707,7.988892738978865,142.86597749201297,174.82154844792842,38.99784931721578
2020-08-17 19:00:00,156.45006272055198,156.53317260742188,156.45006272055198,156.53317260742188,1440,140.53492416381835,155.08202964782714,159.81343765258788,6.190365697041541,147.4327062585048,172.19416904667096,44.038167310630094
2020-08-18 19:00:00,152.37741088867188,155.14791784633658,152.37741088867188,152.37741088867188,2304,140.99205612182618,155.2666487121582,160.06105041503906,5.752302253048174,148.55644590894272,171.5656549211354,42.90138963645623
2020-08-19 19:00:00,148.9142962150945,153.07004904219016,148.9142962150945,152.37741088867188,720,141.40790786743165,155.45306858062744,159.755948638916,5.997217540213119,147.76151355848978,171.75038371934224,45.54671416065445
2020-08-20 19:00:00,149.60692257806357,149.60692257806357,145.38190888256014,145.58970642089844,1728,141.73607376098633,155.62785243988037,158.51718978881837,6.244189711134122,146.02881036655012,171.00556921108662,31.46100566151314
2020-08-23 19:00:00,144.0728550951414,148.914306640625,143.3802321119352,148.914306640625,4032,142.19874710083008,155.8235189437866,157.22890853881836,5.32420474334331,146.58049905213173,167.877318025505,37.454118373174055
2020-08-24 19:00:00,152.23889386174497,152.37741540903681,150.29954654324922,152.10037231445312,2016,142.74730590820312,156.03037128448486,156.68277435302736,5.258379050349133,146.1660162523291,167.19953245372562,39.811549613899004
2020-08-25 19:00:00,152.10037803330962,155.4942321635827,148.92123078753144,150.9990997314453,2880,143.26206451416016,156.20404693603516,156.09439010620116,5.199825451318009,145.69473920356515,166.49404100883717,39.08519724449021
2020-08-26 19:00:00,159.16514329343588,162.32351684570312,158.61104186924143,162.32351684570312,6192,144.0289385986328,156.40528903961183,156.21075134277345,5.316468414613529,145.5778145135464,166.8436881720005,53.33562120312641
2020-08-27 19:00:00,173.84878408792025,174.492919921875,173.84878408792025,174.492919921875,5472,145.0392007446289,156.63686809539794,157.09142303466797,6.709422756920448,143.67257752082708,170.51026854850886,58.50318950173265
2020-08-30 19:00:00,187.57659912109375,187.57659912109375,176.61927417925656,187.57659912109375,35280,146.4358088684082,156.9018316268921,158.2626510620117,9.479531656965628,139.30358774808045,177.22171437594298,71.99397224548767
2020-08-31 19:00:00,193.24227648193437,201.64381683065002,192.54965352602386,200.53561401367188,43632,148.0482391357422,157.25777141571044,160.20477066040038,13.391212548810245,133.4223455627799,186.98719575802087,75.8021198985289
2020-09-01 19:00:00,207.7873820534208,207.7873820534208,191.85702416195736,194.55133056640625,30816,149.542784576416,157.55151348114015,161.7881103515625,15.440092440047689,130.9079254714671,192.66829523165788,74.12231499247135
2020-09-02 19:00:00,200.16851328802753,200.16851328802753,191.1644000009811,191.24058532714844,8640,151.00574630737304,157.84972301483154,163.2118003845215,16.788914339305297,129.6339717059109,196.78962906313208,69.93884388350203
2020-09-03 19:00:00,183.3169618616729,190.47177758010645,181.81396812475592,186.31602478027344,7920,152.33489288330077,158.12937015533447,164.61401901245117,17.510239152844292,129.59354070676258,199.63449731813975,69.6251216974055
2020-09-06 19:00:00,193.24227144204383,193.24227144204383,178.0737971437209,179.41748046875,10944,153.52953170776368,158.38837711334227,165.44101257324218,17.81189728634912,129.81721800054393,201.06480714594042,62.82608137902016
2020-09-07 19:00:00,179.38978907106883,180.08933659083453,173.8487901387281,173.93190002441406,10512,154.54242599487304,158.62428504943847,166.37917251586913,17.736346743744463,130.9064790283802,201.85186600335805,61.90331333935889
2020-09-08 19:00:00,171.07827883859295,186.97401428222656,170.00471403154563,186.97401428222656,33264,155.82516662597655,158.92540355682374,167.90121459960938,18.148297689580392,131.6046192204486,204.19780997877015,66.70010631451035
2020-09-09 19:00:00,193.23535038612368,200.86114261464655,190.47178314000138,197.4395751953125,47520,157.22440689086915,159.28196666717528,170.14912796020508,18.906323654794672,132.33648065061573,207.96177526979443,74.17021498763546
2020-09-10 19:00:00,190.47178047590876,202.93902384614853,190.47178047590876,192.72280883789062,4032,158.53000442504882,159.58949199676513,171.93956298828124,19.27887387407569,133.38181524012987,210.4973107364326,70.16000577477966
2020-09-13 19:00:00,178.39241112184285,197.91749693924743,178.39241112184285,187.5281219482422,10656,159.6994319152832,159.8382481765747,173.69709854125978,19.00189925476711,135.69330003172556,211.700897050794,66.00738666800878
2020-09-14 19:00:00,187.0086466144147,187.0086466144147,185.6303253173828,185.6303253173828,1872,160.80361404418946,160.04309185028077,175.1519561767578,18.730555761438513,137.6908446538808,212.61306769963483,65.53566754320924
2020-09-15 19:00:00,180.8096702145478,183.53859947708986,180.08240926487264,181.04515075683594,2160,161.81609268188475,160.188854637146,176.58534317016603,17.977761887716056,140.62981939473391,212.54086694559814,58.939079176655916
2020-09-16 19:00:00,184.2450884901541,189.7791476149385,180.0824109555814,182.6312713623047,5328,162.91113250732423,160.30459224700928,178.09803619384766,17.08425404008655,143.92952811367456,212.26654427402076,54.32271927331989
2020-09-17 19:00:00,183.54552959904782,189.77915158873327,183.54552959904782,188.39390563964844,5904,164.07294128417968,160.41196956634522,180.23824615478514,15.395088819590011,149.44806851560512,211.02842379396517,50.47072502181683
2020-09-20 19:00:00,184.23816408147815,184.23816408147815,180.77503405971655,181.12135314941406,576,164.89397857666015,160.4412675857544,181.8485984802246,13.515862872418575,154.81687273538745,208.88032422506177,38.0346666862275
2020-09-21 19:00:00,176.82707426883607,176.82707426883607,175.9266537890545,176.5084686279297,4464,165.65309509277344,160.40369274139405,183.06900329589843,11.663403635847892,159.74219602420266,206.3958105675942,38.68867243901753
2020-09-22 19:00:00,173.85570532788844,183.54551696777344,173.85570532788844,183.54551696777344,1440,166.58121185302736,160.35531284332276,184.69632415771486,8.895444102938459,166.90543595183794,202.48721236359177,45.391182505531816
2020-09-24 19:00:00,183.54553009215954,183.54553009215954,179.38979223374025,182.92910766601562,3024,167.56460052490235,160.2555749130249,185.72660369873046,7.199417441479648,171.32776881577115,200.12543858168976,47.86108917792936
2020-09-27 19:00:00,177.31190229678086,189.60600157826573,172.5328023937482,178.60018920898438,3168,168.4614108276367,160.0834923171997,185.93196716308594,6.915076083869506,172.10181499534693,199.76211933082496,49.466549649266504
2020-09-28 19:00:00,186.31602478027344,186.31602478027344,180.77502612009698,186.31602478027344,2160,169.55077087402344,159.92363452911377,185.86893844604492,6.90503440008566,172.0588696458736,199.67900724621623,57.85450802458455
2020-09-29 19:00:00,180.08932584589925,183.54551590507472,172.4704584755578,174.19508361816406,15264,170.29187896728516,159.75771617889404,184.55191192626953,6.457907590582547,171.63609674510442,197.46772710743463,41.79926550999113
2020-09-30 19:00:00,183.54552994257767,183.54552994257767,162.48975190818987,164.193603515625,34848,170.6272479248047,159.56398906707764,183.03402557373047,7.471981373030307,168.09006282766987,197.97798831979108,28.53693096183119
2020-10-01 19:00:00,166.22992387942756,169.6237779578141,155.84054888108722,159.76773071289062,5616,170.65301361083985,159.3117351913452,181.46038284301758,8.841366385903719,163.77765007121013,199.14311561482504,28.644517615417328
2020-10-04 19:00:00,155.84054682471557,161.0352266459383,152.3912811279297,152.3912811279297,3024,170.2935415649414,159.04594058990477,179.7641456604004,10.880006859835886,158.00413194072863,201.52415938007218,27.85682607660462
2020-10-05 19:00:00,152.37741635321618,158.6110382080078,145.4511715388703,158.6110382080078,2304,169.97216369628907,158.83230045318604,178.72382354736328,11.865041114421528,154.99374131852022,202.45390577620634,33.85213021336605
2020-10-06 19:00:00,164.49835690880707,169.00041377491766,157.22579297361068,160.44650268554688,16560,169.92063262939453,158.66447757720948,178.04955368041993,12.516956797749891,153.01564008492016,203.0834672759197,37.27101407158239
2020-10-07 19:00:00,164.74769596031794,172.47738682068047,163.47325818794832,166.4376983642578,17136,169.9940509033203,158.47812686920167,177.0227378845215,12.588449416103606,151.8458390523143,202.1996367167287,40.5098112017032
2020-10-08 19:00:00,166.229912742691,170.03934643581152,166.229912742691,168.33547973632812,5040,170.16083465576173,158.26355167388917,175.56753311157226,11.758940395040035,152.0496523214922,199.08541390165232,37.68705472026725
2020-10-11 19:00:00,166.2506906566208,172.46353868747659,166.2299169905654,166.9433135986328,5904,170.3621112060547,158.09396251678467,174.27855834960937,11.178045830743464,151.92246668812243,196.6346500110963,40.61954085650252
2020-10-12 19:00:00,169.69303294069385,179.45904541015625,167.90607152038936,179.45904541015625,31968,170.66825134277343,157.98927227020263,173.87510452270507,10.81435808278498,152.24638835713512,195.50382068827503,51.767340490229536
2020-10-13 19:00:00,192.916748046875,192.916748046875,192.5150172931092,192.916748046875,15552,171.29272186279297,157.93916088104248,174.2394256591797,11.341124163325919,151.55717733252786,196.92167398583152,55.21227958356283
2020-10-14 19:00:00,200.86113456502423,207.37181438785112,190.47177550673842,191.52455139160156,51840,171.8655221557617,157.88555171966553,174.76339569091797,11.90039281542969,150.96261006005858,198.56418132177737,54.739882068180606
2020-10-15 19:00:00,192.68817617482603,199.47589944411072,189.08652460846218,198.77635192871094,5760,172.58571350097657,157.87692859649658,175.57064971923828,12.96240119983062,149.64584731957703,201.49545211889952,60.77851237756165
2020-10-18 19:00:00,200.86114648129944,206.40214540988467,196.01277051643694,200.3970947265625,19008,173.42822235107423,157.88672931671144,176.170809173584,13.83581489873781,148.49917937610837,203.8424389710596,58.04639163302295
2020-10-19 19:00:00,202.93902097486924,206.39521107414012,196.70539937794564,205.87574768066406,23328,174.2881851196289,157.95595714569092,177.40852890014648,15.3286834466645,146.75116200681748,208.06589579347548,69.59055256004667
2020-10-20 19:00:00,207.78738708405646,221.31434631347656,202.93902643724022,221.31434631347656,36720,175.61109802246094,158.09281978607177,179.64882278442383,18.196203404518016,143.2564159753878,216.04122959345986,83.09654662797541
2020-10-21 19:00:00,233.41449014023766,237.90963745117188,231.32969679827016,237.90963745117188,20304,177.23862731933593,158.31262424468994,182.36702880859374,22.38690873175089,137.59321134509196,227.14084627209553,89.68063381056535
2020-10-22 19:00:00,249.34487045578953,255.75165175917928,230.7132659446427,241.98919677734375,58608,179.02878509521486,158.54125965118408,185.32003326416014,26.05902434158497,133.2019845809902,237.4380819473301,97.07422395408189
2020-10-25 19:00:00,238.95549512909358,239.64811807638222,229.34879308731192,233.5738067626953,3888,180.5619790649414,158.7463804244995,188.0687141418457,28.129912590323844,131.80888896119802,244.32853932249338,88.49682497342782
2020-10-26 19:00:00,232.02925264636144,251.0902862548828,232.02925264636144,251.0902862548828,34272,182.53623657226564,159.03215740203856,191.30742721557618,31.450386198421505,128.40665481873316,254.2081996124192,90.09250979124386
2020-10-27 19:00:00,252.80799607777777,269.9158176318174,252.80799607777777,266.32110595703125,63648,184.7319952392578,159.39377674102784,195.91372833251953,35.32053863800593,125.27265105650767,266.5548056085314,90.84111384509953
2020-10-28 19:00:00,263.1281201079684,263.1281201079684,246.3527374267578,246.3527374267578,12240,186.61150177001954,159.66296535491944,200.02168502807618,36.20387424721597,127.61393653364424,272.42943352250813,77.79312859560564
2020-11-01 19:00:00,227.88043212890625,227.88043212890625,227.88043212890625,227.88043212890625,1296,188.1215621948242,159.79168964385985,203.42732009887695,35.41294117228738,132.6014377543022,274.2532024434517,69.35327123021494
2020-11-02 19:00:00,214.7829100347487,235.42312284706279,214.7829100347487,223.80087280273438,44208,189.68578552246095,159.90638828277588,206.9977996826172,33.54720910326102,139.90338147609515,274.09221788913925,64.88006080679607
2020-11-03 19:00:00,222.4710324504722,228.56613256556523,211.25051346447032,223.42684936523438,17136,191.17603637695314,160.02354572296142,210.23859024047852,31.70710534051441,146.8243795594497,273.6528009215073,61.22406409343584
2020-11-04 19:00:00,226.4882482917244,240.1814422607422,226.4882482917244,240.1814422607422,36432,192.9376577758789,160.24805995941162,214.22533721923827,30.088386837336945,154.0485635445644,274.40211089391215,66.08213849536153
2020-11-05 19:00:00,249.33795915515242,258.189687308087,242.4324877437568,257.3031311035156,47952,195.06373840332031,160.57442470550538,218.76860885620118,29.343806826411104,160.08099520337896,277.4562225090234,68.15954255279561
2020-11-08 19:00:00,261.812116872842,263.1973627865092,246.57438138489604,250.0859832763672,18864,196.8189877319336,160.85518016815186,222.85613403320312,27.590274000039035,167.67558603312506,278.0366820332812,64.89988913429119
2020-11-09 19:00:00,256.26418899518984,256.26418899518984,240.34075538233694,241.51820373535156,12528,198.15949340820313,161.09309673309326,226.58487854003906,24.502631237031874,177.5796160659753,275.5901410141028,60.49346977075824
2020-11-10 19:00:00,243.1112467708417,244.4272318857456,238.95549388985876,243.4229278564453,2736,199.27641998291017,161.34438091278076,229.7830726623535,22.082747084232476,185.61757849388854,273.94856683081844,57.072585639855326
2020-11-11 19:00:00,238.95549069643775,238.95549069643775,232.72186906767152,233.27597045898438,3024,199.9312271118164,161.57225437164306,231.801033782959,20.30936750371183,191.18229877553534,272.41976879038265,48.453891999718955
2020-11-12 19:00:00,234.79975335381005,241.7259979248047,234.79975335381005,241.7259979248047,3168,200.87472045898437,161.83025707244872,234.31110610961915,18.045612350972608,198.21988140767394,270.40233081156435,49.91466765502916
2020-11-15 19:00:00,242.29395276913428,243.80387109934537,238.95549524712703,239.578857421875,6624,201.8414859008789,162.06886623382567,236.35123138427736,16.008265305565534,204.3347007731463,268.36776199540844,52.02939680122754
2020-11-16 19:00:00,242.34937417983107,257.5455627441406,242.34937417983107,257.5455627441406,18720,203.26607666015624,162.42068500518798,239.20865478515626,14.25746152375597,210.69373173764433,267.7235778326682,52.174931415986755
2020-11-17 19:00:00,263.1973733414002,274.9720097361745,259.7342431995484,268.1981201171875,33552,205.041689453125,162.85357540130616,242.32477340698242,13.371870458896508,215.5810324891894,269.06851432477544,50.65254049016606
2020-11-18 19:00:00,253.5075422296578,288.3119397613819,253.5075422296578,287.85479736328125,27504,207.32014739990234,163.36819545745848,245.65179595947265,15.906792533437494,213.83821089259766,277.46538102634764,64.45945033569214
2020-11-19 19:00:00,297.8286132772006,309.4439392089844,297.8286132772006,309.4439392089844,27648,209.7695458984375,163.99768756866456,249.22851104736327,21.22701063681566,206.77448977373194,291.6825323209946,77.81293641890387
2020-11-22 19:00:00,309.0491083344916,328.3040592120469,294.37239942394353,322.2574462890625,13968,212.2659033203125,164.70738529205323,253.2419235229492,26.675241574781943,199.8914403733853,306.5924066725131,81.68604559800931
2020-11-23 19:00:00,342.2881721263834,342.2881721263834,305.44746738650133,317.8246765136719,23760,214.76794067382812,165.39263355255127,257.45446701049804,29.867239985486584,197.71998703952488,317.1889469814712,79.60638187292649
2020-11-24 19:00:00,317.22205963313354,322.07043531230954,315.1442060832046,318.2610168457031,7344,217.38259857177735,166.04924167633055,260.81300354003906,32.751317222548586,195.3103690949419,326.3156379851362,77.28086928177264
2020-11-25 19:00:00,328.5118775477014,328.5118775477014,297.82860836933054,301.8804626464844,46656,219.70760131835937,166.623600730896,262.5909713745117,34.00719771277777,194.57657594895616,330.60536680006726,65.65632758039314
2020-11-26 19:00:00,310.91919040580063,310.91919040580063,281.2056048213884,286.3656311035156,17280,221.81401092529296,167.1264807510376,264.5916160583496,34.17817328255263,196.23526949324435,332.9479626234548,62.04026176782918
2020-11-29 19:00:00,290.20279983741653,307.4907215152295,282.62547928506365,299.6848449707031,55728,224.15508239746094,167.6902080154419,268.1818367004395,33.88900850728297,200.40381968587354,335.9598537150054,68.71379304419969
2020-11-30 19:00:00,299.21383510856145,303.8890512821327,295.05809754458875,297.0528564453125,14400,226.3282614135742,168.24077533721925,271.84443588256835,32.78029432430082,206.2838472339667,337.40502453117,67.17384202213944
2020-12-01 19:00:00,294.36547941308635,297.135971310774,290.20974156655484,291.3110046386719,5328,228.53205444335939,168.7949443435669,275.23864364624023,30.967451428778254,213.30374078868374,337.17354650379673,69.12402602012833
2020-12-02 19:00:00,290.9023397349543,290.9023397349543,283.3527480406857,285.13970947265625,1008,230.7046792602539,169.31711406707763,277.48655700683594,29.90215566763828,217.68224567155937,337.2908683421125,64.52404908595555
2020-12-03 19:00:00,290.9023362468984,295.0581043442467,287.0929176682028,290.9924011230469,2160,232.85361694335938,169.86785457611083,279.1710205078125,29.653195581976313,219.86462934385986,338.47741167176514,66.7842457216945
2020-12-06 19:00:00,286.05395027855286,294.3585464045127,286.05395027855286,289.74566650390625,3168,234.9899481201172,170.39196361541747,281.1540046691895,28.922916956098923,223.30817075699161,338.99983858138734,61.8000832499976
2020-12-07 19:00:00,295.0581071699135,295.30051226640404,286.7466013332266,287.4392395019531,3312,237.16672912597656,170.92528469085693,283.4500564575195,27.39308188180358,228.66389269391235,338.2362202211267,57.510545256153534
2020-12-08 19:00:00,286.0539554311667,294.36546104315596,282.59085599397616,284.9042053222656,13104,239.1384927368164,171.45285678863524,285.52412033081055,25.722349968916287,234.07942039297797,336.9688202686431,48.67057370550578
2020-12-09 19:00:00,287.4392458147874,287.4392458147874,277.049855681352,279.5433044433594,2592,241.2454571533203,171.9596848678589,287.8374870300293,22.6762270073568,242.4850330153157,333.1899410447429,34.220325094312386
2020-12-10 19:00:00,279.82035522069907,286.739675725149,272.5478062778072,285.8185119628906,4896,243.67795532226563,172.5195335006714,290.04211273193357,19.934911848319164,250.17228903529525,329.9119364285719,29.344375674879913
2020-12-13 19:00:00,277.0498344008674,281.8982100032071,277.0498344008674,277.4792785644531,1728,246.03218627929687,172.99266536712648,291.9371337890625,16.367612543802903,259.2019087014567,324.6723588766683,28.099886825058576
2020-12-14 19:00:00,277.74938267409374,287.7855131994204,277.0498352050781,277.0498352050781,2304,248.52535736083985,173.4775024795532,292.9123474121094,14.707511033618651,263.4973253448721,322.3273694793467,27.62825079271464
2020-12-15 19:00:00,277.0498352050781,277.0498352050781,277.0498352050781,277.0498352050781,432,250.89413330078125,173.972555809021,293.3549331665039,14.04282052005215,265.2692921263996,321.4405742066082,33.60470420964056
2020-12-16 19:00:00,277.3961820108537,297.82861328125,277.0498629098486,297.82861328125,23472,253.64177551269532,174.57856784820558,293.85362396240237,14.014285615092628,265.8250527322171,321.88219519258763,57.076893453677144
2020-12-17 19:00:00,291.59498511601316,320.16576247454213,291.59498511601316,319.9648742675781,30240,256.7123190307617,175.2675908279419,294.37967071533205,14.80542003174729,264.76883065183745,323.99051077882666,61.29104058165843
2020-12-20 19:00:00,319.3207389796511,335.92293101945694,319.3207389796511,332.9100341796875,25776,260.0038101196289,176.06282779693603,294.9123001098633,16.004199186349226,262.9039017371648,326.92069848256176,67.90727588624378
2020-12-21 19:00:00,326.2262270172836,332.1758661194546,312.5468662242463,316.086181640625,5040,262.9866674804687,176.74492458343505,294.82537536621095,15.877422879704364,263.0705296068022,326.5802211256197,61.13981560635978
2020-12-22 19:00:00,331.7672101465866,331.7672101465866,311.6810983044767,314.250732421875,6480,265.6825012207031,177.39969738006593,294.6248611450195,15.5885748898706,263.44771136527834,325.8020109247607,63.62044435966163
2020-12-23 19:00:00,328.615745325053,328.615745325053,308.9105915252803,310.29583740234375,3888,268.0300830078125,178.0182458114624,295.0456298828125,15.905087719509345,263.2354544437938,326.85580532183116,59.19496937263397
2020-12-27 19:00:00,324.8271043498163,324.8271043498163,311.6811016353338,323.7881774902344,4464,270.6753555297852,178.75821140289307,296.91675720214846,16.994168980152256,262.9284192418439,330.905095162453,64.52164698561641
2020-12-28 19:00:00,325.5335698624969,334.5376832096013,312.58148601315503,321.3639831542969,10512,273.1271081542969,179.48910358428955,298.00071411132814,17.849869677299868,262.3009747567284,333.70045346592786,64.45688525536752
2020-12-29 19:00:00,312.3737146706511,325.5335654365106,312.3737146706511,324.26605224609375,5904,275.6044873046875,180.22737209320067,299.3613739013672,18.786446338180152,261.7884812250069,336.9342665777275,66.72157514116266
2020-12-30 19:00:00,315.151114646585,315.151114646585,313.7589594678203,314.9156188964844,864,277.78528472900393,180.95812564849854,300.54160461425784,18.994386921180116,262.5528307718976,338.53037845661805,64.53410074107512
2020-12-31 19:00:00,312.72002748755745,318.60736083984375,311.6811006313222,318.60736083984375,2736,279.73114501953125,181.74567462921144,302.21498718261716,19.04025782853689,264.1344715255434,340.2955028396909,63.76481470330878
2021-01-03 19:00:00,315.1442077132622,315.1442077132622,311.68107786199437,312.5122375488281,2304,281.2231970214844,182.55857357025147,303.2909790039063,18.9806393112566,265.3297003813931,341.25225762641946,64.98931908514962
2021-01-04 19:00:00,304.76177978515625,307.52536235288574,301.9843481060405,304.76177978515625,1728,282.4786486816406,183.32222690582276,304.0417846679687,18.711722030979253,266.61834060601024,341.4652287299272,61.15790624834886
2021-01-05 19:00:00,310.2196419181693,311.6810730746739,304.7548134785235,311.67413330078125,1440,284.0406552124023,184.09620014190673,305.25352935791017,18.36140692596868,268.5307155059728,341.9763432098475,63.205994703024615
2021-01-06 19:00:00,299.21385000885874,306.65264892578125,296.1039788456197,306.65264892578125,1008,285.1519024658203,184.86064998626708,306.34095153808596,17.725831327276303,270.88928888353337,341.79261419263855,53.82536665287231
2021-01-07 19:00:00,298.52121550102265,310.6421707478142,297.8286077494846,305.29510498046875,4752,285.93138244628904,185.60826908111574,307.62854156494143,16.574741360657843,274.47905884362575,340.7780242862571,42.242904267847734
2021-01-10 19:00:00,301.98434009573873,314.45158377343074,301.98434009573873,314.2715148925781,2736,287.28975799560544,186.4333236312866,309.05119171142576,15.807546510390168,277.4360986906454,340.6662847322061,39.71251843165288
2021-01-11 19:00:00,315.2065651068319,337.8415222167969,315.2065651068319,337.8415222167969,25056,289.4889797973633,187.37795970916747,312.06930389404295,15.21358363747762,281.6421366190877,342.4964711689982,61.17555433417037
2021-01-12 19:00:00,351.16069379136843,363.177734375,351.16069379136843,363.177734375,7920,292.2765170288086,188.43196132659912,316.3756988525391,16.877916345259706,282.61986616201966,350.1315315430585,70.24533214800746
2021-01-13 19:00:00,390.3978935500809,390.41174266134436,367.0910567979193,389.69140625,39600,295.60180816650393,189.64450466156006,322.00777740478514,21.283401447325044,279.44097451013505,364.57458029943524,77.68440278406788
2021-01-14 19:00:00,381.63616610949884,387.17718003548964,361.674727740559,371.30914306640625,8496,298.2243621826172,190.79453861236573,325.68180389404296,23.150200217054522,279.3814034599339,371.982204328152,66.02363587831081
2021-01-17 19:00:00,378.16612613833655,387.8005414454425,374.0172978666076,374.3636169433594,6480,300.56557189941407,192.01283069610596,328.40174102783203,25.51777307236724,277.36619488309753,379.4372871725665,67.79535382043937
2021-01-18 19:00:00,368.4763102269069,368.4763102269069,366.74474530031216,367.0910339355469,432,302.90567291259765,193.16196407318114,330.110791015625,26.94057568859374,276.22963963843756,383.99194239281246,63.96909315157675
2021-01-19 19:00:00,366.744746346771,366.744746346771,358.4332407629218,363.64178466796875,1728,305.34814453125,194.34531322479248,332.4885711669922,27.724831021697106,277.038909123598,387.9382332103864,66.53039208276692
2021-01-20 19:00:00,374.53679924151993,390.6403024753921,346.31234064800964,375.9635925292969,10080,307.998957824707,195.6378547668457,335.57421417236327,28.993369218059296,277.5874757362447,393.56095260848184,68.38180020362833
2021-01-21 19:00:00,370.5541749602728,380.9435648330622,367.09104500267637,373.5532531738281,8352,310.8045034790039,196.96211845397949,338.7370849609375,29.535910126063197,279.66526470881115,397.8089052130639,70.03593299986056
2021-01-25 19:00:00,374.017299430736,378.86567521272025,363.627940147973,366.7447509765625,4464,313.30487854003906,198.2587117767334,340.8849136352539,29.950596086954103,280.9837214613457,400.7861058091621,70.471708725033
2021-01-26 19:00:00,356.35536058214234,394.2488708496094,356.35536058214234,394.2488708496094,34416,316.3982788085938,199.71741390228271,344.5291580200195,31.82580943141383,280.87753915719185,408.18077688284717,74.00726160020315
2021-01-27 19:00:00,398.25916660683396,423.8170166015625,398.25916660683396,423.8170166015625,12240,319.7237078857422,201.3170305252075,349.50670623779297,36.000886035123344,277.50493416754625,421.5084783080397,79.80897371354318
2021-01-28 19:00:00,452.976497735796,455.60155861051913,436.3535167667411,441.1741943359375,24768,323.1832293701172,202.98421268463136,355.81963500976565,40.415301797406855,274.9890314149519,436.6502386045794,81.96779502867454
2021-01-31 19:00:00,449.85969424828266,450.8986515016695,429.42726395388996,438.09893798828125,3312,326.1881121826172,204.63560298919677,361.7942138671875,43.35031977505793,275.09357431707167,448.4948534173034,79.9644613093959
2021-02-01 19:00:00,429.0809671771186,443.2797754325867,424.57891047722956,436.353515625,3312,328.7263037109375,206.26957374572754,367.9862777709961,44.76211829354902,278.462041183898,457.51051435809416,76.65378966992161
2021-02-02 19:00:00,439.816650390625,439.816650390625,439.816650390625,439.816650390625,288,331.0774877929687,207.8996658706665,374.73902130126953,44.909014351117065,284.9209925990354,464.55705000350366,73.51952624240367
2021-02-03 19:00:00,425.96416759284506,426.6567753293189,415.5747776072787,422.50103759765625,11232,333.17101501464845,209.4389895248413,380.2803665161133,43.53430093263333,293.21176465084665,467.34896838137996,60.67131963118791
2021-02-07 19:00:00,412.1116685883307,415.57476806640625,408.64853867264935,415.57476806640625,4464,335.1172900390625,210.96622680664063,385.72647247314455,40.54946581353365,304.62754084607724,466.82540410021187,65.5566785900902
2021-02-08 19:00:00,402.4149294992735,408.6485513660863,400.8772824803885,403.52313232421875,5328,337.1501434326172,212.3919254684448,390.637873840332,35.9868421384205,318.66418956349105,462.611558117173,59.63828210630628
2021-02-09 19:00:00,391.4021685308946,403.52312334248876,381.64311107698717,395.05230712890625,18288,339.323876953125,213.7309073638916,394.6769134521484,31.17640213992988,332.3241091722887,457.0297177320082,59.169584802409105
2021-02-10 19:00:00,407.26329014487794,407.26329014487794,380.9435577445852,382.633544921875,3456,340.98285095214845,214.9601082611084,396.91651458740233,28.360329707460703,340.19585517248095,453.6371740023237,55.882096073170956
2021-02-11 19:00:00,380.9435579109478,400.68334961038653,360.8574166969155,395.7934265136719,11232,342.9576623535156,216.22276298522948,398.54729919433595,27.233517071043913,344.08026505224814,453.01433333642376,56.109944089531965
2021-02-14 19:00:00,380.94357953428914,383.71407143224155,380.94357953428914,382.03790283203125,3024,344.77220031738284,217.4212461090088,398.1646240234375,27.41765577122242,343.32931248099266,452.99993556588237,52.443450200019726
2021-02-16 19:00:00,387.1771977313349,387.1771977313349,361.89639092551147,369.5152587890625,5040,346.45971130371095,218.590050201416,398.07492980957034,27.512903653658874,343.0491225022526,453.10073711688807,50.772441771619846
2021-02-17 19:00:00,379.5582858315593,379.5582858315593,364.6668697312332,366.57159423828125,2880,347.97129516601564,219.7268204498291,397.6853286743164,27.918523840332337,341.8482809936517,453.5223763549811,41.05880689710789
2021-02-18 19:00:00,350.2602710488802,370.5541800040079,350.2602710488802,369.861572265625,720,349.57361328125,220.88350372314454,397.8238555908203,27.765182902936157,342.293489784948,453.3542213966926,29.004975597012262
2021-02-21 19:00:00,360.16482082216436,373.9341853149379,354.90088025425854,371.33685302734375,1008,351.25156555175784,222.08212532043456,398.20860900878904,27.316265522102817,343.5760779645834,452.84114005299466,18.992572623418354
2021-02-22 19:00:00,377.48044604562097,377.48044604562097,360.1648261828523,369.1204528808594,720,352.9358905029297,223.23690383911133,397.8664520263672,27.65038071513282,342.56569059610155,453.16721345663285,19.13853373125916
2021-02-23 19:00:00,370.5541718048975,370.5541718048975,355.212553097297,366.6062316894531,720,354.6771490478516,224.36397735595702,397.51910095214845,28.013139963650225,341.492821024848,453.5453808794489,19.007773147019364
2021-02-24 19:00:00,360.1648253026327,373.2900693269239,353.3078411929891,372.9299011230469,2448,356.4193768310547,225.5226692199707,397.82835845947267,27.68776998636287,342.45281848674693,453.2038984321984,21.015680066862117
2021-02-25 19:00:00,346.31232095690206,359.4652626499518,344.96168263981224,347.9399719238281,12384,357.8285906982422,226.54609130859376,395.5129135131836,29.85442945459806,335.8040546039875,455.22177242237973,19.70507791042874
2021-02-28 19:00:00,321.8488464355469,321.8488464355469,321.8488464355469,321.8488464355469,1296,358.72457092285157,227.4367374420166,390.4145050048828,33.27702648624813,323.86045203238655,456.9685579773791,17.049786272839057
2021-03-01 19:00:00,297.7108459472656,297.7108459472656,297.7108459472656,297.7108459472656,720,359.13779113769533,228.2234204864502,383.24133758544923,37.01222064805384,309.21689628934155,457.2657788815569,15.7143571933304
2021-03-02 19:00:00,275.6992335311699,310.28889354599505,275.6992335311699,307.9132080078125,16704,359.33948303222655,229.07150466918947,376.73205108642577,38.28270163009969,300.1666478262264,453.29745434662516,22.078219248113584
2021-03-03 19:00:00,295.06500803192034,310.8845577577107,295.06500803192034,307.5184020996094,1728,359.0905535888672,229.91650665283203,370.29029541015626,38.560700942510216,293.16889352513584,447.4116972951767,23.9215200146636
2021-03-04 19:00:00,308.0655831767109,309.6031997106667,299.32466372110673,307.63616943359375,11088,358.5850762939453,230.7620629119873,363.6812713623047,37.32479560637226,289.0316801495602,438.3308625750492,16.345865057583055
2021-03-07 19:00:00,304.7756172849058,311.3347692508013,287.55003232371797,294.9541931152344,10368,358.1624365234375,231.53728302001954,357.3039291381836,37.64089565018794,282.0221378378077,432.5857204385595,16.4809521538553
2021-03-08 19:00:00,290.9023386008313,290.9023386008313,273.6975425463836,281.8289794921875,5040,357.5140014648438,232.2624610900879,350.6166397094727,38.61175444031084,273.393130828851,427.8401485900944,16.404855709330903
2021-03-09 19:00:00,270.1236329215413,277.04295341264117,260.6970144933005,262.62249755859375,9360,356.56053466796874,232.87602272033692,343.5716079711914,41.21682505611777,261.1379578589558,426.00525808342695,14.587084770488985
2021-03-10 19:00:00,270.1236312256384,281.8843879667807,246.7198351905284,260.1013488769531,11808,355.28679809570315,233.47697860717773,336.8240600585938,43.33719710003724,250.1496658585193,423.49845425866823,12.410465973045987
2021-03-11 19:00:00,258.41827501930277,272.2014892493819,256.27114527399107,258.3489990234375,17136,354.02649841308596,234.07609901428222,330.6098327636719,45.28949819063756,240.03083638239676,421.188829144947,11.378395102681864
2021-03-14 19:00:00,263.19735601889533,263.19735601889533,252.81492127005225,259.8866271972656,8208,352.73890991210936,234.69260429382325,323.8144927978516,45.19022500685724,233.4340427841371,414.1949428115661,12.487528589921595
2021-03-15 19:00:00,252.82184678068515,279.3770751953125,252.81492222533709,279.3770751953125,28368,352.02813903808595,235.39430236816406,318.68145141601565,44.04467147284072,230.5921084703342,406.7707943616971,23.17229593318352
2021-03-16 19:00:00,294.3654611219401,300.3289489746094,294.3654611219401,300.3289489746094,9216,351.6625708007812,236.24283676147462,315.22213592529295,42.53303961466695,230.15605669595905,400.28821515462687,29.514532441601048
2021-03-17 19:00:00,322.85313126068655,322.85313126068655,311.0577366142727,322.8462219238281,27360,351.86925048828124,237.18026977539063,313.03586730957034,40.844953387599055,231.34596053437224,394.72577408476843,42.81921480422154
2021-03-18 19:00:00,322.8462019444811,330.7282633694076,311.6810795235034,318.05322265625,4896,352.1350793457031,238.11898391723633,310.44544982910156,38.63438745328996,233.17667492252164,387.71422473568146,48.76307904061675
2021-03-21 19:00:00,317.22208444805347,323.79511622172873,311.6811006313222,318.60736083984375,5040,352.27374389648435,239.06046875,307.80897521972656,35.96748226158158,235.8740106965634,379.7439397428897,58.04662441956854
2021-03-23 19:00:00,315.14421250666373,325.5335717808859,315.14421250666373,322.3752136230469,5040,352.5881951904297,240.04351089477538,305.4717132568359,33.18477612516879,239.10216100649836,371.8412655071735,55.85924005733979
2021-03-24 19:00:00,320.68519070428596,324.82707914741434,318.6073371463368,322.32672119140625,6048,352.92882751464845,241.0317823410034,303.2577377319336,30.237643112572734,242.78245150678816,363.73302395707907,56.01643102552562
2021-03-25 19:00:00,318.6073380266226,321.37782973661285,315.1788461651681,321.142333984375,3024,353.06624389648437,241.9898899459839,300.668359375,25.85744012350354,248.95347912799295,352.3832396220071,55.440231332447965
2021-03-28 19:00:00,304.78946161809483,318.6004035019646,301.2917241469438,312.1659240722656,4320,352.55273193359375,242.89279544830322,298.87965698242186,23.549652473788335,251.78035203484518,345.97896192999855,57.14614425938043
2021-03-29 19:00:00,311.68108175232726,311.68108175232726,292.6338977702171,296.090087890625,5760,351.21097900390623,243.72733882904052,297.59171905517576,22.92339514050119,251.7449287741734,343.43850933617813,55.77946922302903
2021-03-30 19:00:00,298.5212002322888,301.9843301256688,290.90233272941606,293.4650573730469,6336,349.2864520263672,244.56576091766357,297.37942962646486,22.941886147365576,251.4956573317337,343.263201921196,64.43995934261221
2021-03-31 19:00:00,290.90235365005464,294.3654837924904,287.4392539452267,292.54388427734375,1440,347.7111468505859,245.40511817932128,296.61096343994143,22.827596256579323,250.95577092678278,342.26615595310005,65.42005808429735
2021-04-01 19:00:00,290.9023379400719,310.98153973220974,281.89822440608623,297.64849853515625,2448,346.17684448242187,246.2670548248291,296.1174682617187,22.68562885844056,250.7462105448376,341.48872597859986,68.10233388231232
2021-04-04 19:00:00,284.66871248370427,297.1359558105469,284.66871248370427,297.1359558105469,576,344.7777429199219,247.13283554077148,295.5924575805664,22.525963374747686,250.54053083107104,340.64438433006177,67.32155162920385
2021-04-05 19:00:00,287.43925331074973,292.28759897432843,287.43925331074973,288.8383483886719,4608,343.28167419433595,247.9571282196045,295.28666534423826,22.576538736229995,250.13358787177827,340.43974281669824,54.91085359359224
2021-04-06 19:00:00,278.6082595565952,290.90234375,278.6082595565952,290.90234375,2880,341.58044921875,248.82290897369384,295.7403335571289,22.382204626917378,250.97592430329416,340.50474281096365,43.91379203674608
2021-04-07 19:00:00,294.3654626276376,294.3654626276376,283.9761033849323,292.7100830078125,3600,339.96358581542967,249.68688888549804,297.24471282958984,21.00805210605078,255.22860861748828,339.2608170416914,23.440294649710793
2021-04-08 19:00:00,297.82859457947745,297.82859457947745,285.3613512270231,287.32147216796875,1152,338.3751202392578,250.5243759536743,298.6057189941406,19.286238994398133,260.03324100534434,337.17819698293687,23.196762588779137
2021-04-11 19:00:00,285.3613559848542,298.8675263626663,277.0498501321049,290.78460693359375,8784,336.3058349609375,251.3878364944458,300.2274993896484,16.94446677962537,266.33856583039767,334.11643294889916,26.905758260464268
2021-04-12 19:00:00,290.9023279068137,290.9023279068137,284.73798236637896,288.49200439453125,1152,333.5993347167969,252.23100303649903,301.6577682495117,14.372134273214902,272.9134997030819,330.4020367959415,21.16920165420335
2021-04-13 19:00:00,283.9761090572659,289.51018331074386,283.9761090572659,289.34393310546875,864,330.5627294921875,253.07929500579834,302.1561111450195,13.716760719200435,274.72258970661863,329.5896325834204,22.31390181397508
2021-04-15 19:00:00,283.97610054961336,289.5170839737049,280.519910464768,289.50323486328125,720,327.5908154296875,253.91037525177,301.6148254394531,14.00326638630619,273.6082926668407,329.6213582120655,22.976755970006096
2021-04-18 19:00:00,283.9761103451186,286.7466021527301,279.8203421960951,283.6297912597656,720,324.5363409423828,254.7143392944336,299.65400390625,13.614100191186457,272.4258035238771,326.8822042886229,24.262817231079538
2021-04-19 19:00:00,281.20562355251116,283.9761154095314,273.5867252892952,277.31304931640625,16704,321.28626892089846,255.46351673126222,297.6169952392578,13.763280039531475,270.09043516019483,325.14355531832075,29.446509601868527
2021-04-20 19:00:00,277.39615919325087,283.2696125652492,274.2793484157986,280.5129699707031,864,318.4465075683594,256.2288669204712,295.71227569580077,13.334803637654671,269.04266842049145,322.3818829711101,35.99875959172094
2021-04-21 19:00:00,277.0498581005932,277.0498581005932,259.81042349548665,267.3946838378906,8496,315.48290588378904,256.92055660247803,292.96324920654297,13.215528326431635,266.5321925536797,319.39430585940624,28.48674232041371
2021-04-22 19:00:00,272.89410400390625,272.89410400390625,272.89410400390625,272.89410400390625,1440,312.8703253173828,257.6329210281372,290.49161834716796,12.00160408148596,266.488410184196,314.4948265101399,28.966540506845092
2021-04-25 19:00:00,266.66048013736525,272.1945541927648,265.27523428942317,268.1427001953125,1728,310.33213317871093,258.3215284347534,287.84163665771484,10.65312216267044,266.535392332374,309.1478809830557,27.020169403054737
2021-04-26 19:00:00,273.57981054800536,288.24961060191464,268.0457362800602,283.6644287109375,20016,308.3527508544922,259.1004541778564,286.41656188964845,9.007168404157536,268.40222508133337,304.4308986979635,46.32054624823286
2021-04-27 19:00:00,287.4253577350425,287.4253577350425,262.39392707975634,278.5528564453125,20880,306.007939453125,259.84170112609866,285.5397003173828,8.868440805942559,267.8028187054977,303.27658192926793,41.58247785519469
2021-04-28 19:00:00,268.0457327540159,286.7465978298775,257.6632827498381,258.7022399902344,16992,303.5412261962891,260.43486488342285,283.8015594482422,10.491477551286073,262.81860434567005,304.7845145508143,31.39588501054942
2021-04-29 19:00:00,242.41863221158303,249.34487710690786,239.3018212477467,241.9684295654297,8352,300.9902896118164,260.95194381713867,281.2727867126465,13.835575053924202,253.6016366047981,308.9439368204949,27.929085123841134
2021-05-02 19:00:00,225.7956244133922,238.6022621871047,223.8216543776143,229.89596557617188,3600,298.2567770385742,261.4157252502441,277.8851600646973,17.440022227563457,243.00511560957037,312.7652045198242,22.659690535824836
2021-05-03 19:00:00,235.49238232685482,247.12846619943983,235.49238232685482,246.41506958007812,4032,295.7878469848633,261.9790022277832,275.3491157531738,18.166012472575805,239.0170908080222,311.6811406983254,33.2469258179289
2021-05-04 19:00:00,243.803875504331,256.2018584504115,242.4186295840412,245.88174438476562,2304,293.2787448120117,262.5396125793457,273.2012855529785,19.007172137758893,235.18694127746073,311.2156298284963,32.65136773590913
2021-05-05 19:00:00,254.53954797903626,254.87894250466277,254.53954797903626,254.71270751953125,576,290.99058990478517,263.1539360046387,271.3918037414551,18.955897330789846,233.4800090798754,309.30359840303475,37.01194656288523
2021-05-16 19:00:00,259.0416178368671,266.6604853688213,246.57437452319547,251.83139038085938,7200,288.6950930786133,263.7273945617676,269.3478691101074,18.738901547748565,231.87006601461027,306.8256722056045,37.85770687240949
2021-05-17 19:00:00,255.2321749294426,255.5715542415945,255.2321749294426,255.40533447265625,288,286.3446017456055,264.26729545593264,267.7520622253418,18.48497834811278,230.78210552911622,304.7220189215673,41.45550787138032
2021-05-18 19:00:00,252.808002459509,254.87894676831937,252.808002459509,254.07550048828125,432,284.46731231689455,264.74527572631837,265.9166069030762,17.89055376519771,230.13549937268075,301.69771443347156,39.53616238061085
2021-05-19 19:00:00,255.75164514997982,256.09102445097295,255.75164514997982,255.9248046875,288,283.1488314819336,265.1730753326416,264.2882469177246,17.196270680867098,229.89570555599042,298.6807882794588,45.01564486358586
2021-05-20 19:00:00,256.271126135299,256.271126135299,242.41862172507535,251.07643127441406,3312,282.21614318847656,265.55505783081054,262.3748718261719,16.37081382200143,229.63324418216905,295.11649947017474,40.464950711719545
2021-05-23 19:00:00,249.34488491224582,269.9019888058563,243.80388577877324,260.97406005859375,54432,281.27736022949216,266.04481285095216,260.9484130859375,15.074177747465052,230.80005759100737,291.0967685808676,47.001923398454906
2021-05-24 19:00:00,260.7662496646782,280.5406799316406,255.6131324428428,280.5406799316406,52704,280.7378057861328,266.6336823272705,260.79395751953126,14.843607049094091,231.10674342134308,290.48117161771944,48.73633609936377
2021-05-25 19:00:00,300.5990854967906,300.5990854967906,277.04984473723675,286.240966796875,59184,280.3099017333984,267.2649057006836,261.2403533935547,15.48684541315989,230.26666256723493,292.2140442198745,53.09536172472507
2021-05-26 19:00:00,287.43924797039443,287.43924797039443,277.0498577590454,280.9147033691406,5184,280.02911193847655,267.88508178710936,261.26044006347655,15.51339567822971,230.23364870701712,292.28723141993595,60.127579523270846
2021-05-27 19:00:00,283.9691774360875,288.82449320984637,274.9720033992858,276.4541931152344,10224,279.9216162109375,268.44659255981446,261.7134155273437,15.83095055432062,230.05151441870248,293.375316635985,67.70499300671034
2021-05-30 19:00:00,282.59087654659385,282.59087654659385,266.6605023140128,273.5174865722656,19440,280.13951599121094,269.0057138824463,261.74458465576174,15.854718344268901,230.03514796722393,293.4540213442995,74.71357195047015
2021-05-31 19:00:00,270.1236194576563,277.0152109446094,266.72973505158365,276.578857421875,21744,280.46906616210936,269.57418548583985,262.16639251708983,16.143486726932498,229.87941906322484,294.45336597095485,70.16391737014114
2021-06-01 19:00:00,273.5867193388792,278.4350952020176,268.7383739133471,276.18408203125,5472,280.8257678222656,270.1412719726562,261.7923751831055,15.699754255789246,230.392866671527,293.191883694684,70.2941272650722
2021-06-02 19:00:00,276.45419758674996,277.029103119189,270.816239530117,274.30706787109375,1584,281.1141766357422,270.72144905090335,261.58008575439453,15.48847764435572,230.60313046568308,292.557041043106,64.47061851511118
2021-06-03 19:00:00,277.04983745812365,278.08879466569294,273.586707641436,276.91131591796875,2160,281.06486145019534,271.2916175842285,262.49053955078125,15.841570819961893,230.80739791085747,294.17368119070505,68.59786896612903
2021-06-06 19:00:00,277.0498517234769,279.82034354443823,274.2793599025156,277.1606750488281,2160,280.6014959716797,271.9015774536133,264.25015182495116,15.390159407206719,233.4698330105377,295.0304706393646,66.96923690695186
2021-06-07 19:00:00,272.23611410776266,277.1606753476861,267.3669797493779,273.3858642578125,4320,279.6122888183594,272.48584091186524,266.4246467590332,13.196821167232732,240.03100442456773,292.81828909349866,64.5087569091557
2021-06-08 19:00:00,268.04574313105866,270.12362725468785,265.3444968141015,270.0889892578125,2592,278.65300415039064,273.0738793182373,267.60834274291994,12.341601006994035,242.92514072893186,292.291544756908,60.41563157103393
2021-06-09 19:00:00,271.50885985556425,271.50885985556425,270.8162217025057,271.2802734375,1440,277.70646240234373,273.645710144043,268.87826919555664,11.246451903197975,246.38536538916068,291.37117300195257,65.70138925287429
2021-06-10 19:00:00,262.50475446166877,272.54088558602604,262.50475446166877,270.4006652832031,720,276.6669714355469,274.23582641601564,269.66266708374025,10.742242927410706,248.17818122891885,291.14715293856165,58.52011097154162
2021-06-13 19:00:00,263.2043058623859,272.19457052179797,263.2043058623859,272.0283203125,432,275.66100341796874,274.813302154541,270.6725135803223,9.893554431599522,250.88540471712324,290.4596224435213,38.61398505828673
2021-06-14 19:00:00,272.8941078737191,276.3502980169486,270.1236161148725,274.16162109375,2160,274.72138916015626,275.4222232055664,271.61032791137694,9.237404412933184,253.13551908551057,290.0851367372433,32.13842835353472
2021-06-15 19:00:00,274.26551486277623,274.2793639739499,253.60451290449421,272.0283203125,10944,273.91863708496095,276.02047775268557,272.5079689025879,8.264867061627244,255.9782347793334,289.0377030258424,35.48963855277596
2021-06-16 19:00:00,265.28908053613856,271.5019131193002,265.28908053613856,271.335693359375,720,273.4235491943359,276.64920768737795,273.2785133361816,7.299425512588828,258.67966231100394,287.8773643613593,40.46938518064773
2021-06-17 19:00:00,272.8941152279618,272.8941152279618,272.20147705078125,272.20147705078125,864,272.99827758789064,277.2656435394287,274.334765625,5.120982763374074,264.0928000982518,284.57673115174816,47.34482924228225
2021-06-21 19:00:00,272.2014613930868,272.2014613930868,259.73421842183694,262.9964904785156,3744,272.4073297119141,277.82012413024904,274.4358871459961,4.856402955283961,264.7230812354282,284.148693056564,28.040273502991496
2021-06-22 19:00:00,268.04574570565853,268.04574570565853,259.7342395689163,264.3055725097656,3744,271.74047119140624,278.38665649414065,273.62413177490237,5.131349405171515,263.36143296455936,283.8868305852454,31.34652377816819
2021-06-23 19:00:00,258.3489860501221,266.6604919433594,258.3489860501221,266.6604919433594,3744,271.1309619140625,278.9083413696289,272.6451080322266,4.415416721100325,263.81427459002595,281.4759414744272,38.169729487786014
2021-06-24 19:00:00,266.6604919433594,266.6604919433594,266.6604919433594,266.6604919433594,2160,270.6874047851563,279.36917922973635,271.9323974609375,4.152947508284542,263.62650244436844,280.2382924775066,32.75061495088096
2021-06-27 19:00:00,258.34898411654933,263.1904506448939,258.34898411654933,263.0242004394531,720,270.1298419189453,279.7464172363281,271.2608978271484,4.457894181854173,262.34510946344005,280.1766861908568,28.646147378203594
2021-06-28 19:00:00,269.2162720028671,269.2162720028671,263.1973571777344,263.1973571777344,2016,269.5395874023437,280.0597259521484,270.74489135742186,4.7693474766071535,261.20619640420756,280.28358631063617,32.73068292677881
2021-06-29 19:00:00,262.5047588118125,262.5047588118125,247.33626866140705,261.4934997558594,11952,269.02302795410156,280.3944367980957,269.9906234741211,4.986093911694347,260.0184356507324,279.9628112975098,34.5991279708755
2021-06-30 19:00:00,263.1973624893897,270.12362248751344,263.1973624893897,266.6258544921875,3600,268.53985290527345,280.7713631439209,269.512712097168,4.816398923125317,259.87991425091735,279.14550994341863,42.692514086396564
2021-07-01 19:00:00,273.5867177843936,273.5867177843936,257.1368962016738,266.50811767578125,5328,268.1001751708984,281.1723236083984,269.12276458740234,4.722604278693714,259.6775560300149,278.5679731447898,43.73887560806797
2021-07-04 19:00:00,260.42686352146234,269.4240675854484,260.42686352146234,267.0760498046875,1296,267.6548175048828,281.6106164550781,268.6310012817383,4.3676304480658406,259.8957403856066,277.36626217787,41.75317877361846
2021-07-05 19:00:00,266.66050078908427,287.1067810058594,264.928935735653,287.1067810058594,12816,267.60688842773436,282.17649085998534,269.12830657958983,5.74044088505949,257.64742480947086,280.6091883497088,63.50627542056366
2021-07-06 19:00:00,294.43473679670063,308.633544921875,294.43473679670063,308.633544921875,29376,268.1069635009766,282.78478851318357,270.890690612793,10.529451625222002,249.83178736234896,291.949593863237,77.18900652728375
2021-07-07 19:00:00,316.8757715690781,331.7810363769531,316.8757715690781,331.7810363769531,32112,269.1963232421875,283.4564958190918,273.97529296875,17.203447829705695,239.56839730933862,308.38218862816143,83.66637555713368
2021-07-08 19:00:00,337.9038497297894,342.84919984924124,306.90199085940174,308.3357238769531,41040,269.7527783203125,284.0345603942871,275.8280654907227,18.81759323628415,238.19287901815437,313.463251963291,66.08101849651162
2021-07-11 19:00:00,298.5212017519736,308.2179533277588,291.6018817040729,301.27093505859375,6624,270.43030334472655,284.6032744598389,277.3715789794922,19.598830187906483,238.17391860367923,316.56923935530517,67.36425876570559
2021-07-12 19:00:00,294.3654692647801,323.8643493652344,293.0910466882926,323.8643493652344,43200,271.4497082519531,285.2944445800781,279.96338043212893,22.12030186754452,235.72277669703988,324.203984167218,72.64682674142804
2021-07-13 19:00:00,327.61146766680645,340.77131916538633,317.3467500165466,319.7778625488281,23472,272.48241149902344,285.9881081390381,282.2441925048828,23.780064450457793,234.68406360396722,329.80432140579836,69.93501406463318
2021-07-14 19:00:00,311.68108502634925,313.0663309111768,308.21795509547735,308.6820068359375,2592,272.9827630615234,286.61836181640626,284.0768768310547,24.35673168081686,235.36341346942095,332.7903401926884,64.55823235850679
2021-07-15 19:00:00,300.59909356899857,315.1303721982777,300.59909356899857,311.68109130859375,4176,273.64532775878905,287.23479774475095,286.0941467285156,24.910391542416814,236.273363643682,335.91492981334926,66.93179595303496
2021-07-18 19:00:00,299.90648956003776,311.597970079008,299.90648956003776,303.56353759765625,3024,274.5425537109375,287.84700866699217,287.66224975585936,24.976851318150093,237.70854711955917,337.61595239215956,63.31080582000008
2021-07-25 19:00:00,295.4736642831135,315.8368180611164,295.4736642831135,310.468994140625,2736,275.9125650024414,288.5168112945557,290.03587493896487,24.764240891929965,240.50739315510492,339.5643567228248,65.61410240868085
2021-07-26 19:00:00,311.6810766035467,311.6810766035467,301.2917175292969,301.2917175292969,1440,277.3404800415039,289.1055422973633,291.8851821899414,24.114127433024894,243.65692732389164,340.1134370559912,60.7741017353238
2021-07-27 19:00:00,304.75483589792253,304.75483589792253,303.3695899643073,303.8890686035156,1152,278.48996002197265,289.7103421020508,293.7466110229492,23.493382764037577,246.75984549487404,340.7333765510243,61.44159550652898
2021-07-28 19:00:00,288.1318492458256,300.5921835324671,288.1318492458256,296.3255920410156,864,279.4988369750977,290.2989691162109,295.22986602783203,22.6132634907755,250.00333904628104,340.456393009383,58.58507867073518
2021-07-29 19:00:00,294.36546296410717,315.1372721367826,294.36546296410717,307.74005126953125,3744,280.5593838500977,290.9060892486572,297.4656585693359,21.44166934459965,254.58231988013662,340.34899725853523,56.37873663256112
2021-08-01 19:00:00,307.5253484529684,307.5253484529684,294.37931595519456,301.8527526855469,1008,281.5598110961914,291.5443775939941,299.39842834472654,19.875105608200407,259.6482171283257,339.14863956112737,47.67932577589936
2021-08-02 19:00:00,303.8544139780005,324.4877014042635,297.8285899309019,312.4429626464844,42912,282.700563659668,292.28562438964843,301.94590148925784,17.931096938860815,266.0837076115362,337.80809536697944,42.759338119381844
2021-08-03 19:00:00,311.68108320551653,311.68108320551653,304.0622156646712,306.91583251953125,2592,283.75737030029296,293.02136489868167,303.960400390625,15.902649380865043,272.15510162889495,335.76569915235507,49.38596553741971
2021-08-04 19:00:00,307.17904559474664,320.6783072238845,302.1159626214032,303.8682861328125,11376,284.7162399291992,293.7787499237061,305.8284088134766,13.243740893860974,279.34092702575464,332.31589060119853,51.16366064587473
2021-08-05 19:00:00,301.29174223236527,304.7132945815679,297.8286121111364,300.5229187011719,1584,285.7051696777344,294.4883093261719,307.5007522583008,9.74140654776379,288.0179391627732,326.9835653538284,37.363140284058886
2021-08-08 19:00:00,297.82859573879705,308.1764077616138,293.3265390037313,300.4120788574219,2160,286.4939300537109,295.1881372070313,308.16601715087893,8.670848646138063,290.8243198586028,325.50771444315507,39.04388812154696
2021-08-09 19:00:00,300.5990773236006,321.37782576708804,300.5990773236006,313.4749755859375,15264,287.1526159667969,295.9233235931396,308.40808868408203,8.751791376161451,290.9045059317591,325.91167143640496,52.65256433468357
2021-08-10 19:00:00,315.14421070066845,315.14421070066845,297.8285917177916,302.91937255859375,25776,287.48618408203123,296.596243057251,306.9650054931641,6.872771342040827,293.2194628090824,320.71054817724576,45.52528188305235
2021-08-15 19:00:00,294.46934360490627,302.9193707310891,294.365460057796,301.1531982421875,2304,287.89095397949217,297.26729248046877,306.60587921142576,6.984130633423364,292.637617944579,320.5741404782725,48.68360963830682
2021-08-16 19:00:00,301.2917330509547,301.2917330509547,296.4433571165028,299.2069091796875,1584,288.34600830078125,297.86603179931643,306.50267791748047,7.081680040279684,292.3393178369211,320.6660379980398,43.49703465513328
2021-08-19 19:00:00,297.82859105457175,297.82859105457175,290.9023313018025,293.9291076660156,1872,288.7542407226563,298.3710935974121,305.0059158325195,6.344142554540491,292.3176307234385,317.6942009416005,45.548196715019486
2021-08-22 19:00:00,290.9369887968891,307.5253631452917,290.9369887968891,297.9671325683594,11808,289.18200622558595,298.9033065032959,303.9153793334961,5.488089559413131,292.9392002146698,314.8915584523224,46.48061536363287
2021-08-23 19:00:00,296.44336555512257,296.78968465407183,289.86342442551705,291.5672912597656,5328,289.48967041015624,299.36726119995114,303.0596435546875,6.014772516578562,291.03009852153036,315.08918858784466,47.13249941884929
2021-08-24 19:00:00,286.15789149954026,289.5032585369533,283.9761237713127,288.0487365722656,3456,289.7645037841797,299.8055194091797,301.8780258178711,6.531082918346495,288.8158599811781,314.9401916545641,36.885322870507494
2021-08-25 19:00:00,285.3613667762554,286.74661273116453,277.74249880545136,285.2366943359375,4320,289.9310113525391,300.20232414245606,300.96168365478513,7.49647335321883,285.9687369483475,315.95463036122277,38.460801588307426
2021-08-26 19:00:00,283.28347924864056,283.97611743664334,282.5908714982449,282.8194274902344,1296,290.0441864013672,300.50984954833984,299.57920532226564,8.170140503988081,283.2389243142895,315.9194863302418,26.793294540099353
2021-08-29 19:00:00,277.09142815879414,283.76140346973807,273.5867204101662,283.6297912597656,2160,290.24906494140623,300.7384503173828,298.69610900878905,8.897446854793374,280.9012152992023,316.4910027183758,30.302327826685413
2021-08-30 19:00:00,283.28348021614255,287.4392484831383,279.82035013951526,281.6350402832031,2160,290.47998596191405,300.9366795349121,297.5834075927734,9.579247849899426,278.4249118929746,316.74190329257226,30.851836101542645
2021-08-31 19:00:00,274.27935062116717,280.50603245214126,274.27935062116717,280.37445068359375,432,290.66186950683596,301.1706827545166,296.78585052490234,10.324528663730892,276.13679319744057,317.4349078523641,32.000987972578855
2021-09-01 19:00:00,277.0498580064672,282.58393243721196,277.0498580064672,281.2748718261719,1440,290.8793536376953,301.32160568237305,295.46259155273435,10.540392508736245,274.3818065352619,316.5433765702068,33.14217939150463
2021-09-02 19:00:00,274.27934434721516,280.5129658096519,274.27934434721516,280.3952331542969,1008,291.04669189453125,301.39197631835935,294.38971557617185,10.9401902300122,272.50933511614744,316.27009603619626,12.896253947563892
2021-09-05 19:00:00,273.58671500657573,294.3654640284748,273.58671500657573,283.9761047363281,4032,291.2429815673828,301.5800931549072,292.96637268066405,10.300927255365727,272.3645181699326,313.5682271913955,24.81124656396922
2021-09-06 19:00:00,275.66460448392695,303.9929456137698,275.66460448392695,294.5247802734375,9216,291.6929107666016,301.91331489562987,292.34682006835936,9.777087177163347,272.7926457140327,311.90099442268604,42.85501872432478
2021-09-07 19:00:00,294.365478515625,309.6032143440577,290.90234843527014,294.365478515625,10800,292.15350646972655,302.2661379241943,291.8716796875,9.411786769648021,273.04810614820394,310.695253226796,44.57216133658867
2021-09-08 19:00:00,292.28759662856237,302.67698694955624,291.248669771506,294.2269592285156,3312,292.59401611328127,302.62013847351074,291.5568817138672,9.21033265217215,273.1362164095229,309.9775470182115,50.37742036275665
2021-09-09 19:00:00,286.74661328848265,297.1290638523818,286.74661328848265,294.9472961425781,720,293.2330322265625,302.8939677429199,291.283642578125,9.012743973632935,273.25815463085917,309.30913052539086,45.82216615411636
2021-09-12 19:00:00,287.4392486361694,290.75691738955993,287.4392486361694,290.62530517578125,1584,293.7594268798828,303.0605786132812,290.1411590576172,7.34572665005763,275.44970575750193,304.83261235773244,48.61730158118667
2021-09-13 19:00:00,280.51298260257386,284.6687203471135,280.51298260257386,283.49127197265625,2592,294.0960424804687,303.2276050567627,289.1697540283203,6.833739839468828,275.5022743493827,302.83723370725795,43.952216765924845
2021-09-14 19:00:00,283.97611020992025,283.97611020992025,277.04985025658283,281.75970458984375,1728,294.3980267333984,303.42881256103516,288.2000793457031,6.406413403888734,275.38725253792563,301.01290615348057,45.24979695710834
2021-09-15 19:00:00,282.5908508300781,282.5908508300781,282.5908508300781,282.5908508300781,144,294.78935974121094,303.6246521759033,287.36927642822263,5.9661721534230665,275.4369321213765,299.30162073506875,49.67357576180183
2021-09-16 19:00:00,277.7424768540455,283.83063706252193,277.7424768540455,281.73199462890625,576,295.16005249023436,303.8669322967529,286.75942077636716,5.883152015069604,274.99311674622794,298.5257248065064,47.2935556621338
2021-09-19 19:00:00,277.04986089405116,279.81344346980853,264.5895566239598,277.7217102050781,1872,295.48461669921875,304.0469108581543,285.7471496582031,5.5875407802143595,274.5720680977744,296.92223121863185,44.7225894178518
2021-09-20 19:00:00,273.59366319834606,280.15975503105915,273.58672342401576,279.68182373046875,1152,295.74573608398435,304.24742568969725,285.15287628173826,5.567965426713879,274.0169454283105,296.288807135166,49.083238813542344
2021-09-21 19:00:00,266.6604933837637,276.3572452386511,258.70915564525177,272.20147705078125,4464,295.8596032714844,304.32070526123044,284.3605133056641,6.22320992807479,271.9140934495145,296.8069331618137,39.77200407032386
2021-09-22 19:00:00,283.69907319318855,283.96917651783116,252.8149312654497,260.3783874511719,5184,295.72565002441405,304.2816065979004,283.11759796142576,8.205634747611436,266.7063284662029,299.52886745664864,31.90130250844075
2021-09-23 19:00:00,242.59178256189296,254.1239826909184,242.41862302184327,252.12229919433594,3168,295.0259603881836,304.1029441070557,281.58274154663087,10.742978971264352,260.09678360410214,303.0686994891596,23.443809265995313
2021-09-26 19:00:00,243.80386953158964,254.87894250466277,242.4186236452358,254.71270751953125,2592,293.9475436401367,303.8292879486084,280.13688735961915,12.287817620997505,255.56125211762415,304.7125226016142,11.73099680075191
2021-09-28 19:00:00,246.22805941883746,256.84600529154386,242.4878863643741,251.76905822753906,2304,292.34730407714846,303.47684600830075,278.6435882568359,13.815912258445204,251.0117637399455,306.2754127737263,11.134958195979777
2021-09-29 19:00:00,252.10843334171517,252.66253473524475,245.8817362433146,249.2063446044922,1872,291.1647164916992,303.1337543487549,277.08518295288087,15.289645767827585,246.5058914172257,307.66447448853603,10.663250382038854
2021-09-30 19:00:00,250.38380573680564,255.92480439959832,249.34486373165618,252.3647003173828,3456,290.186591796875,302.8042727661133,275.6396743774414,16.21151467719775,243.21664502304588,308.0627037318369,14.313854218269782
2021-10-03 19:00:00,262.50476413488605,271.2872314453125,262.50476413488605,271.2872314453125,4464,289.1350494384766,302.65130661010744,275.1842742919922,16.198816704496707,242.7866408829988,307.58190770098565,36.980039910316854
2021-10-04 19:00:00,250.94483947753906,250.94483947753906,250.94483947753906,250.94483947753906,4464,287.7583889770508,302.4742026519775,273.53271102905273,16.922940336814307,239.68683035542412,307.3785917026813,31.395987987862256
2021-10-05 19:00:00,232.126220703125,232.126220703125,232.126220703125,232.126220703125,576,286.2272732543945,302.13640953063964,270.4127830505371,18.525208630619908,233.36236578929726,307.4632003117769,26.265229807225325
2021-10-06 19:00:00,228.5661413285735,229.25876429291546,218.1836909814123,220.46243286132812,9360,284.40290008544923,301.75345741271974,266.71763076782224,20.734799882887394,225.24803100204747,308.187230533597,23.079230073469915
2021-10-07 19:00:00,221.6398972509912,225.10301208496094,221.6398972509912,225.10301208496094,3024,282.8336895751953,301.4224174499512,263.26143341064454,21.648889517905243,219.96365437483405,306.55921244645504,26.24084216898615
2021-10-10 19:00:00,212.63576194527255,212.63576194527255,208.22373962402344,208.22373962402344,4320,280.7887844848633,301.03783760070803,258.9252555847168,23.568398788177355,211.7884580083621,306.0620531610715,23.683373931545162
2021-10-11 19:00:00,194.62751647791774,207.77353356726024,194.62751647791774,196.961669921875,4896,278.70218353271486,300.56768394470214,254.2420738220215,26.106933927703828,202.02820596661383,306.45594167742917,20.737982928850926
2021-10-12 19:00:00,193.93490134781734,200.86114619393902,186.9393957273028,189.71681213378906,5760,276.41873840332033,300.0675396728516,249.55335083007813,28.85369566822901,191.84595949362011,307.26074216653615,20.772591528622144
2021-10-13 19:00:00,200.86114101126682,200.86114101126682,193.93489634385796,200.16851806640625,3744,274.49559692382815,299.63118606567383,245.47379150390626,29.81251566854933,185.8487601668076,305.0988228410049,28.456007912812296
2021-10-14 19:00:00,197.39802532827323,214.7067047479517,195.32014128498,206.997802734375,1728,272.480751953125,299.24165405273436,241.6941390991211,29.65054884733272,182.39304140445566,300.99523679378655,33.68721618737422
2021-10-17 19:00:00,213.74397051619664,214.01408905908144,213.74397051619664,213.8824920654297,288,270.72134674072265,298.9133499908447,238.30166397094726,28.694604276772157,180.91245541740295,295.69087252449157,35.68410768170145
2021-10-19 19:00:00,215.40626883180894,218.14212261963738,203.28532923161873,218.00360107421875,576,268.83255950927736,298.57427543640136,235.3157585144043,27.457128938881443,180.40150063664143,290.2300163921672,38.25810432993258
2021-10-20 19:00:00,214.71362701550768,218.17675690489455,211.26436145546933,211.2712860107422,864,266.91966857910154,298.2432354736328,231.89523162841797,25.853609636434022,180.18801235554992,283.60245090128603,37.17990658976744
2021-10-21 19:00:00,207.78738403320312,214.71362864576292,200.8611394206433,207.78738403320312,9216,264.99805053710935,297.89692321777346,228.67452697753907,24.547386633430968,179.57975371067715,277.769300244401,34.96824128126103
2021-10-24 19:00:00,215.40626680394152,215.40626680394152,200.8611394206433,207.78738403320312,3888,263.14333984375,297.55061096191406,226.04497680664062,23.77720813755096,178.4905605315387,273.59939308174256,25.455122819757335
2021-10-25 19:00:00,200.93732474439204,201.20745849609375,200.86113941701072,201.20745849609375,1584,261.15924743652346,297.0675051879883,223.4992347717285,23.562924079400965,176.3733866129266,270.6250829305304,28.485824925136413
2021-10-26 19:00:00,207.78738403320312,207.78738403320312,207.78738403320312,207.78738403320312,288,259.0454956054688,296.5066177368164,221.1529685974121,22.60821753920208,175.93653351900792,266.3694036758163,38.2254328347632
2021-10-27 19:00:00,207.78738880363935,214.71363357521366,207.78738880363935,211.25051879882812,2304,257.2121185302734,295.8983201599121,219.12704162597657,21.509024387084352,176.10899285180787,262.14509040014525,45.1594084092001
2021-10-28 19:00:00,196.70539818459298,196.70539818459298,195.41018676757812,195.41018676757812,3024,255.09725830078125,295.29494018554686,216.43723373413087,20.904731116990817,174.62777150014924,258.2466959681125,36.04037579202857
2021-10-31 19:00:00,182.19492071250738,193.93490365992199,182.19492071250738,192.20333862304688,5904,252.95718688964843,294.68470321655275,213.42916564941407,19.75997712485174,173.90921139971059,252.94911989911756,41.357151594787055
2021-11-01 19:00:00,187.3549761214917,193.2422789307377,187.01558158532467,188.7471466064453,2448,250.85354766845703,294.07695976257327,209.3021614074707,15.113048091412118,179.07606522464647,239.5282575902949,45.16076663735634
2021-11-02 19:00:00,192.48039461245554,193.2422783494397,190.47178649902344,190.47178649902344,864,248.70364074707032,293.4103778076172,206.27850875854492,12.090233346691791,182.09804206516134,230.4589754519285,50.47570023443701
2021-11-03 19:00:00,193.5885880194772,193.86563110351562,193.5885880194772,193.86563110351562,1008,246.7496075439453,292.7728860473633,204.36547927856446,10.736271008656484,182.8929372612515,225.83802129587744,45.640924440692274
2021-11-04 19:00:00,193.93489795951658,200.16851973399676,193.93489795951658,198.37461853027344,3456,244.95612518310546,292.14342887878416,203.2610885620117,10.111139529248476,183.03880950351476,223.48336762050866,43.838456568417755
2021-11-07 19:00:00,206.60992038673868,207.08783645442307,206.60992038673868,206.8523406982422,288,243.38843811035156,291.60311248779294,202.3485549926758,8.770887332650846,184.8067803273741,219.89032965797747,45.088541593377705
2021-11-08 19:00:00,200.86114501953125,202.93902911438104,200.86114501953125,200.86114501953125,1728,241.7492724609375,291.0143814086914,201.98042526245118,8.665190590576646,184.6500440812979,219.31080644360446,38.32877336223347
2021-11-11 19:00:00,187.77746077174643,192.54965129748936,187.0086524955325,189.77914428710938,2736,239.87225952148438,290.4007159423828,201.62129898071288,9.025487156979777,183.57032466675332,219.67227329467244,36.185554330881956
2021-11-14 19:00:00,180.08933861751652,180.08933861751652,178.6971681178915,179.4382781982422,2448,237.82832427978516,289.77409843444826,201.10737228393555,9.98107720415062,181.1452178756343,221.0695266922368,33.254238296407195
2021-11-15 19:00:00,178.6971677015473,186.24677481929731,176.68854434678153,180.58802795410156,2880,235.8325958251953,289.11866790771484,200.12834777832032,10.987572898463029,178.15320198139426,222.10349357524638,34.14870297731423
2021-11-16 19:00:00,177.31190051107484,186.28139126147127,177.31190051107484,186.03897094726562,432,233.9278778076172,288.51559951782224,199.08040618896484,11.293141613111379,176.4941229627421,221.6666894151876,41.04220162719313
2021-11-17 19:00:00,174.5414119589106,187.00173111473322,174.5414119589106,186.7662353515625,1008,232.0552978515625,287.9229551696777,197.72459335327147,11.047596524969634,175.6294003033322,219.81978640321074,36.664029756428484
2021-11-18 19:00:00,178.00453439941012,186.66232863595795,178.00453439941012,186.31602478027344,432,230.1020962524414,287.2831777191162,196.1402145385742,10.228058798076516,175.68409694242118,216.59633213472725,33.552617408404444
2021-11-21 19:00:00,176.65390879544051,179.38977770093584,173.84877911979623,178.00453186035156,2448,227.7716912841797,286.483992767334,194.47687683105468,10.342224041801625,173.79242874745142,215.16132491465794,37.252705524542435
2021-11-22 19:00:00,177.31190846428464,182.09102375235423,177.31190846428464,181.7793426513672,432,225.51996856689453,285.5770008087158,193.17647476196288,10.214816962385026,172.74684083719282,213.60610868673294,42.428814585326855
2021-11-23 19:00:00,173.84879270173633,176.612360043674,168.3077936877061,172.4635467529297,1584,223.0847003173828,284.4908615112305,191.41028289794923,10.602048632446461,170.2061856330563,212.61438016284217,39.10059997859262
2021-11-25 19:00:00,166.23684387543034,179.38978584022792,166.23684387543034,172.80984497070312,576,220.6419512939453,283.498365020752,189.9904022216797,11.110297943747787,167.76980633418412,212.21099810917525,37.95577145233152
2021-11-28 19:00:00,169.69302991252863,185.7688491658128,169.69302991252863,183.98187255859375,7632,218.50908264160157,282.5464562988281,188.8001266479492,10.352651416964155,168.0948238140209,209.5054294818775,43.906389700857666
2021-11-29 19:00:00,185.76885086754282,185.76885086754282,176.73009941946594,177.2980499267578,1008,216.3852182006836,281.5974913787842,187.1025032043457,9.196708764577803,168.7090856751901,205.49592073350132,37.34507897266456
2021-11-30 19:00:00,183.19921301691522,183.52474320517908,183.19921301691522,183.36544799804688,288,214.41733306884765,280.6961096954346,186.50026626586913,9.016662291603359,168.46694168266242,204.53359084907584,35.477512479962726
2021-12-01 19:00:00,169.6168513342816,179.38286401803467,169.6168513342816,179.2166290283203,2016,212.3498486328125,279.7123748779297,185.8509307861328,9.051889551294217,167.74715168354436,203.95470988872125,36.30466639362796
2021-12-02 19:00:00,166.99180687443587,182.49275180637403,165.77970526703132,168.25238037109375,5904,210.08025634765625,278.68587051391603,184.82619247436523,9.833124799179556,165.1599428760061,204.49244207272434,36.358845693590226
2021-12-05 19:00:00,162.76678300007174,166.22298828733798,159.9962913011576,166.0706024169922,1584,207.84723419189453,277.68249977111816,183.60613327026368,10.581127838321956,162.44387759361976,204.7683889469076,40.55216613513902
2021-12-06 19:00:00,164.84465730208777,172.45661561178395,159.99629666640521,172.30422973632812,1152,205.69968231201173,276.57277656555175,182.5280632019043,10.579215189629855,161.3696328226446,203.686493581164,44.537809545791234
2021-12-07 19:00:00,166.2299234310838,172.42890737261044,166.2299234310838,172.17263793945312,864,203.69910552978516,275.31455467224123,181.21796417236328,10.126230695285027,160.96550278179322,201.47042556293334,40.16700246056496
2021-12-08 19:00:00,166.23684398904732,166.23684398904732,166.22991943359375,166.22991943359375,2016,201.8161361694336,273.9398332977295,179.18684310913085,8.685382709924646,161.81607768928154,196.55760852898015,36.440136297048575
2021-12-09 19:00:00,166.22991943359375,166.22991943359375,166.22991943359375,166.22991943359375,432,200.09828857421874,272.58048820495605,177.45528182983398,7.50936959331361,162.43654264320676,192.4740210164612,36.658081949085634
2021-12-13 19:00:00,166.22991943359375,166.22991943359375,166.22991943359375,166.22991943359375,144,198.3286328125,271.229870223999,176.2778205871582,7.319134538971468,161.63955150921527,190.91608966510114,41.2081122337719
2021-12-14 19:00:00,175.9197282752274,178.61403470691954,173.1561610714376,178.44781494140625,1872,196.86220794677735,269.9230260467529,176.2282974243164,7.299950287879008,161.62839684855837,190.82819800007442,47.790940524006494
2021-12-15 19:00:00,166.9225454415109,179.36207580566406,166.2299224766403,179.36207580566406,4464,195.4653225708008,268.70733123779297,176.16699981689453,7.266485354087309,161.63402910871991,190.69997052506915,55.147811330190386
2021-12-16 19:00:00,179.73608883104927,179.73608883104927,176.61927795410156,176.61927795410156,288,193.95041412353515,267.51255378723147,175.69601516723634,6.888383009907268,161.9192491474218,189.47278118705088,52.74450927749781
2021-12-19 19:00:00,173.22541883386387,175.15784152010397,169.69302820543697,175.0608673095703,1440,192.0258868408203,266.3702424621582,175.11074676513672,6.376558406646621,162.35762995184348,187.86386357842997,42.53938964709786
2021-12-20 19:00:00,169.69303600572277,173.15616602244515,169.65841322808544,169.6861114501953,3024,190.40071228027344,265.24341148376465,174.2792510986328,5.905350638858578,162.46854982091565,186.08995237634997,43.491655694527296
2021-12-21 19:00:00,166.29918551815373,169.68611505848867,166.29918551815373,168.90345764160156,720,189.13625701904297,264.1747610473633,173.8241973876953,5.953637181685302,161.91692302432472,185.7314717510659,36.40625766438244
2021-12-22 19:00:00,169.00041663985127,169.00041663985127,169.00041663985127,168.90345764160156,144,188.10507751464843,263.04031120300294,173.18040313720704,5.740484304138851,161.69943452892934,184.66137174548473,39.485955430222674
2021-12-23 19:00:00,166.22992524662303,168.92423182081518,166.22992524662303,167.93377685546875,432,186.9616928100586,261.9697905731201,172.95391464233398,5.858405137621032,161.23710436709192,184.67072491757605,49.59205874354093
2021-12-26 19:00:00,169.6930389404297,169.6930389404297,169.6930389404297,169.6930389404297,1584,186.1910787963867,260.97067947387694,172.7980743408203,5.903719321237297,160.99063569834573,184.6055129832949,54.68891590842116
2021-12-27 19:00:00,169.3467254638672,169.3467254638672,169.3467254638672,169.3467254638672,432,185.63877990722656,259.9845551300049,172.066316986084,5.32298503822141,161.42034690964118,182.7122870625268,45.48339423891174
2021-12-28 19:00:00,169.00040891964022,169.69303186231218,157.3019737843561,168.8134002685547,1728,185.22071166992188,258.97931427001953,171.64208450317383,5.221212796412425,161.19965891034897,182.0845100959987,44.9320648858494
2021-12-29 19:00:00,166.22991258195057,169.69302720016478,166.22991258195057,169.6653289794922,1296,184.6106478881836,257.97095664978025,170.9570785522461,4.442888142889776,162.07130226646655,179.84285483802563,56.12344420516229
2021-12-30 19:00:00,169.6237695400122,171.66009101727116,169.6237695400122,171.54234313964844,576,183.90153869628907,256.9830661010742,170.5733642578125,4.0014699491811285,162.57042435945024,178.57630415617476,58.87525167216364
2022-01-02 19:00:00,171.54234313964844,171.54234313964844,171.54234313964844,171.54234313964844,4320,183.05473571777344,256.0077466583252,170.73786239624025,3.968522424556168,162.8008175471279,178.67490724535259,58.87525167216364
2022-01-03 19:00:00,171.0782864189058,184.40438842773438,171.0782864189058,184.40438842773438,10800,182.38275146484375,255.06511909484863,171.65455169677733,4.85266322446319,161.94922524785096,181.3598781457037,59.741734361617816
2022-01-04 19:00:00,191.1574742474481,191.1574742474481,182.50658942460873,189.61984252929688,864,181.94972259521484,254.27351844787597,172.52033233642578,6.302700080764013,159.91493217489776,185.1257324979538,64.7070482817825
2022-01-05 19:00:00,183.54553051617128,183.54553051617128,176.619285517335,182.71438598632812,5040,181.44826263427734,253.57784614562988,173.04741973876952,6.700345449391244,159.64672883998702,186.44811063755202,57.806974443405984
2022-01-06 19:00:00,180.7057647705078,180.7057647705078,180.7057647705078,180.7057647705078,1440,180.90663024902344,252.9928207397461,173.77121200561524,6.706997080761478,160.35721784409228,187.1852061671382,57.147880738298504
2022-01-09 19:00:00,180.0824025213486,190.47177687295806,173.1561580265432,175.81582641601562,15696,180.39879760742187,252.3323338317871,174.25050735473633,6.4783333658479,161.29384062304052,187.20717408643213,57.85826765492378
2022-01-10 19:00:00,178.69716405720328,179.389787013451,171.07828110087198,172.74058532714844,4752,179.6978616333008,251.65844474792482,174.57604064941407,6.212203000173102,162.15163464906786,187.00044664976028,54.64607639615085
2022-01-11 19:00:00,176.59158618651932,176.5985107421875,176.59158618651932,176.5985107421875,432,179.00482147216798,251.00325645446776,174.48357543945312,6.16512521321944,162.15332501301424,186.813825865892,58.52123706741419
2022-01-12 19:00:00,188.32463858077884,188.32463858077884,179.38978576660156,179.38978576660156,1584,178.68441345214845,250.4254344177246,174.4849609375,6.166282273946749,162.1523963896065,186.8175254853935,62.19404088063084
2022-01-13 19:00:00,173.8557165812306,180.0754894341222,173.14231994257506,173.2531280517578,3600,178.30540924072267,249.88255516052246,174.3166534423828,6.1508803795648594,162.0148926832531,186.6184142015125,53.466413023065634
2022-01-16 19:00:00,175.9197279154624,181.39146586921623,175.9197279154624,179.59756469726562,864,178.12241760253906,249.46743049621583,174.5434883117676,6.262412296572773,162.01866371862204,187.06831290491314,58.93719344037228
2022-01-18 19:00:00,185.55413913089512,185.55413913089512,171.77091100569766,174.95005798339844,2736,177.81198303222655,249.04167404174805,174.80668563842772,6.157255369161831,162.49217490010406,187.12119637675139,54.992115334581904
2022-01-19 19:00:00,169.69302858204713,173.15615844726562,169.69302858204713,173.15615844726562,720,177.39779357910157,248.6157098388672,175.01932067871093,6.014438530733623,162.99044361724367,187.04819774017818,52.79689373943257
2022-01-20 19:00:00,173.2254180908203,173.2254180908203,173.2254180908203,173.2254180908203,144,176.8948095703125,248.18240379333497,175.23541870117188,5.858759904079808,163.51789889301227,186.9529385093315,51.388728013674005
2022-01-23 19:00:00,176.61928123717064,176.61928123717064,174.54141235351562,174.54141235351562,576,176.24859100341797,247.65822547912597,175.56580047607423,5.606203863781574,164.35339274851108,186.77820820363738,52.421974986549856
2022-01-24 19:00:00,180.7750258881831,180.7750258881831,173.15615844726562,173.15615844726562,1584,175.69449127197265,247.02236152648925,175.73895645141602,5.467022187144266,164.80491207712748,186.67300082570455,38.84921011885277
2022-01-25 19:00:00,173.15615844726562,173.15615844726562,173.15615844726562,173.15615844726562,576,175.36203155517578,246.27391120910644,175.92942810058594,5.29628936564942,165.3368493692871,186.52200683188477,31.796605113856828
2022-01-26 19:00:00,171.77091013354604,171.77091013354604,171.0782719953602,171.42459106445312,576,175.2017578125,245.54076805114747,176.05998764038085,5.141562984747401,165.77686167088606,186.34311360987564,35.904521828056374
2022-01-30 19:00:00,172.80984497070312,173.15616405596367,172.46354110424576,172.80984497070312,432,175.04619415283204,244.81178047180177,176.21721343994142,4.98130767833948,166.25459808326247,186.17982879662037,39.98595040842511
2022-01-31 19:00:00,173.15616405596367,175.91973130738643,172.46354110424576,172.80984497070312,576,174.78161163330077,244.06395362854005,176.28058853149415,4.926461936668367,166.42766465815743,186.13351240483087,45.647828465234326
2022-02-01 19:00:00,169.6930350779802,179.32052612304688,169.6930350779802,179.32052612304688,576,174.63269744873048,243.34892265319823,176.66949768066405,4.838963360583996,166.99157095949607,186.34742440183203,58.66472323593273
2022-02-02 19:00:00,176.61928231259193,176.61928231259193,169.76229821409504,170.9120635986328,1152,174.32461822509765,242.59777130126952,175.994881439209,4.640287721181244,166.71430599684652,185.27545688157147,43.31324797504635
2022-02-03 19:00:00,167.6913489426854,170.96054567972416,167.6913489426854,168.77877807617188,720,174.14010314941407,241.88083557128905,174.95282821655275,3.655048543376019,167.6427311298007,182.2629253033048,37.32628390532479
2022-02-06 19:00:00,166.2368495745861,169.69303989621653,164.8446638491695,164.9485626220703,3456,173.80348754882812,241.22512794494628,174.06453704833984,3.8243715982958673,166.4157938517481,181.71328024493158,39.50272534746734
2022-02-07 19:00:00,159.30367469287773,166.22991943359375,159.30367469287773,166.22991943359375,1584,173.6788150024414,240.588952255249,173.34074478149415,3.8708653113653866,165.59901415876337,181.08247540422494,30.622521583567647
2022-02-14 19:00:00,166.22991756571383,166.22991756571383,159.30367290282615,164.46371459960938,1440,173.51189239501954,239.94855140686036,172.77313919067382,4.297615498793104,164.1779081930876,181.36837018826003,33.41368652697054
2022-02-15 19:00:00,161.3815460205078,161.3815460205078,161.3815460205078,161.3815460205078,576,173.0598858642578,239.26721664428712,172.2051872253418,4.995979578547156,162.2132280682475,182.1971463824361,32.10529122982773
2022-02-17 19:00:00,166.22992197888777,166.22992197888777,166.22992197888777,161.3815460205078,144,172.7415557861328,238.5884445953369,171.4443389892578,5.431431640660761,160.58147570793628,182.30720227057932,31.96205943922037
2022-02-20 19:00:00,164.84466083449104,164.84466083449104,164.84466083449104,161.3815460205078,144,172.30187774658202,237.9511605834961,170.54392700195314,5.5365930364733025,159.47074092900652,181.61711307489975,29.120901201792833
2022-02-21 19:00:00,153.070048815632,159.30367043764772,149.2813887367396,154.46221923828125,4896,171.80678955078125,237.2689599609375,169.6043815612793,6.553625064139662,156.49713143299996,182.71163168955863,24.771006074105074
2022-02-22 19:00:00,155.8474748713636,159.30368041992188,155.8474748713636,159.30368041992188,1584,171.6278155517578,236.60192794799804,168.5896873474121,6.495742233049386,155.59820288131334,181.58117181351088,33.465644216920396
2022-02-23 19:00:00,149.26754591415005,149.26754591415005,147.35589679660205,147.68142700195312,2880,171.26003204345704,235.90372772216796,167.22625579833985,7.817728840582156,151.59079811717555,182.86171347950415,27.073332590736754
2022-02-24 19:00:00,147.52905634201974,147.52905634201974,147.52905634201974,147.68142700195312,144,170.76757598876952,235.18821182250977,165.95251922607423,8.81269804679701,148.3271231324802,183.57791531966825,25.06874649152182
2022-02-27 19:00:00,141.98805935608385,152.3081583841905,141.98805935608385,147.1827392578125,1728,170.2677780151367,234.48166549682617,164.65038528442383,9.572734901893332,145.50491548063718,183.7958550882105,24.82310945986623
2022-02-28 19:00:00,152.37741915954115,152.37741915954115,146.1437971899453,147.1827392578125,1296,169.8868344116211,233.7708595275879,163.28245162963867,10.028824793637993,143.22480204236268,183.34010121691466,13.795281210377652
2022-03-01 19:00:00,146.1437952681863,146.1437952681863,141.98805748897186,142.61141967773438,2160,169.4144644165039,233.03640045166014,161.7552146911621,10.746166098218696,140.26288249472472,183.2475468875995,15.100813211899109
2022-03-02 19:00:00,145.451171875,145.451171875,145.451171875,145.451171875,288,168.99888946533204,232.34550735473633,160.36996536254884,10.98224310797972,138.4054791465894,182.33445157850826,21.72599628635048
2022-03-06 19:00:00,135.0687367944168,135.0687367944168,135.0687367944168,145.451171875,144,168.3389566040039,231.6861979675293,159.07129440307617,11.140769921584658,136.78975455990684,181.3528342462455,23.94966326513554
2022-03-07 19:00:00,136.44705816302206,145.45117187696005,136.44705816302206,139.4461212158203,432,167.54063751220704,230.98086372375488,157.40310821533203,11.468403005096981,134.46630220513805,180.339914225526,18.225151560681283
2022-03-08 19:00:00,135.06181762365884,135.06181762365884,128.99441528320312,128.99441528320312,13104,166.58814025878905,230.28886238098144,155.21233673095702,12.508224210256314,130.1958883104444,180.22878515146965,15.111061480955826
2022-03-09 19:00:00,126.75031130235388,138.66344577669145,126.75031130235388,136.23927307128906,5616,165.81170837402342,229.60558822631836,153.05827407836915,11.829113094908,129.40004788855316,176.71650026818514,27.141067124957758
2022-03-13 19:00:00,127.4429289971915,144.06591708920735,127.4429289971915,141.29542541503906,432,165.24389465332033,228.971351852417,151.57744216918945,11.319242956850658,128.93895625548814,174.21592808289077,33.2756613307571
2022-03-14 19:00:00,132.6376161050595,132.6376161050595,132.6376161050595,141.29542541503906,144,164.69173400878907,228.2595068359375,150.20327453613282,10.776307196518735,128.65066014309537,171.75588892917028,33.2756613307571
2022-03-15 19:00:00,138.52491852206833,138.52491852206833,138.52491852206833,141.29542541503906,144,164.1395733642578,227.57321968078614,149.02061767578124,10.362888871050966,128.2948399336793,169.74639541788318,37.60917906875025
2022-03-16 19:00:00,141.29542541503906,141.29542541503906,141.29542541503906,141.29542541503906,144,163.60680633544922,226.98618560791016,147.7738929748535,9.65955193522605,128.4547891044014,167.0929968453056,31.35396855139429
2022-03-17 19:00:00,132.2982215915044,132.2982215915044,132.2982215915044,141.29542541503906,144,163.0388540649414,226.48282058715822,146.615478515625,8.913070954820741,128.78933660598352,164.44162042526648,41.29202015943951
2022-03-21 19:00:00,141.98805476676654,145.45116951638346,141.98805476676654,143.71961975097656,288,162.5263119506836,226.05193885803223,145.73238220214844,8.221172632187251,129.29003693777395,162.17472746652294,44.932677313650146
2022-03-28 19:00:00,134.37611389160156,134.37611389160156,134.37611389160156,134.37611389160156,432,161.83756622314453,225.49174407958984,144.38211059570312,7.717954948042165,128.9462006996188,159.81802049178745,36.64210462988398
2022-03-29 19:00:00,137.83230011989258,143.37329886859413,137.83230011989258,138.7534942626953,864,161.2193295288086,224.95610282897948,143.2507080078125,6.684108505547029,129.88249099671845,156.61892501890657,41.94359250330689
2022-03-30 19:00:00,138.52491760253906,138.52491760253906,138.52491760253906,138.52491760253906,720,160.55898101806642,224.37516387939453,142.4538429260254,6.21036508578855,130.0331127544483,154.8745730976025,45.74066928999863
2022-03-31 19:00:00,148.2216796875,148.2216796875,138.52492774472,148.2216796875,576,160.09256774902343,223.85711532592774,141.8997428894043,5.005336288200186,131.88907031300394,151.91041546580468,52.52653608740906
2022-04-05 19:00:00,151.60168469729945,151.9618529003568,151.60168469729945,151.78176879882812,288,159.44011535644532,223.33899749755858,142.10475997924806,5.32817911306013,131.4484017531278,152.76111820536832,55.421120000501766
2022-04-10 19:00:00,155.8405434699747,157.22578936330714,155.8405434699747,156.9141082763672,1440,158.78600067138672,222.85319053649903,142.56639404296874,6.170199272921453,130.22599549712584,154.90679258881164,65.18544360551184
2022-04-11 19:00:00,148.91429415294493,156.87948062007604,145.4511643085218,156.65090942382812,1152,158.26473114013672,222.35682106018066,143.03980255126953,6.8669170296124555,129.30596849204463,156.77363661049444,79.21848088712179
2022-04-12 19:00:00,149.08745579692095,156.53316376138423,148.9142962584909,149.177490234375,2304,157.63416564941406,221.84732635498048,143.13954010009766,6.944307681411271,129.2509247372751,157.0281554629202,63.60324776479535
2022-04-13 19:00:00,153.07005310058594,153.0839022115108,152.3774149287035,153.07005310058594,3168,157.17925018310547,221.30780632019042,143.66247177124023,7.287739527260447,129.08699271671935,158.23795082576112,62.69035649866397
2022-04-14 19:00:00,144.06592894981233,153.7557564896295,144.06592894981233,149.9532470703125,720,156.72350341796874,220.6548691558838,143.88757553100587,7.414327426911883,129.0589206771821,158.71623038482963,58.74371380729461
2022-04-18 19:00:00,139.91017296695767,145.451171875,139.91017296695767,145.451171875,864,156.100556640625,219.95092018127443,143.88757553100587,7.414327426911883,129.0589206771821,158.71623038482963,53.8471361224344
2022-04-19 19:00:00,140.60281114691594,148.90737734403456,140.29113005345607,145.451171875,2016,155.42178436279298,219.2736025238037,144.18782806396484,7.346277460827537,129.49527314230977,158.88038298561992,53.8471361224344
2022-04-20 19:00:00,145.451171875,145.451171875,145.451171875,145.451171875,144,154.86574523925782,218.61858741760253,145.0106658935547,6.417915147131996,132.1748355992907,157.84649618781867,53.8471361224344
2022-04-21 19:00:00,139.9171142578125,139.9171142578125,139.9101744833907,139.9171142578125,432,154.07213623046874,217.95058555603026,145.19455795288087,6.2024344639561395,132.7896890249686,157.59942688079315,46.67152134638825
2022-04-25 19:00:00,143.89276416526786,143.90662849494154,143.89276416526786,143.89968872070312,288,153.45112884521484,217.28718971252442,145.32477111816405,6.143323353666001,133.03812441083204,157.61141782549606,59.19977194290436
2022-04-26 19:00:00,147.52904870827822,147.52904870827822,146.83642578125,146.83642578125,1008,152.92473419189454,216.6404514312744,145.6018211364746,6.076626286537238,133.44856856340013,157.75507370954907,58.03165763972005
2022-04-27 19:00:00,146.8364376910064,148.914306640625,146.8364376910064,148.914306640625,3312,152.43851196289063,216.01348762512208,145.9827651977539,6.031092691638554,133.9205798144768,158.044950581031,59.95753038610203
2022-05-05 19:00:00,138.52492088242622,144.0659195439796,137.749188070458,143.0269775390625,1728,151.80822326660157,215.34406593322754,146.06934280395507,5.972406351204814,134.12453010154545,158.0141555063647,44.62903012059598
2022-05-09 19:00:00,143.0269775390625,143.0269775390625,143.0269775390625,143.0269775390625,144,151.2056396484375,214.67339744567872,146.15592041015626,5.911803092944595,134.33231422426707,157.97952659604545,40.22880529819009
2022-05-12 19:00:00,133.67655326951655,144.06592829323577,133.00471918287977,139.30760192871094,1008,150.5286685180664,214.0030061340332,145.93531951904296,6.087214860687987,133.76088979766698,158.10974924041895,29.70946905512028
2022-05-16 19:00:00,132.99778506499848,144.75854085784715,132.98392073588033,136.91110229492188,1008,149.8383987426758,213.33711669921874,146.06206893920898,5.855853858831435,134.3503612215461,157.77377665687186,28.31711001175266
2022-05-25 19:00:00,128.90438095929935,138.5249326970518,126.64642027376595,129.17449951171875,6624,148.9656918334961,212.62658782958985,145.58311920166017,6.800605020484007,131.98190916069214,159.1843292426282,28.15432732013909
2022-05-26 19:00:00,128.13555947847115,138.85738842993803,128.13555947847115,133.38565063476562,11232,148.17720794677734,211.94151275634766,145.32615585327147,7.168482811755574,130.9891902297603,159.66312147678263,28.65082724844197
2022-05-29 19:00:00,131.5986766098116,143.38714599609375,131.5986766098116,143.38714599609375,13824,147.4585403442383,211.29830688476562,145.08442916870118,7.147185076279505,130.79005901614218,159.37879932126017,43.803902460376975
2022-05-30 19:00:00,148.91430211754113,152.37049237283105,138.5249272474046,138.87124633789062,18864,146.81772399902343,210.62185501098634,144.43890304565429,7.0932808793525295,130.25234128694922,158.62546480435935,43.79247661213192
2022-05-31 19:00:00,131.59867301641637,144.0589913283735,131.59867301641637,136.6548309326172,2880,146.17524505615233,209.94498756408692,143.4259391784668,6.650750476934423,130.12443822459795,156.72744013233563,42.03461137439317
2022-06-01 19:00:00,132.29823303222656,132.29823303222656,132.2913084765106,132.29823303222656,576,145.52223846435547,209.24980026245117,142.20830535888672,6.323267476205615,129.5617704064755,154.85484031129795,38.960583235638175
2022-06-02 19:00:00,125.36505846802534,126.44555544564194,124.88715000167643,126.42477416992188,576,144.72613555908202,208.5209167480469,141.07066955566407,7.01260719773967,127.04545516018473,155.0958839511434,38.739871750007765
2022-06-05 19:00:00,127.4429420381767,130.21344160524598,127.4429420381767,129.17449951171875,576,144.02035125732422,207.8518067932129,139.8758918762207,6.895232207366056,126.08542746148858,153.6663562909528,37.45279667817593
2022-06-06 19:00:00,137.13967349033996,137.13967349033996,135.75442764512093,136.91110229492188,1296,143.5309423828125,207.21483444213868,139.22378463745116,6.497255814300902,126.22927300884936,152.21829626605296,42.18220348149903
2022-06-08 19:00:00,132.291299985947,132.291299985947,131.61252616250533,131.88265991210938,576,142.94096466064454,206.54094528198243,138.54535903930665,6.521135128000434,125.50308878330577,151.58762929530752,37.180678667655904
2022-06-12 19:00:00,125.43432357923577,131.59868479508756,125.43432357923577,131.21774291992188,864,142.3376885986328,205.86373153686523,137.83368759155275,6.504464239742504,124.82475911206774,150.84261607103775,40.35306488661707
2022-06-13 19:00:00,124.67936438458338,124.67936438458338,124.67936438458338,131.21774291992188,144,141.87279907226562,205.20469924926758,137.12201614379882,6.4050480830368794,124.31191997772505,149.93211230987256,40.35306488661707
2022-06-14 19:00:00,129.52081587087372,129.52081587087372,129.52081587087372,131.21774291992188,144,141.31108032226564,204.5448011779785,136.6870475769043,6.499927504558454,123.68719256778738,149.6869025860212,42.96384811126467
2022-06-16 19:00:00,135.65053051227238,135.65053051227238,124.67243194580078,124.67243194580078,8064,140.85090042114257,203.86069583892822,135.72568473815917,6.79231965673216,122.14104542469485,149.3103240516235,40.07191630971545
2022-06-19 19:00:00,130.1095428466797,130.1095428466797,130.1095428466797,130.1095428466797,1440,140.4994627380371,203.1781142807007,134.88934059143065,6.368836846001227,122.15166689942819,147.6270142834331,50.787907480048695
2022-06-20 19:00:00,128.13556868397094,128.8281916520201,128.13556868397094,128.48187255859375,1584,140.12544540405273,202.48798305511474,133.8677188873291,5.592105941854968,122.68350700361916,145.05193077103903,45.679768307152194
2022-06-21 19:00:00,125.71137409934137,130.55281796884822,125.71137409934137,129.16757202148438,432,139.76514205932617,201.79844066619873,133.17474861145018,5.245331427388379,122.68408575667343,143.66541146622694,35.01241762727304
2022-06-22 19:00:00,132.63761601126467,138.85044860839844,132.63761601126467,138.85044860839844,6768,139.68992263793945,201.05715900421143,132.965922164917,4.904517358075795,123.15688744876542,142.7749568810686,49.98023210955153
2022-06-23 19:00:00,142.88846147968067,149.26060485839844,141.29543324440286,149.26060485839844,30240,139.7661112976074,200.26029430389406,133.46357231140138,5.970886332365085,121.52179964667121,145.40534497613154,60.366834442005825
2022-06-26 19:00:00,159.30368140346226,160.4534315956436,154.4553053150848,155.49423217773438,14976,139.9669725036621,199.37886028289796,134.392728805542,7.724111475500219,118.94450585454155,149.84095175654244,68.50480875508946
2022-06-27 19:00:00,155.84055069888444,162.0395347294384,151.68479760731293,161.71400451660156,4752,140.41233016967774,198.6457516860962,136.01970405578612,9.732899399923898,116.55390525593833,155.4855028556339,77.9975880126018
2022-06-28 19:00:00,152.44669463511573,159.30367877834567,149.5861530944871,150.7774658203125,13824,140.8479911804199,197.8932843399048,136.88929481506347,10.248457693857672,116.39237942734812,157.3862102027788,65.16876360024727
2022-06-29 19:00:00,152.3774186411971,152.3774186411971,150.7774658203125,150.7774658203125,2880,141.13875503540038,197.02784992218017,137.25881080627443,10.621515402580933,116.01578000111256,158.5018416114363,60.923191982900725
2022-06-30 19:00:00,143.03391744892977,143.37329674978747,143.03391744892977,143.20706176757812,288,141.17698776245118,196.14499591827393,137.4756015777588,10.700115532777705,116.07537051220339,158.8758326433142,58.577261996916995
2022-07-03 19:00:00,149.6069251326951,150.29262353955326,149.6069251326951,150.1263885498047,1008,141.3536070251465,195.35221782684326,138.14917945861816,11.063576035587978,116.02202738744221,160.2763315297941,63.0822192869033
2022-07-04 19:00:00,149.26060485839844,149.26060485839844,149.26060485839844,149.26060485839844,432,141.51291061401366,194.54011539459228,138.99729804992677,11.2401902883344,116.51691747325796,161.47767862659558,62.335434623678886
2022-07-05 19:00:00,150.23028650497932,159.30367617905893,150.23028650497932,151.49085998535156,6336,141.71681930541993,193.77975200653077,140.25060234069824,11.16173203135795,117.92713827798234,162.57406640341412,63.450038367391564
2022-07-06 19:00:00,147.8753594396917,151.6709442138672,145.79749056197068,151.6709442138672,1584,141.92432968139647,192.98576175689698,141.37542457580565,11.120253287220999,119.13491800136366,163.61593115024766,69.56433618015814
2022-07-12 19:00:00,153.76267442885577,158.6041104937884,153.76267442885577,158.24395751953125,2448,142.2148164367676,192.27052295684814,142.44206733703612,11.678597890138155,119.08487155675981,165.79926311731242,70.05726896878218
2022-07-13 19:00:00,165.53729248046875,170.07397194673277,161.38153964895983,165.53729248046875,4896,142.8380400085449,191.57876407623291,144.1247989654541,12.47452129554236,119.17575637436937,169.0738415565388,74.44260768494627
2022-07-14 19:00:00,175.22019062695787,175.22019062695787,162.76679568413138,170.52420043945312,1296,143.47345413208006,190.9497571182251,146.09012184143066,13.396280653878113,119.29756053367443,172.88268314918687,75.81495246277314
2022-07-17 19:00:00,157.7798847569046,160.67506408691406,157.7798847569046,160.67506408691406,1872,143.91645706176757,190.214432182312,147.56298789978027,13.294028277060166,120.97493134565994,174.1510444539006,63.59478418832096
2022-07-18 19:00:00,148.94891816866854,159.2274692481586,148.94891816866854,156.00677490234375,864,144.07215896606445,189.485202293396,148.80243949890138,12.837646671034161,123.12714615683305,174.4777328409697,54.52602255410185
2022-07-19 19:00:00,155.49423217773438,155.49423217773438,155.49423217773438,155.49423217773438,2880,144.14640823364257,188.70045864105225,150.34352951049806,11.576568724487455,127.19039206152314,173.49666695947298,50.0
2022-07-20 19:00:00,146.14379037129476,155.13406991816512,146.14379037129476,153.99815368652344,864,144.0880891418457,187.93587024688722,151.53796005249023,10.567404452486814,130.4031511475166,172.67276895746386,43.979676440319665
2022-07-21 19:00:00,142.7568656650381,154.4414520263672,142.47289801194788,154.4414520263672,2448,144.04389999389647,187.18873607635499,152.8359390258789,9.075365172282382,134.68520868131412,170.98666937044368,53.418633913187826
2022-07-25 19:00:00,144.75854922299928,144.75854922299928,144.75854922299928,154.4414520263672,144,144.14917922973632,186.45832874298097,154.09963302612306,7.164717763604746,139.77019749891357,168.42906855333254,53.418633913187826
2022-07-26 19:00:00,144.06592626036522,144.06592626036522,144.06592626036522,154.4414520263672,144,144.17660720825197,185.72847560882568,154.8791831970215,6.201679218499988,142.4758247600215,167.28254163402147,62.2065037291447
2022-07-27 19:00:00,144.2737007959628,153.0561826206865,144.06591848402923,148.7411346435547,2592,144.1523649597168,184.90480640411377,154.85320968627929,6.227483239583545,142.3982432071122,167.30817616544638,48.45392462405695
2022-07-28 19:00:00,151.6709442138672,151.6709442138672,151.6709442138672,151.6709442138672,288,144.27676040649413,184.14856426239012,154.66204528808595,6.265336676156383,142.1313719357732,167.1927186403987,52.571683286565786
2022-08-01 19:00:00,145.45117528563983,152.3635711669922,145.45117528563983,152.3635711669922,1440,144.415008392334,183.40461612701415,154.19452362060548,6.0568176192298635,142.08088838214576,166.3081588590652,50.96271673498408
2022-08-02 19:00:00,155.11328057179335,155.11328057179335,154.96783447265625,154.96783447265625,1440,144.6053416442871,182.683420753479,154.40404205322267,6.004645219244291,142.39475161473408,166.41333249171126,53.45226868849101
2022-08-03 19:00:00,157.15652359842665,157.15652359842665,155.14791559501796,155.7158660888672,1008,144.9213166809082,181.99235454559326,154.65096206665038,5.9489448743260125,142.75307231799835,166.5488518153024,46.98495726956117
2022-08-04 19:00:00,152.41204727605788,155.66737960052058,149.60691757159054,154.1713104248047,4608,145.12674911499025,181.27337543487548,155.1991744995117,5.309700315902193,144.57977386770733,165.8185751313161,34.29065290040876
2022-08-09 19:00:00,165.50266048151596,165.73123168945312,160.827444083733,165.73123168945312,28368,145.5046452331543,180.64419513702393,155.97941665649415,5.660021137858569,144.65937438077702,167.29945893221128,44.394040526986466
2022-08-10 19:00:00,166.22991266573868,166.22991266573868,160.1348126720464,163.445556640625,3024,145.7952702331543,180.02117923736571,156.68866424560548,5.662532062278381,145.3636001210487,168.01372837016226,53.936990629733764
2022-08-14 19:00:00,162.07416723363383,162.4897470943468,157.2950521012461,162.2404022216797,2160,146.17953872680664,179.40619777679444,157.22614135742188,5.653355362701824,145.91943063201825,168.5328520828255,59.82531574818262
2022-08-15 19:00:00,162.7667879041738,162.7667879041738,160.6889190673828,160.6889190673828,3888,146.53277755737304,178.79554523468016,157.67704010009766,5.545564993875702,146.58591011234626,168.76817008784906,57.928104706062626
2022-08-17 19:00:00,155.21718639890628,160.3426055040178,155.15485017946898,158.47251892089844,1584,146.91607589721679,178.16975887298585,157.688468170166,5.5470300735612605,146.59440802304348,168.78252831728852,56.68183968433803
2022-08-18 19:00:00,155.8405441204848,157.8145294189453,154.45529822137007,157.8145294189453,576,147.33414443969727,177.55065631866455,157.30233001708984,5.231740703689093,146.83884860971165,167.76581142446804,55.00512607797073
2022-08-21 19:00:00,162.75985966847173,162.75985966847173,152.37740983706553,157.33660888671875,1152,147.89738662719728,176.9354671096802,156.64295043945313,4.208630193762804,148.22569005192753,165.06021082697873,54.23588733352771
2022-08-22 19:00:00,157.8214495033144,157.8214495033144,157.8214495033144,157.33660888671875,144,148.37640579223634,176.3157757949829,156.47602767944335,4.105226139475533,148.26557540049228,164.68647995839441,54.23588733352771
2022-08-25 19:00:00,152.37741088867188,152.37741088867188,148.56797713833535,152.37741088867188,1872,148.55621109008788,175.6756866836548,156.29455947875977,4.206039509412439,147.8824804599349,164.70663849758463,55.43814954084016
2022-08-28 19:00:00,152.37741088867188,152.37741088867188,152.37741088867188,152.37741088867188,144,148.82633438110352,175.0176932144165,156.13871841430665,4.29407424788541,147.55056991853584,164.72686691007746,51.15801984833865
2022-08-29 19:00:00,152.37741088867188,152.37741088867188,152.37741088867188,152.37741088867188,720,149.14078598022462,174.3069563674927,156.05768127441405,4.351505945425717,147.35466938356262,164.76069316526548,50.023212758366704
2022-08-30 19:00:00,157.81452751297584,157.81452751297584,150.89520743759286,154.3583221435547,288,149.58198776245118,173.60692058563234,156.05352478027345,4.353170380145548,147.34718401998236,164.75986554056453,48.95585825079792
2022-09-01 19:00:00,152.37741218197323,162.725224177662,143.4217858416132,154.17823791503906,21024,150.13705703735351,172.90667697906494,156.04036407470704,4.358694957949107,147.32297415880882,164.75775399060527,47.313651035352
2022-09-04 19:00:00,155.84053794403033,155.84053794403033,142.61833577122377,143.88583374023438,6048,150.43128372192382,172.15136966705322,155.5125831604004,5.132821359364166,145.24694044167205,165.77822587912874,36.237271289517345
2022-09-06 19:00:00,141.98806196161846,142.6806849466386,141.98806196161846,142.33436584472656,576,150.53974899291993,171.40991497039795,155.19224472045897,5.741500855115378,143.70924301022822,166.67524643068973,7.240519827616481
2022-09-07 19:00:00,150.1263885498047,150.1263885498047,150.1263885498047,150.1263885498047,288,150.90462356567383,170.74309055328368,155.11501693725586,5.801432981739072,143.51215097377772,166.717882900734,29.736568542832515
2022-09-08 19:00:00,153.74880981445312,153.74880981445312,153.74880981445312,153.74880981445312,288,151.35524490356445,170.10303607940673,155.1842788696289,5.775064328467233,143.63415021269444,166.7344075265634,37.96621575159551
2022-09-11 19:00:00,148.91430429798993,148.91430429798993,146.8364353810592,147.1827392578125,720,151.67454483032228,169.42599552154542,154.7950241088867,6.046414311796502,142.70219548529371,166.8878527324797,33.24165993599901
2022-09-12 19:00:00,152.3774149287035,153.7557514982027,152.3774149287035,153.07005310058594,288,152.11159103393555,168.7826858139038,154.66273345947266,6.054145831694248,142.55444179608418,166.77102512286115,43.85633880437582
2022-09-13 19:00:00,145.52043095253578,145.52043095253578,145.52043095253578,153.07005310058594,144,152.67954345703126,168.15942752838134,154.60767059326173,6.0638508219172875,142.47996894942716,166.7353722370963,44.52263144247083
2022-09-14 19:00:00,142.6806793553332,153.75575256347656,142.6806793553332,153.75575256347656,864,153.15246765136717,167.52979717254638,154.0088966369629,5.4698070632424125,143.06928251047808,164.94851076344773,45.88573718718541
2022-09-15 19:00:00,148.914306640625,148.914306640625,148.2216836574188,148.914306640625,1152,153.56111633300782,166.9133613204956,153.2823341369629,5.103164295708122,143.07600554554665,163.48866272837915,41.29190491906938
2022-09-18 19:00:00,148.98356342674037,148.98356342674037,148.2216796875,148.2216796875,1152,153.94219848632812,166.35257778167724,152.5813980102539,4.759148759150639,143.06310049195264,162.09969552855517,45.287481779762494
2022-09-20 19:00:00,144.75854210046094,151.68478660481384,138.5249205246631,142.4867401123047,2304,154.01492431640625,165.8043999862671,151.6712890625,4.866343573718865,141.93860191506226,161.40397620993772,40.07506992061526
2022-09-21 19:00:00,141.98804827273983,148.31170419103668,141.98804827273983,148.27015686035156,432,153.99511535644533,165.2721872329712,151.16117095947266,4.645604934043869,141.8699610913849,160.4523808275604,46.30714518353765
2022-09-22 19:00:00,145.45116286396626,145.45116286396626,145.45116286396626,148.27015686035156,144,153.85063385009767,164.75469272613526,150.68395233154297,4.41043791962993,141.8630764922831,159.50482817080282,44.32390907875232
2022-09-28 19:00:00,138.59418132569468,151.33155822753906,138.59418132569468,151.33155822753906,432,153.6429849243164,164.26531879425048,150.383699798584,4.129137878029207,142.12542404252557,158.6419755546424,47.481315073227634
2022-10-03 19:00:00,162.4204864501953,162.4204864501953,162.4204864501953,162.4204864501953,288,153.87584533691407,163.81559772491454,150.6378936767578,4.697114513211638,141.24366465033455,160.03212270318107,66.1711559511476
2022-10-04 19:00:00,152.37742052536228,157.77989802037118,150.24413992526883,152.72373962402344,5904,153.91477081298828,163.2227802658081,150.65521011352538,4.704497547195364,141.24621501913467,160.0642052079161,57.93651052679431
2022-10-05 19:00:00,150.29955158980678,150.29955158980678,150.29955158980678,152.72373962402344,144,154.10510437011717,162.73167476654052,150.67252655029296,4.711802023731782,141.2489225028294,160.0961305977565,52.25225940439369
2022-10-06 19:00:00,152.37741951950184,162.76679456630558,152.37741951950184,161.78326416015625,12816,154.3382418823242,162.37995998382567,151.1428192138672,5.320955809200077,140.50090759546705,161.78473083226734,56.36663589022824
2022-10-09 19:00:00,173.91111755371094,173.91111755371094,173.91111755371094,173.91111755371094,1296,154.83125213623046,162.1472034072876,152.120458984375,7.351617092175704,137.4172248000236,166.8236931687264,69.46433036016886
2022-10-10 19:00:00,186.9532470703125,186.9532470703125,186.9532470703125,186.9532470703125,7776,155.54049987792968,161.95645458221435,153.75920944213868,10.717073967285954,132.32506150756677,175.1933573767106,72.34605450677888
2022-10-11 19:00:00,197.25949778036124,197.25949778036124,180.77503752126233,183.71868896484375,21168,156.18145477294922,161.83392932891846,155.75085220336913,12.360829178749752,131.02919384586963,180.47251056086864,69.38578029882024
2022-10-12 19:00:00,189.70988274105764,191.85702756770203,187.00865173339844,187.00865173339844,2736,156.75674865722655,161.78416423797609,157.98456649780275,13.765460582660864,130.45364533248102,185.51548766312447,70.36219228194705
2022-10-13 19:00:00,187.00865441277261,191.64923277688072,184.93771010326893,184.9654083251953,6912,157.1453109741211,161.7604072189331,159.72651748657228,14.878096221078614,129.97032504441506,189.4827099287295,72.85901348391008
2022-10-16 19:00:00,180.15166534314335,198.83175659179688,180.15166534314335,198.83175659179688,23760,157.71146209716798,161.75372341156006,161.98066482543945,17.164314768647085,127.65203528814527,196.30929436273362,77.49679334979878
2022-10-17 19:00:00,207.09476553499442,213.74396720191788,202.9390278096201,206.57530212402344,15696,158.62946685791016,161.7516109085083,164.95029296875,19.454386024970773,126.04152091880846,203.85906501869155,84.07600896468064
2022-10-18 19:00:00,207.7873900333303,216.0988959834498,200.07433308744154,203.51528930664062,3600,159.5796371459961,161.69977489471435,167.47255477905273,21.03865155648056,125.39525166609161,209.54985789201385,80.25000455352784
2022-10-19 19:00:00,207.78738396781205,218.7751922607422,207.78738396781205,218.7751922607422,4680,160.84525634765626,161.70363285064698,170.75781173706054,23.640445515618396,123.47692070582374,218.03870276829733,83.0779228811914
2022-10-20 19:00:00,235.13220788345814,235.18207990025866,228.5661315061297,234.96597290039062,17040,162.46461273193358,161.8221062850952,174.81832275390624,27.263244554216158,120.29183364547393,229.34481186233856,84.93397805017304
2022-10-23 19:00:00,249.34486622636197,252.5863494873047,220.67020661033035,252.5863494873047,28080,164.42751068115234,162.04610111236573,180.00192489624024,31.591020440230324,116.81988401577959,243.1839657767009,85.71350001982367
2022-10-24 19:00:00,264.2972579058323,271.52825927734375,257.6563808548979,271.52825927734375,14640,166.76924682617187,162.36480548858643,186.16725387573243,36.684084565561626,112.79908474460917,259.5354230068557,93.8457298469719
2022-10-25 19:00:00,286.73829488572386,286.73829488572386,259.31866828384483,271.1791687011719,6840,169.10400115966797,162.71466403961182,192.60187530517578,39.77546881439793,113.05093767637992,272.15281293397163,93.6045398044532
2022-10-26 19:00:00,270.12361390285037,291.51738505784,270.12361390285037,278.4350891113281,15240,171.69788024902343,163.06790256500244,199.1101219177246,42.68277374780742,113.74457442210976,284.47566941333946,93.5184750869357
2022-10-27 19:00:00,271.7859143800543,278.43510091626615,268.4613058931449,275.3847961425781,960,174.17215728759766,163.38857395172118,205.46585388183593,44.15271442236989,117.16042503709615,293.7712827265757,90.60633952311977
2022-10-30 19:00:00,278.4267729925331,295.0165155854084,278.4267729925331,286.1564636230469,12360,176.84801513671874,163.84230533599853,212.20709915161132,45.71729282695159,120.77251349770813,303.6416848055145,90.4324858827334
2022-10-31 19:00:00,307.61676025390625,307.61676025390625,307.61676025390625,307.61676025390625,2400,179.90099365234374,164.41937244415283,219.46691284179687,48.81843112689105,121.83005058801477,317.10377509557895,93.96562273330069
2022-11-01 19:00:00,330.68115234375,330.68115234375,330.68115234375,330.68115234375,3480,183.4002993774414,165.12904247283936,228.3647834777832,52.11932614373019,124.12613119032281,332.6034357652436,94.70826659261918
2022-11-02 19:00:00,354.8177406833004,355.4743407070128,331.6286683828458,334.7787170410156,13440,187.01244750976562,165.8505771255493,237.4675323486328,54.074615114990095,129.3183021186526,345.616762578613,96.03065633324397
2022-11-03 19:00:00,332.6675960418967,341.60246381804245,332.6675960418967,334.9532775878906,3120,190.39688842773438,166.5560153579712,246.12603302001952,55.1711143877567,135.78380424450611,356.46826179553295,95.6660072694094
2022-11-06 19:00:00,333.3740971736279,360.07061767578125,333.3740971736279,360.07061767578125,11160,194.3293896484375,167.36449535369874,255.43400802612305,57.97857670373843,139.4768546186462,371.3911614335999,96.11848032044408
2022-11-07 19:00:00,386.4845521989955,387.0746765136719,376.7850305756414,387.0746765136719,10320,198.82607513427735,168.26560703277588,265.440079498291,62.62083621114297,140.19840707600508,390.68175192057697,98.21421700715781
2022-11-09 19:00:00,415.5664593266894,416.0984173646423,386.48454441323565,390.93951416015625,14880,203.43108703613282,169.215998878479,275.80112075805664,65.46622766855438,144.86866542094788,406.7335760951654,98.10051136012414
2022-11-10 19:00:00,383.99110064273134,388.9779980536759,361.6248779296875,361.6248779296875,13800,207.4941342163086,170.0752275466919,284.5319320678711,64.6398059512448,155.2523201653815,413.8115439703607,82.96916021705334
2022-11-13 19:00:00,347.5036267887632,373.10305396303295,334.50445556640625,334.50445556640625,17040,211.0279327392578,170.8505584335327,292.00888442993164,61.06659431223084,169.87569580546995,414.14207305439334,70.31830177489488
2022-11-14 19:00:00,316.04462250911007,340.7630024881966,309.42036452564923,328.3123779296875,28200,214.4474481201172,171.58918018341063,298.4829154968262,57.42324616390914,183.6364231690079,413.3294078246445,65.03520789887742
2022-11-15 19:00:00,335.784413187486,337.446732604636,316.6679833911092,323.43353271484375,8520,217.76938659667968,172.27615299224854,304.32582702636716,53.38237753813298,197.56107195010122,411.0905821026331,63.51171284831541
2022-11-16 19:00:00,319.1614356070084,336.61557661676665,319.1614356070084,324.18988037109375,9600,221.20563598632813,172.9632712173462,310.3595565795898,47.92954514282525,214.50046629393933,406.2186468652403,62.24258643544812
2022-11-17 19:00:00,319.99259130334735,340.7713100478099,316.6679829116867,331.5871276855469,11520,224.78983032226563,173.68962673187255,316.0001533508301,42.96520746825923,230.06973841431164,401.93056828734854,64.6961637228662
2022-11-20 19:00:00,336.6155726534261,356.4551086425781,332.4764539216534,356.4551086425781,33480,228.87138427734374,174.5818796157837,322.07461013793943,39.340789401703205,243.39303133453302,400.75618894134584,67.12007132390691
2022-11-21 19:00:00,368.28237574809225,368.28237574809225,349.08282061430543,350.98614501953125,9360,232.8039407348633,175.42791362762452,326.9945999145508,36.22254967714653,254.54950056025774,399.43969926884387,61.45403308458585
2022-11-22 19:00:00,359.88777331111714,367.7836840661026,341.6024726580071,360.7189025878906,12960,236.9347540283203,176.3691904067993,331.4541320800781,34.482989018665194,262.48815404274774,400.4201101174085,58.53405107856869
2022-11-23 19:00:00,358.2254631890694,359.13974802992215,351.6178239477405,357.1449890136719,4560,241.19993713378906,177.29086612701417,335.75242309570314,31.830056061031655,272.0923109736398,399.41253521776645,56.3734650247217
2022-11-24 19:00:00,357.3943128957084,358.6493466738656,342.4336211526919,349.09942626953125,5760,245.33523834228515,178.11645389556884,339.28563995361327,28.92193685683581,281.44176623994167,397.12951366728487,53.858005656576154
2022-11-27 19:00:00,339.9401872765358,339.99004407613336,324.06521005766916,325.561279296875,2280,248.84393615722655,178.85777004241945,341.7944641113281,24.997101370961396,291.80026136940535,391.7886668532509,40.50667469920786
2022-11-28 19:00:00,321.6548703767386,340.771299555586,321.6548703767386,325.81060791015625,10560,252.2851721191406,179.56999584198,343.7771713256836,21.70801509123058,300.3611411432224,387.19320150814474,30.237533409134542
2022-11-29 19:00:00,330.79752630690257,350.24642669131174,325.8106287724387,346.8885803222656,24240,256.2792889404297,180.4083555984497,345.7407623291016,19.97170657825546,305.79734917259066,385.6841754856125,37.210423675576344
2022-11-30 19:00:00,355.3164332342585,369.0220913664332,347.420522641588,352.7481689453125,19320,260.2728512573242,181.3308345413208,346.8441131591797,19.703695142095345,307.436722874989,386.2515034433704,47.016415907962596
2022-12-01 19:00:00,351.576274707086,357.3860224854444,345.75821746204537,347.5036315917969,9480,264.1615228271484,182.23799968719482,347.48035888671876,19.497964065591017,308.4844307555367,386.4762870179008,55.122494083884135
2022-12-04 19:00:00,337.4467373342938,347.4205322265625,337.4467373342938,347.4205322265625,1320,268.03481842041015,183.113581199646,348.10372161865234,19.274397584700427,309.55492644925147,386.6525167880532,57.91068777207613
2022-12-05 19:00:00,349.0828054754521,349.91396515816683,337.44672210547213,339.574462890625,5760,271.8480215454102,183.95059032440184,347.0789138793945,19.149113869793037,308.78068613980844,385.3771416189806,56.522035078754314
2022-12-06 19:00:00,338.859667268501,342.43362043437077,338.859667268501,338.9012145996094,1440,275.66161224365237,184.81394680023195,344.6702407836914,16.730467469389446,311.2093058449125,378.1311757224703,55.94837562027414
2022-12-07 19:00:00,336.69870884769875,357.14498874911817,324.3976847773985,328.4204406738281,18840,279.38028625488283,185.62489940643312,341.544287109375,13.070740546987988,315.402806015399,367.68576820335096,48.750734394714286
2022-12-08 19:00:00,347.42053127215934,347.42053127215934,341.60247412178325,341.69390869140625,5400,283.2487612915039,186.50221935272216,340.54773864746096,12.189233801474174,316.1692710445126,364.92620625040934,43.590304231132016
2022-12-11 19:00:00,340.7630018177778,341.69390556336714,330.0079345703125,330.0079345703125,600,286.8835168457031,187.2600199508667,340.3229125976562,12.347013824374311,315.6288849489076,365.01694024640483,41.357348869839846
2022-12-12 19:00:00,336.615583175175,336.615583175175,325.81062838417694,328.3040771484375,1200,290.42296722412107,188.00472995758057,340.32249755859374,12.34743893391041,315.6276196907729,365.01737542641456,35.69962025203978
2022-12-13 19:00:00,324.1483297086273,332.0442404146354,318.7874150249846,319.8097229003906,3360,293.570751953125,188.720682182312,340.1413070678711,12.6316351133771,314.8780368411169,365.40457729462526,34.21421662694206
2022-12-14 19:00:00,311.76421982743415,319.8014221191406,308.10714135761333,319.8014221191406,3960,296.91230560302733,189.44438495635987,339.92188415527346,12.957229002184574,314.00742615090434,365.8363421596426,36.709152361789506
2022-12-15 19:00:00,312.512247297389,319.74324852935234,307.525349896035,309.0546569824219,4200,300.03892395019534,190.141227684021,338.7952606201172,14.596030139836824,309.60320034044355,367.9873208997908,41.52875224079945
2022-12-18 19:00:00,300.12809811547083,310.80838018368297,300.12809811547083,302.5384521484375,1560,302.8540277099609,190.80940265655516,336.0994277954102,16.067576794699704,303.96427420601077,368.2345813848096,38.7784694565861
2022-12-19 19:00:00,295.0747243791562,295.0747243791562,282.59086198282404,283.1061706542969,6720,305.03792877197264,191.38041622161865,332.70542907714844,19.5494782050974,293.60647266695366,371.8043854873432,18.74897949296725
2022-12-20 19:00:00,297.5099792480469,297.5099792480469,297.5099792480469,297.5099792480469,120,307.24906341552736,192.02829723358155,329.54498291015625,19.888712025704645,289.76755885874695,369.32240696156555,25.02630451201371
2022-12-21 19:00:00,284.25315723539194,299.2138497214652,284.25315723539194,290.90234375,2520,309.39273651123045,192.63434375762938,326.2328506469727,20.555118809983757,285.1226130270052,367.3430882669402,24.721601256511732
2022-12-22 19:00:00,290.90234375,290.90234375,290.90234375,290.90234375,360,311.4706103515625,193.24212184906006,323.32299652099607,21.255048555410276,280.81289941017553,365.8330936318166,24.73996452660586
2022-12-25 19:00:00,285.49988182078226,295.0581121731694,284.25315744601903,294.64251708984375,1320,313.66415252685545,193.8712674331665,321.77705841064454,22.1876283575939,277.40180169545675,366.15231512583233,29.153168348009686
2022-12-29 19:00:00,289.24005126953125,289.24005126953125,289.24005126953125,289.24005126953125,120,315.47231842041015,194.4691410446167,319.94853057861326,23.31595706360443,273.3166164514044,366.5804447058221,27.92759946298034
2023-01-01 19:00:00,290.9023506768615,310.9330662393815,290.9023506768615,298.8730773925781,24840,317.3182739257812,195.10579471588136,317.5477554321289,22.863642987770042,271.8204694565888,363.275041407669,36.76766274191661
2023-01-02 19:00:00,290.90232600635807,296.2965087890625,289.2400370884994,296.2965087890625,1800,319.1738983154297,195.7295655441284,314.7251724243164,21.74660786426183,271.23195669579275,358.21838815284,27.515223810571783
2023-01-03 19:00:00,292.5646667480469,292.5646667480469,292.5646667480469,292.5646667480469,240,320.6496878051758,196.27036693572998,311.9782241821289,20.839146174001055,270.29993183412677,353.656516530131,29.868622911494796
2023-01-04 19:00:00,285.08430305832115,287.5694422181311,282.5908544322647,283.3471984863281,3720,321.6173123168945,196.73900371551514,308.77455749511716,20.012415988204754,268.74972551870763,348.7993894715267,27.635818105801633
2023-01-05 19:00:00,285.0843165246086,289.2400542851353,283.4219970703125,283.4219970703125,2520,322.23402526855466,197.24254177093505,305.96693420410156,19.393300873796466,267.1803324565086,344.7535359516945,30.2436764514362
2023-01-08 19:00:00,275.15207728111545,277.6455261010621,275.15207728111545,276.8974914550781,720,322.3414099121094,197.7235004043579,302.866748046875,18.79815899332763,265.2704300602197,340.46306603353025,28.24510734804585
2023-01-09 19:00:00,282.5908523524386,294.1271916773645,275.94994523967387,277.4460144042969,10560,322.46674682617186,198.2316513442993,300.3180267333984,18.605810827759214,263.10640507788,337.5296483889168,32.12368950457646
2023-01-10 19:00:00,270.9547449822262,271.1625425169967,256.64237398474705,256.80859375,15600,322.03421691894533,198.65199138641358,296.0737609863281,18.350647558784587,259.3724658687589,332.7750561038973,27.699391615967997
2023-01-11 19:00:00,257.6480729875442,259.48489125631477,253.50062944085906,255.7031707763672,2760,321.6405844116211,199.04751468658446,292.35852279663084,18.63835260912135,255.08181757838815,329.6352280148735,33.72814187375225
2023-01-12 19:00:00,237.7919030246356,260.1498320923298,237.7919030246356,257.2657470703125,19560,321.0627700805664,199.43689449310304,288.8066062927246,18.19119709778908,252.42421209714644,325.1890004883028,21.802926269370047
2023-01-15 19:00:00,253.5006292969896,261.81212010025365,253.5006292969896,258.9031066894531,3120,320.0884970092773,199.8651443862915,285.7612754821777,17.822249015416418,250.1167774513449,321.40577351301056,25.90134026617784
2023-01-16 19:00:00,257.6563776805369,260.97264621301605,239.48743990478428,239.50405883789062,5880,318.2649551391602,200.16467685699462,281.74640731811525,18.769563576926476,244.2072801642623,319.2855344719682,20.044546717672063
2023-01-17 19:00:00,241.02507097056377,245.1724992092727,228.5661368837737,232.44760131835938,7920,316.21833282470703,200.45216457366942,277.9160545349121,20.628076861270525,236.65990081237106,319.1722082574532,15.101182448283723
2023-01-18 19:00:00,233.55303363001445,241.03337974038357,231.47514956459872,231.8491668701172,4560,314.15625061035155,200.74562961578368,274.38159027099607,22.18449015714839,230.0126099566993,318.75057058529285,15.961723184319169
2023-01-19 19:00:00,232.63875967961326,241.86451970978015,232.30630493164062,232.30630493164062,17520,311.60096435546876,201.0410340499878,271.84159698486326,23.969344986737234,223.90290701138878,319.78028695833774,5.697503432475699
2023-01-22 19:00:00,240.20222487348536,249.72720215664387,224.4103878392158,246.2363739013672,15840,308.78419830322264,201.39950885772706,269.2779167175293,23.82101344971187,221.63588981810557,316.91994361695305,21.057169822339972
2023-01-23 19:00:00,249.3365655850903,261.81211880433915,239.37108004968152,240.62611389160156,15120,305.7779302978516,201.73685863494873,266.76410522460935,24.070398887988077,218.6233074486332,314.9049030005855,20.60951932287604
2023-01-24 19:00:00,247.47478865386242,258.6703796386719,246.43584660085295,258.6703796386719,30960,303.7188403320313,202.16442974090577,265.15250701904296,23.43996453331527,218.2725779524124,312.0324360856735,37.30437103560887
2023-01-25 19:00:00,266.7823788668116,277.6039517809454,265.9678381272596,267.6301574707031,21960,302.3813543701172,202.645457572937,263.80188903808596,22.406767643438172,218.98835375120962,308.6154243249623,42.55602327329725
2023-01-26 19:00:00,259.3186673295237,277.603968120423,251.0237955878649,259.9004821777344,9240,301.01311645507815,203.08091075897218,262.3349105834961,21.59956365344551,219.13578327660505,305.5340378903871,42.07793848147805
2023-01-29 19:00:00,258.07195365182383,270.107014197034,258.07195365182383,258.4875183105469,3240,299.71419616699217,203.5092991256714,260.31563262939454,19.818249132369957,220.67913436465463,299.9521308941345,41.234351894704766
2023-01-30 19:00:00,261.81211324838495,265.96785093185565,255.16291164850745,259.31866455078125,3120,298.4167718505859,203.90928981781005,258.4667404174805,17.918675090072245,222.629390237336,294.30409059762496,51.42077450434403
2023-01-31 19:00:00,257.6480626039403,260.98094999695525,255.1629081877247,257.6563720703125,1200,296.93815673828124,204.34301136016845,256.72132568359376,16.02228396826711,224.67675774705953,288.765893620128,51.09864389724579
2023-02-01 19:00:00,251.00718683749764,269.2924731513855,251.00718683749764,264.945556640625,6000,295.1079656982422,204.82384525299074,255.8012435913086,14.902009646939998,225.9972242974286,285.6052628851886,54.05832066042132
2023-02-02 19:00:00,270.1236095940636,284.80999755859375,270.1236095940636,284.80999755859375,22920,293.7844427490234,205.42315242767333,255.87064361572266,15.040005241375,225.79063313297266,285.9506540984727,61.47895589432379
2023-02-05 19:00:00,284.3445848184124,302.1228556898984,276.06631691699255,281.1197204589844,16080,292.1924591064453,205.99760143280028,256.08175506591795,15.376553556154745,225.32864795360845,286.8348621782274,71.42125345393367
2023-02-06 19:00:00,286.74658834133055,293.39577444685546,282.5908508300781,282.5908508300781,7200,290.7013763427734,206.58823711395263,256.33899688720703,15.790247989959692,224.75850090728764,287.9194928671264,77.38540206570454
2023-02-07 19:00:00,282.59085787418434,298.33282227506095,282.59085787418434,285.9154357910156,13920,289.4376965332031,207.21090656280518,257.7943389892578,17.121072741294373,223.55219350666908,292.03648447184656,78.67409365076051
2023-02-08 19:00:00,290.0712230356323,296.720409746835,279.68183265471896,282.50775146484375,14520,288.5766259765625,207.81653759002685,259.13456802368165,17.9765153798544,223.18153726397284,295.08759878339043,75.81641822760432
2023-02-09 19:00:00,274.2959617239749,274.2959617239749,265.9678374098651,272.9494934082031,1080,287.51940368652345,208.37437732696534,259.9187553405762,18.230985300487504,223.45678473960118,296.3807259415512,64.38417348256246
2023-02-12 19:00:00,275.11051120297924,282.5908571531726,272.9495020811863,278.4350891113281,4680,286.1503338623047,208.99424167633057,260.8953544616699,18.69105588632129,223.51324268902732,298.2774662343125,70.38631206911957
2023-02-13 19:00:00,280.5046593092273,280.5046593092273,274.279347247082,274.7863464355469,2040,284.5910974121094,209.5716550064087,262.6594688415527,18.225034793720667,226.2093992541114,299.10953842899403,60.28646939155544
2023-02-14 19:00:00,275.9416589868119,295.390559763031,274.27936992103844,293.5537414550781,22440,283.512099609375,210.3010165786743,265.7147758483887,18.01444901705517,229.68587781427834,301.743673882499,64.70535079330897
2023-02-15 19:00:00,299.20554710584815,303.3695944347751,286.7466125488281,286.7466125488281,6840,282.29862121582033,210.9963425064087,268.4596481323242,16.71850424686403,235.02263963859616,301.8966566260523,65.38974798219206
2023-02-16 19:00:00,286.74658925011124,290.90232677453434,282.5908517256881,288.25927734375,3000,281.27231750488284,211.70172519683837,271.2572967529297,14.936855931116511,241.38358489069665,301.1310086151627,67.0474001675451
2023-02-19 19:00:00,289.9880839335968,307.94091458124853,289.9880839335968,293.4207458496094,15480,280.36270812988283,212.43291522979737,273.6165153503418,14.496709762347942,244.6230958256459,302.60993487503765,68.60434567621698
2023-02-20 19:00:00,299.2138396774335,303.3695773048626,293.3957826489481,296.1718444824219,8640,279.71773620605467,213.2007173538208,276.3938018798828,13.096900314769947,250.2000012503429,302.5876025094227,70.76537410168768
2023-02-21 19:00:00,299.2138514565295,310.8499355339699,296.1718561417642,305.1316223144531,5880,278.98649047851563,213.99911960601807,278.71686401367185,13.884594706451029,250.9476746007698,306.4860534265739,71.28268202292773
2023-02-22 19:00:00,299.2138504846066,328.01318359375,295.05811270707824,328.01318359375,15840,278.94659545898435,214.91192966461182,281.7360153198242,17.453342317625406,246.8293306845734,316.64269995507505,72.17199686765858
2023-02-23 19:00:00,340.771299090891,348.2516449034052,328.0131638787489,332.0941162109375,3960,279.0223962402344,215.8751696395874,285.3456970214844,19.981986336490436,245.38172434850352,325.30966969446524,76.05572768360912
2023-02-26 19:00:00,332.4432296874762,335.784426714066,320.82373398268277,322.4860534667969,7680,279.0759228515625,216.84262783050536,288.5456237792969,20.570251219189643,247.4051213409176,329.68612621767613,68.82649199350678
2023-02-27 19:00:00,328.3040771484375,330.79752591269806,319.992601559307,328.3040771484375,2400,279.24597595214846,217.8029518508911,291.99489440917966,21.186067393191387,249.62275962279688,334.36702919556245,69.54323134298748
2023-02-28 19:00:00,309.187635141568,344.92707623122,303.68542913368645,310.1101989746094,41880,279.2670867919922,218.64702571868895,294.61758575439455,19.92036715660378,254.77685144118698,334.45832006760213,61.19914782780535
2023-03-01 19:00:00,291.0353107278637,300.87612330984297,286.8546447753906,286.8546447753906,17640,278.95341064453123,219.37482181549072,295.7130401611328,18.772086022650882,258.16886811583106,333.2572122064346,55.07739720043575
2023-03-02 19:00:00,271.49501663884996,295.0581069008307,271.49501663884996,287.0790710449219,13200,279.0328686523437,220.10374004364013,295.82649383544924,18.70947509626419,258.40754364292087,333.2454440279776,53.2824238524855
2023-03-05 19:00:00,290.9023312692775,292.5646506548153,280.92853670647247,282.7903137207031,8040,278.73847534179686,220.81121448516845,295.91002349853517,18.643974578966688,258.6220743406018,333.19797265646855,53.02468563446734
2023-03-06 19:00:00,282.79030800028636,282.79030800028636,275.5676165546521,278.8506774902344,6600,278.49744201660155,221.49899074554443,295.72301483154297,18.802686614795693,258.11764160195156,333.3283880611344,43.74247015727533
2023-03-07 19:00:00,276.7894227906548,299.76238854371667,275.1188243478169,299.413330078125,30840,278.66766174316405,222.27745929718017,296.3979095458984,18.67393288323502,259.0500437794284,333.74577531236844,54.82583922558316
2023-03-08 19:00:00,311.7642158132515,311.7642158132515,299.21384708146564,305.106689453125,5040,278.8769451904297,223.1311121749878,297.5278564453125,18.47184254518728,260.58417135493795,334.4715415356871,56.22046704658747
2023-03-09 19:00:00,307.6915642316951,327.9882423844188,307.6915642316951,321.6548767089844,21000,279.5252416992187,224.04561908721925,299.96312561035154,18.27044900834679,263.42222759365796,336.5040236270451,59.61614256706529
2023-03-12 19:00:00,321.65486923604306,324.9794775135501,307.52533732244694,310.0603332519531,5040,279.7489868164063,224.90329616546632,301.5443878173828,17.667791503589623,266.20880481020356,336.87997082456206,54.46146691245526
2023-03-13 19:00:00,314.1745283344821,318.3302659179057,304.20073378418107,308.33154296875,10440,279.9896875,225.70384548187255,303.22164764404295,16.550838683799633,270.11997027644367,336.3233250116422,51.07800697170461
2023-03-14 19:00:00,315.79527190359755,315.83681923527917,308.7803778098269,315.138671875,3000,280.44116760253905,226.52062999725342,304.30089416503904,16.590940072009033,271.119014021021,337.4827743090571,45.135964521890884
2023-03-15 19:00:00,319.8263394199321,330.13260407363833,313.75896794495844,313.7922058105469,9720,281.0500677490234,227.3050204849243,305.653173828125,16.182000307251464,273.28917321362206,338.0171744426279,42.93959350070155
2023-03-16 19:00:00,311.68109130859375,311.68109130859375,311.68109130859375,311.68109130859375,360,281.61524963378906,228.08017139434816,306.8242645263672,15.697208318185602,275.429847889996,338.2186811627384,45.575817161216506
2023-03-19 19:00:00,301.29173174417616,315.4212644042969,301.29173174417616,311.68109130859375,2880,282.31092163085935,228.89268939971925,307.7372817993164,15.404898526060217,276.927484747196,338.5470788514368,42.85306415712652
2023-03-20 19:00:00,311.6810917854309,319.16143798828125,311.67278231882375,319.16143798828125,4200,283.1452301025391,229.7231463241577,308.8867614746094,15.354123408433308,278.17851465774277,339.595008291476,54.28639725616004
2023-03-21 19:00:00,319.16144802077883,319.24457312707005,299.21385751948014,302.7296142578125,4440,284.0636505126953,230.4870281600952,308.7666610717773,15.39438365937492,277.9778937530275,339.55542839052714,58.03737055700467
2023-03-23 19:00:00,306.2786357156859,307.5253601074219,306.2786357156859,307.5253601074219,1200,285.1000942993164,231.29739910125733,307.7422698974609,14.712827504065919,278.31661488932906,337.16792490559277,59.8938234486262
2023-03-26 19:00:00,307.5253358068983,307.5253358068983,302.5384386340167,303.36956787109375,960,286.02217071533204,232.08699108123778,306.30604248046876,13.568019074266347,279.17000433193607,333.44208062900145,59.970995232015966
2023-03-27 19:00:00,315.8368225097656,315.8368225097656,315.8368225097656,315.8368225097656,240,287.1608450317383,232.93891933441162,305.9735809326172,13.227889375396087,279.51780218182506,332.42935968340936,66.55257957915796
2023-03-29 19:00:00,316.2524360864833,319.9926093236259,303.36959686680916,304.890625,3720,288.4685763549805,233.76378688812255,304.8029083251953,12.138837919015714,280.52523248716386,329.0805841632267,52.682141433197216
2023-03-30 19:00:00,310.0187938072476,311.681082769483,303.36957708309484,309.87750244140625,3360,290.0171743774414,234.5936759567261,304.79127349853513,12.133593641495017,280.5240862155451,329.0584607815252,52.35246565728188
2023-04-02 19:00:00,309.1876325919044,324.5638891206333,309.1876325919044,322.38629150390625,1320,291.8279168701172,235.47142528533936,306.56785583496094,11.969247681535569,282.6293604718898,330.50635119803206,50.37562050966031
2023-04-03 19:00:00,302.380515831511,319.9842882456374,302.380515831511,319.16143798828125,360,293.56501953125,236.32266094207765,308.1719741821289,11.353915569905759,285.4641430423174,330.8798053219404,55.11348691712079
2023-04-04 19:00:00,319.16142453957536,324.14832179800624,319.16142453957536,319.9925842285156,4200,295.04014373779296,237.2074889755249,310.0320877075195,9.935619770208861,290.1608481671018,329.9033272479372,56.61855667246
2023-04-05 19:00:00,325.81062838417694,335.7844234412192,325.81062838417694,328.3040771484375,1200,296.7937030029297,238.13387447357178,312.5047576904297,7.66027889504554,297.1841999003386,327.82531548052077,57.346938497464535
2023-04-09 19:00:00,328.30407071643344,338.277865578073,328.30407071643344,332.4598388671875,2640,298.2694921875,239.09963565826416,314.15708312988284,8.230667245872034,297.69574863813875,330.6184176216269,60.100746400510694
2023-04-10 19:00:00,337.4467365657253,340.76300509728765,332.4598391309491,336.20001220703125,1560,299.64088928222657,240.0960802078247,315.7117492675781,9.298486417677813,297.11477643222247,334.30872210293376,63.036950976510525
2023-04-11 19:00:00,344.9270754201107,344.9270754201107,332.4598320969454,332.8753967285156,1080,301.1003875732422,241.11458469390868,316.2727752685547,9.988809977164511,296.29515531422567,336.25039522288375,60.88440630268867
2023-04-12 19:00:00,328.3040583665117,328.3040583665117,319.99258325287184,322.535888671875,1920,302.38135498046876,242.06033588409423,316.8965530395508,9.969955788265828,296.95664146301914,336.8364646160824,51.68352106114171
2023-04-16 19:00:00,324.14002734558386,332.368408203125,324.14002734558386,332.368408203125,600,303.8423498535156,243.0052421951294,318.09839630126953,10.325570482912783,297.44725533544397,338.7495372670951,65.82918373121271
2023-04-17 19:00:00,336.6155765803352,336.6155765803352,324.14833300328576,332.4598388671875,3240,305.33841918945313,243.97318515777587,318.9644546508789,10.780637205926904,297.4031802390251,340.5257290627327,64.02130276052446
2023-04-19 19:00:00,331.6286926269531,331.6286926269531,331.6286926269531,331.6286926269531,120,306.67208190917967,244.94805446624756,319.85627899169924,11.064272480901813,297.7277340298956,341.9848239535029,66.50808597514646
2023-04-25 19:00:00,332.4598388671875,332.4598388671875,332.4598388671875,332.4598388671875,120,307.62507873535156,245.94886249542236,320.8952163696289,11.23053308824456,298.43415019313977,343.356282546118,61.23850210800705
2023-04-26 19:00:00,324.9794976803231,331.6286842103509,311.78914768699156,319.68505859375,5280,308.39638549804687,246.9151639175415,321.29541473388673,11.025649048955596,299.24411663597556,343.3467128317979,59.76089055763747
2023-04-27 19:00:00,323.2174660194316,343.2647697340008,315.88672056498416,328.3040771484375,3600,309.3106500244141,247.9108118057251,321.7525466918945,11.12162876564036,299.5092891606138,343.99580422317524,61.60124289286928
2023-05-01 19:00:00,352.9227294921875,352.9227294921875,340.771306786714,352.9227294921875,20760,310.6507958984375,248.99086994171142,324.26220245361327,12.212725886892288,299.8367506798287,348.68765422739784,66.68179326551817
2023-05-02 19:00:00,379.00421166281546,379.3865384436524,365.7058081252688,379.0623779296875,27960,312.5818884277344,250.2267685317993,327.83905334472655,16.703171606678623,294.4327101313693,361.2453965580838,76.17109208416845
2023-05-03 19:00:00,384.82226882871834,407.1801825674469,384.82226882871834,406.7646179199219,21120,315.25819091796876,251.60450290679933,333.008805847168,23.39240216075535,286.2240015256573,379.7936101686787,80.7022586683644
2023-05-04 19:00:00,403.10753014589335,423.22136997383836,403.10753014589335,404.7864685058594,10920,317.78521850585935,252.972346534729,337.45628814697267,27.964675995396757,281.52693615617915,393.3856401377662,78.33126271059024
2023-05-07 19:00:00,410.5878730966017,415.57477046391915,405.60097572928424,409.640380859375,22200,320.48229919433595,254.36445972442627,342.6937759399414,31.170021211264835,280.35373351741174,405.0338183624711,78.44276318068351
2023-05-08 19:00:00,399.0515413915813,423.8763011544234,391.9701409010137,403.99853515625,5300,322.6911950683594,255.76109024047852,347.3998275756836,33.00579014608175,281.3882472835201,413.4114078678471,74.63992089040002
2023-05-09 19:00:00,404.93606133713075,410.82059407199654,398.95178456860174,400.35809326171875,2200,324.9634246826172,257.1123329925537,351.29841766357424,34.468278555008084,282.3618605535581,420.2349747735904,74.46896940926518
2023-05-10 19:00:00,404.038443613644,421.0936392388023,404.038443613644,409.63372802734375,3900,327.3909136962891,258.51809226989747,355.82203216552733,35.93425540132708,283.9535213628732,427.6905429681815,81.826894254342
2023-05-11 19:00:00,407.9281949010385,421.8915071959396,407.9281949010385,413.0746765136719,8400,329.7839923095703,259.9376277923584,360.4761367797852,37.05972822342124,286.3566803329427,434.59559322662767,80.93640367552013
2023-05-14 19:00:00,404.03843568846133,423.88628136361274,404.03843568846133,413.4636535644531,10600,332.12982849121096,261.31069381713866,364.73411560058594,38.04780476771266,288.63850606516064,440.82972513601123,80.9797909651667
2023-05-15 19:00:00,417.70251575202815,420.89414227608364,409.18491687317635,413.32403564453125,4700,334.2936767578125,262.6310109710693,368.77732543945314,38.72811706756963,291.3210913043139,446.2335595745924,81.41040969747601
2023-05-16 19:00:00,416.45580460157197,435.8548483567973,414.91986206248566,416.11669921875,15000,336.0557470703125,263.9341233062744,372.7731597900391,39.30841285982738,294.15633407038433,451.3899855096938,81.6866369674426
2023-05-17 19:00:00,413.9124749733163,419.8967517199185,413.9124749733163,415.6080322265625,2400,337.726025390625,265.2035934448242,376.90979156494143,39.24191868540791,298.4259541941256,455.39362893575725,90.054551191313
2023-05-18 19:00:00,415.40855011723994,432.8626908784685,410.920342492924,415.9471435546875,7200,339.5952471923828,266.5294418334961,381.58035430908205,37.96795454045742,305.6444452281672,457.5162633899969,89.31574788532716
2023-05-21 19:00:00,413.9124974493313,415.9072564731835,413.9124974493313,413.93243408203125,700,341.3078143310547,267.8452166748047,385.65855560302737,36.76522439963822,312.12810680375094,459.1890044023038,84.33044196215756
2023-05-22 19:00:00,412.9150946052108,428.8233090965649,412.9150946052108,422.7392883300781,4500,343.5603961181641,269.24287780761716,390.1725280761719,35.40689131958995,319.35874543699197,460.9863107153518,80.53314195429346
2023-05-23 19:00:00,426.8784211788537,454.4460048575579,425.8810416901181,449.6685485839844,12000,346.8166741943359,270.7405886077881,396.07452087402345,34.96993935614039,326.1346421617427,466.0143995863042,80.3204590137347
2023-05-24 19:00:00,458.7945706184069,475.6502781036053,458.6848734833103,468.42926025390625,12700,350.4436779785156,272.3364318847656,402.87299194335935,35.168042370399625,332.5369072025601,473.2090766841586,86.35345133847902
2023-05-25 19:00:00,468.7683454235843,503.55694580078125,468.7683454235843,503.55694580078125,23200,354.8590106201172,274.09676231384276,412.06658630371095,36.292391288481326,339.4818037267483,484.6513688806736,89.86030633856815
2023-05-28 19:00:00,510.6682641678965,518.6373162682147,478.7421380937367,480.26812744140625,11300,358.8873596191406,275.7397482299805,419.6647888183594,33.64384223613228,352.3771043460948,486.95247329062397,78.15329746584479
2023-05-29 19:00:00,475.75,483.4996274072419,451.07484202514905,475.75,4900,362.4140930175781,277.3272784423828,425.80615234375,31.989287515268824,361.8275773132124,489.7847273742876,77.65015714119427
2023-05-30 19:00:00,478.74213868601583,507.66614289829596,463.7814468520778,476.7373962402344,13900,365.8467071533203,278.88327896118165,430.68990325927734,31.93329107375994,366.8233211117575,494.5564854067972,76.20345536927891
2023-05-31 19:00:00,474.7526336233065,495.59785871798505,473.7552541409046,487.71856689453125,4100,369.16798095703126,280.46925079345704,434.7376007080078,33.81617380232504,367.1052531033577,502.36994831265787,77.52685294371196
2023-06-01 19:00:00,488.7159545145994,488.7159545145994,468.76836453441166,471.8901672363281,5600,372.4045776367187,282.0253263092041,438.09278564453126,34.016432687001746,370.05992027052775,506.12565101853477,69.34355656645505
2023-06-04 19:00:00,468.76834692527257,478.54265347335297,454.8050344636687,458.09637451171875,8000,375.3998742675781,283.53577430725096,440.5155853271484,33.60642265189973,373.302740023349,507.72843063094786,63.59395628140666
2023-06-05 19:00:00,453.8076772649263,463.78147236965,452.31160799921776,460.0911560058594,2800,378.29892395019533,285.0587589263916,443.3202163696289,32.727607961079784,377.86500044746936,508.77543229178843,63.41670572623516
2023-06-06 19:00:00,453.8076602946043,458.7945576604791,452.8102808214294,453.7079162597656,3100,381.0972381591797,286.5573077392578,445.9877075195312,31.179176789882813,383.6293539397656,508.34606109929683,61.222083375805234
2023-06-07 19:00:00,467.77096894716846,487.7384948730469,463.781451088344,487.7384948730469,17000,384.61838623046873,288.2237929534912,449.89294586181643,31.277349236619173,387.3382473885781,512.4476443350547,67.64387565714739
2023-06-08 19:00:00,498.6897371253189,512.6530497648279,488.7159423828125,488.7159423828125,12700,388.1590832519531,289.8951654052734,453.6750091552734,31.164030358970344,391.34694843733274,516.0030698732141,68.4734325475981
2023-06-11 19:00:00,478.74216672859137,496.69499798091357,464.7788535323408,467.85076904296875,12200,391.1328698730469,291.4622119903564,456.39436492919924,29.81419664444589,396.76597164030744,516.022758218091,60.517135124005335
2023-06-12 19:00:00,456.6003213704366,463.7814659210307,450.8255160001741,453.1893005371094,4000,394.14206359863283,292.98445281982424,458.38762817382815,28.06439710768595,402.25883395845625,514.5164223892,50.87061646781825
2023-06-13 19:00:00,453.8076600433046,455.8024189885499,439.84434742658755,442.6270446777344,2400,396.8440972900391,294.43923332214354,459.71314544677733,26.547893118836562,406.6173592091042,512.8089316844505,43.34995594622183
2023-06-14 19:00:00,429.87056865341043,439.34567399495893,428.87318914377374,430.3792419433594,2000,399.38429077148436,295.8293116760254,460.4517059326172,25.438604524256746,409.5744968841037,511.32891498113065,28.618072058174434
2023-06-15 19:00:00,433.86007146371065,462.65441202623924,433.86007146371065,450.17718505859375,4900,402.07109802246094,297.30535842895506,462.1632080078125,23.352734903918144,415.45773819997623,508.86867781564877,41.024572510698384
2023-06-18 19:00:00,448.8207793389637,457.79719492574293,428.87318914612086,429.4616394042969,6800,404.56251831054686,298.6740872955322,462.9396682739258,21.876184535885727,419.18729920215435,506.69203734569726,37.409803336618715
2023-06-19 19:00:00,428.8731829698033,433.8600804461963,423.8862854934102,425.3823547363281,1700,406.8726153564453,300.03014251708987,463.07182159423826,21.627119317683064,419.81758295887215,506.32606022960437,36.26274661801762
2023-06-20 19:00:00,428.87317292895904,428.87317292895904,422.88889609739215,427.87579345703125,1300,408.98240539550784,301.3408653259277,461.9821838378906,22.852248501706566,416.2776868344775,507.6866808413037,33.23085048450169
2023-06-21 19:00:00,428.8731689453125,428.8731689453125,428.8731689453125,428.8731689453125,600,411.17664001464846,302.66800338745117,460.00437927246094,23.95026406288189,412.10385114669714,507.90490739822474,36.85300593245585
2023-06-25 19:00:00,443.8338682912248,453.6580622499113,428.87317610163296,442.3377990722656,5300,413.62354431152346,304.0684903717041,456.9434219360352,21.91680517609548,413.10981158384425,500.7770322882261,45.174103557285214
2023-06-26 19:00:00,433.8600679744298,441.8191670754988,433.8600679744298,435.6453857421875,1800,415.77037048339844,305.44327270507813,454.71228485107423,21.687475937649115,411.337332975776,498.08723672637245,42.723112938874394
2023-07-02 19:00:00,459.7919463171358,468.3195288080617,435.85483848283803,437.17138671875,21900,417.8646014404297,306.83676704406736,452.7833541870117,21.4319827616802,409.9193886636513,495.6473197103721,44.93090803772541
2023-07-03 19:00:00,428.8731824674013,428.8731824674013,404.3875280620377,405.9035339355469,11100,419.258671875,308.0772120666504,449.24166107177734,23.056358217151367,403.1289446374746,495.3543775060801,24.482176897263656
2023-07-04 19:00:00,408.9156121151774,408.9156121151774,390.9727646216809,403.77911376953125,4500,420.6767462158203,309.30942459106444,445.04468841552733,23.321998612654298,398.4006911902187,491.68868564083596,23.703052672316574
2023-07-05 19:00:00,405.93344514593116,416.9046193390644,398.95178884121,404.9360656738281,10100,422.3247497558594,310.547421875,441.69698333740234,24.05943962444097,393.5781040885204,489.8158625862843,27.813716009314504
2023-07-06 19:00:00,399.0415387667688,408.9155891914097,396.05938396424034,399.94915771484375,3500,423.6763647460937,311.78528060913084,438.7896224975586,25.44670595791442,387.89621058172975,489.6830344133874,29.850501481495
2023-07-09 19:00:00,410.92035172233665,410.92035172233665,396.95703879973297,398.56280517578125,4200,424.9984240722656,313.0162075805664,435.7132049560547,26.43593710553043,382.84133074499385,488.58507916711557,32.078516591090704
2023-07-10 19:00:00,397.9544103945142,403.93868724255196,393.9648924958223,395.0520324707031,4500,426.26689086914064,314.2295806884766,432.78041076660156,27.564099763937413,377.65221123872675,487.9086102944764,34.53273053487051
2023-07-11 19:00:00,403.8389494432809,424.68417469829797,398.9517960294416,419.3880920410156,34800,428.00545593261717,315.55472953796385,429.362890625,24.453163215852452,380.4565641932951,478.26921705670486,37.03486191939102
2023-07-12 19:00:00,420.64478060663794,420.64478060663794,398.9617612289755,404.3974609375,4400,429.6997039794922,316.80582565307617,425.1469665527344,20.655309301937265,383.83634794885984,466.45758515660896,38.910940310481735
2023-07-13 19:00:00,402.93132931863784,402.93132931863784,393.96489746819327,395.18170166015625,3700,431.0372564697266,318.06230499267576,421.5135131835938,19.07941427168151,383.35468464023074,459.6723417269568,37.21931280309438
2023-07-16 19:00:00,380.0115561053902,408.9056401506532,380.0115561053902,398.9517822265625,2000,431.95783752441406,319.34539207458494,418.80163726806643,18.17321295021958,382.45521136762727,455.1480631685056,37.89042556290531
2023-07-17 19:00:00,398.95180639276646,398.95180639276646,388.9780112329473,392.967529296875,13900,432.23594055175784,320.5595977783203,416.31866149902345,18.139075924911072,380.0405096492013,452.5968133488456,35.569990737760904
2023-07-18 19:00:00,389.97536875245373,395.9596455108034,389.97536875245373,395.6305236816406,1600,432.0132586669922,321.7690063476563,414.5812255859375,18.383947353547228,377.81333087884303,451.34912029303194,29.444292230083647
2023-07-19 19:00:00,403.93867950439454,403.93867950439454,398.9417986919731,398.9517822265625,1100,431.89656494140627,323.0278515625,412.01995544433595,16.65031366836163,378.7193281076127,445.3205827810592,33.35744503445676
2023-07-20 19:00:00,404.9360549432084,412.9150905085918,399.94915771484375,399.94915771484375,2900,431.70274047851564,324.2622470855713,410.5443313598633,16.32783939929701,377.8886525612693,443.2000101584573,33.03634014940617
2023-07-23 19:00:00,404.9360653323238,410.91035862514855,395.9596500909668,398.443115234375,2300,431.5916320800781,325.4891123962402,409.19736938476564,16.149555659984184,376.8982580647973,441.496480704734,45.33431407089938
2023-07-24 19:00:00,398.0441755210016,401.9439329648107,396.9570355334855,400.617431640625,4000,431.59681884765627,326.723420791626,407.83445129394534,15.6321795357288,376.57009222248774,439.0988103654029,48.023942638985105
2023-07-25 19:00:00,394.9622884745797,405.7838623144981,394.9622884745797,397.62530517578125,3300,431.356650390625,327.9669757843018,406.2720581054688,14.966125396423703,376.33980731262136,436.2043088983162,45.533227400247696
2023-07-30 19:00:00,403.9287003751158,426.8784116380258,403.9287003751158,404.4473571777344,12300,431.18410400390627,329.2481041717529,404.3775360107422,12.32567039041865,379.7261952299049,429.0288767915795,52.688057523413384
2023-07-31 19:00:00,405.72399713366735,423.86633186012,404.9360588414709,412.64581298828125,17400,431.1677471923828,330.5988995361328,403.22755737304686,10.13269284335459,382.9621716863377,423.49294305975604,57.78219985699445
2023-08-01 19:00:00,413.9124805692313,413.9124805692313,408.9255832129755,409.4541931152344,1400,431.09035034179686,331.90481971740724,401.8416976928711,6.484528639488608,388.87264041389386,414.8107549718483,57.98673328680484
2023-08-02 19:00:00,411.46889928667605,411.46889928667605,398.95179877514846,400.6074523925781,5100,430.78016540527346,333.16650619506834,401.57689361572267,6.417720310384512,388.74145299495365,414.4123342364917,37.424864359428305
2023-08-03 19:00:00,399.94915732116294,411.91771065745706,399.94915732116294,409.90301513671875,1700,430.66606506347654,334.45936347961424,401.88308868408205,6.6694707564153175,388.54414717125144,415.22203019691267,53.990767564544754
2023-08-06 19:00:00,413.9124941477522,417.9020121636342,403.9885559082031,403.9885559082031,3100,430.42689331054686,335.6672038269043,401.8357131958008,6.649979810958813,388.53575357388314,415.13567281771844,56.70463706632777
2023-08-07 19:00:00,400.4478514099121,400.4478514099121,398.9517822265625,398.9517822265625,1700,430.1272802734375,336.898344039917,401.78584442138674,6.66858553058731,388.4486733602121,415.12301548256136,50.0
2023-08-08 19:00:00,399.9491722577884,412.81536148728827,398.95179277584873,403.9386901855469,2700,429.7512683105469,338.1544187927246,402.054638671875,6.640118826298993,388.77440101927704,415.334876324473,58.31820489314609
2023-08-09 19:00:00,403.93868491051455,403.93868491051455,399.1512756347656,399.1512756347656,1100,428.7409228515625,339.34125885009763,402.2596008300781,6.473773877449825,389.3120530751785,415.20714858497774,52.5860839952765
2023-08-10 19:00:00,400.9565226811632,400.9565226811632,398.9517802453964,399.4504699707031,2100,427.3613470458984,340.46895561218264,401.2627197265625,5.083077095627305,391.0965655353079,411.42887391781716,50.38331674897856
2023-08-14 19:00:00,400.0489242431632,403.9287146774511,400.0489242431632,401.9439392089844,900,425.3290869140625,341.543909072876,401.1400436401367,5.032799009454718,391.07444562122726,411.20564165904614,51.49881841791364
2023-08-15 19:00:00,399.0515223012591,403.9386754975354,399.0515223012591,399.94915771484375,600,423.72270751953124,342.62506141662595,401.37841644287107,4.845139668818332,391.68813710523443,411.0686957805077,51.12334434749514
2023-08-16 19:00:00,398.95178453085737,402.94130237616594,398.95178453085737,401.2756652832031,600,422.2332208251953,343.696396484375,401.49461059570314,4.811631588659782,391.87134741838355,411.1178737730227,50.49725998658235
2023-08-17 19:00:00,403.9386816429644,418.8993735556668,400.94654326042394,414.9696960449219,5500,420.99786682128905,344.8464179229736,402.59471893310547,5.254302586107855,392.08611376088976,413.1033241053212,61.279001692819705
2023-08-20 19:00:00,413.9124795532528,413.9124795532528,398.95178752120756,400.06884765625,2000,419.24487243652345,345.8526033782959,402.81663513183594,5.033787377536878,392.7490603767622,412.8842098869097,47.42339875389296
2023-08-21 19:00:00,410.92034282765786,410.92034282765786,404.0384305522887,408.6762390136719,2500,417.9805938720703,346.8631080627441,403.30285797119143,5.1099021958151285,393.0830535795612,413.5226623628217,47.67523201211328
2023-08-22 19:00:00,404.9360837553365,404.9360837553365,380.10133987855284,393.9549255371094,7300,416.6977648925781,347.8153062438965,403.0031463623047,5.47939154794365,392.04436326641735,413.961929458192,42.00288719895094
2023-08-23 19:00:00,393.9648951850431,398.8520485567793,383.99110037023183,394.6929931640625,3600,415.3898016357422,348.6948952484131,402.8156402587891,5.70324235801703,391.409155542755,414.22212497482315,46.66966354846615
2023-08-24 19:00:00,394.6929931640625,394.6929931640625,394.6929931640625,394.6929931640625,300,414.2095031738281,349.49353034973143,402.51941833496096,5.9709948947289195,390.5774285455031,414.4614081244188,40.434087983005604
2023-08-27 19:00:00,384.10080398324277,384.20054802059485,380.9989683535569,381.33807373046875,1300,412.08149475097656,350.1372889709473,401.70505676269534,7.570149622579154,386.56475751753703,416.84535600785364,36.97374041868045
2023-08-28 19:00:00,381.34805934712,381.34805934712,379.00421142578125,379.00421142578125,1300,409.88726013183594,350.67466873168945,400.43289947509766,9.073607258686684,382.2856849577243,418.580113992471,38.16009222072401
2023-08-29 19:00:00,364.15320523359946,373.0099398349621,364.0435081014828,366.5369567871094,800,407.86098388671877,351.15145767211914,398.12745666503906,11.373457022547377,375.3805426199443,420.8743707101338,29.610707215225673
2023-08-30 19:00:00,355.1668523420412,374.017319139132,354.06972878504496,358.8072814941406,3000,405.97334350585936,351.5533186340332,395.59511108398436,14.043692538591346,367.50772600680165,423.6824961611671,28.690347926503506
2023-08-31 19:00:00,359.0566101074219,360.0539895799425,359.0566101074219,359.0566101074219,500,404.30193481445315,351.97167770385744,393.51756896972654,16.17485957921877,361.167849811289,425.8672881281641,28.65276360319305
2023-09-03 19:00:00,373.01991859499435,373.01991859499435,360.0539855957031,360.0539855957031,1600,402.8954296875,352.3411653137207,391.0251174926758,17.317435455832147,356.3902465810115,425.6599884043401,27.50642041633401
2023-09-04 19:00:00,362.04875601983065,363.0361519780324,353.07234058132246,354.1694641113281,2300,400.9752752685547,352.5739288330078,388.534162902832,18.868198251375592,350.79776640008083,426.2705594055832,26.40345956774908
2023-09-05 19:00:00,357.0618408103502,358.05922025395455,351.0775641487242,355.0570983886719,2700,399.4871844482422,352.69580856323245,386.3394287109375,20.10501258846031,346.1294035340169,426.54945388785814,26.06897868141968
2023-09-06 19:00:00,354.0697039268585,359.05660116526496,343.10851353687474,343.4775390625,3600,397.8490881347656,352.73930267333986,383.31637115478514,21.794071058176282,339.7282290384326,426.9045132711377,12.154139182777357
2023-09-07 19:00:00,343.5972350095521,348.08544272375525,337.1142683112587,342.1011657714844,4300,396.1335955810547,352.7750421142578,380.46386566162107,23.29429830352096,333.8752690545791,427.052462268663,14.185325200569423
2023-09-10 19:00:00,365.98842785146684,367.76376218350345,344.1059186990833,347.08807373046875,4600,394.4978936767578,352.71012939453124,377.8457458496094,23.980500469357267,329.8847449108948,425.80674678832395,10.166395006452333
2023-09-11 19:00:00,349.08282470703125,349.08282470703125,349.08282470703125,349.08282470703125,100,392.63279418945314,352.52017013549806,375.2026901245117,24.097490031563858,327.007710061384,423.39767018763945,15.25864003988346
2023-09-12 19:00:00,348.0854532526827,349.5815225360037,347.08807373046875,347.08807373046875,1000,390.86164794921876,352.3009129333496,372.559635925293,24.139311438082277,324.28101304912843,420.8382588014575,13.846331414925018
2023-09-13 19:00:00,349.07284519426463,349.08282872940543,348.08544921875,348.08544921875,500,389.0799291992187,352.23321578979494,369.90012512207034,23.735756167484396,322.42861278710154,417.3716374570391,15.132012131362828
2023-09-14 19:00:00,349.07284711698264,354.06972823292386,346.0906921037312,349.42193603515625,2800,387.95029724121093,352.3078031921387,366.622737121582,21.61578475266569,323.39116761625064,409.8543066269134,20.887860301101313
2023-09-17 19:00:00,349.08283019552164,375.633068010661,349.08283019552164,374.33648681640625,11700,387.36144470214845,352.5379237365723,365.3361190795898,20.242416076586824,324.85128692641615,405.8209512327635,46.984539436069916
2023-09-18 19:00:00,383.99109943096454,396.95703265850364,380.99896099384017,388.9779968261719,7700,387.0422833251953,352.8656460571289,364.35120697021483,18.419846439092815,327.5115140920292,401.1908998484005,64.10130337933616
2023-09-19 19:00:00,381.158558480335,396.67778127329615,380.9989741056836,386.26513671875,6600,386.76860290527344,353.1760223388672,363.9667175292969,17.84053285047364,328.2856518283496,399.64778323024416,68.4147467135492
2023-09-20 19:00:00,384.0908424199449,413.91248267451533,383.9910983847913,398.8620300292969,16500,386.77458740234374,353.51239685058596,364.17516937255857,18.238359535039013,327.6984503024805,400.6518884426366,72.90259482580007
2023-09-21 19:00:00,398.95180730381105,405.9334639316277,398.95180730381105,401.5050964355469,5900,386.9036486816406,353.7376467895508,364.5157745361328,18.890241228945477,326.73529207824186,402.2962569940238,73.40621247651228
2023-09-24 19:00:00,404.0483995722863,406.9308409725601,396.9570458506836,397.2762145996094,7700,386.4614111328125,353.9690971374512,365.3126815795898,19.944051383700323,325.42457881218917,405.2007843469905,74.80490042370499
2023-09-25 19:00:00,398.9518077108466,398.9518077108466,393.96491011446096,394.1643981933594,1700,386.2567498779297,354.13632461547854,366.07069091796876,20.76308785119018,324.5445152155884,407.59686662034915,71.9418481130738
2023-09-26 19:00:00,389.98535984003775,389.98535984003775,388.9779968261719,388.9779968261719,1700,386.13267578125,354.29548965454103,367.1927429199219,21.38661383032074,324.4195152592804,409.9659705805634,77.50182151546397
2023-10-01 19:00:00,408.9255795490537,413.76287602880143,398.951784925906,405.9334411621094,6400,386.2723089599609,354.5796597290039,369.54905090332034,22.952857593146927,323.6433357170265,415.45476608961417,82.46753488660882
2023-10-02 19:00:00,413.912470975607,418.8993682162769,408.925573734937,415.68780517578125,8200,386.7267144775391,355.0302923583984,372.38061065673827,24.992818422551327,322.3949738116356,422.3662475018409,83.2784977660132
2023-10-03 19:00:00,410.92035018907933,413.91248866132986,407.4395055063952,407.4594421386719,3000,386.9632928466797,355.438536529541,374.7508834838867,25.99027484979503,322.77033378429667,426.7314331834767,76.70409000587162
2023-10-04 19:00:00,401.94392059326174,403.93867950439454,389.97536712646485,398.9517822265625,9800,386.9632928466797,355.6988525390625,376.98999938964846,26.05278975299875,324.88441988365093,429.095578895646,72.39062588931681
2023-10-05 19:00:00,403.93868698205443,403.93868698205443,369.03040539101266,385.80633544921875,9700,386.68043640136716,355.86414337158203,378.52746124267577,25.59359405929894,327.3402731240779,429.71464936127364,64.73889584738414
2023-10-08 19:00:00,356.8723502252584,383.9911007914892,356.8723502252584,363.4949645996094,27600,385.9814733886719,355.9441000366211,379.52833251953126,24.519651758497872,330.4890290025355,428.567636036527,54.72443873182252
2023-10-09 19:00:00,374.01730292546404,374.01730292546404,357.06185185950966,359.1962585449219,7900,385.15304992675783,356.0029786682129,380.3830871582031,23.419561589988877,333.54396397822535,427.2222103381809,44.100724848099155
2023-10-10 19:00:00,368.0330356828256,386.1354675292969,357.17155831237875,386.1354675292969,24000,384.92325317382813,356.23578369140625,382.33545684814453,22.087551207976812,338.1603544321909,426.51055926409816,48.989290454641335
2023-10-11 19:00:00,386.98322415315886,410.9203308018079,386.98322415315886,393.38641357421875,34500,384.7020343017578,356.5082096862793,384.5506362915039,20.758744701245885,343.03314688901213,426.0681256939957,52.45293022935082
2023-10-12 19:00:00,398.9518023919856,401.9439409099255,388.978007332186,391.2121276855469,11700,384.27336059570314,356.8221681213379,386.7568389892578,18.82211663378508,349.11260572168766,424.40107225682794,47.16115050685975
2023-10-15 19:00:00,375.0146924629065,397.9544209912226,375.0146924629065,388.95806884765625,6300,383.8634381103516,357.0584889221191,388.80046997070315,16.474877032175495,355.85071590635215,421.75022403505415,45.33036396359069
2023-10-16 19:00:00,391.97013263008506,391.97013263008506,379.00419948964964,380.1611633300781,3500,383.4545123291016,357.30925506591797,390.3374313354492,13.829285422921545,362.6788604896061,417.9960021812923,43.83973869752103
2023-10-17 19:00:00,381.9963312529505,383.9910901628876,379.0041928880449,380.6000061035156,1600,382.8684521484375,357.5707347106934,390.6506072998047,13.515214062243388,363.6201791753179,417.68103542429145,45.021949306263934
2023-10-18 19:00:00,380.6000061035156,380.6000061035156,370.0,378.42999267578125,9100,382.3572808837891,357.8638360595703,390.12320709228516,13.786992321581412,362.54922244912234,417.697191735448,46.04130030280352
2023-10-19 19:00:00,378.0,386.0,376.0,378.1099853515625,6800,381.94044494628906,358.1553788757324,389.71544952392577,14.0256333999482,361.6641827240294,417.76671632382215,38.06783901380657
2023-10-22 19:00:00,377.1499938964844,393.0,365.0,373.9599914550781,8400,381.3408709716797,358.4799055480957,388.47034759521483,14.274044167253852,359.9222592607071,417.01843592972256,31.20128421189827
2023-10-23 19:00:00,371.0,380.0,370.0199890136719,370.67999267578125,5800,380.7714453125,358.82061325073244,386.92909240722656,14.455560031432274,358.017972344362,415.8402124700911,32.65732947489448
2023-10-24 19:00:00,379.95001220703125,380.0,366.010009765625,370.0,10600,380.18243591308595,359.2550823974609,385.5652816772461,14.712387796019293,356.1405060852075,414.9900572692847,35.2602343342641
2023-10-25 19:00:00,370.0,372.69000244140625,368.0,370.2300109863281,1500,379.5481573486328,359.61868255615235,384.36856231689455,14.947655539293365,354.47325123830785,414.26387339548126,40.86907519879782
2023-10-26 19:00:00,370.0,370.1499938964844,367.0,367.0,2100,378.88917419433596,359.99917083740235,383.26966247558596,15.39221294842232,352.4852365787413,414.0540883724306,52.64678865466451
2023-10-29 19:00:00,360.0,369.989990234375,356.1000061035156,359.82000732421875,4200,378.06006103515625,360.34375915527346,380.96399078369143,15.271923314736044,350.4201441542193,411.50783741316354,50.45137519373203
2023-10-30 19:00:00,359.0,367.3999938964844,359.0,367.3999938964844,2600,377.1086669921875,360.70754653930663,378.5496002197266,13.16505398594709,352.2194922478324,404.87970819162075,31.16471684058223
2023-10-31 19:00:00,339.8500061035156,339.8500061035156,339.8500061035156,339.8500061035156,6500,375.9042901611328,360.9605963134766,375.16912841796875,14.00447694496069,347.1601745280474,403.1780823078901,11.778321888275485
2023-11-01 19:00:00,314.3599853515625,359.0,314.3599853515625,331.32000732421875,55500,374.35716552734374,361.1228309631348,371.78753967285155,15.984877829455645,339.81778401394024,403.75729533176286,10.798352949354438
2023-11-02 19:00:00,334.989990234375,335.0,325.010009765625,331.05999755859375,13800,373.0992669677734,361.2966484069824,369.0502227783203,18.016305540519056,333.0176116972822,405.0828338593584,11.087784067601945
2023-11-05 19:00:00,335.0,345.0,330.92999267578125,331.9800109863281,15900,371.8450073242187,361.4937251281738,367.47447509765624,19.81604630897071,327.84238247971484,407.10656771559763,13.7838408214012
2023-11-06 19:00:00,335.6000061035156,338.5,326.0,327.0,4700,370.4911474609375,361.7119891357422,365.86466217041016,21.73847238010178,322.3877174102066,409.3416069306137,12.2854032325601
2023-11-07 19:00:00,328.0,335.0,326.1000061035156,327.7300109863281,4100,369.4189862060547,361.93352920532226,362.9443893432617,22.770535728994382,317.40331788527294,408.4854608012505,13.588075968665365
2023-11-09 19:00:00,333.8999938964844,340.0,325.1000061035156,335.1400146484375,8000,368.5417022705078,362.22474182128906,360.03206939697264,22.393823060252334,315.24442327646796,404.81971551747733,21.991944730219274
2023-11-12 19:00:00,335.0,337.0,331.0,334.0,1700,367.8909631347656,362.50751174926756,357.1714630126953,21.848755400321647,313.47395221205204,400.8689738133386,22.89011649260891
2023-11-13 19:00:00,333.0,333.0,321.010009765625,328.2099914550781,4100,367.27901733398437,362.864518737793,354.1340591430664,21.415508666249004,311.3030418105684,396.9650764755644,22.136220988599064
2023-11-14 19:00:00,335.0,335.0,325.54998779296875,329.9800109863281,2500,366.6974853515625,363.2359029388428,351.62500152587893,21.143565283081696,309.33787095971553,393.9121320920423,24.1138758508296
2023-11-15 19:00:00,332.8699951171875,341.0,331.0,334.20001220703125,24200,366.18040588378904,363.62057426452634,349.3050018310547,20.32678825631875,308.6514253184172,389.95857834369224,27.838622253974066
2023-11-16 19:00:00,332.0,336.5,330.0,330.94000244140625,9600,365.71581665039065,363.9807587432861,346.9305023193359,19.50253863067791,307.9254250579801,385.93557958069175,27.828352652610278
2023-11-19 19:00:00,335.5,336.0,330.94000244140625,331.5199890136719,4900,365.2450744628906,364.44083839416504,344.6010025024414,18.329475281819263,307.9420519388029,381.25995306607996,31.062637358597996
2023-11-20 19:00:00,331.0199890136719,333.0,326.0,327.9599914550781,5300,364.9347235107422,364.91840034484864,342.3010025024414,17.3092561705659,307.6824901613096,376.9195148435732,22.107523632753484
2023-11-21 19:00:00,330.0,330.0,327.5,330.0,1600,364.6927001953125,365.40915451049807,340.26700286865236,16.150282910164684,307.966437048323,372.56756868898174,39.10158705933121
2023-11-22 19:00:00,330.0,330.0,326.0,327.0299987792969,1400,364.2915386962891,365.88277297973633,338.1185028076172,14.787347422521023,308.5438079625751,367.69319765265925,44.58743615234572
2023-11-23 19:00:00,330.0,330.0,327.0,328.0,3000,363.86988220214846,366.2915911102295,336.00700225830076,12.848742888034735,310.3095164822313,361.70448803437023,46.207249762456655
2023-11-26 19:00:00,332.8999938964844,339.989990234375,330.0,339.9700012207031,6400,363.72752075195314,366.788310546875,334.65550231933594,10.650727902755882,313.3540465138242,355.9569581248477,57.77386501974524
2023-11-27 19:00:00,345.0,346.0,331.5,337.0,5100,363.5058117675781,367.17995864868163,333.514501953125,8.889759966069702,315.73498202098557,351.2940218852644,60.12554338891752
2023-11-28 19:00:00,340.0,355.0,335.0,349.7200012207031,23200,363.51177307128904,367.5904078674316,332.63050231933596,5.620879066151231,321.3887441870335,343.8722604516384,67.91589548149304
2023-11-29 19:00:00,350.0,354.0,345.0,348.0,6500,362.98504333496095,368.030905456543,333.03800201416016,6.411627809116722,320.21474639592674,345.8612576323936,61.5481078900579
2023-11-30 19:00:00,347.989990234375,347.989990234375,335.0,338.6300048828125,4400,361.97808349609375,368.4316178894043,333.4035018920898,6.516043517039651,320.3714148580105,346.43558892616915,53.622283215961765
2023-12-03 19:00:00,340.0,345.0,335.0,338.1099853515625,12800,361.01498046875,368.8255744934082,333.7560012817383,6.573037016567795,320.60992724860273,346.90207531487385,58.44132526540228
2023-12-04 19:00:00,345.0,349.0,337.1000061035156,340.5,7100,359.84773986816407,369.23979263305665,334.1820007324219,6.726183571626259,320.7296335891694,347.6343678756744,58.876123744935846
2023-12-05 19:00:00,340.0,345.0,337.6000061035156,340.2699890136719,4500,358.62303771972654,369.61641479492187,334.84550018310546,6.634309545306791,321.5768810924919,348.11411927371904,55.491198941631254
2023-12-06 19:00:00,340.0,340.0,335.0,336.7799987792969,9300,357.4131134033203,369.8762648010254,335.2979995727539,6.428899324933873,322.44020092288616,348.1557982226216,55.26125506907692
2023-12-07 19:00:00,345.0,362.0400085449219,344.5,362.0400085449219,42800,356.77062561035154,370.2808662414551,336.64299926757815,8.778603728810264,319.08579180995764,354.20020672519865,69.03217703076115
2023-12-10 19:00:00,379.989990234375,389.19000244140625,379.9800109863281,389.19000244140625,20300,356.7748657226563,370.81386199951174,339.4024993896484,14.628953022345339,310.14459334495774,368.6604054343391,79.50273752278083
2023-12-11 19:00:00,404.0,418.3800048828125,386.0,392.6000061035156,70500,356.50819702148436,371.3472848510742,342.6220001220703,18.58623974803146,305.44952062600737,379.7944796181332,79.76982081597478
2023-12-12 19:00:00,398.0,408.0,374.0,377.17999267578125,21400,355.73804077148435,371.8206460571289,344.981999206543,19.850176849158547,305.2816455082259,384.68235290486007,71.32407918527787
2023-12-13 19:00:00,360.010009765625,384.0,360.010009765625,366.42999267578125,6700,354.9174517822266,372.2880485534668,346.59349822998047,20.233358979226267,306.12678027152793,387.060216188433,65.08596048266486
2023-12-14 19:00:00,369.989990234375,374.0,362.0,363.57000732421875,5100,354.2098162841797,372.71372314453123,348.2249984741211,20.220262851320857,307.7844727714794,388.6655241767628,59.978013725938
2023-12-17 19:00:00,363.0,369.0,352.5,352.5,6200,353.5436895751953,373.1022914123535,349.2739990234375,19.848812531996927,309.5763739594437,388.97162408743134,56.13326777063812
2023-12-18 19:00:00,352.0,352.0,332.010009765625,334.20001220703125,8700,352.9577905273438,373.30552276611326,349.5860000610352,19.54283161975613,310.5003368215229,388.67166330054744,44.118544362310224
2023-12-19 19:00:00,339.0,344.0,334.0,340.0,10100,352.5738653564453,373.5717897033691,350.0860000610352,19.13910722966533,311.8077856017045,388.36421452036586,47.05925641403027
2023-12-20 19:00:00,341.0,349.0,336.0,346.55999755859375,4800,351.78235595703126,373.86329330444335,351.0625,18.384183049211813,314.2941339015764,387.8308660984236,52.9765000254294
2023-12-21 19:00:00,368.45001220703125,368.45001220703125,330.0199890136719,355.0,5300,351.0146276855469,374.1711895751953,352.4125,17.575042923285967,317.2624141534281,387.56258584657195,55.98384966487535
2023-12-25 19:00:00,350.0,370.0,335.0,337.8999938964844,10300,349.9483850097656,374.3798303222656,352.3089996337891,17.65807307894697,316.9928534758951,387.62514579168305,49.165809110429414
2023-12-26 19:00:00,327.1000061035156,347.989990234375,327.1000061035156,335.5,14100,348.8792236328125,374.5316722106934,352.23399963378904,17.729558802461074,316.7748820288669,387.6931172387112,48.490605138874216
2023-12-27 19:00:00,348.75,348.75,331.0,339.8500061035156,8100,348.07300048828125,374.5908563232422,351.74049987792966,17.939342414200595,315.86181504952845,387.6191847063309,50.96620111366977
2023-12-28 19:00:00,338.0,340.79998779296875,332.0,333.7799987792969,3800,347.13660034179685,374.59928573608397,351.02949981689454,18.371972299740467,314.2855552174136,387.77344441637547,39.884016592404606
2023-12-31 19:00:00,340.0,350.0,338.1499938964844,340.5899963378906,9100,346.3798004150391,374.68980545043945,351.12749938964845,18.307464162853005,314.51257106394246,387.74242771535444,29.638005867742322
2024-01-01 19:00:00,340.0,342.0,337.0,337.739990234375,4200,345.5724005126953,374.73698501586915,351.10899963378904,18.321492300517075,314.4660150327549,387.75198423482317,26.906879763875438
2024-01-02 19:00:00,339.0,340.0,338.510009765625,338.510009765625,500,344.86340087890625,374.87898406982424,351.00950012207034,18.387424466411748,314.23465118924685,387.7843490548938,31.43187309283462
2024-01-03 19:00:00,339.010009765625,339.010009765625,335.0,336.010009765625,1900,344.1700012207031,375.12476089477536,350.79650115966797,18.542398687443402,313.71170378478115,387.8812985345548,34.136430245630194
2024-01-04 19:00:00,334.010009765625,341.5,334.010009765625,340.0,1300,343.57000122070315,375.3893655395508,350.95750122070314,18.42791662342282,314.1016679738575,387.81333446754877,37.85176530691853
2024-01-07 19:00:00,340.0,341.8999938964844,338.010009765625,338.010009765625,800,342.92560119628905,375.6654640197754,349.7560012817383,18.45067055526284,312.85466017121263,386.65734239226396,41.76049616664757
2024-01-08 19:00:00,340.5,340.5,339.0,340.5,1800,342.3956011962891,375.97371063232424,347.32150115966795,16.02664710349248,315.268206952683,379.3747953666529,54.367712298601745
2024-01-09 19:00:00,340.0,340.0,339.010009765625,339.510009765625,1100,341.98940124511716,376.1741940307617,344.66700134277346,12.031021159156271,320.6049590244609,368.729043661086,49.63601972058574
2024-01-10 19:00:00,341.9200134277344,341.9200134277344,340.0,341.5,1800,341.4714013671875,376.3561605834961,342.88300170898435,9.289060149407922,324.3048814101685,361.4611220078002,45.96748617612838
2024-01-11 19:00:00,344.0,344.0,321.0,336.0,2200,341.3944012451172,376.42788619995116,341.3615020751953,7.560499276712369,326.24050352177056,356.48250062862,34.11370913169819
2024-01-14 19:00:00,341.989990234375,342.0,335.04998779296875,339.20001220703125,2200,341.55200134277345,376.5735845947266,340.14300231933595,5.4667479840633435,329.20950635120926,351.07649828746264,51.416142138797156
2024-01-15 19:00:00,328.5,339.989990234375,328.5,333.1099853515625,700,341.59300109863284,376.6974768066406,339.1735015869141,4.843827539900795,329.4858465071125,348.86115666671566,47.59022650320068
2024-01-16 19:00:00,334.0,337.0,333.1400146484375,337.0,300,341.69340087890623,376.8067834472656,339.3135009765625,4.731680214781787,329.85014054699894,348.7768614061261,47.09952773258844
2024-01-17 19:00:00,332.0,338.0,331.0,332.0,3200,341.79340087890625,376.8978224182129,338.9135009765625,5.001069207096527,328.91136256236945,348.91563939075553,48.14815049995841
2024-01-18 19:00:00,338.0,343.0,335.1000061035156,342.489990234375,4700,342.0886004638672,377.0518669128418,338.7100006103516,4.750054229720887,329.2098921509098,348.21010906979336,51.836096960216864
2024-01-21 19:00:00,336.0,367.989990234375,336.0,350.0,13100,342.38580017089845,377.2434614562988,338.4600006103516,3.903758611389969,330.65248338757164,346.26751783313154,60.868798278895916
2024-01-22 19:00:00,355.0,364.0,340.0,342.510009765625,12300,342.5560003662109,377.36020431518557,338.6905014038086,4.0037722275147445,330.68295694877906,346.6980458588381,53.16856805246394
2024-01-23 19:00:00,342.510009765625,348.0,336.0,339.9599914550781,5000,342.79100036621094,377.5463562011719,338.9135009765625,3.940420619681001,331.0326597372005,346.7943422159245,53.12646893289951
2024-01-24 19:00:00,340.0400085449219,340.0400085449219,336.25,336.25,1100,342.91640014648436,377.68997940063474,338.7335006713867,3.9774401443921232,330.77862038260247,346.68838096017095,47.01860460602296
2024-01-25 19:00:00,337.0,344.0,335.510009765625,335.510009765625,500,342.9426000976562,377.8506816101074,338.82000122070315,3.881702269461877,331.0565966817794,346.5834057596269,47.972096523452585
2024-01-28 19:00:00,336.5,336.5,335.0,335.07000732421875,1300,343.0252001953125,377.9468475341797,338.5440017700195,3.9449547742016318,330.6540922216163,346.43391131842276,45.443874619362646
2024-01-29 19:00:00,334.55999755859375,334.55999755859375,330.20001220703125,331.5199890136719,1400,343.0252001953125,378.0799943542481,338.2330017089844,4.245409875023867,329.7421819589366,346.72382145903214,43.571992204398356
2024-01-30 19:00:00,331.5400085449219,331.5400085449219,331.5299987792969,331.5299987792969,400,343.0966003417969,378.1882568359375,337.88400115966795,4.5006670983636266,328.8826669629407,346.8853353563952,41.71514967390307
2024-01-31 19:00:00,328.54998779296875,336.0,328.0,335.0,2100,343.19660034179685,378.25132537841796,337.83350067138673,4.528382395242217,328.7767358809023,346.89026546187114,49.14000799943731
2024-02-01 19:00:00,338.0,338.0,335.0,337.0,600,343.39600036621096,378.34051818847655,337.6835006713867,4.50245371267935,328.678593246028,346.6884080967454,48.0681333381927
2024-02-05 19:00:00,335.0,335.0,335.0,335.0,100,343.53600036621094,378.41555526733396,337.53300018310546,4.541106165884461,328.45078785133654,346.6152125148744,51.78809208968755
2024-02-06 19:00:00,343.0,343.0,340.0,340.0,200,343.5366003417969,378.4740348815918,337.5080001831055,4.525261022828874,328.4574781374477,346.55852222876325,52.77983578427769
2024-02-08 19:00:00,336.0,336.0,330.0,330.75,900,343.4116003417969,378.46548568725586,337.0699996948242,4.740127661625477,327.58974437157326,346.5502550180752,48.926301728088006
2024-02-11 19:00:00,329.0899963378906,336.0,325.0,326.25,1100,342.9422003173828,378.4157356262207,336.30749969482423,5.194768423052939,325.91796284871833,346.6970365409301,34.450420945962534
2024-02-12 19:00:00,332.0,332.0,332.0,332.0,200,342.6222003173828,378.41135864257814,336.10749969482424,5.283473528358393,325.54055263810744,346.67444675154104,32.164098135198984
2024-02-13 19:00:00,334.0,334.0,333.05999755859375,333.32000732421875,400,342.51600036621096,378.46527923583983,335.8134994506836,5.265900808525495,325.2816978336326,346.34530106773457,39.6252039556369
2024-02-14 19:00:00,340.0,340.0,330.0,330.0,3900,342.3538006591797,378.45343719482423,335.65800018310546,5.39428890057259,324.86942238196025,346.44657798425067,38.94808560900004
2024-02-15 19:00:00,325.010009765625,350.0,325.010009765625,348.04998779296875,4600,342.5048004150391,378.5313879394531,336.2104995727539,6.063367068834769,324.0837654350844,348.33723371042345,59.932645574952986
2024-02-18 19:00:00,340.0,340.0,334.0,335.0,1900,342.39940063476564,378.54824447631836,336.3604995727539,5.990391370136181,324.3797168324815,348.3412823130263,49.644394359675786
2024-02-19 19:00:00,338.0,341.0,338.0,340.0,3500,342.4638006591797,378.58594528198245,336.23600006103516,5.881175552026385,324.4736489569824,347.9983511650879,53.23193353435637
2024-02-20 19:00:00,342.0,345.0,340.010009765625,345.0,600,342.12300048828126,378.7125199890137,335.98600006103516,5.347337223288,325.29132561445914,346.6806745076112,58.67216339076517
2024-02-21 19:00:00,340.0199890136719,344.5,339.8999938964844,340.0,3300,341.13920043945313,378.7709996032715,335.8604995727539,5.213952827421333,325.4325939179112,346.28840522759657,55.120301109753704
2024-02-22 19:00:00,340.0,340.0,340.0,340.0,1000,340.08720031738284,378.70638595581056,335.8625,5.2156158626342,325.4312682747316,346.2937317252684,53.15497262506663
2024-02-25 19:00:00,335.0,361.44000244140625,335.0,350.0,5400,339.54360046386716,378.5610740661621,336.55,6.100543343811084,324.3489133123778,348.7510866876222,57.45071151720374
2024-02-26 19:00:00,345.0,357.8999938964844,344.1499938964844,352.0,2000,339.25500061035154,378.2872509765625,337.37449951171874,7.000529619515319,323.3734402726881,351.3755587507494,59.74323813788182
2024-02-27 19:00:00,355.0,361.0,351.04998779296875,358.0,7800,339.1436004638672,378.0533186340332,338.5209991455078,8.350708265154694,321.81958261519844,355.22241567581716,60.19945715779776
2024-02-28 19:00:00,359.8999938964844,360.0,348.0,351.0,6100,339.1136004638672,377.76011672973635,339.49499969482423,8.622766744050205,322.2494662067238,356.74053318292465,61.774626293599084
2024-02-29 19:00:00,324.67999267578125,324.67999267578125,324.67999267578125,324.67999267578125,8800,338.9232000732422,377.363524017334,339.1524993896484,9.079726069171656,320.99304725130514,357.3119515279917,49.27186376042469
2024-03-03 19:00:00,300.3299865722656,317.0,300.3299865722656,301.32000732421875,28400,338.14960021972655,376.8683335876465,337.4684997558594,12.404846662538006,312.6588064307834,362.2781930809354,37.769097091267085
2024-03-04 19:00:00,301.0,309.95001220703125,287.0,298.0,6500,337.1784002685547,376.31016494750975,335.51849975585935,15.226737520174737,305.0650247155099,365.9719747962088,36.140318607198815
2024-03-05 19:00:00,309.95001220703125,309.95001220703125,300.0,304.989990234375,2300,336.1782000732422,375.7697415161133,334.01799926757815,16.6889629332455,300.64007340108714,367.39592513406916,40.46074594301646
2024-03-06 19:00:00,305.0,307.0,298.30999755859375,301.30999755859375,1700,335.4464001464844,375.208973236084,332.0834991455078,18.13848978298869,295.8065195795304,368.3604787114852,29.977723626551764
2024-03-07 19:00:00,313.0,313.0,309.0,309.8900146484375,2800,334.93420043945315,374.69180313110354,331.0404998779297,18.80664357033582,293.42721273725806,368.6537870186013,38.81515129106348
2024-03-10 19:00:00,302.1000061035156,308.8999938964844,302.0,306.0,1400,334.2572003173828,374.14121963500975,330.0279998779297,19.606231052112538,290.8155377737046,369.2404619821548,34.70397898202994
2024-03-11 19:00:00,304.0,304.0,302.04998779296875,302.04998779296875,400,333.62260009765623,373.5734294128418,328.53049926757814,20.567874592102157,287.3947500833738,369.66624845178245,30.493232023906216
2024-03-12 19:00:00,302.0,302.0,300.010009765625,301.0199890136719,2900,332.83119995117187,372.99879364013674,326.9154983520508,21.42236419622092,284.070769959609,369.7602267444926,31.633998506329988
2024-03-13 19:00:00,301.04998779296875,305.0,300.0,300.7200012207031,4100,332.09080017089843,372.43273147583005,325.4514984130859,22.187312721785226,281.0768729695155,369.82612385665635,31.54482530394982
2024-03-14 19:00:00,310.0,313.0,302.0,302.0,2100,331.36059997558596,371.8290350341797,323.1489990234375,22.108001715562917,278.93299559231167,367.36500245456335,25.43500818695621
2024-03-17 19:00:00,302.5,305.70001220703125,302.0,305.70001220703125,1300,330.75440002441405,371.10919235229494,321.6839996337891,22.251679427796027,277.180640778197,366.18735848938115,26.71027343006442
2024-03-18 19:00:00,304.79998779296875,305.0,300.0,300.2099914550781,6400,329.95859985351564,370.2680960083008,319.69449920654296,22.306598538306957,275.08130212992904,364.3076962831569,20.78067441070303
2024-03-19 19:00:00,300.010009765625,302.0,300.0,300.0,2700,329.19839965820313,369.25031127929685,317.44449920654296,21.885295901494818,273.6739074035533,361.2150910095326,22.312714592168007
2024-03-20 19:00:00,301.1499938964844,304.0,297.0,300.0,1300,328.3883996582031,368.34897064208985,315.44449920654296,21.540558187738064,272.3633828310668,358.5256155820191,31.240512554048294
2024-03-21 19:00:00,293.010009765625,298.5,293.0,294.2099914550781,600,327.4823992919922,367.4412705993652,313.1549987792969,21.224381151290324,270.70623647671624,355.6037610818775,42.62600277132984
2024-03-25 19:00:00,299.57000732421875,299.57000732421875,291.0,298.79998779296875,1700,326.6283990478516,366.5515835571289,310.5949981689453,19.569650123023884,271.45569792289757,349.7342984149931,50.80839442394727
2024-03-27 19:00:00,298.79998779296875,300.0,292.0,293.32000732421875,5900,325.7747991943359,365.5795907592773,307.66099853515624,17.30277885781751,273.0554408195212,342.26655625079127,37.83617345322359
2024-03-28 19:00:00,299.8900146484375,299.8900146484375,273.1600036621094,282.3800048828125,12200,324.6383990478516,364.6320399475098,303.8799987792969,13.587012677252332,276.7059734247922,331.0540241338016,32.862594196636266
2024-03-31 19:00:00,289.0,291.8500061035156,277.0,278.70001220703125,1900,323.5501995849609,363.7350581359863,300.26499938964844,9.346837780323293,281.57132382900187,318.958674950295,19.014512367709713
2024-04-01 19:00:00,276.0,280.989990234375,276.0,280.989990234375,200,322.42999938964846,362.8395523071289,298.08049926757815,8.397673294460667,281.2851526786568,314.8758458564995,24.338169721139494
2024-04-02 19:00:00,275.04998779296875,277.989990234375,275.0,277.0,1600,321.32999938964844,361.9560127258301,296.8644989013672,9.581279217851796,277.7019404656636,316.0270573370708,24.31821907847724
2024-04-03 19:00:00,276.9700012207031,276.9700012207031,274.0,274.7699890136719,2400,319.97559936523436,360.8911701965332,295.70299835205077,10.770607302111397,274.161783747828,317.24421295627354,23.734225144984535
2024-04-07 19:00:00,270.1000061035156,275.8900146484375,270.0,273.6000061035156,4900,318.4475994873047,359.8155905151367,294.1334991455078,11.601136841750401,270.93122546200703,317.3357728290086,23.32807499021564
2024-04-08 19:00:00,272.1000061035156,277.69000244140625,272.1000061035156,276.8900146484375,900,317.13519958496096,358.86078674316406,292.9125,12.0812163779813,268.75006724403744,317.0749327559626,26.24408992324696
2024-04-14 19:00:00,270.8999938964844,273.989990234375,269.0,269.989990234375,3900,315.73579956054687,357.9447901916504,290.91749877929686,12.419773807512467,266.07795116427195,315.7570463943218,18.144487288241706
2024-04-15 19:00:00,268.5,274.8900146484375,268.1000061035156,271.0,1300,314.43079956054686,357.0866549682617,289.16749877929686,12.64648851141263,263.8745217564716,314.4604758021221,21.67926644159671
2024-04-16 19:00:00,270.0,277.8900146484375,270.0,270.8699951171875,1800,313.13799926757815,356.2891087341309,287.60849914550784,12.894246537508714,261.8200060704904,313.39699222052525,21.712943865189217
2024-04-17 19:00:00,270.010009765625,274.8500061035156,270.0,274.8500061035156,1000,311.93359924316405,355.4124728393555,286.3,12.78905363679983,260.72189272640037,311.87810727359965,27.330094336560407
2024-04-18 19:00:00,266.5,273.6000061035156,266.07000732421875,272.0,700,310.74319946289063,354.62516464233397,284.86399993896487,12.696766283011721,259.4704673729414,310.2575325049883,28.859706861604266
2024-04-21 19:00:00,270.0,277.0,270.0,272.0,2802,309.5525994873047,353.85825286865236,283.36399993896487,12.332647308755643,258.6987053214536,308.02929455647615,22.048407980658197
2024-04-22 19:00:00,276.8500061035156,276.8500061035156,270.0,274.54998779296875,5047,308.3435992431641,353.09162384033203,281.8064987182617,11.285908232980274,259.2346822523012,304.37831518422223,29.149060810041178
2024-04-23 19:00:00,275.989990234375,275.989990234375,274.0,274.989990234375,1076,307.10339904785155,352.3222079467773,280.5454986572266,10.503224036707351,259.5390505838119,301.55194673064125,39.29294036914675
2024-04-24 19:00:00,276.0,277.0,272.1000061035156,275.8999938964844,1935,305.92139892578126,351.4900189208984,279.34049835205076,9.487108054220787,260.3662822436092,298.3147144604923,45.589135980047246
2024-04-25 19:00:00,279.0,279.0,270.1000061035156,272.1300048828125,735,304.5639990234375,350.67244201660156,277.9469985961914,8.260363639738388,261.42627131671463,294.4677258756682,36.66469463159384
2024-04-28 19:00:00,277.70001220703125,277.70001220703125,266.0,267.3399963378906,2351,303.2957989501953,349.82328506469725,276.603498840332,7.637725860397478,261.3280471195371,291.87895056112694,35.802484640315626
2024-04-29 19:00:00,270.0,272.0,267.010009765625,270.0400085449219,1391,302.1715991210938,349.14396743774415,275.1654998779297,5.700418880126665,263.7646621176763,286.56633763818303,43.14297848996169
2024-05-01 19:00:00,290.2900085449219,290.2900085449219,290.2900085449219,290.2900085449219,9745,301.3373992919922,348.5765219116211,275.01399993896484,5.211860512026608,264.5902789149116,285.4377209630181,65.57773114030891
2024-05-02 19:00:00,312.05999755859375,312.05999755859375,302.0,312.05999755859375,17969,300.9121990966797,348.1121415710449,276.4979995727539,9.706777671402138,257.0844442299496,295.91155491555816,74.40663364021728
2024-05-05 19:00:00,335.4599914550781,335.4599914550781,325.04998779296875,335.4599914550781,17625,301.0213989257812,347.7896957397461,279.33599853515625,16.384832503771452,246.56633352761335,312.1056635426992,86.96780783889756
2024-05-06 19:00:00,349.0,349.0,316.25,319.2799987792969,18243,300.4459991455078,347.39328170776366,281.25049896240233,18.666425272468665,243.917648417465,318.5833495073397,73.2741989062279
2024-05-07 19:00:00,320.0,320.0,307.3500061035156,310.04998779296875,8442,299.9469989013672,346.968271484375,282.90299835205076,19.70439698114046,243.49420438976983,322.3117923143317,67.36393819014165
2024-05-08 19:00:00,310.0,333.0,305.1000061035156,317.95001220703125,10642,299.5059991455078,346.4610810852051,285.06199951171874,21.0836973269585,242.89460485780174,327.22939416563577,68.45982458538947
2024-05-09 19:00:00,315.0,338.0,315.0,315.9200134277344,9658,298.9243994140625,346.01869384765627,287.17799987792966,21.97751739424952,243.22296508943063,331.1330346664287,68.94410297627964
2024-05-12 19:00:00,320.0,327.0,315.5,317.95001220703125,4976,298.4833996582031,345.6325354003906,289.2309997558594,22.865731747012884,243.4995362618336,334.96246324988516,69.47859578275316
2024-05-13 19:00:00,322.0,322.0,315.0,317.1700134277344,2596,298.0267999267578,345.2236265563965,291.59000091552736,23.207379028782228,245.1752428579629,338.00475897309184,68.34223494853016
2024-05-14 19:00:00,314.44000244140625,322.989990234375,314.44000244140625,319.7099914550781,4541,297.4209997558594,344.8573388671875,294.02550048828124,23.48708374403939,247.05133300020248,340.99966797636,68.90429560459663
2024-05-15 19:00:00,320.0,320.0,310.0,312.9599914550781,2773,296.64019958496095,344.44398620605466,296.13000030517577,23.186858894851742,249.7562825154723,342.5037180948793,64.92910047394204
2024-05-16 19:00:00,312.5,318.6400146484375,312.5,314.70001220703125,394,295.7741998291016,344.02272735595704,298.12250061035155,22.9731927555338,252.17611509928395,344.06888612141915,67.43385943170179
2024-05-19 19:00:00,314.0,320.0,308.1000061035156,309.0299987792969,5133,294.9347998046875,343.5681315612793,299.97400054931643,22.237487978119532,255.49902459307737,344.4489765055555,66.95128554985479
2024-05-20 19:00:00,311.0,312.25,286.0199890136719,305.0,3154,294.54119995117185,343.1009159851074,301.6240005493164,21.255188250485844,259.1136240483447,344.1343770502881,64.06274589909363
2024-05-21 19:00:00,305.0,305.0,299.0,301.80999755859375,5021,294.5509997558594,342.60687881469727,302.9870010375977,20.27930568888764,262.4283896598224,343.54561241537294,55.37112401363559
2024-05-22 19:00:00,304.79998779296875,304.79998779296875,300.0,302.0899963378906,156,294.6327996826172,342.1292022705078,304.3420013427734,19.186077781638545,265.9698457794963,342.7141569060505,44.186590278437656
2024-05-23 19:00:00,308.8999938964844,308.8999938964844,286.0,300.4200134277344,1194,294.54140014648436,341.6090655517578,305.56800231933596,18.021009180747093,269.5259839578418,341.61002068083013,22.633577524730583
2024-05-26 19:00:00,304.70001220703125,304.70001220703125,298.0,299.7300109863281,709,294.5098004150391,341.04448654174803,306.94800262451173,16.30026334845772,274.3474759275963,339.54852932142717,29.857844641536573
2024-05-28 19:00:00,295.1000061035156,323.7099914550781,290.1000061035156,295.04998779296875,16326,294.2129998779297,340.4724655151367,308.3335021972656,13.731733384201178,280.8700354288633,335.79696896566793,32.946810090359136
2024-05-29 19:00:00,299.79998779296875,300.0,294.0,299.0,2433,294.0729998779297,339.9644282531738,309.78150177001953,10.665828575584174,288.44984461885116,331.1131589211879,26.330254386660414
2024-05-30 19:00:00,305.0,305.0,294.1000061035156,296.239990234375,1095,293.9567999267578,339.39611312866214,310.07900085449216,10.164753853886534,289.7494931467191,330.40850856226524,25.85868039307441
2024-06-02 19:00:00,305.0,305.0,295.0,296.239990234375,81,293.8611999511719,338.857370300293,309.2880004882812,10.60834436387124,288.0713117605387,330.50468921602373,21.972632703651243
2024-06-03 19:00:00,303.0,303.0,292.1000061035156,302.05999755859375,126,293.8879998779297,338.37291137695314,307.61800079345704,8.73497316682645,290.14805445980414,325.08794712710994,32.739320777238675
2024-06-04 19:00:00,301.989990234375,303.0,296.0,296.7799987792969,1206,293.7835998535156,337.83711791992187,306.49300079345704,8.60184484164708,289.2893111101629,323.6966904767512,25.34943262718481
2024-06-05 19:00:00,293.0,300.0,293.0,293.8599853515625,728,293.54679931640624,337.3106614685059,305.6835006713867,9.0019824500919,287.6795357712029,323.6874655715705,27.62421695180906
2024-06-06 19:00:00,298.8399963378906,312.0,281.1000061035156,294.70001220703125,5102,293.4365997314453,336.7869091796875,304.52100067138673,8.834202853848845,286.85259496368906,322.1894063790844,26.06515466929622
2024-06-09 19:00:00,296.0,296.0,285.1000061035156,289.5400085449219,714,293.22739990234373,336.2248895263672,303.2020004272461,9.010277937149844,285.1814445529464,321.2225563015458,26.387264130712893
2024-06-10 19:00:00,294.8999938964844,294.8999938964844,285.1000061035156,289.6300048828125,439,293.02,335.67329376220704,301.78600006103517,8.793272345942466,284.19945536915026,319.3725447529201,29.41339010097839
2024-06-11 19:00:00,285.0,290.0,285.0,288.1000061035156,205,292.8978002929687,335.10741546630857,300.3324996948242,8.514682147837828,283.3031353991486,317.36186399049984,30.782221986470304
2024-06-12 19:00:00,290.0,293.0,285.1499938964844,286.05999755859375,754,292.64300048828125,334.46286697387694,298.65,7.77681255008442,283.0963748998311,314.20362510016884,28.586744981080443
2024-06-13 19:00:00,299.0,299.0,291.8900146484375,291.8999938964844,223,292.6146002197266,333.9220227050781,297.5970001220703,7.136665915643341,283.32366829078364,311.870331953357,39.75961594891839
2024-06-19 19:00:00,296.989990234375,315.0,295.0199890136719,308.7300109863281,10427,293.1416003417969,333.4222915649414,297.29850006103516,6.478128669995033,284.34224272104507,310.25475740102524,57.793542167452074
2024-06-20 19:00:00,305.010009765625,312.0,303.0,306.0,4871,293.68760009765623,332.98251693725587,297.1470001220703,6.219603408478246,284.70779330511385,309.5862069390268,59.81357999704616
2024-06-23 19:00:00,300.1000061035156,320.0,300.0,305.4700012207031,34470,294.1772003173828,332.5364019775391,297.17050018310545,6.251642141170989,284.6672159007635,309.6737844654474,56.17719162991103
2024-06-24 19:00:00,302.1000061035156,318.8800048828125,297.0,297.0299987792969,4522,294.57780029296873,332.04808700561523,296.93150024414064,6.155570626825296,284.62035899049005,309.2426414977912,50.680454319637676
2024-06-25 19:00:00,306.8999938964844,306.8999938964844,295.0,298.69000244140625,3014,295.05620056152344,331.6348466491699,296.7615005493164,6.05168178103196,284.6581369872525,308.8648641113803,52.05159001931943
2024-06-26 19:00:00,307.0,307.0,290.0,293.6600036621094,12913,295.4574005126953,331.20812561035154,296.42350006103516,6.0253144711854745,284.3728711186642,308.4741290034061,42.87170461590735
2024-06-27 19:00:00,290.0,304.8999938964844,286.20001220703125,288.6099853515625,1500,295.6917999267578,330.8184907531738,295.86749877929685,6.21424138642787,283.43901600644114,308.29598155215257,43.03969982689921
2024-06-30 19:00:00,293.0,299.989990234375,288.989990234375,291.05999755859375,3191,296.1132000732422,330.4797543334961,295.6679992675781,6.30524788459603,283.05750349838604,308.2784950367702,47.59534238131082
2024-07-01 19:00:00,287.0,293.8999938964844,287.0,293.5,900,296.5632000732422,330.151971282959,295.39299926757815,6.27212865226717,282.84874196304384,307.93725657211246,48.9969819159834
2024-07-02 19:00:00,292.0,297.8900146484375,291.04998779296875,295.0199890136719,1500,297.0461999511719,329.8268013000488,295.33199920654295,6.26938963529602,282.7932199359509,307.870778477135,54.87715844572352
2024-07-03 19:00:00,296.1000061035156,302.0,292.0,299.4800109863281,2261,297.53880004882814,329.5533540344238,295.49400024414064,6.335598459161809,282.822803325817,308.16519716246427,58.1337681221508
2024-07-04 19:00:00,302.8999938964844,314.0,295.5,298.3900146484375,1090,298.06660034179686,329.2700186157227,295.3105010986328,6.186817432196983,282.93686623423883,307.6841359630268,58.55930409247764
2024-07-07 19:00:00,313.0,313.0,271.0,296.9700012207031,3066,298.5660003662109,329.0374809265137,295.32000122070315,6.18933803544314,282.94132514981686,307.69867729158943,59.16959880905174
2024-07-08 19:00:00,295.0,309.3999938964844,295.0,300.0400085449219,3757,299.07580078125,328.82717514038086,295.6290023803711,6.266399072965847,283.0962042344394,308.1618005263028,57.17560061207229
2024-07-09 19:00:00,304.0,304.44000244140625,293.010009765625,294.4599914550781,3559,299.46520080566404,328.5640347290039,295.61700134277345,6.26850134358034,283.07999865561277,308.15400402993413,34.308345704996896
2024-07-10 19:00:00,290.010009765625,298.989990234375,290.0,290.2900085449219,1373,299.7530010986328,328.2700706481934,295.6545013427734,6.2323728631368285,283.1897556164998,308.11924706904705,33.255201675309294
2024-07-11 19:00:00,299.0,299.0,295.0,295.0,101,300.21040100097656,328.009630279541,295.9230010986328,6.072799279235534,283.77740254016175,308.0685996571039,39.753386706679755
2024-07-14 19:00:00,303.989990234375,303.989990234375,295.0,296.0,4026,300.7836010742187,327.74920303344726,296.31800079345703,5.7873960765512145,284.7432086403546,307.89279294655944,48.820163249611106
2024-07-17 19:00:00,300.0,300.0,292.5,299.6499938964844,1855,301.37580078125,327.5003433227539,296.99750061035155,5.296603982690748,286.40429264497004,307.59070857573306,51.05169862517243
2024-07-18 19:00:00,298.0,298.8999938964844,292.5,294.0799865722656,258,301.45160034179685,327.0990608215332,297.10650024414065,5.207868319848914,286.6907636044428,307.5222368838385,50.4547232802988
2024-07-21 19:00:00,290.0,292.0,285.0,289.75,3548,301.005400390625,326.60292083740234,296.1574996948242,4.680958118956758,286.79558345691066,305.51941593273773,51.253865043359646
2024-07-22 19:00:00,298.3999938964844,298.3999938964844,286.8699951171875,293.1099853515625,1725,300.1584002685547,326.1371450805664,295.5129989624023,4.10661159371018,287.299775774982,303.72622214982266,52.21046798451021
2024-07-23 19:00:00,293.989990234375,298.0,293.989990234375,297.989990234375,662,299.73260009765625,325.6327848815918,295.1389984130859,3.43830573655232,288.2623869399813,302.01560988619053,54.599457548614915
2024-07-25 19:00:00,297.0,297.0,293.0,293.1000061035156,135,299.3936004638672,325.09075942993167,294.9424987792969,3.4368463631501145,288.06880605299665,301.81619150559715,48.16023075924329
2024-07-28 19:00:00,298.0,298.0,290.0,290.57000732421875,2610,298.84600036621094,324.5572283935547,294.5364990234375,3.4504349637792493,287.635629095879,301.437368950996,41.13431933005828
2024-07-29 19:00:00,293.0,293.0,288.0,288.0,1322,298.28760009765625,324.0264064025879,294.25349884033204,3.7455961554756487,286.76230652938074,301.74469115128335,39.95745353633557
2024-07-31 19:00:00,282.04998779296875,291.94000244140625,282.04998779296875,288.0400085449219,251,297.68940002441406,323.52171646118165,294.225,3.792668093721954,286.63966381255614,301.8103361874439,41.13207844506348
2024-08-01 19:00:00,293.0,293.0,285.20001220703125,289.010009765625,363,297.1261999511719,322.9370993041992,294.12250061035155,3.9086345327839465,286.3052315447837,301.9397696759194,38.56994222212384
2024-08-04 19:00:00,296.5,296.5,291.8999938964844,291.9599914550781,237,296.5711999511719,322.3184602355957,294.04550018310545,3.936612301455122,286.1722755801952,301.9187247860157,47.259969736579805
2024-08-05 19:00:00,291.8999938964844,291.8999938964844,281.1000061035156,290.8800048828125,190,296.12960021972657,321.7355630493164,293.8385009765625,3.9911426302995165,285.85621571596346,301.82078623716154,50.693624737285106
2024-08-06 19:00:00,282.29998779296875,289.0,282.29998779296875,287.9599914550781,1626,295.5947998046875,321.180604095459,293.2625,3.9653092194841655,285.33188156103165,301.1931184389683,41.35982387579619
2024-08-07 19:00:00,294.0,294.0,284.989990234375,285.0,780,295.11419982910155,320.6765724182129,292.59299926757814,4.178659707573216,284.2356798524317,300.95031868272457,37.1194232099669
2024-08-08 19:00:00,292.0,292.0,284.5,289.9700012207031,500,294.8135998535156,320.3089476013184,292.2429992675781,4.0848546629978495,284.0732899415824,300.4127085935738,39.0049956809475
2024-08-11 19:00:00,283.010009765625,309.8999938964844,281.0199890136719,304.3399963378906,14208,294.86419982910155,320.0346662902832,292.45799865722654,4.597792401826971,283.2624138535726,301.6535834608805,59.71224933614667
2024-08-12 19:00:00,313.3299865722656,318.0,305.989990234375,306.07000732421875,8776,294.9438000488281,319.6343389892578,293.0384994506836,5.5069018216816,282.0246958073204,304.0523030940468,66.24852334213251
2024-08-14 19:00:00,305.0,318.0,305.0,313.1300048828125,4254,295.1979998779297,319.2330569458008,294.1804992675781,7.0570028767010315,280.06649351417605,308.2945050209802,68.56456405467357
2024-08-15 19:00:00,310.0,318.0,305.0,308.510009765625,4627,295.3735998535156,318.81954635620116,294.8559997558594,7.751949751016324,279.35210025382673,310.35989925789204,59.80248303788254
2024-08-18 19:00:00,306.0,309.0,306.0,308.0,1151,295.6326000976562,318.4147560119629,295.45599975585935,8.29082492169792,278.8743499124635,312.0376495992552,65.11768898698111
2024-08-19 19:00:00,313.8999938964844,313.8999938964844,302.5,306.7300109863281,215,295.7872003173828,318.04760025024416,295.81000061035155,8.623789587183245,278.5624214359851,313.05757978471803,66.82633002842672
2024-08-20 19:00:00,307.0,313.989990234375,303.5,309.8500061035156,675,296.0594006347656,317.69385025024417,296.59850158691404,9.161473450532569,278.2755546858489,314.9214484879792,72.4933256510514
2024-08-21 19:00:00,302.20001220703125,309.0,302.0,302.0199890136719,1057,296.17500061035156,317.3118002319336,297.21200103759764,9.089271409409182,279.0334582187793,315.390543856416,62.40239895516796
2024-08-22 19:00:00,302.20001220703125,325.0,302.20001220703125,324.80999755859375,4476,296.63000061035154,317.04530029296876,298.79700164794923,10.916574990430606,276.963851667088,320.63015162881044,72.89587563753952
2024-08-25 19:00:00,319.0,319.0,315.989990234375,315.989990234375,1057,297.01420043945313,316.75545028686525,299.6970016479492,11.569033462843539,276.5589347222621,322.8350685736363,64.29505862242121
2024-08-26 19:00:00,304.29998779296875,315.0,304.29998779296875,314.0,1374,297.41700073242185,316.4720503234863,300.74200134277345,11.881482927172746,276.97903548842794,324.50496719711896,63.60639662065324
2024-08-27 19:00:00,313.95001220703125,313.95001220703125,304.5,305.54998779296875,312,297.6340002441406,316.14980026245115,301.4910003662109,11.676901118908917,278.1371981283931,324.84480260402876,59.71930174825988
2024-08-28 19:00:00,310.0,311.8900146484375,306.1499938964844,306.17999267578125,731,297.9667999267578,315.8295501708984,302.4,11.272006140944288,279.8559877181114,324.94401228188855,62.012241642631544
2024-08-29 19:00:00,310.0,321.989990234375,306.0,309.1000061035156,373,298.3561999511719,315.540050201416,303.4529998779297,10.835149620629197,281.7827006366713,325.1232991191881,61.10788211453282
2024-09-01 19:00:00,303.0,314.0,303.0,306.19000244140625,194,298.7179998779297,315.27190017700195,304.31199951171874,10.297527784448535,283.7169439428217,324.9070550806158,51.23911905035417
2024-09-02 19:00:00,314.79998779296875,314.79998779296875,307.0,311.2699890136719,2416,299.2221997070312,314.9912501525879,305.2774993896484,9.978767473597905,285.3199644424526,325.23503433684425,53.33332029163839
2024-09-03 19:00:00,300.04998779296875,311.0,300.04998779296875,309.8800048828125,308,299.5817999267578,314.8414001464844,306.2274993896484,9.425009882141278,287.3774796253659,325.07751915393095,47.753353219892745
2024-09-04 19:00:00,306.0,310.0,306.0,309.0,206,299.58719970703123,314.7298001098633,307.27949981689454,8.396854767699706,290.48579028149516,324.07320935229393,50.35718766768199
2024-09-05 19:00:00,302.0,310.0,302.0,307.75,713,299.62219970703126,314.6132501220703,308.41699981689453,6.559859446256686,295.29728092438114,321.5367187094079,49.81970291477353
2024-09-08 19:00:00,304.1600036621094,310.0,304.1600036621094,306.0,635,299.6327996826172,314.48335006713864,309.2184997558594,4.975230494538553,299.2680387667823,319.1689607449365,49.477144611995
2024-09-09 19:00:00,305.25,325.0,305.25,313.5799865722656,4639,299.96379943847654,314.41625,309.6804992675781,4.92715008731641,299.8261990929453,319.53479944221095,52.51109430985174
2024-09-10 19:00:00,305.0,339.989990234375,305.0,322.4800109863281,16292,300.439599609375,314.39,310.5009994506836,5.612893000338299,299.275213450007,321.7267854513602,63.57845412764882
2024-09-11 19:00:00,315.0,348.0,315.0,334.1000061035156,12060,301.24839965820314,314.3847999572754,311.54949951171875,7.7003116365852,296.1488762385483,326.9501227848892,57.23859015191255
2024-09-12 19:00:00,335.0,340.0,330.0,331.3900146484375,5968,302.10400024414065,314.3717500305176,312.69349975585936,8.8402012316697,295.01309729251994,330.3739022191988,63.262164193617906
2024-09-15 19:00:00,331.3900146484375,338.95001220703125,330.0,332.2699890136719,1247,302.9282000732422,314.39205001831056,313.906999206543,9.778042996209244,294.3509132141245,333.4630851989615,66.040381815483
2024-09-17 19:00:00,320.010009765625,340.0,320.010009765625,330.04998779296875,1547,303.65919982910157,314.39239990234375,315.072998046875,10.255905170742029,294.5611877053909,335.5848083883591,74.15222215269388
2024-09-18 19:00:00,320.0,336.0,320.0,323.92999267578125,9034,304.2373999023437,314.3410498046875,315.7769973754883,10.361219788168835,295.05455779915064,336.49943695182594,65.78901648743029
2024-09-19 19:00:00,315.1499938964844,329.0,311.1199951171875,324.2699890136719,1577,304.73319946289064,314.30769973754883,316.8894973754883,9.994380361444167,296.90073665259996,336.87825809837665,64.14320230620493
2024-09-22 19:00:00,318.0,322.989990234375,315.0,315.2300109863281,2227,305.06999938964844,314.22624984741213,316.410498046875,9.822894584013563,296.76470887884784,336.0562872149021,57.56360518493137
2024-09-23 19:00:00,329.989990234375,330.0,312.0,323.239990234375,445,305.59539916992185,314.2026498413086,316.772998046875,9.93964129894706,296.89371544898086,336.6522806447691,59.54699173361412
2024-09-24 19:00:00,327.989990234375,327.989990234375,313.1499938964844,322.989990234375,236,306.0543988037109,314.1675997924805,317.2224975585938,10.010661136360357,297.20117528587303,337.2438198313145,60.649878921178775
2024-09-25 19:00:00,335.0,335.0,317.0,322.510009765625,188,306.6153991699219,314.1449998474121,318.07049865722655,9.682815964917804,298.70486672739094,337.43613058706217,61.0466323312173
2024-09-26 19:00:00,310.1600036621094,312.1499938964844,310.1000061035156,312.1000061035156,738,307.0515991210938,314.0654998779297,318.36649932861326,9.386137303404201,299.59422472180484,337.1387739354217,53.093451798351936
2024-09-29 19:00:00,324.8999938964844,324.8999938964844,301.1000061035156,304.9200134277344,2622,307.24999938964845,313.89024993896487,318.1574996948242,9.646265613784784,298.86496846725464,337.45003092239375,49.287042502654266
2024-09-30 19:00:00,304.0199890136719,308.8999938964844,303.0,304.0,1252,307.4099993896484,313.72524993896485,318.0479995727539,9.800462843811772,298.44707388513035,337.64892526037744,43.06601266737085
2024-10-01 19:00:00,309.8900146484375,309.8900146484375,300.20001220703125,308.67999267578125,126,307.59059936523437,313.5200498962402,317.9184997558594,9.911224602059603,298.0960505517402,337.7409489599786,39.36167059311758
2024-10-02 19:00:00,306.0,309.69000244140625,306.0,308.0199890136719,661,307.8693994140625,313.3201498413086,317.8254989624023,9.998961054646712,297.8275768531089,337.82342107169575,25.806990406479017
2024-10-03 19:00:00,314.95001220703125,314.95001220703125,308.0199890136719,310.0,848,308.2743994140625,313.1769998168945,317.87549896240233,9.954909456221205,297.96568004995993,337.78531787484474,29.88523031995004
2024-10-06 19:00:00,314.8999938964844,314.8999938964844,279.0,291.2699890136719,3547,308.2375994873047,312.94279983520505,317.05149841308594,11.412486503453461,294.226525406179,339.87647141999287,21.134874711131317
2024-10-07 19:00:00,263.1199951171875,274.95001220703125,262.1400146484375,262.1400146484375,45329,307.5205999755859,312.55099990844724,314.85849914550784,16.656913582729107,281.5446719800496,348.17232631096607,15.3272640923811
2024-10-09 19:00:00,269.0400085449219,269.0400085449219,250.0,260.1099853515625,2823,306.86079956054687,312.1501998901367,312.1849990844727,20.678511282903944,270.8279765186648,353.54202165028056,15.99529487978333
2024-10-10 19:00:00,266.8999938964844,267.0,250.02000427246094,264.9800109863281,2293,306.34899963378905,311.79119995117185,309.3099990844727,23.034787056415006,263.24042497164265,355.3795731973027,19.863789280099084
2024-10-13 19:00:00,264.9800109863281,267.0,258.0,259.32000732421875,3624,305.77539978027346,311.27759994506835,305.5709991455078,24.800551030877447,255.96989708375293,355.1721012072627,20.57059087916886
2024-10-14 19:00:00,257.0,264.8999938964844,250.0,253.1199951171875,7567,305.0769995117187,310.5972499084473,301.6574981689453,26.620585387841068,248.4163273932632,354.89866894462745,12.3739242871048
2024-10-15 19:00:00,253.5,264.0,253.5,257.2200012207031,5095,304.44119934082033,309.9203498840332,297.9049987792969,27.35766732453236,243.18966413023216,352.6203334283616,16.10844663012611
2024-10-16 19:00:00,260.0,260.0,255.14999389648438,258.9800109863281,1038,303.78159973144534,309.32934997558596,294.3514999389648,27.57735965299774,239.19678063296934,349.5062192449603,17.688973047641966
2024-10-17 19:00:00,259.9800109863281,259.9800109863281,245.11000061035156,249.9499969482422,8537,302.9629995727539,308.7469499969482,290.6525001525879,28.35179265662984,233.9489148393282,347.35608546584757,17.94081019002077
2024-10-20 19:00:00,253.5,253.5,250.0,252.4600067138672,757,302.2529998779297,308.1913999938965,287.06200103759767,28.417337285808788,230.2273264659801,343.89667560921527,21.569509848819763
2024-10-21 19:00:00,254.0,265.0,254.0,257.44000244140625,21465,301.7017999267578,307.7161000061035,284.17250061035156,28.34040993637417,227.49168073760322,340.8533204830999,25.83059086241535
2024-10-22 19:00:00,258.1000061035156,267.0,252.89999389648438,260.510009765625,11733,301.11260009765624,307.3476499938965,281.03600158691404,27.238991090410938,226.55801940609217,335.5139837677359,24.569778708351734
2024-10-23 19:00:00,262.8500061035156,286.55999755859375,260.0,275.79998779296875,58817,300.5417999267578,307.02664993286135,278.67650146484374,25.39500980543481,227.88648185397412,329.46652107571333,35.2661535936694
2024-10-24 19:00:00,275.79998779296875,277.8599853515625,261.0,261.760009765625,12473,299.6555999755859,306.6026499938965,275.6390014648438,23.433542147281226,228.7719171702813,322.50608575940623,30.131808728777543
2024-10-27 19:00:00,268.8999938964844,270.0,259.0,264.0400085449219,5200,298.6738000488281,306.1478500366211,273.2360015869141,21.91266236079805,229.41067686531798,317.06132630851016,37.02717037466963
2024-10-28 19:00:00,264.0400085449219,283.8999938964844,260.1099853515625,277.489990234375,19760,298.05339965820315,305.84580001831057,271.86450042724607,20.64707213536012,230.57035615652583,313.15864469796634,58.59749466788778
2024-10-29 19:00:00,277.0,277.0,270.0,270.0299987792969,330,297.29399963378904,305.51845001220704,270.16600036621094,19.21171131566387,231.74257773488318,308.5894229975387,55.23759881152256
2024-10-30 19:00:00,272.0,280.0,255.0,260.32000732421875,11743,296.36579956054686,305.12080001831055,267.7480010986328,17.02844176209013,233.69111757445256,301.80488462281306,47.65923011313642
2024-10-31 19:00:00,258.0,264.0,256.0,259.0899963378906,3508,295.35059936523436,304.7473500061035,265.30150146484374,14.221572891577361,236.858355681689,293.74464724799844,49.879081578302255
2024-11-03 19:00:00,259.0899963378906,262.489990234375,259.07000732421875,259.6000061035156,482,294.50219970703125,304.34240005493166,262.78150177001953,9.598116272198634,243.58526922562226,281.9777343144168,53.623357316473005
2024-11-04 19:00:00,259.6000061035156,263.70001220703125,254.0,257.2099914550781,7047,293.15019958496094,303.93975006103517,261.07850189208983,6.927430349101931,247.22364119388598,274.9333625902937,49.994293828183686
2024-11-05 19:00:00,268.8999938964844,268.8999938964844,253.00999450683594,254.75999450683594,13094,291.9255996704102,303.5209999847412,260.7095008850098,7.063136417427521,246.58322805015476,274.83577371986485,47.613112274162525
2024-11-06 19:00:00,260.0,268.0,254.00999450683594,254.97000122070312,28125,290.74499969482423,303.1157999420166,260.4525016784668,7.178665359943845,246.09517095857908,274.80983239835444,53.154062630084674
2024-11-07 19:00:00,257.9800109863281,263.5899963378906,254.50999450683594,254.99000549316406,12435,289.73380004882813,302.6907499694824,259.95300140380857,7.194595940540243,245.5638095227281,274.34219328488905,51.6409390978289
2024-11-10 19:00:00,258.3299865722656,260.0,255.0,259.70001220703125,8200,288.8042004394531,302.29919998168947,259.97200164794924,7.1933379487311795,245.58532575048687,274.3586775454116,51.47097790156429
2024-11-11 19:00:00,260.0,264.95001220703125,255.0,259.7099914550781,1916,287.8164001464844,301.89524993896487,260.30150146484374,7.011589501094622,246.2783224626545,274.324680467033,49.45768786155867
2024-11-12 19:00:00,260.0,260.0,257.0199890136719,257.6600036621094,773,286.8458001708984,301.48599990844724,260.32350158691406,7.002095724195477,246.31931013852312,274.327693035305,35.01322160355561
2024-11-13 19:00:00,256.010009765625,264.4200134277344,256.010009765625,256.4200134277344,107,285.74880065917966,301.06059997558594,260.19550170898435,7.051174293858824,246.0931531212667,274.297850296702,44.404862095251744
2024-11-14 19:00:00,262.8999938964844,262.989990234375,256.1600036621094,260.1099853515625,448,284.7534002685547,300.68114990234375,260.70350112915037,6.627446108706323,247.44860891173772,273.958393346563,46.00037890787569
2024-11-17 19:00:00,255.1999969482422,261.0,255.14999389648438,255.89999389648438,10769,283.6914001464844,300.264649810791,260.87550048828126,6.444355353497792,247.98678978128567,273.76421119527686,22.938052840073624
2024-11-18 19:00:00,255.00999450683594,259.7699890136719,255.0,256.42999267578125,6720,282.665,299.8812498474121,260.825,6.476571093343597,247.8718578133128,273.7781421866872,29.3688983289384
2024-11-19 19:00:00,261.989990234375,261.989990234375,255.0,257.1199951171875,3387,281.68739990234377,299.4818498229981,260.65549926757814,6.529393950209573,247.596711367159,273.71428716799727,43.3165915624024
2024-11-20 19:00:00,260.0,260.010009765625,256.0,256.7900085449219,4877,280.55160034179687,299.10579986572264,259.70500030517576,5.513353369031344,248.67829356711306,270.73170704323843,45.00869567520958
2024-11-21 19:00:00,259.9800109863281,259.9800109863281,251.0,253.41000366210938,1336,279.1702001953125,298.6603999328613,259.2875,5.663651559781256,247.9601968804375,270.6148031195625,38.05477393267744
2024-11-24 19:00:00,259.44000244140625,259.44000244140625,253.41000366210938,259.0,2117,277.6682000732422,298.2053999328613,259.0354995727539,5.552089532189201,247.9313205083755,270.1396786371323,53.07456750052942
2024-11-25 19:00:00,255.0,264.8999938964844,250.0,250.42999267578125,1435,276.04899963378904,297.7449998474121,257.68249969482423,3.8563864683756788,249.96972675807288,265.3952726315756,43.85465532527528
2024-11-26 19:00:00,251.52000427246094,256.9800109863281,251.5,252.88999938964844,1470,274.4613998413086,297.30964988708496,256.8254997253418,2.6987420252308203,251.42801567488016,262.2229837758034,47.225179488536554
2024-11-27 19:00:00,253.00999450683594,257.0,253.0,253.02999877929688,2541,272.92100006103516,296.8935498809814,256.4609992980957,2.6942237892023897,251.07255171969092,261.8494468765005,47.3936032277269
2024-11-28 19:00:00,260.0,260.0,252.0,256.010009765625,2067,271.562600402832,296.49604988098145,256.30699996948243,2.623130361335741,251.06073924681095,261.5532606921539,44.85641312726202
2024-12-01 19:00:00,250.3000030517578,258.75,250.3000030517578,252.66000366210938,2179,270.1304006958008,296.0839998626709,255.95999984741212,2.6236169883694984,250.71276587067314,261.2072338241511,41.00995305222784
2024-12-02 19:00:00,259.989990234375,270.0,259.0,264.9599914550781,21672,269.1250003051758,295.75119987487795,256.3474998474121,3.302456827482768,249.74258619244657,262.9524135023776,57.379694256323184
2024-12-03 19:00:00,273.9800109863281,289.0,266.0,279.6700134277344,35401,268.253600769043,295.49189994812014,257.593000793457,6.145654070865999,245.301692651725,269.884308935189,68.47290855394284
2024-12-04 19:00:00,279.6700134277344,283.0,266.5,273.69000244140625,16026,267.2676010131836,295.18534996032713,258.5290008544922,7.079710179269143,244.36958049595393,272.6884212130305,60.41092493203502
2024-12-05 19:00:00,273.79998779296875,280.0,266.0,272.79998779296875,2712,266.27340057373044,294.864349899292,259.41949996948244,7.7037258066646634,244.01204835615312,274.8269515828118,63.651033036358285
2024-12-08 19:00:00,272.0,274.0,268.0,270.510009765625,3535,265.44160064697263,294.5418999481201,259.9599998474121,8.093786937629853,243.7724259721524,276.14757372267184,61.058757092480775
2024-12-09 19:00:00,270.1099853515625,275.9800109863281,264.0,268.989990234375,3449,264.72300018310546,294.186849899292,260.42399978637695,8.340928435537489,243.74214291530197,277.1058566574519,59.202966103700064
2024-12-10 19:00:00,268.0,272.0,268.0,268.6400146484375,1594,264.0158004760742,293.8762999725342,260.97300033569337,8.5090844635354,243.95483140862257,277.9911692627642,59.184621534487775
2024-12-11 19:00:00,273.5899963378906,273.5899963378906,268.79998779296875,270.2099914550781,7355,263.2464004516602,293.59609992980955,261.66249923706056,8.6777695115004,244.30696021405976,279.01803826006136,63.3971168438503
2024-12-12 19:00:00,270.0,290.0,270.0,275.19000244140625,36384,262.58980072021484,293.3120499420166,262.41650009155273,9.176579709143944,244.06334067326486,280.7696595098406,63.03752249865573
2024-12-15 19:00:00,274.95001220703125,274.989990234375,271.79998779296875,274.5,1035,261.87980072021486,293.0179499053955,263.3465003967285,9.420668189793815,244.50516401714088,282.18783677631615,72.20069873459907
2024-12-16 19:00:00,272.0,277.989990234375,269.0,269.989990234375,16695,261.4542007446289,292.7178998565674,264.0245002746582,9.38457579777968,245.25534867909883,282.79365187021756,65.19728336177064
2024-12-17 19:00:00,270.0,270.010009765625,263.0,269.9200134277344,1724,261.6098007202148,292.32724998474123,264.66450119018555,9.325200310003721,246.0141005701781,283.31490181019296,65.02937703735647
2024-12-18 19:00:00,269.0,269.0,260.0,261.25,2637,261.6326010131836,291.9584999847412,264.88750076293945,9.179165377093655,246.52917000875215,283.24583151712676,54.23399306795339
2024-12-19 19:00:00,268.989990234375,268.989990234375,261.20001220703125,263.4599914550781,119,261.6022006225586,291.5757999420166,265.3900001525879,8.784373667194686,247.82125281819853,282.95874748697724,58.89034370214357
2024-12-22 19:00:00,264.0,271.79998779296875,264.0,265.8800048828125,228,261.7334005737305,291.1801999664307,265.7340003967285,8.654723301543562,248.4245537936414,283.0434469998156,50.90445648906354
2024-12-23 19:00:00,269.0,269.0,265.6600036621094,265.8800048828125,18,261.988600769043,290.80959999084473,266.5065010070801,7.870845584970601,250.7648098371389,282.2481921770213,30.926679290168607
2024-12-25 19:00:00,266.010009765625,271.0,266.010009765625,267.0,5029,262.1842007446289,290.4445999908447,267.21200103759764,7.188930867454726,252.8341393026882,281.5898627725071,39.309672196701484
2024-12-26 19:00:00,269.95001220703125,280.0,256.010009765625,265.75,14176,262.31960052490234,290.02334999084474,267.84800109863284,6.386054505308063,255.0758920880167,280.62011010924897,38.862565639384975
2024-12-29 19:00:00,264.9700012207031,269.0,262.1199951171875,268.7099914550781,336,262.6948004150391,289.60689994812014,268.48300018310545,5.746361148721226,256.990277885663,279.9757224805479,47.215316209359045
2024-12-30 19:00:00,269.70001220703125,269.70001220703125,265.20001220703125,269.20001220703125,267,263.0296005249023,289.1629000091553,269.31000061035155,4.376137180236823,260.55772624987793,278.0622749708252,50.33560581677736
2025-01-01 19:00:00,275.0,284.989990234375,275.0,275.05999755859375,2237,263.3820004272461,288.78319999694827,269.8150009155273,4.430161781969387,260.95467735158854,278.6753244794661,58.722805760526484
2025-01-02 19:00:00,283.95001220703125,283.95001220703125,271.1099853515625,271.95001220703125,407,263.61080047607425,288.5195500946045,269.4290008544922,3.8207013377317063,261.78759817902875,277.0704035299556,52.2691978588343
2025-01-05 19:00:00,277.0,281.989990234375,272.1000061035156,272.5400085449219,265,263.5456008911133,288.375650100708,269.37150115966796,3.7613933977414487,261.84871436418507,276.89428795515084,46.097208651356034
2025-01-06 19:00:00,279.0,279.0,273.0,272.5400085449219,56,263.7612008666992,288.2483501434326,269.35850219726564,3.7493512740915222,261.8597996490826,276.85720474544866,47.053528746273614
2025-01-07 19:00:00,279.989990234375,279.989990234375,257.1000061035156,267.010009765625,392,263.82060089111326,288.05845024108885,269.1835021972656,3.774373503786294,261.634755189693,276.73224920483824,45.65346670393827
2025-01-08 19:00:00,265.0,265.010009765625,262.0,262.4100036621094,3300,263.519001159668,287.8639502716064,268.85450286865233,4.067522431840818,260.7194580049707,276.98954773233396,40.32464540317647
2025-01-09 19:00:00,264.0,267.8999938964844,263.0,267.8999938964844,411,263.47640106201175,287.6540001678467,268.8175018310547,4.072938526567188,260.67162477792033,276.96337888418907,59.332021724625555
2025-01-12 19:00:00,270.0,270.0,251.0,260.6000061035156,5727,263.4820010375977,287.4270001983643,268.3370025634766,4.449472791590534,259.4380569802955,277.2359481466576,46.488227640911575
2025-01-13 19:00:00,267.5,282.0,265.1199951171875,265.3699951171875,3940,263.60760101318357,287.24360023498537,267.84600219726565,4.187552060987021,259.4708980752916,276.2211063192397,49.407928486604
2025-01-14 19:00:00,265.760009765625,282.0,265.75,275.0,15262,263.9156008911133,287.113500289917,267.8710021972656,4.230638565766026,259.4097250657336,276.33227932879765,58.6527548075364
2025-01-15 19:00:00,281.95001220703125,281.95001220703125,265.1000061035156,278.54998779296875,690,264.34240081787107,287.0026502227783,268.2990020751953,4.84471875209128,258.60956457101275,277.9884395793778,60.47523993937442
2025-01-16 19:00:00,283.92999267578125,289.0,270.0,284.3999938964844,4119,264.93520080566407,286.91465019226075,269.0230010986328,6.035358377079033,256.9522843444747,281.09371785279086,65.6119282803103
2025-01-19 19:00:00,290.0,300.0,275.04998779296875,277.0899963378906,1251,265.37760070800783,286.77160011291505,269.8150009155273,6.00086421831926,257.8132724788888,281.81672935216585,56.538709917076716
2025-01-20 19:00:00,294.0,294.0,271.1199951171875,272.1199951171875,2371,265.72020050048826,286.6311501312256,270.2480010986328,5.828126564673755,258.5917479692853,281.90425422798035,52.12951109512626
2025-01-21 19:00:00,284.0,284.0,265.010009765625,270.0,1663,265.92620025634767,286.4811501312256,270.45400085449216,5.737721542281541,258.97855776992907,281.92944393905526,46.096882326908414
2025-01-22 19:00:00,270.0,271.20001220703125,256.0,270.0899963378906,656,266.1338003540039,286.33160011291505,270.6645004272461,5.637433067288664,259.38963429266875,281.9393665618234,48.49513175158674
2025-01-23 19:00:00,270.0,279.0,260.1000061035156,274.989990234375,2646,266.4804000854492,286.2355001068115,271.06399993896486,5.647177598113348,259.76964474273814,282.3583551351916,51.85295973624965
2025-01-26 19:00:00,278.989990234375,278.989990234375,271.5,271.9700012207031,674,266.7913998413086,286.1013501739502,271.375,5.508698881051825,260.35760223789634,282.39239776210366,49.58772762388257
2025-01-27 19:00:00,270.0,274.8999938964844,268.0199890136719,270.3599853515625,1483,266.9963998413086,285.98655006408694,271.4574996948242,5.47896150397635,260.4995766868715,282.41542270277694,52.5686072631973
2025-01-28 19:00:00,270.0,270.0,264.54998779296875,270.3599853515625,23,267.28559967041014,285.92644996643065,271.51549835205077,5.459913124286482,260.5956721034778,282.43532460062374,56.558313490934594
2025-01-29 19:00:00,280.0,280.0,261.04998779296875,270.0,1408,267.5569998168945,285.8829499053955,271.2624984741211,5.403972500979983,260.45455347216114,282.0704434760811,51.89258110845796
2025-01-30 19:00:00,270.0,279.0,261.1000061035156,266.0299987792969,358,267.7351998901367,285.8081499481201,270.96649780273435,5.525107796089606,259.91628221055515,282.01671339491355,55.20613277935453
2025-02-02 19:00:00,265.0199890136719,267.0,265.0199890136719,266.0,510,267.9193997192383,285.7531499481201,270.6394973754883,5.619800922631623,259.3998955302251,281.8790992207515,50.66442231562957
2025-02-03 19:00:00,270.0,270.0,270.0,270.0,200,268.2511996459961,285.7293000030518,270.5124969482422,5.603267457512349,259.3059620332175,281.7190318632669,44.01627118445983
2025-02-05 19:00:00,270.0,270.0,265.5,265.5,720,268.3811996459961,285.6887999725342,270.43699645996094,5.662802079894307,259.1113923001723,281.76260061974955,34.729705408462934
2025-02-06 19:00:00,258.0,272.95001220703125,258.0,267.9800109863281,650,268.73220001220704,285.64424995422365,270.7154968261719,5.377008245084,259.9614803360039,281.4695133163399,29.141274109360893
2025-02-09 19:00:00,268.0,271.70001220703125,268.0,267.9800109863281,9,269.0340002441406,285.6342000579834,270.71949768066406,5.374832391915502,259.96983289683305,281.46916246449507,35.78784895268964
2025-02-10 19:00:00,262.010009765625,269.0,262.0,267.9700012207031,1802,269.3328002929687,285.61905006408693,271.08799743652344,4.8738152200491385,261.34036699642513,280.83562787662174,42.340357221311606
2025-02-11 19:00:00,267.6700134277344,267.6700134277344,266.79998779296875,267.9700012207031,17,269.57200012207034,285.6045500946045,271.2179977416992,4.746277042258246,261.7254436571827,280.7105518262157,45.935124789634045
2025-02-12 19:00:00,263.0,271.79998779296875,260.0,260.2799987792969,6234,269.7244000244141,285.5317000579834,270.48199768066405,5.244135209919201,259.99372726082566,280.97026810050244,34.940136087566785
2025-02-13 19:00:00,261.0,265.0,260.04998779296875,262.0,2398,269.6652001953125,285.4817000579834,269.6544982910156,5.209681489928597,259.23513531115844,280.0738612708728,27.900674106901803
2025-02-16 19:00:00,258.54998779296875,263.54998779296875,258.54998779296875,260.32000732421875,2605,269.2782000732422,285.4233000946045,268.4504989624023,4.330951254425221,259.78859645355186,277.1124014712528,29.23353602214236
2025-02-17 19:00:00,255.0,270.0,246.0,265.8699951171875,1567,269.12179992675783,285.3799001312256,267.8894989013672,3.853291828666144,260.1829152440349,275.59608255869944,42.98219505307904
2025-02-18 19:00:00,279.0,279.0,260.0,260.739990234375,4018,268.88059997558594,285.3086501312256,267.32049865722655,4.0317976323168185,259.2569033925929,275.3840939218602,37.042030734625286
2025-02-19 19:00:00,261.0,270.0,259.0,269.1400146484375,7889,268.8532000732422,285.27485023498537,267.2774993896484,4.006221366215166,259.2650566572181,275.28994212207874,49.04784687701885
2025-02-20 19:00:00,261.1400146484375,275.0,261.1400146484375,270.0,13193,268.8734002685547,285.2642002105713,267.2729995727539,4.002945287960583,259.26710899683275,275.2788901486751,54.720570145040085
2025-02-23 19:00:00,278.5,278.5,263.0,268.6300048828125,3315,268.8732000732422,285.2706502532959,266.95500030517576,3.5888342664297235,259.7773317723163,274.1326688380352,53.030656827523345
2025-02-24 19:00:00,265.0,273.5,262.25,264.1199951171875,2264,268.7514001464844,285.2410501861572,266.5625,3.4375694204515073,259.687361159097,273.437638840903,43.30295943875494
2025-02-25 19:00:00,265.0,270.0,263.0,268.20001220703125,10980,268.6116003417969,285.1306002044678,266.4545013427734,3.3446584588567507,259.76518442505994,273.1438182604869,53.10488687871731
2025-02-26 19:00:00,275.0,294.3800048828125,271.0,274.54998779296875,10512,268.61260009765624,284.94305015563964,266.66400146484375,3.7130945628528926,259.237812339138,274.0901905905495,56.93767260797968
2025-02-27 19:00:00,283.0,302.010009765625,272.0,302.010009765625,22352,269.25300048828126,284.77580024719236,268.264501953125,8.732678294572764,250.79914536397945,285.7298585422705,72.74427617153638
2025-03-02 19:00:00,324.8999938964844,324.8999938964844,280.5,291.57000732421875,62772,269.6860003662109,284.637250289917,269.54150238037107,10.142336251361554,249.25682987764796,289.82617488309415,63.84326628227321
2025-03-03 19:00:00,293.0,298.0,286.0,290.57000732421875,3753,270.2724005126953,284.53985038757327,270.770002746582,11.130669403772693,248.50866393903664,293.0313415541274,63.1029688458208
2025-03-04 19:00:00,297.1400146484375,309.0,286.17999267578125,288.2200012207031,5139,270.7676007080078,284.3912003326416,271.6810028076172,11.790396061466083,248.100210684685,295.26179493054934,67.26822868334608
2025-03-05 19:00:00,286.0,297.0,286.0,288.0400085449219,2275,271.21080078125,284.25180030822753,272.8080032348633,12.237270550902101,248.3334621330591,297.2825443366675,66.40625210298604
2025-03-06 19:00:00,286.0199890136719,295.989990234375,282.5,292.05999755859375,4163,271.7344006347656,284.12235023498533,274.0120025634766,12.903696958637136,248.2046086462023,299.81939648075087,69.42471572338603
2025-03-09 19:00:00,295.0,299.0,290.0,292.70001220703125,7804,272.24840087890624,284.00000022888185,275.24800262451174,13.467124429981801,248.31375376454815,302.18225148447533,67.46972486106341
2025-03-10 19:00:00,299.9700012207031,299.9700012207031,285.04998779296875,291.57000732421875,1714,272.7648010253906,283.85930030822755,276.4280029296875,13.825026670610411,248.7779495884667,304.07805627090835,71.17735990179375
2025-03-11 19:00:00,304.0,304.0,290.5299987792969,294.04998779296875,1368,273.27160095214845,283.764750289917,277.7320022583008,14.209863436972359,249.31227538435607,306.1517291322455,68.62567292017692
2025-03-12 19:00:00,294.79998779296875,300.0,291.1000061035156,295.04998779296875,7641,273.78860046386717,283.66650016784666,279.4705017089844,14.088772591934848,251.29295652511468,307.6480468928541,68.69122828110598
2025-03-13 19:00:00,294.989990234375,299.989990234375,294.989990234375,295.44000244140625,1059,274.1962005615234,283.59855018615724,281.1425018310547,13.88916955062256,253.36416272980958,308.9208409322998,70.30136730521077
2025-03-16 19:00:00,295.45001220703125,299.8999938964844,292.5,297.8500061035156,8418,274.7142004394531,283.5628002166748,283.01900177001954,13.456383666891604,256.1062344362363,309.93176910380276,76.38041510192332
2025-03-17 19:00:00,297.0,315.0,295.0199890136719,303.3900146484375,13645,275.3312005615234,283.570700302124,284.895002746582,13.55478767554606,257.7854273954899,312.00457809767414,76.90777990385962
2025-03-18 19:00:00,298.010009765625,306.70001220703125,294.1199951171875,296.29998779296875,6648,275.80640014648435,283.5417502593994,286.6730026245117,12.511671378059548,261.6496598683926,311.6963453806308,66.444864902282
2025-03-19 19:00:00,294.0,299.8900146484375,291.1499938964844,293.4800109863281,610,276.33580017089844,283.5070502471924,287.89000244140624,11.88454196615506,264.1209185090961,311.6590863737164,39.72042117031801
2025-03-20 19:00:00,291.25,296.0,291.25,295.739990234375,1429,277.00239990234377,283.4871001434326,289.177001953125,11.220393048968782,266.7362158551874,311.6177880510626,56.259356373144534
2025-03-24 19:00:00,298.0,298.0,286.0,295.0,2979,277.5444000244141,283.48685020446777,290.49550170898436,10.179976653928284,270.1355484011278,310.85545501684095,56.70195811195385
2025-03-25 19:00:00,295.0,324.5,295.0,310.0400085449219,76246,278.5332000732422,283.5420502471924,292.79150238037107,9.031799338832487,274.7279037027061,310.85510105803604,73.85222123180554
2025-03-26 19:00:00,315.0,317.8500061035156,305.1099853515625,308.6000061035156,5932,279.3978002929687,283.60385032653807,294.81150207519534,7.655249359337313,279.5010033565207,310.12200079387,71.87233782829122
2025-04-02 19:00:00,310.0,310.0,304.0,304.57000732421875,2945,279.9892004394531,283.6455004119873,296.3125030517578,6.295752107457188,283.7209988368434,308.9040072666722,63.30568726532435
2025-04-03 19:00:00,305.0,307.8599853515625,301.0,302.3500061035156,2463,280.46520080566404,283.64695045471194,296.32950286865236,6.312383309364032,283.7047362499243,308.95426948738043,59.93002122224825
2025-04-06 19:00:00,300.0,300.0,272.1499938964844,288.2200012207031,4393,280.5416009521484,283.60415046691895,296.16200256347656,6.4873462660553844,283.18731003136577,309.13669509558736,47.28039754610711
2025-04-07 19:00:00,290.0,298.5,290.0,292.489990234375,1371,280.84960083007815,283.597300491333,296.25800170898435,6.414032794168761,283.42993612064686,309.08606729732185,48.76932988449738
2025-04-08 19:00:00,292.489990234375,300.0,268.1000061035156,280.07000732421875,14518,281.00860107421875,283.52415046691897,295.85050201416016,7.166358200629102,281.51778561290195,310.18321841541837,39.986642437555226
2025-04-09 19:00:00,281.0,293.989990234375,281.0,287.6499938964844,4635,281.3616009521484,283.5147003936768,295.8310012817383,7.189224491221894,281.4525522992945,310.20945026418207,45.24941311605134
2025-04-10 19:00:00,280.54998779296875,289.8800048828125,280.54998779296875,286.5299987792969,979,281.6904010009766,283.49920036315916,295.55450134277345,7.4437298271909285,280.6670416883916,310.4419609971553,42.98636048731346
2025-04-13 19:00:00,284.010009765625,286.989990234375,284.0,285.010009765625,2296,281.89080139160154,283.48375038146975,295.1700012207031,7.789515722333351,279.5909697760364,310.74903266536984,38.01511393557713
2025-04-14 19:00:00,296.0,296.0,285.0,288.2699890136719,1460,282.21680114746096,283.4948003387451,295.00500030517577,7.903897289648879,279.197205725878,310.81279488447353,44.48866742489459
2025-04-15 19:00:00,297.0,300.0,281.010009765625,285.1600036621094,1120,282.5128015136719,283.46110038757325,294.5605010986328,8.204685997558942,278.1511291035149,310.9698730937507,44.31226446269957
2025-04-16 19:00:00,285.0,289.989990234375,284.0,287.8599853515625,2373,282.86280151367185,283.3567502593994,294.2010009765625,8.338537929869931,277.5239251168226,310.8780768363024,44.645273086676184
2025-04-17 19:00:00,297.989990234375,309.0,283.010009765625,293.6000061035156,8843,283.33480163574217,283.294750289917,294.10900115966797,8.334297786323084,277.4404055870218,310.7775967323141,49.10919112806793
2025-04-20 19:00:00,293.010009765625,297.0,290.010009765625,294.4800109863281,578,283.9038018798828,283.2398003387451,293.9405014038086,8.288624288042364,277.36325282772384,310.5177499798933,37.92299252645302
2025-04-21 19:00:00,297.989990234375,297.989990234375,282.1199951171875,286.7799987792969,1867,284.31940185546875,283.18855033874513,293.11000061035156,8.122449154543697,276.8651023012642,309.35489891943894,34.56421305331514
2025-04-22 19:00:00,282.7799987792969,315.4599914550781,282.0,315.4599914550781,81682,285.2286016845703,283.27240028381345,294.06800079345703,9.526970608729302,275.01405957599843,313.12194201091563,55.71173431086977
2025-04-23 19:00:00,317.0,334.989990234375,310.0,320.7799987792969,46615,286.3342016601562,283.4080002593994,295.4330001831055,11.240015097198095,272.9529699887093,317.9130303775017,59.36198591657593
2025-04-24 19:00:00,335.0,335.0,315.0,322.80999755859375,14057,287.43080139160156,283.57900032043455,296.78650054931643,12.800467355568978,271.1855658381785,322.38743526045437,70.03360718932969
2025-04-27 19:00:00,325.0,328.0,295.1000061035156,298.7799987792969,5793,288.04680114746094,283.6176003265381,296.9755004882812,12.80060721697134,271.37428605433854,322.5767149222239,52.96446996926379
2025-04-28 19:00:00,300.0,325.0,293.5,316.6300048828125,13547,289.02000122070314,283.7332503509522,297.3050003051758,13.232142140668655,270.84071602383847,323.7692845865131,66.39168362848446
2025-04-29 19:00:00,305.0,334.989990234375,284.9700012207031,301.3299865722656,91506,289.68720092773435,283.7648003387451,296.9414993286133,13.003406084668013,270.9346871592773,322.9483114979493,55.73632748916374
2025-05-01 19:00:00,305.8999938964844,322.0,305.8999938964844,317.6199951171875,40605,290.83400085449216,283.85550025939943,297.59399871826173,13.714329369451189,270.1653399793594,325.0226574571641,61.56535804286084
2025-05-04 19:00:00,325.0,349.3800048828125,301.0,349.3800048828125,90662,292.58160095214845,284.1104502105713,299.94549865722655,17.950448696912364,264.04460126340183,335.8463960510513,69.54752067187965
2025-05-05 19:00:00,384.0,384.32000732421875,379.989990234375,384.32000732421875,33988,295.0616009521484,284.5472002410889,304.75049896240233,25.794698990292904,253.16110098181653,356.33989694298816,74.46136479898553
2025-05-06 19:00:00,380.0,422.75,364.0,422.5400085449219,211624,298.19500122070315,285.15970024108884,311.2529998779297,36.64937821996289,237.9542434380039,384.5517563178555,79.67939146299204
2025-05-07 19:00:00,440.0,458.0,380.2900085449219,380.2900085449219,82680,300.58600158691405,285.5888503265381,316.26399993896484,38.94117605821113,238.3816478225426,394.14635205538707,67.05413397121535
2025-05-08 19:00:00,355.0,363.989990234375,342.260009765625,342.260009765625,40163,302.0484014892578,285.8487003326416,318.9945007324219,38.74328950831864,241.50792171578462,396.4810797490592,58.02228865489535
2025-05-11 19:00:00,373.989990234375,376.489990234375,330.0,376.3599853515625,150219,304.17560119628905,286.2555002593994,323.48600006103516,39.969192590720446,243.54761487959428,403.42438524247603,62.166414106901115
2025-05-12 19:00:00,378.989990234375,378.989990234375,355.0199890136719,356.9200134277344,26408,305.9414013671875,286.5601003265381,327.0815002441406,39.55813161464213,247.96523701485637,406.19776347342486,60.07064332290374
2025-05-13 19:00:00,351.1099853515625,392.6099853515625,351.1099853515625,390.6099853515625,84027,308.471201171875,287.01490028381346,332.19850006103513,40.870740424129245,250.45701921277663,413.93998090929364,60.636942730185275
2025-05-14 19:00:00,400.0,412.79998779296875,373.0199890136719,375.6000061035156,77473,310.6192010498047,287.4225003814697,336.72050018310546,40.3928289067554,255.93484236959466,417.50615799661625,57.55221471516923
2025-05-15 19:00:00,376.0,386.0,367.0,369.1499938964844,7648,312.511201171875,287.8195003509521,340.7850006103516,39.292392991625604,262.20021462710037,419.3697865936028,56.307164911160825
2025-05-18 19:00:00,370.010009765625,373.0,355.0,360.20001220703125,13025,313.6750012207031,288.1549504852295,344.11500091552733,37.87979027980494,268.35542035591743,419.87458147513723,58.71750089162663
2025-05-19 19:00:00,363.0,363.0,351.2300109863281,354.3299865722656,7225,314.9302008056641,288.43665046691893,347.10749969482424,36.07324744914066,274.9610047965429,419.2539945931056,55.53922809619163
2025-05-20 19:00:00,357.0,382.1000061035156,357.0,366.8599853515625,9719,316.45600036621096,288.8054503631592,351.1114990234375,33.36750511898751,284.37648878546247,417.8465092614125,59.707286887981304
2025-05-21 19:00:00,371.0,371.0,357.0,358.1000061035156,5445,317.85360046386717,289.1431003570557,353.2434997558594,32.31532002357717,288.61285970870506,417.8741398030137,56.13333669951561
2025-05-22 19:00:00,360.0,363.45001220703125,331.1000061035156,355.4100036621094,4632,319.20100036621096,289.48015037536624,354.975,31.39910427645416,292.1767914470917,417.77320855290833,51.00189425457447
2025-05-25 19:00:00,355.4100036621094,355.4100036621094,342.1000061035156,344.3299865722656,11298,320.24640014648435,289.7616002655029,356.0509994506836,30.59733792202112,294.85632360664135,417.24567529472586,42.78340619539957
2025-05-26 19:00:00,344.3500061035156,370.79998779296875,340.1000061035156,361.92999267578125,16893,321.63099975585936,290.12620018005373,359.2084991455078,27.4752938084525,304.2579115286028,414.1590867624128,38.182874903119014
2025-05-28 19:00:00,355.0,380.0,355.0,376.7099914550781,21384,323.33379943847655,290.5499501800537,362.2124984741211,25.80884940787824,310.59479965836465,413.83019728987756,49.218268331411046
2025-05-29 19:00:00,376.7099914550781,395.79998779296875,376.7099914550781,389.3299865722656,13401,325.2393994140625,291.042200088501,366.6124984741211,22.120858640284332,322.37078119355243,410.85421575468973,61.56113284918745
2025-06-01 19:00:00,394.0,394.95001220703125,370.0,370.8299865722656,14208,326.75499938964845,291.4565500640869,369.272998046875,18.88088982881845,331.5112183892381,407.0347777045119,48.52902044501419
2025-06-02 19:00:00,375.0,376.1000061035156,360.0,365.1700134277344,5687,328.149599609375,291.8574001312256,370.06249847412107,18.32730074750236,333.40789697911634,406.7170999691258,52.36810459128611
2025-06-03 19:00:00,371.0,372.0,361.1099853515625,367.1199951171875,3251,329.5349993896484,292.243150100708,369.2024978637695,18.024104981790515,333.1542879001885,405.25070782735054,41.75500235657054
2025-06-04 19:00:00,374.79998779296875,374.79998779296875,361.0,364.04998779296875,4598,330.7481988525391,292.5417000579834,366.2779968261719,12.94340522080063,340.39118638457063,392.16480726777314,45.57504400157978
2025-06-09 19:00:00,369.79998779296875,392.9700012207031,368.0,380.739990234375,38221,332.4369989013672,292.9150499725342,366.30049591064454,12.969408727835813,340.3616784549729,392.2393133663162,54.117228721437876
2025-06-10 19:00:00,389.7900085449219,396.0,378.1000061035156,380.6700134277344,24153,334.1807989501953,293.2527500152588,368.22099609375,12.032144081501944,344.1567079307461,392.28528425675387,57.76143425944461
2025-06-11 19:00:00,381.0,387.0,361.1199951171875,365.44000244140625,12151,335.5747991943359,293.5373999786377,367.6749969482422,11.89030080399486,343.8943953402525,391.4555985562319,53.93330730237522
2025-06-12 19:00:00,372.8999938964844,372.8999938964844,356.0,359.8599853515625,9161,336.8719989013672,293.7966999053955,367.8219955444336,11.767883087732622,344.28622936896835,391.35776171989886,47.393505490574505
2025-06-16 19:00:00,366.0,366.0,356.010009765625,361.6400146484375,14001,337.9039990234375,294.07124992370603,366.37349700927734,10.533504997678037,345.30648701392124,387.44050700463345,51.39041949557543
2025-06-17 19:00:00,360.0,362.0,357.1000061035156,360.2099914550781,7017,338.93619873046873,294.32304985046386,365.60399627685547,10.385104531042026,344.8337872147714,386.37420533893953,51.904151977685665
2025-06-18 19:00:00,357.0,365.739990234375,352.0,357.79998779296875,1708,340.00079833984375,294.6019498443604,365.0364959716797,10.490709783983114,344.0550764037135,386.0179155396459,55.738262877533714
2025-06-19 19:00:00,350.1099853515625,361.8999938964844,350.1099853515625,359.80999755859375,15906,341.14999816894533,294.77694984436033,365.0169952392578,10.500531185933317,344.0159328673912,386.01805761112445,48.95854072167545
2025-06-22 19:00:00,350.0,358.8800048828125,340.0,340.19000244140625,3685,342.18939819335935,294.89794990539554,364.3099960327148,11.66897011674349,340.97205579922786,387.6479362662018,32.873766538579886
2025-06-23 19:00:00,355.0,361.29998779296875,350.510009765625,359.3299865722656,7500,343.5261981201172,295.1245998382568,363.93349609375,11.703790237945487,340.525915617859,387.341076569641,36.7420911632283
2025-06-24 19:00:00,356.0,360.0,350.0,359.1600036621094,18270,345.107998046875,295.3926499176025,363.9864959716797,11.678355727652502,340.6297845163747,387.3432074269847,43.845594762860294
2025-06-25 19:00:00,363.989990234375,368.8999938964844,355.0,362.1099853515625,21290,346.5971978759766,295.6722998809814,364.32149505615234,11.51433075407295,341.29283354800646,387.35015656429823,48.33874708285439
2025-06-26 19:00:00,370.0,371.9800109863281,360.0,368.6700134277344,17978,348.2399981689453,295.97014991760255,365.53849639892576,10.534763996482203,344.46896840596133,386.6080243918902,50.80137393716304
2025-06-29 19:00:00,370.0,387.8999938964844,363.5,377.9100036621094,33785,350.097998046875,296.328749923706,366.3374969482422,10.84801376934199,344.6414694095582,388.0335244869261,56.73600850505151
2025-06-30 19:00:00,381.0,381.0,373.0,379.9100036621094,4972,351.93079833984376,296.67194999694823,366.49749755859375,11.031106601821381,344.43528435495097,388.55971076223653,49.529432893708275
2025-07-01 19:00:00,375.0199890136719,380.0,375.0,379.6300048828125,3311,353.8201983642578,297.0206999969482,366.0124984741211,10.152667930872179,345.70716261237675,386.3178343358655,49.41176023831314
2025-07-02 19:00:00,388.0,388.0,375.0,378.8599853515625,8388,355.6401983642578,297.3699999237061,366.41399841308595,10.505843836563978,345.402310739958,387.4256860862139,59.0749062681087
2025-07-03 19:00:00,385.0,395.0,380.0,389.8999938964844,13015,357.5661981201172,297.7807498931885,367.65049743652344,11.735120989554684,344.1802554574141,391.1207394156328,68.91686886790241
2025-07-06 19:00:00,400.0,409.0,386.0,392.5299987792969,20525,359.5271978759766,298.21339988708496,368.9209976196289,12.983740779993006,342.9535160596429,394.88847917961493,69.24608871275953
2025-07-07 19:00:00,381.1099853515625,395.0,381.0,381.5199890136719,7829,361.42199768066405,298.55309989929196,369.79449768066405,13.224221733108878,343.34605421444627,396.24294114688183,61.86128993901921
2025-07-08 19:00:00,380.8800048828125,419.6700134277344,375.1600036621094,391.54998779296875,98825,362.94379760742186,298.8984497833252,370.3349975585937,13.898836583088404,342.5373243924169,398.13267072477055,67.31657043218146
2025-07-09 19:00:00,404.79998779296875,410.0,389.25,391.0400085449219,15709,364.3489978027344,299.18314979553224,370.85349731445314,14.485716369285925,341.88206457588126,399.824930053025,66.27410992500529
2025-07-10 19:00:00,397.8999938964844,399.0,382.04998779296875,384.2099914550781,10992,365.5769976806641,299.4472496795654,371.79199676513673,14.72262487413576,342.3467470168652,401.23724651340825,76.46704369598828
2025-07-13 19:00:00,388.1000061035156,393.0,384.0,386.7799987792969,7924,367.33699768066407,299.7197997283936,373.13799743652345,14.804677305644734,343.528642825234,402.7473520478129,70.6112037367176
2025-07-14 19:00:00,387.0,389.8900146484375,381.1000061035156,385.0199890136719,6534,368.7047973632813,299.99464973449705,374.30699615478517,14.772018156564357,344.7629598416564,403.8510324679139,68.96448003781347
2025-07-15 19:00:00,381.010009765625,388.989990234375,379.0,380.05999755859375,7535,370.27939758300784,300.27529975891116,375.29949645996095,14.438086027245346,346.4233244054703,404.1756685144516,62.78671888722897
2025-07-16 19:00:00,382.75,388.0,376.0,382.510009765625,17110,371.57719787597654,300.5664998626709,376.5349975585938,13.909363892003261,348.71626977458726,404.3537253426003,60.472144648043624
2025-07-17 19:00:00,380.0,380.0,370.0,373.260009765625,6122,372.0547979736328,300.8566498565674,377.20749816894534,13.372974420840668,350.461549327264,403.9534470106267,46.48207757617959
2025-07-20 19:00:00,370.0,379.3999938964844,362.6099853515625,375.94000244140625,6609,371.88719787597654,301.12014991760253,378.9949981689453,10.17039274413621,358.65421268067286,399.33578365721775,47.02710929690789
2025-07-21 19:00:00,376.0,379.239990234375,368.0,371.1499938964844,1397,370.8593975830078,301.3609499359131,379.58599853515625,9.271196666954788,361.0436052012467,398.1283918690658,44.0516246700675
2025-07-22 19:00:00,367.25,408.2699890136719,362.0,386.07000732421875,73581,370.97499755859377,301.67874992370605,380.9314987182617,8.018926144401062,364.8936464294596,396.96935100706384,54.21983930681596
2025-07-23 19:00:00,395.2699890136719,411.0,387.57000732421875,403.75,45510,372.2047973632813,302.1369998931885,383.0134994506836,8.276474103122435,366.4605512444387,399.56644765692846,57.521451293043874
2025-07-24 19:00:00,410.0,444.1300048828125,405.0199890136719,444.1300048828125,460777,373.56019775390627,302.83304985046385,386.7864990234375,15.46861266435693,355.84927369472365,417.72372435215135,69.8736677947965
2025-07-27 19:00:00,484.44000244140625,488.5400085449219,480.0,488.5400085449219,53797,376.19259765625,303.75574989318847,392.3179992675781,27.347006194711778,337.62398687815454,447.01201165700166,82.78397216061495
2025-07-28 19:00:00,500.0,501.0,439.69000244140625,442.6099853515625,87787,377.23259765625,304.42539985656737,395.45299835205077,29.3688676309776,336.71526309009556,454.190733614006,62.821409993860314
2025-07-29 19:00:00,446.989990234375,486.8699951171875,439.8999938964844,486.8699951171875,173250,379.45799743652344,305.31964988708495,400.8149978637695,35.481467907499606,329.85206204877034,471.7779336787687,69.72865161910728
2025-07-30 19:00:00,490.0,526.6500244140625,461.0,486.4200134277344,186022,381.80339782714844,306.20174995422366,406.1929992675781,39.85994881150189,326.47310164457434,485.91289689058186,71.6097931866415
2025-07-31 19:00:00,493.0,494.0,465.0,469.8699951171875,41202,383.9967974853516,307.0947499847412,410.1914993286133,42.08827351844291,326.01495229172747,494.36804636549914,66.58681193064359
2025-08-03 19:00:00,467.989990234375,467.989990234375,450.0,456.3800048828125,15278,386.0377978515625,308.06594993591307,413.3839996337891,43.08781783337965,327.20836396702975,499.5596353005484,63.60793368445225
2025-08-04 19:00:00,456.0,502.0199890136719,455.0,468.6300048828125,224183,388.0731982421875,309.1085500335693,417.73950042724607,44.08845119526474,329.5625980367166,505.9164028177755,66.4328899911105
2025-08-05 19:00:00,468.6300048828125,488.0,468.6300048828125,474.4800109863281,33622,390.40079833984373,310.15605003356933,421.88600158691406,45.376648629634644,331.1327043276448,512.6392988461834,66.85110960437422
2025-08-06 19:00:00,474.8999938964844,487.8999938964844,468.0,480.92999267578125,40275,392.9111981201172,311.26409996032714,426.38050079345703,46.59595177293738,333.18859724758227,519.5724043393318,69.93223966166157
2025-08-07 19:00:00,478.0,500.0,465.0,470.8500061035156,66870,395.4415985107422,312.3527500152588,430.7125015258789,46.49636779738311,337.7197659311127,523.7052371206452,67.10151655272477
2025-08-10 19:00:00,482.0,488.0,473.6000061035156,475.4200134277344,33644,397.7113989257812,313.44375007629395,435.1445022583008,46.31254028291344,342.51942169247394,527.7695828241277,68.80297403006784
2025-08-11 19:00:00,480.989990234375,500.0,475.0,482.0,72424,399.8171990966797,314.55885002136233,439.9935028076172,45.86300600457552,348.26749079846616,531.7195148167682,67.83549534979412
2025-08-12 19:00:00,484.9800109863281,494.989990234375,475.0,478.3699951171875,44949,401.59799926757813,315.70095001220704,444.90900268554685,44.34457090444751,356.21986087665186,533.5981444944418,64.63825990420392
2025-08-14 19:00:00,489.5,489.5,475.5,479.3900146484375,14137,403.7691998291016,316.8356000518799,449.7530029296875,42.419209592472114,364.91458374474325,534.5914221146318,58.180216817517596
2025-08-17 19:00:00,484.0,484.0,465.010009765625,471.29998779296875,30305,405.89179931640626,317.9048999786377,454.6550018310547,38.60794859220756,377.4391046466395,531.8708990154698,45.18972749954998
2025-08-18 19:00:00,469.0,484.0,469.0,472.510009765625,25149,407.999599609375,318.9648999786377,459.48350219726564,34.01034057859871,391.4628210400682,527.5041833544631,61.116900351787145
2025-08-19 19:00:00,479.510009765625,479.510009765625,473.0,475.3699951171875,12493,410.2259997558594,319.9627500152588,464.69450225830076,27.031992347296242,410.6305175637083,518.7584869528932,43.822519398068096
2025-08-20 19:00:00,477.989990234375,478.0,465.0,472.2799987792969,19137,412.05679992675783,321.01534996032717,469.0050018310547,19.719031706660633,429.5669384177334,508.443065244376,42.61386859591769
2025-08-21 19:00:00,470.0,477.0,465.0,468.9200134277344,6582,413.8217999267578,322.0397499847412,472.2635025024414,12.391421999165145,447.4806585041111,497.0463465007717,49.42446279928249
2025-08-24 19:00:00,460.0,474.0,460.0,469.9800109863281,4231,415.91260009765625,323.00220008850096,473.5560028076172,10.507413293979194,452.5411762196588,494.5708293955756,59.70043146888796
2025-08-25 19:00:00,469.010009765625,469.010009765625,461.0,462.0299987792969,6720,417.95600036621096,323.962200088501,472.2305023193359,10.18486560001237,451.8607711193112,492.60023351936064,44.984799189290094
2025-08-26 19:00:00,469.9800109863281,469.9800109863281,456.0,457.0199890136719,15442,419.8635998535156,324.94569999694824,472.9510025024414,8.317706344465542,456.3155898135103,489.58641519137245,36.56094822442814
2025-08-27 19:00:00,464.79998779296875,464.79998779296875,456.0,457.57000732421875,6599,421.81080017089846,325.93810005187987,471.48600311279296,8.31742853370436,454.8511460453842,488.1208601802017,30.223533545533456
2025-08-28 19:00:00,457.5,467.9800109863281,455.0,461.8599853515625,2253,423.8920001220703,326.9493999481201,470.25800170898435,7.793008120475033,454.6719854680343,485.8440179499344,41.561843152284695
2025-08-31 19:00:00,455.0,464.989990234375,453.0,454.4700012207031,14527,425.7852001953125,327.93569999694824,469.48800201416014,8.55674850768663,452.3745049987869,486.6014990295334,31.32465486153656
2025-09-01 19:00:00,454.4700012207031,462.0,448.0,451.5799865722656,10572,428.0129998779297,328.9197999572754,469.2480010986328,8.999609274953634,451.24878254872556,487.24721964854007,20.97330005911317
2025-09-02 19:00:00,457.989990234375,457.989990234375,445.0,450.7900085449219,10486,429.84220031738283,329.89889999389646,468.35600128173826,9.902866866290811,448.5502675491566,488.1617350143199,22.175170552893718
2025-09-03 19:00:00,455.8999938964844,457.0,451.17999267578125,452.0199890136719,2533,431.69940002441405,330.884049911499,467.23300018310545,10.431248206756065,446.3705037695933,488.0954965966176,22.503484351536585
2025-09-04 19:00:00,455.0,460.0,451.0,456.2699890136719,26643,433.58260009765627,331.8668997955322,466.0,10.181464234976719,445.63707153004657,486.36292846995343,33.638132851572024
2025-09-07 19:00:00,459.7699890136719,462.0,450.0,457.75,21025,435.36419982910155,332.85709983825683,465.3449996948242,10.2739873318221,444.79702503118,485.8929743584684,34.02594657436519
2025-09-08 19:00:00,460.0,460.0,451.0,454.0899963378906,10590,436.8877996826172,333.83924980163573,464.278498840332,10.280185887086615,443.7181270661588,484.83887061450525,27.361688726994117
2025-09-09 19:00:00,457.0,464.989990234375,453.0,454.5,24869,438.379599609375,334.8296497344971,462.903498840332,9.601856048116767,443.6997867440985,482.10721093656554,29.941326620197103
2025-09-10 19:00:00,459.0,478.8999938964844,454.54998779296875,466.7200012207031,78870,440.1213995361328,335.86269981384277,462.3209991455078,8.945108093414118,444.4307829586796,480.21121533233605,47.931541453527544
2025-09-11 19:00:00,468.0,483.8999938964844,466.0,476.489990234375,55523,442.0739996337891,336.9656497955322,462.1759979248047,8.673227798386664,444.8295423280313,479.52245352157803,55.25931565459951
2025-09-14 19:00:00,478.0,484.0,472.0199890136719,476.9800109863281,10641,443.81559997558594,338.068399887085,462.45999908447266,9.071561134286824,444.31687681589904,480.6031213530463,63.733248409643174
2025-09-15 19:00:00,480.0,480.0,462.0,464.0899963378906,31238,445.24679992675783,339.1032498931885,462.03899841308595,8.771006519381721,444.4969853743225,479.5810114518494,55.67325276940542
2025-09-16 19:00:00,459.0,470.0,440.0,460.3999938964844,14747,446.82440002441405,340.1212998199463,461.2904983520508,8.193214033419478,444.90407028521184,477.67692641888976,52.16194603819245
2025-09-17 19:00:00,464.8900146484375,483.0,459.0,478.2699890136719,101242,448.5588000488281,341.2455997467041,461.58999786376955,8.709300389112903,444.17139708554373,479.0085986419954,60.38213584434993
2025-09-18 19:00:00,478.2699890136719,484.0,465.1000061035156,470.8399963378906,38606,450.1547998046875,342.30479972839356,461.68599700927734,8.804410912995905,444.07717518328553,479.29481883526915,60.35158315469983
2025-09-21 19:00:00,466.010009765625,474.0,466.010009765625,471.0,9896,451.8905999755859,343.40764976501464,461.73699645996095,8.857774889752358,444.0214466804562,479.4525462394657,62.71942255654487
2025-09-23 19:00:00,470.0,485.0,465.1000061035156,472.4100036621094,39483,453.6032000732422,344.50524978637696,462.25599670410156,9.174287155048898,443.9074223940038,480.60457101419934,64.04625061364266
2025-09-24 19:00:00,475.0,479.989990234375,467.0,467.82000732421875,29178,455.25920043945314,345.5791998291016,462.7959976196289,9.167717299345659,444.46056302093757,481.13143221832024,59.8356641350615
2025-09-25 19:00:00,470.20001220703125,485.0,461.6000061035156,479.5899963378906,51569,457.2498004150391,346.6970997619629,463.8969970703125,9.807025386524533,444.28294629726344,483.5110478433616,63.27413490127302
2025-09-28 19:00:00,494.8999938964844,517.0,481.0,503.80999755859375,55158,459.6758001708984,347.9528497314453,465.99449768066404,13.235290159930273,439.52391736080347,492.4650780005246,70.82654659076923
2025-09-29 19:00:00,508.95001220703125,532.0,485.25,498.54998779296875,45580,462.1815997314453,349.1207997131348,468.19849700927733,14.793631033087458,438.61123494310243,497.78575907545223,69.81635864811891
2025-09-30 19:00:00,500.0,515.0,483.04998779296875,489.3699951171875,37350,464.45019958496096,350.169299621582,470.08799743652344,14.971608339956857,440.14478075660975,500.0312141164371,64.4150440669242
2025-10-01 19:00:00,469.8999938964844,469.989990234375,440.5,444.55999755859375,121111,465.9183996582031,351.02364959716795,469.77649688720703,15.451380146291442,438.8737365946241,500.67925717978994,42.78363865154211
2025-10-02 19:00:00,451.989990234375,452.1199951171875,442.0,443.94000244140625,49666,467.0757995605469,351.87934967041014,469.37249755859375,16.034706411428758,437.3030847357362,501.4419103814513,38.72844916865552
2025-10-05 19:00:00,444.010009765625,445.5,412.5,424.260009765625,30232,467.4859997558594,352.64809967041015,467.7719985961914,18.77477769220359,430.2224432117842,505.3215539805986,33.88555888607658
2025-10-07 19:00:00,416.6700134277344,418.9800109863281,401.1499938964844,407.07000732421875,16807,466.7447998046875,353.3384997558594,465.23799896240234,23.11666233885203,419.0046742846983,511.4713236401064,33.0176323205706
2025-10-08 19:00:00,413.1199951171875,413.1199951171875,403.1099853515625,408.7699890136719,9344,465.1493994140625,354.03914962768556,462.9719985961914,26.27274403950549,410.4265105171804,515.5174866752023,34.4384775092616
2025-10-09 19:00:00,412.0,434.0,408.0,408.5199890136719,23153,464.4675994873047,354.7306996154785,460.672998046875,28.93042745767122,402.8121431315326,518.5338529622175,26.4787146676656
2025-10-12 19:00:00,408.0,408.0,373.010009765625,395.0400085449219,9165,462.63099975585936,355.32994964599607,457.08899841308596,32.37660381791907,392.33579077724784,521.8422060489241,25.44063822735366
2025-10-13 19:00:00,400.0,410.0,400.0,407.239990234375,6825,461.0473992919922,355.993649597168,453.6264984130859,33.86147634781494,385.90354571745604,521.3494511087158,30.83672794766443
2025-10-14 19:00:00,409.989990234375,420.0,407.0,408.1300048828125,12293,459.8125994873047,356.68434967041014,450.18399810791016,34.847729092845064,380.48853992222,519.8794562936002,30.619867385392965
2025-10-15 19:00:00,411.510009765625,411.510009765625,402.010009765625,403.6199951171875,2076,458.7573992919922,357.35284957885744,447.160498046875,36.17568154597815,374.8091349549187,519.5118611388313,30.63464283781161
2025-10-16 19:00:00,405.0,405.0,390.0,391.3500061035156,10322,457.21179931640626,358.003349609375,443.70799865722654,38.089956191613815,367.5280862739989,519.8879110404541,23.46324508453185
2025-10-19 19:00:00,391.5,398.0,391.0,393.1499938964844,10866,455.5851989746094,358.65179962158203,439.4519989013672,38.77421856449208,361.903561772383,517.0004360303514,11.533629923703884
2025-10-20 19:00:00,398.0,398.0,388.0,388.6499938964844,2374,453.7395989990234,359.2656495666504,435.3424987792969,39.618734261263896,356.10503025676906,514.5799673018247,11.594894083174296
2025-10-21 19:00:00,386.010009765625,398.0,386.0,396.5899963378906,3761,452.25439880371096,359.9191995239258,431.6219985961914,39.58780687132515,352.44638485354113,510.7976123388417,17.29411974798458
2025-10-22 19:00:00,396.54998779296875,397.0,382.0,386.1499938964844,24712,450.46899841308596,360.5149494934082,427.30899810791016,39.609074581371395,348.09084894516735,506.52714727065296,22.8249575828997
2025-10-23 19:00:00,389.9800109863281,390.0,381.1099853515625,384.9200134277344,2982,448.52739868164065,361.11079956054687,423.16399841308595,39.484014553361284,344.1959693063634,502.1320275198085,22.696137270465044
2025-10-26 19:00:00,400.0,400.0,379.0,386.510009765625,4366,446.69019897460936,361.6997996520996,418.50999908447267,37.93844609273411,342.6331068990045,494.38689126994086,29.025430769909022
2025-10-27 19:00:00,388.9100036621094,395.0,382.1000061035156,383.010009765625,5235,444.7625988769531,362.26884963989255,412.4699996948242,32.92872350052698,346.6125526937702,478.32744669587817,34.23327611115289
2025-10-28 19:00:00,390.0,390.0,380.0,380.0,2022,442.93659912109376,362.7935496520996,406.5425003051758,26.698656919727355,353.14518646572105,459.93981414463053,31.46501368592868
2025-10-29 19:00:00,389.0,389.0,380.0,383.6700134277344,3349,441.15979919433596,363.35214965820313,401.25750122070315,18.70502296414748,363.8474552924082,438.6675471489981,34.666182081131666
2025-10-30 19:00:00,389.79998779296875,410.0,370.9800109863281,385.29998779296875,24573,439.35839904785155,363.9159495544434,398.29450073242185,15.979639027489986,366.3352226774419,430.2537787874018,42.96037432798872
2025-11-02 19:00:00,385.0,397.8599853515625,380.0,380.8299865722656,11239,437.52939880371093,364.45739944458006,395.13899993896484,12.298870570662244,370.54125879764035,419.73674108028933,28.510975157343125
2025-11-03 19:00:00,381.0,386.0,372.0,375.05999755859375,17011,435.65219848632813,364.9976493835449,392.67899932861326,11.021708703549699,370.63558192151385,414.72241673571267,25.071589602024375
2025-11-04 19:00:00,379.94000244140625,379.94000244140625,363.6000061035156,364.5400085449219,8655,433.5433984375,365.508299407959,390.55249938964846,12.144621602648902,366.26325618435067,414.84174259494625,22.988649762596324
2025-11-05 19:00:00,370.95001220703125,370.95001220703125,349.5,355.05999755859375,7876,431.40399841308596,365.94409942626953,387.8669998168945,13.738052115201624,360.3908955864913,415.34310404729774,23.910833330042422
2025-11-06 19:00:00,360.0,366.3999938964844,350.0,359.2699890136719,19160,429.4489984130859,366.4374493408203,385.40449981689454,14.245797869062395,356.91290407876977,413.8960955550193,26.459127797304816
2025-11-09 19:00:00,355.1000061035156,366.989990234375,355.1000061035156,360.0899963378906,5363,427.49939819335935,366.91104934692385,383.656999206543,15.118511260380147,353.4199766857827,413.8940217273033,29.086108059451206
2025-11-10 19:00:00,360.0899963378906,365.0,350.0,350.6300048828125,23096,425.27479858398436,367.2891993713379,380.82649993896484,15.756717261036112,349.31306541689264,412.33993446103705,17.077349865884344
2025-11-11 19:00:00,350.6300048828125,359.5899963378906,350.6300048828125,358.17999267578125,1524,423.34899841308595,367.68734939575194,378.3289993286133,15.148113242021678,348.03277284456993,408.62522581265665,29.098770584331618
2025-11-12 19:00:00,360.0,360.0,345.0,353.8599853515625,10032,421.39459838867185,368.03464935302736,375.840998840332,14.859228232255518,346.122542375821,405.559455304843,27.81425598766043
2025-11-13 19:00:00,346.04998779296875,357.8999938964844,346.04998779296875,355.54998779296875,3784,419.4897979736328,368.42694931030275,374.0509979248047,15.047731717490771,343.95553448982315,404.1464613597862,27.917237692400107
2025-11-16 19:00:00,357.0,391.1099853515625,350.1000061035156,391.1099853515625,64672,418.27159790039065,369.02189926147463,373.9489974975586,14.917809367447989,344.1133787626626,403.7846162324546,53.96435870949085
2025-11-17 19:00:00,391.2900085449219,430.2200012207031,386.0,420.79998779296875,122772,417.56219787597655,369.7758992004394,375.55649719238284,17.999261068617844,339.55797505514715,411.5550193296185,65.83359151533412
2025-11-18 19:00:00,422.0,430.79998779296875,410.0,426.5199890136719,21515,416.93759765625,370.55804916381834,377.05299682617186,20.85737755447044,335.33824171723097,418.76775193511276,66.36870302228817
2025-11-19 19:00:00,426.0,434.0,420.04998779296875,424.1000061035156,7136,416.3377978515625,371.30359924316406,378.95049743652345,23.31052317761031,332.3294510813028,425.5715437917441,64.73269648419692
2025-11-20 19:00:00,425.0,425.0,401.0,407.739990234375,2765,415.40259765625,371.9824491882324,380.0914962768555,24.161073012051123,331.7693502527532,428.41364230095775,59.371737831493704
2025-11-23 19:00:00,408.0,408.0,396.010009765625,400.0299987792969,875,414.06879760742186,372.6307992553711,380.7674957275391,24.536330307555072,331.69483511242896,429.8401563426492,58.580167954713765
2025-11-24 19:00:00,400.0,408.989990234375,392.1000061035156,394.45001220703125,3748,412.427998046875,373.2512493896484,381.33949584960936,24.7239893087825,331.89151723204435,430.7874744671744,60.63883068830968
2025-11-25 19:00:00,399.9800109863281,399.9800109863281,381.0,389.3900146484375,6061,410.6761981201172,373.84819946289065,381.8089965820312,24.786292141677706,332.2364122986758,431.38158086538664,62.60742795585743
2025-11-26 19:00:00,389.5,408.989990234375,389.0,389.6499938964844,3011,409.18739807128907,374.46629943847654,382.1079956054688,24.845920062599085,332.4161554802706,431.7998357306669,61.49017250517553
2025-11-27 19:00:00,375.20001220703125,395.0,375.20001220703125,386.3800048828125,8003,407.7069982910156,375.0681994628906,382.16199645996096,24.85439499277335,332.4532064744143,431.87078644550763,59.762354865782655
2025-11-30 19:00:00,389.0,425.0199890136719,381.0,411.2799987792969,38161,406.3671984863281,375.7745994567871,383.6844970703125,25.687188804862693,332.3101194605871,435.0588746800379,70.20455061631952
2025-12-01 19:00:00,441.0,441.0,418.0,418.0199890136719,13401,405.31079833984376,376.53719940185545,385.8324966430664,26.704097534106474,332.4243015748535,439.24069171127934,70.04287958655696
2025-12-02 19:00:00,418.0199890136719,421.989990234375,403.0,405.95001220703125,59245,404.0097985839844,377.227049407959,387.9029968261719,26.571326690727737,334.7603434447164,441.0456502076274,66.58602102474447
2025-12-03 19:00:00,409.8800048828125,440.0,405.0,413.239990234375,38010,402.8263983154297,377.9533493041992,390.81199645996094,25.964274744035674,338.8834469718896,442.74054594803226,67.73659349798538
2025-12-04 19:00:00,410.010009765625,434.989990234375,390.0,420.7799987792969,741738,401.88559814453123,378.7173992919922,393.8874969482422,25.67277542342747,342.5419461013872,445.23304779509715,61.02074022585429
2025-12-07 19:00:00,423.8999938964844,426.0,410.0,413.79998779296875,53900,400.56979797363283,379.4465492248535,396.57299652099607,24.743669733704635,347.08565705358683,446.0603359884053,46.872204598313054
2025-12-08 19:00:00,414.0,416.989990234375,410.010009765625,413.3699951171875,5595,398.7609979248047,380.21199920654294,399.70999603271486,22.48660420920352,354.7367876143078,444.6832044511219,43.83265782006204
2025-12-09 19:00:00,408.25,413.3699951171875,403.0,404.5799865722656,6612,396.8815979003906,380.9248991394043,402.0299957275391,20.259666524135863,361.51066267926734,442.5493287758108,41.36128808149695
2025-12-10 19:00:00,410.0,415.0,404.0,405.3599853515625,3756,395.20139770507814,381.650099029541,404.60499572753906,16.79090307747958,371.0231895725799,438.18680188249823,48.778230354681035
2025-12-11 19:00:00,402.1400146484375,409.8900146484375,402.1199951171875,404.5400085449219,1996,394.4009979248047,382.3434490966797,407.0544967651367,12.205183131505548,382.6441305021256,431.4648630281478,52.491445896390495
2025-12-14 19:00:00,412.5,412.5,390.0,399.0799865722656,18091,393.50379760742186,383.03514907836916,407.4529968261719,11.779895301169644,383.89320622383264,431.01278742851116,52.561112017062044
2025-12-15 19:00:00,410.0,410.0,390.0,391.7799987792969,26322,392.8541973876953,383.6483489990234,406.00199737548826,11.836485619553008,382.32902613638225,429.67496861459426,51.29007144935075
2025-12-16 19:00:00,397.8999938964844,397.8999938964844,385.0,388.0,10594,392.4727972412109,384.23834899902346,404.0759979248047,11.44975268769394,381.1764925494168,426.9755033001926,49.1419682534443
2025-12-17 19:00:00,398.0,403.0,386.0,389.5199890136719,11010,392.0877972412109,384.84279891967776,402.3469970703125,10.862701777814632,380.62159351468324,424.0724006259418,51.66312837079659
2025-12-18 19:00:00,398.0,398.0,386.0,388.0799865722656,1281,391.67899719238284,385.4625988769531,401.363996887207,11.232249000194628,378.89949888681775,423.82849488759626,33.648131259249055
2025-12-21 19:00:00,394.0,399.7699890136719,386.0,393.6000061035156,19894,391.6501971435547,386.08959884643554,401.042497253418,11.363694951564204,378.31510735028957,423.7698871565464,32.487096119030866
2025-12-22 19:00:00,399.0,399.0,385.0,385.6099853515625,5647,391.21759704589846,386.6448988342285,400.60049591064455,11.797260959681621,377.00597399128134,424.19501783000777,34.506381538450086
2025-12-23 19:00:00,380.0199890136719,394.8900146484375,380.0199890136719,382.2900085449219,1882,390.70079711914065,387.046298828125,400.24549560546876,12.250479066834904,375.74453747179894,424.7464537391386,24.906782105925217
2025-12-25 19:00:00,393.0,399.0,384.05999755859375,385.5,1721,390.33839721679686,387.5159487915039,400.03799591064455,12.472526379989226,375.0929431506661,424.983048670623,19.23613443276099
2025-12-28 19:00:00,383.010009765625,389.989990234375,381.1000061035156,386.8999938964844,1451,390.24939697265626,387.9975987243652,400.0639953613281,12.443064502956602,375.17786635541495,424.9501243672413,24.014678630788453
2025-12-29 19:00:00,380.2099914550781,388.989990234375,380.1499938964844,385.5400085449219,4782,390.097197265625,388.4841987609863,398.77699584960936,12.552599512237864,373.67179682513364,423.8821948740851,23.59081286615755
2025-12-30 19:00:00,387.0,390.010009765625,380.260009765625,381.6199951171875,4756,389.95659729003904,388.95209869384763,396.95699615478514,12.250905973405184,372.45518420797475,421.45880810159554,25.99330553011714
2026-01-01 19:00:00,384.9800109863281,396.0,380.0,393.4800109863281,24529,389.8943975830078,389.45919876098634,396.33349609375,12.085331012252658,372.1628340692447,420.5041581182553,39.91513107275257
2026-01-04 19:00:00,389.989990234375,390.0,382.1000061035156,383.8299865722656,3308,389.8479974365234,389.9148486328125,394.86299591064454,11.703148650313263,371.456698610018,418.2692932112711,34.71134705309326
2026-01-05 19:00:00,387.8999938964844,394.0,382.3299865722656,384.1099853515625,2529,389.831796875,390.3775485229492,393.0294952392578,10.205807898719671,372.61787944181845,413.4411110366972,38.03357566869092
2026-01-06 19:00:00,384.510009765625,390.0,380.0,380.3399963378906,28031,389.7083966064453,390.80899856567385,391.3564956665039,9.326372489601775,372.7037506873004,410.00924064570745,40.308371182977176
2026-01-07 19:00:00,380.3399963378906,384.0,377.0,382.3800048828125,15957,389.69579650878904,391.245648651123,389.80699615478517,7.949205542791493,373.90858506920216,405.7054072403682,45.09428051436585
2026-01-08 19:00:00,383.0,383.0899963378906,379.989990234375,380.0299987792969,3926,389.696396484375,391.6685986328125,388.5794967651367,7.426201278839919,373.72709420745684,403.43189932281655,41.834466822466716
2026-01-11 19:00:00,386.5,386.5,371.1000061035156,380.94000244140625,4683,389.64179626464846,392.08404861450197,387.3584976196289,6.467656947008678,374.4231837256115,400.2938115136463,43.79994943774668
2026-01-12 19:00:00,381.0,383.94000244140625,370.0,376.6700134277344,14762,389.46919677734377,392.45044860839846,385.96499786376955,5.50111800384569,374.96276185607815,396.96723387146096,34.972494639244744
2026-01-13 19:00:00,373.0,375.260009765625,365.0,370.5199890136719,11479,389.2629968261719,392.821548614502,384.53699798583983,5.623004362161192,373.29098926151744,395.7830067101622,36.153431280029615
2026-01-14 19:00:00,370.5199890136719,380.0,370.0,371.6099853515625,9616,389.1939965820313,393.21219848632813,383.52849731445315,6.048272942488039,371.43195142947707,395.62504319942923,39.78184561714542
2026-01-15 19:00:00,373.0,381.8699951171875,366.25,368.0899963378906,9667,389.26499633789064,393.5739485168457,382.53299713134766,6.857892379913621,368.81721237152044,396.2487818911749,33.44113455415169
2026-01-18 19:00:00,367.0,379.8999938964844,365.989990234375,368.5299987792969,16395,389.5343963623047,393.9415985107422,381.4834976196289,7.322711579940941,366.838074459747,396.1289207795108,32.20308214844502
2026-01-19 19:00:00,366.5299987792969,371.0,366.0,369.989990234375,12655,389.74879638671877,394.2413484191895,380.57899780273436,7.577823044962179,365.42335171281,395.7346438926587,34.9642211120521
2026-01-20 19:00:00,369.9100036621094,369.9100036621094,364.25,364.7900085449219,3551,389.84279663085937,394.5222984313965,379.1384979248047,7.709493008665166,363.7195119074744,394.55748394213504,34.11966410520296
2026-01-21 19:00:00,363.010009765625,370.0,362.0,366.9800109863281,3789,390.1697967529297,394.834348449707,378.20699920654295,8.006195707531017,362.1946077914809,394.219390621605,19.413670914611373
2026-01-22 19:00:00,366.0899963378906,375.0,366.0899963378906,370.0,7029,390.40619689941406,395.17259841918946,377.5924987792969,8.146732892637615,361.2990329940217,393.8859645645721,31.152906574883744
2026-01-25 19:00:00,374.79998779296875,407.0,374.79998779296875,406.8399963378906,162472,391.46579711914063,395.76569839477537,378.6594985961914,10.339331255364835,357.9808360854617,399.33816110692106,65.5153723250238
2026-01-26 19:00:00,410.0,415.0,384.0,387.82000732421875,70108,392.11119750976565,396.2423484802246,378.70549926757815,10.379890683639642,357.94571790029886,399.46528063485744,54.22599636478622
2026-01-27 19:00:00,385.5,399.8999938964844,380.0,381.9700012207031,13031,391.92839782714844,396.75184844970704,378.52699890136716,10.28644915924008,357.954100582887,399.0998972198473,49.777920155725326
2026-01-28 19:00:00,390.0,390.0,361.1000061035156,374.489990234375,38350,391.00219787597655,397.1860484313965,378.1704986572266,10.297160197973454,357.57617826127967,398.7648190531735,47.15721975512643
2026-01-29 19:00:00,384.0,384.0,365.010009765625,373.70001220703125,2386,389.94579833984375,397.62189849853513,377.1814987182617,9.680801180613807,357.8198963570341,396.5431010794893,46.280315335938134
2026-02-01 19:00:00,378.0,380.0,375.010009765625,379.8999938964844,752,389.0617980957031,398.09634841918944,376.98499908447263,9.578088760126873,357.8288215642189,396.14117660472635,51.62719519147217
2026-02-02 19:00:00,384.989990234375,389.0,362.0,377.1000061035156,7041,388.4489984130859,398.54049850463866,376.63450012207034,9.430763513478047,357.77297309511425,395.4960271490264,53.43066933804473
2026-02-03 19:00:00,377.0,382.989990234375,377.0,377.0,1448,387.9883984375,398.9996984863281,376.4675003051758,9.391182363972252,357.6851355772313,395.24986503312033,52.83954253493882
2026-02-05 19:00:00,377.0,380.0,366.0,369.8800048828125,4110,387.49699829101564,399.40979858398435,375.8425003051758,9.392933242976905,357.056633819222,394.6283667911296,50.90854229573792
2026-02-08 19:00:00,370.0,371.0,364.07000732421875,365.1400146484375,2387,387.01199829101563,399.76749862670897,375.09800109863284,9.630650569992065,355.8366999586487,394.359302238617,48.35133390226708
2026-02-09 19:00:00,377.989990234375,377.989990234375,362.0,363.80999755859375,1274,386.4951983642578,400.1141485595703,374.2415008544922,9.843131103495002,354.55523864750216,393.9277630614822,46.99065212790998
2026-02-10 19:00:00,372.989990234375,372.989990234375,365.0,365.95001220703125,1510,386.0865985107422,400.509998626709,373.705500793457,9.994636871988236,353.71622704948055,393.6947745374335,50.58221445207878
2026-02-11 19:00:00,368.0,369.8999938964844,362.07000732421875,363.8999938964844,7796,385.1389984130859,400.752198638916,373.37450103759767,10.212922210031891,352.94865661753386,393.8003454576615,48.45194124720838
2026-02-12 19:00:00,371.44000244140625,371.44000244140625,369.9800109863281,363.8999938964844,2,384.05659851074216,400.96779861450193,372.98900146484374,10.426313858502386,352.13637374783895,393.84162918184853,46.838064148929334
2026-02-15 19:00:00,364.0,367.989990234375,363.8900146484375,364.0,3173,383.21759826660156,401.17374862670897,372.78450164794924,10.56662542716662,351.651250793616,393.9177525022825,14.132622687355806
2026-02-16 19:00:00,361.010009765625,364.989990234375,360.0,360.0299987792969,6624,382.1533984375,401.479998626709,372.35950164794923,10.912045334375712,350.5354109791978,394.18359231670064,18.894112165558667
2026-02-17 19:00:00,366.0,366.0,355.0,364.010009765625,1154,381.01799865722654,401.7168986511231,372.06050262451174,11.061296574432673,349.9379094756464,394.1830957733771,29.018710547312565
2026-02-18 19:00:00,359.0,363.0,343.0,348.3399963378906,932,379.708798828125,401.9519486999512,371.23800201416014,12.184903397874848,346.86819521841045,395.60780880990984,24.357733620374404
2026-02-19 19:00:00,349.0,349.0,337.2699890136719,338.2300109863281,2536,378.2059991455078,402.05499877929685,369.80050201416014,14.236784092431481,341.32693382929716,398.27407019902313,20.59361241226391
2026-02-22 19:00:00,340.0,344.8999938964844,317.0,318.75,7775,376.4893994140625,401.9018487548828,367.23800201416014,18.246586178252052,330.74482965765606,403.73117437066423,8.452271896936168
2026-02-23 19:00:00,315.0,315.0,301.4700012207031,307.45001220703125,16307,374.53119995117186,401.5174987792969,362.2685028076172,20.31098686287188,321.64652908187344,402.890476533361,7.577082946860642
2026-02-24 19:00:00,318.0,318.0,290.0,298.2900085449219,18051,372.40619995117186,400.89624877929685,357.79200286865233,23.927274539100527,309.9374537904513,405.6465519468534,6.823947328332437
2026-02-25 19:00:00,304.0,304.0,280.5,297.2699890136719,21353,370.37,400.4811486816406,353.55700225830077,26.751693329461514,300.05361559937774,407.0603889172238,7.313375585457933
2026-02-26 19:00:00,292.0,310.0,292.0,308.9100036621094,2860,368.71260009765626,400.31439865112304,350.2780029296875,28.039010972476603,294.1999809847343,406.3560248746407,19.423628311916843
2026-03-01 19:00:00,280.0,302.0,278.0199890136719,278.1000061035156,1505,366.51460021972656,399.82309875488284,345.49800262451174,31.740428510754548,282.01714560300263,408.97885964602085,14.708090256372103
2026-03-02 19:00:00,255.0,290.0,255.0,273.4100036621094,7014,364.1924005126953,399.4055487060547,340.17350311279296,34.47945072892645,271.21460165494005,409.13240457064586,12.679482663598662
2026-03-03 19:00:00,280.0,280.0,265.010009765625,270.0,422,361.83080078125,398.80249877929685,334.81850280761716,36.68862671859362,261.44124937042994,408.1957562448044,12.54190565071633
2026-03-04 19:00:00,275.0,277.989990234375,270.0,276.8999938964844,12202,359.4968005371094,398.3089987182617,329.8135025024414,37.4512494960074,254.9110035104266,404.7160014944562,17.105275911199982
2026-03-05 19:00:00,278.79998779296875,278.79998779296875,270.0,270.2200012207031,539,357.1890008544922,397.8143487548828,324.83050231933595,38.45625036662856,247.91800158607884,401.74300305259305,16.222455980680863
2026-03-08 19:00:00,265.0,265.0,246.10000610351562,259.6499938964844,1384,354.73620056152345,397.3115986633301,319.5560012817383,39.84576535850442,239.86447056472946,399.24753199874715,15.486186718330927
2026-03-09 19:00:00,278.5,278.5,268.5,269.69000244140625,2832,352.42000061035156,396.8883987426758,314.8500015258789,39.90204341352649,235.04591469882592,394.65408835293186,18.867183297614005
2026-03-10 19:00:00,260.1000061035156,284.3999938964844,260.1000061035156,270.0,5743,350.0820007324219,396.40409881591796,310.05250091552733,39.19672355134806,231.65905381283122,388.4459480182235,21.22392683494975
2026-03-11 19:00:00,270.0,279.989990234375,261.0,277.0,7555,347.91120056152346,395.9985987854004,305.70750122070314,37.70146896170081,230.3045632973015,381.11043914410476,26.98293645503827
2026-03-12 19:00:00,281.989990234375,293.0,276.0,290.04998779296875,4585,346.0798004150391,395.6717987060547,302.01500091552737,35.23807362885253,231.5388536578223,372.49114817323243,38.663292648056526
2026-03-15 19:00:00,290.0,290.0,280.0,281.8500061035156,952,343.8472003173828,395.3593988037109,297.9075012207031,32.29776809771613,233.31196502527087,362.5030374161354,39.633947268457035
2026-03-16 19:00:00,288.989990234375,288.989990234375,279.0,279.989990234375,1523,341.770400390625,394.9496987915039,293.905500793457,28.98391841441646,235.93766396462408,351.8733376222899,42.12428358699413
2026-03-17 19:00:00,289.989990234375,289.989990234375,280.1000061035156,281.8699951171875,6191,339.7256005859375,394.47549880981444,289.79850006103516,23.901271849830028,241.9959563613751,337.60104376069523,43.421055719346775
2026-03-18 19:00:00,281.0,282.0,277.0,280.2799987792969,6313,337.72440063476563,393.9302488708496,286.39550018310547,19.582527176412558,247.23044583028036,325.5605545359306,36.6202413795464
2026-03-23 19:00:00,281.0,293.989990234375,281.0,286.04998779296875,1951,335.79780029296876,393.5063488769531,283.7864990234375,15.326614569817767,253.13326988380197,314.439728163073,54.850508520904455
2026-03-24 19:00:00,290.0,305.0,276.1099853515625,290.0899963378906,3374,333.99900024414063,393.1309487915039,282.353498840332,13.057393663972308,256.2387115123874,308.4682861682766,60.258299618849286
2026-03-25 19:00:00,299.0,299.0,287.0,289.9700012207031,11104,332.1796002197266,392.7451988220215,281.4794982910156,11.815052047381084,257.84939419625346,305.10960238577775,62.79964525897698
2026-03-26 19:00:00,285.0,294.989990234375,280.0,290.3299865722656,281,330.4527996826172,392.376598815918,281.0814971923828,11.34363589974519,258.39422539289245,303.7687689918732,59.395549308091454
2026-03-29 19:00:00,280.010009765625,297.95001220703125,280.010009765625,282.92999267578125,1433,328.70099975585936,391.887548828125,280.36449737548827,10.701577174587685,258.9613430263129,301.76765172466366,58.80315583755122
2026-03-30 19:00:00,297.8500061035156,297.8500061035156,283.010009765625,284.3399963378906,1098,326.9555999755859,391.4058987426758,279.13599700927733,8.419043970898258,262.2979090674808,295.97408495107385,69.58592326977399
2026-03-31 19:00:00,284.3399963378906,299.989990234375,280.0,287.4700012207031,1722,325.3432000732422,391.01604873657226,279.60449676513673,8.616746958864352,262.371002847408,296.83799068286544,65.8410637873252
2026-04-01 19:00:00,281.010009765625,284.9800109863281,279.0,280.010009765625,2508,323.57280029296874,390.6167988586426,279.9344970703125,8.492513504538596,262.9494700612353,296.9195240793897,57.910555027662156
2026-04-02 19:00:00,285.0,285.0,266.0199890136719,272.92999267578125,1155,321.63160034179685,390.1732487487793,280.08099670410155,8.335947942147232,263.40910081980707,296.75289258839604,46.78768043193831
2026-04-05 19:00:00,279.989990234375,280.0,252.5,278.1499938964844,5211,319.89880004882815,389.7629487609863,280.14349670410155,8.315503598290741,263.51248950752006,296.77450390068304,39.283144586399345
2026-04-06 19:00:00,283.989990234375,290.0,280.0,281.95001220703125,10425,318.19820007324216,389.38369888305664,280.729997253418,7.985883860178204,264.7582295330616,296.7017649737744,50.09781499742404
2026-04-07 19:00:00,299.0,303.0,271.05999755859375,300.0,2168,316.7982000732422,389.0846488952637,282.74749755859375,7.459620401778646,267.8282567550365,297.666738362151,64.8640695969467
2026-04-08 19:00:00,300.0,304.9800109863281,295.0,296.1700134277344,1484,314.58480041503907,388.8645489501953,284.07149810791014,7.369492586489346,269.33251293493146,298.81048328088883,60.323435312717145
2026-04-09 19:00:00,308.0,324.0,296.0,314.8699951171875,2323,313.12580017089846,388.6422489929199,286.3149978637695,9.408153056071075,267.49869175162735,305.1313039759117,70.0243200852528
2026-04-12 19:00:00,313.0,313.0,284.0,288.9200134277344,8416,311.2648004150391,388.29104904174807,286.91099853515624,9.161320634181468,268.5883572667933,305.23363980351917,51.34679811618682
2026-04-13 19:00:00,290.0,300.0,286.0,291.04998779296875,3379,309.59600036621094,387.9357490539551,286.96099853515625,9.182059446777394,268.59687964160145,305.32511742871105,50.45871185044742
2026-04-14 19:00:00,291.0199890136719,310.0,291.0199890136719,302.6199951171875,22774,308.17440002441407,387.60549896240235,287.99949798583987,9.731680241510887,268.53613750281806,307.46285846886167,55.44835943938475
2026-04-15 19:00:00,310.0,315.0,300.0199890136719,313.7200012207031,4334,306.8508001708984,387.2845489501953,289.6859985351563,11.097445880434128,267.491106774288,311.8808902960245,59.22101346402423
2026-04-16 19:00:00,321.0,344.0,302.2300109863281,323.2099914550781,15474,305.7729998779297,387.00104888916013,291.7529983520508,13.213293193476073,265.32641196509866,318.1795847390029,65.62209651483542
2026-04-19 19:00:00,322.0,339.989990234375,312.010009765625,336.1700134277344,11018,304.9564001464844,386.78374893188476,294.54749908447263,16.225853388448844,262.0957923075749,326.99920586137034,68.44878902957254
2026-04-20 19:00:00,350.0,350.0,327.0,329.989990234375,19908,304.1585998535156,386.53939895629884,296.74449920654297,17.90282884956472,260.93884150741354,332.5501569056724,64.81326375018791
2026-04-21 19:00:00,329.0,345.0,296.989990234375,318.8800048828125,4962,303.2333996582031,386.18429901123045,298.1839996337891,18.48750546640066,261.2089887009878,335.1590105665904,63.20581627739833
2026-04-22 19:00:00,329.0,329.0,316.010009765625,322.4700012207031,566,302.40659973144534,385.8339990234375,299.8089996337891,19.14418547453292,261.52062868472325,338.0973705828549,67.23970684596031
2026-04-23 19:00:00,310.0,329.989990234375,310.0,316.260009765625,872,301.41279968261716,385.50769912719727,301.10550079345705,19.345423303145477,262.4146541871661,339.796347399748,63.171365317700804
2026-04-26 19:00:00,323.989990234375,325.0,315.5,324.3599853515625,1378,300.62199951171874,385.17174911499023,303.17700042724607,19.51418161080673,264.1486372056326,342.20536364885953,64.2344092303797
2026-04-27 19:00:00,329.94000244140625,329.94000244140625,310.0,313.9700012207031,2102,299.62339965820314,384.78639907836913,304.6585006713867,19.129780693777917,266.3989392838309,342.91806205894255,54.94303676775635
2026-04-29 19:00:00,308.0,331.4800109863281,282.0,314.9599914550781,27319,298.64259948730466,384.44014907836913,306.03300018310546,18.81476589682562,268.40346838945425,343.66253197675667,56.78485963932505
