Date,Open,High,Low,Close,Volume,SMA_50,SMA_200,SMA_20,STD_20,BBL_20_2.0,BBU_20_2.0,RSI_14
2007-12-31 19:00:00,1.6875229692200095,1.891189694404602,1.6875229692200095,1.891189694404602,50750,,,,,,,
2008-01-01 19:00:00,1.687522915822619,1.8039038181304932,1.687522915822619,1.8039038181304932,41889,,,,,,,
2008-01-02 19:00:00,1.7457138834638959,1.9784756898880005,1.7457138834638959,1.9784756898880005,27389,,,,,,,
2008-01-03 19:00:00,1.8039039145143587,1.862094759941101,1.8039039145143587,1.862094759941101,25777,,,,,,,
2008-01-06 19:00:00,1.8039038181304932,1.8911896345626942,1.8039038181304932,1.8039038181304932,37861,,,,,,,
2008-01-07 19:00:00,1.8039038181304932,1.8039038181304932,1.7457138699012198,1.8039038181304932,27389,,,,,,,
2008-01-08 19:00:00,1.8039038181304932,1.8620946604480575,1.7748088440158565,1.8039038181304932,21750,,,,,,,
2008-01-09 19:00:00,1.8039038181304932,1.8911896345626942,1.8039038181304932,1.8039038181304932,40278,,,,,,,
2008-01-10 19:00:00,1.8039039000761503,1.8039039000761503,1.7457139492034912,1.7457139492034912,48333,,,,,,,
2008-01-13 19:00:00,1.7457138699012198,1.8039038181304932,1.687522915822619,1.8039038181304932,14500,,,,,,,
2008-01-14 19:00:00,1.7457139089023423,1.7748088836669922,1.7457139089023423,1.7748088836669922,12888,,,,,,,
2008-01-15 19:00:00,1.7457139492034912,1.7457139492034912,1.7166189737671615,1.7457139492034912,41889,,,,,,,
2008-01-16 19:00:00,1.7457138696410006,1.8329996860601905,1.7166188955307007,1.7166188955307007,13694,,,,,,,
2008-01-17 19:00:00,1.7166188955307007,1.8039038178616,1.7166188955307007,1.7166188955307007,11277,,,,,,,36.363665145730515
2008-01-20 19:00:00,1.7457138699012198,1.8039038181304932,1.7457138699012198,1.8039038181304932,6444,,,,,,,43.999974433350445
2008-01-21 19:00:00,1.7457139492034912,1.8039039000761503,1.7457139492034912,1.7457139492034912,27389,,,,,,,45.83336178628058
2008-01-22 19:00:00,1.7457139646291069,1.7457139646291069,1.6875230073928833,1.6875230073928833,9666,,,,,,,24.999866840115956
2008-01-23 19:00:00,1.6875230073928833,1.6875230073928833,1.6875230073928833,1.6875230073928833,8055,,,,,,,31.24986555959474
2008-01-24 19:00:00,1.687522915571074,1.7166188955307007,1.5129521768209846,1.7166188955307007,10472,,,,,,,40.00003824082378
2008-01-27 19:00:00,1.6002380803126206,1.6875230073928833,1.6002380803126206,1.6875230073928833,8055,,,1.7791731655597687,0.07389266575507464,1.6313878340496193,1.926958497069918,37.499971191393364
2008-01-28 19:00:00,1.687522915571074,1.7166188955307007,1.6293329673504744,1.7166188955307007,17722,,,1.7704446256160735,0.07018171180618546,1.6300812020037025,1.9108080492284445,41.17653296802217
2008-01-29 19:00:00,1.6293330192565918,1.6293330192565918,1.6293330192565918,1.6293330192565918,7250,,,1.7617160856723786,0.07638310658624438,1.6089498724998899,1.9144822988448673,35.000032777723604
2008-01-30 19:00:00,1.687522915571074,1.7166188955307007,1.687522915571074,1.7166188955307007,11277,,,1.7486232459545135,0.057341902546297945,1.6339394408619177,1.8633070510471093,47.619062484208676
2008-02-03 19:00:00,1.7166189737671615,1.7457139492034912,1.7166189737671615,1.7457139492034912,3222,,,1.7428042054176331,0.05074665497440437,1.6413108954688245,1.8442975153664418,45.00005531229527
2008-02-05 19:00:00,1.7457138696410006,1.7748088437513003,1.7166188955307007,1.7166188955307007,10472,,,1.7384399592876434,0.048936485003406645,1.6405669892808301,1.8363129292944567,45.00004609356994
2008-02-06 19:00:00,1.7166189082201746,1.774808856870922,1.6584279537200928,1.6584279537200928,4027,,,1.7311661660671234,0.04950228840501474,1.632161589257094,1.8301707428771528,42.85713449550771
2008-02-07 19:00:00,1.6584279942937783,1.6584279942937783,1.6293330192565918,1.6293330192565918,17722,,,1.7224376261234284,0.05135763673034824,1.619722352662732,1.8251528995841249,42.857142857142854
2008-02-10 19:00:00,1.6293330192565918,1.6875229693309648,1.6293330192565918,1.6293330192565918,34639,,,1.7137090861797333,0.051617270339502634,1.610474545500728,1.8169436268587384,42.857142857142854
2008-02-11 19:00:00,1.687522915571074,1.7166188955307007,1.687522915571074,1.7166188955307007,5638,,,1.7122543334960938,0.051074939253179234,1.6101044549897354,1.8144042120024522,42.85723204779593
2008-02-12 19:00:00,1.7166189502175104,1.7166189502175104,1.6293330192565918,1.6293330192565918,8861,,,1.7035257935523986,0.04947987741181936,1.60456603872876,1.8024855483760374,40.909133235447705
2008-02-13 19:00:00,1.6875229924814592,1.7457139492034912,1.6875229924814592,1.7457139492034912,10472,,,1.7020710468292237,0.04766834041775061,1.6067343659937225,1.797407727664725,54.16668587227163
2008-02-14 19:00:00,1.6293330560060415,1.6875230073928833,1.6293330560060415,1.6875230073928833,13694,,,1.6991614997386932,0.0466288684715583,1.6059037627955766,1.79241923668181,50.0
2008-02-18 19:00:00,1.745713882748969,2.1530473232269287,1.745713882748969,2.1530473232269287,418891,,,1.7209829211235046,0.11180219082556012,1.4973785394723844,1.9445873027746248,68.29263564206578
2008-02-19 19:00:00,1.8620947484983241,2.007570743560791,1.8620947484983241,2.007570743560791,39472,,,1.7355305135250092,0.12883603491318327,1.4778584436986426,1.9932025833513758,62.22220401243546
2008-02-20 19:00:00,1.9202855635281948,2.036666581279688,1.891189694404602,1.891189694404602,62028,,,1.7398948073387146,0.13269468012785732,1.474505447083,2.005284167594429,56.24996905757306
2008-02-21 19:00:00,1.8039039145143587,1.862094759941101,1.8039039145143587,1.862094759941101,11277,,,1.7457138478755951,0.1354857587969729,1.4747423302816494,2.0166853654695407,58.69563687716356
2008-02-24 19:00:00,1.8620946806993715,1.9202855236497933,1.8329997062683105,1.8329997062683105,9666,,,1.7529876828193665,0.13610094929142677,1.4807857842365129,2.02518958140222,54.54544523362223
2008-02-25 19:00:00,1.832999744334055,1.891189694404602,1.8039038752104626,1.891189694404602,22555,,,1.7631710171699524,0.13854242479056103,1.4860861675888304,2.0402558667510746,55.55553532243337
2008-02-26 19:00:00,1.9202855825424194,1.9202855825424194,1.9202855825424194,1.9202855825424194,1611,,,1.7733543515205383,0.1423727403172213,1.4886088708860958,2.058099832154981,57.777769077540775
2008-02-27 19:00:00,1.862094759941101,1.862094759941101,1.862094759941101,1.862094759941101,3222,,,1.7820829391479491,0.14218483562191042,1.4977132679041283,2.06645261039177,57.77777433814887
2008-02-28 19:00:00,1.7748088633178887,1.8329997062683105,1.7748088633178887,1.8329997062683105,24166,,,1.7879019796848297,0.141745467512728,1.5044110446593737,2.0713929147102856,57.777769077540775
2008-03-03 19:00:00,1.891189694404602,1.891189694404602,1.891189694404602,1.891189694404602,19333,,,1.8009948134422302,0.1383815405495364,1.5242317323431573,2.077757894541303,59.57444323107084
2008-03-04 19:00:00,1.8039039145143587,1.862094759941101,1.8039039145143587,1.862094759941101,54778,,,1.8082686066627502,0.13753378744968564,1.533201031763379,2.0833361815621214,55.55554038071254
2008-03-05 19:00:00,1.8329997272846024,1.9784757187182391,1.7748088836669922,1.7748088836669922,46722,,,1.8097233533859254,0.13699009822983685,1.5357431569262516,2.083703549845599,55.55554038071254
2008-03-06 19:00:00,1.8039038930723026,1.9202855825424194,1.8039038930723026,1.9202855825424194,28194,,,1.8199066877365113,0.1372744108712656,1.5453578659939802,2.0944555094790425,56.52174106673254
2008-03-09 19:00:00,1.9202855825424194,1.9202855825424194,1.9202855825424194,1.9202855825424194,4833,,,1.8329995691776275,0.13349809456856152,1.5660033800405044,2.0999957583147504,59.09093025417026
2008-03-11 19:00:00,1.891189694404602,1.891189694404602,1.891189694404602,1.891189694404602,8055,,,1.846092402935028,0.12504539491857594,1.5960016130978762,2.09618319277218,34.48274546676001
2008-03-12 19:00:00,1.891189694404602,1.9493807620855481,1.891189694404602,1.891189694404602,17722,,,1.8591852366924286,0.11441184940145592,1.6303615378895169,2.0880089354953406,41.66666524402538
2008-03-13 19:00:00,1.891189694404602,1.9202855635281948,1.774808900175189,1.891189694404602,48333,,,1.8679137766361236,0.10951729733026831,1.648879181975587,2.08694837129666,50.0
2008-03-16 19:00:00,1.7457139492034912,1.7457139492034912,1.7457139492034912,1.7457139492034912,16111,1.79692138671875,,1.8737328231334687,0.09873449881427365,1.6762638255049214,2.071201820762016,41.66667947044266
2008-03-17 19:00:00,1.8620947331199436,2.327618360519409,1.8620947331199436,2.327618360519409,229584,1.805649960041046,,1.9028280436992646,0.13725008592392826,1.628327871851408,2.177328215547121,69.76742524117319
2008-03-18 19:00:00,2.0948565006256104,2.298523111062047,2.0075706827116653,2.0948565006256104,105528,1.8114690136909486,,1.9231947183609008,0.13379811510582304,1.6555984881492547,2.190790948572547,57.142859531899816
2008-03-19 19:00:00,2.0948565832096833,2.1530474288090993,2.0366666316986084,2.0366666316986084,45916,1.8126328325271606,,1.9173756837844849,0.12555208782693422,1.6662715081306163,2.1684798594383534,54.000005408319524
2008-03-23 19:00:00,2.0366665318235753,2.3276182868098845,1.97847568907775,2.1530473232269287,182056,1.8184518837928771,,1.9246495127677918,0.13491732545763988,1.654814861852512,2.1944841636830716,59.61539931322825
2008-03-24 19:00:00,2.1530473857723265,2.1530473857723265,2.036666590988145,2.0657615661621094,29000,1.8236890387535096,,1.9333781063556672,0.1382446905256322,1.6568887253044027,2.2098674874069317,57.40741134163074
2008-03-25 19:00:00,2.065761607454146,2.1530474288090993,2.0366666316986084,2.0366666316986084,38666,1.8283442950248718,,1.9421066999435426,0.1390160406842627,1.6640746185750173,2.220138781312068,54.71700826206697
2008-03-26 19:00:00,2.0366666316986084,2.1530474288090993,2.0366666316986084,2.0366666316986084,8055,1.832999551296234,,1.9522900462150574,0.1380592865749324,1.6761714730651927,2.2284086193649224,55.76924789145289
2008-03-27 19:00:00,1.862094674914911,1.9784756898880005,1.862094674914911,1.9784756898880005,19333,1.8364909887313843,,1.9566543459892274,0.1374042170261535,1.6818459119369205,2.2314627800415345,56.86275139901665
2008-03-30 19:00:00,1.862094759941101,1.862094759941101,1.862094759941101,1.862094759941101,3222,1.8388186049461366,,1.9537448048591615,0.13882362495021244,1.6760975549587367,2.2313920547595862,47.999986888921306
2008-03-31 19:00:00,1.8620947193693287,1.9784757371208215,1.832999744334055,1.891189694404602,61222,1.8405643224716186,,1.9551995515823364,0.13796244023416693,1.6792746711140025,2.2311244320506702,49.01958515960572
2008-04-01 19:00:00,1.891189687942393,1.9493807554244995,1.8039038690465097,1.9493807554244995,15305,1.8440557599067688,,1.9610186040401458,0.13495864710810987,1.691101309823926,2.2309358982563654,51.92309783340952
2008-04-02 19:00:00,1.862094759941101,1.862094759941101,1.862094759941101,1.862094759941101,16111,1.846383376121521,,1.959563857316971,0.1359044588373617,1.6877549396422475,2.2313727749916943,49.09091803028093
2008-04-06 19:00:00,1.891189694404602,1.891189694404602,1.891189694404602,1.891189694404602,12888,1.849874792098999,,1.9610186040401458,0.13495864710810987,1.691101309823926,2.2309358982563654,50.0
2008-04-07 19:00:00,1.891189694404602,1.9784757371208215,1.891189694404602,1.891189694404602,29000,1.853366208076477,,1.9668376445770264,0.12887931608165326,1.7090790124137198,2.224596276740333,54.90194849740377
2008-04-08 19:00:00,1.8039039145143587,1.862094759941101,1.8039039145143587,1.862094759941101,20944,1.8545300269126892,,1.9639281034469604,0.13063052616771936,1.7026670511115216,2.2251891557823993,24.99999039715695
2008-04-09 19:00:00,1.862094674914911,1.9784756898880005,1.862094674914911,1.9784756898880005,36250,1.8591852617263793,,1.9668376088142394,0.1302548132621029,1.7063279822900337,2.227347235338445,42.85714494755787
2008-04-10 19:00:00,1.8620947193693287,2.123951506385508,1.8620947193693287,1.891189694404602,57194,1.8632585954666139,,1.9668376088142394,0.1302548132621029,1.7063279822900337,2.227347235338445,41.379267472724244
2008-04-13 19:00:00,1.891189687942393,1.9784757303603553,1.891189687942393,1.9493807554244995,37055,1.8684957504272461,,1.9697471618652345,0.12912108474271505,1.7115049923798042,2.2279893313506647,37.037059518268904
2008-04-14 19:00:00,1.9784758080725224,2.531285047531128,1.9784758080725224,2.531285047531128,618670,1.8847890734672545,,2.0017519295215607,0.1785084775028254,1.6447349745159099,2.3587688845272115,68.18179871161428
2008-04-15 19:00:00,2.6767617620064685,3.113190174102783,2.6767617620064685,3.113190174102783,913506,1.9133024168014527,,2.0701257407665254,0.2975054371140794,1.4751148665383667,2.665136614994684,79.3650538672172
2008-04-16 19:00:00,3.34595197533895,3.695094347000122,3.34595197533895,3.695094347000122,689560,1.9528719258308411,,2.138499540090561,0.46805314646915414,1.2023932471522527,3.0746058330288695,84.33732388296517
2008-04-20 19:00:00,3.811475352288187,4.3642848091292725,3.2295711432136485,4.073333263397217,1503982,2.0017519307136538,,2.237423378229141,0.6369482965624955,0.96352678510415,3.511319971354132,88.2978675643679
2008-04-21 19:00:00,4.073333193049086,4.276999807997124,3.4914278764138644,3.549618721008301,327863,2.0384119272232057,,2.313070982694626,0.6987003597842397,0.9156702631261464,3.7104717022631055,76.85184415904861
2008-04-22 19:00:00,3.5496186946720862,3.7532853081090303,2.967713382354281,3.2586660385131836,267446,2.0686709690093994,,2.3683519184589388,0.7284765813997476,0.9113987556594436,3.825305081258434,70.08546179467842
2008-04-23 19:00:00,3.3750470894693554,3.840571165084839,3.3750470894693554,3.840571165084839,492197,2.111150014400482,,2.457092398405075,0.7947609901069762,0.8675704181911226,4.046614378619028,74.07406362029238
2008-04-24 19:00:00,3.3750470562723285,3.491427850509394,3.2586660385131836,3.2586660385131836,76528,2.143154776096344,,2.5181923687458037,0.8076070547974392,0.9029782591509252,4.133406478340682,65.7894660941609
2008-04-27 19:00:00,3.2586661023583847,3.375047122397717,3.142285305841136,3.1713802814483643,49139,2.1739957213401793,,2.5749280512332917,0.8118452861659873,0.9512374789013172,4.198618623565267,64.28570915470267
2008-04-28 19:00:00,2.9269799702211516,3.113190174102783,2.9269799702211516,3.113190174102783,67667,2.2036728644371033,,2.631663775444031,0.8076070712867867,1.0164496328704575,4.246877918017605,63.46153891611037
2008-04-29 19:00:00,2.6185708254510405,2.9095234870910645,2.6185708254510405,2.9095234870910645,82167,2.2275309562683105,,2.684035211801529,0.788818858969985,1.1063974938615588,4.261672929741499,61.11110816044697
2008-05-01 19:00:00,2.6825798354148334,3.054999351501465,2.3276182874272178,3.054999351501465,103917,2.256044282913208,,2.742225694656372,0.7699540787966647,1.2023175370630426,4.282133852249701,61.3496877462331
2008-05-04 19:00:00,3.0549993427300506,3.4041419395523382,2.473094940185547,2.473094940185547,198168,2.270591902732849,,2.7684114038944245,0.7502235043683293,1.267964395157766,4.268858412631083,55.555559096353306
2008-05-05 19:00:00,2.4730951241104036,2.6185709002824975,2.182142454155763,2.2112374305725098,58805,2.281066191196442,,2.785868537425995,0.7318616769957274,1.3221451834345403,4.24959189141745,52.40641246077388
2008-05-06 19:00:00,2.2112372482109017,2.4730949201532897,2.1937806214358533,2.4439990520477295,35444,2.2868852257728576,,2.813509005308151,0.7062858141616153,1.4009373769849205,4.226080633631382,49.14285454740077
2008-05-07 19:00:00,2.443999155608235,2.5894758200355112,2.2403332112469525,2.327618360519409,58000,2.29328617811203,,2.835330438613892,0.6826360162453095,1.4700584061232729,4.200602471104511,41.509430461622514
2008-05-08 19:00:00,2.327618360519409,2.560380844785386,2.211237341908502,2.327618360519409,63639,2.302014751434326,,2.858606618642807,0.6550851668092527,1.5484362850243019,4.168776952261313,33.093531668888005
2008-05-11 19:00:00,2.3276182206354417,2.5603806909129827,2.2519705295562744,2.2519705295562744,109556,2.3098122668266297,,2.8722813606262205,0.6383874364431948,1.5955064877398308,4.14905623351261,25.66095536087333
2008-05-12 19:00:00,2.32761833906843,2.3858091831207275,2.32761833906843,2.3858091831207275,9666,2.320868456363678,,2.897012335062027,0.6071986478552789,1.6826150393514694,4.1114096307725845,32.638892000918176
2008-05-13 19:00:00,2.385809143090409,2.467275786943746,2.327618300014467,2.4149041175842285,32222,2.3313427448272703,,2.9202885031700134,0.5771390821970486,1.7660103387759163,4.074566667564111,36.3465159058151
2008-05-14 19:00:00,2.473095112731938,2.5603809356689453,2.473095112731938,2.5603809356689453,44305,2.344144651889801,,2.921743297576904,0.5761427237237221,1.76945785012946,4.074028745024348,25.877200351820875
2008-05-15 19:00:00,2.5021899771370055,2.5021899771370055,2.32761833906843,2.3858091831207275,21750,2.3546189403533937,,2.8853742480278015,0.5862901938684731,1.7127938602908552,4.057954635764748,30.569956821147386
2008-05-18 19:00:00,2.385809201940384,2.385809201940384,2.2170565128326416,2.2170565128326416,50750,2.36230007648468,,2.8114723563194275,0.5718280842882867,1.6678161877428541,3.9551285248960006,29.50000532637135
2008-05-19 19:00:00,2.2170563861815906,2.3276182244620864,2.2170563861815906,2.240333080291748,21750,2.369282944202423,,2.719822347164154,0.5015068054259576,1.7168087363122388,3.722835958016069,30.964478459816064
2008-05-20 19:00:00,2.240333277068881,2.467275923568593,2.217056580914241,2.269428253173828,38666,2.3774296140670774,,2.6558128237724303,0.47077879921646276,1.714255225339505,3.5973704222053557,34.89011830123479
2008-05-21 19:00:00,2.269428186497078,2.4149041803581097,2.269428186497078,2.327618360519409,28194,2.388485803604126,,2.6092604398727417,0.4537538166459172,1.7017528065809073,3.516768073164576,32.09169949226326
2008-05-22 19:00:00,2.0366665129132544,2.1239514350891113,2.0366665129132544,2.1239514350891113,37055,2.3925591206550596,,2.5234294533729553,0.3615767778643981,1.800275897644159,3.2465830091017516,39.43661118415871
2008-05-25 19:00:00,1.926103873394893,2.007570743560791,1.926103873394893,2.007570743560791,21750,2.3943048238754274,,2.460874688625336,0.33492284736331157,1.7910289938987127,3.1307203833519592,43.243247518737995
2008-05-26 19:00:00,1.9435614128527943,2.1530474288090993,1.8388190754408977,2.0366666316986084,21750,2.397214362621307,,2.404139006137848,0.3027982205342399,1.798542565069368,3.0097354472063276,34.37505944602886
2008-05-27 19:00:00,2.036666609353864,2.0657615847901933,1.7166189737671615,1.7457139492034912,82167,2.3943048477172852,,2.3357651948928835,0.28830894616518166,1.7591473025625202,2.9123830872232466,30.315007116872863
2008-05-28 19:00:00,1.745713842244447,2.0308473110198975,1.5769612739330858,2.0308473110198975,46722,2.397098000049591,,2.291831386089325,0.26202567845822106,1.767780029172883,2.8158827430057674,41.58418171138163
2008-06-01 18:00:00,2.0541231212590163,2.1821422576904297,2.0366664946159894,2.1821422576904297,91028,2.40582656621933,,2.2481885313987733,0.19139433712751325,1.8653998571437467,2.6309772056538,48.101276162630505
2008-06-02 18:00:00,2.211237341908502,2.327618360519409,2.211237341908502,2.327618360519409,42694,2.40582656621933,,2.2409147024154663,0.18505647597199903,1.8708017504714682,2.6110276543594644,48.42766485264359
2008-06-03 18:00:00,2.4730949531906745,2.7349517345428467,2.4730949531906745,2.7349517345428467,104722,2.4186284708976746,,2.267100417613983,0.21522938824528556,1.8366416411234119,2.6975591941045542,57.180150736539694
2008-06-04 18:00:00,2.2112373215300725,2.3858091831207275,2.2112373215300725,2.3858091831207275,38666,2.425611321926117,,2.2641909241676332,0.21309491866125388,1.8380010868451255,2.690380761490141,46.411477907079444
2008-06-05 18:00:00,2.327618360519409,2.327618360519409,2.153047391408252,2.327618360519409,12888,2.4291027426719665,,2.2641909241676332,0.21309491866125388,1.8380010868451255,2.690380761490141,48.74371160926389
2008-06-09 18:00:00,2.3276182691403036,2.443999059660179,2.269428097402439,2.333437442779541,29000,2.4344562602043154,,2.2644818782806397,0.21319003018032562,1.8381018179199886,2.690861938641291,52.70270135592128
2008-06-10 18:00:00,2.327618360519409,2.327618360519409,2.327618360519409,2.327618360519409,21750,2.440275294780731,,2.2682642698287965,0.21362699196491597,1.8410102858989645,2.695518253758628,52.043586265842784
2008-06-11 18:00:00,2.3276184289058115,2.3276184289058115,2.269428253173828,2.269428253173828,9666,2.4449305272102357,,2.2624452233314516,0.21183417849535569,1.8387768663407402,2.686113580322163,50.0
2008-06-12 18:00:00,2.1530473192345077,2.164684772491455,2.1530473192345077,2.164684772491455,19333,2.4486547088623047,,2.2499342560768127,0.20973461547945343,1.8304650251179058,2.6694034870357197,46.315785387826054
2008-06-15 18:00:00,1.7457139524483507,2.007570743560791,1.7457139524483507,2.007570743560791,198973,2.4515642285346986,,2.222293746471405,0.20298645865910955,1.816320829153186,2.628266663789624,47.3118345890764
2008-06-16 18:00:00,1.7806280620492,1.9493807490022548,1.763170540692211,1.9261038303375244,10472,2.452262511253357,,2.199308478832245,0.20942166773336598,1.7804651433655128,2.618151814298977,48.087426800193846
2008-06-17 18:00:00,1.9261038066576377,2.0308473688572874,1.9086471796035767,1.9086471796035767,6444,2.4514478397369386,,2.1838880121707915,0.2191736208826645,1.7455407704054626,2.6222352539361204,46.978012221729514
2008-06-18 18:00:00,1.9086472158787577,2.036666581279688,1.8620947193693287,1.891189694404602,58805,2.4520297384262086,,2.1664308428764345,0.22816149059707258,1.7101078616822893,2.6227538240705797,53.94320582113998
2008-06-19 18:00:00,1.8911897131307263,2.0250282536816133,1.8737331973330793,1.9202855825424194,5638,2.452611656188965,,2.148973709344864,0.23316807157885425,1.6826375661871555,2.6153098525025724,46.520153199570736
2008-06-22 18:00:00,1.9202855899981313,1.9202855899981313,1.7457139492034912,1.7457139492034912,74917,2.4497021412849427,,2.119878488779068,0.2456734597872367,1.6285315692045943,2.6112254083535413,36.46211052312164
2008-06-23 18:00:00,1.7515331163079109,1.9202855825424194,1.7515331163079109,1.9202855825424194,19333,2.450865957736969,,2.1096951961517334,0.24968404016892376,1.6103271158138859,2.609063276489581,37.58867927351882
2008-06-24 18:00:00,1.9842949687350415,2.0890374183654785,1.9842949687350415,2.0890374183654785,18527,2.4530771923065187,,2.113768529891968,0.24859243514311974,1.6165836596057286,2.6109534001782073,26.970965079381273
2008-06-29 18:00:00,1.9842949127519967,2.030847409303806,1.9668371677398682,1.9668371677398682,5638,2.454590141773224,,2.1102770566940308,0.2502173888709315,1.6098422789521678,2.610711834435894,32.1782121987185
2008-07-13 18:00:00,1.8039038331580937,1.8679139614105225,1.8039038331580937,1.8679139614105225,56389,2.4529608058929444,,2.116387057304382,0.24221055005896117,1.6319659571864598,2.6008081574223043,31.100498447961726
2008-07-14 18:00:00,1.8039039000761503,1.8039039000761503,1.7457139492034912,1.7457139492034912,36250,2.4372493839263916,,2.102130389213562,0.2555355072465367,1.5910593747204889,2.6132014037066353,27.947615129327758
2008-07-15 18:00:00,1.7457139492117846,1.7457139492117846,1.5711421966552734,1.5711421966552734,57194,2.4064084243774415,,2.0715803861618043,0.280746188203121,1.5100880097555622,2.6330727625680463,24.806212383700043
2008-07-16 18:00:00,1.512952208518982,1.512952208518982,1.512952208518982,1.512952208518982,1611,2.362765581607819,,2.030847078561783,0.3000768297412567,1.4306934190792695,2.631000738044296,24.806214353394225
2008-07-17 18:00:00,1.8504563846064366,1.8562755584716797,1.8504563846064366,1.8562755584716797,3222,2.3184244275093078,,1.9869132697582246,0.2520426268392236,1.4828280160797773,2.490998523436672,41.13712954326237
2008-07-20 18:00:00,1.4547613019077952,1.6875230073928833,1.4547613019077952,1.6875230073928833,128889,2.2811825132369994,,1.9519989609718322,0.2420439965962647,1.4679109677793027,2.4360869541643617,40.863783079271144
2008-07-21 18:00:00,1.5769613705527417,1.7457139492034912,1.5769613705527417,1.7457139492034912,9666,2.2509234714508057,,1.9229037404060363,0.22914642124815446,1.4646108979097274,2.381196582902345,44.781162106578215
2008-07-22 18:00:00,1.7457139492034912,1.7515331231084232,1.7457139492034912,1.7457139492034912,8055,2.209026327133179,,1.8935175657272338,0.21066822520665798,1.472181115313918,2.3148540161405498,45.23809971755045
2008-07-23 18:00:00,1.7457139492034912,1.7457139492034912,1.6875229924814592,1.7457139492034912,32222,2.178767285346985,,1.864422345161438,0.18633765234473432,1.4917470404719693,2.2370976498509068,45.7044809740601
2008-07-24 18:00:00,1.7457139492034912,1.7457139492034912,1.7457139492034912,1.7457139492034912,1611,2.1502539587020872,,1.8382366299629211,0.16158112791744603,1.515074374128029,2.161398885797813,44.75523714147346
2008-08-17 18:00:00,1.6002380442194053,1.6875229693309648,1.6002380442194053,1.6293330192565918,4833,2.1205768156051636,,1.811469042301178,0.14846637239378627,1.5145362975136054,2.1084017870887504,46.376810733625
2008-08-18 18:00:00,1.6875230073928833,1.6875230073928833,1.6875230073928833,1.6875230073928833,9666,2.0961368060112,,1.7954666554927825,0.14337808420303186,1.5087104870867187,2.0822228238988463,42.18747024118663
2008-08-21 18:00:00,1.6875229924814592,1.7457139492034912,1.6875229924814592,1.7457139492034912,24166,2.0699510979652405,,1.7864471614360808,0.14036989863923968,1.5057073641576015,2.06718695871456,37.552751588187796
2008-08-24 18:00:00,1.716618946571422,1.7398947477340698,1.716618946571422,1.7398947477340698,24972,2.055287094116211,,1.7780095398426057,0.1376840154415502,1.5026415089595053,2.053377570725706,41.01383884988829
2008-08-25 18:00:00,1.5711421966552734,1.5711421966552734,1.5711421966552734,1.5711421966552734,8055,2.0424851894378664,,1.7620071649551392,0.14235679864784528,1.4772935676594487,2.0467207622508297,38.86461874220703
2008-08-26 18:00:00,1.5711421966552734,1.5711421966552734,1.4838562644964972,1.5711421966552734,2416,2.025028052330017,,1.744549995660782,0.14332995201700446,1.457890091626773,2.0312098996947907,42.788449890054956
2008-08-27 18:00:00,1.6002380847930908,1.6002380847930908,1.6002380847930908,1.6002380847930908,805,2.0104804468154907,,1.737276202440262,0.1469143035623286,1.4434475953156047,2.031104809564919,51.36614994838191
2008-08-31 18:00:00,1.5711421966552734,1.5711421966552734,1.5711421966552734,1.5711421966552734,1611,1.995350923538208,,1.7198190331459045,0.14475123101198778,1.4303165711219288,2.00932149516988,52.80896044415518
2008-09-01 18:00:00,1.5711421966552734,1.5769613705602332,1.5711421966552734,1.5711421966552734,6444,1.981734356880188,,1.6939242720603942,0.11931322585209585,1.4552978203562026,1.9325507237645858,29.41182850305998
2008-09-03 18:00:00,1.6875230190385986,1.7515331506729126,1.6875230190385986,1.7515331506729126,34639,1.9690488362312317,,1.6831590712070466,0.10182462081545432,1.479509829576138,1.8868083128379551,54.54548225000338
2008-09-04 18:00:00,1.7457139492034912,1.7457139492034912,1.7457139492034912,1.7457139492034912,11277,1.955665032863617,,1.677049070596695,0.09347921689588545,1.490090636804924,1.8640075043884659,50.0
2008-09-07 18:00:00,1.7573522901902494,1.9202855825424194,1.7573522901902494,1.9202855825424194,4027,1.9428631258010864,,1.6857776522636414,0.1073494755874223,1.4710787010887967,1.9004766034384861,60.56336179106398
2008-09-08 18:00:00,1.6293330192565918,1.6293330192565918,1.6293330192565918,1.6293330192565918,16111,1.9277336025238037,,1.6886871933937073,0.10483814306624946,1.4790109072612083,1.8983634795262063,44.79167978161924
2008-09-09 18:00:00,1.7166189106822616,1.844637155532837,1.7166189106822616,1.844637155532837,16111,1.9202852153778076,,1.7052714407444,0.101765093066156,1.501741254612088,1.908801626876712,53.711762266293896
2008-09-10 18:00:00,1.6584279537200928,1.6584279537200928,1.6584279537200928,1.6584279537200928,4027,1.9086471128463744,,1.6953790605068206,0.09575226646739304,1.5038745275720347,1.8868835934416066,51.0373323354968
2008-09-11 18:00:00,1.7398946962606343,1.8039038181304932,1.7398946962606343,1.8039038181304932,4833,1.8993366241455079,,1.7011981010437012,0.09873945378209968,1.5037191934795018,1.8986770086079006,53.90624043468779
2008-09-14 18:00:00,1.739894775298559,1.7457139492034912,1.739894775298559,1.7457139492034912,45916,1.8876985359191893,,1.7011981010437012,0.09873945378209968,1.5037191934795018,1.8986770086079006,50.0
2008-09-15 18:00:00,1.7631705085180953,1.7689896821975708,1.7631705085180953,1.7689896821975708,12083,1.8805993008613586,,1.7023618876934052,0.09942653058022717,1.5035088265329508,1.9012149488538597,50.96524079567487
2008-09-16 18:00:00,1.5769613455695444,1.7398947477340698,1.5769613455695444,1.7398947477340698,46722,1.8752457809448242,,1.7020709276199342,0.09930142466555444,1.5034680782888252,1.9006737769510431,56.17022044474959
2008-09-17 18:00:00,1.5769613889025107,1.6002380847930908,1.5769613889025107,1.6002380847930908,16916,1.8665172100067138,,1.6947971343994142,0.10124533493100164,1.492306464537411,1.8972878042614174,50.965273045155385
2008-09-18 18:00:00,1.6002380661724704,1.7457139492034912,1.5769613705527417,1.7457139492034912,30611,1.8665172100067138,,1.700616180896759,0.10062737010641049,1.4993614406839382,1.90187092110958,54.48028160637227
2008-09-21 18:00:00,1.7457139492117846,1.7457139492117846,1.5711421966552734,1.5711421966552734,24166,1.8573231077194214,,1.6947971403598785,0.10470669345308369,1.485383753453711,1.904210527266046,50.0
2008-09-22 18:00:00,1.5711421966552734,1.5711421966552734,1.5711421966552734,1.5711421966552734,5638,1.8451031064987182,,1.6860685527324677,0.10747841895103441,1.471111714830399,1.9010253906345365,50.0
2008-09-23 18:00:00,1.5711421966552734,1.5711421966552734,1.5711421966552734,1.5711421966552734,4833,1.8299735832214354,,1.6776309251785277,0.10963276909807367,1.4583653869823805,1.896896463374675,44.322320050973566
2008-09-29 18:00:00,1.5711421966552734,1.5711421966552734,1.5711421966552734,1.5711421966552734,9666,1.806697392463684,,1.6776309251785277,0.10963276909807367,1.4583653869823805,1.896896463374675,44.48527434707011
2008-10-05 18:00:00,1.5711421966552734,1.6293330416165406,1.5711421966552734,1.5711421966552734,116806,1.790404052734375,,1.6776309251785277,0.10963276909807367,1.4583653869823805,1.896896463374675,37.60326111478365
2008-10-06 18:00:00,1.5711421966552734,1.5711421966552734,1.5711421966552734,1.5711421966552734,12888,1.7752745294570922,,1.676176130771637,0.11089952924924207,1.4543770722731528,1.897975189270121,47.39581054876515
2008-10-07 18:00:00,1.5711421709794084,1.6409704685211182,1.5711421709794084,1.6409704685211182,36250,1.7614251899719238,,1.6796675443649292,0.10849179404508817,1.462683956274753,1.8966511324551054,39.52092686508831
2008-10-09 18:00:00,1.5711421605406508,1.588599681854248,1.5711421605406508,1.588599681854248,42694,1.7466448163986206,,1.680540418624878,0.10763957509954562,1.4652612684257869,1.8958195688239692,45.83333570441254
2008-10-12 18:00:00,1.6584280020901916,2.0657615661621094,1.6584280020901916,2.0657615661621094,8861,1.7425714826583862,,1.6962518393993378,0.13737342002842545,1.4215049993424869,1.9709986794561887,61.19408263663615
2008-12-15 19:00:00,1.0765236616134644,1.0765236616134644,1.0765236616134644,1.0765236616134644,805,1.7208082604408264,,1.6627923250198364,0.1943658251936686,1.2740606746324992,2.0515239754071737,34.072008484524986
2008-12-16 19:00:00,0.5993618810871201,1.018332839012146,0.5993618810871201,1.018332839012146,109556,1.7010235023498534,,1.6176946878433227,0.23239403017048396,1.1529066275023547,2.0824827481842907,32.425062035930665
2008-12-17 19:00:00,0.8728569417319479,0.9892378449440002,0.8728569417319479,0.9892378449440002,16916,1.682286182641983,,1.5856899291276931,0.2714938383461616,1.04270225243537,2.128677605820016,32.42506113094174
2008-12-18 19:00:00,0.8146660562550794,0.8321235775947571,0.8146660562550794,0.8321235775947571,2416,1.6607557106018067,,1.5350642502307892,0.3120407002605674,0.9109828497096544,2.159145650751924,32.162148148141995
2008-12-21 19:00:00,0.8321235954839254,0.8728569746110755,0.6982852220535278,0.6982852220535278,16111,1.6368976211547852,,1.4870571136474608,0.3619323438640141,0.7631924259194326,2.210921801375489,25.543469093699812
2008-12-23 19:00:00,0.7273802132941629,0.7273802132941629,0.610999303169587,0.6517326831817627,12083,1.611526563167572,,1.4294485569000244,0.39867580569890265,0.6320969455022191,2.22680016829783,27.167622939123618
2008-12-25 19:00:00,0.7273801644398084,0.9019519090652466,0.7273801644398084,0.9019519090652466,32222,1.5946513223648071,,1.3872604548931122,0.407982053206476,0.5712963484801602,2.2032245613060644,35.2185100804807
2008-12-28 19:00:00,0.8786761154177434,0.9892378449440002,0.8786761154177434,0.9892378449440002,6444,1.5760303676128387,,1.3482728630304337,0.40683902853845055,0.5345948059535326,2.161950920107335,37.623769781620474
2008-12-30 19:00:00,0.8204852342605591,0.8204852342605591,0.8204852342605591,0.8204852342605591,1611,1.5506593239307405,,1.302302387356758,0.41216809904458523,0.4779661892675876,2.1266385854459284,35.10392955524553
2008-12-31 19:00:00,0.8728569386865365,0.9775993824005127,0.8728569386865365,0.9775993824005127,1611,1.5308745682239533,,1.2711704522371292,0.4119945521781747,0.4471813478807798,2.0951595565934786,38.91304362348333
2009-01-01 19:00:00,0.9775993854110133,1.0765236616134644,0.9601427584490738,1.0765236616134644,7250,1.5150467622280122,,1.2377109378576279,0.39837536979998284,0.4409601982576622,2.0344616774575934,41.090156983237776
2009-01-04 19:00:00,0.9601427774424738,1.018332839012146,0.9601427774424738,1.018332839012146,20944,1.5004991400241852,,1.2100704699754714,0.39316704676772096,0.4237363764400295,1.9964045635109133,38.7368544309366
2009-01-05 19:00:00,1.0183328185294518,1.1638085842132568,1.0183328185294518,1.1638085842132568,31416,1.4923524677753448,,1.1897037893533706,0.3839200535810921,0.4218636821911864,1.957543896515555,42.566183573024865
2009-01-08 19:00:00,1.0648853138929926,1.1638085842132568,1.0183328185294518,1.1638085842132568,24972,1.4853695952892303,,1.1693371087312698,0.3732768700650362,0.4227833686011975,1.9158908488613422,31.05134146734227
2009-01-11 19:00:00,1.1638085842132568,1.1638085842132568,1.1056186355750537,1.1638085842132568,24972,1.4715202558040619,,1.148970428109169,0.3611140667650251,0.42674229457911883,1.8711985616392193,53.13804377118462
2009-01-12 19:00:00,1.2743712663650513,1.2743712663650513,1.2743712663650513,1.2743712663650513,1611,1.4632572209835053,,1.134131881594658,0.34873883561987307,0.4366542103549118,1.831609552834404,58.870968208253636
2009-01-13 19:00:00,1.27437123678059,1.2801904105946516,1.1929045915603638,1.1929045915603638,3222,1.4522010338306428,,1.1152200013399125,0.33372536499599803,0.44776927134791644,1.7826707313319086,56.80933186838361
2009-01-14 19:00:00,1.1929045652663883,1.251094513947747,0.9892378449440002,0.9892378449440002,12083,1.437071511745453,,1.0826333701610564,0.3107122501057431,0.4612088699495702,1.7040578703725426,55.09433193582604
2009-01-15 19:00:00,1.0008752058555277,1.0474278139164623,0.9892378641078295,1.018332839012146,4027,1.422523889541626,,1.0541200280189513,0.28710647035597575,0.4799070873069998,1.628332968730903,61.13359044538442
2009-01-18 19:00:00,0.7622943468236553,0.8728569746017456,0.7622943468236553,0.8728569746017456,8055,1.405066750049591,,0.9944747984409332,0.162943161820029,0.6685884748008752,1.3203611220809912,57.19697995527061
2009-01-19 19:00:00,0.8728569586412095,1.018332839012146,0.8728569586412095,1.018332839012146,5638,1.392846746444702,,0.9915652573108673,0.16191727700385142,0.6677307033031645,1.31539981131857,54.06503800992957
2009-01-26 19:00:00,0.9252277522989314,0.9485044479370117,0.7622943474246557,0.9485044479370117,10472,1.3780663752555846,,0.9880738377571106,0.16206249881454715,0.6639488401280162,1.3121988353862049,48.55966878702847
2009-01-29 19:00:00,0.9601427588422837,0.9892378449440002,0.9601427588422837,0.9892378449440002,12888,1.362936853170395,,0.9880738377571106,0.16206249881454715,0.6639488401280162,1.3121988353862049,56.56109446658436
2009-02-01 19:00:00,0.8844943642616272,0.8844943642616272,0.8844943642616272,0.8844943642616272,16111,1.345828845500946,,0.9906923770904541,0.1598176437197255,0.6710570896510031,1.3103276645299051,46.22640729994699
2009-02-02 19:00:00,0.9892378641078295,1.018332839012146,0.9892378641078295,1.018332839012146,4833,1.3347726583480835,,1.006694757938385,0.14426445610329075,0.7181658457318034,1.2952236701449664,47.70640973293445
2009-02-08 19:00:00,0.6982852220460639,0.8728569746017456,0.6982852220460639,0.8728569746017456,16916,1.3208069539070129,,1.017750972509384,0.122453452535825,0.772844067437734,1.262657877581034,44.63520549131564
2009-02-11 19:00:00,0.6691901683807373,0.6691901683807373,0.6691901683807373,0.6691901683807373,805,1.3021859955787658,,1.0061128854751586,0.1433212112712437,0.7194704629326713,1.2927553080176462,32.51031868266848
2009-02-12 19:00:00,0.849580219802911,0.9601427912712097,0.849580219802911,0.9601427912712097,5638,1.2899660074710846,,1.0046581327915192,0.14364880032577507,0.717360532139969,1.2919557334430694,44.027332568684415
2009-02-15 19:00:00,0.9601427594650431,0.9659610390663147,0.9601427594650431,0.9659610390663147,12083,1.2778623843193053,,1.011931923031807,0.13737850649438754,0.7371749100430318,1.286688936020582,44.21768961081842
2009-02-16 19:00:00,0.8728569746017456,0.8728569746017456,0.8728569746017456,0.8728569746017456,1611,1.2602888607978822,,1.0066948026418685,0.14071224766597293,0.7252703073099227,1.2881192979738143,38.14432017170561
2009-02-18 19:00:00,0.8728569427737811,0.9426852389100769,0.8728569427737811,0.8786761164665222,55583,1.2429481041431427,,0.9968024253845215,0.14248810257438957,0.7118262202357424,1.2817786305333005,40.287765092343335
2009-02-24 19:00:00,0.9310469031333923,0.9310469031333923,0.9310469031333923,0.9310469031333923,805,1.223163330554962,,0.9924381285905838,0.14312924163242266,0.7061796453257385,1.278696611855429,48.01585443439814
2009-03-01 19:00:00,0.7273801644398084,0.9019519090652466,0.7273801644398084,0.9019519090652466,17722,1.2086157083511353,,0.9793452948331833,0.13853084272632749,0.7022836093805284,1.2564069802858384,46.03174138637732
2009-03-03 19:00:00,0.7448376955176328,0.8670377731323242,0.5819042959517235,0.8670377731323242,3222,1.189063720703125,,0.9645067542791367,0.13353645706205874,0.6974338401550192,1.231579668403254,49.78540176315652
2009-03-05 19:00:00,0.8670377848426832,1.018332839012146,0.2967708786598795,1.018332839012146,5638,1.1762618184089662,,0.9572329670190811,0.1258498667564189,0.7055332335062433,1.208932700531919,50.0
2009-03-16 19:00:00,0.8728569746017456,0.8728569746017456,0.8728569746017456,0.8728569746017456,1611,1.1576408815383912,,0.9371572524309159,0.10244575230705395,0.732265747816808,1.1420487570450237,47.368422798727806
2009-03-17 19:00:00,0.5819043144541373,0.7855710983276367,0.5819043144541373,0.7855710983276367,70889,1.138438024520874,,0.9167905777692795,0.0884614525202864,0.7398676727287068,1.0937134828098523,43.13724426905154
2009-03-18 19:00:00,0.5819043144541373,0.7855710983276367,0.5819043144541373,0.7855710983276367,70889,1.1187696528434754,,0.9066072404384613,0.09135790840597181,0.7238914236265177,1.089323057250405,46.4135157320799
2009-03-24 19:00:00,0.7331993533324271,0.756476104259491,0.7331993533324271,0.756476104259491,4833,1.0991012799739837,,0.8935144037008286,0.0932476561960109,0.7070190913088068,1.0800097160928503,39.72601951651411
2009-03-31 19:00:00,0.8728569746017456,0.8728569746017456,0.8728569746017456,0.8728569746017456,4833,1.0845536577701569,,0.8935144037008286,0.0932476561960109,0.7070190913088068,1.0800097160928503,50.0
2009-04-07 19:00:00,0.9310468904133066,1.0474277936253589,0.8728569417319479,0.9892378449440002,66861,1.069424135684967,,0.8920596539974213,0.09140666560135988,0.7092463227947015,1.074872985200141,63.81913306015444
2009-04-08 19:00:00,1.0125137036399445,1.402389645576477,1.0125137036399445,1.402389645576477,20944,1.0660490846633912,,0.9147539138793945,0.14612512459518393,0.6225036646890267,1.2070041630697623,67.27274818210232
2009-04-14 19:00:00,1.1056187152862549,1.1056187152862549,0.9310469568480073,1.1056187152862549,3222,1.0567386150360107,1.7761474186182022,0.9205729573965072,0.15146699828178042,0.6176389608329464,1.223506953960068,54.44447121125354
2009-04-19 18:00:00,0.9426852464675903,0.9426852464675903,0.9426852464675903,0.9426852464675903,3222,1.044169476032257,1.7714048963785172,0.9234825015068054,0.1512962864031229,0.6208899287005596,1.2260750743130513,52.127653855553085
2009-04-20 18:00:00,0.9426852785401906,0.9601428003523211,0.9310469306654369,0.9368661046028137,9666,1.031483954191208,1.7670697078108788,0.9194091647863388,0.14969643883088493,0.6200162871245689,1.2188020424481087,51.77303761505986
2009-04-21 18:00:00,0.8728569427737811,0.8786761164665222,0.8728569427737811,0.8786761164665222,8055,1.0176346325874328,1.7615707099437714,0.9197001218795776,0.1496068239838517,0.6204864739118743,1.218913769847281,48.409911092589184
2009-04-22 18:00:00,1.000875190731399,1.3383803367614746,1.000875190731399,1.3383803367614746,88611,1.012979395389557,1.7589521378278732,0.9531596302986145,0.16470211472883492,0.6237554008409447,1.2825638597562843,60.504212241250684
2009-05-24 18:00:00,1.4605804398186315,1.9144663857630382,1.4256662910305014,1.7398947477340698,421308,1.014957880973816,1.7586320924758911,0.9921472281217575,0.24104068996043865,0.5100658482008802,1.4742286080426348,67.8571576642506
2009-05-25 18:00:00,1.739894805719277,1.7748089556709858,1.5711422241180188,1.5769613981246948,41083,1.014725115299225,1.7574973803758622,1.0226972460746766,0.2740118605880894,0.4746735248984978,1.5707209672508555,61.374418028205326
2009-05-26 18:00:00,1.5769613482988631,1.739894750745385,1.4838562435494569,1.5304087400436401,37861,1.0040180587768555,1.7561299049854278,1.0555748343467712,0.29381946059454433,0.46793591315768257,1.64321375553586,63.950614323915914
2009-05-27 18:00:00,1.5304086963365615,1.6002379978887742,1.309285350153631,1.483856201171875,12888,1.0121647095680237,1.7545296669006347,1.085833838582039,0.30556998156964704,0.4746938754427449,1.6969738017213332,65.07537481517505
2009-05-31 18:00:00,1.3674754865235474,1.425666332244873,1.3674754865235474,1.425666332244873,7250,1.0203113794326781,1.7529294288158417,1.1105648100376129,0.31232422159249507,0.48591636685262274,1.735213253222603,63.480405226478
2010-02-23 19:00:00,1.4838562413179393,1.1929045915603638,1.1929045915603638,1.1929045915603638,3222,1.0243847143650056,1.749874432682991,1.1251124441623688,0.3088526980251055,0.5074070481121578,1.7428178402125798,58.46501700193178
2010-02-24 19:00:00,1.1929045357046988,1.2161803357827787,1.1638085562357199,1.181266188621521,101500,1.0313675665855409,1.7469067192077636,1.1408238649368285,0.30296982000165146,0.5348842249335256,1.7467635049401316,56.23529251278728
2010-02-28 19:00:00,1.1929046207829839,1.3674754808007492,1.1754469871520996,1.1754469871520996,2416,1.0409108018875122,1.7440553843975066,1.1486795723438263,0.3016606660320756,0.5453582402796752,1.7520009044079776,53.94088131190521
2010-03-01 19:00:00,1.1754469193822201,1.2219995260238647,1.1929045520065922,1.2219995260238647,6444,1.0523161387443543,1.7415822875499725,1.1661366999149323,0.2948850512272954,0.5763665974603415,1.7559068023695232,45.48105651912027
2010-03-02 19:00:00,1.2219995540807922,1.71079975570064,1.3732946071113026,1.4140279293060303,159501,1.0625576591491699,1.7400693327188492,1.197559541463852,0.2855335412490768,0.6264924589656984,1.7686266239620057,58.15384030622932
2010-03-03 19:00:00,1.4140278940724225,1.62933295895174,1.4896753628222357,1.542047142982483,97472,1.0736138451099395,1.7387600493431092,1.2353833436965942,0.2780934233785805,0.6791964969394332,1.791570190453755,66.14420486464786
2010-03-04 19:00:00,1.542047197526047,1.542047197526047,1.3674754476517408,1.454761266708374,78944,1.086299365758896,1.7373052859306335,1.2702976018190384,0.25790425713480236,0.7544890875494337,1.7861061160886431,63.363364471826024
2010-03-08 19:00:00,1.4547612810875594,1.501313777983787,1.4547612810875594,1.4954946041107178,33028,1.0966572701930999,1.7363451439142228,1.301429483294487,0.2446424101365615,0.812144663021364,1.79071430356761,66.06059108641514
2010-03-09 19:00:00,1.454761266708374,1.5129522225366083,1.454761266708374,1.454761266708374,15305,1.104222022294998,1.7351813352108,1.3247056543827056,0.235345175595946,0.8540153031908135,1.7953960055745977,53.87596671479034
2010-03-10 19:00:00,1.454761266708374,1.460580440523925,1.454761266708374,1.454761266708374,20139,1.1129505908489228,1.7338720470666886,1.3273242354393004,0.23654333110603623,0.854237573227228,1.8004108976513729,37.03703583268434
2010-03-11 19:00:00,1.454761266708374,1.5129522225366083,1.454761266708374,1.454761266708374,14500,1.118769644498825,1.732708238363266,1.3447813630104064,0.23216305925109504,0.8804552445082163,1.8091074815125965,43.47825699696819
2010-03-14 19:00:00,1.4547613018361631,1.6526088576617364,1.4838562775281514,1.6118755340576172,17722,1.1277309834957123,1.7321845215559006,1.3782408773899077,0.21901228789776567,0.9402163015943764,1.816265453185439,53.888894389771366
2010-03-15 19:00:00,1.6118754511137259,1.483856201171875,1.4722187479469233,1.483856201171875,4833,1.1341319358348847,1.731457137465477,1.4055903822183609,0.19368235811184578,1.0182256659946693,1.7929550984420524,50.0
2010-03-16 19:00:00,1.4838562697923747,1.4605804681777954,1.4605804681777954,1.4605804681777954,2416,1.1378561198711394,1.7301769453287124,1.4346855998039245,0.14889043895031637,1.1369047219032917,1.7324664777045573,51.595737203771044
2010-03-21 19:00:00,1.4605804956121855,1.483856297663959,1.4605804956121855,1.4663996696472168,8055,1.1433260214328766,1.728780373930931,1.4410865664482118,0.14727534621679572,1.1465358740146203,1.7356372588818032,65.77178919627252
2010-03-23 19:00:00,1.466399611047473,1.565322995185852,1.5362280202617304,1.565322995185852,7250,1.1548477244377136,1.7280238944292068,1.4323579788208007,0.13312738668876056,1.1661032054432796,1.6986127521983219,70.12193446263095
2010-03-24 19:00:00,1.5653229433330846,1.542047142982483,1.542047142982483,1.542047142982483,805,1.1653220105171203,1.7274419903755187,1.4306122660636902,0.13134841858773957,1.167915428888211,1.6933091032391694,68.86229381302607
2010-03-25 19:00:00,1.542047248172986,1.6293330700964315,1.5129522722279534,1.5769613981246948,4833,1.1794040989875794,1.7271801322698592,1.4329398989677429,0.13360312574777874,1.1657336474721853,1.7001461504633004,68.4848606749028
2010-03-28 19:00:00,1.5769613628136074,1.6875229841997301,1.5711421889372337,1.6700663566589355,18527,1.1924387693405152,1.727383798956871,1.442250406742096,0.1434626092839567,1.1553251881741826,1.7291756253100095,64.86489030408782
2010-03-29 19:00:00,1.6700663934739164,1.652608871459961,1.652608871459961,1.652608871459961,1611,1.206520857810974,1.7270637488365173,1.4535975337028504,0.15086581548112651,1.1518659027405973,1.7553291646651035,57.364331113693304
2010-03-30 19:00:00,1.6526088800875027,1.4722188436822479,1.4663996696472168,1.4663996696472168,6444,1.2160640943050385,1.7262490820884704,1.467272287607193,0.13782378109094046,1.1916247254253123,1.7429198497890739,50.68495015151269
2010-03-31 19:00:00,1.4663996007531637,1.5478663570004894,1.512952208518982,1.512952208518982,16111,1.2286332511901856,1.725085273385048,1.483856588602066,0.12045940215376336,1.2429377842945393,1.7247753929095928,51.02043575104615
2010-04-01 19:00:00,1.512952208518982,1.512952208518982,1.512952208518982,1.512952208518982,2416,1.2385256385803223,1.7242124193906785,1.50073184967041,0.09617239670916798,1.308387056252074,1.693076643088746,53.57145940504089
2010-04-04 19:00:00,1.5129521690221592,1.542047142982483,1.5129521690221592,1.542047142982483,5638,1.251909441947937,1.7211574184894562,1.516734230518341,0.07057179593448043,1.3755906386493804,1.6578778223873019,55.17242840860975
2010-04-05 19:00:00,1.5420472212188057,1.6002380661800726,1.5711421966552734,1.5711421966552734,12083,1.2699484825134277,1.7189752757549286,1.5245899438858033,0.06720142035902998,1.3901871031677433,1.6589927846038632,56.66667304011118
2010-04-06 19:00:00,1.571142145221442,1.571142145221442,1.5420471707374444,1.5478663444519043,16916,1.2817029535770417,1.717258659005165,1.5248809039592743,0.06729351690634854,1.3902938701465772,1.6594679377719714,45.669306199218305
2010-04-07 19:00:00,1.5478663452044126,1.5245895385742188,1.5245895385742188,1.5245895385742188,48333,1.2928755235671998,1.7155711328983307,1.5283723175525665,0.06524425884114508,1.3978837998702764,1.6588608352348566,53.21101451955631
2010-04-11 19:00:00,1.5245895668203697,1.7166189502175104,1.6293330192565918,1.6293330192565918,12083,1.3080050444602966,1.714552799463272,1.5350642383098603,0.06847817020652529,1.3981078978968098,1.6720205787229108,61.78862831268102
2010-04-12 19:00:00,1.6293330416165406,1.6875229924894761,1.5711421966552734,1.5711421966552734,8861,1.3218543660640716,1.7129525619745254,1.5408832848072052,0.06620214732143948,1.4084789901643262,1.673287579450084,56.81815783314802
2010-04-13 19:00:00,1.5711421624944928,1.8737331638770398,1.6700663285512745,1.8504563570022583,237640,1.340242555141449,1.7126034158468246,1.5606680393218995,0.0928670574112193,1.374933924499461,1.746402154144338,65.03066621086288
2010-04-14 19:00:00,1.850456329752006,1.891189651512895,1.7457138855475622,1.7573522329330444,158695,1.3573505616188049,1.7120797032117843,1.575797587633133,0.09914154675889293,1.377514494115347,1.7740806811509189,60.571441147349425
2010-04-15 19:00:00,1.7573522970133555,1.7457139492034912,1.6002380661724704,1.7457139492034912,21750,1.3749240851402282,1.7116432744264602,1.5824895083904267,0.10598564828956596,1.3705182118112949,1.7944608049695585,58.479535946944274
2010-04-18 19:00:00,1.7457138699012198,1.8039038181304932,1.7457138699012198,1.8039038181304932,17722,1.3906355047225951,1.7112068450450897,1.5984918892383575,0.11415604247386163,1.3701798042906344,1.8268039741860806,56.969665742104176
2010-04-19 19:00:00,1.8039039284648168,1.792266474560141,1.745713976676402,1.7515331506729126,8861,1.4082090282440185,1.7106540369987489,1.6130395233631134,0.11419508540963631,1.3846493525438408,1.841429694182386,54.97079056964829
2010-04-20 19:00:00,1.751533137127463,1.862094759941101,1.8329997842718992,1.862094759941101,29000,1.429739501476288,1.7110904663801194,1.6328242778778077,0.12149645155042087,1.389831374776966,1.8758171809786495,71.51901023720414
2010-04-21 19:00:00,1.8620946604480575,1.9784756745169678,1.7457138699012198,1.8039038181304932,128889,1.450106155872345,1.7105085575580596,1.6447533190250396,0.12614363419733182,1.392466050630376,1.8970405874197032,65.62497559276765
2010-04-25 19:00:00,1.8039038930723026,1.9202855825424194,1.2510945562036002,1.9202855825424194,41889,1.4733823454380035,1.7105085575580596,1.6636652410030366,0.1377542369785645,1.3881567670459076,1.9391737149601656,69.44445013501446
2010-04-26 19:00:00,1.9202855155990437,1.8911896472016663,1.7457138815679656,1.7689896821975708,35444,1.4913049995899201,1.7098975574970245,1.6732666552066804,0.13808470031379358,1.3970972545790932,1.9494360558342676,59.70147260956002
2010-04-27 19:00:00,1.768989778574099,1.850456426348556,1.745713976676402,1.7515331506729126,143389,1.5065509057044983,1.7091992747783662,1.677339994907379,0.13918255056043988,1.3989748937864994,1.9557050960282587,57.78896308816688
2010-04-28 19:00:00,1.7515330592403033,1.7573522329330444,1.2627328628265229,1.7573522329330444,3222,1.5136501574516297,1.7085300874710083,1.6825771629810333,0.14017012903647683,1.4022369049080796,1.962917421053987,59.18367538915366
2010-04-29 19:00:00,1.7573522970133555,1.7573522970133555,1.7457139492034912,1.7457139492034912,67667,1.5264520621299744,1.7085300874710083,1.696542876958847,0.13112034613088014,1.4343021846970867,1.9587835692206075,59.79383860081594
2010-05-02 19:00:00,1.7457138855475622,1.7573522329330444,1.7573522329330444,1.7573522329330444,3222,1.5427454018592834,1.7056787568330765,1.70876287817955,0.12432216931049378,1.4601185395585625,1.9574072168005376,56.179784203620294
2010-05-03 19:00:00,1.7573522171823908,1.8213613390522496,1.7573522171823908,1.8039038181304932,4833,1.5600861561298371,1.704223993420601,1.7233104586601258,0.11701132918705968,1.4892878002860064,1.9573331170342452,61.36363689271886
2010-05-04 19:00:00,1.8039039000761503,1.7748089246398207,1.7166189737671615,1.7457139492034912,49139,1.5774269127845764,1.7027692300081254,1.733493798971176,0.10899369619255551,1.515506406586065,1.951481191356287,43.4782744236913
2010-05-06 19:00:00,1.7457139372970358,1.8620947323369228,1.7457139372970358,1.8562755584716797,2416,1.5877848172187805,1.701285371184349,1.7477504670619965,0.10522286032763445,1.5373047464067278,1.9581961877172653,56.02834983431697
2010-05-10 19:00:00,1.745713976676402,1.7515331506729126,1.745713976676402,1.7515331506729126,23361,1.5880175852775573,1.6997142291069032,1.7579338073730468,0.09413087032115079,1.5696720667307453,1.9461955480153483,50.318480479818255
2010-05-11 19:00:00,1.803903860863085,1.8679139900986041,1.7457139112553528,1.8504563570022583,11277,1.5934874844551086,1.6987831777334212,1.774227148294449,0.07852361677661661,1.6171799147412158,1.931274381847682,52.43903794811298
2010-05-12 19:00:00,1.8562754985520444,1.943561315536499,1.8562754985520444,1.943561315536499,31416,1.6017505359649657,1.6983176511526108,1.7899385631084441,0.07943749277152924,1.6310635775653857,1.9488135486515026,59.64911313881949
2010-05-13 19:00:00,1.7457138699012198,1.8039038181304932,1.7457138699012198,1.8039038181304932,12083,1.6081514883041381,1.6974447917938233,1.8015766441822052,0.06048500016395545,1.6806066438542944,1.922546644510116,47.15906690199249
2010-05-16 19:00:00,1.745713976676402,1.7515331506729126,1.745713976676402,1.7515331506729126,24166,1.614668824672699,1.6968919837474823,1.7966304838657379,0.06032198889100326,1.6759865060837313,1.9172744616477444,47.428604540769356
2010-05-17 19:00:00,1.7457139492034912,1.7515331231084232,1.7457139492034912,1.7457139492034912,4027,1.6257250118255615,1.6961646050214767,1.7960485696792603,0.06077527395198243,1.6744980217752954,1.9175991175832252,40.384579271296246
2010-05-18 19:00:00,1.7515331506729126,1.7515331506729126,1.7515331506729126,1.7515331506729126,4027,1.6371303510665893,1.6951753669977188,1.7963395297527314,0.06053507026614523,1.6752693892204409,1.9174096702850218,48.85499764487756
2010-05-19 19:00:00,1.7515331506729126,1.7515331506729126,1.745713976676402,1.7515331506729126,1611,1.6486520743370057,1.694622558951378,1.7937209963798524,0.06131826323522414,1.671084469909404,1.9163575228503007,50.0
2010-05-20 19:00:00,1.6875229924814592,1.7457139492034912,1.6875229924814592,1.7457139492034912,27389,1.659126362800598,1.6938951802253723,1.7934300363063813,0.061542380697076626,1.670345274912228,1.9165147977005346,49.218735120564745
2010-05-23 19:00:00,1.745713888886828,1.8911896551304321,1.745713888886828,1.8329997062683105,12083,1.6675057983398438,1.6936042302846908,1.7919752836227416,0.0601622438940897,1.671650795834562,1.9122997714109211,55.31916624750062
2010-05-24 19:00:00,1.7457139089023423,1.7748088836669922,1.7457139089023423,1.7748088836669922,43500,1.672161033153534,1.6931678009033204,1.7905205368995667,0.0602103705914491,1.6700997957166686,1.9109412780824648,51.006685479962464
2010-05-25 19:00:00,1.7457138699012198,1.8039038181304932,1.7457138699012198,1.8039038181304932,20944,1.6791438841819764,1.6922949415445327,1.7847014486789703,0.05208464527744386,1.6805321581240826,1.888870739233858,50.0
2010-05-30 19:00:00,1.6002380847930908,1.6002380847930908,1.6002380847930908,1.6002380847930908,59611,1.6812387537956237,1.6908401834964752,1.7762638688087464,0.06645117444951049,1.6433615199097256,1.9091662177077673,42.69006058131611
2010-05-31 19:00:00,1.6002380847930908,1.6002380847930908,1.6002380847930908,1.6002380847930908,59611,1.6841482901573182,1.6890944701433181,1.7686991155147553,0.07716297567981117,1.614373164155133,1.9230250668743776,35.52632394702189
2010-06-01 19:00:00,1.6002380528201425,1.6060563325881958,1.6002380528201425,1.6060563325881958,33833,1.6871741914749145,1.6844683265686036,1.7611343204975127,0.08531914455372666,1.5904960313900594,1.931772609604966,40.74067723101978
2010-06-02 19:00:00,1.6002380847930908,1.6002380847930908,1.6002380847930908,1.6002380847930908,8055,1.690083727836609,1.676903566122055,1.7538605272769927,0.09259402662810673,1.5686724740207794,1.939048580533206,31.93277180725218
2010-06-03 19:00:00,1.6002380847930908,1.6002380847930908,1.6002380847930908,1.6002380847930908,4833,1.6898509788513183,1.6664292848110198,1.7460048198699951,0.09874284561051241,1.5485191286489703,1.94349051109102,21.359157260284434
2010-06-06 19:00:00,1.6002380847930908,1.6002380847930908,1.6002380847930908,1.6002380847930908,26583,1.6921786165237427,1.6540638089179993,1.735821533203125,0.10287307001056831,1.5300753931819884,1.9415676732242617,27.84807041019019
2010-06-07 19:00:00,1.6002380528201425,1.6235138541573275,1.6002380528201425,1.6060563325881958,32222,1.6950881338119508,1.6443459969758987,1.7288386523723602,0.10683002658846774,1.5151785991954247,1.9424987055492957,32.39417153574263
2010-06-08 19:00:00,1.7457138699012198,1.8039038181304932,1.7457138699012198,1.8039038181304932,20944,1.7018382167816162,1.6370721858739854,1.7262200653553008,0.1041501727395219,1.517919719876257,1.9345204108343446,54.807666548477336
2010-06-09 19:00:00,1.6002379895273873,1.617694616317749,1.6002379895273873,1.617694616317749,11277,1.7028856492042541,1.6259578031301498,1.7195281386375427,0.10670650704973836,1.506115124538066,1.9329411527370195,41.481415049058235
2010-06-10 19:00:00,1.6002380847930908,1.6002380847930908,1.6002380847930908,1.6002380847930908,1611,1.7040494680404663,1.6176656633615494,1.7070172250270843,0.10520575171465019,1.496605721597784,1.9174287284563847,40.57967206417451
2010-06-13 19:00:00,1.4547612532298915,1.512952208518982,1.4547612532298915,1.512952208518982,12888,1.702769284248352,1.6093735229969024,1.6854867696762086,0.09806916662504617,1.4893484364261163,1.881625102926301,36.84205277095992
2010-06-14 19:00:00,1.512952208518982,1.512952208518982,1.512952208518982,1.512952208518982,23361,1.699627001285553,1.6013723331689835,1.670939189195633,0.10111135156231578,1.4687164860710014,1.8731618923202644,29.926909283563234
2010-06-16 19:00:00,1.512952208518982,1.512952208518982,1.512952208518982,1.512952208518982,805,1.6968338680267334,1.594389476776123,1.6590101420879364,0.10509771368617833,1.4488147147155797,1.8692055694602931,32.283387342093135
2010-06-17 19:00:00,1.512952208518982,1.512952208518982,1.512952208518982,1.512952208518982,161112,1.6977649188041688,1.5866792410612107,1.647372055053711,0.1078428504359722,1.4316863541817666,1.8630577559256554,29.508128727706378
2010-06-20 19:00:00,1.6002380847930908,1.6002380847930908,1.6002380847930908,1.6002380847930908,1611,1.6995106363296508,1.5823149567842483,1.63980730175972,0.10543121850584351,1.428944864748033,1.8506697387714068,50.0
2010-06-21 19:00:00,1.7457139492034912,1.7457139492034912,1.7457139492034912,1.7457139492034912,53972,1.7041658711433412,1.5799873393774033,1.6395163416862488,0.10511421216418035,1.429287917357888,1.8497447660146096,59.84254381776558
2010-06-22 19:00:00,1.7457139007334384,1.7980855703353882,1.7457139007334384,1.7980855703353882,3222,1.7092866396903992,1.5767577719688415,1.6421349227428437,0.10849692779449363,1.4251410671538565,1.8591287783318309,62.2223031550131
2010-06-23 19:00:00,1.7980856202595494,1.8039039000761503,1.7457139492034912,1.7457139492034912,21750,1.7127780747413635,1.573848249912262,1.6377706348896026,0.10197481434132877,1.4338210062069452,1.84172026357226,58.741254734004656
2010-06-24 19:00:00,1.7457139492034912,1.7457139492034912,1.7457139492034912,1.7457139492034912,6444,1.7167350268363952,1.5709387278556823,1.6363158881664277,0.10010740131309039,1.436101085540247,1.8365306907926084,58.741254734004656
2010-06-27 19:00:00,1.7457139492034912,1.8853705465685382,1.7457139492034912,1.7457139492034912,85389,1.7211575150489806,1.5684074449539185,1.6334063947200774,0.09573023022571069,1.441945934268656,1.8248668551714988,58.741254734004656
2010-06-28 19:00:00,1.7457139492034912,1.7457139492034912,1.7457139492034912,1.7457139492034912,4027,1.7234851336479187,1.5652069687843322,1.6406801879405974,0.09856228360964628,1.443555620721305,1.83780475515989,58.45073988597918
2010-07-01 19:00:00,1.1754469583571396,1.1929045915603638,1.1754469583571396,1.1929045915603638,4027,1.7159203815460204,1.5590969711542129,1.6203135132789612,0.14051546899818912,1.339282575282583,1.9013444512753395,24.137948085900575
2010-07-04 19:00:00,1.454761266708374,1.454761266708374,1.454761266708374,1.454761266708374,4027,1.7080064797401429,1.5535688728094101,1.6127487599849701,0.14531401801890606,1.322120723947158,1.9033767960227823,43.518513425104565
2010-07-07 19:00:00,1.6293330192565918,1.6293330192565918,1.6293330192565918,1.6293330192565918,805,1.7054460954666137,1.5497864919900894,1.614203506708145,0.14532781595675345,1.323547874794638,1.904859138621652,51.028795794745655
2010-07-08 19:00:00,1.6875230073928833,1.6875230073928833,1.6875230073928833,1.6875230073928833,805,1.7042822766304015,1.5471388244628905,1.6185677528381348,0.14619437151851378,1.3261790098011073,1.9109564958751624,56.3025008999232
2010-07-18 19:00:00,1.2569137400749864,1.2860087156295776,1.2569137400749864,1.2860087156295776,3222,1.6939243745803834,1.5423672026395798,1.6028562843799592,0.16406122456127661,1.274733835257406,1.9309787335025124,43.64818864573433
2010-07-19 19:00:00,1.6875229993406933,1.2860087156295776,1.2569137400749864,1.2860087156295776,3222,1.6846138858795165,1.5374501049518585,1.5868539035320282,0.1786891214467498,1.2294756606385286,1.9442321464255277,43.64818864573433
2010-07-25 19:00:00,1.7457138696410006,1.9784756742220526,1.7166188955307007,1.7166188955307007,80556,1.6817043685913087,1.534395107626915,1.5824896574020386,0.17411635480187662,1.2342569477982854,1.9307223670057918,54.59317613527115
2010-07-28 19:00:00,1.6875230073928833,1.6875230073928833,1.6875230073928833,1.6875230073928833,80556,1.6793767523765564,1.5322129654884338,1.5859810769557954,0.17555362210483275,1.23487383274613,1.9370883211654608,52.02154446981486
2010-08-19 19:00:00,1.7457139492034912,1.7457139492034912,1.7457139492034912,1.7457139492034912,80556,1.6758853197097778,1.5309036815166472,1.5932548701763154,0.17915232820088148,1.2349502137745525,1.9515595265780783,50.0
2010-08-22 19:00:00,1.6875230073928833,1.6875230073928833,1.6875230073928833,1.6875230073928833,80556,1.674255986213684,1.5291579633951187,1.6019834101200103,0.1792865676317323,1.2434102748565456,1.960556545383475,47.33892183104039
2010-08-23 19:00:00,1.6875229444762943,1.891189666674574,1.454761247669353,1.8853704929351807,16111,1.6769327330589294,1.5298562461137772,1.6206043243408204,0.1886484768097004,1.2433073707214195,1.9979012779602212,53.141345926131855
2010-08-24 19:00:00,1.862094759941101,1.862094759941101,1.862094759941101,1.862094759941101,16111,1.6790275835990907,1.5290124833583831,1.6380614519119263,0.1942340333659642,1.2495933851799979,2.0265295186438546,52.59066943656331
2010-08-25 19:00:00,1.6875230073928833,1.6875230073928833,1.6875230073928833,1.6875230073928833,16111,1.6778637647628785,1.5265393871068955,1.6467899918556212,0.1922280319570958,1.2623339279414296,2.031246055769813,48.79806789082891
2010-08-30 19:00:00,1.6875230109956676,2.0366666316986084,1.6875230109956676,2.0366666316986084,146612,1.6834500527381897,1.5250846284627915,1.6686114192008972,0.21056239599653914,1.2474866272078189,2.0897362111939755,55.25210259440123
2010-09-05 19:00:00,1.5478663444519043,1.5478663444519043,1.5478663444519043,1.5478663444519043,805,1.6783293032646178,1.5191492015123367,1.658719038963318,0.21139527938217711,1.2359284801989636,2.0815095977276723,56.55913116323864
2010-09-07 19:00:00,1.6060563325881958,1.6060563325881958,1.6060563325881958,1.6060563325881958,805,1.6755361509323121,1.515250437259674,1.6491175770759583,0.2090804287355878,1.2309567196047828,2.067278434547134,53.02324949862827
2010-09-13 19:00:00,1.7457139492034912,1.7457139492034912,1.7457139492034912,1.7457139492034912,8055,1.6733249187469483,1.5123409152030944,1.6491175770759583,0.2090804287355878,1.2309567196047828,2.067278434547134,52.35848769442037
2010-09-14 19:00:00,1.7457139492034912,1.7457139492034912,1.7457139492034912,1.7457139492034912,18527,1.6732085347175598,1.5094022977352142,1.6491175770759583,0.2090804287355878,1.2309567196047828,2.067278434547134,51.20773762017044
2010-09-15 19:00:00,1.7457139492034912,1.7457139492034912,1.7457139492034912,1.7457139492034912,805,1.6711136865615845,1.5064927756786346,1.6491175770759583,0.2090804287355878,1.2309567196047828,2.067278434547134,61.44926994068853
2010-09-16 19:00:00,1.7457139492034912,1.7457139492034912,1.7457139492034912,1.7457139492034912,8055,1.6671567392349242,1.503874204158783,1.6491175770759583,0.2090804287355878,1.2309567196047828,2.067278434547134,61.44926994068853
2010-09-19 19:00:00,1.7457139492034912,1.7457139492034912,1.7457139492034912,1.7457139492034912,805,1.6659929418563844,1.501779350042343,1.6767580449581145,0.18013131899652746,1.3164954069650596,2.0370206829511694,50.922502000410475
2010-09-28 19:00:00,1.7457139492034912,1.7457139492034912,1.233637933434642,1.7457139492034912,16916,1.6658765578269958,1.5004700660705566,1.6913056790828704,0.17286109781062944,1.3455834834616116,2.0370278747041293,51.87971221909019
2010-10-05 19:00:00,1.7457139492034912,1.7457139492034912,1.7457139492034912,1.7457139492034912,805,1.6658765578269958,1.4995681166648864,1.6971247255802155,0.172623814731772,1.3518770961166715,2.0423723550437596,50.0
2010-10-10 19:00:00,1.9493807554244995,1.9493807554244995,1.9493807554244995,1.9493807554244995,805,1.6698335099220276,1.499771784543991,1.7102176129817963,0.18155658599265753,1.3471044409964812,2.073330784967111,58.00713147369695
2010-10-12 19:00:00,1.891189694404602,1.891189694404602,1.891189694404602,1.891189694404602,805,1.6726266407966615,1.499771784543991,1.7404766619205474,0.1557289462389259,1.4290187694426955,2.0519345543983993,50.19455746079139
2010-10-13 19:00:00,1.8795522451400757,1.8795522451400757,1.8795522451400757,1.8795522451400757,1611,1.6753034067153931,1.4995681178569793,1.7701538383960724,0.11606821878074686,1.5380174008345788,2.002290275957566,50.588246257805174
2010-10-24 19:00:00,1.9493807554244995,1.9493807554244995,1.9493807554244995,1.9493807554244995,805,1.677631027698517,1.5005864518880845,1.7817919313907624,0.12193876597802476,1.5379143994347129,2.0256694633468117,59.49368554787344
2010-10-27 19:00:00,1.9202855825424194,1.9202855825424194,1.9202855825424194,1.9202855825424194,805,1.6805405616760254,1.5005864518880845,1.7934300601482391,0.12356484146405704,1.5463003772201251,2.0405597430763533,44.5054911039355
2010-10-31 19:00:00,1.862094759941101,1.862094759941101,1.862094759941101,1.862094759941101,805,1.6817043805122376,1.4994517385959625,1.7992491006851197,0.12393927205082265,1.5513705565834743,2.047127644786765,74.99997628930687
2010-11-03 19:00:00,1.5711421966552734,1.5711421966552734,1.5711421966552734,1.5711421966552734,805,1.6811224627494812,1.4974732637405395,1.7934300601482391,0.13193513858224495,1.5295597829837493,2.057300337312729,47.97298391556325
2010-11-07 19:00:00,1.5711421966478094,1.8620947450371408,1.7457139492034912,1.7457139492034912,10472,1.6840319800376893,1.4968622636795044,1.7864472329616548,0.13050092187895693,1.525445389203741,2.0474490767195688,50.0
2010-11-09 19:00:00,1.7457139372970358,1.978475750898891,1.7457139372970358,1.8562755584716797,12083,1.689036364555359,1.4974150717258454,1.7861562728881837,0.13032975892429569,1.5254967550395924,2.046815790736775,55.49131202532785
2010-11-10 19:00:00,1.8562755584716797,1.8562755584716797,1.8562755584716797,1.8562755584716797,2416,1.6941571140289307,1.4988407385349274,1.7945939004421234,0.12906452836055732,1.5364648437210087,2.052722957163238,55.49131202532785
2010-11-11 19:00:00,1.856275486807472,1.9726565008763823,1.7980855385781984,1.8039038181304932,2416,1.6982304286956786,1.5002954965829849,1.7829557597637176,0.11591147668487803,1.5511328063939616,2.014778713133474,52.74722194769939
2010-11-14 19:00:00,1.7457139492034912,1.7457139492034912,1.7457139492034912,1.7457139492034912,805,1.7011399459838867,1.499742688536644,1.792848140001297,0.10245324315972473,1.5879416536818476,1.9977546263207464,50.0
2010-11-21 19:00:00,1.8620947378073611,1.9202855825424194,1.8620947378073611,1.9202855825424194,805,1.7074245309829712,1.5009065014123917,1.8085596024990083,0.09620394865881138,1.6161517051813856,2.000967499816631,56.7567624930479
2010-11-24 19:00:00,1.7457139492034912,1.7457139492034912,1.7457139492034912,1.7457139492034912,805,1.706260733604431,1.5009065014123917,1.8085596024990083,0.09620394865881138,1.6161517051813856,2.000967499816631,50.0
2010-11-25 19:00:00,1.745713972324534,1.745713972324534,1.227818775791509,1.350018858909607,33028,1.7009072184562684,1.4989280259609223,1.788774847984314,0.14036233228826844,1.508050183407777,2.069499512560851,31.929828470713232
2010-11-29 19:00:00,1.6875230073928833,1.6875230073928833,1.6875230073928833,1.6875230073928833,805,1.7026529169082643,1.4986370712518693,1.7858653008937835,0.14189664272511937,1.5020720154435447,2.069658586344022,44.74474188121556
2010-12-01 19:00:00,1.3383803713885125,1.681703805923462,1.3383803713885125,1.681703805923462,29000,1.7060279488563537,1.498317020535469,1.7826647937297821,0.14356203650545926,1.4955407207188636,2.0697888667407005,44.87949667999514
2010-12-02 19:00:00,1.6467896837867584,1.9726566079188854,1.3907521765646014,1.6875230073928833,7250,1.7095193648338318,1.4986079704761506,1.7797552466392517,0.14493344997238003,1.4898883466944917,2.069622146584012,42.990638578786594
2010-12-09 19:00:00,1.7457139893209244,2.269428253173828,1.7457139893209244,2.269428253173828,59611,1.7246488857269286,1.5015174967050553,1.8059409618377686,0.18122614591274683,1.4434886700122749,2.1683932536632624,57.21153251895734
2010-12-12 19:00:00,1.6933421663863912,1.7457139492034912,1.6933421663863912,1.7457139492034912,7250,1.729304120540619,1.5015174967050553,1.8059409618377686,0.18122614591274683,1.4434886700122749,2.1683932536632624,47.983873682382786
2010-12-14 19:00:00,1.6991614656522287,1.862094759941101,1.6991614656522287,1.862094759941101,8861,1.7345412540435792,1.5021284967660904,1.8015766620635987,0.17862232071464515,1.4443320206343084,2.158821303492889,55.3648101310452
2010-12-22 19:00:00,1.6875230073928833,1.6875230073928833,1.6875230073928833,1.6875230073928833,2416,1.733377435207367,1.5027104008197785,1.7913933277130127,0.17904960651946153,1.4332941146740896,2.1494925407519356,48.92703006072531
2010-12-28 19:00:00,1.7457139492034912,1.7457139492034912,1.7457139492034912,1.7457139492034912,805,1.732330002784729,1.5035832595825196,1.7847014129161836,0.1780797347622466,1.4285419433916904,2.140860882440677,47.921231572424304
2010-12-29 19:00:00,1.7457139492034912,1.7457139492034912,1.7457139492034912,1.7457139492034912,805,1.732330002784729,1.5043106389045715,1.774518072605133,0.17394224310730483,1.4266335863905235,2.1224025588197426,47.921231572424304
2010-12-30 19:00:00,1.7457139492034912,1.7457139492034912,1.7457139492034912,1.7457139492034912,805,1.732330002784729,1.5051834976673126,1.7657894909381866,0.17059029444535462,1.4246089020474773,2.106970079828896,48.883940432070794
2011-01-04 19:00:00,1.8970088958740234,1.8970088958740234,1.8970088958740234,1.8970088958740234,805,1.7353559017181397,1.5068128311634064,1.7675351977348328,0.17180202807602912,1.4239311415827745,2.111139253886891,52.80171789589982
2011-01-05 19:00:00,1.844637155532837,1.844637155532837,1.844637155532837,1.844637155532837,805,1.7373343658447267,1.507278351187706,1.781209945678711,0.1661383897722768,1.4489331661341573,2.1134867252232645,48.532716230276236
2011-01-06 19:00:00,1.3092853696695597,1.7980855703353882,1.3092853696695597,1.7980855703353882,48333,1.749437985420227,1.5075402092933654,1.7838285267353058,0.16596210857541507,1.4519043095844757,2.115752743886136,51.06888757494865
2011-01-09 19:00:00,1.606056345989071,1.7457139492034912,1.606056345989071,1.7457139492034912,29805,1.7552570390701294,1.5066673511266708,1.7783004462718963,0.1652618278773634,1.4477767905171695,2.108824102026623,59.39226051911753
2011-01-10 19:00:00,1.6235138454314906,1.7282564037793935,1.5711421750938996,1.6293330192565918,4833,1.7552570390701294,1.5066673511266708,1.766953319311142,0.1674033882725858,1.4321465427659703,2.1017600958563136,48.456803764423455
2011-01-12 19:00:00,1.6293330468025315,1.6351522207260132,1.6293330468025315,1.6351522207260132,1611,1.754209623336792,1.5056199264526366,1.7585157394409179,0.16968024554586877,1.4191552483491803,2.0978762305326555,48.765453760386315
2011-01-13 19:00:00,1.7398947477340698,1.7398947477340698,1.7398947477340698,1.7398947477340698,805,1.7632873439788819,1.5060272604227065,1.7582247793674468,0.16970833977354957,1.4188080998203476,2.097641458914546,51.31965570469049
2011-01-16 19:00:00,1.635152163529683,1.7340755462646484,1.635152163529683,1.7340755462646484,3222,1.7722486805915834,1.5056781190633775,1.7489142775535584,0.16540274035762145,1.4181087968383155,2.0797197582688014,30.991724483315636
2011-01-17 19:00:00,1.6351522207260132,1.6351522207260132,1.6351522207260132,1.6351522207260132,8861,1.7706193470954894,1.50512531042099,1.7433861911296844,0.16735144748328967,1.408683296163105,2.0780890860962637,44.378704536861754
2011-01-20 19:00:00,1.3383803739508027,1.5944188833236694,1.3383803739508027,1.5944188833236694,5638,1.7687572646141052,1.5042524564266204,1.7556061923503876,0.14447554239579874,1.4666551075587901,2.044557277141985,35.25642237833647
2011-01-23 19:00:00,1.3441996574401855,1.3441996574401855,1.3441996574401855,1.3441996574401855,4027,1.760726978778839,1.502273980975151,1.7384400248527527,0.17095966520642553,1.3965206944399018,2.0803593552656037,32.54439383270261
2011-01-30 19:00:00,1.5711421966552734,1.5711421966552734,1.5711421966552734,1.5711421966552734,805,1.758399362564087,1.5021285015344619,1.7329119443893433,0.17463877105122647,1.3836344022868903,2.0821894864917962,42.42422016359058
2011-01-31 19:00:00,1.47803795337677,1.47803795337677,1.47803795337677,1.47803795337677,3222,1.7502527117729187,1.5007901215553283,1.7224376916885376,0.18355863870645533,1.355320414275627,2.089554969101448,39.252329022864856
2011-02-01 19:00:00,1.3151045704524287,1.3441996574401855,1.3151045704524287,1.3441996574401855,2416,1.7398948097229003,1.4996554088592529,1.6761762619018554,0.15239226418953966,1.371391733522776,1.9809607902809347,35.443021233942645
2011-02-02 19:00:00,1.256913661956787,1.256913661956787,1.256913661956787,1.256913661956787,3222,1.7312826228141784,1.4980842661857605,1.6517362475395203,0.17774079193386763,1.296254663671785,2.0072178314072557,25.663698604681514
2011-02-16 19:00:00,1.1056186241054509,1.2219995260238647,1.1056186241054509,1.2219995260238647,31416,1.7149892807006837,1.4963385528326034,1.6197314858436584,0.19469015111511906,1.2303511836134202,2.0091117880738967,26.008959670459035
2011-03-06 19:00:00,1.1056186730464121,1.1579904556274414,0.995057051616061,1.1579904556274414,6444,1.7071917629241944,1.4942727941274643,1.5932548582553863,0.2194214517538462,1.1544119547476939,2.0320977617630787,25.66370093100103
2011-03-08 19:00:00,1.1579904556274414,1.1579904556274414,0.9310469212776281,1.1579904556274414,1611,1.6982304453849792,1.4922070354223251,1.5638686835765838,0.23661094836559082,1.0906467868454022,2.0370905803077655,26.728099070253435
2011-03-09 19:00:00,1.047427773475647,1.047427773475647,1.047427773475647,1.047427773475647,8055,1.6842647218704223,1.489588463306427,1.5289543747901917,0.258840878846359,1.0112726170974737,2.0466361324829094,26.85182331117835
2011-03-10 19:00:00,1.1579904556274414,1.1579904556274414,1.1579904556274414,1.1579904556274414,1611,1.6725102519989015,1.4871735632419587,1.4995682001113892,0.2661946242540008,0.9671789516033876,2.0319574486193908,32.478639138206304
2011-03-13 19:00:00,1.1347136497497559,1.1347136497497559,1.1347136497497559,1.1347136497497559,3222,1.6602902460098266,1.484904133081436,1.4614534378051758,0.2608121945618266,0.9398290486815226,1.983077826928829,26.363650331384832
2011-03-15 19:00:00,1.1579904556274414,1.1579904556274414,1.1579904556274414,1.1579904556274414,805,1.6485357761383057,1.4803652775287628,1.427121102809906,0.2527868720886628,0.9215473586325804,1.9326948469872316,27.80274071767228
2011-03-16 19:00:00,1.0183328266655365,1.0532469749450684,1.0183328266655365,1.0532469749450684,32222,1.6346864366531373,1.4802488940954208,1.38987917304039,0.2501105915356673,0.8896579899690555,1.8901003561117247,27.67859796696503
2011-03-17 19:00:00,1.018332839012146,1.018332839012146,1.018332839012146,1.018332839012146,8055,1.6201388144493103,1.4802488940954208,1.3535101175308228,0.2485245914336225,0.8564609346635779,1.8505593003980678,27.802720284768384
2011-03-20 19:00:00,1.2685520648956299,1.2685520648956299,1.2685520648956299,1.2685520648956299,805,1.610595576763153,1.481645465195179,1.3354710698127747,0.2404115365409239,0.854647996730927,1.8162941428946224,47.085208384969405
2011-03-31 19:00:00,1.018332818867639,1.0765236616134644,1.018332818867639,1.0765236616134644,16916,1.5931384348869324,1.4828674656152725,1.3075396418571472,0.2361754595060564,0.8351887228450344,1.77989056086926,30.414807624608017
2011-04-03 19:00:00,1.2801904678344727,1.2801904678344727,1.2801904678344727,1.2801904678344727,805,1.5809184503555298,1.4857769918441772,1.2845544278621674,0.2131281729850569,0.8582980818920536,1.7108107738322813,42.796632275361695
2011-04-04 19:00:00,1.018332839012146,1.018332839012146,1.018332839012146,1.018332839012146,805,1.5636940622329711,1.4876099926233293,1.2487672924995423,0.19279646502680028,0.8631743624459418,1.6343602225531428,39.147307595771856
2011-04-10 19:00:00,1.018332839012146,1.018332839012146,1.018332839012146,1.018332839012146,805,1.545073103904724,1.4881918972730637,1.2179263234138489,0.1763701965991958,0.8651859302154572,1.5706667166122406,41.563810224099136
2011-04-11 19:00:00,1.018332839012146,1.0241520128106723,1.018332839012146,1.018332839012146,2416,1.5270340490341185,1.4883373722434043,1.1891220211982727,0.15770052123299022,0.8737209787322923,1.5045230636642533,42.61605144422821
2011-04-12 19:00:00,1.0474278683644003,1.1056187152862549,1.0474278683644003,1.1056187152862549,18527,1.5119045281410217,1.4897630396485328,1.1771929740905762,0.15434024598506613,0.868512482120444,1.4858734660607085,48.13277436901879
2011-04-14 19:00:00,1.0765236616134644,1.0765236616134644,1.0765236616134644,1.0765236616134644,805,1.5020121574401855,1.4902576610445977,1.1524620473384857,0.12466866926690202,0.9031247088046817,1.4017993858722897,47.15447479452591
2011-04-25 19:00:00,1.2860087156295776,1.2860087156295776,1.2860087156295776,1.2860087156295776,805,1.4928180527687074,1.4913050863146782,1.142860585451126,0.10394698685548087,0.9349666117401643,1.3507545591620878,57.79466407062893
2011-05-03 19:00:00,1.018332839012146,1.018332839012146,1.018332839012146,1.018332839012146,3222,1.4760591983795166,1.4913050863146782,1.1265672445297241,0.09595909874482751,0.9346490470400691,1.3184854420193792,45.86205822313909
2011-05-15 19:00:00,1.1638086462381354,1.2510945796966553,1.1638086462381354,1.2510945796966553,4027,1.4639555788040162,1.4917415162920953,1.1262762904167176,0.0955510333713327,0.9351742236740522,1.3173783571593831,53.067483159028114
2011-05-16 19:00:00,1.1638085842132568,1.1638085842132568,1.1638085842132568,1.1638085842132568,805,1.4511536741256714,1.4917415162920953,1.1233667433261871,0.09334328987958745,0.9366801635670122,1.310053323085362,50.14834450258483
2011-05-17 19:00:00,1.1638085842132568,1.1638085842132568,1.1638085842132568,1.1638085842132568,805,1.4395155668258668,1.4917415162920953,1.123657649755478,0.09346586037444006,0.9367259290065979,1.310589370504358,52.97804909845314
2011-05-18 19:00:00,1.280190430585768,1.7457139492034912,1.280190430585768,1.7457139492034912,188501,1.436024134159088,1.4940982297062875,1.1530438244342804,0.1677224880465543,0.8175988483411718,1.488488800527389,65.13317293371821
2011-05-19 19:00:00,1.3674753904342651,1.3674753904342651,1.3674753904342651,1.3674753904342651,2416,1.4284593629837037,1.494971083700657,1.1690462052822113,0.1723201502337512,0.8244059048147089,1.5136865057497135,51.95401293088447
2011-05-24 19:00:00,1.3674754019595512,1.7398946904382055,1.2219995260238647,1.2219995260238647,33028,1.4258989763259888,1.4961348921060562,1.1722466588020324,0.17269800472402955,0.8268506493539733,1.5176426682500914,52.92739333367812
2011-05-25 19:00:00,1.2219995665423538,1.3383803605586317,1.1812662439322408,1.1929045915603638,99889,1.4160066080093383,1.4970077508687973,1.1751562058925629,0.17252248213668406,0.8301112416191947,1.520201170165931,48.11082776378586
2011-05-26 19:00:00,1.2801904678344727,1.2801904678344727,1.2801904678344727,1.2801904678344727,4027,1.4079763412475585,1.499044418334961,1.1812662065029145,0.17403977480355856,0.8331866568957973,1.5293457561100317,56.13080237385882
2011-05-29 19:00:00,1.3383803367614746,1.3383803367614746,1.3383803367614746,1.3383803367614746,6444,1.4009934878349304,1.5006446558237077,1.1955228745937347,0.17467833529948698,0.8461662039947608,1.5448795451927086,57.29442989560099
2011-05-31 19:00:00,1.1638085842132568,1.1638085842132568,1.1638085842132568,1.1638085842132568,12083,1.378881094455719,1.5017211765050889,1.2027966618537902,0.16987444644111685,0.8630477689715566,1.5425455547360238,53.07124440188401
2011-06-06 19:00:00,1.2743712937602245,1.2801904678344727,1.2743712937602245,1.2801904678344727,12083,1.3695706248283386,1.5031759396195412,1.2033785820007323,0.1701312928104388,0.8631159963798547,1.54364116762161,53.640783143762825
2011-06-09 19:00:00,1.1638086375788603,1.1987237930297852,1.1638086375788603,1.1987237930297852,104722,1.3563032054901123,1.5047470867633819,1.2094885885715485,0.16750983187195936,0.8744689248276298,1.5445082523154672,52.49406403470463
2011-06-12 19:00:00,1.291827917098999,1.291827917098999,1.291827917098999,1.291827917098999,8055,1.3483893036842347,1.5061145621538161,1.2100704610347748,0.16778833305551857,0.8744937949237377,1.5456471271458119,50.12469155348127
2011-06-13 19:00:00,1.1929046146032416,1.2103612422943115,1.1929046146032416,1.2103612422943115,255362,1.337682249546051,1.507802083492279,1.2196718811988831,0.1616198582367598,0.8964321647253635,1.5429115976724028,54.47153925394724
2011-06-14 19:00:00,1.2103612468380744,1.2278187686830158,1.1929046190814714,1.1987237930297852,218307,1.326742446422577,1.5104497516155242,1.228691428899765,0.15467673601615833,0.9193379568674483,1.5380449009320816,48.640500230854826
2011-06-15 19:00:00,1.1987237653744252,1.2278187403564154,1.1929045915603638,1.1929045915603638,103917,1.3156862592697143,1.51161356061697,1.2374200165271758,0.14691192441579548,0.9435961676955849,1.5312438653587668,50.78866432720753
2011-06-16 19:00:00,1.216180443763733,1.216180443763733,1.216180443763733,1.216180443763733,805,1.3020696902275086,1.5128646576404572,1.2429481029510498,0.1437372417821515,0.9554736193867468,1.530422586515353,51.401880849174226
2011-06-19 19:00:00,1.2278187952545967,1.2801904678344727,1.2278187952545967,1.2801904678344727,58000,1.2907807564735412,1.5149013251066208,1.2531314432621001,0.13844310811331817,0.9762452270354638,1.5300176594887365,32.758628910871366
2011-06-20 19:00:00,1.2918278644651702,1.454761266708374,1.2918278644651702,1.454761266708374,261807,1.283914270401001,1.51778175085783,1.26156907081604,0.1455141861391984,0.9705406985376432,1.552597443094437,53.80711831767952
2011-06-21 19:00:00,1.3849329441189573,1.5129521952481433,1.3092853622968095,1.3383803367614746,197362,1.2757675981521606,1.5198184180259704,1.2775714457035066,0.13454167326627925,1.0084880991709482,1.546654792236065,55.20833211074896
2011-06-22 19:00:00,1.3616561360871804,1.4489420652389526,1.3616561360871804,1.4489420652389526,1611,1.2721597790718078,1.522553368806839,1.2874638199806214,0.13966830226424656,1.0081272154521284,1.5668004245091145,60.67959436796313
2011-06-23 19:00:00,1.3616561745564122,1.3616561745564122,1.3209228515625,1.3209228515625,94250,1.2658751916885376,1.5248227941989898,1.2953195333480836,0.13673487663928363,1.0218497800695163,1.5687892866266508,51.64315546171933
2011-06-26 19:00:00,1.3209228515625,1.3209228515625,1.3209228515625,1.3209228515625,1611,1.2574957537651061,1.5263357442617416,1.3031752467155457,0.1332505078123341,1.0366742310908776,1.5696762623402138,49.26106902892066
2011-06-27 19:00:00,1.2394571038140694,1.3092854022979736,1.2394571038140694,1.3092854022979736,357669,1.2489999508857728,1.5285178864002227,1.2813538193702698,0.08336085026667507,1.1146321188369197,1.44807551990362,57.14289727884053
2011-06-29 19:00:00,1.3500187834227317,1.483856201171875,1.3500187834227317,1.483856201171875,24972,1.24597403049469,1.532009311914444,1.2871728599071504,0.09317348300316275,1.1008258939008249,1.4735198259134759,59.45944150232014
2011-06-30 19:00:00,1.4547612532298915,1.512952208518982,1.4547612532298915,1.512952208518982,8055,1.2443446969985963,1.5356462174654006,1.301720494031906,0.10448891615896724,1.0927426617139715,1.5106983263498406,65.34093336258809
2011-07-03 19:00:00,1.542047142982483,1.542047142982483,1.542047142982483,1.542047142982483,2416,1.248301646709442,1.5395740726590157,1.319177621603012,0.1140779304053704,1.0910217607922712,1.5473334824137528,63.03033666586088
2011-07-04 19:00:00,1.5944188929987935,1.6467896699905396,1.5944188929987935,1.6467896699905396,4833,1.2498145961761475,1.5434437361359596,1.3375075817108155,0.13501493430933068,1.0674777130921542,1.6075374503294768,72.18938992537608
2011-07-05 19:00:00,1.542047142982483,1.542047142982483,1.542047142982483,1.542047142982483,3222,1.2510947799682617,1.546207782626152,1.3476909220218658,0.1425543809938987,1.0625821600340684,1.6327996840096632,65.9459515126536
2011-07-07 19:00:00,1.4722187519073486,1.4722187519073486,1.4722187519073486,1.4722187519073486,3222,1.253655161857605,1.5465569281578064,1.3631114304065703,0.13823167127986952,1.0866480878468314,1.6395747729663093,62.244915557082024
2011-07-10 19:00:00,1.3965713694035449,1.4663996696472168,1.3965713694035449,1.4663996696472168,50750,1.2578448820114136,1.5483608329296112,1.3724218904972076,0.13862307564821705,1.0951757392007735,1.6496680417936418,61.139921946971626
2011-07-11 19:00:00,1.4256663136235617,1.9784757644022726,1.396571338187094,1.5711421966552734,13694,1.2648277354240418,1.5515031176805496,1.391042810678482,0.13907490268671388,1.1128930053050543,1.6691926160519097,62.5
2011-07-13 19:00:00,1.4547612942520671,1.4605804681777954,1.4547612942520671,1.4605804681777954,4833,1.2708795356750489,1.5541216894984244,1.399480438232422,0.1378524692172918,1.1237754997978384,1.6751853766670055,50.26455777743502
2011-07-14 19:00:00,1.454761266708374,1.460580440523925,1.454761266708374,1.454761266708374,6444,1.2768149518966674,1.5570021152496338,1.411700439453125,0.1308607321674888,1.1499789751181473,1.6734219037881026,55.8823635740947
2011-07-19 19:00:00,1.454761266708374,1.454761266708374,1.4314854655344866,1.454761266708374,5638,1.284961621761322,1.5575840198993682,1.4245023131370544,0.12108794471931321,1.182326423698428,1.6666782025756808,50.33113526178442
2011-07-20 19:00:00,1.4314854106727521,1.4431228637695312,1.4314854106727521,1.4431228637695312,21750,1.2906642699241637,1.5561001604795457,1.4370132267475129,0.10813302671139464,1.2207471733247235,1.6532792801703022,58.01528544008037
2011-07-24 19:00:00,1.431485515673338,1.431485515673338,1.402389645576477,1.402389645576477,7250,1.2960177898406982,1.5552273017168046,1.44632368683815,0.09538295633926248,1.2555577741596249,1.637089599516675,55.072482916008354
2011-07-25 19:00:00,1.542047142982483,1.542047142982483,1.542047142982483,1.542047142982483,3222,1.3036989235877992,1.5552854937314988,1.4594165205955505,0.08914640427971596,1.2811237120361185,1.6377093291549825,62.50000160047384
2011-07-26 19:00:00,1.425666293497967,1.5304087400436401,1.425666293497967,1.5304087400436401,12083,1.3132421588897705,1.5555182564258576,1.4631988942623138,0.09053253074719946,1.2821338327679148,1.6442639557567127,53.03031267134752
2011-07-27 19:00:00,1.3441996340237334,1.512952208518982,1.3441996340237334,1.512952208518982,5638,1.3231345462799071,1.5559546858072282,1.4719274878501891,0.08617564572577943,1.2995761963986303,1.644278779301748,50.0
2011-07-28 19:00:00,1.3674754182134077,1.3965712866648023,1.3674754182134077,1.3732945919036865,38666,1.3252293968200684,1.5568566358089446,1.4681451141834259,0.08885605980221517,1.2904329945789956,1.645857233787856,40.2684416117771
2011-07-31 19:00:00,1.3732946214672919,1.454761266708374,1.3674754476517408,1.454761266708374,9666,1.3327941489219666,1.5582241111993789,1.4748370349407196,0.08195688359436139,1.3109232677519969,1.6387508021294424,38.620698229595504
2011-08-02 19:00:00,1.3441996980884727,1.3907521963119507,1.3441996980884727,1.3907521963119507,41889,1.335005383491516,1.5593006372451783,1.4783285021781922,0.0763504944230809,1.3256275133320305,1.631029491024354,40.57972563532746
2011-08-03 19:00:00,1.3732946071113026,1.4140279293060303,1.3732946071113026,1.4140279293060303,31416,1.342919285297394,1.560260779261589,1.483565628528595,0.06718748559097111,1.3491906573466528,1.6179405997105372,46.15382069779308
2011-08-04 19:00:00,1.3674753904342651,1.3674753904342651,1.3674753904342651,1.3674753904342651,4833,1.349902136325836,1.5600280165672302,1.4777465879917144,0.07202654498740915,1.3336934980168962,1.6217996779665327,43.795588020889795
2011-08-07 19:00:00,1.3732945919036865,1.3732945919036865,1.3732945919036865,1.3732945919036865,6444,1.357001371383667,1.5591842538118363,1.4707637071609496,0.07513644141783266,1.3204908243252844,1.6210365899966148,35.83333646314577
2011-08-08 19:00:00,1.3092853347902713,1.3558379411697388,1.3092853347902713,1.3558379411697388,8861,1.3620057559013368,1.558689637184143,1.4614532470703125,0.07734309137110054,1.3067670643281115,1.6161394298125136,41.34617809000626
2011-08-09 19:00:00,1.6875230073928833,1.6875230073928833,1.6875230073928833,1.6875230073928833,805,1.374225742816925,1.559649779200554,1.4634899139404296,0.08282260958361945,1.2978446947731908,1.6291351331076684,62.50000480142276
2011-08-11 19:00:00,1.396571365645454,1.402389645576477,1.396571365645454,1.402389645576477,16111,1.376553361415863,1.5593879210948944,1.4565070390701294,0.081730913508862,1.2930452120524054,1.6199688660878533,47.846880290906036
2011-08-14 19:00:00,1.4023895727760576,1.5245895385742188,1.390752119429782,1.5245895385742188,14500,1.3866784954071045,1.5597370624542237,1.459125578403473,0.08308845511371987,1.2929486681760332,1.6253024886309126,53.07017898535372
2011-08-17 19:00:00,1.454761266708374,1.454761266708374,1.454761266708374,1.454761266708374,3222,1.3907518291473389,1.5597370624542237,1.4585436582565308,0.08307558330330707,1.2923924916499165,1.624694824863145,51.93133983043687
2011-08-18 19:00:00,1.454761266708374,1.454761266708374,1.454761266708374,1.454761266708374,1611,1.3965708827972412,1.5589514911174773,1.4527246117591859,0.07873611753192962,1.2952523766953266,1.6101968468230452,46.411470872174796
2011-08-21 19:00:00,1.454761266708374,1.454761266708374,1.454761266708374,1.454761266708374,9666,1.4023899364471435,1.5588060164451598,1.4524336516857148,0.07871630881779135,1.2950010340501321,1.6098662693212975,46.859903572882324
2011-08-22 19:00:00,1.4082087278366089,1.4082087278366089,1.4082087278366089,1.4082087278366089,805,1.395639832019806,1.558544157743454,1.4501060247421265,0.07932974399305034,1.2914465367560257,1.6087655127282272,45.754686623966734
2011-08-23 19:00:00,1.454761266708374,1.454761266708374,1.454761266708374,1.454761266708374,7250,1.397385549545288,1.5584859657287597,1.4501060247421265,0.07932974399305034,1.2914465367560257,1.6087655127282272,53.57143454404675
2011-08-24 19:00:00,1.45476121525219,1.542047142982483,1.4256662412918664,1.542047142982483,2416,1.4037865018844604,1.558369586467743,1.455052238702774,0.08191332434292746,1.2912255900169192,1.6188788873886288,53.80711910948581
2011-08-28 19:00:00,1.536227969372761,1.542047142982483,1.536227969372761,1.542047142982483,8861,1.4107693529129028,1.558369586467743,1.4620351135730743,0.0831313530124868,1.2957724075481007,1.6282978195980478,56.98924150874403
2011-09-04 19:00:00,1.5245896218208261,1.623513904000698,1.4605804956121855,1.4663996696472168,18527,1.4144935369491578,1.5578167778253555,1.458252739906311,0.08099272634933243,1.2962672872076462,1.6202381926049758,52.307707823764375
2011-09-05 19:00:00,1.4838562288760277,1.4896754026412964,1.4838562288760277,1.4896754026412964,5638,1.4175194382667542,1.5569148230552674,1.456216073036194,0.07958264418273521,1.2970507846707235,1.6153813614016643,55.49739011687359
2011-09-06 19:00:00,1.4896754026412964,1.5129522094634096,1.4256662793999615,1.4896754026412964,11277,1.4240367746353149,1.556100155711174,1.4550522327423097,0.0788763172483915,1.2972995982455267,1.6128048672390927,55.26315931344035
2011-09-07 19:00:00,1.489675378835883,1.5129521852860264,1.4256662566174312,1.4722187519073486,56389,1.4278773403167724,1.5561292511224747,1.4599984407424926,0.07654688040803351,1.3069046799264257,1.6130922015585596,55.26315931344035
2011-09-08 19:00:00,1.4722188015018869,1.4896754290184815,1.4082087830388381,1.4198471307754517,8055,1.4322998070716857,1.555663725733757,1.4582527339458466,0.07706894485481049,1.3041148442362256,1.6123906236554677,33.802820152520226
2011-09-11 19:00:00,1.4605804681777954,1.4605804681777954,1.4605804681777954,1.4605804681777954,805,1.4356748580932617,1.555401867032051,1.4617441475391388,0.0754139870273425,1.3109161734844539,1.6125721215938238,55.000036874939056
2011-09-12 19:00:00,1.4373046159744263,1.4373046159744263,1.4373046159744263,1.4373046159744263,805,1.4402137255668641,1.5548781543970107,1.4629079818725585,0.07481608410009015,1.3132758136723783,1.6125401500727388,40.963917572847194
2011-09-13 19:00:00,1.4373046159744263,1.4605804167697676,1.414027921090782,1.4373046159744263,63639,1.4449853420257568,1.5542089664936065,1.4663994431495666,0.07169226235906964,1.3230149184314273,1.609783967867706,47.887379618999205
2011-09-14 19:00:00,1.4373045881131146,1.4373045881131146,1.4314854145050049,1.4314854145050049,10472,1.4497569584846497,1.5536270618438721,1.4693089842796325,0.06883886472656217,1.3316312548265081,1.606986713732757,47.22225857868731
2011-09-15 19:00:00,1.4489420652389526,1.4489420652389526,1.4489420652389526,1.4489420652389526,24166,1.454412190914154,1.5532488244771958,1.4739641904830934,0.06371924914102482,1.3465256922010438,1.601402688765143,49.33331403087501
2011-09-18 19:00:00,1.3092854022979736,1.3092854022979736,1.3092854022979736,1.3092854022979736,12888,1.4549940896034241,1.5516485863924026,1.4550523102283477,0.05206335321592551,1.3509256037964967,1.5591790166601986,40.65935574994603
2011-09-20 19:00:00,1.3092854022979736,1.3092854022979736,1.3092854022979736,1.3092854022979736,74111,1.452084572315216,1.5503393024206162,1.4503970980644225,0.06049901147829305,1.3293990751078364,1.5713951210210086,34.93973375931317
2011-09-21 19:00:00,1.3092854022979736,1.3092854022979736,1.3092854022979736,1.3092854022979736,4833,1.451502673625946,1.5476334476470948,1.4396318912506103,0.06554736186652516,1.30853716751756,1.5707266149836605,20.588103268294816
2011-09-22 19:00:00,1.3092854022979736,1.3151045761863538,1.3092854022979736,1.3092854022979736,3222,1.4487095403671264,1.5453931134939194,1.4323580980300903,0.07157470301786036,1.2892086919943695,1.575507504065811,20.588103268294816
2011-09-25 19:00:00,1.3092853357334122,1.4431228637695312,1.3092853357334122,1.4431228637695312,53972,1.451153540611267,1.5438801580667496,1.4317761778831481,0.07143013875302524,1.2889159003770976,1.5746364553891987,47.43581527574376
2011-09-26 19:00:00,1.309285429756972,1.315104603767395,1.309285429756972,1.315104603767395,5638,1.451037175655365,1.5414361619949342,1.4247933447360992,0.07575992984991135,1.2732734850362766,1.5763132044359218,34.374975992788876
2011-09-27 19:00:00,1.3092854022979736,1.3092854022979736,1.3092854022979736,1.3092854022979736,805,1.451037175655365,1.5392249232530595,1.4198471784591675,0.08000970877870545,1.2598277609017567,1.5798665960165783,34.02058372001815
2011-10-03 19:00:00,1.315104603767395,1.315104603767395,1.315104603767395,1.315104603767395,6444,1.4476621437072754,1.5364899724721908,1.4128643453121186,0.082846189347238,1.2471719666176426,1.5785567240065945,35.78943282545714
2011-10-04 19:00:00,1.315104603767395,1.315104603767395,1.315104603767395,1.315104603767395,1611,1.4437051916122436,1.5340459764003753,1.4015172183513642,0.0797033832556322,1.2421104518400998,1.5609239848626286,39.53486931747802
2011-10-06 19:00:00,1.315104603767395,1.542047249165887,1.315104603767395,1.315104603767395,2416,1.4391663408279418,1.5310200715065003,1.3901700913906097,0.07463711902215887,1.240895853346292,1.5394443294349274,34.1771725172343
2011-10-09 19:00:00,1.3151045761863538,1.3151045761863538,1.3092854022979736,1.3092854022979736,9666,1.4324162554740907,1.5287215501070022,1.3823143780231475,0.07445960786360277,1.233395162295942,1.531233593750353,35.52623882461366
2011-10-10 19:00:00,1.3209228515625,1.3209228515625,1.3209228515625,1.3209228515625,6444,1.427993769645691,1.5265684986114503,1.3738767504692078,0.07114073879148156,1.2315952728862447,1.5161582280521708,37.17932925693817
2011-10-11 19:00:00,1.454761266708374,1.454761266708374,1.454761266708374,1.454761266708374,1611,1.4276446199417114,1.5250555437803268,1.3721310436725616,0.06853009975575194,1.2350708441610576,1.5091912431840655,51.999978694427284
2011-10-12 19:00:00,1.3092854251504193,1.3267420530319214,1.3092854251504193,1.3267420530319214,16111,1.4248514676094055,1.522960684299469,1.3648572087287902,0.06497592854444069,1.2349053516399089,1.4948090658176716,41.176449322392266
2011-10-17 19:00:00,1.3092854022979736,1.4547612849152036,1.3092854022979736,1.3092854022979736,7250,1.4196143317222596,1.5207203501462936,1.3593291223049164,0.06475406667462065,1.229820988955675,1.4888372556541578,50.0
2011-10-18 19:00:00,1.3092854022979736,1.3092854022979736,1.3092854022979736,1.3092854022979736,3222,1.416588430404663,1.5182472580671311,1.3517643690109253,0.06103352094080778,1.2296973271293097,1.473831410892541,50.0
2011-10-19 19:00:00,1.320922850227112,1.3441996574401855,1.320922850227112,1.3441996574401855,4027,1.4143771982192994,1.5162396866083145,1.3471091210842132,0.057620988151521224,1.2318671447811709,1.4623510973872555,52.88462068797064
2011-10-20 19:00:00,1.3092854022979736,1.3092854022979736,1.3092854022979736,1.3092854022979736,12083,1.4114676809310913,1.513504735827446,1.3407081604003905,0.0540756525066653,1.2325568553870598,1.4488594654137212,50.0
2011-10-24 19:00:00,1.3092854022979736,1.3092854022979736,1.3092854022979736,1.3092854022979736,24972,1.4087909317016603,1.5112934970855714,1.3345981597900392,0.050031350908694906,1.2345354579726493,1.434660861607429,36.78164465157634
2011-11-03 19:00:00,1.1696278131954856,1.1754469871520996,1.1696278131954856,1.1754469871520996,2416,1.4042520785331727,1.5079184502363205,1.3209234058856965,0.054325614077506516,1.2122721777306835,1.4295746340407094,36.363591920769295
2011-11-09 19:00:00,1.1696277856826782,1.1696277856826782,1.1696277856826782,1.1696277856826782,805,1.3968036913871764,1.5040487825870514,1.3139405250549316,0.06401228649508188,1.185915952064768,1.4419650980450953,36.363591920769295
2011-11-14 19:00:00,1.1696277856826782,1.1696277856826782,1.1696277856826782,1.1696277856826782,8055,1.3895880722999572,1.5008774024248124,1.3069576442241668,0.0717022967067924,1.163553050810582,1.4503622376377516,35.632119491606844
2011-11-16 19:00:00,1.1870853900909424,1.1870853900909424,1.1870853900909424,1.1870853900909424,6444,1.3830707359313965,1.4980551636219024,1.3008476436138152,0.076537044491956,1.1477735546299033,1.4539217325977272,37.77777069618598
2011-11-22 19:00:00,1.1638085842132568,1.1638085842132568,1.1638085842132568,1.1638085842132568,1611,1.378881015777588,1.4951456367969513,1.2935738027095796,0.0823825470822695,1.1288087085450407,1.4583388968741184,36.17016639653463
2011-11-29 19:00:00,1.1638085842132568,1.1638085842132568,1.1638085842132568,1.1638085842132568,1611,1.3730619621276856,1.492207013964653,1.2796080887317658,0.07931418673815654,1.1209797152554528,1.4382364622080788,36.55910259793528
2011-12-06 19:00:00,0.9601428003523211,0.9601428003523211,0.9368661046028137,0.9368661046028137,3222,1.3639842402935027,1.4881336787343025,1.2606961637735368,0.10968445438314378,1.0413272550072492,1.4800650725398243,24.615447891724784
2011-12-08 19:00:00,0.9077711021605114,0.9310469031333923,0.9077711021605114,0.9310469031333923,1611,1.35432461977005,1.484060343503952,1.2417842388153075,0.13133673353974845,0.9791107717358106,1.5044577058948043,8.333389448581855
2011-12-11 19:00:00,1.1638086009764808,1.1638086009764808,0.9310469031333923,0.9310469031333923,10472,1.3455960500240325,1.4795505794882775,1.2225813537836074,0.14717412064413282,0.9282331124953418,1.516929595071873,10.46518621848503
2011-12-13 19:00:00,0.9310469031333923,0.9310469031333923,0.9310469031333923,0.9310469031333923,1611,1.3367510962486266,1.4753317695856094,1.2033784687519073,0.15904335427100044,0.8852917602099064,1.5214651772939083,10.843434306660782
2011-12-14 19:00:00,0.9310469254744047,0.9892378821964367,0.8728569746017456,0.8728569746017456,15305,1.3270914769172668,1.4706765353679656,1.181266087293625,0.17283755116967542,0.8355909849542741,1.5269411896329759,9.677486149357193
2011-12-18 19:00:00,0.7331993533324271,0.756476104259491,0.7331993533324271,0.756476104259491,2416,1.308470538854599,1.4664577254652977,1.1536256223917007,0.19417317846439378,0.7652792654629132,1.5419719793204882,2.803809443579425
2011-12-19 19:00:00,0.7331993713951628,0.7622943468318033,0.6982852220535278,0.6982852220535278,3222,1.29438845038414,1.4619479611516,1.122493740916252,0.21476105178010166,0.6929716373560488,1.5520158444764554,2.702769542872147
2011-12-20 19:00:00,0.6982852220535278,0.7099235698635166,0.6982852220535278,0.6982852220535278,5638,1.277862364053726,1.4574091055989264,1.08466993868351,0.2197201852530516,0.6452295681774067,1.524110309189613,2.702769542872147
2011-12-21 19:00:00,0.756476122891169,0.7855710983276367,0.756476122891169,0.7855710983276367,4833,1.2644785606861115,1.4533357706665992,1.0576113909482956,0.2216540861213364,0.6143032187056228,1.5009195631909684,17.47580462307721
2011-12-28 19:00:00,0.6168185196731553,0.6168185196731553,0.4364284873008728,0.4364284873008728,260196,1.2441119050979614,1.4475167226791381,1.0139685451984406,0.2531812930733425,0.5076059590517557,1.5203311313451255,11.111170826923285
2012-11-05 19:00:00,1.6933420896530151,1.6933420896530151,1.6933420896530151,1.6933420896530151,805,1.2488835215568543,1.447982242703438,1.0331713795661925,0.2888157276248559,0.4555399243164807,1.6108028348159045,61.904763066102575
2012-11-06 19:00:00,2.1821423427477584,2.27524733543396,2.1821423427477584,2.27524733543396,5638,1.2662242937088013,1.4513281977176666,1.0797237634658814,0.3965341670762804,0.28665542931332055,1.8727920976184422,69.6842120834825
2012-11-11 19:00:00,3.1597426811885834,3.1655609607696533,3.1597426811885834,3.1655609607696533,1611,1.300440287590027,1.4581364834308623,1.1725375413894654,0.6118684880929768,-0.05119943479648814,2.396274517575419,77.56411306556329
2012-11-12 19:00:00,2.851332664489746,2.851332664489746,2.851332664489746,2.851332664489746,805,1.3266259980201722,1.4643046736717225,1.249639904499054,0.7179662610326585,-0.18629261756626292,2.685572426564371,71.3864431434422
2012-11-13 19:00:00,2.822237491607666,2.822237491607666,2.822237491607666,2.822237491607666,805,1.3522298049926758,1.4704146707057952,1.3319794297218324,0.7988807341775188,-0.26578203863320526,2.92974089807687,75.15528803863275
2012-11-14 19:00:00,2.8222375650244858,3.404141973345616,2.269428131245128,3.247027635574341,21750,1.3878423643112183,1.479085047841072,1.4358494222164153,0.9047032135911351,-0.373557004965855,3.245255849398686,77.7933057258916
2012-11-15 19:00:00,2.6767619116744883,3.2004761695861816,2.6767619116744883,3.2004761695861816,24166,1.422058379650116,1.4875226676464082,1.5373918414115906,0.9837652300383124,-0.4301386186650342,3.5049223014882154,76.93372752024361
2012-11-18 19:00:00,2.851332641832142,2.9095234870910645,2.851332641832142,2.9095234870910645,8055,1.4504553413391112,1.4945055240392684,1.6235137462615967,1.025972645632905,-0.4284315450042133,3.675459037527407,71.96384062317004
2012-11-20 19:00:00,2.8164185056212094,2.909523500840122,2.6185708378251906,2.798961877822876,5638,1.4769902038574219,1.500935572385788,1.7052714109420777,1.0522267286556377,-0.39918204636919774,3.809724868253353,71.1366656588468
2012-11-22 19:00:00,2.822237491607666,2.822237491607666,2.822237491607666,2.822237491607666,805,1.5050380110740662,1.5070455694198608,1.7881928563117981,1.0724627975889436,-0.356732738866089,3.933118451489685,73.14212030859699
2012-11-26 19:00:00,2.857151746749878,2.857151746749878,2.857151746749878,2.857151746749878,805,1.5329694366455078,1.5126027584075927,1.8842071384191512,1.0781781323367283,-0.27214912625430543,4.040563403092608,74.31194216089136
2012-11-27 19:00:00,2.857151815766868,2.9095234870910645,2.851332641832142,2.9095234870910645,4027,1.5624138140678405,1.5181599479913712,1.983130967617035,1.0768847447735443,-0.1706385219300537,4.136900457164124,74.61141630860287
2012-11-28 19:00:00,2.356714196267181,2.7058568000793457,2.356714196267181,2.7058568000793457,3222,1.587784857749939,1.5229606622457503,2.0718714624643324,1.0585961050433659,-0.04532074762239935,4.189063672551065,70.83334658978083
2012-12-02 19:00:00,2.327618230081784,2.362532377243042,2.327618230081784,2.362532377243042,3222,1.6064057970046997,1.526044754385948,2.143445736169815,1.0252710583246478,0.09290361952051951,4.193987852819111,70.92288251571065
2012-12-03 19:00:00,2.327618230081784,2.362532377243042,2.327618230081784,2.362532377243042,3222,1.6246776032447814,1.529128846526146,2.21792950630188,0.9812741618275449,0.25538118264679,4.18047782995697,60.000001425117
2012-12-04 19:00:00,2.531285047531128,2.531285047531128,2.531285047531128,2.531285047531128,805,1.6491175961494446,1.533056702017784,2.3066699534654616,0.9205241339458565,0.4656216855737485,4.147718221357175,54.36507523586609
2012-12-05 19:00:00,2.5254658015792453,2.5254658015792453,2.327618360519409,2.327618360519409,10472,1.6694842553138733,1.5387302708625794,2.388136610388756,0.8391954169909136,0.7097457764069286,4.066527444370583,31.347148224156086
2012-12-09 19:00:00,2.5603809356689453,2.5603809356689453,2.5603809356689453,2.5603809356689453,4027,1.6945061659812928,1.5442583692073821,2.4812413960695268,0.739182705876529,1.0028759843164687,3.959606807822585,43.27958499231773
2012-12-10 19:00:00,2.1821423666583772,2.327618360519409,2.1821423666583772,2.327618360519409,10472,1.7148728251457215,1.5477497959136963,2.5583437591791154,0.6245350763878974,1.3092736064033206,3.80741391195491,39.55774109126476
2012-12-11 19:00:00,2.2694280878555384,2.7640466690063477,2.2694280878555384,2.7640466690063477,435808,1.7412913012504578,1.5531324142217635,2.674724668264389,0.3755512521774439,1.9236221639095012,3.425827172619277,39.8533039175822
2012-12-12 19:00:00,2.764046765740727,3.345952077389771,2.630209120748412,3.1073710918426514,246501,1.777136631011963,1.562239226102829,2.745426118373871,0.30812107826139706,2.129183961851077,3.361668274896665,48.26086518918448
2012-12-16 19:00:00,2.560380751889509,2.793142557144165,2.560380751889509,2.793142557144165,12083,1.8068137741088868,1.5697748953104018,2.771320879459381,0.2876063991747368,2.1961080811099074,3.346533677808855,47.844829603447806
2012-12-17 19:00:00,2.7931427128567634,2.851332664489746,2.7931427128567634,2.851332664489746,16916,1.8375383353233337,1.5754484641551971,2.755609464645386,0.273156119713518,2.20929722521835,3.301921704072422,50.98899814473081
2012-12-18 19:00:00,2.4207234382629395,2.4207234382629395,2.4207234382629395,2.4207234382629395,1611,1.8596507120132446,1.5791144663095473,2.7340790033340454,0.2820400823879069,2.1699988385582314,3.2981591681098594,43.42857999089718
2012-12-19 19:00:00,2.5952949186015997,2.7349517345428467,2.5952949186015997,2.7349517345428467,4027,1.8880476546287537,1.5840606552362442,2.7297147154808044,0.28127842133167286,2.1671578728174588,3.29227155814415,48.16754016550143
2012-12-23 19:00:00,2.8455134905087793,2.851332664489746,2.8455134905087793,2.851332664489746,13694,1.918888599872589,1.5898797035217285,2.7099299669265746,0.2557324875465604,2.198464991833454,3.2213949420196952,49.1438309312518
2012-12-25 19:00:00,2.851332587647402,2.909523431800506,2.793142637582617,2.8978850841522217,8055,1.9504278445243834,1.5949422764778136,2.694800412654877,0.23313611107390553,2.228528190507066,3.1610726348026876,52.96229208234873
2012-12-26 19:00:00,2.897885105892538,3.0375428199768066,2.6185707953344077,3.0375428199768066,8055,1.9820834755897523,1.6008195167779922,2.701201379299164,0.24096771907069137,2.219265941157781,3.1831368174405466,61.11112026834354
2012-12-27 19:00:00,3.0375426878923046,3.084094288633792,2.7640466690063477,2.7640466690063477,4833,2.0108295679092407,1.6062021350860596,2.6994556188583374,0.2403478677190671,2.218759883420203,3.1801513542964717,56.063264324327086
2012-12-30 19:00:00,2.7640466888613724,2.909523348010456,2.7640466888613724,2.793142557144165,4027,2.0405067110061648,1.6099845147132874,2.6980008721351623,0.2396526413038045,2.2186955895275533,3.1773061547427712,54.128442367123476
2012-12-31 19:00:00,2.641846442243024,2.641846442243024,2.240333080291748,2.240333080291748,34639,2.05912766456604,1.6134468483924866,2.6671599388122558,0.25714443254915886,2.1528710737139383,3.1814488039105733,48.760337742536834
2013-01-03 19:00:00,2.2636089627141303,2.5603807883259586,2.0948565006256104,2.0948565006256104,4027,2.0741408014297487,1.6158908492326736,2.6264265894889833,0.2802206785932226,2.065985232302538,3.1868679466754286,43.220334922331894
2013-01-06 19:00:00,1.8679140234507408,1.9202855825424194,1.8679140234507408,1.9202855825424194,4027,2.0863608050346376,1.6167637073993684,2.5871480286121367,0.3206423488758343,1.945863330860468,3.2284327263638053,43.96552792895356
2013-01-07 19:00:00,2.263608932495117,2.263608932495117,2.263608932495117,2.263608932495117,805,2.1054472756385803,1.6193531823158265,2.5822018563747404,0.3250226603792296,1.932156535616281,3.2322471771331998,42.375894729646376
2013-01-08 19:00:00,2.2636088842766893,2.321798831477413,2.042484760284424,2.042484760284424,7250,2.122788031101227,1.620837036371231,2.5661994755268096,0.3437466329277375,1.8787062096713347,3.2536927413822845,33.149166455769844
2013-01-09 19:00:00,2.00175142288208,2.00175142288208,2.00175142288208,2.00175142288208,805,2.139430503845215,1.622117223739624,2.539722794294357,0.36623514873460034,1.8072524968251567,3.2721930917635578,36.290315785717326
2013-01-10 19:00:00,2.0075706827116653,2.0948565006256104,2.0075706827116653,2.0948565006256104,4833,2.1579350781440736,1.6238629364967345,2.5280847012996674,0.37687386717636906,1.7743369669469293,3.2818324356524053,37.05180061650727
2013-01-13 19:00:00,2.20541804865051,2.670942544937134,2.20541804865051,2.670942544937134,4833,2.187612221240997,1.6284890794754028,2.5336127817630767,0.3781811350127476,1.7772505117375816,3.2899750517885717,54.07969432195584
2013-01-14 19:00:00,2.670942630631156,2.903704215676139,2.08903732688624,2.0948565006256104,5638,2.2062331795692445,1.6302347922325133,2.521974688768387,0.3883001358955857,1.7453744169772154,3.2985749605595585,40.384623787304
2013-01-15 19:00:00,2.094856448714638,2.263608906621437,1.8911896198030307,2.071580648422241,34639,2.224388620853424,1.630845791697502,2.4873513877391815,0.3963679446698281,1.6946154983995254,3.2800872770788376,37.94965550305662
2013-01-16 19:00:00,2.0715806645897543,2.0715806645897543,1.8039038181304932,1.8039038181304932,6444,2.2417293751239775,1.6304093623161315,2.4221780240535735,0.39621686007322554,1.6297443039071224,3.214611744200025,34.17509416158511
2013-01-17 19:00:00,2.08903732688624,2.0948565006256104,2.08903732688624,2.0948565006256104,1611,2.265005567073822,1.6314858835935593,2.387263721227646,0.3925565817728905,1.602150557681865,3.172376884773427,36.93548591743918
2013-01-20 19:00:00,2.199599976458828,2.2112374305725098,2.199599976458828,2.2112374305725098,1611,2.290609377622604,1.6327951669692993,2.355258959531784,0.3785743272253451,1.5981103050810936,3.112407613982474,41.98989060732843
2013-01-21 19:00:00,2.211237271884457,2.3276182868098845,2.1530473232269287,2.1530473232269287,4833,2.315049386024475,1.633958975672722,2.3418751537799833,0.3808628241936043,1.5801495053927748,3.103600802167192,40.802678094452716
2013-01-22 19:00:00,2.0948565006256104,2.0948565006256104,2.0948565006256104,2.0948565006256104,1611,2.3394893765449525,1.6351227843761444,2.3098703920841217,0.3729044076350736,1.5640615768139745,3.055679207354269,47.56334738523864
2013-01-23 19:00:00,2.0948565006256104,2.0948565006256104,2.0948565006256104,2.0948565006256104,8055,2.3662569844722747,1.6377413558959961,2.2720465838909147,0.3529226111081412,1.5662013616746324,2.977891806107197,50.0
2013-01-27 19:00:00,2.1123140684227466,2.327618360519409,2.1123140684227466,2.327618360519409,1611,2.3988436472415926,1.6406508779525757,2.243533247709274,0.32132023756768835,1.6008927725738975,2.886173722844651,57.02809948102448
2013-01-28 19:00:00,1.9842948635737958,1.9842948635737958,1.9784756898880005,1.9784756898880005,2416,2.4244474565982816,1.6412618786096573,2.190579891204834,0.26610349739038913,1.6583728964240558,2.722786885985612,45.09018474586744
2013-01-30 19:00:00,2.2112371968541775,2.2112371968541775,2.100675582885742,2.100675582885742,11277,2.450749546289444,1.6424838787317275,2.1574113368988037,0.22971675175056483,1.697977833397674,2.616844840399933,51.037350129958845
2013-02-03 19:00:00,2.1006758095492546,2.2054182613334703,2.0774000071822165,2.1995999813079834,3222,2.486012976169586,1.644462359547615,2.1277342081069945,0.1751145478518347,1.7775051124033252,2.477963303810664,53.45529880464816
2013-02-05 19:00:00,2.0366666316986084,2.0366666316986084,2.0366666316986084,2.0366666316986084,4833,2.492879467010498,1.6459171229600906,2.1175508856773377,0.17414116911880023,1.7692685474397374,2.465833223914938,49.00794736323964
2013-02-10 19:00:00,1.862094759941101,1.862094759941101,1.862094759941101,1.862094759941101,805,2.484616415500641,1.6456261688470841,2.105912798643112,0.1832759904059214,1.7393608178312694,2.472464779454955,34.02299531547952
2013-02-12 19:00:00,2.123951586459046,2.123951586459046,2.118133306503296,2.118133306503296,1611,2.463667862415314,1.647488265633583,2.115805184841156,0.17799266334486927,1.7598198581514175,2.4717905115308945,50.52632929550045
2013-02-20 19:00:00,2.1239515459935863,2.298523187637329,2.1239515459935863,2.298523187637329,8861,2.452611672878265,1.6522307872772217,2.1175508975982664,0.17968178690352904,1.7581873237912085,2.4769144714053244,54.79114512005521
2013-02-24 19:00:00,1.7748088836669922,1.7748088836669922,1.7748088836669922,1.7748088836669922,1611,2.431663100719452,1.6526672166585923,2.104167103767395,0.19489268177078473,1.7143817402258255,2.4939524673089646,49.44568223742096
2013-02-27 19:00:00,1.8620947654666167,2.0366666316986084,1.8620947654666167,2.0366666316986084,2416,2.4074558806419373,1.6544420307874679,2.1059128642082214,0.19408169457274402,1.7177494750627333,2.4940762533537093,48.878935960641826
2013-03-03 19:00:00,2.0192091097922815,2.0948565832096833,2.00757076185473,2.0366666316986084,2416,2.384179689884186,1.6561877489089967,2.103003370761871,0.19469137164877506,1.713620627464321,2.4923861140594212,46.47888759849288
2013-03-05 19:00:00,1.862094759941101,1.862094759941101,1.862094759941101,1.862094759941101,805,2.3632311153411867,1.6541510814428328,2.06256098151207,0.14920141630751724,1.7641581488970353,2.3609638141271043,44.39461959619458
2013-03-11 19:00:00,1.8620946806993715,2.036666538984412,1.8329997062683105,1.8329997062683105,3222,2.343911871910095,1.654587510228157,2.049468141794205,0.15747800505306767,1.7345121316880696,2.3644241519003404,44.89796885360604
2013-03-17 19:00:00,1.832999765709487,2.123951531153859,1.7457139454974682,2.106494903564453,4833,2.329597020149231,1.6558095109462738,2.051213854551315,0.15792890768723905,1.7353560391768372,2.367071669925793,50.20492334905412
2013-03-27 19:00:00,2.1064948429297448,2.1937806606292725,2.0832181480294425,2.1937806606292725,9666,2.316329598426819,1.6583407992124557,2.070707696676254,0.14964028803264498,1.7714271206109642,2.369988272741544,47.5162074195735
2013-04-04 19:00:00,2.1937807143937573,2.327618360519409,2.1937807143937573,2.327618360519409,6444,2.3046914958953857,1.6612503212690353,2.0823457896709443,0.1602897246173893,1.7617663404361656,2.402925238905723,57.042246104539096
2013-04-08 19:00:00,1.7515330571496912,1.9784756898880005,1.7515330571496912,1.9784756898880005,30611,2.2901438736915587,1.662414129972458,2.0707077026367187,0.15888263819541168,1.7529424262458952,2.388472979027542,47.74193846830953
2013-04-09 19:00:00,2.2636088884260075,2.2636088884260075,2.0308473110198975,2.0308473110198975,12083,2.283510172367096,1.66383979678154,2.0645977020263673,0.15789612795333857,1.74880544611969,2.3803899579330445,46.82712900629876
2013-04-11 19:00:00,1.7806280851364136,1.7806280851364136,1.7806280851364136,1.7806280851364136,1611,2.2718720865249633,1.6632578927278518,2.0488862812519075,0.16990380107878986,1.7090786790943278,2.3886938834094873,45.338976485280284
2013-04-15 19:00:00,2.036666532657657,2.036666532657657,1.9784756898880005,1.9784756898880005,6444,2.260815899372101,1.6639270853996277,2.0430672407150268,0.1702391346638682,1.7025889713872904,2.3835455100427634,52.10083954047565
2013-04-17 19:00:00,2.0308473110198975,2.0308473110198975,2.0308473110198975,2.0308473110198975,805,2.254880478382111,1.6650908941030502,2.028228688240051,0.15651168285966519,1.7152053225207207,2.3412520539593813,48.2993144189061
2013-04-18 19:00:00,2.0308474392237854,2.0308474392237854,1.9726565941546323,2.007570743560791,9666,2.2438242745399477,1.6664001780748368,2.029683440923691,0.15615971821818317,1.7173640044873244,2.342002877360057,43.96135442596886
2013-04-25 19:00:00,1.9784756898880005,1.9784756898880005,1.9784756898880005,1.9784756898880005,805,2.2368414211273193,1.6681458914279939,2.0235734462738035,0.15562556330720373,1.7123223196593962,2.334824572888211,55.319149731075626
2013-04-28 19:00:00,1.9202855825424194,1.9202855825424194,1.9202855825424194,1.9202855825424194,1611,2.2199661993980406,1.6695715582370758,2.0096077263355254,0.15147506625274038,1.7066575938300446,2.3125578588410063,46.598636730187124
2013-05-01 19:00:00,2.036666618539435,2.147228240966797,2.036666618539435,2.147228240966797,4833,2.2007633423805237,1.6716082257032394,2.015135806798935,0.15450178783583174,1.7061322311272717,2.3241393824705985,52.85284544462849
2013-05-02 19:00:00,1.9784756898880005,1.9784756898880005,1.9784756898880005,1.9784756898880005,805,2.1844700050354002,1.6728302264213561,2.02095485329628,0.15057616057745726,1.7198025321413655,2.3221071744511947,53.01204826711443
2013-05-06 19:00:00,2.0948565526326735,2.467275857925415,2.0948565526326735,2.467275857925415,80556,2.1767888689041137,1.6769908446073531,2.038411980867386,0.17983240500320397,1.678747170860978,2.3980767908737937,63.26034019601011
2013-05-07 19:00:00,2.2577899332409155,2.50219010490317,2.036666681545546,2.0599424839019775,20944,2.1695732498168945,1.6793184626102446,2.0264829456806184,0.1692730383852566,1.6879368689101053,2.3650290224511314,49.07834025248818
2013-05-08 19:00:00,1.9319230318069458,1.9319230318069458,1.9319230318069458,1.9319230318069458,1611,2.1535126757621765,1.6822570794820786,2.034338653087616,0.16039119446945388,1.7135562641487083,2.3551210420265236,44.89795046176986
2013-05-09 19:00:00,1.9319230649961596,2.2112373804127894,1.9319230649961596,1.9610191583633423,7250,2.1357064056396484,1.684206464290619,2.0305562794208525,0.1612232143096766,1.7081098508014994,2.3530027080402056,42.553212716277194
2013-05-12 19:00:00,2.007570743560791,2.007570743560791,2.007570743560791,2.007570743560791,805,2.1179001188278197,1.686854128241539,2.0291014850139617,0.1612964321942063,1.706508620625549,2.3516943494023743,50.673849848383995
2013-05-14 19:00:00,2.0657615661621094,2.0657615661621094,2.0657615661621094,2.0657615661621094,8055,2.0984644937515258,1.6904619377851486,2.039284825325012,0.15655719463799087,1.7261704360490304,2.352399214600994,50.80645045820986
2013-05-15 19:00:00,2.06576149459021,2.240333127762306,2.013389825820923,2.013389825820923,2416,2.0834513568878172,1.6942443186044693,2.048304331302643,0.14906426017323898,1.750175810956165,2.346432851649121,55.91715156846956
2013-05-16 19:00:00,2.327618323290158,2.595294952392578,2.327618323290158,2.595294952392578,18527,2.0794944047927855,1.701110795736313,2.072744333744049,0.19277055382697084,1.6872032260901073,2.4582854413979907,63.11880687314526
2013-05-19 19:00:00,2.298523187637329,2.298523187637329,2.298523187637329,2.298523187637329,3222,2.080658206939697,1.7068134593963622,2.0779814600944517,0.1975943466354716,1.6827927668235085,2.4731701533653947,55.1569409299465
2013-05-20 19:00:00,1.8620946401339662,2.1821422576904297,1.8620946401339662,2.1821422576904297,8055,2.0824039220809936,1.7119342184066773,2.070707654953003,0.19047029268311164,1.6897670695867797,2.4516482403192263,53.24675307399193
2013-05-22 19:00:00,1.9551998231457937,2.00175142288208,1.9551998231457937,2.00175142288208,16111,2.0840332388877867,1.7167058366537093,2.071871441602707,0.18994747945507137,1.6919764826925643,2.4517664005128497,50.40982772127257
2013-05-23 19:00:00,1.9552000198561568,2.0773999931569054,1.8329998230333189,2.019209146499634,8055,2.0791452431678774,1.7210119301080704,2.0712895333766936,0.19009754002770846,1.6910944533212766,2.4514846134321107,51.76714551582388
2013-05-26 19:00:00,2.1821422576904297,2.1821422576904297,2.1821422576904297,2.1821422576904297,1611,2.081938393115997,1.7262490731477738,2.0913652420043944,0.1786422457291155,1.7340807505461635,2.4486497334626254,50.63829227091
2013-05-27 19:00:00,2.1821422576904297,2.1821422576904297,1.9784756529332448,2.1821422576904297,3222,2.0855462098121644,1.7313698321580886,2.101548570394516,0.17767065914235422,1.7462072521098073,2.4568898886792243,53.96824777444412
2013-05-28 19:00:00,2.298523206651851,2.438180923461914,2.298523206651851,2.438180923461914,1611,2.09241269826889,1.7382945019006728,2.121915251016617,0.19191514555091888,1.738084959914779,2.5057455421184547,49.37656595446157
2013-05-29 19:00:00,2.2985230314147787,2.5021898583159308,1.8970087746722704,2.042484760284424,40278,2.079843542575836,1.7434152615070344,2.1236609518527985,0.19097680016021093,1.7417073515323767,2.5056145521732205,49.624048298931896
2013-05-30 19:00:00,2.042484911579043,2.065761607454146,1.9202856110660327,2.0366666316986084,45916,2.078679745197296,1.7472558343410491,2.126570498943329,0.18908235019514816,1.7484057985530326,2.5047351993336253,52.380966317022285
2013-06-02 19:00:00,2.036666665988373,2.6127517107932294,2.036666665988373,2.170504093170166,18527,2.0806582140922547,1.7527257364988327,2.1390814244747163,0.18289151181207372,1.7732984008505688,2.5048644480988638,54.54543526337155
2013-06-03 19:00:00,1.9784757816708043,2.0483040809631348,1.9784757816708043,2.0483040809631348,31416,2.0855462193489074,1.756566304564476,2.134135216474533,0.18399394337423958,1.766147329726054,2.5021231032230125,50.85574508445453
2013-06-04 19:00:00,2.0308475038826472,2.2112374305725098,1.9435614570219557,2.2112374305725098,6444,2.0878738379478454,1.7625308275222777,2.1457733035087587,0.18096635549111528,1.7838405925265282,2.5077060144909895,52.92739192921255
2013-06-05 19:00:00,2.1530473232269287,2.1530473232269287,2.1530473232269287,2.1530473232269287,2416,2.086710035800934,1.7682043999433517,2.1300618767738344,0.1644735868797119,1.8011147030144106,2.459009050533258,52.803744312012725
2013-06-06 19:00:00,2.1530472838931978,2.1821422576904297,2.1530472838931978,2.1821422576904297,2416,2.087291934490204,1.774023447036743,2.1361718654632567,0.1640007465362481,1.8081703723907605,2.464173358535753,39.33933305805339
2013-06-09 19:00:00,2.007570705296211,2.007570705296211,1.9493807554244995,1.9493807554244995,2416,2.0843824195861815,1.7782422572374343,2.1370447516441344,0.1628991852518056,1.8112463811405233,2.4628431221477456,40.68323911975886
2013-06-11 19:00:00,1.9493808355777222,2.118133306503296,1.8097231172622223,2.118133306503296,12083,2.084847955703735,1.7834503054618835,2.144900459051132,0.15766806188761057,1.829564335275911,2.460236582826353,48.338383258230195
2013-06-16 19:00:00,2.112313985824585,2.112313985824585,2.112313985824585,2.112313985824585,805,2.080541868209839,1.7875818318128587,2.1501376211643217,0.15457565124341688,1.840986318677488,2.4592889236511555,53.15616551205193
2013-06-17 19:00:00,1.9784757175901477,1.9842948913574219,1.9784757175901477,1.9842948913574219,4027,2.0806582522392274,1.792411642074585,2.1460642874240876,0.15795263424038897,1.8301590189433097,2.4619695559048655,49.06250040011831
2013-06-18 19:00:00,2.135589746755688,2.141408920288086,2.135589746755688,2.141408920288086,3222,2.081472918987274,1.7968632137775422,2.1524652421474455,0.1548567035172153,1.842751835113015,2.462178649181876,48.90282069253664
2013-06-20 19:00:00,1.6875230073928833,1.6875230073928833,1.6875230073928833,1.6875230073928833,8055,2.0712313795089723,1.7994817858934402,2.107076644897461,0.1512234331668327,1.8046297785637955,2.4095235112311264,39.29470282759664
2013-06-23 19:00:00,1.611875471458044,1.8097230195999146,1.611875471458044,1.8097230195999146,12888,2.0666925072669984,1.8027113580703735,2.0826366364955904,0.15800118713301217,1.766634262229566,2.398639010761615,35.5614716812816
2013-06-24 19:00:00,1.7457139372970358,1.8562755584716797,1.7457139372970358,1.8562755584716797,10472,2.06657612323761,1.8032641661167146,2.0663433015346526,0.16389207637716813,1.7385591487803165,2.3941274542889888,44.90446184006147
2013-06-25 19:00:00,1.8911897131307263,1.9202855825424194,1.8911897131307263,1.9202855825424194,17722,2.0626191687583924,1.8060282170772552,2.0622700095176696,0.16657234142327404,1.7291253266711215,2.3954146923642177,46.913576734215646
2013-06-26 19:00:00,1.9377421842927518,1.9493807554244995,1.9377421842927518,1.9493807554244995,3222,2.055636320114136,1.8096651232242584,2.058778589963913,0.16824582565764812,1.7222869386486168,2.395270241279209,43.79086288774951
2013-06-30 19:00:00,2.0366666316986084,2.0366666316986084,2.0366666316986084,2.0366666316986084,805,2.060873475074768,1.8138839334249497,2.0515048086643217,0.16575801726561862,1.7199887741330846,2.383020843195559,49.666685195157584
2013-07-01 19:00:00,2.0366666316986084,2.0890374092409076,2.0366666316986084,2.0366666316986084,3222,2.060873475074768,1.8176663142442704,2.044231027364731,0.16289075383091714,1.7184495197028966,2.3700125350265653,44.48531444198495
2013-07-03 19:00:00,1.8039039034291708,2.007570743560791,1.8039039034291708,2.007570743560791,24166,2.0602915573120115,1.8210122662782668,2.0227005183696747,0.13396990145283502,1.7547607154640046,2.290640321275345,45.318342979160256
2013-07-07 19:00:00,1.9202855825424194,1.9202855825424194,1.9202855825424194,1.9202855825424194,1611,2.061455373764038,1.8247946512699127,2.0165905594825744,0.13579425736068954,1.7450020447611954,2.2881790742039536,41.87727532752699
2013-07-08 19:00:00,1.9202855899981313,1.9202855899981313,1.7457139492034912,1.7457139492034912,23361,2.059709658622742,1.8271222686767579,2.0020429253578187,0.14851899443625843,1.705004936485302,2.2990809142303354,43.44569472303695
2013-07-09 19:00:00,1.7457139720821935,1.862094769441088,1.7457139720821935,1.763170599937439,15305,2.0528431725502014,1.8299445027112962,1.9816762506961823,0.15208805214749613,1.67750014640119,2.2858523549911745,37.34437731843911
2013-07-10 19:00:00,1.745713976676402,1.7515331506729126,1.745713976676402,1.7515331506729126,30611,2.043998222351074,1.8322430288791656,1.9668377041816711,0.159540073498024,1.6477575571856231,2.285917851177719,37.19008607272869
2013-07-11 19:00:00,1.7457139492034912,1.8329997696008111,1.7457139492034912,1.7457139492034912,10472,2.032360134124756,1.8349197924137115,1.9435615301132203,0.15592450081838347,1.6317125284764533,2.255410531749987,40.72398248767362
2013-07-14 19:00:00,1.8562755584716797,1.8562755584716797,1.8562755584716797,1.8562755584716797,1611,2.0299161314964294,1.838207551240921,1.9287229418754577,0.1489025499878696,1.6309178418997186,2.226528041851197,38.497651317839605
2013-07-18 19:00:00,1.8039038181304932,1.8039038181304932,1.8039038181304932,1.8039038181304932,1611,2.025377261638641,1.8412625473737716,1.909811019897461,0.13869175717001184,1.6324275055574373,2.1871945342374848,56.94443515775322
2013-07-22 19:00:00,1.7457139492034912,1.7457139492034912,1.7457139492034912,1.7457139492034912,14500,2.024678978919983,1.8439102149009705,1.8996276795864104,0.14304227252883445,1.6135431345287414,2.1857122246440794,45.86468817518324
2013-07-24 19:00:00,1.7457139492034912,1.7457139492034912,1.7457139492034912,1.7457139492034912,2416,2.0200237441062927,1.8462378323078155,1.8810067117214202,0.13722257398216384,1.6065615637570925,2.1554518596857477,42.40001324219383
2013-07-28 19:00:00,1.891189694404602,1.891189694404602,1.891189694404602,1.891189694404602,805,2.017230591773987,1.8484199744462968,1.869950497150421,0.12605898825257789,1.6178325206452653,2.1220684736555766,48.20139505846051
2013-08-06 19:00:00,1.8911897204734704,1.9784757643928734,1.524589587735642,1.7457139492034912,4833,2.0119934558868406,1.8504566425085067,1.8580214500427246,0.12595749866465158,1.6061064527134215,2.1099364473720277,38.99367933183901
2013-08-12 19:00:00,1.862094759941101,1.862094759941101,1.862094759941101,1.862094759941101,3222,2.009665837287903,1.8525224059820176,1.8440557420253754,0.10693033922290955,1.6301950635795563,2.0579164204711944,40.8536132167308
2013-08-18 19:00:00,1.7457139492034912,1.7457139492034912,1.7457139492034912,1.7457139492034912,5638,2.0061744046211243,1.8546463614702224,1.8469652891159059,0.10317260790046012,1.6406200733149856,2.0533105049168263,36.412998338176884
2013-08-20 19:00:00,1.7457139492034912,1.7457139492034912,1.7457139492034912,1.7457139492034912,1611,1.9981441187858582,1.8567703169584275,1.8437648355960845,0.1053583215656198,1.633048192464845,2.054481478727324,37.43014694605905
2013-08-27 19:00:00,1.6293330192565918,1.6293330192565918,1.6293330192565918,1.6293330192565918,1611,1.99116126537323,1.8583705550432206,1.8324177086353302,0.11565749854086654,1.601102711553597,2.0637327057170634,36.41300239230854
2013-08-29 19:00:00,1.891189694404602,1.891189694404602,1.891189694404602,1.891189694404602,2416,1.9796395421028137,1.8604072225093842,1.8309629142284394,0.11467288417078181,1.6016171458868758,2.060308682570003,56.28140537977482
2013-09-01 19:00:00,1.512952208518982,1.512952208518982,1.512952208518982,1.512952208518982,805,1.9686997365951537,1.8604072225093842,1.8091414868831635,0.13127553724923957,1.5465904123846843,2.0716925613816426,41.762455505539485
2013-09-02 19:00:00,1.7457139492034912,1.7457139492034912,1.7457139492034912,1.7457139492034912,1611,1.9649755549430847,1.8614255565404891,1.7945938527584075,0.12040605745422107,1.5537817378499654,2.0354059676668497,49.832771222193486
2013-09-09 19:00:00,1.7457139492034912,1.8911897204734704,1.7457139492034912,1.7457139492034912,3222,1.9606694507598876,1.861920177936554,1.7800462186336516,0.10637869203361351,1.5672888345664246,1.9928036027008786,50.0
2013-09-17 19:00:00,1.5711421966552734,1.5711421966552734,1.5711421966552734,1.5711421966552734,805,1.9519408798217774,1.862065653204918,1.758224791288376,0.10191897798188927,1.5543868353245973,1.9620627472521546,42.071185996593876
2013-09-26 19:00:00,1.7457139524483507,2.31598092599922,1.2627329112180863,2.007570743560791,22555,1.950777063369751,1.8647424131631851,1.7625890493392944,0.11071320281430676,1.541162643710681,1.9840154549679079,54.66667846664522
2013-09-29 19:00:00,2.0075706168263205,2.1472280997229523,1.4605803734689962,2.0308473110198975,36250,1.9511262130737306,1.8675646513700486,1.7768457174301147,0.12576158030280205,1.5253225568245106,2.0283688780357187,56.639572504125525
2013-09-30 19:00:00,1.7457139492034912,1.7457139492034912,1.7457139492034912,1.7457139492034912,6444,1.9341345930099487,1.8684375101327897,1.7759728848934173,0.1259219616200613,1.5241289616532947,2.02781680813354,50.0
2013-10-07 19:00:00,1.7457139492034912,1.7457139492034912,1.7457139492034912,1.7457139492034912,805,1.923078408241272,1.8698631775379182,1.7756819248199462,0.12598811083667064,1.523705703146605,2.0276581464932875,46.819346367506256
2013-10-08 19:00:00,1.4605804681777954,1.4605804681777954,1.4605804681777954,1.4605804681777954,805,1.9086471724510192,1.8698922735452652,1.7614252507686614,0.14435206790982935,1.4727211149490027,2.05012938658832,44.124695515583134
2013-10-20 19:00:00,1.7457139492034912,1.7457139492034912,1.7457139492034912,1.7457139492034912,805,1.9035264229774476,1.8713470369577407,1.7558971703052522,0.1426353357969659,1.4706264987113205,2.041167841899184,47.75784991266557
2013-10-21 19:00:00,1.6293330192565918,1.6293330192565918,1.6293330192565918,1.6293330192565918,805,1.8957289004325866,1.8722780877351761,1.747168630361557,0.1448669151950795,1.4574347999713981,2.036902460751716,47.7578477190115
2013-10-22 19:00:00,1.6409704693330636,1.7398947477340698,1.6409704693330636,1.7398947477340698,4027,1.8868839502334596,1.8739656132459641,1.746877670288086,0.1448758341986879,1.4571260018907102,2.036629338685462,49.89247025700655
2013-10-23 19:00:00,1.6584279907712873,1.7398947477340698,1.6584279907712873,1.7398947477340698,4027,1.8780390000343323,1.874954851269722,1.7465867102146149,0.14488413758766255,1.4568184350392896,2.03635498538994,52.134828419189915
2013-10-24 19:00:00,1.7340755462646484,1.7340755462646484,1.7340755462646484,1.7340755462646484,6444,1.8639568924903869,1.875973185300827,1.7387310028076173,0.14083381706920056,1.4570633686692163,2.0203986369460183,46.63341966933273
2013-10-27 19:00:00,1.7340755462646484,1.7340755462646484,1.7340755462646484,1.7340755462646484,6444,1.8577887082099915,1.8770788019895555,1.7381490826606751,0.14082748978232895,1.4564941030960172,2.019804062225333,55.65474755132379
2013-10-28 19:00:00,1.7398947477340698,1.7398947477340698,1.7398947477340698,1.7398947477340698,805,1.8518532705307007,1.8789118027687073,1.7320390820503235,0.13778494493619245,1.4564691921779387,2.0076089719227084,49.83164548868195
2013-10-30 19:00:00,1.6351521409901926,1.7166188955307007,1.6351521409901926,1.7166188955307007,3222,1.8427755665779113,1.880221090912819,1.730584329366684,0.1377865595812585,1.455011210204167,2.006157448529201,49.16944084615373
2013-10-31 19:00:00,1.635152193081693,1.635152193081693,1.6293330192565918,1.6293330192565918,4027,1.8343961453437805,1.8814139950275421,1.724765282869339,0.13956007579899293,1.4456451312713532,2.0038854344673247,51.74826151591256
2013-11-05 19:00:00,1.6293330700964315,1.7166190037809201,1.4547613144884974,1.5769613981246948,20944,1.8217106246948243,1.8822286623716353,1.722146701812744,0.14191636018142748,1.438313981449889,2.005979422175599,33.18183600128242
2013-11-06 19:00:00,1.5129522225366083,1.5129522225366083,1.454761266708374,1.454761266708374,24166,1.807744903564453,1.882665091753006,1.7003252804279327,0.14797950807499274,1.4043662642779473,1.9962842965779182,29.11392087755624
2013-11-10 19:00:00,1.454761266708374,1.454761266708374,1.454761266708374,1.454761266708374,805,1.793197283744812,1.8830724251270294,1.6974157333374023,0.15236460233757196,1.3926865286622583,2.0021449380125462,36.70212058822824
2013-11-11 19:00:00,1.5711421966552734,1.5711421966552734,1.5711421966552734,1.5711421966552734,805,1.7856325125694275,1.8841489464044572,1.6886871457099915,0.15443836999971694,1.3798104057105576,1.9975638857094253,42.788451310594354
2013-11-17 19:00:00,1.5711421966552734,1.5711421966552734,1.5711421966552734,1.5711421966552734,8861,1.7746926903724671,1.883567042350769,1.6799585580825807,0.15597131759387545,1.3680159228948297,1.9919011932703317,55.974830774360704
2013-11-18 19:00:00,1.681703818576527,1.7457139492034912,1.681703818576527,1.7457139492034912,10472,1.7673606896400451,1.8852836638689041,1.6886871457099915,0.15443836999971694,1.3798104057105576,1.9975638857094253,50.0
2013-11-19 19:00:00,1.7398947477340698,1.7398947477340698,1.7398947477340698,1.7398947477340698,4833,1.7624726867675782,1.8863601899147033,1.6753033459186555,0.13582611562406469,1.4036511146705262,1.9469555771667848,57.85121896091825
2013-11-20 19:00:00,1.7398946962606343,1.8039038181304932,1.687522915822619,1.8039038181304932,2416,1.7557225847244262,1.8881059026718139,1.6639561712741853,0.11193920880969413,1.440077753654797,1.8878345888935735,54.86721877434416
2013-11-24 19:00:00,1.8039039000761503,1.8039039000761503,1.7457139492034912,1.7457139492034912,4027,1.7568864035606384,1.8895606660842896,1.6639561712741853,0.11193920880969413,1.440077753654797,1.8878345888935735,50.40651489777376
2013-11-26 19:00:00,1.6875230073928833,1.6875230073928833,1.6875230073928833,1.6875230073928833,2416,1.7544424033164978,1.890724474787712,1.6610466241836548,0.11044862943495334,1.440149365313748,1.8819438830535615,46.96968732865248
2013-12-02 19:00:00,1.6875230073928833,1.6875230073928833,1.6875230073928833,1.6875230073928833,805,1.7510673522949218,1.8921210461854934,1.6723937511444091,0.09992583262651421,1.4725420858913807,1.8722454163974376,46.96968732865248
2013-12-03 19:00:00,1.6293330192565918,1.6293330192565918,1.6293330192565918,1.6293330192565918,1611,1.7452483010292053,1.8929939049482345,1.6665747046470643,0.09881386479545279,1.4689469750561588,1.8642024342379697,43.26241814838271
2013-12-09 19:00:00,1.6293329673504744,1.7166188955307007,1.6293329673504744,1.7166188955307007,4027,1.7405930638313294,1.8938667637109756,1.6709389984607697,0.09900982256988834,1.472919353320993,1.8689586436005463,50.0
2013-12-10 19:00:00,1.763170526665865,2.0948565006256104,1.763170526665865,2.0948565006256104,105528,1.7417568612098693,1.8966308104991914,1.6886870861053467,0.13667233488282518,1.4153424163396964,1.962031755870997,69.80197688442334
2013-12-11 19:00:00,1.8039038181304932,1.8039038181304932,1.7166188957865829,1.8039038181304932,5638,1.737101604938507,1.8983183312416076,1.6918875396251678,0.13866943426697995,1.4145486710912079,1.9692264081591278,58.02467886843122
2013-12-12 19:00:00,1.8853704929351807,1.8853704929351807,1.8853704929351807,1.8853704929351807,8055,1.7346575999259948,1.900296806693077,1.6994522869586945,0.14507100716391688,1.4093102726308608,1.9895943012865283,65.67796264419451
2013-12-15 19:00:00,1.7457138699012198,1.8039038181304932,1.7457138699012198,1.8039038181304932,1611,1.7323299646377563,1.901867948770523,1.7029437005519867,0.14677836822069862,1.4093869641105896,1.9965004369933839,61.99999475556938
2013-12-16 19:00:00,1.8039038377489494,1.8329997062683105,1.8039038377489494,1.8329997062683105,2416,1.7340756797790526,1.9036718535423278,1.7075989484786986,0.14946389394008697,1.4086711605985247,2.0065267363588726,59.57448125404599
2013-12-17 19:00:00,1.8329996903510555,1.8911896387078717,1.7748088479059463,1.7922663688659668,2416,1.7346575951576233,1.9055339497327806,1.7113813221454621,0.15065658786267438,1.4100681464201132,2.012694497870811,57.85125233240423
2013-12-19 19:00:00,1.8039039034291708,2.007570743560791,1.8039039034291708,2.007570743560791,24972,1.739778347015381,1.9082689011096954,1.730293208360672,0.16304565108374341,1.404201906193185,2.056384510528159,59.036136747478814
2013-12-22 19:00:00,1.6293330416087999,1.7457139492034912,1.6293330416087999,1.7457139492034912,3222,1.739778347015381,1.9098109477758407,1.7387308359146119,0.15900961348829362,1.4207116089380247,2.056750062891199,50.170653093566706
2013-12-23 19:00:00,1.7457139771375272,1.8039039289413128,1.65842804358246,1.6758856773376465,6444,1.7361705493927002,1.911003853082657,1.7497870564460754,0.14532415380883326,1.4591387488284089,2.040435364063742,46.258527671023415
2013-12-25 19:00:00,1.7457139492034912,1.7457139492034912,1.7457139492034912,1.7457139492034912,805,1.73500675201416,1.9125749957561493,1.7643346905708313,0.1277346724442827,1.5088653456822658,2.0198040354593965,50.0
2013-12-26 19:00:00,1.7166188955307007,1.7166188955307007,1.7166188955307007,1.7166188955307007,805,1.7344248509407043,1.913913379907608,1.7716085255146026,0.12006622476119942,1.5314760759922037,2.0117409750370014,50.85912641506963
2013-12-29 19:00:00,1.6002380442194053,1.6293330192565918,1.6002380442194053,1.6293330192565918,15305,1.7320972323417663,1.915513617992401,1.7745180666446685,0.11557370178070608,1.5433706630832562,2.0056654702060808,48.366025673855866
2013-12-30 19:00:00,1.7398947892244467,1.862094759941101,1.7398947892244467,1.862094759941101,41083,1.7315153336524964,1.9182776647806168,1.780337107181549,0.11696853056189976,1.5464000460577494,2.0142741683053487,55.952379428120736
2013-12-31 19:00:00,1.763170540692211,1.9493807490022548,1.7457139134235349,1.9261038303375244,48333,1.735123131275177,1.9213617569208146,1.7896475613117218,0.12092402306149067,1.5477995151887405,2.031495607434703,55.42167076315957
2014-01-01 19:00:00,1.926103803265365,2.036666538984412,1.8039038377489494,1.8329997062683105,40278,1.7345412302017211,1.9239803284406662,1.7911023557186128,0.12127906201741817,1.5485442316837763,2.033660479753449,42.04947262489372
2014-01-02 19:00:00,1.687522915822619,1.8039038181304932,1.687522915822619,1.8039038181304932,4027,1.7357050275802612,1.925784233212471,1.7940118491649628,0.12083004021401397,1.5523517687369348,2.035671929592991,50.0
2014-01-05 19:00:00,1.6875229535236933,1.7748088836669922,1.6409704574472674,1.7748088836669922,10472,1.7362869262695313,1.928082754611969,1.7983761429786682,0.11833182892464887,1.5617124851293704,2.035039800827966,45.85153447841833
2014-01-06 19:00:00,1.6002380803126206,1.6875230073928833,1.6002380803126206,1.6875230073928833,44305,1.7374507260322571,1.9299739426374436,1.7983761429786682,0.11833182892464887,1.5617124851293704,2.035039800827966,45.65217449393394
2014-01-07 19:00:00,1.6351522155137321,1.8039039000761503,1.6293330416087999,1.7457139492034912,36250,1.7345412111282348,1.932126989364624,1.804195189476013,0.11228875275943644,1.5796176839571403,2.028772694994886,46.80850525942866
2014-01-08 19:00:00,1.7631705361258079,1.7748088836669922,1.7631705361258079,1.7748088836669922,11277,1.739778344631195,1.934425510764122,1.8071046888828277,0.11064194500637194,1.5858207988700839,2.0283885788955716,49.35620962901911
2014-01-09 19:00:00,1.7980855703353882,1.7980855703353882,1.7980855703353882,1.7980855703353882,3222,1.740825777053833,1.936840415596962,1.7922661423683166,0.08749969924336877,1.617266743881579,1.9672655408550541,41.00001505725906
2014-01-12 19:00:00,1.8039039412997957,2.3799901008605957,1.8039039412997957,2.3799901008605957,410836,1.753511300086975,1.9421939390897751,1.8210704565048217,0.15797368128852482,1.505123093927772,2.1370178190818714,71.37256127501388
2014-01-14 19:00:00,2.5371041866199797,2.9618942737579346,2.5371041866199797,2.9618942737579346,397141,1.7813263416290284,1.9503987962007523,1.8748966455459595,0.30031188265484876,1.274272880236262,2.475520410855657,82.21574007955041
2014-01-15 19:00:00,2.6185706645241016,2.6185706645241016,2.106494789364658,2.1821422576904297,236029,1.7848177719116212,1.9540357011556626,1.8938085675239562,0.30743112015794827,1.2789463272080597,2.5086708078398527,58.06451513421848
2014-01-16 19:00:00,2.1821424307706336,2.601114244192715,2.100675782406099,2.269428253173828,145806,1.7895893907546998,1.9587491321563721,1.9156299948692321,0.31818836824175334,1.2792532583857255,2.552006731352739,60.0
2014-01-19 19:00:00,2.2694282774943644,2.3276184538499476,2.2112374305725098,2.2112374305725098,11277,1.79889986038208,1.9632588922977448,1.9365785479545594,0.3233884132202947,1.28980172151397,2.5833553743951487,60.638293977300926
2014-01-20 19:00:00,2.2112374305725098,2.2112374305725098,2.2112374305725098,2.2112374305725098,4833,1.8082103300094605,1.9677686524391174,1.9467618823051454,0.3289012693236691,1.2889593436578073,2.6045644209524834,56.976741803947434
2014-01-21 19:00:00,2.2112372126540514,2.443999012748053,2.2112372126540514,2.240333080291748,114389,1.8238053822517395,1.9722493195533752,1.971492838859558,0.33157330117047235,1.3083462365186134,2.6346394412005028,56.36793729105683
2014-01-22 19:00:00,2.2403330984240175,2.822237491607666,1.8970087867045993,2.822237491607666,987617,1.845335853099823,1.9798140799999238,2.028810429573059,0.374134297100095,1.280541835372869,2.777079023773249,66.73227443071583
2014-01-23 19:00:00,2.822237567709295,3.084094350533041,2.6767618007737344,2.7756850719451904,279529,1.868262894153595,1.9871460783481598,2.080308985710144,0.4028966866137113,1.2745156124827215,2.886102358937567,66.34051355274332
2014-01-26 19:00:00,2.4730949531906745,2.7349517345428467,2.4730949531906745,2.7349517345428467,98278,1.8881640338897705,1.9949436020851135,2.1312256276607515,0.418558027163424,1.2941095733339036,2.9683416819875994,66.08186926660277
2014-01-27 19:00:00,2.513828347932191,2.676761863396293,2.2577898387616973,2.327618360519409,99084,1.8999185061454773,2.000733554959297,2.166139894723892,0.40333604992504635,1.3594677948737994,2.972811994573985,59.68309961387048
2014-01-28 19:00:00,2.327618360519409,2.385809205107985,2.269428186497078,2.327618360519409,19333,1.9117893624305724,2.0065235078334807,2.1894160747528075,0.39826701265472564,1.3928820494433563,2.985950100062259,58.960568686860384
2014-01-29 19:00:00,2.3276183649239592,2.3276183649239592,2.217056519971526,2.315980911254883,28194,1.9234274697303773,2.0121679854393006,2.2089099287986755,0.39422146907264005,1.4204669906533955,2.9973528669439555,58.378389112730275
2014-01-30 19:00:00,2.3159808617826756,2.3858091586588235,2.240333167630054,2.2461514472961426,16111,1.9335526037216186,2.017579699754715,2.229567515850067,0.38418365154122736,1.4612002127676122,2.9979348189325217,56.83835419229167
2014-02-02 19:00:00,2.246151557019189,2.269428253173828,2.0424849361078516,2.269428253173828,16916,1.9446087908744811,2.023107798099518,2.252843737602234,0.37090984356125406,1.5110240504797257,2.994663424724742,47.96574031733977
2014-02-03 19:00:00,2.059942392309652,2.0657615661621094,2.059942392309652,2.0657615661621094,4833,1.9533373618125915,2.028752275407314,2.2673913717269896,0.35660370700049143,1.5541839577260066,2.9805987857279725,30.845795077867834
2014-02-05 19:00:00,2.077399948386657,2.5487425327301025,2.077399948386657,2.5487425327301025,37861,1.9727729845046997,2.036840753555298,2.310452347993851,0.3341906228317305,1.6420711023303898,2.9788335936573116,58.97435837574603
2014-02-06 19:00:00,2.123951502495785,2.3858091831207275,2.123951502495785,2.3858091831207275,45111,1.9913939428329468,2.0441145649552346,2.3424571096897124,0.30678701453789364,1.728883080613925,2.9560311387655,52.747250397085764
2014-02-09 19:00:00,2.0366665129132544,2.1239514350891113,2.0366665129132544,2.1239514350891113,8055,2.0047777462005616,2.0500790876150132,2.3599142372608184,0.2816934101164492,1.79652741702792,2.923301057493717,48.12029604218049
2014-02-10 19:00:00,2.0366666316986084,2.0366666316986084,2.0366666316986084,2.0366666316986084,1611,2.014088234901428,2.0558981359004975,2.3718432903289797,0.26093595565700783,1.849971379014964,2.8937152016429954,46.37682579372773
2014-02-11 19:00:00,2.0366666535342413,2.1297707557678223,1.9784758073109463,2.1297707557678223,23361,2.025260806083679,2.062764609158039,2.359332323074341,0.26646478404355356,1.8264027549872337,2.892261891161448,47.76469712651568
2014-02-12 19:00:00,2.129770596197375,2.1530472905780558,1.9202854877788815,2.071580648422241,4833,2.031778140068054,2.0696310862898826,2.314816641807556,0.2327358278632581,1.8493449860810398,2.780288297534072,30.746273220327794
2014-02-13 19:00:00,1.9435613455527359,1.9842948913574219,1.9435613455527359,1.9842948913574219,9666,2.036666142940521,2.076061134636402,2.3049242734909057,0.24266484382615186,1.819594585838602,2.7902539611432093,30.11696337297684
2014-02-16 19:00:00,1.9202855176845675,1.9784756898880005,1.9202855176845675,1.9784756898880005,4833,2.0401575803756713,2.0820256575942038,2.2903766453266146,0.25338906455946625,1.783598516207682,2.797154774445547,30.654764027837857
2014-02-17 19:00:00,1.751533137127463,1.862094759941101,1.751533137127463,1.862094759941101,4027,2.0424851965904236,2.089153988957405,2.272919511795044,0.2705726549515225,1.731774201891999,2.8140648216980892,36.01399039691294
2014-02-18 19:00:00,1.8039039034291708,2.0250282653080367,1.8039039034291708,2.007570743560791,2416,2.048886151313782,2.090725132226944,2.262736177444458,0.27677778985966084,1.7091805977251364,2.8162917571637798,41.15755421558178
2014-02-19 19:00:00,2.0075707247119587,2.0657615692347653,1.7806280851364136,1.7806280851364136,7250,2.0507482528686523,2.088252035975456,2.2397509276866914,0.2970798965731806,1.64559113454033,2.8339107208330527,36.7815983014476
2014-02-20 19:00:00,1.862094759941101,1.862094759941101,1.862094759941101,1.862094759941101,12083,2.0554034876823426,2.0817347049713133,2.191743791103363,0.27473553931007105,1.642272712483221,2.741214869723505,40.57143572900599
2014-02-23 19:00:00,1.9784756678961455,2.4439990520477295,1.9784756678961455,2.4439990520477295,47528,2.0699510908126832,2.0796980369091034,2.17515949010849,0.24615540994440477,1.6828486702196805,2.6674703099972996,53.36321910102192
2014-02-24 19:00:00,2.042484911579043,2.4439991980632403,2.0366666316986084,2.0366666316986084,21750,2.068787293434143,2.075770182609558,2.140245234966278,0.20934610497703207,1.721553025012214,2.558937444920342,49.48025436798346
2014-02-25 19:00:00,1.873733208090863,2.007570743560791,1.873733208090863,2.007570743560791,18527,2.072860631942749,2.0695728981494903,2.1242428541183473,0.20648210708081716,1.711278639956713,2.5372070682799817,38.46151969209288
2014-02-26 19:00:00,1.9610190690106737,1.97847569603399,1.8039038377489494,1.8329997062683105,39472,2.071813216209412,2.062735515832901,2.0995119214057922,0.21042450130693804,1.6786629187919162,2.5203609240196685,38.271592698460715
2014-02-27 19:00:00,1.8620947484983241,2.007570743560791,1.8620947484983241,2.007570743560791,21750,2.0758865547180174,2.05822575211525,2.0840914130210875,0.20495563824187898,1.6741801365373294,2.4940026895048453,47.4358990521563
2014-03-02 19:00:00,1.8737331628799438,2.0075706951205334,1.862094703568227,1.8737331628799438,10472,2.0767012238502502,2.053599608540535,2.065470498800278,0.20636985564507593,1.652730787510126,2.4782102100904297,46.4824041842246
2014-03-04 19:00:00,2.077399969100952,2.077399969100952,2.077399969100952,2.077399969100952,1611,2.08240389585495,2.0498754209280015,2.055869084596634,0.20077240750068154,1.654324269595271,2.4574138995979973,48.92087543212342
2014-03-05 19:00:00,1.7748089388451567,1.862094759941101,1.7748089388451567,1.862094759941101,11277,2.079494376182556,2.0449001359939576,2.0456857442855836,0.20535697442632428,1.634971795432935,2.4563996931382324,45.94593996024505
2014-03-06 19:00:00,1.9784756554315042,2.0832180976867676,1.9784756554315042,2.0832180976867676,10472,2.086244459152222,2.040768609046936,2.0224095225334167,0.16839257814869818,1.6856243662360204,2.359194678830813,51.8201188419855
2014-03-09 19:00:00,1.995933278358248,2.0599424028873172,1.9202855825424194,1.9202855825424194,13694,2.0911324572563172,2.0368407529592516,1.9991333425045013,0.14623332506023692,1.7066666923840275,2.2915999926249753,48.987859556457494
2014-03-10 19:00:00,1.9202855825424194,1.9202855825424194,1.9202855825424194,1.9202855825424194,1611,2.0946238899230956,2.0346295189857484,1.9889500498771668,0.14416053658210798,1.700628976712951,2.2772711230413827,51.054859797476595
2014-03-11 19:00:00,1.9202855635281948,1.9202855635281948,1.891189694404602,1.891189694404602,3222,2.0981153059005737,2.032272805571556,1.9816762030124664,0.14529189925662755,1.6910924044992113,2.2722600015257215,47.797353101033075
2014-03-17 19:00:00,1.8097230747241144,1.8213614225387573,1.8097230747241144,1.8213614225387573,4833,2.101955873966217,2.028723187446594,1.9662557363510131,0.1451130231457983,1.6760296900594165,2.25648178264261,50.819672996301854
2014-03-18 19:00:00,1.815542221069336,1.815542221069336,1.815542221069336,1.815542221069336,5638,2.101024823188782,2.026162806749344,1.953453814983368,0.14661827325897536,1.6602172684654173,2.2466903615013187,49.03381225370639
2014-03-19 19:00:00,1.815542276457838,1.8329997984473696,1.7515331506729126,1.7515331506729126,16111,2.0975334095954894,2.022118567824364,1.9418157279491424,0.15313449958550696,1.6355467287781285,2.2480847271201565,31.692306509206716
2014-03-20 19:00:00,1.6642471551895142,1.6642471551895142,1.6642471551895142,1.6642471551895142,1611,2.0941583585739134,2.0188017117977144,1.926104301214218,0.16484709110603227,1.5964101190021536,2.2557984834262825,38.14812681903896
2014-03-23 19:00:00,1.7515330571496912,1.9784756898880005,1.6875229289332023,1.9784756898880005,19333,2.0976497960090636,2.0148738569021223,1.9319233477115632,0.16452243814513084,1.6028784714213016,2.2609682240018247,49.21630518819599
2014-03-25 19:00:00,1.8504563545080677,1.8504563545080677,1.7748088836669922,1.7748088836669922,6444,2.0976497960090636,2.0082110458612443,1.9202852547168732,0.16710200832730124,1.5860812380622706,2.2544892713714755,48.45677997565952
2014-03-27 19:00:00,1.9202855825424194,1.9202855825424194,1.9202855825424194,1.9202855825424194,24972,2.1023050475120546,2.0038467609882353,1.9272681295871734,0.1638451140734554,1.5995779014402627,2.2549583577340844,47.64891737641629
2014-03-30 19:00:00,1.9202855322946217,1.9784757049407815,1.7457138967457617,1.8097230195999146,8861,2.103585228919983,1.9986387127637864,1.9246495425701142,0.16535310725848795,1.5939433280531383,2.25535575708709,48.25395221199135
2014-03-31 19:00:00,1.8097229917710786,1.8329996863334206,1.8039038181304932,1.8039038181304932,21750,2.104167127609253,1.995554614663124,1.8926447808742524,0.11329070038304455,1.6660633801081632,2.1192261816403413,41.636987429884535
2014-04-01 19:00:00,1.8329997062683105,1.8329997062683105,1.8329997062683105,1.8329997062683105,805,2.1048654103279114,1.9910448545217514,1.8824614346027375,0.10872517348959265,1.6650110876235522,2.099911781581923,48.995991072697194
2014-04-02 19:00:00,1.8039039000761503,1.8039039000761503,1.7457139492034912,1.7457139492034912,20139,2.0921798872947694,1.9855167609453201,1.8693685948848724,0.10863293825248584,1.6521027183799006,2.086634471389844,37.16818081942641
2014-04-06 19:00:00,1.7457139492034912,1.9726565904879412,1.7457139492034912,1.7457139492034912,32222,2.0678562808036802,1.9797559052705764,1.8650043070316316,0.11187587703015589,1.6412525529713198,2.088756061091943,42.424249635416366
2014-04-07 19:00:00,1.7457139089023423,1.7748088836669922,1.7457139089023423,1.7748088836669922,20944,2.0597096133232116,1.9734422355890273,1.8533662140369416,0.10831463592708131,1.6367369421827789,2.0699954858911043,43.84235419182637
2014-04-08 19:00:00,1.7748089246398207,1.7748089246398207,1.7457139492034912,1.7457139492034912,19333,2.049235327243805,1.9683505719900132,1.846965253353119,0.11080183789312394,1.625361577566871,2.0685689291393667,43.84238958712379
2014-04-09 19:00:00,1.7515330435418053,1.8039038181304932,1.7515330435418053,1.8039038181304932,4833,2.0410886549949647,1.9634043782949449,1.833290445804596,0.09686616379565673,1.6395581182132826,2.0270227733959096,49.25371217613341
2014-04-10 19:00:00,1.7457139492034912,1.7457139492034912,1.7457139492034912,1.7457139492034912,805,2.031778185367584,1.9609312826395036,1.8274714052677155,0.09852617863980821,1.6304190479880991,2.024523762547332,47.14286968533433
2014-04-13 19:00:00,1.7457139630368623,1.786447286605835,1.7457139630368623,1.786447286605835,2416,2.022700469493866,1.9593892365694046,1.812632864713669,0.07824176821780364,1.6561493282780617,1.969116401149276,51.456303727991546
2014-04-15 19:00:00,1.6875229535236933,1.7748088836669922,1.6875229535236933,1.7748088836669922,20944,2.0017518973350525,1.9586618530750275,1.8053590297698974,0.07437355358120808,1.6566119226074811,1.9541061369323136,54.92226928821424
2014-04-23 19:00:00,1.687522915822619,1.9202855027656216,1.687522915822619,1.8039038181304932,2416,1.9823162722587586,1.9563633275032044,1.7995399415493012,0.06928729409153041,1.6609653533662403,1.938114529732362,39.58331110455748
2014-04-24 19:00:00,1.6351521414172192,1.774808844214799,1.6351521414172192,1.6933420896530151,7250,1.9614840793609618,1.9546176141500473,1.7896475613117218,0.06963626404836137,1.6503750332149991,1.9289200894084444,44.53124162252697
2014-04-27 19:00:00,1.6002380408205092,1.7398947477340698,1.571142171756803,1.7398947477340698,40278,1.9497296071052552,1.9533083307743073,1.7855742275714874,0.07006489798053296,1.6454444316104215,1.9257040235325533,36.03600377976937
2014-04-28 19:00:00,1.5420472084081371,1.74571393470914,1.5420472084081371,1.7049806118011475,4833,1.9372768521308898,1.951358951330185,1.780046147108078,0.07191323919099314,1.6362196687260917,1.9238726254900642,40.81634956785858
2014-05-01 19:00:00,1.7457139089023423,1.862094702049252,1.6642471525296358,1.7748088836669922,33833,1.926453411579132,1.9468782830238343,1.781209933757782,0.07161524221149024,1.6379794493348014,1.9244404181807626,47.706440640504354
2014-05-04 19:00:00,1.7748089402351366,1.8039039159271248,1.6060563601015516,1.6118755340576172,21750,1.9137678933143616,1.9444633781909944,1.7785913527011872,0.07688091387252044,1.6248295249561462,1.9323531804462282,35.60599758636445
2014-05-05 19:00:00,1.6875229509265186,1.7107997577341016,1.512952208518982,1.512952208518982,76528,1.8986383724212645,1.941670235991478,1.7553151786327361,0.08337537959309169,1.5885644194465527,1.9220659378189195,35.07458704803459
2014-05-06 19:00:00,1.6817038334365313,1.6875230073928833,1.6817038334365313,1.6875230073928833,2416,1.8910736012458802,1.9410883319377898,1.7509508848190307,0.08457710815679398,1.5817966685054428,1.9201051011326187,46.951184703465316
2014-05-07 19:00:00,1.7340756167164026,1.7340756167164026,1.6875230073928833,1.6875230073928833,3222,1.8738492107391358,1.9390516644716262,1.739312756061554,0.07558626727868013,1.5881402215041938,1.8904852906189142,45.28299504403548
2014-05-11 19:00:00,1.6293330543786464,1.7107998132705688,1.6293330543786464,1.7107998132705688,4027,1.8603490233421325,1.9365494763851165,1.7343665957450867,0.07395535099635742,1.5864558937523718,1.8822772977378015,48.101269761786924
2014-05-13 19:00:00,1.687523019484353,1.687523019484353,1.6002380917786747,1.6758856773376465,2416,1.8513877081871033,1.9341636681556702,1.7279656887054444,0.07315579812290715,1.58165409245963,1.8742772849512588,42.85718086472027
2014-05-14 19:00:00,1.7107998132705688,1.7107998132705688,1.6817038317568276,1.7107998132705688,2416,1.8448703718185424,1.932243384718895,1.7218556940555572,0.06890096894995384,1.5840537561556496,1.8596576319554647,48.00000600924851
2014-05-15 19:00:00,1.6875229797742122,1.9784757494947178,1.6875229797742122,1.7806280851364136,32222,1.8378875184059142,1.9306722426414489,1.7236014008522034,0.06997125526087486,1.5836588903304536,1.8635439113739531,49.67741031623503
2014-05-19 19:00:00,1.687522980971889,1.8562755584716797,1.687522980971889,1.8562755584716797,35444,1.833581416606903,1.9283155286312104,1.7291294813156128,0.07592441827797136,1.5772806447596701,1.8809783178715556,54.216876093722625
2014-05-20 19:00:00,1.8039038342983758,1.8039038342983758,1.7515330592403033,1.7573522329330444,12083,1.8290425634384155,1.9272099113464356,1.7282566487789155,0.07547063134026177,1.577315386098392,1.879197911459439,47.7528429339624
2014-05-21 19:00:00,1.7864471912970274,1.8039038181304932,1.7864471912970274,1.8039038181304932,8055,1.8255511260032653,1.9257260525226594,1.7311661422252655,0.07727903697284676,1.576608068279572,1.885724216170959,55.68862936551836
2014-05-22 19:00:00,1.8679139614105225,1.8679139614105225,1.8679139614105225,1.8679139614105225,805,1.8256675100326538,1.924067622423172,1.7343666493892669,0.08165178735506393,1.571063074679139,1.8976702240993948,56.47061191126725
2014-05-26 19:00:00,1.7748089388451567,1.862094759941101,1.7457139631759548,1.862094759941101,11277,1.82275799036026,1.9231947630643844,1.7401856899261474,0.08650578244862428,1.5671741250288989,1.913197254823396,58.181828340210664
2014-05-27 19:00:00,1.7748088437513003,1.8562754865307722,1.7166188955307007,1.7166188955307007,23361,1.8214778065681458,1.9224673837423325,1.7366942703723907,0.08594772456638414,1.5647988212396224,1.9085897195051589,47.19102921074581
2014-05-28 19:00:00,1.6933421934824004,1.6933421934824004,1.6758856773376465,1.6758856773376465,37055,1.8177536249160766,1.9202561455965041,1.7317481100559236,0.08648361177501712,1.5587808865058892,1.904715333605958,53.503227017012854
2014-05-29 19:00:00,1.6584279537200928,1.6584279537200928,1.6584279537200928,1.6584279537200928,805,1.802042202949524,1.917055669426918,1.7244743168354035,0.08621274932229117,1.5520488181908212,1.8968998154799859,58.74124381424373
2014-06-01 19:00:00,1.542047142982483,1.542047142982483,1.542047142982483,1.542047142982483,805,1.7921498131752014,1.9158918607234954,1.7169095695018768,0.09525204098232777,1.5264054875372213,1.9074136514665323,40.60151707783072
2014-06-02 19:00:00,1.6060563325881958,1.6060563325881958,1.6060563325881958,1.6060563325881958,805,1.7841195249557495,1.9137388092279435,1.710217648744583,0.09820777130845951,1.513802106127664,1.906633191361502,45.13888276361662
2014-06-03 19:00:00,1.6002380847930908,1.6002380847930908,1.6002380847930908,1.6002380847930908,805,1.7794642925262452,1.9115566664934158,1.7049805223941803,0.10124750514013477,1.5024855121139107,1.90747553267445,43.26240248576398
2014-06-04 19:00:00,1.6293330280137046,1.6293330280137046,1.6060563325881958,1.6060563325881958,22555,1.7714340043067933,1.9102764743566514,1.6965428948402406,0.10214958401153794,1.4922437268171647,1.9008420628633165,45.588169502815255
2014-06-08 19:00:00,1.6293329711645763,1.7922663688659668,1.6293329711645763,1.7922663688659668,16916,1.7698046684265136,1.9100728076696396,1.7055624365806579,0.10224418439114305,1.5010740677983718,1.910050805362944,54.32099265016912
2014-06-09 19:00:00,1.6351522207260132,1.6351522207260132,1.6351522207260132,1.6351522207260132,3222,1.760959713459015,1.9077160942554474,1.7116724371910095,0.09339667749864948,1.5248790821937106,1.8984657921883084,42.937853761246515
2014-06-11 19:00:00,1.7457139791187408,1.885370578876999,1.652608871459961,1.652608871459961,25777,1.756769995689392,1.9050102353096008,1.7099267303943635,0.09419470539954718,1.521537319595269,1.898316141193458,39.52092943605073
2014-06-12 19:00:00,1.6467896423309802,1.6467896423309802,1.6409704685211182,1.6409704685211182,4027,1.747925043106079,1.9015769958496094,1.7075991034507751,0.09534560136247731,1.5169079007258206,1.8982903061757297,43.4209935780154
2014-06-16 19:00:00,1.6293330186158592,1.6293330186158592,1.5187713982473732,1.5304087400436401,13694,1.7401275062561035,1.8993366611003877,1.6985795497894287,0.1032330076906454,1.492113534408138,1.9050455651707194,35.58281306458454
2014-06-23 19:00:00,1.5711421966552734,1.5711421966552734,1.5711421966552734,1.5711421966552734,2416,1.7331446385383606,1.8970381355285644,1.69334237575531,0.10703190152817177,1.4792785726989666,1.9074061788116536,33.962217475635086
2014-06-24 19:00:00,1.7573522708852434,1.7922664197074056,1.5478663721029122,1.5536855459213257,11277,1.726394555568695,1.895903422832489,1.685486662387848,0.11136137341637235,1.4627639155551033,1.9082094092205926,33.54034896096037
2014-06-25 19:00:00,1.5711421966552734,1.7166189737753168,1.5478663951237654,1.5711421966552734,38666,1.7213901710510253,1.8938667553663253,1.675012367963791,0.11179264262154091,1.4514270827207092,1.8985976532068727,41.00713550382935
2014-06-26 19:00:00,1.5769613067154615,1.5827804803848267,1.5769613067154615,1.5827804803848267,3222,1.7167349362373352,1.89162642121315,1.6613376140594482,0.10497235297880672,1.4513929081018349,1.8712823200170616,44.02980636503273
2014-06-29 19:00:00,1.1754469586580587,1.5129522225366083,1.1754469586580587,1.454761266708374,13694,1.7107994985580444,1.8888623738288879,1.6462080657482148,0.11197782170300923,1.4222524223421964,1.8701637091542331,38.56205737288303
2014-06-30 19:00:00,1.454761266708374,1.454761266708374,1.454761266708374,1.454761266708374,805,1.7066097807884217,1.8862438017129899,1.6287509381771088,0.11330687696790485,1.402137184241299,1.8553646921129185,44.36087411314772
2014-07-01 19:00:00,1.512952208518982,1.512952208518982,1.512952208518982,1.512952208518982,1611,1.6972993111610413,1.8842071348428726,1.6110028505325318,0.10100573740965012,1.4089913757132315,1.813014325351832,43.939422627446774
2014-07-02 19:00:00,1.6293330416165406,1.7340756014018648,1.5711421966552734,1.5711421966552734,8861,1.693225977420807,1.881326704621315,1.5964552223682404,0.08212637112742409,1.4322024801133924,1.7607079646230885,48.22690790068231
2014-07-06 19:00:00,1.47803795337677,1.518771387521513,1.47803795337677,1.47803795337677,1611,1.684381024837494,1.8788245159387589,1.5845261752605437,0.08107416156834092,1.422377852123862,1.7466744983972256,42.948746738315386
2014-07-07 19:00:00,1.6293330192565918,1.6293330192565918,1.6293330192565918,1.6293330192565918,3222,1.6807732248306275,1.8746348017454146,1.582198542356491,0.0789537209404708,1.4242911004755494,1.7401059842374327,40.66664736421889
2014-07-08 19:00:00,1.6293330192565918,1.6293330192565918,1.6293330192565918,1.6293330192565918,3222,1.6772818088531494,1.872481754422188,1.5807437956333161,0.07773386478430992,1.4252760660646964,1.736211525201936,49.59348428974797
2014-07-13 19:00:00,1.728256344795227,1.728256344795227,1.728256344795227,1.728256344795227,41083,1.6751869416236878,1.8714634209871293,1.5900542557239532,0.083772043082994,1.4225101695579652,1.7575983418899412,54.744525765742324
2014-07-14 19:00:00,1.542047142982483,1.542047142982483,1.542047142982483,1.542047142982483,4027,1.6711136054992677,1.8693685609102249,1.5868537962436675,0.08434924466506884,1.4181553069135298,1.7555522855738053,44.910193009678395
2014-07-20 19:00:00,1.5187713504607028,1.7457138696410006,1.5187713504607028,1.7166188955307007,33833,1.6705317044258117,1.8679138016700745,1.592672836780548,0.08919633093509813,1.4142801749103517,1.7710654986507444,58.98880930519267
2014-08-03 19:00:00,1.6293330192565918,1.6293330192565918,1.6293330192565918,1.6293330192565918,1611,1.6676221871376038,1.8657316589355468,1.593836671113968,0.08953137774146643,1.414773915631035,1.772899426596901,52.68819217616795
2014-08-05 19:00:00,1.6817038473948736,1.6875230213995254,1.6002380935947873,1.652608871459961,54778,1.6657600855827333,1.863927754163742,1.5868537962436675,0.07793590489352956,1.4309819864566085,1.7427256060307266,54.54543861073288
2014-08-10 19:00:00,1.3383803814647854,1.6235138677115806,1.3383803814647854,1.5711421966552734,29000,1.6611048531532289,1.8588069903850555,1.5836532950401305,0.07715853554958156,1.4293362239409675,1.7379703661392936,50.0
2014-08-11 19:00:00,1.4023895581557473,1.542047155410843,1.4023895581557473,1.483856201171875,4027,1.6558676981925964,1.8547336554527283,1.5752156615257262,0.07843739300052428,1.4183408755246776,1.7320904475267749,45.97154184812448
2014-08-12 19:00:00,1.4198471714553185,1.6700664021925964,1.4198471714553185,1.4663996696472168,11277,1.649466745853424,1.8511549425125122,1.5664871215820313,0.08042307375380338,1.4056409740744245,1.7273332690896381,50.52084789320948
2014-08-14 19:00:00,1.4838562416978125,1.4838562416978125,1.454761266708374,1.454761266708374,24972,1.6430657935142516,1.8484199917316437,1.562704747915268,0.08391237129476625,1.3948800053257355,1.7305294905048005,50.0
2014-08-17 19:00:00,1.542047142982483,1.542047142982483,1.542047142982483,1.542047142982483,805,1.6378286600112915,1.846034181714058,1.5612499952316283,0.0840105429044196,1.3932289094227892,1.7292710810404675,51.25627012963054
2014-08-20 19:00:00,1.7398947477340698,1.7398947477340698,1.7398947477340698,1.7398947477340698,805,1.6387597131729126,1.8438229441642762,1.5705604553222656,0.09296878039204871,1.3846228945381682,1.756498016106363,56.50225479945839
2014-08-21 19:00:00,1.7398947477340698,1.7398947477340698,1.7398947477340698,1.7398947477340698,805,1.6387597131729126,1.8416117066144944,1.5789980828762054,0.1003862491665809,1.3782255845430436,1.7797705812093672,60.86955704190004
2014-08-25 19:00:00,1.4605804180509177,1.6235138177871704,1.4256662697831293,1.6235138177871704,27389,1.637130377292633,1.8375383710861206,1.5810347497463226,0.10087902220453437,1.3792767053372539,1.7827927941553914,49.7512370877958
2014-08-28 19:00:00,1.7166189959217764,1.7166189959217764,1.33838039873151,1.5013138055801392,3222,1.631660475730896,1.8348325163125991,1.583362376689911,0.09831663262786215,1.3867291114341866,1.7799956419456353,45.04503656530406
2014-08-31 19:00:00,1.483856201171875,1.483856201171875,1.483856201171875,1.483856201171875,805,1.629100089073181,1.8320684641599656,1.584817123413086,0.09651232604440502,1.3917924713242757,1.777841775501896,39.90384364423034
2014-09-01 19:00:00,1.6875230073928833,1.6875230073928833,1.6817038334365313,1.6875230073928833,113584,1.6325915050506592,1.8296535587310792,1.593545663356781,0.0975591957714555,1.39842727181387,1.7886640548996922,55.924153130673716
2014-09-02 19:00:00,1.7166189737671615,1.7457139492034912,1.7166189737671615,1.7457139492034912,2416,1.6337553238868714,1.8281406080722808,1.6022742509841919,0.10310128999391638,1.396071670996359,1.8084768309720247,51.30889103330781
2014-09-07 19:00:00,1.6293329898097515,1.7340755462646484,1.6293329898097515,1.7340755462646484,1611,1.6346863746643066,1.8257547986507416,1.615076130628586,0.10275848161064972,1.4095591674072865,1.8205930938498853,55.056158179736094
2014-09-08 19:00:00,1.6875230073928833,1.6875230073928833,1.6875230073928833,1.6875230073928833,4833,1.634220838546753,1.8234271770715713,1.6179856300354003,0.1039996944983325,1.4099862410387354,1.8259850190320652,51.648342000306386
2014-09-14 19:00:00,1.6351522155137321,1.7457139492034912,1.6351522155137321,1.7457139492034912,9666,1.6356174039840699,1.8212450355291367,1.6238046765327454,0.1078525618590848,1.4080995528145759,1.839509800250915,58.42696474036059
2014-09-15 19:00:00,1.6584280460414642,1.6584280460414642,1.5769613981246948,1.5769613981246948,2416,1.6329406356811524,1.8193829387426377,1.6162399291992187,0.10541920342802405,1.4054015223431706,1.8270783360552667,54.16667867018898
2014-09-22 19:00:00,1.7166189737671615,1.7457139492034912,1.7166189737671615,1.7457139492034912,4833,1.6322423529624939,1.8175208419561386,1.6264232695102692,0.10768763416968992,1.4110480011708892,1.841798537849649,61.0091499135641
2014-09-25 19:00:00,1.7457139492034912,1.7457139492034912,1.7457139492034912,1.7457139492034912,1611,1.63003112077713,1.815687841773033,1.6278780221939086,0.10915671826595696,1.4095645856619947,1.8461914587258226,61.57406327255249
2014-09-28 19:00:00,1.7457139492034912,1.7457139492034912,1.7457139492034912,1.7457139492034912,805,1.629798355102539,1.8144949370622634,1.6336970686912538,0.11229532406824859,1.4091064205547565,1.858287716827751,58.70645640480759
2014-09-29 19:00:00,1.6351522207260132,1.6351522207260132,1.6351522207260132,1.6351522207260132,8055,1.6264233231544494,1.8119636535644532,1.6328242361545562,0.11220840122290449,1.408407433708747,1.8572410386003653,45.16131519286364
2014-10-02 19:00:00,1.7748088836669922,1.7748088836669922,1.7748088836669922,1.7748088836669922,1611,1.6245612215995788,1.8124000829458238,1.6430075705051421,0.11550911127369289,1.4119893479577563,1.874025793052528,51.428563345651945
2014-10-08 19:00:00,1.739894775298559,1.7457139492034912,1.739894775298559,1.7457139492034912,5638,1.6222336053848267,1.8120800375938415,1.6561004579067231,0.11128335308713279,1.4335337517324576,1.8786671640809887,55.38461457648825
2014-10-09 19:00:00,1.7457138967457617,1.885370489914206,1.7457138967457617,1.8097230195999146,27389,1.624095687866211,1.8118472748994827,1.673266625404358,0.10687318236700154,1.459520260670355,1.887012990138361,64.32429762813845
2014-10-12 19:00:00,1.6002380386461637,1.9493807554244995,1.6002380386461637,1.9493807554244995,53972,1.629565589427948,1.811992750763893,1.6979975998401642,0.11080510727417464,1.4763873852918148,1.9196078143885136,69.41748967966512
2014-10-13 19:00:00,1.8039038930723026,1.978475756711232,1.8039038930723026,1.9202855825424194,10472,1.6348027420043945,1.8118472748994827,1.716909521818161,0.11498646386342203,1.4869365940913168,1.946882449545005,61.36365964321715
2014-10-14 19:00:00,1.908647275724097,2.1530474430175697,1.908647275724097,2.077399969100952,85389,1.645509798526764,1.8120509415864945,1.7337847828865052,0.1404776445623088,1.4528294937618875,2.0147400720111226,64.76684658291805
2014-10-15 19:00:00,1.9551999452303856,2.1239515165100387,1.9202855726818826,2.0657615661621094,9666,1.6547039031982422,1.812196416258812,1.750078123807907,0.1589119580160946,1.4322542077757179,2.0679020398400962,64.76684658291805
2014-10-16 19:00:00,1.926103877716842,2.0657615932652686,1.926103877716842,1.9959332942962646,3222,1.6626178073883056,1.8121382290124892,1.7686990976333619,0.16500376799251942,1.438691561648323,2.098706633618401,63.45180958873895
2014-10-19 19:00:00,1.8679139614105225,2.030847360112123,1.8679139614105225,1.8679139614105225,1611,1.6678549599647523,1.8118763709068297,1.787029105424881,0.15371325605576605,1.479602593313349,2.094455617536413,55.02392457055748
2014-10-20 19:00:00,1.8911896768139016,1.9784757187182391,1.7515330826729345,1.7748088836669922,25777,1.6675058102607727,1.8120218455791473,1.801576739549637,0.13629117194102422,1.5289943956675884,2.0741590834316854,58.67346357512688
2014-10-21 19:00:00,1.7864473005636305,1.792266474560141,1.7515331506729126,1.7515331506729126,34639,1.6698334288597108,1.8119636583328247,1.8047772467136383,0.1342075434146955,1.5363621598842472,2.0731923335430293,50.29240557752782
2014-10-22 19:00:00,1.8039038181304932,1.8039038181304932,1.8039038181304932,1.8039038181304932,805,1.6728593277931214,1.8122255116701127,1.8076867401599883,0.13348854005635621,1.5407096600472758,2.0746638202727006,52.77775248632669
2014-10-23 19:00:00,1.6875229195213926,1.8620946645294636,1.6875229195213926,1.7922663688659668,3222,1.6758852458000184,1.812458273768425,1.8105962812900542,0.1324296213472945,1.5457370385954652,2.075455523984643,52.197808258774856
2014-11-09 19:00:00,1.9202855635281948,1.9202855635281948,1.891189694404602,1.891189694404602,1611,1.6831008648872376,1.8126328444480897,1.8207796156406402,0.1302808199951037,1.5602179756504326,2.0813412556308477,62.22221994598956
2014-11-10 19:00:00,1.8039038181304932,1.8039038181304932,1.8039038181304932,1.8039038181304932,4833,1.687756097316742,1.8126328444480897,1.8236891090869904,0.12916113647504907,1.5653668361368922,2.0820113820370887,51.46197555327401
2014-11-11 19:00:00,1.7515331231084232,1.7515331231084232,1.7457139492034912,1.7457139492034912,1611,1.6915966653823853,1.8126328444480897,1.8321267366409302,0.11714837091716816,1.597829994806594,2.0664234784752664,50.0
2014-11-12 19:00:00,1.8853705187204526,1.978475735169566,1.751533097237199,1.815542221069336,23361,1.6964846658706665,1.8129819858074188,1.8356181502342224,0.1154659102822423,1.6046863296697378,2.066549970798707,50.28249385330643
2014-11-13 19:00:00,1.774808844214799,1.774808844214799,1.6933420896530151,1.6933420896530151,14500,1.6986958980560303,1.8119927477836608,1.8329995572566986,0.1181742076625424,1.5966511419316138,2.0693479725817836,37.35626473026759
2014-11-16 19:00:00,1.7457138850493652,1.844637155532837,1.6875229304658221,1.844637155532837,3222,1.7064934158325196,1.8124873638153076,1.837945717573166,0.11638526992609254,1.6051751777209808,2.070716257425351,46.66662394353487
2014-11-17 19:00:00,1.8039039000761503,1.8039039000761503,1.699161452052365,1.7457139492034912,16111,1.7123124694824219,1.8119054597616195,1.8434738039970398,0.10861215207830198,1.6262494998404358,2.0606981081536437,34.59453563530742
2014-11-18 19:00:00,1.7457139492034912,1.7457139492034912,1.7457139492034912,1.7457139492034912,2416,1.716967704296112,1.8119054597616195,1.8420190572738648,0.10976894013941425,1.6224811769950362,2.061556937552693,34.97262920804937
2014-11-19 19:00:00,1.6875229160117775,1.7340755228144251,1.6060562732110302,1.6933420896530151,15305,1.7194117021560669,1.8116436004638672,1.8394004642963409,0.11277089267138556,1.6138586789535698,2.064942249639112,35.5554834748297
2014-11-20 19:00:00,1.8039038181304932,1.8039038181304932,1.7457138699012198,1.8039038181304932,8055,1.7259290194511414,1.8125164544582366,1.8391095042228698,0.11285896612333861,1.6133915719761927,2.064827436469547,46.89261574074074
2014-11-23 19:00:00,1.7457138696410006,1.7457138696410006,1.7166188955307007,1.7166188955307007,16111,1.7276747369766234,1.8116436004638672,1.82747141122818,0.11289050928812051,1.601690392651939,2.053252429804421,47.15910287961708
2014-11-24 19:00:00,1.7457139492034912,1.7457139492034912,1.7457139492034912,1.7457139492034912,1611,1.7300023555755615,1.8128074091672897,1.8187428295612336,0.1120824706001724,1.5945778883608888,2.0429077707615786,49.71750555816423
2014-11-25 19:00:00,1.6584279907712873,1.7398947477340698,1.6584279907712873,1.7398947477340698,2416,1.7302351236343383,1.8127783131599426,1.8018675684928893,0.09522967791259362,1.611408212667702,1.9923269243180766,46.74557496941326
2014-11-26 19:00:00,1.7457139492034912,1.7457139492034912,1.7457139492034912,1.7457139492034912,9666,1.7343084597587586,1.8127783131599426,1.7858651876449585,0.07279994312056853,1.6402653014038213,1.9314650738860957,47.61904007031609
2014-12-01 19:00:00,1.8039039000761503,1.9493807889565438,1.7457139492034912,1.7457139492034912,45111,1.7348903608322144,1.8136511719226838,1.7733542203903199,0.05382712539240723,1.6656999696055055,1.8810084711751343,41.72186266043762
2014-12-02 19:00:00,1.7748088836669922,1.7748088836669922,1.7748088836669922,1.7748088836669922,805,1.7377998781204225,1.8124873626232147,1.7686989665031434,0.04903112479819541,1.6706367169067526,1.8667612160995342,48.22696395636954
2014-12-03 19:00:00,1.8039038181304932,1.8039038181304932,1.8039038181304932,1.8039038181304932,40278,1.740825777053833,1.8113526451587676,1.7701537132263183,0.04964966608799089,1.6708543810503365,1.8694530454023002,53.6764413476961
2014-12-04 19:00:00,1.7457138656747178,1.7748088397189135,1.7224370594076943,1.728256344795227,7250,1.743968060016632,1.8112653571367263,1.768989872932434,0.050376619032299216,1.6682366348678357,1.8697431109970324,44.525524851501984
2014-12-08 19:00:00,1.6991614286304864,1.891189694404602,1.6991614286304864,1.891189694404602,1611,1.7521147298812867,1.811992735862732,1.7733541667461394,0.05691690283861777,1.659520361068904,1.8871879724233749,61.80558183497938
2014-12-10 19:00:00,1.8039038181304932,1.8039038181304932,1.8039038181304932,1.8039038181304932,805,1.758864812850952,1.8137093526124954,1.773936039209366,0.05717930295661717,1.6595774332961315,1.8882946451226004,47.36841537781434
2014-12-14 19:00:00,1.8562755584716797,1.8562755584716797,1.8562755584716797,1.8562755584716797,2416,1.7668950986862182,1.8142621606588363,1.7721903324127197,0.053846960514716866,1.664496411383286,1.8798842534421534,57.59998675780618
2014-12-15 19:00:00,1.8504563570022583,1.8504563570022583,1.8504563570022583,1.8504563570022583,805,1.7730632829666138,1.8153677773475647,1.774517959356308,0.056242836485006546,1.662032286386295,1.887003632326321,57.142831593345804
2014-12-16 19:00:00,1.8853705309146433,1.8853705309146433,1.7049806118011475,1.7049806118011475,6444,1.7723650002479554,1.8151932066679002,1.7724812924861908,0.05804929299493823,1.6563827064963144,1.8885798784760672,50.704252376998745
2014-12-21 19:00:00,1.6875229797846107,1.6875229797846107,1.6293330293497703,1.681703805923462,24972,1.7712011814117432,1.8149022519588471,1.765789371728897,0.06048721498439389,1.6448149417601092,1.8867638016976849,41.73227584373552
2014-12-22 19:00:00,1.687522938832461,1.7340755462646484,1.635152163529683,1.7340755462646484,27389,1.7734124159812927,1.8149022519588471,1.7678260445594787,0.05857498912811418,1.6506760663032503,1.884976022815707,51.23963360136177
2014-12-25 19:00:00,1.6584279537200928,1.6584279537200928,1.6584279537200928,1.6584279537200928,1611,1.776554698944092,1.8145240139961243,1.7585155844688416,0.060490912690371774,1.637533759088098,1.8794974098495851,44.18603284688805
2014-12-28 19:00:00,1.6584279537200928,1.6584279537200928,1.6584279537200928,1.6584279537200928,5638,1.7800461339950562,1.8141166800260544,1.7541512846946716,0.06448033954022198,1.6251906056142276,1.8831119637751157,44.5312451235636
2014-12-29 19:00:00,1.728256344795227,1.8271805082690964,1.728256344795227,1.728256344795227,20944,1.780860800743103,1.814174867272377,1.7532784044742584,0.06471829255841094,1.6238418193574367,1.8827149895910802,48.92083499935963
2014-12-30 19:00:00,1.792266364937613,1.8039038181304932,1.7457138699012198,1.8039038181304932,11277,1.7820245981216432,1.8150477212667466,1.7588064908981322,0.06404770685946472,1.6307110771792028,1.8869019046170616,53.28943928070252
2014-12-31 19:00:00,1.8039038181304932,1.8039038181304932,1.8039038181304932,1.8039038181304932,8055,1.7834211635589599,1.8161824333667755,1.7588064908981322,0.06404770685946472,1.6307110771792028,1.8869019046170616,51.70066188027288
2015-01-04 19:00:00,1.821361379743418,1.821361379743418,1.6002380292297442,1.7748088836669922,4833,1.785166881084442,1.8177826714515686,1.7617159903049469,0.06334826295156845,1.63501946440181,1.8884125162080838,48.29933811972712
2015-01-05 19:00:00,1.7689897647527015,1.8039039143706297,1.7689897647527015,1.786447286605835,3222,1.785981547832489,1.8194411015510559,1.7637526571750641,0.06346140867079568,1.6368298398334729,1.8906754745166554,53.67649639513692
2015-01-06 19:00:00,1.7689897507348884,1.7689897507348884,1.7457139492034912,1.7457139492034912,6444,1.789356598854065,1.820313960313797,1.7640436172485352,0.06335952526995821,1.6373245667086187,1.8907626677884517,39.13048047922334
2015-01-07 19:00:00,1.7631705768299564,1.7631705768299564,1.7457139492034912,1.7457139492034912,4027,1.789356598854065,1.8211868190765381,1.7640436172485352,0.06335952526995821,1.6373245667086187,1.8907626677884517,45.00005736087529
2015-01-11 19:00:00,1.739894721803604,1.739894721803604,1.5827804957933667,1.6235138177871704,49944,1.7869125962257386,1.8205758184194565,1.757933610677719,0.07068840581116563,1.6165567990553877,1.8993104223000503,32.142881313242626
2015-01-12 19:00:00,1.7166189595143808,1.722437127521633,1.5885997051727463,1.7049806118011475,16111,1.7860979294776917,1.820401247739792,1.7544421970844268,0.07153049017922648,1.6113812167259738,1.8975031774428799,40.00003605542505
2015-01-13 19:00:00,1.7049806118011475,1.7166189595143808,1.6875229784702572,1.7049806118011475,4833,1.7874944972991944,1.8199066317081452,1.7494960367679595,0.07135025390174812,1.6067955289644633,1.8921965445714557,50.0
2015-01-14 19:00:00,1.7107998132705688,1.7107998132705688,1.7107998132705688,1.7107998132705688,4833,1.7862143158912658,1.8197320610284806,1.7486232101917267,0.0717295184697913,1.6051641732521442,1.8920822471313092,52.57738599469095
2015-01-15 19:00:00,1.7166189872211086,1.7166189872211086,1.7107998132705688,1.7107998132705688,3222,1.7855160331726074,1.819848445057869,1.739603716135025,0.06375765549547444,1.6120884051440763,1.8671190271259739,47.72731769922155
2015-01-18 19:00:00,1.7282564001085874,1.7398947477340698,1.716618946571422,1.7398947477340698,6444,1.7841194677352905,1.820110303759575,1.736403262615204,0.06194074315081343,1.612521776313577,1.8602847489168308,58.75001760520551
2015-01-19 19:00:00,1.6293330605679741,1.6293330605679741,1.5711422149298657,1.6002380847930908,28194,1.7771366143226623,1.8199648290872574,1.7236013889312745,0.062319333200466856,1.5989627225303407,1.8482400553322083,45.192352391945825
2015-01-20 19:00:00,1.6002380787142858,1.7107998132705688,1.571142208961587,1.7107998132705688,15305,1.7729468989372252,1.8199357336759567,1.7166185617446899,0.05471783430291205,1.6071828931388659,1.8260542303505138,48.64869453904128
2015-01-21 19:00:00,1.7107997902655236,1.7107997902655236,1.5711421878345109,1.5944188833236694,12083,1.7632872772216797,1.817433545589447,1.711090475320816,0.061161094944904966,1.5887682854310061,1.833412665210626,34.745806997310595
2015-01-22 19:00:00,1.681703805923462,1.681703805923462,1.681703805923462,1.681703805923462,805,1.7556061220169068,1.816822545528412,1.711090475320816,0.061161094944904966,1.5887682854310061,1.833412665210626,42.10524856551203
2015-01-25 19:00:00,1.5420472000567131,1.6293330192565918,1.472218790571098,1.6293330192565918,17722,1.7482741165161133,1.815542358160019,1.7058533489704133,0.0635280002294607,1.578797348511492,1.8329093494293347,40.875913500244636
2015-01-26 19:00:00,1.652608871459961,1.652608871459961,1.5769613975761798,1.652608871459961,2416,1.743968014717102,1.8147858834266664,1.7055623948574066,0.063769503780052,1.5780233872973026,1.8331014024175105,41.72657502056717
2015-01-27 19:00:00,1.5478663165922049,1.5827804641622505,1.4954945364319576,1.542047142982483,31416,1.7393127799034118,1.8133311206102372,1.699743354320526,0.07294655579103713,1.5538502427384517,1.8456364659026003,38.410554876378555
2015-01-28 19:00:00,1.5711421169428066,1.5711421169428066,1.542047142982483,1.542047142982483,2416,1.7351230597496032,1.8120800244808197,1.690432894229889,0.0805978356560321,1.5292372229178248,1.851628565541953,38.410554876378555
2015-01-29 19:00:00,1.5653229994698343,1.687522967391561,1.51295222328075,1.5536855459213257,22555,1.7301186943054199,1.8098105984926223,1.6779219806194305,0.0814726103951823,1.514976759829066,1.840867201409795,45.45455109810209
2015-02-01 19:00:00,1.5129521969889812,1.5420471714871236,1.5129521969889812,1.5245895385742188,8055,1.724765157699585,1.808704976439476,1.6639562666416168,0.08267136260684628,1.4986135414279242,1.8292989918553093,37.398302352137016
2015-02-02 19:00:00,1.5245895385742188,1.5245895385742188,1.5129521969889812,1.5245895385742188,17722,1.7174331545829773,1.8079484957456589,1.6514452993869781,0.08393632482207014,1.4835726497428379,1.8193179490311184,37.398302352137016
2015-02-03 19:00:00,1.6002380847930908,1.6002380847930908,1.6002380847930908,1.6002380847930908,805,1.7133598399162293,1.807221116423607,1.6421348392963409,0.07831238888328233,1.4855100615297763,1.7987596170629054,42.9629658855302
2015-02-05 19:00:00,1.5304087122915078,1.5304087122915078,1.5245895385742188,1.5245895385742188,8055,1.7089373517036437,1.8062609696388245,1.6310786187648774,0.07852831881537417,1.474021981134129,1.7881352563956256,39.18914560583266
2015-02-10 19:00:00,1.4547612890600294,1.5711421966552734,1.4547612890600294,1.5711421966552734,1611,1.7040493512153625,1.8059700155258178,1.6223500311374663,0.0747256706171787,1.472898689903109,1.7718013723718238,40.39734766903522
2015-02-11 19:00:00,1.4547612532298915,1.512952208518982,1.3732946087436047,1.512952208518982,3222,1.7004415535926818,1.8042243027687073,1.616821950674057,0.07862299344160528,1.4595759637908465,1.7740679375572677,44.52554122380573
2015-02-15 19:00:00,1.4605804681777954,1.4605804681777954,1.4605804681777954,1.4605804681777954,805,1.692760419845581,1.8018966859579086,1.6046019434928893,0.08306712779034357,1.4384676879122023,1.7707361990735764,33.07087033318008
2015-02-18 19:00:00,1.454761266708374,1.454761266708374,1.3965713167294969,1.454761266708374,18527,1.6869413661956787,1.8000054937601089,1.5920909762382507,0.08594633331708486,1.4201983096040809,1.7639836428724205,38.888873081784126
2015-02-19 19:00:00,1.5478663738818141,1.745713925254697,1.4547612690957945,1.6293330192565918,21750,1.6846137475967407,1.7991326397657394,1.5880176365375518,0.08185738942133519,1.4243028576948813,1.7517324153802223,46.34152028628409
2015-02-22 19:00:00,1.6293330192565918,1.6293330192565918,1.6293330192565918,1.6293330192565918,16111,1.6833335661888122,1.7984052604436875,1.5839442968368531,0.07732762421031542,1.4292890484162224,1.7385995452574838,50.0
2015-02-25 19:00:00,1.4838562644964972,1.5711421966552734,1.4838562644964972,1.5711421966552734,2416,1.6786783337593079,1.7978233563899995,1.5755066692829132,0.06806774771986834,1.4393711738431765,1.7116421647226499,44.16669682652301
2015-02-26 19:00:00,1.454761266708374,1.454761266708374,1.454761266708374,1.454761266708374,805,1.6734411811828613,1.7963685929775237,1.5682328283786773,0.0728880834290363,1.4224566615206047,1.7140089952367499,43.8016751401128
2015-03-01 19:00:00,1.5944188833236694,1.5944188833236694,1.5944188833236694,1.5944188833236694,805,1.670415279865265,1.7954666429758073,1.5624137818813324,0.06514110985224268,1.4321315621768471,1.6926960015858177,53.10345090663723
2015-03-04 19:00:00,1.425666332244873,1.425666332244873,1.425666332244873,1.425666332244873,805,1.6641307115554809,1.7936045467853545,1.5539761543273927,0.07140528763843258,1.4111655790505275,1.6967867296042578,43.604669513183254
2015-03-10 19:00:00,1.4256662917189353,1.454761266708374,1.4256662917189353,1.454761266708374,3222,1.6583116579055786,1.7889784026145934,1.542629027366638,0.06798981428727957,1.406649398792079,1.6786086559411972,46.511653666800704
2015-03-11 19:00:00,1.3965712785720825,1.3965712785720825,1.3965712785720825,1.3965712785720825,805,1.6513288044929504,1.7811517876386642,1.5309909403324127,0.07216066302156042,1.3866696142892918,1.6753122663755335,43.95609603070288
2015-03-12 19:00:00,1.5129522372882673,1.5944188833236694,1.5129522372882673,1.5944188833236694,2416,1.647721004486084,1.7782131707668305,1.528081440925598,0.06805529621329405,1.3919708484990099,1.6641920333521862,49.75368841693227
2015-03-18 19:00:00,1.280190447313031,1.4547613080613642,1.280190447313031,1.425666332244873,4027,1.6401562547683717,1.7739943611621856,1.5222624003887177,0.07167746930288361,1.3789074617829504,1.665617338994485,46.118747901117004
2015-03-19 19:00:00,1.6875229665615572,1.6875229665615572,1.454761266708374,1.454761266708374,1611,1.6346863532066345,1.770211980342865,1.5178981065750121,0.07305353419399609,1.37179103818702,1.6640051749630043,45.370372477987935
2015-03-23 19:00:00,1.3732945952571962,1.4489420652389526,1.3383803353575248,1.4489420652389526,6444,1.6258414006233215,1.7664005035161972,1.5126609325408935,0.07409993014093416,1.3644610722590251,1.6608607928227619,47.342971598838766
2015-03-24 19:00:00,1.3092853347902713,1.4256662360532455,1.198723718876672,1.3558379411697388,24972,1.6168800830841064,1.7619780278205872,1.5042233526706696,0.08187040374895013,1.3404825451727693,1.66796416016857,45.794405853878565
2015-03-26 19:00:00,1.2801903609368572,1.5013137045250917,1.2801903609368572,1.3558379411697388,2416,1.6068713307380675,1.7546460300683975,1.4957857728004456,0.08811836863501173,1.319549035530422,1.672022510070469,46.00940877162661
2015-03-29 19:00:00,1.2510945575025008,1.4256663095616315,1.1812662590185965,1.3092854022979736,6444,1.5960479116439819,1.7473140317201614,1.4812381386756897,0.09380032557215855,1.2936374875313725,1.6688387898200068,35.60209047842551
2015-03-31 19:00:00,1.2801903759447546,1.3965712785720825,1.2801903759447546,1.3965712785720825,2416,1.5898797249794006,1.7406221294403077,1.4748372256755828,0.0950460331831949,1.284745159309193,1.6649292920419727,40.29126788066737
2015-04-02 19:00:00,1.3674754229871773,1.3674754229871773,1.3383803367614746,1.3383803367614746,8055,1.583013255596161,1.735675939321518,1.4631991326808929,0.09686619935686003,1.2694667339671728,1.656931531394613,40.291263873828214
2015-04-05 19:00:00,1.384932911150467,1.384932911150467,1.3674753904342651,1.3674753904342651,4027,1.5756812524795532,1.7308752244710923,1.4559252917766572,0.09838368553869552,1.2591579206992662,1.6526926628540481,46.073290511408
2015-04-06 19:00:00,1.3965712785720825,1.3965712785720825,1.3965712785720825,1.3965712785720825,1611,1.570444118976593,1.7262781763076782,1.4527248322963715,0.09926148652126805,1.2542018592538353,1.6512478053389077,40.116279762237966
2015-04-12 19:00:00,1.2278187278355115,1.5595047026701296,1.2219995540807922,1.4140279293060303,6444,1.5655561184883118,1.7221175587177278,1.4506881654262542,0.09963468916601459,1.251418787094225,1.6499575437582834,49.31504984848731
2015-04-13 19:00:00,1.425666252766582,1.425666252766582,1.3674754102892897,1.3965712785720825,1611,1.558922417163849,1.717753273844719,1.4390500783920288,0.09087878180514586,1.257292514781737,1.6208076420023205,46.52780336560505
2015-04-14 19:00:00,1.2801904678344727,1.2801904678344727,1.2801904678344727,1.2801904678344727,805,1.5484481501579284,1.7138254183530808,1.4215929508209229,0.08579469339715144,1.25000356402662,1.5931823376152257,43.50649773915047
2015-04-15 19:00:00,1.4489420652389526,1.4489420652389526,1.4489420652389526,1.4489420652389526,1611,1.5413489151000976,1.708326416015625,1.415482944250107,0.07863647620572996,1.258209991838647,1.572755896661567,41.610689718133564
2015-04-16 19:00:00,1.6293330165826803,1.6293330165826803,1.2801904109223854,1.454761266708374,40278,1.5349479627609253,1.7036711764335633,1.415482944250107,0.07863647620572996,1.258209991838647,1.572755896661567,52.06609793229366
2015-04-21 19:00:00,1.454761266708374,1.460580440523925,1.454761266708374,1.454761266708374,16111,1.528314242362976,1.7003252255916594,1.408500063419342,0.06729343294779841,1.2739131975237452,1.543086929314939,50.0
2015-04-22 19:00:00,1.5129521811994104,1.5129521811994104,1.3441996097513487,1.3965712785720825,14500,1.521331388950348,1.6971247488260268,1.4070453107357026,0.06721724608556773,1.272610818564567,1.5414798029068382,46.40003605552551
2015-04-27 19:00:00,1.4431228637695312,1.4431228637695312,1.4431228637695312,1.4431228637695312,805,1.5152795672416688,1.6936915093660354,1.4064633905887605,0.06683168568268785,1.2728000192233848,1.5401267619541361,56.41021510582122
2015-05-05 19:00:00,1.2336378807805792,1.3965712785720825,1.2336378807805792,1.3965712785720825,1611,1.510740716457367,1.6903164625167846,1.4064633905887605,0.06683168568268785,1.2728000192233848,1.5401267619541361,52.80001022667155
2015-05-06 19:00:00,1.3151045761863538,1.3151045761863538,1.3092854022979736,1.3092854022979736,4027,1.5028268122673034,1.6869414150714874,1.3922067165374756,0.05376080017395394,1.2846851161895678,1.4997283168853834,50.0
2015-05-07 19:00:00,1.2801904496547107,1.2801904496547107,1.1638086462381354,1.2510945796966553,8861,1.4937490916252136,1.6833045095205308,1.3834781289100646,0.06163712718835694,1.2602038745333508,1.5067523832867784,40.15741401356697
2015-05-10 19:00:00,1.221999590147248,1.221999590147248,1.1987237885297097,1.2103612422943115,5638,1.4837403202056885,1.6800458419322968,1.3712581276893616,0.07036939212512,1.2305193434391217,1.5119969119396015,41.12899388654253
2015-05-13 19:00:00,1.2045420236827329,1.3383803367614746,1.2045420236827329,1.3383803367614746,5638,1.4762919306755067,1.6766998898983,1.3657300412654876,0.06825653460369843,1.2292169720580908,1.5022431104728844,48.22695591896856
2015-05-14 19:00:00,1.3965713642002382,1.3965713642002382,1.2219996083920779,1.239457130432129,2416,1.4662831783294679,1.6739940351247788,1.3599110007286073,0.07387397003169782,1.2121630606652116,1.507658940792003,41.17643987084361
2015-05-19 19:00:00,1.2510945796966553,1.2510945796966553,1.2510945796966553,1.2510945796966553,805,1.459300308227539,1.6709390342235566,1.354673832654953,0.07778708139261278,1.1990996698697274,1.5102479954401786,40.7894307682977
2015-05-24 19:00:00,1.3558379411697388,1.3558379411697388,1.3558379411697388,1.3558379411697388,805,1.4522010707855224,1.6654982286691666,1.3570014595985413,0.07705044799713738,1.2029005636042667,1.511102355592816,47.90418485882493
2015-05-25 19:00:00,1.2219995260238647,1.2219995260238647,1.2219995260238647,1.2219995260238647,1611,1.4447526836395264,1.661424893140793,1.3482728719711303,0.08205731175944442,1.1841582484522415,1.5123874954900192,47.05879233949953
2015-05-26 19:00:00,1.210361186154345,1.3965712785720825,1.210361186154345,1.3965712785720825,2416,1.4390500330924987,1.6583698958158493,1.3511824190616608,0.08271708612157049,1.1857482468185199,1.5166165913048018,47.36844942670129
2015-05-27 19:00:00,1.425666252782237,1.7457138747121992,1.425666252782237,1.483856201171875,62833,1.4361404967308045,1.6566241782903672,1.3570014595985413,0.08785749744249607,1.1812864647135493,1.5327164544835334,51.351340277787
2015-05-28 19:00:00,1.5129522655437326,1.5129522655437326,1.425666332244873,1.425666332244873,12083,1.4316016459465026,1.6537146562337874,1.3584562122821808,0.08878318514781504,1.1808898419865508,1.5360225825778109,48.71795868488886
2015-05-31 19:00:00,1.425666294058608,1.6293330192565918,1.425666294058608,1.6293330192565918,40278,1.4333473634719849,1.6524926555156707,1.369221466779709,0.1070501210871204,1.155121224605468,1.5833217089539497,59.090920519098866
2015-06-01 19:00:00,1.6526088576617364,1.6526088576617364,1.6118755340576172,1.6118755340576172,2416,1.4347439312934875,1.650165033340454,1.3799866795539857,0.11998904075186469,1.1400085980502563,1.619964761057715,56.74420501468517
2015-06-08 19:00:00,1.4547612690957945,1.6584279942937783,1.4547612690957945,1.6293330192565918,43500,1.436256880760193,1.6490012246370316,1.3974438071250916,0.12971006439451285,1.138023678336066,1.6568639359141173,59.52380464617808
2015-06-09 19:00:00,1.4023896230088455,1.6526088490462032,1.4023896230088455,1.4605804681777954,116000,1.4349766993522644,1.6458880364894868,1.3980257272720338,0.12997908942318345,1.1380675484256668,1.6579839061184007,55.803565835082345
2015-06-10 19:00:00,1.45476121525219,1.542047142982483,1.45476121525219,1.542047142982483,29000,1.4353258514404297,1.643996844291687,1.4023900210857392,0.13340461121924124,1.1355807986472568,1.6691992435242216,60.964923827359684
2015-06-11 19:00:00,1.5711421750938996,1.6293330192565918,1.5711421750938996,1.6293330192565918,2416,1.4359077501296997,1.6425420814752578,1.41111860871315,0.1424181441367753,1.1262823204395993,1.6959548969867007,65.25425450207084
2015-06-14 19:00:00,1.5711421966552734,1.5711421966552734,1.5711421966552734,1.5711421966552734,4833,1.4368388032913209,1.6409418439865113,1.4198471546173095,0.1467629311830764,1.1263212922511567,1.7133730169834622,58.928570448690216
2015-06-15 19:00:00,1.6235138177871704,1.6235138177871704,1.4838562188666753,1.6235138177871704,2416,1.4378862357139588,1.6399526059627534,1.4288667023181916,0.15365016787206429,1.121566366574063,1.7361670380623202,65.27775130083964
2015-06-16 19:00:00,1.5711421966552734,1.5711421966552734,1.5711421966552734,1.5711421966552734,1611,1.4390500354766846,1.638730605840683,1.437595248222351,0.15664822798350267,1.1242987922553458,1.7508917041893564,62.33182398187676
2015-06-17 19:00:00,1.565323035271516,2.094856576993478,1.565323035271516,1.862094759941101,439836,1.4470803213119507,1.639283413887024,1.4652357161045075,0.1798670838015917,1.1055015485013242,1.8249698837076909,67.05879876659631
2015-06-18 19:00:00,1.6293330192565918,1.6293330192565918,1.6293330192565918,1.6293330192565918,4833,1.450571756362915,1.6391088432073593,1.4841476380825043,0.17600978914346177,1.1321280597955807,1.8361672163694278,62.867646255818656
2015-06-21 19:00:00,1.7457139492034912,1.7457139492034912,1.7457139492034912,1.7457139492034912,11277,1.452899374961853,1.6379450345039368,1.5109152734279632,0.17286095570949425,1.1651933620089747,1.8566371848469516,61.45037275606479
2015-06-22 19:00:00,1.687522915571074,1.7166188955307007,1.687522915571074,1.7166188955307007,2416,1.4546450924873353,1.6376540845632552,1.5298272013664245,0.17367994544956003,1.1824673104673045,1.8771870922655445,57.93652955033236
2015-06-23 19:00:00,1.7457138699012198,1.8039038181304932,1.7166188957865829,1.8039038181304932,20944,1.4593003249168397,1.6370721757411957,1.5580495357513429,0.1698300940686012,1.2183893476141405,1.8977097238885452,62.64588728853348
2015-06-24 19:00:00,1.7166188955307007,1.7166188955307007,1.7166188955307007,1.7166188955307007,6444,1.4645374774932862,1.6366066551208496,1.581325751543045,0.15695963419372166,1.2674064831556016,1.8952450199304884,53.16456287051547
2015-06-25 19:00:00,1.6293330416087999,1.7457139492034912,1.54204722121148,1.7457139492034912,3222,1.4675633788108826,1.6363157057762145,1.6008195519447326,0.1516000226321669,1.2976195066803988,1.9040195972090663,54.81172885856152
2015-06-28 19:00:00,1.739894775298559,1.7457139492034912,1.739894775298559,1.7457139492034912,3222,1.473964331150055,1.6358792769908905,1.627005273103714,0.1257492711803449,1.375506730743024,1.8785038154644038,54.23729004825336
2015-06-29 19:00:00,1.5420472212188057,1.5711421966552734,1.5420472212188057,1.5711421966552734,9666,1.476291949748993,1.6350064182281494,1.6357338190078736,0.11446484453357873,1.4068041299407161,1.8646635080750311,54.0084345513203
2015-06-30 19:00:00,1.7457138850493652,1.8620946766060782,1.6875229304658221,1.844637155532837,66861,1.485253267288208,1.6355010342597962,1.6537728667259217,0.11765414534224654,1.4184645760414287,1.8890811574104147,59.62962111484691
2015-07-01 19:00:00,1.8039038945703727,1.9784757583542771,1.8039038945703727,1.955199956893921,34639,1.4924688887596131,1.636402989625931,1.6802495479583741,0.12307739692451353,1.434094754109347,1.9264043418074013,60.21898841670782
2015-07-02 19:00:00,2.0366666256550743,2.0366666256550743,1.862094759941101,1.862094759941101,17722,1.5011974573135376,1.6369848936796187,1.6918876349925995,0.12887757427522373,1.434132486442152,1.949642783543047,58.928578091763896
2015-07-05 19:00:00,1.9086472347777423,1.9202855825424194,1.8620947378073611,1.9202855825424194,19333,1.5105079436302185,1.6375668025016785,1.7073081374168395,0.13699539026414284,1.4333173568885538,1.9812989179451252,59.07474360361406
2015-07-06 19:00:00,1.9202855176845675,2.00757066422868,1.9202855176845675,1.9784756898880005,16111,1.5210986161231994,1.638730611205101,1.72476527094841,0.14831397960109832,1.4281373117462133,2.021393230150607,62.41135694620034
2015-07-07 19:00:00,1.9784757815833622,1.9784757815833622,1.9726566076278687,1.9726566076278687,16111,1.533434989452362,1.6396616578102112,1.7503690779209138,0.1444570780385468,1.4614549218438202,2.0392832339980074,54.077253369824895
2015-07-08 19:00:00,1.8039039145143587,1.862094759941101,1.8039039145143587,1.862094759941101,22555,1.5435601258277893,1.6400980871915818,1.7663714587688446,0.13773586012127498,1.4908997385262945,2.0418431790113947,59.433960532061604
2015-07-09 19:00:00,1.7573522329330444,1.7573522329330444,1.7573522329330444,1.7573522329330444,805,1.5525214624404908,1.6398653292655945,1.7727724194526673,0.13395493010333698,1.5048625592459932,2.0406822796593413,50.47619855912732
2015-07-12 19:00:00,1.8679140341751144,2.1530474091895075,1.8679140341751144,2.007570743560791,54778,1.564741451740265,1.6414364725351334,1.7945938467979432,0.1349242585015682,1.5247453297948068,2.0644423638010796,60.080635801598724
2015-07-13 19:00:00,2.1239514350891113,2.2112372513532574,1.9784756707077276,2.1239514350891113,58000,1.5804528737068175,1.6433567559719087,1.8196157276630402,0.14735790824238781,1.5248999111782646,2.1143315441478157,60.869570850265376
2015-07-14 19:00:00,2.1239514548098675,2.1530473232269287,2.1239514548098675,2.1530473232269287,8055,1.596164312362671,1.6455970895290375,1.848710983991623,0.15305306334769586,1.5426048572962312,2.1548171106870146,65.43208637992902
2015-07-21 19:00:00,2.3276182618903514,2.4439990520477295,2.187961447814741,2.4439990520477295,67667,1.6171128678321838,1.648943040370941,1.8778061985969543,0.20291788487683263,1.471970428843289,2.2836419683506195,70.83331258646996
2015-07-22 19:00:00,2.3276184538499476,2.3276184538499476,2.2112374305725098,2.2112374305725098,4833,1.6330570578575134,1.6519398498535156,1.9069014191627502,0.2070906895750399,1.4927200400126703,2.32108279831283,62.19511387744946
2015-07-23 19:00:00,2.3217988311063245,2.5021898579160107,2.182142242576288,2.461456537246704,65250,1.6543547630310058,1.6566823714971541,1.9426885485649108,0.23739597459995054,1.4678965993650097,2.417480497764812,72.43402289823923
2015-07-26 19:00:00,2.2694282614778345,2.3217990398406982,2.036666663609858,2.3217990398406982,42694,1.6751869344711303,1.6598537516593934,1.9729475557804108,0.24549469418512945,1.4819581674101518,2.4639369441506696,62.8930792084553
2015-07-27 19:00:00,2.2112372314876616,2.2112372314876616,2.1821422576904297,2.1821422576904297,3222,1.6898509383201599,1.662326847910881,1.9918594777584075,0.2463543313366772,1.4991508150850532,2.484568140431762,56.0371400193571
2015-07-28 19:00:00,2.2985230273905946,2.2985230273905946,2.182142239104628,2.240333080291748,25777,1.7055623745918274,1.6649745142459869,2.01804518699646,0.24337393802469773,1.5312973109470644,2.5047930630458555,60.25237791778524
2015-07-29 19:00:00,2.1821423022700186,2.1821423022700186,2.0366665362236134,2.0541231632232666,19333,1.7175496125221252,1.6668657016754151,2.0334656476974486,0.2348311941989838,1.563803259299481,2.5031280360954162,53.39231908166378
2015-07-30 19:00:00,2.0366666256550743,2.0366666256550743,1.862094759941101,1.862094759941101,13694,1.7268600821495057,1.6676221764087678,2.0392846882343294,0.22868707902403276,1.581910530186264,2.496658846282395,47.23756852925284
2015-08-02 19:00:00,1.9202855825424194,2.123951527416386,1.9202855825424194,1.9202855825424194,39472,1.7364033365249634,1.6683204638957978,2.0567418575286864,0.20294751222869784,1.6508468330712907,2.462636881986082,48.78707105877332
2015-08-03 19:00:00,2.0657615134154725,2.0657615134154725,1.7748088633178887,1.8329997062683105,8055,1.745131905078888,1.668204084634781,2.0561599850654604,0.2036032695176339,1.6489534460301924,2.4633665241007283,49.3188053182681
2015-08-04 19:00:00,1.7806280574375841,1.7806280574375841,1.7748088836669922,1.7748088836669922,16111,1.7544423747062683,1.6682913678884506,2.047140431404114,0.21212831318156541,1.622883805040983,2.471397057767245,50.41781544014323
2015-08-05 19:00:00,1.949380715547321,1.9784756898880005,1.8911896492555902,1.9784756898880005,21750,1.7689899969100953,1.6691642272472382,2.052959477901459,0.20834759973222156,1.6362642784370158,2.469654677365902,49.287754176423064
2015-08-06 19:00:00,2.0075707983505082,2.0366666687233224,1.978475822066051,2.019209146499634,16916,1.7851669549942017,1.6699207031726837,2.0579056560993196,0.20619525145817164,1.6455151531829764,2.470296159015663,47.337294532059616
2015-08-11 19:00:00,2.0715807752757844,2.094856576993478,1.7748089388451567,1.862094759941101,20944,1.7956412434577942,1.6699207031726837,2.0520866096019743,0.21015892660872051,1.6317687563845333,2.4724044628194153,43.05555421194959
2015-08-12 19:00:00,1.8097230603536545,1.8097230603536545,1.7515331099191727,1.7806280851364136,16111,1.8064646625518799,1.6702407491207123,2.042485183477402,0.21821109671384994,1.6060629900497019,2.4789073769051018,32.40743427951608
2015-08-18 19:00:00,1.6002380847930908,1.6002380847930908,1.6002380847930908,1.6002380847930908,1611,1.8134475326538086,1.6698625111579894,2.029392349720001,0.2366786537110768,1.5560350422978475,2.5027496571421546,33.333363683011484
2015-08-23 19:00:00,1.454761266708374,1.454761266708374,1.454761266708374,1.454761266708374,2416,1.8154259991645814,1.6688441777229308,2.014262801408768,0.2631725378717087,1.4879177256653504,2.540607877152185,20.875452692870752
2015-08-24 19:00:00,1.9784757680703808,2.007570743560791,1.9784757680703808,2.007570743560791,1611,1.8311374235153197,1.6711717957258225,2.014262801408768,0.2631725378717087,1.4879177256653504,2.540607877152185,42.66305518681313
2015-08-25 19:00:00,1.891189694404602,1.891189694404602,1.891189694404602,1.891189694404602,805,1.8410297918319702,1.6725974625349045,2.002624714374542,0.26321318166275276,1.4761983510490366,2.5290510777000477,43.13187031195663
2015-08-26 19:00:00,1.862094674914911,1.9784756898880005,1.862094674914911,1.9784756898880005,16916,1.8509221816062926,1.674488650560379,1.993896132707596,0.26084627983696684,1.4722035730336622,2.5155886923815296,43.90243875357222
2015-08-30 19:00:00,1.9435614070855372,1.9435614070855372,1.7457139631759548,1.862094759941101,9666,1.8596507501602173,1.6757688426971435,1.9648009181022643,0.23958551775019307,1.4856298826018781,2.4439719536026505,45.37815868664902
2015-08-31 19:00:00,1.7457139492034912,1.7457139492034912,1.7457139492034912,1.7457139492034912,7250,1.8619783687591553,1.675536080598831,1.9415247440338135,0.23698275816411876,1.467559227705576,2.415490260362051,47.09302903793841
2015-09-03 19:00:00,1.8737331973330793,2.030847427563952,1.8737331973330793,1.9202855825424194,4833,1.8681465697288513,1.6769617474079133,1.9144661962985992,0.20294340122969956,1.5085793938392,2.3203529987579983,50.0
2015-09-06 19:00:00,1.7398947365510424,1.8737331628799438,1.7398947365510424,1.8737331628799438,3222,1.8730345726013184,1.6780673688650132,1.8920629024505615,0.17892007051510306,1.5342227614203554,2.2499030434807676,50.98039451972728
2015-09-07 19:00:00,1.9493807554244995,1.9493807554244995,1.9493807554244995,1.9493807554244995,805,1.8828105783462525,1.67960942029953,1.880424827337265,0.16617458307071115,1.5480756611958428,2.212773993478687,54.16667543962328
2015-09-17 19:00:00,1.7457139492034912,1.7457139492034912,1.7457139492034912,1.7457139492034912,1611,1.8868839144706726,1.6806859463453292,1.855693870782852,0.14528493148522562,1.565124007812401,2.1462637337533033,44.44445076729606
2015-09-21 19:00:00,1.815542221069336,1.815542221069336,1.815542221069336,1.815542221069336,805,1.8906080985069276,1.6819079464673996,1.8437648236751556,0.13773323617452216,1.5682983513261113,2.1192312960242,45.205474454521216
2015-09-27 19:00:00,1.9784756898880005,1.9784756898880005,1.9784756898880005,1.9784756898880005,3222,1.898754768371582,1.684031897187233,1.8495838701725007,0.14096887440412692,1.567646121364247,2.1315216189807544,52.73223924429561
2015-09-28 19:00:00,1.483856201171875,1.483856201171875,1.483856201171875,1.483856201171875,805,1.895961616039276,1.683595467209816,1.8277624011039735,0.1617025718245793,1.504357257454815,2.151167544753132,44.164752956400505
2015-09-29 19:00:00,1.8271806240081787,1.8271806240081787,1.8271806240081787,1.8271806240081787,805,1.9010823845863343,1.6848174679279326,1.8274714469909668,0.16169788739502486,1.504075672200917,2.1508672217810165,54.19353934851421
2015-10-06 19:00:00,1.9202855825424194,1.9202855825424194,1.9202855825424194,1.9202855825424194,1611,1.9022462010383605,1.687145089507103,1.834745281934738,0.1624744309695652,1.5097964199956078,2.1596941438738684,58.77193404125465
2015-10-11 19:00:00,1.6351522207260132,1.6351522207260132,1.6351522207260132,1.6351522207260132,805,1.902362585067749,1.688047044277191,1.8175791084766388,0.16461218912263598,1.4883547302313669,2.146803486721911,42.19513846435193
2015-10-12 19:00:00,1.6351521409901926,1.7457138696410006,1.5129521768209846,1.7166188955307007,11277,1.9017806839942932,1.6890653777122497,1.802449595928192,0.1589118479093039,1.4846259001095843,2.1202732917468,46.28714462815617
2015-10-13 19:00:00,1.9493807554244995,1.9493807554244995,1.9493807554244995,1.9493807554244995,805,1.906435921192169,1.6909565705060958,1.806813895702362,0.16180833536910125,1.4831972249641596,2.1304305664405647,49.41725579544754
2015-10-19 19:00:00,1.5769613981246948,1.5769613981246948,1.5769613981246948,1.5769613981246948,805,1.9018970727920532,1.6914511877298355,1.7966305613517761,0.1697566801260976,1.457117201099581,2.1361439216039715,44.82029848284661
2015-10-20 19:00:00,1.9784756898880005,1.9784756898880005,1.9784756898880005,1.9784756898880005,1611,1.9071342086791991,1.6931969010829926,1.8155424416065216,0.16778334089084185,1.4799757598248378,2.1511091233882054,53.83141271510191
2015-11-10 19:00:00,1.6933420896530151,1.6933420896530151,1.6933420896530151,1.6933420896530151,805,1.9060867714881897,1.6935169464349746,1.8274714827537537,0.14811047966266386,1.531250523428426,2.1236924420790815,46.395555749434486
2015-11-12 19:00:00,1.9784757818752374,1.9784757818752374,1.6875230073928833,1.6875230073928833,19333,1.9049229526519775,1.6933132797479629,1.8114690959453583,0.1448821433684095,1.5217048092085395,2.101233382682177,47.00373689852767
2015-11-19 19:00:00,1.6351522207260132,1.6351522207260132,1.6351522207260132,1.6351522207260132,805,1.9062031531333923,1.6937788051366807,1.7986672222614288,0.14872800698015484,1.501211208301119,2.0961232362217386,44.90566294449489
2015-11-23 19:00:00,1.8911897239887343,2.007570743560791,1.8911897239887343,2.007570743560791,5638,1.9094618248939514,1.695233564376831,1.8001219749450683,0.15070844128545494,1.4987050923741585,2.1015388575159784,54.02503871092864
2015-11-25 19:00:00,1.9493807889565438,1.9493807889565438,1.7457139492034912,1.7457139492034912,7250,1.9052721047401429,1.6958154690265657,1.7943029344081878,0.15043621375129326,1.4934305069056013,2.0951753619107745,48.98649097575864
2015-11-29 19:00:00,1.6293330192565918,1.6293330192565918,1.6293330192565918,1.6293330192565918,1611,1.9006168699264527,1.6956990897655486,1.788483887910843,0.15460765132693793,1.4792685852569671,2.0976991905647187,44.86301693020879
2015-12-06 19:00:00,1.6351522207260132,1.6351522207260132,1.6351522207260132,1.6351522207260132,805,1.8949142026901244,1.6960191398859024,1.7742272198200226,0.15496024156991053,1.4643067366802016,2.084147702959844,52.600013397875315
2015-12-08 19:00:00,1.6467896699905396,1.6467896699905396,1.6467896699905396,1.6467896699905396,1611,1.8882804822921753,1.6968338072299958,1.7628800451755524,0.15559809595553178,1.451683853264489,2.074076237086616,46.50111773873876
2015-12-13 19:00:00,1.652608871459961,1.652608871459961,1.652608871459961,1.652608871459961,1611,1.8818795275688172,1.6977648532390595,1.7480414509773254,0.1509580145722661,1.4461254218327932,2.049957480121858,44.626155039161155
2015-12-14 19:00:00,1.5711421966552734,1.5711421966552734,1.5711421966552734,1.5711421966552734,4833,1.8760604763031006,1.6983467578887939,1.7393128633499146,0.15606042776744697,1.4271920078150206,2.0514337188848084,48.6004971805083
2015-12-16 19:00:00,1.9202855825424194,1.9202855825424194,1.9202855825424194,1.9202855825424194,805,1.879319143295288,1.7002379500865936,1.7445500314235687,0.16044903055408888,1.423651970315391,2.0654480925317467,53.98633416851725
2015-12-21 19:00:00,1.9202855825424194,1.9202855825424194,1.9202855825424194,1.9202855825424194,805,1.8775734400749207,1.7011399042606354,1.7416405260562897,0.15646193458685687,1.428716656882576,2.0545643952300034,49.373434793556015
2015-12-27 19:00:00,1.943561315536499,1.943561315536499,1.943561315536499,1.943561315536499,1611,1.8739656376838685,1.7021582370996475,1.7646257817745208,0.15024177181745652,1.4641422381396079,2.0651093254094337,59.292040318265194
2015-12-28 19:00:00,1.9668371677398682,1.9668371677398682,1.9668371677398682,1.9668371677398682,805,1.8702414345741272,1.703874853849411,1.7716086089611054,0.15642054461828211,1.458767519724541,2.0844496981976697,49.635022689072045
2015-12-29 19:00:00,1.745713976676402,1.7515331506729126,1.745713976676402,1.7515331506729126,1611,1.8563921165466308,1.7051259505748748,1.76317098736763,0.15248031127156747,1.458210364824495,2.0681316099107647,51.90841968766069
2015-12-30 19:00:00,1.8853704929351807,1.8853704929351807,1.8853704929351807,1.8853704929351807,805,1.8498747777938842,1.7071335220336914,1.7756819009780884,0.151686677856754,1.4723085452645805,2.0790552566915963,55.985924611321465
2016-01-03 19:00:00,1.8329997027620815,1.8329997027620815,1.7573522329330444,1.7573522329330444,2416,1.835792691707611,1.7074826681613922,1.7777185678482055,0.15112432916128526,1.475469909525635,2.0799672261707762,53.53536161747705
2016-01-04 19:00:00,1.7515331506729126,1.7515331506729126,1.7515331506729126,1.7515331506729126,1611,1.8243873739242553,1.7075117641687394,1.7678261876106263,0.14567326094242358,1.476479665725779,2.0591727094954733,40.59828681953439
2016-01-05 19:00:00,1.7457139492034912,1.7457139492034912,1.7457139492034912,1.7457139492034912,805,1.8156588077545166,1.7075699561834334,1.776263815164566,0.13875935097280256,1.4987451132189609,2.053782517110171,50.0
2016-01-06 19:00:00,1.745713888886828,1.8329997062683105,1.745713888886828,1.8329997062683105,1611,1.807512140274048,1.7082973396778107,1.7689900159835816,0.13120898319196916,1.5065720495996433,2.03140798236752,59.45948370159218
2016-01-07 19:00:00,1.745713888886828,1.8329997062683105,1.745713888886828,1.8329997062683105,2416,1.8030896711349487,1.7087337684631347,1.7759728968143462,0.13068635964207098,1.5146001775302043,2.037345616098488,59.23914840610891
2016-01-10 19:00:00,1.8329997062683105,1.8329997062683105,1.8329997062683105,1.8329997062683105,1611,1.8025077700614929,1.7100139600038529,1.7832467317581178,0.12954781029563506,1.5241511111668475,2.042342352349388,58.79125090878883
2016-01-12 19:00:00,1.6875229924814592,1.827180595695879,1.6875229924814592,1.7457139492034912,4027,1.7990163373947143,1.7100139600038529,1.7887748181819916,0.12518104755528706,1.5384127230714175,2.0391369132925656,54.08165462377298
2016-01-13 19:00:00,1.5711421966552734,1.5711421966552734,1.495494612306417,1.5711421966552734,1611,1.7937791872024536,1.7091411012411117,1.7669533908367157,0.12305420411053446,1.5208449826156467,2.0130617990577844,50.0
2016-01-17 19:00:00,1.3965713160551123,1.7457139215468112,1.3965713160551123,1.7398947477340698,4833,1.7930809044837952,1.7091120052337647,1.7666624307632446,0.12311393289115799,1.5204345649809285,2.0128902965455606,41.43642825758874
2016-01-19 19:00:00,1.7282563677752112,1.8329997062683105,1.7282563677752112,1.8329997062683105,7250,1.7901713848114014,1.7101012426614761,1.7768457651138305,0.11952780558545184,1.5377901539429268,2.0159013762847344,46.19287930690059
2016-01-25 19:00:00,1.891189694404602,1.891189694404602,1.891189694404602,1.891189694404602,8861,1.7876109957695008,1.7106831467151642,1.78964763879776,0.11724260589444507,1.5551624270088698,2.0241328505866503,47.78323905192819
2016-01-27 19:00:00,1.8329997062683105,1.8329997062683105,1.8271805325644384,1.8329997062683105,1611,1.787029094696045,1.7111195755004882,1.7989581406116486,0.11260271047574427,1.5737527196601602,2.024163561563137,44.49762331987132
2016-01-31 19:00:00,1.681703805923462,1.681703805923462,1.681703805923462,1.681703805923462,805,1.785050609111786,1.710479479432106,1.8004128873348235,0.11078575397314497,1.5788413793885336,2.0219843952811134,46.969661070487895
2016-02-01 19:00:00,1.7457139492034912,1.7457139492034912,1.7457139492034912,1.7457139492034912,805,1.7879601263999938,1.709461145401001,1.8091414749622345,0.09789880429708926,1.613343866368056,2.004939083556413,43.548417651740415
2016-02-03 19:00:00,1.6293330192565918,1.6293330192565918,1.6293330192565918,1.6293330192565918,2416,1.7914515614509583,1.708006382584572,1.7945938467979432,0.10204352532711297,1.5905067961437171,1.9986808974521693,44.02173834381405
2016-02-11 19:00:00,1.4023895834634759,1.512952208518982,1.396571303790149,1.512952208518982,12888,1.781559190750122,1.705184143781662,1.7742271780967713,0.11541055234542573,1.5434060734059198,2.0050482827876226,39.901487427027355
2016-02-14 19:00:00,1.5711421966552734,1.5711421966552734,1.5711421966552734,1.5711421966552734,4027,1.7751582407951354,1.7027110469341278,1.75560622215271,0.11668828828619285,1.5222296455803244,1.9889827987250956,42.92451763587221
2016-02-18 19:00:00,1.454761266708374,1.454761266708374,1.454761266708374,1.454761266708374,3222,1.764683952331543,1.7000051867961883,1.7300024271011352,0.12386007900723017,1.4822822690866748,1.9777225851155955,35.023032164596756
2016-02-25 19:00:00,1.512952208518982,1.512952208518982,1.512952208518982,1.512952208518982,805,1.7577011013031005,1.6982303780317307,1.7180733799934387,0.13284067352183324,1.4523920329497721,1.9837547270371052,37.88547476025698
2016-03-02 19:00:00,1.5711421966552734,1.5711421966552734,1.5711421966552734,1.5711421966552734,805,1.7542096662521363,1.697212044596672,1.7023619651794433,0.1305755929120458,1.4412107793553517,1.9635131510035349,40.506318172278455
2016-03-06 19:00:00,1.6875230073928833,1.6875230073928833,1.6875230073928833,1.6875230073928833,805,1.7495544147491455,1.696891993880272,1.6988705039024352,0.12995994988455303,1.438950604133329,1.9587904036715413,47.9338679965553
2016-03-07 19:00:00,1.6875230073928833,1.6875230073928833,1.6875230073928833,1.6875230073928833,805,1.7458302116394042,1.696310089826584,1.6956699967384339,0.12938167308921814,1.4369066505599977,1.95443334291687,54.71697602697201
2016-03-13 19:00:00,1.454761266708374,1.454761266708374,1.454761266708374,1.454761266708374,805,1.7359378218650818,1.694622564315796,1.681122362613678,0.13942601795061826,1.4022703267124415,1.9599743985149145,39.01344298670895
2016-03-14 19:00:00,1.3383803367614746,1.3383803367614746,1.3383803367614746,1.3383803367614746,4027,1.7277911496162415,1.6918585175275802,1.6563913941383361,0.1541574089389894,1.3480765762603573,1.964706212016315,31.27751065681194
2016-03-15 19:00:00,1.2801904678344727,1.2801904678344727,1.2801904678344727,1.2801904678344727,805,1.717084114551544,1.6892399507761002,1.6287509322166442,0.1696098256554342,1.2895312809057757,1.9679705835275128,26.87226128662391
2016-03-27 19:00:00,1.7224371433258057,1.7224371433258057,1.4547612903226157,1.7224371433258057,2416,1.7119633436203003,1.6891235667467117,1.6232228040695191,0.1643216849341927,1.2945794342011339,1.9518661739379044,46.75765741791975
2016-03-28 19:00:00,1.4547612269610815,1.4547612269610815,1.3965712785720825,1.3965712785720825,5638,1.7102176451683044,1.6870287120342256,1.6057656705379486,0.1691001742667611,1.2675653220044265,1.9439660190714707,42.41487099003255
2016-03-30 19:00:00,1.454761266708374,1.454761266708374,1.454761266708374,1.454761266708374,14500,1.7027692580223084,1.6858358079195022,1.5999466240406037,0.17232601123167773,1.2552946015772481,1.9445986465039593,42.23600077923489
2016-04-13 19:00:00,1.7340755462646484,1.7340755462646484,1.7340755462646484,1.7340755462646484,1611,1.699045057296753,1.6852829998731613,1.5996556639671327,0.1720820223782162,1.2554916192107002,1.9438197087235651,52.571425327101345
2016-04-20 19:00:00,1.7166189926005888,2.298523201675127,1.7166189926005888,2.0366666316986084,103111,1.7070753455162049,1.6867377632856368,1.6098390102386475,0.19154322847311808,1.2267525532924113,1.9929254671848837,61.7801242260674
2016-04-21 19:00:00,1.7748088440158565,1.8620946604480575,1.7515330435418053,1.8039038181304932,20139,1.7088210439682008,1.6870287126302719,1.605474716424942,0.18570057394064274,1.2340735685436566,1.9768758643062276,54.854366470003775
2016-04-24 19:00:00,1.7457139492034912,1.7457139492034912,1.7457139492034912,1.7457139492034912,1611,1.7047477078437805,1.6872905719280242,1.601110428571701,0.18103908291531828,1.2390322627410644,1.9631885944023377,56.21891799722491
2016-04-26 19:00:00,1.8504564031258701,1.8504564031258701,1.5711422016560492,1.6351522207260132,92639,1.705911524295807,1.6864468139410018,1.5987828493118286,0.18024589052173096,1.2382910682683668,1.9592746303552904,52.554747909149505
2016-04-27 19:00:00,1.7340755739213285,1.7398947477340698,1.7340755739213285,1.7398947477340698,1611,1.7011399054527283,1.6865631932020186,1.5984918892383575,0.1800007553427328,1.2384903785528918,1.9584933999238232,53.46062794649234
2016-05-01 19:00:00,1.4896754300380681,1.6060563369799223,1.4896754300380681,1.5944188833236694,13694,1.6991614413261413,1.6858067178726197,1.5967461824417115,0.17985515089811854,1.2370358806454744,1.9564564842379486,48.113218213200874
2016-05-02 19:00:00,1.5711421966552734,1.5711421966552734,1.5711421966552734,1.5711421966552734,805,1.6968338251113892,1.6849629551172256,1.599655681848526,0.17889639181344735,1.241862898221631,1.9574484654754207,47.663551938668924
2016-05-11 19:00:00,1.7340755462646484,1.7340755462646484,1.7340755462646484,1.7340755462646484,805,1.698812291622162,1.6849047631025313,1.6078023493289948,0.18122431264284714,1.2453537240433006,1.970250974614689,55.76923607257663
2016-05-12 19:00:00,1.7166188955307007,1.7166188955307007,1.7166188955307007,1.7166188955307007,1611,1.69299325466156,1.6847592878341675,1.620895230770111,0.17903157252188645,1.262832085726338,1.978958375813884,58.1453830323053
2016-05-15 19:00:00,1.73989471998458,1.73989471998458,1.7340755462646484,1.7340755462646484,1611,1.6927604866027832,1.6845556211471557,1.6319513976573945,0.17884234257719503,1.2742667125030045,1.9896360828117845,59.948977138798156
2016-05-16 19:00:00,1.7457139360688165,1.7457139360688165,1.6293330293497703,1.681703805923462,7250,1.6938079023361206,1.6839446210861206,1.6374794781208037,0.17857232593413852,1.2803348262525267,1.9946241299890808,48.92307603090281
2016-05-17 19:00:00,1.5129522633800991,1.6002380847930908,1.5129522633800991,1.6002380847930908,2416,1.6931096196174622,1.68330452978611,1.6331152319908142,0.17835137847435606,1.2764124750421022,1.9898179889395262,56.183755533319285
2016-05-19 19:00:00,1.472218736081356,1.542047142982483,1.45476121525219,1.542047142982483,17722,1.691014769077301,1.6815588170289992,1.6258414387702942,0.1789810485888742,1.2678793415925458,1.9838035359480426,52.650182510482814
2016-05-22 19:00:00,1.652608871459961,1.652608871459961,1.652608871459961,1.652608871459961,1611,1.691014769077301,1.6808023422956466,1.6357338190078736,0.1744375903733948,1.286858638261084,1.9846089997546632,47.244092837009376
2016-05-23 19:00:00,1.6467896837867584,1.7457139646291069,1.6002380803126206,1.6875230073928833,31416,1.6933423852920533,1.6799585795402527,1.653190952539444,0.159985029262936,1.333220894013572,1.973161011065316,35.57687354744628
2016-05-24 19:00:00,1.6758856792396117,1.6758856792396117,1.6293330695297001,1.652608871459961,8861,1.687988851070404,1.6789693421125411,1.6718118727207183,0.13381943569744706,1.4041730013258242,1.9394507441156124,42.52873116632782
2016-05-26 19:00:00,1.7457138855475622,1.8039038342983758,1.6875229309474125,1.7573522329330444,20944,1.6847301840782165,1.6792312002182006,1.6735576272010804,0.13473921557559027,1.4040791960498997,1.943036058352261,50.54946019752404
2016-05-29 19:00:00,1.460580427095449,1.768989707299709,1.460580427095449,1.699161410331726,8055,1.679842185974121,1.679318488240242,1.6886871337890625,0.11794167716925615,1.4528037794505502,1.924570488127575,53.179177061668035
2016-06-01 19:00:00,1.716618946571422,1.7398947477340698,1.716618946571422,1.7398947477340698,4027,1.6753033375740052,1.6793475842475891,1.7029438078403474,0.10466246459146707,1.4936188786574132,1.9122687370232816,50.0
2016-06-02 19:00:00,1.658427941460774,1.7166188955307007,1.658427941460774,1.7166188955307007,3222,1.6746050524711609,1.6796385389566422,1.7020709753036498,0.10446177456147578,1.4931474261806983,1.9109945244266013,57.446814693243724
2016-06-06 19:00:00,1.6875230073928833,1.6875230073928833,1.6875230073928833,1.6875230073928833,1611,1.6706481027603148,1.679784014225006,1.6846137940883636,0.06863147625213922,1.5473508415840853,1.821876746592642,57.04224874605842
2016-06-12 19:00:00,1.6875230073928833,1.6875230073928833,1.6875230073928833,1.6875230073928833,805,1.6692515182495118,1.6795803475379945,1.678794753551483,0.06265882562655982,1.5534771022983636,1.8041124048046027,46.49121372551803
2016-06-14 19:00:00,1.681703805923462,1.681703805923462,1.681703805923462,1.681703805923462,805,1.6678549313545228,1.6789693474769591,1.6755942463874818,0.0606638100153311,1.5542666263568197,1.7969218664181439,47.32136765550232
2016-06-16 19:00:00,1.5711421966552734,1.5711421966552734,1.5711421966552734,1.5711421966552734,1611,1.6643634963035583,1.6778055393695832,1.6723937451839448,0.06447833914560087,1.543437066892743,1.8013504234751465,39.06250450132663
2016-06-20 19:00:00,1.472218810774909,1.5711421966552734,1.472218810774909,1.5711421966552734,1611,1.6591263461112975,1.6767872059345246,1.6639561176300048,0.06619877869756274,1.5315585602348794,1.7963536750251303,42.01682885647235
2016-06-21 19:00:00,1.4838562424276434,1.5536855459213257,1.4838562424276434,1.5536855459213257,1611,1.653540062904358,1.675623397231102,1.6619194507598878,0.0690173507975452,1.5238847491647973,1.7999541523549782,46.29628681202264
2016-06-29 19:00:00,1.5711421966552734,1.5711421966552734,1.5711421966552734,1.5711421966552734,2416,1.6483029127120972,1.674750538468361,1.6619194507598878,0.0690173507975452,1.5238847491647973,1.7999541523549782,52.47523366789171
2016-07-14 19:00:00,1.8911896603495881,1.8911896603495881,1.7340755462646484,1.7340755462646484,2416,1.6480701446533204,1.6746923464536667,1.6619194507598878,0.0690173507975452,1.5238847491647973,1.7999541523549782,56.36363941114881
2016-07-19 19:00:00,1.7166188955307007,1.7166188955307007,1.7166188955307007,1.7166188955307007,805,1.6509796786308288,1.6751578718423843,1.6619194507598878,0.0690173507975452,1.5238847491647973,1.7999541523549782,52.33650299383771
2016-07-20 19:00:00,1.5187714196800826,1.7457139492034912,1.5187714196800826,1.7457139492034912,1611,1.6510960626602174,1.675361538529396,1.66250137090683,0.06970341029975033,1.5230945503073292,1.8019081915063306,57.5472029945221
2016-07-25 19:00:00,1.5187714196872977,1.5711421966552734,1.5187714196872977,1.5711421966552734,7250,1.6458589124679566,1.6746923464536667,1.6569732904434205,0.07243120673695214,1.5121108769695162,1.8018357039173247,36.44062485297337
2016-07-26 19:00:00,1.6875230073928833,1.6875230073928833,1.5711422105308603,1.6875230073928833,2416,1.6417855787277222,1.6745759624242782,1.66133753657341,0.0714558322314508,1.5184258721105084,1.8042492010363116,49.21872799346494
2016-08-02 19:00:00,1.6467896699905396,1.6467896699905396,1.6467896699905396,1.6467896699905396,805,1.6380613780021667,1.6742559117078781,1.666574662923813,0.06587295420122172,1.5348287545213695,1.7983205713262564,43.749967990494454
2016-08-04 19:00:00,1.629332979394719,1.6584279537200928,1.5711421366556744,1.6584279537200928,6444,1.6375958609580994,1.6738485777378083,1.6668656170368195,0.06582085266381832,1.5352239117091828,1.798507322364456,46.031710159188144
2016-08-10 19:00:00,1.6875229341753684,1.8329997062683105,1.6875229341753684,1.8329997062683105,6444,1.6393415760993957,1.6750123858451844,1.6741394519805908,0.07554397206615894,1.523051507848273,1.8252273961129086,58.27818486876907
2016-08-11 19:00:00,1.8329997062683105,1.8329997062683105,1.8329997062683105,1.8329997062683105,2416,1.6434149098396302,1.675623385310173,1.6831589937210083,0.083217190286933,1.5167246131471424,1.8495933742948742,58.27818486876907
2016-08-14 19:00:00,1.7457139492034912,1.7457139492034912,1.7457139492034912,1.7457139492034912,805,1.6480701446533204,1.6763798606395721,1.6825770795345307,0.08271021945831604,1.5171566406178987,1.8479975184511628,53.333369753019895
2016-08-15 19:00:00,1.7166189685277904,2.2112373493111543,1.7166189685277904,1.955199956893921,245696,1.6557512998580932,1.6777473413944244,1.6953790068626404,0.10278977883331948,1.4897994491960014,1.9009585645292795,68.13190771367692
2016-08-16 19:00:00,1.8853704788708505,2.1821423022700186,1.809723008999656,2.0541231632232666,284363,1.667738537788391,1.6798712921142578,1.7110904276371002,0.1302887032510524,1.4505130211349955,1.9716678341392049,70.8542938081215
2016-08-17 19:00:00,2.112314119055672,2.4149042382442283,2.0657616210865966,2.077399969100952,351224,1.6790274930000306,1.6819952476024627,1.7291294813156128,0.15392611774550485,1.4212772458246032,2.0369817168066224,72.50000793834437
2016-08-18 19:00:00,1.9028280292831852,2.0424848473079247,1.891189681711859,1.9261038303375244,57194,1.6861267256736756,1.683915531039238,1.7410585224628448,0.1596696424704745,1.4217192375218959,2.0603978074037936,63.67710602796315
2016-08-21 19:00:00,1.891189694404602,1.891189694404602,1.891189694404602,1.891189694404602,24972,1.69020005941391,1.6856612437963485,1.7512418568134307,0.16254437632960378,1.4261531041542233,2.076330609472638,56.71640558871088
2016-08-22 19:00:00,1.7748089112753005,1.862094731015348,1.7457139360580594,1.7806280851364136,48333,1.6920621609687805,1.686795956492424,1.7561880707740785,0.1618204854141582,1.4325470999457621,2.079829041602395,52.53454633268967
2016-08-23 19:00:00,1.780628065972777,1.9493807532976746,1.7748088921742913,1.914466381072998,54778,1.701256263256073,1.688745340704918,1.7733542799949646,0.15934867325528737,1.45465693348439,2.0920516265055396,56.17020694195463
2016-08-24 19:00:00,1.8097230074746529,1.844637155532837,1.8097230074746529,1.844637155532837,3222,1.7113813996315002,1.690345578789711,1.7870290279388428,0.15267777227081267,1.4816734833972174,2.092384572480468,60.82946459185816
2016-08-25 19:00:00,1.7631704967346855,1.8620946604480575,1.7631704967346855,1.8039038181304932,6444,1.7218556666374207,1.691363907456398,1.7995399415493012,0.14246045795284848,1.5146190256436043,2.084460857454998,54.90194581952326
2016-08-28 19:00:00,1.7631705104329845,1.9784756898880005,1.7631705104329845,1.9784756898880005,4833,1.7269764375686645,1.693633338212967,1.8199066162109374,0.1371056263861372,1.545695363438663,2.094117868983212,62.55505276094526
2016-08-29 19:00:00,1.7806281140161921,1.9784757815833622,1.7806281140161921,1.9726566076278687,37861,1.7384981441497802,1.6956409102678298,1.8318356692790985,0.13960105641955392,1.5526335564399907,2.1110377821182063,61.94688340260657
2016-08-30 19:00:00,1.8911897239887343,2.036666613139534,1.8329997730079142,2.007570743560791,170778,1.7495543336868287,1.698114002943039,1.846383261680603,0.1421000215937335,1.5621832184931361,2.13058330486807,57.42571335442649
2016-08-31 19:00:00,1.873733166204222,2.0133898724679224,1.873733166204222,1.9261038303375244,70889,1.7533948993682862,1.7004416197538377,1.8554027557373047,0.14109532793440757,1.5732120998684895,2.1375934116061197,53.70367173821912
2016-09-01 19:00:00,1.8620946806993715,1.8620946806993715,1.8271805325644384,1.8329997062683105,30611,1.7493215608596802,1.7023328119516372,1.8684956312179566,0.12450307608592326,1.61948947904611,2.117501783389803,53.45621863136752
2016-09-04 19:00:00,1.8039038722941172,1.8388190269470215,1.8039038722941172,1.8388190269470215,33833,1.7500198650360108,1.7033802419900894,1.8760604321956635,0.11731747057328604,1.6414254910490915,2.1106953733422356,44.505503535076336
2016-09-05 19:00:00,1.8097229917710786,1.8620946604480575,1.7457138699012198,1.8039038181304932,74111,1.7511836624145507,1.7042530959844588,1.8839161396026611,0.10585780952383532,1.6722005205549906,2.095631758650332,37.426924334834446
2016-09-06 19:00:00,1.751533137127463,1.862094759941101,1.7457139631759548,1.862094759941101,22555,1.7557225131988525,1.705707858800888,1.8940994799137116,0.09190065664573167,1.7102981666222483,2.077900793205175,39.548030445653616
2016-09-07 19:00:00,1.774808900175189,1.891189694404602,1.7457139251399154,1.891189694404602,14500,1.7587484121322632,1.7078900009393692,1.897008979320526,0.09077875473764756,1.715451469845231,2.078566488795821,48.07693494628266
2016-09-08 19:00:00,1.920285521046755,2.0948564850068556,1.8911896525668346,2.0541231632232666,116000,1.7679424977302551,1.710188522338867,1.9080651521682739,0.09589406559450116,1.7162770209792715,2.0998532833572763,57.86515993990924
2016-09-14 19:00:00,1.9202855176845675,1.9784756898880005,1.9086471703129766,1.9784756898880005,20139,1.7760891675949098,1.7129525691270828,1.9197032392024993,0.08903239913831265,1.741638440925874,2.0977680374791245,59.883699048210715
2016-09-15 19:00:00,2.1530474288090993,2.1530474288090993,1.9493808103436552,2.0366666316986084,37861,1.7821409893035889,1.715862095952034,1.9237765729427339,0.09253652794901002,1.7387035170447138,2.108849628840754,56.60376993841317
2016-09-18 19:00:00,1.920285584536082,2.6185708045959473,1.920285584536082,2.6185708045959473,481725,1.8001800274848938,1.7219720935821534,1.9519989550113679,0.17954854274578433,1.5929018695197992,2.3110960405029366,76.92306607715554
2016-09-19 19:00:00,3.0200853527875533,3.2004761695861816,2.7931427088623635,3.2004761695861816,568726,1.8295080399513244,1.7300023800134658,2.0081527650356295,0.33185450507346503,1.3444437548886994,2.6718617751825597,85.29410949517843
2016-09-20 19:00:00,3.5030660871183956,3.7183712649028156,2.7931425495050033,2.9037041664123535,451919,1.8539480471611023,1.7373925691843033,2.0570327818393705,0.38661254929543415,1.2838076832485021,2.830257880430239,72.02213853152621
2016-09-21 19:00:00,3.200476194519866,3.4623329902326105,2.7931427306226686,2.990990400314331,372169,1.881763093471527,1.745073714852333,2.112022817134857,0.43674699565159086,1.2385288258316756,2.985516808438039,73.33331840129676
2016-09-22 19:00:00,2.822237551848979,2.9095233691551114,2.6360284639273166,2.7349517345428467,71694,1.9056211853027343,1.7515037631988526,2.159738999605179,0.4505489115546826,1.2586411764958139,3.060836822714544,65.13315318861703
2016-09-25 19:00:00,3.0317235652872228,3.054999366049589,2.810599211125312,2.886246681213379,59611,1.9302939414978026,1.7591558068990707,2.208328014612198,0.47447084203053425,1.2593863305511295,3.1572696986732662,69.41174446086754
2016-09-26 19:00:00,3.1364661706023713,3.1364661706023713,2.676761929278191,2.7407710552215576,44305,1.9513589024543763,1.7660804724693298,2.253134709596634,0.4805917827348526,1.291951144126929,3.214318275066339,67.97232989186966
2016-09-27 19:00:00,2.4556374320941283,2.7349517345428467,2.1821423033442584,2.7349517345428467,19333,1.973005759716034,1.7732088041305543,2.2996871054172514,0.47987923434529905,1.3399286367266532,3.2594455741078496,67.74190457363292
2016-09-28 19:00:00,2.3683516316541806,2.729132580279479,2.333437483300747,2.5545616149902344,25777,1.9889499473571777,1.778998755812645,2.3284914016723635,0.47686409870657775,1.374763204259208,3.282219599085519,64.05229268665414
2016-09-29 19:00:00,2.4439990846964306,2.7349517345428467,2.4439990846964306,2.7349517345428467,10472,2.0096657538414,1.7859816128015518,2.3666061580181124,0.47739010378185076,1.4118259504544108,3.321386365581814,65.62499399822924
2016-10-02 19:00:00,2.53128502441809,2.5894758701324463,2.449818376870996,2.5894758701324463,16916,2.026657376289368,1.7920916152000428,2.395701414346695,0.47205924658909115,1.4515829211685127,3.3398199075248773,62.00000581803664
2016-10-03 19:00:00,2.7931427432519196,2.7931427432519196,2.356714301379851,2.5196475982666016,44305,2.0427179503440858,1.7977069967985153,2.425378602743149,0.4594725104252778,1.5064335818925934,3.344323623593705,58.26447368888872
2016-10-04 19:00:00,2.560380793883809,2.665123462677002,2.560380793883809,2.665123462677002,2416,2.062269959449768,1.8039624744653702,2.4669847905635836,0.4402826910347131,1.5864194084941574,3.3475501726330097,61.895164379684296
2016-10-05 19:00:00,2.5138284371633173,2.62439006230896,2.5138284371633173,2.5603809356689453,11277,2.079727118015289,1.8097815227508545,2.5030628859996797,0.41493348524700147,1.6731959155056768,3.3329298564936827,58.92857447709143
2016-10-06 19:00:00,2.6418465345802384,2.6476657083111683,2.4439990981701496,2.5661990642547607,18527,2.097417023181915,1.8162115657329558,2.5411776483058928,0.380949935867598,1.7792777765706966,3.303077520041089,48.88888169488196
2016-10-09 19:00:00,2.443999164297858,2.822237643769691,2.432361710609426,2.6185708045959473,33833,2.1183655953407285,1.8220597094297408,2.579001450538635,0.3459204008056167,1.8871606489274018,3.2708422521498686,34.0764033672306
2016-10-12 19:00:00,2.6243900335243673,2.647665835477711,2.6243900335243673,2.63020920753479,4027,2.139546935558319,1.827936949133873,2.6159524261951446,0.3057163529394947,2.0045197203161553,3.227385132074134,41.13207424647202
2016-10-13 19:00:00,2.5603809356689453,2.612751714160464,2.5312850652977046,2.5603809356689453,16916,2.1596808433532715,1.8334650474786758,2.6412653148174288,0.2762920369404717,2.088681240936485,3.1938493886983723,35.87784039151876
2016-10-16 19:00:00,2.496370792388916,2.496370792388916,2.496370792388916,2.496370792388916,2416,2.1781854152679445,1.83896404504776,2.6671600699424745,0.23155107117841522,2.204057927585644,3.130262212299305,41.04801813653897
2016-10-17 19:00:00,2.3450759146130844,2.443999189469404,2.3450759146130844,2.3974475860595703,49944,2.191452856063843,1.8437356686592101,2.6851991176605225,0.1902099637873608,2.304779190085801,3.0656190452352443,30.909083459602172
2016-10-18 19:00:00,2.4032657146453857,2.4032657146453857,2.4032657146453857,2.4032657146453857,805,2.2051857924461364,1.8487691408395768,2.6744338631629945,0.20001921930045757,2.2743954245620794,3.0744723017639095,35.20401444061433
2016-10-19 19:00:00,2.327618352391314,2.7931426487314024,2.327618352391314,2.787323474884033,130500,2.2260179829597475,1.856159331202507,2.653776228427887,0.16020297528813476,2.3333702778516177,2.9741821790041563,51.72415146392322
2016-10-20 19:00:00,2.5952948573211776,2.6185706574786822,2.589475683759732,2.6127514839172363,24972,2.2468501687049867,1.86296761572361,2.6392285943031313,0.14914162376336418,2.3409453467764028,2.93751184182986,51.9230593462673
2016-10-23 19:00:00,2.502189874649048,2.502189874649048,2.502189874649048,2.502189874649048,805,2.2631435060501097,1.8694267588853837,2.614788568019867,0.1268480648688195,2.361092438282228,2.868484697757506,41.93547481104899
2016-10-24 19:00:00,2.211237255098356,2.443999059660179,2.211237255098356,2.333437442779541,45111,2.27687646150589,1.8744020444154739,2.5947128534317017,0.13810308552881004,2.3185066823740814,2.870919024489322,41.269820881840744
2016-10-25 19:00:00,2.3276182807442365,2.473094940185547,2.3276182807442365,2.473094940185547,35444,2.293169801235199,1.8805702334642411,2.5740552663803102,0.12218213506344451,2.3296909962534214,2.818419536507199,48.48483860864891
2016-10-26 19:00:00,2.4439992274139533,2.4439992274139533,2.269428253173828,2.269428253173828,10472,2.3018983721733095,1.885661901831627,2.5504881262779238,0.13328565870628667,2.2839168088653503,2.817059443690497,37.5912377106101
2016-10-27 19:00:00,2.217056604673531,2.217056604673531,2.2112374305725098,2.2112374305725098,4027,2.3094631266593932,1.8899388992786408,2.5243024110794066,0.14597884628151125,2.232344718516384,2.816260103642429,38.72178470736685
2016-10-30 19:00:00,2.327618360519409,2.327618360519409,2.327618360519409,2.327618360519409,30611,2.3211012148857115,1.8954669934511186,2.5129552483558655,0.15219109904773992,2.2085730502603855,2.8173374464513454,42.807029599661185
2016-10-31 19:00:00,2.5021899661774896,2.5021899661774896,2.496370792388916,2.496370792388916,4027,2.3319246315956117,1.9009659910202026,2.5010262012481688,0.1429440529055485,2.2151380954370716,2.786914307059266,46.55737823837259
2016-11-01 19:00:00,2.7931425627548903,2.8222375370078345,2.473094940185547,2.473094940185547,131306,2.3403040671348574,1.905912184715271,2.495207154750824,0.1415155986076345,2.212175957535555,2.7782383519660927,45.60260673263574
2016-11-03 19:00:00,2.6476656591831578,2.7524092197418213,2.6476656591831578,2.7524092197418213,12888,2.3538042521476745,1.9125458991527557,2.506845235824585,0.15275596235603722,2.2013333111125104,2.8123571605366595,54.810487373131366
2016-11-06 19:00:00,2.676761749538913,3.33431339263916,2.676761749538913,3.33431339263916,750782,2.381968443393707,1.9210708010196687,2.540304732322693,0.2384835966994586,2.063337538923776,3.01727192572161,66.66666666666666
2016-11-07 19:00:00,3.747466275986909,3.747466275986909,3.2004760185622465,3.206294298171997,625115,2.4082705354690552,1.9290428948402405,2.5726004004478455,0.28124656126888076,2.010107277910084,3.135093522985607,65.90387308212843
2016-11-09 19:00:00,3.2877611060981438,3.404142127133319,3.2179328064079593,3.2528469562530518,133723,2.437714912891388,1.9371604645252227,2.60693279504776,0.3197048860801029,1.9675230228875544,3.2463425672079658,66.44144019442174
2016-11-10 19:00:00,3.2004761930495818,3.2004761930495818,3.1422853469848633,3.1422853469848633,24972,2.4622712922096253,1.9455689889192582,2.633118522167206,0.34141856815892996,1.9502813858493462,3.315955658485066,57.682618399545404
2016-11-13 19:00:00,3.060818565519471,3.060818565519471,3.025904417037964,3.025904417037964,8055,2.485896637439728,1.9529882752895356,2.6529032826423644,0.3525254522462313,1.9478523781499018,3.357954187134827,59.17314059434537
2016-11-14 19:00:00,3.159742648803065,3.165560928324501,3.084094285964966,3.084094285964966,4027,2.511500446796417,1.9602620816230774,2.6790889501571655,0.36453728479725583,1.9500143805626537,3.4081635197516773,63.22750967180256
2016-11-15 19:00:00,3.31103777885437,3.31103777885437,3.31103777885437,3.31103777885437,2416,2.5381516885757445,1.9689615595340728,2.7198222994804384,0.3878178146685474,1.9441866701433437,3.495457928817533,71.64949340850798
2016-11-16 19:00:00,3.4623329448324216,3.892942428588867,3.4623329448324216,3.892942428588867,254557,2.5765574049949644,1.9803087025880814,2.7945970416069033,0.45986901054745855,1.8748590205119862,3.7143350627018203,76.29310702602736
2016-11-17 19:00:00,4.474847316741943,4.474847316741943,4.474847316741943,4.474847316741943,76528,2.6259029364585875,1.9948272281885147,2.898176121711731,0.5837104046437818,1.7307553124241672,4.065596930999295,85.82231243141626
2016-11-20 19:00:00,5.056751728057861,5.056751728057861,5.056751728057861,5.056751728057861,5638,2.6885158944129945,2.0108005130290985,3.0116475343704225,0.7561427045238227,1.4993621253227771,4.5239329434180675,89.49920564411664
2016-11-21 19:00:00,5.638656891577461,5.638656891577461,5.091665733442391,5.370980262756348,464808,2.759275505542755,2.029508749246597,3.149558973312378,0.914509519585353,1.3205399341416721,4.978578012483084,90.0459546441886
2016-11-22 19:00:00,5.324427604639738,5.382618446465297,4.864723172935642,5.144037246704102,313363,2.8253798699378967,2.0465003657341003,3.2816513419151305,1.0026311312871847,1.276389079340761,5.2869136044895,84.31373263938241
2016-11-23 19:00:00,4.946189966877798,5.178951553148839,4.742523355368559,4.78907585144043,65250,2.8850833106040956,2.061862650513649,3.4044332623481752,1.030376159641591,1.3436809430649932,5.465185581631357,77.63889687149496
2016-11-24 19:00:00,4.6668759483026285,5.033475854028444,4.375923067399965,4.853085041046143,215890,2.9449031162261963,2.077108556628227,3.523432767391205,1.0543096728337078,1.4148134217237893,5.63205211305862,76.42753170014772
2016-11-27 19:00:00,5.0625705670106615,5.149856382056743,4.771618148219815,4.800714015960693,74111,3.003093602657318,2.0925290322303773,3.649997055530548,1.047763495913507,1.5544700637035342,5.745524047357562,71.2838016473558
2016-11-28 19:00:00,4.7716185504081166,4.7716185504081166,4.480666554137762,4.538856506347656,8861,3.052788269519806,2.1064947450160982,3.7663780093193053,1.0080598838939878,1.7502582415313297,5.782497777107281,68.61789617747546
2016-11-29 19:00:00,4.486484641000358,5.120761619635399,4.480666361300455,4.829809188842773,619476,3.1098149394989014,2.1219152212142944,3.891487550735474,0.974823019303381,1.9418415121287118,5.841133589342236,70.62405883420072
2016-11-30 19:00:00,4.655237623936245,4.8298092639439885,4.480666430972666,4.631961822509766,99084,3.1617208433151247,2.1372193193435667,3.998267102241516,0.9298905534256527,2.1384859953902104,5.858048209092821,69.04762775767584
2016-12-01 19:00:00,4.381742414129585,4.771618583591805,4.381742414129585,4.67851448059082,7250,3.202919716835022,2.151388705968857,4.10853807926178,0.86822944426955,2.3720791907226797,5.8449969678008795,71.51516268936173
2016-12-04 19:00:00,4.451570657538827,4.858904343989472,4.3642848356533905,4.457389831542969,40278,3.2280579900741575,2.163899655342102,4.193787109851837,0.809804690785685,2.5741777282804676,5.813396491423207,67.1511636043504
2016-12-05 19:00:00,4.48648483408807,4.655237751899975,4.48648483408807,4.538856506347656,25777,3.260761036872864,2.1772834640741348,4.254014265537262,0.7869902935043421,2.680033678528578,5.827994852545946,65.91251437962964
2016-12-06 19:00:00,4.212989644300941,4.538856216984275,4.015142210041531,4.166437149047852,58000,3.284269971847534,2.188514221906662,4.302021408081055,0.7480353082696481,2.8059507915417585,5.798092024620352,53.74799877149075
2016-12-07 19:00:00,4.073332967039044,4.364284491602719,4.073332967039044,4.160618782043457,59611,3.3127833127975466,2.1994249373674393,4.347409999370575,0.7074641450405094,2.932481709289556,5.762338289451593,44.88636372454395
2016-12-08 19:00:00,4.166437097136879,4.247903739292694,4.131522949654142,4.143161296844482,11277,3.3379216051101683,2.2102774608135225,4.397453796863556,0.6508661955298095,3.0957214058039373,5.699186187923175,31.786546628900098
2016-12-12 19:00:00,4.1431615150525,4.1431615150525,3.956952420641394,3.962770700454712,14500,3.3623615980148314,2.2207808405160905,4.444297111034393,0.5764147381392641,3.2914676347558647,5.597126587312921,20.343143235905117
2016-12-13 19:00:00,3.9278564645831984,3.9569523334503174,3.9278564645831984,3.9569523334503174,45111,3.3868016099929807,2.2317788410186767,4.487940013408661,0.49535124193782654,3.497237529533008,5.478642497284314,22.43244724703463
2016-12-14 19:00:00,3.8696665359131432,3.898761510848999,3.8696665359131432,3.898761510848999,37861,3.413685607910156,2.2412347948551177,4.517326200008393,0.4356994185891578,3.645927362830077,5.388725037186708,26.018814535045834
2016-12-15 19:00:00,4.271180587563554,4.271180587563554,3.898761510848999,3.898761510848999,4027,3.4369618034362794,2.250108845233917,4.517617154121399,0.43526224227146837,3.647092669578462,5.388141638664336,23.376644453505023
2016-12-18 19:00:00,4.073333258819867,4.073333258819867,3.933675765991211,3.933675765991211,17722,3.4638458013534548,2.259011987447739,4.4905585765838625,0.4544589683760699,3.581640639831723,5.399476513336002,25.573783572914692
2016-12-19 19:00:00,4.038419109134788,4.073333258819867,3.933675765991211,3.933675765991211,5638,3.492126364707947,2.2664603710174562,4.43440477848053,0.45018153788165277,3.534041702717224,5.334767854243835,30.00001891018701
2016-12-20 19:00:00,3.788199516399912,3.788199516399912,3.7823803424835205,3.7823803424835205,48333,3.5144715023040773,2.274316085577011,4.354974782466888,0.41500695403155946,3.524960874403769,5.184988690530007,11.864418549862918
2016-12-21 19:00:00,3.794018507003784,3.794018507003784,3.794018507003784,3.794018507003784,16111,3.539144253730774,2.2809788954257963,4.287473845481872,0.3888789222091694,3.5097160010635333,5.065231689900211,14.705895939407952
2016-12-22 19:00:00,3.956952329268606,4.189713915429708,3.8405710891438996,3.9685897827148438,24166,3.567192068099976,2.289212849140167,4.246449542045593,0.3762510437327199,3.4939474545801534,4.9989516295110334,23.00882966349235
2016-12-25 19:00:00,3.8056560120712657,4.0151422423983565,3.8056560120712657,3.9860472679138184,8861,3.594541597366333,2.2982323741912842,4.203097653388977,0.35183332634499603,3.4994310006989853,4.906764306078969,28.79582814031761
2016-12-26 19:00:00,3.92785639369444,3.92785639369444,3.8987614194407296,3.904580593109131,33833,3.62002902507782,2.306553611755371,4.158290982246399,0.32797315871398897,3.502344664818421,4.814237299674377,21.46598565762349
2016-12-27 19:00:00,4.2479040120187825,4.2479040120187825,4.073333263397217,4.073333263397217,4027,3.650288071632385,2.316649662256241,4.135014820098877,0.31583753029141554,3.5033397595160456,4.7666898806817075,44.87184403291425
2016-12-28 19:00:00,4.131523201529988,4.3351898193359375,4.131523201529988,4.3351898193359375,25777,3.6870644521713256,2.329015137553215,4.110283851623535,0.27533825749027113,3.559607336642993,4.660960366604077,57.49998156256069
2016-12-29 19:00:00,4.33518953902856,4.4632086753845215,4.2537228971737004,4.4632086753845215,4027,3.7283796739578245,2.3417297530174257,4.101846194267273,0.2607071465924648,3.580431901082343,4.623260487452202,62.55707096218967
2017-01-01 19:00:00,4.364284538848945,4.655237407694789,4.364284538848945,4.562133312225342,154667,3.771557025909424,2.355375421047211,4.096027135848999,0.24815495998018922,3.599717215888621,4.592337055809377,75.12197188835528
2017-01-02 19:00:00,4.3642848356533905,4.59704777242151,4.3642848356533905,4.457389831542969,45916,3.8049583530426023,2.3687883257865905,4.096027135848999,0.24815495998018922,3.599717215888621,4.592337055809377,69.36932031997318
2017-01-03 19:00:00,4.527218094171687,4.527218094171687,4.4224756452238605,4.474847316741943,1611,3.842200269699097,2.38127018392086,4.092826676368714,0.24249132576460541,3.607844024839503,4.577809327897924,73.02322771630807
2017-01-04 19:00:00,4.201352195769978,4.853084894824079,4.201352195769978,4.585409164428711,74111,3.88386465549469,2.3941011840105055,4.113775277137757,0.2661302556745039,3.581514765788749,4.646035788486764,75.21364558234671
2017-01-05 19:00:00,4.405017836332297,4.50976117254358,4.3351895415836275,4.364284515380859,91028,3.924481596946716,2.4066121327877044,4.123958563804626,0.2718520809740643,3.5802544018564975,4.667662725752755,63.90972660566455
2017-01-08 19:00:00,4.620323328137011,4.655237476212974,4.5388562375528485,4.626142501831055,45111,3.9675425481796265,2.420839704871178,4.148107624053955,0.2941825377752348,3.5597425485034853,4.736472699604424,69.1317989509582
2017-01-09 19:00:00,4.544675503686125,4.655237570901051,4.445751337051852,4.451570510864258,39472,4.011185393333435,2.4350963670015333,4.172547614574432,0.29825083321848234,3.5760459481374673,4.769049281011396,68.25392241982004
2017-01-10 19:00:00,4.591228239443328,4.591228239443328,4.370103667972544,4.52139949798584,11277,4.057388634681701,2.450429558157921,4.200769972801209,0.3034367975494237,3.5938963777023614,4.807643567900056,69.23072850119985
2017-01-11 19:00:00,4.509761536223014,4.626142781929663,4.393380737560541,4.597047805786133,93445,4.102777223587037,2.4633769434690476,4.235684287548065,0.30701026336123677,3.6216637608255917,4.849704814270539,67.53244369145861
2017-01-12 19:00:00,4.422475380844599,4.562133312225342,4.422475380844599,4.562133312225342,1611,4.144092473983765,2.4767316615581514,4.268852877616882,0.3045185704547816,3.659815736707319,4.877890018526445,65.91636550279874
2017-01-15 19:00:00,4.480666160583496,4.480666160583496,4.3410086781873725,4.480666160583496,9666,4.184243898391724,2.4892426139116286,4.296202397346496,0.29730906136094576,3.701584274624605,4.890820520068388,65.91634813480019
2017-01-16 19:00:00,4.247903823852539,4.247903823852539,4.247903823852539,4.247903823852539,805,4.214153790473938,2.501171659231186,4.311913800239563,0.2851990174488112,3.7415157653419406,4.882311835137186,54.65834842213352
2017-01-17 19:00:00,4.247903823852539,4.247903823852539,4.247903823852539,4.247903823852539,1611,4.232425599098206,2.513682608604431,4.335189974308014,0.2573434220044529,3.820503130299108,4.849876818316919,47.29242016091768
2017-01-18 19:00:00,4.24790410419449,4.422475750692444,4.218809127807617,4.218809127807617,14500,4.252675895690918,2.525175226330757,4.356429505348205,0.22594161925991624,3.904546266828373,4.808312743868038,41.923122137676444
2017-01-19 19:00:00,4.381742000579834,4.381742000579834,4.381742000579834,4.381742000579834,805,4.275253796577454,2.5377152705192567,4.377087116241455,0.20668168064470213,3.963723754952051,4.790450477530859,44.280432204522455
2017-01-22 19:00:00,4.422475357063604,4.50976117254358,4.311913741363498,4.364284515380859,8055,4.299693779945374,2.549789789319038,4.3959989786148075,0.18520651318664946,4.025585952241508,4.766412004988107,46.874989997074344
2017-01-23 19:00:00,4.195533162475354,4.655237616103549,4.189713988606443,4.573770523071289,65250,4.33065110206604,2.5639300721883775,4.429458475112915,0.14858057043334583,4.132297334246223,4.726619615979606,52.94115145206744
2017-01-24 19:00:00,4.649418209085058,4.655237382662161,4.364284515380859,4.364284515380859,23361,4.356254906654358,2.576673783659935,4.444006037712097,0.12410466282256136,4.195796712066975,4.69221536335722,43.79084144694876
2017-01-25 19:00:00,4.934551533034599,4.946189880371094,4.626142481323824,4.946189880371094,204612,4.388957948684692,2.5915123546123504,4.474556040763855,0.16452786807112282,4.14550030462161,4.8036117769061,63.58694417785418
2017-01-26 19:00:00,5.528094291687012,5.528094291687012,5.248779766741846,5.528094291687012,530864,4.421660985946655,2.611733545064926,4.5278003215789795,0.28722208377337893,3.9533561540322215,5.102244489125737,68.32147888360761
2017-01-29 19:00:00,6.109999656677246,6.109999656677246,5.993618864108056,6.109999656677246,371363,4.454364032745361,2.6331476402282714,4.605193638801575,0.4559441016904339,3.693305435420707,5.517081842182443,78.90464498422284
2017-01-30 19:00:00,6.691904067993164,6.691904067993164,6.400952086508197,6.691904067993164,321418,4.487067079544067,2.6570057326555254,4.716919350624084,0.6502095698461788,3.4165002109317264,6.017338490316442,82.09980372898013
2017-01-31 19:00:00,7.27380895614624,7.27380895614624,6.982856526373326,7.27380895614624,467225,4.525123653411865,2.6851990163326263,4.856867432594299,0.8620676943124981,3.132732043969303,6.581002821219295,84.43111311691652
2017-02-01 19:00:00,7.56476051937856,7.855713844299316,7.56476051937856,7.855713844299316,336724,4.57935718536377,2.7158944910764693,5.02038266658783,1.088328004365786,2.843726657856258,7.197038675319401,87.13908946270116
2017-02-02 19:00:00,8.140846641476513,8.140846641476513,7.2738089711779645,7.314542293548584,575976,4.629866514205933,2.74272029876709,5.167895555496216,1.1899182107834356,2.7880591339293446,7.547731977063087,78.95361872185606
2017-02-05 19:00:00,6.89557084456298,7.215618255423541,6.732637552191179,6.738456726074219,62833,4.667573947906494,2.7685277754068376,5.273511266708374,1.2322908506005308,2.808929565507312,7.738092967909435,73.77777976062465
2017-02-06 19:00:00,6.156552405990001,7.3203617207288,6.156552405990001,6.302028179168701,447891,4.697600231170655,2.790145537853241,5.366034150123596,1.2367896647750196,2.892454820573557,7.839613479673636,68.10256688683458
2017-02-07 19:00:00,5.964522444768912,6.592980233678171,5.7492183845948555,5.807408332824707,352835,4.722971267700196,2.8107158690690994,5.43033459186554,1.2239289057524376,2.9824767803606647,7.878192403370415,62.938377987078454
2017-02-08 19:00:00,5.807408744053041,5.819047092158451,5.481543043896763,5.6037421226501465,89417,4.738449926376343,2.830296964645386,5.48066930770874,1.2084585438502524,3.063752220008235,7.897586395409245,59.88700347004994
2017-02-09 19:00:00,5.353523716738351,5.417532840986079,5.178951630344644,5.312790393829346,55583,4.752066497802734,2.8486851555109025,5.51820216178894,1.1899440421143939,3.1383140775601523,7.898090246017728,57.3489705586901
2017-02-12 19:00:00,5.3709803078902665,5.8946943283081055,5.3709803078902665,5.8946943283081055,273085,4.77639009475708,2.868120773434639,5.588903570175171,1.1668369583172116,3.255229653540748,7.922577486809594,59.676044491575745
2017-02-13 19:00:00,6.051808942006122,6.47659969329834,6.051808942006122,6.47659969329834,345585,4.816774291992187,2.891775202155113,5.700338363647461,1.1380970054402813,3.4241443527668984,7.976532374528023,64.67260083043845
2017-02-14 19:00:00,7.058504104614258,7.058504104614258,7.058504104614258,7.058504104614258,25777,4.867167243957519,2.9189210575819016,5.840868377685547,1.1227341034205243,3.5954001708444987,8.086336584526595,64.67259614996067
2017-02-15 19:00:00,7.640409469604492,7.640409469604492,7.640409469604492,7.640409469604492,209445,4.936646690368653,2.948947343826294,6.0119483947753904,1.1232474058242519,3.7654535831268867,8.258443206423895,64.67260083043845
2017-02-16 19:00:00,8.001190322324543,8.001190322324543,7.0992375783231,7.506570816040039,526836,5.003565731048584,2.9782462495565416,6.168189835548401,1.1016758883700233,3.9648380588083545,8.371541612288448,60.34482539388312
2017-02-19 19:00:00,7.710237853419637,7.739333276167858,7.041047600652274,7.122514247894287,63639,5.06315279006958,3.005595776438713,6.306101322174072,1.0345702035222726,4.2369609151295275,8.375241729218617,53.28597308256955
2017-02-20 19:00:00,7.064323302726528,7.064323302726528,6.744275892232541,6.837380886077881,32222,5.120644993782044,3.031926969885826,6.419281840324402,0.9559086610746317,4.507464518175139,8.331099162473665,46.51163180697088
2017-02-21 19:00:00,7.011951747930792,7.011951747930792,6.255475672121263,6.400952339172363,86195,5.169524993896484,3.054330303668976,6.521115231513977,0.824984439148189,4.871146353217599,8.171084109810355,38.09524069664118
2017-02-22 19:00:00,5.976160880774764,6.2554754080985715,5.9645225333206895,6.069266319274902,23361,5.212935090065002,3.075075207352638,6.577269053459167,0.7466451181023174,5.083978817254533,8.070559289663802,39.44773330154696
2017-02-23 19:00:00,5.894694566666904,6.051809136780693,5.487361323861114,5.6037421226501465,12888,5.2470347023010255,3.0933761113882063,6.581051445007324,0.7412223400320349,5.098606764943254,8.063496125071394,40.20100291449533
2017-02-26 19:00:00,5.23714255797487,5.242960837835685,5.097485065460205,5.097485065460205,34639,5.270310888290405,3.109029350876808,6.530425715446472,0.8067681045299775,4.916889506386517,8.143961924506428,39.72194473495165
2017-02-27 19:00:00,5.347704283615081,5.679390024663155,5.347704283615081,5.644474983215332,103917,5.304526872634888,3.1284940600395204,6.47805426120758,0.8294131968943856,4.8192278674188085,8.136880654996352,48.622046863053164
2017-02-28 19:00:00,6.080904583376917,6.226380348205566,6.080904583376917,6.226380348205566,20139,5.3534068727493285,3.150199109315872,6.425682830810547,0.8093485899816669,4.806985650847213,8.04438001077388,54.949122207899464
2017-03-01 19:00:00,6.575522855345933,6.575522855345933,5.819046806291563,5.871418476104736,82972,5.394954872131348,3.1707694405317306,6.326468062400818,0.7437885428119001,4.838890976777018,7.8140451480246185,54.39560010757801
2017-03-02 19:00:00,6.366037059889085,6.366037059889085,5.539732715145305,5.7317609786987305,12083,5.4302182960510255,3.1906705796718597,6.247328996658325,0.7168400146902797,4.813648967277766,7.681009026038884,48.622047529875346
2017-03-05 19:00:00,5.807408369588028,5.807408369588028,5.19640899182111,5.528094291687012,3222,5.46105923652649,3.2095824813842775,6.186810874938965,0.7242482774234996,4.738314320091966,7.635307429785964,41.43006973785275
2017-03-06 19:00:00,6.045989534605482,6.045989534605482,5.789951705991068,5.807408332824707,5638,5.499115791320801,3.229454524517059,6.162079882621765,0.7285390789582059,4.705001724705354,7.619158040538177,38.04226715003094
2017-03-07 19:00:00,5.615380205905793,5.615380205905793,5.411713594108846,5.5106377601623535,7250,5.527861881256103,3.2478427147865294,6.1472413539886475,0.7390889090400854,4.669063535908476,7.625419172068819,28.470584878134034
2017-03-08 19:00:00,5.661932717385976,5.661932717385976,5.440809477743419,5.551371097564697,5638,5.5521855068206785,3.2664345717430114,6.144622802734375,0.7412055864272031,4.662211629879969,7.627033975588781,29.85611521394364
2017-03-09 19:00:00,5.522275940115764,6.127456136316766,5.522275940115764,6.104180335998535,4027,5.585004940032959,3.288226903676987,6.1841922998428345,0.7151262030781184,4.7539398936865975,7.614444705999071,39.86094363824836
2017-03-12 19:00:00,6.3834948667905325,6.3834948667905325,5.731761235166117,5.760857105255127,17722,5.608979415893555,3.309175478219986,6.177500438690186,0.718595568547638,4.74030930159491,7.614691575785462,39.40435102158052
2017-03-13 19:00:00,5.819046679342291,6.063447054731634,5.1964089582436825,5.545551776885986,87000,5.630742654800415,3.3282037633657455,6.1309480428695675,0.728291745601197,4.674364551667173,7.587531534071962,41.197598279309204
2017-03-14 19:00:00,5.7608568680969325,5.7899518428998356,5.4815427853594505,5.5106377601623535,112778,5.651458463668823,3.3465919536352158,6.053554725646973,0.7064514195553859,4.640651886536201,7.466457564757745,43.8775498472169
2017-03-15 19:00:00,5.493180435242266,5.772494527966927,5.493180435242266,5.539732933044434,6444,5.670544939041138,3.364834669828415,5.94852089881897,0.607309048014907,4.733902802789156,7.163138994848784,49.22426330238446
2017-03-16 19:00:00,5.778313390835388,5.778313390835388,5.324427679312949,5.627018451690674,20139,5.695799617767334,3.383804763555527,5.854543280601502,0.4870355947574987,4.880472091086505,6.828614470116499,57.142860818310226
2017-03-19 19:00:00,5.341885204449099,5.632837629705078,5.324427683416656,5.528094291687012,21750,5.713838653564453,3.4030367159843444,5.7748222827911375,0.3892353880760336,4.99635150663907,6.553293058943205,48.2142893725093
2017-03-20 19:00:00,5.7550378419273285,5.7550378419273285,5.353523781813407,5.376799583435059,56389,5.732343235015869,3.421192144155502,5.701793217658997,0.3079051422611092,5.085982933136778,6.317603502181216,34.97941783167438
2017-03-21 19:00:00,5.592104588133217,5.958704948425293,5.469904617050582,5.958704948425293,227168,5.761089344024658,3.4428390038013457,5.679680848121643,0.26839748395407736,5.1428858802134885,6.216475816029798,51.42858436126507
2017-03-23 19:00:00,6.51733308129846,6.540608882904053,6.51733308129846,6.540608882904053,31416,5.799960565567017,3.4679772871732713,5.703247976303101,0.32011667524191995,5.063014625819261,6.34348132678694,61.56407160645492
2017-03-26 19:00:00,7.122514247894287,7.122514247894287,7.122514247894287,7.122514247894287,24166,5.851168184280396,3.495734147429466,5.779186582565307,0.4493328930018656,4.8805207965615764,6.677852368569038,70.57059144662202
2017-03-27 19:00:00,7.558942857753559,7.704418182373047,6.575523029190382,7.704418182373047,768505,5.915643224716186,3.52698243200779,5.909533238410949,0.5955137395828528,4.718505759245244,7.100560717576655,72.70196629649479
2017-03-28 19:00:00,8.146666003758016,8.286322593688965,8.146666003758016,8.286322593688965,224751,5.996411600112915,3.5608492839336394,6.041625618934631,0.7936590639985622,4.454307490937507,7.628943746931756,81.09517869877484
2017-03-29 19:00:00,8.868227668176546,8.868227668176546,8.297961158153932,8.513266563415527,417280,6.0817188549041745,3.595559905767441,6.15596992969513,0.9673997080577718,4.221170513579586,8.090769345810672,81.85232259515553
2017-03-30 19:00:00,8.437619101842179,8.670380699793565,8.263047456334462,8.553999900817871,120834,6.16842267036438,3.6298922902345656,6.290099000930786,1.1024171472748494,4.085264706381087,8.494933295480484,79.60619760930388
2017-04-02 19:00:00,8.50162809779847,8.50162809779847,7.972094470233536,7.989551544189453,101500,6.240578861236572,3.6614024329185484,6.402988529205322,1.1565070926886547,4.089974343828013,8.71600271458263,75.56740871183646
2017-04-03 19:00:00,7.56476051937856,8.030285481616444,7.454199346696416,7.855713844299316,42694,6.310407447814941,3.693407195806503,6.519369506835938,1.1806943703763828,4.157980766083172,8.880758247588703,77.00680493569388
2017-04-05 19:00:00,7.273809189599321,7.273809189599321,6.982856750488281,6.982856750488281,31416,6.358589172363281,3.721629577875137,6.578141927719116,1.1726172366734704,4.232907454372175,8.923376401066058,64.39135277178785
2017-04-06 19:00:00,6.435866426704626,7.564760684967041,6.435866426704626,7.564760684967041,60417,6.4225986957550045,3.7530524289608,6.680848073959351,1.164123181807772,4.352601710343807,9.009094437574895,67.86447102199814
2017-04-09 19:00:00,8.146666526794434,8.146666526794434,8.146666526794434,8.146666526794434,20139,6.486608228683472,3.7851735758781433,6.810612845420837,1.1761802682331695,4.458252308954498,9.162973381887177,70.44381635186507
2017-04-10 19:00:00,8.728569984436035,8.728569984436035,8.711113804717984,8.728569984436035,244084,6.550617742538452,3.821833569407463,6.941832327842713,1.237989501052951,4.465853325736811,9.417811329948615,74.08056019411735
2017-04-11 19:00:00,9.164999188836036,9.310476303100586,8.786761374013233,9.310476303100586,290001,6.614627275466919,3.8611121445894243,7.119313287734985,1.311999760757025,4.495313766220935,9.743312809249035,77.79605198872999
2017-04-12 19:00:00,9.892379760742188,9.892379760742188,9.892379760742188,9.892379760742188,96667,6.678636789321899,3.901903665661812,7.336654686927796,1.3949901106408276,4.546674465646141,10.12663490820945,77.79604600358263
2017-04-13 19:00:00,10.474285125732422,10.474285125732422,10.194971034530559,10.474285125732422,83778,6.742646312713623,3.944091758131981,7.5848370552062985,1.491245469611883,4.602346115982533,10.567327994430064,77.79605049244344
2017-04-16 19:00:00,11.05618953704834,11.05618953704834,10.066951464664289,11.05618953704834,211862,6.806655826568604,3.99035318672657,7.860659885406494,1.5993209162779038,4.662018052850686,11.059301717962303,77.79604749986977
2017-04-17 19:00:00,11.60899945944781,11.60899945944781,10.474285125732422,10.474285125732422,323029,6.86985068321228,4.033996042609215,8.103023219108582,1.6102599267726738,4.882503365563235,11.32354307265393,69.57236992842283
2017-04-18 19:00:00,9.892379877191187,10.765238055937385,9.892379877191187,10.23570442199707,286779,6.939795637130738,4.07699880361557,8.338403725624085,1.5572545693008715,5.223894587022341,11.452912864225828,64.47710187553747
2017-04-19 19:00:00,10.008761085057087,10.817608833312988,10.008761085057087,10.817608833312988,722588,7.030107250213623,4.1223873740434644,8.610444188117981,1.486271078994289,5.637902030129403,11.582986346106559,66.2561562435161
2017-04-20 19:00:00,11.230761288307606,11.399514198303223,11.056189651587019,11.399514198303223,268251,7.1419493675231935,4.1714128506183625,8.882484650611877,1.4732367327999973,5.936011185011882,11.828958116211872,68.64988712827274
2017-04-23 19:00:00,11.98141860961914,11.98141860961914,11.98141860961914,11.98141860961914,31416,7.269502897262573,4.223464232683182,9.154525136947631,1.5196431712974496,6.115238794352733,12.19381147954253,76.10350913297538
2017-04-24 19:00:00,12.574960708618164,12.574960708618164,12.574960708618164,12.574960708618164,17722,7.414746303558349,4.2776686584949495,9.427147459983825,1.621578902761022,6.183989654461781,12.670305265505869,79.109837599864
2017-04-25 19:00:00,13.203418731689453,13.203418731689453,13.203418731689453,13.203418731689453,24972,7.560920791625977,4.335102657675743,9.702097487449645,1.7732118171513094,6.155673853147027,13.248521121752264,89.56329258727027
2017-04-26 19:00:00,13.860970497131348,13.860970497131348,13.860970497131348,13.860970497131348,34639,7.708608207702636,4.395737132430076,9.980829882621766,1.9665531429877376,6.047723596646291,13.91393616859724,89.66276296263855
2017-04-27 19:00:00,14.553437232971191,14.553437232971191,14.553437232971191,14.553437232971191,26583,7.858506870269776,4.460095799565315,10.282838416099548,2.1813818268826752,5.920074762334197,14.645602069864898,89.80477724683564
2017-05-01 19:00:00,13.826056758768601,15.280818939208984,13.826056758768601,15.280818939208984,1094757,8.011315059661865,4.5284987038373945,10.619179368019104,2.407647123964137,5.80388512009083,15.434473615947379,89.98580293609297
2017-05-02 19:00:00,16.043113708496094,16.043113708496094,15.728884568529185,16.043113708496094,189306,8.182045917510987,4.601004036664963,11.021857476234436,2.6096950503272835,5.802467375579869,16.241247576889002,90.20153378607083
2017-05-03 19:00:00,16.840322494506836,16.840322494506836,16.467902541717834,16.840322494506836,269057,8.376402082443237,4.676942604780197,11.471087908744812,2.8021943177980964,5.866699273148619,17.075476544341004,90.44715997818375
2017-05-04 19:00:00,17.678266525268555,17.678266525268555,17.672447798484814,17.678266525268555,81361,8.59321979522705,4.756896322369576,12.005858397483825,2.918712989931119,6.168432417621587,17.843284377346063,90.7236901974467
2017-05-07 19:00:00,18.556941986083984,18.556941986083984,17.049807750623923,18.556941986083984,312557,8.836339588165282,4.8414179879426955,12.555467462539672,3.069465662732073,6.416536137075527,18.694398788003816,91.024830397408
2017-05-08 19:00:00,19.48217082492563,19.48217082492563,18.91190518217837,19.47053337097168,671032,9.10436492919922,4.929983893632889,13.121660804748535,3.252366607571131,6.616927589606273,19.626394019890796,97.48157514050811
2017-05-09 19:00:00,20.366667457128216,20.366667457128216,18.49875237751574,19.616008758544922,1124563,9.384610261917114,5.019568130373955,13.666032743453979,3.3867417557859514,6.892549231882076,20.439516255025882,100.0
2017-05-10 19:00:00,19.656742019816228,20.593608856201172,18.638407646791624,20.593608856201172,1570038,9.694532737731933,5.11383670091629,14.23018937110901,3.558424840539167,7.113339690030675,21.347039052187345,100.0
2017-05-11 19:00:00,21.35590341929335,21.617760423877563,21.297712576457617,21.606122970581055,688754,10.013765697479249,5.213284221291542,14.815876531600953,3.764883270842225,7.286109989916503,22.3456430732854,100.0
2017-05-14 19:00:00,22.682647705078125,22.682647705078125,22.682647705078125,22.682647705078125,28194,10.3428910446167,5.318259844779968,15.426294660568237,4.005897243178433,7.414500174211371,23.4380891469251,100.0
2017-05-15 19:00:00,23.811542510986328,23.811542510986328,23.811542510986328,23.811542510986328,23361,10.701693525314331,5.428879942297936,16.064062309265136,4.2795514581924525,7.504959392880231,24.62316522565004,100.0
2017-05-16 19:00:00,24.998626708984375,24.998626708984375,24.998626708984375,24.998626708984375,285974,11.087030839920043,5.54546455681324,16.790279388427734,4.507360413887163,7.775558560653408,25.80500021620206,100.0
2017-05-17 19:00:00,26.24390411376953,26.24390411376953,23.858093836073838,26.24390411376953,792672,11.501347036361695,5.668828366398811,17.590689373016357,4.699412643597714,8.191864085820928,26.989514660211785,100.0
2017-05-18 19:00:00,27.553190231323242,27.553190231323242,27.34952405930091,27.553190231323242,227973,11.936262674331665,5.798738606572151,18.42746844291687,4.914949931850249,8.59756857921637,28.257368306617366,100.0
2017-05-21 19:00:00,28.926485061645508,28.926485061645508,28.926485061645508,28.926485061645508,64444,12.404579620361329,5.935602604150772,19.303816986083984,5.152696777483231,8.998423431117521,29.609210541050444,100.0
2017-05-22 19:00:00,30.36960792541504,30.36960792541504,30.36960792541504,30.36960792541504,4833,12.900944356918336,6.079594932794571,20.223226451873778,5.411407703549605,9.400411044774568,31.046041858972988,100.0
2017-05-23 19:00:00,31.882559276599714,31.882559276599714,28.85665512084961,28.85665512084961,1047229,13.355993852615356,6.215207830667496,21.037311172485353,5.424936460471249,10.187438251542854,31.88718409342785,89.94197019830811
2017-05-24 19:00:00,27.41935157775879,27.41935157775879,27.41935157775879,27.41935157775879,109556,13.78916374206543,6.343721494078636,21.748107814788817,5.273691945722765,11.200723923343286,32.295491706234344,81.13839522518926
2017-05-25 19:00:00,26.05187500768172,28.45514142903627,26.05187500768172,26.709426879882812,2066263,14.212441244125365,6.4685400587320325,22.390530633926392,5.039728053734379,12.311074526457634,32.46998674139515,76.34448883833147
2017-05-28 19:00:00,26.70942711094583,26.70942711094583,25.37686538696289,25.37686538696289,216695,14.609765796661376,6.58756867468357,22.931702041625975,4.725179755355544,13.481342530914887,32.38206155233706,68.58293479425853
2017-05-29 19:00:00,24.457456015027404,25.0160859927684,24.108314514160156,24.108314514160156,249723,14.981137428283692,6.699672632217407,23.373076820373534,4.3719881148138615,14.62910059074581,32.11705305000126,63.201099375116584
2017-05-30 19:00:00,23.231735048176848,24.84426802733985,22.912978258734206,23.166107177734375,250000,15.331919202804565,6.807269219756126,23.729226493835448,4.019354143318035,15.690518207199379,31.767934780471517,57.575306543993655
2017-05-31 19:00:00,23.10985648703855,24.31925756157547,22.03170936510491,23.344236373901367,214500,15.688242044448852,6.915698261857033,24.054422187805176,3.6815694676083974,16.69128325258838,31.417561123021972,55.38278424844856
2017-06-01 19:00:00,23.175481981597162,24.50675977674817,23.175481981597162,24.328632354736328,290500,16.067278699874876,7.028176425099373,24.386940479278564,3.3618101565984717,17.663320166081622,31.110560792475507,55.1267241957001
2017-06-04 19:00:00,25.53803253173828,25.53803253173828,25.53803253173828,25.53803253173828,7500,16.458865251541138,7.146701589226723,24.73599500656128,3.074795091789967,18.586404822981343,30.885585190141214,55.3506397515616
2017-06-05 19:00:00,26.813058853149414,26.813058853149414,26.813058853149414,26.813058853149414,3000,16.864314250946045,7.272038313746452,25.103121280670166,2.8425933881574617,19.417934504355244,30.788308056985088,55.592699709795866
2017-06-06 19:00:00,28.15371322631836,28.15371322631836,28.15371322631836,28.15371322631836,28500,17.284938230514527,7.403030880093574,25.53000650405884,2.6064645721033877,20.317077359852064,30.742935648265615,55.852274560394115
2017-06-07 19:00:00,29.55999183654785,29.55999183654785,29.55999183654785,29.55999183654785,4000,17.72204970359802,7.540560223460197,25.978325653076173,2.480794149182678,21.016737354710816,30.93991395144153,56.11315242703555
2017-06-08 19:00:00,31.031896591186523,31.031896591186523,29.531866697414742,31.031896591186523,263500,18.176961183547974,7.685332706570625,26.449614334106446,2.501711152434754,21.44619202923694,31.453036638975952,56.3752388169005
2017-06-11 19:00:00,32.57880401611328,32.57880401611328,31.406904591073236,32.57880401611328,678000,18.658271932601927,7.838596207499504,26.9444221496582,2.6890895367968546,21.56624307606449,32.32260122325191,56.647718526625134
2017-06-12 19:00:00,32.80381047771333,34.125712894099216,30.95689582824707,30.95689582824707,288000,19.106329851150512,7.983924738168716,27.30168981552124,2.7253686828413484,21.850952449838545,32.752427181203934,56.27868908357669
2017-06-13 19:00:00,29.409988403320312,29.409988403320312,29.409988403320312,29.409988403320312,500,19.53473858833313,8.122071539759636,27.52225790023804,2.707619583339103,22.107018733559833,32.937497066916244,55.91228267552931
2017-06-14 19:00:00,27.94745635986328,27.94745635986328,27.94745635986328,27.94745635986328,8500,19.93657343864441,8.252236489653587,27.607435512542725,2.6920386832236476,22.22335814609543,32.99151287899002,53.51965611824687
2017-06-15 19:00:00,26.550554275512695,29.00685636709317,26.550554275512695,26.550554275512695,192500,20.327927389144897,8.375766075253487,27.557303714752198,2.7024176760734964,22.152468362605205,32.96213906689919,53.3245765851859
2017-06-18 19:00:00,25.22865104675293,25.22865104675293,25.22865104675293,25.22865104675293,4500,20.681205196380617,8.4928898113966,27.37241201400757,2.7301670615024904,21.91207789100259,32.83274613701255,53.16388849657567
2017-06-19 19:00:00,23.972373962402344,23.972373962402344,23.972373962402344,23.972373962402344,1000,20.997719345092772,8.602859302759171,27.052550315856934,2.7352790369797777,21.581992241897378,32.523108389816485,52.23725264130836
2017-06-20 19:00:00,22.78172492980957,22.78172492980957,22.78172492980957,22.78172492980957,5000,21.278782444000242,8.706904644370079,26.74880380630493,2.858902929834301,21.03099794663633,32.466609665973536,48.52216822822544
2017-06-21 19:00:00,21.647326955268323,23.916124380002767,21.647326955268323,21.675453186035156,550000,21.526081981658937,8.80524405658245,26.46160888671875,3.068797356138031,20.324014174442688,32.59920359899481,43.07391324524033
2017-06-28 19:00:00,21.553574879814217,22.753600583184888,21.094190501256936,21.937957763671875,171500,21.76699354171753,8.905303326249122,26.223035430908205,3.229766871957718,19.763501686992768,32.68256917482364,40.11328460399626
2017-06-29 19:00:00,21.666077919958525,22.481718947681077,21.281695037803907,21.628576278686523,58000,21.990079364776612,9.004281209111214,26.035620975494385,3.3864051308361707,19.262810713822045,32.80843123716673,34.96465410808874
2017-07-02 19:00:00,21.197317373860873,21.422321848903504,20.55042839050293,20.55042839050293,70000,22.1799641418457,9.097839255928994,25.857726669311525,3.5808478436495,18.696030982012523,33.01942235661053,27.609047396027535
2017-07-03 19:00:00,19.68791042219066,19.706661242231327,19.528532028198242,19.528532028198242,61500,22.361049079895018,9.186462396979332,25.675847911834715,3.8098158953809467,18.056216121072822,33.29547970259661,19.774004480876286
2017-07-04 19:00:00,18.85351786747888,20.50355241521083,18.553511911196082,20.44729995727539,264500,22.565280990600584,9.279388422966003,25.531001091003418,3.955415576652325,17.62016993769877,33.44183224430807,17.007588868644675
2017-07-05 19:00:00,21.094190639711247,21.469198115670775,19.687911263730495,20.184797286987305,168000,22.752624759674074,9.370856460928916,25.323809337615966,4.126541634596709,17.070726068422548,33.57689260680938,8.005071424019832
2017-07-06 19:00:00,19.781663240368555,20.578555230720628,19.687910925943015,20.344175338745117,92000,22.93151798248291,9.462306721806526,25.06411647796631,4.273175984760181,16.517764508445946,33.61046844748667,10.08461245332785
2017-07-09 19:00:00,19.70666063893268,21.178565991708318,19.33165319048292,19.734785079956055,311500,23.08658531188965,9.551088268756866,24.710202789306642,4.411578680768339,15.887045427769964,33.53336015084332,10.84975581037628
2017-07-10 19:00:00,18.750391006469727,18.750391006469727,18.750391006469727,18.750391006469727,10500,23.21009391784668,9.634656890630723,24.24003667831421,4.5248958789655145,15.19024492038318,33.28982843624524,11.286489281330063
2017-07-11 19:00:00,17.8128719329834,18.18787940551613,17.8128719329834,17.8128719329834,44000,23.30228298187256,9.710628396272659,23.652680683135987,4.560273272459572,14.532134138216843,32.773227228055134,11.7405420826627
2017-07-12 19:00:00,18.000377067965136,18.75039203405671,16.87535283065104,17.053482055664062,201000,23.366133213043213,9.77989342570305,22.953759956359864,4.4393725583899535,14.075014839579957,31.83250507313977,12.34886243070656
2017-07-13 19:00:00,17.15660628416503,17.531615517972625,17.062855763889683,17.072229385375977,25500,23.416509056091307,9.850736051797867,22.178431224822997,4.002504356799771,14.173422511223455,30.183439938422538,14.132511880105383
2017-07-16 19:00:00,17.15660768707207,18.009750366210938,17.15660768707207,18.009750366210938,131500,23.471087684631346,9.92582985162735,21.53107395172119,3.5267087081035524,14.477656535514086,28.584491367928294,24.52450246752646
2017-07-17 19:00:00,18.553512941345897,18.947269439697266,18.553512941345897,18.947269439697266,55000,23.529170799255372,10.006891440153122,21.00793800354004,3.0387076576071395,14.930522688325762,27.08535331875432,35.16817409208139
2017-07-18 19:00:00,19.8941650390625,19.8941650390625,19.8941650390625,19.8941650390625,9500,23.590247650146484,10.091931031942368,20.6052734375,2.567836899265654,15.469599638968692,25.740947236031307,39.65843783284428
2017-07-19 19:00:00,20.887935638427734,20.887935638427734,20.625429527964613,20.887935638427734,172000,23.654441032409668,10.182666854858399,20.32214250564575,2.1571449414362256,16.0078526227733,24.6364323885182,46.49511701597046
2017-07-20 19:00:00,21.562949193254298,21.92858123779297,20.43792504181387,21.92858123779297,347000,23.721873817443846,10.27863500237465,20.157139015197753,1.8690626410597357,16.41901373307828,23.895264297317226,56.54496899480261
2017-07-23 19:00:00,23.016103744506836,23.016103744506836,22.500468718316064,23.016103744506836,85500,23.79278522491455,10.380942713022232,20.10932550430298,1.7762534040484312,16.55681869620612,23.66183231239984,66.46018355548001
2017-07-24 19:00:00,24.159879684448242,24.159879684448242,24.159879684448242,24.159879684448242,51000,23.88366264343262,10.48806735277176,20.178233242034914,1.9072817789632173,16.36366968410848,23.992796799961347,67.15772927778131
2017-07-25 19:00:00,25.35990333557129,25.35990333557129,24.656763666878813,25.35990333557129,302500,23.97898853302002,10.601919490098954,20.362455749511717,2.212952667404167,15.936550414703383,24.78836108432005,72.00956619533312
2017-07-26 19:00:00,25.95991701187475,26.62555503845215,25.688035482251884,26.62555503845215,181000,24.07937717437744,10.72244902729988,20.596835613250732,2.602544891682493,15.391745829885746,25.80192539661572,74.41690834565824
2017-07-27 19:00:00,25.294276192699833,27.956831769634192,25.294276192699833,27.94745635986328,596500,24.184673347473144,10.848860691785813,20.91277961730957,3.0750462781030454,14.762687061103481,27.06287217351566,80.2486316897218
2017-07-30 19:00:00,29.325612167579553,29.325612167579553,26.719307174850545,27.159940719604492,410000,24.251641311645507,10.97185849070549,21.24325523376465,3.3746245280581615,14.494006177648327,27.992504289880973,81.42958204106166
2017-07-31 19:00:00,26.719307011876495,26.719307011876495,25.809913697672,25.875539779663086,163000,24.26917957305908,11.088405194282531,21.560605621337892,3.500956880284885,14.558691860768121,28.562519381907663,79.3715953307393
2017-08-01 19:00:00,26.25054644981694,26.719306207849385,25.31302693375205,25.706785202026367,92500,24.258437194824218,11.203846266269684,21.82357988357544,3.608801585862602,14.605976711850236,29.041183055300646,82.9407564573154
2017-08-02 19:00:00,25.041147039762294,25.3130285753782,24.42238426208496,24.42238426208496,86000,24.195821075439454,11.312807141542434,22.03545923233032,3.631846329541436,14.77176657324745,29.299151891413192,75.52084105970089
2017-08-03 19:00:00,23.447364996640996,25.64116096496582,23.437989586225303,25.64116096496582,208500,24.13011459350586,11.428211041688918,22.300308513641358,3.6946161997559215,14.911076114129514,29.689540913153202,75.98979026973264
2017-08-06 19:00:00,26.428676448465236,26.428676448465236,24.366132736206055,24.366132736206055,288500,24.01004508972168,11.537559851408005,22.531875896453858,3.6704139919989585,15.191047912455941,29.872703880451773,68.03995014169486
2017-08-07 19:00:00,23.156733089353054,25.453654863269037,23.156733089353054,23.194232940673828,1692500,23.896796646118165,11.641543778181076,22.754067993164064,3.562365719756383,15.629336553651298,29.87879943267683,60.824105055352156
2017-08-08 19:00:00,24.34738187121387,24.34738187121387,23.53174087074399,24.122377395629883,1348000,23.830857162475585,11.750139336585999,23.069543266296385,3.3762709112833655,16.317001443729655,29.822085088863115,60.65472252328668
2017-08-09 19:00:00,24.375507365672277,24.46925967471402,22.922352834143208,22.931726455688477,866000,23.7553031539917,11.850861351490021,23.363455486297607,3.0666561009044595,17.230143284488687,29.496767688106527,53.27216839226825
2017-08-10 19:00:00,22.641096806211454,23.391113520155837,22.078584717797327,22.922353744506836,310000,23.70621292114258,11.952409362792968,23.65596170425415,2.690989451424735,18.273982801404678,29.03794060710362,49.67105950000401
2017-08-14 19:00:00,22.322339049248534,22.669222055007875,21.77857780456543,21.77857780456543,269000,23.659618186950684,12.04879130244255,23.844403076171876,2.3899099866980538,19.064583102775767,28.624223049567984,41.64472926922634
2017-08-15 19:00:00,21.46919648660718,21.65670110444761,20.691055362469562,20.756681442260742,326500,23.61142967224121,12.140907522439957,23.93487367630005,2.223204581243072,19.488464513813906,28.381282838786195,33.644236073555106
2017-08-16 19:00:00,20.672305549245223,21.319194545286884,19.725412368774414,19.725412368774414,287000,23.53905319213867,12.227169109582901,23.926436042785646,2.239606966534722,19.4472221097162,28.40564997585509,25.067753404348394
2017-08-17 19:00:00,19.312903910007805,19.350403763752755,18.741016387939453,18.741016387939453,152500,23.427300872802736,12.30952705025673,23.81909008026123,2.4357704617316345,18.94754915679796,28.690631003724498,15.902787157341393
2017-08-20 19:00:00,18.797265594092085,18.797265594092085,17.803495407104492,17.803495407104492,27500,23.27261013031006,12.38748834013939,23.612835788726805,2.757660297725479,18.097515193275846,29.128156384177764,15.728028714982727
2017-08-21 19:00:00,16.865976657678445,17.719119313610207,16.865976657678445,16.884727478027344,472500,23.074043502807616,12.460273885726929,23.30626697540283,3.141578379675306,17.02311021605222,29.589423734753442,16.16091061215495
2017-08-22 19:00:00,17.259734473617463,17.822246551513672,17.25035906369859,17.822246551513672,191000,22.867414169311523,12.536903264522552,22.989385318756103,3.3627864797815423,16.263812359193018,29.714958278319187,21.947970145109167
2017-08-23 19:00:00,18.506636457827163,18.759767175821906,18.281631971224073,18.49726104736328,234500,22.64615955352783,12.617024095058442,22.646253204345705,3.4569788841690667,15.732295436007572,29.560210972683837,27.963742871755798
2017-08-24 19:00:00,19.21915113655568,19.294152630439562,18.000376413898426,18.591012954711914,148500,22.39734188079834,12.696217113733292,22.24452610015869,3.43699527721819,15.37053554572231,29.11851665459507,21.385081969954356
2017-08-27 19:00:00,18.094127446605377,18.750391877591774,17.653493881225586,17.653493881225586,44500,22.098835678100585,12.767813016176223,21.729827976226808,3.3063071647783655,15.117213646670077,28.34244230578354,21.987482481013274
2017-08-28 19:00:00,17.184732658436552,17.34411104769923,16.715972900390625,16.715972900390625,112500,21.81401721954346,12.835361409187318,21.207629585266112,3.2273540524275264,14.752921480411059,27.662337690121163,22.426177252530252
2017-08-29 19:00:00,17.428488348213264,17.428488348213264,15.778453747344816,15.89095687866211,236500,21.543636589050294,12.898551958799363,20.708400440216064,3.239505304302949,14.229389831610167,27.18741104882196,14.653785010332015
2017-08-30 19:00:00,15.206566549408452,16.49096912748967,14.953436734300405,15.853455543518066,243000,21.301756572723388,12.962107809782028,20.21573395729065,3.1881832161118315,13.839367525066987,26.59210038951431,16.264523844262655
2017-09-04 19:00:00,16.20971329155284,16.79097439015091,15.000312257469602,16.715972900390625,176500,21.105064945220946,13.030558152198791,19.830413389205933,3.1179338134431593,13.594545762319616,26.06628101609225,22.64462172106809
2017-09-05 19:00:00,16.875351249022593,17.297235745518783,15.778453346309062,16.29408836364746,117000,20.926373691558837,13.096608122587204,19.363059759140015,2.8935603003339727,13.57593915847207,25.150180359807962,24.183579674546962
2017-09-06 19:00:00,16.25658938664966,16.25658938664966,15.356569675145451,15.440946578979492,62000,20.75574514389038,13.15725766658783,18.916800451278686,2.76681860064655,13.383163249985586,24.450437652571786,24.573989779513454
2017-09-07 19:00:00,15.740953869965058,16.37846565246582,15.28156772366543,16.37846565246582,121000,20.627679958343506,13.219685282707214,18.576012086868285,2.6285316981156086,13.318948690637068,23.833075483099503,33.84614379068121
2017-09-10 19:00:00,17.2972354888916,17.31598451987594,16.84722476991331,17.2972354888916,220000,20.540115604400636,13.283797223567962,18.23475499153137,2.2920729782966403,13.65060903493809,22.81890094812465,42.987245511489526
2017-09-11 19:00:00,17.390987297639423,17.812871819153195,17.01597982750311,17.081605911254883,165500,20.442988567352295,13.343921494483947,17.94224896430969,2.0180160732489516,13.906216817811789,21.978281110807593,46.22918934515195
2017-09-12 19:00:00,17.156607183102782,18.019125247334962,16.950353524242978,17.97224998474121,474000,20.36986204147339,13.406927843093872,17.69474377632141,1.6439629372790092,14.406817901763391,20.98266965087943,55.697445010550034
2017-09-13 19:00:00,18.281631450968725,18.459760668359934,17.156607261792296,17.8597469329834,608000,20.316048412323,13.47050639152527,17.49880223274231,1.336360582943466,14.826081066855378,20.17152339862924,50.2150514347117
2017-09-14 19:00:00,17.97225029511128,18.0472517894625,17.34411210935357,17.569116592407227,96000,20.276860103607177,13.534406595230102,17.339423990249635,1.095792700982804,15.147838588284028,19.531009392215243,44.431945504775605
2017-09-17 19:00:00,17.822246934995285,17.822246934995285,17.1097318594191,17.306610107421875,49500,20.214046306610108,13.596674220561981,17.218483877182006,0.9411660521449283,15.33615177289215,19.10081598147186,42.44762436689411
2017-09-18 19:00:00,17.803496807673522,18.131629021959164,17.06285726108617,17.165983200073242,161000,20.153670024871825,13.658500566482545,17.139732217788698,0.8702900851570565,15.399152047474585,18.880312388102812,46.83697989718291
2017-09-19 19:00:00,17.165983376310894,17.165983376310894,16.59409763623774,16.80972671508789,134500,20.082981052398683,13.719854917526245,17.090043783187866,0.8586904063070445,15.372662970573778,18.807424595801955,50.65790794535538
2017-09-20 19:00:00,16.406592854199687,16.781600333231765,16.406592854199687,16.43471908569336,27000,20.016979732513427,13.777879467010498,17.06754336357117,0.8701725588130675,15.327198245945034,18.807888481197303,54.07304065068528
2017-09-21 19:00:00,16.67847360967897,16.67847360967897,15.937832308770165,16.26596450805664,32000,19.967291202545166,13.836049480438232,16.989729261398317,0.8687152167937867,15.252298827810744,18.72715969498589,53.0303057901345
2017-09-24 19:00:00,16.490969496040897,16.640972485248156,16.322215686138563,16.48159408569336,26500,19.940665645599367,13.895064878463746,16.88894591331482,0.798718053012981,15.29150980728886,18.486382019340784,48.09742134185351
2017-09-25 19:00:00,16.406592881387777,16.63159736917989,16.172212983082236,16.256589889526367,55500,19.92472780227661,13.954060878753662,16.772224760055543,0.7015556177455295,15.369113524564485,18.175335995546604,49.68555390495347
2017-09-26 19:00:00,15.94720808067118,16.31284014030503,15.75032804136141,15.928457260131836,112000,19.901852359771727,14.011008882522583,16.685972929000854,0.6935016477728655,15.298969633455123,18.072976224546586,54.4827624912483
2017-09-27 19:00:00,16.865976333618164,16.865976333618164,16.453467234751518,16.865976333618164,262500,19.87897687911987,14.074506578445435,16.69347310066223,0.6946533535247841,15.304166393612663,18.0827798077118,54.4827624912483
2017-09-28 19:00:00,17.194108402023126,17.240983663467233,16.687846995179097,16.734724044799805,62500,19.834725971221925,14.137377104759217,16.735661458969116,0.6684780259344678,15.39870540710018,18.07261751083805,43.95161588029483
2017-10-01 19:00:00,16.40659240927988,17.06285682092174,15.937832626157599,16.28471565246582,55500,19.76253698348999,14.198084876537322,16.757224464416502,0.6450687491331206,15.467086966150262,18.047361962682743,41.84262235675973
2017-10-02 19:00:00,16.125336985851167,16.172212248111272,15.34719583036766,15.365944862365723,143000,19.65209716796875,14.255100747346878,16.68972306251526,0.7163132432051516,15.257096576104956,18.122349548925563,23.47327447756723
2017-10-03 19:00:00,15.656577221163829,15.656577221163829,14.428426215626043,14.456551551818848,110500,19.50265657424927,14.30759874343872,16.597846221923827,0.87089457002638,14.856057081871068,18.339635361976587,20.19704227791736
2017-10-04 19:00:00,14.531553226955895,15.16906681592416,14.250297179229404,14.953436851501465,62500,19.34140323638916,14.362872120141983,16.573470735549925,0.91088365993792,14.751703415674086,18.395238055425764,27.89223020513417
2017-10-05 19:00:00,15.18781771114334,15.872206566362857,15.178442300885676,15.740954399108887,114500,19.17302473068237,14.422083084583283,16.54159517288208,0.9290404567419026,14.683514259398274,18.399676086365886,37.845719891169566
2017-10-08 19:00:00,15.478448054114184,15.890957158643408,14.859685291408669,15.065938949584961,130000,18.967145442962646,14.477744400501251,16.430030345916748,0.9667319343475937,14.49656647722156,18.363494214611936,34.94623714720264
2017-10-09 19:00:00,15.328445320887328,15.328445320887328,14.297173436672349,14.597179412841797,35500,18.72657793045044,14.531061918735505,16.305809020996094,1.0357558922705112,14.23429723645507,18.377320805537117,34.39153168620845
2017-10-10 19:00:00,14.634680297628242,14.906560939613268,14.634680297628242,14.784684181213379,47500,18.46332248687744,14.586073437929153,16.146430730819702,1.0107782724232035,14.124874185973296,18.16798727566611,38.04348081476323
2017-10-11 19:00:00,14.62530530741795,14.897185940592685,13.847164154052734,13.847164154052734,125500,18.197066955566406,14.636339166164397,15.945801591873169,1.050260994094387,13.845279603684395,18.046323580061944,34.22983550951956
2017-10-12 19:00:00,13.406529325368405,13.594033050698311,12.909644229722085,12.919018745422363,156000,17.93793653488159,14.681091310977935,15.713296699523926,1.1788265188177123,13.355643661888502,18.070949737159353,28.74720730858793
2017-10-15 19:00:00,13.00339609603195,13.125273745242659,12.422134080318946,13.069022178649902,55000,17.685181274414063,14.726506185531616,15.501417303085328,1.2556962803485474,12.990024742388233,18.012809863782422,30.8126445693365
2017-10-16 19:00:00,12.703389771433626,13.875289180346538,12.703389771433626,13.106522560119629,250000,17.458864040374756,14.772515895366668,15.298444271087646,1.299786824449653,12.698870622188341,17.898017919986952,32.39766329560696
2017-10-17 19:00:00,12.984646000361455,13.12527357387479,12.469010073998712,12.694014549255371,22500,17.199921112060547,14.815619301795959,15.09265866279602,1.3717371853941134,12.349184292007795,17.836133033584247,22.152705076746187
2017-10-18 19:00:00,12.890893816947937,13.312777435775843,12.8440176606141,13.125273704528809,134000,16.975103931427,14.859569721221924,14.927186393737793,1.4006286402302115,12.12592911327737,17.728443674198218,26.83514996565775
2017-10-19 19:00:00,13.134649237041943,13.875289652937509,13.134649237041943,13.556532859802246,80000,16.78234992980957,14.905036342144012,14.791714811325074,1.3953449761469532,12.001024859031167,17.58240476361898,32.44873936401852
2017-10-22 19:00:00,13.312777142435891,13.312777142435891,12.937769688204913,12.98464584350586,97500,16.55959529876709,14.947148904800414,14.616867399215698,1.3915371732992776,11.833793052617143,17.399941745814253,33.964658676009776
2017-10-23 19:00:00,13.219026428347478,13.219026428347478,12.703390480814086,13.031521797180176,27000,16.361591205596923,14.990019564628602,14.455613994598389,1.3783230850995876,11.698967824399213,17.212260164797563,39.14286395207507
2017-10-24 19:00:00,13.078397386538343,13.219025853801606,12.656513772925166,13.115898132324219,36000,16.16546209335327,15.033224818706513,14.314986038208009,1.3635434271331361,11.587899183941737,17.04207289247428,35.06098189747958
2017-10-25 19:00:00,13.115898497685002,13.369029209357183,12.86276868010115,13.078397750854492,124500,15.991458492279053,15.07568976163864,14.125607109069824,1.2487904549054076,11.628026199259008,16.62318801888064,25.347222774105333
2017-10-26 19:00:00,13.106522444839007,13.125273264379068,12.712765069468858,12.797141075134277,27500,15.832267684936523,15.117854044437408,13.928727960586547,1.1194965325597264,11.689734895467094,16.167721025706,27.340826681169503
2017-10-29 19:00:00,12.665889739990234,13.125274119594852,12.562762013976878,12.665889739990234,69500,15.69107723236084,15.158052780628203,13.747786664962769,1.0052877189542313,11.737211227054306,15.758362102871232,29.317278510152505
2017-10-30 19:00:00,12.797141685501737,12.797141685501737,12.187754326797208,12.290881156921387,66500,15.562074527740478,15.19724933385849,13.594033479690552,0.9796025356083476,11.634828408473856,15.553238550907247,24.324316893854856
2017-10-31 19:00:00,12.890894158286217,13.12527405207324,12.525261202106659,12.965895652770996,46000,15.465322532653808,15.239471814632417,13.519500684738158,0.9671531305855401,11.585194423567078,15.453806945909239,40.408163011104214
2017-11-01 19:00:00,12.6565141484398,13.031521617424907,12.375258099656806,12.534636497497559,32500,15.378320713043212,15.279159758090973,13.398560667037964,0.9288808535390608,11.540798959959842,15.256322374116086,45.30893343395467
2017-11-02 19:00:00,12.825268200473092,12.984646601345338,12.562762073102132,12.731515884399414,24000,15.276506099700928,15.320006670951843,13.24808874130249,0.7573804404054746,11.733327860491542,14.762849622113439,45.92761040126099
2017-11-05 19:00:00,12.975270670089545,12.984646080138251,12.422133994452258,12.515886306762695,22500,15.156878604888917,15.360182771682739,13.120586109161376,0.6409401031216494,11.838705902918077,14.402466315404675,43.16704064446131
2017-11-06 19:00:00,12.440885220122752,12.65651429374263,12.422134399414062,12.422134399414062,6500,15.03350103378296,15.401053924560546,13.01183385848999,0.5561259827855894,11.89958189291881,14.124085824061169,46.60422248633705
2017-11-07 19:00:00,12.18775385352046,12.656513617117401,12.18775385352046,12.562761306762695,15000,14.931686382293702,15.442628211975098,12.900737714767455,0.37613455688578495,12.148468600995885,13.653006828539025,42.42423230485916
2017-11-08 19:00:00,12.928394723027722,13.50028133392334,12.928394723027722,13.50028133392334,163000,14.867372550964355,15.489035573005676,12.883393573760987,0.3360592095807661,12.211275154599456,13.555511992922519,49.33332911370658
2017-11-09 19:00:00,13.912789971188387,14.437800407409668,13.697160014316996,14.437800407409668,176500,14.838309421539307,15.539315865039825,12.95933265686035,0.4837004629517644,11.991931730956821,13.92673358276388,65.84866548163002
2017-11-12 19:00:00,15.272193972236844,15.375319904375615,14.812808723925754,15.337820053100586,305000,14.827996711730957,15.594183542728423,13.072772550582886,0.7193986864942303,11.633975177594426,14.511569923571347,71.2068976705577
2017-11-13 19:00:00,15.272193970837273,16.21908712060821,15.234692331389091,15.88158130645752,427500,14.811308879852294,15.650722596645355,13.211525487899781,0.9552176644788389,11.301090158942102,15.12196081685746,73.44992302841892
2017-11-14 19:00:00,16.078460355597695,16.35971730103839,15.281568359114075,15.506574630737305,266500,14.795558605194092,15.706434047222137,13.352153491973876,1.074593759959672,11.202965972054532,15.50134101189322,69.47369515975275
2017-11-15 19:00:00,15.844079750068806,15.844079750068806,15.140940100318623,15.225317001342773,148500,14.791246013641357,15.757829682826996,13.457155656814574,1.1511331084127592,11.154889439989056,15.759421873640093,69.47368453256234
2017-11-16 19:00:00,15.197190916060483,15.459697031539283,15.140940244235248,15.412821769714355,52000,14.771933135986329,15.807253320217132,13.54997010231018,1.2315908608747534,11.086788380560673,16.013151824059687,71.83307286056706
2017-11-19 19:00:00,15.469072878446733,15.469072878446733,14.475301742553711,14.475301742553711,139000,14.71549446105957,15.849079830646515,13.624502897262573,1.2406502815181215,11.14320233422633,16.105803460298816,65.937066659245
2017-11-20 19:00:00,14.156545992129296,14.803434107856306,14.156545992129296,14.784684181213379,17500,14.669556026458741,15.889543731212616,13.712161016464233,1.2583565808943908,11.19544785467545,16.228874178253015,64.01733878874848
2017-11-21 19:00:00,14.625305542807723,14.719056962669933,14.072168857493866,14.287797927856445,33000,14.595866985321045,15.924613676071168,13.770756006240845,1.2564135545093165,11.257928897222211,16.28358311525948,63.37624281517091
2017-11-22 19:00:00,13.828412986191848,15.225316863097156,13.828412986191848,14.794057846069336,154500,14.534553203582764,15.959305396080017,13.856539011001587,1.2651926752084057,11.326153660584776,16.386924361418398,65.02730820402317
2017-11-23 19:00:00,14.390925307859835,14.625305193042644,14.344049152005612,14.447175979614258,29000,14.472114391326905,15.994968564510346,13.939040756225586,1.2461294789000597,11.446781798425466,16.431299714025705,63.8069611873186
2017-11-26 19:00:00,14.16592047958632,14.859685645730059,14.109669805683636,14.240921974182129,48500,14.410800628662109,16.032480890750886,14.017792367935181,1.2107004783696953,11.59639141119579,16.439193324674573,62.796827151641644
2017-11-27 19:00:00,14.35342480188412,14.512802303910878,13.969041032725896,13.978416442871094,34000,14.347049293518067,16.0708628320694,14.102169132232666,1.1407997352700197,11.820569661692627,16.383768602772705,59.79247697706943
2017-11-28 19:00:00,14.35342478426324,14.62530541952196,14.128419411496322,14.522177696228027,129500,14.301298313140869,16.114436678886413,14.179983234405517,1.1119268663856248,11.956129501634267,16.403836967176765,57.4759918141512
2017-11-29 19:00:00,14.484676434351172,14.522177179463158,14.062792828319253,14.306548118591309,54500,14.258734893798827,16.15795070886612,14.268578815460206,1.0423433875349748,12.183892040390257,16.353265590530157,48.926384627457935
2017-12-03 19:00:00,14.156545642656965,15.00031288479114,13.500281238676697,14.822184562683105,490500,14.229859294891357,16.205497679710387,14.37311224937439,0.9832408043227313,12.406630640728928,16.339593858019853,45.49918646506961
2017-12-04 19:00:00,14.57842950107552,15.7034528069337,14.57842950107552,15.019063949584961,320500,14.20060869216919,16.251119527816773,14.498271131515503,0.8892089206864167,12.71985329014267,16.276688972888337,41.98607386335543
2017-12-06 19:00:00,15.290943296065276,16.378465826477452,15.047187999500252,15.844079971313477,1126500,14.192358493804932,16.297956929206848,14.669368410110474,0.7926813163322746,13.084005777445924,16.254731042775024,52.893874373634425
2017-12-07 19:00:00,15.984707388458721,16.397216485373445,15.140940162905983,15.290943145751953,273500,14.179608211517333,16.339119124412537,14.805777502059936,0.6289064265083247,13.547964649043287,16.063590355076585,50.537632392386804
2017-12-10 19:00:00,15.000313136555008,15.375320607333549,14.353425025939941,14.353425025939941,104500,14.12935718536377,16.372684202194215,14.848434686660767,0.5609602848516995,13.726514116957368,15.970355256364165,42.27086409843795
2017-12-11 19:00:00,13.922165870666504,14.072168857719104,13.415905342319812,13.922165870666504,151000,14.073106021881104,16.404762177467347,14.822652959823609,0.5918264255608421,13.639000108701925,16.006305810945292,45.642545458752615
2017-12-12 19:00:00,13.800287802176983,14.850309573830147,13.800287802176983,14.803433418273926,254500,14.043480377197266,16.443166773319245,14.795933628082276,0.5792738487405095,13.637385930601257,15.954481325563295,50.1354930624244
2017-12-13 19:00:00,15.000313076191546,15.187817704914606,13.875289774294846,13.987792015075684,339500,14.015917320251464,16.478918828964233,14.701244163513184,0.5463152037905727,13.608613755932039,15.79387457109433,47.92746240293638
2017-12-14 19:00:00,14.34404978514091,14.34404978514091,13.884665404486926,14.062793731689453,67000,14.008042163848877,16.51722803592682,14.62905511856079,0.5294278124937145,13.570199493573362,15.687910743548219,44.628105079209575
2017-12-17 19:00:00,14.344049225328936,14.344049225328936,13.969040870666504,13.969040870666504,32000,13.988354244232177,16.55672690868378,14.566241312026978,0.5294864171477442,13.50726847773149,15.625214146322467,46.35192926936426
2017-12-18 19:00:00,14.240921139362706,14.240921139362706,13.12527330208438,13.219025611877441,57000,13.937915668487548,16.594803326129913,14.456551504135131,0.5705222005560682,13.315507103022995,15.597595905247267,42.80052611167833
2017-12-19 19:00:00,13.144024339002867,13.687785598981328,12.85339288910968,12.994020462036133,53500,13.896477298736572,16.63428600311279,14.382487440109253,0.6574813109723829,13.067524818164488,15.697450062054019,43.02788376379476
2017-12-20 19:00:00,12.750266418599669,13.397154523882083,12.197129733194878,13.256526947021484,139500,13.869664249420167,16.672346262931825,14.306079578399657,0.695951200576757,12.914177177246144,15.697981979553171,40.663904618301125
2017-12-21 19:00:00,13.312777737221108,13.734661365601854,13.190900085628744,13.687786102294922,58500,13.847726287841796,16.70965329170227,14.276078987121583,0.7095797604515381,12.856919466218507,15.695238508024659,45.57641364830055
2017-12-25 19:00:00,14.053417363951114,14.053417363951114,13.500280705130873,13.519031524658203,46500,13.841163635253906,16.747891356945036,14.212327671051025,0.7178219779487067,12.776683715153611,15.647971626948438,40.197454798125484
2017-12-26 19:00:00,13.781537297326206,13.809662633667484,13.125273786803685,13.312777519226074,85000,13.849038810729981,16.785796439647676,14.155607748031617,0.742676284328099,12.670255179375419,15.640960316687815,37.18309120597662
2017-12-27 19:00:00,13.228400914216605,14.109669817593751,13.144024903291353,13.57528305053711,186500,13.859164028167724,16.826032383441927,14.122325801849366,0.7534879484688914,12.615349904911582,15.629301698787149,31.38462077774686
2017-12-28 19:00:00,13.59403387124606,14.250297396557512,13.406530134598265,13.57528305053711,253500,13.868539237976075,16.864871757030485,14.102169132232666,0.7628739884504048,12.576421155331856,15.627917109133476,34.51777383660408
2017-12-31 19:00:00,13.78153724316326,14.428426235088557,13.547157355034333,14.278422355651855,170000,13.900227394104004,16.908710680007935,14.089981365203858,0.7577405782450456,12.574500208713767,15.60546252169395,49.29327599456806
2018-01-01 19:00:00,14.250296938874195,14.765932868660972,13.969040895891562,14.390925407409668,311500,13.925540428161622,16.95290845155716,14.094200229644775,0.7592432200271446,12.575713789590486,15.612686669699064,54.699243807319625
2018-01-02 19:00:00,14.297172987499629,14.75655734759875,13.969040790806936,14.081543922424316,270500,13.936040649414062,16.99279526948929,14.057168197631835,0.739677263941569,12.577813669748696,15.536522725514974,41.825914028237975
2018-01-03 19:00:00,13.772161989305138,14.615930132595004,13.772161989305138,14.287797927856445,65500,13.962103691101074,17.035429973602294,14.02060489654541,0.7069778443696253,12.60664920780616,15.434560585284661,53.94087886212492
2018-01-04 19:00:00,14.250297263009626,14.437800997900213,13.969041213629579,14.10966968536377,151000,13.983666648864746,17.078250563144685,13.933884382247925,0.5633078065025425,12.807268769242839,15.06049999525301,50.599519681706795
2018-01-07 19:00:00,14.512802038357606,14.531552858304902,14.137794580294738,14.325298309326172,121000,14.007854652404784,17.122323865890504,13.885602140426636,0.4753929615353345,12.934816217355968,14.836388063497305,54.41860388094989
2018-01-08 19:00:00,14.344049675878486,14.850310210599451,14.297173518312253,14.419051170349121,253000,14.034667720794678,17.166720457077027,13.888883447647094,0.4790047338214128,12.930873980004268,14.84689291528992,67.77777463817668
2018-01-09 19:00:00,14.315923506071446,14.887810091659684,14.315923506071446,14.728431701660156,393500,14.073293533325195,17.212227523326874,13.929196739196778,0.5145614119691514,12.900073915258474,14.958319563135081,75.0677464938605
2018-01-10 19:00:00,14.840934281374532,14.859685101380762,14.203420706575617,14.569053649902344,110500,14.111356811523438,17.25743232011795,13.917477750778199,0.4959348369975949,12.925608076783009,14.909347424773388,69.55306595865835
2018-01-11 19:00:00,14.531553355438557,14.672180933501016,13.969041255012053,14.053418159484863,239000,14.146607551574707,17.3008154129982,13.920759057998657,0.4966411522376528,12.92747675352335,14.914041362473963,55.31334477695879
2018-01-14 19:00:00,13.73466120302816,14.203420983255583,13.594033626595264,13.678410530090332,140500,14.160857849121093,17.339413940906525,13.9015398979187,0.49829011238900184,12.904959673140697,14.898120122696705,52.1851006628221
2018-01-15 19:00:00,13.969040785107861,14.156545408334791,13.734660900162506,13.781537055969238,86000,14.185795860290527,17.37561858177185,13.892164707183838,0.4987169908726312,12.894730725438576,14.8895986889291,56.613758037613906
2018-01-18 19:00:00,14.250297333508543,14.962812423706055,14.15654591264361,14.962812423706055,408500,14.23042179107666,17.414820072650908,13.979354047775269,0.5264971020925343,12.9263598435902,15.032348251960338,65.54622998072816
2018-01-21 19:00:00,15.834704461812114,15.900330543518066,15.628450806711035,15.900330543518066,127000,14.298110675811767,17.455799634456636,14.124669551849365,0.630944208028494,12.862781135792376,15.386557967906354,71.52778182492483
2018-01-22 19:00:00,16.83785057067871,16.83785057067871,16.509720152659284,16.83785057067871,839500,14.386424999237061,17.498557274341582,14.303735733032227,0.8438666330460016,12.616002466940223,15.99146899912423,72.71215504034991
2018-01-23 19:00:00,17.625367041789712,17.625367041789712,16.594096954630693,17.128482818603516,630500,14.477739429473877,17.541633355617524,14.475770568847656,1.0396859203917672,12.39639872806412,16.55514240963119,73.54839799946612
2018-01-25 19:00:00,16.4253421812357,17.606616973876953,16.4253421812357,17.606616973876953,321000,14.559866142272949,17.58689644098282,14.680149841308594,1.2266647403927107,12.226820360523174,17.133479322094015,79.46709486069902
2018-01-28 19:00:00,18.46913490372864,18.544136392357753,17.953498104749016,18.206628799438477,565500,14.635242710113525,17.637981827259065,14.924842405319215,1.4134370032026102,12.097968398913995,17.751716411724434,80.73530309322273
2018-01-29 19:00:00,17.915999626087533,19.069148272605997,17.90662421576909,18.722265243530273,407000,14.70293161392212,17.692314584255218,15.182191514968872,1.6097207595984597,11.962749995771953,18.40163303416579,84.35754785215646
2018-01-30 19:00:00,18.84414399510958,18.97539616464659,18.450385698321856,18.609764099121094,170500,14.75749526977539,17.750449120998383,15.43391556739807,1.7340493617223545,11.965816843953363,18.90201429084278,82.41137025591243
2018-01-31 19:00:00,18.487885129743987,18.703515988144762,18.047251579089043,18.281631469726562,127500,14.812996406555175,17.80403347492218,15.634076023101807,1.8224427465750572,11.989190529951692,19.278961516251922,78.21918669115269
2018-02-05 19:00:00,19.594157864375447,20.1754207611084,19.219150409149318,20.1754207611084,702000,14.911998481750489,17.86417724609375,15.923300790786744,2.05848721890632,11.806326352974104,20.040275228599384,82.31369159800636
2018-02-06 19:00:00,20.850435287535202,20.98168745678882,19.312903745387047,19.51915740966797,761500,14.99412519454956,17.91813018321991,16.195181465148927,2.1590660434204287,11.877049378308069,20.513313551989786,77.73110123655614
2018-02-07 19:00:00,20.48480216750532,20.494177577422835,19.3129027504647,19.819162368774414,1142000,15.101002407073974,17.97067361354828,16.471749687194823,2.2540616371781526,11.963626412838519,20.979872961551127,83.10011279336979
2018-02-08 19:00:00,19.26602542842404,19.828537498284017,18.84414271716149,18.95664405822754,269000,15.184441604614257,18.015994935035707,16.714098405838012,2.2472872944408078,12.219523816956396,21.208672994719628,78.6952080508338
2018-02-11 19:00:00,18.89101761706787,18.89101761706787,18.00974878405978,18.028499603271484,340000,15.259255638122559,18.053766007423402,16.89925847053528,2.1919866392563927,12.515285192022494,21.283231749048063,71.1880246438381
2018-02-12 19:00:00,17.906624660305138,18.656639622633183,17.447240272357117,17.719120025634766,292000,15.317756881713867,18.087080659866334,17.06426191329956,2.118434440584593,12.827393032130374,21.301130794468747,65.06148311989182
2018-02-13 19:00:00,17.803496432846163,18.656639099121094,17.803496432846163,18.656639099121094,578500,15.401946144104004,18.127992429733276,17.260672283172607,2.072064147026852,13.116543989118902,21.40480057722631,65.06148676134357
2018-02-14 19:00:00,18.375383494351798,19.5941581912103,18.375383494351798,19.41602897644043,635500,15.50544828414917,18.173894052505492,17.503021049499512,2.023566937703027,13.455887174093458,21.550154924905566,64.36782171208745
2018-02-15 19:00:00,19.922291334609753,20.381675720214844,19.791039163915933,20.381675720214844,583500,15.633513469696044,18.221714386940004,17.81943392753601,1.9491724330653781,13.921089061405254,21.717778793666767,66.86103802331587
2018-02-18 19:00:00,20.62542982210672,21.394195556640625,20.62542982210672,21.394195556640625,249000,15.770953826904297,18.27168779373169,18.205223178863527,1.8473361945835065,14.510550789696513,21.89989556803054,68.60037512064407
2018-02-19 19:00:00,22.462966918945312,22.462966918945312,21.75045365486436,22.462966918945312,681000,15.934082202911377,18.32409553527832,18.63929467201233,1.771579594295745,15.09613548342084,22.18245386060382,69.98240081407204
2018-02-20 19:00:00,23.4379895164837,23.578617095947266,22.969229726154026,23.578617095947266,820000,16.10921085357666,18.379113817214964,19.07008490562439,1.8750462548335476,15.319992395957296,22.820177415291486,71.58334323721454
2018-02-21 19:00:00,23.484863478907094,24.35675692671536,22.987979273123976,23.37236213684082,780000,16.276276817321776,18.429958534240722,19.443686485290527,1.9530119053873713,15.537662674515785,23.34971029606527,70.99173352231983
2018-02-22 19:00:00,22.70672295640194,24.375508406432033,22.70672295640194,23.7192440032959,712000,16.433780097961424,18.479249901771546,19.787756156921386,2.0722881714649755,15.643179813991434,23.932332499851338,73.92739550924111
2018-02-25 19:00:00,24.1786290883487,24.1786290883487,23.362986325586654,23.466114044189453,297500,16.597283515930176,18.523813285827636,20.104637718200685,2.1280518719890025,15.84853397422268,24.36074146217869,66.92382258615423
2018-02-26 19:00:00,23.344236595099503,23.391113645822227,22.53797099261175,23.053606033325195,209500,16.77128713607788,18.562677221298216,20.376987171173095,2.1400481133486,16.096890944475895,24.657083397870295,68.64491246272917
2018-02-27 19:00:00,22.969229398419838,23.43798918206106,22.181712818848453,22.40671730041504,87500,16.940978164672853,18.594495239257814,20.586991596221925,2.1218614517308203,16.343268692760283,24.830714499683566,63.16794648895916
2018-02-28 19:00:00,22.078584609806477,23.52236557006836,21.328569687707205,23.52236557006836,489000,17.11535680770874,18.62790545463562,20.82699661254883,2.1707480183610968,16.485500575826634,25.168492649271023,72.65117433949496
2018-03-01 19:00:00,24.356756986275215,24.694264589652523,23.484863536334895,24.525510787963867,1380500,17.326111183166503,18.662141675949098,21.122783946990968,2.254164291028017,16.614455364934933,25.631112529047,81.99447294717854
2018-03-04 19:00:00,25.688034607777695,25.74428527854536,24.656762773428717,25.238025665283203,1135000,17.54961582183838,18.69554709434509,21.470603656768798,2.328172678062747,16.814258300643303,26.126949012894293,85.61278712398119
2018-03-05 19:00:00,24.853644035771687,25.209900685867666,23.98175054884459,24.04737663269043,564000,17.751182537078858,18.718431310653685,21.6642014503479,2.3753119516052292,16.913577547137443,26.414825353558356,74.93495629256955
2018-03-06 19:00:00,23.719244080970174,23.72861949112301,22.847352394876346,22.875476837158203,340500,17.944311561584474,18.73472865104675,21.832017421722412,2.3339909416976017,17.16403553832721,26.499999305117615,65.41353728497283
2018-03-07 19:00:00,22.96922973017476,22.96922973017476,22.031710149351298,22.42546844482422,163000,18.132940521240233,18.74388794898987,21.962332725524902,2.28799748903918,17.386337747446543,26.53832770360326,59.54466145782301
2018-03-08 19:00:00,22.734849462042074,23.541116860541337,22.59422188486065,22.762975692749023,289500,18.323069496154787,18.749672212600707,22.152649307250975,2.1806104222368305,17.791428462777315,26.513870151724635,56.82243872035697
2018-03-11 19:00:00,22.50984546962329,22.969229852083764,22.181713256958183,22.556720733642578,62000,18.50044818878174,18.74904257774353,22.379060363769533,1.953075820668313,18.472908722432905,26.28521200510616,50.51125756838854
2018-03-12 19:00:00,22.491094227094152,22.781724792553888,22.078585116386463,22.228588104248047,103000,18.674639320373537,18.741127805709837,22.604533767700197,1.6184207847322416,19.367692198235712,25.84137533716468,41.946302921070114
2018-03-13 19:00:00,22.21921346496189,22.21921346496189,21.375444461647536,21.619199752807617,148000,18.840767765045165,18.724230670928954,22.752661800384523,1.3516579179889763,20.04934596440657,25.455977636362476,40.02133906312219
2018-03-14 19:00:00,21.984834350502393,22.69734764099121,21.750454461000988,22.69734764099121,323500,19.02320905685425,18.706497888565064,22.91672773361206,1.101295692963887,20.714136347684285,25.119319119539835,44.63054155595715
2018-03-15 19:00:00,23.25048415262923,23.719243928191727,22.03170945143739,22.32234001159668,402500,19.19815019607544,18.680343637466432,23.01376094818115,0.9398401606078516,21.13408062696545,24.893441269396853,44.06614695510388
2018-03-18 19:00:00,21.947331770844535,23.062980497827844,21.937956361084407,22.331714630126953,88500,19.35921604156494,18.64736978530884,23.060636901855467,0.8760238834816263,21.308589134892216,24.81268466881872,46.091363282139916
2018-03-19 19:00:00,22.519220109486596,23.006730706582736,22.266089400820142,22.38796615600586,204000,19.519156856536867,18.60746157646179,23.056886863708495,0.8788729119641439,21.299141039780206,24.814632687636784,49.891535774438545
2018-03-20 19:00:00,22.13483653576239,22.50046857793736,21.65670136390003,21.9754581451416,188500,19.67703514099121,18.573055591583252,22.976728916168213,0.9015984057373435,21.173532104693525,24.7799257276429,40.25973870002385
2018-03-21 19:00:00,22.012958464174538,22.312964432149233,21.750454136284986,21.94733238220215,71500,19.830225830078124,18.545695495605468,22.905477428436278,0.9246993852369876,21.056078657962303,24.754876198910253,31.493947268261564
2018-03-25 19:00:00,21.750454599813086,22.30359128562067,21.562949971744644,21.919206619262695,71500,19.986416568756102,18.521744394302367,22.81547555923462,0.9289161043520999,20.95764335053042,24.67330776793882,23.582093449850348
2018-03-26 19:00:00,21.769203941128804,22.875477328449367,21.769203941128804,22.53797149658203,130500,20.15067003250122,18.507549924850466,22.769068431854247,0.9178184399868897,20.933431551880467,24.604705311828027,36.78162877857809
2018-03-27 19:00:00,22.922352769451525,23.437987785461047,22.406715965265448,22.866100311279297,189000,20.319611015319825,18.50133885383606,22.759693145751953,0.915714236797626,20.9282646721567,24.591121619347206,49.90364721552997
2018-03-28 19:00:00,22.72547460497752,22.97860532297165,22.509845528838838,22.622346878051758,76500,20.477489318847656,18.498620052337646,22.77047462463379,0.9126037345542691,20.94526715552525,24.595682093742326,52.112669137768364
2018-03-29 19:00:00,22.54734408151257,22.781723965055015,22.13483677396502,22.416091918945312,64000,20.634430084228516,18.493979330062867,22.715160942077638,0.8980423442376071,20.919076253602423,24.511245630552853,46.16975507678518
2018-04-01 19:00:00,22.59422156305921,23.250484176617825,22.500469250214657,22.744224548339844,106500,20.808246212005614,18.486057291030885,22.626096630096434,0.791000368759206,21.04409589257802,24.208097367614847,52.01612803990173
2018-04-02 19:00:00,22.059834899789507,22.96922818840313,22.059834899789507,22.331714630126953,88500,20.981312294006347,18.47002570152283,22.480781078338623,0.4989518154970209,21.48287744734458,23.478684709332665,51.089102209788955
2018-04-03 19:00:00,22.500468494016882,22.68797311340432,22.247337794296815,22.397340774536133,75500,21.153628368377685,18.44794711112976,22.39827928543091,0.3361324227061485,21.726014440018613,23.070544130843206,59.28411480379038
2018-04-04 19:00:00,22.23796375287144,23.512990951538086,22.23796375287144,23.512990951538086,389000,21.324631938934328,18.42474349975586,22.4301549911499,0.40660717426884563,21.61694064261221,23.243369339687593,59.645245718832804
2018-04-05 19:00:00,24.68488883972168,24.68488883972168,24.244255309964032,24.68488883972168,439000,21.5003231048584,18.40036798477173,22.543126010894774,0.6476602515494915,21.247805507795793,23.838446513993755,73.50745957074352
2018-04-08 19:00:00,25.913040161132812,25.913040161132812,25.913040161132812,25.913040161132812,69000,21.68182689666748,18.37477370262146,22.700629234313965,0.9942374601705206,20.712154313972924,24.689104154655006,78.67868078856498
2018-04-09 19:00:00,26.672431247294885,26.95368639000693,25.416154938584782,26.39117431640625,1338500,21.867080726623534,18.343835554122926,22.89235191345215,1.2905713962874565,20.311209120877237,25.47349470602706,80.02812766468848
2018-04-10 19:00:00,26.250546665383375,26.766181688182773,25.13489793141514,25.416154861450195,368500,22.023271484375,18.31613184928894,23.051730251312257,1.3967421847722565,20.258245881767746,25.84521462085677,73.80026060124052
2018-04-11 19:00:00,25.725537116764492,25.7817877894338,25.17240043568251,25.29427719116211,185500,22.165024452209472,18.29555329322815,23.23548412322998,1.4394525516962844,20.35657901983741,26.11438922662255,72.85531530137533
2018-04-12 19:00:00,25.26615344958159,26.550554275512695,25.26615344958159,26.550554275512695,206500,22.321590232849122,18.288568782806397,23.428144454956055,1.6112464690376114,20.20565151688083,26.65063739303128,77.08333891025967
2018-04-15 19:00:00,27.60995164006194,27.872455971314512,25.40678032577943,25.894290924072266,748500,22.467280769348143,18.285287466049194,23.606742000579835,1.678773389457493,20.24919522166485,26.964288779494822,69.5414861709802
2018-04-16 19:00:00,26.25054757360737,26.813059664962857,26.063042947096662,26.62555503845215,177000,22.634159240722656,18.29227198600769,23.821434020996094,1.7787193184020569,20.26399538419198,27.37887265780021,70.90720282576068
2018-04-17 19:00:00,26.67243157523706,27.55369865359765,26.25054706780526,26.40992546081543,212000,22.758849334716796,18.304459743499756,24.022531986236572,1.8346038700645102,20.35332424610755,27.691739726365594,71.12970123621258
2018-04-18 19:00:00,26.578680313083645,26.578680313083645,25.547408422785413,25.931791305541992,134000,22.887102012634276,18.32021007537842,24.220348644256593,1.8154568378917875,20.589434968473018,27.851262320040167,69.0355386565482
2018-04-19 19:00:00,25.969291905257087,27.225568228621032,25.969291905257087,26.588054656982422,420500,23.022479858398437,18.344773082733155,24.452384757995606,1.8061940320706475,20.83999669385431,28.064772822136902,70.0980411711486
2018-04-22 19:00:00,26.719306638182196,27.600575498166076,26.43805149410355,27.300569534301758,260500,23.189358367919922,18.371586141586302,24.721452903747558,1.809792259734811,21.101868384277935,28.34103742321718,75.19012658732132
2018-04-23 19:00:00,27.750579799798558,28.65997314453125,27.656827484588348,28.65997314453125,383000,23.401987838745118,18.406743125915526,25.027552986145018,1.9344796371889499,21.158593711767118,28.89651226052292,78.06723951905292
2018-04-24 19:00:00,30.085002899169922,30.085002899169922,29.156858747015235,30.085002899169922,660000,23.64930549621582,18.454415998458863,25.38849811553955,2.169189905734562,21.050118304070427,29.726877927008676,78.65904405503332
2018-04-25 19:00:00,30.17875255333825,30.788141681814807,29.06310559383621,29.42873764038086,406000,23.864747467041017,18.503917026519776,25.728817653656005,2.244969898809244,21.23887785603752,30.21875745127449,71.66095954536722
2018-04-26 19:00:00,29.71937068023633,30.460011988792125,29.306861574354915,30.310009002685547,170000,24.08262706756592,18.553230571746827,26.12351350784302,2.3244169967564163,21.474679514330184,30.772347501355853,70.73387072403119
2018-04-29 19:00:00,30.422509279401243,31.81941136787782,30.422509279401243,31.63191032409668,348000,24.307631759643556,18.610466136932374,26.56789779663086,2.488168495864673,21.591560804901512,31.544234788360207,72.89107794024412
2018-05-01 19:00:00,31.453781195131917,33.20694180843115,31.453781195131917,33.09444046020508,391000,24.541636657714843,18.674217462539673,27.106034088134766,2.680213706788357,21.745606674558054,32.46646150171148,82.16810413507297
2018-05-02 19:00:00,34.360092457724846,34.360092457724846,33.04756367553126,33.95695877075195,542500,24.771516494750976,18.74532833099365,27.684014987945556,2.8522336827707724,21.979547622404013,33.3884823534871,84.17159607493203
2018-05-03 19:00:00,34.21946402029554,34.43509309043912,32.26004799224366,32.74755859375,337500,24.95489532470703,18.815314168930055,28.145743370056152,2.8887046177188593,22.368334134618433,33.92315260549387,74.53600432447912
2018-05-06 19:00:00,33.09443956514122,33.46944881755689,32.35379825861458,32.79443359375,190500,25.143336753845215,18.890221977233885,28.551220607757568,2.9459360402356394,22.65934852728629,34.443092688228845,78.70514223941342
2018-05-07 19:00:00,33.65695259702492,33.65695259702492,31.163150787353516,31.163150787353516,235500,25.292214889526367,18.960770320892333,28.813726139068603,2.9323624751238824,22.949001188820837,34.67845108931637,67.56168755288238
2018-05-08 19:00:00,31.247527810574077,31.247527810574077,29.60686683654785,29.60686683654785,256500,25.415029945373536,19.023443508148194,28.974510765075685,2.8802368774851885,23.214037010105308,34.73498452004606,61.20972807488749
2018-05-09 19:00:00,28.969354569606942,31.07877540588379,28.3693426125861,31.07877540588379,333500,25.57553333282471,19.088788633346557,29.257641792297363,2.7889093728388907,23.679823046619582,34.835460537975145,66.87154253988896
2018-05-10 19:00:00,32.32567452373204,32.625680501687754,31.172525875398495,32.166297912597656,354500,25.77072494506836,19.15488377571106,29.60124282836914,2.6967142027318696,24.2078144229054,34.99467123383288,67.78242662559964
2018-05-13 19:00:00,31.63191041192173,32.063168535980786,30.563135147094727,30.563135147094727,274000,25.911540336608887,19.20822862625122,29.801871871948244,2.6055262955257277,24.59081928089679,35.0129244629997,59.84161578594887
2018-05-14 19:00:00,30.009998817569866,32.09129333496094,29.06310565842311,32.09129333496094,493000,26.06285598754883,19.264245414733885,30.111721992492676,2.481920925029814,25.147880142433046,35.075563842552306,60.24634981619222
2018-05-15 19:00:00,32.81318399159664,33.56319891041963,32.58817772777312,33.066314697265625,324500,26.219421768188475,19.31993408203125,30.43375997543335,2.4229254485396403,25.58790907835407,35.279610872512635,59.14843865045684
2018-05-16 19:00:00,32.681932038378534,33.00068882797584,31.885038276208643,32.1756706237793,54500,26.381987648010252,19.365731916427613,30.72204723358154,2.2562381884340796,26.209570856713384,35.2345236104497,58.30969603784307
2018-05-17 19:00:00,31.885037776402424,31.885037776402424,30.58188619641379,30.87251853942871,124500,26.541928482055663,19.399295110702514,30.96908359527588,1.9544437218244253,27.06019615162703,34.87797103892473,51.65928480339142
2018-05-20 19:00:00,30.938145232557194,31.38815418859563,30.422510193951894,30.797515869140625,95500,26.709369430541994,19.42648317337036,31.17955665588379,1.6627054319526557,27.85414579197848,34.504967519789105,47.343278752679566
2018-05-21 19:00:00,30.94751971922477,32.335051842888745,30.581887655749096,32.297550201416016,360500,26.900060920715333,19.45484314918518,31.429405689239502,1.4045429188047942,28.620319851629915,34.23849152684909,47.46873788290035
2018-05-22 19:00:00,32.57880401611328,33.27257004933241,31.641284476081243,32.57880401611328,253000,27.100502586364748,19.47799988746643,31.625347232818605,1.2641946370933639,29.096957958631876,34.153736507005334,45.45454545454545
2018-05-23 19:00:00,32.08191942924388,32.766308256303354,32.02566697001247,32.1850471496582,115500,27.29963176727295,19.503125419616698,31.730349445343016,1.2158096190705054,29.298730207202006,34.16196868348403,48.039218032827435
2018-05-24 19:00:00,31.875665592330314,32.01629495930841,30.928772393918337,31.388154983520508,64500,27.495010871887207,19.530688495635985,31.8283203125,1.0933623153372725,29.641595681825457,34.015044943174544,45.34162079335649
2018-05-27 19:00:00,30.93814533748566,32.34442467100774,30.93814533748566,31.706911087036133,84000,27.675202140808107,19.560689125061035,31.89816541671753,1.034288112518588,29.829589191680352,33.9667416417547,51.972783617357464
2018-05-28 19:00:00,31.594409368693995,31.856913696752308,31.125649596388012,31.313154220581055,88000,27.855018424987794,19.595142974853516,31.882227611541747,1.0410407784831204,29.800146054575507,33.96430916850799,56.76077486070893
2018-05-29 19:00:00,31.763164587345038,32.81318552269224,30.5162618208331,32.250675201416016,236000,28.053397636413575,19.628190546035768,31.840039348602296,1.0058316483663714,29.828376051869554,33.85170264533504,54.84871829716365
2018-05-30 19:00:00,32.569430937966715,32.80381082688706,31.406905115326353,31.706911087036133,116500,28.23977653503418,19.66489443778992,31.727536964416505,0.873754402366932,29.98002815968264,33.47504576915037,48.00974029139893
2018-05-31 19:00:00,31.641284068681173,31.810037869822395,30.56313518098484,30.98501968383789,104000,28.419967765808106,19.70384837150574,31.6394100189209,0.8541246357546826,29.931160747411532,33.347659290430265,51.97889385068413
2018-06-03 19:00:00,30.928770943261824,30.93814456498914,29.438112955717987,29.719369888305664,177000,28.575408515930175,19.731833333969117,31.485656833648683,0.9101972828312166,29.66526226798625,33.306051399311116,38.59333749520508
2018-06-04 19:00:00,29.766245223216487,29.766245223216487,28.31309065987341,28.697473526000977,216500,28.710973854064942,19.760662069320677,31.362372970581056,1.102788345610776,29.156796279359504,33.56794966180261,29.084387987615713
2018-06-05 19:00:00,28.688098849197274,29.98187505319548,27.7505792906495,29.353736877441406,204500,28.847289161682127,19.792818984985352,31.349716472625733,1.1252207736194273,29.09927492538688,33.60015801986459,36.179986197790086
2018-06-06 19:00:00,29.081856475869994,29.972498963388666,28.781850510045743,29.49436378479004,78000,28.979854431152344,19.831397914886473,31.270495891571045,1.1986773527444932,28.87314118608206,33.66785059706003,42.38341582217155
2018-06-10 19:00:00,29.53186525840853,30.96626899795535,29.53186525840853,30.028749465942383,219500,29.127982482910156,19.87775825500488,31.16361846923828,1.2098442218180658,28.743930025602147,33.58330691287441,45.956605753837636
2018-06-11 19:00:00,29.578741560472015,30.272507612167306,29.156858829128115,29.241235733032227,8000,29.264485359191895,19.92533737182617,31.097523498535157,1.2785341532912284,28.5404551919527,33.65459180511761,32.62258675806861
2018-06-12 19:00:00,29.531864930275248,30.328755093090617,29.203732740081318,29.878747940063477,33500,29.407175827026368,19.981026029586793,30.986896228790282,1.283732419229269,28.419431390331745,33.55436106724882,35.245896000965544
2018-06-13 19:00:00,30.000626243112503,30.000626243112503,29.16623439794247,29.616243362426758,31000,29.552866401672365,20.040089769363405,30.81439266204834,1.2198137921244758,28.37476507779939,33.254020246297294,35.75882850423146
2018-06-18 19:00:00,29.906873254556707,30.23500545433207,29.53186579260342,29.75687026977539,43500,29.70005699157715,20.104450483322143,30.693452644348145,1.1974471579402097,28.298558328467728,33.08834696022856,40.246626313421054
2018-06-19 19:00:00,29.85999779453907,29.953750106450386,28.875601201735172,28.959978103637695,24000,29.80899673461914,20.160139141082762,30.597825622558595,1.257267150518937,28.083291321520722,33.11235992359647,34.464463548795194
2018-06-20 19:00:00,28.125585862144654,28.603721036382304,27.516198526100172,27.544322967529297,89500,29.86618541717529,20.205374450683593,30.43516597747803,1.4288112861035809,27.577543405270866,33.29278854968519,30.893518087867534
2018-06-21 19:00:00,28.125586222157104,28.125586222157104,27.188066681418533,27.98495864868164,22500,29.90762378692627,20.252344179153443,30.21953639984131,1.4580746280106778,27.303387143819954,33.135685655862666,27.22720779995707
2018-06-24 19:00:00,27.666201767523432,27.675577177480072,26.588054656982422,26.588054656982422,40500,29.91156139373779,20.297016983032226,29.919998931884766,1.5597016054943686,26.80059572089603,33.039402142873506,24.954117241483573
2018-06-25 19:00:00,26.250547230792872,26.803683904781565,25.26615242490879,25.27552604675293,256000,29.908748817443847,20.339814748764038,29.5745228767395,1.7811043842421286,26.012314108255243,33.136731645223755,23.590622127731507
2018-06-26 19:00:00,26.231797154637942,26.531803131103516,25.31302840466795,26.531803131103516,312000,29.933499336242676,20.393018980026245,29.33170528411865,1.850519103412204,25.630667077294245,33.03274349094306,35.24305037398274
2018-06-27 19:00:00,27.188066442758096,27.85370445251465,27.188066442758096,27.85370445251465,60000,29.959562339782714,20.45302022457123,29.139044952392577,1.7898033098841055,25.559438332624367,32.71865157216079,46.19931625529493
2018-06-28 19:00:00,29.241235733032227,29.241235733032227,28.68809904662823,29.241235733032227,215000,30.026501235961913,20.515646538734437,29.035449028015137,1.7157715988355344,25.60390583034407,32.466992225686205,49.524569204065514
2018-07-01 19:00:00,29.531866661984814,30.69439251052827,28.969354558406913,30.656890869140625,173500,30.107127952575684,20.587460551261902,28.955759811401368,1.5910598632619954,25.77364008487738,32.13787953792536,54.434917783984005
2018-07-02 19:00:00,31.885037610110544,32.1850471496582,31.885037610110544,32.1850471496582,45500,30.222630386352538,20.671181054115294,28.97966661453247,1.6374883036635302,25.704690007205407,32.25464322185953,57.646286192369004
2018-07-03 19:00:00,33.78820562554019,33.78820562554019,30.685014610542385,32.48505401611328,436500,30.353695640563966,20.75171399593353,29.05466833114624,1.7636652281205838,25.527337874905072,32.581998787387406,61.91459994302945
2018-07-04 19:00:00,32.34442527534282,33.09444021863082,31.885039110880154,32.83193588256836,154000,30.478573265075685,20.829387497901916,29.210296630859375,1.9526136915784824,25.30506924770241,33.11552401401634,61.08374553502847
2018-07-05 19:00:00,32.80381155895055,33.08506671666092,31.406905816215918,31.810039520263672,135000,30.56876266479492,20.90302966594696,29.36592493057251,2.0320145117456687,25.301895907081175,33.42995395406385,57.78961251353994
2018-07-08 19:00:00,31.125649619024447,32.672554722947254,30.225631713867188,30.225631713867188,247000,30.60007583618164,20.96429657459259,29.4095196723938,2.0410718767775093,25.32737591883878,33.491663425948815,51.509666643078695
2018-07-09 19:00:00,29.813120597833453,30.00062522073368,28.716222666673314,29.006855010986328,236000,30.578512878417968,21.020032114982605,29.385144233703613,2.0429154963998277,25.299313240903956,33.47097522650327,50.146975223937325
2018-07-10 19:00:00,29.53186630440925,30.441261427105072,27.563074859813298,27.909957885742188,564500,30.548137283325197,21.07173632144928,29.279204654693604,2.0626254853234585,25.153953684046687,33.40445562534052,51.1697729945476
2018-07-11 19:00:00,26.906811379000978,27.094314213159336,26.522428512573242,26.522428512573242,312500,30.47238567352295,21.117815413475036,29.143264293670654,2.1528785061799636,24.837507281310728,33.44902130603058,45.58823749401197
2018-07-12 19:00:00,25.64116017336984,26.71930730341622,25.416155694869637,25.650535583496094,169500,30.35275817871094,21.160238175392152,28.931853675842284,2.2806642620450073,24.37052515175227,33.4931821999323,47.079441473559115
2018-07-15 19:00:00,26.203672430159553,26.203672430159553,24.375508571989666,24.694265365600586,150500,30.184754676818848,21.199660868644713,28.685754776000977,2.461328611277256,23.763097553446464,33.60841199855549,48.1481530994925
2018-07-16 19:00:00,24.37550790487373,25.922414779663086,24.37550790487373,25.922414779663086,55000,30.02406379699707,21.247099347114563,28.494032001495363,2.5220943595418444,23.449843282411674,33.53822072057905,48.05505492136029
2018-07-17 19:00:00,27.2161922454834,27.2161922454834,27.2161922454834,27.2161922454834,5000,29.913436470031737,21.301850485801697,28.406842708587646,2.535245949100829,23.336350810385987,33.477334606789306,47.96163452712043
2018-07-18 19:00:00,28.57559585571289,28.57559585571289,28.57559585571289,28.57559585571289,14500,29.829059715270997,21.362320494651794,28.458406352996825,2.5272549030900917,23.40389654681664,33.51291615917701,47.8678647635826
2018-07-19 19:00:00,30.000625610351562,30.000625610351562,29.063106060028076,30.000625610351562,693500,29.805809211730956,21.43104067325592,28.55918970108032,2.5474907303450105,23.4642082403903,33.65417116177034,47.899154635534416
2018-07-22 19:00:00,30.91939348696008,30.91939348696008,28.500593185424805,28.500593185424805,323500,29.783683738708497,21.493901352882386,28.65481662750244,2.505148818051573,23.644518991399295,33.66511426360559,38.18399933742339
2018-07-23 19:00:00,27.666202384734312,29.063106312258437,27.18806719533854,28.022459030151367,289500,29.722557411193847,21.54968376636505,28.792163276672362,2.3824206031078186,24.027322070456727,33.557004482888,35.85017258461073
2018-07-25 19:00:00,28.5943464070809,29.25061081038292,27.469322226613617,27.891206741333008,189000,29.637055587768554,21.605466179847717,28.86013345718384,2.333426737589559,24.19327998200472,33.52698693236296,34.116934639787885
2018-07-26 19:00:00,27.938082806886374,28.59434722905336,27.42244775245281,28.3037166595459,177000,29.59186721801758,21.665561184883117,28.8826340675354,2.3253669910268675,24.231900085481662,33.533368049589136,38.268508982713826
2018-07-29 19:00:00,29.53186605320943,29.70999526977539,29.250610901306665,29.70999526977539,57000,29.544241256713867,21.737281436920167,28.906072044372557,2.33152588217177,24.243020280029018,33.5691238087161,48.253966039587155
2018-07-30 19:00:00,30.928772058237694,31.191276392304168,29.62561864544056,30.947519302368164,934000,29.50186534881592,21.819736275672913,28.920603466033935,2.343885246777976,24.232832972477983,33.60837395958988,56.56309138273952
2018-07-31 19:00:00,31.866291755045197,31.866291755045197,30.000626237316602,30.34750747680664,365500,29.465302085876466,21.89670662879944,28.828726482391357,2.2430336346956703,24.342659213000015,33.314793751782695,58.53018053857204
2018-08-01 19:00:00,30.46938472607584,30.891269229861376,29.766245078551016,29.963123321533203,147500,29.447114181518554,21.96781747341156,28.702629947662352,2.0925043705485895,24.517621206565174,32.88763868875953,62.949888032748966
2018-08-02 19:00:00,30.094377024502815,31.453781127929688,30.000626497240287,31.453781127929688,330000,29.460239486694334,22.049756684303283,28.63372220993042,1.9683765159293845,24.69696917807165,32.57047524178919,70.86985557372807
2018-08-05 19:00:00,32.09129280452246,32.15691888494526,29.888121570487513,30.009998321533203,548000,29.41448844909668,22.126820778846742,28.543720149993895,1.8532865959009033,24.83714695819209,32.250293341795704,68.46904124869069
2018-08-06 19:00:00,30.0,30.5,29.110000610351562,29.56999969482422,209000,29.3543123626709,22.200747356414794,28.510938549041747,1.827590928727875,24.855756691585995,32.1661204064975,63.4075004911121
2018-08-07 19:00:00,29.25,31.040000915527344,29.100000381469727,31.040000915527344,426500,29.33141143798828,22.286711540222168,28.6125958442688,1.9112578202722998,24.7900802037242,32.4351114848134,63.87549287703146
2018-08-08 19:00:00,32.0,32.59000015258789,31.489999771118164,32.59000015258789,360000,29.35544834136963,22.385066447257994,28.846597957611085,2.0980708909500674,24.65045617571095,33.04273973951122,64.3683612931132
2018-08-09 19:00:00,33.9900016784668,34.099998474121094,32.0,32.11000061035156,563500,29.363510131835938,22.480271339416504,29.1259765625,2.14381746292941,24.838341636641182,33.41361148835882,58.09767824381603
2018-08-12 19:00:00,32.45000076293945,32.790000915527344,31.200000762939453,31.43000030517578,189000,29.365847053527833,22.571888728141786,29.414949798583983,2.0375790298871053,25.339791738809772,33.49010785835819,62.00130620465967
2018-08-14 19:00:00,31.520000457763672,32.06999969482422,30.3700008392334,30.700000762939453,105500,29.334833564758302,22.661918659210205,29.715236568450926,1.7236114066220412,26.268013755206844,33.16245938169501,60.7476548220179
2018-08-15 19:00:00,30.15999984741211,30.489999771118164,29.649999618530273,29.950000762939453,94500,29.299695358276367,22.74604229450226,29.916615867614745,1.4744210996468106,26.967773668321122,32.86545806690837,57.872928398430204
2018-08-16 19:00:00,30.5,31.200000762939453,30.0,30.110000610351562,120000,29.28219497680664,22.828809633255005,30.061306285858155,1.3304300369215776,27.400446212014998,32.72216635970131,57.04334011874597
2018-08-19 19:00:00,30.5,30.5,29.5,29.65999984741211,91500,29.28100757598877,22.912186403274536,30.115526485443116,1.2881188314371064,27.539288822568903,32.691764148317326,49.78933968132523
2018-08-23 19:00:00,29.799999237060547,30.190000534057617,29.5,29.610000610351562,59000,29.29925811767578,22.995078797340394,30.095995235443116,1.2929052792047362,27.510184677033642,32.68180579385259,43.73752519519861
2018-08-26 19:00:00,28.75,29.0,28.1299991607666,28.1299991607666,145500,29.274783363342284,23.070149302482605,30.077465534210205,1.3193587562624038,27.4387480216854,32.71618304673501,40.40772567953318
2018-08-27 19:00:00,27.020000457763672,27.729999542236328,26.729999542236328,26.760000228881836,401000,29.22009609222412,23.13855731487274,30.01434259414673,1.4468891718348795,27.12056425047697,32.90812093781649,37.23289653680253
2018-08-28 19:00:00,26.709999084472656,27.5,26.309999465942383,27.09000015258789,123000,29.161321105957033,23.21002161026001,29.974282264709473,1.518105701576011,26.93807086155745,33.010493667861496,30.833341710816
2018-08-29 19:00:00,27.0,28.440000534057617,26.799999237060547,28.3700008392334,342500,29.143896408081055,23.288542165756226,29.977596473693847,1.514334373027903,26.94892772763804,33.00626521974965,42.691632875824624
2018-08-30 19:00:00,29.489999771118164,29.780000686645508,28.40999984741211,29.780000686645508,165000,29.141921463012697,23.375987763404847,29.981096744537354,1.513764076837386,26.95356859086258,33.008624898212126,50.86136580238273
2018-09-02 19:00:00,30.489999771118164,30.510000228881836,28.299999237060547,28.399999618530273,426500,29.117596588134766,23.45315828323364,29.85372076034546,1.5351933644838567,26.78333403137775,32.92410748931317,39.090904075341854
2018-09-03 19:00:00,28.200000762939453,29.100000381469727,27.5,27.579999923706055,199500,29.07405918121338,23.528385100364684,29.71534538269043,1.6111875463302017,26.492970290030026,32.93772047535083,27.968338350537763
2018-09-04 19:00:00,27.100000381469727,28.270000457763672,26.799999237060547,27.100000381469727,123000,29.03685962677002,23.600227522850037,29.572189235687254,1.7120523663824347,26.148084502922384,32.99629396845212,27.968338350537763
2018-09-05 19:00:00,27.299999237060547,27.469999313354492,26.299999237060547,26.489999771118164,44000,29.015773162841796,23.670098090171813,29.32400016784668,1.7832390750676566,25.757522017711366,32.890478317981994,28.141592770980623
2018-09-06 19:00:00,26.0,26.600000381469727,25.170000076293945,25.440000534057617,115500,28.964874000549315,23.735187420845033,29.0955002784729,1.9733688277670383,25.148762622938825,33.04223793400698,27.366609944114032
2018-09-09 19:00:00,25.010000228881836,25.649999618530273,24.309999465942383,25.34000015258789,68500,28.939912910461427,23.799073615074157,28.884000301361084,2.13952150049699,24.604957300367104,33.163043302355064,28.988149054845394
2018-09-10 19:00:00,25.260000228881836,26.440000534057617,24.200000762939453,25.829999923706055,254500,28.95100238800049,23.86072220802307,28.623500251770018,2.179991150541933,24.26351795068615,32.983482552853886,31.061945782354655
2018-09-11 19:00:00,25.5,26.270000457763672,25.0,25.209999084472656,59500,28.92456630706787,23.914583201408387,28.25450019836426,2.0962436941506972,24.062012810062864,32.44698758666566,30.601568049934954
2018-09-12 19:00:00,24.5,26.299999237060547,24.5,25.450000762939453,84000,28.876492233276366,23.96514410495758,27.921500205993652,1.9771466500217434,23.967206905950164,31.87579350603714,32.16124124844599
2018-09-13 19:00:00,25.700000762939453,25.75,24.81999969482422,25.06999969482422,66500,28.793067512512206,24.011086196899413,27.603500175476075,1.8928128674041909,23.817874440667694,31.389125910284456,35.51137066617923
2018-09-16 19:00:00,25.5,25.5,23.81999969482422,24.040000915527344,80000,28.66072971343994,24.053753328323364,27.27050018310547,1.9051799425765554,23.460140297952357,31.08086006825858,36.69276672778765
2018-09-17 19:00:00,23.600000381469727,24.799999237060547,23.520000457763672,24.3700008392334,76500,28.504428787231447,24.099476747512817,26.991500186920167,1.9007042294255556,23.190091728069056,30.792908645771277,36.69276672778765
2018-09-18 19:00:00,24.489999771118164,24.600000381469727,23.850000381469727,23.8700008392334,37000,28.332127723693848,24.141762642860414,26.67950019836426,1.8738180585843123,22.931864081195634,30.427136315532884,26.165260401512953
2018-09-23 19:00:00,23.989999771118164,24.0,23.299999237060547,23.450000762939453,17000,28.14448902130127,24.186636137962342,26.369000244140626,1.8684467547423051,22.632106734656016,30.105893753625235,12.544390986031217
2018-09-24 19:00:00,23.489999771118164,24.0,23.299999237060547,23.860000610351562,25000,27.985488243103028,24.23201272010803,26.081500244140624,1.7839731385074755,22.513553967125674,29.649446521155575,19.652418928136584
2018-09-25 19:00:00,24.0,24.0,23.100000381469727,23.139999389648438,23000,27.843775596618652,24.276273727416992,25.832000255584717,1.8307277471452137,22.170544761294288,29.493455749875146,19.91870769687229
2018-09-26 19:00:00,23.0,23.0,21.989999771118164,22.190000534057617,88500,27.707438507080077,24.313253440856933,25.603500270843504,1.9873077630938638,21.628884744655778,29.57811579703123,18.726124740078276
2018-09-27 19:00:00,22.0,22.0,21.09000015258789,21.09000015258789,47000,27.571039352416992,24.346467561721802,25.303500270843507,2.1932966317116627,20.916907007420182,29.690093534266833,17.625909563795872
2018-09-30 19:00:00,20.360000610351562,20.649999618530273,20.040000915527344,20.040000915527344,259000,27.441390800476075,24.375462956428528,24.887000274658202,2.364563017044392,20.15787424056942,29.616126308746985,17.625909563795872
2018-10-01 19:00:00,19.1200008392334,20.450000762939453,19.040000915527344,19.040000915527344,104500,27.3091801071167,24.40077087879181,24.350000286102294,2.413891547837389,19.522217190427515,29.177783381777072,15.909101230239642
2018-10-02 19:00:00,19.100000381469727,20.040000915527344,18.209999084472656,19.43000030517578,571000,27.203894805908202,24.42530999183655,23.90150032043457,2.4547637524367034,18.991972815561166,28.811027825307978,14.989066135948022
2018-10-03 19:00:00,20.43000030517578,20.43000030517578,20.190000534057617,20.43000030517578,240000,27.09404651641846,24.45592725276947,23.544000339508056,2.4111065904824396,18.721787158543176,28.366213520472936,24.89496560161018
2018-10-04 19:00:00,20.790000915527344,20.8700008392334,19.40999984741211,19.40999984741211,215000,26.93792266845703,24.478866329193114,23.159500312805175,2.427293090344152,18.30491413211687,28.01408649349348,20.67960503436376
2018-10-07 19:00:00,19.0,19.0,18.40999984741211,18.40999984741211,110000,26.734610748291015,24.495821008682253,22.755500316619873,2.514636012928353,17.726228290763167,27.78477234247658,19.505490090868065
2018-10-08 19:00:00,19.0,19.0,17.40999984741211,17.40999984741211,190000,26.482798233032227,24.503650608062745,22.354000282287597,2.6978381166594185,16.95832404896876,27.749676515606435,19.55922203991385
2018-10-09 19:00:00,16.649999618530273,17.450000762939453,16.40999984741211,16.889999389648438,320500,26.2505863571167,24.511645889282228,21.931500244140626,2.8622521906520095,16.206995862836607,27.656004625444645,16.245480590747874
2018-10-10 19:00:00,17.010000228881836,17.690000534057617,16.5,16.860000610351562,182000,26.027337188720704,24.524178767204283,21.4830002784729,2.92139142096098,15.640217436550941,27.32578312039486,16.965122121561578
2018-10-11 19:00:00,16.75,17.739999771118164,15.859999656677246,16.559999465942383,140500,25.80071304321289,24.537367935180665,21.050500297546385,2.980288939410224,15.089922418725937,27.011078176366834,17.15919233874949
2018-10-14 19:00:00,16.100000381469727,16.389999389648438,15.5600004196167,15.609999656677246,76000,25.54683870315552,24.541400766372682,20.558500242233276,3.0276139891165363,14.503272264000202,26.61372822046635,12.601989331816668
2018-10-15 19:00:00,15.260000228881836,16.610000610351562,15.260000228881836,16.010000228881836,110000,25.272838802337645,24.551511807441713,20.105500268936158,2.9946753485352913,14.116149571865575,26.09485096600674,16.713353080003216
2018-10-16 19:00:00,16.450000762939453,17.010000228881836,16.299999237060547,17.010000228881836,74500,24.99408842086792,24.566247839927673,19.754000234603883,2.920204644024044,13.913590946555795,25.594409522651972,25.929367123656277
2018-10-17 19:00:00,17.600000381469727,18.010000228881836,16.950000762939453,17.780000686645508,212500,24.742738285064696,24.58530263900757,19.424500226974487,2.7380565104069565,13.948387206160575,24.9006132477884,34.13231366685662
2018-10-18 19:00:00,18.0,18.780000686645508,18.0,18.670000076293945,151000,24.51687582015991,24.61255751132965,19.164500188827514,2.5329087711511113,14.09868264652529,24.230317731129738,43.33008384533353
2018-10-21 19:00:00,19.0,19.670000076293945,19.0,19.360000610351562,199000,24.27500020980835,24.64438741207123,18.96000018119812,2.3252980589729524,14.309404063252213,23.610596299144024,51.60642401083588
2018-10-22 19:00:00,19.5,19.5,18.360000610351562,18.3700008392334,232000,24.042200260162353,24.669954781532287,18.685500192642213,2.0204780614820517,14.644544069678108,22.726456315606317,44.981063787437584
2018-10-23 19:00:00,18.799999237060547,19.350000381469727,18.549999237060547,19.149999618530273,166500,23.833800258636476,24.697265849113464,18.486000204086302,1.7341992244794913,15.01760175512732,21.954398653045285,43.81044164527817
2018-10-24 19:00:00,19.0,19.149999618530273,18.149999618530273,18.149999618530273,137000,23.576000232696533,24.720420689582824,18.284000158309937,1.499450594695364,15.285098968919208,21.282901347700665,43.89534754776319
2018-10-25 19:00:00,17.770000457763672,18.5,17.450000762939453,17.719999313354492,32000,23.278600215911865,24.742456798553466,18.115500116348265,1.349372277747463,15.416755560853339,20.81424467184319,46.46153572278145
2018-10-28 19:00:00,18.149999618530273,18.719999313354492,17.5,18.719999313354492,266500,23.010800189971924,24.768180379867555,18.049500036239625,1.2808282903276107,15.487843455584404,20.611156616894846,56.717945979191704
2018-10-29 19:00:00,19.0,19.719999313354492,18.75,19.719999313354492,209500,22.7766001701355,24.79890396118164,18.083499956130982,1.3170193026736874,15.449461350783608,20.717538561478356,63.83186730371741
2018-10-30 19:00:00,19.56999969482422,20.719999313354492,19.350000381469727,20.639999389648438,227500,22.57540014266968,24.830711846351623,18.143999910354616,1.406856860692297,15.330286188970021,20.95771363173921,66.99639610619609
2018-10-31 19:00:00,20.639999389648438,21.100000381469727,20.0,20.270000457763672,111000,22.381800136566163,24.860107221603393,18.13599991798401,1.3935656430437187,15.348868631896572,20.923131204071446,66.57730762792959
2018-11-01 19:00:00,19.549999237060547,20.229999542236328,19.549999237060547,19.989999771118164,57500,22.179400119781494,24.88964950084686,18.16499991416931,1.4271041430597715,15.310791628049767,21.019208200288855,70.8174920195496
2018-11-04 19:00:00,20.5,20.5,19.399999618530273,19.8799991607666,52500,21.983800106048584,24.917610507011414,18.238499879837036,1.4773562984193316,15.283787282998373,21.1932124766757,68.91495163761643
2018-11-05 19:00:00,19.25,19.5,19.100000381469727,19.25,18000,21.77660009384155,24.943312158584593,18.33049988746643,1.4803358647776266,15.369828157911178,21.291171617021682,61.35902670269093
2018-11-06 19:00:00,19.690000534057617,19.690000534057617,18.799999237060547,18.969999313354492,67000,21.593400096893312,24.966535663604738,18.434499883651732,1.446485559914061,15.54152876382361,21.327471003479854,56.35004675752731
2018-11-07 19:00:00,19.100000381469727,19.399999618530273,18.5,18.90999984741211,49500,21.436400089263916,24.98899040699005,18.53699984550476,1.4009586273630061,15.735082590778747,21.338917100230773,51.40515104795865
2018-11-08 19:00:00,19.0,19.0,18.270000457763672,18.399999618530273,96500,21.262600078582764,25.007348246574402,18.628999853134154,1.3225170373870039,15.983965778360146,21.27403392790816,44.258366383020764
2018-11-11 19:00:00,18.770000457763672,18.770000457763672,18.0,18.0,94500,21.055200061798097,25.02450297832489,18.748499870300293,1.1292207027853298,16.490058464729632,21.006941275870954,47.61904177437952
2018-11-12 19:00:00,17.889999389648438,18.0,17.399999618530273,17.700000762939453,31500,20.813600063323975,25.04273589134216,18.832999897003173,0.9647692256976774,16.903461445607817,20.76253834839853,40.05487618061364
2018-11-13 19:00:00,17.549999237060547,18.43000030517578,17.5,18.040000915527344,83500,20.606400089263914,25.064543843269348,18.884499931335448,0.8866640033572121,17.111171924621022,20.657827938049873,49.17044708200075
2018-11-14 19:00:00,17.600000381469727,19.040000915527344,17.600000381469727,19.040000915527344,97000,20.435600109100342,25.09083616256714,18.94749994277954,0.8479749868413831,17.251549969096775,20.643449916462306,59.16667924987145
2018-11-15 19:00:00,20.040000915527344,20.040000915527344,20.040000915527344,20.040000915527344,20000,20.294400119781493,25.116222105026246,19.01599998474121,0.8791406411779454,17.25771870238532,20.774281267097102,59.16667924987145
2018-11-18 19:00:00,21.040000915527344,21.040000915527344,21.040000915527344,21.040000915527344,26500,20.18540014266968,25.141920456886293,19.1,0.987340936118664,17.125318127762675,21.074681872237328,59.16667924987145
2018-11-19 19:00:00,22.09000015258789,22.09000015258789,22.09000015258789,22.09000015258789,246000,20.118400135040282,25.168181204795836,19.285999965667724,1.1751211080199293,16.935757749627864,21.636242181707583,59.89086736247181
2018-11-21 19:00:00,23.18000030517578,23.190000534057617,23.0,23.190000534057617,100000,20.07540014266968,25.19848879337311,19.488000011444093,1.462584711455065,16.562830588533963,22.413169434354224,68.11414559413086
2018-11-22 19:00:00,24.34000015258789,24.34000015258789,24.34000015258789,24.34000015258789,17500,20.045600147247313,25.232155709266664,19.79750003814697,1.7841374403202916,16.229225157506388,23.365774918787555,74.3561095292479
2018-11-25 19:00:00,25.549999237060547,25.549999237060547,25.549999237060547,25.549999237060547,9500,20.05240015029907,25.268872561454774,20.189000034332274,2.12985760019212,15.929284833948035,24.448715234716513,78.26521358222814
2018-11-26 19:00:00,26.81999969482422,26.81999969482422,24.280000686645508,24.280000686645508,612500,20.029000148773193,25.29666123867035,20.467000102996828,2.285218139999478,15.896563822997871,25.037436382995786,73.57077061380717
2018-11-27 19:00:00,23.520000457763672,24.0,23.06999969482422,23.06999969482422,269500,19.989000148773194,25.318962416648866,20.634500122070314,2.349453335832176,15.935593450405962,25.333406793734667,67.6724206678386
2018-11-28 19:00:00,23.190000534057617,24.219999313354492,22.149999618530273,24.219999313354492,317000,19.992600116729736,25.348654255867004,20.813500118255615,2.4825034351370174,15.84849324798158,25.77850698852965,70.9219891201439
2018-11-29 19:00:00,25.399999618530273,25.43000030517578,23.5,25.290000915527344,692500,20.011000118255616,25.374227156639098,21.0645001411438,2.671263155582678,15.721973829978444,26.407026452309154,76.00000863705166
2018-12-02 19:00:00,25.799999237060547,26.549999237060547,24.649999618530273,26.549999237060547,434500,20.06460008621216,25.409381365776063,21.392500114440917,2.9232440497858314,15.546012014869255,27.23898821401258,80.29766541015033
2018-12-03 19:00:00,26.5,27.8700008392334,26.5,27.8700008392334,156500,20.153000087738036,25.449635558128357,21.792000198364256,3.235006791510674,15.321986615342908,28.262013781385605,83.60872650497443
2018-12-04 19:00:00,28.770000457763672,29.25,26.5,27.649999618530273,1000000,20.228800067901613,25.49310233592987,22.212000179290772,3.4271862204246215,15.35762773844153,29.066372620140015,82.01198719674777
2018-12-05 19:00:00,27.799999237060547,27.799999237060547,26.270000457763672,26.31999969482422,274000,20.292400074005126,25.534559836387633,22.579500198364258,3.4552055885546844,15.669089021254889,29.489911375473625,73.72880934446641
2018-12-06 19:00:00,26.049999237060547,27.6299991607666,26.0,27.3799991607666,515000,20.396200046539306,25.582864232063294,23.00300016403198,3.500548683070517,16.00190279789095,30.004097530173013,73.83116372420977
2018-12-09 19:00:00,27.399999618530273,28.489999771118164,26.25,26.68000030517578,277500,20.508000049591065,25.622981038093567,23.417000198364256,3.416121038284026,16.584758121796206,30.249242274932307,68.67549655489856
2018-12-10 19:00:00,26.649999618530273,26.649999618530273,25.350000381469727,25.350000381469727,339500,20.614200038909914,25.652650895118715,23.784500217437746,3.190605034970105,17.403290147497536,30.165710287377955,60.59818077623141
2018-12-11 19:00:00,24.520000457763672,24.979999542236328,24.09000015258789,24.420000076293945,501500,20.721800022125244,25.67284251689911,24.12050018310547,2.8519988947236836,18.416502393658103,29.824497972552837,54.0433912435011
2018-12-12 19:00:00,24.549999237060547,25.0,23.40999984741211,23.540000915527344,143000,20.804000034332276,25.683571543693542,24.39550018310547,2.475097704304745,19.44530477449598,29.345695591714957,47.322626135887496
2018-12-13 19:00:00,24.200000762939453,24.709999084472656,23.799999237060547,24.3799991607666,289000,20.883000011444093,25.69315670490265,24.66250009536743,2.131087603288933,20.400324888789566,28.924675301945296,45.98489960890838
2018-12-16 19:00:00,24.3799991607666,24.899999618530273,23.399999618530273,24.049999237060547,127000,20.97579999923706,25.695513615608217,24.863000011444093,1.8423784312077789,21.178243149028535,28.54775687385965,49.156267557788965
2018-12-17 19:00:00,24.0,24.850000381469727,23.989999771118164,24.079999923706055,112000,21.08920000076294,25.699051804542542,25.01499996185303,1.622676391244517,21.769647179363993,28.260352744342065,54.05622619165255
2018-12-18 19:00:00,24.290000915527344,25.280000686645508,24.290000915527344,25.280000686645508,322500,21.246600017547607,25.70685558795929,25.174499988555908,1.4695916201971382,22.235316748161633,28.113683228950183,54.24000549316407
2018-12-19 19:00:00,26.540000915527344,26.540000915527344,24.799999237060547,25.610000610351562,476500,21.42100004196167,25.7175750207901,25.295499992370605,1.39534741497624,22.504805162418126,28.086194822323083,51.36054311435692
2018-12-20 19:00:00,25.479999542236328,25.479999542236328,24.329999923706055,24.329999923706055,280000,21.57040002822876,25.723956990242005,25.294999980926512,1.3957095761781835,22.503580828570144,28.08641913328288,40.57725303924977
2018-12-23 19:00:00,23.5,24.5,23.5,24.18000030517578,43000,21.72280004501343,25.73282340526581,25.226500034332275,1.4160072480170813,22.394485538298113,28.058514530366438,32.61073993810554
2018-12-25 19:00:00,24.399999618530273,24.989999771118164,23.25,24.170000076293945,167000,21.89400005340576,25.736061577796935,25.221000003814698,1.4200848777774349,22.380830248259826,28.06116975936957,33.26922928793158
2018-12-26 19:00:00,24.790000915527344,24.790000915527344,22.979999542236328,23.219999313354492,65000,22.038200035095215,25.729534020423888,25.228499984741212,1.408475409075135,22.41154916659094,28.045450802891484,34.530933982314195
2018-12-27 19:00:00,22.899999618530273,23.010000228881836,22.059999465942383,22.059999465942383,115500,22.139200019836426,25.713643889427185,25.120499992370604,1.5640921117682558,21.992315768834093,28.248684215907115,23.715413753342105
2018-12-30 19:00:00,21.0,22.0,20.959999084472656,20.959999084472656,396000,22.202799987792968,25.698207001686097,24.903999900817873,1.8183985145500647,21.267202871717743,28.540796929918002,22.813683594082875
2018-12-31 19:00:00,21.0,21.84000015258789,20.600000381469727,21.3799991607666,169500,22.256999969482422,25.69072961330414,24.645499897003173,1.9357809842156368,20.7739379285719,28.517061865434446,29.344427843080595
2019-01-01 19:00:00,21.06999969482422,21.75,21.06999969482422,21.299999237060547,89500,22.2957999420166,25.68510226726532,24.31699981689453,1.9171584598700067,20.48268289715452,28.15131673663454,32.19177649706724
2019-01-02 19:00:00,21.030000686645508,21.100000381469727,20.350000381469727,20.56999969482422,79500,22.339799919128417,25.674137387275696,23.96299982070923,1.9229806487774552,20.117038523154317,27.80896111826414,32.75260737419475
2019-01-03 19:00:00,20.020000457763672,20.850000381469727,19.700000762939453,20.1299991607666,75000,22.359399909973146,25.662003779411314,23.653499794006347,2.0193781906142285,19.61474341277789,27.692256175234803,24.116939712471364
2019-01-06 19:00:00,20.0,21.0,19.75,20.979999542236328,185500,22.415999908447265,25.655760836601257,23.333499813079833,1.9014216781928124,19.530656456694206,27.13634316946546,32.416961544545416
2019-01-07 19:00:00,21.200000762939453,21.850000381469727,21.0,21.100000381469727,99500,22.48359992980957,25.65316483974457,23.05449981689453,1.7906969795336243,19.47310585782728,26.63589377596178,33.106585280723976
2019-01-08 19:00:00,21.489999771118164,22.149999618530273,21.100000381469727,22.139999389648438,255500,22.55199993133545,25.650378098487852,22.893999767303466,1.7164391023400982,19.46112156262327,26.326877971983663,31.87066593103812
2019-01-09 19:00:00,22.799999237060547,23.239999771118164,22.799999237060547,23.239999771118164,64500,22.622399940490723,25.654966397285463,22.834999752044677,1.6811418374111644,19.472716077222348,26.197283426867006,37.43372066188016
2019-01-10 19:00:00,24.389999389648438,24.399999618530273,23.399999618530273,24.299999237060547,510000,22.695599937438963,25.664807820320128,22.872999668121338,1.7063170040907856,19.460365659939768,26.285633676302908,49.83712984031082
2019-01-13 19:00:00,24.450000762939453,25.0,23.799999237060547,24.93000030517578,302500,22.788799934387207,25.67751799106598,22.900499725341795,1.7360559616496187,19.428387802042558,26.372611648641033,53.86996806520492
2019-01-14 19:00:00,24.700000762939453,25.25,23.690000534057617,23.950000762939453,135000,22.867999954223635,25.687390704154968,22.895499801635744,1.732711885020583,19.430076031594577,26.36092357167691,48.968108456191196
2019-01-15 19:00:00,23.950000762939453,25.0,23.600000381469727,24.190000534057617,104500,22.954199981689452,25.698604044914244,22.90099983215332,1.7368393201093815,19.42732119193456,26.374678472372082,54.87437761972877
2019-01-16 19:00:00,24.350000381469727,24.969999313354492,24.0,24.59000015258789,90500,23.060999984741212,25.711958012580872,22.866499805450438,1.693406371373919,19.4796870627026,26.253312548198277,63.76496485103276
2019-01-17 19:00:00,25.389999389648438,25.389999389648438,23.989999771118164,24.020000457763672,51000,23.162000007629395,25.71936815738678,22.786999797821046,1.592122709131599,19.602754379557847,25.971245216084245,67.66744472983706
2019-01-20 19:00:00,24.299999237060547,24.299999237060547,23.510000228881836,23.790000915527344,43000,23.2596000289917,25.72398766040802,22.75999984741211,1.568989309361377,19.622021228689356,25.897978466134866,64.22669392051151
2019-01-21 19:00:00,24.520000457763672,24.520000457763672,23.799999237060547,23.959999084472656,45500,23.370800018310547,25.730675921440124,22.748999786376952,1.5592508060461674,19.630498174284618,25.867501398469287,65.53738671771946
2019-01-22 19:00:00,23.549999237060547,24.489999771118164,23.399999618530273,24.0,94000,23.490800018310548,25.7385954618454,22.740499782562257,1.5515410532112999,19.637417676139655,25.843581888984858,71.79161861940901
2019-01-23 19:00:00,24.09000015258789,24.709999084472656,23.719999313354492,24.229999542236328,49000,23.621399993896485,25.74602433681488,22.790999794006346,1.5840653539668226,19.6228690860727,25.959130501939992,76.76241177576446
2019-01-24 19:00:00,23.510000228881836,24.690000534057617,23.510000228881836,24.229999542236328,71500,23.745199966430665,25.755515761375428,22.899499797821044,1.6055317474010915,19.68843630301886,26.110563292623226,73.86197624915977
2019-01-27 19:00:00,24.0,24.100000381469727,23.5,23.860000610351562,38500,23.841599960327148,25.762829060554505,23.04449987411499,1.5511847763569753,19.942130321401038,26.146869426828943,69.54675587084162
2019-01-28 19:00:00,23.350000381469727,24.350000381469727,23.299999237060547,23.3700008392334,90000,23.90819995880127,25.762114109992982,23.14399995803833,1.5018355947091417,20.140328768620044,26.147671147456613,59.44702094539501
2019-01-29 19:00:00,23.399999618530273,23.770000457763672,23.309999465942383,23.40999984741211,17000,23.955599937438965,25.755739665031435,23.249499988555907,1.4382464665178034,20.3730070555203,26.125992921591514,51.55963514662275
2019-01-30 19:00:00,23.68000030517578,23.700000762939453,23.0,23.079999923706055,68500,23.97539993286133,25.741574463844298,23.375,1.2944518950016644,20.78609620999667,25.96390379000333,37.076266135194786
2019-01-31 19:00:00,23.329999923706055,24.229999542236328,23.329999923706055,24.229999542236328,165000,23.996199913024903,25.73076858997345,23.580000019073488,1.0562346747612223,21.467530669551042,25.692469368595933,43.32059582144576
2019-02-03 19:00:00,25.440000534057617,25.440000534057617,25.049999237060547,25.440000534057617,350500,24.018199920654297,25.730887818336488,23.803000068664552,0.9431755172101074,21.916649034244337,25.689351103084768,63.6197531742387
2019-02-05 19:00:00,24.700000762939453,26.0,24.600000381469727,24.780000686645508,229500,24.002799949645997,25.728316435813905,23.98700008392334,0.720862927888724,22.545274228145892,25.42872593970079,55.00849402244909
2019-02-06 19:00:00,24.200000762939453,24.920000076293945,23.610000610351562,24.06999969482422,80500,23.998599929809572,25.715913662910463,24.083500099182128,0.5750265974233215,22.933446904335486,25.23355329402877,45.80644585711367
2019-02-07 19:00:00,24.0,24.479999542236328,23.5,24.1299991607666,65500,24.019799919128417,25.707092204093932,24.12800006866455,0.5396646415158468,23.048670785632858,25.207329351696245,50.96659724449978
2019-02-10 19:00:00,24.200000762939453,24.479999542236328,23.700000762939453,23.959999084472656,39500,24.014599914550782,25.693764424324037,24.111000061035156,0.5393163895310167,23.032367281973123,25.18963284009719,51.50975356908128
2019-02-11 19:00:00,24.110000610351562,24.110000610351562,22.770000457763672,23.469999313354492,63500,23.978199882507326,25.679064793586733,24.03800001144409,0.5211284115989593,22.995743188246173,25.080256834642007,45.88235407257479
2019-02-12 19:00:00,23.790000915527344,24.399999618530273,23.399999618530273,24.079999923706055,119500,23.928799896240236,25.66980583667755,24.044499969482423,0.5207836575746647,23.002932654333094,25.086067284631753,50.613496483837125
2019-02-13 19:00:00,24.0,24.389999389648438,23.899999618530273,24.100000381469727,19000,23.85339988708496,25.657365565299987,24.039999961853027,0.5198482380771199,23.000303485698787,25.079696438007268,48.96989562781851
2019-02-14 19:00:00,24.100000381469727,24.100000381469727,23.299999237060547,23.56999969482422,60000,23.77179988861084,25.6387127161026,23.988999938964845,0.513039529435915,22.962920880093016,25.015078997836675,45.1754398195269
2019-02-17 19:00:00,23.950000762939453,23.950000762939453,23.0,23.010000228881836,58000,23.705599899291993,25.610462851524353,23.938499927520752,0.5576008756304203,22.82329817625991,25.053701678781593,43.954478673918025
2019-02-18 19:00:00,23.479999542236328,23.5,23.0,23.149999618530273,53000,23.620999908447267,25.575787835121155,23.9064998626709,0.5842969996085524,22.737905863453793,25.075093861888003,48.35328435140441
2019-02-19 19:00:00,23.010000228881836,24.0,23.010000228881836,23.68000030517578,111000,23.560999908447265,25.547044148445128,23.892499923706055,0.5862986758278035,22.719902572050447,25.065097275361662,51.88284785959364
2019-02-20 19:00:00,23.950000762939453,24.299999237060547,23.229999542236328,23.34000015258789,95500,23.52079990386963,25.51219410419464,23.85949993133545,0.5983792297366584,22.662741471862134,25.056258390808765,51.81058599416798
2019-02-21 19:00:00,23.200000762939453,23.829999923706055,23.020000457763672,23.780000686645508,31000,23.50799991607666,25.472934556007385,23.83699998855591,0.5921424779095069,22.652715032736896,25.021284944374923,46.5224216535555
2019-02-24 19:00:00,23.5,23.5,23.0,23.030000686645508,29500,23.497799911499023,25.422612357139588,23.77700004577637,0.6107295434741742,22.55554095882802,24.99845913272472,29.95009159078532
2019-02-25 19:00:00,23.0,23.290000915527344,21.8799991607666,21.889999389648438,107000,23.44799991607666,25.36227756023407,23.67849998474121,0.7415012535816536,22.195497477577906,25.161502491904518,27.734979196980234
2019-02-26 19:00:00,21.209999084472656,21.209999084472656,20.799999237060547,21.09000015258789,84000,23.388799934387208,25.30398976802826,23.564499950408937,0.9400979113039681,21.684304127801,25.444695773016875,27.355632880130415
2019-02-27 19:00:00,21.559999465942383,22.139999389648438,21.0,21.780000686645508,86500,23.342799949645997,25.248917603492735,23.482999992370605,1.0213412247799396,21.440317542810725,25.525682441930485,33.70320714855991
2019-02-28 19:00:00,21.65999984741211,22.860000610351562,21.649999618530273,22.809999465942383,221500,23.293399925231935,25.20715184688568,23.46949996948242,1.0287062823641555,21.41208740475411,25.52691253421073,42.874848883421315
2019-03-03 19:00:00,22.709999084472656,23.489999771118164,22.709999084472656,23.40999984741211,88500,23.249399909973146,25.17616751194,23.42849998474121,1.0130219611462181,21.402456062448774,25.45454390703365,49.63325519734874
2019-03-04 19:00:00,23.690000534057617,23.700000762939453,23.200000762939453,23.420000076293945,63500,23.231199913024902,25.137873635292053,23.32749996185303,0.8958375697930365,21.535824822266957,25.1191751014391,45.646440052902484
2019-03-05 19:00:00,23.299999237060547,23.899999618530273,23.0,23.770000457763672,123500,23.22299991607666,25.09589214801788,23.276999950408936,0.8361256952800246,21.604748559848886,24.949251340968985,47.914033814800106
2019-03-06 19:00:00,23.770000457763672,24.479999542236328,23.600000381469727,24.280000686645508,209000,23.22519992828369,25.064476475715637,23.2875,0.8478447676085491,21.591810464782903,24.9831895352171,54.49937183211563
2019-03-07 19:00:00,23.200000762939453,23.5,23.06999969482422,23.06999969482422,91000,23.222199935913086,25.019370007514954,23.234500026702882,0.8252366758672421,21.5840266749684,24.884973378437365,50.35128481328872
2019-03-10 19:00:00,23.149999618530273,24.219999313354492,23.149999618530273,24.219999313354492,133000,23.265399932861328,24.975138430595397,23.247500038146974,0.8391968531357817,21.56910633187541,24.925893744418538,55.602090852878156
2019-03-11 19:00:00,24.0,24.0,23.010000228881836,23.010000228881836,177000,23.306399955749512,24.92931007862091,23.22450008392334,0.8390814552390102,21.546337173445316,24.90266299440136,46.725317784186984
2019-03-12 19:00:00,23.100000381469727,23.100000381469727,21.899999618530273,22.43000030517578,136500,23.327399978637697,24.887097487449648,23.142000102996825,0.8316224177220165,21.478755267552792,24.805244938440858,45.65425147414168
2019-03-13 19:00:00,22.780000686645508,23.0,22.450000762939453,22.610000610351562,64500,23.353600006103516,24.846159911155702,23.067500114440918,0.8076794253396401,21.45214126376164,24.682858965120197,44.27032339550617
2019-03-14 19:00:00,22.649999618530273,22.989999771118164,21.850000381469727,21.989999771118164,72000,23.382000007629394,24.794622159004213,22.988500118255615,0.832821968776297,21.32285618070302,24.65414405580821,44.84126623705917
2019-03-17 19:00:00,22.200000762939453,23.0,21.25,22.59000015258789,75500,23.43120002746582,24.744678139686584,22.967500114440917,0.8375332253119716,21.292433663816972,24.64256656506486,53.66876674927845
2019-03-18 19:00:00,22.5,22.75,21.75,22.18000030517578,17000,23.45520004272461,24.69465290546417,22.919000148773193,0.8543258688559294,21.210348411061336,24.62765188648505,55.95628399353294
2019-03-19 19:00:00,21.600000381469727,22.0,21.299999237060547,21.489999771118164,12000,23.463000030517577,24.64516212940216,22.80950012207031,0.8912054768702508,21.02708916832981,24.591911075810813,48.41529580783602
2019-03-20 19:00:00,20.420000076293945,20.420000076293945,20.420000076293945,20.420000076293945,5500,23.428600044250487,24.58872757434845,22.663500118255616,1.0283522077928275,20.60679570266996,24.720204533841272,36.99674235732455
2019-03-21 19:00:00,19.399999618530273,19.399999618530273,19.399999618530273,19.399999618530273,3500,23.35180004119873,24.529161801338194,22.444500064849855,1.2255460335538777,19.9934079977421,24.89559213195761,29.136320612320276
2019-03-24 19:00:00,18.399999618530273,18.399999618530273,18.399999618530273,18.399999618530273,26000,23.233800048828126,24.459908423423766,22.21300001144409,1.5127636945331098,19.18747262237787,25.23852740051031,26.320757670688778
2019-03-25 19:00:00,17.399999618530273,17.399999618530273,17.399999618530273,17.399999618530273,27000,23.083200035095214,24.38837386608124,21.988500022888182,1.8571804378755923,18.274139147137,25.702860898639365,21.688889958887742
2019-03-26 19:00:00,16.520000457763672,17.979999542236328,16.399999618530273,16.81999969482422,930500,22.94060001373291,24.31754876613617,21.775,2.1828001430626256,17.40939971387475,26.14060028612525,17.049470247471717
2019-03-27 19:00:00,16.610000610351562,16.799999237060547,16.020000457763672,16.170000076293945,94500,22.780200004577637,24.249801917076113,21.494499969482423,2.5169959812401332,16.460508007002154,26.52849193196269,17.936805428640255
2019-03-28 19:00:00,16.020000457763672,16.950000762939453,15.90999984741211,16.290000915527344,135500,22.614200019836424,24.187764554023744,21.16850004196167,2.749170774927199,15.670158492107273,26.66684159181607,9.249757366863463
2019-03-31 19:00:00,16.049999237060547,16.049999237060547,15.3100004196167,15.380000114440918,121000,22.44140001296997,24.11789587020874,20.76700005531311,2.981162121441726,14.804675812429661,26.729324298196563,9.544021460193207
2019-04-01 19:00:00,15.399999618530273,15.649999618530273,14.699999809265137,15.079999923706055,69000,22.267199993133545,24.04582405090332,20.350000047683714,3.167972999206901,14.014054049269912,26.685946046097516,9.836078559387417
2019-04-02 19:00:00,15.0,15.399999618530273,14.850000381469727,15.180000305175781,79000,22.091600017547606,23.971580305099486,19.92050004005432,3.2608369522327676,13.398826135588786,26.44217394451986,9.040807992103112
2019-04-03 19:00:00,15.489999771118164,16.18000030517578,15.489999771118164,16.15999984741211,185500,21.93480001449585,23.906174125671388,19.514499998092653,3.194299940450359,13.125900117191936,25.90309987899337,19.08802462441119
2019-04-04 19:00:00,15.25,17.15999984741211,15.25,17.15999984741211,420500,21.793400020599364,23.84258038520813,19.219000005722044,3.120586804111804,12.977826397498436,25.460173613945653,22.380471547719026
2019-04-07 19:00:00,17.899999618530273,18.139999389648438,17.110000610351562,17.31999969482422,96000,21.655200023651123,23.781099166870117,18.87400002479553,2.913118119698523,13.047763785398486,24.700236264192576,24.63465719496365
2019-04-08 19:00:00,17.219999313354492,17.420000076293945,16.799999237060547,17.100000381469727,44000,21.520000019073485,23.71781481742859,18.578500032424927,2.7676044985120503,13.043291035400827,24.113709029449026,25.90560320786288
2019-04-09 19:00:00,17.100000381469727,17.100000381469727,16.100000381469727,16.100000381469727,23000,21.37460000991821,23.65351492881775,18.262000036239623,2.6639752622584782,12.934049511722666,23.58995056075658,26.106198798032906
2019-04-10 19:00:00,16.010000228881836,16.299999237060547,15.5,15.899999618530273,66000,21.224400005340577,23.595293312072755,17.926499986648558,2.505375810404565,12.915748365839427,22.93725160745769,28.710465448686293
2019-04-11 19:00:00,16.299999237060547,16.700000762939453,16.0,16.6200008392334,52500,21.095200023651124,23.538468523025514,17.658000040054322,2.3284772093324926,13.001045621389338,22.314954458719306,38.79094312355387
2019-04-14 19:00:00,16.600000381469727,16.889999389648438,16.0,16.190000534057617,49500,20.93440004348755,23.48647825241089,17.338000059127808,2.0364664166529582,13.265067225821891,21.410932892433724,41.791054046527904
2019-04-15 19:00:00,16.5,16.5,16.0,16.1200008392334,92500,20.748000049591063,23.440700626373292,17.03500008583069,1.7013785416464455,13.632243002537798,20.43775716912358,44.89796939735312
2019-04-16 19:00:00,15.859999656677246,15.989999771118164,15.5,15.899999618530273,23000,20.57040002822876,23.387541608810423,16.755500078201294,1.354872079358677,14.04575591948394,19.465244236918647,47.900464348621576
2019-04-17 19:00:00,15.600000381469727,16.290000915527344,15.600000381469727,15.710000038146973,16000,20.403200035095214,23.326823086738585,16.520000076293947,1.062103021984249,14.395794032325448,18.644206120262446,45.53845675316293
2019-04-18 19:00:00,15.8100004196167,16.5,15.5,16.489999771118164,37500,20.250400047302247,23.263066906929016,16.37450008392334,0.8180944307958803,14.73831122233158,18.010688945515103,58.71271070844208
2019-04-21 19:00:00,16.479999542236328,16.649999618530273,16.0,16.0,28000,20.091200065612792,23.189782452583312,16.254500102996825,0.6675128027947721,14.91947449740728,17.58952570858637,57.01219423550517
2019-04-22 19:00:00,15.609999656677246,16.299999237060547,15.609999656677246,16.049999237060547,24500,19.942800064086914,23.109107213020323,16.18700008392334,0.6114873974940346,14.964025288935272,17.40997487891141,56.682019211189775
2019-04-23 19:00:00,15.800000190734863,15.859999656677246,15.800000190734863,15.800000190734863,4000,19.77720006942749,23.02568194389343,16.13600010871887,0.5983081572275959,14.93938379426368,17.332616423174063,46.88581597483751
2019-04-24 19:00:00,15.899999618530273,16.700000762939453,15.899999618530273,15.930000305175781,21500,19.61380006790161,22.94117226600647,16.124000120162965,0.599994749795204,14.924010620572556,17.323989619753373,37.47454602381894
2019-04-25 19:00:00,15.850000381469727,16.100000381469727,14.9399995803833,15.819999694824219,34000,19.45880006790161,22.86122206687927,16.100500059127807,0.6023504502331614,14.895799158661484,17.30520095959413,34.567903172634644
2019-04-28 19:00:00,16.0,16.200000762939453,15.800000190734863,15.899999618530273,41500,19.31660005569458,22.789593906402587,16.126500034332274,0.5804379251999997,14.965624183932274,17.287375884732274,37.28813079882327
2019-04-29 19:00:00,15.699999809265137,15.699999809265137,14.899999618530273,15.180000305175781,59000,19.15720006942749,22.720459632873535,16.131500053405762,0.5713075845506589,14.988884884304445,17.27411522250708,39.63964002665133
2019-05-01 19:00:00,14.819999694824219,15.100000381469727,14.819999694824219,14.9399995803833,4500,18.98240005493164,22.65560984134674,16.11950001716614,0.5943991373901539,14.930701742385832,17.308298291946446,39.285715045977526
2019-05-05 19:00:00,15.100000381469727,15.100000381469727,14.850000381469727,15.09000015258789,6000,18.81740005493164,22.598447699546814,16.066000032424927,0.6371763832328167,14.791647265959295,17.34035279889056,30.43477306452887
2019-05-07 19:00:00,14.989999771118164,14.989999771118164,14.09000015258789,14.800000190734863,20000,18.637800045013428,22.544195022583008,15.948000049591064,0.6424181786375048,14.663163692316054,17.232836406866074,31.564979759082107
2019-05-08 19:00:00,13.90999984741211,14.649999618530273,13.90999984741211,14.3100004196167,4000,18.46340003967285,22.49227369785309,15.797500085830688,0.656504947994067,14.484490189842553,17.110509981818822,28.40094748349449
2019-05-09 19:00:00,15.0,15.0,14.850000381469727,14.850000381469727,1000,18.322600059509277,22.436911625862123,15.685000085830689,0.6128921884113444,14.459215709008,16.91078446265338,38.35920589984175
2019-05-12 19:00:00,14.0,14.989999771118164,13.850000381469727,13.899999618530273,8000,18.178800048828126,22.370330662727355,15.575000047683716,0.7221714737596896,14.130657100164337,17.019342995203097,32.82731888103409
2019-05-13 19:00:00,13.899999618530273,13.899999618530273,12.899999618530273,12.899999618530273,37000,18.00120002746582,22.291952681541442,15.425000047683715,0.9321481610167984,13.560703725650118,17.289296369717313,17.304186682536923
2019-05-14 19:00:00,13.300000190734863,13.489999771118164,12.899999618530273,12.899999618530273,26500,17.803000030517577,22.206449551582338,15.23899998664856,1.0454106095584925,13.148178767531576,17.329821205765544,18.999996185302734
2019-05-15 19:00:00,12.0,12.050000190734863,11.899999618530273,11.899999618530273,31500,17.57280002593994,22.123446583747864,15.024499940872193,1.2584263258307091,12.507647289210775,17.541352592533613,15.126058097511347
2019-05-16 19:00:00,10.90999984741211,10.90999984741211,10.899999618530273,10.899999618530273,57000,17.32240001678467,22.03783428668976,14.763499879837036,1.5310481374881475,11.701403604860742,17.825596154813333,13.432840919620787
2019-05-19 19:00:00,10.5,11.399999618530273,9.899999618530273,11.079999923706055,72000,17.068600006103516,21.953778252601623,14.522499895095825,1.71146259403246,11.099574707030905,17.945425083160746,14.074081399965237
2019-05-20 19:00:00,10.5,11.829999923706055,10.25,11.380000114440918,65000,16.810599994659423,21.869159669876097,14.305999898910523,1.8235402715795874,10.658919355751348,17.953080442069698,18.011537258082484
2019-05-21 19:00:00,11.989999771118164,12.199999809265137,11.25,12.0,40500,16.58920000076294,21.78060969352722,14.081499910354614,1.816886557796323,10.447726794761968,17.71527302594726,23.93048888548897
2019-05-22 19:00:00,12.1899995803833,12.550000190734863,11.5,12.399999618530273,50500,16.352800006866456,21.687872095108034,13.901499891281128,1.7950114940875948,10.31147690310594,17.49152287945632,30.58659214156573
2019-05-23 19:00:00,12.0,12.5,11.800000190734863,12.180000305175781,4000,16.136200008392333,21.597034559249877,13.70799994468689,1.759454547860179,10.189090848966531,17.226909040407246,30.672274912503056
2019-05-26 19:00:00,12.399999618530273,12.600000381469727,12.100000381469727,12.100000381469727,46500,15.929600009918213,21.50771894454956,13.522999954223632,1.722034039796586,10.07893187463046,16.967068033816805,28.854314708761066
2019-05-29 19:00:00,13.010000228881836,14.100000381469727,13.0,14.010000228881836,89000,15.757600002288818,21.42050004005432,13.426999950408936,1.6319478515521784,10.16310424730458,16.690895653513294,45.45454545454545
2019-06-02 19:00:00,15.010000228881836,15.010000228881836,15.010000228881836,15.010000228881836,500,15.618000011444092,21.345500049591063,13.386499977111816,1.5786146351796115,10.229270706752594,16.54372924747104,53.804346868356355
2019-06-09 19:00:00,16.010000228881836,16.010000228881836,14.010000228881836,14.380000114440918,172500,15.453800010681153,21.269550051689148,13.310500001907348,1.4850536285284077,10.340392744850533,16.280607258964164,47.470396830146704
2019-06-10 19:00:00,13.380000114440918,14.800000190734863,13.380000114440918,13.6899995803833,128000,15.283999996185303,21.182800045013426,13.235999965667725,1.4223828182360763,10.391234329195573,16.080765602139877,48.8372090567168
2019-06-11 19:00:00,13.800000190734863,14.680000305175781,13.649999618530273,14.430000305175781,61000,15.142800006866455,21.092000045776366,13.210500001907349,1.3945250448093471,10.421449912288654,15.999550091526043,58.72292250162353
2019-06-12 19:00:00,14.699999809265137,15.300000190734863,14.600000381469727,14.770000457763672,78000,15.02980001449585,21.005300045013428,13.194500017166138,1.373503066051091,10.447493885063956,15.94150614926832,60.26345068028065
2019-06-13 19:00:00,14.5,14.699999809265137,14.399999618530273,14.579999923706055,19000,14.933400020599365,20.921050043106078,13.183500003814697,1.3607904427864799,10.461919118241736,15.905080889387657,66.14457792563685
2019-06-16 19:00:00,14.020000457763672,14.020000457763672,13.619999885559082,13.680000305175781,19500,14.839000034332276,20.83595004081726,13.151999998092652,1.340481577046909,10.471036843998835,15.832963152186469,66.95122212189258
2019-06-17 19:00:00,13.5,13.5,13.350000381469727,13.399999618530273,3000,14.759000034332276,20.753200035095215,13.079499959945679,1.2817360699827842,10.51602781998011,15.642972099911248,63.97589984904372
2019-06-19 19:00:00,13.8100004196167,14.0,13.8100004196167,13.90999984741211,41500,14.700800037384033,20.672200031280518,13.079999971389771,1.282074903015847,10.515850165358078,15.644149777421465,64.86486123032037
2019-06-20 19:00:00,13.789999961853027,13.789999961853027,13.789999961853027,13.789999961853027,40000,14.653200035095216,20.592850031852723,13.124499988555907,1.290913587364256,10.542672813827394,15.70632716328442,61.17353119592051
2019-06-23 19:00:00,13.300000190734863,13.300000190734863,12.789999961853027,12.789999961853027,29500,14.583200016021728,20.50875002861023,13.119000005722047,1.2921541533890426,10.534691698943961,15.703308312500132,52.264809944705725
2019-06-24 19:00:00,12.149999618530273,12.239999771118164,11.789999961853027,12.15999984741211,21500,14.518800010681153,20.428900032043458,13.132000017166138,1.2804999870528453,10.571000043060447,15.69299999127183,49.88913274656651
2019-06-25 19:00:00,12.489999771118164,12.489999771118164,11.550000190734863,11.670000076293945,21500,14.45060001373291,20.353450031280516,13.170500040054321,1.2200064092229466,10.730487221608428,15.610512858500215,47.72004133464212
2019-06-26 19:00:00,11.279999732971191,11.279999732971191,11.279999732971191,11.279999732971191,2000,14.372600002288818,20.274400029182434,13.180500030517578,1.202665850490841,10.775168329535896,15.58583173149926,32.74336560593444
2019-06-27 19:00:00,10.630000114440918,11.149999618530273,10.619999885559082,11.0,21500,14.269400005340577,20.187550024986265,13.161500024795533,1.2351700978481637,10.691159829099206,15.63184022049186,22.114055165066517
2019-06-30 19:00:00,11.880000114440918,11.899999618530273,11.880000114440918,11.899999618530273,1500,14.16420000076294,20.09815001964569,13.156500005722046,1.2403110646620548,10.675877876397937,15.637122135046155,33.37801709684484
2019-07-01 19:00:00,11.300000190734863,12.5,11.300000190734863,12.449999809265137,16500,14.066800003051759,20.018400020599366,13.159000015258789,1.2387554003527292,10.68148921455333,15.636510815964247,41.53005806207689
2019-07-02 19:00:00,12.649999618530273,13.0,12.5600004196167,13.0,12500,13.984799995422364,19.945500020980834,13.2,1.2180442584148903,10.763911483170219,15.63608851682978,39.97194887129385
2019-07-03 19:00:00,12.399999618530273,12.800000190734863,12.300000190734863,12.670000076293945,21000,13.916199989318848,19.873350019454957,13.22849998474121,1.1974459721786124,10.833608040383986,15.623391929098435,35.25280804815304
2019-07-04 19:00:00,11.670000076293945,12.399999618530273,11.670000076293945,12.399999618530273,4000,13.846199989318848,19.802900018692018,13.147999954223632,1.1962600798981775,10.755479794427277,15.540520114019987,34.8611105960093
2019-07-07 19:00:00,12.109999656677246,12.109999656677246,11.920000076293945,12.010000228881836,20000,13.753999977111816,19.735750017166136,12.997999954223634,1.1371183280660855,10.723763298091463,15.272236610355804,37.51868503005143
2019-07-08 19:00:00,12.010000228881836,12.010000228881836,11.800000190734863,11.979999542236328,15000,13.66979995727539,19.66895001411438,12.877999925613404,1.1099104754578126,10.658178974697778,15.09782087652903,38.97515560142932
2019-07-09 19:00:00,11.75,11.75,11.149999618530273,11.4399995803833,36500,13.576199932098389,19.597000012397768,12.765499925613403,1.1369742986639215,10.49155132828556,15.039448522941246,30.911899806125533
2019-07-10 19:00:00,11.789999961853027,11.880000114440918,11.699999809265137,11.770000457763672,5500,13.493599948883057,19.529800019264222,12.632499933242798,1.0864761551416902,10.459547622959418,14.805452243526178,34.88024608219099
2019-07-11 19:00:00,11.600000381469727,12.479999542236328,11.0,12.09000015258789,3500,13.421199951171875,19.46300001621246,12.49849991798401,0.9677552897524785,10.562989338479053,14.434010497488966,44.16666918330682
2019-07-14 19:00:00,11.520000457763672,11.520000457763672,11.09000015258789,11.300000190734863,11500,13.31739995956421,19.394150018692017,12.334499931335449,0.8693704657005279,10.595758999934393,14.073240862736505,43.019484213982814
2019-07-15 19:00:00,10.609999656677246,10.609999656677246,10.300000190734863,10.399999618530273,6500,13.205399951934815,19.32595001220703,12.170499897003173,0.9105896038176092,10.349320689367955,13.991679104638392,40.3348542765678
2019-07-16 19:00:00,11.239999771118164,11.399999618530273,11.020000457763672,11.319999694824219,20500,13.110799961090088,19.260700006484985,12.06649990081787,0.8810775743842452,10.30434475204938,13.828655049586361,50.28168981923308
2019-07-17 19:00:00,11.489999771118164,11.489999771118164,10.8100004196167,10.8100004196167,5000,13.010999965667725,19.1954000043869,11.9114999294281,0.809465555332414,10.292568818763272,13.530431040092928,48.703959361249055
2019-07-18 19:00:00,10.0,11.0,9.829999923706055,11.0,12500,12.912399959564208,19.133150000572204,11.771999931335449,0.7019641608894887,10.368071609556472,13.175928253114426,43.202420661365856
2019-07-21 19:00:00,10.899999618530273,10.899999618530273,10.069999694824219,10.760000228881836,14500,12.811199970245362,19.067649998664855,11.67049994468689,0.69373490956111,10.28303012556467,13.05796976380911,36.60856206023866
2019-07-22 19:00:00,10.800000190734863,11.399999618530273,10.699999809265137,11.149999618530273,4500,12.716199970245361,19.007699999809265,11.619999933242799,0.6929874222970182,10.234025088648762,13.005974777836835,34.95934555918038
2019-07-23 19:00:00,11.0600004196167,11.600000381469727,11.0,11.579999923706055,14000,12.644199962615966,18.954649996757507,11.615499925613403,0.6929378633516237,10.229624198910155,13.00137565231665,41.279998779296875
2019-07-24 19:00:00,11.40999984741211,12.579999923706055,11.399999618530273,12.579999923706055,45000,12.596999969482422,18.912099995613097,11.680499935150147,0.7202446444428047,10.240010646264537,13.120989224035757,51.28940055143694
2019-07-25 19:00:00,13.579999923706055,13.579999923706055,13.0,13.5,44000,12.565199966430663,18.879399991035463,11.805499935150147,0.8075725463052119,10.190354842539723,13.420645027760571,59.920104698452256
2019-07-28 19:00:00,13.979999542236328,13.979999542236328,13.300000190734863,13.470000267028809,14500,12.538599967956543,18.851549987792968,11.883999967575074,0.8894019574447016,10.10519605268567,13.662803882464477,59.92011230754285
2019-07-29 19:00:00,13.020000457763672,13.149999618530273,12.470000267028809,12.770000457763672,26000,12.507799968719482,18.81824998855591,11.9,0.9028959846630403,10.09420803067392,13.70579196932608,58.67015012725399
2019-07-30 19:00:00,11.770000457763672,11.770000457763672,11.770000457763672,11.770000457763672,9000,12.446199970245361,18.77494998931885,11.838500022888184,0.8651272179213587,10.108245587045467,13.5687544587309,50.0
2019-08-01 19:00:00,9.819999694824219,10.149999618530273,9.819999694824219,9.819999694824219,266000,12.36459997177124,18.726999988555907,11.696000003814698,0.9513780334319506,9.793243936950796,13.598756070678599,38.615844462882364
2019-08-04 19:00:00,9.0600004196167,9.600000381469727,8.819999694824219,8.819999694824219,60000,12.28299997329712,18.67904998779297,11.517000007629395,1.131655178896605,9.253689649836186,13.780310365422604,37.81925022645083
2019-08-05 19:00:00,8.729999542236328,9.819999694824219,8.0,8.4399995803833,263000,12.19379997253418,18.634199986457826,11.338499975204467,1.3162918932034635,8.70591618879754,13.971083761611395,39.8550711045238
2019-08-07 19:00:00,8.010000228881836,8.010000228881836,7.239999771118164,7.820000171661377,168000,12.112199983596803,18.58884999036789,11.130500006675721,1.5221678109477037,8.086164384780314,14.174835628571127,31.30341780739535
2019-08-08 19:00:00,8.800000190734863,8.800000190734863,7.869999885559082,7.900000095367432,29500,12.052199993133545,18.54404998779297,10.953500032424927,1.6817387919425428,7.590022448539841,14.316977616310012,33.706603074131635
2019-08-15 19:00:00,7.519999980926514,7.739999771118164,7.389999866485596,7.389999866485596,3000,11.978399991989136,18.498199989795683,10.734500002861022,1.8468935818551044,7.040712839150814,14.42828716657123,30.486484758866013
2019-08-18 19:00:00,7.110000133514404,8.0,7.099999904632568,7.800000190734863,42500,11.906799993515016,18.459149992465974,10.520000004768372,1.9284982657508618,6.663003473266649,14.376996536270095,34.28874727084127
2019-08-19 19:00:00,7.550000190734863,8.449999809265137,7.550000190734863,8.0,120000,11.826799993515015,18.419099991321563,10.354999995231628,1.9981637008179016,6.358672593595825,14.35132739686743,32.93608098977957
2019-08-20 19:00:00,7.929999828338623,7.989999771118164,7.449999809265137,7.869999885559082,97000,11.736199998855591,18.37339998960495,10.228500008583069,2.073817494083812,6.080865020415445,14.376134996750693,29.227324124520607
2019-08-21 19:00:00,8.020000457763672,8.869999885559082,7.869999885559082,8.789999961853027,291000,11.668399991989135,18.32844998598099,10.10200002193451,2.080884514152184,5.940230993630141,14.263769050238878,28.58757175994822
2019-08-22 19:00:00,8.989999771118164,9.0,8.529999732971191,8.670000076293945,49500,11.59979998588562,18.278449985980988,9.995000004768372,2.0975161510105758,5.79996770274722,14.190032306789522,20.00000118468857
2019-08-25 19:00:00,8.739999771118164,8.739999771118164,8.300000190734863,8.319999694824219,8500,11.485999975204468,18.223249981403352,9.860999989509583,2.1154617144076218,5.63007656069434,14.091923418324827,19.235364063139855
2019-08-26 19:00:00,8.050000190734863,8.399999618530273,8.050000190734863,8.399999618530273,20000,11.353799962997437,18.173399975299834,9.742999958992005,2.1284566628493913,5.4860866332932225,13.999913284690788,21.806449667844504
2019-08-27 19:00:00,8.010000228881836,9.100000381469727,8.0,8.5,56000,11.236199960708618,18.120149977207184,9.61049997806549,2.118719865541131,5.373060246983229,13.847939709147752,26.131388172241074
2019-08-28 19:00:00,8.5,8.510000228881836,8.260000228881836,8.350000381469727,34000,11.129399976730348,18.071149981021883,9.449000000953674,2.0835039798773605,5.281992041198953,13.616007960708394,35.445551902636836
2019-08-29 19:00:00,7.699999809265137,8.399999618530273,7.699999809265137,7.800000190734863,19500,10.996799974441528,18.021549985408782,9.210000014305114,1.9768716359386562,5.2562567424278015,13.163743286182427,38.9130497880148
2019-09-01 19:00:00,8.680000305175781,8.680000305175781,8.0,8.289999961853027,2500,10.867199964523316,17.969399988651276,8.949500012397767,1.70660486337134,5.536290285655086,12.362709739140447,48.40764737457107
2019-09-02 19:00:00,8.100000381469727,8.100000381469727,7.289999961853027,7.369999885559082,145500,10.722999963760376,17.907649991512297,8.64449999332428,1.367612227663477,5.909275537997326,11.379724448651233,45.50897981323024
2019-09-03 19:00:00,7.150000095367432,7.619999885559082,7.0,7.570000171661377,76000,10.600799961090088,17.842299995422362,8.384499979019164,0.9819340886801124,6.420631801658939,10.34836815637939,46.78362714427956
2019-09-04 19:00:00,7.409999847412109,7.929999828338623,7.400000095367432,7.699999809265137,49500,10.486799964904785,17.77944999217987,8.180999946594238,0.5848246818988415,7.011350582796554,9.35064931039192,53.26315696483843
2019-09-05 19:00:00,7.510000228881836,7.800000190734863,7.489999771118164,7.800000190734863,6500,10.36459997177124,17.718499994277956,8.079999971389771,0.444451110451169,7.191097750487433,8.96890219229211,50.0
2019-09-10 19:00:00,7.699999809265137,8.0,7.699999809265137,7.900000095367432,13500,10.246799974441528,17.658599998950958,8.03399999141693,0.4101141948530377,7.213771601710855,8.854228381123006,48.84792753306794
2019-09-11 19:00:00,7.739999771118164,7.840000152587891,7.650000095367432,7.840000152587891,41500,10.147799978256225,17.601549999713896,8.00400002002716,0.4006888613859224,7.202622297255315,8.805377742799005,49.64871510825431
2019-09-12 19:00:00,7.789999961853027,7.800000190734863,7.789999961853027,7.800000190734863,1000,10.06059998512268,17.545700004100798,8.003000020980835,0.4011968735334307,7.200606273913974,8.805393768047697,35.39823494312979
2019-09-15 19:00:00,7.980000019073486,7.980000019073486,7.400000095367432,7.610000133514404,41500,9.97939998626709,17.489200005531313,7.988500022888184,0.41025374839080997,7.1679925261065645,8.809007519669803,34.68208403164931
2019-09-16 19:00:00,7.710000038146973,7.710000038146973,7.5,7.510000228881836,18500,9.903999996185302,17.43475000858307,7.994500041007996,0.40183095651143064,7.190838127985135,8.798161954030856,37.383186038683526
2019-09-17 19:00:00,7.539999961853027,7.980000019073486,7.539999961853027,7.800000190734863,30500,9.84,17.383750009536744,7.994500041007996,0.4018309565114306,7.190838127985135,8.798161954030856,41.22807873668829
2019-09-18 19:00:00,7.960000038146973,8.199999809265137,7.619999885559082,8.050000190734863,18000,9.763000011444092,17.33550000667572,7.997000050544739,0.4020224693068557,7.1929551119310275,8.80104498915845,43.69748112419245
2019-09-19 19:00:00,8.119999885559082,8.25,7.5,7.690000057220459,49500,9.667800016403199,17.283750002384185,7.988000059127808,0.40699923754025724,7.174001584047294,8.801998534208323,41.2698374653962
2019-09-22 19:00:00,7.650000095367432,7.710000038146973,7.599999904632568,7.619999885559082,14500,9.560200014114379,17.226649997234343,7.9295000553131105,0.3678597045683756,7.193780646176359,8.665219464449862,47.272722806484175
2019-09-23 19:00:00,7.849999904632568,7.849999904632568,7.849999904632568,7.849999904632568,500,9.463800010681153,17.16569999217987,7.888500046730042,0.32407394067491707,7.240352165380208,8.536647928079876,42.76315799793047
2019-09-24 19:00:00,7.510000228881836,7.599999904632568,7.5,7.539999961853027,11500,9.366600017547608,17.098199987411498,7.849500060081482,0.3162523014394217,7.216995457202638,8.482004662960325,53.49794351737022
2019-09-26 19:00:00,7.5,7.5,7.5,7.5,3500,9.27640001296997,17.02524998664856,7.804500079154968,0.29725900523083804,7.209982068693292,8.399018089616645,48.45814598569279
2019-09-29 19:00:00,7.53000020980835,7.699999809265137,7.510000228881836,7.510000228881836,2500,9.187000026702881,16.946849985122682,7.75500009059906,0.2547341702328739,7.245531750133312,8.264468431064808,45.58140628333701
2019-09-30 19:00:00,7.900000095367432,7.900000095367432,7.630000114440918,7.730000019073486,58500,9.112800035476685,16.86379998445511,7.724000072479248,0.212786041188878,7.298427990101492,8.149572154857005,48.45814598569279
2019-10-01 19:00:00,7.75,8.489999771118164,7.730000019073486,8.420000076293945,101500,9.04580002784729,16.778149988651275,7.755000066757202,0.263548665395421,7.22790273596636,8.282097397548045,59.0909083330624
2019-10-02 19:00:00,8.899999618530273,8.949999809265137,8.149999618530273,8.470000267028809,66000,8.973400030136109,16.699099986553193,7.764000082015992,0.2849820377299136,7.194036006556164,8.333964157475819,61.05263210729872
2019-10-03 19:00:00,9.079999923706055,9.079999923706055,8.350000381469727,8.609999656677246,62500,8.919600019454956,16.626799986362457,7.826000070571899,0.32659967678502533,7.172800717001849,8.47919942414195,63.72880539514609
2019-10-06 19:00:00,8.649999618530273,9.399999618530273,8.649999618530273,9.119999885559082,184000,8.894000024795533,16.55129998922348,7.903500056266784,0.4301440545687619,7.043211947129261,8.763788165404309,73.08868135859802
2019-10-07 19:00:00,9.0,9.170000076293945,8.710000038146973,9.039999961853027,62000,8.848400030136109,16.47004998445511,7.970500063896179,0.49608434715529287,6.978331369585594,8.962668758206766,73.53845743032602
2019-10-08 19:00:00,9.489999771118164,9.489999771118164,9.029999732971191,9.050000190734863,51500,8.813200025558471,16.38254998922348,8.033000063896178,0.549354608295483,6.9342908473052125,9.131709280487144,71.04376915175334
2019-10-09 19:00:00,9.149999618530273,9.600000381469727,9.149999618530273,9.489999771118164,40500,8.783000020980834,16.290649983882904,8.112500047683715,0.6371306333136438,6.838238781056428,9.386761314311004,72.7848045872944
2019-10-10 19:00:00,9.449999809265137,10.350000381469727,9.210000038146973,9.920000076293945,127500,8.766200017929076,16.20199998617172,8.216500043869019,0.7500615276760306,6.7163769885169575,9.71662309922108,84.52012393041957
2019-10-13 19:00:00,9.760000228881836,10.920000076293945,9.609999656677246,10.920000076293945,149500,8.76160002708435,16.12499998807907,8.372500038146972,0.9552617151463053,6.4619766078543615,10.283023468439582,89.66346528579511
2019-10-14 19:00:00,11.920000076293945,11.920000076293945,11.199999809265137,11.920000076293945,379000,8.768400030136108,16.047699992656707,8.58800003528595,1.2228637524660462,6.142272530353857,11.033727540218042,91.27789364480505
2019-10-15 19:00:00,12.920000076293945,12.920000076293945,12.800000190734863,12.920000076293945,113500,8.775200033187867,15.978899991512298,8.858500027656556,1.5313092994326256,5.795881428791304,11.921118626521807,97.86477067610929
2019-10-16 19:00:00,13.920000076293945,13.920000076293945,13.920000076293945,13.920000076293945,33000,8.783600034713745,15.92174998998642,9.16450002193451,1.8803540560739223,5.403791909786666,12.925208134082354,98.7841956742608
2019-10-17 19:00:00,14.789999961853027,14.850000381469727,12.920000076293945,13.220000267028809,644500,8.778600034713746,15.865749990940094,9.423000025749207,2.065345943654753,5.292308138439701,13.553691913058714,89.27097955739276
2019-10-20 19:00:00,12.800000190734863,12.800000190734863,12.220000267028809,12.239999771118164,170500,8.768000020980836,15.809249985218049,9.650500011444091,2.1144178902442854,5.42166423095552,13.879335791932661,78.08218950315766
2019-10-21 19:00:00,12.5,12.800000190734863,11.850000381469727,12.25,90000,8.777600011825562,15.748599989414215,9.882000017166138,2.133777496087929,5.61444502499028,14.149555009341997,76.05441989745991
2019-10-22 19:00:00,12.270000457763672,12.699999809265137,12.100000381469727,12.199999809265137,54000,8.82520001411438,15.689349992275238,10.099500012397765,2.1374492332996744,5.824601545798417,14.374398478997115,75.37414522889091
2019-10-23 19:00:00,12.100000381469727,12.989999771118164,12.100000381469727,12.300000190734863,68000,8.894800024032593,15.630449993610382,10.337500023841859,2.10217150498328,6.133157013875299,14.54184303380842,75.23939699614826
2019-10-24 19:00:00,12.600000381469727,12.600000381469727,12.300000190734863,12.300000190734863,26000,8.972000036239624,15.56554999113083,10.577500033378602,2.03407002051901,6.509359992340582,14.645640074416622,73.3823512499723
2019-10-27 19:00:00,12.5,12.600000381469727,12.0,12.020000457763672,92500,9.05600004196167,15.49759999036789,10.803000044822692,1.9230680454289428,6.956863953964806,14.649136135680578,71.28571492798466
2019-10-28 19:00:00,12.109999656677246,12.25,12.0,12.050000190734863,29500,9.139000043869018,15.436199991703033,11.019000053405762,1.7983059802161325,7.422388092973497,14.615612013838026,71.36751997417744
2019-10-29 19:00:00,12.0600004196167,12.59000015258789,12.050000190734863,12.199999809265137,34000,9.235200042724609,15.37629998922348,11.208000040054321,1.7071016251682711,7.793796789717779,14.622203290390864,70.13372836891804
2019-10-30 19:00:00,12.399999618530273,13.199999809265137,12.399999618530273,13.199999809265137,143000,9.343200035095215,15.321449987888336,11.444500017166138,1.6338926517975358,8.176714713571066,14.712285320761211,72.46575100870652
2019-10-31 19:00:00,13.739999771118164,14.199999809265137,12.899999618530273,14.09000015258789,416500,9.465000038146973,15.275799992084503,11.71850004196167,1.5925031133656746,8.53349381523032,14.90350626869302,72.0445051518305
2019-11-03 19:00:00,14.25,14.489999771118164,13.510000228881836,13.9399995803833,131000,9.586400032043457,15.235199992656709,11.95950002670288,1.542494467088709,8.874511092525463,15.044488960880297,65.93059267839988
2019-11-04 19:00:00,14.0,14.199999809265137,13.65999984741211,13.739999771118164,53500,9.68540002822876,15.199099996089934,12.194500017166138,1.4280773464206435,9.338345324324852,15.050654710007425,57.40071804434137
2019-11-05 19:00:00,13.800000190734863,13.850000381469727,13.600000381469727,13.710000038146973,45000,9.78620002746582,15.160750000476837,12.427500009536743,1.2580639776658844,9.911372054204975,14.943627964868512,47.70240691086151
2019-11-06 19:00:00,13.6899995803833,13.699999809265137,13.40999984741211,13.489999771118164,41500,9.8896000289917,15.121700003147126,12.627500009536742,1.0704591380574018,10.48658173342194,14.768418285651546,53.30072654107549
2019-11-07 19:00:00,13.5,14.0,13.40999984741211,13.460000038146973,23500,9.990800037384034,15.08615000486374,12.804500007629395,0.8738207988451127,11.056858409939169,14.55214160531962,69.42675372031651
2019-11-10 19:00:00,13.850000381469727,14.199999809265137,13.510000228881836,14.020000457763672,116500,10.101200046539306,15.055600011348725,12.95950002670288,0.7931713233731859,11.373157379956508,14.545842673449252,73.98374256896562
2019-11-11 19:00:00,14.0,14.550000190734863,13.5,13.569999694824219,65000,10.205600032806396,15.018550012111664,13.042000007629394,0.7646574388515271,11.51268512992634,14.571314885332448,66.74816033009714
2019-11-12 19:00:00,13.3100004196167,13.989999771118164,13.3100004196167,13.699999809265137,86000,10.323600025177003,14.981550009250642,13.080999994277954,0.7778844033173598,11.525231187643236,14.636768800912673,66.99028317177198
2019-11-13 19:00:00,14.0,14.5,13.699999809265137,13.699999809265137,120500,10.431800022125245,14.939350011348724,13.069999980926514,0.766873295683616,11.536253389559283,14.603746572293746,66.99028317177198
2019-11-14 19:00:00,13.4399995803833,14.0,13.4399995803833,13.760000228881836,45500,10.5596000289917,14.891950013637542,13.096999979019165,0.7817934388459172,11.53341310132733,14.660586856711,72.3076806454074
2019-11-17 19:00:00,13.899999618530273,14.5,13.899999618530273,14.390000343322754,120000,10.696000032424926,14.842400019168855,13.204500007629395,0.8052163521671802,11.594067303295034,14.814932711963756,75.99999067518841
2019-11-18 19:00:00,15.0600004196167,15.0600004196167,14.0,14.399999618530273,131500,10.830000028610229,14.789750015735626,13.311999988555907,0.8145427596693929,11.682914469217122,14.941085507894693,75.22934656052888
2019-11-19 19:00:00,14.5,14.5,13.699999809265137,13.779999732971191,96000,10.949600019454955,14.738900010585786,13.39099998474121,0.7767603983804655,11.837479187980279,14.944520781502142,57.286428548493845
2019-11-20 19:00:00,13.600000381469727,14.149999618530273,13.510000228881836,13.550000190734863,54000,11.062600021362305,14.685700008869171,13.45349998474121,0.7334365085115857,11.986626967718038,14.920373001764382,41.867472042554546
2019-11-21 19:00:00,13.75,14.149999618530273,13.5,14.0,31000,11.185800018310546,14.632750008106232,13.538499975204468,0.6899372073894182,12.158625560425632,14.918374389983304,50.828735103777944
2019-11-24 19:00:00,14.0,15.0,14.0,15.0,200000,11.32980001449585,14.587650005817414,13.687499952316283,0.666111075259702,12.355277801796879,15.019722102835688,64.25339600829051
2019-11-25 19:00:00,15.5,15.989999771118164,14.899999618530273,15.510000228881836,325500,11.487800016403199,14.546250002384186,13.860499954223632,0.6677494449264803,12.525001064370672,15.195998844076593,68.36734674017613
2019-11-26 19:00:00,15.600000381469727,16.100000381469727,15.5,15.710000038146973,73500,11.6518000125885,14.505000007152557,14.035999965667724,0.6696142586154338,12.696771448436856,15.375228482898592,72.7459038418808
2019-11-27 19:00:00,15.800000190734863,16.610000610351562,15.800000190734863,16.40999984741211,175500,11.824000005722047,14.467050006389618,14.196499967575074,0.8252928034229694,12.545914360729135,15.847085574421012,76.57657394489686
2019-11-28 19:00:00,16.420000076293945,17.3700008392334,16.049999237060547,16.68000030517578,198000,11.996600008010864,14.429300010204315,14.325999975204468,0.9937192946068194,12.338561385990829,16.313438564418107,75.2851685519562
2019-12-01 19:00:00,16.200000762939453,16.75,16.100000381469727,16.15999984741211,109500,12.166000003814696,14.388950011730195,14.436999988555907,1.0694371825300633,12.298125623495782,16.575874353616033,74.2964370512318
2019-12-02 19:00:00,16.200000762939453,16.3799991607666,15.25,15.680000305175781,88000,12.327200012207031,14.348050010204314,14.534000015258789,1.0906608870574221,12.352678241143945,16.715321789373633,67.42958382017461
2019-12-03 19:00:00,15.300000190734863,15.899999618530273,15.100000381469727,15.270000457763672,72500,12.475600023269653,14.307550008296966,14.612000036239625,1.0843946374337838,12.443210761372058,16.780789311107192,62.88999059949479
2019-12-04 19:00:00,15.800000190734863,16.0,15.350000381469727,15.569999694824219,65500,12.636200017929077,14.268350007534027,14.716000032424926,1.0707813583643806,12.574437315696166,16.857562749153686,64.29699868203072
2019-12-05 19:00:00,15.350000381469727,15.5,15.0,15.069999694824219,42500,12.787600011825562,14.228300006389619,14.79650001525879,1.0311734874102974,12.734153040438194,16.858846990079385,55.48386759365893
2019-12-08 19:00:00,15.5,15.5,14.800000190734863,15.079999923706055,19500,12.939000005722045,14.182550008296966,14.849499988555909,1.016296091167645,12.81690780622062,16.882092170891198,55.48387444106215
2019-12-09 19:00:00,14.899999618530273,15.649999618530273,14.899999618530273,15.199999809265137,63000,13.088400001525878,14.131350004673005,14.930999994277954,0.9727113829944907,12.985577228288973,16.876422760266934,62.45614352098636
2019-12-10 19:00:00,15.199999809265137,15.59000015258789,14.75,15.119999885559082,79000,13.222399997711182,14.083050000667573,15.001999998092652,0.9289700224641295,13.144059953164392,16.85994004302091,64.14414333915963
2019-12-11 19:00:00,15.0,15.0,14.199999809265137,14.510000228881836,30500,13.343199996948242,14.03525000333786,15.042500019073486,0.8858767586055135,13.27074650186246,16.814253536284514,54.46585210730324
2019-12-12 19:00:00,14.510000228881836,14.899999618530273,14.149999618530273,14.609999656677246,72500,13.463199996948243,13.987650005817413,15.084999990463256,0.8403289110937302,13.404342168275797,16.765657812650716,45.94594112318284
2019-12-15 19:00:00,14.3100004196167,15.609999656677246,14.3100004196167,15.609999656677246,68000,13.592999992370606,13.945900008678436,15.145999956130982,0.8314565887756294,13.483086778579723,16.808913133682243,50.943391133812966
2019-12-16 19:00:00,16.610000610351562,16.610000610351562,16.600000381469727,16.610000610351562,144000,13.744400005340577,13.911600015163422,15.256500005722046,0.8729157828195916,13.510668440082863,17.00233157136123,57.37705456252688
2019-12-17 19:00:00,17.399999618530273,17.610000610351562,16.989999771118164,17.610000610351562,104000,13.91560001373291,13.879250018596649,15.448000049591064,0.9487699521107656,13.550460145369533,17.345539953812594,59.37500651925841
2019-12-18 19:00:00,18.610000610351562,18.610000610351562,16.610000610351562,16.68000030517578,448500,14.059400024414062,13.842150018215179,15.60450005531311,0.8744532170766978,13.855593621159715,17.353406489466504,50.0
2019-12-19 19:00:00,16.989999771118164,17.649999618530273,16.489999771118164,17.530000686645508,96500,14.211600036621094,13.811950023174285,15.781000089645385,0.8896713514916924,14.001657386662,17.56034279262877,59.26928925834846
2019-12-22 19:00:00,17.260000228881836,17.399999618530273,16.600000381469727,16.6299991607666,57000,14.325800018310547,13.780050017833709,15.862500047683715,0.8890201755797684,14.084459696524178,17.640540398843253,56.08193782679519
2019-12-23 19:00:00,16.299999237060547,16.299999237060547,15.699999809265137,15.859999656677246,117500,14.404600009918212,13.743600018024445,15.880000019073487,0.8851525508989891,14.109694917275508,17.650305120871465,53.61076575602259
2019-12-25 19:00:00,16.489999771118164,16.700000762939453,15.970000267028809,16.489999771118164,40000,14.476000003814697,13.707650015354156,15.919000005722046,0.894403225140847,14.130193555440352,17.70780645600374,55.41176394030314
2019-12-26 19:00:00,16.450000762939453,16.5,16.110000610351562,16.149999618530273,20000,14.520599994659424,13.671700012683868,15.905999994277954,0.8887627539785607,14.128474486320833,17.683525502235074,56.47481808724082
2019-12-29 19:00:00,16.100000381469727,16.700000762939453,16.100000381469727,16.290000915527344,52000,14.582000007629395,13.634250013828277,15.886500024795533,0.8750597174925795,14.136380589810374,17.636619459780693,57.14286035983796
2019-12-30 19:00:00,16.309999465942383,16.389999389648438,15.899999618530273,15.970000267028809,49500,14.656600017547607,13.598950011730194,15.877000045776366,0.8729630672793026,14.131073911217761,17.62292618033497,54.440600416360596
2019-12-31 19:00:00,16.100000381469727,16.440000534057617,16.100000381469727,16.280000686645508,15500,14.737200031280517,13.570900018215179,15.907000064849854,0.8761406524818818,14.15471875988609,17.659281369813616,56.51685522084462
2020-01-01 19:00:00,16.450000762939453,17.239999771118164,16.450000762939453,16.739999771118164,160500,14.828000030517579,13.54915001630783,15.980500030517579,0.8815328016659782,14.217434427185623,17.743565633849535,62.74284897162346
2020-01-02 19:00:00,16.5,16.610000610351562,15.899999618530273,16.200000762939453,121500,14.90600004196167,13.5212500166893,16.01200008392334,0.8773382743901076,14.257323535143124,17.766676632703554,58.65071011352042
2020-01-05 19:00:00,15.399999618530273,16.0,15.199999809265137,15.270000457763672,91000,14.965400047302246,13.483550021648407,16.022000122070313,0.867116370609044,14.287767380852225,17.7562328632884,48.1359700604945
2020-01-06 19:00:00,14.270000457763672,16.170000076293945,14.270000457763672,14.270000457763672,442500,15.010400047302246,13.437850024700165,15.981500148773193,0.9300610816572799,14.121377985458633,17.841622312087754,37.17105565859139
2020-01-07 19:00:00,14.270000457763672,14.270000457763672,13.270000457763672,13.289999961853027,339000,15.03520004272461,13.38720002412796,15.886000156402588,1.0975159560365322,13.690968244329524,18.08103206847565,26.26374115821085
2020-01-08 19:00:00,13.899999618530273,14.0,13.510000228881836,13.90999984741211,51000,15.06940004348755,13.337900021076202,15.82550015449524,1.172736341412527,13.480027471670185,18.170972837320292,34.2434609318057
2020-01-09 19:00:00,13.720000267028809,13.949999809265137,13.5,13.5600004196167,37500,15.07660005569458,13.284300019741059,15.778000164031983,1.2457870903566977,13.286425983318587,18.26957434474538,26.05549232879048
2020-01-12 19:00:00,13.5,13.899999618530273,13.270000457763672,13.579999923706055,44500,15.066400051116943,13.236850020885468,15.726500177383423,1.3159279078454695,13.094644361692485,18.358355993074362,29.419707828160497
2020-01-13 19:00:00,13.789999961853027,13.789999961853027,13.109999656677246,13.15999984741211,119000,15.05080005645752,13.181550023555756,15.604000186920166,1.4359094960013914,12.732181194917382,18.475819178922947,30.87818945617198
2020-01-14 19:00:00,13.109999656677246,13.449999809265137,13.0,13.079999923706055,61000,15.037600059509277,13.131900022029876,15.427500152587891,1.5202212575772789,12.387057637433333,18.46794266774245,23.80952590229161
2020-01-15 19:00:00,13.399999618530273,13.609999656677246,13.0,13.5600004196167,73000,15.034600067138673,13.08755002260208,15.225000143051147,1.4834969833944447,12.258006176262258,18.19199410984004,30.526323488308023
2020-01-16 19:00:00,13.399999618530273,13.84000015258789,13.399999618530273,13.5600004196167,71000,15.036000080108643,13.042300021648407,15.069000148773194,1.4864826257774697,12.096034897218255,18.041965400328134,29.032251921229133
2020-01-19 19:00:00,13.600000381469727,13.9399995803833,13.5,13.829999923706055,104500,15.043400077819824,13.001500022411346,14.884000110626221,1.3912712658051842,12.101457579015854,17.66654264223659,33.436525057799926
2020-01-20 19:00:00,13.800000190734863,14.199999809265137,13.649999618530273,14.09000015258789,68500,15.044800071716308,12.959000022411347,14.757000160217284,1.3384284277552447,12.080143304706795,17.433857015727774,32.91730703710701
2020-01-21 19:00:00,14.149999618530273,14.350000381469727,13.699999809265137,13.859999656677246,48500,15.050600070953369,12.917400019168854,14.657000160217285,1.326340919943288,12.00431832033071,17.309682000103862,26.69902575522758
2020-01-22 19:00:00,14.0,14.199999809265137,13.300000190734863,13.569999694824219,69000,15.048000068664551,12.877800018787385,14.511000156402588,1.2736145599357853,11.963771036531018,17.058229276274158,27.824612708537842
2020-01-23 19:00:00,13.510000228881836,13.600000381469727,13.050000190734863,13.210000038146973,34500,15.038200073242187,12.841750018596649,14.364000177383422,1.2438033583908208,11.876393460601781,16.851606894165066,30.78357694435256
2020-01-26 19:00:00,13.550000190734863,13.789999961853027,13.300000190734863,13.380000114440918,40000,15.03060007095337,12.811650021076202,14.218500137329102,1.174941457443394,11.868617222442314,16.56838305221589,40.17659607300892
2020-01-27 19:00:00,13.25,13.5,13.25,13.460000038146973,11000,15.012000064849854,12.786950023174287,14.093000125885009,1.1102826993877826,11.872434727109443,16.313565524660575,52.34159938838724
2020-01-28 19:00:00,13.6899995803833,14.460000038146973,13.6899995803833,14.460000038146973,127500,15.013200073242187,12.772250025272369,14.002000093460083,0.9896284029729027,12.022743287514277,15.981256899405889,56.85785897936853
2020-01-29 19:00:00,14.979999542236328,15.300000190734863,14.550000190734863,15.149999618530273,392500,15.040600070953369,12.7639000248909,13.922500085830688,0.8046829645037158,12.313134156823256,15.53186601483812,68.27585526510505
2020-01-30 19:00:00,15.149999618530273,15.970000267028809,14.5,14.619999885559082,344500,15.062000064849853,12.756150023937225,13.84350004196167,0.6273358578209618,12.588828326319746,15.098171757603595,60.69958884075385
2020-02-02 19:00:00,14.130000114440918,14.729999542236328,13.619999885559082,13.739999771118164,90500,15.056800060272217,12.74340001821518,13.767000007629395,0.5299562572006226,12.70708749322815,14.826912522030641,55.45112741519827
2020-02-03 19:00:00,13.640000343322754,14.399999618530273,13.640000343322754,13.920000076293945,75000,15.035200061798095,12.736100018024445,13.749499988555907,0.51811874330933,12.713262501937248,14.785737475174567,57.749078789333346
2020-02-05 19:00:00,14.0,14.399999618530273,13.800000190734863,13.979999542236328,106500,15.004600048065186,12.730600016117096,13.783999967575074,0.5088003646277284,12.766399238319618,14.80160069683053,54.19999202728119
2020-02-06 19:00:00,14.0,14.0,13.050000190734863,13.1899995803833,27500,14.954200038909912,12.720650012493133,13.747999954223634,0.5246411746638071,12.69871760489602,14.797282303551247,46.804828129411156
2020-02-09 19:00:00,13.0,13.0,12.199999809265137,12.220000267028809,64500,14.870400047302246,12.700950014591218,13.680999946594238,0.625736537778436,12.429526871037366,14.93247302215111,37.59630238799211
2020-02-10 19:00:00,12.600000381469727,12.600000381469727,11.760000228881836,12.260000228881836,62000,14.782000045776368,12.676450016498565,13.614999961853027,0.7019258212760219,12.211148319300984,15.01885160440507,35.4066957991169
2020-02-11 19:00:00,12.390000343322754,13.100000381469727,12.390000343322754,12.550000190734863,130000,14.709800052642823,12.652600018978118,13.584499979019165,0.7352010731833651,12.114097832652435,15.054902125385896,39.6524496330236
2020-02-12 19:00:00,12.6899995803833,12.699999809265137,12.449999809265137,12.539999961853027,29000,14.647000045776368,12.629800016880035,13.557499980926513,0.7640533091176325,12.029393362691248,15.085606599161778,41.4876030973459
2020-02-13 19:00:00,12.649999618530273,12.649999618530273,12.170000076293945,12.5,7500,14.591600036621093,12.611800014972687,13.50449995994568,0.7997990417758224,11.904901876394035,15.104098043497324,43.80453566285125
2020-02-16 19:00:00,12.489999771118164,12.579999923706055,12.260000228881836,12.579999923706055,10000,14.53180004119873,12.595200016498566,13.455499935150147,0.8258167123224132,11.80386651050532,15.107133359794974,42.90779776079237
2020-02-17 19:00:00,12.279999732971191,12.300000190734863,12.279999732971191,12.300000190734863,7000,14.476400051116944,12.573600013256073,13.378999948501587,0.8594789138419452,11.660042120817696,15.097957776185478,40.06849147294063
2020-02-18 19:00:00,12.260000228881836,12.75,12.260000228881836,12.670000076293945,11500,14.428200054168702,12.556000010967255,13.30799994468689,0.8562991232527609,11.595401698181368,15.020598191192411,32.82149132384869
2020-02-19 19:00:00,12.399999618530273,12.420000076293945,12.319999694824219,12.40999984741211,8000,14.37240005493164,12.537450006008148,13.235499954223632,0.8684011655277762,11.49869762316808,14.972302285279184,21.33890720866239
2020-02-20 19:00:00,12.25,12.6899995803833,12.210000038146973,12.619999885559082,19500,14.322400054931641,12.521050007343293,13.187999963760376,0.8750974796135553,11.437805004533265,14.938194922987487,27.57847073373921
2020-02-23 19:00:00,12.020000457763672,12.600000381469727,12.010000228881836,12.260000228881836,18000,14.27740005493164,12.503800008296967,13.14049997329712,0.8992889267133372,11.341922119870445,14.939077826723794,31.218273374468822
2020-02-24 19:00:00,12.300000190734863,12.649999618530273,12.020000457763672,12.329999923706055,25500,14.231800060272217,12.483000009059905,13.087999963760376,0.915081701650826,11.257836560458724,14.918163367062029,29.24280710071902
2020-02-25 19:00:00,12.039999961853027,12.199999809265137,12.010000228881836,12.079999923706055,14500,14.161200065612793,12.463400008678436,13.01899995803833,0.9373135155673751,11.14437292690358,14.89362698917308,26.36815542714423
2020-02-26 19:00:00,12.0,12.0,11.079999923706055,11.119999885559082,138500,14.051400051116943,12.438750011920929,12.851999950408935,0.9642154131531143,10.923569124102706,14.780430776715164,25.298324901241187
2020-03-01 19:00:00,11.649999618530273,11.850000381469727,11.59000015258789,11.779999732971191,41500,13.934800033569337,12.41865000963211,12.683499956130982,0.8260576291335682,11.031384697863846,14.335615214398118,44.32988879860114
2020-03-02 19:00:00,11.970000267028809,11.979999542236328,11.5,11.5,10500,13.83120002746582,12.396500008106232,12.527499961853028,0.7301396092723038,11.06722074330842,13.987779180397636,40.7766938602802
2020-03-03 19:00:00,11.069999694824219,11.399999618530273,11.069999694824219,11.210000038146973,52500,13.70480001449585,12.373450009822845,12.400999975204467,0.7281764701019816,10.944647035000504,13.85735291540843,33.73785800989414
2020-03-04 19:00:00,11.399999618530273,11.489999771118164,11.220000267028809,11.260000228881836,42500,13.597400035858154,12.350250012874604,12.267999982833862,0.6772746319734265,10.91345071888701,13.622549246780714,34.61538373365886
2020-03-05 19:00:00,11.0600004196167,11.15999984741211,11.0600004196167,11.100000381469727,8000,13.502200050354004,12.329850013256072,12.124000024795532,0.5953273506528521,10.933345323489828,13.314654726101235,33.644859604840036
2020-03-08 19:00:00,10.899999618530273,10.899999618530273,10.109999656677246,10.579999923706055,29000,13.384000053405762,12.308050014972686,11.99350004196167,0.6341531768939678,10.725193688173736,13.261806395749606,28.813556239920246
2020-03-09 19:00:00,10.5,10.949999809265137,10.0,10.699999809265137,30500,13.27500005722046,12.286100013256073,11.917500019073486,0.6938517668926055,10.529796485288275,13.305203552858698,32.4561341133944
2020-03-10 19:00:00,10.800000190734863,11.0,10.350000381469727,10.779999732971191,41000,13.164800033569335,12.266000010967254,11.843499994277954,0.7332069302134985,10.377086133850957,13.30991385470495,27.868845868568485
2020-03-11 19:00:00,10.520000457763672,10.520000457763672,10.300000190734863,10.399999618530273,11000,13.053400020599366,12.246450006961823,11.735999965667725,0.7802726018890277,10.17545476188967,13.29654516944578,27.107055713704753
2020-03-12 19:00:00,10.0,10.350000381469727,10.0,10.039999961853027,26500,12.928600006103515,12.222400004863738,11.610999965667725,0.8424644721850935,9.926071021297538,13.295928910037912,21.58589771651667
2020-03-15 19:00:00,9.510000228881836,9.510000228881836,9.039999961853027,9.050000190734863,43500,12.774800014495849,12.198150007724761,11.438499975204468,0.9909712195872519,9.456557536029965,13.420442414378972,18.955506935168756
2020-03-16 19:00:00,9.25,9.25,8.5,8.550000190734863,15500,12.621800003051758,12.176400010585786,11.236999988555908,1.1444791778708487,8.94804163281421,13.525958344297607,16.249998935631226
2020-03-17 19:00:00,9.0,9.0,7.570000171661377,7.889999866485596,58500,12.474199991226197,12.151350011825562,11.016499972343444,1.3374534802993219,8.3415930117448,13.691406932942089,15.141429034211129
2020-03-18 19:00:00,7.300000190734863,7.789999961853027,7.099999904632568,7.789999961853027,57000,12.344599981307983,12.130800013542176,10.7724999666214,1.4594947592883558,7.853510448044688,13.691489485198112,17.66990125859094
2020-03-19 19:00:00,7.800000190734863,8.25,7.800000190734863,7.949999809265137,9000,12.237799978256225,12.11605001449585,10.54949996471405,1.5349077695090538,7.479684425695942,13.619315503732157,8.817201742947631
2020-03-23 19:00:00,7.019999980926514,7.400000095367432,6.949999809265137,7.010000228881836,37000,12.09979998588562,12.095700016021729,10.268999981880189,1.6452544037389623,6.978491174402264,13.559508789358112,7.721278505615544
2020-03-24 19:00:00,7.150000095367432,8.010000228881836,7.150000095367432,7.949999809265137,18000,11.98759997367859,12.07855001449585,10.053499960899353,1.652991763656357,6.7475164335866396,13.359483488212067,22.651000590126074
2020-03-25 19:00:00,8.0,8.420000076293945,7.619999885559082,7.71999979019165,8000,11.8703999710083,12.057150013446808,9.822999954223633,1.640208901138137,6.542582151947359,13.103417756499907,21.172629759722952
2020-03-26 19:00:00,7.800000190734863,8.350000381469727,7.800000190734863,8.079999923706055,1000,11.768799972534179,12.035550014972687,9.622999954223634,1.5937281646342887,6.435543624955056,12.810456283492211,26.18295868017475
2020-03-29 19:00:00,8.399999618530273,8.489999771118164,7.5,7.980000019073486,50500,11.666799974441528,12.014550013542175,9.465999960899353,1.5931577353867694,6.279684490125814,12.652315431672893,28.040536322716378
2020-03-30 19:00:00,8.0,8.390000343322754,7.900000095367432,8.069999694824219,55500,11.556999959945678,11.994400010108947,9.280499958992005,1.5240337164769402,6.232432526038124,12.328567391945885,27.674016869191632
2020-03-31 19:00:00,8.0,9.069999694824219,7.920000076293945,8.880000114440918,71000,11.463399953842163,11.968750009536743,9.14949996471405,1.4331029333443974,6.283294098025255,12.015705831402844,35.64954739358751
2020-04-01 19:00:00,9.180000305175781,9.880000114440918,9.100000381469727,9.800000190734863,81000,11.382799959182739,11.942700009346009,9.078999972343444,1.35917895778833,6.3606420567667845,11.797357887920104,45.81005921439334
2020-04-02 19:00:00,10.399999618530273,10.399999618530273,9.800000190734863,9.989999771118164,60000,11.300799951553344,11.920750007629394,9.015499949455261,1.279236918981242,6.457026111492777,11.573973787417746,49.64234478402138
2020-04-05 19:00:00,9.5,9.529999732971191,9.199999809265137,9.34000015258789,21000,11.210399961471557,11.899000010490418,8.92749993801117,1.185388523766943,6.556722890477284,11.298276985545057,52.18045127877713
2020-04-06 19:00:00,8.829999923706055,9.680000305175781,8.829999923706055,9.430000305175781,18500,11.127599973678588,11.874000010490418,8.869999957084655,1.1274890255840506,6.615021905916554,11.124978008252757,57.05128430458102
2020-04-07 19:00:00,9.430000305175781,9.960000038146973,9.180000305175781,9.739999771118164,7000,11.058199968338013,11.84885000705719,8.821999955177308,1.0641358927666824,6.6937281696439435,10.950271740710672,65.70458867275772
2020-04-08 19:00:00,10.739999771118164,10.739999771118164,9.3100004196167,9.920000076293945,38000,10.988999967575074,11.82555000782013,8.778999972343446,0.9960495636809042,6.786900844981637,10.771099099705253,67.83920183987308
2020-04-09 19:00:00,10.170000076293945,10.180000305175781,10.170000076293945,10.180000305175781,1000,10.92339997291565,11.80805000782013,8.76800000667572,0.9782616706133741,6.811476665448972,10.724523347902469,68.36903590105352
2020-04-12 19:00:00,10.0,10.0,9.5,9.789999961853027,19000,10.829999971389771,11.790000009536744,8.755500006675721,0.9626251675290267,6.8302496716176675,10.680750341733773,75.18115926379791
2020-04-13 19:00:00,9.979999542236328,10.199999809265137,9.5,10.0,15500,10.726999979019165,11.770450010299683,8.802999997138977,1.0006109171569189,6.80177816282514,10.804221831452814,71.39874955178303
2020-04-14 19:00:00,10.380000114440918,10.380000114440918,9.760000228881836,10.149999618530273,13000,10.637599973678588,11.752250008583069,8.882999968528747,1.042406656497085,6.798186655534577,10.967813281522917,75.79617892430184
2020-04-15 19:00:00,9.800000190734863,9.800000190734863,9.149999618530273,9.3100004196167,73000,10.54899998664856,11.734850010871888,8.953999996185303,1.0193155912490934,6.915368813687116,10.992631178683489,61.849718895692625
2020-04-16 19:00:00,9.779999732971191,10.09000015258789,9.699999809265137,10.039999961853027,30000,10.471399984359742,11.724250011444092,9.066499996185303,1.008188998107921,7.050121999969461,11.082877992401146,67.69759928805405
2020-04-19 19:00:00,10.479999542236328,10.479999542236328,9.699999809265137,9.869999885559082,27000,10.389199991226196,11.715250010490417,9.1625,0.9874788592645475,7.187542281470905,11.137457718529095,65.25424235650067
2020-04-20 19:00:00,9.510000228881836,9.65999984741211,8.949999809265137,9.100000381469727,54500,10.307400007247924,11.70435001373291,9.267000007629395,0.8485101915511056,7.569979624527184,10.964020390731607,51.877136105163295
2020-04-21 19:00:00,9.199999809265137,9.59000015258789,9.199999809265137,9.520000457763672,9500,10.253400011062622,11.696950016021729,9.345500040054322,0.7909253728060122,7.763649294442297,10.927350785666347,47.38806109567617
2020-04-22 19:00:00,9.789999961853027,10.0,9.5,10.0,19000,10.208200006484985,11.687450017929077,9.459500050544738,0.703820216616633,8.051859617311472,10.867140483778005,50.08849763657466
2020-04-26 19:00:00,9.600000381469727,10.100000381469727,9.600000381469727,10.0600004196167,18500,10.158400011062621,11.675500020980834,9.558500075340271,0.6355045672188707,8.28749094090253,10.829509209778013,57.1146292363837
2020-04-27 19:00:00,10.399999618530273,10.489999771118164,10.050000190734863,10.100000381469727,11000,10.109600019454955,11.661000022888183,9.664500093460083,0.5256722573720063,8.61315557871607,10.715844608204096,56.68662974810045
2020-04-28 19:00:00,9.899999618530273,10.449999809265137,9.899999618530273,10.100000381469727,4500,10.061600027084351,11.648150024414063,9.766000127792358,0.37637320234734206,9.013253723097673,10.518746532487043,53.82979465966603
2020-04-29 19:00:00,10.050000190734863,10.050000190734863,9.8100004196167,10.020000457763672,10000,10.010400037765503,11.63625002861023,9.823000144958495,0.31672826359903516,9.189543617760425,10.456456672156566,51.086961028708096
2020-05-03 19:00:00,10.100000381469727,10.390000343322754,9.699999809265137,10.25,9000,9.969400033950805,11.62745002746582,9.845500135421753,0.3306846130761402,9.184130909269474,10.506869361574033,50.765861364485325
2020-05-04 19:00:00,10.25,10.600000381469727,10.100000381469727,10.180000305175781,26500,9.919600038528442,11.618450031280517,9.855000162124634,0.3377089343053149,9.179582293514004,10.530418030735264,54.58824242193049
2020-05-05 19:00:00,10.029999732971191,10.34000015258789,10.010000228881836,10.239999771118164,8500,9.876200037002564,11.612450032234191,9.900000143051148,0.3252042989712012,9.249591545108746,10.55040874099355,52.926828927897056
2020-05-06 19:00:00,10.449999809265137,10.449999809265137,10.239999771118164,10.25,4000,9.828800039291382,11.604850029945373,9.941000127792359,0.31433965560265126,9.312320816587055,10.569679438997662,51.26263197922723
2020-05-07 19:00:00,10.050000190734863,10.399999618530273,10.050000190734863,10.229999542236328,1500,9.788200025558472,11.595550026893616,9.965500116348267,0.31693378787046705,9.331632540607332,10.599367692089201,64.64967485460255
2020-05-10 19:00:00,10.010000228881836,10.399999618530273,10.0,10.399999618530273,9000,9.749600019454956,11.591050024032592,9.989500093460084,0.33116167761609877,9.327176738227886,10.651823448692282,56.97674031770675
2020-05-11 19:00:00,10.550000190734863,11.399999618530273,10.550000190734863,11.399999618530273,82500,9.73600001335144,11.596050024032593,10.050500059127808,0.45667515467429254,9.137149749779223,10.963850368476393,72.43402095790883
2020-05-12 19:00:00,12.1899995803833,12.300000190734863,11.220000267028809,11.449999809265137,59000,9.742600011825562,11.596700024604797,10.133500051498412,0.5484644121412253,9.036571227215962,11.230428875780863,93.68029357574392
2020-05-13 19:00:00,11.220000267028809,11.220000267028809,10.829999923706055,11.15999984741211,31500,9.73020001411438,11.598450021743774,10.191500043869018,0.5931206765150631,9.005258690838891,11.377741396899145,82.03124476130942
2020-05-14 19:00:00,11.449999809265137,11.449999809265137,10.949999809265137,11.0,16500,9.72020001411438,11.598450021743774,10.234000062942505,0.6198418925151997,8.994316277912105,11.473683847972904,72.32143085221878
2020-05-17 19:00:00,11.0,11.0,10.949999809265137,11.0,4000,9.71600001335144,11.599650020599364,10.31850004196167,0.6021912223066721,9.114117597348326,11.522882486575014,71.55962981676761
2020-05-18 19:00:00,11.0,11.0,10.699999809265137,10.770000457763672,31000,9.706200017929078,11.597750024795532,10.355000066757203,0.6065300960506191,9.141939874655964,11.568060258858441,64.13502907701991
2020-05-19 19:00:00,10.899999618530273,10.899999618530273,10.699999809265137,10.890000343322754,7000,9.702000017166137,11.594300026893615,10.406000089645385,0.6064858424329055,9.193028404779573,11.618971774511197,65.86346058316637
2020-05-20 19:00:00,11.0,11.0,10.5,10.649999618530273,23500,9.703400011062621,11.584650025367736,10.483500051498414,0.5242765499115654,9.434946951675283,11.532053151321545,61.8867783293495
2020-05-27 19:00:00,10.529999732971191,10.569999694824219,10.25,10.3100004196167,45500,9.695600023269654,11.56870002746582,10.523000049591065,0.4753401980136826,9.5723196535637,11.473680445618431,51.08696440893428
2020-05-28 19:00:00,10.149999618530273,10.5,9.899999618530273,10.039999961853027,98500,9.68080002784729,11.55155002593994,10.525000047683715,0.47310273759853505,9.578794572486645,11.471205522880785,47.63512936624154
2020-05-31 19:00:00,10.020000457763672,10.180000305175781,9.5600004196167,9.630000114440918,58500,9.665400037765503,11.535850024223327,10.503500032424927,0.5041017555707584,9.49529652128341,11.511703543566444,40.78550484371412
2020-06-01 19:00:00,9.649999618530273,10.0,9.600000381469727,9.979999542236328,57000,9.66420002937317,11.52690001964569,10.497499990463258,0.5098386640712294,9.477822662320799,11.517177318605716,46.3013632057256
2020-06-02 19:00:00,9.989999771118164,10.0,9.100000381469727,9.289999961853027,82500,9.669000024795531,11.524250020980835,10.456999969482421,0.5715177922455561,9.313964384991309,11.600035553973534,39.12037205671627
2020-06-03 19:00:00,9.350000381469727,9.5,9.25,9.430000305175781,19000,9.686600027084351,11.527300024032593,10.427499961853027,0.6092434427633331,9.209013076326361,11.645986847379692,38.6946440837722
2020-06-04 19:00:00,9.369999885559082,9.390000343322754,9.149999618530273,9.289999961853027,20000,9.714600028991699,11.531550025939941,10.37949995994568,0.6596926672135909,9.060114625518498,11.698885294372861,19.24198169667868
2020-06-07 19:00:00,9.3100004196167,9.350000381469727,9.010000228881836,9.15999984741211,69000,9.74200002670288,11.538250024318694,10.328499937057495,0.7131861148490568,8.902127707359382,11.754872166755609,17.378911186276
2020-06-08 19:00:00,9.15999984741211,9.25,9.15999984741211,9.199999809265137,6000,9.767000026702881,11.544750022888184,10.276499938964843,0.7565731090314105,8.763353720902021,11.789646157027665,19.938643038161317
2020-06-09 19:00:00,9.149999618530273,9.34000015258789,9.149999618530273,9.3100004196167,17000,9.813000030517578,11.55435002565384,10.229499959945679,0.7868957541624386,8.655708451620802,11.803291468270556,23.67601930997357
2020-06-10 19:00:00,9.3100004196167,9.470000267028809,9.300000190734863,9.470000267028809,26000,9.84340003967285,11.562700026035309,10.191499996185303,0.805012364060038,8.581475268065228,11.801524724305379,27.29970645507359
2020-06-11 19:00:00,9.25,9.399999618530273,9.25,9.399999618530273,2500,9.877000036239624,11.569700024127961,10.141499996185303,0.8222515294127678,8.496996937359768,11.786003055010838,28.660429658370788
2020-06-14 19:00:00,9.25,9.260000228881836,8.779999732971191,9.020000457763672,73000,9.895800046920776,11.575450026988984,10.022500038146973,0.8025149314822064,8.41747017518256,11.627529901111386,23.05475876576415
2020-06-15 19:00:00,8.75,9.380000114440918,8.75,8.970000267028809,27000,9.915600051879883,11.576350028514861,9.898500061035156,0.7608532044243248,8.376793652186507,11.420206469883805,24.390251703166527
2020-06-16 19:00:00,9.050000190734863,9.350000381469727,8.829999923706055,8.970000267028809,89000,9.933600063323974,11.577850029468536,9.789000082015992,0.726562911511929,8.335874258992135,11.242125905039849,27.21088589840322
2020-06-17 19:00:00,8.800000190734863,9.130000114440918,8.800000190734863,8.979999542236328,24500,9.935600051879883,11.581150028705597,9.688000059127807,0.6887792635046912,8.310441532118425,11.06555858613719,30.22386798297478
2020-06-18 19:00:00,9.100000381469727,9.100000381469727,8.800000190734863,8.8100004196167,35500,9.91580005645752,11.583200032711028,9.578500080108643,0.6416941071912744,8.295111865726094,10.861888294491193,33.19671810778402
2020-06-21 19:00:00,8.609999656677246,9.8100004196167,8.5,9.8100004196167,236000,9.91220006942749,11.589750034809112,9.530500078201294,0.5809019516169036,8.368696174967488,10.692303981435101,47.24920442245747
2020-06-22 19:00:00,10.239999771118164,10.8100004196167,10.119999885559082,10.359999656677246,627500,9.932600059509276,11.59980003118515,9.504000043869018,0.5250202008087734,8.453959642251471,10.554040445486566,68.1355950833059
2020-06-23 19:00:00,10.300000190734863,10.489999771118164,9.84000015258789,10.180000305175781,82500,9.947600059509277,11.611700031757355,9.480500078201294,0.47957735638151255,8.521345365438268,10.439654790964319,62.54181498067133
2020-06-24 19:00:00,10.020000457763672,10.010000228881836,9.5,9.5,65500,9.942800064086914,11.61775003194809,9.440000057220459,0.43826204435225785,8.563475968515943,10.316524145924975,52.97450662182683
2020-06-25 19:00:00,9.5,9.5,9.369999885559082,9.40999984741211,25000,9.932600059509276,11.627950031757354,9.408500051498413,0.4148845045815838,8.578731042335246,10.23826906066158,53.58166408345557
2020-06-28 19:00:00,9.449999809265137,9.800000190734863,9.199999809265137,9.770000457763672,58500,9.924400062561036,11.638950033187866,9.415500068664551,0.41996830405063207,8.575563460563288,10.255436676765814,57.48032639203339
2020-06-29 19:00:00,9.890000343322754,9.899999618530273,9.399999618530273,9.449999809265137,45500,9.917600059509278,11.647700033187867,9.389000082015992,0.3986542983540671,8.591691485307857,10.186308678724126,51.741286568797186
2020-06-30 19:00:00,9.449999809265137,9.449999809265137,9.149999618530273,9.210000038146973,24500,9.901800060272217,11.654750032424927,9.385000085830688,0.4000986546005657,8.584802776629557,10.18519739503182,46.82926432140232
2020-07-01 19:00:00,9.210000038146973,10.210000038146973,9.020000457763672,10.109999656677246,556000,9.901000061035155,11.665800030231475,9.419000053405762,0.4317637717265376,8.555472509952686,10.282527596858838,57.200815479012675
2020-07-02 19:00:00,10.020000457763672,10.300000190734863,9.600000381469727,9.850000381469727,336500,9.911800060272217,11.675850031375886,9.447000074386597,0.44101673035499034,8.564966613676617,10.329033535096578,58.62786221401652
2020-07-05 19:00:00,10.25,10.25,9.699999809265137,10.029999732971191,389000,9.91160005569458,11.687000029087066,9.49050006866455,0.4539356466209193,8.582628775422712,10.398371361906388,60.72874665875928
2020-07-06 19:00:00,10.289999961853027,10.289999961853027,9.699999809265137,9.8100004196167,322000,9.910400066375733,11.698000030517578,9.521000099182128,0.4538826007788619,8.613234897624405,10.428765300739851,58.139542620403326
2020-07-07 19:00:00,9.899999618530273,9.899999618530273,9.699999809265137,9.890000343322754,116500,9.926200065612793,11.709900031089783,9.550000095367432,0.4582000947833592,8.633599905800713,10.466400284934151,58.699821974603076
2020-07-08 19:00:00,9.850000381469727,9.899999618530273,9.699999809265137,9.779999732971191,148000,9.931400051116944,11.719800028800964,9.565500068664551,0.4605885301294624,8.644323008405626,10.486677128923477,59.38104116923096
2020-07-09 19:00:00,9.800000190734863,9.9399995803833,9.5,9.640000343322754,225500,9.924200057983398,11.727750029563904,9.577500104904175,0.4591739701374533,8.659152164629269,10.49584804517908,48.02784022516462
2020-07-12 19:00:00,9.899999618530273,10.050000190734863,9.710000038146973,9.789999961853027,350000,9.918800048828125,11.738250029087066,9.616000080108643,0.4419263652054725,8.732147349697698,10.499852810519588,42.71099750483545
2020-07-13 19:00:00,9.850000381469727,9.850000381469727,9.529999732971191,9.720000267028809,153500,9.911200046539307,11.748750030994415,9.653500080108643,0.41523960194155246,8.823020876225538,10.483979283991747,43.947365184898715
2020-07-14 19:00:00,9.699999809265137,9.800000190734863,9.399999618530273,9.4399995803833,343500,9.898000030517577,11.75670002937317,9.677000045776367,0.38685099229590186,8.903298061184563,10.450702030368172,49.11764054149649
2020-07-15 19:00:00,9.300000190734863,9.670000076293945,9.0,9.239999771118164,422000,9.882400016784668,11.765200028419494,9.690000057220459,0.3660025630289551,8.957994931162549,10.422005183278369,47.57834533351447
2020-07-16 19:00:00,9.220000267028809,9.369999885559082,9.0,9.210000038146973,139500,9.861600017547607,11.77375002861023,9.710000038146973,0.32389084565784565,9.062218346831282,10.357781729462664,41.19495487887277
2020-07-19 19:00:00,9.300000190734863,9.899999618530273,9.0600004196167,9.270000457763672,678000,9.843400020599365,11.782550029754638,9.68300004005432,0.33734410626644445,9.008311827521432,10.35768825258721,46.9178163842057
2020-07-20 19:00:00,9.319999694824219,9.600000381469727,9.210000038146973,9.449999809265137,162500,9.827600021362304,11.791150028705596,9.637500047683716,0.30059375585725656,9.036312535969202,10.23868755939823,54.1958048953558
2020-07-21 19:00:00,9.430000305175781,10.449999809265137,9.25,10.010000228881836,2469000,9.82280002593994,11.799100029468537,9.629000043869018,0.2865199882311631,9.055960067406692,10.202040020331344,48.01588247693677
2020-07-22 19:00:00,10.140000343322754,10.399999618530273,9.300000190734863,9.460000038146973,584500,9.807400035858155,11.804050028324127,9.627000045776366,0.28760539123050255,9.051789263315362,10.202210828237371,43.060488437626105
2020-07-23 19:00:00,9.460000038146973,9.739999771118164,9.199999809265137,9.5,209000,9.789400043487548,11.80850003004074,9.631500053405762,0.2847210346985038,9.062057984008755,10.20094212280277,40.0749081061272
2020-07-26 19:00:00,9.5,10.0,9.359999656677246,9.59000015258789,274500,9.753200054168701,11.810850031375885,9.622500038146972,0.2829520285418816,9.056595981063209,10.188404095230736,45.66928601706927
2020-07-27 19:00:00,9.520000457763672,9.65999984741211,9.449999809265137,9.479999542236328,196500,9.713800048828125,11.813050029277802,9.624000024795532,0.28206757512816055,9.05986487453921,10.188135175051853,42.023332730947764
2020-07-28 19:00:00,9.600000381469727,9.890000343322754,9.5,9.770000457763672,577000,9.686000061035156,11.816650030612946,9.652000045776367,0.26615392616208017,9.119692193452206,10.184307898100528,49.818195059275176
2020-07-29 19:00:00,9.699999809265137,10.34000015258789,9.600000381469727,9.949999809265137,747500,9.665000057220459,11.81895003080368,9.644000053405762,0.2537799039899387,9.136440245425884,10.151559861385639,55.55554416160091
2020-08-02 19:00:00,10.140000343322754,10.300000190734863,9.800000190734863,9.90999984741211,436000,9.643200054168702,11.818900029659272,9.64700002670288,0.2566812801661566,9.133637466370567,10.160362587035193,52.23880278344664
2020-08-03 19:00:00,9.819999694824219,9.90999984741211,9.0,9.149999618530273,917000,9.610800037384033,11.810050027370453,9.603000020980835,0.2629209339644717,9.077158153051892,10.128841888909777,41.54302158387391
2020-08-04 19:00:00,9.0,9.350000381469727,8.75,8.899999618530273,554000,9.571000022888184,11.794950025081635,9.557499980926513,0.3011710705273772,8.95515783987176,10.159842121981267,41.91617091322851
2020-08-05 19:00:00,8.899999618530273,8.899999618530273,8.5,8.569999694824219,250500,9.529400024414063,11.773200023174287,9.491499948501588,0.36280025671566274,8.765899435070262,10.217100461932914,40.34582362253199
2020-08-06 19:00:00,8.520000457763672,8.649999618530273,8.300000190734863,8.430000305175781,186000,9.491800022125243,11.745750024318696,9.423999977111816,0.4263233850133364,8.571353207085142,10.27664674713849,39.10615165069529
2020-08-09 19:00:00,8.5,8.5,8.0,8.350000381469727,325000,9.458000030517578,11.7214000248909,9.359499979019166,0.4854132759950305,8.388673427029104,10.330326531009227,37.22222251656612
2020-08-10 19:00:00,8.3100004196167,8.829999923706055,8.25,8.460000038146973,371000,9.4346000289917,11.702500026226044,9.292999982833862,0.5136156580807353,8.265768666672392,10.320231298995333,35.97734308008107
2020-08-11 19:00:00,8.65999984741211,8.699999809265137,8.399999618530273,8.4399995803833,276500,9.403800029754638,11.68345002412796,9.228999948501587,0.536831846468653,8.155336255564281,10.302663641438892,23.74581491769537
2020-08-12 19:00:00,8.449999809265137,8.630000114440918,8.100000381469727,8.4399995803833,114000,9.386800022125245,11.664650022983551,9.178999948501588,0.5621191544649967,8.054761639571595,10.30323825743158,29.09835585020437
2020-08-16 19:00:00,8.399999618530273,8.600000381469727,8.300000190734863,8.479999542236328,82500,9.367800006866455,11.645550019741059,9.140999937057495,0.583076301981548,7.9748473330944,10.307152541020592,29.09835585020437
2020-08-17 19:00:00,8.699999809265137,8.699999809265137,8.470000267028809,8.510000228881836,179500,9.352200012207032,11.626600019931793,9.105999946594238,0.5994945737797474,7.907010799034744,10.304989094153733,27.3109361551395
2020-08-18 19:00:00,8.579999923706055,8.6899995803833,8.550000190734863,8.609999656677246,142000,9.341200008392335,11.609550015926361,9.072999906539916,0.6080954393106558,7.8568090279186045,10.289190785161228,31.64557114833258
2020-08-19 19:00:00,8.569999694824219,8.979999542236328,8.539999961853027,8.8100004196167,272000,9.333400020599365,11.59335001707077,9.040999937057496,0.6040382109483265,7.832923515160843,10.249076358954149,28.94736511885587
2020-08-20 19:00:00,8.850000381469727,9.59000015258789,8.75,9.449999809265137,684000,9.336200008392334,11.57960001707077,9.01299991607666,0.5687021397717819,7.875595636533097,10.150404195620224,40.87591164659194
2020-08-23 19:00:00,9.550000190734863,9.75,9.149999618530273,9.199999809265137,393000,9.33079999923706,11.559600017070771,8.999999904632569,0.5608640043816672,7.878271895869235,10.121727913395903,37.96610027029395
2020-08-24 19:00:00,9.300000190734863,9.380000114440918,9.170000076293945,9.220000267028809,233000,9.327200012207031,11.535250017642975,8.985999917984008,0.5511366373888532,7.883726643206302,10.088273192761715,51.583725051815584
2020-08-25 19:00:00,9.25,9.779999732971191,9.25,9.359999656677246,465000,9.333999996185304,11.512350018024444,8.974499893188476,0.5401605403712298,7.894178812446016,10.054820973930935,60.952384844930236
2020-08-26 19:00:00,9.5,9.75,9.399999618530273,9.510000228881836,209500,9.344799995422363,11.491200020313263,8.975999927520752,0.5416777295145578,7.8926444684916355,10.059355386549868,74.47917960170192
2020-08-27 19:00:00,9.640000343322754,9.640000343322754,9.350000381469727,9.470000267028809,70500,9.354799995422363,11.470000021457672,8.960999917984008,0.5223418913677358,7.916316135248536,10.00568370071948,78.57141734292806
2020-08-30 19:00:00,9.520000457763672,9.6899995803833,9.5,9.550000190734863,100000,9.366200008392333,11.450300023555755,8.940999937057494,0.48907972279202155,7.962840491473451,9.919159382641537,82.96701598032706
2020-08-31 19:00:00,9.600000381469727,9.630000114440918,9.449999809265137,9.5,122500,9.38,11.43050002336502,8.92049994468689,0.4536342011170299,8.01323154245283,9.82776834692095,79.54543360995288
2020-09-01 19:00:00,9.520000457763672,10.300000190734863,9.520000457763672,10.119999885559082,658000,9.386199989318847,11.411000020503998,8.96899995803833,0.5256064548387538,7.917787048360822,10.020212867715838,85.59321759932757
2020-09-02 19:00:00,10.109999656677246,10.9399995803833,10.0,10.739999771118164,977500,9.393799991607667,11.396850020885468,9.060999965667724,0.6574023851891652,7.746195195289394,10.375804736046055,88.59060080511861
2020-09-03 19:00:00,10.699999809265137,10.890000343322754,10.100000381469727,10.350000381469727,491000,9.397199993133546,11.38010002374649,9.15,0.7061161641700487,7.737767671659903,10.562232328340098,78.07809132247996
2020-09-06 19:00:00,10.5,11.350000381469727,10.5,11.350000381469727,894500,9.434200000762939,11.368350026607514,9.296000003814697,0.8388175513431378,7.618364901128421,10.973635106500973,83.0232634474756
2020-09-07 19:00:00,12.0,12.350000381469727,11.600000381469727,12.270000457763672,2034500,9.49140001296997,11.360900027751923,9.492000007629395,1.0399930715631984,7.412013864502998,11.57198615075579,85.74219612200997
2020-09-08 19:00:00,12.5,12.729999542236328,11.600000381469727,11.960000038146973,774000,9.535200004577638,11.348750026226044,9.667000007629394,1.1462438980544245,7.374512211520544,11.959487803738243,80.1147217422446
2020-09-09 19:00:00,12.0,12.279999732971191,11.25,11.3100004196167,920500,9.572400016784668,11.333300030231475,9.810500049591065,1.164060530782377,7.48237898802631,12.13862111115582,67.74809820225104
2020-09-10 19:00:00,11.479999542236328,11.619999885559082,10.819999694824219,10.989999771118164,225000,9.608000011444092,11.31935003042221,9.938000059127807,1.1455526010925512,7.646894856942705,12.22910526131291,66.8549888926585
2020-09-13 19:00:00,10.90999984741211,11.199999809265137,10.800000190734863,11.100000381469727,79500,9.62780002593994,11.307100031375885,10.069000101089477,1.1195577956336211,7.829884509822235,12.308115692356719,67.40740662249036
2020-09-14 19:00:00,10.949999809265137,11.289999961853027,10.520000457763672,10.670000076293945,146000,9.644200019836425,11.290450031757354,10.177000093460084,1.0640593547732236,8.048881383913637,12.30511880300653,61.51142422757847
2020-09-15 19:00:00,10.399999618530273,10.869999885559082,10.270000457763672,10.59000015258789,138000,9.65540002822876,11.268400032520294,10.276000118255615,1.0008228846120262,8.274354349031562,12.277645887479668,59.6085388116541
2020-09-16 19:00:00,10.5,10.5,10.050000190734863,10.220000267028809,424000,9.663600025177002,11.24195003271103,10.34650011062622,0.9399288430330263,8.466642424560167,12.226357796692273,56.30252020026197
2020-09-17 19:00:00,10.199999809265137,10.539999961853027,9.25,10.050000190734863,269000,9.666800022125244,11.213650033473968,10.376500129699707,0.9191545817706501,8.538190966158407,12.214809293241007,54.13907222029243
2020-09-20 19:00:00,10.0600004196167,10.140000343322754,9.710000038146973,9.859999656677246,99000,9.668400020599366,11.180900032520293,10.409500122070312,0.885939807368728,8.637620507332857,12.181379736807768,52.91261798823833
2020-09-21 19:00:00,9.850000381469727,10.0,9.699999809265137,9.859999656677246,54000,9.672800006866455,11.146800029277802,10.441500091552735,0.8516070998788182,8.738285891795098,12.144714291310372,47.6618690228134
2020-09-22 19:00:00,9.760000228881836,10.100000381469727,9.760000228881836,9.949999809265137,56000,9.676000003814698,11.115750029087067,10.47100009918213,0.8218715076473011,8.827257083887528,12.114743114476731,42.147120236298804
2020-09-23 19:00:00,10.229999542236328,10.229999542236328,9.800000190734863,9.84000015258789,68000,9.67840000152588,11.086550028324128,10.487500095367432,0.8046960168440526,8.878108061679328,12.096892129055536,44.63157869375984
2020-09-24 19:00:00,9.779999732971191,10.010000228881836,9.779999732971191,9.829999923706055,33500,9.686200008392333,11.059350025653838,10.505500078201294,0.784511195398103,8.936477687405088,12.0745224689975,29.787239439077496
2020-09-27 19:00:00,9.979999542236328,9.979999542236328,9.0,9.039999961853027,173000,9.682200012207032,11.026700026988983,10.480000066757203,0.8244744432153397,8.831051180326524,12.128948953187882,5.509659822196312
2020-09-28 19:00:00,9.119999885559082,9.649999618530273,8.800000190734863,9.069999694824219,488000,9.679400005340575,10.996700026988982,10.458500051498413,0.8563650214000935,8.745770008698226,12.1712300942986,6.865683708772465
2020-09-29 19:00:00,9.029999732971191,9.399999618530273,9.0,9.029999732971191,55000,9.674599990844726,10.966450026035309,10.404000043869019,0.9119235231304184,8.580152997608181,12.227847090129856,8.394173540774773
2020-09-30 19:00:00,9.010000228881836,9.25,8.899999618530273,9.039999961853027,196500,9.666399993896484,10.935650026798248,10.319000053405762,0.9570675103555758,8.40486503269461,12.233135074116914,9.876567920217937
2020-10-01 19:00:00,9.100000381469727,9.199999809265137,9.0,9.050000190734863,48000,9.647199993133546,10.905300028324127,10.254000043869018,0.9981162724829313,8.257767498903156,12.25023258883488,6.008596163283713
2020-10-04 19:00:00,8.800000190734863,8.800000190734863,8.399999618530273,8.5,99500,9.627999992370606,10.875250027179717,10.111500024795532,1.0361279152808784,8.039244194233776,12.183755855357289,5.714297948004912
2020-10-05 19:00:00,8.479999542236328,8.680000305175781,8.25,8.449999809265137,99500,9.606999988555907,10.844450027942658,9.920499992370605,0.9670764047271204,7.986347182916364,11.854652801824846,5.785135691640193
2020-10-06 19:00:00,8.40999984741211,9.350000381469727,8.199999809265137,9.220000267028809,276000,9.599599990844727,10.812500030994416,9.783500003814698,0.849930590671169,8.08363882247236,11.483361185157037,32.26951361961132
2020-10-07 19:00:00,9.5,9.5,9.010000228881836,9.050000190734863,94500,9.591000003814697,10.774700028896332,9.670499992370605,0.7839742401390745,8.102551512092456,11.238448472648754,32.26951361961132
2020-10-08 19:00:00,9.15999984741211,9.15999984741211,9.0,9.029999732971191,30000,9.576199989318848,10.73180002450943,9.572499990463257,0.7310690615922469,8.110361867278764,11.03463811364775,34.33963309830973
2020-10-11 19:00:00,9.0,9.199999809265137,8.850000381469727,8.859999656677246,65500,9.55439998626709,10.692700021266937,9.460499954223632,0.6520532994963113,8.15639335523101,10.764606553216254,32.26951361961132
2020-10-12 19:00:00,8.899999618530273,9.109999656677246,8.800000190734863,9.010000228881836,48500,9.536399993896485,10.650100018978119,9.377499961853028,0.5929664978940902,8.191566966064848,10.563432957641208,33.68057429697198
2020-10-13 19:00:00,9.0,9.149999618530273,8.5,8.739999771118164,117500,9.528199996948242,10.610650022029876,9.28499994277954,0.5353651383059522,8.214269666167636,10.355730219391445,31.907905262583313
2020-10-14 19:00:00,8.989999771118164,9.239999771118164,8.550000190734863,8.979999542236328,302500,9.529799995422364,10.576250021457673,9.222999906539917,0.4913793873032882,8.24024113193334,10.205758681146493,37.0030616714778
2020-10-15 19:00:00,8.949999809265137,9.050000190734863,8.75,8.869999885559082,74000,9.53579999923706,10.538150022029876,9.163999891281128,0.4564554426751529,8.251089005930822,10.076910776631433,46.71814785548642
2020-10-18 19:00:00,9.0,9.399999618530273,9.0,9.239999771118164,103000,9.551999988555908,10.503600022792817,9.132999897003174,0.4267885071706874,8.279422882661798,9.98657691134455,52.90102300208636
2020-10-19 19:00:00,9.229999542236328,9.5,9.199999809265137,9.34000015258789,74500,9.571799983978272,10.468850018978118,9.106999921798707,0.39480979086136914,8.31738034007597,9.896619503521444,55.18394894178924
2020-10-20 19:00:00,9.210000038146973,9.989999771118164,8.550000190734863,9.529999732971191,342500,9.593199977874756,10.43665001630783,9.085999917984008,0.3569668033378129,8.372066311308382,9.799933524659634,57.72869817821244
2020-10-21 19:00:00,9.270000457763672,9.5,9.100000381469727,9.130000114440918,138500,9.606999988555907,10.400900013446808,9.05049991607666,0.3102880949779745,8.42992372612071,9.67107610603261,51.123594000640786
2020-10-22 19:00:00,9.1899995803833,9.300000190734863,9.109999656677246,9.289999961853027,55000,9.623999996185303,10.363650014400482,9.023499917984008,0.25797341232940724,8.507553093325194,9.539446742642822,62.460563173081
2020-10-25 19:00:00,9.289999961853027,9.550000190734863,9.0,9.350000381469727,76500,9.64140001296997,10.329400012493133,9.038999938964844,0.2681300387684365,8.50273986142797,9.575260016501717,64.15094679129206
2020-10-26 19:00:00,9.180000305175781,9.300000190734863,9.109999656677246,9.1899995803833,39000,9.655,10.299000008106232,9.044999933242797,0.27019491447235744,8.504610104298083,9.585389762187512,49.4163294174575
2020-10-27 19:00:00,9.25,9.25,9.0,9.029999732971191,73500,9.66340000152588,10.272800004482269,9.044999933242797,0.27019491447235744,8.504610104298083,9.585389762187512,49.609366268855545
2020-10-28 19:00:00,8.949999809265137,9.0,8.699999809265137,8.850000381469727,76000,9.66420000076294,10.250600006580353,9.035499954223633,0.27369742973027866,8.488105094763077,9.58289481368419,46.69118871635099
2020-11-01 19:00:00,8.510000228881836,8.550000190734863,8.199999809265137,8.5,297500,9.645200004577637,10.223550007343292,9.00799994468689,0.29865666887462067,8.410686606937649,9.605313282436132,43.793110592327004
2020-11-02 19:00:00,8.600000381469727,8.949999809265137,8.600000381469727,8.829999923706055,124500,9.637800006866454,10.19990000486374,9.024499940872193,0.27747881641169236,8.469542308048808,9.579457573695578,47.077917051387566
2020-11-03 19:00:00,8.850000381469727,9.119999885559082,8.510000228881836,8.989999771118164,229500,9.633199996948242,10.1769500041008,9.051499938964843,0.2427317384473697,8.566036462070103,9.536963415859583,54.208755181792206
2020-11-04 19:00:00,8.90999984741211,9.239999771118164,8.90999984741211,9.039999961853027,121000,9.626800003051757,10.156350004673005,9.042499923706055,0.23947037214463227,8.56355917941679,9.52144066799532,51.07914434136603
2020-11-05 19:00:00,9.199999809265137,9.449999809265137,9.0,9.109999656677246,23500,9.618799991607666,10.13650000333786,9.045499897003173,0.239944630314305,8.565610636374563,9.525389157631784,54.37955823295968
2020-11-08 19:00:00,9.239999771118164,9.239999771118164,8.800000190734863,9.0600004196167,79500,9.610599994659424,10.11400000333786,9.04699993133545,0.23993640547004064,8.567127120395368,9.52687274227553,46.28100378593078
2020-11-09 19:00:00,9.239999771118164,9.239999771118164,9.0,9.050000190734863,32000,9.600599994659424,10.09145000219345,9.05649995803833,0.23586960976631058,8.58476073850571,9.528239177570951,43.77682210200554
2020-11-10 19:00:00,9.050000190734863,9.890000343322754,8.90999984741211,9.449999809265137,212500,9.599599990844727,10.069550001621247,9.078499937057495,0.2513180947243827,8.57586374760873,9.58113612650626,48.425197737312935
2020-11-11 19:00:00,9.550000190734863,10.449999809265137,9.550000190734863,10.4399995803833,1471500,9.60599998474121,10.051299998760223,9.163499927520752,0.38351928921793815,8.396461349084875,9.930538505956628,70.92651465154925
2020-11-12 19:00:00,10.550000190734863,10.699999809265137,9.4399995803833,9.65999984741211,910000,9.58439998626709,10.030299999713897,9.19749994277954,0.3963234734899153,8.40485299579971,9.990146889759371,54.933333062065905
2020-11-15 19:00:00,9.520000457763672,9.880000114440918,9.210000038146973,9.680000305175781,117500,9.570999984741212,10.010850002765656,9.237999963760377,0.40243462335268554,8.433130717055006,10.042869210465748,54.44743942238683
2020-11-16 19:00:00,9.550000190734863,9.970000267028809,9.550000190734863,9.600000381469727,158500,9.535999984741212,9.99280000448227,9.255999994277953,0.41049900164036407,8.435001990997225,10.076997997558681,55.64739674368663
2020-11-17 19:00:00,9.510000228881836,9.640000343322754,9.399999618530273,9.460000038146973,63000,9.479799976348877,9.9732000041008,9.261999988555909,0.4126626740981413,8.436674640359627,10.08732533675219,55.95568503692385
2020-11-18 19:00:00,9.399999618530273,9.579999923706055,9.399999618530273,9.449999809265137,6500,9.42959997177124,9.95315000295639,9.257999992370605,0.4103092055789104,8.437381581212785,10.078618403528425,58.72092297942309
2020-11-19 19:00:00,9.350000381469727,9.5,9.3100004196167,9.350000381469727,11000,9.3903999710083,9.927600004673003,9.269000005722045,0.4096455037714344,8.449708998179176,10.088291013264914,63.32289572717848
2020-11-22 19:00:00,9.100000381469727,9.100000381469727,8.5,9.0600004196167,170500,9.351799983978271,9.897150008678436,9.25750002861023,0.4122450839645685,8.433009860681093,10.081990196539365,53.650803069803246
2020-11-23 19:00:00,9.0,9.1899995803833,9.0,9.0600004196167,24000,9.31099998474121,9.869350011348724,9.243000030517578,0.4139170370208218,8.415165956475935,10.070834104559221,51.17057986929873
2020-11-24 19:00:00,9.020000457763672,9.15999984741211,9.0,9.149999618530273,64000,9.280599975585938,9.846400010585786,9.241000032424926,0.41428308312158446,8.412433866181757,10.069566198668095,51.81517715536059
2020-11-25 19:00:00,9.149999618530273,9.390000343322754,9.0,9.119999885559082,83000,9.251199970245361,9.82240000963211,9.24550004005432,0.4123548480854868,8.420790343883347,10.070209736225294,50.16722802720047
2020-11-26 19:00:00,9.109999656677246,9.489999771118164,9.100000381469727,9.109999656677246,16500,9.22899995803833,9.798050010204316,9.258500003814698,0.4032273935224912,8.452045216769715,10.06495479085968,50.84744502469532
2020-11-29 19:00:00,8.890000343322754,9.390000343322754,8.869999885559082,9.140000343322754,29500,9.210799961090087,9.777800014019013,9.290500020980835,0.36328140307836343,8.563937214824108,10.017062827137561,51.51515443426549
2020-11-30 19:00:00,9.100000381469727,9.300000190734863,9.0,9.229999542236328,61500,9.19819995880127,9.76285001039505,9.310500001907348,0.34725193055627596,8.615996140794797,10.0050038630199,45.86465491495623
2020-12-01 19:00:00,9.119999885559082,10.199999809265137,9.050000190734863,9.890000343322754,576000,9.19879997253418,9.751000010967255,9.355500030517579,0.36155325432103247,8.632393521875514,10.078606539159644,38.197440878329985
2020-12-02 19:00:00,10.010000228881836,10.25,9.5,9.600000381469727,196500,9.191799983978271,9.736250011920928,9.383500051498412,0.3574952677848262,8.66850951592876,10.098490587068065,48.36957986503436
2020-12-03 19:00:00,9.800000190734863,9.899999618530273,9.569999694824219,9.649999618530273,69500,9.187999973297119,9.721800010204316,9.410500049591064,0.35614116203396595,8.698217725523133,10.122782373658996,49.197842144881065
2020-12-06 19:00:00,9.5600004196167,9.899999618530273,9.399999618530273,9.460000038146973,67000,9.180599975585938,9.70660001039505,9.430500030517578,0.3465236600198011,8.737452710477976,10.12354735055718,46.46463527470416
2020-12-07 19:00:00,9.399999618530273,9.5,9.210000038146973,9.319999694824219,56500,9.186199970245362,9.690300009250642,9.444000005722046,0.33602001049593905,8.771959984730168,10.116040026713923,46.46463527470416
2020-12-08 19:00:00,9.40999984741211,9.739999771118164,9.359999656677246,9.460000038146973,69000,9.193999977111817,9.676100008487701,9.444500017166138,0.3360368482916787,8.772426320582781,10.116573713749496,50.23697239404943
2020-12-09 19:00:00,9.449999809265137,10.149999618530273,9.449999809265137,10.09000015258789,594000,9.21519998550415,9.663200008869172,9.427000045776367,0.28700087743102076,8.852998290914325,10.00100180063841,64.01515042048376
2020-12-10 19:00:00,10.210000038146973,10.25,9.710000038146973,9.869999885559082,193500,9.231799983978272,9.650500009059906,9.437500047683717,0.29954136160764605,8.838417324468425,10.036582770899008,65.7587463448665
2020-12-13 19:00:00,9.760000228881836,10.079999923706055,9.75,10.010000228881836,168500,9.250999984741211,9.63745001077652,9.45400004386902,0.32185977692707485,8.81028049001487,10.097719597723168,67.52767151093329
2020-12-14 19:00:00,10.140000343322754,10.25,9.949999809265137,10.0,108500,9.28099998474121,9.626150009632111,9.474000024795533,0.3431341975349948,8.787731629725544,10.160268419865522,66.15969650687008
2020-12-15 19:00:00,10.0,10.140000343322754,9.8100004196167,9.829999923706055,97000,9.308599987030028,9.61365000963211,9.492500019073486,0.3521942799286094,8.788111459216267,10.196888578930704,62.815878634848616
2020-12-16 19:00:00,9.800000190734863,10.649999618530273,9.800000190734863,10.520000457763672,544000,9.334599990844726,9.6058500123024,9.546000051498414,0.42011785437695987,8.705764342744494,10.386235760252333,70.43478405092452
2020-12-17 19:00:00,10.399999618530273,10.399999618530273,10.0,10.109999656677246,94500,9.355799980163575,9.60080001115799,9.58400001525879,0.4355444843335698,8.71291104659165,10.45508898392593,62.663170360513625
2020-12-20 19:00:00,9.899999618530273,10.199999809265137,9.8100004196167,9.880000114440918,139000,9.372799987792968,9.591300013065338,9.625,0.42200657679720144,8.780986846405597,10.469013153594403,58.1864007077845
2020-12-21 19:00:00,9.989999771118164,10.0,9.600000381469727,9.720000267028809,219000,9.39,9.582400014400482,9.657999992370605,0.4007704423203188,8.856459107729968,10.459540877011243,47.55043203904842
2020-12-22 19:00:00,9.800000190734863,9.899999618530273,9.65999984741211,9.739999771118164,97000,9.404599990844726,9.575050013065338,9.6875,0.38271719503989926,8.922065609920201,10.452934390079799,52.187489941718596
2020-12-23 19:00:00,9.770000457763672,10.039999961853027,9.770000457763672,9.9399995803833,26000,9.42859998703003,9.568450009822845,9.72849998474121,0.3620886965657312,9.004322591609748,10.452677377872673,54.32835591452918
2020-12-27 19:00:00,9.899999618530273,9.949999809265137,9.729999542236328,9.829999923706055,59000,9.445599994659425,9.562100007534028,9.764499998092651,0.33189216876009914,9.100715660572453,10.42828433561285,55.65748816292366
2020-12-28 19:00:00,10.09000015258789,10.09000015258789,9.550000190734863,9.579999923706055,80000,9.459799995422363,9.557100007534027,9.786499977111816,0.30150991073049127,9.183480155650834,10.389519798572799,53.84615601655443
2020-12-29 19:00:00,9.59000015258789,9.869999885559082,9.59000015258789,9.630000114440918,172500,9.467600002288819,9.551750009059907,9.806500005722047,0.2747300827718485,9.257039840178349,10.355960171265744,52.58358706667254
2020-12-30 19:00:00,9.699999809265137,10.09000015258789,9.699999809265137,9.84000015258789,108000,9.477600002288819,9.547050011157989,9.803999996185302,0.2741571487231009,9.2556856987391,10.352314293631505,45.644600576723576
2020-12-31 19:00:00,9.800000190734863,9.899999618530273,9.699999809265137,9.699999809265137,104000,9.481000003814698,9.543550012111664,9.808999967575073,0.27113609939630273,9.266727768782467,10.351272166367679,46.953404650374225
2021-01-03 19:00:00,9.829999923706055,9.970000267028809,9.699999809265137,9.890000343322754,129000,9.496200008392334,9.542800014019013,9.821000003814698,0.26903148279873806,9.282937038217222,10.359062969412173,47.88732678141424
2021-01-04 19:00:00,9.720000267028809,9.90999984741211,9.710000038146973,9.760000228881836,47000,9.50560001373291,9.546350014209747,9.836000013351441,0.25588657310454915,9.324226867142343,10.34777315956054,45.94595117060261
2021-01-05 19:00:00,9.899999618530273,9.949999809265137,9.710000038146973,9.770000457763672,54500,9.51400001525879,9.552450015544892,9.858500051498414,0.22618755676765823,9.406124937963098,10.31087516503373,48.92858140322219
2021-01-06 19:00:00,9.800000190734863,9.800000190734863,9.609999656677246,9.649999618530273,179000,9.523200016021729,9.561250014305115,9.868000030517578,0.21212218224080923,9.44375566603596,10.292244394999196,30.493267405827936
2021-01-07 19:00:00,9.800000190734863,9.890000343322754,9.670000076293945,9.680000305175781,73000,9.53620002746582,9.570700016021728,9.847500038146972,0.20933169757196896,9.428836643003034,10.26616343329091,38.37840429266543
2021-01-10 19:00:00,9.510000228881836,10.0,9.510000228881836,9.800000190734863,100000,9.555200023651123,9.579950017929077,9.844000053405761,0.20952081005371184,9.424958433298338,10.263041673513184,47.70115383519208
2021-01-11 19:00:00,9.899999618530273,10.770000457763672,9.899999618530273,10.539999961853027,631500,9.596000022888184,9.597600016593933,9.87050004005432,0.25923929765442094,9.352021444745478,10.388978635363163,67.67239501162906
2021-01-12 19:00:00,10.649999618530273,11.350000381469727,10.600000381469727,10.90999984741211,1097500,9.637600021362305,9.612400016784669,9.916000032424927,0.3478717155621803,9.220256601300566,10.611743463549288,71.91009751044754
2021-01-13 19:00:00,10.9399995803833,11.84000015258789,10.899999618530273,11.380000114440918,925000,9.68540002822876,9.630700018405914,9.99350004196167,0.47655866547542897,9.040382711010812,10.94661737291253,74.48978466441072
2021-01-14 19:00:00,11.380000114440918,11.380000114440918,10.949999809265137,10.979999542236328,286500,9.724200019836426,9.645200016498565,10.016499996185303,0.513012449293461,8.990475097598381,11.042524894772225,67.80183317861977
2021-01-17 19:00:00,10.8100004196167,11.289999961853027,10.5,10.529999732971191,558500,9.752600021362305,9.657950015068055,10.0375,0.5254859144506261,8.986528171098747,11.088471828901252,63.84838093776405
2021-01-18 19:00:00,10.510000228881836,10.979999542236328,10.300000190734863,10.850000381469727,156000,9.788400020599365,9.671850018501281,10.086000013351441,0.5541650480663783,8.977669917218684,11.194330109484198,66.48647394731856
2021-01-19 19:00:00,10.600000381469727,10.949999809265137,10.5,10.640000343322754,77000,9.820200023651124,9.680650019645691,10.132000017166138,0.5603344703107876,9.011331076544563,11.252668957787714,60.810802799675756
2021-01-20 19:00:00,10.600000381469727,10.800000190734863,10.319999694824219,10.40999984741211,96500,9.839400024414063,9.683700017929077,10.165500020980835,0.5556738138869842,9.054152393206866,11.276847648754803,59.36674578716678
2021-01-21 19:00:00,10.5,10.5,10.010000228881836,10.119999885559082,66000,9.833000030517578,9.684350018501283,10.174500036239625,0.5532817959790849,9.067936444281456,11.281063628197794,52.95628988145028
2021-01-24 19:00:00,10.449999809265137,10.479999542236328,10.050000190734863,10.100000381469727,43000,9.84180004119873,9.688150019645692,10.188000059127807,0.5476994483214397,9.092601162484929,11.283398955770686,54.49735342944076
2021-01-25 19:00:00,10.100000381469727,10.149999618530273,9.800000190734863,9.850000381469727,124000,9.84520004272461,9.690250020027161,10.201500082015992,0.5351071527325437,9.131285776550904,11.27171438748108,50.995023341283776
2021-01-26 19:00:00,10.100000381469727,10.25,9.949999809265137,10.020000457763672,120500,9.853600044250488,9.691650023460388,10.22100009918213,0.5200798785045546,9.18084034217302,11.261159856191238,54.545463066106244
2021-01-27 19:00:00,10.0,10.149999618530273,9.9399995803833,10.0,46000,9.86440004348755,9.692050023078918,10.229000091552734,0.5151176977135291,9.198764696125677,11.259235486979792,53.94088160818563
2021-01-28 19:00:00,10.199999809265137,10.989999771118164,10.149999618530273,10.609999656677246,487500,9.88760004043579,9.694200019836426,10.27450008392334,0.5060420718574763,9.262415940208387,11.286584227638292,58.90109079354487
2021-01-31 19:00:00,10.979999542236328,10.979999542236328,10.300000190734863,10.720000267028809,195500,9.915000038146973,9.698850021362304,10.316000080108642,0.5068830634514131,9.302233953205816,11.329766207011469,52.2959210980873
2021-02-01 19:00:00,10.699999809265137,10.699999809265137,10.220000267028809,10.350000381469727,117000,9.940800037384033,9.700600023269653,10.345500087738037,0.48969880846289887,9.366102470812239,11.324897704663835,42.85715328360605
2021-02-02 19:00:00,10.300000190734863,10.680000305175781,10.100000381469727,10.390000343322754,132000,9.967400035858155,9.701800026893615,10.37650008201599,0.47060174205794847,9.435296597900093,11.317703566131888,35.81662901157853
2021-02-03 19:00:00,10.300000190734863,10.390000343322754,10.199999809265137,10.210000038146973,42500,9.988600044250488,9.706300024986268,10.404500102996826,0.44081821713457914,9.522863668727668,11.286136537265984,38.22631235882637
2021-02-07 19:00:00,10.399999618530273,10.399999618530273,10.050000190734863,10.180000305175781,67000,10.009800052642822,9.70700002670288,10.429500102996826,0.4107178255826506,9.608064451831526,11.250935754162127,43.85966203805795
2021-02-08 19:00:00,10.069999694824219,10.789999961853027,10.050000190734863,10.430000305175781,244000,10.036200065612793,9.709800028800965,10.461000108718872,0.383129675465944,9.694740757786985,11.22725945965076,42.446043659062205
2021-02-09 19:00:00,10.430000305175781,11.199999809265137,10.180000305175781,10.75,989000,10.068400058746338,9.718050026893616,10.47150011062622,0.3882520597291329,9.694995991167954,11.248004230084486,51.90310802092803
2021-02-10 19:00:00,10.600000381469727,10.800000190734863,10.100000381469727,10.1899995803833,87500,10.087600059509278,9.721400022506714,10.43550009727478,0.3787162585932125,9.678067580088355,11.192932614461204,46.58384706856236
2021-02-11 19:00:00,10.489999771118164,10.5,10.0,10.029999732971191,163000,10.090400047302246,9.72155002117157,10.368000078201295,0.3167532077234617,9.734493662754371,11.001506493648218,48.54368692324311
2021-02-14 19:00:00,10.050000190734863,10.149999618530273,9.699999809265137,9.770000457763672,177000,10.093800048828125,9.720100021362304,10.307500123977661,0.30917331285917093,9.68915349825932,10.925846749696003,45.045046077076364
2021-02-15 19:00:00,9.399999618530273,10.0,9.399999618530273,9.890000343322754,16500,10.098600063323975,9.71905002117157,10.275500154495239,0.3179287109937689,9.639642732507701,10.911357576482777,50.62499944120643
2021-02-16 19:00:00,9.890000343322754,10.050000190734863,9.890000343322754,9.930000305175781,42500,10.10800006866455,9.7182000207901,10.229500150680542,0.29624796408591464,9.637004222508713,10.82199607885237,48.53419932354352
2021-02-17 19:00:00,9.729999542236328,10.0,9.649999618530273,9.880000114440918,28500,10.119200077056885,9.717500019073487,10.19150013923645,0.2894872161574356,9.612525706921579,10.77047457155132,48.06451761759806
2021-02-18 19:00:00,9.880000114440918,10.5,9.699999809265137,9.9399995803833,82000,10.128800067901611,9.715950016975404,10.16800012588501,0.28989285807847726,9.588214409728055,10.747785842041965,36.86273967151707
2021-02-21 19:00:00,10.0,10.199999809265137,9.800000190734863,9.989999771118164,91000,10.126800060272217,9.715000014305115,10.161500120162964,0.29247173645466085,9.576556647253643,10.746443593072286,35.34134854208406
2021-02-22 19:00:00,10.0,10.0,9.8100004196167,9.850000381469727,39000,10.12640007019043,9.713050017356872,10.149000120162963,0.3004715141256177,9.548057091911728,10.749943148414198,38.93804488180337
2021-02-23 19:00:00,9.899999618530273,10.0,9.5,9.600000381469727,88500,10.118200073242187,9.709800019264222,10.136500120162964,0.318239760207737,9.50002059974749,10.772979640578438,34.00808731801507
2021-02-24 19:00:00,9.890000343322754,9.890000343322754,9.399999618530273,9.609999656677246,30000,10.110400066375732,9.706700019836425,10.116000080108643,0.33868786192035094,9.43862435626794,10.793375803949345,36.95649830287239
2021-02-25 19:00:00,9.859999656677246,10.09000015258789,9.350000381469727,9.630000114440918,41000,10.10640007019043,9.702850022315978,10.097500085830688,0.3550666980122774,9.387366689806134,10.807633481855243,37.99125200886043
2021-02-28 19:00:00,9.569999694824219,9.569999694824219,9.300000190734863,9.449999809265137,35500,10.085000057220459,9.693100023269654,10.039500093460083,0.36162612682482353,9.316247839810435,10.76275234710973,27.92790045007446
2021-03-01 19:00:00,9.100000381469727,9.449999809265137,8.449999809265137,8.449999809265137,991500,10.051800060272218,9.678100023269653,9.926000070571899,0.47519974856897496,8.97560057343395,10.876399567709848,10.344806040641672
2021-03-02 19:00:00,8.510000228881836,8.699999809265137,8.079999923706055,8.399999618530273,162000,10.022200050354003,9.664300022125245,9.828500032424927,0.5735052510646914,8.681489530295543,10.97551053455431,12.552277547339585
2021-03-03 19:00:00,8.399999618530273,8.600000381469727,8.15999984741211,8.449999809265137,85500,9.99680004119873,9.65155002117157,9.731500005722046,0.6343690337850669,8.462761938151912,11.000238073292179,15.350860315080766
2021-03-04 19:00:00,8.6899995803833,8.6899995803833,8.40999984741211,8.430000305175781,32000,9.970600051879883,9.63870002269745,9.642500019073486,0.6864315270986577,8.26963696487617,11.015363073270802,17.15684303728588
2021-03-07 19:00:00,8.699999809265137,9.0600004196167,8.510000228881836,8.619999885559082,233500,9.944200057983398,9.627950019836426,9.564499998092652,0.7103555998498026,8.143788798393047,10.985211197792257,19.905183923662605
2021-03-08 19:00:00,8.300000190734863,8.699999809265137,8.300000190734863,8.479999542236328,33500,9.917200050354005,9.615900015830993,9.466999959945678,0.7190791551092371,8.028841649727203,10.905158270164153,17.194539284493686
2021-03-09 19:00:00,8.25,8.4399995803833,8.109999656677246,8.239999771118164,44000,9.890400047302245,9.603850016593933,9.341499948501587,0.7022091867847641,7.937081574932059,10.745918322071116,15.833307173502462
2021-03-10 19:00:00,8.199999809265137,8.239999771118164,7.239999771118164,7.559999942779541,29500,9.849000043869019,9.590100014209748,9.2099999666214,0.7772015534320856,7.655596859757228,10.764403073485571,10.596019797906237
2021-03-11 19:00:00,7.690000057220459,8.15999984741211,7.690000057220459,8.0,21500,9.812200040817261,9.579900014400483,9.108499979972839,0.7967849275651305,7.514930124842578,10.7020698351031,20.82110825940957
2021-03-14 19:00:00,8.25,8.430000305175781,8.119999885559082,8.34000015258789,39000,9.785000047683717,9.573450014591216,9.03699996471405,0.7984597756746346,7.4400804133647815,10.633919516063319,29.085867417066652
2021-03-15 19:00:00,8.300000190734863,8.380000114440918,8.199999809265137,8.289999961853027,39500,9.75300004005432,9.5650000166893,8.956999945640565,0.7885903996962871,7.379819146247991,10.534180745033138,30.79178184405383
2021-03-16 19:00:00,8.140000343322754,8.649999618530273,8.140000343322754,8.609999656677246,48000,9.73000002861023,9.561600015163421,8.890999913215637,0.7574952133478389,7.376009486519959,10.405990339911314,36.559140749757155
2021-03-17 19:00:00,8.5600004196167,8.949999809265137,8.3100004196167,8.359999656677246,148000,9.701800012588501,9.556250011920929,8.814999890327453,0.7287516641307294,7.357496562065994,10.272503218588913,33.92404406216991
2021-03-18 19:00:00,8.489999771118164,8.800000190734863,8.350000381469727,8.59000015258789,17500,9.680600023269653,9.552750012874604,8.747499918937683,0.6799526464973964,7.38759462594289,10.107405211932475,39.25000429153442
2021-03-21 19:00:00,8.380000114440918,8.5,8.079999923706055,8.300000190734863,25000,9.653000020980835,9.548450014591218,8.662999939918517,0.6197631815581109,7.423473576802295,9.902526303034739,47.72037051262169
2021-03-23 19:00:00,8.5,8.5,8.149999618530273,8.420000076293945,30000,9.625400018692016,9.544550015926362,8.591499924659729,0.5546860404021903,7.4821278438553485,9.70087200546411,50.29762588998968
2021-03-24 19:00:00,8.300000190734863,8.5,8.199999809265137,8.279999732971191,37500,9.58020001411438,9.539400012493134,8.525499892234802,0.5046465452675102,7.516206801699781,9.534792982769822,47.53623064213797
2021-03-25 19:00:00,8.25,8.350000381469727,8.149999618530273,8.15999984741211,39000,9.52520001411438,9.53285001039505,8.452999901771545,0.44075414728946144,7.5714916071926215,9.334508196350468,46.19717685553447
2021-03-28 19:00:00,8.119999885559082,8.119999885559082,7.5,7.809999942779541,64000,9.453800010681153,9.524900012016296,8.361999893188477,0.36660028168520764,7.628799329818062,9.095200456558892,39.08356023795585
2021-03-29 19:00:00,8.0,8.0,7.699999809265137,8.0,17500,9.394200019836425,9.519800009727478,8.28949990272522,0.27103065441733437,7.747438593890552,8.831561211559888,43.61702775242819
2021-03-30 19:00:00,8.149999618530273,8.430000305175781,7.909999847412109,8.079999923706055,72500,9.345200023651124,9.515350008010865,8.270999908447266,0.2721241708144777,7.72675156681831,8.815248250076221,47.77778013252893
2021-03-31 19:00:00,8.010000228881836,8.279999732971191,7.699999809265137,7.789999961853027,56500,9.284000015258789,9.509450006484986,8.240499925613403,0.29047101194735303,7.6595579017186965,8.82144194950811,53.582554239475314
2021-04-01 19:00:00,8.050000190734863,8.199999809265137,7.849999904632568,7.960000038146973,24500,9.230400009155273,9.504350008964538,8.215999937057495,0.2925279801000082,7.630943976857479,8.80105589725751,49.31972866348732
2021-04-04 19:00:00,8.09000015258789,8.09000015258789,7.300000190734863,7.440000057220459,79500,9.17100001335144,9.497500007152558,8.166499924659728,0.33507692715264303,7.496346070354442,8.836653778965015,35.576923223877316
2021-04-05 19:00:00,7.650000095367432,7.650000095367432,7.199999809265137,7.550000190734863,51000,9.119600019454957,9.486200006008149,8.112999939918518,0.3441556513784305,7.424688637161657,8.801311242675379,38.3647845895842
2021-04-06 19:00:00,7.679999828338623,7.980000019073486,7.5,7.5,37500,9.067600011825562,9.471900007724763,8.063999962806701,0.35861424798051283,7.346771466845675,8.781228458767727,30.927846200887018
2021-04-07 19:00:00,7.510000228881836,7.650000095367432,7.320000171661377,7.46999979019165,55500,9.02,9.45835000514984,8.025499963760376,0.37945214470113847,7.2665956743581,8.784404253162654,33.45725776903045
2021-04-08 19:00:00,7.599999904632568,8.149999618530273,7.510000228881836,8.010000228881836,66000,8.979799995422363,9.450900006294251,8.04799997806549,0.3633991304063081,7.321201717252874,8.774798238878107,40.333337677848284
2021-04-11 19:00:00,7.900000095367432,8.0,7.630000114440918,8.0,19000,8.939799995422364,9.44385000705719,8.04799997806549,0.3633991304063081,7.321201717252874,8.774798238878107,44.485293086425294
2021-04-12 19:00:00,8.25,8.25,7.5,8.029999732971191,62500,8.888199996948241,9.435150003433227,8.032499957084656,0.35684100288912013,7.318817951306416,8.746181962862897,42.585547814962595
2021-04-13 19:00:00,8.010000228881836,8.149999618530273,7.900000095367432,7.989999771118164,61000,8.833599987030029,9.427850003242492,8.017499947547913,0.35171568460489805,7.314068578338117,8.720931316757708,44.26877701291191
2021-04-14 19:00:00,7.820000171661377,8.0,7.75,7.769999980926514,23000,8.781999979019165,9.42065000295639,7.975499963760376,0.3264880821989373,7.322523799362501,8.628476128158251,42.58555553601471
2021-04-15 19:00:00,8.039999961853027,8.039999961853027,7.900000095367432,7.989999771118164,2000,8.733999967575073,9.410050003528594,7.956999969482422,0.31379008432015826,7.329419800842105,8.584580138122739,53.59999588012774
2021-04-18 19:00:00,7.929999828338623,7.929999828338623,7.71999979019165,7.71999979019165,1000,8.684199962615967,9.399400000572205,7.91349995136261,0.2798923613574874,7.353715228647635,8.473284674077584,44.57364018723803
2021-04-19 19:00:00,7.980000019073486,8.0,7.900000095367432,7.900000095367432,6000,8.6385999584198,9.388750002384185,7.893499946594238,0.2646999047821082,7.364100137030022,8.422899756158454,46.64179522732404
2021-04-20 19:00:00,7.820000171661377,7.900000095367432,7.699999809265137,7.789999961853027,19500,8.585799951553344,9.378650000095368,7.861999940872193,0.23451176665566684,7.392976407560859,8.331023474183526,50.0
2021-04-21 19:00:00,7.71999979019165,7.71999979019165,7.710000038146973,7.710000038146973,1000,8.524999952316284,9.367749998569488,7.833499956130981,0.21485059275396995,7.403798770623041,8.263201141638921,44.81327973236979
2021-04-22 19:00:00,7.889999866485596,7.889999866485596,7.53000020980835,7.53000020980835,2000,8.471799964904784,9.356500000953675,7.801999974250793,0.21060310723580314,7.380793759779187,8.223206188722399,52.1739160481223
2021-04-25 19:00:00,7.5,7.650000095367432,7.400000095367432,7.650000095367432,9000,8.42419997215271,9.346549999713897,7.793999981880188,0.21330478230082145,7.367390417278545,8.220609546481832,52.40384339845445
2021-04-26 19:00:00,7.449999809265137,7.46999979019165,7.309999942779541,7.309999942779541,17000,8.374999961853028,9.33414999961853,7.759499979019165,0.23311333355387576,7.293273311911413,8.225726646126917,45.99156058718161
2021-04-27 19:00:00,7.309999942779541,7.5,7.099999904632568,7.329999923706055,10500,8.323799953460693,9.322199997901917,7.721999979019165,0.23909035753972668,7.243819263939711,8.200180694098618,47.033901301583526
2021-04-28 19:00:00,7.309999942779541,7.309999942779541,7.050000190734863,7.050000190734863,15000,8.266199951171876,9.310250000953674,7.684999990463257,0.28150904603834337,7.12198189838657,8.248018082539943,27.142850006516767
2021-04-29 19:00:00,7.070000171661377,7.070000171661377,6.880000114440918,7.010000228881836,36500,8.208799953460693,9.299100003242494,7.6375,0.3112431937159518,7.015013612568096,8.259986387431903,26.760559596609028
2021-05-02 19:00:00,6.760000228881836,7.130000114440918,6.75,6.989999771118164,32000,8.149799957275391,9.28800000190735,7.614999985694885,0.3411049763701451,6.932790032954594,8.297209938435175,25.47169768882415
2021-05-03 19:00:00,6.949999809265137,7.0,6.949999809265137,7.0,14000,8.089999961853028,9.276649999618531,7.587499976158142,0.36775095203672736,6.851998072084688,8.323001880231597,26.31579667847579
2021-05-04 19:00:00,7.139999866485596,7.139999866485596,6.900000095367432,6.900000095367432,7500,8.030999956130982,9.263900001049041,7.557499980926513,0.3984558575390246,6.760588265848464,8.354411696004563,27.918787623535906
2021-05-05 19:00:00,7.900000095367432,7.900000095367432,6.900000095367432,7.900000095367432,69000,7.996999950408935,9.25335000038147,7.578999996185303,0.405032771229486,6.768934453726331,8.389065538644275,48.36364254281433
2021-05-16 19:00:00,8.899999618530273,8.899999618530273,8.5,8.890000343322754,416500,7.982599964141846,9.250500001907348,7.623000001907348,0.4926416477664184,6.637716706374512,8.608283297440185,66.85879398151934
2021-05-17 19:00:00,9.239999771118164,9.239999771118164,8.699999809265137,8.720000267028809,139000,7.964399967193604,9.246600003242493,7.659000015258789,0.5451499375138095,6.5687001402311695,8.749299890286407,61.849711699611376
2021-05-18 19:00:00,8.550000190734863,8.699999809265137,8.350000381469727,8.529999732971191,147500,7.945999965667725,9.24130000114441,7.684000015258789,0.5737723898058743,6.536455235647041,8.831544794870538,60.45197146520975
2021-05-19 19:00:00,8.699999809265137,9.25,8.420000076293945,8.75,281000,7.951999969482422,9.237650003433227,7.722000026702881,0.6185262812037319,6.484947464295417,8.959052589110344,64.13042943058666
2021-05-20 19:00:00,8.90999984741211,8.90999984741211,8.319999694824219,8.460000038146973,69000,7.953199977874756,9.231100001335143,7.756500029563904,0.6402078390973592,6.4760843513691855,9.036915707758622,62.26912251552519
2021-05-23 19:00:00,8.449999809265137,8.5,8.350000381469727,8.430000305175781,80500,7.952799987792969,9.223500003814697,7.778500056266784,0.6560189316923771,6.46646219288203,9.090537919651538,60.54053984391965
2021-05-24 19:00:00,8.600000381469727,8.600000381469727,8.119999885559082,8.239999771118164,100000,7.948999977111816,9.215150003433228,7.8045000553131105,0.6638363639009024,6.476827327511305,9.132172783114916,63.09858314954963
2021-05-25 19:00:00,8.34000015258789,8.600000381469727,8.210000038146973,8.260000228881836,56000,7.941799983978272,9.210700006484986,7.822500061988831,0.671399786321185,6.4797004893464605,9.1652996346312,63.098588106157045
2021-05-26 19:00:00,8.239999771118164,8.25,8.0,8.029999732971191,430000,7.9327999877929685,9.206350007057189,7.834500050544738,0.672931358461371,6.4886373336219965,9.18036276746748,63.99998201644188
2021-05-27 19:00:00,8.050000190734863,8.100000381469727,7.989999771118164,8.0600004196167,144000,7.92920000076294,9.203800010681153,7.852000069618225,0.6740732742000908,6.503853521218044,9.200146618018406,65.04296721932356
2021-05-30 19:00:00,8.149999618530273,8.899999618530273,8.100000381469727,8.5,247000,7.9480000019073485,9.204150009155274,7.900500059127808,0.6845011945410544,6.531497670045699,9.269502448209916,69.30945246692936
2021-05-31 19:00:00,8.600000381469727,8.75,8.449999809265137,8.489999771118164,131500,7.957799997329712,9.204850006103516,7.942500042915344,0.6940262215228442,6.554447599869656,9.330552485961032,69.05369231463426
2021-06-01 19:00:00,8.489999771118164,8.75,8.489999771118164,8.520000457763672,142000,7.961400003433227,9.2051500082016,8.003000068664551,0.6887066756735692,6.625586717317413,9.38041342001169,71.09373554511068
2021-06-02 19:00:00,8.729999542236328,9.4399995803833,8.670000076293945,8.949999809265137,475000,7.97460000038147,9.207700009346008,8.084000062942504,0.7005516679300684,6.682896727082367,9.485103398802641,66.05502754351937
2021-06-03 19:00:00,8.8100004196167,9.390000343322754,8.8100004196167,9.15999984741211,310000,7.985600004196167,9.211300010681152,8.189500045776366,0.6955003886732009,6.798499268429965,9.580500823122769,55.421671057776905
2021-06-06 19:00:00,9.199999809265137,9.199999809265137,8.699999809265137,8.869999885559082,120500,7.995800008773804,9.213250012397767,8.28250002861023,0.652508330255159,6.977483368099912,9.587516689120548,52.87355313860857
2021-06-07 19:00:00,8.800000190734863,8.989999771118164,8.800000190734863,8.800000190734863,140500,8.000000009536743,9.21470001220703,8.373000049591065,0.5859324429455477,7.20113516369997,9.54486493548216,55.42169228435868
2021-06-08 19:00:00,8.8100004196167,8.979999542236328,8.720000267028809,8.739999771118164,82500,8.00880000114441,9.215350012779236,8.460000038146973,0.4931744340428428,7.473651170061287,9.446348906232657,49.7854029823378
2021-06-09 19:00:00,8.720000267028809,8.850000381469727,8.619999885559082,8.720000267028809,29500,8.014800004959106,9.214900012016296,8.551000046730042,0.3316291279648884,7.887741790800265,9.214258302659818,56.310680960043854
2021-06-10 19:00:00,8.75,8.899999618530273,8.609999656677246,8.649999618530273,75500,8.022200002670289,9.210900011062622,8.588500022888184,0.29446246352559097,7.9995750958370015,9.177424949939365,55.23807318034598
2021-06-13 19:00:00,8.979999542236328,9.399999618530273,8.710000038146973,9.039999961853027,413000,8.039800004959107,9.210100011825562,8.596000003814698,0.3042920570309835,7.9874158897527305,9.204584117876665,67.39129262972136
2021-06-14 19:00:00,9.199999809265137,9.6899995803833,9.149999618530273,9.220000267028809,456000,8.068000011444092,9.210100011825562,8.621000003814697,0.3340957731175261,7.9528084575796445,9.289191550049749,69.51218046605175
2021-06-15 19:00:00,9.350000381469727,9.550000190734863,9.15999984741211,9.279999732971191,208000,8.093600006103516,9.209700012207032,8.658500003814698,0.36408893653378555,7.930322130747127,9.386677876882269,77.29256550782097
2021-06-16 19:00:00,9.119999885559082,9.199999809265137,9.020000457763672,9.050000190734863,48000,8.113000011444091,9.207400012016297,8.67350001335144,0.3740992312598038,7.925301550831832,9.421698475871047,69.87951530360166
2021-06-17 19:00:00,9.0,9.079999923706055,8.920000076293945,9.0600004196167,66500,8.138400020599365,9.205350012779236,8.703500032424927,0.3800868850461146,7.943326262332698,9.463673802517157,63.59224042587567
2021-06-20 19:00:00,9.289999961853027,9.300000190734863,8.90999984741211,9.0,44500,8.159200019836426,9.202600011825561,8.732000017166138,0.3798697776079831,7.972260461950172,9.491739572382103,62.085309984741215
2021-06-21 19:00:00,8.829999923706055,8.949999809265137,8.8100004196167,8.899999618530273,51500,8.188400011062622,9.199600009918212,8.765000009536744,0.3631803629688065,8.03863928359913,9.491360735474357,58.71557586171899
2021-06-22 19:00:00,8.789999961853027,9.899999618530273,8.789999961853027,9.899999618530273,1701000,8.23539999961853,9.19850000858307,8.846999979019165,0.4233213895977643,8.000357199823636,9.693642758214693,67.27271781480344
2021-06-23 19:00:00,10.300000190734863,10.300000190734863,9.600000381469727,9.770000457763672,1790000,8.280800008773804,9.193650012016297,8.934000015258789,0.4253716229452861,8.083256769368218,9.78474326114936,61.42323207717404
2021-06-24 19:00:00,9.899999618530273,9.899999618530273,9.40999984741211,9.539999961853027,199000,8.32220001220703,9.189600009918212,9.007999992370605,0.3928117296709002,8.222376533028804,9.793623451712406,62.83524750217774
2021-06-27 19:00:00,9.789999961853027,10.300000190734863,9.789999961853027,9.859999656677246,1014500,8.35920000076294,9.18215000629425,9.075999975204468,0.4172011711390395,8.24159763292639,9.910402317482546,68.53145524000577
2021-06-28 19:00:00,9.899999618530273,10.859999656677246,9.899999618530273,10.859999656677246,2013000,8.416399993896484,9.175100002288819,9.194499969482422,0.5556169249356692,8.083266119611084,10.30573381935376,77.89473393617259
2021-06-29 19:00:00,11.399999618530273,11.859999656677246,11.199999809265137,11.859999656677246,1760500,8.492999992370606,9.174600000381469,9.361499929428101,0.7933159069744234,7.774868115479254,10.948131743376948,82.84517718188881
2021-06-30 19:00:00,12.489999771118164,12.859999656677246,12.25,12.859999656677246,800000,8.590399990081787,9.182349996566773,9.556999921798706,1.1065217073820195,7.343956507034667,11.770043336562745,86.86514894939664
2021-07-01 19:00:00,13.859999656677246,13.859999656677246,13.5600004196167,13.859999656677246,1250000,8.712199983596802,9.196699995994567,9.791999912261963,1.460301216912246,6.871397478437471,12.712602346086454,88.13291081937528
2021-07-04 19:00:00,14.850000381469727,14.890000343322754,12.829999923706055,12.890000343322754,3377000,8.810199995040893,9.205649995803833,9.992999935150147,1.5969809621477449,6.799038010854657,13.186961859445637,75.80872535703776
2021-07-05 19:00:00,12.520000457763672,12.979999542236328,11.890000343322754,11.970000267028809,1742500,8.895200004577637,9.212149996757507,10.151499938964843,1.6293274778856797,6.892844983193484,13.410154894736202,66.87578899505215
2021-07-06 19:00:00,11.510000228881836,12.970000267028809,11.3100004196167,12.899999618530273,1172000,8.995199995040894,9.22369999408722,10.35949993133545,1.7034962561849993,6.9525074189654505,13.766492443705449,72.2029977935692
2021-07-07 19:00:00,12.989999771118164,13.600000381469727,12.510000228881836,12.710000038146973,1775500,9.093599996566773,9.23614999294281,10.558999919891358,1.7347376124370695,7.089524695017219,14.028475144765498,70.62147032682263
2021-07-08 19:00:00,12.75,12.75,11.720000267028809,11.890000343322754,498500,9.177200002670288,9.24534999370575,10.720999956130981,1.6979767656617988,7.325046424807384,14.116953487454579,65.03642570324567
2021-07-11 19:00:00,12.100000381469727,12.890000343322754,11.890000343322754,12.800000190734863,1116000,9.282600002288818,9.260049996376038,10.908999967575074,1.7101704708269352,7.488659025921203,14.329340909228945,68.7140192633111
2021-07-12 19:00:00,13.0,13.449999809265137,12.5,12.84000015258789,1133500,9.386400003433227,9.274949998855591,11.089999961853028,1.713565066630971,7.662869828591086,14.51713009511497,65.53911951034758
2021-07-13 19:00:00,12.800000190734863,13.0,12.300000190734863,12.329999923706055,228500,9.486800003051759,9.286849999427796,11.24249997138977,1.679382303935327,7.883735363519117,14.601264579260425,63.00812968732464
2021-07-14 19:00:00,12.329999923706055,12.569999694824219,11.890000343322754,12.010000228881836,229000,9.580400009155273,9.297699999809264,11.39049997329712,1.6047642043293386,8.180971564638442,14.600028381955797,62.43706396159871
2021-07-15 19:00:00,12.289999961853027,12.350000381469727,11.989999771118164,12.1899995803833,141500,9.683199996948241,9.309499998092651,11.54699993133545,1.5156763575024386,8.515647216330573,14.578352646340326,61.89990098928884
2021-07-25 19:00:00,11.989999771118164,13.069999694824219,11.949999809265137,12.6899995803833,714000,9.796799983978271,9.327749996185302,11.731499910354614,1.410238059326471,8.911023791701673,14.551976029007555,59.84930298601784
2021-07-26 19:00:00,12.899999618530273,13.399999618530273,12.600000381469727,12.720000267028809,267500,9.911399993896485,9.345999999046326,11.922499942779542,1.2569129915936792,9.408673959592184,14.4363259259669,55.168274273138366
2021-07-27 19:00:00,12.75,12.890000343322754,11.720000267028809,11.770000457763672,259000,10.006800003051758,9.359700002670287,12.01599998474121,1.164715426610558,9.686569131520095,14.345430837962326,43.409918284963275
2021-07-28 19:00:00,11.5,11.789999961853027,11.5,11.680000305175781,118500,10.102400007247924,9.372900004386901,12.111499977111816,1.0427861317122573,10.0259277136873,14.19707224053633,35.19021726806693
2021-07-29 19:00:00,11.699999809265137,11.699999809265137,11.0,11.229999542236328,186000,10.168999996185303,9.38380000114441,12.195999956130981,0.8790629332737736,10.437874089583435,13.954125822678527,37.86548979896013
2021-08-01 19:00:00,11.010000228881836,11.75,10.850000381469727,11.569999694824219,295500,10.222599983215332,9.39914999961853,12.28149995803833,0.7060287415517993,10.869442474934731,13.693557441141929,46.8051068808524
2021-08-02 19:00:00,11.880000114440918,12.100000381469727,11.199999809265137,11.640000343322754,220000,10.28099998474121,9.415100002288819,12.320499992370605,0.6420154814250527,11.0364690295205,13.60453095522071,38.33334128061846
2021-08-03 19:00:00,11.960000038146973,11.960000038146973,11.5,11.569999694824219,106000,10.341799983978271,9.426849999427795,12.305999994277954,0.6560840297573072,10.993831934763339,13.61816805379257,39.204545557170505
2021-08-04 19:00:00,11.770000457763672,11.770000457763672,11.109999656677246,11.34000015258789,461500,10.39359998703003,9.43829999923706,12.230000019073486,0.6762590196512658,10.877481979770955,13.582518058376017,44.13646038094498
2021-08-05 19:00:00,11.210000038146973,11.630000114440918,10.800000190734863,10.899999618530273,242000,10.442399978637695,9.447649998664856,12.082000017166138,0.6225212406902102,10.836957535785718,13.327042498546557,27.488156478439635
2021-08-08 19:00:00,11.149999618530273,11.149999618530273,10.300000190734863,10.489999771118164,64000,10.483599967956543,9.45579999923706,11.961999988555908,0.6865904059809788,10.588819176593951,13.335180800517865,24.40087879282754
2021-08-09 19:00:00,10.300000190734863,10.890000343322754,10.100000381469727,10.5,193000,10.52879997253418,9.463249998092651,11.888499975204468,0.760403502613332,10.367692969977803,13.409306980431133,27.628374058392822
2021-08-10 19:00:00,10.5,10.850000381469727,10.399999618530273,10.40999984741211,89000,10.571799964904786,9.47159999847412,11.76399998664856,0.7893662483073965,10.185267490033768,13.342732483263353,29.274619975856737
2021-08-11 19:00:00,10.449999809265137,10.600000381469727,10.300000190734863,10.350000381469727,47500,10.618199977874756,9.478450002670288,11.646000003814697,0.8164390354139591,10.01312193298678,13.278878074642614,25.40109754066947
2021-08-12 19:00:00,10.210000038146973,10.380000114440918,10.199999809265137,10.239999771118164,10500,10.661799964904786,9.485300002098084,11.563499975204468,0.871962597781114,9.81957477964224,13.307425170766697,13.432874061307828
2021-08-15 19:00:00,10.5,10.5,10.069999694824219,10.239999771118164,33000,10.696599960327148,9.490300002098083,11.435499954223634,0.868789132142282,9.697921689939069,13.173078218508198,12.650623693905246
2021-08-16 19:00:00,10.199999809265137,10.5,10.199999809265137,10.279999732971191,34500,10.732399959564209,9.495,11.307499933242799,0.83904633875952,9.629407255723759,12.985592610761838,19.08715663311399
2021-08-19 19:00:00,10.600000381469727,11.0,10.420000076293945,10.890000343322754,122000,10.77979995727539,9.501800003051757,11.235499954223632,0.8078918684368095,9.619716217350014,12.851283691097251,36.5187865500169
2021-08-22 19:00:00,10.850000381469727,11.149999618530273,10.850000381469727,11.029999732971191,143500,10.821399955749511,9.51130000114441,11.1864999294281,0.7879171666164799,9.61066559619514,12.76233426266106,46.18321235873709
2021-08-23 19:00:00,10.949999809265137,11.489999771118164,10.949999809265137,11.279999732971191,219500,10.863799953460694,9.52125,11.140999937057495,0.7523920256583316,9.636215885740832,12.64578398837416,44.26877917327422
2021-08-24 19:00:00,11.289999961853027,12.279999732971191,11.100000381469727,11.470000267028809,1104500,10.915799961090087,9.531849999427795,11.079999971389771,0.6645221017701403,9.75095576784949,12.409044174930052,46.79245323759648
2021-08-25 19:00:00,11.399999618530273,11.75,11.050000190734863,11.210000038146973,514000,10.96399995803833,9.541950001716614,11.00449995994568,0.5430661907984554,9.918367578348768,12.090632341542591,43.661980344242714
2021-08-26 19:00:00,11.0,11.210000038146973,10.800000190734863,10.869999885559082,123500,11.006599960327149,9.551150002479552,10.959499931335449,0.5127375480553502,9.934024835224749,11.984975027446149,42.03389841467093
2021-08-29 19:00:00,10.869999885559082,11.869999885559082,10.0,11.789999961853027,1954500,11.067999954223632,9.56585000038147,10.964999914169312,0.5213898726275373,9.922220168914237,12.007779659424386,62.973761176127454
2021-08-30 19:00:00,11.699999809265137,12.770000457763672,11.300000190734863,11.770000457763672,3243500,11.1303999710083,9.582200002670287,10.991999959945678,0.5490816068752642,9.89383674619515,12.090163173696206,71.05263653224046
2021-08-31 19:00:00,11.760000228881836,12.0,11.600000381469727,11.65999984741211,184000,11.182799968719483,9.596350002288819,10.996499967575073,0.5544108662605615,9.887678235053949,12.105321700096196,68.47132752017446
2021-09-01 19:00:00,11.619999885559082,12.039999961853027,11.25,11.600000381469727,327000,11.230399971008302,9.609400005340577,10.994499969482423,0.5520343610617451,9.890431247358933,12.098568691605912,69.13183762885333
2021-09-02 19:00:00,11.319999694824219,11.949999809265137,11.319999694824219,11.5,435500,11.274799976348877,9.621700005531311,10.990999984741212,0.5484035264764894,9.894192931788233,12.08780703769419,68.25395335656866
2021-09-05 19:00:00,11.5,11.850000381469727,11.319999694824219,11.430000305175781,102500,11.322399978637696,9.633300008773803,10.995499992370606,0.5517769043828694,9.891946183604867,12.099053801136344,69.13183762885333
2021-09-06 19:00:00,11.399999618530273,11.579999923706055,11.149999618530273,11.199999809265137,125500,11.365199966430664,9.644000005722045,11.01050000190735,0.5531201991753946,9.90425960355656,12.116740400258138,64.37125329610006
2021-09-07 19:00:00,11.279999732971191,11.489999771118164,10.800000190734863,11.170000076293945,74000,11.408599967956542,9.654600005149842,11.044500017166138,0.5401898741576441,9.96412026885085,12.124879765481426,63.36336499741248
2021-09-08 19:00:00,11.149999618530273,11.199999809265137,11.0,11.069999694824219,109000,11.451999969482422,9.662700004577637,11.07300000190735,0.5247667093184002,10.02346658327055,12.12253342054415,53.191477129576235
2021-09-09 19:00:00,10.90999984741211,11.140000343322754,10.5,10.680000305175781,140000,11.467599983215331,9.6639000082016,11.086500024795532,0.5100803047910651,10.066339415213402,12.106660634377661,44.299684790513204
2021-09-12 19:00:00,10.6899995803833,10.970000267028809,10.550000190734863,10.6899995803833,58000,11.485999965667725,9.669050006866454,11.10349998474121,0.4894926124068175,10.124514759927575,12.082485209554847,39.57596875452826
2021-09-13 19:00:00,10.609999656677246,10.699999809265137,10.149999618530273,10.279999732971191,106500,11.500799961090088,9.672050004005433,11.105499982833862,0.48584692089430126,10.133806141045259,12.077193824622466,30.49178964378224
2021-09-14 19:00:00,9.760000228881836,10.479999542236328,9.760000228881836,10.350000381469727,31500,11.510599975585938,9.675800004005431,11.11100001335144,0.47605734975031433,10.158885313850812,12.063114712852068,34.96503916234039
2021-09-15 19:00:00,9.899999618530273,10.279999732971191,9.899999618530273,10.149999618530273,23000,11.496399974822998,9.679250001907349,11.104500007629394,0.4887199551212821,10.12706009738683,12.081939917871958,36.76470227307549
2021-09-16 19:00:00,10.109999656677246,10.5,9.850000381469727,10.100000381469727,31500,11.461199989318848,9.682500004768372,11.065000009536742,0.5365533814675999,9.991893246601542,12.138106772471943,4.324321537838983
2021-09-19 19:00:00,10.390000343322754,10.390000343322754,10.100000381469727,10.100000381469727,22000,11.406000003814697,9.686250004768372,11.01850004196167,0.5784123194819852,9.8616754029977,12.17532468092564,4.37158071263967
2021-09-21 19:00:00,10.40999984741211,10.40999984741211,9.59000015258789,9.9399995803833,66000,11.327600002288818,9.690650000572205,10.951500034332275,0.6224593223666509,9.706581389598973,12.196418679065577,4.255314831714543
2021-09-22 19:00:00,9.65999984741211,9.699999809265137,9.119999885559082,9.34000015258789,61000,11.25659999847412,9.69204999923706,10.84500002861023,0.7057247452535864,9.433550538103056,12.256449519117403,3.3057818671050825
2021-09-23 19:00:00,9.109999656677246,9.300000190734863,9.010000228881836,9.029999732971191,36500,11.197799987792969,9.691449999809265,10.73600001335144,0.8074091738029145,9.12118166574561,12.35081836095727,3.0418220617857656
2021-09-26 19:00:00,9.029999732971191,9.25,8.510000228881836,9.020000457763672,94500,11.120200004577637,9.690950002670288,10.64350004196167,0.892714828037558,8.858070385886553,12.428929698036786,3.1128378679253643
2021-09-28 19:00:00,9.119999885559082,9.229999542236328,8.800000190734863,9.029999732971191,47500,11.046599998474122,9.690550003051758,10.505500030517577,0.9190927058616656,8.667314618794247,12.343685442240908,3.8297556319577666
2021-09-29 19:00:00,8.890000343322754,9.600000381469727,8.850000381469727,9.369999885559082,53500,10.996199989318848,9.691700000762939,10.38550000190735,0.9018196735594946,8.581860654788361,12.189139349026338,16.165395877185333
2021-09-30 19:00:00,9.100000381469727,9.8100004196167,9.029999732971191,9.520000457763672,24500,10.930599994659424,9.693150005340577,10.278500032424926,0.8689998935284405,8.540500245368046,12.016499819481806,21.402218437240464
2021-10-03 19:00:00,9.5,10.489999771118164,9.34000015258789,10.180000305175781,102500,10.877399997711182,9.69460000514984,10.20750002861023,0.8114501151124814,8.584599798385268,11.830400258835192,41.61073696634233
2021-10-04 19:00:00,10.199999809265137,10.899999618530273,10.199999809265137,10.449999809265137,134000,10.839799995422362,9.698850002288818,10.155000019073487,0.7554608020258402,8.644078415021806,11.665921623125168,46.29629956678458
2021-10-05 19:00:00,10.949999809265137,10.949999809265137,9.850000381469727,10.119999885559082,220000,10.801999988555908,9.701200003623962,10.089499998092652,0.6933326713235429,8.702834655445566,11.476165340739739,47.46835672249887
2021-10-06 19:00:00,10.149999618530273,10.25,9.9399995803833,9.979999542236328,40500,10.75779998779297,9.703800001144408,10.028499984741211,0.6422761398261304,8.743947705088951,11.313052264393471,44.27243201747911
2021-10-07 19:00:00,10.0,10.100000381469727,9.899999618530273,10.09000015258789,37000,10.70579999923706,9.707650003433228,9.974499988555909,0.5840103629163053,8.806479262723299,11.14252071438852,49.04459430565207
2021-10-10 19:00:00,10.149999618530273,10.149999618530273,9.319999694824219,9.470000267028809,23000,10.64079999923706,9.707700004577637,9.894500017166138,0.5334443408058807,8.827611335554376,10.961388698777899,41.50943250723546
2021-10-11 19:00:00,9.399999618530273,9.399999618530273,9.399999618530273,9.399999618530273,5500,10.593399982452393,9.704250001907349,9.830499982833862,0.510536059034527,8.809427864764809,10.851572100902915,40.74073233091584
2021-10-12 19:00:00,10.09000015258789,10.09000015258789,8.800000190734863,8.850000381469727,62000,10.536799983978272,9.699150004386901,9.738500022888184,0.5132791556772822,8.711941711533619,10.765058334242749,36.93046249097497
2021-10-13 19:00:00,8.75,9.1899995803833,8.699999809265137,8.979999542236328,92500,10.491799983978272,9.694000000953674,9.67350001335144,0.5233120916329771,8.626875830085485,10.720124196617395,45.13512538243641
2021-10-14 19:00:00,9.5,9.5,9.010000228881836,9.119999885559082,13500,10.442799987792968,9.68960000038147,9.611999988555908,0.5117729730087043,8.5884540425385,10.635545934573317,51.27479013754528
2021-10-17 19:00:00,9.399999618530273,9.399999618530273,9.109999656677246,9.260000228881836,13000,10.395199985504151,9.686750001907349,9.567500019073487,0.5011132462312723,8.565273526610943,10.56972651153603,53.27868553447976
2021-10-19 19:00:00,10.0,10.0,9.399999618530273,9.5,60500,10.353799991607666,9.68164999961853,9.5375,0.48526578822196303,8.566968423556073,10.508031576443926,56.0411340044683
2021-10-20 19:00:00,9.960000038146973,9.960000038146973,9.3100004196167,9.5,10000,10.316999988555908,9.678600001335145,9.507499980926514,0.4668581643685092,8.573783652189496,10.441216309663533,51.83098742896133
2021-10-21 19:00:00,9.84000015258789,9.84000015258789,9.149999618530273,9.210000038146973,65000,10.283199996948243,9.675250000953675,9.471000003814698,0.459747053621157,8.551505896572383,10.390494111057013,45.79945183104197
2021-10-24 19:00:00,9.199999809265137,9.260000228881836,9.199999809265137,9.210000038146973,14000,10.257600002288818,9.672699999809264,9.464499998092652,0.46260672922283447,8.539286539646984,10.38971345653832,33.993393522882684
2021-10-25 19:00:00,9.800000190734863,9.800000190734863,9.149999618530273,9.199999809265137,4500,10.23159999847412,9.67,9.473000001907348,0.45571341414053995,8.561573173626268,10.384426830188428,27.43682683342996
2021-10-26 19:00:00,9.789999961853027,9.789999961853027,9.029999732971191,9.479999542236328,7500,10.212999992370605,9.667699999809265,9.495999956130982,0.4430801311281132,8.609839693874756,10.382160218387208,38.23528896153643
2021-10-27 19:00:00,9.729999542236328,9.729999542236328,9.010000228881836,9.210000038146973,156500,10.190199985504151,9.66460000038147,9.50499997138977,0.4348683883791645,8.635263194631442,10.374736748148099,36.49123405815943
2021-10-28 19:00:00,9.550000190734863,9.739999771118164,9.029999732971191,9.380000114440918,15000,10.172999992370606,9.663600001335144,9.505499982833863,0.4347107162635135,8.636078550306836,10.37492141536089,37.80068199209859
2021-10-31 19:00:00,9.449999809265137,9.699999809265137,9.399999618530273,9.40999984741211,70000,10.156399993896484,9.6625,9.499999952316283,0.43521318038470885,8.629573591546865,10.370426313085702,48.70688680660749
2021-11-01 19:00:00,9.789999961853027,9.789999961853027,9.25,9.329999923706055,32000,10.137399997711181,9.659949998855591,9.457499933242797,0.40582432241733635,8.645851288408124,10.26914857807747,48.497859347244166
2021-11-02 19:00:00,9.15999984741211,9.449999809265137,9.149999618530273,9.300000190734863,53000,10.105599994659423,9.65795000076294,9.399999952316284,0.3326765017486701,8.734646948818943,10.065352955813625,62.43094417523174
2021-11-03 19:00:00,9.449999809265137,10.300000190734863,9.319999694824219,9.949999809265137,319000,10.083999996185304,9.658249998092652,9.391499948501586,0.31501498535583794,8.761469977789911,10.021529919213261,70.81546557541172
2021-11-04 19:00:00,10.25,10.5,10.050000190734863,10.199999809265137,212500,10.062399997711182,9.660449995994568,9.402499961853028,0.33953331951294746,8.723433322827134,10.081566600878922,72.13115843353434
2021-11-07 19:00:00,10.300000190734863,11.0,10.239999771118164,10.739999771118164,842000,10.047799987792969,9.66529999256134,9.434999942779541,0.42830749397142337,8.578384954836695,10.291614930722387,76.0563460684752
2021-11-08 19:00:00,10.899999618530273,11.149999618530273,10.529999732971191,10.829999923706055,770000,10.04019998550415,9.67119999408722,9.502999925613404,0.530035691411386,8.442928542790632,10.563071308436175,74.72120079357089
2021-11-09 19:00:00,10.970000267028809,11.75,10.649999618530273,11.050000190734863,1917500,10.043799991607665,9.678049993515014,9.585499954223632,0.6318017057274422,8.321896542768748,10.849103365678516,76.63231580723973
2021-11-10 19:00:00,10.8100004196167,11.399999618530273,10.609999656677246,11.109999656677246,1132500,10.03019998550415,9.684599990844726,9.698499917984009,0.6925184548901459,8.313463008203717,11.0835368277643,85.44777526864809
2021-11-11 19:00:00,11.289999961853027,11.289999961853027,10.270000457763672,10.670000076293945,257000,10.008199977874757,9.685249991416931,9.782999944686889,0.7032563010474668,8.376487342591956,11.189512546781822,73.39745167053587
2021-11-14 19:00:00,10.670000076293945,10.739999771118164,10.300000190734863,10.3100004196167,207000,9.981199989318847,9.682249994277955,9.84249997138977,0.6944961988042065,8.453507573781357,11.231492368998184,65.99425706241706
2021-11-15 19:00:00,10.3100004196167,10.649999618530273,10.239999771118164,10.3100004196167,150500,9.955399990081787,9.676899995803833,9.894999980926514,0.6877997004927284,8.519400579941056,11.270599381911971,63.00942763056603
2021-11-16 19:00:00,10.319999694824219,10.489999771118164,10.109999656677246,10.25,61000,9.930399990081787,9.67324999809265,9.932499980926513,0.6855721836374171,8.56135561365168,11.303644348201347,67.44967205428907
2021-11-17 19:00:00,10.300000190734863,10.75,10.260000228881836,10.510000228881836,350000,9.911999988555909,9.673150000572205,9.982999992370605,0.68922612744639,8.604547737477825,11.361452247263385,68.40391820515313
2021-11-18 19:00:00,10.739999771118164,10.949999809265137,10.260000228881836,10.470000267028809,385500,9.897399997711181,9.67125,10.046000003814697,0.6722264949518066,8.701547013911084,11.390452993718311,67.20780477413238
2021-11-21 19:00:00,10.210000038146973,10.670000076293945,10.199999809265137,10.260000228881836,101000,9.879200000762939,9.669349999427796,10.09850001335144,0.643904859084253,8.810690295182935,11.386309731519946,64.48599019349196
2021-11-22 19:00:00,10.149999618530273,10.25,9.550000190734863,9.569999694824219,71000,9.84920000076294,9.665149998664855,10.117000007629395,0.621662493373023,8.873675020883349,11.360324994375441,53.48836578906449
2021-11-23 19:00:00,9.789999961853027,9.90999984741211,9.0,9.069999694824219,72500,9.816999988555908,9.659899997711182,10.096500015258789,0.6498929436545575,8.796714127949674,11.396285902567904,38.17204232160203
2021-11-24 19:00:00,9.300000190734863,9.489999771118164,9.100000381469727,9.15999984741211,85000,9.786399993896485,9.655199995040894,10.094000005722046,0.6535683945215343,8.786863216678977,11.401136794765115,35.39326068443269
2021-11-25 19:00:00,9.399999618530273,9.899999618530273,9.15999984741211,9.550000190734863,55500,9.771800003051759,9.65369999408722,10.102500009536744,0.6448409119469662,8.812818185642811,11.392181833430676,32.55132989992015
2021-11-28 19:00:00,9.869999885559082,10.399999618530273,9.869999885559082,10.170000076293945,271500,9.768199996948242,9.65444999217987,10.140500020980834,0.6239389308749416,8.892622159230951,11.388377882730717,41.62436855392496
2021-11-29 19:00:00,10.289999961853027,10.300000190734863,9.5600004196167,9.859999656677246,21500,9.762399997711181,9.653749990463258,10.167000007629394,0.598437485659663,8.970125036310067,11.36387497894872,35.23572789948889
2021-11-30 19:00:00,9.699999809265137,10.050000190734863,9.699999809265137,9.760000228881836,20000,9.755599994659423,9.64949999332428,10.190000009536742,0.5715998414543084,9.046800326628126,11.333199692445358,33.4152430873268
2021-12-01 19:00:00,9.350000381469727,9.350000381469727,8.760000228881836,8.789999961853027,98000,9.72939998626709,9.639849991798402,10.132000017166138,0.6506240425988327,8.830751931968473,11.433248102363804,29.565222078549155
2021-12-02 19:00:00,8.550000190734863,8.59000015258789,8.149999618530273,8.359999656677246,63000,9.697799987792969,9.629899988174438,10.040000009536744,0.7611972055538295,8.517605598429085,11.562394420644402,29.122056374176722
2021-12-05 19:00:00,8.520000457763672,8.520000457763672,7.360000133514404,7.730000019073486,195000,9.66559998512268,9.616599986553192,9.88950002193451,0.9003536700850482,8.088792681764414,11.690207362104605,25.660381025161797
2021-12-06 19:00:00,7.650000095367432,8.600000381469727,7.650000095367432,8.489999771118164,84000,9.65479998588562,9.607999985218049,9.772500014305114,0.9234483071781506,7.925603399948813,11.619396628661416,35.33333375718851
2021-12-07 19:00:00,8.699999809265137,8.789999961853027,8.109999656677246,8.630000114440918,59000,9.646999979019165,9.600249984264373,9.651500010490418,0.9056215674889571,7.8402568755125035,11.462743145468332,34.01360737300401
2021-12-08 19:00:00,8.920000076293945,8.920000076293945,8.260000228881836,8.479999542236328,14000,9.635999975204468,9.590499980449676,9.520000004768372,0.8730528755198532,7.773894253728665,11.266105755808079,33.38898024063792
2021-12-09 19:00:00,8.109999656677246,8.5,8.010000228881836,8.260000228881836,65000,9.613799982070923,9.578049981594086,9.399500012397766,0.8722897711774381,7.65492047004289,11.144079554752642,33.33333598242824
2021-12-12 19:00:00,8.25,8.25,8.010000228881836,8.199999809265137,24000,9.587399969100952,9.568099982738495,9.293999981880187,0.8838934226686154,7.526213136542957,11.061786827217418,37.24395091756952
2021-12-13 19:00:00,7.849999904632568,8.199999809265137,7.739999771118164,8.199999809265137,45000,9.54779995918274,9.558949983119964,9.18849995136261,0.8821641579397242,7.4241716354831615,10.952828267242058,41.06776452120661
2021-12-14 19:00:00,8.5,8.890000343322754,8.350000381469727,8.699999809265137,112000,9.51279995918274,9.553599979877472,9.110999941825867,0.8515553397205355,7.407889262384796,10.814110621266938,45.64393959918952
2021-12-15 19:00:00,8.510000228881836,8.699999809265137,8.449999809265137,8.6899995803833,37000,9.484199953079223,9.547599976062775,9.01999990940094,0.7891435336939912,7.441712842012958,10.598286976788923,41.224484592614715
2021-12-16 19:00:00,8.6899995803833,9.239999771118164,8.6899995803833,8.8100004196167,32000,9.46079997062683,9.54199997663498,8.936999917030334,0.712150989037987,7.512697938954361,10.361301895106308,34.54546380633829
2021-12-19 19:00:00,8.630000114440918,9.399999618530273,8.630000114440918,8.869999885559082,38000,9.436399965286254,9.53694997549057,8.867499899864196,0.6404593632658828,7.58658117333243,10.148418626395962,38.072293558838595
2021-12-20 19:00:00,9.0,9.210000038146973,8.649999618530273,9.079999923706055,47000,9.4285999584198,9.532649977207184,8.842999911308288,0.6212559872986056,7.600487936711077,10.0855118859055,42.018777976397686
2021-12-21 19:00:00,9.300000190734863,9.59000015258789,8.899999618530273,9.029999732971191,133500,9.421199960708618,9.52784997701645,8.840999913215636,0.6205507343893132,7.59989844443701,10.082101381994264,53.59280975488579
2021-12-22 19:00:00,8.579999923706055,9.239999771118164,8.579999923706055,9.050000190734863,29500,9.425199956893922,9.523849976062774,8.835499930381776,0.618057067150271,7.599385796081234,10.071614064682318,61.77474808199252
2021-12-23 19:00:00,9.149999618530273,9.399999618530273,8.90999984741211,8.960000038146973,109500,9.424799966812134,9.520649974346162,8.805999922752381,0.595840002924649,7.614319916903083,9.997679928601679,75.7321988740666
2021-12-26 19:00:00,9.0,9.149999618530273,9.0,9.0,79000,9.422399969100953,9.517599976062774,8.747499918937683,0.5054531825268466,7.736593553883989,9.758406283991375,65.26944979338985
2021-12-27 19:00:00,8.949999809265137,9.079999923706055,8.850000381469727,8.890000343322754,22000,9.41499997138977,9.513899977207183,8.698999953269958,0.43466752241997453,7.829664908430009,9.568334998109908,57.92682997744911
2021-12-28 19:00:00,9.75,9.75,8.800000190734863,8.930000305175781,48500,9.403599977493286,9.511299979686736,8.657499957084656,0.3615009521682236,7.934498052748209,9.380501861421104,64.70590068577255
2021-12-29 19:00:00,9.100000381469727,9.140000343322754,8.489999771118164,8.789999961853027,17000,9.389399976730347,9.512999980449676,8.657499957084656,0.3615009521682236,7.934498052748209,9.380501861421104,68.27583122483864
2021-12-30 19:00:00,9.0,9.050000190734863,8.779999732971191,8.960000038146973,25500,9.384399976730347,9.51579998254776,8.687499976158142,0.360407348292704,7.966685279572734,9.40831467274355,74.35896025137855
2022-01-02 19:00:00,8.960000038146973,9.199999809265137,8.899999618530273,9.100000381469727,49500,9.382199983596802,9.519049985408783,8.755999994277953,0.29267199570069624,8.17065600287656,9.341343985679346,76.47057833557072
2022-01-03 19:00:00,9.25,10.100000381469727,9.25,10.0,645500,9.398199987411498,9.526899983882904,8.831500005722045,0.3967138638228286,8.038072278076388,9.624927733367702,80.95236581470301
2022-01-04 19:00:00,9.800000190734863,10.380000114440918,9.5,9.979999542236328,253500,9.4081999874115,9.53369998216629,8.898999977111817,0.46890577898081354,7.96118841915019,9.836811535073444,80.56869681631207
2022-01-05 19:00:00,9.800000190734863,10.550000190734863,9.75,10.039999961853027,581000,9.42479998588562,9.541499984264373,8.976999998092651,0.5222531901071097,7.932493617878432,10.02150637830687,79.99997208759656
2022-01-06 19:00:00,10.289999961853027,10.300000190734863,10.0,10.010000228881836,315500,9.43739998817444,9.550349986553192,9.064499998092652,0.5420281263204318,7.9804437454517885,10.148556250733515,78.21781056358807
2022-01-09 19:00:00,10.050000190734863,10.5,9.520000457763672,10.039999961853027,321500,9.449999990463256,9.56274998664856,9.156500005722046,0.5437227853789204,8.069054434964205,10.243945576479888,76.08694187410366
2022-01-10 19:00:00,10.010000228881836,10.470000267028809,9.930000305175781,10.0,120000,9.463399991989135,9.57274998664856,9.246500015258789,0.5257403030943341,8.19501940907012,10.297980621447458,76.50272682976401
2022-01-11 19:00:00,10.100000381469727,10.100000381469727,10.0,10.0,50000,9.477399988174438,9.58104998588562,9.311500024795532,0.5349005902091193,8.241698844377293,10.38130120521377,76.24308256973544
2022-01-12 19:00:00,10.010000228881836,11.0,9.949999809265137,10.680000305175781,691500,9.491999998092652,9.592999987602234,9.411000061035157,0.5949249956032897,8.221150069828578,10.600850052241736,85.8333303531018
2022-01-13 19:00:00,11.140000343322754,11.180000305175781,10.300000190734863,10.300000190734863,82500,9.494000005722047,9.601449990272522,9.485500049591064,0.6088338704010288,8.267832308789007,10.70316779039312,73.72262494261423
2022-01-16 19:00:00,10.199999809265137,10.75,10.199999809265137,10.569999694824219,62000,9.490600004196168,9.612499990463256,9.570500040054322,0.6364248007926356,8.29765043846905,10.843349641639593,78.96550034513137
2022-01-17 19:00:00,10.800000190734863,11.039999961853027,10.5,10.5,18000,9.484000005722045,9.622049989700317,9.64150004386902,0.6576774851416529,8.326145073585714,10.956855014152325,76.79180087542737
2022-01-18 19:00:00,10.5,10.579999923706055,9.829999923706055,10.329999923706055,73500,9.469600000381469,9.632199988365173,9.706500053405762,0.6583013725248852,8.389897308355991,11.023102798455533,76.01351253389007
2022-01-19 19:00:00,10.010000228881836,10.550000190734863,9.649999618530273,10.420000076293945,53000,9.455800008773803,9.642199988365173,9.775000047683715,0.6576712693863132,8.45965750891109,11.090342586456341,75.34722187728795
2022-01-20 19:00:00,10.489999771118164,10.800000190734863,10.300000190734863,10.5600004196167,146000,9.453600015640259,9.653599991798401,9.855000066757203,0.6505907833533796,8.553818500050443,11.156181633463962,75.34722187728795
2022-01-23 19:00:00,10.899999618530273,11.15999984741211,10.399999618530273,10.4399995803833,15500,9.45619999885559,9.664999990463256,9.927000045776367,0.6303557206895926,8.666288604397183,11.187711487155552,60.47617382474475
2022-01-24 19:00:00,10.25,10.529999732971191,10.199999809265137,10.390000343322754,100500,9.457799997329712,9.677899992465973,10.002000045776366,0.5883124505582465,8.825375144659873,11.17862494689286,59.62443143328287
2022-01-25 19:00:00,10.010000228881836,10.25,10.0,10.25,27500,9.457799997329712,9.689149992465973,10.068000030517577,0.5331791356859577,9.001641759145663,11.134358301889492,54.7511320027635
2022-01-26 19:00:00,10.100000381469727,10.359999656677246,10.100000381469727,10.25,90000,9.452599992752075,9.699999992847443,10.141000032424927,0.44096661955666233,9.259066793311602,11.022933271538252,55.504581135799704
2022-01-27 19:00:00,10.109999656677246,10.489999771118164,10.109999656677246,10.199999809265137,149500,9.447199983596802,9.712049992084504,10.203000020980834,0.34231561669755484,9.518368787585725,10.887631254375943,53.63635890740173
2022-01-30 19:00:00,10.199999809265137,10.600000381469727,10.199999809265137,10.350000381469727,107500,9.448999986648559,9.723999993801117,10.265500020980834,0.2239943077857445,9.817511405409345,10.713488636552324,57.57576132890102
2022-01-31 19:00:00,10.739999771118164,11.350000381469727,10.699999809265137,11.140000343322754,764500,9.48039999961853,9.74249999523163,10.322500038146973,0.28860609305167617,9.74528785204362,10.899712224250326,68.38709439248973
2022-02-01 19:00:00,11.489999771118164,11.489999771118164,11.010000228881836,11.140000343322754,122500,9.521800012588502,9.760449995994568,10.380500078201294,0.32977632996687695,9.72094741826754,11.040052738135048,59.50412897454439
2022-02-02 19:00:00,11.5,11.699999809265137,10.899999618530273,11.09000015258789,88500,9.560400018692016,9.778399996757507,10.433000087738037,0.3553072158166626,9.722385656104713,11.143614519371361,68.89951061475456
2022-02-03 19:00:00,10.5,11.1899995803833,10.5,10.710000038146973,116500,9.58360001564026,9.794599997997285,10.468000078201294,0.34579589659235327,9.776408285016588,11.159591871386,53.18182350189804
2022-02-06 19:00:00,10.84000015258789,10.84000015258789,10.510000228881836,10.670000076293945,20000,9.59360001564026,9.807899997234344,10.49950008392334,0.33322160575743215,9.833056872408477,11.165943295438204,53.9170488685126
2022-02-07 19:00:00,10.40999984741211,10.890000343322754,10.319999694824219,10.449999809265137,98000,9.605400018692016,9.82014999628067,10.522000074386597,0.3122516768538344,9.897496720678928,11.146503428094265,52.70269747804941
2022-02-08 19:00:00,10.529999732971191,11.140000343322754,10.449999809265137,10.970000267028809,334500,9.629600019454957,9.834849998950958,10.570500087738036,0.302071458373045,9.966357170991946,11.174643004484127,60.37735237945118
2022-02-09 19:00:00,11.0,11.350000381469727,10.600000381469727,10.630000114440918,695500,9.666400022506714,9.848050000667572,10.568000078201294,0.3013234935827882,9.965353091035718,11.17064706536687,51.22806383522663
2022-02-10 19:00:00,10.579999923706055,10.800000190734863,10.3100004196167,10.4399995803833,125000,9.708000020980835,9.861399998664856,10.575000047683716,0.2963551660297904,9.982289715624136,11.167710379743296,50.0
2022-02-13 19:00:00,10.670000076293945,11.329999923706055,10.109999656677246,10.520000457763672,101500,9.76380002975464,9.874050002098084,10.572500085830688,0.2966103468575055,9.979279392115677,11.1657207795457,52.20338906340569
2022-02-14 19:00:00,10.460000038146973,10.59000015258789,10.3100004196167,10.59000015258789,105500,9.805800037384033,9.888400003910064,10.577000093460082,0.29613485974018405,9.984730373979714,11.16926981294045,55.902774328438475
2022-02-15 19:00:00,10.6899995803833,10.6899995803833,10.4399995803833,10.600000381469727,32000,9.84520004272461,9.901900005340575,10.590500116348267,0.29038052756085025,10.009739061226567,11.171261171469967,56.05536320761566
2022-02-16 19:00:00,10.300000190734863,10.600000381469727,10.210000038146973,10.289999961853027,65000,9.881400051116943,9.914400005340577,10.58400011062622,0.2958023204287146,9.992395469768791,11.17560475148365,51.428572293581205
2022-02-17 19:00:00,10.4399995803833,10.739999771118164,9.289999961853027,10.569999694824219,145000,9.927600040435792,9.928700003623963,10.584500074386597,0.2957680696840606,9.992963935018475,11.176036213754719,53.35364541719148
2022-02-20 19:00:00,10.260000228881836,10.789999961853027,10.260000228881836,10.600000381469727,13000,9.975600051879884,9.94405000448227,10.592500114440918,0.29381126449896616,10.004877585442985,11.180122643438851,39.28572915306641
2022-02-21 19:00:00,10.420000076293945,10.75,10.100000381469727,10.520000457763672,89000,10.022000064849854,9.95840000629425,10.599000120162964,0.2905150748159332,10.017969970531098,11.18003026979483,38.07694014710775
2022-02-22 19:00:00,10.3100004196167,10.680000305175781,10.079999923706055,10.59000015258789,109500,10.059800071716309,9.974800007343292,10.616000127792358,0.2787265284491964,10.058547070893965,11.17345318469075,40.458025270158906
2022-02-23 19:00:00,10.25,10.800000190734863,9.760000228881836,10.220000267028809,150500,10.090400085449218,9.989250009059907,10.614500141143798,0.28087231342703906,10.05275551428972,11.176244767997877,40.61304025963302
2022-02-24 19:00:00,10.220000267028809,10.600000381469727,9.800000190734863,10.239999771118164,42000,10.119000072479247,10.005200006961822,10.61650013923645,0.2778920535143182,10.060716032207814,11.172284246265086,41.69884240967901
2022-02-27 19:00:00,10.470000267028809,10.470000267028809,9.5,10.289999961853027,32500,10.147400074005127,10.021600005626679,10.613500118255615,0.28122440160892476,10.051051315037766,11.175948921473465,46.69422073837976
2022-02-28 19:00:00,10.0,10.59000015258789,9.619999885559082,10.09000015258789,129000,10.167600078582764,10.037100007534027,10.561000108718872,0.2757173251315986,10.009565458455675,11.112434758982069,29.047629643993602
2022-03-01 19:00:00,10.289999961853027,10.289999961853027,9.520000457763672,9.989999771118164,58500,10.186800079345703,10.052050006389617,10.503500080108642,0.2684316900502914,9.96663670000806,11.040363460209225,32.79570416227216
2022-03-02 19:00:00,10.09000015258789,10.399999618530273,9.520000457763672,10.100000381469727,42000,10.2078000831604,10.06805000782013,10.454000091552734,0.2448286798091341,9.964342731934465,10.943657451171003,40.449469505756056
2022-03-03 19:00:00,9.609999656677246,10.449999809265137,9.609999656677246,10.0600004196167,58000,10.229800090789794,10.078850009441375,10.421500110626221,0.2520918128808478,9.917316484864525,10.925683736387917,36.781613605309445
2022-03-06 19:00:00,10.0,10.09000015258789,9.600000381469727,9.930000305175781,41000,10.248400096893311,10.08405000925064,10.384500122070312,0.2675321134750026,9.849435895120306,10.919564349020318,31.666682561228498
2022-03-07 19:00:00,9.9399995803833,10.369999885559082,9.779999732971191,9.949999809265137,118000,10.269600086212158,10.090200006961823,10.359500122070312,0.28394731867509615,9.791605484720119,10.927394759420505,32.04418725101071
2022-03-08 19:00:00,9.710000038146973,9.949999809265137,9.630000114440918,9.899999618530273,16500,10.289000072479247,10.097050006389617,10.306000089645385,0.2628868810406648,9.780226327564055,10.831773851726716,37.419345311891455
2022-03-09 19:00:00,9.970000267028809,10.0,9.720000267028809,10.0,9000,10.313200073242188,10.103300006389619,10.27450008392334,0.25974641113250596,9.755007261658328,10.79399290618835,29.197104173192713
2022-03-13 19:00:00,9.460000038146973,10.34000015258789,9.359999656677246,9.989999771118164,38500,10.333800067901612,10.110950005054473,10.252000093460083,0.2641093391071686,9.723781415245746,10.78021877167442,27.40739118579124
2022-03-14 19:00:00,10.0,10.180000305175781,9.970000267028809,10.039999961853027,8000,10.352600059509278,10.11900000333786,10.228000068664551,0.26025503218752477,9.707490004289502,10.7485101330396,31.81817196617925
2022-03-15 19:00:00,10.039999961853027,10.220000267028809,10.039999961853027,10.220000267028809,2500,10.357000064849853,10.128900005817414,10.209500074386597,0.24592423887937986,9.717651596627837,10.701348552145356,37.06295245304159
2022-03-16 19:00:00,10.0,10.260000228881836,9.75,10.039999961853027,23500,10.358200073242188,10.13780000448227,10.181500053405761,0.23052065427703328,9.720458744851694,10.642541361959829,42.74193300293177
2022-03-17 19:00:00,10.170000076293945,10.460000038146973,9.149999618530273,10.119999885559082,73000,10.35980007171631,10.14825000524521,10.173000049591064,0.229441049432954,9.714117950725155,10.631882148456972,45.38462723498717
2022-03-20 19:00:00,10.380000114440918,10.380000114440918,10.0,10.34000015258789,56000,10.36640007019043,10.159650003910064,10.161500072479248,0.21372092412243957,9.734058224234369,10.588941920724126,51.70068424409095
2022-03-21 19:00:00,10.0,10.34000015258789,9.8100004196167,10.029999732971191,36500,10.366200065612793,10.16730000257492,10.133000040054322,0.188710418099816,9.75557920385469,10.510420876253953,48.1012558902866
2022-03-23 19:00:00,10.220000267028809,10.380000114440918,10.010000228881836,10.010000228881836,39000,10.36640007019043,10.174900004863739,10.107500028610229,0.1668556632253364,9.773788702159557,10.4412113550609,50.6666810777269
2022-03-24 19:00:00,10.029999732971191,10.279999732971191,9.989999771118164,10.09000015258789,53500,10.368200073242187,10.18275000333786,10.08250002861023,0.12225411642607009,9.83799179575809,10.327008261462371,49.65985644294048
2022-03-27 19:00:00,10.0,10.4399995803833,9.729999542236328,10.220000267028809,165500,10.359000072479247,10.189100005626678,10.08250002861023,0.12225411642607009,9.83799179575809,10.327008261462371,55.128195723141246
2022-03-28 19:00:00,10.1899995803833,10.220000267028809,9.949999809265137,10.0,43000,10.353000068664551,10.193300006389618,10.070500040054322,0.11767381365967476,9.835152412734972,10.305847667373671,52.12120091182741
2022-03-29 19:00:00,10.0,10.170000076293945,9.800000190734863,10.119999885559082,27000,10.344000072479249,10.199550006389618,10.062000036239624,0.10660315482182885,9.848793726595966,10.275206345883282,54.85713974310766
2022-03-30 19:00:00,10.100000381469727,10.100000381469727,9.899999618530273,10.079999923706055,21000,10.335600070953369,10.205950005054474,10.061500024795532,0.10648830154325371,9.848523421709023,10.27447662788204,55.17241757302179
2022-03-31 19:00:00,10.270000457763672,10.270000457763672,9.760000228881836,10.079999923706055,45500,10.33060007095337,10.212650005817414,10.066000032424927,0.1052016528678086,9.85559672668931,10.276403338160545,52.439020135305356
2022-04-03 19:00:00,10.180000305175781,10.180000305175781,9.729999542236328,10.039999961853027,66000,10.32300006866455,10.219250004291535,10.063000011444093,0.10503642099494534,9.852927169454201,10.273072853433984,51.497010775371
2022-04-04 19:00:00,10.390000343322754,10.390000343322754,9.800000190734863,10.029999732971191,56000,10.31240005493164,10.226150004863738,10.061499977111817,0.1052954149402417,9.850909147231333,10.272090806992301,49.69324471383939
2022-04-05 19:00:00,9.899999618530273,10.0,9.850000381469727,10.0,6500,10.303600063323975,10.230950005054474,10.064999961853028,0.10179971288942474,9.861400536074179,10.268599387631877,42.56756103674673
2022-04-06 19:00:00,9.869999885559082,10.0,9.850000381469727,9.960000038146973,5500,10.29500005722046,10.234650003910065,10.065499973297118,0.10122809002632373,9.86304379324447,10.267956153349767,47.014928559838076
2022-04-07 19:00:00,10.079999923706055,10.079999923706055,9.800000190734863,10.079999923706055,2000,10.29160005569458,10.23865000486374,10.074499988555909,0.09344158705560365,9.887616814444701,10.261383162667116,48.55072614000352
2022-04-10 19:00:00,10.239999771118164,10.239999771118164,9.899999618530273,10.010000228881836,104500,10.286800060272217,10.243450005054473,10.075,0.09304787791698482,9.88890424416603,10.261095755833969,36.585363962572536
2022-04-11 19:00:00,10.239999771118164,10.239999771118164,9.800000190734863,9.960000038146973,51000,10.282000064849854,10.247950003147125,10.07350001335144,0.09471708488955868,9.884065843572323,10.262934183130557,46.39176575382601
2022-04-12 19:00:00,9.609999656677246,10.170000076293945,9.600000381469727,10.039999961853027,125500,10.27580005645752,10.25315000295639,10.07350001335144,0.09471708488955868,9.884065843572323,10.262934183130557,51.456298094595255
2022-04-13 19:00:00,9.729999542236328,10.130000114440918,9.729999542236328,10.039999961853027,45500,10.253800048828126,10.258850004673004,10.064499998092652,0.08840550139443262,9.887688995303787,10.241311000881517,47.36841048560102
2022-04-14 19:00:00,10.289999961853027,10.289999961853027,9.699999809265137,10.010000228881836,93500,10.231200046539307,10.259400007724762,10.063000011444093,0.08909489167487276,9.884810228094347,10.241189794793838,37.647048263806695
2022-04-17 19:00:00,9.8100004196167,9.989999771118164,9.270000457763672,9.9399995803833,52500,10.208200035095215,10.26025000333786,10.053999996185302,0.09207554382062695,9.869848908544048,10.238151083826557,45.71425457389139
2022-04-18 19:00:00,9.699999809265137,9.890000343322754,9.699999809265137,9.890000343322754,2000,10.19180004119873,10.26200000524521,10.031500005722046,0.07110222991809148,9.889295545885863,10.17370446555823,31.7460437600855
2022-04-20 19:00:00,9.359999656677246,9.899999618530273,9.359999656677246,9.8100004196167,23500,10.174600048065185,10.261750009059906,10.020500040054321,0.08666172767231156,9.847176584709699,10.193823495398943,29.850756891017653
2022-04-21 19:00:00,9.890000343322754,9.890000343322754,9.5,9.75,80000,10.160600051879882,10.256200010776519,10.00750002861023,0.10572428529051774,9.796051458029194,10.218948599191265,27.397251326000045
2022-04-24 19:00:00,9.989999771118164,9.989999771118164,9.5,9.760000228881836,24000,10.136400051116944,10.245700013637542,9.991000032424926,0.1172895087583126,9.756421014908302,10.225579049941551,30.000013623922513
2022-04-25 19:00:00,9.8100004196167,9.8100004196167,9.8100004196167,9.8100004196167,500,10.120000057220459,10.23045001745224,9.970500040054322,0.11080910732918324,9.748881825395955,10.192118254712689,35.135176932415405
2022-04-26 19:00:00,9.789999961853027,9.970000267028809,9.789999961853027,9.970000267028809,27500,10.11060007095337,10.211000020503997,9.969000053405761,0.11059159338282239,9.747816866640116,10.190183240171406,48.27587718865544
2022-04-27 19:00:00,9.319999694824219,9.739999771118164,9.319999694824219,9.739999771118164,50000,10.095000057220458,10.195250017642975,9.950000047683716,0.11580375542514208,9.718392536833433,10.181607558534,39.62263302176985
2022-05-08 19:00:00,9.010000228881836,9.960000038146973,9.010000228881836,9.539999961853027,35500,10.074000053405761,10.183100016117097,9.923000049591064,0.14353062946834189,9.63593879065438,10.210061308527747,26.315798279538583
2022-05-09 19:00:00,9.529999732971191,9.789999961853027,9.010000228881836,9.470000267028809,118000,10.051400051116943,10.165950019359588,9.892500066757203,0.17066042827296807,9.551179210211266,10.233820923303139,26.315798279538583
2022-05-10 19:00:00,9.760000228881836,9.760000228881836,8.899999618530273,8.989999771118164,16500,10.025400047302247,10.147350018024445,9.84000005722046,0.26066718025057783,9.318665696719304,10.361334417721615,19.108284510695427
2022-05-11 19:00:00,8.899999618530273,9.069999694824219,8.65999984741211,8.930000305175781,24500,9.992600059509277,10.13255001783371,9.785000085830688,0.32626272374578386,9.13247463833912,10.437525533322257,14.193563868176383
2022-05-12 19:00:00,8.9399995803833,9.199999809265137,8.9399995803833,9.100000381469727,8500,9.962600059509278,10.114050018787385,9.740000104904174,0.3557793224538221,9.02844145999653,10.451558749811818,22.674435045086042
2022-05-15 19:00:00,9.0,9.0,8.630000114440918,8.979999542236328,16500,9.93180004119873,10.094750015735626,9.691000080108642,0.3897489364259197,8.911502207256802,10.470497952960482,21.54696394586928
2022-05-16 19:00:00,7.980000019073486,9.890000343322754,7.980000019073486,9.09000015258789,3500,9.901800041198731,10.078550016880035,9.641500091552734,0.4004639081364144,8.840572275279905,10.442427907825563,27.027059071575522
2022-05-17 19:00:00,9.0,9.0,8.5,8.920000076293945,139000,9.875800037384034,10.063100016117096,9.58700008392334,0.421302516442358,8.744395051038623,10.429605116808055,25.380731055909948
2022-05-18 19:00:00,8.529999732971191,9.289999961853027,8.529999732971191,9.039999961853027,54500,9.85180004119873,10.047350018024444,9.541000080108642,0.42859504611472476,8.683809987879192,10.398190172338092,30.845780114251014
2022-05-19 19:00:00,9.899999618530273,9.899999618530273,8.220000267028809,8.300000190734863,29000,9.812000045776367,10.025400021076202,9.454000091552734,0.4936374357124059,8.466725220127922,10.441274962977547,23.048345588691475
2022-05-22 19:00:00,8.029999732971191,8.619999885559082,8.029999732971191,8.479999542236328,172500,9.779800033569336,10.00420001745224,9.3760000705719,0.5187779972109566,8.338444076149987,10.413556064993813,27.622370393687348
2022-05-23 19:00:00,7.800000190734863,8.989999771118164,7.800000190734863,8.710000038146973,129500,9.754200038909913,9.988900015354156,9.311000061035156,0.5165972377552809,8.277805585524593,10.344194536545718,31.907893911293257
2022-05-24 19:00:00,8.079999923706055,8.989999771118164,8.079999923706055,8.680000305175781,100000,9.725800037384033,9.973900015354156,9.24800009727478,0.5126670101665685,8.222666076941643,10.273334117607916,27.83505830356789
2022-05-25 19:00:00,8.109999656677246,9.09000015258789,8.109999656677246,8.930000305175781,89500,9.703200035095215,9.962400019168854,9.200000095367432,0.4939955972069188,8.212008900953595,10.18799128978127,36.17748495603335
2022-05-26 19:00:00,8.300000190734863,9.479999542236328,8.300000190734863,8.779999732971191,368500,9.680200023651123,9.948450019359589,9.148500061035156,0.4805619621169815,8.187376136801193,10.109623985269119,36.80555647537998
2022-05-29 19:00:00,8.5,9.260000228881836,8.109999656677246,8.800000190734863,127000,9.657200031280517,9.93425001859665,9.1010000705719,0.46466633135396307,8.171667407863973,10.030332733279826,38.16255048067851
2022-05-30 19:00:00,8.350000381469727,8.84000015258789,8.350000381469727,8.819999694824219,66500,9.635600032806396,9.920500018596648,9.054000043869019,0.44146175507603,8.17107653371696,9.936923554021078,46.413501770131575
2022-05-31 19:00:00,8.869999885559082,9.180000305175781,8.699999809265137,8.850000381469727,70500,9.61260004043579,9.908050019741058,9.00600004196167,0.4056755530929116,8.194648935775847,9.817351148147493,48.290601425619585
2022-06-01 19:00:00,8.619999885559082,8.989999771118164,8.399999618530273,8.760000228881836,73500,9.588000049591065,9.897350022792816,8.945500040054322,0.33910834339620666,8.267283353261908,9.623716726846736,42.47787984052555
2022-06-02 19:00:00,8.760000228881836,8.760000228881836,8.760000228881836,8.760000228881836,500,9.56240005493164,9.888700025081635,8.896500062942504,0.2847025506700591,8.327094961602386,9.465905164282622,44.859832242550425
2022-06-05 19:00:00,8.779999732971191,9.079999923706055,8.779999732971191,9.020000457763672,20000,9.538400058746339,9.881300027370452,8.870500087738037,0.24362347547125107,8.383253136795535,9.35774703868054,48.47162299478603
2022-06-06 19:00:00,8.979999542236328,8.979999542236328,8.899999618530273,8.899999618530273,4000,9.515600051879883,9.873750026226043,8.842000055313111,0.199066278118612,8.443867499075887,9.240132611550335,49.553561545155596
2022-06-07 19:00:00,8.470000267028809,8.800000190734863,8.449999809265137,8.800000190734863,10500,9.489200057983398,9.866000025272369,8.832500076293945,0.19614379248999944,8.440212491313947,9.224787661273943,44.59460272183656
2022-06-08 19:00:00,8.890000343322754,8.890000343322754,8.5,8.789999961853027,1500,9.458200054168701,9.858750026226044,8.825500059127808,0.1949757501256019,8.435548558876604,9.215451559379012,66.44292681677953
2022-06-09 19:00:00,8.600000381469727,8.75,8.600000381469727,8.75,10500,9.432600059509276,9.851300027370453,8.80800004005432,0.18446510698642973,8.439069826081461,9.17693025402718,60.0
2022-06-12 19:00:00,8.75,8.75,8.75,8.75,3000,9.40740005493164,9.843650028705596,8.796500062942505,0.18030023566536835,8.435899591611768,9.15710053427324,51.78570972414163
2022-06-14 19:00:00,8.510000228881836,8.75,8.510000228881836,8.75,10000,9.380600051879883,9.832950026988984,8.779500055313111,0.16668521746133907,8.446129620390433,9.112870490235789,53.21098910713504
2022-06-15 19:00:00,8.279999732971191,8.75,8.079999923706055,8.670000076293945,65500,9.349600048065186,9.821150028705597,8.76700005531311,0.16495936695729874,8.437081321398512,9.096918789227708,35.869583245222316
2022-06-16 19:00:00,8.359999656677246,8.6899995803833,8.229999542236328,8.579999923706055,94500,9.321200046539307,9.807650029659271,8.744000053405761,0.15675666034495184,8.430486732715858,9.057513374095665,38.37212525934904
2022-06-19 19:00:00,8.34000015258789,8.789999961853027,8.34000015258789,8.609999656677246,56000,9.29100004196167,9.793350026607513,8.75950002670288,0.12202148333602958,8.515457060030823,9.00354299337494,39.08043961055048
2022-06-20 19:00:00,8.600000381469727,8.779999732971191,8.5,8.5,8500,9.259400043487549,9.779800026416778,8.760500049591064,0.11966957746473943,8.521160894661586,8.999839204520542,33.33336644699067
2022-06-21 19:00:00,8.619999885559082,8.619999885559082,8.619999885559082,8.619999885559082,500,9.23020004272461,9.76855002641678,8.75600004196167,0.12330543830689533,8.50938916534788,9.00261091857546,39.047597422355025
2022-06-22 19:00:00,8.5,8.800000190734863,8.5,8.800000190734863,10000,9.205400047302247,9.753600027561188,8.762000036239623,0.12232838584359651,8.51734326455243,9.006656807926817,51.754383763448686
2022-06-23 19:00:00,8.5,8.739999771118164,8.0,8.739999771118164,26000,9.179600048065186,9.73845002412796,8.752500009536742,0.11579822670093975,8.520903556134863,8.984096462938622,49.16664812301119
2022-06-26 19:00:00,8.300000190734863,8.890000343322754,8.300000190734863,8.609999656677246,53000,9.151800041198731,9.723200023174286,8.744000005722047,0.1198421047426151,8.504315796236817,8.983684215207276,30.84109567308421
2022-06-27 19:00:00,8.40999984741211,8.550000190734863,8.1899995803833,8.550000190734863,44500,9.123600044250487,9.707950022220611,8.731500005722046,0.12654422543069271,8.47841155486066,8.984588456583431,32.67328321975788
2022-06-28 19:00:00,8.399999618530273,8.850000381469727,8.3100004196167,8.609999656677246,16500,9.094200038909912,9.693500020503997,8.721000003814698,0.12752306661375462,8.465953870587189,8.976046137042207,40.20615110537813
2022-06-29 19:00:00,9.069999694824219,9.069999694824219,8.260000228881836,8.600000381469727,66000,9.06600004196167,9.679350020885467,8.708500003814697,0.1264610048124692,8.455577994189758,8.961422013439636,40.20619063490237
2022-06-30 19:00:00,8.600000381469727,8.600000381469727,8.600000381469727,8.600000381469727,2000,9.038800048828126,9.66635002374649,8.700500011444092,0.12808205148383212,8.444335908476427,8.956664114411756,41.93549048682595
2022-07-03 19:00:00,8.210000038146973,8.6899995803833,8.210000038146973,8.6899995803833,45500,9.01180004119873,9.653950021266937,8.696999979019164,0.12732474125380916,8.442350496511546,8.951649461526783,47.05879603008756
2022-07-04 19:00:00,8.300000190734863,8.989999771118164,8.300000190734863,8.739999771118164,85500,8.985800037384033,9.642300021648406,8.68299994468689,0.10301248227811807,8.476974980130652,8.889024909243126,49.53269861868457
2022-07-05 19:00:00,8.300000190734863,8.760000228881836,8.300000190734863,8.680000305175781,39500,8.959200038909913,9.632300021648406,8.671999979019166,0.08947802232130608,8.493043934376553,8.850956023661778,50.47620258637132
2022-07-06 19:00:00,8.649999618530273,8.970000267028809,8.449999809265137,8.6899995803833,22000,8.934200038909912,9.622300021648407,8.666499948501587,0.08443463302529823,8.49763068245099,8.835369214552182,55.67010613352472
2022-07-12 19:00:00,8.5,9.319999694824219,8.149999618530273,8.779999732971191,97500,8.91200002670288,9.614800021648406,8.665999937057496,0.08369112553600205,8.498617685985492,8.8333821881295,58.25245595029768
2022-07-13 19:00:00,8.75,9.34000015258789,8.75,8.8100004196167,60000,8.892000026702881,9.607100021839141,8.66899995803833,0.08783357805993704,8.493332801918458,8.844667114158204,66.31584759246897
2022-07-14 19:00:00,9.09000015258789,9.09000015258789,8.609999656677246,8.84000015258789,29000,8.873800029754639,9.60055002450943,8.673499965667725,0.09427146401590016,8.484957037635924,8.862042893699526,62.79074667349765
2022-07-17 19:00:00,8.40999984741211,8.84000015258789,8.40999984741211,8.40999984741211,2000,8.846800022125244,9.592100021839142,8.65649995803833,0.10922095458920905,8.438058048859912,8.874941867216748,32.43238134677988
2022-07-18 19:00:00,8.899999618530273,9.170000076293945,8.449999809265137,8.859999656677246,238000,8.827800006866456,9.58590001821518,8.665999937057496,0.11833938785324279,8.42932116135101,8.902678712763981,54.000003814704534
2022-07-19 19:00:00,8.970000267028809,8.970000267028809,8.0,8.829999923706055,121500,8.805,9.580350019931792,8.678499937057495,0.12192642236771727,8.434647092322061,8.92235278179293,57.857170591613226
2022-07-20 19:00:00,8.210000038146973,8.880000114440918,8.069999694824219,8.829999923706055,98000,8.786800003051757,9.577800018787384,8.689499950408935,0.1252985799525014,8.438902790503933,8.940097110313937,60.44777234751678
2022-07-21 19:00:00,8.829999923706055,8.829999923706055,8.829999923706055,8.829999923706055,500,8.772600002288819,9.576800019741059,8.705999946594238,0.12067354012362391,8.46465286634699,8.947347026841486,58.59377502933671
2022-07-24 19:00:00,8.930000305175781,8.979999542236328,8.199999809265137,8.819999694824219,42500,8.759599990844727,9.575800015926362,8.715999937057495,0.12145605623923009,8.473087824579034,8.958912049535956,58.593731373530744
2022-07-25 19:00:00,8.279999732971191,9.260000228881836,8.25,8.949999809265137,264500,8.758799991607667,9.575400016307832,8.72349991798401,0.13115976630449352,8.461180385375021,8.985819450592997,62.41133696451314
2022-07-26 19:00:00,9.25,9.25,8.850000381469727,9.09000015258789,115000,8.761999988555909,9.574000017642975,8.740999937057495,0.15471195053078785,8.431576035995919,9.050423838119071,63.69864937511472
2022-07-27 19:00:00,9.399999618530273,9.399999618530273,8.699999809265137,9.109999656677246,218500,8.762199974060058,9.571950013637542,8.765999937057495,0.1718750593835044,8.422249818290487,9.109750055824504,62.93706480253264
2022-07-28 19:00:00,8.699999809265137,8.949999809265137,8.65999984741211,8.930000305175781,47000,8.761199989318847,9.565700013637542,8.78499994277954,0.16769331510800728,8.449613312563526,9.120386572995555,58.06452009854229
2022-07-31 19:00:00,8.760000228881836,9.069999694824219,8.569999694824219,9.069999694824219,83500,8.760799980163574,9.558800013065339,8.80799994468689,0.17386014759014654,8.460279649506596,9.155720239867183,61.30953158110748
2022-08-02 19:00:00,8.600000381469727,9.069999694824219,8.550000190734863,8.84000015258789,7500,8.759199981689454,9.552400014400483,8.819999933242798,0.16689105617322014,8.486217820896357,9.153782045589239,51.64836431641678
2022-08-03 19:00:00,9.479999542236328,9.84000015258789,9.199999809265137,9.5600004196167,781000,8.769599990844727,9.550300018787384,8.867999935150147,0.22737874517304393,8.413242444804059,9.322757425496235,64.94024903454658
2022-08-04 19:00:00,10.289999961853027,10.289999961853027,9.100000381469727,9.4399995803833,660500,8.792399978637695,9.547050015926361,8.905499935150146,0.25646331934531275,8.39257329645952,9.418426573840772,61.538453073894736
2022-08-09 19:00:00,9.489999771118164,9.539999961853027,8.890000343322754,9.130000114440918,213000,8.805399990081787,9.545350015163422,8.924999952316284,0.25803919143785353,8.408921569440578,9.44107833519199,64.51614267744986
2022-08-10 19:00:00,9.010000228881836,9.199999809265137,8.800000190734863,9.0,118000,8.811199989318848,9.54335001707077,8.940999937057494,0.2518960157077525,8.437207905641989,9.444791968473,53.24075034780432
2022-08-11 19:00:00,9.0600004196167,9.399999618530273,9.0,9.1899995803833,27500,8.821399974822999,9.545050013065339,8.965999937057495,0.25048165130669264,8.46503663444411,9.46696323967088,57.758617500344265
2022-08-14 19:00:00,8.899999618530273,9.390000343322754,8.899999618530273,9.220000267028809,127000,8.827199974060058,9.546250016689301,8.987999963760377,0.2525991377440912,8.482801688272195,9.493198239248558,58.297881665627095
2022-08-15 19:00:00,9.479999542236328,9.479999542236328,9.100000381469727,9.199999809265137,24500,8.835599975585938,9.546650016307831,9.007499933242798,0.2531876030030869,8.501124727236624,9.513875139248972,57.805905135556564
2022-08-16 19:00:00,9.199999809265137,9.430000305175781,9.130000114440918,9.220000267028809,24500,8.843999977111816,9.546450016498566,9.026499938964843,0.2542124572463721,8.518075024472099,9.534924853457587,58.403372961571336
2022-08-17 19:00:00,9.109999656677246,9.25,9.109999656677246,9.25,10500,8.852599983215333,9.545200016498566,9.068499946594239,0.2130548973666575,8.642390151860923,9.494609741327555,56.578952321716216
2022-08-18 19:00:00,9.260000228881836,10.25,9.100000381469727,9.460000038146973,74000,8.864799976348877,9.5450000166893,9.098499965667724,0.2241070379186346,8.650285889830455,9.546714041504993,57.87233990746516
2022-08-21 19:00:00,9.640000343322754,9.640000343322754,9.109999656677246,9.350000381469727,34000,8.876599979400634,9.545700018405915,9.124499988555907,0.22146586849541194,8.681568251565084,9.567431725546731,54.91804848496692
2022-08-22 19:00:00,9.210000038146973,9.4399995803833,9.199999809265137,9.210000038146973,12000,8.885599975585938,9.545700018405915,9.143499994277954,0.2109197219690972,8.72166055033976,9.56533943821615,55.83332637945976
2022-08-23 19:00:00,9.199999809265137,9.449999809265137,9.199999809265137,9.25,26000,8.890199966430664,9.545950019359589,9.164499998092651,0.19861300733372894,8.767273983425193,9.56172601276011,53.913048165504705
2022-08-24 19:00:00,9.489999771118164,9.489999771118164,9.489999771118164,9.489999771118164,1500,8.901999969482421,9.546000020503998,9.19800000190735,0.19389634305294476,8.81020731580146,9.585792688013239,64.06924744820024
2022-08-25 19:00:00,9.489999771118164,9.489999771118164,9.489999771118164,9.489999771118164,500,8.915799961090087,9.547400019168855,9.225,0.19513825286129077,8.834723494277418,9.615276505722582,47.79872327689465
2022-08-29 19:00:00,9.109999656677246,9.600000381469727,9.0,9.25,124500,8.924999961853027,9.546750018596649,9.232999992370605,0.19257532504472002,8.847849342281165,9.618150642460044,44.44445683787258
2022-08-30 19:00:00,9.210000038146973,9.399999618530273,9.199999809265137,9.399999618530273,21500,8.937999954223633,9.54670001745224,9.247499990463258,0.19374082717418242,8.860018336114893,9.634981644811623,58.70966035047219
2022-08-31 19:00:00,9.350000381469727,9.399999618530273,9.010000228881836,9.010000228881836,28000,8.94319995880127,9.545100018978118,9.25149998664856,0.18756819691325982,8.87636359282204,9.626636380475079,50.27624949813533
2022-09-01 19:00:00,9.050000190734863,9.050000190734863,8.850000381469727,8.859999656677246,5500,8.945399951934814,9.542900016307831,9.240999984741212,0.20346729893817753,8.834065386864857,9.647934582617566,40.67797066778737
2022-09-04 19:00:00,9.0,9.130000114440918,8.800000190734863,8.930000305175781,3500,8.950599956512452,9.537800018787385,9.245499992370606,0.19494868784216848,8.85560261668627,9.635397368054942,41.98895318724732
2022-09-05 19:00:00,9.0,9.0,8.75,8.75,3000,8.953999958038331,9.530550019741058,9.204999971389771,0.20974916305567104,8.78550164527843,9.624498297501113,38.578686592163905
2022-09-06 19:00:00,8.699999809265137,8.989999771118164,8.699999809265137,8.989999771118164,22500,8.961599960327149,9.521800019741057,9.182499980926513,0.20733583171185382,8.767828317502806,9.59717164435022,44.748846119176214
2022-09-07 19:00:00,8.899999618530273,8.899999618530273,8.890000343322754,8.890000343322754,2500,8.969399967193603,9.512100021839142,9.170499992370605,0.217242842851247,8.73601430666811,9.604985678073099,42.03540327144154
2022-09-08 19:00:00,8.800000190734863,9.0,8.800000190734863,9.0,2000,8.976999969482423,9.501850020885467,9.170499992370605,0.217242842851247,8.73601430666811,9.604985678073099,39.351845515277994
2022-09-11 19:00:00,8.960000038146973,8.960000038146973,8.890000343322754,8.890000343322754,1500,8.97879997253418,9.490750024318695,9.155500030517578,0.22600587378291148,8.703488282951755,9.607511778083401,39.351845515277994
2022-09-12 19:00:00,8.970000267028809,8.970000267028809,8.800000190734863,8.899999618530273,1500,8.981999969482422,9.481900022029876,9.139499998092651,0.2324350055127853,8.67462998706708,9.604370009118222,42.36451350578101
2022-09-13 19:00:00,8.970000267028809,8.970000267028809,8.609999656677246,8.850000381469727,1500,8.98679998397827,9.474600021839143,9.122000026702882,0.2406700542090622,8.640659918284758,9.603340135121005,40.19607384815613
2022-09-14 19:00:00,8.699999809265137,9.300000190734863,8.699999809265137,9.15999984741211,66000,8.998999977111817,9.468850018978118,9.119000005722047,0.23975638530755436,8.639487235106937,9.598512776337156,42.1800847189504
2022-09-18 19:00:00,9.239999771118164,9.239999771118164,9.050000190734863,9.050000190734863,1000,9.00779998779297,9.462850019931793,9.10900001525879,0.23817058696405663,8.632658841330677,9.585341189186902,40.09008370438626
2022-09-19 19:00:00,9.0,9.050000190734863,8.949999809265137,9.0,3500,9.015799980163575,9.455300018787383,9.086000013351441,0.22429765548970235,8.637404702372036,9.534595324330846,43.84235504362949
2022-09-20 19:00:00,8.890000343322754,8.890000343322754,8.890000343322754,8.890000343322754,1000,9.021599979400635,9.447400019168853,9.063000011444093,0.21933140047297864,8.624337210498135,9.50166281239005,37.185927962493224
2022-09-21 19:00:00,8.800000190734863,9.289999961853027,8.699999809265137,9.039999961853027,23500,9.028599987030029,9.44130001783371,9.054500007629395,0.2166119492462396,8.621276109136916,9.487723906121873,50.8571366290555
2022-09-22 19:00:00,9.1899995803833,9.1899995803833,9.1899995803833,9.1899995803833,500,9.037599983215332,9.439400017261505,9.05149998664856,0.21416347411445988,8.62317303841964,9.47982693487748,59.428589801439124
2022-09-26 19:00:00,9.260000228881836,9.260000228881836,9.260000228881836,9.260000228881836,500,9.049199981689453,9.440350019931794,9.040000009536744,0.1946655944799886,8.650668820576767,9.42933119849672,59.428589801439124
2022-09-28 19:00:00,8.529999732971191,9.079999923706055,8.529999732971191,9.079999923706055,1500,9.056999988555908,9.439950020313264,9.019500017166138,0.1639471021520402,8.691605812862058,9.347394221470218,59.428589801439124
2022-09-29 19:00:00,9.079999923706055,9.079999923706055,9.079999923706055,9.079999923706055,500,9.062999992370605,9.437600018978118,9.01100001335144,0.1555600051909048,8.69988000296963,9.32212002373325,52.98014457989599
2022-10-02 19:00:00,8.75,9.170000076293945,8.699999809265137,9.09000015258789,21000,9.06859998703003,9.43220001935959,8.99550004005432,0.12771158600755222,8.740076868039216,9.250923212069425,57.04226061552411
2022-10-03 19:00:00,8.850000381469727,8.850000381469727,8.600000381469727,8.829999923706055,9000,9.068399982452393,9.427050020694733,8.986500024795532,0.13287405242575287,8.720751919944027,9.252248129647038,44.58597720168478
2022-10-04 19:00:00,9.25,9.260000228881836,9.25,9.260000228881836,6500,9.085399990081788,9.424550020694733,9.006500053405762,0.1425804958178883,8.721339061769985,9.29166104504154,59.78836486095771
2022-10-05 19:00:00,9.149999618530273,9.34000015258789,8.5,8.699999809265137,25000,9.082199993133544,9.424100019931792,8.99500002861023,0.15756367714253333,8.679872674325162,9.310127382895297,45.901642547952434
2022-10-06 19:00:00,8.960000038146973,8.989999771118164,8.350000381469727,8.850000381469727,46500,9.08260000228882,9.426550023555755,9.000000047683717,0.15082227508526583,8.698355497513186,9.301644597854247,50.0
2022-10-09 19:00:00,9.289999961853027,9.289999961853027,8.289999961853027,8.699999809265137,19500,9.08,9.431400022506715,8.985500049591064,0.1650988465008104,8.655302356589443,9.315697742592684,40.33614186173898
2022-10-10 19:00:00,8.979999542236328,9.1899995803833,8.75,9.09000015258789,43000,9.085200004577636,9.434400024414062,8.99550004005432,0.16506697757765115,8.665366084899018,9.325633995209623,50.751878216630836
2022-10-11 19:00:00,9.170000076293945,9.170000076293945,9.170000076293945,9.170000076293945,2000,9.092200012207032,9.437100024223328,9.004000043869018,0.16962498052700237,8.664750082815013,9.343250004923023,53.15984985138294
2022-10-12 19:00:00,8.520000457763672,8.930000305175781,8.520000457763672,8.930000305175781,24000,9.091800022125245,9.439350028038024,9.00600004196167,0.16844178693192088,8.669116468097828,9.342883615825512,50.70921853900609
2022-10-13 19:00:00,9.039999961853027,9.039999961853027,9.039999961853027,9.039999961853027,500,9.090800018310548,9.44325002670288,9.013000059127808,0.16670490411913458,8.67959025088954,9.346409867366077,50.0
2022-10-17 19:00:00,9.039999961853027,9.039999961853027,8.600000381469727,8.970000267028809,33000,9.088000030517579,9.447100028991699,9.019000053405762,0.1626394243438774,8.693721204718006,9.344278902093517,45.9259426708082
2022-10-18 19:00:00,8.569999694824219,8.779999732971191,8.399999618530273,8.739999771118164,57000,9.084200019836425,9.449800028800965,8.998000049591065,0.17040513290230408,8.657189783786457,9.338810315395673,40.90909090909091
2022-10-19 19:00:00,8.949999809265137,8.949999809265137,8.350000381469727,8.729999542236328,10000,9.077400016784669,9.449950027465821,8.982000017166138,0.1800176180823773,8.621964781001383,9.342035253330893,43.494422605676945
2022-10-20 19:00:00,8.84000015258789,8.899999618530273,7.760000228881836,8.699999809265137,54500,9.074600009918212,9.45000002861023,8.967000007629395,0.19062509716761783,8.585749813294159,9.34825020196463,43.014709362725185
2022-10-23 19:00:00,8.65999984741211,8.789999961853027,8.15999984741211,8.75,51000,9.058400001525879,9.449700026512145,8.959999990463256,0.196093516349832,8.567812957763593,9.35218702316292,43.84058171324003
2022-10-24 19:00:00,8.550000190734863,8.979999542236328,8.359999656677246,8.800000190734863,108500,9.04560001373291,9.449350028038024,8.94800000190735,0.1982715604415073,8.551456881024334,9.344543122790364,49.4117704257236
2022-10-26 19:00:00,8.890000343322754,8.890000343322754,8.220000267028809,8.729999542236328,54000,9.03760000228882,9.447600026130676,8.925,0.19538100761517882,8.534237984769643,9.315762015230359,37.89954119171707
2022-10-27 19:00:00,8.880000114440918,8.880000114440918,8.390000343322754,8.770000457763672,3000,9.033000011444091,9.446300029754639,8.900500011444091,0.1813829534953861,8.53773410445332,9.263265918434863,52.09582411307018
2022-10-30 19:00:00,8.489999771118164,8.789999961853027,8.489999771118164,8.789999961853027,30000,9.025000019073486,9.44500002861023,8.88600001335144,0.17783504836598157,8.530329916619477,9.241670110083403,48.05193679252469
2022-10-31 19:00:00,8.649999618530273,8.84000015258789,8.600000381469727,8.789999961853027,6000,9.01640001296997,9.44415002822876,8.871500015258789,0.17293987849381035,8.525620258271168,9.21737977224641,53.237412539913635
2022-11-01 19:00:00,8.890000343322754,8.890000343322754,8.550000190734863,8.789999961853027,5000,9.008200016021728,9.443100028038025,8.856500005722046,0.16585595729996272,8.52478809112212,9.18821192032197,35.000004768367035
2022-11-02 19:00:00,8.890000343322754,8.890000343322754,8.5,8.800000190734863,29500,8.99980001449585,9.442650027275086,8.855000019073486,0.1662434404584316,8.522513138156624,9.187486899990349,30.107559960909654
2022-11-03 19:00:00,8.890000343322754,8.890000343322754,8.890000343322754,8.890000343322754,2500,8.992600021362305,9.44245002746582,8.836500024795532,0.13677788475455796,8.562944255286416,9.110055794304648,47.43590527344109
2022-11-06 19:00:00,8.579999923706055,8.760000228881836,8.40999984741211,8.760000228881836,35000,8.978600025177002,9.442300028800965,8.839500045776367,0.1342612364832046,8.570977572809957,9.108022518742777,32.50006258471288
2022-11-07 19:00:00,8.649999618530273,8.880000114440918,8.649999618530273,8.760000228881836,10500,8.966800022125245,9.441300029754638,8.835000038146973,0.13539425380041864,8.564211530546135,9.10578854574781,35.61648309585179
2022-11-09 19:00:00,8.819999694824219,8.819999694824219,8.300000190734863,8.789999961853027,52000,8.958400020599365,9.439750027656554,8.839500045776367,0.13212741437843842,8.57524521701949,9.103754874533244,54.71698452713194
2022-11-10 19:00:00,8.649999618530273,8.880000114440918,8.649999618530273,8.880000114440918,3500,8.951000022888184,9.43415002822876,8.82900004386902,0.1188498323237848,8.59130037922145,9.06669970851659,62.29509734488371
2022-11-13 19:00:00,8.979999542236328,8.989999771118164,8.550000190734863,8.850000381469727,28500,8.938200035095214,9.428500032424926,8.813000059127807,0.0880849984406744,8.636830062246458,8.989170056009156,62.29509734488371
2022-11-14 19:00:00,8.739999771118164,8.789999961853027,8.5,8.789999961853027,33500,8.924200038909913,9.422250032424927,8.80600004196167,0.08375412453265715,8.638491792896357,8.973508291026985,53.22579404693603
2022-11-15 19:00:00,8.5,8.84000015258789,8.430000305175781,8.84000015258789,16000,8.91600004196167,9.416400032043457,8.796000051498414,0.06394091144688792,8.668118228604637,8.92388187439219,53.22579404693603
2022-11-16 19:00:00,8.510000228881836,8.869999885559082,8.489999771118164,8.869999885559082,9000,8.905400047302246,9.410550031661987,8.791000032424927,0.052505768905193304,8.685988494614541,8.896011570235313,62.068976856990176
2022-11-17 19:00:00,8.470000267028809,8.979999542236328,8.300000190734863,8.84000015258789,14500,8.902000045776367,9.404750032424927,8.796000051498414,0.052153740798425025,8.691692569901564,8.900307533095264,56.140327394894996
2022-11-20 19:00:00,9.0,9.079999923706055,8.890000343322754,8.890000343322754,11000,8.902600059509277,9.39920003414154,8.804000091552734,0.05374413834815286,8.696511814856429,8.911488368249039,58.33335982426973
2022-11-21 19:00:00,8.510000228881836,8.989999771118164,8.510000228881836,8.989999771118164,11000,8.903800048828124,9.390750031471253,8.818500089645386,0.06259941101024095,8.693301267624905,8.943698911665868,64.28570455434107
2022-11-22 19:00:00,9.100000381469727,9.100000381469727,8.600000381469727,8.869999885559082,19500,8.906200046539306,9.383600029945374,8.82450008392334,0.06142818099587597,8.701643721931587,8.947356445915092,54.8780459438588
2022-11-23 19:00:00,8.75,8.979999542236328,8.489999771118164,8.829999923706055,20000,8.903000049591064,9.374900031089783,8.826000070571899,0.06116414982877254,8.703671770914355,8.948328370229444,51.7646913627342
2022-11-27 19:00:00,8.5,8.6899995803833,8.319999694824219,8.6899995803833,27500,8.899000034332275,9.3658500289917,8.824000072479247,0.06500204179168403,8.69399598889588,8.954004156062615,38.88884179384095
2022-11-28 19:00:00,8.5,8.789999961853027,8.359999656677246,8.789999961853027,27000,8.894800033569336,9.358150029182434,8.825000047683716,0.06427739777494199,8.696445252133833,8.953554843233599,51.72412281134456
2022-11-29 19:00:00,8.779999732971191,8.890000343322754,8.029999732971191,8.869999885559082,59500,8.894400024414063,9.35040002822876,8.82900004386902,0.06447360677487222,8.700052830319274,8.957947257418764,55.78945677696163
2022-11-30 19:00:00,8.890000343322754,8.890000343322754,8.890000343322754,8.890000343322754,15500,8.894200038909911,9.34205002784729,8.834000062942504,0.06516380160881685,8.70367245972487,8.964327666160138,55.31916620504798
2022-12-01 19:00:00,8.979999542236328,8.979999542236328,8.460000038146973,8.84000015258789,22500,8.894000034332276,9.334050030708314,8.836500072479248,0.06434082398419914,8.707818424510851,8.965181720447646,47.777781309902636
2022-12-04 19:00:00,8.449999809265137,8.979999542236328,8.449999809265137,8.90999984741211,22000,8.889000034332275,9.32665002822876,8.842000055313111,0.06574274837446231,8.710514558564187,8.973485552062035,53.19145914116603
2022-12-05 19:00:00,9.079999923706055,9.079999923706055,9.079999923706055,9.079999923706055,500,8.8896000289917,9.320800027847291,8.851500034332275,0.08418494301911617,8.683130148294044,9.019869920370507,63.809519484471004
2022-12-06 19:00:00,8.539999961853027,8.989999771118164,8.5,8.989999771118164,9500,8.889400024414062,9.31450002670288,8.863000011444091,0.08669971201687478,8.689600587410341,9.036399435477842,56.8807154831191
2022-12-07 19:00:00,8.949999809265137,9.449999809265137,8.899999618530273,9.079999923706055,134500,8.893200016021728,9.308900027275085,8.878999996185303,0.09574636936688172,8.68750725745154,9.070492734919068,59.13043189815096
2022-12-08 19:00:00,9.1899995803833,9.430000305175781,8.850000381469727,9.130000114440918,44500,8.895000019073485,9.302800025939941,8.896000003814697,0.10845324623446446,8.679093511345767,9.112906496283626,62.393149853077226
2022-12-11 19:00:00,9.0,9.199999809265137,8.5600004196167,8.9399995803833,13000,8.890000019073486,9.291800022125244,8.898999977111817,0.10881659974946113,8.681366777612896,9.116633176610739,51.90836582617229
2022-12-13 19:00:00,9.0,9.029999732971191,8.970000267028809,9.0,53000,8.88480001449585,9.28110002040863,8.90649995803833,0.11041906900818003,8.68566182002197,9.12733809605469,50.39370906529578
2022-12-14 19:00:00,9.050000190734863,9.899999618530273,8.970000267028809,9.729999542236328,229000,8.897800006866454,9.274300017356872,8.953499937057495,0.2117663062408751,8.529967324575745,9.377032549539246,72.87230669727214
2022-12-15 19:00:00,9.9399995803833,10.479999542236328,9.3100004196167,9.850000381469727,56000,8.913200016021728,9.270000019073485,9.003999948501587,0.2894532253240022,8.425093497853583,9.582906399149591,76.02038135238602
2022-12-18 19:00:00,10.140000343322754,10.140000343322754,9.399999618530273,10.0,31500,8.93140001296997,9.266650018692017,9.060499954223634,0.36289010197690846,8.334719750269816,9.786280158177451,83.24870491654875
2022-12-19 19:00:00,9.699999809265137,10.279999732971191,9.600000381469727,10.039999961853027,47500,8.95560001373291,9.264600019454956,9.12049994468689,0.4193287506590479,8.281842443368793,9.959157446004985,82.72248302611068
2022-12-20 19:00:00,10.170000076293945,10.170000076293945,9.5600004196167,10.09000015258789,282500,8.972200012207031,9.26020001888275,9.180499935150147,0.4676760029649197,8.245147929220307,10.115851941079987,82.44678071855225
2022-12-21 19:00:00,10.140000343322754,10.140000343322754,9.800000190734863,9.90999984741211,29500,8.996400012969971,9.256600017547607,9.226499938964844,0.4925367116272261,8.241426515710392,10.211573362219296,74.99996493847638
2022-12-22 19:00:00,10.850000381469727,10.850000381469727,10.050000190734863,10.3100004196167,149000,9.02560001373291,9.255950021743775,9.298499965667725,0.5405872421095693,8.217325481448587,10.379674449886863,80.75311470137453
2022-12-25 19:00:00,10.479999542236328,10.479999542236328,9.789999961853027,10.279999732971191,7500,9.057200012207032,9.254750018119813,9.370999956130982,0.5708341676352306,8.22933162086052,10.512668291401443,79.1488935161193
2022-12-26 19:00:00,9.800000190734863,10.109999656677246,9.5,10.039999961853027,55000,9.076200008392334,9.252000017166138,9.438499975204468,0.5658647660763236,8.306770443051821,10.570229507357116,69.83468745726697
2022-12-27 19:00:00,10.300000190734863,10.34000015258789,9.619999885559082,10.029999732971191,57000,9.093400001525879,9.249150013923645,9.500499963760376,0.5589602876746096,8.382579388411157,10.618420539109595,72.22219278786764
2022-12-28 19:00:00,10.300000190734863,10.300000190734863,10.0,10.149999618530273,11500,9.117799987792969,9.248450012207032,9.564499950408935,0.5562418514063131,8.452016247596308,10.676983653221562,72.5738070634591
2022-12-29 19:00:00,10.199999809265137,11.149999618530273,10.149999618530273,10.640000343322754,215500,9.149799995422363,9.248800015449524,9.651999950408936,0.5816184914828553,8.488762967443225,10.815236933374646,76.86830010636342
2023-01-01 19:00:00,10.59000015258789,10.59000015258789,10.3100004196167,10.460000038146973,13000,9.179599990844727,9.24810001373291,9.73299994468689,0.5753544359200127,8.582291072846864,10.883708816526916,77.14283573386521
2023-01-02 19:00:00,10.100000381469727,10.5,10.100000381469727,10.460000038146973,10000,9.213999996185303,9.247800011634826,9.810499954223634,0.5629198670623692,8.684660220098895,10.936339688348372,76.64231086898789
2023-01-03 19:00:00,10.649999618530273,11.180000305175781,10.149999618530273,10.579999923706055,92500,9.251000003814697,9.247750010490417,9.885499954223633,0.560389745312849,8.764720463597936,11.00627944484933,69.9530327248631
2023-01-04 19:00:00,10.100000381469727,10.579999923706055,10.100000381469727,10.579999923706055,11000,9.288600006103515,9.249550008773804,9.964999961853028,0.5390391681790472,8.886921625494933,11.043078298211123,68.15917329335181
2023-01-05 19:00:00,11.34000015258789,11.34000015258789,10.0,10.289999961853027,142500,9.319400005340576,9.249800009727478,10.025499963760376,0.5010460741318691,9.023407815496638,11.027592112024115,56.744177381444
2023-01-08 19:00:00,10.449999809265137,10.449999809265137,10.300000190734863,10.300000190734863,24000,9.349400005340577,9.249850010871887,10.083999967575073,0.45738855905925896,9.169222849456554,10.998777085693591,56.132072925401175
2023-01-09 19:00:00,10.390000343322754,10.390000343322754,10.390000343322754,10.390000343322754,2000,9.382600021362304,9.251350011825561,10.156500005722046,0.3737896832405596,9.408920639240927,10.904079372203165,56.94444015193426
2023-01-10 19:00:00,10.640000343322754,10.640000343322754,10.640000343322754,10.640000343322754,500,9.420000019073486,9.254600014686584,10.238500022888184,0.27303904439943716,9.69242193408931,10.784578111687058,66.36770648416582
2023-01-11 19:00:00,10.989999771118164,10.989999771118164,9.90999984741211,10.09000015258789,105500,9.446000022888184,9.254550013542175,10.256500053405762,0.2485172371706779,9.759465579064406,10.753534527747119,45.378149576877505
2023-01-12 19:00:00,10.84000015258789,10.84000015258789,9.699999809265137,9.970000267028809,12000,9.4696000289917,9.254100012779237,10.262500047683716,0.23947043240529817,9.78355918287312,10.741440912494312,43.72471026848043
2023-01-15 19:00:00,10.289999961853027,10.489999771118164,9.800000190734863,10.170000076293945,12000,9.497200031280517,9.255300011634827,10.271000051498413,0.2325805621949434,9.805838927108526,10.7361611758883,52.67489808837456
2023-01-16 19:00:00,10.170000076293945,10.170000076293945,10.170000076293945,10.170000076293945,4500,9.5246000289917,9.256400012969971,10.27750005722046,0.22754705613921164,9.822405944942036,10.732594169498883,52.892567845820096
2023-01-18 19:00:00,9.8100004196167,10.170000076293945,9.800000190734863,9.800000190734863,3500,9.542800025939941,9.255900015830994,10.263000059127808,0.2484076130028377,9.766184833122132,10.759815285133485,43.44570612769444
2023-01-19 19:00:00,10.350000381469727,10.350000381469727,9.800000190734863,9.989999771118164,180500,9.567400016784667,9.255850014686585,10.26700005531311,0.2430096933468383,9.780980668619433,10.753019442006787,36.28690709722851
2023-01-22 19:00:00,9.989999771118164,10.4399995803833,9.850000381469727,9.899999618530273,227000,9.590200004577637,9.255400013923644,10.246500015258789,0.25613069921982606,9.734238616819137,10.75876141369844,37.71928760520222
2023-01-23 19:00:00,9.800000190734863,9.989999771118164,9.699999809265137,9.800000190734863,38500,9.610400009155274,9.254200015068054,10.222500038146972,0.2746457671408748,9.673208503865222,10.771791572428722,36.13445209788388
2023-01-24 19:00:00,10.680000305175781,10.680000305175781,9.9399995803833,10.170000076293945,70000,9.636200008392334,9.25395001411438,10.229000043869018,0.271620925616173,9.685758192636673,10.772241895101363,42.2053236075444
2023-01-25 19:00:00,9.5600004196167,9.90999984741211,9.5600004196167,9.90999984741211,9000,9.657399997711181,9.253300013542175,10.223000049591064,0.2775096603718736,9.667980728847317,10.778019370334812,38.408300730204495
2023-01-26 19:00:00,9.800000190734863,9.970000267028809,9.710000038146973,9.850000381469727,10000,9.678600006103515,9.251950016021729,10.208000087738037,0.2895114153522717,9.628977257033494,10.787022918442581,41.72932775612888
2023-01-29 19:00:00,9.75,10.850000381469727,9.710000038146973,10.130000114440918,31500,9.704400005340576,9.250900015830993,10.182500076293945,0.2713489786527875,9.639802118988369,10.72519803359952,47.09897322094075
2023-01-30 19:00:00,10.579999923706055,10.579999923706055,10.579999923706055,10.579999923706055,500,9.738600006103516,9.253650016784668,10.1885000705719,0.27902603135868953,9.63044800785452,10.74655213328928,52.887533324270045
2023-01-31 19:00:00,9.75,9.800000190734863,9.579999923706055,9.739999771118164,199000,9.75659999847412,9.25230001449585,10.15250005722046,0.2884418453044887,9.575616366611483,10.729383747829436,38.40204912260693
2023-02-01 19:00:00,9.210000038146973,9.84000015258789,9.210000038146973,9.720000267028809,194500,9.773199996948243,9.250450015068054,10.109500074386597,0.28544473393809533,9.538610606510407,10.680389542262787,44.47760956089101
2023-02-02 19:00:00,9.869999885559082,9.930000305175781,9.0600004196167,9.829999923706055,26000,9.79,9.24850001335144,10.072000074386597,0.26918204098103155,9.533635992424534,10.61036415634866,47.90418477768949
2023-02-05 19:00:00,9.899999618530273,10.199999809265137,9.699999809265137,10.050000190734863,30500,9.813600006103515,9.248750014305115,10.060000085830689,0.26425670354351477,9.53148667874366,10.588513492917718,48.214286221128276
2023-02-06 19:00:00,10.239999771118164,10.239999771118164,9.850000381469727,10.140000343322754,29000,9.83980001449585,9.248850016593932,10.052000093460084,0.25897779779581076,9.534044497868463,10.569955689051705,49.56522099688052
2023-02-07 19:00:00,10.1899995803833,10.1899995803833,9.8100004196167,10.180000305175781,12000,9.8696000289917,9.249350018501282,10.041500091552734,0.24860192019446425,9.544296251163805,10.538703931941663,56.08974936994793
2023-02-08 19:00:00,10.149999618530273,10.1899995803833,10.149999618530273,10.1899995803833,3500,9.897600021362305,9.249900016784668,10.019000053405762,0.2087531773782693,9.601493698649223,10.4365064081623,53.40135999255225
2023-02-09 19:00:00,10.0,10.1899995803833,10.0,10.1899995803833,1000,9.92400001525879,9.25065001487732,10.024000024795532,0.21171974053471432,9.600560543726104,10.44743950586496,55.08772305541455
2023-02-12 19:00:00,10.0,10.34000015258789,9.800000190734863,10.180000305175781,30500,9.94980001449585,9.251400017738343,10.034500026702881,0.2140947693439607,9.60631048801496,10.462689565390802,56.884066609377044
2023-02-13 19:00:00,9.850000381469727,10.4399995803833,9.850000381469727,10.359999656677246,228000,9.980200004577636,9.25320001602173,10.044000005722046,0.22439152678854873,9.595216952144948,10.492783059299143,53.6964944447475
2023-02-14 19:00:00,10.100000381469727,10.5,9.600000381469727,10.5,1312500,10.012000007629394,9.255900015830994,10.060500001907348,0.24530266676415577,9.569894668379037,10.55110533543566,62.0408344388184
2023-02-15 19:00:00,10.100000381469727,10.5,10.010000228881836,10.40999984741211,19000,10.038600006103515,9.257550015449524,10.090999984741211,0.24910149901725306,9.592796986706706,10.589202982775717,61.29032258064516
2023-02-16 19:00:00,10.739999771118164,10.989999771118164,9.40999984741211,10.65999984741211,242000,10.072000007629395,9.260800013542175,10.124499988555907,0.2781607235977611,9.568178541360385,10.68082143575143,60.81633034372398
2023-02-19 19:00:00,10.800000190734863,11.149999618530273,10.25,10.850000381469727,266500,10.107400016784668,9.26525001525879,10.17200002670288,0.316304292730362,9.539391441242156,10.804608612163605,56.16439787839992
2023-02-20 19:00:00,11.079999923706055,11.079999923706055,10.5,11.0,2500,10.14480001449585,9.270050015449524,10.232000017166138,0.3536367305807891,9.524726556004559,10.939273478327717,92.00006103523386
2023-02-21 19:00:00,11.199999809265137,11.199999809265137,10.069999694824219,10.960000038146973,212500,10.185200023651124,9.274650015830993,10.27150001525879,0.38872631747089265,9.494047380317005,11.048952650200574,90.78950505510612
2023-02-22 19:00:00,10.319999694824219,10.6899995803833,10.109999656677246,10.619999885559082,31500,10.217600021362305,9.27770001411438,10.307000017166137,0.38638810823567393,9.53422380069479,11.079776233637485,72.57143978197358
2023-02-23 19:00:00,10.989999771118164,10.989999771118164,10.140000343322754,10.819999694824219,54500,10.239400024414062,9.282100014686584,10.355499982833862,0.3868832750930818,9.581733432647699,11.129266533020026,72.25433908386553
2023-02-28 19:00:00,10.109999656677246,10.430000305175781,10.0,10.430000305175781,105500,10.251000022888183,9.28480001449585,10.370499992370606,0.38348092686050367,9.603538138649599,11.137461846091613,57.14286385415438
2023-03-02 19:00:00,10.479999542236328,10.479999542236328,10.479999542236328,10.479999542236328,5000,10.26060001373291,9.288150010108948,10.36549997329712,0.3812510383369158,9.602997896623288,11.12800204997095,57.35293292668105
2023-03-05 19:00:00,10.100000381469727,10.75,10.100000381469727,10.75,12000,10.274800014495849,9.293150010108947,10.41599998474121,0.3603565102358742,9.695286964269462,11.13671300521296,62.173931251640425
2023-03-06 19:00:00,10.84000015258789,10.84000015258789,10.84000015258789,10.84000015258789,500,10.28980001449585,9.298550009727478,10.471999979019165,0.33244865238772925,9.807102674243707,11.136897283794623,63.59834722945459
2023-03-07 19:00:00,10.890000343322754,10.890000343322754,10.0,10.710000038146973,107500,10.305800018310547,9.30305000782013,10.51599998474121,0.2996208103644907,9.916758364012228,11.115241605470192,60.55776665368504
2023-03-08 19:00:00,10.770000457763672,10.770000457763672,10.119999885559082,10.489999771118164,2500,10.309400005340576,9.305650005340576,10.537999963760376,0.2790510415133157,9.979897880733745,11.096102046787006,52.549021661121024
2023-03-09 19:00:00,10.6899995803833,10.6899995803833,10.199999809265137,10.529999732971191,4000,10.314400005340577,9.309600005149841,10.557499933242799,0.26293640628502335,10.031627120672752,11.083372745812845,50.612239496055096
2023-03-12 19:00:00,10.399999618530273,10.479999542236328,10.399999618530273,10.4399995803833,1000,10.322399997711182,9.314100003242492,10.570499897003174,0.24936718897700214,10.071765519049169,11.069234274957179,50.612239496055096
2023-03-13 19:00:00,10.4399995803833,10.5,9.5,10.380000114440918,39500,10.329400005340576,9.318650002479552,10.579999923706055,0.23744257697930565,10.105114769747443,11.054885077664666,43.80531365556564
2023-03-14 19:00:00,10.489999771118164,10.489999771118164,10.100000381469727,10.430000305175781,116000,10.335000019073487,9.32585000514984,10.591999959945678,0.22227533545265699,10.147449289040363,11.036550630850993,40.094332832504115
2023-03-15 19:00:00,10.180000305175781,10.5,10.170000076293945,10.430000305175781,5000,10.330800018310548,9.33335000514984,10.604499959945679,0.2041794029093952,10.196141154126888,11.01285876576447,35.53299762694765
2023-03-16 19:00:00,10.079999923706055,10.479999542236328,10.069999694824219,10.479999542236328,2000,10.331200008392335,9.340250000953674,10.610499954223632,0.1982947434026129,10.213910467418406,11.007089441028858,37.87876671520134
2023-03-19 19:00:00,10.100000381469727,10.489999771118164,10.100000381469727,10.420000076293945,13500,10.330400009155273,9.347450003623962,10.60649995803833,0.20142326006110128,10.203653437916127,11.009346478160534,44.11764540886593
2023-03-20 19:00:00,10.4399995803833,11.399999618530273,10.430000305175781,10.539999961853027,425500,10.329600009918213,9.354700002670288,10.612999963760377,0.19679273343292003,10.219414496894537,11.006585430626217,41.358022147641925
2023-03-21 19:00:00,10.899999618530273,10.979999542236328,9.899999618530273,10.369999885559082,499500,10.325400009155274,9.361950001716615,10.598499965667724,0.2037097094496041,10.191080546768516,11.005919384566932,47.85712582722811
2023-03-23 19:00:00,10.449999809265137,10.489999771118164,9.710000038146973,10.329999923706055,62000,10.326200008392334,9.36840000152588,10.57249994277954,0.20310420689854736,10.166291528982445,10.978708356576636,44.604327899445636
2023-03-26 19:00:00,10.430000305175781,10.430000305175781,10.100000381469727,10.25,23000,10.325200004577637,9.378150000572205,10.53499994277954,0.18874934262794058,10.15750125752366,10.912498628035422,29.166646798432794
2023-03-27 19:00:00,10.4399995803833,10.4399995803833,10.0,10.220000267028809,17500,10.321800003051758,9.386850004196168,10.497999954223634,0.1729191633630006,10.152161627497632,10.843838280949635,22.806985255672913
2023-03-28 19:00:00,10.0,10.380000114440918,10.0,10.380000114440918,23500,10.316599998474121,9.395200004577637,10.485999965667725,0.17233377781458278,10.14133241003856,10.83066752129689,35.897417087262156
2023-03-29 19:00:00,10.010000228881836,10.34000015258789,9.949999809265137,10.3100004196167,28500,10.321000003814698,9.403350005149841,10.460500001907349,0.1573957042547248,10.145708593397899,10.775291410416798,41.17648158796498
2023-03-30 19:00:00,10.0,10.489999771118164,9.949999809265137,10.449999809265137,40000,10.330599994659424,9.410950002670289,10.461499977111817,0.15725520160011974,10.146989573911577,10.776010380312057,46.428565346448664
2023-04-02 19:00:00,10.5,10.75,10.25,10.420000076293945,60500,10.335599994659423,9.419150004386902,10.458500003814697,0.15745588876654937,10.143588226281597,10.773411781347797,49.05662414405207
2023-04-03 19:00:00,10.149999618530273,10.149999618530273,9.5,9.65999984741211,6500,10.325399990081786,9.423450002670288,10.403999996185302,0.22528111288189204,9.953437770421518,10.854562221949086,29.54541636886877
2023-04-04 19:00:00,10.399999618530273,10.489999771118164,10.0,10.319999694824219,60000,10.335799980163575,9.430950002670288,10.377999973297118,0.2010132107529098,9.975973551791299,10.780026394802938,47.67930910434176
2023-04-05 19:00:00,10.300000190734863,11.319999694824219,10.300000190734863,10.710000038146973,118000,10.350199985504151,9.440250000953675,10.377999973297118,0.2010132107529098,9.975973551791299,10.780026394802938,55.07246376811594
2023-04-06 19:00:00,10.970000267028809,10.970000267028809,10.970000267028809,10.970000267028809,500,10.371599998474121,9.451300001144409,10.401999998092652,0.23996932658258063,9.92206134492749,10.881938651257814,58.24917500704017
2023-04-09 19:00:00,10.600000381469727,10.890000343322754,10.3100004196167,10.619999885559082,21500,10.387999992370606,9.460599999427796,10.406500005722046,0.24331648155638158,9.919867042609283,10.89313296883481,53.06748241918559
2023-04-10 19:00:00,10.149999618530273,10.720000267028809,10.149999618530273,10.6899995803833,21500,10.398399982452393,9.468949995040894,10.419000005722046,0.2514149517256712,9.916170102270703,10.921829909173388,52.33644332261416
2023-04-11 19:00:00,10.859999656677246,10.859999656677246,10.859999656677246,10.859999656677246,500,10.417399978637695,9.47874999523163,10.442999982833863,0.26973864579475343,9.903522691244357,10.982477274423369,57.63239736560021
2023-04-12 19:00:00,10.59000015258789,11.4399995803833,10.460000038146973,10.680000305175781,51000,10.433999977111817,9.488149995803832,10.455499982833862,0.2748487588742446,9.905802465085372,11.005197500582351,55.223888670002346
2023-04-16 19:00:00,10.75,10.890000343322754,10.75,10.890000343322754,14500,10.449199981689453,9.498649997711182,10.47849998474121,0.2913539439807051,9.8957920967798,11.06120787270262,59.195410961175305
2023-04-18 19:00:00,10.800000190734863,11.789999961853027,10.670000076293945,10.949999809265137,15500,10.456599979400634,9.509649996757508,10.501999998092652,0.30984886945023743,9.882302259192176,11.121697736993127,60.39885885069963
2023-04-19 19:00:00,10.949999809265137,10.949999809265137,10.949999809265137,10.949999809265137,1000,10.480799980163575,9.520649995803833,10.528499984741211,0.32477157753204167,9.878956829677128,11.178043139805295,58.50746200673664
2023-04-25 19:00:00,10.899999618530273,11.239999771118164,10.399999618530273,10.8100004196167,285000,10.502599983215331,9.530949997901917,10.542000007629394,0.3308299139152511,9.880340179798893,11.203659835459895,57.309945434184165
2023-04-26 19:00:00,10.880000114440918,10.880000114440918,10.880000114440918,10.880000114440918,500,10.52359998703003,9.54199999809265,10.567500019073487,0.3364814240138783,9.89453717104573,11.240462867101243,56.417917925896916
2023-04-27 19:00:00,10.979999542236328,10.979999542236328,10.25,10.949999809265137,28500,10.541599979400635,9.553849997520446,10.59850001335144,0.3419645277629217,9.914570957825598,11.282429068877283,57.81710881260178
2023-05-01 19:00:00,11.130000114440918,11.130000114440918,11.130000114440918,11.130000114440918,14500,10.561399974822997,9.566449999809265,10.642500019073486,0.35125153041776963,9.939996958237947,11.345003079909025,76.15660222969852
2023-05-02 19:00:00,10.40999984741211,10.510000228881836,10.130000114440918,10.399999618530273,349500,10.565799961090088,9.575949997901917,10.65149998664856,0.3420415125817066,9.967416961485146,11.335583011811973,51.388887969063845
2023-05-03 19:00:00,10.010000228881836,10.760000228881836,9.75,10.359999656677246,228500,10.569199962615967,9.584649996757507,10.650499963760376,0.34290521869089285,9.96468952637859,11.336310401142162,43.082993076245735
2023-05-04 19:00:00,10.430000305175781,10.59000015258789,10.430000305175781,10.59000015258789,1000,10.577199974060058,9.593599996566773,10.664499950408935,0.33386855955838396,9.996762831292166,11.332237069525704,42.39999481200974
2023-05-07 19:00:00,10.119999885559082,10.779999732971191,10.119999885559082,10.6899995803833,132500,10.587399959564209,9.603349995613097,10.676499938964843,0.33004433611589973,10.016411266733044,11.336588611196643,51.555550092527675
2023-05-08 19:00:00,10.850000381469727,10.850000381469727,10.850000381469727,10.850000381469727,5000,10.597199974060059,9.614549999237061,10.697999954223633,0.32644183999750587,10.04511627422862,11.350883634218645,53.418821706449975
2023-05-09 19:00:00,10.930000305175781,10.930000305175781,10.239999771118164,10.630000114440918,34000,10.599799976348876,9.624949998855591,10.746499967575073,0.21822923168639,10.310041504202292,11.182958430947853,45.1882928666739
2023-05-10 19:00:00,10.25,10.449999809265137,10.199999809265137,10.369999885559082,24000,10.598999977111816,9.63375,10.748999977111817,0.21331725592524245,10.322365465261331,11.175634488962302,43.72468854042671
2023-05-11 19:00:00,10.739999771118164,10.739999771118164,10.149999618530273,10.390000343322754,3000,10.593599987030029,9.642699999809265,10.732999992370605,0.22789893113315376,10.277202130104298,11.188797854636912,39.035091021493635
2023-05-14 19:00:00,10.470000267028809,10.479999542236328,10.0,10.479999542236328,21000,10.586199970245362,9.652099995613098,10.708499956130982,0.22741749174570286,10.253664972639577,11.163334939622388,39.82683589497365
2023-05-15 19:00:00,10.489999771118164,10.850000381469727,9.550000190734863,10.850000381469727,241500,10.583199977874756,9.66289999961853,10.719999980926513,0.22851934064873358,10.262961299629046,11.17703866222398,48.13433991000592
2023-05-16 19:00:00,10.489999771118164,10.649999618530273,10.489999771118164,10.649999618530273,1000,10.576999969482422,9.67244999885559,10.717999982833863,0.22897031740697227,10.260059348019919,11.175940617647807,47.080280157223854
2023-05-17 19:00:00,10.739999771118164,10.739999771118164,10.289999961853027,10.710000038146973,3000,10.57879997253418,9.682599997520446,10.710500001907349,0.22651778323135954,10.25746443544463,11.163535568370067,46.88644931768704
2023-05-21 19:00:00,10.710000038146973,10.710000038146973,10.220000267028809,10.569999694824219,2000,10.57379997253418,9.691999998092651,10.704999971389771,0.22862298479521345,10.247754001799345,11.162245940980197,43.21429337772908
2023-05-22 19:00:00,10.779999732971191,10.779999732971191,10.779999732971191,10.779999732971191,500,10.580799961090088,9.701999998092651,10.699499940872192,0.2252362191899649,10.249027502492263,11.149972379252121,43.81625584588104
2023-05-23 19:00:00,10.15999984741211,10.729999542236328,10.149999618530273,10.65999984741211,20000,10.584399967193603,9.71124999523163,10.684999942779541,0.21746152819939615,10.250076886380748,11.119922999178334,55.855852759766336
2023-05-24 19:00:00,10.729999542236328,10.729999542236328,10.729999542236328,10.729999542236328,5500,10.58399995803833,9.72069999217987,10.673999929428101,0.20874068999456694,10.256518549438967,11.091481309417235,58.222209224011024
2023-05-25 19:00:00,10.25,10.630000114440918,10.25,10.479999542236328,60500,10.576799945831299,9.731049990653991,10.657499885559082,0.21046012567381853,10.236579634211445,11.078420136906718,47.57708159158415
2023-05-28 19:00:00,10.300000190734863,10.539999961853027,10.300000190734863,10.539999961853027,1000,10.57339994430542,9.739449992179871,10.640499877929688,0.20520794338075096,10.230083991168186,11.05091576469119,46.63678491640181
2023-05-31 19:00:00,10.069999694824219,10.5600004196167,10.0,10.5600004196167,16500,10.57479995727539,9.748099994659423,10.620999908447265,0.19237855767378767,10.23624279309969,11.00575702379484,43.06221187327375
2023-06-04 19:00:00,10.109999656677246,10.579999923706055,10.100000381469727,10.579999923706055,17500,10.575799961090087,9.756849994659424,10.593499898910522,0.15055257136663802,10.292394756177247,10.894605041643798,48.67724520653079
2023-06-05 19:00:00,10.140000343322754,10.479999542236328,10.140000343322754,10.449999809265137,15500,10.575999965667725,9.76494999408722,10.595999908447265,0.14755558710361408,10.300888734240036,10.891111082654493,52.27272234672955
2023-06-06 19:00:00,10.680000305175781,10.680000305175781,10.170000076293945,10.34000015258789,16500,10.575199966430665,9.772549996376037,10.594999933242798,0.14929661955151868,10.29640669413976,10.893593172345836,48.64864446892493
2023-06-07 19:00:00,10.399999618530273,10.579999923706055,10.399999618530273,10.579999923706055,1500,10.57819995880127,9.780699996948242,10.594499921798706,0.14933098769464873,10.295837946409408,10.893161897188003,52.50000715255055
2023-06-08 19:00:00,10.0600004196167,10.989999771118164,10.0,10.449999809265137,93500,10.578599948883056,9.787499995231629,10.582499933242797,0.1508877653749215,10.280724402492954,10.88427546399264,38.63635501586295
2023-06-11 19:00:00,10.550000190734863,11.0,10.550000190734863,11.0,1000,10.58899995803833,9.796949996948243,10.589999914169312,0.1676776447955736,10.254644624578164,10.925355203760459,58.29384550299751
2023-06-13 19:00:00,10.260000228881836,10.479999542236328,10.25,10.479999542236328,3000,10.590199947357178,9.804699993133545,10.582499885559082,0.16914259259107073,10.244214700376942,10.920785070741223,45.525283309850195
2023-06-14 19:00:00,11.369999885559082,11.369999885559082,10.289999961853027,10.649999618530273,52500,10.592399940490722,9.812599992752075,10.596499872207641,0.16206806357176912,10.272363745064103,10.920635999351179,51.5384598455488
2023-06-15 19:00:00,10.5,11.0,10.5,10.649999618530273,26500,10.597999935150147,9.821649990081788,10.609499835968018,0.1549015432017963,10.299696749564426,10.91930292237161,47.280332724551364
2023-06-18 19:00:00,10.649999618530273,10.699999809265137,10.649999618530273,10.699999809265137,2000,10.605399932861328,9.82734998703003,10.620499849319458,0.15302135847742013,10.314457132364618,10.926542566274298,50.86206790241449
2023-06-19 19:00:00,10.0600004196167,10.6899995803833,10.050000190734863,10.270000457763672,32000,10.605799942016601,9.831499991416932,10.591499853134156,0.16193801941417826,10.2676238143058,10.915375891962512,41.41792850574909
2023-06-20 19:00:00,10.890000343322754,10.890000343322754,10.239999771118164,10.479999542236328,5500,10.610999927520751,9.838249988555908,10.582999849319458,0.16316275632596672,10.256674336667524,10.909325361971392,50.0
2023-06-22 19:00:00,11.34000015258789,11.34000015258789,10.0,10.569999694824219,17000,10.614799919128417,9.84609998703003,10.57599983215332,0.16040730512863496,10.25518522189605,10.896814442410589,50.561792936878525
2023-06-25 19:00:00,10.130000114440918,10.199999809265137,9.699999809265137,9.770000457763672,126500,10.603999919891358,9.848999991416932,10.535999870300293,0.24132077561636409,10.053358319067565,11.01864142153302,38.550718227767966
2023-06-26 19:00:00,10.239999771118164,10.239999771118164,10.1899995803833,10.1899995803833,5500,10.598799915313721,9.853849987983704,10.506499862670898,0.24594114366247072,10.014617575345957,10.99838214999584,44.93505721430314
2023-07-02 19:00:00,10.289999961853027,10.289999961853027,9.989999771118164,10.0,112500,10.590399913787842,9.857849988937378,10.473499870300293,0.2675870495268202,9.938325771246653,11.008673969353932,44.245522300508135
2023-07-03 19:00:00,9.710000038146973,10.140000343322754,9.699999809265137,10.140000343322754,3500,10.599999923706054,9.862449989318847,10.443999910354615,0.270329102788072,9.903341704778471,10.984658115930758,47.46192985551826
2023-07-04 19:00:00,10.119999885559082,10.130000114440918,9.680000305175781,9.960000038146973,53000,10.59279993057251,9.865999989509582,10.417999935150146,0.29090770656674697,9.836184522016651,10.99981534828364,42.01030706115046
2023-07-05 19:00:00,9.600000381469727,9.630000114440918,9.600000381469727,9.609999656677246,7000,10.570799922943115,9.866749987602233,10.371499919891358,0.3404837113480818,9.690532497195194,11.052467342587521,39.756091887717595
2023-07-06 19:00:00,9.880000114440918,10.59000015258789,9.699999809265137,10.390000343322754,57000,10.559199924468993,9.871949987411499,10.36299991607666,0.3376403273297395,9.68771926141718,11.03828057073614,42.95612238133194
2023-07-09 19:00:00,10.5,10.800000190734863,10.149999618530273,10.579999923706055,47000,10.558399925231933,9.878799986839294,10.36299991607666,0.3376403273297395,9.68771926141718,11.03828057073614,51.25000536442059
2023-07-10 19:00:00,10.220000267028809,10.800000190734863,10.220000267028809,10.739999771118164,15000,10.55939992904663,9.886249985694885,10.377499914169311,0.34765180194678874,9.682196310275733,11.072803518062889,51.12782206483267
2023-07-11 19:00:00,10.380000114440918,10.739999771118164,10.380000114440918,10.739999771118164,2000,10.556999931335449,9.892499985694885,10.397499895095825,0.35676718502984167,9.683965525036141,11.111034265155508,51.12782206483267
2023-07-12 19:00:00,10.5,10.859999656677246,10.300000190734863,10.420000076293945,35500,10.551799926757813,9.897149987220764,10.38949990272522,0.3542444637698983,9.681010975185423,11.097988830265017,46.71361612704562
2023-07-13 19:00:00,10.699999809265137,10.989999771118164,10.359999656677246,10.739999771118164,3500,10.54879991531372,9.904599986076356,10.40399990081787,0.36268578413648583,9.6786283325449,11.129371469090842,55.662645452648555
2023-07-16 19:00:00,10.010000228881836,10.890000343322754,10.010000228881836,10.890000343322754,14000,10.547599925994874,9.912049989700318,10.398499917984008,0.3538996213577207,9.690700675268566,11.10629916069945,55.0122357138277
2023-07-17 19:00:00,10.890000343322754,11.050000190734863,10.5,10.5,59000,10.538599929809571,9.919499988555907,10.399499940872193,0.35417019213382284,9.691159556604548,11.107840325139838,49.2027368501545
2023-07-18 19:00:00,10.25,10.779999732971191,10.210000038146973,10.40999984741211,15000,10.530599918365478,9.927249989509583,10.387499952316285,0.3492679667947441,9.688964018726796,11.086035885905773,58.69564315997885
2023-07-19 19:00:00,10.699999809265137,10.699999809265137,10.119999885559082,10.449999809265137,70500,10.521999912261963,9.934849987030029,10.377499961853028,0.3441828079990879,9.689134345854852,11.065865577851204,53.93939604115479
2023-07-20 19:00:00,10.5,10.5,10.350000381469727,10.399999618530273,5500,10.510999908447266,9.94309998512268,10.362499952316284,0.3358237616094026,9.690852429097479,11.03414747553509,56.32910437356006
2023-07-23 19:00:00,10.210000038146973,10.649999618530273,10.020000457763672,10.220000267028809,19000,10.492799911499024,9.949249987602235,10.359999942779542,0.33673348677748643,9.686532969224569,11.033466916334515,51.249998509884236
2023-07-24 19:00:00,9.899999618530273,10.779999732971191,9.670000076293945,10.510000228881836,39500,10.494999923706054,9.95734998703003,10.361499977111816,0.3373624133690942,9.686775150373627,11.036224803850004,58.30815892764378
2023-07-25 19:00:00,10.149999618530273,10.489999771118164,10.149999618530273,10.489999771118164,2500,10.497599925994873,9.96479998588562,10.357499980926514,0.3352277016026443,9.687044577721226,11.027955384131802,64.76510013418644
2023-07-30 19:00:00,10.449999809265137,10.75,10.100000381469727,10.199999809265137,14000,10.489799919128417,9.971349983215331,10.378999948501587,0.3082702393369451,9.762459469827697,10.995540427175477,46.18472788107335
2023-07-31 19:00:00,10.489999771118164,10.699999809265137,10.010000228881836,10.569999694824219,74000,10.487399921417236,9.979699983596802,10.397999954223632,0.3077182604398169,9.782563433343999,11.013436475103266,49.81272980157146
2023-08-01 19:00:00,10.210000038146973,10.34000015258789,9.800000190734863,10.050000190734863,41000,10.47139991760254,9.985699982643128,10.400499963760376,0.3045008771248786,9.79149820951062,11.009501718010133,38.613867307065846
2023-08-02 19:00:00,10.239999771118164,10.489999771118164,10.0,10.0600004196167,11500,10.459999923706055,9.99019998550415,10.396499967575073,0.3086008141298773,9.779298339315318,11.013701595834828,38.81579999943533
2023-08-03 19:00:00,10.010000228881836,10.369999885559082,10.010000228881836,10.09000015258789,4000,10.45439992904663,9.995399985313416,10.402999973297119,0.3001771173525424,9.802645738592034,11.003354208002204,44.00000138716264
2023-08-06 19:00:00,10.4399995803833,10.4399995803833,10.010000228881836,10.260000228881836,4500,10.451799926757813,10.001699986457824,10.435500001907348,0.23869096089095723,9.958118080125434,10.912881923689262,40.7692409267072
2023-08-07 19:00:00,10.0,10.140000343322754,10.0,10.140000343322754,1000,10.44499994277954,10.007949986457824,10.423000001907349,0.2475797533068566,9.927840495293635,10.918159508521063,35.408558578616905
2023-08-08 19:00:00,9.800000190734863,9.800000190734863,9.800000190734863,9.800000190734863,2000,10.423999938964844,10.011749987602235,10.384000015258788,0.28075825533220783,9.822483504594373,10.945516525923203,36.11111216233962
2023-08-09 19:00:00,9.859999656677246,9.989999771118164,9.529999732971191,9.989999771118164,3500,10.410799942016602,10.015749988555909,10.346500015258789,0.2807934366283275,9.784913142002134,10.908086888515443,41.98472810078958
2023-08-14 19:00:00,9.899999618530273,9.899999618530273,9.600000381469727,9.890000343322754,7000,10.394399948120117,10.018899989128112,10.304000043869019,0.28242177009711783,9.739156503674783,10.868843584063255,39.552242523793836
2023-08-15 19:00:00,9.9399995803833,9.989999771118164,9.9399995803833,9.989999771118164,2000,10.382799949645996,10.023449988365174,10.28250002861023,0.2894072180121779,9.703685592585874,10.861314464634585,42.49083877999448
2023-08-16 19:00:00,9.550000190734863,9.9399995803833,9.550000190734863,9.9399995803833,2500,10.365999946594238,10.02774998664856,10.242500019073486,0.27790331017283565,9.686693398727815,10.798306639419156,44.61536825054946
2023-08-20 19:00:00,9.699999809265137,9.9399995803833,9.699999809265137,9.9399995803833,1500,10.351599941253662,10.031999983787536,10.194999980926514,0.24001091195816845,9.714978157010178,10.675021804842851,37.662315679613116
2023-08-21 19:00:00,9.6899995803833,9.899999618530273,9.399999618530273,9.670000076293945,15500,10.330399951934815,10.036199984550477,10.153499984741211,0.255739836334808,9.642020312071596,10.664979657410827,33.98436568676537
2023-08-22 19:00:00,9.550000190734863,9.789999961853027,9.550000190734863,9.789999961853027,2000,10.316599960327148,10.038849983215332,10.122499990463258,0.2605434106740156,9.601413169115226,10.64358681181129,41.42258829876293
2023-08-23 19:00:00,9.699999809265137,9.949999809265137,9.699999809265137,9.949999809265137,1500,10.30479995727539,10.045099983215332,10.097499990463257,0.25128875079701846,9.594922488869221,10.600077492057293,35.77980246669463
2023-08-24 19:00:00,9.6899995803833,9.880000114440918,9.510000228881836,9.729999542236328,2500,10.288199939727782,10.049499979019165,10.06399998664856,0.25348935808867307,9.557021270471212,10.570978702825906,41.489336338424835
2023-08-27 19:00:00,10.390000343322754,10.390000343322754,9.989999771118164,9.989999771118164,1000,10.276399936676025,10.05594997882843,10.052499961853027,0.2512469085050748,9.550006144842877,10.554993778863176,48.35679090561078
2023-08-28 19:00:00,9.220000267028809,9.300000190734863,9.210000038146973,9.25,11000,10.252399940490722,10.05674997806549,9.989499950408936,0.28605251976711793,9.4173949108747,10.561604989943172,35.21125578165412
2023-08-29 19:00:00,9.25,9.550000190734863,9.020000457763672,9.470000267028809,5500,10.234999942779542,10.058249979019164,9.938499975204468,0.28303382151646655,9.372432332171535,10.504567618237402,36.332173193949416
2023-08-30 19:00:00,9.0600004196167,9.579999923706055,9.010000228881836,9.579999923706055,9500,10.21499994277954,10.061499977111817,9.907499980926513,0.28681324100756145,9.333873498911391,10.481126462941635,40.27776444031038
2023-09-04 19:00:00,9.880000114440918,9.880000114440918,9.789999961853027,9.789999961853027,1500,10.201799945831299,10.065249977111817,9.868499994277954,0.24142725541899948,9.385645483439955,10.351354505115953,49.818177530585224
2023-09-05 19:00:00,9.020000457763672,9.979999542236328,9.010000228881836,9.979999542236328,4500,10.181399936676025,10.070299973487854,9.864999961853027,0.23915422208333012,9.386691517686366,10.343308406019688,49.818177530585224
2023-09-06 19:00:00,9.210000038146973,10.390000343322754,9.210000038146973,10.239999771118164,24000,10.176599941253663,10.077799973487855,9.8739999294281,0.25001892422682,9.37396208097446,10.37403777788174,56.01373815894906
2023-09-07 19:00:00,10.1899995803833,10.380000114440918,9.600000381469727,10.380000114440918,6500,10.171199951171875,10.086049976348876,9.888499927520751,0.2707547811594572,9.346990365201837,10.430009489839666,56.61017573794192
2023-09-10 19:00:00,9.609999656677246,10.09000015258789,9.609999656677246,10.09000015258789,1500,10.159999961853027,10.09299997806549,9.879999923706055,0.26096982527599905,9.358060273154058,10.401939574258053,52.35110645667493
2023-09-12 19:00:00,9.510000228881836,9.510000228881836,9.510000228881836,9.510000228881836,1000,10.136199970245361,10.0967999792099,9.84849991798401,0.26590998607032046,9.316679945843369,10.38031989012465,44.29709007872494
2023-09-13 19:00:00,9.779999732971191,9.779999732971191,9.779999732971191,9.779999732971191,500,10.126399955749513,10.101699976921081,9.847499895095826,0.2661394909317146,9.315220913232396,10.379778876959255,51.45888158019555
2023-09-14 19:00:00,10.34000015258789,10.34000015258789,10.34000015258789,10.34000015258789,500,10.123599967956544,10.10974997997284,9.864999914169312,0.2867145673649744,9.291570779439363,10.43842904889926,56.53206871438588
2023-09-17 19:00:00,9.529999732971191,9.970000267028809,9.529999732971191,9.869999885559082,5000,10.10959997177124,10.115249977111816,9.863999891281129,0.28665765360047857,9.290684584080172,10.437315198482086,49.115045181371116
2023-09-18 19:00:00,10.0,10.449999809265137,9.609999656677246,9.9399995803833,10000,10.112999954223632,10.120999975204468,9.861499881744384,0.2857174330161943,9.290065015711995,10.432934747776773,52.40274649481033
2023-09-19 19:00:00,9.479999542236328,9.6899995803833,9.479999542236328,9.6899995803833,11000,10.102999954223632,10.125499973297119,9.848999881744385,0.28756507087306854,9.273869739998249,10.424130023490521,46.55963056928893
2023-09-20 19:00:00,9.510000228881836,9.640000343322754,9.460000038146973,9.640000343322754,13000,10.095799961090087,10.129749975204469,9.833999919891358,0.2903790276730557,9.253241864545247,10.41475797523747,55.313357446314235
2023-09-21 19:00:00,9.300000190734863,9.699999809265137,9.300000190734863,9.6899995803833,2500,10.086799945831299,10.13419997215271,9.834999895095825,0.2898184335974677,9.25536302790089,10.41463676229076,53.14284904635241
2023-09-24 19:00:00,9.399999618530273,9.6899995803833,9.390000343322754,9.520000457763672,5500,10.077999954223634,10.137349972724914,9.821499919891357,0.29819231074153735,9.225115298408282,10.417884541374432,49.15731029368903
2023-09-25 19:00:00,9.5,9.899999618530273,9.100000381469727,9.3100004196167,33500,10.071999969482421,10.14009997367859,9.789499950408935,0.3173984699492811,9.154703010510373,10.424296890307497,43.2584287722667
2023-09-26 19:00:00,9.109999656677246,9.270000457763672,9.0,9.220000267028809,18000,10.048599967956543,10.142399973869324,9.76399998664856,0.3419663428774405,9.08006730089368,10.447932672403441,39.01734558116421
2023-10-01 19:00:00,9.239999771118164,9.239999771118164,8.770000457763672,9.010000228881836,2500,10.017199974060059,10.143499975204469,9.715000009536743,0.3763605767255908,8.962278856085561,10.467721162987925,31.964805201415587
2023-10-03 19:00:00,8.680000305175781,9.25,8.600000381469727,9.09000015258789,9500,9.984199981689454,10.144549975395202,9.707000017166138,0.38827677359201507,8.930446469982108,10.483553564350167,30.746254975123307
2023-10-05 19:00:00,9.239999771118164,9.239999771118164,9.239999771118164,9.239999771118164,1500,9.954199981689452,10.146499972343445,9.695499992370605,0.3989257642421317,8.897648463886341,10.493351520854869,36.76010702552581
2023-10-10 19:00:00,8.899999618530273,9.180000305175781,8.800000190734863,9.180000305175781,2500,9.92939998626709,10.148449974060059,9.675500011444091,0.4147347420525431,8.846030527339005,10.504969495549178,43.866164941187655
2023-10-12 19:00:00,8.65999984741211,9.140000343322754,8.649999618530273,8.949999809265137,12500,9.89359998703003,10.148999972343445,9.633500003814698,0.44402782694586057,8.745444349922977,10.521555657706418,34.33961055506052
2023-10-16 19:00:00,9.170000076293945,9.170000076293945,8.6899995803833,9.149999618530273,1500,9.858799972534179,10.150399971008301,9.592000007629395,0.44870100287966386,8.694598001870066,10.489402013388723,24.01742269397927
2023-10-17 19:00:00,8.729999542236328,8.989999771118164,8.729999542236328,8.859999656677246,2000,9.825999965667725,10.150499968528747,9.523000001907349,0.44991344280046053,8.623173116306427,10.42282688750827,26.06630894032611
2023-10-18 19:00:00,9.1899995803833,9.850000381469727,8.8100004196167,9.130000114440918,9500,9.8003999710083,10.151699967384339,9.460500001907349,0.4096143714651282,8.641271258977092,10.279728744837605,32.46752549739742
2023-10-19 19:00:00,8.65999984741211,9.479999542236328,8.65999984741211,9.050000190734863,17500,9.772399978637695,10.151999969482421,9.408500003814698,0.39108852088132323,8.626322962052052,10.190677045577344,35.04672564005436
2023-10-22 19:00:00,9.100000381469727,9.100000381469727,9.100000381469727,9.100000381469727,3000,9.746399993896484,10.153149971961975,9.388000011444092,0.3962003161408486,8.595599379162394,10.18040064372579,37.38316924032655
2023-10-23 19:00:00,9.050000190734863,9.100000381469727,9.050000190734863,9.100000381469727,1000,9.723999996185302,10.154499974250793,9.354000043869018,0.3899176140361965,8.574164815796625,10.133835271941411,35.88518121872323
2023-10-24 19:00:00,8.869999885559082,8.869999885559082,8.649999618530273,8.710000038146973,4000,9.687999992370605,10.154599976539611,9.272500038146973,0.3401527476776374,8.592194542791697,9.952805533502248,32.467526569733195
2023-10-25 19:00:00,9.0,9.180000305175781,8.010000228881836,8.979999542236328,24000,9.657799987792968,10.155549974441529,9.228000020980835,0.315170746137371,8.597658528706093,9.858341513255576,43.03795583723153
2023-10-26 19:00:00,9.1899995803833,9.890000343322754,9.0,9.359999656677246,24000,9.64099998474121,10.15799997329712,9.199000024795533,0.26959813376429625,8.65980375726694,9.738196292324124,52.63156762555159
2023-10-29 19:00:00,9.399999618530273,9.399999618530273,9.0,9.239999771118164,3500,9.61439998626709,10.159749970436096,9.176500034332275,0.24402926324184557,8.688441507848584,9.664558560815966,54.47469979664841
2023-10-30 19:00:00,9.479999542236328,9.479999542236328,9.479999542236328,9.479999542236328,500,9.60299997329712,10.162949967384339,9.168499994277955,0.230269264248699,8.707961465780556,9.629038522775353,57.14284716196257
2023-10-31 19:00:00,9.779999732971191,9.779999732971191,8.859999656677246,9.539999961853027,19000,9.592599964141845,10.166099967956542,9.16100001335144,0.214277262641477,8.732445488068487,9.589554538634394,55.68182105531996
2023-11-01 19:00:00,9.539999961853027,9.539999961853027,9.010000228881836,9.199999809265137,7500,9.57479995727539,10.16669996738434,9.144999980926514,0.19733751539437758,8.750324950137758,9.53967501171527,50.342457141009504
2023-11-02 19:00:00,9.020000457763672,9.109999656677246,8.899999618530273,8.989999771118164,29000,9.549399948120117,10.16669996738434,9.128999948501587,0.19622485815206714,8.736550232197452,9.521449664805722,50.68965437863033
2023-11-05 19:00:00,9.010000228881836,9.270000457763672,9.0,9.199999809265137,7000,9.530599937438964,10.167299966812134,9.127999925613404,0.1957871596133799,8.736425606386645,9.519574244840163,50.85910956993888
2023-11-06 19:00:00,9.130000114440918,9.640000343322754,9.0,9.300000190734863,22000,9.520599937438964,10.168149967193603,9.142499923706055,0.1973208433783632,8.747858236949329,9.53714161046278,58.088241481448236
2023-11-07 19:00:00,9.199999809265137,9.489999771118164,9.199999809265137,9.420000076293945,11000,9.50919994354248,10.170549969673157,9.158999919891357,0.20629308489520068,8.746413750100956,9.571586089681759,55.64202118047039
2023-11-09 19:00:00,9.100000381469727,9.680000305175781,9.100000381469727,9.199999809265137,28500,9.495399932861329,10.171549968719482,9.156999921798706,0.20565939084582918,8.745681140107047,9.568318703490364,52.767519624217265
2023-11-12 19:00:00,9.0600004196167,9.380000114440918,8.989999771118164,9.289999961853027,51000,9.481399936676025,10.169349970817565,9.162499904632568,0.20776693833209825,8.746966027968371,9.578033781296766,53.454536627149885
2023-11-13 19:00:00,9.010000228881836,9.270000457763672,8.899999618530273,9.229999542236328,16000,9.467199935913087,10.166249966621399,9.176499891281129,0.2020493465828115,8.772401198115505,9.580598584446752,52.31315119633464
2023-11-14 19:00:00,9.0,9.100000381469727,8.829999923706055,9.020000457763672,9000,9.448799953460693,10.161349968910217,9.169999933242797,0.20501600063123246,8.759967931980333,9.580031934505262,55.89354384272714
2023-11-15 19:00:00,9.149999618530273,9.399999618530273,9.0,9.119999885559082,24000,9.437799949645996,10.156749968528748,9.18299994468689,0.19216487946941885,8.798670185748051,9.567329703625727,52.84553538926387
2023-11-16 19:00:00,9.239999771118164,10.119999885559082,9.239999771118164,9.510000228881836,39000,9.432199954986572,10.153849968910217,9.201999950408936,0.20500573504650219,8.791988480315933,9.61201142050194,53.036448501785536
2023-11-19 19:00:00,9.75,9.75,9.199999809265137,9.489999771118164,4500,9.422999954223632,10.151749968528748,9.2239999294281,0.2113465182669781,8.801306892894143,9.646692965962057,55.27425973572366
2023-11-20 19:00:00,9.119999885559082,9.399999618530273,9.100000381469727,9.399999618530273,7500,9.416399955749512,10.147199964523315,9.238999891281129,0.21272414685471563,8.813551597571697,9.66444818499056,48.19820090727885
2023-11-21 19:00:00,9.199999809265137,9.380000114440918,9.100000381469727,9.149999618530273,8000,9.399599952697754,10.14154996395111,9.241499853134155,0.21129361948705339,8.818912614160048,9.664087092108261,41.90870925962053
2023-11-22 19:00:00,9.300000190734863,9.350000381469727,9.119999885559082,9.199999809265137,17500,9.398599948883056,10.137349963188171,9.265999841690064,0.1709847778093619,8.924030286071341,9.607969397308787,50.0
2023-11-23 19:00:00,9.109999656677246,9.420000076293945,9.0,9.15999984741211,17000,9.392399940490723,10.132999963760376,9.274999856948853,0.1594893021678825,8.956021252613088,9.593978461284618,54.35897460977619
2023-11-26 19:00:00,9.100000381469727,9.449999809265137,8.989999771118164,9.279999732971191,101000,9.386399936676025,10.128649964332581,9.270999860763549,0.15824364060235888,8.95451257955883,9.587487141968268,52.15053487780667
2023-11-27 19:00:00,9.390000343322754,9.390000343322754,9.119999885559082,9.149999618530273,18500,9.37359992980957,10.121199960708617,9.266499853134155,0.16043608298041484,8.945627687173324,9.587372019094985,46.03173161490335
2023-11-28 19:00:00,9.109999656677246,9.25,8.800000190734863,9.079999923706055,111500,9.355599937438965,10.114299960136414,9.246499872207641,0.1573221835678528,8.931855505071935,9.561144239343347,40.76086618499207
2023-11-29 19:00:00,9.100000381469727,9.1899995803833,8.949999809265137,9.050000190734863,3500,9.3317999458313,10.107249960899352,9.221999883651733,0.147026662963382,8.927946557724969,9.516053209578498,45.45455596335578
2023-11-30 19:00:00,9.25,9.9399995803833,9.210000038146973,9.609999656677246,211000,9.316399936676026,10.10239995956421,9.24249987602234,0.17050617825999856,8.901487519502343,9.583512232542336,57.547166416252054
2023-12-03 19:00:00,9.970000267028809,9.970000267028809,9.1899995803833,9.229999542236328,583000,9.299199924468994,10.09564995765686,9.254499864578246,0.15991687652176972,8.934666111534707,9.574333617621786,50.0
2023-12-04 19:00:00,9.390000343322754,9.9399995803833,9.300000190734863,9.649999618530273,463500,9.301999912261962,10.092449955940246,9.276999855041504,0.18198026909576615,8.913039316849972,9.640960393233037,61.8867783293495
2023-12-05 19:00:00,9.869999885559082,9.869999885559082,9.34000015258789,9.539999961853027,30000,9.297199916839599,10.088649954795837,9.288999843597413,0.19125342717221352,8.906492989252985,9.67150669794184,57.89473872907473
2023-12-06 19:00:00,9.869999885559082,9.899999618530273,9.399999618530273,9.529999732971191,86000,9.280999908447265,10.08434995174408,9.294499826431274,0.19672241787343092,8.901054990684411,9.687944662178136,50.43858566736086
2023-12-07 19:00:00,9.510000228881836,9.670000076293945,9.5,9.5600004196167,13000,9.274799919128418,10.07894995212555,9.312499856948852,0.20395752575761167,8.904584805433629,9.720414908464075,51.52839846429281
2023-12-10 19:00:00,9.880000114440918,9.880000114440918,9.359999656677246,9.479999542236328,8000,9.265599918365478,10.075899949073792,9.321999835968018,0.20725266568217396,8.90749450460367,9.736505167332366,51.754383763448686
2023-12-11 19:00:00,9.430000305175781,9.619999885559082,9.399999618530273,9.550000190734863,26000,9.262799930572509,10.073799948692322,9.337999868392945,0.21207245139712236,8.9138549655987,9.76214477118719,59.52381709264849
2023-12-12 19:00:00,9.449999809265137,9.449999809265137,9.149999618530273,9.180000305175781,47000,9.253599929809571,10.06884994983673,9.34599986076355,0.20223488264987666,8.941530095463797,9.750469626063303,49.586787281457944
2023-12-13 19:00:00,9.010000228881836,9.4399995803833,9.0,9.329999923706055,74000,9.246399936676026,10.064649949073791,9.356499862670898,0.19521311105668068,8.966073640557536,9.74692608478426,53.35968439042888
2023-12-14 19:00:00,9.329999923706055,9.600000381469727,9.3100004196167,9.600000381469727,6000,9.247999935150146,10.063649950027466,9.360999870300294,0.19991842477097507,8.961163020758343,9.760836719842244,55.97015854828063
2023-12-17 19:00:00,9.779999732971191,9.779999732971191,9.220000267028809,9.390000343322754,12000,9.249599933624268,10.06064995288849,9.355999898910522,0.1977611815245561,8.96047753586141,9.751522261959634,54.34783735437036
2023-12-18 19:00:00,9.539999961853027,9.539999961853027,8.8100004196167,9.0,38000,9.245199928283691,10.056149954795837,9.335999917984008,0.21273657807847182,8.910526761827064,9.761473074140952,48.701300711911266
2023-12-19 19:00:00,9.0,9.100000381469727,8.949999809265137,8.949999809265137,11000,9.243999919891358,10.051899952888489,9.325999927520751,0.22621370400888852,8.873572519502975,9.778427335538527,48.387091812312114
2023-12-20 19:00:00,9.010000228881836,9.199999809265137,9.010000228881836,9.010000228881836,10000,9.242399921417237,10.046099953651428,9.316499948501587,0.23557934694785182,8.845341254605882,9.787658642397291,38.46156385520161
2023-12-21 19:00:00,9.0,9.489999771118164,9.0,9.199999809265137,26000,9.241599922180177,10.042549953460693,9.318499946594239,0.2343473520015733,8.849805242591092,9.787194650597385,49.3775996004861
2023-12-25 19:00:00,9.489999771118164,9.489999771118164,9.0,9.020000457763672,64000,9.238399925231933,10.038399953842163,9.305499982833862,0.24362337668066392,8.818253229472534,9.79274673619519,35.483903574385664
2023-12-26 19:00:00,9.050000190734863,9.300000190734863,9.0,9.109999656677246,68000,9.241599922180177,10.033299951553344,9.303499984741212,0.2451266759541047,8.813246632833001,9.793753336649422,39.99999999999999
2023-12-27 19:00:00,9.25,9.479999542236328,9.15999984741211,9.1899995803833,142000,9.242399921417237,10.026349949836732,9.308999967575073,0.24104811992903294,8.826903727717006,9.791096207433139,42.342343116365385
2023-12-28 19:00:00,9.020000457763672,9.479999542236328,9.020000457763672,9.470000267028809,65000,9.254599933624268,10.024999952316284,9.329999971389771,0.23552851376400108,8.85894294386177,9.801056998917772,48.178135463385104
2023-12-31 19:00:00,9.470000267028809,9.600000381469727,9.449999809265137,9.449999809265137,71000,9.260999927520752,10.023649950027465,9.321999979019164,0.22811816823421371,8.865763642550737,9.778236315487591,49.37759910789931
2024-01-01 19:00:00,9.380000114440918,9.399999618530273,9.199999809265137,9.300000190734863,27000,9.265999927520753,10.02099995136261,9.325500011444092,0.2271673369623722,8.871165337519347,9.779834685368836,44.97991921726695
2024-01-02 19:00:00,9.220000267028809,9.420000076293945,9.170000076293945,9.420000076293945,13000,9.272399921417236,10.017849950790405,9.314000034332276,0.21539196320527404,8.883216107921728,9.744783960742824,55.357138295562436
2024-01-03 19:00:00,9.210000038146973,9.25,9.15999984741211,9.15999984741211,17000,9.273599910736085,10.012949948310853,9.295000028610229,0.2111248501215757,8.872750328367077,9.71724972885338,46.38297768727117
2024-01-04 19:00:00,9.180000305175781,9.180000305175781,9.100000381469727,9.100000381469727,5500,9.281399917602538,10.007549948692322,9.273500061035156,0.20780245853097884,8.857895143973199,9.689104978097113,38.31775367744052
2024-01-07 19:00:00,9.15999984741211,9.350000381469727,9.0,9.0,20500,9.281799926757813,10.001599950790405,9.24550004005432,0.20487418193910872,8.835751676176104,9.655248403932537,40.39407895015007
2024-01-08 19:00:00,8.859999656677246,9.199999809265137,8.850000381469727,9.029999732971191,6500,9.27519992828369,9.995799951553344,9.223000049591064,0.20246124417845995,8.818077561234144,9.627922537947985,50.89819606983184
2024-01-09 19:00:00,8.819999694824219,9.390000343322754,8.819999694824219,9.039999961853027,69500,9.271199932098389,9.99009994983673,9.197500038146973,0.19089477407621305,8.815710489994547,9.5792895862994,52.76074229834458
2024-01-10 19:00:00,9.149999618530273,9.149999618530273,8.899999618530273,9.0,27000,9.261599941253662,9.983299951553345,9.188500022888183,0.1959397731773949,8.796620476533393,9.580379569242973,49.68943363546866
2024-01-11 19:00:00,8.8100004196167,8.9399995803833,8.050000190734863,8.800000190734863,29000,9.246799945831299,9.97479995250702,9.162000036239624,0.21105255161832942,8.739894933002965,9.584105139476282,37.65432462153233
2024-01-14 19:00:00,8.699999809265137,8.869999885559082,8.510000228881836,8.869999885559082,14000,9.240199947357178,9.967099952697755,9.125500011444093,0.19373002928950953,8.738039952865073,9.512960070023112,45.033091251518144
2024-01-15 19:00:00,8.649999618530273,8.890000343322754,8.600000381469727,8.890000343322754,9000,9.23819995880127,9.958249955177306,9.100500011444092,0.19002698268834145,8.720446046067408,9.480553976820776,42.361137786019405
2024-01-16 19:00:00,8.5,8.789999961853027,8.5,8.789999961853027,7500,9.229999961853027,9.947949953079224,9.090000009536743,0.2013376133627764,8.68732478281119,9.492675236262295,36.301392232915845
2024-01-17 19:00:00,8.880000114440918,8.880000114440918,8.5,8.800000190734863,6000,9.219999961853027,9.936949954032897,9.08250002861023,0.20945728129832392,8.663585466013583,9.501414591206878,21.848748924111604
2024-01-18 19:00:00,8.890000343322754,8.970000267028809,8.890000343322754,8.960000038146973,5500,9.210799961090087,9.926949954032898,9.080000019073486,0.2106630793268546,8.658673860419777,9.501326177727195,31.57895491629894
2024-01-21 19:00:00,9.170000076293945,9.170000076293945,9.050000190734863,9.140000343322754,8000,9.20959997177124,9.919549956321717,9.077000045776368,0.20928698746310861,8.658426070850151,9.495574020702584,44.11765530859765
2024-01-22 19:00:00,8.609999656677246,9.130000114440918,8.609999656677246,8.800000190734863,11500,9.199799976348878,9.90944995880127,9.066000032424927,0.21803908149096246,8.629921869443002,9.502078195406853,30.37976135218871
2024-01-23 19:00:00,9.0,9.239999771118164,8.8100004196167,9.140000343322754,17000,9.197999992370605,9.902999958992005,9.067500066757201,0.2184605055369458,8.63057905568331,9.504421077831093,49.397605589218195
2024-01-24 19:00:00,8.90999984741211,9.100000381469727,8.8100004196167,9.100000381469727,5500,9.199599990844726,9.89609996318817,9.063000106811524,0.21672441923196556,8.629551268347592,9.496448945275455,50.0
2024-01-25 19:00:00,8.8100004196167,8.989999771118164,8.8100004196167,8.989999771118164,1500,9.196999988555909,9.887299962043762,9.039000082015992,0.19474408290827472,8.649511916199442,9.428488247832542,49.69696304139752
2024-01-28 19:00:00,8.600000381469727,8.899999618530273,8.600000381469727,8.899999618530273,2000,9.184799976348877,9.877599959373475,9.011500072479247,0.17104250645716412,8.669415059564919,9.353585085393576,46.19883138778417
2024-01-29 19:00:00,8.84000015258789,9.170000076293945,8.84000015258789,9.170000076293945,3500,9.178399982452392,9.86989995956421,9.005000066757201,0.16171778094078873,8.681564504875624,9.328435628638779,53.29949164858157
2024-01-30 19:00:00,9.140000343322754,9.140000343322754,8.550000190734863,9.079999923706055,13000,9.171999988555909,9.862849960327148,8.988000059127808,0.13069050185249548,8.726619055422818,9.249381062832798,51.98019381283267
2024-01-31 19:00:00,8.979999542236328,8.989999771118164,8.979999542236328,8.989999771118164,4000,9.168799991607665,9.855149960517883,8.97950005531311,0.12428642822886267,8.730927198855385,9.228072911770836,54.97380395180107
2024-02-01 19:00:00,8.989999771118164,9.0,8.800000190734863,9.0,5500,9.164799995422364,9.847949962615967,8.974500036239624,0.12115564671973768,8.732188742800147,9.2168113296791,53.51351044838595
2024-02-05 19:00:00,9.140000343322754,9.140000343322754,8.75,8.850000381469727,6000,9.158600006103516,9.84029996395111,8.967000055313111,0.12410098721299342,8.718798080887124,9.215202029739098,48.9899011792313
2024-02-06 19:00:00,9.0,9.0,8.989999771118164,8.989999771118164,2500,9.152800006866455,9.833099961280823,8.96500005722046,0.12335231382896457,8.71829542956253,9.211704684878388,54.950486869282976
2024-02-08 19:00:00,8.5600004196167,9.199999809265137,8.5600004196167,8.949999809265137,10500,9.148800010681152,9.82569995880127,8.960500049591065,0.12210760862167022,8.716284832347725,9.204715266834405,53.65852523886039
2024-02-11 19:00:00,8.630000114440918,8.890000343322754,8.630000114440918,8.890000343322754,1500,9.145000019073485,9.817749962806701,8.955000066757203,0.12271062662791679,8.709578813501368,9.200421320013037,48.20513673239029
2024-02-12 19:00:00,8.970000267028809,8.970000267028809,8.5,8.779999732971191,10000,9.139600009918214,9.809549961090088,8.95400004386902,0.12411374541198718,8.705772553045044,9.202227534692994,40.425521121845016
2024-02-13 19:00:00,8.899999618530273,8.899999618530273,8.899999618530273,8.899999618530273,500,9.125400009155273,9.801349959373475,8.955500030517578,0.12322321089141133,8.709053608734756,9.201946452300401,53.0120295041413
2024-02-14 19:00:00,8.970000267028809,8.970000267028809,8.569999694824219,8.920000076293945,3000,9.119200019836425,9.794099960327149,8.957000017166138,0.12256475686319336,8.711870503439751,9.202129530892524,41.79104158941792
2024-02-15 19:00:00,8.979999542236328,8.979999542236328,8.229999542236328,8.649999618530273,6500,9.099200019836426,9.785699958801269,8.95,0.1358792990614531,8.678241401877093,9.221758598122905,35.66878013638136
2024-02-18 19:00:00,8.649999618530273,8.789999961853027,8.649999618530273,8.789999961853027,1500,9.084200019836425,9.778399958610535,8.949499988555909,0.13647740579416037,8.676545176967588,9.222454800144229,43.75001117586157
2024-02-19 19:00:00,8.890000343322754,8.890000343322754,8.890000343322754,8.890000343322754,500,9.071400032043456,9.771749958992004,8.946000003814698,0.1370901590447634,8.67181968572517,9.220180321904225,49.689463804540786
2024-02-21 19:00:00,8.34000015258789,8.949999809265137,8.34000015258789,8.529999732971191,13500,9.050800018310547,9.762499957084655,8.91549997329712,0.15792996096081005,8.5996400513755,9.23135989521874,31.176479497986335
2024-02-22 19:00:00,8.920000076293945,8.920000076293945,8.920000076293945,8.920000076293945,500,9.0396000289917,9.755549955368043,8.921499967575073,0.1555729024133446,8.610354162748385,9.232645772401762,46.000007629387255
2024-02-26 19:00:00,8.770000457763672,8.920000076293945,8.770000457763672,8.880000114440918,5000,9.026200027465821,9.747699956893921,8.908499956130981,0.14697931272233336,8.614541330686315,9.202458581575648,47.17949846556383
2024-02-27 19:00:00,9.0,9.0,8.600000381469727,8.960000038146973,2500,9.021800022125245,9.740399956703186,8.901499938964843,0.14057312944822095,8.620353680068401,9.182646197861285,49.00990262614341
2024-02-28 19:00:00,8.510000228881836,8.960000038146973,8.5,8.960000038146973,4500,9.014400024414062,9.73689995765686,8.899999952316284,0.1397366568055583,8.620526638705167,9.1794732659274,52.9411644709229
2024-02-29 19:00:00,8.609999656677246,8.949999809265137,8.600000381469727,8.949999809265137,5000,9.00140001296997,9.730049958229065,8.902499961853028,0.14018321030742426,8.62213354123818,9.182866382467877,48.850577547580876
2024-03-04 19:00:00,8.609999656677246,8.90999984741211,8.5,8.800000190734863,14500,8.989600009918213,9.720499958992004,8.883999967575074,0.12679868268398276,8.630402602207107,9.13759733294304,45.94596127159168
2024-03-05 19:00:00,8.40999984741211,8.739999771118164,8.399999618530273,8.739999771118164,20000,8.984400005340577,9.709349956512451,8.866999959945678,0.12183256009046572,8.623334839764746,9.11066508012661,45.94593758650713
2024-03-06 19:00:00,8.359999656677246,8.869999885559082,8.359999656677246,8.869999885559082,11500,8.982800006866455,9.700599956512452,8.860999965667725,0.11836169558297112,8.624276574501783,9.097723356833667,52.406417657738515
2024-03-07 19:00:00,8.550000190734863,8.949999809265137,8.550000190734863,8.859999656677246,5000,8.979799995422363,9.691449956893921,8.853999948501587,0.11375882034314408,8.626482307815298,9.081517589187875,48.86363944238327
2024-03-10 19:00:00,8.5600004196167,8.859999656677246,8.550000190734863,8.75,18500,8.97079999923706,9.680899958610535,8.8489999294281,0.1161170697475951,8.61676578993291,9.08123406892329,45.40540902783076
2024-03-11 19:00:00,8.850000381469727,8.850000381469727,8.699999809265137,8.699999809265137,2000,8.96439998626709,9.67099995613098,8.834499931335449,0.11568909911045512,8.603121733114538,9.06587812955636,51.5337462796509
2024-03-12 19:00:00,8.880000114440918,8.880000114440918,8.5,8.619999885559082,14500,8.954599990844727,9.659649953842163,8.817999935150146,0.12172454575819784,8.57455084363375,9.061449026666542,44.58599035635796
2024-03-14 19:00:00,8.800000190734863,8.800000190734863,8.800000190734863,8.800000190734863,500,8.946800003051758,9.648899955749512,8.813499927520752,0.12058091112117626,8.5723381052784,9.054661749763104,47.27272517096764
2024-03-17 19:00:00,8.850000381469727,8.850000381469727,8.850000381469727,8.850000381469727,500,8.934400005340576,9.638399958610535,8.81699995994568,0.12057327581480858,8.575853408316062,9.058146511575297,61.94031284761934
2024-03-18 19:00:00,8.899999618530273,8.899999618530273,8.899999618530273,8.899999618530273,500,8.923400001525879,9.628849954605103,8.81699995994568,0.12057327581480858,8.575853408316062,9.058146511575297,48.999977111816406
2024-03-19 19:00:00,8.600000381469727,8.789999961853027,8.510000228881836,8.739999771118164,8000,8.912199993133544,9.618149952888489,8.80799994468689,0.11919033464701907,8.569619275392851,9.046380613980928,43.74998403446852
2024-03-21 19:00:00,8.789999961853027,8.789999961853027,8.399999618530273,8.579999923706055,6000,8.895399990081787,9.606299953460693,8.804499959945678,0.12496216063693769,8.554575638671803,9.054424281219553,34.16665938165336
2024-03-25 19:00:00,8.800000190734863,9.550000190734863,8.5,8.550000190734863,11000,8.883199996948242,9.593399953842162,8.79249997138977,0.13733845597585412,8.517823059438062,9.067176883341478,33.33333333333333
2024-03-26 19:00:00,8.539999961853027,8.829999923706055,8.539999961853027,8.829999923706055,4000,8.877799987792969,9.585549955368043,8.789499950408935,0.13574261629347248,8.51801471782199,9.06098518299588,46.00000127156657
2024-03-27 19:00:00,8.529999732971191,8.770000457763672,8.520000457763672,8.65999984741211,10000,8.87099998474121,9.577049956321716,8.79599995613098,0.1253794266729614,8.545241102785058,9.046758809476904,45.3947240460901
2024-03-28 19:00:00,8.899999618530273,8.899999618530273,8.600000381469727,8.869999885559082,3000,8.867799987792969,9.568449954986573,8.793499946594238,0.12325731980510582,8.546985306984027,9.04001458620445,53.892221040122294
2024-03-31 19:00:00,8.5600004196167,8.800000190734863,8.5,8.800000190734863,8500,8.862999992370606,9.55899995803833,8.789499950408935,0.12158924501693008,8.546321460375074,9.032678440442796,47.82609468275791
2024-04-01 19:00:00,8.890000343322754,8.890000343322754,8.890000343322754,8.890000343322754,500,8.860799999237061,9.549199957847595,8.785999965667724,0.11735685497107311,8.551286255725577,9.020713675609871,50.88759500071103
2024-04-02 19:00:00,8.720000267028809,8.84000015258789,8.720000267028809,8.84000015258789,2000,8.861599998474121,9.54024995803833,8.77999997138977,0.11088163274013353,8.558236705909504,9.001763236870037,52.76074229834458
2024-04-03 19:00:00,8.869999885559082,8.869999885559082,8.869999885559082,8.869999885559082,500,8.861599998474121,9.53274995803833,8.775999975204467,0.10575045934612631,8.564499056512215,8.98750089389672,55.2795097280782
2024-04-07 19:00:00,8.890000343322754,8.899999618530273,8.550000190734863,8.899999618530273,17500,8.86179998397827,9.525299954414368,8.780999946594239,0.1092510243979134,8.562497897798412,8.999501995390066,58.97435897435897
2024-04-08 19:00:00,8.800000190734863,8.899999618530273,8.25,8.59000015258789,58500,8.85779998779297,9.515849957466125,8.773499965667725,0.1170818096688451,8.539336346330034,9.007663585005416,43.78697256517865
2024-04-14 19:00:00,8.65999984741211,8.880000114440918,8.010000228881836,8.149999618530273,77000,8.844799976348877,9.502349953651429,8.737499952316284,0.1797623112051687,8.377975329905947,9.097024574726621,33.17304253574906
2024-04-15 19:00:00,8.199999809265137,8.479999542236328,8.0,8.479999542236328,35000,8.835199966430665,9.491499953269958,8.718499946594239,0.18610347452011083,8.346292997554018,9.09070689563446,41.10168840856723
2024-04-16 19:00:00,8.470000267028809,8.6899995803833,8.359999656677246,8.59000015258789,9500,8.824199962615968,9.480899953842163,8.710499954223632,0.18810628399324433,8.334287386237143,9.08671252221012,46.753254259539844
2024-04-17 19:00:00,8.649999618530273,8.649999618530273,8.649999618530273,8.649999618530273,500,8.821199951171875,9.471299953460694,8.70799994468689,0.1885848328023024,8.330830279082285,9.085169610291494,51.58370415888479
2024-04-18 19:00:00,8.420000076293945,8.550000190734863,8.420000076293945,8.550000190734863,5000,8.809399948120117,9.460149955749511,8.704499959945679,0.19093887945691704,8.322622201031844,9.086377718859513,50.0
2024-04-21 19:00:00,8.640000343322754,8.640000343322754,8.640000343322754,8.640000343322754,6500,8.800199947357179,9.450049958229066,8.696499967575074,0.19007690507045732,8.31634615743416,9.076653777715988,45.45455375097592
2024-04-23 19:00:00,8.680000305175781,8.680000305175781,8.550000190734863,8.619999885559082,3500,8.792799949645996,9.439499959945678,8.684999942779541,0.18723756947831072,8.31052480382292,9.059475081736162,48.969072925131144
2024-04-24 19:00:00,8.6899995803833,8.880000114440918,8.399999618530273,8.699999809265137,8000,8.788799953460693,9.430599961280823,8.674999952316284,0.18036518223565307,8.314269587844977,9.03573031678759,45.30386391010801
2024-04-25 19:00:00,8.520000457763672,8.649999618530273,8.40999984741211,8.649999618530273,5000,8.77839994430542,9.42114995956421,8.67049994468689,0.17977989747216525,8.31094014974256,9.03005973963122,45.81003979326046
2024-04-28 19:00:00,8.699999809265137,8.699999809265137,8.3100004196167,8.550000190734863,9000,8.767799949645996,9.4110999584198,8.66899995803833,0.18069753105717132,8.307604895923989,9.030395020152673,40.55554731392217
2024-04-29 19:00:00,8.6899995803833,8.6899995803833,8.399999618530273,8.5,26000,8.757999954223633,9.400699958801269,8.666499948501587,0.18276464548098162,8.300970657539624,9.032029239463549,40.55554731392217
2024-05-01 19:00:00,8.5,8.579999923706055,8.5,8.5,7000,8.747999954223634,9.390949959754943,8.649999952316284,0.1821220514112842,8.285755849493716,9.014244055138851,39.54802290327639
2024-05-05 19:00:00,8.489999771118164,8.640000343322754,8.489999771118164,8.489999771118164,3500,8.7407999420166,9.381699957847594,8.641499948501586,0.1855653451907283,8.27036925812013,9.012630638883042,38.2857186453683
2024-05-06 19:00:00,8.550000190734863,8.550000190734863,8.220000267028809,8.529999732971191,3500,8.731599941253663,9.37144995689392,8.624499940872193,0.17898772686818507,8.266524487135822,8.982475394608564,47.972959475943256
2024-05-07 19:00:00,8.3100004196167,8.489999771118164,8.199999809265137,8.390000343322754,39000,8.720399951934814,9.361149959564209,8.603999948501587,0.18129363370603516,8.241412681089516,8.966587215913657,60.16952782588807
2024-05-08 19:00:00,8.229999542236328,8.399999618530273,8.0,8.1899995803833,37000,8.706399936676025,9.347099957466126,8.568999910354615,0.19050905164056997,8.187981807073475,8.950018013635754,36.19048051552899
2024-05-09 19:00:00,8.100000381469727,8.100000381469727,7.5,7.75,71000,8.685799942016601,9.333449959754944,8.51449990272522,0.25417513456804763,8.006149633589125,9.022850171861315,19.56519335412989
2024-05-12 19:00:00,7.739999771118164,8.5,7.71999979019165,8.399999618530273,62500,8.675799942016601,9.322199959754943,8.490999889373779,0.24096080117515478,8.009078287023469,8.972921491724088,43.654820123406466
2024-05-13 19:00:00,8.5,8.850000381469727,8.449999809265137,8.850000381469727,32500,8.674399948120117,9.313199963569641,8.488499927520753,0.23671608855626686,8.01506775040822,8.961932104633286,56.465519544768625
2024-05-14 19:00:00,8.600000381469727,8.789999961853027,8.399999618530273,8.75,13000,8.676399955749512,9.303449964523315,8.496499919891358,0.24294851303209086,8.010602893827176,8.98239694595554,52.36050676515022
2024-05-15 19:00:00,8.6899995803833,8.699999809265137,8.34000015258789,8.59000015258789,15500,8.67239995956421,9.295049962997437,8.518499946594238,0.22946796942837352,8.05956400773749,8.977435885450985,49.3927180217013
2024-05-16 19:00:00,8.34000015258789,8.600000381469727,8.020000457763672,8.569999694824219,18000,8.665999946594239,9.285499963760376,8.522999954223632,0.22955567750683065,8.063888599209971,8.982111309237293,47.302903086540184
2024-05-19 19:00:00,8.3100004196167,8.390000343322754,8.029999732971191,8.25,43500,8.660399951934814,9.273899965286255,8.505999946594239,0.23680775188169936,8.032384442830839,8.979615450357638,42.537321399595186
2024-05-20 19:00:00,8.029999732971191,8.680000305175781,8.0,8.470000267028809,64500,8.651399955749511,9.267399964332581,8.496999979019165,0.23445574139158687,8.028088496235991,8.965911461802339,48.57143051770189
2024-05-21 19:00:00,8.649999618530273,8.649999618530273,8.649999618530273,8.649999618530273,1000,8.6467999458313,9.259699964523316,8.501999950408935,0.236701040814285,8.028597868780365,8.975402032037506,52.559720186125965
2024-05-22 19:00:00,8.25,8.9399995803833,8.109999656677246,8.520000457763672,428000,8.637999954223632,9.252299966812133,8.495999956130982,0.23452978521677356,8.026940385697435,8.965059526564529,50.3268049224563
2024-05-23 19:00:00,8.600000381469727,8.989999771118164,8.600000381469727,8.699999809265137,103000,8.632799949645996,9.245099964141845,8.499999952316283,0.237420362394772,8.02515922752674,8.974840677105828,53.2507760048351
2024-05-26 19:00:00,8.930000305175781,9.489999771118164,8.800000190734863,9.0,137339,8.633799953460693,9.240299963951111,8.514999961853027,0.2591991959352134,7.9966015699826,9.033398353723454,56.73353046252673
2024-05-28 19:00:00,8.619999885559082,8.869999885559082,8.220000267028809,8.399999618530273,108016,8.625799942016602,9.234249963760377,8.502499961853028,0.25837298742190945,7.9857539870092085,9.019245936696846,50.12657311000452
2024-05-29 19:00:00,8.489999771118164,8.800000190734863,8.470000267028809,8.510000228881836,120287,8.621199951171874,9.224849963188172,8.500499963760376,0.25814065875750186,7.984218646245372,9.01678128127538,54.14508648912675
2024-05-30 19:00:00,8.4399995803833,8.699999809265137,8.3100004196167,8.5,21271,8.613799953460694,9.214449963569642,8.500499963760376,0.25814065875750186,7.984218646245372,9.01678128127538,60.93294363368233
2024-06-02 19:00:00,8.59000015258789,8.979999542236328,8.550000190734863,8.800000190734863,22583,8.612599964141845,9.204749965667725,8.51549997329712,0.26668486474956316,7.982130243797993,9.048869702796246,56.493513932775265
2024-06-03 19:00:00,8.600000381469727,8.789999961853027,8.5,8.680000305175781,5502,8.61119997024536,9.194449968338013,8.525,0.2691018798828595,7.986796240234281,9.06320375976572,46.909089521928266
2024-06-04 19:00:00,8.619999885559082,8.619999885559082,8.300000190734863,8.319999694824219,13155,8.603599967956542,9.183949966430664,8.514499998092651,0.2729657526585542,7.9685684927755425,9.06043150340976,42.85713833092432
2024-06-05 19:00:00,8.489999771118164,8.649999618530273,8.319999694824219,8.5,11108,8.60119997024536,9.172749967575074,8.519999980926514,0.2714290476298775,7.977141885666759,9.062858076186268,48.51484930375496
2024-06-06 19:00:00,8.6899995803833,8.6899995803833,8.399999618530273,8.399999618530273,1003,8.59319995880127,9.160299963951111,8.530499982833863,0.2618854361682303,8.006729110497403,9.054270855170323,47.266880338735234
2024-06-09 19:00:00,8.399999618530273,8.640000343322754,8.300000190734863,8.449999809265137,9134,8.585199947357177,9.150049962997436,8.565499973297118,0.18860927587222862,8.188281421552661,8.942718525041576,53.52112203097627
2024-06-10 19:00:00,8.600000381469727,8.600000381469727,8.270000457763672,8.449999809265137,1034,8.576199951171875,9.1402499628067,8.567999982833863,0.18662101188542693,8.19475795906301,8.941242006604716,49.61831199700066
2024-06-11 19:00:00,8.59000015258789,8.59000015258789,8.59000015258789,8.449999809265137,1,8.570399951934814,9.130249962806701,8.547999954223632,0.17593665617113263,8.196126641881367,8.899873266565898,45.90164575163756
2024-06-12 19:00:00,8.550000190734863,8.930000305175781,8.25,8.670000076293945,20673,8.572199954986573,9.12159996509552,8.54399995803833,0.1719670171268729,8.200065923784585,8.887933992292076,52.96441629914433
2024-06-13 19:00:00,8.890000343322754,8.890000343322754,8.420000076293945,8.670000076293945,296,8.574599952697755,9.113849964141846,8.547999954223632,0.174011563004023,8.199976828215586,8.896023080231679,49.3617086898278
2024-06-19 19:00:00,8.84000015258789,8.970000267028809,8.420000076293945,8.760000228881836,9263,8.57319995880127,9.105099964141846,8.557499980926513,0.18034697184864212,8.19680603722923,8.918193924623797,44.39253710857076
2024-06-20 19:00:00,8.930000305175781,9.1899995803833,8.399999618530273,8.699999809265137,70532,8.57399995803833,9.09614996433258,8.579999971389771,0.16758352924882647,8.244832912892118,8.915167029887424,59.37498696151038
2024-06-23 19:00:00,8.84000015258789,8.890000343322754,8.380000114440918,8.6899995803833,6747,8.570399951934814,9.088599963188171,8.590999937057495,0.16720308174567663,8.256593773566141,8.925406100548848,55.99996693935343
2024-06-24 19:00:00,8.890000343322754,8.890000343322754,8.399999618530273,8.770000457763672,2378,8.569799957275391,9.079599967002869,8.596999979019165,0.17152884586137057,8.253942287296423,8.940057670741906,58.598721471838125
2024-06-25 19:00:00,8.880000114440918,8.880000114440918,8.720000267028809,8.779999732971191,851,8.567599945068359,9.07324996471405,8.609999942779542,0.17519924849719667,8.25960144578515,8.960398439773934,49.21873370188797
2024-06-26 19:00:00,8.399999618530273,8.899999618530273,8.350000381469727,8.829999923706055,6392,8.567399940490724,9.067099962234497,8.616499948501588,0.1810286064858819,8.254442735529825,8.97855716147335,56.19831649300903
2024-06-30 19:00:00,8.40999984741211,8.789999961853027,8.399999618530273,8.75,915,8.564999942779542,9.060399961471557,8.603999948501587,0.16063701238456854,8.28272592373245,8.925273973270723,73.11824097754462
2024-07-01 19:00:00,8.949999809265137,8.949999809265137,8.550000190734863,8.579999923706055,5507,8.558599948883057,9.051999959945679,8.612999963760377,0.15348934581190868,8.30602127213656,8.919978655384194,54.34781256608327
2024-07-02 19:00:00,8.800000190734863,8.800000190734863,8.800000190734863,8.579999923706055,1,8.55839994430542,9.044199957847596,8.616499948501588,0.1518059123861355,8.312888123729316,8.92011177327386,60.975606919475155
2024-07-03 19:00:00,8.789999961853027,8.789999961853027,8.420000076293945,8.6899995803833,3599,8.56919994354248,9.038649954795837,8.625999927520752,0.15006676260408597,8.32586640231258,8.926133452728925,63.63633408037731
2024-07-04 19:00:00,8.899999618530273,8.979999542236328,8.34000015258789,8.6899995803833,167,8.57339994430542,9.032149953842163,8.620499897003175,0.14529380194427172,8.329912293114631,8.911087500891718,63.63633408037731
2024-07-07 19:00:00,8.979999542236328,9.680000305175781,8.449999809265137,8.710000038146973,1848,8.575799942016602,9.026249952316284,8.621999883651734,0.14609306087453872,8.329813761902656,8.914186005400811,64.44443267070741
2024-07-08 19:00:00,8.960000038146973,8.960000038146973,8.420000076293945,8.649999618530273,1122,8.575799942016602,9.019549951553344,8.638499879837036,0.12766224762347655,8.383175384590084,8.89382437508399,48.64862078386696
2024-07-09 19:00:00,8.789999961853027,8.979999542236328,8.369999885559082,8.40999984741211,6264,8.572999935150147,9.01189995288849,8.633999872207642,0.13421906418579482,8.365561743836052,8.902438000579233,36.73470182151525
2024-07-10 19:00:00,8.949999809265137,8.949999809265137,8.399999618530273,8.59000015258789,2032,8.57199993133545,9.005149955749511,8.643499898910523,0.12304368780955897,8.397412523291406,8.88958727452964,42.05608309610349
2024-07-11 19:00:00,8.779999732971191,8.989999771118164,8.140000343322754,8.550000190734863,18414,8.570599937438965,8.999549956321717,8.648499917984008,0.1166314799084823,8.415236958167043,8.881762877800973,42.85716880743611
2024-07-14 19:00:00,8.890000343322754,8.890000343322754,8.239999771118164,8.550000190734863,1239,8.567599945068359,8.993349957466126,8.653499937057495,0.10960576226190853,8.434288412533677,8.872711461581313,43.269266038220294
2024-07-17 19:00:00,8.890000343322754,8.890000343322754,8.260000228881836,8.539999961853027,21893,8.565399951934815,8.986299958229065,8.657999944686889,0.10242326531703962,8.45315341405281,8.862846475320968,38.14430759822597
2024-07-18 19:00:00,8.890000343322754,8.890000343322754,8.210000038146973,8.520000457763672,16637,8.56479995727539,8.980249962806703,8.650499963760376,0.10689267643674481,8.436714610886886,8.864285316633866,36.7347375693968
2024-07-21 19:00:00,8.789999961853027,8.789999961853027,8.220000267028809,8.59000015258789,1529,8.566599960327148,8.97324996471405,8.646499967575073,0.10761892188688944,8.431262123801295,8.861737811348851,38.00001144409179
2024-07-22 19:00:00,8.600000381469727,8.800000190734863,8.489999771118164,8.65999984741211,4373,8.569799957275391,8.970299963951112,8.641499948501586,0.10434122872828341,8.43281749104502,8.850182405958153,45.45453669720352
2024-07-23 19:00:00,8.789999961853027,8.789999961853027,8.420000076293945,8.670000076293945,12306,8.573399963378906,8.966299962997436,8.639999961853027,0.1036694576689063,8.432661046515214,8.84733887719084,55.421696437394154
2024-07-24 19:00:00,8.789999961853027,8.800000190734863,8.399999618530273,8.399999618530273,53705,8.570799961090088,8.960399961471557,8.625499963760376,0.1158708393137186,8.39375828513294,8.857241642387812,41.818170783937354
2024-07-25 19:00:00,8.899999618530273,8.899999618530273,8.399999618530273,8.630000114440918,2169,8.575599956512452,8.954599962234497,8.618499946594238,0.1107996842206366,8.396900578152964,8.840099315035511,47.54100795457388
2024-07-28 19:00:00,8.970000267028809,8.970000267028809,8.239999771118164,8.760000228881836,4746,8.586999969482422,8.948499965667725,8.61749997138977,0.10934613807440234,8.398807695240967,8.836192247538575,52.592614046973004
2024-07-29 19:00:00,8.760000228881836,8.760000228881836,8.760000228881836,8.760000228881836,200,8.607199974060059,8.941099967956543,8.61399998664856,0.10312998341669855,8.407740019815163,8.820259953481957,51.87970517859153
2024-07-30 19:00:00,8.789999961853027,8.949999809265137,8.25,8.670000076293945,9355,8.612599983215333,8.932549967765809,8.609999990463256,0.09904812310719067,8.411903744248875,8.808096236677638,50.735310617195296
2024-07-31 19:00:00,8.699999809265137,8.899999618530273,8.300000190734863,8.569999694824219,10611,8.606999969482422,8.92494996547699,8.609499979019166,0.09923260885599619,8.411034761307173,8.807965196731159,56.5573642344348
2024-08-01 19:00:00,8.979999542236328,8.979999542236328,8.979999542236328,8.569999694824219,1,8.603399963378907,8.920249962806702,8.608999967575073,0.09941410508471366,8.410171757405646,8.8078281777445,49.03844037706782
2024-08-04 19:00:00,8.899999618530273,8.899999618530273,8.260000228881836,8.800000190734863,1328,8.607599964141846,8.91534996509552,8.61449999809265,0.10689278021117676,8.400714437670297,8.828285558515004,60.162589649156814
2024-08-05 19:00:00,8.800000190734863,8.800000190734863,8.210000038146973,8.680000305175781,7905,8.609799976348876,8.907049965858459,8.614000034332275,0.10654387946828865,8.400912275395697,8.827087793268852,54.814814291537246
2024-08-06 19:00:00,8.789999961853027,9.390000343322754,8.770000457763672,9.1899995803833,4418,8.628599967956543,8.90364996433258,8.638000011444092,0.1664995440300624,8.305000923383966,8.970999099504217,67.56755363514799
2024-08-07 19:00:00,9.399999618530273,9.399999618530273,8.1899995803833,8.539999961853027,128263,8.629999961853027,8.896649966239929,8.63250002861023,0.1678932756260295,8.29671347735817,8.968286579862289,50.40321572762452
2024-08-08 19:00:00,8.84000015258789,8.84000015258789,8.199999809265137,8.380000114440918,6118,8.62459997177124,8.890099968910217,8.63100004196167,0.17010519420760212,8.290789653546465,8.971210430376875,45.91439717593728
2024-08-11 19:00:00,8.380000114440918,8.460000038146973,8.220000267028809,8.399999618530273,10047,8.622199954986572,8.883899965286254,8.621500015258789,0.17765355987388476,8.26619289551102,8.976807135006558,44.84126623705917
2024-08-12 19:00:00,8.5600004196167,8.5600004196167,8.020000457763672,8.329999923706055,8593,8.614799957275391,8.877099967002868,8.610500001907349,0.18877653622806645,8.232946929451217,8.988053074363481,43.410849561198916
2024-08-14 19:00:00,8.579999923706055,8.579999923706055,8.100000381469727,8.170000076293945,10691,8.598199958801269,8.87034996509552,8.591499996185302,0.21278293670951576,8.16593412276627,9.017065869604334,45.34413752682452
2024-08-15 19:00:00,8.390000343322754,8.670000076293945,8.100000381469727,8.449999809265137,11159,8.599199962615966,8.866049962043762,8.586999988555908,0.21487083426398393,8.15725832002794,9.016741657083875,46.42856331909128
2024-08-18 19:00:00,8.770000457763672,8.770000457763672,8.199999809265137,8.529999732971191,2801,8.599599952697753,8.862599959373474,8.587499952316284,0.21471831310418363,8.158063326107916,9.016936578524652,45.3441164240201
2024-08-19 19:00:00,9.199999809265137,9.199999809265137,8.229999542236328,8.529999732971191,380,8.600199947357178,8.86019995689392,8.584499931335449,0.21510036181053538,8.154299207714377,9.01470065495652,45.3441164240201
2024-08-20 19:00:00,8.75,8.75,8.449999809265137,8.59000015258789,2217,8.595999946594238,8.85769995689392,8.580999946594238,0.2143754901313293,8.152248966331578,9.009750926856897,48.360656378443196
2024-08-21 19:00:00,8.399999618530273,8.59000015258789,8.399999618530273,8.430000305175781,1373,8.590999946594238,8.853649959564208,8.56899995803833,0.2158435152857138,8.137312927466901,9.000686988609758,47.20001007080846
2024-08-22 19:00:00,8.4399995803833,8.449999809265137,8.229999542236328,8.270000457763672,6300,8.589999961853028,8.849099960327148,8.5625,0.2230381883808049,8.11642362323839,9.00857637676161,44.36091222962774
2024-08-25 19:00:00,8.199999809265137,8.199999809265137,7.5,7.809999942779541,340068,8.576199960708617,8.84339996099472,8.521499991416931,0.27845954942359197,7.964580892569748,9.078419090264115,32.87195593295566
2024-08-26 19:00:00,7.550000190734863,8.390000343322754,7.019999980926514,7.739999771118164,1015478,8.562999963760376,8.83634996175766,8.470499968528747,0.32241644180704865,7.82566708491465,9.115332852142844,33.45068459754583
2024-08-27 19:00:00,7.239999771118164,7.869999885559082,7.239999771118164,7.699999809265137,207032,8.547999963760375,8.8305499625206,8.417499947547913,0.35753357790078066,7.702432791746352,9.132567103349475,18.56539150561501
2024-08-28 19:00:00,7.75,8.699999809265137,7.559999942779541,8.630000114440918,25273,8.551599969863892,8.8280499625206,8.415499949455262,0.35615600760204386,7.703187934251174,9.12781196465935,51.698116331009246
2024-08-29 19:00:00,8.199999809265137,8.5,8.199999809265137,8.449999809265137,8612,8.551599969863892,8.825049960613251,8.409499955177306,0.35442280754478495,7.700654340087737,9.118345570266877,51.31085567086165
2024-09-01 19:00:00,8.6899995803833,8.6899995803833,8.109999656677246,8.109999656677246,3502,8.540399961471557,8.820099956989289,8.386499953269958,0.3583628904858969,7.669774172298164,9.103225734241752,45.15050348569473
2024-09-02 19:00:00,8.800000190734863,8.800000190734863,8.069999694824219,8.270000457763672,10855,8.532399969100952,8.815949957370758,8.359999966621398,0.3455430481592787,7.668913870302841,9.051086062939955,49.025983274791805
2024-09-03 19:00:00,8.649999618530273,8.649999618530273,8.199999809265137,8.199999809265137,71882,8.521199960708618,8.813399956226348,8.335999941825866,0.3387500067483596,7.658499928329147,9.013499955322585,50.501667333812826
2024-09-04 19:00:00,8.399999618530273,8.880000114440918,7.300000190734863,8.5,936596,8.517199964523316,8.810999958515167,8.301499962806702,0.2766391759510503,7.748221610904601,8.854778314708803,50.83056709979066
2024-09-05 19:00:00,8.470000267028809,8.5,8.25,8.359999656677246,134687,8.510599966049194,8.805999958515168,8.292499947547913,0.27134900801767187,7.74980193151257,8.835197963583257,47.23127228085086
2024-09-08 19:00:00,8.380000114440918,8.59000015258789,8.15999984741211,8.449999809265137,9301,8.504199953079224,8.802049958705902,8.295999932289124,0.27298354763054355,7.750032837028037,8.841967027550211,48.73417988932562
2024-09-09 19:00:00,8.979999542236328,8.979999542236328,8.149999618530273,8.6899995803833,5655,8.502399950027465,8.798099958896637,8.310499930381775,0.28618131143960457,7.738137307502566,8.882862553260985,51.49699607137932
2024-09-10 19:00:00,8.199999809265137,8.300000190734863,8.0,8.029999732971191,18503,8.486399946212769,8.790549957752228,8.295499920845032,0.292888987647126,7.70972194555078,8.881277896139284,44.791663303560014
2024-09-11 19:00:00,7.849999904632568,9.029999732971191,7.849999904632568,8.300000190734863,492826,8.477399950027467,8.786049959659577,8.301999926567078,0.29139593814432546,7.719208050278427,8.884791802855728,50.379743106932864
2024-09-12 19:00:00,8.569999694824219,8.800000190734863,8.199999809265137,8.59000015258789,185605,8.477599954605102,8.784049961566925,8.308999943733216,0.2967703722157219,7.7154591993017725,8.90254068816466,60.31745471091392
2024-09-15 19:00:00,8.220000267028809,8.699999809265137,8.220000267028809,8.539999961853027,6996,8.476799955368042,8.780749962329864,8.309499955177307,0.297170474198808,7.7151590067796905,8.903840903574922,60.63829166633905
2024-09-17 19:00:00,8.449999809265137,8.630000114440918,8.109999656677246,8.289999961853027,15728,8.468799962997437,8.775699961185456,8.297499966621398,0.29260856079869463,7.712282845024009,8.882717088218788,57.43072654551569
2024-09-18 19:00:00,8.6899995803833,9.279999732971191,7.559999942779541,8.220000267028809,112833,8.459399976730346,8.76969996213913,8.278999972343446,0.2847326055018697,7.7095347613397065,8.848465183347185,43.408367918054
2024-09-19 19:00:00,8.350000381469727,8.4399995803833,8.350000381469727,8.399999618530273,1502,8.453199968338012,8.765699961185454,8.27749993801117,0.28397324631989007,7.709553445371389,8.84544643065095,49.19613881688634
2024-09-22 19:00:00,8.600000381469727,8.600000381469727,8.180000305175781,8.5,1010,8.450199975967408,8.76174996137619,8.288999915122986,0.2882780395631694,7.712443835996647,8.865555994249325,56.79442682381792
2024-09-23 19:00:00,8.899999618530273,9.390000343322754,8.119999885559082,8.59000015258789,9343,8.453799982070922,8.758549964427948,8.327999925613403,0.2723890877013982,7.783221750210607,8.8727781010162,55.71427792919244
2024-09-24 19:00:00,8.25,8.739999771118164,8.220000267028809,8.720000267028809,8327,8.456399984359741,8.757049963474273,8.376999950408935,0.24811081185858208,7.880778326691771,8.873221574126099,59.09091515368158
2024-09-25 19:00:00,8.75,8.75,8.149999618530273,8.520000457763672,5475,8.455799989700317,8.754049966335296,8.417999982833862,0.19168510705670985,8.034629768720443,8.801370196947282,50.36232710335272
2024-09-26 19:00:00,8.75,8.75,8.539999961853027,8.539999961853027,15020,8.455599985122682,8.749199965000152,8.413499975204468,0.18745601066937703,8.038587953865713,8.788411996543223,53.40909747709737
2024-09-29 19:00:00,8.989999771118164,8.989999771118164,8.15999984741211,8.239999771118164,1011,8.449599981307983,8.742949965000152,8.402999973297119,0.1911489423289307,8.020702088639258,8.78529785795498,46.315788064746805
2024-09-30 19:00:00,9.0,9.0,8.100000381469727,8.600000381469727,23824,8.451199979782105,8.73894996881485,8.427500009536743,0.18283950176127392,8.061821006014195,8.79317901305929,48.48486210737601
2024-10-01 19:00:00,8.640000343322754,8.890000343322754,8.100000381469727,8.729999542236328,31243,8.453999967575074,8.736849968433381,8.450499963760375,0.19074580567519384,8.069008352409988,8.831991575110763,64.3442608534214
2024-10-02 19:00:00,8.5,8.729999542236328,8.5,8.5,1510,8.45079997062683,8.733349969387055,8.465499973297119,0.1815858801800421,8.102328212937035,8.828671733657202,54.16666501098116
2024-10-03 19:00:00,8.649999618530273,8.890000343322754,8.069999694824219,8.529999732971191,246235,8.447999963760376,8.73019996881485,8.466999959945678,0.18200927878184348,8.10298140238199,8.831018517509365,48.59812001242451
2024-10-06 19:00:00,8.6899995803833,8.800000190734863,8.15999984741211,8.670000076293945,6704,8.45339997291565,8.727149970531464,8.482499980926514,0.1855823186650481,8.111335343596418,8.85366461825661,52.91480261708925
2024-10-07 19:00:00,8.40999984741211,8.6899995803833,8.399999618530273,8.619999885559082,7559,8.453199968338012,8.724499971866608,8.490999984741212,0.1878941617450706,8.11521166125107,8.866788308231353,58.12808182624513
2024-10-09 19:00:00,8.720000267028809,8.720000267028809,8.5,8.5,201,8.447999963760376,8.721599972248077,8.481500005722046,0.18201435361580595,8.117471298490434,8.845528712953657,56.730766144728406
2024-10-10 19:00:00,8.729999542236328,8.729999542236328,8.630000114440918,8.640000343322754,21511,8.445599966049194,8.719549973011016,8.512000036239623,0.1508083651552917,8.21038330592904,8.813616766550206,55.88237081569543
2024-10-13 19:00:00,8.029999732971191,8.930000305175781,8.029999732971191,8.609999656677246,5120,8.444399957656861,8.714549973011017,8.527500009536743,0.14363240813803457,8.240235193260673,8.814764825812812,52.791869080382156
2024-10-14 19:00:00,8.789999961853027,8.859999656677246,8.170000076293945,8.680000305175781,31321,8.446599969863891,8.711799976825715,8.532000017166137,0.14706249577330263,8.237875025619532,8.826125008712742,52.30769531731421
2024-10-15 19:00:00,8.779999732971191,8.800000190734863,8.449999809265137,8.449999809265137,10883,8.44419997215271,8.705799977779389,8.527500009536743,0.14817756226299966,8.231144885010744,8.823855134062741,43.41462665764786
2024-10-16 19:00:00,9.449999809265137,9.449999809265137,8.130000114440918,8.550000190734863,36255,8.43919997215271,8.700849978923797,8.540500020980835,0.13724645307643155,8.266007114827971,8.814992927133698,50.769223245179674
2024-10-17 19:00:00,8.800000190734863,9.550000190734863,8.40999984741211,8.829999923706055,367807,8.442199964523315,8.697349979877472,8.571000003814698,0.12985423226316767,8.311291539288362,8.830708468341033,56.561079333982065
2024-10-20 19:00:00,8.899999618530273,8.899999618530273,8.3100004196167,8.59000015258789,65536,8.430199975967406,8.692499978542328,8.580500030517578,0.12347920660993479,8.333541617297708,8.827458443737449,58.139537978389306
2024-10-21 19:00:00,8.84000015258789,8.949999809265137,8.619999885559082,8.84000015258789,9001,8.436199979782105,8.689299981594086,8.597500038146972,0.13470732955648804,8.328085379033995,8.866914697259949,55.88234469140235
2024-10-22 19:00:00,8.800000190734863,9.0,7.840000152587891,8.789999961853027,834144,8.444399976730347,8.685499980449677,8.607500028610229,0.14137951989083725,8.324740988828554,8.890259068391904,51.530621430111076
2024-10-23 19:00:00,8.399999618530273,9.399999618530273,8.050000190734863,9.09000015258789,219944,8.458199987411499,8.685049979686736,8.626000022888183,0.17667696875419778,8.272646085379789,8.979353960396578,64.53200489332954
2024-10-24 19:00:00,9.319999694824219,9.479999542236328,8.510000228881836,8.930000305175781,46701,8.470199995040893,8.683049981594086,8.64650001525879,0.18720317481503487,8.27209366562872,9.020906364888859,59.25926089450124
2024-10-27 19:00:00,9.199999809265137,9.199999809265137,8.569999694824219,9.039999961853027,35159,8.487599992752076,8.680249979496002,8.67150001525879,0.2047919986037188,8.261916018051352,9.081084012466228,58.68543507879446
2024-10-28 19:00:00,8.989999771118164,9.100000381469727,8.699999809265137,8.960000038146973,74784,8.497799997329713,8.678099977970124,8.70750002861023,0.18750091570822405,8.332498197193782,9.082501860026678,57.870367508695644
2024-10-29 19:00:00,9.0,9.199999809265137,8.619999885559082,9.050000190734863,30306,8.508200006484985,8.678349978923798,8.730000019073486,0.2004731862816185,8.32905364651025,9.130946391636723,62.91079034452683
2024-10-30 19:00:00,9.09000015258789,9.100000381469727,8.800000190734863,8.979999542236328,22916,8.517200002670288,8.678499977588654,8.742500019073486,0.20812132487940516,8.326257369314675,9.158742668832296,58.25239841875422
2024-10-31 19:00:00,9.489999771118164,9.489999771118164,8.989999771118164,9.130000114440918,114605,8.52800000190735,8.679099977016449,8.774000024795532,0.21697444537512287,8.340051134045286,9.207948915545778,61.9266038992116
2024-11-03 19:00:00,9.600000381469727,9.600000381469727,8.8100004196167,9.140000343322754,5864,8.542200002670288,8.678799979686737,8.80450005531311,0.22364155325351306,8.357216948806084,9.251783161820136,60.849048328304804
2024-11-04 19:00:00,9.100000381469727,9.449999809265137,8.819999694824219,9.279999732971191,87851,8.56239998817444,8.680099976062774,8.835000038146973,0.24491674874823685,8.3451665406505,9.324833535643446,70.44334095959334
2024-11-05 19:00:00,9.399999618530273,9.399999618530273,9.0,9.0,172970,8.586199989318848,8.679549977779388,8.854000043869018,0.24208306316772238,8.369833917533573,9.338166170204463,60.18099098410989
2024-11-06 19:00:00,9.25,10.0,8.899999618530273,8.949999809265137,779449,8.610399990081786,8.678349978923798,8.876500034332276,0.22794908393399663,8.420601866464283,9.332398202200268,53.03029938141232
2024-11-07 19:00:00,8.949999809265137,9.390000343322754,8.699999809265137,8.75,167682,8.631399993896485,8.674749977588654,8.882000017166138,0.22322045641445035,8.435559104337237,9.32844092999504,54.12370627232408
2024-11-10 19:00:00,8.979999542236328,9.75,8.630000114440918,9.75,931017,8.653799991607666,8.676249978542328,8.939000034332276,0.28664849242953644,8.365703049473202,9.51229701919135,66.91449194694877
2024-11-11 19:00:00,10.75,10.75,10.510000228881836,10.75,593476,8.699799995422364,8.683499977588653,9.042500019073486,0.4898751121807125,8.062749794712062,10.022250243434911,76.92307490770452
2024-11-12 19:00:00,11.489999771118164,11.789999961853027,10.8100004196167,11.25,742466,8.762600002288819,8.692649977207184,9.18250002861023,0.6762736326801316,7.829952763249967,10.535047293970493,78.12499689559154
2024-11-13 19:00:00,11.010000228881836,11.300000190734863,10.199999809265137,11.109999656677246,272233,8.81939998626709,8.70239997625351,9.310500001907348,0.7839539932430998,7.742592015421149,10.878407988393548,78.53401808136238
2024-11-14 19:00:00,11.25,11.75,10.510000228881836,11.050000190734863,760371,8.876399993896484,8.712149975299836,9.42150001525879,0.8652852869798876,7.690929441299015,11.152070589218566,76.6578247323894
2024-11-17 19:00:00,11.399999618530273,11.399999618530273,10.699999809265137,11.239999771118164,32754,8.931199989318849,8.723349974155425,9.553999996185302,0.931610896044332,7.690778204096638,11.417221788273967,79.38143899126823
2024-11-18 19:00:00,10.710000038146973,11.170000076293945,10.710000038146973,11.010000228881836,38762,8.98420000076294,8.73324997663498,9.6625,0.9696655488347106,7.7231689023305785,11.601831097669422,74.37811293450605
2024-11-19 19:00:00,10.779999732971191,11.800000190734863,10.779999732971191,11.109999656677246,81988,9.037399997711182,8.7435999751091,9.778499984741211,0.9981470534433883,7.782205877854435,11.774794091627989,76.29630885497575
2024-11-20 19:00:00,11.010000228881836,11.399999618530273,11.0,11.0,41402,9.083600006103516,8.7535999751091,9.873999977111817,1.0199401056512838,7.834119765809249,11.913880188414385,73.31672210744563
2024-11-21 19:00:00,10.75,11.180000305175781,10.699999809265137,10.989999771118164,78964,9.142800006866455,8.764549973011016,9.976999950408935,1.0236009407665694,7.929798068875796,12.024201831942074,73.06733967737247
2024-11-24 19:00:00,10.760000228881836,11.470000267028809,10.75,11.300000190734863,41832,9.202800006866456,8.776699974536896,10.089999961853028,1.039341882823919,8.01131619620519,12.168683727500866,74.16269416291775
2024-11-25 19:00:00,10.710000038146973,11.199999809265137,10.5,10.859999656677246,40592,9.248199996948243,8.786549971103668,10.184999942779541,1.0172175468140232,8.150564849151495,12.219435036407587,71.42857142857143
2024-11-26 19:00:00,11.399999618530273,11.399999618530273,10.520000457763672,11.069999694824219,30105,9.298799991607666,8.797949969768524,10.28599991798401,0.998706517070222,8.288586883843566,12.283412952124452,73.55555927606355
2024-11-27 19:00:00,11.380000114440918,11.380000114440918,10.90999984741211,11.100000381469727,21096,9.355,8.809449970722198,10.391999959945679,0.9647230044972165,8.462553950951246,12.321445968940111,77.13626354360714
2024-11-28 19:00:00,11.149999618530273,11.399999618530273,10.800000190734863,10.800000190734863,508,9.406599998474121,8.818649971485138,10.475499963760376,0.9210261610732593,8.633447641613857,12.317552285906894,64.4628120885966
2024-12-01 19:00:00,10.8100004196167,11.390000343322754,10.800000190734863,10.850000381469727,72101,9.45560001373291,8.827199971675872,10.560999965667724,0.8683917657734037,8.824216434120917,12.297783497214532,51.86567854631583
2024-12-02 19:00:00,11.449999809265137,11.449999809265137,10.899999618530273,11.0,110312,9.50560001373291,8.838199970722199,10.646999979019165,0.8185937976813215,9.009812383656522,12.284187574381809,44.63519295738099
2024-12-03 19:00:00,11.0,11.279999732971191,10.699999809265137,11.0,263304,9.553800010681153,8.847499969005584,10.746999979019165,0.7234355312770362,9.300128916465093,12.193871041573237,47.48859183210452
2024-12-04 19:00:00,11.34000015258789,11.5,10.8100004196167,11.300000190734863,334103,9.605400009155273,8.85849996805191,10.86449999809265,0.5957876222095457,9.67292475367356,12.056075242511742,55.14403227578845
2024-12-05 19:00:00,11.489999771118164,11.489999771118164,10.260000228881836,10.989999771118164,468606,9.654799995422364,8.86849996805191,10.976499986648559,0.32751495965425603,10.321470067340046,11.631529905957072,45.09804141562604
2024-12-08 19:00:00,10.979999542236328,11.300000190734863,10.319999694824219,11.0,670270,9.703999996185303,8.87899996995926,11.038999986648559,0.15494990031210779,10.729100186024343,11.348899787272774,49.7854029823378
2024-12-09 19:00:00,11.390000343322754,11.789999961853027,10.949999809265137,11.020000457763672,720344,9.759600009918213,8.888249971866607,11.052500009536743,0.13943021985798482,10.773639569820773,11.331360449252713,48.00002034502621
2024-12-10 19:00:00,11.34000015258789,11.989999771118164,11.0,11.479999542236328,195539,9.817199993133546,8.900249969959258,11.06399998664856,0.16391261355034906,10.736174759547861,11.391825213749257,59.23075230165426
2024-12-11 19:00:00,11.25,11.479999542236328,11.010000228881836,11.069999694824219,17914,9.863999996185303,8.91064996957779,11.061999988555907,0.16356546729629418,10.734869053963319,11.389130923148496,51.333331214058425
2024-12-12 19:00:00,11.449999809265137,11.449999809265137,10.920000076293945,11.069999694824219,72239,9.915399990081788,8.92099996805191,11.062999963760376,0.1635493778471633,10.73590120806605,11.390098719454702,45.72490020991459
2024-12-15 19:00:00,10.40999984741211,12.180000305175781,10.40999984741211,11.279999732971191,869637,9.970399990081788,8.933149964809418,11.064999961853028,0.1660531856895211,10.732893590473985,11.39710633323207,58.536583474769124
2024-12-16 19:00:00,11.199999809265137,11.199999809265137,10.600000381469727,10.979999542236328,81544,10.016599979400635,8.94309996366501,11.063499927520752,0.16671037724200863,10.730079173036735,11.396920682004769,48.23529191770729
2024-12-17 19:00:00,11.1899995803833,11.1899995803833,10.699999809265137,10.710000038146973,30390,10.058399982452393,8.951899964809417,11.043499946594238,0.18394143947373018,10.675617067646778,11.411382825541699,43.0107464398722
2024-12-18 19:00:00,10.5600004196167,11.0,10.520000457763672,10.949999809265137,40361,10.107399978637694,8.96219996213913,11.040999937057496,0.18490106021882582,10.671197816619845,11.410802057495147,52.74724622128322
2024-12-19 19:00:00,10.979999542236328,11.0,10.979999542236328,10.979999542236328,2600,10.154199962615968,8.973199961185456,11.040499925613403,0.18505968743318368,10.670380550747035,11.410619300479771,52.39850931152433
2024-12-22 19:00:00,11.0,11.399999618530273,10.90999984741211,11.140000343322754,21108,10.204799976348877,8.984399964809418,11.032499933242798,0.17651220597605147,10.679475521290696,11.3855243451949,52.5735354701947
2024-12-23 19:00:00,11.470000267028809,11.470000267028809,10.600000381469727,10.949999809265137,23886,10.250199966430664,8.994549963474274,11.036999940872192,0.17299521471628826,10.691009511439615,11.38299037030477,49.14089043006112
2024-12-25 19:00:00,10.800000190734863,11.149999618530273,10.600000381469727,10.989999771118164,16620,10.300999965667724,9.006249964237213,11.032999944686889,0.17311687180787172,10.686766201071146,11.379233688302632,44.150936741896565
2024-12-26 19:00:00,11.449999809265137,11.449999809265137,10.619999885559082,10.899999618530273,3207,10.347999954223633,9.016799962520599,11.022999906539917,0.1748111142673058,10.673377678005306,11.37262213507453,48.14814524104802
2024-12-29 19:00:00,11.300000190734863,11.300000190734863,10.5,11.0,19705,10.391399955749511,9.027349960803985,11.032999897003174,0.16692571843449625,10.699148460134182,11.366851333872166,50.0
2024-12-30 19:00:00,10.59000015258789,11.0,10.5,10.899999618530273,27334,10.43759994506836,9.03919996023178,11.035499858856202,0.16439601884436275,10.706707821167477,11.364291896544927,47.69229189178879
2025-01-01 19:00:00,10.930000305175781,11.100000381469727,10.489999771118164,10.960000038146973,51543,10.479999942779541,9.049399960041047,11.03349986076355,0.16509247047233966,10.70331491981887,11.36368480170823,38.18183867397759
2025-01-02 19:00:00,11.399999618530273,11.399999618530273,10.699999809265137,11.220000267028809,1213,10.528599948883057,9.061099960803986,11.04449987411499,0.16999924261717514,10.70450138888064,11.38449835934934,53.65854679721602
2025-01-05 19:00:00,11.199999809265137,11.199999809265137,10.369999885559082,10.970000267028809,30501,10.566199951171875,9.071149961948395,11.027999877929688,0.15959156578074923,10.70881674636819,11.347183009491186,47.82610137880448
2025-01-06 19:00:00,10.949999809265137,11.539999961853027,10.9399995803833,11.369999885559082,107034,10.61499994277954,9.083199961185455,11.046999883651733,0.17654876801292577,10.693902347625881,11.400097419677584,51.807230761452885
2025-01-07 19:00:00,10.670000076293945,12.510000228881836,10.670000076293945,11.800000190734863,270042,10.670199947357178,9.097449963092805,11.086999893188477,0.24333433145149952,10.600331230285477,11.573668556091476,65.64885662899655
2025-01-08 19:00:00,11.979999542236328,11.979999542236328,11.119999885559082,11.149999618530273,4290,10.713999938964843,9.10919996023178,11.093499851226806,0.24318667211055459,10.607126507005697,11.579873195447915,57.333319346123375
2025-01-09 19:00:00,11.75,12.270000457763672,11.020000457763672,12.079999923706055,121896,10.774599933624268,9.12589996099472,11.123499870300293,0.31866958232749865,10.486160705645295,11.760839034955291,65.31164057934757
2025-01-12 19:00:00,12.390000343322754,13.180000305175781,12.390000343322754,12.539999961853027,30639,10.845799942016601,9.14424996137619,11.196999883651733,0.4486835101103904,10.299632863430952,12.094366903872514,68.93202692414616
2025-01-13 19:00:00,12.5,12.5,11.289999961853027,11.289999961853027,345276,10.888999938964844,9.15639996290207,11.207999897003173,0.4481024855381113,10.31179492592695,12.104204868079396,51.4395348854237
2025-01-14 19:00:00,11.3100004196167,12.420000076293945,11.289999961853027,12.40999984741211,201407,10.95439992904663,9.17469996213913,11.26449990272522,0.5226901973059602,10.2191195081133,12.30988029733714,61.889246766866634
2025-01-15 19:00:00,13.300000190734863,13.300000190734863,11.170000076293945,11.25,301572,10.993799934387207,9.187449963092805,11.277999925613404,0.5184247691723278,10.241150387268748,12.31484946395806,51.790634658248415
2025-01-16 19:00:00,11.289999961853027,11.789999961853027,11.170000076293945,11.4399995803833,59537,11.042599925994873,9.201549961566926,11.31449990272522,0.501759831096444,10.310980240532333,12.318019564918108,53.66847722215462
2025-01-19 19:00:00,11.850000381469727,11.850000381469727,11.109999656677246,11.34000015258789,4610,11.090399932861327,9.21424996137619,11.333999919891358,0.4943725723292731,10.345254775232812,12.322745064549904,52.30978345375198
2025-01-20 19:00:00,11.25,11.770000457763672,11.050000190734863,11.600000381469727,22202,11.147399940490722,9.22799996137619,11.364999961853027,0.4904294837076512,10.384140994437724,12.34585892926833,54.65426010856669
2025-01-21 19:00:00,11.75,11.75,11.069999694824219,11.069999694824219,18099,11.173799934387207,9.23884996175766,11.361499929428101,0.49236570789853584,10.37676851363103,12.346231345225172,50.688358239667764
2025-01-22 19:00:00,11.34000015258789,11.390000343322754,11.0,11.210000038146973,15501,11.182999935150146,9.251199963092803,11.374499940872193,0.48429523825795406,10.405909464356284,12.343090417388101,49.936466151109016
2025-01-23 19:00:00,11.649999618530273,11.649999618530273,10.510000228881836,11.279999732971191,21987,11.18359992980957,9.26469996213913,11.388999938964844,0.47645514440920733,10.436089650146428,12.34191022778326,52.01560106900807
2025-01-26 19:00:00,11.970000267028809,11.970000267028809,11.0,11.300000190734863,9702,11.187399940490723,9.27844996213913,11.408999967575074,0.46305508408018753,10.482889799414698,12.33511013573545,49.5212060077035
2025-01-27 19:00:00,11.84000015258789,11.850000381469727,10.800000190734863,11.720000267028809,22104,11.200799942016602,9.292899963855744,11.444999980926514,0.4575392074379235,10.529921566050668,12.360078395802361,49.452055402982204
2025-01-28 19:00:00,12.350000381469727,12.350000381469727,11.100000381469727,11.949999809265137,56730,11.21499994277954,9.309349963665008,11.497499990463258,0.45191841439394637,10.593663161675364,12.401336819251151,55.813954777818154
2025-01-29 19:00:00,12.050000190734863,12.489999771118164,11.5,12.270000457763672,43058,11.240199947357178,9.326349966526031,11.563000011444093,0.4646685593187591,10.633662892806575,12.49233713008161,51.51515566336486
2025-01-30 19:00:00,12.989999771118164,13.4399995803833,12.149999618530273,12.420000076293945,279275,11.266399955749511,9.344449965953826,11.623000001907348,0.4945609876573681,10.633878026592612,12.612121977222085,48.99328955712229
2025-02-02 19:00:00,12.600000381469727,12.600000381469727,12.050000190734863,12.300000190734863,27593,11.292399959564209,9.361499965190887,11.689499998092652,0.49154410049022834,10.706411797112196,12.672588199073108,60.455489076973564
2025-02-03 19:00:00,12.850000381469727,12.850000381469727,11.850000381469727,11.880000114440918,14956,11.310199966430664,9.376699965000153,11.715000009536743,0.48730739312843535,10.740385223279873,12.689614795793613,43.583538519551134
2025-02-05 19:00:00,12.460000038146973,12.460000038146973,11.449999809265137,12.15999984741211,39070,11.32739995956421,9.393149964809417,11.732999992370605,0.49716148228137247,10.73867702780786,12.72732295693335,63.999997652493995
2025-02-06 19:00:00,12.239999771118164,13.380000114440918,11.989999771118164,12.960000038146973,110073,11.369399967193603,9.413449966907502,11.82350001335144,0.5476291412369622,10.728241730877516,12.918758295825365,69.68912198727907
2025-02-09 19:00:00,13.300000190734863,13.300000190734863,12.300000190734863,12.65999984741211,8475,11.401199970245361,9.433799965381622,11.852500009536744,0.5765220415334205,10.699455926469902,13.005544092603586,66.25614837851931
2025-02-10 19:00:00,13.0,13.25,12.210000038146973,13.0,139018,11.439199962615966,9.458049967288972,11.875500011444093,0.6133898762325442,10.648720258979004,13.10227976390918,66.90820265618946
2025-02-11 19:00:00,13.1899995803833,14.300000190734863,12.510000228881836,13.90999984741211,132730,11.501399955749513,9.48519996881485,12.006500005722046,0.7469888665940334,10.512522272533978,13.500477738910114,81.41592770980621
2025-02-12 19:00:00,13.920000076293945,14.550000190734863,13.199999809265137,13.449999809265137,124467,11.55339994430542,9.509499967098236,12.058500003814697,0.8100894860915612,10.438321031631574,13.67867897599782,73.14049277374984
2025-02-13 19:00:00,13.5,14.0,12.109999656677246,12.229999542236328,189941,11.577999935150146,9.527399966716766,12.107499980926514,0.7879478480744191,10.531604284777675,13.683395677075353,57.92988058693472
2025-02-16 19:00:00,12.010000228881836,13.449999809265137,11.420000076293945,11.5,941009,11.587999935150146,9.542149965763093,12.110500001907349,0.7853827043650593,10.539734593177231,13.681265410637467,51.49253593252767
2025-02-17 19:00:00,11.5,11.800000190734863,11.260000228881836,11.510000228881836,643009,11.592199935913087,9.556499965190888,12.119000005722047,0.7774851094294212,10.564029786863204,13.67397022458089,48.330683311442286
2025-02-18 19:00:00,11.84000015258789,11.84000015258789,11.5,11.600000381469727,14009,11.604399948120117,9.571399967670441,12.119000005722047,0.7774851094294212,10.564029786863204,13.67397022458089,47.15447646153677
2025-02-19 19:00:00,11.25,11.84000015258789,11.25,11.399999618530273,7665,11.612399940490723,9.584899966716767,12.13550000190735,0.7572906596038343,10.620918682699681,13.650081321115017,42.78606351438593
2025-02-20 19:00:00,11.5,11.75,11.5,11.609999656677246,14175,11.624199924468995,9.599699966907501,12.155499982833863,0.7365600759618036,10.682379830910255,13.62862013475747,43.349751457485006
2025-02-23 19:00:00,11.899999618530273,11.899999618530273,11.399999618530273,11.779999732971191,15501,11.630199928283691,9.615849964618683,12.180499982833862,0.7134015594192175,10.753696863995426,13.607303101672297,45.76546947947722
2025-02-24 19:00:00,11.989999771118164,11.989999771118164,11.100000381469727,11.529999732971191,3013,11.63939992904663,9.63099996328354,12.19199995994568,0.7001924403283802,10.791615079288919,13.59238484060244,47.06867412140575
2025-02-25 19:00:00,11.989999771118164,12.680000305175781,11.5,12.5,129178,11.667999935150146,9.650999963283539,12.230999946594238,0.6942159512244679,10.842568044145303,13.619431849043174,52.552553025566766
2025-02-26 19:00:00,12.899999618530273,12.989999771118164,12.100000381469727,12.819999694824219,25114,11.698799934387207,9.672649962902069,12.274499940872193,0.7028848295248651,10.868730281822463,13.680269599921923,48.86731136889118
2025-02-27 19:00:00,12.899999618530273,14.100000381469727,11.899999618530273,12.739999771118164,92571,11.733999938964844,9.693699963092804,12.297999906539918,0.7105416565006438,10.87691659353863,13.719083219541206,50.671140187861
2025-03-02 19:00:00,12.020000457763672,14.010000228881836,12.020000457763672,13.260000228881836,302450,11.78499994277954,9.718049962520599,12.339999914169312,0.7422511999522131,10.855497514264885,13.824502314073738,52.1172652602614
2025-03-03 19:00:00,13.850000381469727,13.850000381469727,12.760000228881836,13.300000190734863,61274,11.831999950408935,9.743599965572358,12.389999914169312,0.7724806448234655,10.845038624522381,13.934961203816243,44.212528526526526
2025-03-04 19:00:00,13.949999809265137,14.430000305175781,13.0,13.739999771118164,313079,11.887199954986572,9.773549964427948,12.482999897003173,0.8184459107552466,10.84610807549268,14.119891718513667,52.761903896894204
2025-03-05 19:00:00,13.989999771118164,14.0,12.369999885559082,12.369999885559082,174444,11.911799945831298,9.793399965763092,12.493499898910523,0.8154254762023636,10.862648946505796,14.12435085131525,51.29629933784986
2025-03-06 19:00:00,12.109999656677246,12.729999542236328,11.899999618530273,12.0600004196167,187917,11.93399995803833,9.809449965953826,12.448499917984009,0.8131567755401357,10.822186366903738,14.07481346906428,55.62249361296798
2025-03-09 19:00:00,12.0600004196167,12.729999542236328,11.800000190734863,12.220000267028809,25563,11.958599967956543,9.82679996728897,12.426499938964843,0.8130855713149766,10.80032879633489,14.052671081594797,56.92007819013811
2025-03-10 19:00:00,12.0,12.479999542236328,11.949999809265137,12.34000015258789,15127,11.987399978637695,9.84554996728897,12.393499946594238,0.8019008562697867,10.789698234054665,13.99730165913381,57.17054062985385
2025-03-11 19:00:00,12.0,12.479999542236328,12.0,12.430000305175781,26010,12.01599998474121,9.864849970340728,12.319499969482422,0.7185473312316724,10.882405307019077,13.756594631945767,60.19802814113929
2025-03-12 19:00:00,12.460000038146973,12.770000457763672,12.020000457763672,12.550000190734863,98009,12.048999996185303,9.886349971294402,12.274499988555908,0.6706044239797844,10.933291140596339,13.615708836515477,59.47581358432405
2025-03-13 19:00:00,12.789999961853027,12.789999961853027,12.130000114440918,12.1899995803833,12017,12.073599987030029,9.904949967861176,12.272499990463256,0.6708037443472369,10.930892501768783,13.61410747915773,53.9805813376848
2025-03-16 19:00:00,12.180000305175781,12.779999732971191,12.0,12.25,4962,12.094199981689453,9.922949969768524,12.309999990463258,0.6458450449433774,11.018309900576503,13.601690080350012,57.25806715213048
2025-03-17 19:00:00,12.550000190734863,12.789999961853027,12.229999542236328,12.529999732971191,53001,12.125399971008301,9.942999966144562,12.360999965667725,0.6190646993751526,11.12287056691742,13.59912936441803,50.351284970202705
2025-03-18 19:00:00,12.399999618530273,12.649999618530273,12.399999618530273,12.640000343322754,1202,12.150799980163574,9.96269996881485,12.412999963760376,0.5949888006812436,11.223022362397888,13.602977565122863,47.78325944707097
2025-03-19 19:00:00,12.979999542236328,12.979999542236328,11.619999885559082,12.300000190734863,13733,12.160799980163574,9.979199969768525,12.457999992370606,0.5463910775816128,11.36521783720738,13.550782147533832,44.907413028557905
2025-03-20 19:00:00,12.0,12.300000190734863,11.800000190734863,12.029999732971191,7024,12.178399982452392,9.997349970340728,12.478999996185303,0.5194926995617286,11.440014597061847,13.51798539530876,34.8894312048279
2025-03-23 19:00:00,12.470000267028809,12.470000267028809,11.899999618530273,12.300000190734863,4805,12.182799987792968,10.016299970149994,12.505000019073487,0.4951076529208426,11.514784713231801,13.495215324915172,38.372096117925565
2025-03-24 19:00:00,12.380000114440918,12.789999961853027,12.029999732971191,12.539999961853027,44063,12.182799987792968,10.036499969959259,12.555500030517578,0.43872390230452696,11.678052225908525,13.432947835126631,35.36586075010416
2025-03-25 19:00:00,12.75,12.75,12.0,12.020000457763672,54300,12.197399997711182,10.052599971294404,12.531500053405761,0.4547558134588457,11.62198842648807,13.441011680323452,44.61539499858122
2025-03-26 19:00:00,12.479999542236328,12.479999542236328,11.5,12.149999618530273,13665,12.192199993133546,10.069949967861175,12.498000049591065,0.4570569284602928,11.58388619267048,13.41211390651165,51.46578468896399
2025-04-02 19:00:00,12.600000381469727,12.600000381469727,12.0,12.079999923706055,2199,12.208799991607666,10.088749969005585,12.46500005722046,0.46245909812362623,11.540081860973206,13.389918253467712,47.651001341864344
2025-04-03 19:00:00,12.479999542236328,12.979999542236328,11.930000305175781,12.239999771118164,16624,12.224799995422364,10.107449967861175,12.414000034332275,0.42488882387486576,11.564222386582545,13.263777682082006,48.34436479616004
2025-04-06 19:00:00,12.489999771118164,13.460000038146973,11.170000076293945,12.319999694824219,4254,12.24439998626709,10.127049968242645,12.365000009536743,0.37034119961437495,11.624317610307994,13.105682408765492,48.17274747529793
2025-04-07 19:00:00,12.789999961853027,12.789999961853027,11.899999618530273,12.020000457763672,7453,12.252799987792969,10.144899971485138,12.279000043869019,0.1900664624728644,11.89886711892329,12.659132968814747,41.69279306131589
2025-04-08 19:00:00,12.5,12.75,11.899999618530273,12.34000015258789,11948,12.278199996948242,10.164349973201752,12.27750005722046,0.18942780680932184,11.898644443601816,12.656355670839103,52.38096247274837
2025-04-09 19:00:00,12.600000381469727,12.800000190734863,12.0,12.279999732971191,40629,12.299599990844726,10.183499972820282,12.288500022888183,0.18238985962499582,11.923720303638191,12.653279742138174,50.47618643947208
2025-04-10 19:00:00,12.5,12.800000190734863,12.0,12.430000305175781,4656,12.322600002288818,10.202299973964692,12.299000024795532,0.18427386220115713,11.930452300393219,12.667547749197846,48.344380062645676
2025-04-13 19:00:00,12.789999961853027,12.789999961853027,11.899999618530273,12.289999961853027,30333,12.342399997711182,10.220399973392487,12.29650001525879,0.18402735197452952,11.92844531130973,12.66455471920785,44.262287393110284
2025-04-14 19:00:00,12.050000190734863,12.369999885559082,12.0,12.270000457763672,3599,12.353400001525879,10.237949974536896,12.288500022888183,0.1813770659211737,11.925745891045835,12.65125415473053,49.45055405711778
2025-04-15 19:00:00,12.470000267028809,12.470000267028809,11.850000381469727,11.869999885559082,5377,12.351800003051757,10.253799974918365,12.254500007629394,0.1931314206508833,11.868237166327628,12.64076284893116,47.20279860189948
2025-04-16 19:00:00,12.470000267028809,12.470000267028809,11.800000190734863,12.380000114440918,5372,12.353999996185303,10.272249977588654,12.264000034332275,0.19446013375193888,11.875079766828398,12.652920301836152,51.290321985218654
2025-04-17 19:00:00,12.029999732971191,12.369999885559082,12.0,12.010000228881836,2002,12.34579999923706,10.288449976444245,12.252000045776366,0.20260410377439897,11.846791838227569,12.657208253325164,41.795666183136845
2025-04-20 19:00:00,12.010000228881836,12.170000076293945,11.90999984741211,11.930000305175781,14655,12.338400001525878,10.304199979305267,12.222000074386596,0.20369224407850003,11.814615586229596,12.629384562543596,48.38709346626897
2025-04-21 19:00:00,12.100000381469727,12.100000381469727,11.699999809265137,11.970000267028809,3631,12.340200004577637,10.319899981021882,12.1885000705719,0.18562196283149185,11.817256144908916,12.559743996234884,46.66667844042449
2025-04-22 19:00:00,11.899999618530273,12.0,11.699999809265137,11.710000038146973,4728,12.331200008392335,10.334699981212616,12.159000062942505,0.2119806028681423,11.73503885720622,12.58296126867879,43.598618657365314
2025-04-23 19:00:00,12.1899995803833,12.1899995803833,11.5,11.569999694824219,1103,12.30340000152588,10.349649980068207,12.136000061035157,0.24851983830698426,11.638960384421187,12.633039737649126,38.327528216456756
2025-04-24 19:00:00,11.989999771118164,12.729999542236328,10.989999771118164,11.850000381469727,52743,12.28720001220703,10.365999982357025,12.113500070571899,0.2532166612714258,11.607066748029046,12.619933393114751,42.345292050957866
2025-04-27 19:00:00,11.699999809265137,11.989999771118164,11.5,11.619999885559082,1431,12.259600009918213,10.380649983882904,12.067500066757201,0.2552166408624647,11.557066785032273,12.57793334848213,43.33333015442197
2025-04-28 19:00:00,12.0,12.0,11.399999618530273,11.420000076293945,4152,12.20980001449585,10.394299986362457,12.037500047683716,0.2934885583348979,11.45052293101392,12.624477164353513,34.02779295487073
2025-04-29 19:00:00,11.989999771118164,12.5600004196167,11.199999809265137,12.229999542236328,17912,12.185400009155273,10.411899983882904,12.041500043869018,0.2956398098477219,11.450220424173574,12.632779663564461,49.31129252222546
2025-05-01 19:00:00,12.489999771118164,12.489999771118164,12.0,12.010000228881836,536,12.181000022888183,10.428699986934662,12.038000059127807,0.29557437802052006,11.446851303086767,12.629148815168847,44.324324463648516
2025-05-04 19:00:00,12.9399995803833,12.9399995803833,11.899999618530273,12.0,6251,12.191000022888183,10.446649987697601,12.0260000705719,0.2917894132711038,11.442421244029692,12.609578897114108,45.93837662221441
2025-05-05 19:00:00,12.989999771118164,12.989999771118164,12.0,12.380000114440918,6615,12.208400020599365,10.465599987506867,12.029000091552735,0.2952590674864027,11.43848195657993,12.61951822652554,51.39948627789284
2025-05-06 19:00:00,12.0,12.75,11.899999618530273,12.449999809265137,44002,12.225400009155273,10.485099985599518,12.050500059127808,0.30986374072594935,11.43077257767591,12.670227540579706,58.05555364232025
2025-05-07 19:00:00,11.319999694824219,13.699999809265137,11.210000038146973,12.350000381469727,20358,12.244400024414062,10.504099986553193,12.051000070571899,0.3103631453006658,11.430273779970568,12.67172636117323,49.529784687815116
2025-05-08 19:00:00,12.9399995803833,12.9399995803833,11.260000228881836,12.319999694824219,11034,12.258600025177001,10.522999985218048,12.05300006866455,0.31204084667497,11.42891837531461,12.67708176201449,55.43858639384669
2025-05-11 19:00:00,13.300000190734863,13.399999618530273,11.09000015258789,11.899999618530273,309946,12.261000022888183,10.53989998102188,12.026500034332276,0.3006357503077097,11.425228533716856,12.627771534947696,49.52976988051868
2025-05-12 19:00:00,11.800000190734863,12.65999984741211,11.25,11.829999923706055,265307,12.267000026702881,10.556099979877471,12.003500032424927,0.2969897493195062,11.409520533785916,12.59747953106394,47.8260818057022
2025-05-13 19:00:00,11.899999618530273,11.899999618530273,11.600000381469727,11.670000076293945,22819,12.25040002822876,10.57114998102188,11.97350001335144,0.2989503597203677,11.375599293910705,12.571400732792176,49.35897494679139
2025-05-14 19:00:00,11.890000343322754,11.890000343322754,11.449999809265137,11.510000228881836,19493,12.224200038909911,10.585349981784821,11.955500030517578,0.31586929509327566,11.323761440331028,12.58723862070413,49.04459430565207
2025-05-15 19:00:00,11.399999618530273,12.199999809265137,11.399999618530273,11.800000190734863,187356,12.205400047302247,10.602349984645844,11.926500034332275,0.3011254943338474,11.32424904566458,12.52875102299997,49.206345842417214
2025-05-18 19:00:00,11.0,11.949999809265137,11.0,11.75,371078,12.17520004272461,10.61794998407364,11.913500022888183,0.3029377804014694,11.307624462085244,12.519375583691122,52.18855532389783
2025-05-19 19:00:00,11.800000190734863,11.899999618530273,11.5,11.6899995803833,17415,12.143000030517578,10.632599980831147,11.90149998664856,0.30697632757918475,11.28754733149019,12.51545264180693,54.77031099566667
2025-05-20 19:00:00,11.789999961853027,12.390000343322754,11.520000457763672,11.65999984741211,236714,12.101400032043458,10.647099978923798,11.885999965667725,0.3111337387190817,11.263732488229563,12.508267443105888,36.097563244912955
2025-05-21 19:00:00,12.0,12.0,11.520000457763672,11.859999656677246,4560,12.09120002746582,10.663049976825715,11.893499946594238,0.3084643552997485,11.27657123599474,12.510428657193735,46.30540413951083
2025-05-22 19:00:00,11.899999618530273,11.949999809265137,11.420000076293945,11.680000305175781,888,12.083600025177002,10.678599979877472,11.898999977111817,0.30333059857417377,11.292338779963469,12.505661174260165,42.72727587991673
2025-05-25 19:00:00,11.899999618530273,11.899999618530273,10.869999885559082,11.460000038146973,481678,12.068400020599364,10.693049981594086,11.87949995994568,0.3187883773589914,11.241923205227696,12.517076714663663,27.45096755916289
2025-05-26 19:00:00,11.5,11.979999542236328,11.300000190734863,11.59000015258789,13342,12.053400020599366,10.706999981403351,11.877999973297118,0.32014136777852764,11.237717237740064,12.518282708854173,29.523812118842386
2025-05-28 19:00:00,11.510000228881836,11.609999656677246,11.020000457763672,11.470000267028809,889291,12.034200019836426,10.720949981212616,11.880499982833863,0.3165516724764786,11.247396637880906,12.51360332778682,29.245279199417368
2025-05-29 19:00:00,11.949999809265137,11.970000267028809,11.380000114440918,11.59000015258789,105859,12.015000019073486,10.732949984073638,11.84850001335144,0.3116724422596938,11.225155128832053,12.471844897870827,33.484166410627296
2025-06-01 19:00:00,11.5,11.510000228881836,10.899999618530273,10.90999984741211,108249,11.989400024414062,10.744799983501434,11.793499994277955,0.37274618949715727,11.048007615283641,12.538992373272269,29.959513232138292
2025-06-02 19:00:00,11.09000015258789,11.289999961853027,11.09000015258789,10.90999984741211,222,11.962600021362304,10.75744998216629,11.73899998664856,0.41791336009833796,10.903173266451883,12.574826706845236,30.83332869741578
2025-06-03 19:00:00,11.289999961853027,11.289999961853027,10.550000190734863,11.0,131933,11.93200002670288,10.77044998407364,11.669999980926514,0.42042583394188093,10.829148313042753,12.510851648810275,35.62231548857187
2025-06-04 19:00:00,10.579999923706055,10.899999618530273,10.579999923706055,10.869999885559082,3966,11.896600017547607,10.783149983882904,11.590999984741211,0.4145498628825422,10.761900258976127,12.420099710506296,36.086950211985204
2025-06-09 19:00:00,11.079999923706055,11.079999923706055,10.850000381469727,10.880000114440918,8082,11.868200016021728,10.796699984073639,11.517499971389771,0.4030524558770832,10.711395059635604,12.323604883143938,27.227726044367557
2025-06-10 19:00:00,10.819999694824219,11.0,10.710000038146973,10.8100004196167,13931,11.84380002975464,10.808499987125396,11.442000007629394,0.3858769425247467,10.6702461225799,12.213753892678888,26.960794167626972
2025-06-11 19:00:00,10.630000114440918,10.960000038146973,10.630000114440918,10.720000267028809,12785,11.812200031280518,10.819449989795684,11.383000040054322,0.40203556657519823,10.578928906903926,12.187071173204718,26.57006144059207
2025-06-12 19:00:00,10.520000457763672,11.15999984741211,10.399999618530273,10.979999542236328,18338,11.781000022888184,10.831699988842011,11.340500020980835,0.39719376233171727,10.5461124963174,12.13488754564427,35.21737976650728
2025-06-16 19:00:00,11.210000038146973,12.079999923706055,10.699999809265137,11.420000076293945,597589,11.76900001525879,10.845849988460541,11.328000020980834,0.3901497542585881,10.547700512463658,12.10829952949801,41.338590807255294
2025-06-17 19:00:00,11.699999809265137,12.850000381469727,11.699999809265137,12.199999809265137,161408,11.770000019073485,10.864699985980987,11.3625,0.4350181102254398,10.492463779549121,12.23253622045088,58.280245975054434
2025-06-18 19:00:00,12.199999809265137,12.84000015258789,11.510000228881836,11.720000267028809,3218,11.762800025939942,10.881949985027314,11.358500003814697,0.43113402439936904,10.49623195501596,12.220768052613435,53.82353320666292
2025-06-19 19:00:00,12.1899995803833,12.1899995803833,11.5600004196167,11.989999771118164,2361,11.757800025939941,10.902849984169006,11.370499992370606,0.445698393859247,10.479103204652112,12.2618967800891,55.6497137090452
2025-06-22 19:00:00,12.199999809265137,12.199999809265137,11.979999542236328,12.0,3103,11.751400032043456,10.924149985313415,11.38600001335144,0.462469308645538,10.461061396060364,12.310938630642516,57.72594509003604
2025-06-23 19:00:00,12.399999618530273,12.399999618530273,11.300000190734863,11.420000076293945,136064,11.739400024414062,10.94274998664856,11.374000024795532,0.4580783355238962,10.457843353747739,12.290156695843324,47.814908702218204
2025-06-24 19:00:00,11.5,11.6899995803833,11.140000343322754,11.289999961853027,248603,11.718400020599365,10.95604998588562,11.345500040054322,0.4437575709557666,10.457984898142788,12.233015181965856,55.6886258320739
2025-06-25 19:00:00,11.5,11.5,11.119999885559082,11.1899995803833,31587,11.696600017547608,10.969749984741211,11.321000003814698,0.4378043172533259,10.445391369308046,12.196608638321349,54.069764057064106
2025-06-26 19:00:00,11.119999885559082,11.619999885559082,11.0,11.199999809265137,12845,11.672000007629395,10.98519998550415,11.307999992370606,0.4373195757586675,10.43336084085327,12.182639143887942,52.97618794197913
2025-06-29 19:00:00,11.210000038146973,11.449999809265137,11.119999885559082,11.350000381469727,20127,11.653200016021728,11.000599985122681,11.296000003814697,0.43243982017021604,10.431120363474266,12.160879644155129,57.100598811518694
2025-06-30 19:00:00,11.390000343322754,11.399999618530273,11.15999984741211,11.199999809265137,25199,11.631800003051758,11.01559998512268,11.282499980926513,0.430933790048361,10.42063240082979,12.144367561023236,54.54544961945149
2025-07-01 19:00:00,11.489999771118164,11.8100004196167,11.069999694824219,11.739999771118164,672886,11.629200000762939,11.03179998397827,11.289999961853027,0.43781751815586906,10.414364925541289,12.165634998164766,61.65412509479975
2025-07-02 19:00:00,12.0,12.600000381469727,11.789999961853027,12.079999923706055,690765,11.623199996948243,11.050399985313415,11.348499965667724,0.461875709454935,10.424748546757854,12.272251384577594,66.03772905892379
2025-07-03 19:00:00,12.420000076293945,12.420000076293945,11.819999694824219,12.1899995803833,242559,11.626799983978271,11.069099984169007,11.412499952316285,0.4859701924334092,10.440559567449466,12.384440337183104,64.79217250448099
2025-07-06 19:00:00,12.010000228881836,12.100000381469727,11.600000381469727,12.010000228881836,99567,11.628399982452393,11.085699987411498,11.462999963760376,0.49327151045259465,10.476456942855187,12.449542984665566,57.702352014892256
2025-07-07 19:00:00,12.119999885559082,12.119999885559082,11.649999618530273,11.75,196525,11.623999977111817,11.104299988746643,11.506999969482422,0.47655666230970506,10.553886644863011,12.460113294101832,43.202420661365856
2025-07-08 19:00:00,11.850000381469727,11.949999809265137,11.119999885559082,11.420000076293945,798203,11.618199977874756,11.119899988174438,11.533999967575074,0.453923188534445,10.626153590506185,12.441846344643963,45.25316274236827
2025-07-09 19:00:00,11.699999809265137,11.699999809265137,10.899999618530273,11.0,258684,11.606799983978272,11.131949987411499,11.543499946594238,0.43974003017304614,10.664019886248147,12.42298000694033,35.04532688254079
2025-07-10 19:00:00,11.170000076293945,11.199999809265137,10.899999618530273,11.0,98145,11.589799976348877,11.144249987602233,11.557499933242799,0.415956416351498,10.725587100539803,12.389412765945794,34.84849010288697
2025-07-13 19:00:00,11.170000076293945,11.649999618530273,11.130000114440918,11.239999771118164,97231,11.582199974060059,11.15899998664856,11.57049994468689,0.4007423841848673,10.769015176317156,12.371984713056625,46.959455323272934
2025-07-14 19:00:00,11.199999809265137,12.359999656677246,10.619999885559082,12.029999732971191,2081704,11.594399967193603,11.178049983978271,11.600999927520752,0.4117472127634554,10.77750550199384,12.424494353047663,60.220988944230086
2025-07-15 19:00:00,11.989999771118164,12.25,11.600000381469727,11.960000038146973,212778,11.588999977111817,11.195849986076356,11.588999938964843,0.39658939416665456,10.795821150631534,12.382178727298152,60.72423990300681
2025-07-16 19:00:00,11.65999984741211,11.979999542236328,11.600000381469727,11.640000343322754,112752,11.581599979400634,11.211549987792969,11.584999942779541,0.39560079290845435,10.793798356962633,12.37620152859645,55.64103303968313
2025-07-17 19:00:00,11.699999809265137,11.989999771118164,11.34000015258789,11.65999984741211,128584,11.574799976348878,11.22689998626709,11.568499946594239,0.3845472311627914,10.799405484268656,12.337594408919822,54.1114003334067
2025-07-20 19:00:00,11.960000038146973,12.25,11.210000038146973,11.869999885559082,248348,11.56459997177124,11.24264998435974,11.561999940872193,0.3779111426139125,10.806177655644367,12.317822226100018,58.74674181856573
2025-07-21 19:00:00,11.800000190734863,12.0,11.5,11.609999656677246,150349,11.547799968719483,11.25809998035431,11.571499919891357,0.3765392844307743,10.818421351029809,12.324578488752906,48.16901158728287
2025-07-22 19:00:00,11.949999809265137,11.949999809265137,11.399999618530273,11.449999809265137,299226,11.52979995727539,11.27264997959137,11.579499912261962,0.371915021039482,10.835669870182999,12.323329954340926,40.652811685432184
2025-07-23 19:00:00,11.680000305175781,11.850000381469727,11.5,11.699999809265137,192223,11.517399959564209,11.289949979782104,11.604999923706055,0.3611312328599797,10.882737457986096,12.327262389426014,43.01994294253498
2025-07-24 19:00:00,11.529999732971191,12.869999885559082,11.520000457763672,12.420000076293945,928831,11.527799968719483,11.309049978256226,11.665999937057496,0.3909286987779423,10.884142539501612,12.44785733461338,55.061727464789406
2025-07-27 19:00:00,12.489999771118164,13.649999618530273,12.020000457763672,13.210000038146973,927644,11.5553999710083,11.331449980735778,11.758999919891357,0.5137468329996822,10.731506253891993,12.786493585890721,65.93886862966755
2025-07-28 19:00:00,13.069999694824219,13.489999771118164,12.199999809265137,12.579999923706055,532328,11.573599967956543,11.35184998035431,11.827999925613403,0.5272131410947916,10.77357364342382,12.882426207802986,61.88524638219287
2025-07-29 19:00:00,12.489999771118164,13.84000015258789,11.399999618530273,13.84000015258789,3082141,11.620199966430665,11.378399982452393,11.93299994468689,0.6920990586524052,10.548801827382078,13.3171980619917,74.82517913907208
2025-07-30 19:00:00,13.5,14.5,12.800000190734863,12.829999923706055,1978862,11.640799961090089,11.399199981689453,11.970499944686889,0.7202300802445428,10.530039784197804,13.410960105175974,63.59583988246424
2025-07-31 19:00:00,12.779999732971191,12.979999542236328,11.75,11.899999618530273,600329,11.643799953460693,11.415599980354308,11.955999946594238,0.7184955483990482,10.519008849796142,13.392991043392334,54.447438279149985
2025-08-03 19:00:00,11.890000343322754,11.890000343322754,11.0,11.489999771118164,235430,11.639799957275391,11.4305499792099,11.929999923706054,0.7258099402362262,10.478380043233601,13.381619804178507,46.16477297742135
2025-08-04 19:00:00,11.3100004196167,11.630000114440918,11.199999809265137,11.579999923706055,58632,11.63819995880127,11.445249977111816,11.921499919891357,0.7290172311781107,10.463465457535136,13.379534382247577,47.30878121915502
2025-08-05 19:00:00,11.550000190734863,12.5,11.050000190734863,11.729999542236328,324725,11.63559995651245,11.460849976539611,11.936999893188476,0.7210453545048312,10.494909184178814,13.379090602198138,50.65311461849777
2025-08-06 19:00:00,12.0,12.0,11.399999618530273,11.529999732971191,86031,11.632599945068359,11.475099973678589,11.963499879837036,0.6940293110199306,10.575441257797175,13.351558501876896,49.08062162293771
2025-08-07 19:00:00,11.890000343322754,11.890000343322754,11.050000190734863,11.319999694824219,23649,11.629799938201904,11.489449973106383,11.979499864578248,0.6740489395777688,10.63140198542271,13.327597743733785,46.11032432612529
2025-08-10 19:00:00,11.319999694824219,12.449999809265137,11.180000305175781,12.4399995803833,386629,11.646799926757813,11.508899970054626,12.039499855041504,0.6579752478503031,10.723549359340897,13.35545035074211,55.233290616422344
2025-08-11 19:00:00,12.899999618530273,12.899999618530273,11.800000190734863,12.180000305175781,953235,11.660999927520752,11.525649971961975,12.046999883651733,0.6587157451185721,10.729568393414588,13.364431373888877,54.54545778447079
2025-08-12 19:00:00,12.640000343322754,12.640000343322754,11.699999809265137,11.84000015258789,61370,11.665999927520751,11.541899971961975,12.04099988937378,0.6600949748806539,10.720809939612472,13.361189839135086,50.862071091723394
2025-08-14 19:00:00,12.199999809265137,12.479999542236328,11.710000038146973,11.869999885559082,149967,11.68519992828369,11.557049970626831,12.052499866485595,0.6547228227229243,10.743054221039747,13.361945511931443,46.298787087890396
2025-08-17 19:00:00,11.600000381469727,12.1899995803833,11.600000381469727,11.899999618530273,53452,11.704999923706055,11.572599968910218,12.064499855041504,0.6493274894858576,10.765844876069789,13.36315483401322,40.1799056076772
2025-08-18 19:00:00,12.25,12.399999618530273,11.710000038146973,11.920000076293945,49951,11.723399925231934,11.586749968528748,12.066999864578246,0.6486351066668613,10.769729651244523,13.36427007791197,44.55445622461393
2025-08-19 19:00:00,12.199999809265137,12.199999809265137,11.649999618530273,11.779999732971191,67739,11.741599922180177,11.600999965667725,12.075499868392944,0.6434241219991761,10.788651624394593,13.362348112391295,29.149791552645624
2025-08-20 19:00:00,11.609999656677246,11.979999542236328,11.399999618530273,11.880000114440918,103757,11.761599922180176,11.615199966430664,12.096999883651733,0.628432562698726,10.840134758254282,13.353865009049185,38.2134010891766
2025-08-21 19:00:00,11.989999771118164,12.199999809265137,11.510000228881836,11.539999961853027,64714,11.776199913024902,11.628099966049195,12.088999891281128,0.6347391543653301,10.819521582550468,13.358478200011788,44.76744621234615
2025-08-24 19:00:00,11.880000114440918,12.600000381469727,11.550000190734863,12.010000228881836,308916,11.801999912261962,11.642899966239929,12.068499898910522,0.6300900903856042,10.808319718139314,13.32868007968173,57.42857796805246
2025-08-25 19:00:00,12.0,12.279999732971191,11.680000305175781,11.770000457763672,45475,11.81779993057251,11.656849970817566,11.996499919891358,0.5724212805890752,10.851657358713208,13.141342481069508,52.60274731390416
2025-08-26 19:00:00,12.0,12.0,11.5,11.670000076293945,61073,11.82279993057251,11.66954997062683,11.950999927520751,0.5596230514352508,10.83175382465025,13.070246030391253,49.166674172435954
2025-08-27 19:00:00,11.890000343322754,11.890000343322754,11.0,11.09000015258789,324545,11.800599937438966,11.679299969673156,11.813499927520752,0.38011459465928865,11.053270738202174,12.57372911683933,44.47236776935845
2025-08-28 19:00:00,11.359999656677246,12.199999809265137,11.199999809265137,12.199999809265137,388314,11.81019992828369,11.693899970054627,11.781999921798706,0.31132314448265547,11.159353632833394,12.404646210764017,59.016394403729805
2025-08-31 19:00:00,11.989999771118164,13.420000076293945,10.979999542236328,13.34000015258789,2069450,11.837199935913086,11.715599970817566,11.853999948501587,0.46742748490946545,10.919144978682656,12.788854918320517,59.18367823577279
2025-09-01 19:00:00,14.670000076293945,14.670000076293945,14.670000076293945,14.670000076293945,1195395,11.890599937438965,11.74419997215271,12.012999963760375,0.7760568723351158,10.460886219090144,13.565113708430607,70.85426517571885
2025-09-02 19:00:00,16.139999389648438,16.139999389648438,15.0,15.84000015258789,2415822,11.978999938964844,11.77964997291565,12.225999975204468,1.1469429028593234,9.932114169485821,14.519885780923115,79.4117597560165
2025-09-03 19:00:00,17.420000076293945,17.420000076293945,17.420000076293945,17.420000076293945,460022,12.101599941253662,11.81799997329712,12.51050000190735,1.623947395808363,9.262605210290623,15.758394793524076,83.23352876229883
2025-09-04 19:00:00,19.15999984741211,19.15999984741211,16.700000762939453,17.030000686645508,1458865,12.218399963378907,11.849399976730346,12.785500049591064,1.8926297894748787,9.000240470641307,16.57075962854082,79.44891207780755
2025-09-07 19:00:00,18.209999084472656,18.209999084472656,17.0,17.06999969482422,345037,12.335799961090087,11.878499975204468,13.073000049591064,2.0852240041265837,8.902552041337897,17.243448057844233,79.49599019801906
2025-09-08 19:00:00,16.190000534057617,18.780000686645508,15.550000190734863,18.670000076293945,1892701,12.482199954986573,11.91629997730255,13.384500074386597,2.4235695531077943,8.537360968171008,18.231639180602187,83.80765764007806
2025-09-09 19:00:00,18.899999618530273,19.700000762939453,17.75,17.969999313354492,323498,12.61759994506836,11.95089997291565,13.674000024795532,2.6107054637142593,8.452589097367014,18.89541095222405,78.22057099371716
2025-09-10 19:00:00,18.0,19.770000457763672,16.649999618530273,19.399999618530273,1690542,12.770799942016602,11.991699972152709,14.05199999809265,2.866005046153994,8.319989905784663,19.78401009040064,83.08080631717715
2025-09-11 19:00:00,19.5,21.34000015258789,18.0,20.639999389648438,1925722,12.941999931335449,12.039849967956544,14.49049997329712,3.169431963833168,8.151636045630784,20.829363900963454,84.11066964826229
2025-09-14 19:00:00,20.639999389648438,21.25,19.649999618530273,20.850000381469727,270322,13.115199947357178,12.088549971580505,14.938000011444093,3.407330396324728,8.123339218794637,21.752660804093548,85.97464072854063
2025-09-15 19:00:00,20.850000381469727,21.5,18.770000457763672,19.149999618530273,1711976,13.257999935150146,12.129299969673157,15.299499988555908,3.4535037934579575,8.392492401639993,22.206507575471825,76.30098066147167
2025-09-16 19:00:00,19.15999984741211,19.700000762939453,18.229999542236328,18.559999465942383,165099,13.394199924468994,12.167149968147278,15.638499975204468,3.4224693728295077,8.793561229545453,22.483438720863482,76.24735963597658
2025-09-17 19:00:00,18.559999465942383,19.34000015258789,17.899999618530273,18.700000762939453,685049,13.539799938201904,12.2041499710083,15.979500007629394,3.3675969956634684,9.244306016302456,22.71469399895633,74.50980180624147
2025-09-18 19:00:00,18.700000762939453,20.56999969482422,18.450000762939453,20.56999969482422,1784543,13.731199932098388,12.252699971199036,16.430999994277954,3.346325266079555,9.738349462118844,23.123650526437064,75.83988089638558
2025-09-21 19:00:00,22.6299991607666,22.6299991607666,20.610000610351562,21.90999984741211,505253,13.949399929046631,12.306899971961975,16.92599997520447,3.389873959652815,10.146252055898838,23.7057478945101,75.85713851695218
2025-09-23 19:00:00,20.780000686645508,21.600000381469727,20.5,20.899999618530273,213583,14.142599925994872,12.355899968147277,17.382499933242798,3.2716820210617663,10.839135891119266,23.92586397536633,68.2803421705762
2025-09-24 19:00:00,21.0,21.299999237060547,20.399999618530273,20.469999313354492,46546,14.31139991760254,12.404249963760376,17.822499895095824,3.0470189069747797,11.728462081146265,23.916537709045382,62.017331167363274
2025-09-25 19:00:00,20.469999313354492,21.5,19.860000610351562,20.860000610351562,180694,14.48939992904663,12.454299964904784,18.31099991798401,2.670791057019475,12.96941780394506,23.65258203202296,65.09061706539859
2025-09-28 19:00:00,21.5,22.809999465942383,20.299999237060547,21.899999618530273,208146,14.694599914550782,12.508799962997436,18.795999908447264,2.3660033950416226,14.063993118364019,23.52800669853051,67.6406077042092
2025-09-29 19:00:00,21.899999618530273,22.700000762939453,19.719999313354492,21.0,572873,14.88139991760254,12.558799962997437,19.17899990081787,2.0328534835510967,15.113292933715677,23.244706867920065,58.96843449008098
2025-09-30 19:00:00,21.6299991607666,21.649999618530273,20.399999618530273,20.420000076293945,105057,15.052399921417237,12.604399962425232,19.466499900817873,1.748281102353874,15.969937696110124,22.96306210552562,59.51826045099374
2025-10-01 19:00:00,20.84000015258789,22.459999084472656,19.520000457763672,22.459999084472656,475946,15.269399909973144,12.661749958992004,19.79749984741211,1.6494268077733796,16.49864623186535,23.096353462958866,61.350145166477695
2025-10-02 19:00:00,22.649999618530273,23.479999542236328,21.5,22.170000076293945,85547,15.483799915313721,12.717599959373475,20.03499984741211,1.6309457099003664,16.773108427611376,23.296891267212843,56.10534957223181
2025-10-05 19:00:00,22.059999465942383,23.0,20.549999237060547,21.979999542236328,237688,15.689399909973144,12.772399954795837,20.28249979019165,1.5229399146205895,17.23661996095047,23.32837961943283,54.51638345360607
2025-10-07 19:00:00,22.350000381469727,22.350000381469727,21.540000915527344,21.65999984741211,16655,15.874199905395507,12.823299956321716,20.511999797821044,1.3492984173502864,17.81340296312047,23.210596632521618,61.275832965601744
2025-10-08 19:00:00,21.25,21.969999313354492,20.100000381469727,20.959999084472656,126978,16.029199886322022,12.872749953269958,20.626499748229982,1.2801532345793882,18.066193279071207,23.186806217388757,60.67615510410068
2025-10-09 19:00:00,20.25,21.0,20.200000762939453,20.309999465942383,50712,16.18379987716675,12.91894995212555,20.743499755859375,1.1217104328603267,18.50007889013872,22.98692062158003,56.851059422766404
2025-10-12 19:00:00,20.010000228881836,20.100000381469727,19.09000015258789,19.25,106493,16.29199987411499,12.958799953460693,20.73599977493286,1.1316237871222476,18.472752200688365,22.999247349177356,43.967093873295546
2025-10-13 19:00:00,20.479999542236328,20.600000381469727,19.399999618530273,20.34000015258789,119870,16.442199878692627,13.005599956512452,20.720999813079835,1.134946675442178,18.45110646219548,22.99089316396419,42.65668897795004
2025-10-14 19:00:00,20.34000015258789,20.790000915527344,20.25,20.260000228881836,26354,16.60939989089966,13.053349957466125,20.69149980545044,1.1390774112326931,18.413344982985056,22.969654627915826,46.721314038361946
2025-10-15 19:00:00,20.420000076293945,21.5,20.299999237060547,20.65999984741211,36021,16.79279989242554,13.10189995765686,20.766999816894533,1.0800393270946764,18.60692116270518,22.927078471083885,50.97636474944432
2025-10-16 19:00:00,21.389999389648438,22.399999618530273,21.0,21.809999465942383,96763,16.997399883270262,13.15604995727539,20.92949981689453,0.969321160513417,18.990857495867697,22.868142137921364,54.528118311663064
2025-10-19 19:00:00,22.0,22.75,21.0,22.31999969482422,67602,17.209199886322022,13.211949954032898,21.110499763488768,0.8632768354466283,19.38394609259551,22.837053434382025,52.108434715516765
2025-10-20 19:00:00,22.5,22.5,21.520000457763672,21.989999771118164,28738,17.41839988708496,13.267149953842162,21.181499767303468,0.8748007570483869,19.431898253206693,22.93110128140024,55.27156568989671
2025-10-21 19:00:00,21.989999771118164,22.0,21.200000762939453,21.84000015258789,72806,17.628799896240235,13.321399955749511,21.177999782562257,0.8718678170865438,19.43426414838917,22.921735416735345,57.924110065120225
2025-10-22 19:00:00,21.510000228881836,22.450000762939453,21.5,21.719999313354492,47307,17.814399890899658,13.375499954223633,21.218999767303465,0.8773697457429367,19.46426027581759,22.97373925878934,44.7443190669596
2025-10-23 19:00:00,21.59000015258789,21.59000015258789,20.610000610351562,20.8799991607666,19027,17.988399868011474,13.424899950027466,21.23949975967407,0.8636303571377657,19.51223904539854,22.966760473949602,41.5019704242858
2025-10-26 19:00:00,20.049999237060547,20.899999618530273,19.799999237060547,19.8700008392334,60101,18.148999881744384,13.46974995613098,21.189999771118163,0.9134605454285862,19.36307868026099,23.016920861975336,37.45541486430492
2025-10-27 19:00:00,19.979999542236328,20.739999771118164,19.979999542236328,20.0,60811,18.311599884033203,13.514949955940246,21.09499979019165,0.9342966095426336,19.226406571106384,22.963593009276916,39.902674140753085
2025-10-28 19:00:00,19.5,20.350000381469727,18.25,18.959999084472656,17515,18.45279987335205,13.553649950027467,20.992999744415282,1.0494714409988233,18.894056862417635,23.09194262641293,38.31775367744052
2025-10-29 19:00:00,19.5,19.8799991607666,19.5,19.530000686645508,1642,18.60499988555908,13.59644995212555,20.948499774932863,1.0930124591590196,18.762474856614823,23.134524693250903,45.400950345504526
2025-10-30 19:00:00,19.8799991607666,21.479999542236328,19.8799991607666,21.479999542236328,78788,18.798999881744386,13.646999950408935,20.899499797821044,1.0424841376156646,18.814531522589714,22.984468073052373,61.89967874301436
2025-11-02 19:00:00,22.5,23.6299991607666,21.25,23.6299991607666,119848,19.0339998626709,13.706149945259094,20.972499752044676,1.1783924445379557,18.615714862968765,23.329284641120587,65.77180974861946
2025-11-03 19:00:00,25.989999771118164,25.989999771118164,25.989999771118164,25.989999771118164,108786,19.3229998588562,13.780349946022033,21.172999763488768,1.6179878965769965,17.937023970334774,24.408975556642762,72.5413058811171
2025-11-04 19:00:00,28.59000015258789,28.59000015258789,28.59000015258789,28.59000015258789,103777,19.65459985733032,13.862899947166444,21.51949977874756,2.3182717282560215,16.882956322235515,26.156043235259602,76.59289197294046
2025-11-05 19:00:00,31.450000762939453,31.450000762939453,28.010000228881836,29.329999923706055,376116,20.005799846649168,13.946849946975709,21.93799982070923,2.8955621043213573,16.146875612066516,27.729124029351944,75.93103606125403
2025-11-06 19:00:00,29.5,29.5,28.0,28.260000228881836,162812,20.33759984970093,14.031699948310852,22.335499858856203,3.190928725547286,15.953642407761631,28.717357309950774,69.72111801029843
2025-11-09 19:00:00,28.979999542236328,28.979999542236328,27.0,27.780000686645508,295451,20.67139986038208,14.108549952507019,22.761999893188477,3.324096480311939,16.1138069325646,29.410192853812354,69.03353472729052
2025-11-10 19:00:00,28.5,28.75,26.700000762939453,27.200000762939453,26816,20.971399879455568,14.188299956321716,23.104999923706053,3.4137455841730766,16.2775087553599,29.932491092052206,67.13555249209011
2025-11-11 19:00:00,27.049999237060547,29.920000076293945,27.0,29.920000076293945,580198,21.302999877929686,14.28069995880127,23.58799991607666,3.6642220637673217,16.259555788542016,30.916444043611307,72.47807489941454
2025-11-12 19:00:00,32.90999984741211,32.90999984741211,32.5,32.90999984741211,220743,21.667799873352052,14.38854995727539,24.20049991607666,4.141747130944828,15.917005654187003,32.483994177966316,79.49976010808373
2025-11-13 19:00:00,36.20000076293945,36.20000076293945,33.75,34.0099983215332,930353,22.031199836730956,14.500599946975708,24.8104998588562,4.639629548493616,15.531240761868968,34.089758955843436,84.52148221494983
2025-11-16 19:00:00,34.0,37.40999984741211,32.63999938964844,36.9900016784668,552340,22.422599868774412,14.630199956893922,25.54399995803833,5.332987264952165,14.878025428134,36.20997448794266,86.41234536006618
2025-11-17 19:00:00,36.0,40.689998626708984,36.0,38.720001220703125,305600,22.856399879455566,14.767749962806702,26.380500030517577,6.014700214407408,14.351099601702762,38.40990045933239,91.1323933381602
2025-11-18 19:00:00,39.939998626708984,39.939998626708984,36.650001525878906,36.91999816894531,45069,23.25339984893799,14.895949954986571,27.134499931335448,6.3513376940545,14.431824543226448,39.83717531944445,84.43563597759315
2025-11-19 19:00:00,38.470001220703125,39.20000076293945,36.95000076293945,37.88999938964844,35370,23.63779983520508,15.02889995098114,27.942999935150148,6.648073825143962,14.646852284862224,41.239147585438076,83.80716307914388
2025-11-20 19:00:00,38.84000015258789,39.0,37.0,37.529998779296875,58213,24.028999824523925,15.15794994354248,28.77549991607666,6.75863684730254,15.258226221471581,42.29277361068174,80.91636201841898
2025-11-23 19:00:00,37.5099983215332,38.400001525878906,36.900001525878906,36.939998626708984,13631,24.3797998046875,15.2828999376297,29.62899980545044,6.651814761503007,16.325370282444425,42.93262932845646,76.43649520579606
2025-11-24 19:00:00,37.0,37.93000030517578,36.36000061035156,37.33000183105469,189758,24.713599853515625,15.408199944496154,30.495499897003175,6.457380516560368,17.580738863882438,43.41026093012391,73.62161641647074
2025-11-25 19:00:00,37.5,37.5,34.15999984741211,37.0,33637,25.03659984588623,15.531099944114684,31.39749994277954,6.005375489026469,19.3867489647266,43.40825092083248,71.19954662273476
2025-11-26 19:00:00,37.400001525878906,37.400001525878906,35.40999984741211,36.58000183105469,34134,25.385199890136718,15.652499952316283,32.25,5.413004909213476,21.423990181573046,43.076009818426954,73.85320443716454
2025-11-27 19:00:00,33.040000915527344,36.900001525878906,33.040000915527344,35.099998474121094,34453,25.715999870300294,15.768599944114685,32.93099994659424,4.809892129730642,23.311215687132957,42.550784206055525,69.84813729012068
2025-11-30 19:00:00,36.970001220703125,36.970001220703125,35.0,35.59000015258789,21412,26.05379985809326,15.885749945640564,33.528999996185306,4.310182368742409,24.908635258700485,42.149364733670126,72.86101665036153
2025-12-01 19:00:00,35.5,35.900001525878906,33.5,33.9900016784668,32715,26.32219989776611,15.990899953842163,33.92900009155274,3.9279817076442276,26.07303667626428,41.784963506841194,61.81079093581671
2025-12-02 19:00:00,34.900001525878906,34.900001525878906,31.100000381469727,32.79999923706055,27966,26.539999885559084,16.091599950790407,34.139500045776366,3.7348661892663935,26.66976766724358,41.609232424309155,49.643549904743914
2025-12-03 19:00:00,32.0,32.939998626708984,31.799999237060547,31.799999237060547,31019,26.757999877929688,16.185599946975707,34.26300001144409,3.606078285063832,27.050843441316427,41.47515658157175,42.79192230667245
2025-12-04 19:00:00,32.0,33.900001525878906,31.489999771118164,31.56999969482422,17663,26.97999988555908,16.27389994621277,34.42849998474121,3.385267235465549,27.65796551381011,41.199034455672304,28.457884482719408
2025-12-07 19:00:00,32.9900016784668,33.95000076293945,30.0,31.43000030517578,59671,27.191399879455567,16.36379994869232,34.61099996566772,3.0938222264243245,28.423355512819075,40.798644418516375,16.833520423357996
2025-12-08 19:00:00,31.0,32.400001525878906,31.0,32.220001220703125,24371,27.397799911499025,16.463749957084655,34.86199998855591,2.629758133679458,29.602483721196993,40.12151625591483,26.452947022398902
2025-12-09 19:00:00,31.299999237060547,33.900001525878906,31.299999237060547,31.579999923706055,44079,27.609399909973146,16.564149956703186,34.94499998092651,2.4879426113454386,29.969114758235634,39.92088520361739,17.305739729235867
2025-12-10 19:00:00,31.56999969482422,32.70000076293945,31.5,31.790000915527344,23589,27.836799926757813,16.665549960136413,34.88900003433228,2.5480372630972843,29.792925508137706,39.98507456052685,19.789521320317334
2025-12-11 19:00:00,31.700000762939453,32.4900016784668,31.5,32.2400016784668,31512,28.032399978637695,16.7687499666214,34.80050020217895,2.6101551462354093,29.580189909708132,40.02081049464977,24.893211029514546
2025-12-14 19:00:00,32.9900016784668,32.9900016784668,31.110000610351562,31.899999618530273,6479,28.22699996948242,16.8712499666214,34.54600009918213,2.633477476181359,29.279045146819414,39.81295505154485,20.83783109925227
2025-12-15 19:00:00,32.4900016784668,32.4900016784668,31.0,31.020000457763672,47780,28.40779998779297,16.96829997062683,34.16100006103515,2.552756572546391,29.05548691594237,39.26651320612794,19.675484052180067
2025-12-16 19:00:00,31.969999313354492,31.969999313354492,30.1299991607666,31.229999542236328,3955,28.599199981689452,17.065549969673157,33.87650012969971,2.5461492650465707,28.784201599606565,38.968798659792846,22.27980718601316
2025-12-17 19:00:00,32.0,32.0,30.56999969482422,31.229999542236328,481,28.804599990844725,17.164049968719482,33.543500137329104,2.4263103314932306,28.690879474342644,38.396120800315565,26.31581281942813
2025-12-18 19:00:00,31.899999618530273,31.899999618530273,30.1200008392334,30.989999771118164,10796,29.01819999694824,17.256499967575074,33.216500186920165,2.2980800684139115,28.62034005009234,37.81266032374799,20.959607818487925
2025-12-21 19:00:00,31.399999618530273,31.399999618530273,30.059999465942383,30.280000686645508,8923,29.238800010681153,17.34379997253418,32.883500289916995,2.211014033518574,28.46147222287985,37.30552835695414,23.613096612437047
2025-12-22 19:00:00,29.5,31.43000030517578,29.5,30.600000381469727,25949,29.44400001525879,17.433099975585936,32.54700021743774,2.0008080995447455,28.54538401834825,36.54861641652723,32.14287151874139
2025-12-23 19:00:00,31.5,33.65999984741211,30.010000228881836,33.65999984741211,513691,29.712000007629396,17.535099973678587,32.38000020980835,1.7307316529316732,28.918536903945004,35.8414635156717,61.313870645584046
2025-12-25 19:00:00,37.029998779296875,37.029998779296875,35.5,37.029998779296875,131796,30.03939998626709,17.653749966621398,32.40250005722046,1.790112569965695,28.822274917289068,35.98272519715185,74.03168482005779
2025-12-28 19:00:00,37.029998779296875,38.0,34.04999923706055,37.75,292515,30.358199996948244,17.773799967765807,32.5350001335144,2.0755936344792176,28.383812864555967,36.68618740247284,76.46565495207668
2025-12-29 19:00:00,37.75,41.25,37.0,37.439998626708984,351876,30.66059997558594,17.899149961471558,32.62750005722046,2.2525838982951387,28.12233226063018,37.13266785381074,72.7748520307266
2025-12-30 19:00:00,38.75,38.75,35.72999954223633,36.310001373291016,69518,30.947000007629395,18.02039996623993,32.74350004196167,2.3824339114275035,27.97863221910666,37.50836786481668,69.79080293958366
2026-01-01 19:00:00,35.849998474121094,35.849998474121094,32.5,32.959999084472656,86319,31.16939998626709,18.124099960327147,32.751500034332274,2.382902202013755,27.985695630304765,37.51730443835979,53.87673345631034
2026-01-04 19:00:00,32.959999084472656,34.79999923706055,30.0,30.309999465942383,460954,31.34119998931885,18.21394995689392,32.67700004577637,2.436896229948649,27.80320758587907,37.55079250567366,44.418732437140505
2026-01-05 19:00:00,31.229999542236328,33.290000915527344,30.0,32.220001220703125,297079,31.568000030517577,18.312899961471558,32.70950012207031,2.425664038493255,27.858172045083798,37.56082819905682,50.84836061553361
2026-01-06 19:00:00,33.4900016784668,33.4900016784668,31.0,31.43000030517578,364893,31.799200019836427,18.407299962043762,32.70950012207031,2.425664038493255,27.858172045083798,37.56082819905682,51.09216792065267
2026-01-07 19:00:00,31.989999771118164,32.47999954223633,29.579999923706055,29.829999923706055,154892,31.995800018310547,18.495499963760377,32.59000005722046,2.5085053364095273,27.572989384401403,37.60701073003951,46.52777902611128
2026-01-08 19:00:00,30.739999771118164,32.810001373291016,30.010000228881836,31.1299991607666,742901,32.239200019836424,18.58989995956421,32.567500019073485,2.520032985860984,27.527434047351516,37.60756599079545,49.76700750967384
2026-01-11 19:00:00,30.5,32.25,30.5,30.780000686645508,96407,32.464200019836426,18.68114996433258,32.51700000762939,2.5464154654504503,27.42416907672849,37.609830938530294,49.513214910886056
2026-01-12 19:00:00,30.6200008392334,31.549999237060547,30.0,30.5,95514,32.6446000289917,18.770449962615967,32.429999923706056,2.5857970714063976,27.258405780893263,37.60159406651885,50.520338930598236
2026-01-13 19:00:00,30.5,30.729999542236328,28.5,29.559999465942383,184252,32.76320003509522,18.856749958992005,32.31299991607666,2.662831947814758,26.987336020447145,37.63866381170618,47.61029224855695
2026-01-14 19:00:00,30.0,30.25,29.100000381469727,29.639999389648438,36781,32.83620002746582,18.94479995727539,32.2439998626709,2.71545934595782,26.813081170755257,37.67491855458654,39.297124860224265
2026-01-15 19:00:00,30.0,32.599998474121094,29.899999618530273,30.829999923706055,908433,32.88100002288818,19.037449955940247,32.22399988174438,2.724777817347332,26.77444424704972,37.673555516439045,31.325309372444536
2026-01-18 19:00:00,30.829999923706055,31.489999771118164,30.0,30.889999389648438,42611,32.91220001220703,19.129199953079222,32.20699987411499,2.7323559292402804,26.74228801563443,37.671711732595554,28.481808156654324
2026-01-19 19:00:00,30.209999084472656,31.0,30.0,30.440000534057617,67857,32.95580001831055,19.221299953460694,32.17949991226196,2.747972286078614,26.683555340104732,37.67544448441919,28.233836673308787
2026-01-20 19:00:00,30.200000762939453,30.8700008392334,27.399999618530273,28.43000030517578,671259,32.96880001068115,19.30269995689392,32.08699989318848,2.8447107608120388,26.3975783715644,37.77642141481255,26.76886874677095
2026-01-21 19:00:00,28.43000030517578,28.75,27.75,28.559999465942383,110059,32.99599998474121,19.385099954605103,31.98499984741211,2.9359450304987074,26.113109786414693,37.85688990840952,33.988356288843676
2026-01-22 19:00:00,28.559999465942383,29.5,26.149999618530273,27.940000534057617,339625,32.95639999389648,19.4635999584198,31.698999881744385,3.0409154270755083,25.61716902759337,37.7808307358954,39.88044783441802
2026-01-25 19:00:00,28.09000015258789,28.989999771118164,25.149999618530273,25.219999313354492,711898,32.80259998321533,19.528099956512452,31.108499908447264,3.0973695190061834,24.9137608704349,37.30323894645963,22.044717580591964
2026-01-26 19:00:00,25.219999313354492,26.459999084472656,24.90999984741211,25.030000686645508,72824,32.62300003051758,19.59314995765686,30.472499942779542,2.964961799743855,24.542576343291834,36.40242354226725,23.154355596781897
2026-01-27 19:00:00,25.010000228881836,25.010000228881836,23.5,24.09000015258789,59552,32.365,19.65189995765686,29.805000019073486,2.8126417035942364,24.179716611885013,35.43028342626196,24.511538192466446
2026-01-28 19:00:00,23.559999465942383,25.59000015258789,23.5,23.690000534057617,132925,32.06439998626709,19.70894996166229,29.173999977111816,2.6893852626420838,23.795229451827648,34.55277050239599,14.092659614384061
2026-01-29 19:00:00,24.450000762939453,24.5,22.600000381469727,23.75,26894,31.801000022888182,19.765549960136415,28.713500022888184,2.7934872667593393,23.126525489369506,34.30047455640686,15.094328543999438
2026-02-01 19:00:00,23.200000762939453,24.93000030517578,23.200000762939453,24.200000762939453,56034,31.527200050354004,19.825099964141845,28.40800008773804,2.9399616178280037,22.52807685208203,34.28792332339405,19.23827855789513
2026-02-02 19:00:00,24.479999542236328,24.479999542236328,23.780000686645508,24.299999237060547,71005,31.26260005950928,19.88524995803833,28.011999988555907,2.9328637769802115,22.146272434595485,33.87772754251633,22.02126288855905
2026-02-03 19:00:00,24.700000762939453,25.899999618530273,24.200000762939453,25.75,167729,31.038800086975098,19.954649958610535,27.72799997329712,2.858532070492085,22.01093583231295,33.44506411428129,31.94057287774193
2026-02-05 19:00:00,25.0,25.649999618530273,24.059999465942383,25.43000030517578,36617,30.80080005645752,20.01989995956421,27.507999992370607,2.857559735652422,21.79288052106576,33.22311946367545,22.72726309419474
2026-02-08 19:00:00,25.799999237060547,27.969999313354492,24.110000610351562,26.440000534057617,97867,30.589600067138672,20.092049961090087,27.273500061035158,2.7344704647074076,21.804559131620344,32.74244099044997,29.493086342447768
2026-02-09 19:00:00,26.8799991607666,26.8799991607666,25.15999984741211,26.489999771118164,55691,30.387800025939942,20.1648499584198,27.05900001525879,2.610377734300644,21.8382445466575,32.27975548386008,31.100469299161418
2026-02-10 19:00:00,26.700000762939453,26.950000762939453,25.149999618530273,25.15999984741211,23022,30.189000053405763,20.230799956321718,26.792000007629394,2.5111048843081583,21.769790239013076,31.81420977624571,33.265089143688016
2026-02-11 19:00:00,25.969999313354492,25.969999313354492,24.989999771118164,25.389999389648438,33489,29.98500003814697,20.299199953079224,26.5835000038147,2.4413288741101304,21.700842255594438,31.46615775203496,33.941230841237626
2026-02-12 19:00:00,24.329999923706055,27.93000030517578,24.329999923706055,25.43000030517578,34343,29.813800010681152,20.368499956130982,26.373000049591063,2.343454660878924,21.686090727833214,31.059909371348912,36.49084770260962
2026-02-15 19:00:00,24.549999237060547,25.790000915527344,24.25,24.84000015258789,19404,29.6546000289917,20.43344995498657,26.073500061035155,2.1155446125706683,21.84241083589382,30.30458928617649,47.346373812202295
2026-02-16 19:00:00,24.979999542236328,25.450000762939453,24.049999237060547,24.65999984741211,36859,29.51180004119873,20.498649954795837,25.76200008392334,1.8048724040675321,22.152255275788274,29.371744892058405,47.412581405777374
2026-02-17 19:00:00,25.190000534057617,25.190000534057617,24.110000610351562,24.56999969482422,16354,29.371800041198732,20.56439995288849,25.46850004196167,1.4456478192337685,22.577204403494132,28.359795680429205,53.80952063781746
2026-02-18 19:00:00,24.979999542236328,24.979999542236328,23.5,23.59000015258789,635,29.21500003814697,20.621199955940245,25.226500034332275,1.3237715791066382,22.578956876118998,27.874043192545553,49.27325295299467
2026-02-19 19:00:00,22.209999084472656,23.899999618530273,21.229999542236328,22.649999618530273,30757,29.023600006103514,20.67439995288849,24.93100004196167,1.193728870336485,22.5435423012887,27.318457782634642,42.91236888514738
2026-02-22 19:00:00,21.549999237060547,22.780000686645508,21.549999237060547,21.670000076293945,918,28.825400009155274,20.722749953269958,24.617500019073486,1.185197634624152,22.247104749825183,26.987895288321788,34.74064542016549
2026-02-23 19:00:00,20.020000457763672,21.950000762939453,19.5,21.690000534057617,87686,28.62340000152588,20.76929995536804,24.441000080108644,1.3430793074385403,21.754841465231564,27.127158694985724,34.10476012364077
2026-02-24 19:00:00,21.899999618530273,21.899999618530273,20.0,21.760000228881836,34153,28.41379997253418,20.815849957466124,24.277500057220458,1.4614263370421956,21.354647383136065,27.20035273130485,20.790630924684308
2026-02-25 19:00:00,21.5,22.479999542236328,19.600000381469727,22.3799991607666,178781,28.223399963378906,20.86599995136261,24.192000007629396,1.521749687238782,21.148500633151833,27.23549938210696,28.611490158427657
2026-02-26 19:00:00,21.0,21.84000015258789,20.139999389648438,20.219999313354492,38424,28.00739994049072,20.905499949455262,24.01849994659424,1.761002416715595,20.49649511316305,27.54050478002543,12.439600617723045
2026-03-01 19:00:00,18.520000457763672,18.520000457763672,18.200000762939453,18.200000762939453,11982,27.746799964904785,20.936999955177306,23.74099998474121,2.190459897327341,19.360080190086528,28.121919779395895,9.560972922901612
2026-03-02 19:00:00,16.3799991607666,20.020000457763672,16.3799991607666,19.829999923706055,394272,27.51879997253418,20.976999955177305,23.52249994277954,2.354106949572353,18.814286043634834,28.230713841924246,24.739330460799266
2026-03-03 19:00:00,18.700000762939453,20.899999618530273,18.020000457763672,20.3799991607666,29498,27.306599960327148,21.02054995059967,23.326499938964844,2.447308479178378,18.431882980608087,28.2211168973216,26.954914442142496
2026-03-04 19:00:00,20.5,20.5,20.25,20.290000915527344,51649,27.106799964904784,21.0644499540329,23.05349998474121,2.467189444289815,18.11912109616158,27.98787887332084,26.465192092114506
2026-03-05 19:00:00,20.5,21.100000381469727,19.5,21.010000228881836,66616,26.914999961853027,21.110499954223634,22.832499980926514,2.440931323251072,17.95063733442437,27.714362627428656,32.66967343237859
2026-03-08 19:00:00,20.700000762939453,20.700000762939453,18.90999984741211,19.920000076293945,8725,26.640199966430664,21.151349954605102,22.50649995803833,2.3680754336193486,17.770349090799634,27.242650825277025,30.183936447618606
2026-03-09 19:00:00,21.489999771118164,21.489999771118164,18.649999618530273,20.770000457763672,32909,26.315,21.196749958992005,22.220499992370605,2.2011848971014873,17.81813019816763,26.62286978657358,35.06288855500274
2026-03-10 19:00:00,20.940000534057617,20.940000534057617,19.25,20.690000534057617,8862,25.973800010681153,21.241899962425233,21.99700002670288,2.112142944902962,17.77271413689696,26.221285916508805,37.73265187271233
2026-03-11 19:00:00,20.389999389648438,20.389999389648438,19.510000228881836,20.299999237060547,55012,25.631000022888184,21.284099960327147,21.742500019073486,1.984595550732987,17.773308917607512,25.71169112053946,39.574083943349514
2026-03-12 19:00:00,20.0,21.0,19.799999237060547,20.920000076293945,158901,25.323199996948244,21.33029995918274,21.517000007629395,1.790260392592686,17.936479222444024,25.097520792814766,46.56278518456358
2026-03-15 19:00:00,20.0,20.0,19.75,19.969999313354492,12631,25.063400001525878,21.372849955558777,21.273499965667725,1.6393299171568192,17.994840131354085,24.552159799981364,42.73647908488477
2026-03-16 19:00:00,19.950000762939453,20.75,19.510000228881836,19.760000228881836,8791,24.852400016784667,21.413699955940245,21.02849998474121,1.4632776683570883,18.101944648027033,23.955055321455387,41.65275161408242
2026-03-17 19:00:00,20.450000762939453,21.0,20.010000228881836,20.729999542236328,55044,24.62259998321533,21.459999952316284,20.836499977111817,1.2028923786703787,18.43071521977106,23.242284734452575,43.309001868521605
2026-03-18 19:00:00,20.5,20.75,20.5,20.690000534057617,21175,24.40779998779297,21.505499954223634,20.691499996185303,1.0133646509393959,18.66477069430651,22.718229298064095,52.30167207860745
2026-03-23 19:00:00,20.790000915527344,22.489999771118164,20.100000381469727,21.389999389648438,91825,24.238999977111817,21.557899951934814,20.62849998474121,0.9200701061046436,18.788359772531923,22.4686401969505,67.94150851827902
2026-03-24 19:00:00,20.510000228881836,21.700000762939453,20.510000228881836,21.610000610351562,45378,24.048600006103516,21.611399955749512,20.625500011444093,0.9165866899413245,18.792326631561444,22.45867339132674,61.89840407397557
2026-03-25 19:00:00,20.06999969482422,21.59000015258789,20.06999969482422,20.940000534057617,12037,23.851800003051757,21.6610999584198,20.58800001144409,0.8855600743226967,18.816879862798697,22.359120160089486,53.68422030081906
2026-03-26 19:00:00,20.950000762939453,20.979999542236328,20.889999389648438,20.93000030517578,3111,23.660400009155275,21.711399960517884,20.54650001525879,0.8463249020579573,18.853850211142877,22.239149819374703,54.255314831714536
2026-03-29 19:00:00,20.989999771118164,21.690000534057617,19.350000381469727,20.299999237060547,30961,23.475200004577637,21.758499956130983,20.442500019073485,0.7287976576442936,18.9849047037849,21.90009533436207,45.22206742667941
2026-03-30 19:00:00,20.450000762939453,20.5,19.5,19.8799991607666,33634,23.28,21.80384994983673,20.425500011444093,0.7381661179582998,18.949167775527492,21.901832247360694,49.704135333678686
2026-03-31 19:00:00,20.299999237060547,20.75,20.0,20.68000030517578,31903,23.077000007629394,21.853649950027467,20.549499988555908,0.5209959462551226,19.50750809604566,21.591491881066155,49.32935831816835
2026-04-01 19:00:00,19.950000762939453,20.290000915527344,19.200000762939453,20.260000228881836,29456,22.864400024414063,21.900049953460694,20.571000003814696,0.4981113539994947,19.574777295815707,21.567222711813685,46.95035376567272
2026-04-02 19:00:00,20.5,20.5,20.5,20.260000228881836,100,22.660800018310546,21.944249954223633,20.56500005722046,0.5012459764616842,19.56250810429709,21.567492010143827,49.699707224925895
2026-04-05 19:00:00,20.139999389648438,20.5,19.25,19.809999465942383,26882,22.48840000152588,21.98229995250702,20.540999984741212,0.5259870092842306,19.48902596617275,21.592974003309674,41.448379635752346
2026-04-06 19:00:00,20.25,21.790000915527344,19.389999389648438,21.459999084472656,235468,22.346399993896483,22.03099994659424,20.563499927520752,0.5558804070822776,19.451739113356197,21.675260741685307,60.36161099057175
2026-04-07 19:00:00,22.0,23.610000610351562,22.0,23.610000610351562,316677,22.259799995422362,22.089099950790406,20.747999954223634,0.860150741607591,19.027698471008453,22.468301437438814,71.08433256712121
2026-04-08 19:00:00,23.719999313354492,25.0,21.760000228881836,24.600000381469727,132022,22.247400016784667,22.152099952697753,20.939499950408937,1.2174456643239482,18.50460862176104,23.374391279056834,71.1475376346843
2026-04-09 19:00:00,27.059999465942383,27.059999465942383,24.010000228881836,26.829999923706055,432718,22.28340000152588,22.229149951934815,21.246499919891356,1.7905022129566723,17.66549549397801,24.8275043458047,77.0722982432888
2026-04-12 19:00:00,26.649999618530273,28.0,25.020000457763672,25.940000534057617,19089,22.320400009155275,22.30239995479584,21.52849998474121,2.0577794503391735,17.41294108406286,25.644058885419557,69.73113342618075
2026-04-13 19:00:00,26.25,28.530000686645508,26.25,28.489999771118164,800777,22.416399993896484,22.388899955749512,21.90699996948242,2.5719297631677045,16.763140443147012,27.05085949581783,74.81961728354796
2026-04-14 19:00:00,28.950000762939453,29.479999542236328,26.989999771118164,27.93000030517578,691804,22.5,22.472549958229067,22.305000019073486,2.8565539796932216,16.59189205968704,28.01810797845993,75.41817745996961
2026-04-15 19:00:00,28.5,28.5,26.510000228881836,27.18000030517578,139363,22.559599990844728,22.551699957847596,22.676000022888182,2.9874641238976403,16.701071775092903,28.650928270683462,71.56659515536136
2026-04-16 19:00:00,26.969999313354492,28.969999313354492,26.049999237060547,26.489999771118164,402417,22.60340000152588,22.62814995765686,22.964000034332276,3.066582977645346,16.830834079041583,29.09716598962297,71.2714778254025
2026-04-19 19:00:00,25.049999237060547,27.0,25.049999237060547,25.770000457763672,165679,22.60380001068115,22.698299961090086,23.21800003051758,3.0786782596697924,17.060643511177993,29.375356549857166,69.8316536892039
2026-04-20 19:00:00,25.200000762939453,28.299999237060547,25.200000762939453,27.81999969482422,508127,22.651599998474122,22.77699995994568,23.539500045776368,3.2106443530669866,17.118211339642393,29.960788751910343,72.17391324951107
2026-04-21 19:00:00,28.549999237060547,30.600000381469727,26.520000457763672,30.600000381469727,954402,22.734799995422364,22.86904996395111,23.989000034332275,3.5388311942052586,16.91133764592176,31.06666242274279,78.00650234399313
2026-04-22 19:00:00,31.700000762939453,33.0,29.549999237060547,31.06999969482422,1621680,22.826399993896484,22.964349961280824,24.495499992370604,3.7951250744931064,16.90524984338439,32.08575014135682,78.55256307677024
2026-04-23 19:00:00,31.5,31.5,29.270000457763672,30.43000030517578,266067,22.93180000305176,23.057749962806703,24.970499992370605,3.9179043689007393,17.134691254569127,32.806308730172084,77.77197304373286
2026-04-26 19:00:00,30.899999618530273,33.470001220703125,29.540000915527344,32.290000915527344,919521,23.069800033569337,23.16209996700287,25.570000076293944,4.079622194062361,17.41075568816922,33.72924446441867,78.01345820597118
2026-04-29 19:00:00,27.25,30.0,26.100000381469727,27.959999084472656,369941,23.120400009155272,23.246899962425232,25.97400007247925,3.8817704356149867,18.210459201249275,33.73754094370922,60.11157325327731
