2026-03-14 01:26:40,004 - INFO - Starting Bulk PSX Data Sync (5 years)...
2026-03-14 01:26:49,045 - INFO - Fetching symbol list...
2026-03-14 01:26:49,590 - INFO - HTTP Request: GET https://beta-restapi.sarmaaya.pk/api/stocks/listing?limit=1000 "HTTP/1.1 200 OK"
2026-03-14 01:26:49,597 - INFO - Total symbols: 502. Remaining to sync: 492
2026-03-14 01:26:49,597 - INFO - [1/492] Syncing AGIC from 2021-03-15...
2026-03-14 01:26:50,016 - INFO - HTTP Request: GET https://beta-restapi.sarmaaya.pk/api/tradingview/history?symbol=AGIC&resolution=D&from=1615748400&to=1773428400 "HTTP/1.1 200 OK"
2026-03-14 01:26:52,208 - INFO -   Saved 1079 data points for AGIC
2026-03-14 01:26:52,913 - INFO - [2/492] Syncing AGIL from 2021-03-15...
2026-03-14 01:26:53,285 - INFO - HTTP Request: GET https://beta-restapi.sarmaaya.pk/api/tradingview/history?symbol=AGIL&resolution=D&from=1615748400&to=1773428400 "HTTP/1.1 200 OK"
2026-03-14 01:26:54,878 - INFO -   Saved 1068 data points for AGIL
2026-03-14 01:26:55,581 - INFO - [3/492] Syncing AGL from 2021-03-15...
2026-03-14 01:26:55,903 - INFO - HTTP Request: GET https://beta-restapi.sarmaaya.pk/api/tradingview/history?symbol=AGL&resolution=D&from=1615748400&to=1773428400 "HTTP/1.1 200 OK"
2026-03-14 01:26:57,562 - INFO -   Saved 1233 data points for AGL
2026-03-14 01:26:58,267 - INFO - [4/492] Syncing AGLNCPS from 2021-03-15...
2026-03-14 01:26:58,566 - INFO - HTTP Request: GET https://beta-restapi.sarmaaya.pk/api/tradingview/history?symbol=AGLNCPS&resolution=D&from=1615748400&to=1773428400 "HTTP/1.1 200 OK"
2026-03-14 01:26:59,805 - INFO -   Saved 78 data points for AGLNCPS
2026-03-14 01:27:00,510 - INFO - [5/492] Syncing AGP from 2021-03-15...
2026-03-14 01:27:00,851 - INFO - HTTP Request: GET https://beta-restapi.sarmaaya.pk/api/tradingview/history?symbol=AGP&resolution=D&from=1615748400&to=1773428400 "HTTP/1.1 200 OK"
2026-03-14 01:27:02,515 - INFO -   Saved 1233 data points for AGP
2026-03-14 01:27:03,220 - INFO - [6/492] Syncing AGSML from 2021-03-15...
2026-03-14 01:27:03,571 - INFO - HTTP Request: GET https://beta-restapi.sarmaaya.pk/api/tradingview/history?symbol=AGSML&resolution=D&from=1615748400&to=1773428400 "HTTP/1.1 200 OK"
2026-03-14 01:27:05,132 - INFO -   Saved 1182 data points for AGSML
2026-03-14 01:27:05,837 - INFO - [7/492] Syncing AGTL from 2021-03-15...
2026-03-14 01:27:06,220 - INFO - HTTP Request: GET https://beta-restapi.sarmaaya.pk/api/tradingview/history?symbol=AGTL&resolution=D&from=1615748400&to=1773428400 "HTTP/1.1 200 OK"
2026-03-14 01:27:07,899 - INFO -   Saved 1210 data points for AGTL
2026-03-14 01:27:08,603 - INFO - [8/492] Syncing AHCL from 2021-03-15...
2026-03-14 01:27:08,967 - INFO - HTTP Request: GET https://beta-restapi.sarmaaya.pk/api/tradingview/history?symbol=AHCL&resolution=D&from=1615748400&to=1773428400 "HTTP/1.1 200 OK"
2026-03-14 01:27:10,633 - INFO -   Saved 1111 data points for AHCL
2026-03-14 01:27:11,338 - INFO - [9/492] Syncing AHL from 2021-03-15...
2026-03-14 01:27:11,698 - INFO - HTTP Request: GET https://beta-restapi.sarmaaya.pk/api/tradingview/history?symbol=AHL&resolution=D&from=1615748400&to=1773428400 "HTTP/1.1 200 OK"
2026-03-14 01:27:13,257 - INFO -   Saved 1226 data points for AHL
2026-03-14 01:27:13,963 - INFO - [10/492] Syncing AHTM from 2021-03-15...
2026-03-14 01:27:14,276 - INFO - HTTP Request: GET https://beta-restapi.sarmaaya.pk/api/tradingview/history?symbol=AHTM&resolution=D&from=1615748400&to=1773428400 "HTTP/1.1 200 OK"
2026-03-14 01:27:15,544 - INFO -   Saved 264 data points for AHTM
2026-03-14 01:27:16,246 - INFO - [11/492] Syncing AICL from 2021-03-15...
2026-03-14 01:27:16,609 - INFO - HTTP Request: GET https://beta-restapi.sarmaaya.pk/api/tradingview/history?symbol=AICL&resolution=D&from=1615748400&to=1773428400 "HTTP/1.1 200 OK"
2026-03-14 01:27:18,186 - INFO -   Saved 1216 data points for AICL
2026-03-14 01:27:18,890 - INFO - [12/492] Syncing AIRLINK from 2021-03-15...
2026-03-14 01:27:19,219 - INFO - HTTP Request: GET https://beta-restapi.sarmaaya.pk/api/tradingview/history?symbol=AIRLINK&resolution=D&from=1615748400&to=1773428400 "HTTP/1.1 200 OK"
2026-03-14 01:27:20,902 - INFO -   Saved 1108 data points for AIRLINK
2026-03-14 01:27:21,607 - INFO - [13/492] Syncing AKBL from 2021-03-15...
2026-03-14 01:27:21,987 - INFO - HTTP Request: GET https://beta-restapi.sarmaaya.pk/api/tradingview/history?symbol=AKBL&resolution=D&from=1615748400&to=1773428400 "HTTP/1.1 200 OK"
2026-03-14 01:27:23,667 - INFO -   Saved 1230 data points for AKBL
2026-03-14 01:27:24,369 - INFO - [14/492] Syncing AKDHL from 2021-03-15...
2026-03-14 01:27:24,712 - INFO - HTTP Request: GET https://beta-restapi.sarmaaya.pk/api/tradingview/history?symbol=AKDHL&resolution=D&from=1615748400&to=1773428400 "HTTP/1.1 200 OK"
2026-03-14 01:27:25,971 - INFO -   Saved 968 data points for AKDHL
2026-03-14 01:27:26,676 - INFO - [15/492] Syncing AKDSL from 2021-03-15...
2026-03-14 01:27:26,997 - INFO - HTTP Request: GET https://beta-restapi.sarmaaya.pk/api/tradingview/history?symbol=AKDSL&resolution=D&from=1615748400&to=1773428400 "HTTP/1.1 200 OK"
2026-03-14 01:27:28,240 - INFO -   Saved 697 data points for AKDSL
2026-03-14 01:27:28,945 - INFO - [16/492] Syncing AKGL from 2021-03-15...
2026-03-14 01:27:29,272 - INFO - HTTP Request: GET https://beta-restapi.sarmaaya.pk/api/tradingview/history?symbol=AKGL&resolution=D&from=1615748400&to=1773428400 "HTTP/1.1 200 OK"
2026-03-14 01:27:30,486 - INFO -   Saved 371 data points for AKGL
2026-03-14 01:27:31,186 - INFO - [17/492] Syncing ALAC from 2021-03-15...
2026-03-14 01:27:31,529 - INFO - HTTP Request: GET https://beta-restapi.sarmaaya.pk/api/tradingview/history?symbol=ALAC&resolution=D&from=1615748400&to=1773428400 "HTTP/1.1 200 OK"
2026-03-14 01:27:32,795 - INFO -   Saved 916 data points for ALAC
2026-03-14 01:27:33,496 - INFO - [18/492] Syncing ALIFE from 2021-03-15...
2026-03-14 01:27:33,834 - INFO - HTTP Request: GET https://beta-restapi.sarmaaya.pk/api/tradingview/history?symbol=ALIFE&resolution=D&from=1615748400&to=1773428400 "HTTP/1.1 200 OK"
2026-03-14 01:27:35,133 - INFO -   Saved 845 data points for ALIFE
2026-03-14 01:27:35,837 - INFO - [19/492] Syncing ALNRS from 2021-03-15...
2026-03-14 01:27:36,181 - INFO - HTTP Request: GET https://beta-restapi.sarmaaya.pk/api/tradingview/history?symbol=ALNRS&resolution=D&from=1615748400&to=1773428400 "HTTP/1.1 200 OK"
2026-03-14 01:27:37,486 - INFO -   Saved 773 data points for ALNRS
2026-03-14 01:27:38,190 - INFO - [20/492] Syncing ALTN from 2021-03-15...
2026-03-14 01:27:38,547 - INFO - HTTP Request: GET https://beta-restapi.sarmaaya.pk/api/tradingview/history?symbol=ALTN&resolution=D&from=1615748400&to=1773428400 "HTTP/1.1 200 OK"
2026-03-14 01:27:40,123 - INFO -   Saved 1105 data points for ALTN
2026-03-14 01:27:40,829 - INFO - [21/492] Syncing AMBL from 2021-03-15...
2026-03-14 01:27:41,143 - INFO - HTTP Request: GET https://beta-restapi.sarmaaya.pk/api/tradingview/history?symbol=AMBL&resolution=D&from=1615748400&to=1773428400 "HTTP/1.1 200 OK"
2026-03-14 01:27:42,404 - INFO -   Saved 542 data points for AMBL
2026-03-14 01:27:43,110 - INFO - [22/492] Syncing AMTEX from 2021-03-15...
2026-03-14 01:27:43,414 - INFO - HTTP Request: GET https://beta-restapi.sarmaaya.pk/api/tradingview/history?symbol=AMTEX&resolution=D&from=1615748400&to=1773428400 "HTTP/1.1 200 OK"
2026-03-14 01:27:44,695 - INFO -   Saved 445 data points for AMTEX
2026-03-14 01:27:45,400 - INFO - [23/492] Syncing ANL from 2021-03-15...
2026-03-14 01:27:45,741 - INFO - HTTP Request: GET https://beta-restapi.sarmaaya.pk/api/tradingview/history?symbol=ANL&resolution=D&from=1615748400&to=1773428400 "HTTP/1.1 200 OK"
2026-03-14 01:27:47,629 - INFO -   Saved 1233 data points for ANL
2026-03-14 01:27:48,335 - INFO - [24/492] Syncing ANLNV from 2021-03-15...
2026-03-14 01:27:48,622 - INFO - HTTP Request: GET https://beta-restapi.sarmaaya.pk/api/tradingview/history?symbol=ANLNV&resolution=D&from=1615748400&to=1773428400 "HTTP/1.1 200 OK"
2026-03-14 01:27:49,971 - INFO -   Saved 15 data points for ANLNV
2026-03-14 01:27:50,676 - INFO - [25/492] Syncing ANSM from 2021-03-15...
2026-03-14 01:27:50,966 - INFO - HTTP Request: GET https://beta-restapi.sarmaaya.pk/api/tradingview/history?symbol=ANSM&resolution=D&from=1615748400&to=1773428400 "HTTP/1.1 200 OK"
2026-03-14 01:27:52,545 - INFO -   Saved 150 data points for ANSM
2026-03-14 01:27:53,248 - INFO - [26/492] Syncing ANTM from 2021-03-15...
2026-03-14 01:27:53,563 - INFO - HTTP Request: GET https://beta-restapi.sarmaaya.pk/api/tradingview/history?symbol=ANTM&resolution=D&from=1615748400&to=1773428400 "HTTP/1.1 200 OK"
2026-03-14 01:27:54,993 - INFO -   Saved 510 data points for ANTM
2026-03-14 01:27:55,698 - INFO - [27/492] Syncing APL from 2021-03-15...
2026-03-14 01:27:56,126 - INFO - HTTP Request: GET https://beta-restapi.sarmaaya.pk/api/tradingview/history?symbol=APL&resolution=D&from=1615748400&to=1773428400 "HTTP/1.1 200 OK"
2026-03-14 01:27:57,966 - INFO -   Saved 1232 data points for APL
2026-03-14 01:27:58,672 - INFO - [28/492] Syncing ARCTM from 2021-03-15...
2026-03-14 01:27:58,943 - INFO - HTTP Request: GET https://beta-restapi.sarmaaya.pk/api/tradingview/history?symbol=ARCTM&resolution=D&from=1615748400&to=1773428400 "HTTP/1.1 500 Internal Server Error"
2026-03-14 01:27:58,944 - WARNING -   No history found for ARCTM
2026-03-14 01:27:59,649 - INFO - [29/492] Syncing ARPAK from 2021-03-15...
2026-03-14 01:27:59,963 - INFO - HTTP Request: GET https://beta-restapi.sarmaaya.pk/api/tradingview/history?symbol=ARPAK&resolution=D&from=1615748400&to=1773428400 "HTTP/1.1 200 OK"
2026-03-14 01:28:01,451 - INFO -   Saved 346 data points for ARPAK
2026-03-14 01:28:02,155 - INFO - [30/492] Syncing ARPL from 2021-03-15...
2026-03-14 01:28:02,491 - INFO - HTTP Request: GET https://beta-restapi.sarmaaya.pk/api/tradingview/history?symbol=ARPL&resolution=D&from=1615748400&to=1773428400 "HTTP/1.1 200 OK"
2026-03-14 01:28:04,215 - INFO -   Saved 1174 data points for ARPL
2026-03-14 01:28:04,920 - INFO - [31/492] Syncing ARUJ from 2021-03-15...
2026-03-14 01:28:05,248 - INFO - HTTP Request: GET https://beta-restapi.sarmaaya.pk/api/tradingview/history?symbol=ARUJ&resolution=D&from=1615748400&to=1773428400 "HTTP/1.1 200 OK"
2026-03-14 01:28:06,675 - INFO -   Saved 679 data points for ARUJ
2026-03-14 01:28:07,381 - INFO - [32/492] Syncing ASC from 2021-03-15...
2026-03-14 01:28:07,728 - INFO - HTTP Request: GET https://beta-restapi.sarmaaya.pk/api/tradingview/history?symbol=ASC&resolution=D&from=1615748400&to=1773428400 "HTTP/1.1 200 OK"
2026-03-14 01:28:09,541 - INFO -   Saved 1233 data points for ASC
2026-03-14 01:28:10,247 - INFO - [33/492] Syncing ASHT from 2021-03-15...
2026-03-14 01:28:10,667 - INFO - HTTP Request: GET https://beta-restapi.sarmaaya.pk/api/tradingview/history?symbol=ASHT&resolution=D&from=1615748400&to=1773428400 "HTTP/1.1 200 OK"
2026-03-14 01:28:12,204 - INFO -   Saved 637 data points for ASHT
2026-03-14 01:28:12,905 - INFO - [34/492] Syncing ASIC from 2021-03-15...
2026-03-14 01:28:13,196 - INFO - HTTP Request: GET https://beta-restapi.sarmaaya.pk/api/tradingview/history?symbol=ASIC&resolution=D&from=1615748400&to=1773428400 "HTTP/1.1 200 OK"
2026-03-14 01:28:14,399 - INFO -   Saved 173 data points for ASIC
2026-03-14 01:28:15,104 - INFO - [35/492] Syncing ASL from 2021-03-15...
2026-03-14 01:28:15,438 - INFO - HTTP Request: GET https://beta-restapi.sarmaaya.pk/api/tradingview/history?symbol=ASL&resolution=D&from=1615748400&to=1773428400 "HTTP/1.1 200 OK"
2026-03-14 01:28:17,131 - INFO -   Saved 1233 data points for ASL
2026-03-14 01:28:17,834 - INFO - [36/492] Syncing ASLCPS from 2021-03-15...
2026-03-14 01:28:18,125 - INFO - HTTP Request: GET https://beta-restapi.sarmaaya.pk/api/tradingview/history?symbol=ASLCPS&resolution=D&from=1615748400&to=1773428400 "HTTP/1.1 200 OK"
2026-03-14 01:28:19,369 - INFO -   Saved 163 data points for ASLCPS
2026-03-14 01:28:20,072 - INFO - [37/492] Syncing ASLPS from 2021-03-15...
2026-03-14 01:28:20,382 - INFO - HTTP Request: GET https://beta-restapi.sarmaaya.pk/api/tradingview/history?symbol=ASLPS&resolution=D&from=1615748400&to=1773428400 "HTTP/1.1 200 OK"
2026-03-14 01:28:21,723 - INFO -   Saved 409 data points for ASLPS
2026-03-14 01:28:22,427 - INFO - [38/492] Syncing ASTL from 2021-03-15...
2026-03-14 01:28:22,767 - INFO - HTTP Request: GET https://beta-restapi.sarmaaya.pk/api/tradingview/history?symbol=ASTL&resolution=D&from=1615748400&to=1773428400 "HTTP/1.1 200 OK"
2026-03-14 01:28:24,386 - INFO -   Saved 1233 data points for ASTL
2026-03-14 01:28:25,091 - INFO - [39/492] Syncing ASTM from 2021-03-15...
2026-03-14 01:28:25,439 - INFO - HTTP Request: GET https://beta-restapi.sarmaaya.pk/api/tradingview/history?symbol=ASTM&resolution=D&from=1615748400&to=1773428400 "HTTP/1.1 200 OK"
2026-03-14 01:28:27,135 - INFO -   Saved 1021 data points for ASTM
2026-03-14 01:28:27,839 - INFO - [40/492] Syncing ATBA from 2021-03-15...
2026-03-14 01:28:28,179 - INFO - HTTP Request: GET https://beta-restapi.sarmaaya.pk/api/tradingview/history?symbol=ATBA&resolution=D&from=1615748400&to=1773428400 "HTTP/1.1 200 OK"
2026-03-14 01:28:30,097 - INFO -   Saved 1233 data points for ATBA
2026-03-14 01:28:30,804 - INFO - [41/492] Syncing ATIL from 2021-03-15...
2026-03-14 01:28:31,150 - INFO - HTTP Request: GET https://beta-restapi.sarmaaya.pk/api/tradingview/history?symbol=ATIL&resolution=D&from=1615748400&to=1773428400 "HTTP/1.1 200 OK"
2026-03-14 01:28:32,981 - INFO -   Saved 1034 data points for ATIL
2026-03-14 01:28:33,689 - INFO - [42/492] Syncing ATLH from 2021-03-15...
2026-03-14 01:28:34,029 - INFO - HTTP Request: GET https://beta-restapi.sarmaaya.pk/api/tradingview/history?symbol=ATLH&resolution=D&from=1615748400&to=1773428400 "HTTP/1.1 200 OK"
2026-03-14 01:28:35,847 - INFO -   Saved 1105 data points for ATLH
2026-03-14 01:28:36,548 - INFO - [43/492] Syncing ATRL from 2021-03-15...
2026-03-14 01:28:36,876 - INFO - HTTP Request: GET https://beta-restapi.sarmaaya.pk/api/tradingview/history?symbol=ATRL&resolution=D&from=1615748400&to=1773428400 "HTTP/1.1 200 OK"
2026-03-14 01:28:38,819 - INFO -   Saved 1233 data points for ATRL
2026-03-14 01:28:39,519 - INFO - [44/492] Syncing AVN from 2021-03-15...
2026-03-14 01:28:39,850 - INFO - HTTP Request: GET https://beta-restapi.sarmaaya.pk/api/tradingview/history?symbol=AVN&resolution=D&from=1615748400&to=1773428400 "HTTP/1.1 200 OK"
2026-03-14 01:28:41,694 - INFO -   Saved 1233 data points for AVN
2026-03-14 01:28:42,400 - INFO - [45/492] Syncing BAFL from 2021-03-15...
2026-03-14 01:28:42,782 - INFO - HTTP Request: GET https://beta-restapi.sarmaaya.pk/api/tradingview/history?symbol=BAFL&resolution=D&from=1615748400&to=1773428400 "HTTP/1.1 200 OK"
2026-03-14 01:28:44,456 - INFO -   Saved 1233 data points for BAFL
2026-03-14 01:28:45,162 - INFO - [46/492] Syncing BAFS from 2021-03-15...
2026-03-14 01:28:45,469 - INFO - HTTP Request: GET https://beta-restapi.sarmaaya.pk/api/tradingview/history?symbol=BAFS&resolution=D&from=1615748400&to=1773428400 "HTTP/1.1 200 OK"
2026-03-14 01:28:46,698 - INFO -   Saved 276 data points for BAFS
2026-03-14 01:28:47,402 - INFO - [47/492] Syncing BAHL from 2021-03-15...
2026-03-14 01:28:47,767 - INFO - HTTP Request: GET https://beta-restapi.sarmaaya.pk/api/tradingview/history?symbol=BAHL&resolution=D&from=1615748400&to=1773428400 "HTTP/1.1 200 OK"
2026-03-14 01:28:49,474 - INFO -   Saved 1233 data points for BAHL
2026-03-14 01:28:50,178 - INFO - [48/492] Syncing BAPL from 2021-03-15...
2026-03-14 01:28:50,603 - INFO - HTTP Request: GET https://beta-restapi.sarmaaya.pk/api/tradingview/history?symbol=BAPL&resolution=D&from=1615748400&to=1773428400 "HTTP/1.1 200 OK"
2026-03-14 01:28:52,039 - INFO -   Saved 985 data points for BAPL
2026-03-14 01:28:52,744 - INFO - [49/492] Syncing BATA from 2021-03-15...
2026-03-14 01:28:53,163 - INFO - HTTP Request: GET https://beta-restapi.sarmaaya.pk/api/tradingview/history?symbol=BATA&resolution=D&from=1615748400&to=1773428400 "HTTP/1.1 200 OK"
2026-03-14 01:28:54,696 - INFO -   Saved 980 data points for BATA
2026-03-14 01:28:55,401 - INFO - [50/492] Syncing BBFL from 2021-03-15...
2026-03-14 01:28:55,674 - INFO - HTTP Request: GET https://beta-restapi.sarmaaya.pk/api/tradingview/history?symbol=BBFL&resolution=D&from=1615748400&to=1773428400 "HTTP/1.1 500 Internal Server Error"
2026-03-14 01:28:55,677 - WARNING -   No history found for BBFL
2026-03-14 01:28:56,381 - INFO - [51/492] Syncing BCL from 2021-03-15...
2026-03-14 01:28:56,746 - INFO - HTTP Request: GET https://beta-restapi.sarmaaya.pk/api/tradingview/history?symbol=BCL&resolution=D&from=1615748400&to=1773428400 "HTTP/1.1 200 OK"
2026-03-14 01:28:58,586 - INFO -   Saved 1176 data points for BCL
2026-03-14 01:28:59,287 - INFO - [52/492] Syncing BECO from 2021-03-15...
2026-03-14 01:29:00,132 - INFO - HTTP Request: GET https://beta-restapi.sarmaaya.pk/api/tradingview/history?symbol=BECO&resolution=D&from=1615748400&to=1773428400 "HTTP/1.1 200 OK"
2026-03-14 01:29:02,176 - INFO -   Saved 1114 data points for BECO
2026-03-14 01:29:02,882 - INFO - [53/492] Syncing BELA from 2021-03-15...
2026-03-14 01:29:03,436 - INFO - HTTP Request: GET https://beta-restapi.sarmaaya.pk/api/tradingview/history?symbol=BELA&resolution=D&from=1615748400&to=1773428400 "HTTP/1.1 200 OK"
2026-03-14 01:29:04,739 - INFO -   Saved 502 data points for BELA
2026-03-14 01:29:05,444 - INFO - [54/492] Syncing BERG from 2021-03-15...
2026-03-14 01:29:05,809 - INFO - HTTP Request: GET https://beta-restapi.sarmaaya.pk/api/tradingview/history?symbol=BERG&resolution=D&from=1615748400&to=1773428400 "HTTP/1.1 200 OK"
2026-03-14 01:29:07,604 - INFO -   Saved 1219 data points for BERG
2026-03-14 01:29:08,310 - INFO - [55/492] Syncing BFAGRO from 2021-03-15...
2026-03-14 01:29:08,612 - INFO - HTTP Request: GET https://beta-restapi.sarmaaya.pk/api/tradingview/history?symbol=BFAGRO&resolution=D&from=1615748400&to=1773428400 "HTTP/1.1 200 OK"
2026-03-14 01:29:09,956 - INFO -   Saved 256 data points for BFAGRO
2026-03-14 01:29:10,661 - INFO - [56/492] Syncing BFBIO from 2021-03-15...
2026-03-14 01:29:10,966 - INFO - HTTP Request: GET https://beta-restapi.sarmaaya.pk/api/tradingview/history?symbol=BFBIO&resolution=D&from=1615748400&to=1773428400 "HTTP/1.1 200 OK"
2026-03-14 01:29:12,179 - INFO -   Saved 353 data points for BFBIO
2026-03-14 01:29:12,882 - INFO - [57/492] Syncing BFMOD from 2021-03-15...
2026-03-14 01:29:13,211 - INFO - HTTP Request: GET https://beta-restapi.sarmaaya.pk/api/tradingview/history?symbol=BFMOD&resolution=D&from=1615748400&to=1773428400 "HTTP/1.1 200 OK"
2026-03-14 01:29:14,695 - INFO -   Saved 636 data points for BFMOD
2026-03-14 01:29:15,401 - INFO - [58/492] Syncing BGL from 2021-03-15...
2026-03-14 01:29:15,768 - INFO - HTTP Request: GET https://beta-restapi.sarmaaya.pk/api/tradingview/history?symbol=BGL&resolution=D&from=1615748400&to=1773428400 "HTTP/1.1 200 OK"
2026-03-14 01:29:17,435 - INFO -   Saved 1233 data points for BGL
2026-03-14 01:29:18,141 - INFO - [59/492] Syncing BHAT from 2021-03-15...
2026-03-14 01:29:18,472 - INFO - HTTP Request: GET https://beta-restapi.sarmaaya.pk/api/tradingview/history?symbol=BHAT&resolution=D&from=1615748400&to=1773428400 "HTTP/1.1 200 OK"
2026-03-14 01:29:19,773 - INFO -   Saved 517 data points for BHAT
2026-03-14 01:29:20,477 - INFO - [60/492] Syncing BIFO from 2021-03-15...
2026-03-14 01:29:20,914 - INFO - HTTP Request: GET https://beta-restapi.sarmaaya.pk/api/tradingview/history?symbol=BIFO&resolution=D&from=1615748400&to=1773428400 "HTTP/1.1 200 OK"
2026-03-14 01:29:22,750 - INFO -   Saved 1212 data points for BIFO
2026-03-14 01:29:23,455 - INFO - [61/492] Syncing BIPL from 2021-03-15...
2026-03-14 01:29:23,799 - INFO - HTTP Request: GET https://beta-restapi.sarmaaya.pk/api/tradingview/history?symbol=BIPL&resolution=D&from=1615748400&to=1773428400 "HTTP/1.1 200 OK"
2026-03-14 01:29:25,536 - INFO -   Saved 1231 data points for BIPL
2026-03-14 01:29:26,238 - INFO - [62/492] Syncing BLUEX from 2021-03-15...
2026-03-14 01:29:26,507 - INFO - HTTP Request: GET https://beta-restapi.sarmaaya.pk/api/tradingview/history?symbol=BLUEX&resolution=D&from=1615748400&to=1773428400 "HTTP/1.1 500 Internal Server Error"
2026-03-14 01:29:26,508 - WARNING -   No history found for BLUEX
2026-03-14 01:29:27,213 - INFO - [63/492] Syncing BML from 2021-03-15...
2026-03-14 01:29:27,481 - INFO - HTTP Request: GET https://beta-restapi.sarmaaya.pk/api/tradingview/history?symbol=BML&resolution=D&from=1615748400&to=1773428400 "HTTP/1.1 500 Internal Server Error"
2026-03-14 01:29:27,482 - WARNING -   No history found for BML
2026-03-14 01:29:28,187 - INFO - [64/492] Syncing BNL from 2021-03-15...
2026-03-14 01:29:28,592 - INFO - HTTP Request: GET https://beta-restapi.sarmaaya.pk/api/tradingview/history?symbol=BNL&resolution=D&from=1615748400&to=1773428400 "HTTP/1.1 200 OK"
2026-03-14 01:29:30,646 - INFO -   Saved 1194 data points for BNL
2026-03-14 01:29:31,351 - INFO - [65/492] Syncing BNWM from 2021-03-15...
2026-03-14 01:29:31,767 - INFO - HTTP Request: GET https://beta-restapi.sarmaaya.pk/api/tradingview/history?symbol=BNWM&resolution=D&from=1615748400&to=1773428400 "HTTP/1.1 200 OK"
2026-03-14 01:29:33,408 - INFO -   Saved 982 data points for BNWM
2026-03-14 01:29:34,111 - INFO - [66/492] Syncing BOK from 2021-03-15...
2026-03-14 01:29:34,531 - INFO - HTTP Request: GET https://beta-restapi.sarmaaya.pk/api/tradingview/history?symbol=BOK&resolution=D&from=1615748400&to=1773428400 "HTTP/1.1 200 OK"
2026-03-14 01:29:36,271 - INFO -   Saved 1055 data points for BOK
2026-03-14 01:29:36,977 - INFO - [67/492] Syncing BOP from 2021-03-15...
2026-03-14 01:29:37,310 - INFO - HTTP Request: GET https://beta-restapi.sarmaaya.pk/api/tradingview/history?symbol=BOP&resolution=D&from=1615748400&to=1773428400 "HTTP/1.1 200 OK"
2026-03-14 01:29:38,997 - INFO -   Saved 1233 data points for BOP
2026-03-14 01:29:39,702 - INFO - [68/492] Syncing BPL from 2021-03-15...
2026-03-14 01:29:40,162 - INFO - HTTP Request: GET https://beta-restapi.sarmaaya.pk/api/tradingview/history?symbol=BPL&resolution=D&from=1615748400&to=1773428400 "HTTP/1.1 200 OK"
2026-03-14 01:29:41,699 - INFO -   Saved 891 data points for BPL
2026-03-14 01:29:42,404 - INFO - [69/492] Syncing BRRG from 2021-03-15...
2026-03-14 01:29:42,679 - INFO - HTTP Request: GET https://beta-restapi.sarmaaya.pk/api/tradingview/history?symbol=BRRG&resolution=D&from=1615748400&to=1773428400 "HTTP/1.1 500 Internal Server Error"
2026-03-14 01:29:42,680 - WARNING -   No history found for BRRG
2026-03-14 01:29:43,385 - INFO - [70/492] Syncing BTL from 2021-03-15...
2026-03-14 01:29:43,723 - INFO - HTTP Request: GET https://beta-restapi.sarmaaya.pk/api/tradingview/history?symbol=BTL&resolution=D&from=1615748400&to=1773428400 "HTTP/1.1 200 OK"
2026-03-14 01:29:45,181 - INFO -   Saved 720 data points for BTL
2026-03-14 01:29:45,887 - INFO - [71/492] Syncing BUXL from 2021-03-15...
2026-03-14 01:29:46,240 - INFO - HTTP Request: GET https://beta-restapi.sarmaaya.pk/api/tradingview/history?symbol=BUXL&resolution=D&from=1615748400&to=1773428400 "HTTP/1.1 200 OK"
2026-03-14 01:29:47,997 - INFO -   Saved 1121 data points for BUXL
2026-03-14 01:29:48,702 - INFO - [72/492] Syncing BWCL from 2021-03-15...
2026-03-14 01:29:49,072 - INFO - HTTP Request: GET https://beta-restapi.sarmaaya.pk/api/tradingview/history?symbol=BWCL&resolution=D&from=1615748400&to=1773428400 "HTTP/1.1 200 OK"
2026-03-14 01:29:50,623 - INFO -   Saved 1223 data points for BWCL
2026-03-14 01:29:51,328 - INFO - [73/492] Syncing BWHL from 2021-03-15...
2026-03-14 01:29:51,676 - INFO - HTTP Request: GET https://beta-restapi.sarmaaya.pk/api/tradingview/history?symbol=BWHL&resolution=D&from=1615748400&to=1773428400 "HTTP/1.1 200 OK"
2026-03-14 01:29:52,926 - INFO -   Saved 966 data points for BWHL
2026-03-14 01:29:53,630 - INFO - [74/492] Syncing CASH from 2021-03-15...
2026-03-14 01:29:53,937 - INFO - HTTP Request: GET https://beta-restapi.sarmaaya.pk/api/tradingview/history?symbol=CASH&resolution=D&from=1615748400&to=1773428400 "HTTP/1.1 200 OK"
2026-03-14 01:29:55,318 - INFO -   Saved 467 data points for CASH
2026-03-14 01:29:56,023 - INFO - [75/492] Syncing CCM from 2021-03-15...
2026-03-14 01:29:56,339 - INFO - HTTP Request: GET https://beta-restapi.sarmaaya.pk/api/tradingview/history?symbol=CCM&resolution=D&from=1615748400&to=1773428400 "HTTP/1.1 200 OK"
2026-03-14 01:29:57,695 - INFO -   Saved 536 data points for CCM
2026-03-14 01:29:58,400 - INFO - [76/492] Syncing CENI from 2021-03-15...
2026-03-14 01:29:58,763 - INFO - HTTP Request: GET https://beta-restapi.sarmaaya.pk/api/tradingview/history?symbol=CENI&resolution=D&from=1615748400&to=1773428400 "HTTP/1.1 200 OK"
2026-03-14 01:30:00,233 - INFO -   Saved 817 data points for CENI
2026-03-14 01:30:00,938 - INFO - [77/492] Syncing CEPB from 2021-03-15...
2026-03-14 01:30:01,331 - INFO - HTTP Request: GET https://beta-restapi.sarmaaya.pk/api/tradingview/history?symbol=CEPB&resolution=D&from=1615748400&to=1773428400 "HTTP/1.1 200 OK"
2026-03-14 01:30:02,918 - INFO -   Saved 1230 data points for CEPB
2026-03-14 01:30:03,623 - INFO - [78/492] Syncing CFL from 2021-03-15...
2026-03-14 01:30:03,939 - INFO - HTTP Request: GET https://beta-restapi.sarmaaya.pk/api/tradingview/history?symbol=CFL&resolution=D&from=1615748400&to=1773428400 "HTTP/1.1 200 OK"
2026-03-14 01:30:05,245 - INFO -   Saved 355 data points for CFL
2026-03-14 01:30:05,950 - INFO - [79/492] Syncing CHAS from 2021-03-15...
2026-03-14 01:30:06,356 - INFO - HTTP Request: GET https://beta-restapi.sarmaaya.pk/api/tradingview/history?symbol=CHAS&resolution=D&from=1615748400&to=1773428400 "HTTP/1.1 200 OK"
2026-03-14 01:30:07,594 - INFO -   Saved 831 data points for CHAS
2026-03-14 01:30:08,300 - INFO - [80/492] Syncing CHBL from 2021-03-15...
2026-03-14 01:30:08,624 - INFO - HTTP Request: GET https://beta-restapi.sarmaaya.pk/api/tradingview/history?symbol=CHBL&resolution=D&from=1615748400&to=1773428400 "HTTP/1.1 200 OK"
2026-03-14 01:30:09,830 - INFO -   Saved 445 data points for CHBL
2026-03-14 01:30:10,536 - INFO - [81/492] Syncing CHCC from 2021-03-15...
2026-03-14 01:30:10,909 - INFO - HTTP Request: GET https://beta-restapi.sarmaaya.pk/api/tradingview/history?symbol=CHCC&resolution=D&from=1615748400&to=1773428400 "HTTP/1.1 200 OK"
2026-03-14 01:30:12,447 - INFO -   Saved 1233 data points for CHCC
2026-03-14 01:30:13,154 - INFO - [82/492] Syncing CJPL from 2021-03-15...
2026-03-14 01:30:13,475 - INFO - HTTP Request: GET https://beta-restapi.sarmaaya.pk/api/tradingview/history?symbol=CJPL&resolution=D&from=1615748400&to=1773428400 "HTTP/1.1 200 OK"
2026-03-14 01:30:14,865 - INFO -   Saved 445 data points for CJPL
2026-03-14 01:30:15,570 - INFO - [83/492] Syncing CLCPS from 2021-03-15...
2026-03-14 01:30:15,876 - INFO - HTTP Request: GET https://beta-restapi.sarmaaya.pk/api/tradingview/history?symbol=CLCPS&resolution=D&from=1615748400&to=1773428400 "HTTP/1.1 200 OK"
2026-03-14 01:30:17,095 - INFO -   Saved 442 data points for CLCPS
2026-03-14 01:30:17,800 - INFO - [84/492] Syncing CLOV from 2021-03-15...
2026-03-14 01:30:18,475 - INFO - HTTP Request: GET https://beta-restapi.sarmaaya.pk/api/tradingview/history?symbol=CLOV&resolution=D&from=1615748400&to=1773428400 "HTTP/1.1 200 OK"
2026-03-14 01:30:20,222 - INFO -   Saved 1224 data points for CLOV
2026-03-14 01:30:20,924 - INFO - [85/492] Syncing CLVL from 2021-03-15...
2026-03-14 01:30:21,260 - INFO - HTTP Request: GET https://beta-restapi.sarmaaya.pk/api/tradingview/history?symbol=CLVL&resolution=D&from=1615748400&to=1773428400 "HTTP/1.1 200 OK"
2026-03-14 01:30:22,801 - INFO -   Saved 1062 data points for CLVL
2026-03-14 01:30:23,504 - INFO - [86/492] Syncing CNERGY from 2021-03-15...
2026-03-14 01:30:23,840 - INFO - HTTP Request: GET https://beta-restapi.sarmaaya.pk/api/tradingview/history?symbol=CNERGY&resolution=D&from=1615748400&to=1773428400 "HTTP/1.1 200 OK"
2026-03-14 01:30:25,437 - INFO -   Saved 1048 data points for CNERGY
2026-03-14 01:30:26,142 - INFO - [87/492] Syncing COLG from 2021-03-15...
2026-03-14 01:30:26,493 - INFO - HTTP Request: GET https://beta-restapi.sarmaaya.pk/api/tradingview/history?symbol=COLG&resolution=D&from=1615748400&to=1773428400 "HTTP/1.1 200 OK"
2026-03-14 01:30:28,041 - INFO -   Saved 1142 data points for COLG
2026-03-14 01:30:28,746 - INFO - [88/492] Syncing CPHL from 2021-03-15...
2026-03-14 01:30:29,077 - INFO - HTTP Request: GET https://beta-restapi.sarmaaya.pk/api/tradingview/history?symbol=CPHL&resolution=D&from=1615748400&to=1773428400 "HTTP/1.1 200 OK"
2026-03-14 01:30:30,656 - INFO -   Saved 1151 data points for CPHL
2026-03-14 01:30:31,361 - INFO - [89/492] Syncing CPPL from 2021-03-15...
2026-03-14 01:30:31,726 - INFO - HTTP Request: GET https://beta-restapi.sarmaaya.pk/api/tradingview/history?symbol=CPPL&resolution=D&from=1615748400&to=1773428400 "HTTP/1.1 200 OK"
2026-03-14 01:30:33,306 - INFO -   Saved 1205 data points for CPPL
2026-03-14 01:30:34,011 - INFO - [90/492] Syncing CRTM from 2021-03-15...
2026-03-14 01:30:34,375 - INFO - HTTP Request: GET https://beta-restapi.sarmaaya.pk/api/tradingview/history?symbol=CRTM&resolution=D&from=1615748400&to=1773428400 "HTTP/1.1 200 OK"
2026-03-14 01:30:35,989 - INFO -   Saved 1217 data points for CRTM
2026-03-14 01:30:36,690 - INFO - [91/492] Syncing CSAP from 2021-03-15...
2026-03-14 01:30:37,049 - INFO - HTTP Request: GET https://beta-restapi.sarmaaya.pk/api/tradingview/history?symbol=CSAP&resolution=D&from=1615748400&to=1773428400 "HTTP/1.1 200 OK"
2026-03-14 01:30:38,615 - INFO -   Saved 1227 data points for CSAP
2026-03-14 01:30:39,319 - INFO - [92/492] Syncing CSIL from 2021-03-15...
2026-03-14 01:30:39,760 - INFO - HTTP Request: GET https://beta-restapi.sarmaaya.pk/api/tradingview/history?symbol=CSIL&resolution=D&from=1615748400&to=1773428400 "HTTP/1.1 200 OK"
2026-03-14 01:30:41,701 - INFO -   Saved 1227 data points for CSIL
2026-03-14 01:30:42,406 - INFO - [93/492] Syncing CTM from 2021-03-15...
2026-03-14 01:30:42,746 - INFO - HTTP Request: GET https://beta-restapi.sarmaaya.pk/api/tradingview/history?symbol=CTM&resolution=D&from=1615748400&to=1773428400 "HTTP/1.1 200 OK"
2026-03-14 01:30:44,368 - INFO -   Saved 1204 data points for CTM
2026-03-14 01:30:45,073 - INFO - [94/492] Syncing CYAN from 2021-03-15...
2026-03-14 01:30:45,492 - INFO - HTTP Request: GET https://beta-restapi.sarmaaya.pk/api/tradingview/history?symbol=CYAN&resolution=D&from=1615748400&to=1773428400 "HTTP/1.1 200 OK"
2026-03-14 01:30:47,235 - INFO -   Saved 1171 data points for CYAN
2026-03-14 01:30:47,939 - INFO - [95/492] Syncing DAAG from 2021-03-15...
2026-03-14 01:30:48,360 - INFO - HTTP Request: GET https://beta-restapi.sarmaaya.pk/api/tradingview/history?symbol=DAAG&resolution=D&from=1615748400&to=1773428400 "HTTP/1.1 200 OK"
2026-03-14 01:30:49,692 - INFO -   Saved 853 data points for DAAG
2026-03-14 01:30:50,393 - INFO - [96/492] Syncing DADX from 2021-03-15...
2026-03-14 01:30:50,725 - INFO - HTTP Request: GET https://beta-restapi.sarmaaya.pk/api/tradingview/history?symbol=DADX&resolution=D&from=1615748400&to=1773428400 "HTTP/1.1 200 OK"
2026-03-14 01:30:52,085 - INFO -   Saved 781 data points for DADX
2026-03-14 01:30:52,791 - INFO - [97/492] Syncing DBCI from 2021-03-15...
2026-03-14 01:30:53,119 - INFO - HTTP Request: GET https://beta-restapi.sarmaaya.pk/api/tradingview/history?symbol=DBCI&resolution=D&from=1615748400&to=1773428400 "HTTP/1.1 200 OK"
2026-03-14 01:30:54,607 - INFO -   Saved 445 data points for DBCI
2026-03-14 01:30:55,312 - INFO - [98/492] Syncing DCL from 2021-03-15...
2026-03-14 01:30:55,647 - INFO - HTTP Request: GET https://beta-restapi.sarmaaya.pk/api/tradingview/history?symbol=DCL&resolution=D&from=1615748400&to=1773428400 "HTTP/1.1 200 OK"
2026-03-14 01:30:57,296 - INFO -   Saved 1233 data points for DCL
2026-03-14 01:30:58,002 - INFO - [99/492] Syncing DCR from 2021-03-15...
2026-03-14 01:30:58,399 - INFO - HTTP Request: GET https://beta-restapi.sarmaaya.pk/api/tradingview/history?symbol=DCR&resolution=D&from=1615748400&to=1773428400 "HTTP/1.1 200 OK"
2026-03-14 01:31:00,236 - INFO -   Saved 1232 data points for DCR
2026-03-14 01:31:00,942 - INFO - [100/492] Syncing DEL from 2021-03-15...
2026-03-14 01:31:01,466 - INFO - HTTP Request: GET https://beta-restapi.sarmaaya.pk/api/tradingview/history?symbol=DEL&resolution=D&from=1615748400&to=1773428400 "HTTP/1.1 200 OK"
2026-03-14 01:31:03,415 - INFO -   Saved 1167 data points for DEL
2026-03-14 01:31:04,120 - INFO - [101/492] Syncing DFML from 2021-03-15...
2026-03-14 01:31:05,946 - INFO - HTTP Request: GET https://beta-restapi.sarmaaya.pk/api/tradingview/history?symbol=DFML&resolution=D&from=1615748400&to=1773428400 "HTTP/1.1 200 OK"
2026-03-14 01:31:07,627 - INFO -   Saved 1233 data points for DFML
2026-03-14 01:31:08,333 - INFO - [102/492] Syncing DFSM from 2021-03-15...
2026-03-14 01:31:09,351 - INFO - HTTP Request: GET https://beta-restapi.sarmaaya.pk/api/tradingview/history?symbol=DFSM&resolution=D&from=1615748400&to=1773428400 "HTTP/1.1 200 OK"
2026-03-14 01:31:11,196 - INFO -   Saved 1227 data points for DFSM
2026-03-14 01:31:11,901 - INFO - [103/492] Syncing DGKC from 2021-03-15...
2026-03-14 01:31:12,277 - INFO - HTTP Request: GET https://beta-restapi.sarmaaya.pk/api/tradingview/history?symbol=DGKC&resolution=D&from=1615748400&to=1773428400 "HTTP/1.1 200 OK"
2026-03-14 01:31:13,940 - INFO -   Saved 1233 data points for DGKC
2026-03-14 01:31:14,645 - INFO - [104/492] Syncing DHPL from 2021-03-15...
2026-03-14 01:31:14,918 - INFO - HTTP Request: GET https://beta-restapi.sarmaaya.pk/api/tradingview/history?symbol=DHPL&resolution=D&from=1615748400&to=1773428400 "HTTP/1.1 500 Internal Server Error"
2026-03-14 01:31:14,920 - WARNING -   No history found for DHPL
2026-03-14 01:31:15,625 - INFO - [105/492] Syncing DIIL from 2021-03-15...
2026-03-14 01:31:15,937 - INFO - HTTP Request: GET https://beta-restapi.sarmaaya.pk/api/tradingview/history?symbol=DIIL&resolution=D&from=1615748400&to=1773428400 "HTTP/1.1 200 OK"
2026-03-14 01:31:17,223 - INFO -   Saved 316 data points for DIIL
2026-03-14 01:31:17,924 - INFO - [106/492] Syncing DINT from 2021-03-15...
2026-03-14 01:31:18,242 - INFO - HTTP Request: GET https://beta-restapi.sarmaaya.pk/api/tradingview/history?symbol=DINT&resolution=D&from=1615748400&to=1773428400 "HTTP/1.1 200 OK"
2026-03-14 01:31:19,473 - INFO -   Saved 442 data points for DINT
2026-03-14 01:31:20,173 - INFO - [107/492] Syncing DLL from 2021-03-15...
2026-03-14 01:31:20,604 - INFO - HTTP Request: GET https://beta-restapi.sarmaaya.pk/api/tradingview/history?symbol=DLL&resolution=D&from=1615748400&to=1773428400 "HTTP/1.1 200 OK"
2026-03-14 01:31:21,883 - INFO -   Saved 860 data points for DLL
2026-03-14 01:31:22,588 - INFO - [108/492] Syncing DMC from 2021-03-15...
2026-03-14 01:31:22,859 - INFO - HTTP Request: GET https://beta-restapi.sarmaaya.pk/api/tradingview/history?symbol=DMC&resolution=D&from=1615748400&to=1773428400 "HTTP/1.1 500 Internal Server Error"
2026-03-14 01:31:22,860 - WARNING -   No history found for DMC
2026-03-14 01:31:23,565 - INFO - [109/492] Syncing DNCC from 2021-03-15...
2026-03-14 01:31:23,917 - INFO - HTTP Request: GET https://beta-restapi.sarmaaya.pk/api/tradingview/history?symbol=DNCC&resolution=D&from=1615748400&to=1773428400 "HTTP/1.1 200 OK"
2026-03-14 01:31:25,162 - INFO -   Saved 990 data points for DNCC
2026-03-14 01:31:25,864 - INFO - [110/492] Syncing DOL from 2021-03-15...
2026-03-14 01:31:26,213 - INFO - HTTP Request: GET https://beta-restapi.sarmaaya.pk/api/tradingview/history?symbol=DOL&resolution=D&from=1615748400&to=1773428400 "HTTP/1.1 200 OK"
2026-03-14 01:31:27,764 - INFO -   Saved 1233 data points for DOL
2026-03-14 01:31:28,469 - INFO - [111/492] Syncing DSIL from 2021-03-15...
2026-03-14 01:31:28,904 - INFO - HTTP Request: GET https://beta-restapi.sarmaaya.pk/api/tradingview/history?symbol=DSIL&resolution=D&from=1615748400&to=1773428400 "HTTP/1.1 200 OK"
2026-03-14 01:31:30,655 - INFO -   Saved 1226 data points for DSIL
2026-03-14 01:31:31,361 - INFO - [112/492] Syncing DSL from 2021-03-15...
2026-03-14 01:31:31,690 - INFO - HTTP Request: GET https://beta-restapi.sarmaaya.pk/api/tradingview/history?symbol=DSL&resolution=D&from=1615748400&to=1773428400 "HTTP/1.1 200 OK"
2026-03-14 01:31:33,418 - INFO -   Saved 1233 data points for DSL
2026-03-14 01:31:34,124 - INFO - [113/492] Syncing DWAE from 2021-03-15...
2026-03-14 01:31:34,442 - INFO - HTTP Request: GET https://beta-restapi.sarmaaya.pk/api/tradingview/history?symbol=DWAE&resolution=D&from=1615748400&to=1773428400 "HTTP/1.1 200 OK"
2026-03-14 01:31:35,772 - INFO -   Saved 445 data points for DWAE
2026-03-14 01:31:36,476 - INFO - [114/492] Syncing DWSM from 2021-03-15...
2026-03-14 01:31:36,827 - INFO - HTTP Request: GET https://beta-restapi.sarmaaya.pk/api/tradingview/history?symbol=DWSM&resolution=D&from=1615748400&to=1773428400 "HTTP/1.1 200 OK"
2026-03-14 01:31:38,694 - INFO -   Saved 1101 data points for DWSM
2026-03-14 01:31:39,395 - INFO - [115/492] Syncing DWTM from 2021-03-15...
2026-03-14 01:31:39,718 - INFO - HTTP Request: GET https://beta-restapi.sarmaaya.pk/api/tradingview/history?symbol=DWTM&resolution=D&from=1615748400&to=1773428400 "HTTP/1.1 200 OK"
2026-03-14 01:31:41,086 - INFO -   Saved 641 data points for DWTM
2026-03-14 01:31:41,791 - INFO - [116/492] Syncing DYNO from 2021-03-15...
2026-03-14 01:31:42,115 - INFO - HTTP Request: GET https://beta-restapi.sarmaaya.pk/api/tradingview/history?symbol=DYNO&resolution=D&from=1615748400&to=1773428400 "HTTP/1.1 200 OK"
2026-03-14 01:31:43,848 - INFO -   Saved 1139 data points for DYNO
2026-03-14 01:31:44,551 - INFO - [117/492] Syncing ECOP from 2021-03-15...
2026-03-14 01:31:44,918 - INFO - HTTP Request: GET https://beta-restapi.sarmaaya.pk/api/tradingview/history?symbol=ECOP&resolution=D&from=1615748400&to=1773428400 "HTTP/1.1 200 OK"
2026-03-14 01:31:46,518 - INFO -   Saved 1127 data points for ECOP
2026-03-14 01:31:47,223 - INFO - [118/492] Syncing EFERT from 2021-03-15...
2026-03-14 01:31:47,564 - INFO - HTTP Request: GET https://beta-restapi.sarmaaya.pk/api/tradingview/history?symbol=EFERT&resolution=D&from=1615748400&to=1773428400 "HTTP/1.1 200 OK"
2026-03-14 01:31:49,644 - INFO -   Saved 1233 data points for EFERT
2026-03-14 01:31:50,350 - INFO - [119/492] Syncing EFUG from 2021-03-15...
2026-03-14 01:31:50,718 - INFO - HTTP Request: GET https://beta-restapi.sarmaaya.pk/api/tradingview/history?symbol=EFUG&resolution=D&from=1615748400&to=1773428400 "HTTP/1.1 200 OK"
2026-03-14 01:31:51,971 - INFO -   Saved 890 data points for EFUG
2026-03-14 01:31:52,673 - INFO - [120/492] Syncing EFUL from 2021-03-15...
2026-03-14 01:31:53,023 - INFO - HTTP Request: GET https://beta-restapi.sarmaaya.pk/api/tradingview/history?symbol=EFUL&resolution=D&from=1615748400&to=1773428400 "HTTP/1.1 200 OK"
2026-03-14 01:31:54,273 - INFO -   Saved 939 data points for EFUL
2026-03-14 01:31:54,978 - INFO - [121/492] Syncing ELCM from 2021-03-15...
2026-03-14 01:31:55,282 - INFO - HTTP Request: GET https://beta-restapi.sarmaaya.pk/api/tradingview/history?symbol=ELCM&resolution=D&from=1615748400&to=1773428400 "HTTP/1.1 200 OK"
2026-03-14 01:31:56,547 - INFO -   Saved 371 data points for ELCM
2026-03-14 01:31:57,250 - INFO - [122/492] Syncing ELSM from 2021-03-15...
2026-03-14 01:31:57,579 - INFO - HTTP Request: GET https://beta-restapi.sarmaaya.pk/api/tradingview/history?symbol=ELSM&resolution=D&from=1615748400&to=1773428400 "HTTP/1.1 200 OK"
2026-03-14 01:31:58,802 - INFO -   Saved 719 data points for ELSM
2026-03-14 01:31:59,509 - INFO - [123/492] Syncing EMCO from 2021-03-15...
2026-03-14 01:31:59,859 - INFO - HTTP Request: GET https://beta-restapi.sarmaaya.pk/api/tradingview/history?symbol=EMCO&resolution=D&from=1615748400&to=1773428400 "HTTP/1.1 200 OK"
2026-03-14 01:32:01,085 - INFO -   Saved 950 data points for EMCO
2026-03-14 01:32:01,790 - INFO - [124/492] Syncing ENGROH from 2021-03-15...
2026-03-14 01:32:02,060 - INFO - HTTP Request: GET https://beta-restapi.sarmaaya.pk/api/tradingview/history?symbol=ENGROH&resolution=D&from=1615748400&to=1773428400 "HTTP/1.1 500 Internal Server Error"
2026-03-14 01:32:02,062 - WARNING -   No history found for ENGROH
2026-03-14 01:32:02,765 - INFO - [125/492] Syncing EPCL from 2021-03-15...
2026-03-14 01:32:03,213 - INFO - HTTP Request: GET https://beta-restapi.sarmaaya.pk/api/tradingview/history?symbol=EPCL&resolution=D&from=1615748400&to=1773428400 "HTTP/1.1 200 OK"
2026-03-14 01:32:04,840 - INFO -   Saved 1233 data points for EPCL
2026-03-14 01:32:05,542 - INFO - [126/492] Syncing EPCLPS from 2021-03-15...
2026-03-14 01:32:05,864 - INFO - HTTP Request: GET https://beta-restapi.sarmaaya.pk/api/tradingview/history?symbol=EPCLPS&resolution=D&from=1615748400&to=1773428400 "HTTP/1.1 200 OK"
2026-03-14 01:32:07,105 - INFO -   Saved 806 data points for EPCLPS
2026-03-14 01:32:07,809 - INFO - [127/492] Syncing EPQL from 2021-03-15...
2026-03-14 01:32:08,231 - INFO - HTTP Request: GET https://beta-restapi.sarmaaya.pk/api/tradingview/history?symbol=EPQL&resolution=D&from=1615748400&to=1773428400 "HTTP/1.1 200 OK"
2026-03-14 01:32:10,077 - INFO -   Saved 1233 data points for EPQL
2026-03-14 01:32:10,780 - INFO - [128/492] Syncing ESBL from 2021-03-15...
2026-03-14 01:32:11,143 - INFO - HTTP Request: GET https://beta-restapi.sarmaaya.pk/api/tradingview/history?symbol=ESBL&resolution=D&from=1615748400&to=1773428400 "HTTP/1.1 200 OK"
2026-03-14 01:32:12,823 - INFO -   Saved 1164 data points for ESBL
2026-03-14 01:32:13,528 - INFO - [129/492] Syncing EWIC from 2021-03-15...
2026-03-14 01:32:13,812 - INFO - HTTP Request: GET https://beta-restapi.sarmaaya.pk/api/tradingview/history?symbol=EWIC&resolution=D&from=1615748400&to=1773428400 "HTTP/1.1 200 OK"
2026-03-14 01:32:15,091 - INFO -   Saved 176 data points for EWIC
2026-03-14 01:32:15,795 - INFO - [130/492] Syncing EXIDE from 2021-03-15...
2026-03-14 01:32:16,157 - INFO - HTTP Request: GET https://beta-restapi.sarmaaya.pk/api/tradingview/history?symbol=EXIDE&resolution=D&from=1615748400&to=1773428400 "HTTP/1.1 200 OK"
2026-03-14 01:32:17,755 - INFO -   Saved 1206 data points for EXIDE
2026-03-14 01:32:18,459 - INFO - [131/492] Syncing FABL from 2021-03-15...
2026-03-14 01:32:18,801 - INFO - HTTP Request: GET https://beta-restapi.sarmaaya.pk/api/tradingview/history?symbol=FABL&resolution=D&from=1615748400&to=1773428400 "HTTP/1.1 200 OK"
2026-03-14 01:32:20,522 - INFO -   Saved 1233 data points for FABL
2026-03-14 01:32:21,223 - INFO - [132/492] Syncing FANM from 2021-03-15...
2026-03-14 01:32:21,547 - INFO - HTTP Request: GET https://beta-restapi.sarmaaya.pk/api/tradingview/history?symbol=FANM&resolution=D&from=1615748400&to=1773428400 "HTTP/1.1 200 OK"
2026-03-14 01:32:22,779 - INFO -   Saved 625 data points for FANM
2026-03-14 01:32:23,484 - INFO - [133/492] Syncing FASM from 2021-03-15...
2026-03-14 01:32:23,815 - INFO - HTTP Request: GET https://beta-restapi.sarmaaya.pk/api/tradingview/history?symbol=FASM&resolution=D&from=1615748400&to=1773428400 "HTTP/1.1 200 OK"
2026-03-14 01:32:25,052 - INFO -   Saved 655 data points for FASM
2026-03-14 01:32:25,758 - INFO - [134/492] Syncing FATIMA from 2021-03-15...
2026-03-14 01:32:26,129 - INFO - HTTP Request: GET https://beta-restapi.sarmaaya.pk/api/tradingview/history?symbol=FATIMA&resolution=D&from=1615748400&to=1773428400 "HTTP/1.1 200 OK"
2026-03-14 01:32:27,673 - INFO -   Saved 1233 data points for FATIMA
2026-03-14 01:32:28,379 - INFO - [135/492] Syncing FCCL from 2021-03-15...
2026-03-14 01:32:28,766 - INFO - HTTP Request: GET https://beta-restapi.sarmaaya.pk/api/tradingview/history?symbol=FCCL&resolution=D&from=1615748400&to=1773428400 "HTTP/1.1 200 OK"
2026-03-14 01:32:30,352 - INFO -   Saved 1233 data points for FCCL
2026-03-14 01:32:31,058 - INFO - [136/492] Syncing FCEL from 2021-03-15...
2026-03-14 01:32:31,358 - INFO - HTTP Request: GET https://beta-restapi.sarmaaya.pk/api/tradingview/history?symbol=FCEL&resolution=D&from=1615748400&to=1773428400 "HTTP/1.1 200 OK"
2026-03-14 01:32:32,705 - INFO -   Saved 355 data points for FCEL
2026-03-14 01:32:33,407 - INFO - [137/492] Syncing FCEPL from 2021-03-15...
2026-03-14 01:32:33,831 - INFO - HTTP Request: GET https://beta-restapi.sarmaaya.pk/api/tradingview/history?symbol=FCEPL&resolution=D&from=1615748400&to=1773428400 "HTTP/1.1 200 OK"
2026-03-14 01:32:35,489 - INFO -   Saved 1233 data points for FCEPL
2026-03-14 01:32:36,192 - INFO - [138/492] Syncing FCIBL from 2021-03-15...
2026-03-14 01:32:36,520 - INFO - HTTP Request: GET https://beta-restapi.sarmaaya.pk/api/tradingview/history?symbol=FCIBL&resolution=D&from=1615748400&to=1773428400 "HTTP/1.1 200 OK"
2026-03-14 01:32:37,764 - INFO -   Saved 660 data points for FCIBL
2026-03-14 01:32:38,470 - INFO - [139/492] Syncing FCL from 2021-03-15...
2026-03-14 01:32:38,752 - INFO - HTTP Request: GET https://beta-restapi.sarmaaya.pk/api/tradingview/history?symbol=FCL&resolution=D&from=1615748400&to=1773428400 "HTTP/1.1 500 Internal Server Error"
2026-03-14 01:32:38,754 - WARNING -   No history found for FCL
2026-03-14 01:32:39,457 - INFO - [140/492] Syncing FCSC from 2021-03-15...
2026-03-14 01:32:39,819 - INFO - HTTP Request: GET https://beta-restapi.sarmaaya.pk/api/tradingview/history?symbol=FCSC&resolution=D&from=1615748400&to=1773428400 "HTTP/1.1 200 OK"
2026-03-14 01:32:41,405 - INFO -   Saved 1227 data points for FCSC
2026-03-14 01:32:42,111 - INFO - [141/492] Syncing FDPL from 2021-03-15...
2026-03-14 01:32:42,380 - INFO - HTTP Request: GET https://beta-restapi.sarmaaya.pk/api/tradingview/history?symbol=FDPL&resolution=D&from=1615748400&to=1773428400 "HTTP/1.1 500 Internal Server Error"
2026-03-14 01:32:42,386 - WARNING -   No history found for FDPL
2026-03-14 01:32:43,092 - INFO - [142/492] Syncing FECM from 2021-03-15...
2026-03-14 01:32:43,446 - INFO - HTTP Request: GET https://beta-restapi.sarmaaya.pk/api/tradingview/history?symbol=FECM&resolution=D&from=1615748400&to=1773428400 "HTTP/1.1 200 OK"
2026-03-14 01:32:45,196 - INFO -   Saved 1054 data points for FECM
2026-03-14 01:32:45,898 - INFO - [143/492] Syncing FECTC from 2021-03-15...
2026-03-14 01:32:46,251 - INFO - HTTP Request: GET https://beta-restapi.sarmaaya.pk/api/tradingview/history?symbol=FECTC&resolution=D&from=1615748400&to=1773428400 "HTTP/1.1 200 OK"
2026-03-14 01:32:47,850 - INFO -   Saved 1089 data points for FECTC
2026-03-14 01:32:48,559 - INFO - [144/492] Syncing FEM from 2021-03-15...
2026-03-14 01:32:48,901 - INFO - HTTP Request: GET https://beta-restapi.sarmaaya.pk/api/tradingview/history?symbol=FEM&resolution=D&from=1615748400&to=1773428400 "HTTP/1.1 200 OK"
2026-03-14 01:32:50,129 - INFO -   Saved 775 data points for FEM
2026-03-14 01:32:50,833 - INFO - [145/492] Syncing FEROZ from 2021-03-15...
2026-03-14 01:32:51,186 - INFO - HTTP Request: GET https://beta-restapi.sarmaaya.pk/api/tradingview/history?symbol=FEROZ&resolution=D&from=1615748400&to=1773428400 "HTTP/1.1 200 OK"
2026-03-14 01:32:52,736 - INFO -   Saved 1229 data points for FEROZ
2026-03-14 01:32:53,439 - INFO - [146/492] Syncing FFC from 2021-03-15...
2026-03-14 01:32:53,774 - INFO - HTTP Request: GET https://beta-restapi.sarmaaya.pk/api/tradingview/history?symbol=FFC&resolution=D&from=1615748400&to=1773428400 "HTTP/1.1 200 OK"
2026-03-14 01:32:55,346 - INFO -   Saved 1233 data points for FFC
2026-03-14 01:32:56,051 - INFO - [147/492] Syncing FFL from 2021-03-15...
2026-03-14 01:32:56,402 - INFO - HTTP Request: GET https://beta-restapi.sarmaaya.pk/api/tradingview/history?symbol=FFL&resolution=D&from=1615748400&to=1773428400 "HTTP/1.1 200 OK"
2026-03-14 01:32:57,977 - INFO -   Saved 1233 data points for FFL
2026-03-14 01:32:58,681 - INFO - [148/492] Syncing FFLM from 2021-03-15...
2026-03-14 01:32:59,019 - INFO - HTTP Request: GET https://beta-restapi.sarmaaya.pk/api/tradingview/history?symbol=FFLM&resolution=D&from=1615748400&to=1773428400 "HTTP/1.1 200 OK"
2026-03-14 01:33:00,257 - INFO -   Saved 648 data points for FFLM
2026-03-14 01:33:00,962 - INFO - [149/492] Syncing FHAM from 2021-03-15...
2026-03-14 01:33:01,345 - INFO - HTTP Request: GET https://beta-restapi.sarmaaya.pk/api/tradingview/history?symbol=FHAM&resolution=D&from=1615748400&to=1773428400 "HTTP/1.1 200 OK"
2026-03-14 01:33:03,069 - INFO -   Saved 1177 data points for FHAM
2026-03-14 01:33:03,773 - INFO - [150/492] Syncing FIBLM from 2021-03-15...
2026-03-14 01:33:04,102 - INFO - HTTP Request: GET https://beta-restapi.sarmaaya.pk/api/tradingview/history?symbol=FIBLM&resolution=D&from=1615748400&to=1773428400 "HTTP/1.1 200 OK"
2026-03-14 01:33:05,420 - INFO -   Saved 638 data points for FIBLM
2026-03-14 01:33:06,125 - INFO - [151/492] Syncing FIL from 2021-03-15...
2026-03-14 01:33:06,428 - INFO - HTTP Request: GET https://beta-restapi.sarmaaya.pk/api/tradingview/history?symbol=FIL&resolution=D&from=1615748400&to=1773428400 "HTTP/1.1 200 OK"
2026-03-14 01:33:07,720 - INFO -   Saved 284 data points for FIL
2026-03-14 01:33:08,423 - INFO - [152/492] Syncing FIMM from 2021-03-15...
2026-03-14 01:33:08,729 - INFO - HTTP Request: GET https://beta-restapi.sarmaaya.pk/api/tradingview/history?symbol=FIMM&resolution=D&from=1615748400&to=1773428400 "HTTP/1.1 200 OK"
2026-03-14 01:33:09,948 - INFO -   Saved 394 data points for FIMM
2026-03-14 01:33:10,653 - INFO - [153/492] Syncing FLYNG from 2021-03-15...
2026-03-14 01:33:11,007 - INFO - HTTP Request: GET https://beta-restapi.sarmaaya.pk/api/tradingview/history?symbol=FLYNG&resolution=D&from=1615748400&to=1773428400 "HTTP/1.1 200 OK"
2026-03-14 01:33:12,566 - INFO -   Saved 1233 data points for FLYNG
2026-03-14 01:33:13,271 - INFO - [154/492] Syncing FML from 2021-03-15...
2026-03-14 01:33:13,609 - INFO - HTTP Request: GET https://beta-restapi.sarmaaya.pk/api/tradingview/history?symbol=FML&resolution=D&from=1615748400&to=1773428400 "HTTP/1.1 200 OK"
2026-03-14 01:33:14,872 - INFO -   Saved 968 data points for FML
2026-03-14 01:33:15,575 - INFO - [155/492] Syncing FNEL from 2021-03-15...
2026-03-14 01:33:15,944 - INFO - HTTP Request: GET https://beta-restapi.sarmaaya.pk/api/tradingview/history?symbol=FNEL&resolution=D&from=1615748400&to=1773428400 "HTTP/1.1 200 OK"
2026-03-14 01:33:17,564 - INFO -   Saved 1233 data points for FNEL
2026-03-14 01:33:18,267 - INFO - [156/492] Syncing FPJM from 2021-03-15...
2026-03-14 01:33:18,612 - INFO - HTTP Request: GET https://beta-restapi.sarmaaya.pk/api/tradingview/history?symbol=FPJM&resolution=D&from=1615748400&to=1773428400 "HTTP/1.1 200 OK"
2026-03-14 01:33:20,300 - INFO -   Saved 1015 data points for FPJM
2026-03-14 01:33:21,005 - INFO - [157/492] Syncing FPRM from 2021-03-15...
2026-03-14 01:33:21,330 - INFO - HTTP Request: GET https://beta-restapi.sarmaaya.pk/api/tradingview/history?symbol=FPRM&resolution=D&from=1615748400&to=1773428400 "HTTP/1.1 200 OK"
2026-03-14 01:33:22,553 - INFO -   Saved 775 data points for FPRM
2026-03-14 01:33:23,258 - INFO - [158/492] Syncing FRCL from 2021-03-15...
2026-03-14 01:33:23,596 - INFO - HTTP Request: GET https://beta-restapi.sarmaaya.pk/api/tradingview/history?symbol=FRCL&resolution=D&from=1615748400&to=1773428400 "HTTP/1.1 200 OK"
2026-03-14 01:33:24,813 - INFO -   Saved 730 data points for FRCL
2026-03-14 01:33:25,514 - INFO - [159/492] Syncing FRSM from 2021-03-15...
2026-03-14 01:33:25,854 - INFO - HTTP Request: GET https://beta-restapi.sarmaaya.pk/api/tradingview/history?symbol=FRSM&resolution=D&from=1615748400&to=1773428400 "HTTP/1.1 200 OK"
2026-03-14 01:33:27,080 - INFO -   Saved 895 data points for FRSM
2026-03-14 01:33:27,783 - INFO - [160/492] Syncing FSWL from 2021-03-15...
2026-03-14 01:33:28,085 - INFO - HTTP Request: GET https://beta-restapi.sarmaaya.pk/api/tradingview/history?symbol=FSWL&resolution=D&from=1615748400&to=1773428400 "HTTP/1.1 200 OK"
2026-03-14 01:33:29,291 - INFO -   Saved 257 data points for FSWL
2026-03-14 01:33:29,992 - INFO - [161/492] Syncing FTMM from 2021-03-15...
2026-03-14 01:33:30,319 - INFO - HTTP Request: GET https://beta-restapi.sarmaaya.pk/api/tradingview/history?symbol=FTMM&resolution=D&from=1615748400&to=1773428400 "HTTP/1.1 200 OK"
2026-03-14 01:33:31,584 - INFO -   Saved 933 data points for FTMM
2026-03-14 01:33:32,289 - INFO - [162/492] Syncing FTSM from 2021-03-15...
2026-03-14 01:33:32,605 - INFO - HTTP Request: GET https://beta-restapi.sarmaaya.pk/api/tradingview/history?symbol=FTSM&resolution=D&from=1615748400&to=1773428400 "HTTP/1.1 200 OK"
2026-03-14 01:33:33,830 - INFO -   Saved 585 data points for FTSM
2026-03-14 01:33:34,532 - INFO - [163/492] Syncing FZCM from 2021-03-15...
2026-03-14 01:33:34,874 - INFO - HTTP Request: GET https://beta-restapi.sarmaaya.pk/api/tradingview/history?symbol=FZCM&resolution=D&from=1615748400&to=1773428400 "HTTP/1.1 200 OK"
2026-03-14 01:33:36,124 - INFO -   Saved 875 data points for FZCM
2026-03-14 01:33:36,830 - INFO - [164/492] Syncing GADT from 2021-03-15...
2026-03-14 01:33:37,183 - INFO - HTTP Request: GET https://beta-restapi.sarmaaya.pk/api/tradingview/history?symbol=GADT&resolution=D&from=1615748400&to=1773428400 "HTTP/1.1 200 OK"
2026-03-14 01:33:38,460 - INFO -   Saved 986 data points for GADT
2026-03-14 01:33:39,164 - INFO - [165/492] Syncing GAL from 2021-03-15...
2026-03-14 01:33:39,484 - INFO - HTTP Request: GET https://beta-restapi.sarmaaya.pk/api/tradingview/history?symbol=GAL&resolution=D&from=1615748400&to=1773428400 "HTTP/1.1 200 OK"
2026-03-14 01:33:40,711 - INFO -   Saved 700 data points for GAL
2026-03-14 01:33:41,416 - INFO - [166/492] Syncing GAMON from 2021-03-15...
2026-03-14 01:33:42,015 - INFO - HTTP Request: GET https://beta-restapi.sarmaaya.pk/api/tradingview/history?symbol=GAMON&resolution=D&from=1615748400&to=1773428400 "HTTP/1.1 200 OK"
2026-03-14 01:33:43,251 - INFO -   Saved 961 data points for GAMON
2026-03-14 01:33:43,956 - INFO - [167/492] Syncing GATI from 2021-03-15...
2026-03-14 01:33:44,926 - INFO - HTTP Request: GET https://beta-restapi.sarmaaya.pk/api/tradingview/history?symbol=GATI&resolution=D&from=1615748400&to=1773428400 "HTTP/1.1 200 OK"
2026-03-14 01:33:46,330 - INFO -   Saved 978 data points for GATI
2026-03-14 01:33:47,035 - INFO - [168/492] Syncing GATM from 2021-03-15...
2026-03-14 01:33:47,728 - INFO - HTTP Request: GET https://beta-restapi.sarmaaya.pk/api/tradingview/history?symbol=GATM&resolution=D&from=1615748400&to=1773428400 "HTTP/1.1 200 OK"
2026-03-14 01:33:49,387 - INFO -   Saved 1233 data points for GATM
2026-03-14 01:33:50,090 - INFO - [169/492] Syncing GCIL from 2021-03-15...
2026-03-14 01:33:50,410 - INFO - HTTP Request: GET https://beta-restapi.sarmaaya.pk/api/tradingview/history?symbol=GCIL&resolution=D&from=1615748400&to=1773428400 "HTTP/1.1 200 OK"
2026-03-14 01:33:51,631 - INFO -   Saved 827 data points for GCIL
2026-03-14 01:33:52,337 - INFO - [170/492] Syncing GCWL from 2021-03-15...
2026-03-14 01:33:52,607 - INFO - HTTP Request: GET https://beta-restapi.sarmaaya.pk/api/tradingview/history?symbol=GCWL&resolution=D&from=1615748400&to=1773428400 "HTTP/1.1 500 Internal Server Error"
2026-03-14 01:33:52,607 - WARNING -   No history found for GCWL
2026-03-14 01:33:53,313 - INFO - [171/492] Syncing GDL from 2021-03-15...
2026-03-14 01:33:53,582 - INFO - HTTP Request: GET https://beta-restapi.sarmaaya.pk/api/tradingview/history?symbol=GDL&resolution=D&from=1615748400&to=1773428400 "HTTP/1.1 500 Internal Server Error"
2026-03-14 01:33:53,583 - WARNING -   No history found for GDL
2026-03-14 01:33:54,288 - INFO - [172/492] Syncing GEMBCEM from 2021-03-15...
2026-03-14 01:33:54,550 - INFO - HTTP Request: GET https://beta-restapi.sarmaaya.pk/api/tradingview/history?symbol=GEMBCEM&resolution=D&from=1615748400&to=1773428400 "HTTP/1.1 500 Internal Server Error"
2026-03-14 01:33:54,551 - WARNING -   No history found for GEMBCEM
2026-03-14 01:33:55,256 - INFO - [173/492] Syncing GEMNETS from 2021-03-15...
2026-03-14 01:33:55,524 - INFO - HTTP Request: GET https://beta-restapi.sarmaaya.pk/api/tradingview/history?symbol=GEMNETS&resolution=D&from=1615748400&to=1773428400 "HTTP/1.1 500 Internal Server Error"
2026-03-14 01:33:55,525 - WARNING -   No history found for GEMNETS
2026-03-14 01:33:56,228 - INFO - [174/492] Syncing GEMPACRA from 2021-03-15...
2026-03-14 01:33:56,492 - INFO - HTTP Request: GET https://beta-restapi.sarmaaya.pk/api/tradingview/history?symbol=GEMPACRA&resolution=D&from=1615748400&to=1773428400 "HTTP/1.1 500 Internal Server Error"
2026-03-14 01:33:56,492 - WARNING -   No history found for GEMPACRA
2026-03-14 01:33:57,194 - INFO - [175/492] Syncing GEMPAPL from 2021-03-15...
2026-03-14 01:33:57,495 - INFO - HTTP Request: GET https://beta-restapi.sarmaaya.pk/api/tradingview/history?symbol=GEMPAPL&resolution=D&from=1615748400&to=1773428400 "HTTP/1.1 200 OK"
2026-03-14 01:33:58,709 - INFO -   Saved 430 data points for GEMPAPL
2026-03-14 01:33:59,412 - INFO - [176/492] Syncing GEMSPNL from 2021-03-15...
2026-03-14 01:33:59,711 - INFO - HTTP Request: GET https://beta-restapi.sarmaaya.pk/api/tradingview/history?symbol=GEMSPNL&resolution=D&from=1615748400&to=1773428400 "HTTP/1.1 200 OK"
2026-03-14 01:34:01,064 - INFO -   Saved 569 data points for GEMSPNL
2026-03-14 01:34:01,769 - INFO - [177/492] Syncing GFIL from 2021-03-15...
2026-03-14 01:34:02,204 - INFO - HTTP Request: GET https://beta-restapi.sarmaaya.pk/api/tradingview/history?symbol=GFIL&resolution=D&from=1615748400&to=1773428400 "HTTP/1.1 200 OK"
2026-03-14 01:34:03,741 - INFO -   Saved 1043 data points for GFIL
2026-03-14 01:34:04,447 - INFO - [178/492] Syncing GGGL from 2021-03-15...
2026-03-14 01:34:04,796 - INFO - HTTP Request: GET https://beta-restapi.sarmaaya.pk/api/tradingview/history?symbol=GGGL&resolution=D&from=1615748400&to=1773428400 "HTTP/1.1 200 OK"
2026-03-14 01:34:06,356 - INFO -   Saved 1233 data points for GGGL
2026-03-14 01:34:07,062 - INFO - [179/492] Syncing GGL from 2021-03-15...
2026-03-14 01:34:07,418 - INFO - HTTP Request: GET https://beta-restapi.sarmaaya.pk/api/tradingview/history?symbol=GGL&resolution=D&from=1615748400&to=1773428400 "HTTP/1.1 200 OK"
2026-03-14 01:34:08,992 - INFO -   Saved 1233 data points for GGL
2026-03-14 01:34:09,697 - INFO - [180/492] Syncing GHGL from 2021-03-15...
2026-03-14 01:34:10,055 - INFO - HTTP Request: GET https://beta-restapi.sarmaaya.pk/api/tradingview/history?symbol=GHGL&resolution=D&from=1615748400&to=1773428400 "HTTP/1.1 200 OK"
2026-03-14 01:34:11,641 - INFO -   Saved 1233 data points for GHGL
2026-03-14 01:34:12,345 - INFO - [181/492] Syncing GHNI from 2021-03-15...
2026-03-14 01:34:12,710 - INFO - HTTP Request: GET https://beta-restapi.sarmaaya.pk/api/tradingview/history?symbol=GHNI&resolution=D&from=1615748400&to=1773428400 "HTTP/1.1 200 OK"
2026-03-14 01:34:14,253 - INFO -   Saved 1233 data points for GHNI
2026-03-14 01:34:14,955 - INFO - [182/492] Syncing GLAXO from 2021-03-15...
2026-03-14 01:34:15,317 - INFO - HTTP Request: GET https://beta-restapi.sarmaaya.pk/api/tradingview/history?symbol=GLAXO&resolution=D&from=1615748400&to=1773428400 "HTTP/1.1 200 OK"
2026-03-14 01:34:16,908 - INFO -   Saved 1231 data points for GLAXO
2026-03-14 01:34:17,614 - INFO - [183/492] Syncing GLPL from 2021-03-15...
2026-03-14 01:34:17,961 - INFO - HTTP Request: GET https://beta-restapi.sarmaaya.pk/api/tradingview/history?symbol=GLPL&resolution=D&from=1615748400&to=1773428400 "HTTP/1.1 200 OK"
2026-03-14 01:34:19,511 - INFO -   Saved 1078 data points for GLPL
2026-03-14 01:34:20,216 - INFO - [184/492] Syncing GOC from 2021-03-15...
2026-03-14 01:34:20,541 - INFO - HTTP Request: GET https://beta-restapi.sarmaaya.pk/api/tradingview/history?symbol=GOC&resolution=D&from=1615748400&to=1773428400 "HTTP/1.1 200 OK"
2026-03-14 01:34:21,965 - INFO -   Saved 594 data points for GOC
2026-03-14 01:34:22,670 - INFO - [185/492] Syncing GRR from 2021-03-15...
2026-03-14 01:34:22,941 - INFO - HTTP Request: GET https://beta-restapi.sarmaaya.pk/api/tradingview/history?symbol=GRR&resolution=D&from=1615748400&to=1773428400 "HTTP/1.1 500 Internal Server Error"
2026-03-14 01:34:22,942 - WARNING -   No history found for GRR
2026-03-14 01:34:23,645 - INFO - [186/492] Syncing GRYL from 2021-03-15...
2026-03-14 01:34:23,979 - INFO - HTTP Request: GET https://beta-restapi.sarmaaya.pk/api/tradingview/history?symbol=GRYL&resolution=D&from=1615748400&to=1773428400 "HTTP/1.1 200 OK"
2026-03-14 01:34:25,198 - INFO -   Saved 724 data points for GRYL
2026-03-14 01:34:25,903 - INFO - [187/492] Syncing GSPM from 2021-03-15...
2026-03-14 01:34:26,214 - INFO - HTTP Request: GET https://beta-restapi.sarmaaya.pk/api/tradingview/history?symbol=GSPM&resolution=D&from=1615748400&to=1773428400 "HTTP/1.1 200 OK"
2026-03-14 01:34:27,423 - INFO -   Saved 444 data points for GSPM
2026-03-14 01:34:28,128 - INFO - [188/492] Syncing GTYR from 2021-03-15...
2026-03-14 01:34:28,520 - INFO - HTTP Request: GET https://beta-restapi.sarmaaya.pk/api/tradingview/history?symbol=GTYR&resolution=D&from=1615748400&to=1773428400 "HTTP/1.1 200 OK"
2026-03-14 01:34:30,151 - INFO -   Saved 1232 data points for GTYR
2026-03-14 01:34:30,856 - INFO - [189/492] Syncing GUSM from 2021-03-15...
2026-03-14 01:34:31,171 - INFO - HTTP Request: GET https://beta-restapi.sarmaaya.pk/api/tradingview/history?symbol=GUSM&resolution=D&from=1615748400&to=1773428400 "HTTP/1.1 200 OK"
2026-03-14 01:34:32,521 - INFO -   Saved 424 data points for GUSM
2026-03-14 01:34:33,225 - INFO - [190/492] Syncing GVGL from 2021-03-15...
2026-03-14 01:34:33,567 - INFO - HTTP Request: GET https://beta-restapi.sarmaaya.pk/api/tradingview/history?symbol=GVGL&resolution=D&from=1615748400&to=1773428400 "HTTP/1.1 200 OK"
2026-03-14 01:34:35,122 - INFO -   Saved 1199 data points for GVGL
2026-03-14 01:34:35,825 - INFO - [191/492] Syncing GWLC from 2021-03-15...
2026-03-14 01:34:36,185 - INFO - HTTP Request: GET https://beta-restapi.sarmaaya.pk/api/tradingview/history?symbol=GWLC&resolution=D&from=1615748400&to=1773428400 "HTTP/1.1 200 OK"
2026-03-14 01:34:37,752 - INFO -   Saved 1208 data points for GWLC
2026-03-14 01:34:38,455 - INFO - [192/492] Syncing HABSM from 2021-03-15...
2026-03-14 01:34:38,806 - INFO - HTTP Request: GET https://beta-restapi.sarmaaya.pk/api/tradingview/history?symbol=HABSM&resolution=D&from=1615748400&to=1773428400 "HTTP/1.1 200 OK"
2026-03-14 01:34:40,356 - INFO -   Saved 1136 data points for HABSM
2026-03-14 01:34:41,061 - INFO - [193/492] Syncing HAEL from 2021-03-15...
2026-03-14 01:34:41,402 - INFO - HTTP Request: GET https://beta-restapi.sarmaaya.pk/api/tradingview/history?symbol=HAEL&resolution=D&from=1615748400&to=1773428400 "HTTP/1.1 200 OK"
2026-03-14 01:34:42,752 - INFO -   Saved 966 data points for HAEL
2026-03-14 01:34:43,458 - INFO - [194/492] Syncing HAFL from 2021-03-15...
2026-03-14 01:34:43,761 - INFO - HTTP Request: GET https://beta-restapi.sarmaaya.pk/api/tradingview/history?symbol=HAFL&resolution=D&from=1615748400&to=1773428400 "HTTP/1.1 200 OK"
2026-03-14 01:34:44,970 - INFO -   Saved 303 data points for HAFL
2026-03-14 01:34:45,675 - INFO - [195/492] Syncing HALEON from 2021-03-15...
2026-03-14 01:34:45,993 - INFO - HTTP Request: GET https://beta-restapi.sarmaaya.pk/api/tradingview/history?symbol=HALEON&resolution=D&from=1615748400&to=1773428400 "HTTP/1.1 200 OK"
2026-03-14 01:34:47,225 - INFO -   Saved 763 data points for HALEON
2026-03-14 01:34:47,932 - INFO - [196/492] Syncing HASCOL from 2021-03-15...
2026-03-14 01:34:48,274 - INFO - HTTP Request: GET https://beta-restapi.sarmaaya.pk/api/tradingview/history?symbol=HASCOL&resolution=D&from=1615748400&to=1773428400 "HTTP/1.1 200 OK"
2026-03-14 01:34:49,820 - INFO -   Saved 1233 data points for HASCOL
2026-03-14 01:34:50,524 - INFO - [197/492] Syncing HBL from 2021-03-15...
2026-03-14 01:34:50,879 - INFO - HTTP Request: GET https://beta-restapi.sarmaaya.pk/api/tradingview/history?symbol=HBL&resolution=D&from=1615748400&to=1773428400 "HTTP/1.1 200 OK"
2026-03-14 01:34:52,430 - INFO -   Saved 1233 data points for HBL
2026-03-14 01:34:53,136 - INFO - [198/492] Syncing HBLTETF from 2021-03-15...
2026-03-14 01:34:53,468 - INFO - HTTP Request: GET https://beta-restapi.sarmaaya.pk/api/tradingview/history?symbol=HBLTETF&resolution=D&from=1615748400&to=1773428400 "HTTP/1.1 200 OK"
2026-03-14 01:34:54,720 - INFO -   Saved 770 data points for HBLTETF
2026-03-14 01:34:55,424 - INFO - [199/492] Syncing HCAR from 2021-03-15...
2026-03-14 01:34:55,789 - INFO - HTTP Request: GET https://beta-restapi.sarmaaya.pk/api/tradingview/history?symbol=HCAR&resolution=D&from=1615748400&to=1773428400 "HTTP/1.1 200 OK"
2026-03-14 01:34:57,376 - INFO -   Saved 1233 data points for HCAR
2026-03-14 01:34:58,082 - INFO - [200/492] Syncing HGFA from 2021-03-15...
2026-03-14 01:34:58,409 - INFO - HTTP Request: GET https://beta-restapi.sarmaaya.pk/api/tradingview/history?symbol=HGFA&resolution=D&from=1615748400&to=1773428400 "HTTP/1.1 200 OK"
2026-03-14 01:34:59,961 - INFO -   Saved 1006 data points for HGFA
2026-03-14 01:35:00,666 - INFO - [201/492] Syncing HICL from 2021-03-15...
2026-03-14 01:35:01,021 - INFO - HTTP Request: GET https://beta-restapi.sarmaaya.pk/api/tradingview/history?symbol=HICL&resolution=D&from=1615748400&to=1773428400 "HTTP/1.1 200 OK"
2026-03-14 01:35:02,259 - INFO -   Saved 931 data points for HICL
2026-03-14 01:35:02,963 - INFO - [202/492] Syncing HIFA from 2021-03-15...
2026-03-14 01:35:03,290 - INFO - HTTP Request: GET https://beta-restapi.sarmaaya.pk/api/tradingview/history?symbol=HIFA&resolution=D&from=1615748400&to=1773428400 "HTTP/1.1 200 OK"
2026-03-14 01:35:04,844 - INFO -   Saved 1056 data points for HIFA
2026-03-14 01:35:05,548 - INFO - [203/492] Syncing HINO from 2021-03-15...
2026-03-14 01:35:05,909 - INFO - HTTP Request: GET https://beta-restapi.sarmaaya.pk/api/tradingview/history?symbol=HINO&resolution=D&from=1615748400&to=1773428400 "HTTP/1.1 200 OK"
2026-03-14 01:35:07,448 - INFO -   Saved 1096 data points for HINO
2026-03-14 01:35:08,154 - INFO - [204/492] Syncing HINOON from 2021-03-15...
2026-03-14 01:35:08,491 - INFO - HTTP Request: GET https://beta-restapi.sarmaaya.pk/api/tradingview/history?symbol=HINOON&resolution=D&from=1615748400&to=1773428400 "HTTP/1.1 200 OK"
2026-03-14 01:35:10,041 - INFO -   Saved 1228 data points for HINOON
2026-03-14 01:35:10,746 - INFO - [205/492] Syncing HIRAT from 2021-03-15...
2026-03-14 01:35:11,096 - INFO - HTTP Request: GET https://beta-restapi.sarmaaya.pk/api/tradingview/history?symbol=HIRAT&resolution=D&from=1615748400&to=1773428400 "HTTP/1.1 200 OK"
2026-03-14 01:35:12,656 - INFO -   Saved 1175 data points for HIRAT
2026-03-14 01:35:13,361 - INFO - [206/492] Syncing HMB from 2021-03-15...
2026-03-14 01:35:13,734 - INFO - HTTP Request: GET https://beta-restapi.sarmaaya.pk/api/tradingview/history?symbol=HMB&resolution=D&from=1615748400&to=1773428400 "HTTP/1.1 200 OK"
2026-03-14 01:35:15,297 - INFO -   Saved 1220 data points for HMB
2026-03-14 01:35:16,002 - INFO - [207/492] Syncing HPL from 2021-03-15...
2026-03-14 01:35:16,271 - INFO - HTTP Request: GET https://beta-restapi.sarmaaya.pk/api/tradingview/history?symbol=HPL&resolution=D&from=1615748400&to=1773428400 "HTTP/1.1 500 Internal Server Error"
2026-03-14 01:35:16,274 - WARNING -   No history found for HPL
2026-03-14 01:35:16,976 - INFO - [208/492] Syncing HRPL from 2021-03-15...
2026-03-14 01:35:17,242 - INFO - HTTP Request: GET https://beta-restapi.sarmaaya.pk/api/tradingview/history?symbol=HRPL&resolution=D&from=1615748400&to=1773428400 "HTTP/1.1 500 Internal Server Error"
2026-03-14 01:35:17,243 - WARNING -   No history found for HRPL
2026-03-14 01:35:17,948 - INFO - [209/492] Syncing HTL from 2021-03-15...
2026-03-14 01:35:18,295 - INFO - HTTP Request: GET https://beta-restapi.sarmaaya.pk/api/tradingview/history?symbol=HTL&resolution=D&from=1615748400&to=1773428400 "HTTP/1.1 200 OK"
2026-03-14 01:35:19,868 - INFO -   Saved 1233 data points for HTL
2026-03-14 01:35:20,573 - INFO - [210/492] Syncing HUBC from 2021-03-15...
2026-03-14 01:35:20,908 - INFO - HTTP Request: GET https://beta-restapi.sarmaaya.pk/api/tradingview/history?symbol=HUBC&resolution=D&from=1615748400&to=1773428400 "HTTP/1.1 200 OK"
2026-03-14 01:35:22,470 - INFO -   Saved 1233 data points for HUBC
2026-03-14 01:35:23,171 - INFO - [211/492] Syncing HUMNL from 2021-03-15...
2026-03-14 01:35:23,526 - INFO - HTTP Request: GET https://beta-restapi.sarmaaya.pk/api/tradingview/history?symbol=HUMNL&resolution=D&from=1615748400&to=1773428400 "HTTP/1.1 200 OK"
2026-03-14 01:35:25,097 - INFO -   Saved 1233 data points for HUMNL
2026-03-14 01:35:25,799 - INFO - [212/492] Syncing HUSI from 2021-03-15...
2026-03-14 01:35:26,122 - INFO - HTTP Request: GET https://beta-restapi.sarmaaya.pk/api/tradingview/history?symbol=HUSI&resolution=D&from=1615748400&to=1773428400 "HTTP/1.1 200 OK"
2026-03-14 01:35:27,352 - INFO -   Saved 623 data points for HUSI
2026-03-14 01:35:28,056 - INFO - [213/492] Syncing HWQS from 2021-03-15...
2026-03-14 01:35:28,405 - INFO - HTTP Request: GET https://beta-restapi.sarmaaya.pk/api/tradingview/history?symbol=HWQS&resolution=D&from=1615748400&to=1773428400 "HTTP/1.1 200 OK"
2026-03-14 01:35:29,644 - INFO -   Saved 709 data points for HWQS
2026-03-14 01:35:30,350 - INFO - [214/492] Syncing IBFL from 2021-03-15...
2026-03-14 01:35:30,698 - INFO - HTTP Request: GET https://beta-restapi.sarmaaya.pk/api/tradingview/history?symbol=IBFL&resolution=D&from=1615748400&to=1773428400 "HTTP/1.1 200 OK"
2026-03-14 01:35:32,109 - INFO -   Saved 810 data points for IBFL
2026-03-14 01:35:32,815 - INFO - [215/492] Syncing IBLHL from 2021-03-15...
2026-03-14 01:35:33,176 - INFO - HTTP Request: GET https://beta-restapi.sarmaaya.pk/api/tradingview/history?symbol=IBLHL&resolution=D&from=1615748400&to=1773428400 "HTTP/1.1 200 OK"
2026-03-14 01:35:34,775 - INFO -   Saved 1217 data points for IBLHL
2026-03-14 01:35:35,481 - INFO - [216/492] Syncing ICCI from 2021-03-15...
2026-03-14 01:35:35,796 - INFO - HTTP Request: GET https://beta-restapi.sarmaaya.pk/api/tradingview/history?symbol=ICCI&resolution=D&from=1615748400&to=1773428400 "HTTP/1.1 200 OK"
2026-03-14 01:35:37,008 - INFO -   Saved 444 data points for ICCI
2026-03-14 01:35:37,713 - INFO - [217/492] Syncing ICIBL from 2021-03-15...
2026-03-14 01:35:38,084 - INFO - HTTP Request: GET https://beta-restapi.sarmaaya.pk/api/tradingview/history?symbol=ICIBL&resolution=D&from=1615748400&to=1773428400 "HTTP/1.1 200 OK"
2026-03-14 01:35:41,163 - INFO -   Saved 1232 data points for ICIBL
2026-03-14 01:35:41,864 - INFO - [218/492] Syncing ICL from 2021-03-15...
2026-03-14 01:35:42,213 - INFO - HTTP Request: GET https://beta-restapi.sarmaaya.pk/api/tradingview/history?symbol=ICL&resolution=D&from=1615748400&to=1773428400 "HTTP/1.1 200 OK"
2026-03-14 01:35:43,987 - INFO -   Saved 1199 data points for ICL
2026-03-14 01:35:44,692 - INFO - [219/492] Syncing IDRT from 2021-03-15...
2026-03-14 01:35:45,012 - INFO - HTTP Request: GET https://beta-restapi.sarmaaya.pk/api/tradingview/history?symbol=IDRT&resolution=D&from=1615748400&to=1773428400 "HTTP/1.1 200 OK"
2026-03-14 01:35:46,244 - INFO -   Saved 491 data points for IDRT
2026-03-14 01:35:46,949 - INFO - [220/492] Syncing IDSM from 2021-03-15...
2026-03-14 01:35:47,264 - INFO - HTTP Request: GET https://beta-restapi.sarmaaya.pk/api/tradingview/history?symbol=IDSM&resolution=D&from=1615748400&to=1773428400 "HTTP/1.1 200 OK"
2026-03-14 01:35:48,490 - INFO -   Saved 529 data points for IDSM
2026-03-14 01:35:49,195 - INFO - [221/492] Syncing IDYM from 2021-03-15...
2026-03-14 01:35:49,621 - INFO - HTTP Request: GET https://beta-restapi.sarmaaya.pk/api/tradingview/history?symbol=IDYM&resolution=D&from=1615748400&to=1773428400 "HTTP/1.1 200 OK"
2026-03-14 01:35:51,189 - INFO -   Saved 1209 data points for IDYM
2026-03-14 01:35:51,894 - INFO - [222/492] Syncing IGIHL from 2021-03-15...
2026-03-14 01:35:52,282 - INFO - HTTP Request: GET https://beta-restapi.sarmaaya.pk/api/tradingview/history?symbol=IGIHL&resolution=D&from=1615748400&to=1773428400 "HTTP/1.1 200 OK"
2026-03-14 01:35:54,005 - INFO -   Saved 1178 data points for IGIHL
2026-03-14 01:35:54,707 - INFO - [223/492] Syncing IGIL from 2021-03-15...
2026-03-14 01:35:55,048 - INFO - HTTP Request: GET https://beta-restapi.sarmaaya.pk/api/tradingview/history?symbol=IGIL&resolution=D&from=1615748400&to=1773428400 "HTTP/1.1 200 OK"
2026-03-14 01:35:56,294 - INFO -   Saved 891 data points for IGIL
2026-03-14 01:35:56,995 - INFO - [224/492] Syncing ILP from 2021-03-15...
2026-03-14 01:35:57,404 - INFO - HTTP Request: GET https://beta-restapi.sarmaaya.pk/api/tradingview/history?symbol=ILP&resolution=D&from=1615748400&to=1773428400 "HTTP/1.1 200 OK"
2026-03-14 01:35:58,969 - INFO -   Saved 1233 data points for ILP
2026-03-14 01:35:59,671 - INFO - [225/492] Syncing IMAGE from 2021-03-15...
2026-03-14 01:36:00,935 - INFO - HTTP Request: GET https://beta-restapi.sarmaaya.pk/api/tradingview/history?symbol=IMAGE&resolution=D&from=1615748400&to=1773428400 "HTTP/1.1 200 OK"
2026-03-14 01:36:02,522 - INFO -   Saved 1151 data points for IMAGE
2026-03-14 01:36:03,227 - INFO - [226/492] Syncing IML from 2021-03-15...
2026-03-14 01:36:03,717 - INFO - HTTP Request: GET https://beta-restapi.sarmaaya.pk/api/tradingview/history?symbol=IML&resolution=D&from=1615748400&to=1773428400 "HTTP/1.1 200 OK"
2026-03-14 01:36:04,956 - INFO -   Saved 849 data points for IML
2026-03-14 01:36:05,660 - INFO - [227/492] Syncing IMS from 2021-03-15...
2026-03-14 01:36:05,932 - INFO - HTTP Request: GET https://beta-restapi.sarmaaya.pk/api/tradingview/history?symbol=IMS&resolution=D&from=1615748400&to=1773428400 "HTTP/1.1 500 Internal Server Error"
2026-03-14 01:36:05,932 - WARNING -   No history found for IMS
2026-03-14 01:36:06,635 - INFO - [228/492] Syncing INDU from 2021-03-15...
2026-03-14 01:36:07,007 - INFO - HTTP Request: GET https://beta-restapi.sarmaaya.pk/api/tradingview/history?symbol=INDU&resolution=D&from=1615748400&to=1773428400 "HTTP/1.1 200 OK"
2026-03-14 01:36:08,567 - INFO -   Saved 1232 data points for INDU
2026-03-14 01:36:09,273 - INFO - [229/492] Syncing INIL from 2021-03-15...
2026-03-14 01:36:09,634 - INFO - HTTP Request: GET https://beta-restapi.sarmaaya.pk/api/tradingview/history?symbol=INIL&resolution=D&from=1615748400&to=1773428400 "HTTP/1.1 200 OK"
2026-03-14 01:36:11,265 - INFO -   Saved 1233 data points for INIL
2026-03-14 01:36:11,971 - INFO - [230/492] Syncing INKL from 2021-03-15...
2026-03-14 01:36:12,280 - INFO - HTTP Request: GET https://beta-restapi.sarmaaya.pk/api/tradingview/history?symbol=INKL&resolution=D&from=1615748400&to=1773428400 "HTTP/1.1 200 OK"
2026-03-14 01:36:13,584 - INFO -   Saved 550 data points for INKL
2026-03-14 01:36:14,289 - INFO - [231/492] Syncing IPAK from 2021-03-15...
2026-03-14 01:36:14,559 - INFO - HTTP Request: GET https://beta-restapi.sarmaaya.pk/api/tradingview/history?symbol=IPAK&resolution=D&from=1615748400&to=1773428400 "HTTP/1.1 500 Internal Server Error"
2026-03-14 01:36:14,561 - WARNING -   No history found for IPAK
2026-03-14 01:36:15,265 - INFO - [232/492] Syncing IREIT from 2021-03-15...
2026-03-14 01:36:15,533 - INFO - HTTP Request: GET https://beta-restapi.sarmaaya.pk/api/tradingview/history?symbol=IREIT&resolution=D&from=1615748400&to=1773428400 "HTTP/1.1 500 Internal Server Error"
2026-03-14 01:36:15,534 - WARNING -   No history found for IREIT
2026-03-14 01:36:16,239 - INFO - [233/492] Syncing ISIL from 2021-03-15...
2026-03-14 01:36:16,653 - INFO - HTTP Request: GET https://beta-restapi.sarmaaya.pk/api/tradingview/history?symbol=ISIL&resolution=D&from=1615748400&to=1773428400 "HTTP/1.1 200 OK"
2026-03-14 01:36:17,947 - INFO -   Saved 621 data points for ISIL
2026-03-14 01:36:18,651 - INFO - [234/492] Syncing ISL from 2021-03-15...
2026-03-14 01:36:19,001 - INFO - HTTP Request: GET https://beta-restapi.sarmaaya.pk/api/tradingview/history?symbol=ISL&resolution=D&from=1615748400&to=1773428400 "HTTP/1.1 200 OK"
2026-03-14 01:36:20,568 - INFO -   Saved 1233 data points for ISL
2026-03-14 01:36:21,273 - INFO - [235/492] Syncing ITANZ from 2021-03-15...
2026-03-14 01:36:21,541 - INFO - HTTP Request: GET https://beta-restapi.sarmaaya.pk/api/tradingview/history?symbol=ITANZ&resolution=D&from=1615748400&to=1773428400 "HTTP/1.1 500 Internal Server Error"
2026-03-14 01:36:21,542 - WARNING -   No history found for ITANZ
2026-03-14 01:36:22,247 - INFO - [236/492] Syncing ITTEFAQ from 2021-03-15...
2026-03-14 01:36:22,902 - INFO - HTTP Request: GET https://beta-restapi.sarmaaya.pk/api/tradingview/history?symbol=ITTEFAQ&resolution=D&from=1615748400&to=1773428400 "HTTP/1.1 200 OK"
2026-03-14 01:36:24,474 - INFO -   Saved 1230 data points for ITTEFAQ
2026-03-14 01:36:25,180 - INFO - [237/492] Syncing JATM from 2021-03-15...
2026-03-14 01:36:25,517 - INFO - HTTP Request: GET https://beta-restapi.sarmaaya.pk/api/tradingview/history?symbol=JATM&resolution=D&from=1615748400&to=1773428400 "HTTP/1.1 200 OK"
2026-03-14 01:36:26,780 - INFO -   Saved 928 data points for JATM
2026-03-14 01:36:27,482 - INFO - [238/492] Syncing JDMT from 2021-03-15...
2026-03-14 01:36:27,802 - INFO - HTTP Request: GET https://beta-restapi.sarmaaya.pk/api/tradingview/history?symbol=JDMT&resolution=D&from=1615748400&to=1773428400 "HTTP/1.1 200 OK"
2026-03-14 01:36:29,068 - INFO -   Saved 934 data points for JDMT
2026-03-14 01:36:29,774 - INFO - [239/492] Syncing JDWS from 2021-03-15...
2026-03-14 01:36:30,105 - INFO - HTTP Request: GET https://beta-restapi.sarmaaya.pk/api/tradingview/history?symbol=JDWS&resolution=D&from=1615748400&to=1773428400 "HTTP/1.1 200 OK"
2026-03-14 01:36:31,347 - INFO -   Saved 872 data points for JDWS
2026-03-14 01:36:32,052 - INFO - [240/492] Syncing JGICL from 2021-03-15...
2026-03-14 01:36:32,378 - INFO - HTTP Request: GET https://beta-restapi.sarmaaya.pk/api/tradingview/history?symbol=JGICL&resolution=D&from=1615748400&to=1773428400 "HTTP/1.1 200 OK"
2026-03-14 01:36:33,803 - INFO -   Saved 942 data points for JGICL
2026-03-14 01:36:34,508 - INFO - [241/492] Syncing JKSM from 2021-03-15...
2026-03-14 01:36:34,830 - INFO - HTTP Request: GET https://beta-restapi.sarmaaya.pk/api/tradingview/history?symbol=JKSM&resolution=D&from=1615748400&to=1773428400 "HTTP/1.1 200 OK"
2026-03-14 01:36:36,125 - INFO -   Saved 693 data points for JKSM
2026-03-14 01:36:36,830 - INFO - [242/492] Syncing JLICL from 2021-03-15...
2026-03-14 01:36:37,235 - INFO - HTTP Request: GET https://beta-restapi.sarmaaya.pk/api/tradingview/history?symbol=JLICL&resolution=D&from=1615748400&to=1773428400 "HTTP/1.1 200 OK"
2026-03-14 01:36:38,850 - INFO -   Saved 1134 data points for JLICL
2026-03-14 01:36:39,552 - INFO - [243/492] Syncing JSBL from 2021-03-15...
2026-03-14 01:36:40,002 - INFO - HTTP Request: GET https://beta-restapi.sarmaaya.pk/api/tradingview/history?symbol=JSBL&resolution=D&from=1615748400&to=1773428400 "HTTP/1.1 200 OK"
2026-03-14 01:36:41,744 - INFO -   Saved 1206 data points for JSBL
2026-03-14 01:36:42,449 - INFO - [244/492] Syncing JSCL from 2021-03-15...
2026-03-14 01:36:42,814 - INFO - HTTP Request: GET https://beta-restapi.sarmaaya.pk/api/tradingview/history?symbol=JSCL&resolution=D&from=1615748400&to=1773428400 "HTTP/1.1 200 OK"
2026-03-14 01:36:44,509 - INFO -   Saved 1233 data points for JSCL
2026-03-14 01:36:45,215 - INFO - [245/492] Syncing JSGBETF from 2021-03-15...
2026-03-14 01:36:45,493 - INFO - HTTP Request: GET https://beta-restapi.sarmaaya.pk/api/tradingview/history?symbol=JSGBETF&resolution=D&from=1615748400&to=1773428400 "HTTP/1.1 500 Internal Server Error"
2026-03-14 01:36:45,496 - WARNING -   No history found for JSGBETF
2026-03-14 01:36:46,198 - INFO - [246/492] Syncing JSGCL from 2021-03-15...
2026-03-14 01:36:46,554 - INFO - HTTP Request: GET https://beta-restapi.sarmaaya.pk/api/tradingview/history?symbol=JSGCL&resolution=D&from=1615748400&to=1773428400 "HTTP/1.1 200 OK"
2026-03-14 01:36:47,858 - INFO -   Saved 797 data points for JSGCL
2026-03-14 01:36:48,563 - INFO - [247/492] Syncing JSIL from 2021-03-15...
2026-03-14 01:36:48,904 - INFO - HTTP Request: GET https://beta-restapi.sarmaaya.pk/api/tradingview/history?symbol=JSIL&resolution=D&from=1615748400&to=1773428400 "HTTP/1.1 200 OK"
2026-03-14 01:36:50,355 - INFO -   Saved 767 data points for JSIL
2026-03-14 01:36:51,061 - INFO - [248/492] Syncing JSMFETF from 2021-03-15...
2026-03-14 01:36:51,368 - INFO - HTTP Request: GET https://beta-restapi.sarmaaya.pk/api/tradingview/history?symbol=JSMFETF&resolution=D&from=1615748400&to=1773428400 "HTTP/1.1 200 OK"
2026-03-14 01:36:52,717 - INFO -   Saved 841 data points for JSMFETF
2026-03-14 01:36:53,422 - INFO - [249/492] Syncing JSML from 2021-03-15...
2026-03-14 01:36:53,773 - INFO - HTTP Request: GET https://beta-restapi.sarmaaya.pk/api/tradingview/history?symbol=JSML&resolution=D&from=1615748400&to=1773428400 "HTTP/1.1 200 OK"
2026-03-14 01:36:55,560 - INFO -   Saved 1070 data points for JSML
2026-03-14 01:36:56,265 - INFO - [250/492] Syncing JUBS from 2021-03-15...
2026-03-14 01:36:56,601 - INFO - HTTP Request: GET https://beta-restapi.sarmaaya.pk/api/tradingview/history?symbol=JUBS&resolution=D&from=1615748400&to=1773428400 "HTTP/1.1 200 OK"
2026-03-14 01:36:57,912 - INFO -   Saved 949 data points for JUBS
2026-03-14 01:36:58,617 - INFO - [251/492] Syncing JVDC from 2021-03-15...
2026-03-14 01:36:58,966 - INFO - HTTP Request: GET https://beta-restapi.sarmaaya.pk/api/tradingview/history?symbol=JVDC&resolution=D&from=1615748400&to=1773428400 "HTTP/1.1 200 OK"
2026-03-14 01:37:00,680 - INFO -   Saved 1071 data points for JVDC
2026-03-14 01:37:01,383 - INFO - [252/492] Syncing JVDCPS from 2021-03-15...
2026-03-14 01:37:01,666 - INFO - HTTP Request: GET https://beta-restapi.sarmaaya.pk/api/tradingview/history?symbol=JVDCPS&resolution=D&from=1615748400&to=1773428400 "HTTP/1.1 200 OK"
2026-03-14 01:37:03,143 - INFO -   Saved 57 data points for JVDCPS
2026-03-14 01:37:03,849 - INFO - [253/492] Syncing KAPCO from 2021-03-15...
2026-03-14 01:37:04,207 - INFO - HTTP Request: GET https://beta-restapi.sarmaaya.pk/api/tradingview/history?symbol=KAPCO&resolution=D&from=1615748400&to=1773428400 "HTTP/1.1 200 OK"
2026-03-14 01:37:05,773 - INFO -   Saved 1233 data points for KAPCO
2026-03-14 01:37:06,479 - INFO - [254/492] Syncing KCL from 2021-03-15...
2026-03-14 01:37:06,778 - INFO - HTTP Request: GET https://beta-restapi.sarmaaya.pk/api/tradingview/history?symbol=KCL&resolution=D&from=1615748400&to=1773428400 "HTTP/1.1 200 OK"
2026-03-14 01:37:07,984 - INFO -   Saved 315 data points for KCL
2026-03-14 01:37:08,689 - INFO - [255/492] Syncing KEL from 2021-03-15...
2026-03-14 01:37:09,018 - INFO - HTTP Request: GET https://beta-restapi.sarmaaya.pk/api/tradingview/history?symbol=KEL&resolution=D&from=1615748400&to=1773428400 "HTTP/1.1 200 OK"
2026-03-14 01:37:10,816 - INFO -   Saved 1233 data points for KEL
2026-03-14 01:37:11,520 - INFO - [256/492] Syncing KHTC from 2021-03-15...
2026-03-14 01:37:11,920 - INFO - HTTP Request: GET https://beta-restapi.sarmaaya.pk/api/tradingview/history?symbol=KHTC&resolution=D&from=1615748400&to=1773428400 "HTTP/1.1 200 OK"
2026-03-14 01:37:13,468 - INFO -   Saved 1164 data points for KHTC
2026-03-14 01:37:14,174 - INFO - [257/492] Syncing KHYT from 2021-03-15...
2026-03-14 01:37:14,487 - INFO - HTTP Request: GET https://beta-restapi.sarmaaya.pk/api/tradingview/history?symbol=KHYT&resolution=D&from=1615748400&to=1773428400 "HTTP/1.1 200 OK"
2026-03-14 01:37:15,807 - INFO -   Saved 421 data points for KHYT
2026-03-14 01:37:16,513 - INFO - [258/492] Syncing KML from 2021-03-15...
2026-03-14 01:37:16,850 - INFO - HTTP Request: GET https://beta-restapi.sarmaaya.pk/api/tradingview/history?symbol=KML&resolution=D&from=1615748400&to=1773428400 "HTTP/1.1 200 OK"
2026-03-14 01:37:18,092 - INFO -   Saved 781 data points for KML
2026-03-14 01:37:18,797 - INFO - [259/492] Syncing KOHC from 2021-03-15...
2026-03-14 01:37:19,125 - INFO - HTTP Request: GET https://beta-restapi.sarmaaya.pk/api/tradingview/history?symbol=KOHC&resolution=D&from=1615748400&to=1773428400 "HTTP/1.1 200 OK"
2026-03-14 01:37:20,806 - INFO -   Saved 1233 data points for KOHC
2026-03-14 01:37:21,509 - INFO - [260/492] Syncing KOHE from 2021-03-15...
2026-03-14 01:37:21,883 - INFO - HTTP Request: GET https://beta-restapi.sarmaaya.pk/api/tradingview/history?symbol=KOHE&resolution=D&from=1615748400&to=1773428400 "HTTP/1.1 200 OK"
2026-03-14 01:37:23,718 - INFO -   Saved 1230 data points for KOHE
2026-03-14 01:37:24,424 - INFO - [261/492] Syncing KOHP from 2021-03-15...
2026-03-14 01:37:24,783 - INFO - HTTP Request: GET https://beta-restapi.sarmaaya.pk/api/tradingview/history?symbol=KOHP&resolution=D&from=1615748400&to=1773428400 "HTTP/1.1 200 OK"
2026-03-14 01:37:26,349 - INFO -   Saved 1129 data points for KOHP
2026-03-14 01:37:27,054 - INFO - [262/492] Syncing KOHTM from 2021-03-15...
2026-03-14 01:37:27,380 - INFO - HTTP Request: GET https://beta-restapi.sarmaaya.pk/api/tradingview/history?symbol=KOHTM&resolution=D&from=1615748400&to=1773428400 "HTTP/1.1 200 OK"
2026-03-14 01:37:28,630 - INFO -   Saved 781 data points for KOHTM
2026-03-14 01:37:29,335 - INFO - [263/492] Syncing KOIL from 2021-03-15...
2026-03-14 01:37:29,694 - INFO - HTTP Request: GET https://beta-restapi.sarmaaya.pk/api/tradingview/history?symbol=KOIL&resolution=D&from=1615748400&to=1773428400 "HTTP/1.1 200 OK"
2026-03-14 01:37:31,327 - INFO -   Saved 1156 data points for KOIL
2026-03-14 01:37:32,032 - INFO - [264/492] Syncing KOSM from 2021-03-15...
2026-03-14 01:37:32,381 - INFO - HTTP Request: GET https://beta-restapi.sarmaaya.pk/api/tradingview/history?symbol=KOSM&resolution=D&from=1615748400&to=1773428400 "HTTP/1.1 200 OK"
2026-03-14 01:37:33,964 - INFO -   Saved 1233 data points for KOSM
2026-03-14 01:37:34,669 - INFO - [265/492] Syncing KPUS from 2021-03-15...
2026-03-14 01:37:34,986 - INFO - HTTP Request: GET https://beta-restapi.sarmaaya.pk/api/tradingview/history?symbol=KPUS&resolution=D&from=1615748400&to=1773428400 "HTTP/1.1 200 OK"
2026-03-14 01:37:36,229 - INFO -   Saved 577 data points for KPUS
2026-03-14 01:37:36,934 - INFO - [266/492] Syncing KSBP from 2021-03-15...
2026-03-14 01:37:37,284 - INFO - HTTP Request: GET https://beta-restapi.sarmaaya.pk/api/tradingview/history?symbol=KSBP&resolution=D&from=1615748400&to=1773428400 "HTTP/1.1 200 OK"
2026-03-14 01:37:38,973 - INFO -   Saved 1098 data points for KSBP
2026-03-14 01:37:39,679 - INFO - [267/492] Syncing KSTM from 2021-03-15...
2026-03-14 01:37:39,994 - INFO - HTTP Request: GET https://beta-restapi.sarmaaya.pk/api/tradingview/history?symbol=KSTM&resolution=D&from=1615748400&to=1773428400 "HTTP/1.1 200 OK"
2026-03-14 01:37:41,332 - INFO -   Saved 435 data points for KSTM
2026-03-14 01:37:42,037 - INFO - [268/492] Syncing KTML from 2021-03-15...
2026-03-14 01:37:42,389 - INFO - HTTP Request: GET https://beta-restapi.sarmaaya.pk/api/tradingview/history?symbol=KTML&resolution=D&from=1615748400&to=1773428400 "HTTP/1.1 200 OK"
2026-03-14 01:37:43,991 - INFO -   Saved 1189 data points for KTML
2026-03-14 01:37:44,695 - INFO - [269/492] Syncing LCI from 2021-03-15...
2026-03-14 01:37:45,018 - INFO - HTTP Request: GET https://beta-restapi.sarmaaya.pk/api/tradingview/history?symbol=LCI&resolution=D&from=1615748400&to=1773428400 "HTTP/1.1 200 OK"
2026-03-14 01:37:46,359 - INFO -   Saved 781 data points for LCI
2026-03-14 01:37:47,063 - INFO - [270/492] Syncing LEUL from 2021-03-15...
2026-03-14 01:37:47,486 - INFO - HTTP Request: GET https://beta-restapi.sarmaaya.pk/api/tradingview/history?symbol=LEUL&resolution=D&from=1615748400&to=1773428400 "HTTP/1.1 200 OK"
2026-03-14 01:37:48,841 - INFO -   Saved 979 data points for LEUL
2026-03-14 01:37:49,547 - INFO - [271/492] Syncing LIVEN from 2021-03-15...
2026-03-14 01:37:49,819 - INFO - HTTP Request: GET https://beta-restapi.sarmaaya.pk/api/tradingview/history?symbol=LIVEN&resolution=D&from=1615748400&to=1773428400 "HTTP/1.1 500 Internal Server Error"
2026-03-14 01:37:49,823 - WARNING -   No history found for LIVEN
2026-03-14 01:37:50,528 - INFO - [272/492] Syncing LOADS from 2021-03-15...
2026-03-14 01:37:50,967 - INFO - HTTP Request: GET https://beta-restapi.sarmaaya.pk/api/tradingview/history?symbol=LOADS&resolution=D&from=1615748400&to=1773428400 "HTTP/1.1 200 OK"
2026-03-14 01:37:52,751 - INFO -   Saved 1233 data points for LOADS
2026-03-14 01:37:53,457 - INFO - [273/492] Syncing LOADSR1 from 2021-03-15...
2026-03-14 01:37:53,730 - INFO - HTTP Request: GET https://beta-restapi.sarmaaya.pk/api/tradingview/history?symbol=LOADSR1&resolution=D&from=1615748400&to=1773428400 "HTTP/1.1 500 Internal Server Error"
2026-03-14 01:37:53,732 - WARNING -   No history found for LOADSR1
2026-03-14 01:37:54,437 - INFO - [274/492] Syncing LOTCHEM from 2021-03-15...
2026-03-14 01:37:54,806 - INFO - HTTP Request: GET https://beta-restapi.sarmaaya.pk/api/tradingview/history?symbol=LOTCHEM&resolution=D&from=1615748400&to=1773428400 "HTTP/1.1 200 OK"
2026-03-14 01:37:56,406 - INFO -   Saved 1233 data points for LOTCHEM
2026-03-14 01:37:57,111 - INFO - [275/492] Syncing LPGL from 2021-03-15...
2026-03-14 01:37:57,442 - INFO - HTTP Request: GET https://beta-restapi.sarmaaya.pk/api/tradingview/history?symbol=LPGL&resolution=D&from=1615748400&to=1773428400 "HTTP/1.1 200 OK"
2026-03-14 01:37:58,767 - INFO -   Saved 876 data points for LPGL
2026-03-14 01:37:59,473 - INFO - [276/492] Syncing LPL from 2021-03-15...
2026-03-14 01:37:59,820 - INFO - HTTP Request: GET https://beta-restapi.sarmaaya.pk/api/tradingview/history?symbol=LPL&resolution=D&from=1615748400&to=1773428400 "HTTP/1.1 200 OK"
2026-03-14 01:38:01,390 - INFO -   Saved 1231 data points for LPL
2026-03-14 01:38:02,096 - INFO - [277/492] Syncing LSECL from 2021-03-15...
2026-03-14 01:38:02,367 - INFO - HTTP Request: GET https://beta-restapi.sarmaaya.pk/api/tradingview/history?symbol=LSECL&resolution=D&from=1615748400&to=1773428400 "HTTP/1.1 500 Internal Server Error"
2026-03-14 01:38:02,369 - WARNING -   No history found for LSECL
2026-03-14 01:38:03,073 - INFO - [278/492] Syncing LSECLR from 2021-03-15...
2026-03-14 01:38:03,344 - INFO - HTTP Request: GET https://beta-restapi.sarmaaya.pk/api/tradingview/history?symbol=LSECLR&resolution=D&from=1615748400&to=1773428400 "HTTP/1.1 500 Internal Server Error"
2026-03-14 01:38:03,346 - WARNING -   No history found for LSECLR
2026-03-14 01:38:04,050 - INFO - [279/492] Syncing LSEFSL from 2021-03-15...
2026-03-14 01:38:04,321 - INFO - HTTP Request: GET https://beta-restapi.sarmaaya.pk/api/tradingview/history?symbol=LSEFSL&resolution=D&from=1615748400&to=1773428400 "HTTP/1.1 500 Internal Server Error"
2026-03-14 01:38:04,323 - WARNING -   No history found for LSEFSL
2026-03-14 01:38:05,028 - INFO - [280/492] Syncing LSEVL from 2021-03-15...
2026-03-14 01:38:05,292 - INFO - HTTP Request: GET https://beta-restapi.sarmaaya.pk/api/tradingview/history?symbol=LSEVL&resolution=D&from=1615748400&to=1773428400 "HTTP/1.1 500 Internal Server Error"
2026-03-14 01:38:05,294 - WARNING -   No history found for LSEVL
2026-03-14 01:38:05,998 - INFO - [281/492] Syncing LUCK from 2021-03-15...
2026-03-14 01:38:06,361 - INFO - HTTP Request: GET https://beta-restapi.sarmaaya.pk/api/tradingview/history?symbol=LUCK&resolution=D&from=1615748400&to=1773428400 "HTTP/1.1 200 OK"
2026-03-14 01:38:07,987 - INFO -   Saved 1228 data points for LUCK
2026-03-14 01:38:08,692 - INFO - [282/492] Syncing MACFL from 2021-03-15...
2026-03-14 01:38:10,928 - INFO - HTTP Request: GET https://beta-restapi.sarmaaya.pk/api/tradingview/history?symbol=MACFL&resolution=D&from=1615748400&to=1773428400 "HTTP/1.1 200 OK"
2026-03-14 01:38:12,671 - INFO -   Saved 1165 data points for MACFL
2026-03-14 01:38:13,376 - INFO - [283/492] Syncing MACTER from 2021-03-15...
2026-03-14 01:38:14,111 - INFO - HTTP Request: GET https://beta-restapi.sarmaaya.pk/api/tradingview/history?symbol=MACTER&resolution=D&from=1615748400&to=1773428400 "HTTP/1.1 200 OK"
2026-03-14 01:38:15,543 - INFO -   Saved 775 data points for MACTER
2026-03-14 01:38:16,247 - INFO - [284/492] Syncing MARI from 2021-03-15...
2026-03-14 01:38:16,667 - INFO - HTTP Request: GET https://beta-restapi.sarmaaya.pk/api/tradingview/history?symbol=MARI&resolution=D&from=1615748400&to=1773428400 "HTTP/1.1 200 OK"
2026-03-14 01:38:18,355 - INFO -   Saved 1233 data points for MARI
2026-03-14 01:38:19,061 - INFO - [285/492] Syncing MCB from 2021-03-15...
2026-03-14 01:38:19,428 - INFO - HTTP Request: GET https://beta-restapi.sarmaaya.pk/api/tradingview/history?symbol=MCB&resolution=D&from=1615748400&to=1773428400 "HTTP/1.1 200 OK"
2026-03-14 01:38:21,137 - INFO -   Saved 1233 data points for MCB
2026-03-14 01:38:21,841 - INFO - [286/492] Syncing MCBIM from 2021-03-15...
2026-03-14 01:38:22,108 - INFO - HTTP Request: GET https://beta-restapi.sarmaaya.pk/api/tradingview/history?symbol=MCBIM&resolution=D&from=1615748400&to=1773428400 "HTTP/1.1 500 Internal Server Error"
2026-03-14 01:38:22,109 - WARNING -   No history found for MCBIM
2026-03-14 01:38:22,812 - INFO - [287/492] Syncing MDTL from 2021-03-15...
2026-03-14 01:38:23,167 - INFO - HTTP Request: GET https://beta-restapi.sarmaaya.pk/api/tradingview/history?symbol=MDTL&resolution=D&from=1615748400&to=1773428400 "HTTP/1.1 200 OK"
2026-03-14 01:38:24,781 - INFO -   Saved 1232 data points for MDTL
2026-03-14 01:38:25,484 - INFO - [288/492] Syncing MEBL from 2021-03-15...
2026-03-14 01:38:25,827 - INFO - HTTP Request: GET https://beta-restapi.sarmaaya.pk/api/tradingview/history?symbol=MEBL&resolution=D&from=1615748400&to=1773428400 "HTTP/1.1 200 OK"
2026-03-14 01:38:27,447 - INFO -   Saved 1233 data points for MEBL
2026-03-14 01:38:28,152 - INFO - [289/492] Syncing MEHT from 2021-03-15...
2026-03-14 01:38:28,480 - INFO - HTTP Request: GET https://beta-restapi.sarmaaya.pk/api/tradingview/history?symbol=MEHT&resolution=D&from=1615748400&to=1773428400 "HTTP/1.1 200 OK"
2026-03-14 01:38:29,879 - INFO -   Saved 700 data points for MEHT
2026-03-14 01:38:30,584 - INFO - [290/492] Syncing MERIT from 2021-03-15...
2026-03-14 01:38:31,006 - INFO - HTTP Request: GET https://beta-restapi.sarmaaya.pk/api/tradingview/history?symbol=MERIT&resolution=D&from=1615748400&to=1773428400 "HTTP/1.1 200 OK"
2026-03-14 01:38:32,943 - INFO -   Saved 1200 data points for MERIT
2026-03-14 01:38:33,646 - INFO - [291/492] Syncing MFFL from 2021-03-15...
2026-03-14 01:38:34,001 - INFO - HTTP Request: GET https://beta-restapi.sarmaaya.pk/api/tradingview/history?symbol=MFFL&resolution=D&from=1615748400&to=1773428400 "HTTP/1.1 200 OK"
2026-03-14 01:38:35,616 - INFO -   Saved 1188 data points for MFFL
2026-03-14 01:38:36,322 - INFO - [292/492] Syncing MFL from 2021-03-15...
2026-03-14 01:38:36,693 - INFO - HTTP Request: GET https://beta-restapi.sarmaaya.pk/api/tradingview/history?symbol=MFL&resolution=D&from=1615748400&to=1773428400 "HTTP/1.1 200 OK"
2026-03-14 01:38:38,256 - INFO -   Saved 1208 data points for MFL
2026-03-14 01:38:38,961 - INFO - [293/492] Syncing MIIETF from 2021-03-15...
2026-03-14 01:38:39,233 - INFO - HTTP Request: GET https://beta-restapi.sarmaaya.pk/api/tradingview/history?symbol=MIIETF&resolution=D&from=1615748400&to=1773428400 "HTTP/1.1 500 Internal Server Error"
2026-03-14 01:38:39,235 - WARNING -   No history found for MIIETF
2026-03-14 01:38:39,941 - INFO - [294/492] Syncing MIRKS from 2021-03-15...
2026-03-14 01:38:40,290 - INFO - HTTP Request: GET https://beta-restapi.sarmaaya.pk/api/tradingview/history?symbol=MIRKS&resolution=D&from=1615748400&to=1773428400 "HTTP/1.1 200 OK"
2026-03-14 01:38:41,572 - INFO -   Saved 923 data points for MIRKS
2026-03-14 01:38:42,278 - INFO - [295/492] Syncing MLCF from 2021-03-15...
2026-03-14 01:38:42,644 - INFO - HTTP Request: GET https://beta-restapi.sarmaaya.pk/api/tradingview/history?symbol=MLCF&resolution=D&from=1615748400&to=1773428400 "HTTP/1.1 200 OK"
2026-03-14 01:38:44,314 - INFO -   Saved 1233 data points for MLCF
2026-03-14 01:38:45,020 - INFO - [296/492] Syncing MQTM from 2021-03-15...
2026-03-14 01:38:45,337 - INFO - HTTP Request: GET https://beta-restapi.sarmaaya.pk/api/tradingview/history?symbol=MQTM&resolution=D&from=1615748400&to=1773428400 "HTTP/1.1 200 OK"
2026-03-14 01:38:46,661 - INFO -   Saved 430 data points for MQTM
2026-03-14 01:38:47,366 - INFO - [297/492] Syncing MRNS from 2021-03-15...
2026-03-14 01:38:47,714 - INFO - HTTP Request: GET https://beta-restapi.sarmaaya.pk/api/tradingview/history?symbol=MRNS&resolution=D&from=1615748400&to=1773428400 "HTTP/1.1 200 OK"
2026-03-14 01:38:49,400 - INFO -   Saved 1121 data points for MRNS
2026-03-14 01:38:50,105 - INFO - [298/492] Syncing MSCL from 2021-03-15...
2026-03-14 01:38:50,433 - INFO - HTTP Request: GET https://beta-restapi.sarmaaya.pk/api/tradingview/history?symbol=MSCL&resolution=D&from=1615748400&to=1773428400 "HTTP/1.1 200 OK"
2026-03-14 01:38:51,677 - INFO -   Saved 711 data points for MSCL
2026-03-14 01:38:52,383 - INFO - [299/492] Syncing MSOT from 2021-03-15...
2026-03-14 01:38:52,815 - INFO - HTTP Request: GET https://beta-restapi.sarmaaya.pk/api/tradingview/history?symbol=MSOT&resolution=D&from=1615748400&to=1773428400 "HTTP/1.1 200 OK"
2026-03-14 01:38:54,186 - INFO -   Saved 826 data points for MSOT
2026-03-14 01:38:54,887 - INFO - [300/492] Syncing MTL from 2021-03-15...
2026-03-14 01:38:55,271 - INFO - HTTP Request: GET https://beta-restapi.sarmaaya.pk/api/tradingview/history?symbol=MTL&resolution=D&from=1615748400&to=1773428400 "HTTP/1.1 200 OK"
2026-03-14 01:38:56,924 - INFO -   Saved 1233 data points for MTL
2026-03-14 01:38:57,629 - INFO - [301/492] Syncing MUGHAL from 2021-03-15...
2026-03-14 01:38:57,971 - INFO - HTTP Request: GET https://beta-restapi.sarmaaya.pk/api/tradingview/history?symbol=MUGHAL&resolution=D&from=1615748400&to=1773428400 "HTTP/1.1 200 OK"
2026-03-14 01:38:59,601 - INFO -   Saved 1233 data points for MUGHAL
2026-03-14 01:39:00,306 - INFO - [302/492] Syncing MUGHALC from 2021-03-15...
2026-03-14 01:39:00,576 - INFO - HTTP Request: GET https://beta-restapi.sarmaaya.pk/api/tradingview/history?symbol=MUGHALC&resolution=D&from=1615748400&to=1773428400 "HTTP/1.1 500 Internal Server Error"
2026-03-14 01:39:00,579 - WARNING -   No history found for MUGHALC
2026-03-14 01:39:01,284 - INFO - [303/492] Syncing MUREB from 2021-03-15...
2026-03-14 01:39:01,724 - INFO - HTTP Request: GET https://beta-restapi.sarmaaya.pk/api/tradingview/history?symbol=MUREB&resolution=D&from=1615748400&to=1773428400 "HTTP/1.1 200 OK"
2026-03-14 01:39:03,292 - INFO -   Saved 1075 data points for MUREB
2026-03-14 01:39:03,992 - INFO - [304/492] Syncing MWMP from 2021-03-15...
2026-03-14 01:39:04,308 - INFO - HTTP Request: GET https://beta-restapi.sarmaaya.pk/api/tradingview/history?symbol=MWMP&resolution=D&from=1615748400&to=1773428400 "HTTP/1.1 200 OK"
2026-03-14 01:39:05,533 - INFO -   Saved 444 data points for MWMP
2026-03-14 01:39:06,238 - INFO - [305/492] Syncing MZNPETF from 2021-03-15...
2026-03-14 01:39:06,564 - INFO - HTTP Request: GET https://beta-restapi.sarmaaya.pk/api/tradingview/history?symbol=MZNPETF&resolution=D&from=1615748400&to=1773428400 "HTTP/1.1 200 OK"
2026-03-14 01:39:08,175 - INFO -   Saved 1145 data points for MZNPETF
2026-03-14 01:39:08,880 - INFO - [306/492] Syncing NAGC from 2021-03-15...
2026-03-14 01:39:09,214 - INFO - HTTP Request: GET https://beta-restapi.sarmaaya.pk/api/tradingview/history?symbol=NAGC&resolution=D&from=1615748400&to=1773428400 "HTTP/1.1 200 OK"
2026-03-14 01:39:10,544 - INFO -   Saved 686 data points for NAGC
2026-03-14 01:39:11,249 - INFO - [307/492] Syncing NATF from 2021-03-15...
2026-03-14 01:39:11,610 - INFO - HTTP Request: GET https://beta-restapi.sarmaaya.pk/api/tradingview/history?symbol=NATF&resolution=D&from=1615748400&to=1773428400 "HTTP/1.1 200 OK"
2026-03-14 01:39:13,186 - INFO -   Saved 1233 data points for NATF
2026-03-14 01:39:13,891 - INFO - [308/492] Syncing NBP from 2021-03-15...
2026-03-14 01:39:14,323 - INFO - HTTP Request: GET https://beta-restapi.sarmaaya.pk/api/tradingview/history?symbol=NBP&resolution=D&from=1615748400&to=1773428400 "HTTP/1.1 200 OK"
2026-03-14 01:39:15,950 - INFO -   Saved 1233 data points for NBP
2026-03-14 01:39:16,655 - INFO - [309/492] Syncing NBPGETF from 2021-03-15...
2026-03-14 01:39:16,932 - INFO - HTTP Request: GET https://beta-restapi.sarmaaya.pk/api/tradingview/history?symbol=NBPGETF&resolution=D&from=1615748400&to=1773428400 "HTTP/1.1 500 Internal Server Error"
2026-03-14 01:39:16,932 - WARNING -   No history found for NBPGETF
2026-03-14 01:39:17,637 - INFO - [310/492] Syncing NCL from 2021-03-15...
2026-03-14 01:39:18,002 - INFO - HTTP Request: GET https://beta-restapi.sarmaaya.pk/api/tradingview/history?symbol=NCL&resolution=D&from=1615748400&to=1773428400 "HTTP/1.1 200 OK"
2026-03-14 01:39:19,842 - INFO -   Saved 1233 data points for NCL
2026-03-14 01:39:20,547 - INFO - [311/492] Syncing NCML from 2021-03-15...
2026-03-14 01:39:20,889 - INFO - HTTP Request: GET https://beta-restapi.sarmaaya.pk/api/tradingview/history?symbol=NCML&resolution=D&from=1615748400&to=1773428400 "HTTP/1.1 200 OK"
2026-03-14 01:39:22,718 - INFO -   Saved 1005 data points for NCML
2026-03-14 01:39:23,424 - INFO - [312/492] Syncing NCPL from 2021-03-15...
2026-03-14 01:39:23,754 - INFO - HTTP Request: GET https://beta-restapi.sarmaaya.pk/api/tradingview/history?symbol=NCPL&resolution=D&from=1615748400&to=1773428400 "HTTP/1.1 200 OK"
2026-03-14 01:39:25,518 - INFO -   Saved 1232 data points for NCPL
2026-03-14 01:39:26,224 - INFO - [313/492] Syncing NESTLE from 2021-03-15...
2026-03-14 01:39:26,577 - INFO - HTTP Request: GET https://beta-restapi.sarmaaya.pk/api/tradingview/history?symbol=NESTLE&resolution=D&from=1615748400&to=1773428400 "HTTP/1.1 200 OK"
2026-03-14 01:39:28,126 - INFO -   Saved 1062 data points for NESTLE
2026-03-14 01:39:28,829 - INFO - [314/492] Syncing NETSOL from 2021-03-15...
2026-03-14 01:39:29,269 - INFO - HTTP Request: GET https://beta-restapi.sarmaaya.pk/api/tradingview/history?symbol=NETSOL&resolution=D&from=1615748400&to=1773428400 "HTTP/1.1 200 OK"
2026-03-14 01:39:31,113 - INFO -   Saved 1233 data points for NETSOL
2026-03-14 01:39:31,819 - INFO - [315/492] Syncing NEXT from 2021-03-15...
2026-03-14 01:39:32,161 - INFO - HTTP Request: GET https://beta-restapi.sarmaaya.pk/api/tradingview/history?symbol=NEXT&resolution=D&from=1615748400&to=1773428400 "HTTP/1.1 200 OK"
2026-03-14 01:39:33,973 - INFO -   Saved 1080 data points for NEXT
2026-03-14 01:39:34,678 - INFO - [316/492] Syncing NICL from 2021-03-15...
2026-03-14 01:39:35,041 - INFO - HTTP Request: GET https://beta-restapi.sarmaaya.pk/api/tradingview/history?symbol=NICL&resolution=D&from=1615748400&to=1773428400 "HTTP/1.1 200 OK"
2026-03-14 01:39:36,581 - INFO -   Saved 1064 data points for NICL
2026-03-14 01:39:37,287 - INFO - [317/492] Syncing NITGETF from 2021-03-15...
2026-03-14 01:39:37,594 - INFO - HTTP Request: GET https://beta-restapi.sarmaaya.pk/api/tradingview/history?symbol=NITGETF&resolution=D&from=1615748400&to=1773428400 "HTTP/1.1 200 OK"
2026-03-14 01:39:38,999 - INFO -   Saved 529 data points for NITGETF
2026-03-14 01:39:39,705 - INFO - [318/492] Syncing NML from 2021-03-15...
2026-03-14 01:39:40,036 - INFO - HTTP Request: GET https://beta-restapi.sarmaaya.pk/api/tradingview/history?symbol=NML&resolution=D&from=1615748400&to=1773428400 "HTTP/1.1 200 OK"
2026-03-14 01:39:41,680 - INFO -   Saved 1233 data points for NML
2026-03-14 01:39:42,385 - INFO - [319/492] Syncing NONS from 2021-03-15...
2026-03-14 01:39:42,728 - INFO - HTTP Request: GET https://beta-restapi.sarmaaya.pk/api/tradingview/history?symbol=NONS&resolution=D&from=1615748400&to=1773428400 "HTTP/1.1 200 OK"
2026-03-14 01:39:43,960 - INFO -   Saved 584 data points for NONS
2026-03-14 01:39:44,665 - INFO - [320/492] Syncing NPL from 2021-03-15...
2026-03-14 01:39:44,995 - INFO - HTTP Request: GET https://beta-restapi.sarmaaya.pk/api/tradingview/history?symbol=NPL&resolution=D&from=1615748400&to=1773428400 "HTTP/1.1 200 OK"
2026-03-14 01:39:46,571 - INFO -   Saved 1231 data points for NPL
2026-03-14 01:39:47,277 - INFO - [321/492] Syncing NRL from 2021-03-15...
2026-03-14 01:39:47,647 - INFO - HTTP Request: GET https://beta-restapi.sarmaaya.pk/api/tradingview/history?symbol=NRL&resolution=D&from=1615748400&to=1773428400 "HTTP/1.1 200 OK"
2026-03-14 01:39:49,226 - INFO -   Saved 1233 data points for NRL
2026-03-14 01:39:49,932 - INFO - [322/492] Syncing NRSL from 2021-03-15...
2026-03-14 01:39:50,290 - INFO - HTTP Request: GET https://beta-restapi.sarmaaya.pk/api/tradingview/history?symbol=NRSL&resolution=D&from=1615748400&to=1773428400 "HTTP/1.1 200 OK"
2026-03-14 01:39:51,875 - INFO -   Saved 1222 data points for NRSL
2026-03-14 01:39:52,581 - INFO - [323/492] Syncing NSRM from 2021-03-15...
2026-03-14 01:39:52,887 - INFO - HTTP Request: GET https://beta-restapi.sarmaaya.pk/api/tradingview/history?symbol=NSRM&resolution=D&from=1615748400&to=1773428400 "HTTP/1.1 200 OK"
2026-03-14 01:39:54,142 - INFO -   Saved 429 data points for NSRM
2026-03-14 01:39:54,848 - INFO - [324/492] Syncing OBOY from 2021-03-15...
2026-03-14 01:39:55,183 - INFO - HTTP Request: GET https://beta-restapi.sarmaaya.pk/api/tradingview/history?symbol=OBOY&resolution=D&from=1615748400&to=1773428400 "HTTP/1.1 200 OK"
2026-03-14 01:39:56,724 - INFO -   Saved 1029 data points for OBOY
2026-03-14 01:39:57,431 - INFO - [325/492] Syncing OCTOPUS from 2021-03-15...
2026-03-14 01:39:57,769 - INFO - HTTP Request: GET https://beta-restapi.sarmaaya.pk/api/tradingview/history?symbol=OCTOPUS&resolution=D&from=1615748400&to=1773428400 "HTTP/1.1 200 OK"
2026-03-14 01:39:59,324 - INFO -   Saved 1100 data points for OCTOPUS
2026-03-14 01:40:00,029 - INFO - [326/492] Syncing OGDC from 2021-03-15...
2026-03-14 01:40:00,380 - INFO - HTTP Request: GET https://beta-restapi.sarmaaya.pk/api/tradingview/history?symbol=OGDC&resolution=D&from=1615748400&to=1773428400 "HTTP/1.1 200 OK"
2026-03-14 01:40:01,938 - INFO -   Saved 1233 data points for OGDC
2026-03-14 01:40:02,643 - INFO - [327/492] Syncing OLPL from 2021-03-15...
2026-03-14 01:40:03,019 - INFO - HTTP Request: GET https://beta-restapi.sarmaaya.pk/api/tradingview/history?symbol=OLPL&resolution=D&from=1615748400&to=1773428400 "HTTP/1.1 200 OK"
2026-03-14 01:40:04,592 - INFO -   Saved 1204 data points for OLPL
2026-03-14 01:40:05,296 - INFO - [328/492] Syncing OLPM from 2021-03-15...
2026-03-14 01:40:05,627 - INFO - HTTP Request: GET https://beta-restapi.sarmaaya.pk/api/tradingview/history?symbol=OLPM&resolution=D&from=1615748400&to=1773428400 "HTTP/1.1 200 OK"
2026-03-14 01:40:06,858 - INFO -   Saved 873 data points for OLPM
2026-03-14 01:40:07,563 - INFO - [329/492] Syncing OML from 2021-03-15...
2026-03-14 01:40:07,901 - INFO - HTTP Request: GET https://beta-restapi.sarmaaya.pk/api/tradingview/history?symbol=OML&resolution=D&from=1615748400&to=1773428400 "HTTP/1.1 200 OK"
2026-03-14 01:40:09,156 - INFO -   Saved 607 data points for OML
2026-03-14 01:40:09,861 - INFO - [330/492] Syncing ORM from 2021-03-15...
2026-03-14 01:40:10,184 - INFO - HTTP Request: GET https://beta-restapi.sarmaaya.pk/api/tradingview/history?symbol=ORM&resolution=D&from=1615748400&to=1773428400 "HTTP/1.1 200 OK"
2026-03-14 01:40:11,469 - INFO -   Saved 811 data points for ORM
2026-03-14 01:40:12,172 - INFO - [331/492] Syncing OTSU from 2021-03-15...
2026-03-14 01:40:12,585 - INFO - HTTP Request: GET https://beta-restapi.sarmaaya.pk/api/tradingview/history?symbol=OTSU&resolution=D&from=1615748400&to=1773428400 "HTTP/1.1 200 OK"
2026-03-14 01:40:13,921 - INFO -   Saved 944 data points for OTSU
2026-03-14 01:40:14,629 - INFO - [332/492] Syncing PABC from 2021-03-15...
2026-03-14 01:40:14,961 - INFO - HTTP Request: GET https://beta-restapi.sarmaaya.pk/api/tradingview/history?symbol=PABC&resolution=D&from=1615748400&to=1773428400 "HTTP/1.1 200 OK"
2026-03-14 01:40:16,565 - INFO -   Saved 1150 data points for PABC
2026-03-14 01:40:17,270 - INFO - [333/492] Syncing PACE from 2021-03-15...
2026-03-14 01:40:17,705 - INFO - HTTP Request: GET https://beta-restapi.sarmaaya.pk/api/tradingview/history?symbol=PACE&resolution=D&from=1615748400&to=1773428400 "HTTP/1.1 200 OK"
2026-03-14 01:40:19,444 - INFO -   Saved 1233 data points for PACE
2026-03-14 01:40:20,149 - INFO - [334/492] Syncing PAEL from 2021-03-15...
2026-03-14 01:40:20,475 - INFO - HTTP Request: GET https://beta-restapi.sarmaaya.pk/api/tradingview/history?symbol=PAEL&resolution=D&from=1615748400&to=1773428400 "HTTP/1.1 200 OK"
2026-03-14 01:40:22,108 - INFO -   Saved 1233 data points for PAEL
2026-03-14 01:40:22,815 - INFO - [335/492] Syncing PAKD from 2021-03-15...
2026-03-14 01:40:23,170 - INFO - HTTP Request: GET https://beta-restapi.sarmaaya.pk/api/tradingview/history?symbol=PAKD&resolution=D&from=1615748400&to=1773428400 "HTTP/1.1 200 OK"
2026-03-14 01:40:24,751 - INFO -   Saved 1171 data points for PAKD
2026-03-14 01:40:25,456 - INFO - [336/492] Syncing PAKL from 2021-03-15...
2026-03-14 01:40:25,767 - INFO - HTTP Request: GET https://beta-restapi.sarmaaya.pk/api/tradingview/history?symbol=PAKL&resolution=D&from=1615748400&to=1773428400 "HTTP/1.1 200 OK"
2026-03-14 01:40:26,980 - INFO -   Saved 490 data points for PAKL
2026-03-14 01:40:27,684 - INFO - [337/492] Syncing PAKOXY from 2021-03-15...
2026-03-14 01:40:28,047 - INFO - HTTP Request: GET https://beta-restapi.sarmaaya.pk/api/tradingview/history?symbol=PAKOXY&resolution=D&from=1615748400&to=1773428400 "HTTP/1.1 200 OK"
2026-03-14 01:40:29,692 - INFO -   Saved 1201 data points for PAKOXY
2026-03-14 01:40:30,395 - INFO - [338/492] Syncing PAKQATAR from 2021-03-15...
2026-03-14 01:40:30,665 - INFO - HTTP Request: GET https://beta-restapi.sarmaaya.pk/api/tradingview/history?symbol=PAKQATAR&resolution=D&from=1615748400&to=1773428400 "HTTP/1.1 500 Internal Server Error"
2026-03-14 01:40:30,669 - WARNING -   No history found for PAKQATAR
2026-03-14 01:40:31,373 - INFO - [339/492] Syncing PAKRI from 2021-03-15...
2026-03-14 01:40:31,836 - INFO - HTTP Request: GET https://beta-restapi.sarmaaya.pk/api/tradingview/history?symbol=PAKRI&resolution=D&from=1615748400&to=1773428400 "HTTP/1.1 200 OK"
2026-03-14 01:40:33,578 - INFO -   Saved 1192 data points for PAKRI
2026-03-14 01:40:34,283 - INFO - [340/492] Syncing PAKT from 2021-03-15...
2026-03-14 01:40:34,698 - INFO - HTTP Request: GET https://beta-restapi.sarmaaya.pk/api/tradingview/history?symbol=PAKT&resolution=D&from=1615748400&to=1773428400 "HTTP/1.1 200 OK"
2026-03-14 01:40:36,357 - INFO -   Saved 1028 data points for PAKT
2026-03-14 01:40:37,062 - INFO - [341/492] Syncing PASL from 2021-03-15...
2026-03-14 01:40:37,414 - INFO - HTTP Request: GET https://beta-restapi.sarmaaya.pk/api/tradingview/history?symbol=PASL&resolution=D&from=1615748400&to=1773428400 "HTTP/1.1 200 OK"
2026-03-14 01:40:38,971 - INFO -   Saved 1232 data points for PASL
2026-03-14 01:40:39,676 - INFO - [342/492] Syncing PASM from 2021-03-15...
2026-03-14 01:40:39,987 - INFO - HTTP Request: GET https://beta-restapi.sarmaaya.pk/api/tradingview/history?symbol=PASM&resolution=D&from=1615748400&to=1773428400 "HTTP/1.1 200 OK"
2026-03-14 01:40:41,562 - INFO -   Saved 443 data points for PASM
2026-03-14 01:40:42,267 - INFO - [343/492] Syncing PCAL from 2021-03-15...
2026-03-14 01:40:42,635 - INFO - HTTP Request: GET https://beta-restapi.sarmaaya.pk/api/tradingview/history?symbol=PCAL&resolution=D&from=1615748400&to=1773428400 "HTTP/1.1 200 OK"
2026-03-14 01:40:44,228 - INFO -   Saved 1199 data points for PCAL
2026-03-14 01:40:44,934 - INFO - [344/492] Syncing PECO from 2021-03-15...
2026-03-14 01:40:45,353 - INFO - HTTP Request: GET https://beta-restapi.sarmaaya.pk/api/tradingview/history?symbol=PECO&resolution=D&from=1615748400&to=1773428400 "HTTP/1.1 200 OK"
2026-03-14 01:40:46,613 - INFO -   Saved 671 data points for PECO
2026-03-14 01:40:47,319 - INFO - [345/492] Syncing PGLC from 2021-03-15...
2026-03-14 01:40:47,649 - INFO - HTTP Request: GET https://beta-restapi.sarmaaya.pk/api/tradingview/history?symbol=PGLC&resolution=D&from=1615748400&to=1773428400 "HTTP/1.1 200 OK"
2026-03-14 01:40:48,994 - INFO -   Saved 887 data points for PGLC
2026-03-14 01:40:49,697 - INFO - [346/492] Syncing PIAHCLA from 2021-03-15...
2026-03-14 01:40:49,966 - INFO - HTTP Request: GET https://beta-restapi.sarmaaya.pk/api/tradingview/history?symbol=PIAHCLA&resolution=D&from=1615748400&to=1773428400 "HTTP/1.1 500 Internal Server Error"
2026-03-14 01:40:49,968 - WARNING -   No history found for PIAHCLA
2026-03-14 01:40:50,672 - INFO - [347/492] Syncing PIAHCLB from 2021-03-15...
2026-03-14 01:40:50,940 - INFO - HTTP Request: GET https://beta-restapi.sarmaaya.pk/api/tradingview/history?symbol=PIAHCLB&resolution=D&from=1615748400&to=1773428400 "HTTP/1.1 500 Internal Server Error"
2026-03-14 01:40:50,941 - WARNING -   No history found for PIAHCLB
2026-03-14 01:40:51,644 - INFO - [348/492] Syncing PIBTL from 2021-03-15...
2026-03-14 01:40:52,014 - INFO - HTTP Request: GET https://beta-restapi.sarmaaya.pk/api/tradingview/history?symbol=PIBTL&resolution=D&from=1615748400&to=1773428400 "HTTP/1.1 200 OK"
2026-03-14 01:40:53,692 - INFO -   Saved 1233 data points for PIBTL
2026-03-14 01:40:54,395 - INFO - [349/492] Syncing PICT from 2021-03-15...
2026-03-14 01:40:54,768 - INFO - HTTP Request: GET https://beta-restapi.sarmaaya.pk/api/tradingview/history?symbol=PICT&resolution=D&from=1615748400&to=1773428400 "HTTP/1.1 200 OK"
2026-03-14 01:40:56,332 - INFO -   Saved 1233 data points for PICT
2026-03-14 01:40:57,037 - INFO - [350/492] Syncing PIL from 2021-03-15...
2026-03-14 01:40:57,385 - INFO - HTTP Request: GET https://beta-restapi.sarmaaya.pk/api/tradingview/history?symbol=PIL&resolution=D&from=1615748400&to=1773428400 "HTTP/1.1 200 OK"
2026-03-14 01:40:58,998 - INFO -   Saved 1193 data points for PIL
2026-03-14 01:40:59,704 - INFO - [351/492] Syncing PIM from 2021-03-15...
2026-03-14 01:41:00,029 - INFO - HTTP Request: GET https://beta-restapi.sarmaaya.pk/api/tradingview/history?symbol=PIM&resolution=D&from=1615748400&to=1773428400 "HTTP/1.1 200 OK"
2026-03-14 01:41:01,617 - INFO -   Saved 772 data points for PIM
2026-03-14 01:41:02,323 - INFO - [352/492] Syncing PINL from 2021-03-15...
2026-03-14 01:41:03,273 - INFO - HTTP Request: GET https://beta-restapi.sarmaaya.pk/api/tradingview/history?symbol=PINL&resolution=D&from=1615748400&to=1773428400 "HTTP/1.1 200 OK"
2026-03-14 01:41:04,532 - INFO -   Saved 924 data points for PINL
2026-03-14 01:41:05,239 - INFO - [353/492] Syncing PIOC from 2021-03-15...
2026-03-14 01:41:06,329 - INFO - HTTP Request: GET https://beta-restapi.sarmaaya.pk/api/tradingview/history?symbol=PIOC&resolution=D&from=1615748400&to=1773428400 "HTTP/1.1 200 OK"
2026-03-14 01:41:08,082 - INFO -   Saved 1233 data points for PIOC
2026-03-14 01:41:08,787 - INFO - [354/492] Syncing PKGI from 2021-03-15...
2026-03-14 01:41:09,141 - INFO - HTTP Request: GET https://beta-restapi.sarmaaya.pk/api/tradingview/history?symbol=PKGI&resolution=D&from=1615748400&to=1773428400 "HTTP/1.1 200 OK"
2026-03-14 01:41:10,385 - INFO -   Saved 936 data points for PKGI
2026-03-14 01:41:11,090 - INFO - [355/492] Syncing PKGP from 2021-03-15...
2026-03-14 01:41:11,464 - INFO - HTTP Request: GET https://beta-restapi.sarmaaya.pk/api/tradingview/history?symbol=PKGP&resolution=D&from=1615748400&to=1773428400 "HTTP/1.1 200 OK"
2026-03-14 01:41:13,204 - INFO -   Saved 1156 data points for PKGP
2026-03-14 01:41:13,910 - INFO - [356/492] Syncing PKGS from 2021-03-15...
2026-03-14 01:41:14,269 - INFO - HTTP Request: GET https://beta-restapi.sarmaaya.pk/api/tradingview/history?symbol=PKGS&resolution=D&from=1615748400&to=1773428400 "HTTP/1.1 200 OK"
2026-03-14 01:41:15,862 - INFO -   Saved 1217 data points for PKGS
2026-03-14 01:41:16,567 - INFO - [357/492] Syncing PMRS from 2021-03-15...
2026-03-14 01:41:16,878 - INFO - HTTP Request: GET https://beta-restapi.sarmaaya.pk/api/tradingview/history?symbol=PMRS&resolution=D&from=1615748400&to=1773428400 "HTTP/1.1 200 OK"
2026-03-14 01:41:18,223 - INFO -   Saved 309 data points for PMRS
2026-03-14 01:41:18,930 - INFO - [358/492] Syncing PNSC from 2021-03-15...
2026-03-14 01:41:19,348 - INFO - HTTP Request: GET https://beta-restapi.sarmaaya.pk/api/tradingview/history?symbol=PNSC&resolution=D&from=1615748400&to=1773428400 "HTTP/1.1 200 OK"
2026-03-14 01:41:21,083 - INFO -   Saved 1227 data points for PNSC
2026-03-14 01:41:21,785 - INFO - [359/492] Syncing POL from 2021-03-15...
2026-03-14 01:41:22,148 - INFO - HTTP Request: GET https://beta-restapi.sarmaaya.pk/api/tradingview/history?symbol=POL&resolution=D&from=1615748400&to=1773428400 "HTTP/1.1 200 OK"
2026-03-14 01:41:23,707 - INFO -   Saved 1233 data points for POL
2026-03-14 01:41:24,412 - INFO - [360/492] Syncing POML from 2021-03-15...
2026-03-14 01:41:24,744 - INFO - HTTP Request: GET https://beta-restapi.sarmaaya.pk/api/tradingview/history?symbol=POML&resolution=D&from=1615748400&to=1773428400 "HTTP/1.1 200 OK"
2026-03-14 01:41:26,018 - INFO -   Saved 877 data points for POML
2026-03-14 01:41:26,723 - INFO - [361/492] Syncing POWER from 2021-03-15...
2026-03-14 01:41:27,052 - INFO - HTTP Request: GET https://beta-restapi.sarmaaya.pk/api/tradingview/history?symbol=POWER&resolution=D&from=1615748400&to=1773428400 "HTTP/1.1 200 OK"
2026-03-14 01:41:28,690 - INFO -   Saved 1233 data points for POWER
2026-03-14 01:41:29,392 - INFO - [362/492] Syncing POWERPS from 2021-03-15...
2026-03-14 01:41:29,659 - INFO - HTTP Request: GET https://beta-restapi.sarmaaya.pk/api/tradingview/history?symbol=POWERPS&resolution=D&from=1615748400&to=1773428400 "HTTP/1.1 500 Internal Server Error"
2026-03-14 01:41:29,660 - WARNING -   No history found for POWERPS
2026-03-14 01:41:30,367 - INFO - [363/492] Syncing PPL from 2021-03-15...
2026-03-14 01:41:30,717 - INFO - HTTP Request: GET https://beta-restapi.sarmaaya.pk/api/tradingview/history?symbol=PPL&resolution=D&from=1615748400&to=1773428400 "HTTP/1.1 200 OK"
2026-03-14 01:41:32,277 - INFO -   Saved 1233 data points for PPL
2026-03-14 01:41:32,982 - INFO - [364/492] Syncing PPP from 2021-03-15...
2026-03-14 01:41:33,304 - INFO - HTTP Request: GET https://beta-restapi.sarmaaya.pk/api/tradingview/history?symbol=PPP&resolution=D&from=1615748400&to=1773428400 "HTTP/1.1 200 OK"
2026-03-14 01:41:34,694 - INFO -   Saved 832 data points for PPP
2026-03-14 01:41:35,398 - INFO - [365/492] Syncing PPVC from 2021-03-15...
2026-03-14 01:41:35,733 - INFO - HTTP Request: GET https://beta-restapi.sarmaaya.pk/api/tradingview/history?symbol=PPVC&resolution=D&from=1615748400&to=1773428400 "HTTP/1.1 200 OK"
2026-03-14 01:41:37,169 - INFO -   Saved 726 data points for PPVC
2026-03-14 01:41:37,875 - INFO - [366/492] Syncing PQGTL from 2021-03-15...
2026-03-14 01:41:38,147 - INFO - HTTP Request: GET https://beta-restapi.sarmaaya.pk/api/tradingview/history?symbol=PQGTL&resolution=D&from=1615748400&to=1773428400 "HTTP/1.1 500 Internal Server Error"
2026-03-14 01:41:38,148 - WARNING -   No history found for PQGTL
2026-03-14 01:41:38,853 - INFO - [367/492] Syncing PREMA from 2021-03-15...
2026-03-14 01:41:39,212 - INFO - HTTP Request: GET https://beta-restapi.sarmaaya.pk/api/tradingview/history?symbol=PREMA&resolution=D&from=1615748400&to=1773428400 "HTTP/1.1 200 OK"
2026-03-14 01:41:40,994 - INFO -   Saved 1232 data points for PREMA
2026-03-14 01:41:41,695 - INFO - [368/492] Syncing PRET from 2021-03-15...
2026-03-14 01:41:42,080 - INFO - HTTP Request: GET https://beta-restapi.sarmaaya.pk/api/tradingview/history?symbol=PRET&resolution=D&from=1615748400&to=1773428400 "HTTP/1.1 200 OK"
2026-03-14 01:41:43,621 - INFO -   Saved 795 data points for PRET
2026-03-14 01:41:44,326 - INFO - [369/492] Syncing PRL from 2021-03-15...
2026-03-14 01:41:44,690 - INFO - HTTP Request: GET https://beta-restapi.sarmaaya.pk/api/tradingview/history?symbol=PRL&resolution=D&from=1615748400&to=1773428400 "HTTP/1.1 200 OK"
2026-03-14 01:41:46,385 - INFO -   Saved 1233 data points for PRL
2026-03-14 01:41:47,085 - INFO - [370/492] Syncing PRWM from 2021-03-15...
2026-03-14 01:41:47,508 - INFO - HTTP Request: GET https://beta-restapi.sarmaaya.pk/api/tradingview/history?symbol=PRWM&resolution=D&from=1615748400&to=1773428400 "HTTP/1.1 200 OK"
2026-03-14 01:41:48,755 - INFO -   Saved 785 data points for PRWM
2026-03-14 01:41:49,460 - INFO - [371/492] Syncing PSEL from 2021-03-15...
2026-03-14 01:41:49,811 - INFO - HTTP Request: GET https://beta-restapi.sarmaaya.pk/api/tradingview/history?symbol=PSEL&resolution=D&from=1615748400&to=1773428400 "HTTP/1.1 200 OK"
2026-03-14 01:41:51,108 - INFO -   Saved 734 data points for PSEL
2026-03-14 01:41:51,812 - INFO - [372/492] Syncing PSO from 2021-03-15...
2026-03-14 01:41:52,148 - INFO - HTTP Request: GET https://beta-restapi.sarmaaya.pk/api/tradingview/history?symbol=PSO&resolution=D&from=1615748400&to=1773428400 "HTTP/1.1 200 OK"
2026-03-14 01:41:53,881 - INFO -   Saved 1233 data points for PSO
2026-03-14 01:41:54,583 - INFO - [373/492] Syncing PSX from 2021-03-15...
2026-03-14 01:41:54,928 - INFO - HTTP Request: GET https://beta-restapi.sarmaaya.pk/api/tradingview/history?symbol=PSX&resolution=D&from=1615748400&to=1773428400 "HTTP/1.1 200 OK"
2026-03-14 01:41:56,620 - INFO -   Saved 1232 data points for PSX
2026-03-14 01:41:57,326 - INFO - [374/492] Syncing PSYL from 2021-03-15...
2026-03-14 01:41:57,675 - INFO - HTTP Request: GET https://beta-restapi.sarmaaya.pk/api/tradingview/history?symbol=PSYL&resolution=D&from=1615748400&to=1773428400 "HTTP/1.1 200 OK"
2026-03-14 01:41:59,003 - INFO -   Saved 905 data points for PSYL
2026-03-14 01:41:59,708 - INFO - [375/492] Syncing PTC from 2021-03-15...
2026-03-14 01:42:00,086 - INFO - HTTP Request: GET https://beta-restapi.sarmaaya.pk/api/tradingview/history?symbol=PTC&resolution=D&from=1615748400&to=1773428400 "HTTP/1.1 200 OK"
2026-03-14 01:42:01,953 - INFO -   Saved 1233 data points for PTC
2026-03-14 01:42:02,658 - INFO - [376/492] Syncing PTL from 2021-03-15...
2026-03-14 01:42:03,015 - INFO - HTTP Request: GET https://beta-restapi.sarmaaya.pk/api/tradingview/history?symbol=PTL&resolution=D&from=1615748400&to=1773428400 "HTTP/1.1 200 OK"
2026-03-14 01:42:04,580 - INFO -   Saved 1233 data points for PTL
2026-03-14 01:42:05,286 - INFO - [377/492] Syncing QTECH from 2021-03-15...
2026-03-14 01:42:05,555 - INFO - HTTP Request: GET https://beta-restapi.sarmaaya.pk/api/tradingview/history?symbol=QTECH&resolution=D&from=1615748400&to=1773428400 "HTTP/1.1 500 Internal Server Error"
2026-03-14 01:42:05,557 - WARNING -   No history found for QTECH
2026-03-14 01:42:06,262 - INFO - [378/492] Syncing QUET from 2021-03-15...
2026-03-14 01:42:06,593 - INFO - HTTP Request: GET https://beta-restapi.sarmaaya.pk/api/tradingview/history?symbol=QUET&resolution=D&from=1615748400&to=1773428400 "HTTP/1.1 200 OK"
2026-03-14 01:42:07,884 - INFO -   Saved 830 data points for QUET
2026-03-14 01:42:08,590 - INFO - [379/492] Syncing QUICE from 2021-03-15...
2026-03-14 01:42:08,956 - INFO - HTTP Request: GET https://beta-restapi.sarmaaya.pk/api/tradingview/history?symbol=QUICE&resolution=D&from=1615748400&to=1773428400 "HTTP/1.1 200 OK"
2026-03-14 01:42:10,545 - INFO -   Saved 1225 data points for QUICE
2026-03-14 01:42:11,251 - INFO - [380/492] Syncing RCML from 2021-03-15...
2026-03-14 01:42:11,575 - INFO - HTTP Request: GET https://beta-restapi.sarmaaya.pk/api/tradingview/history?symbol=RCML&resolution=D&from=1615748400&to=1773428400 "HTTP/1.1 200 OK"
2026-03-14 01:42:12,798 - INFO -   Saved 581 data points for RCML
2026-03-14 01:42:13,504 - INFO - [381/492] Syncing REDCO from 2021-03-15...
2026-03-14 01:42:13,848 - INFO - HTTP Request: GET https://beta-restapi.sarmaaya.pk/api/tradingview/history?symbol=REDCO&resolution=D&from=1615748400&to=1773428400 "HTTP/1.1 200 OK"
2026-03-14 01:42:15,282 - INFO -   Saved 907 data points for REDCO
2026-03-14 01:42:15,987 - INFO - [382/492] Syncing REWM from 2021-03-15...
2026-03-14 01:42:16,327 - INFO - HTTP Request: GET https://beta-restapi.sarmaaya.pk/api/tradingview/history?symbol=REWM&resolution=D&from=1615748400&to=1773428400 "HTTP/1.1 200 OK"
2026-03-14 01:42:17,697 - INFO -   Saved 922 data points for REWM
2026-03-14 01:42:18,402 - INFO - [383/492] Syncing RICL from 2021-03-15...
2026-03-14 01:42:18,748 - INFO - HTTP Request: GET https://beta-restapi.sarmaaya.pk/api/tradingview/history?symbol=RICL&resolution=D&from=1615748400&to=1773428400 "HTTP/1.1 200 OK"
2026-03-14 01:42:20,071 - INFO -   Saved 893 data points for RICL
2026-03-14 01:42:20,777 - INFO - [384/492] Syncing RMPL from 2021-03-15...
2026-03-14 01:42:21,117 - INFO - HTTP Request: GET https://beta-restapi.sarmaaya.pk/api/tradingview/history?symbol=RMPL&resolution=D&from=1615748400&to=1773428400 "HTTP/1.1 200 OK"
2026-03-14 01:42:22,438 - INFO -   Saved 868 data points for RMPL
2026-03-14 01:42:23,142 - INFO - [385/492] Syncing RPL from 2021-03-15...
2026-03-14 01:42:23,555 - INFO - HTTP Request: GET https://beta-restapi.sarmaaya.pk/api/tradingview/history?symbol=RPL&resolution=D&from=1615748400&to=1773428400 "HTTP/1.1 200 OK"
2026-03-14 01:42:25,118 - INFO -   Saved 1233 data points for RPL
2026-03-14 01:42:25,823 - INFO - [386/492] Syncing RUBY from 2021-03-15...
2026-03-14 01:42:26,163 - INFO - HTTP Request: GET https://beta-restapi.sarmaaya.pk/api/tradingview/history?symbol=RUBY&resolution=D&from=1615748400&to=1773428400 "HTTP/1.1 200 OK"
2026-03-14 01:42:27,399 - INFO -   Saved 832 data points for RUBY
2026-03-14 01:42:28,103 - INFO - [387/492] Syncing RUPL from 2021-03-15...
2026-03-14 01:42:28,437 - INFO - HTTP Request: GET https://beta-restapi.sarmaaya.pk/api/tradingview/history?symbol=RUPL&resolution=D&from=1615748400&to=1773428400 "HTTP/1.1 200 OK"
2026-03-14 01:42:30,007 - INFO -   Saved 1022 data points for RUPL
2026-03-14 01:42:30,713 - INFO - [388/492] Syncing SAIF from 2021-03-15...
2026-03-14 01:42:31,062 - INFO - HTTP Request: GET https://beta-restapi.sarmaaya.pk/api/tradingview/history?symbol=SAIF&resolution=D&from=1615748400&to=1773428400 "HTTP/1.1 200 OK"
2026-03-14 01:42:32,671 - INFO -   Saved 1050 data points for SAIF
2026-03-14 01:42:33,376 - INFO - [389/492] Syncing SANSM from 2021-03-15...
2026-03-14 01:42:33,700 - INFO - HTTP Request: GET https://beta-restapi.sarmaaya.pk/api/tradingview/history?symbol=SANSM&resolution=D&from=1615748400&to=1773428400 "HTTP/1.1 200 OK"
2026-03-14 01:42:35,147 - INFO -   Saved 559 data points for SANSM
2026-03-14 01:42:35,854 - INFO - [390/492] Syncing SAPT from 2021-03-15...
2026-03-14 01:42:36,191 - INFO - HTTP Request: GET https://beta-restapi.sarmaaya.pk/api/tradingview/history?symbol=SAPT&resolution=D&from=1615748400&to=1773428400 "HTTP/1.1 200 OK"
2026-03-14 01:42:37,692 - INFO -   Saved 850 data points for SAPT
2026-03-14 01:42:38,398 - INFO - [391/492] Syncing SARC from 2021-03-15...
2026-03-14 01:42:38,743 - INFO - HTTP Request: GET https://beta-restapi.sarmaaya.pk/api/tradingview/history?symbol=SARC&resolution=D&from=1615748400&to=1773428400 "HTTP/1.1 200 OK"
2026-03-14 01:42:40,081 - INFO -   Saved 709 data points for SARC
2026-03-14 01:42:40,786 - INFO - [392/492] Syncing SASML from 2021-03-15...
2026-03-14 01:42:41,104 - INFO - HTTP Request: GET https://beta-restapi.sarmaaya.pk/api/tradingview/history?symbol=SASML&resolution=D&from=1615748400&to=1773428400 "HTTP/1.1 200 OK"
2026-03-14 01:42:42,322 - INFO -   Saved 552 data points for SASML
2026-03-14 01:42:43,024 - INFO - [393/492] Syncing SAZEW from 2021-03-15...
2026-03-14 01:42:43,398 - INFO - HTTP Request: GET https://beta-restapi.sarmaaya.pk/api/tradingview/history?symbol=SAZEW&resolution=D&from=1615748400&to=1773428400 "HTTP/1.1 200 OK"
2026-03-14 01:42:44,992 - INFO -   Saved 1233 data points for SAZEW
2026-03-14 01:42:45,698 - INFO - [394/492] Syncing SBL from 2021-03-15...
2026-03-14 01:42:46,050 - INFO - HTTP Request: GET https://beta-restapi.sarmaaya.pk/api/tradingview/history?symbol=SBL&resolution=D&from=1615748400&to=1773428400 "HTTP/1.1 200 OK"
2026-03-14 01:42:47,344 - INFO -   Saved 989 data points for SBL
2026-03-14 01:42:48,050 - INFO - [395/492] Syncing SCBPL from 2021-03-15...
2026-03-14 01:42:48,402 - INFO - HTTP Request: GET https://beta-restapi.sarmaaya.pk/api/tradingview/history?symbol=SCBPL&resolution=D&from=1615748400&to=1773428400 "HTTP/1.1 200 OK"
2026-03-14 01:42:50,067 - INFO -   Saved 1161 data points for SCBPL
2026-03-14 01:42:50,772 - INFO - [396/492] Syncing SCL from 2021-03-15...
2026-03-14 01:42:51,105 - INFO - HTTP Request: GET https://beta-restapi.sarmaaya.pk/api/tradingview/history?symbol=SCL&resolution=D&from=1615748400&to=1773428400 "HTTP/1.1 200 OK"
2026-03-14 01:42:52,539 - INFO -   Saved 838 data points for SCL
2026-03-14 01:42:53,242 - INFO - [397/492] Syncing SEARL from 2021-03-15...
2026-03-14 01:42:53,661 - INFO - HTTP Request: GET https://beta-restapi.sarmaaya.pk/api/tradingview/history?symbol=SEARL&resolution=D&from=1615748400&to=1773428400 "HTTP/1.1 200 OK"
2026-03-14 01:42:55,285 - INFO -   Saved 1233 data points for SEARL
2026-03-14 01:42:55,986 - INFO - [398/492] Syncing SEL from 2021-03-15...
2026-03-14 01:42:56,321 - INFO - HTTP Request: GET https://beta-restapi.sarmaaya.pk/api/tradingview/history?symbol=SEL&resolution=D&from=1615748400&to=1773428400 "HTTP/1.1 200 OK"
2026-03-14 01:42:57,656 - INFO -   Saved 647 data points for SEL
2026-03-14 01:42:58,361 - INFO - [399/492] Syncing SEPL from 2021-03-15...
2026-03-14 01:42:58,715 - INFO - HTTP Request: GET https://beta-restapi.sarmaaya.pk/api/tradingview/history?symbol=SEPL&resolution=D&from=1615748400&to=1773428400 "HTTP/1.1 200 OK"
2026-03-14 01:43:00,314 - INFO -   Saved 1186 data points for SEPL
2026-03-14 01:43:01,020 - INFO - [400/492] Syncing SERT from 2021-03-15...
2026-03-14 01:43:01,361 - INFO - HTTP Request: GET https://beta-restapi.sarmaaya.pk/api/tradingview/history?symbol=SERT&resolution=D&from=1615748400&to=1773428400 "HTTP/1.1 200 OK"
2026-03-14 01:43:02,603 - INFO -   Saved 879 data points for SERT
2026-03-14 01:43:03,309 - INFO - [401/492] Syncing SFL from 2021-03-15...
2026-03-14 01:43:03,691 - INFO - HTTP Request: GET https://beta-restapi.sarmaaya.pk/api/tradingview/history?symbol=SFL&resolution=D&from=1615748400&to=1773428400 "HTTP/1.1 200 OK"
2026-03-14 01:43:05,196 - INFO -   Saved 818 data points for SFL
2026-03-14 01:43:05,903 - INFO - [402/492] Syncing SGF from 2021-03-15...
2026-03-14 01:43:06,233 - INFO - HTTP Request: GET https://beta-restapi.sarmaaya.pk/api/tradingview/history?symbol=SGF&resolution=D&from=1615748400&to=1773428400 "HTTP/1.1 200 OK"
2026-03-14 01:43:07,784 - INFO -   Saved 1149 data points for SGF
2026-03-14 01:43:08,487 - INFO - [403/492] Syncing SGPL from 2021-03-15...
2026-03-14 01:43:08,829 - INFO - HTTP Request: GET https://beta-restapi.sarmaaya.pk/api/tradingview/history?symbol=SGPL&resolution=D&from=1615748400&to=1773428400 "HTTP/1.1 200 OK"
2026-03-14 01:43:10,420 - INFO -   Saved 1041 data points for SGPL
2026-03-14 01:43:11,126 - INFO - [404/492] Syncing SHCM from 2021-03-15...
2026-03-14 01:43:11,435 - INFO - HTTP Request: GET https://beta-restapi.sarmaaya.pk/api/tradingview/history?symbol=SHCM&resolution=D&from=1615748400&to=1773428400 "HTTP/1.1 200 OK"
2026-03-14 01:43:12,650 - INFO -   Saved 472 data points for SHCM
2026-03-14 01:43:13,356 - INFO - [405/492] Syncing SHDT from 2021-03-15...
2026-03-14 01:43:13,689 - INFO - HTTP Request: GET https://beta-restapi.sarmaaya.pk/api/tradingview/history?symbol=SHDT&resolution=D&from=1615748400&to=1773428400 "HTTP/1.1 200 OK"
2026-03-14 01:43:14,969 - INFO -   Saved 909 data points for SHDT
2026-03-14 01:43:15,674 - INFO - [406/492] Syncing SHDTR1 from 2021-03-15...
2026-03-14 01:43:15,941 - INFO - HTTP Request: GET https://beta-restapi.sarmaaya.pk/api/tradingview/history?symbol=SHDTR1&resolution=D&from=1615748400&to=1773428400 "HTTP/1.1 500 Internal Server Error"
2026-03-14 01:43:15,944 - WARNING -   No history found for SHDTR1
2026-03-14 01:43:16,649 - INFO - [407/492] Syncing SHEZ from 2021-03-15...
2026-03-14 01:43:16,999 - INFO - HTTP Request: GET https://beta-restapi.sarmaaya.pk/api/tradingview/history?symbol=SHEZ&resolution=D&from=1615748400&to=1773428400 "HTTP/1.1 200 OK"
2026-03-14 01:43:18,737 - INFO -   Saved 1126 data points for SHEZ
2026-03-14 01:43:19,441 - INFO - [408/492] Syncing SHFA from 2021-03-15...
2026-03-14 01:43:19,876 - INFO - HTTP Request: GET https://beta-restapi.sarmaaya.pk/api/tradingview/history?symbol=SHFA&resolution=D&from=1615748400&to=1773428400 "HTTP/1.1 200 OK"
2026-03-14 01:43:21,519 - INFO -   Saved 1182 data points for SHFA
2026-03-14 01:43:22,223 - INFO - [409/492] Syncing SHJS from 2021-03-15...
2026-03-14 01:43:22,552 - INFO - HTTP Request: GET https://beta-restapi.sarmaaya.pk/api/tradingview/history?symbol=SHJS&resolution=D&from=1615748400&to=1773428400 "HTTP/1.1 200 OK"
2026-03-14 01:43:23,992 - INFO -   Saved 753 data points for SHJS
2026-03-14 01:43:24,695 - INFO - [410/492] Syncing SHNI from 2021-03-15...
2026-03-14 01:43:25,034 - INFO - HTTP Request: GET https://beta-restapi.sarmaaya.pk/api/tradingview/history?symbol=SHNI&resolution=D&from=1615748400&to=1773428400 "HTTP/1.1 200 OK"
2026-03-14 01:43:26,325 - INFO -   Saved 989 data points for SHNI
2026-03-14 01:43:27,030 - INFO - [411/492] Syncing SHSML from 2021-03-15...
2026-03-14 01:43:27,378 - INFO - HTTP Request: GET https://beta-restapi.sarmaaya.pk/api/tradingview/history?symbol=SHSML&resolution=D&from=1615748400&to=1773428400 "HTTP/1.1 200 OK"
2026-03-14 01:43:28,931 - INFO -   Saved 1050 data points for SHSML
2026-03-14 01:43:29,637 - INFO - [412/492] Syncing SIBL from 2021-03-15...
2026-03-14 01:43:29,974 - INFO - HTTP Request: GET https://beta-restapi.sarmaaya.pk/api/tradingview/history?symbol=SIBL&resolution=D&from=1615748400&to=1773428400 "HTTP/1.1 200 OK"
2026-03-14 01:43:33,694 - INFO -   Saved 676 data points for SIBL
2026-03-14 01:43:34,399 - INFO - [413/492] Syncing SIEM from 2021-03-15...
2026-03-14 01:43:34,748 - INFO - HTTP Request: GET https://beta-restapi.sarmaaya.pk/api/tradingview/history?symbol=SIEM&resolution=D&from=1615748400&to=1773428400 "HTTP/1.1 200 OK"
2026-03-14 01:43:36,378 - INFO -   Saved 1045 data points for SIEM
2026-03-14 01:43:37,083 - INFO - [414/492] Syncing SINDM from 2021-03-15...
2026-03-14 01:43:37,408 - INFO - HTTP Request: GET https://beta-restapi.sarmaaya.pk/api/tradingview/history?symbol=SINDM&resolution=D&from=1615748400&to=1773428400 "HTTP/1.1 200 OK"
2026-03-14 01:43:38,692 - INFO -   Saved 807 data points for SINDM
2026-03-14 01:43:39,398 - INFO - [415/492] Syncing SITC from 2021-03-15...
2026-03-14 01:43:40,325 - INFO - HTTP Request: GET https://beta-restapi.sarmaaya.pk/api/tradingview/history?symbol=SITC&resolution=D&from=1615748400&to=1773428400 "HTTP/1.1 200 OK"
2026-03-14 01:43:42,195 - INFO -   Saved 1061 data points for SITC
2026-03-14 01:43:42,901 - INFO - [416/492] Syncing SKRS from 2021-03-15...
2026-03-14 01:43:44,553 - INFO - HTTP Request: GET https://beta-restapi.sarmaaya.pk/api/tradingview/history?symbol=SKRS&resolution=D&from=1615748400&to=1773428400 "HTTP/1.1 200 OK"
2026-03-14 01:43:46,283 - INFO -   Saved 1185 data points for SKRS
2026-03-14 01:43:46,988 - INFO - [417/492] Syncing SLGL from 2021-03-15...
2026-03-14 01:43:47,419 - INFO - HTTP Request: GET https://beta-restapi.sarmaaya.pk/api/tradingview/history?symbol=SLGL&resolution=D&from=1615748400&to=1773428400 "HTTP/1.1 500 Internal Server Error"
2026-03-14 01:43:47,422 - WARNING -   No history found for SLGL
2026-03-14 01:43:48,125 - INFO - [418/492] Syncing SLYT from 2021-03-15...
2026-03-14 01:43:48,449 - INFO - HTTP Request: GET https://beta-restapi.sarmaaya.pk/api/tradingview/history?symbol=SLYT&resolution=D&from=1615748400&to=1773428400 "HTTP/1.1 200 OK"
2026-03-14 01:43:49,676 - INFO -   Saved 559 data points for SLYT
2026-03-14 01:43:50,379 - INFO - [419/492] Syncing SMCPL from 2021-03-15...
2026-03-14 01:43:50,733 - INFO - HTTP Request: GET https://beta-restapi.sarmaaya.pk/api/tradingview/history?symbol=SMCPL&resolution=D&from=1615748400&to=1773428400 "HTTP/1.1 200 OK"
2026-03-14 01:43:52,545 - INFO -   Saved 1003 data points for SMCPL
2026-03-14 01:43:53,248 - INFO - [420/492] Syncing SML from 2021-03-15...
2026-03-14 01:43:53,585 - INFO - HTTP Request: GET https://beta-restapi.sarmaaya.pk/api/tradingview/history?symbol=SML&resolution=D&from=1615748400&to=1773428400 "HTTP/1.1 200 OK"
2026-03-14 01:43:54,910 - INFO -   Saved 735 data points for SML
2026-03-14 01:43:55,614 - INFO - [421/492] Syncing SNAI from 2021-03-15...
2026-03-14 01:43:55,957 - INFO - HTTP Request: GET https://beta-restapi.sarmaaya.pk/api/tradingview/history?symbol=SNAI&resolution=D&from=1615748400&to=1773428400 "HTTP/1.1 200 OK"
2026-03-14 01:43:57,354 - INFO -   Saved 751 data points for SNAI
2026-03-14 01:43:58,056 - INFO - [422/492] Syncing SNBL from 2021-03-15...
2026-03-14 01:43:58,480 - INFO - HTTP Request: GET https://beta-restapi.sarmaaya.pk/api/tradingview/history?symbol=SNBL&resolution=D&from=1615748400&to=1773428400 "HTTP/1.1 200 OK"
2026-03-14 01:44:00,225 - INFO -   Saved 1205 data points for SNBL
2026-03-14 01:44:00,932 - INFO - [423/492] Syncing SNGP from 2021-03-15...
2026-03-14 01:44:01,449 - INFO - HTTP Request: GET https://beta-restapi.sarmaaya.pk/api/tradingview/history?symbol=SNGP&resolution=D&from=1615748400&to=1773428400 "HTTP/1.1 200 OK"
2026-03-14 01:44:03,294 - INFO -   Saved 1233 data points for SNGP
2026-03-14 01:44:03,996 - INFO - [424/492] Syncing SPEL from 2021-03-15...
2026-03-14 01:44:04,336 - INFO - HTTP Request: GET https://beta-restapi.sarmaaya.pk/api/tradingview/history?symbol=SPEL&resolution=D&from=1615748400&to=1773428400 "HTTP/1.1 200 OK"
2026-03-14 01:44:05,951 - INFO -   Saved 1219 data points for SPEL
2026-03-14 01:44:06,656 - INFO - [425/492] Syncing SPL from 2021-03-15...
2026-03-14 01:44:07,013 - INFO - HTTP Request: GET https://beta-restapi.sarmaaya.pk/api/tradingview/history?symbol=SPL&resolution=D&from=1615748400&to=1773428400 "HTTP/1.1 200 OK"
2026-03-14 01:44:08,694 - INFO -   Saved 1205 data points for SPL
2026-03-14 01:44:09,398 - INFO - [426/492] Syncing SPWL from 2021-03-15...
2026-03-14 01:44:09,739 - INFO - HTTP Request: GET https://beta-restapi.sarmaaya.pk/api/tradingview/history?symbol=SPWL&resolution=D&from=1615748400&to=1773428400 "HTTP/1.1 200 OK"
2026-03-14 01:44:11,323 - INFO -   Saved 1233 data points for SPWL
2026-03-14 01:44:12,028 - INFO - [427/492] Syncing SRR from 2021-03-15...
2026-03-14 01:44:12,296 - INFO - HTTP Request: GET https://beta-restapi.sarmaaya.pk/api/tradingview/history?symbol=SRR&resolution=D&from=1615748400&to=1773428400 "HTTP/1.1 500 Internal Server Error"
2026-03-14 01:44:12,297 - WARNING -   No history found for SRR
2026-03-14 01:44:13,002 - INFO - [428/492] Syncing SRVI from 2021-03-15...
2026-03-14 01:44:13,369 - INFO - HTTP Request: GET https://beta-restapi.sarmaaya.pk/api/tradingview/history?symbol=SRVI&resolution=D&from=1615748400&to=1773428400 "HTTP/1.1 200 OK"
2026-03-14 01:44:14,995 - INFO -   Saved 1219 data points for SRVI
2026-03-14 01:44:15,696 - INFO - [429/492] Syncing SSGC from 2021-03-15...
2026-03-14 01:44:16,056 - INFO - HTTP Request: GET https://beta-restapi.sarmaaya.pk/api/tradingview/history?symbol=SSGC&resolution=D&from=1615748400&to=1773428400 "HTTP/1.1 200 OK"
2026-03-14 01:44:17,725 - INFO -   Saved 1233 data points for SSGC
2026-03-14 01:44:18,427 - INFO - [430/492] Syncing SSML from 2021-03-15...
2026-03-14 01:44:18,770 - INFO - HTTP Request: GET https://beta-restapi.sarmaaya.pk/api/tradingview/history?symbol=SSML&resolution=D&from=1615748400&to=1773428400 "HTTP/1.1 200 OK"
2026-03-14 01:44:20,500 - INFO -   Saved 1085 data points for SSML
2026-03-14 01:44:21,202 - INFO - [431/492] Syncing SSOM from 2021-03-15...
2026-03-14 01:44:21,625 - INFO - HTTP Request: GET https://beta-restapi.sarmaaya.pk/api/tradingview/history?symbol=SSOM&resolution=D&from=1615748400&to=1773428400 "HTTP/1.1 200 OK"
2026-03-14 01:44:22,861 - INFO -   Saved 883 data points for SSOM
2026-03-14 01:44:23,566 - INFO - [432/492] Syncing STCL from 2021-03-15...
2026-03-14 01:44:23,924 - INFO - HTTP Request: GET https://beta-restapi.sarmaaya.pk/api/tradingview/history?symbol=STCL&resolution=D&from=1615748400&to=1773428400 "HTTP/1.1 200 OK"
2026-03-14 01:44:25,543 - INFO -   Saved 1230 data points for STCL
2026-03-14 01:44:26,246 - INFO - [433/492] Syncing STJT from 2021-03-15...
2026-03-14 01:44:26,597 - INFO - HTTP Request: GET https://beta-restapi.sarmaaya.pk/api/tradingview/history?symbol=STJT&resolution=D&from=1615748400&to=1773428400 "HTTP/1.1 200 OK"
2026-03-14 01:44:27,857 - INFO -   Saved 828 data points for STJT
2026-03-14 01:44:28,563 - INFO - [434/492] Syncing STL from 2021-03-15...
2026-03-14 01:44:28,832 - INFO - HTTP Request: GET https://beta-restapi.sarmaaya.pk/api/tradingview/history?symbol=STL&resolution=D&from=1615748400&to=1773428400 "HTTP/1.1 500 Internal Server Error"
2026-03-14 01:44:28,833 - WARNING -   No history found for STL
2026-03-14 01:44:29,538 - INFO - [435/492] Syncing STML from 2021-03-15...
2026-03-14 01:44:29,858 - INFO - HTTP Request: GET https://beta-restapi.sarmaaya.pk/api/tradingview/history?symbol=STML&resolution=D&from=1615748400&to=1773428400 "HTTP/1.1 200 OK"
2026-03-14 01:44:31,090 - INFO -   Saved 578 data points for STML
2026-03-14 01:44:31,792 - INFO - [436/492] Syncing STPL from 2021-03-15...
2026-03-14 01:44:32,140 - INFO - HTTP Request: GET https://beta-restapi.sarmaaya.pk/api/tradingview/history?symbol=STPL&resolution=D&from=1615748400&to=1773428400 "HTTP/1.1 200 OK"
2026-03-14 01:44:33,834 - INFO -   Saved 1233 data points for STPL
2026-03-14 01:44:34,539 - INFO - [437/492] Syncing STYLERS from 2021-03-15...
2026-03-14 01:44:34,812 - INFO - HTTP Request: GET https://beta-restapi.sarmaaya.pk/api/tradingview/history?symbol=STYLERS&resolution=D&from=1615748400&to=1773428400 "HTTP/1.1 500 Internal Server Error"
2026-03-14 01:44:34,814 - WARNING -   No history found for STYLERS
2026-03-14 01:44:35,520 - INFO - [438/492] Syncing SUHJ from 2021-03-15...
2026-03-14 01:44:35,838 - INFO - HTTP Request: GET https://beta-restapi.sarmaaya.pk/api/tradingview/history?symbol=SUHJ&resolution=D&from=1615748400&to=1773428400 "HTTP/1.1 200 OK"
2026-03-14 01:44:37,286 - INFO -   Saved 412 data points for SUHJ
2026-03-14 01:44:37,991 - INFO - [439/492] Syncing SURC from 2021-03-15...
2026-03-14 01:44:38,416 - INFO - HTTP Request: GET https://beta-restapi.sarmaaya.pk/api/tradingview/history?symbol=SURC&resolution=D&from=1615748400&to=1773428400 "HTTP/1.1 200 OK"
2026-03-14 01:44:39,844 - INFO -   Saved 702 data points for SURC
2026-03-14 01:44:40,550 - INFO - [440/492] Syncing SUTM from 2021-03-15...
2026-03-14 01:44:43,037 - INFO - HTTP Request: GET https://beta-restapi.sarmaaya.pk/api/tradingview/history?symbol=SUTM&resolution=D&from=1615748400&to=1773428400 "HTTP/1.1 200 OK"
2026-03-14 01:44:44,358 - INFO -   Saved 940 data points for SUTM
2026-03-14 01:44:45,063 - INFO - [441/492] Syncing SYM from 2021-03-15...
2026-03-14 01:44:45,333 - INFO - HTTP Request: GET https://beta-restapi.sarmaaya.pk/api/tradingview/history?symbol=SYM&resolution=D&from=1615748400&to=1773428400 "HTTP/1.1 500 Internal Server Error"
2026-03-14 01:44:45,335 - WARNING -   No history found for SYM
2026-03-14 01:44:46,040 - INFO - [442/492] Syncing SYS from 2021-03-15...
2026-03-14 01:44:46,367 - INFO - HTTP Request: GET https://beta-restapi.sarmaaya.pk/api/tradingview/history?symbol=SYS&resolution=D&from=1615748400&to=1773428400 "HTTP/1.1 200 OK"
2026-03-14 01:44:48,033 - INFO -   Saved 1231 data points for SYS
2026-03-14 01:44:48,738 - INFO - [443/492] Syncing SZTM from 2021-03-15...
2026-03-14 01:44:49,039 - INFO - HTTP Request: GET https://beta-restapi.sarmaaya.pk/api/tradingview/history?symbol=SZTM&resolution=D&from=1615748400&to=1773428400 "HTTP/1.1 200 OK"
2026-03-14 01:44:50,246 - INFO -   Saved 270 data points for SZTM
2026-03-14 01:44:50,951 - INFO - [444/492] Syncing TATM from 2021-03-15...
2026-03-14 01:44:51,290 - INFO - HTTP Request: GET https://beta-restapi.sarmaaya.pk/api/tradingview/history?symbol=TATM&resolution=D&from=1615748400&to=1773428400 "HTTP/1.1 200 OK"
2026-03-14 01:44:52,520 - INFO -   Saved 997 data points for TATM
2026-03-14 01:44:53,225 - INFO - [445/492] Syncing TBL from 2021-03-15...
2026-03-14 01:44:53,504 - INFO - HTTP Request: GET https://beta-restapi.sarmaaya.pk/api/tradingview/history?symbol=TBL&resolution=D&from=1615748400&to=1773428400 "HTTP/1.1 500 Internal Server Error"
2026-03-14 01:44:53,505 - WARNING -   No history found for TBL
2026-03-14 01:44:54,210 - INFO - [446/492] Syncing TCORP from 2021-03-15...
2026-03-14 01:44:54,476 - INFO - HTTP Request: GET https://beta-restapi.sarmaaya.pk/api/tradingview/history?symbol=TCORP&resolution=D&from=1615748400&to=1773428400 "HTTP/1.1 500 Internal Server Error"
2026-03-14 01:44:54,478 - WARNING -   No history found for TCORP
2026-03-14 01:44:55,188 - INFO - [447/492] Syncing TCORPCPS from 2021-03-15...
2026-03-14 01:44:55,459 - INFO - HTTP Request: GET https://beta-restapi.sarmaaya.pk/api/tradingview/history?symbol=TCORPCPS&resolution=D&from=1615748400&to=1773428400 "HTTP/1.1 500 Internal Server Error"
2026-03-14 01:44:55,462 - WARNING -   No history found for TCORPCPS
2026-03-14 01:44:56,165 - INFO - [448/492] Syncing TELE from 2021-03-15...
2026-03-14 01:44:56,522 - INFO - HTTP Request: GET https://beta-restapi.sarmaaya.pk/api/tradingview/history?symbol=TELE&resolution=D&from=1615748400&to=1773428400 "HTTP/1.1 200 OK"
2026-03-14 01:44:58,074 - INFO -   Saved 1233 data points for TELE
2026-03-14 01:44:58,778 - INFO - [449/492] Syncing TGL from 2021-03-15...
2026-03-14 01:44:59,141 - INFO - HTTP Request: GET https://beta-restapi.sarmaaya.pk/api/tradingview/history?symbol=TGL&resolution=D&from=1615748400&to=1773428400 "HTTP/1.1 200 OK"
2026-03-14 01:45:00,701 - INFO -   Saved 1233 data points for TGL
2026-03-14 01:45:01,402 - INFO - [450/492] Syncing THALL from 2021-03-15...
2026-03-14 01:45:01,863 - INFO - HTTP Request: GET https://beta-restapi.sarmaaya.pk/api/tradingview/history?symbol=THALL&resolution=D&from=1615748400&to=1773428400 "HTTP/1.1 200 OK"
2026-03-14 01:45:03,597 - INFO -   Saved 1204 data points for THALL
2026-03-14 01:45:04,302 - INFO - [451/492] Syncing THCCL from 2021-03-15...
2026-03-14 01:45:05,218 - INFO - HTTP Request: GET https://beta-restapi.sarmaaya.pk/api/tradingview/history?symbol=THCCL&resolution=D&from=1615748400&to=1773428400 "HTTP/1.1 200 OK"
2026-03-14 01:45:06,786 - INFO -   Saved 1221 data points for THCCL
2026-03-14 01:45:07,489 - INFO - [452/492] Syncing TICL from 2021-03-15...
2026-03-14 01:45:07,814 - INFO - HTTP Request: GET https://beta-restapi.sarmaaya.pk/api/tradingview/history?symbol=TICL&resolution=D&from=1615748400&to=1773428400 "HTTP/1.1 200 OK"
2026-03-14 01:45:09,069 - INFO -   Saved 823 data points for TICL
2026-03-14 01:45:09,774 - INFO - [453/492] Syncing TOMCL from 2021-03-15...
2026-03-14 01:45:10,133 - INFO - HTTP Request: GET https://beta-restapi.sarmaaya.pk/api/tradingview/history?symbol=TOMCL&resolution=D&from=1615748400&to=1773428400 "HTTP/1.1 200 OK"
2026-03-14 01:45:11,781 - INFO -   Saved 1233 data points for TOMCL
2026-03-14 01:45:12,485 - INFO - [454/492] Syncing TOWL from 2021-03-15...
2026-03-14 01:45:12,824 - INFO - HTTP Request: GET https://beta-restapi.sarmaaya.pk/api/tradingview/history?symbol=TOWL&resolution=D&from=1615748400&to=1773428400 "HTTP/1.1 200 OK"
2026-03-14 01:45:14,461 - INFO -   Saved 1104 data points for TOWL
2026-03-14 01:45:15,167 - INFO - [455/492] Syncing TPL from 2021-03-15...
2026-03-14 01:45:15,514 - INFO - HTTP Request: GET https://beta-restapi.sarmaaya.pk/api/tradingview/history?symbol=TPL&resolution=D&from=1615748400&to=1773428400 "HTTP/1.1 200 OK"
2026-03-14 01:45:17,114 - INFO -   Saved 1232 data points for TPL
2026-03-14 01:45:17,819 - INFO - [456/492] Syncing TPLI from 2021-03-15...
2026-03-14 01:45:18,249 - INFO - HTTP Request: GET https://beta-restapi.sarmaaya.pk/api/tradingview/history?symbol=TPLI&resolution=D&from=1615748400&to=1773428400 "HTTP/1.1 200 OK"
2026-03-14 01:45:20,096 - INFO -   Saved 1069 data points for TPLI
2026-03-14 01:45:20,802 - INFO - [457/492] Syncing TPLL from 2021-03-15...
2026-03-14 01:45:21,074 - INFO - HTTP Request: GET https://beta-restapi.sarmaaya.pk/api/tradingview/history?symbol=TPLL&resolution=D&from=1615748400&to=1773428400 "HTTP/1.1 500 Internal Server Error"
2026-03-14 01:45:21,074 - WARNING -   No history found for TPLL
2026-03-14 01:45:21,777 - INFO - [458/492] Syncing TPLP from 2021-03-15...
2026-03-14 01:45:22,343 - INFO - HTTP Request: GET https://beta-restapi.sarmaaya.pk/api/tradingview/history?symbol=TPLP&resolution=D&from=1615748400&to=1773428400 "HTTP/1.1 200 OK"
2026-03-14 01:45:24,021 - INFO -   Saved 1231 data points for TPLP
2026-03-14 01:45:24,723 - INFO - [459/492] Syncing TPLRF1 from 2021-03-15...
2026-03-14 01:45:24,993 - INFO - HTTP Request: GET https://beta-restapi.sarmaaya.pk/api/tradingview/history?symbol=TPLRF1&resolution=D&from=1615748400&to=1773428400 "HTTP/1.1 500 Internal Server Error"
2026-03-14 01:45:24,994 - WARNING -   No history found for TPLRF1
2026-03-14 01:45:25,695 - INFO - [460/492] Syncing TPLT from 2021-03-15...
2026-03-14 01:45:26,113 - INFO - HTTP Request: GET https://beta-restapi.sarmaaya.pk/api/tradingview/history?symbol=TPLT&resolution=D&from=1615748400&to=1773428400 "HTTP/1.1 200 OK"
2026-03-14 01:45:27,672 - INFO -   Saved 1188 data points for TPLT
2026-03-14 01:45:28,378 - INFO - [461/492] Syncing TREET from 2021-03-15...
2026-03-14 01:45:28,821 - INFO - HTTP Request: GET https://beta-restapi.sarmaaya.pk/api/tradingview/history?symbol=TREET&resolution=D&from=1615748400&to=1773428400 "HTTP/1.1 200 OK"
2026-03-14 01:45:30,635 - INFO -   Saved 1233 data points for TREET
2026-03-14 01:45:31,336 - INFO - [462/492] Syncing TRG from 2021-03-15...
2026-03-14 01:45:31,781 - INFO - HTTP Request: GET https://beta-restapi.sarmaaya.pk/api/tradingview/history?symbol=TRG&resolution=D&from=1615748400&to=1773428400 "HTTP/1.1 200 OK"
2026-03-14 01:45:33,510 - INFO -   Saved 1233 data points for TRG
2026-03-14 01:45:34,215 - INFO - [463/492] Syncing TRIPF from 2021-03-15...
2026-03-14 01:45:34,656 - INFO - HTTP Request: GET https://beta-restapi.sarmaaya.pk/api/tradingview/history?symbol=TRIPF&resolution=D&from=1615748400&to=1773428400 "HTTP/1.1 200 OK"
2026-03-14 01:45:36,256 - INFO -   Saved 1125 data points for TRIPF
2026-03-14 01:45:36,960 - INFO - [464/492] Syncing TRSM from 2021-03-15...
2026-03-14 01:45:37,415 - INFO - HTTP Request: GET https://beta-restapi.sarmaaya.pk/api/tradingview/history?symbol=TRSM&resolution=D&from=1615748400&to=1773428400 "HTTP/1.1 200 OK"
2026-03-14 01:45:38,656 - INFO -   Saved 798 data points for TRSM
2026-03-14 01:45:39,362 - INFO - [465/492] Syncing TSBL from 2021-03-15...
2026-03-14 01:45:39,733 - INFO - HTTP Request: GET https://beta-restapi.sarmaaya.pk/api/tradingview/history?symbol=TSBL&resolution=D&from=1615748400&to=1773428400 "HTTP/1.1 200 OK"
2026-03-14 01:45:41,184 - INFO -   Saved 527 data points for TSBL
2026-03-14 01:45:41,885 - INFO - [466/492] Syncing TSBLR1 from 2021-03-15...
2026-03-14 01:45:42,152 - INFO - HTTP Request: GET https://beta-restapi.sarmaaya.pk/api/tradingview/history?symbol=TSBLR1&resolution=D&from=1615748400&to=1773428400 "HTTP/1.1 500 Internal Server Error"
2026-03-14 01:45:42,154 - WARNING -   No history found for TSBLR1
2026-03-14 01:45:42,860 - INFO - [467/492] Syncing TSMF from 2021-03-15...
2026-03-14 01:45:43,236 - INFO - HTTP Request: GET https://beta-restapi.sarmaaya.pk/api/tradingview/history?symbol=TSMF&resolution=D&from=1615748400&to=1773428400 "HTTP/1.1 200 OK"
2026-03-14 01:45:44,693 - INFO -   Saved 700 data points for TSMF
2026-03-14 01:45:45,399 - INFO - [468/492] Syncing TSML from 2021-03-15...
2026-03-14 01:45:45,774 - INFO - HTTP Request: GET https://beta-restapi.sarmaaya.pk/api/tradingview/history?symbol=TSML&resolution=D&from=1615748400&to=1773428400 "HTTP/1.1 200 OK"
2026-03-14 01:45:46,992 - INFO -   Saved 626 data points for TSML
2026-03-14 01:45:47,698 - INFO - [469/492] Syncing TSPL from 2021-03-15...
2026-03-14 01:45:48,122 - INFO - HTTP Request: GET https://beta-restapi.sarmaaya.pk/api/tradingview/history?symbol=TSPL&resolution=D&from=1615748400&to=1773428400 "HTTP/1.1 200 OK"
2026-03-14 01:45:49,689 - INFO -   Saved 1212 data points for TSPL
2026-03-14 01:45:50,394 - INFO - [470/492] Syncing UBDL from 2021-03-15...
2026-03-14 01:45:50,781 - INFO - HTTP Request: GET https://beta-restapi.sarmaaya.pk/api/tradingview/history?symbol=UBDL&resolution=D&from=1615748400&to=1773428400 "HTTP/1.1 200 OK"
2026-03-14 01:45:52,057 - INFO -   Saved 989 data points for UBDL
2026-03-14 01:45:52,762 - INFO - [471/492] Syncing UBL from 2021-03-15...
2026-03-14 01:45:53,190 - INFO - HTTP Request: GET https://beta-restapi.sarmaaya.pk/api/tradingview/history?symbol=UBL&resolution=D&from=1615748400&to=1773428400 "HTTP/1.1 200 OK"
2026-03-14 01:45:54,902 - INFO -   Saved 1233 data points for UBL
2026-03-14 01:45:55,608 - INFO - [472/492] Syncing UBLPETF from 2021-03-15...
2026-03-14 01:45:55,968 - INFO - HTTP Request: GET https://beta-restapi.sarmaaya.pk/api/tradingview/history?symbol=UBLPETF&resolution=D&from=1615748400&to=1773428400 "HTTP/1.1 200 OK"
2026-03-14 01:45:57,200 - INFO -   Saved 703 data points for UBLPETF
2026-03-14 01:45:57,906 - INFO - [473/492] Syncing UCAPM from 2021-03-15...
2026-03-14 01:45:58,321 - INFO - HTTP Request: GET https://beta-restapi.sarmaaya.pk/api/tradingview/history?symbol=UCAPM&resolution=D&from=1615748400&to=1773428400 "HTTP/1.1 200 OK"
2026-03-14 01:45:59,962 - INFO -   Saved 1099 data points for UCAPM
2026-03-14 01:46:00,664 - INFO - [474/492] Syncing UDLI from 2021-03-15...
2026-03-14 01:46:00,931 - INFO - HTTP Request: GET https://beta-restapi.sarmaaya.pk/api/tradingview/history?symbol=UDLI&resolution=D&from=1615748400&to=1773428400 "HTTP/1.1 500 Internal Server Error"
2026-03-14 01:46:00,933 - WARNING -   No history found for UDLI
2026-03-14 01:46:01,635 - INFO - [475/492] Syncing UDPL from 2021-03-15...
2026-03-14 01:46:02,079 - INFO - HTTP Request: GET https://beta-restapi.sarmaaya.pk/api/tradingview/history?symbol=UDPL&resolution=D&from=1615748400&to=1773428400 "HTTP/1.1 200 OK"
2026-03-14 01:46:03,313 - INFO -   Saved 636 data points for UDPL
2026-03-14 01:46:04,019 - INFO - [476/492] Syncing UNIC from 2021-03-15...
2026-03-14 01:46:04,440 - INFO - HTTP Request: GET https://beta-restapi.sarmaaya.pk/api/tradingview/history?symbol=UNIC&resolution=D&from=1615748400&to=1773428400 "HTTP/1.1 200 OK"
2026-03-14 01:46:06,025 - INFO -   Saved 1126 data points for UNIC
2026-03-14 01:46:06,734 - INFO - [477/492] Syncing UNITY from 2021-03-15...
2026-03-14 01:46:07,166 - INFO - HTTP Request: GET https://beta-restapi.sarmaaya.pk/api/tradingview/history?symbol=UNITY&resolution=D&from=1615748400&to=1773428400 "HTTP/1.1 200 OK"
2026-03-14 01:46:08,805 - INFO -   Saved 1233 data points for UNITY
2026-03-14 01:46:09,508 - INFO - [478/492] Syncing UPFL from 2021-03-15...
2026-03-14 01:46:10,186 - INFO - HTTP Request: GET https://beta-restapi.sarmaaya.pk/api/tradingview/history?symbol=UPFL&resolution=D&from=1615748400&to=1773428400 "HTTP/1.1 200 OK"
2026-03-14 01:46:11,597 - INFO -   Saved 769 data points for UPFL
2026-03-14 01:46:12,300 - INFO - [479/492] Syncing UVIC from 2021-03-15...
2026-03-14 01:46:15,278 - INFO - HTTP Request: GET https://beta-restapi.sarmaaya.pk/api/tradingview/history?symbol=UVIC&resolution=D&from=1615748400&to=1773428400 "HTTP/1.1 200 OK"
2026-03-14 01:46:16,504 - INFO -   Saved 807 data points for UVIC
2026-03-14 01:46:17,210 - INFO - [480/492] Syncing WAFI from 2021-03-15...
2026-03-14 01:46:17,821 - INFO - HTTP Request: GET https://beta-restapi.sarmaaya.pk/api/tradingview/history?symbol=WAFI&resolution=D&from=1615748400&to=1773428400 "HTTP/1.1 500 Internal Server Error"
2026-03-14 01:46:17,822 - WARNING -   No history found for WAFI
2026-03-14 01:46:18,527 - INFO - [481/492] Syncing WAHN from 2021-03-15...
2026-03-14 01:46:18,976 - INFO - HTTP Request: GET https://beta-restapi.sarmaaya.pk/api/tradingview/history?symbol=WAHN&resolution=D&from=1615748400&to=1773428400 "HTTP/1.1 200 OK"
2026-03-14 01:46:20,220 - INFO -   Saved 950 data points for WAHN
2026-03-14 01:46:20,925 - INFO - [482/492] Syncing WASL from 2021-03-15...
2026-03-14 01:46:21,192 - INFO - HTTP Request: GET https://beta-restapi.sarmaaya.pk/api/tradingview/history?symbol=WASL&resolution=D&from=1615748400&to=1773428400 "HTTP/1.1 500 Internal Server Error"
2026-03-14 01:46:21,193 - WARNING -   No history found for WASL
2026-03-14 01:46:21,894 - INFO - [483/492] Syncing WASLR from 2021-03-15...
2026-03-14 01:46:22,160 - INFO - HTTP Request: GET https://beta-restapi.sarmaaya.pk/api/tradingview/history?symbol=WASLR&resolution=D&from=1615748400&to=1773428400 "HTTP/1.1 500 Internal Server Error"
2026-03-14 01:46:22,167 - WARNING -   No history found for WASLR
2026-03-14 01:46:22,871 - INFO - [484/492] Syncing WAVES from 2021-03-15...
2026-03-14 01:46:23,315 - INFO - HTTP Request: GET https://beta-restapi.sarmaaya.pk/api/tradingview/history?symbol=WAVES&resolution=D&from=1615748400&to=1773428400 "HTTP/1.1 200 OK"
2026-03-14 01:46:25,387 - INFO -   Saved 1233 data points for WAVES
2026-03-14 01:46:26,092 - INFO - [485/492] Syncing WAVESAPP from 2021-03-15...
2026-03-14 01:46:26,364 - INFO - HTTP Request: GET https://beta-restapi.sarmaaya.pk/api/tradingview/history?symbol=WAVESAPP&resolution=D&from=1615748400&to=1773428400 "HTTP/1.1 500 Internal Server Error"
2026-03-14 01:46:26,365 - WARNING -   No history found for WAVESAPP
2026-03-14 01:46:27,071 - INFO - [486/492] Syncing WTL from 2021-03-15...
2026-03-14 01:46:27,523 - INFO - HTTP Request: GET https://beta-restapi.sarmaaya.pk/api/tradingview/history?symbol=WTL&resolution=D&from=1615748400&to=1773428400 "HTTP/1.1 200 OK"
2026-03-14 01:46:29,950 - INFO -   Saved 1233 data points for WTL
2026-03-14 01:46:30,652 - INFO - [487/492] Syncing YOUW from 2021-03-15...
2026-03-14 01:46:31,096 - INFO - HTTP Request: GET https://beta-restapi.sarmaaya.pk/api/tradingview/history?symbol=YOUW&resolution=D&from=1615748400&to=1773428400 "HTTP/1.1 200 OK"
2026-03-14 01:46:32,974 - INFO -   Saved 1233 data points for YOUW
2026-03-14 01:46:33,679 - INFO - [488/492] Syncing ZAHID from 2021-03-15...
2026-03-14 01:46:34,066 - INFO - HTTP Request: GET https://beta-restapi.sarmaaya.pk/api/tradingview/history?symbol=ZAHID&resolution=D&from=1615748400&to=1773428400 "HTTP/1.1 200 OK"
2026-03-14 01:46:35,299 - INFO -   Saved 740 data points for ZAHID
2026-03-14 01:46:36,005 - INFO - [489/492] Syncing ZAL from 2021-03-15...
2026-03-14 01:46:36,306 - INFO - HTTP Request: GET https://beta-restapi.sarmaaya.pk/api/tradingview/history?symbol=ZAL&resolution=D&from=1615748400&to=1773428400 "HTTP/1.1 200 OK"
2026-03-14 01:46:37,521 - INFO -   Saved 261 data points for ZAL
2026-03-14 01:46:38,224 - INFO - [490/492] Syncing ZIL from 2021-03-15...
2026-03-14 01:46:38,615 - INFO - HTTP Request: GET https://beta-restapi.sarmaaya.pk/api/tradingview/history?symbol=ZIL&resolution=D&from=1615748400&to=1773428400 "HTTP/1.1 200 OK"
2026-03-14 01:46:39,859 - INFO -   Saved 807 data points for ZIL
2026-03-14 01:46:40,565 - INFO - [491/492] Syncing ZTL from 2021-03-15...
2026-03-14 01:46:40,945 - INFO - HTTP Request: GET https://beta-restapi.sarmaaya.pk/api/tradingview/history?symbol=ZTL&resolution=D&from=1615748400&to=1773428400 "HTTP/1.1 200 OK"
2026-03-14 01:46:42,181 - INFO -   Saved 821 data points for ZTL
2026-03-14 01:46:42,886 - INFO - [492/492] Syncing ZUMA from 2021-03-15...
2026-03-14 01:46:43,154 - INFO - HTTP Request: GET https://beta-restapi.sarmaaya.pk/api/tradingview/history?symbol=ZUMA&resolution=D&from=1615748400&to=1773428400 "HTTP/1.1 500 Internal Server Error"
2026-03-14 01:46:43,156 - WARNING -   No history found for ZUMA
2026-03-14 01:46:43,861 - INFO - Bulk sync finished! Synced 435 NEW symbols.
