2026-03-14 01:24:31,424 - INFO - Starting Bulk PSX Data Sync (5 years)...
2026-03-14 01:24:40,509 - INFO - Fetching symbol list...
2026-03-14 01:24:40,918 - INFO - HTTP Request: GET https://beta-restapi.sarmaaya.pk/api/stocks/listing "HTTP/1.1 200 OK"
2026-03-14 01:24:40,919 - INFO - Total symbols: 6. Remaining to sync: 6
2026-03-14 01:24:40,919 - INFO - [1/6] Syncing 786 from 2021-03-15...
2026-03-14 01:24:41,317 - INFO - HTTP Request: GET https://beta-restapi.sarmaaya.pk/api/tradingview/history?symbol=786&resolution=D&from=1615748400&to=1773428400 "HTTP/1.1 200 OK"
2026-03-14 01:24:43,614 - INFO -   Saved 1031 data points for 786
2026-03-14 01:24:44,319 - INFO - [2/6] Syncing AABS from 2021-03-15...
2026-03-14 01:24:44,654 - INFO - HTTP Request: GET https://beta-restapi.sarmaaya.pk/api/tradingview/history?symbol=AABS&resolution=D&from=1615748400&to=1773428400 "HTTP/1.1 200 OK"
2026-03-14 01:24:46,384 - INFO -   Saved 1013 data points for AABS
2026-03-14 01:24:47,087 - INFO - [3/6] Syncing AATM from 2021-03-15...
2026-03-14 01:24:47,483 - INFO - HTTP Request: GET https://beta-restapi.sarmaaya.pk/api/tradingview/history?symbol=AATM&resolution=D&from=1615748400&to=1773428400 "HTTP/1.1 200 OK"
2026-03-14 01:24:48,723 - INFO -   Saved 446 data points for AATM
2026-03-14 01:24:49,430 - INFO - [4/6] Syncing ABL from 2021-03-15...
2026-03-14 01:24:49,782 - INFO - HTTP Request: GET https://beta-restapi.sarmaaya.pk/api/tradingview/history?symbol=ABL&resolution=D&from=1615748400&to=1773428400 "HTTP/1.1 200 OK"
2026-03-14 01:24:51,553 - INFO -   Saved 1188 data points for ABL
2026-03-14 01:24:52,253 - INFO - [5/6] Syncing ABOT from 2021-03-15...
2026-03-14 01:24:52,608 - INFO - HTTP Request: GET https://beta-restapi.sarmaaya.pk/api/tradingview/history?symbol=ABOT&resolution=D&from=1615748400&to=1773428400 "HTTP/1.1 200 OK"
2026-03-14 01:24:54,391 - INFO -   Saved 1212 data points for ABOT
2026-03-14 01:24:55,094 - INFO - [6/6] Syncing ACIETF from 2021-03-15...
2026-03-14 01:24:55,493 - INFO - HTTP Request: GET https://beta-restapi.sarmaaya.pk/api/tradingview/history?symbol=ACIETF&resolution=D&from=1615748400&to=1773428400 "HTTP/1.1 200 OK"
2026-03-14 01:24:56,774 - INFO -   Saved 642 data points for ACIETF
2026-03-14 01:24:57,480 - INFO - Bulk sync finished! Synced 6 NEW symbols.
2026-03-14 01:25:06,139 - INFO - Starting Bulk PSX Data Sync (5 years)...
2026-03-14 01:25:14,783 - INFO - Fetching symbol list...
2026-03-14 01:25:15,338 - INFO - HTTP Request: GET https://beta-restapi.sarmaaya.pk/api/stocks/listing "HTTP/1.1 200 OK"
2026-03-14 01:25:15,341 - INFO - Total symbols: 6. Remaining to sync: 0
2026-03-14 01:25:15,342 - INFO - Bulk sync finished! Synced 0 NEW symbols.
2026-03-14 01:25:47,884 - INFO - Starting Bulk PSX Data Sync (5 years)...
2026-03-14 01:25:56,876 - INFO - Fetching symbol list...
2026-03-14 01:25:57,573 - INFO - HTTP Request: GET https://beta-restapi.sarmaaya.pk/api/stocks/listing "HTTP/1.1 200 OK"
2026-03-14 01:25:57,574 - INFO - Total symbols: 10. Remaining to sync: 4
2026-03-14 01:25:57,574 - INFO - [1/4] Syncing ACPL from 2021-03-15...
2026-03-14 01:25:57,951 - INFO - HTTP Request: GET https://beta-restapi.sarmaaya.pk/api/tradingview/history?symbol=ACPL&resolution=D&from=1615748400&to=1773428400 "HTTP/1.1 200 OK"
2026-03-14 01:26:00,243 - INFO -   Saved 1231 data points for ACPL
2026-03-14 01:26:00,948 - INFO - [2/4] Syncing ADAMS from 2021-03-15...
2026-03-14 01:26:01,332 - INFO - HTTP Request: GET https://beta-restapi.sarmaaya.pk/api/tradingview/history?symbol=ADAMS&resolution=D&from=1615748400&to=1773428400 "HTTP/1.1 200 OK"
2026-03-14 01:26:02,914 - INFO -   Saved 1003 data points for ADAMS
2026-03-14 01:26:03,619 - INFO - [3/4] Syncing ADMM from 2021-03-15...
2026-03-14 01:26:03,958 - INFO - HTTP Request: GET https://beta-restapi.sarmaaya.pk/api/tradingview/history?symbol=ADMM&resolution=D&from=1615748400&to=1773428400 "HTTP/1.1 200 OK"
2026-03-14 01:26:05,510 - INFO -   Saved 1150 data points for ADMM
2026-03-14 01:26:06,215 - INFO - [4/4] Syncing AGHA from 2021-03-15...
2026-03-14 01:26:06,538 - INFO - HTTP Request: GET https://beta-restapi.sarmaaya.pk/api/tradingview/history?symbol=AGHA&resolution=D&from=1615748400&to=1773428400 "HTTP/1.1 200 OK"
2026-03-14 01:26:08,196 - INFO -   Saved 1233 data points for AGHA
2026-03-14 01:26:08,902 - INFO - Bulk sync finished! Synced 4 NEW symbols.
2026-03-14 01:26:40,004 - INFO - Starting Bulk PSX Data Sync (5 years)...
2026-03-14 01:26:49,045 - INFO - Fetching symbol list...
2026-03-14 01:26:49,590 - INFO - HTTP Request: GET https://beta-restapi.sarmaaya.pk/api/stocks/listing?limit=1000 "HTTP/1.1 200 OK"
2026-03-14 01:26:49,597 - INFO - Total symbols: 502. Remaining to sync: 492
2026-03-14 01:26:49,597 - INFO - [1/492] Syncing AGIC from 2021-03-15...
2026-03-14 01:26:50,016 - INFO - HTTP Request: GET https://beta-restapi.sarmaaya.pk/api/tradingview/history?symbol=AGIC&resolution=D&from=1615748400&to=1773428400 "HTTP/1.1 200 OK"
2026-03-14 01:26:52,208 - INFO -   Saved 1079 data points for AGIC
2026-03-14 01:26:52,913 - INFO - [2/492] Syncing AGIL from 2021-03-15...
2026-03-14 01:26:53,285 - INFO - HTTP Request: GET https://beta-restapi.sarmaaya.pk/api/tradingview/history?symbol=AGIL&resolution=D&from=1615748400&to=1773428400 "HTTP/1.1 200 OK"
2026-03-14 01:26:54,878 - INFO -   Saved 1068 data points for AGIL
2026-03-14 01:26:55,581 - INFO - [3/492] Syncing AGL from 2021-03-15...
2026-03-14 01:26:55,903 - INFO - HTTP Request: GET https://beta-restapi.sarmaaya.pk/api/tradingview/history?symbol=AGL&resolution=D&from=1615748400&to=1773428400 "HTTP/1.1 200 OK"
2026-03-14 01:26:57,562 - INFO -   Saved 1233 data points for AGL
2026-03-14 01:26:58,267 - INFO - [4/492] Syncing AGLNCPS from 2021-03-15...
2026-03-14 01:26:58,566 - INFO - HTTP Request: GET https://beta-restapi.sarmaaya.pk/api/tradingview/history?symbol=AGLNCPS&resolution=D&from=1615748400&to=1773428400 "HTTP/1.1 200 OK"
2026-03-14 01:26:59,805 - INFO -   Saved 78 data points for AGLNCPS
2026-03-14 01:27:00,510 - INFO - [5/492] Syncing AGP from 2021-03-15...
2026-03-14 01:27:00,851 - INFO - HTTP Request: GET https://beta-restapi.sarmaaya.pk/api/tradingview/history?symbol=AGP&resolution=D&from=1615748400&to=1773428400 "HTTP/1.1 200 OK"
2026-03-14 01:27:02,515 - INFO -   Saved 1233 data points for AGP
2026-03-14 01:27:03,220 - INFO - [6/492] Syncing AGSML from 2021-03-15...
2026-03-14 01:27:03,571 - INFO - HTTP Request: GET https://beta-restapi.sarmaaya.pk/api/tradingview/history?symbol=AGSML&resolution=D&from=1615748400&to=1773428400 "HTTP/1.1 200 OK"
2026-03-14 01:27:05,132 - INFO -   Saved 1182 data points for AGSML
2026-03-14 01:27:05,837 - INFO - [7/492] Syncing AGTL from 2021-03-15...
2026-03-14 01:27:06,220 - INFO - HTTP Request: GET https://beta-restapi.sarmaaya.pk/api/tradingview/history?symbol=AGTL&resolution=D&from=1615748400&to=1773428400 "HTTP/1.1 200 OK"
2026-03-14 01:27:07,899 - INFO -   Saved 1210 data points for AGTL
2026-03-14 01:27:08,603 - INFO - [8/492] Syncing AHCL from 2021-03-15...
2026-03-14 01:27:08,967 - INFO - HTTP Request: GET https://beta-restapi.sarmaaya.pk/api/tradingview/history?symbol=AHCL&resolution=D&from=1615748400&to=1773428400 "HTTP/1.1 200 OK"
2026-03-14 01:27:10,633 - INFO -   Saved 1111 data points for AHCL
2026-03-14 01:27:11,338 - INFO - [9/492] Syncing AHL from 2021-03-15...
2026-03-14 01:27:11,698 - INFO - HTTP Request: GET https://beta-restapi.sarmaaya.pk/api/tradingview/history?symbol=AHL&resolution=D&from=1615748400&to=1773428400 "HTTP/1.1 200 OK"
2026-03-14 01:27:13,257 - INFO -   Saved 1226 data points for AHL
2026-03-14 01:27:13,963 - INFO - [10/492] Syncing AHTM from 2021-03-15...
2026-03-14 01:27:14,276 - INFO - HTTP Request: GET https://beta-restapi.sarmaaya.pk/api/tradingview/history?symbol=AHTM&resolution=D&from=1615748400&to=1773428400 "HTTP/1.1 200 OK"
2026-03-14 01:27:15,544 - INFO -   Saved 264 data points for AHTM
2026-03-14 01:27:16,246 - INFO - [11/492] Syncing AICL from 2021-03-15...
2026-03-14 01:27:16,609 - INFO - HTTP Request: GET https://beta-restapi.sarmaaya.pk/api/tradingview/history?symbol=AICL&resolution=D&from=1615748400&to=1773428400 "HTTP/1.1 200 OK"
2026-03-14 01:27:18,186 - INFO -   Saved 1216 data points for AICL
2026-03-14 01:27:18,890 - INFO - [12/492] Syncing AIRLINK from 2021-03-15...
2026-03-14 01:27:19,219 - INFO - HTTP Request: GET https://beta-restapi.sarmaaya.pk/api/tradingview/history?symbol=AIRLINK&resolution=D&from=1615748400&to=1773428400 "HTTP/1.1 200 OK"
2026-03-14 01:27:20,902 - INFO -   Saved 1108 data points for AIRLINK
2026-03-14 01:27:21,607 - INFO - [13/492] Syncing AKBL from 2021-03-15...
2026-03-14 01:27:21,987 - INFO - HTTP Request: GET https://beta-restapi.sarmaaya.pk/api/tradingview/history?symbol=AKBL&resolution=D&from=1615748400&to=1773428400 "HTTP/1.1 200 OK"
2026-03-14 01:27:23,667 - INFO -   Saved 1230 data points for AKBL
2026-03-14 01:27:24,369 - INFO - [14/492] Syncing AKDHL from 2021-03-15...
2026-03-14 01:27:24,712 - INFO - HTTP Request: GET https://beta-restapi.sarmaaya.pk/api/tradingview/history?symbol=AKDHL&resolution=D&from=1615748400&to=1773428400 "HTTP/1.1 200 OK"
2026-03-14 01:27:25,971 - INFO -   Saved 968 data points for AKDHL
2026-03-14 01:27:26,676 - INFO - [15/492] Syncing AKDSL from 2021-03-15...
2026-03-14 01:27:26,997 - INFO - HTTP Request: GET https://beta-restapi.sarmaaya.pk/api/tradingview/history?symbol=AKDSL&resolution=D&from=1615748400&to=1773428400 "HTTP/1.1 200 OK"
2026-03-14 01:27:28,240 - INFO -   Saved 697 data points for AKDSL
2026-03-14 01:27:28,945 - INFO - [16/492] Syncing AKGL from 2021-03-15...
2026-03-14 01:27:29,272 - INFO - HTTP Request: GET https://beta-restapi.sarmaaya.pk/api/tradingview/history?symbol=AKGL&resolution=D&from=1615748400&to=1773428400 "HTTP/1.1 200 OK"
2026-03-14 01:27:30,486 - INFO -   Saved 371 data points for AKGL
2026-03-14 01:27:31,186 - INFO - [17/492] Syncing ALAC from 2021-03-15...
2026-03-14 01:27:31,529 - INFO - HTTP Request: GET https://beta-restapi.sarmaaya.pk/api/tradingview/history?symbol=ALAC&resolution=D&from=1615748400&to=1773428400 "HTTP/1.1 200 OK"
2026-03-14 01:27:32,795 - INFO -   Saved 916 data points for ALAC
2026-03-14 01:27:33,496 - INFO - [18/492] Syncing ALIFE from 2021-03-15...
2026-03-14 01:27:33,834 - INFO - HTTP Request: GET https://beta-restapi.sarmaaya.pk/api/tradingview/history?symbol=ALIFE&resolution=D&from=1615748400&to=1773428400 "HTTP/1.1 200 OK"
2026-03-14 01:27:35,133 - INFO -   Saved 845 data points for ALIFE
2026-03-14 01:27:35,837 - INFO - [19/492] Syncing ALNRS from 2021-03-15...
2026-03-14 01:27:36,181 - INFO - HTTP Request: GET https://beta-restapi.sarmaaya.pk/api/tradingview/history?symbol=ALNRS&resolution=D&from=1615748400&to=1773428400 "HTTP/1.1 200 OK"
2026-03-14 01:27:37,486 - INFO -   Saved 773 data points for ALNRS
2026-03-14 01:27:38,190 - INFO - [20/492] Syncing ALTN from 2021-03-15...
2026-03-14 01:27:38,547 - INFO - HTTP Request: GET https://beta-restapi.sarmaaya.pk/api/tradingview/history?symbol=ALTN&resolution=D&from=1615748400&to=1773428400 "HTTP/1.1 200 OK"
2026-03-14 01:27:40,123 - INFO -   Saved 1105 data points for ALTN
2026-03-14 01:27:40,829 - INFO - [21/492] Syncing AMBL from 2021-03-15...
2026-03-14 01:27:41,143 - INFO - HTTP Request: GET https://beta-restapi.sarmaaya.pk/api/tradingview/history?symbol=AMBL&resolution=D&from=1615748400&to=1773428400 "HTTP/1.1 200 OK"
2026-03-14 01:27:42,404 - INFO -   Saved 542 data points for AMBL
2026-03-14 01:27:43,110 - INFO - [22/492] Syncing AMTEX from 2021-03-15...
2026-03-14 01:27:43,414 - INFO - HTTP Request: GET https://beta-restapi.sarmaaya.pk/api/tradingview/history?symbol=AMTEX&resolution=D&from=1615748400&to=1773428400 "HTTP/1.1 200 OK"
2026-03-14 01:27:44,695 - INFO -   Saved 445 data points for AMTEX
2026-03-14 01:27:45,400 - INFO - [23/492] Syncing ANL from 2021-03-15...
2026-03-14 01:27:45,741 - INFO - HTTP Request: GET https://beta-restapi.sarmaaya.pk/api/tradingview/history?symbol=ANL&resolution=D&from=1615748400&to=1773428400 "HTTP/1.1 200 OK"
2026-03-14 01:27:47,629 - INFO -   Saved 1233 data points for ANL
2026-03-14 01:27:48,335 - INFO - [24/492] Syncing ANLNV from 2021-03-15...
2026-03-14 01:27:48,622 - INFO - HTTP Request: GET https://beta-restapi.sarmaaya.pk/api/tradingview/history?symbol=ANLNV&resolution=D&from=1615748400&to=1773428400 "HTTP/1.1 200 OK"
2026-03-14 01:27:49,971 - INFO -   Saved 15 data points for ANLNV
2026-03-14 01:27:50,676 - INFO - [25/492] Syncing ANSM from 2021-03-15...
2026-03-14 01:27:50,966 - INFO - HTTP Request: GET https://beta-restapi.sarmaaya.pk/api/tradingview/history?symbol=ANSM&resolution=D&from=1615748400&to=1773428400 "HTTP/1.1 200 OK"
2026-03-14 01:27:52,545 - INFO -   Saved 150 data points for ANSM
2026-03-14 01:27:53,248 - INFO - [26/492] Syncing ANTM from 2021-03-15...
2026-03-14 01:27:53,563 - INFO - HTTP Request: GET https://beta-restapi.sarmaaya.pk/api/tradingview/history?symbol=ANTM&resolution=D&from=1615748400&to=1773428400 "HTTP/1.1 200 OK"
2026-03-14 01:27:54,993 - INFO -   Saved 510 data points for ANTM
2026-03-14 01:27:55,698 - INFO - [27/492] Syncing APL from 2021-03-15...
2026-03-14 01:27:56,126 - INFO - HTTP Request: GET https://beta-restapi.sarmaaya.pk/api/tradingview/history?symbol=APL&resolution=D&from=1615748400&to=1773428400 "HTTP/1.1 200 OK"
2026-03-14 01:27:57,966 - INFO -   Saved 1232 data points for APL
2026-03-14 01:27:58,672 - INFO - [28/492] Syncing ARCTM from 2021-03-15...
2026-03-14 01:27:58,943 - INFO - HTTP Request: GET https://beta-restapi.sarmaaya.pk/api/tradingview/history?symbol=ARCTM&resolution=D&from=1615748400&to=1773428400 "HTTP/1.1 500 Internal Server Error"
2026-03-14 01:27:58,944 - WARNING -   No history found for ARCTM
2026-03-14 01:27:59,649 - INFO - [29/492] Syncing ARPAK from 2021-03-15...
2026-03-14 01:27:59,963 - INFO - HTTP Request: GET https://beta-restapi.sarmaaya.pk/api/tradingview/history?symbol=ARPAK&resolution=D&from=1615748400&to=1773428400 "HTTP/1.1 200 OK"
2026-03-14 01:28:01,451 - INFO -   Saved 346 data points for ARPAK
2026-03-14 01:28:02,155 - INFO - [30/492] Syncing ARPL from 2021-03-15...
2026-03-14 01:28:02,491 - INFO - HTTP Request: GET https://beta-restapi.sarmaaya.pk/api/tradingview/history?symbol=ARPL&resolution=D&from=1615748400&to=1773428400 "HTTP/1.1 200 OK"
2026-03-14 01:28:04,215 - INFO -   Saved 1174 data points for ARPL
2026-03-14 01:28:04,920 - INFO - [31/492] Syncing ARUJ from 2021-03-15...
2026-03-14 01:28:05,248 - INFO - HTTP Request: GET https://beta-restapi.sarmaaya.pk/api/tradingview/history?symbol=ARUJ&resolution=D&from=1615748400&to=1773428400 "HTTP/1.1 200 OK"
2026-03-14 01:28:06,675 - INFO -   Saved 679 data points for ARUJ
2026-03-14 01:28:07,381 - INFO - [32/492] Syncing ASC from 2021-03-15...
2026-03-14 01:28:07,728 - INFO - HTTP Request: GET https://beta-restapi.sarmaaya.pk/api/tradingview/history?symbol=ASC&resolution=D&from=1615748400&to=1773428400 "HTTP/1.1 200 OK"
2026-03-14 01:28:09,541 - INFO -   Saved 1233 data points for ASC
2026-03-14 01:28:10,247 - INFO - [33/492] Syncing ASHT from 2021-03-15...
2026-03-14 01:28:10,667 - INFO - HTTP Request: GET https://beta-restapi.sarmaaya.pk/api/tradingview/history?symbol=ASHT&resolution=D&from=1615748400&to=1773428400 "HTTP/1.1 200 OK"
2026-03-14 01:28:12,204 - INFO -   Saved 637 data points for ASHT
2026-03-14 01:28:12,905 - INFO - [34/492] Syncing ASIC from 2021-03-15...
2026-03-14 01:28:13,196 - INFO - HTTP Request: GET https://beta-restapi.sarmaaya.pk/api/tradingview/history?symbol=ASIC&resolution=D&from=1615748400&to=1773428400 "HTTP/1.1 200 OK"
2026-03-14 01:28:14,399 - INFO -   Saved 173 data points for ASIC
2026-03-14 01:28:15,104 - INFO - [35/492] Syncing ASL from 2021-03-15...
2026-03-14 01:28:15,438 - INFO - HTTP Request: GET https://beta-restapi.sarmaaya.pk/api/tradingview/history?symbol=ASL&resolution=D&from=1615748400&to=1773428400 "HTTP/1.1 200 OK"
2026-03-14 01:28:17,131 - INFO -   Saved 1233 data points for ASL
2026-03-14 01:28:17,834 - INFO - [36/492] Syncing ASLCPS from 2021-03-15...
2026-03-14 01:28:18,125 - INFO - HTTP Request: GET https://beta-restapi.sarmaaya.pk/api/tradingview/history?symbol=ASLCPS&resolution=D&from=1615748400&to=1773428400 "HTTP/1.1 200 OK"
2026-03-14 01:28:19,369 - INFO -   Saved 163 data points for ASLCPS
2026-03-14 01:28:20,072 - INFO - [37/492] Syncing ASLPS from 2021-03-15...
2026-03-14 01:28:20,382 - INFO - HTTP Request: GET https://beta-restapi.sarmaaya.pk/api/tradingview/history?symbol=ASLPS&resolution=D&from=1615748400&to=1773428400 "HTTP/1.1 200 OK"
2026-03-14 01:28:21,723 - INFO -   Saved 409 data points for ASLPS
2026-03-14 01:28:22,427 - INFO - [38/492] Syncing ASTL from 2021-03-15...
2026-03-14 01:28:22,767 - INFO - HTTP Request: GET https://beta-restapi.sarmaaya.pk/api/tradingview/history?symbol=ASTL&resolution=D&from=1615748400&to=1773428400 "HTTP/1.1 200 OK"
2026-03-14 01:28:24,386 - INFO -   Saved 1233 data points for ASTL
2026-03-14 01:28:25,091 - INFO - [39/492] Syncing ASTM from 2021-03-15...
2026-03-14 01:28:25,439 - INFO - HTTP Request: GET https://beta-restapi.sarmaaya.pk/api/tradingview/history?symbol=ASTM&resolution=D&from=1615748400&to=1773428400 "HTTP/1.1 200 OK"
2026-03-14 01:28:27,135 - INFO -   Saved 1021 data points for ASTM
2026-03-14 01:28:27,839 - INFO - [40/492] Syncing ATBA from 2021-03-15...
2026-03-14 01:28:28,179 - INFO - HTTP Request: GET https://beta-restapi.sarmaaya.pk/api/tradingview/history?symbol=ATBA&resolution=D&from=1615748400&to=1773428400 "HTTP/1.1 200 OK"
2026-03-14 01:28:30,097 - INFO -   Saved 1233 data points for ATBA
2026-03-14 01:28:30,804 - INFO - [41/492] Syncing ATIL from 2021-03-15...
2026-03-14 01:28:31,150 - INFO - HTTP Request: GET https://beta-restapi.sarmaaya.pk/api/tradingview/history?symbol=ATIL&resolution=D&from=1615748400&to=1773428400 "HTTP/1.1 200 OK"
2026-03-14 01:28:32,981 - INFO -   Saved 1034 data points for ATIL
2026-03-14 01:28:33,689 - INFO - [42/492] Syncing ATLH from 2021-03-15...
2026-03-14 01:28:34,029 - INFO - HTTP Request: GET https://beta-restapi.sarmaaya.pk/api/tradingview/history?symbol=ATLH&resolution=D&from=1615748400&to=1773428400 "HTTP/1.1 200 OK"
2026-03-14 01:28:35,847 - INFO -   Saved 1105 data points for ATLH
2026-03-14 01:28:36,548 - INFO - [43/492] Syncing ATRL from 2021-03-15...
2026-03-14 01:28:36,876 - INFO - HTTP Request: GET https://beta-restapi.sarmaaya.pk/api/tradingview/history?symbol=ATRL&resolution=D&from=1615748400&to=1773428400 "HTTP/1.1 200 OK"
2026-03-14 01:28:38,819 - INFO -   Saved 1233 data points for ATRL
2026-03-14 01:28:39,519 - INFO - [44/492] Syncing AVN from 2021-03-15...
2026-03-14 01:28:39,850 - INFO - HTTP Request: GET https://beta-restapi.sarmaaya.pk/api/tradingview/history?symbol=AVN&resolution=D&from=1615748400&to=1773428400 "HTTP/1.1 200 OK"
2026-03-14 01:28:41,694 - INFO -   Saved 1233 data points for AVN
2026-03-14 01:28:42,400 - INFO - [45/492] Syncing BAFL from 2021-03-15...
2026-03-14 01:28:42,782 - INFO - HTTP Request: GET https://beta-restapi.sarmaaya.pk/api/tradingview/history?symbol=BAFL&resolution=D&from=1615748400&to=1773428400 "HTTP/1.1 200 OK"
2026-03-14 01:28:44,456 - INFO -   Saved 1233 data points for BAFL
2026-03-14 01:28:45,162 - INFO - [46/492] Syncing BAFS from 2021-03-15...
2026-03-14 01:28:45,469 - INFO - HTTP Request: GET https://beta-restapi.sarmaaya.pk/api/tradingview/history?symbol=BAFS&resolution=D&from=1615748400&to=1773428400 "HTTP/1.1 200 OK"
2026-03-14 01:28:46,698 - INFO -   Saved 276 data points for BAFS
2026-03-14 01:28:47,402 - INFO - [47/492] Syncing BAHL from 2021-03-15...
2026-03-14 01:28:47,767 - INFO - HTTP Request: GET https://beta-restapi.sarmaaya.pk/api/tradingview/history?symbol=BAHL&resolution=D&from=1615748400&to=1773428400 "HTTP/1.1 200 OK"
2026-03-14 01:28:49,474 - INFO -   Saved 1233 data points for BAHL
2026-03-14 01:28:50,178 - INFO - [48/492] Syncing BAPL from 2021-03-15...
2026-03-14 01:28:50,603 - INFO - HTTP Request: GET https://beta-restapi.sarmaaya.pk/api/tradingview/history?symbol=BAPL&resolution=D&from=1615748400&to=1773428400 "HTTP/1.1 200 OK"
2026-03-14 01:28:52,039 - INFO -   Saved 985 data points for BAPL
2026-03-14 01:28:52,744 - INFO - [49/492] Syncing BATA from 2021-03-15...
2026-03-14 01:28:53,163 - INFO - HTTP Request: GET https://beta-restapi.sarmaaya.pk/api/tradingview/history?symbol=BATA&resolution=D&from=1615748400&to=1773428400 "HTTP/1.1 200 OK"
2026-03-14 01:28:54,696 - INFO -   Saved 980 data points for BATA
2026-03-14 01:28:55,401 - INFO - [50/492] Syncing BBFL from 2021-03-15...
2026-03-14 01:28:55,674 - INFO - HTTP Request: GET https://beta-restapi.sarmaaya.pk/api/tradingview/history?symbol=BBFL&resolution=D&from=1615748400&to=1773428400 "HTTP/1.1 500 Internal Server Error"
2026-03-14 01:28:55,677 - WARNING -   No history found for BBFL
2026-03-14 01:28:56,381 - INFO - [51/492] Syncing BCL from 2021-03-15...
2026-03-14 01:28:56,746 - INFO - HTTP Request: GET https://beta-restapi.sarmaaya.pk/api/tradingview/history?symbol=BCL&resolution=D&from=1615748400&to=1773428400 "HTTP/1.1 200 OK"
2026-03-14 01:28:58,586 - INFO -   Saved 1176 data points for BCL
2026-03-14 01:28:59,287 - INFO - [52/492] Syncing BECO from 2021-03-15...
2026-03-14 01:29:00,132 - INFO - HTTP Request: GET https://beta-restapi.sarmaaya.pk/api/tradingview/history?symbol=BECO&resolution=D&from=1615748400&to=1773428400 "HTTP/1.1 200 OK"
2026-03-14 01:29:02,176 - INFO -   Saved 1114 data points for BECO
2026-03-14 01:29:02,882 - INFO - [53/492] Syncing BELA from 2021-03-15...
2026-03-14 01:29:03,436 - INFO - HTTP Request: GET https://beta-restapi.sarmaaya.pk/api/tradingview/history?symbol=BELA&resolution=D&from=1615748400&to=1773428400 "HTTP/1.1 200 OK"
2026-03-14 01:29:04,739 - INFO -   Saved 502 data points for BELA
2026-03-14 01:29:05,444 - INFO - [54/492] Syncing BERG from 2021-03-15...
2026-03-14 01:29:05,809 - INFO - HTTP Request: GET https://beta-restapi.sarmaaya.pk/api/tradingview/history?symbol=BERG&resolution=D&from=1615748400&to=1773428400 "HTTP/1.1 200 OK"
2026-03-14 01:29:07,604 - INFO -   Saved 1219 data points for BERG
2026-03-14 01:29:08,310 - INFO - [55/492] Syncing BFAGRO from 2021-03-15...
2026-03-14 01:29:08,612 - INFO - HTTP Request: GET https://beta-restapi.sarmaaya.pk/api/tradingview/history?symbol=BFAGRO&resolution=D&from=1615748400&to=1773428400 "HTTP/1.1 200 OK"
2026-03-14 01:29:09,956 - INFO -   Saved 256 data points for BFAGRO
2026-03-14 01:29:10,661 - INFO - [56/492] Syncing BFBIO from 2021-03-15...
2026-03-14 01:29:10,966 - INFO - HTTP Request: GET https://beta-restapi.sarmaaya.pk/api/tradingview/history?symbol=BFBIO&resolution=D&from=1615748400&to=1773428400 "HTTP/1.1 200 OK"
2026-03-14 01:29:12,179 - INFO -   Saved 353 data points for BFBIO
2026-03-14 01:29:12,882 - INFO - [57/492] Syncing BFMOD from 2021-03-15...
2026-03-14 01:29:13,211 - INFO - HTTP Request: GET https://beta-restapi.sarmaaya.pk/api/tradingview/history?symbol=BFMOD&resolution=D&from=1615748400&to=1773428400 "HTTP/1.1 200 OK"
2026-03-14 01:29:14,695 - INFO -   Saved 636 data points for BFMOD
2026-03-14 01:29:15,401 - INFO - [58/492] Syncing BGL from 2021-03-15...
2026-03-14 01:29:15,768 - INFO - HTTP Request: GET https://beta-restapi.sarmaaya.pk/api/tradingview/history?symbol=BGL&resolution=D&from=1615748400&to=1773428400 "HTTP/1.1 200 OK"
2026-03-14 01:29:17,435 - INFO -   Saved 1233 data points for BGL
2026-03-14 01:29:18,141 - INFO - [59/492] Syncing BHAT from 2021-03-15...
2026-03-14 01:29:18,472 - INFO - HTTP Request: GET https://beta-restapi.sarmaaya.pk/api/tradingview/history?symbol=BHAT&resolution=D&from=1615748400&to=1773428400 "HTTP/1.1 200 OK"
2026-03-14 01:29:19,773 - INFO -   Saved 517 data points for BHAT
2026-03-14 01:29:20,477 - INFO - [60/492] Syncing BIFO from 2021-03-15...
2026-03-14 01:29:20,914 - INFO - HTTP Request: GET https://beta-restapi.sarmaaya.pk/api/tradingview/history?symbol=BIFO&resolution=D&from=1615748400&to=1773428400 "HTTP/1.1 200 OK"
2026-03-14 01:29:22,750 - INFO -   Saved 1212 data points for BIFO
2026-03-14 01:29:23,455 - INFO - [61/492] Syncing BIPL from 2021-03-15...
2026-03-14 01:29:23,799 - INFO - HTTP Request: GET https://beta-restapi.sarmaaya.pk/api/tradingview/history?symbol=BIPL&resolution=D&from=1615748400&to=1773428400 "HTTP/1.1 200 OK"
2026-03-14 01:29:25,536 - INFO -   Saved 1231 data points for BIPL
2026-03-14 01:29:26,238 - INFO - [62/492] Syncing BLUEX from 2021-03-15...
2026-03-14 01:29:26,507 - INFO - HTTP Request: GET https://beta-restapi.sarmaaya.pk/api/tradingview/history?symbol=BLUEX&resolution=D&from=1615748400&to=1773428400 "HTTP/1.1 500 Internal Server Error"
2026-03-14 01:29:26,508 - WARNING -   No history found for BLUEX
2026-03-14 01:29:27,213 - INFO - [63/492] Syncing BML from 2021-03-15...
2026-03-14 01:29:27,481 - INFO - HTTP Request: GET https://beta-restapi.sarmaaya.pk/api/tradingview/history?symbol=BML&resolution=D&from=1615748400&to=1773428400 "HTTP/1.1 500 Internal Server Error"
2026-03-14 01:29:27,482 - WARNING -   No history found for BML
2026-03-14 01:29:28,187 - INFO - [64/492] Syncing BNL from 2021-03-15...
2026-03-14 01:29:28,592 - INFO - HTTP Request: GET https://beta-restapi.sarmaaya.pk/api/tradingview/history?symbol=BNL&resolution=D&from=1615748400&to=1773428400 "HTTP/1.1 200 OK"
2026-03-14 01:29:30,646 - INFO -   Saved 1194 data points for BNL
2026-03-14 01:29:31,351 - INFO - [65/492] Syncing BNWM from 2021-03-15...
2026-03-14 01:29:31,767 - INFO - HTTP Request: GET https://beta-restapi.sarmaaya.pk/api/tradingview/history?symbol=BNWM&resolution=D&from=1615748400&to=1773428400 "HTTP/1.1 200 OK"
2026-03-14 01:29:33,408 - INFO -   Saved 982 data points for BNWM
2026-03-14 01:29:34,111 - INFO - [66/492] Syncing BOK from 2021-03-15...
2026-03-14 01:29:34,531 - INFO - HTTP Request: GET https://beta-restapi.sarmaaya.pk/api/tradingview/history?symbol=BOK&resolution=D&from=1615748400&to=1773428400 "HTTP/1.1 200 OK"
2026-03-14 01:29:36,271 - INFO -   Saved 1055 data points for BOK
2026-03-14 01:29:36,977 - INFO - [67/492] Syncing BOP from 2021-03-15...
2026-03-14 01:29:37,310 - INFO - HTTP Request: GET https://beta-restapi.sarmaaya.pk/api/tradingview/history?symbol=BOP&resolution=D&from=1615748400&to=1773428400 "HTTP/1.1 200 OK"
2026-03-14 01:29:38,997 - INFO -   Saved 1233 data points for BOP
2026-03-14 01:29:39,702 - INFO - [68/492] Syncing BPL from 2021-03-15...
2026-03-14 01:29:40,162 - INFO - HTTP Request: GET https://beta-restapi.sarmaaya.pk/api/tradingview/history?symbol=BPL&resolution=D&from=1615748400&to=1773428400 "HTTP/1.1 200 OK"
2026-03-14 01:29:41,699 - INFO -   Saved 891 data points for BPL
2026-03-14 01:29:42,404 - INFO - [69/492] Syncing BRRG from 2021-03-15...
2026-03-14 01:29:42,679 - INFO - HTTP Request: GET https://beta-restapi.sarmaaya.pk/api/tradingview/history?symbol=BRRG&resolution=D&from=1615748400&to=1773428400 "HTTP/1.1 500 Internal Server Error"
2026-03-14 01:29:42,680 - WARNING -   No history found for BRRG
2026-03-14 01:29:43,385 - INFO - [70/492] Syncing BTL from 2021-03-15...
2026-03-14 01:29:43,723 - INFO - HTTP Request: GET https://beta-restapi.sarmaaya.pk/api/tradingview/history?symbol=BTL&resolution=D&from=1615748400&to=1773428400 "HTTP/1.1 200 OK"
2026-03-14 01:29:45,181 - INFO -   Saved 720 data points for BTL
2026-03-14 01:29:45,887 - INFO - [71/492] Syncing BUXL from 2021-03-15...
2026-03-14 01:29:46,240 - INFO - HTTP Request: GET https://beta-restapi.sarmaaya.pk/api/tradingview/history?symbol=BUXL&resolution=D&from=1615748400&to=1773428400 "HTTP/1.1 200 OK"
2026-03-14 01:29:47,997 - INFO -   Saved 1121 data points for BUXL
2026-03-14 01:29:48,702 - INFO - [72/492] Syncing BWCL from 2021-03-15...
2026-03-14 01:29:49,072 - INFO - HTTP Request: GET https://beta-restapi.sarmaaya.pk/api/tradingview/history?symbol=BWCL&resolution=D&from=1615748400&to=1773428400 "HTTP/1.1 200 OK"
2026-03-14 01:29:50,623 - INFO -   Saved 1223 data points for BWCL
2026-03-14 01:29:51,328 - INFO - [73/492] Syncing BWHL from 2021-03-15...
2026-03-14 01:29:51,676 - INFO - HTTP Request: GET https://beta-restapi.sarmaaya.pk/api/tradingview/history?symbol=BWHL&resolution=D&from=1615748400&to=1773428400 "HTTP/1.1 200 OK"
2026-03-14 01:29:52,926 - INFO -   Saved 966 data points for BWHL
2026-03-14 01:29:53,630 - INFO - [74/492] Syncing CASH from 2021-03-15...
2026-03-14 01:29:53,937 - INFO - HTTP Request: GET https://beta-restapi.sarmaaya.pk/api/tradingview/history?symbol=CASH&resolution=D&from=1615748400&to=1773428400 "HTTP/1.1 200 OK"
2026-03-14 01:29:55,318 - INFO -   Saved 467 data points for CASH
2026-03-14 01:29:56,023 - INFO - [75/492] Syncing CCM from 2021-03-15...
2026-03-14 01:29:56,339 - INFO - HTTP Request: GET https://beta-restapi.sarmaaya.pk/api/tradingview/history?symbol=CCM&resolution=D&from=1615748400&to=1773428400 "HTTP/1.1 200 OK"
2026-03-14 01:29:57,695 - INFO -   Saved 536 data points for CCM
2026-03-14 01:29:58,400 - INFO - [76/492] Syncing CENI from 2021-03-15...
2026-03-14 01:29:58,763 - INFO - HTTP Request: GET https://beta-restapi.sarmaaya.pk/api/tradingview/history?symbol=CENI&resolution=D&from=1615748400&to=1773428400 "HTTP/1.1 200 OK"
2026-03-14 01:30:00,233 - INFO -   Saved 817 data points for CENI
2026-03-14 01:30:00,938 - INFO - [77/492] Syncing CEPB from 2021-03-15...
2026-03-14 01:30:01,331 - INFO - HTTP Request: GET https://beta-restapi.sarmaaya.pk/api/tradingview/history?symbol=CEPB&resolution=D&from=1615748400&to=1773428400 "HTTP/1.1 200 OK"
2026-03-14 01:30:02,918 - INFO -   Saved 1230 data points for CEPB
2026-03-14 01:30:03,623 - INFO - [78/492] Syncing CFL from 2021-03-15...
2026-03-14 01:30:03,939 - INFO - HTTP Request: GET https://beta-restapi.sarmaaya.pk/api/tradingview/history?symbol=CFL&resolution=D&from=1615748400&to=1773428400 "HTTP/1.1 200 OK"
2026-03-14 01:30:05,245 - INFO -   Saved 355 data points for CFL
2026-03-14 01:30:05,950 - INFO - [79/492] Syncing CHAS from 2021-03-15...
2026-03-14 01:30:06,356 - INFO - HTTP Request: GET https://beta-restapi.sarmaaya.pk/api/tradingview/history?symbol=CHAS&resolution=D&from=1615748400&to=1773428400 "HTTP/1.1 200 OK"
2026-03-14 01:30:07,594 - INFO -   Saved 831 data points for CHAS
2026-03-14 01:30:08,300 - INFO - [80/492] Syncing CHBL from 2021-03-15...
2026-03-14 01:30:08,624 - INFO - HTTP Request: GET https://beta-restapi.sarmaaya.pk/api/tradingview/history?symbol=CHBL&resolution=D&from=1615748400&to=1773428400 "HTTP/1.1 200 OK"
2026-03-14 01:30:09,830 - INFO -   Saved 445 data points for CHBL
2026-03-14 01:30:10,536 - INFO - [81/492] Syncing CHCC from 2021-03-15...
2026-03-14 01:30:10,909 - INFO - HTTP Request: GET https://beta-restapi.sarmaaya.pk/api/tradingview/history?symbol=CHCC&resolution=D&from=1615748400&to=1773428400 "HTTP/1.1 200 OK"
2026-03-14 01:30:12,447 - INFO -   Saved 1233 data points for CHCC
2026-03-14 01:30:13,154 - INFO - [82/492] Syncing CJPL from 2021-03-15...
2026-03-14 01:30:13,475 - INFO - HTTP Request: GET https://beta-restapi.sarmaaya.pk/api/tradingview/history?symbol=CJPL&resolution=D&from=1615748400&to=1773428400 "HTTP/1.1 200 OK"
2026-03-14 01:30:14,865 - INFO -   Saved 445 data points for CJPL
2026-03-14 01:30:15,570 - INFO - [83/492] Syncing CLCPS from 2021-03-15...
2026-03-14 01:30:15,876 - INFO - HTTP Request: GET https://beta-restapi.sarmaaya.pk/api/tradingview/history?symbol=CLCPS&resolution=D&from=1615748400&to=1773428400 "HTTP/1.1 200 OK"
2026-03-14 01:30:17,095 - INFO -   Saved 442 data points for CLCPS
2026-03-14 01:30:17,800 - INFO - [84/492] Syncing CLOV from 2021-03-15...
2026-03-14 01:30:18,475 - INFO - HTTP Request: GET https://beta-restapi.sarmaaya.pk/api/tradingview/history?symbol=CLOV&resolution=D&from=1615748400&to=1773428400 "HTTP/1.1 200 OK"
2026-03-14 01:30:20,222 - INFO -   Saved 1224 data points for CLOV
2026-03-14 01:30:20,924 - INFO - [85/492] Syncing CLVL from 2021-03-15...
2026-03-14 01:30:21,260 - INFO - HTTP Request: GET https://beta-restapi.sarmaaya.pk/api/tradingview/history?symbol=CLVL&resolution=D&from=1615748400&to=1773428400 "HTTP/1.1 200 OK"
2026-03-14 01:30:22,801 - INFO -   Saved 1062 data points for CLVL
2026-03-14 01:30:23,504 - INFO - [86/492] Syncing CNERGY from 2021-03-15...
2026-03-14 01:30:23,840 - INFO - HTTP Request: GET https://beta-restapi.sarmaaya.pk/api/tradingview/history?symbol=CNERGY&resolution=D&from=1615748400&to=1773428400 "HTTP/1.1 200 OK"
2026-03-14 01:30:25,437 - INFO -   Saved 1048 data points for CNERGY
2026-03-14 01:30:26,142 - INFO - [87/492] Syncing COLG from 2021-03-15...
2026-03-14 01:30:26,493 - INFO - HTTP Request: GET https://beta-restapi.sarmaaya.pk/api/tradingview/history?symbol=COLG&resolution=D&from=1615748400&to=1773428400 "HTTP/1.1 200 OK"
2026-03-14 01:30:28,041 - INFO -   Saved 1142 data points for COLG
2026-03-14 01:30:28,746 - INFO - [88/492] Syncing CPHL from 2021-03-15...
2026-03-14 01:30:29,077 - INFO - HTTP Request: GET https://beta-restapi.sarmaaya.pk/api/tradingview/history?symbol=CPHL&resolution=D&from=1615748400&to=1773428400 "HTTP/1.1 200 OK"
2026-03-14 01:30:30,656 - INFO -   Saved 1151 data points for CPHL
2026-03-14 01:30:31,361 - INFO - [89/492] Syncing CPPL from 2021-03-15...
2026-03-14 01:30:31,726 - INFO - HTTP Request: GET https://beta-restapi.sarmaaya.pk/api/tradingview/history?symbol=CPPL&resolution=D&from=1615748400&to=1773428400 "HTTP/1.1 200 OK"
2026-03-14 01:30:33,306 - INFO -   Saved 1205 data points for CPPL
2026-03-14 01:30:34,011 - INFO - [90/492] Syncing CRTM from 2021-03-15...
2026-03-14 01:30:34,375 - INFO - HTTP Request: GET https://beta-restapi.sarmaaya.pk/api/tradingview/history?symbol=CRTM&resolution=D&from=1615748400&to=1773428400 "HTTP/1.1 200 OK"
2026-03-14 01:30:35,989 - INFO -   Saved 1217 data points for CRTM
2026-03-14 01:30:36,690 - INFO - [91/492] Syncing CSAP from 2021-03-15...
2026-03-14 01:30:37,049 - INFO - HTTP Request: GET https://beta-restapi.sarmaaya.pk/api/tradingview/history?symbol=CSAP&resolution=D&from=1615748400&to=1773428400 "HTTP/1.1 200 OK"
2026-03-14 01:30:38,615 - INFO -   Saved 1227 data points for CSAP
2026-03-14 01:30:39,319 - INFO - [92/492] Syncing CSIL from 2021-03-15...
2026-03-14 01:30:39,760 - INFO - HTTP Request: GET https://beta-restapi.sarmaaya.pk/api/tradingview/history?symbol=CSIL&resolution=D&from=1615748400&to=1773428400 "HTTP/1.1 200 OK"
2026-03-14 01:30:41,701 - INFO -   Saved 1227 data points for CSIL
2026-03-14 01:30:42,406 - INFO - [93/492] Syncing CTM from 2021-03-15...
2026-03-14 01:30:42,746 - INFO - HTTP Request: GET https://beta-restapi.sarmaaya.pk/api/tradingview/history?symbol=CTM&resolution=D&from=1615748400&to=1773428400 "HTTP/1.1 200 OK"
2026-03-14 01:30:44,368 - INFO -   Saved 1204 data points for CTM
2026-03-14 01:30:45,073 - INFO - [94/492] Syncing CYAN from 2021-03-15...
2026-03-14 01:30:45,492 - INFO - HTTP Request: GET https://beta-restapi.sarmaaya.pk/api/tradingview/history?symbol=CYAN&resolution=D&from=1615748400&to=1773428400 "HTTP/1.1 200 OK"
2026-03-14 01:30:47,235 - INFO -   Saved 1171 data points for CYAN
2026-03-14 01:30:47,939 - INFO - [95/492] Syncing DAAG from 2021-03-15...
2026-03-14 01:30:48,360 - INFO - HTTP Request: GET https://beta-restapi.sarmaaya.pk/api/tradingview/history?symbol=DAAG&resolution=D&from=1615748400&to=1773428400 "HTTP/1.1 200 OK"
2026-03-14 01:30:49,692 - INFO -   Saved 853 data points for DAAG
2026-03-14 01:30:50,393 - INFO - [96/492] Syncing DADX from 2021-03-15...
2026-03-14 01:30:50,725 - INFO - HTTP Request: GET https://beta-restapi.sarmaaya.pk/api/tradingview/history?symbol=DADX&resolution=D&from=1615748400&to=1773428400 "HTTP/1.1 200 OK"
2026-03-14 01:30:52,085 - INFO -   Saved 781 data points for DADX
2026-03-14 01:30:52,791 - INFO - [97/492] Syncing DBCI from 2021-03-15...
2026-03-14 01:30:53,119 - INFO - HTTP Request: GET https://beta-restapi.sarmaaya.pk/api/tradingview/history?symbol=DBCI&resolution=D&from=1615748400&to=1773428400 "HTTP/1.1 200 OK"
2026-03-14 01:30:54,607 - INFO -   Saved 445 data points for DBCI
2026-03-14 01:30:55,312 - INFO - [98/492] Syncing DCL from 2021-03-15...
2026-03-14 01:30:55,647 - INFO - HTTP Request: GET https://beta-restapi.sarmaaya.pk/api/tradingview/history?symbol=DCL&resolution=D&from=1615748400&to=1773428400 "HTTP/1.1 200 OK"
2026-03-14 01:30:57,296 - INFO -   Saved 1233 data points for DCL
2026-03-14 01:30:58,002 - INFO - [99/492] Syncing DCR from 2021-03-15...
2026-03-14 01:30:58,399 - INFO - HTTP Request: GET https://beta-restapi.sarmaaya.pk/api/tradingview/history?symbol=DCR&resolution=D&from=1615748400&to=1773428400 "HTTP/1.1 200 OK"
2026-03-14 01:31:00,236 - INFO -   Saved 1232 data points for DCR
2026-03-14 01:31:00,942 - INFO - [100/492] Syncing DEL from 2021-03-15...
2026-03-14 01:31:01,466 - INFO - HTTP Request: GET https://beta-restapi.sarmaaya.pk/api/tradingview/history?symbol=DEL&resolution=D&from=1615748400&to=1773428400 "HTTP/1.1 200 OK"
2026-03-14 01:31:03,415 - INFO -   Saved 1167 data points for DEL
2026-03-14 01:31:04,120 - INFO - [101/492] Syncing DFML from 2021-03-15...
2026-03-14 01:31:05,946 - INFO - HTTP Request: GET https://beta-restapi.sarmaaya.pk/api/tradingview/history?symbol=DFML&resolution=D&from=1615748400&to=1773428400 "HTTP/1.1 200 OK"
2026-03-14 01:31:07,627 - INFO -   Saved 1233 data points for DFML
2026-03-14 01:31:08,333 - INFO - [102/492] Syncing DFSM from 2021-03-15...
2026-03-14 01:31:09,351 - INFO - HTTP Request: GET https://beta-restapi.sarmaaya.pk/api/tradingview/history?symbol=DFSM&resolution=D&from=1615748400&to=1773428400 "HTTP/1.1 200 OK"
2026-03-14 01:31:11,196 - INFO -   Saved 1227 data points for DFSM
2026-03-14 01:31:11,901 - INFO - [103/492] Syncing DGKC from 2021-03-15...
2026-03-14 01:31:12,277 - INFO - HTTP Request: GET https://beta-restapi.sarmaaya.pk/api/tradingview/history?symbol=DGKC&resolution=D&from=1615748400&to=1773428400 "HTTP/1.1 200 OK"
2026-03-14 01:31:13,940 - INFO -   Saved 1233 data points for DGKC
2026-03-14 01:31:14,645 - INFO - [104/492] Syncing DHPL from 2021-03-15...
2026-03-14 01:31:14,918 - INFO - HTTP Request: GET https://beta-restapi.sarmaaya.pk/api/tradingview/history?symbol=DHPL&resolution=D&from=1615748400&to=1773428400 "HTTP/1.1 500 Internal Server Error"
2026-03-14 01:31:14,920 - WARNING -   No history found for DHPL
2026-03-14 01:31:15,625 - INFO - [105/492] Syncing DIIL from 2021-03-15...
2026-03-14 01:31:15,937 - INFO - HTTP Request: GET https://beta-restapi.sarmaaya.pk/api/tradingview/history?symbol=DIIL&resolution=D&from=1615748400&to=1773428400 "HTTP/1.1 200 OK"
2026-03-14 01:31:17,223 - INFO -   Saved 316 data points for DIIL
2026-03-14 01:31:17,924 - INFO - [106/492] Syncing DINT from 2021-03-15...
2026-03-14 01:31:18,242 - INFO - HTTP Request: GET https://beta-restapi.sarmaaya.pk/api/tradingview/history?symbol=DINT&resolution=D&from=1615748400&to=1773428400 "HTTP/1.1 200 OK"
2026-03-14 01:31:19,473 - INFO -   Saved 442 data points for DINT
2026-03-14 01:31:20,173 - INFO - [107/492] Syncing DLL from 2021-03-15...
2026-03-14 01:31:20,604 - INFO - HTTP Request: GET https://beta-restapi.sarmaaya.pk/api/tradingview/history?symbol=DLL&resolution=D&from=1615748400&to=1773428400 "HTTP/1.1 200 OK"
2026-03-14 01:31:21,883 - INFO -   Saved 860 data points for DLL
2026-03-14 01:31:22,588 - INFO - [108/492] Syncing DMC from 2021-03-15...
2026-03-14 01:31:22,859 - INFO - HTTP Request: GET https://beta-restapi.sarmaaya.pk/api/tradingview/history?symbol=DMC&resolution=D&from=1615748400&to=1773428400 "HTTP/1.1 500 Internal Server Error"
2026-03-14 01:31:22,860 - WARNING -   No history found for DMC
2026-03-14 01:31:23,565 - INFO - [109/492] Syncing DNCC from 2021-03-15...
2026-03-14 01:31:23,917 - INFO - HTTP Request: GET https://beta-restapi.sarmaaya.pk/api/tradingview/history?symbol=DNCC&resolution=D&from=1615748400&to=1773428400 "HTTP/1.1 200 OK"
2026-03-14 01:31:25,162 - INFO -   Saved 990 data points for DNCC
2026-03-14 01:31:25,864 - INFO - [110/492] Syncing DOL from 2021-03-15...
2026-03-14 01:31:26,213 - INFO - HTTP Request: GET https://beta-restapi.sarmaaya.pk/api/tradingview/history?symbol=DOL&resolution=D&from=1615748400&to=1773428400 "HTTP/1.1 200 OK"
2026-03-14 01:31:27,764 - INFO -   Saved 1233 data points for DOL
2026-03-14 01:31:28,469 - INFO - [111/492] Syncing DSIL from 2021-03-15...
2026-03-14 01:31:28,904 - INFO - HTTP Request: GET https://beta-restapi.sarmaaya.pk/api/tradingview/history?symbol=DSIL&resolution=D&from=1615748400&to=1773428400 "HTTP/1.1 200 OK"
2026-03-14 01:31:30,655 - INFO -   Saved 1226 data points for DSIL
2026-03-14 01:31:31,361 - INFO - [112/492] Syncing DSL from 2021-03-15...
2026-03-14 01:31:31,690 - INFO - HTTP Request: GET https://beta-restapi.sarmaaya.pk/api/tradingview/history?symbol=DSL&resolution=D&from=1615748400&to=1773428400 "HTTP/1.1 200 OK"
2026-03-14 01:31:33,418 - INFO -   Saved 1233 data points for DSL
2026-03-14 01:31:34,124 - INFO - [113/492] Syncing DWAE from 2021-03-15...
2026-03-14 01:31:34,442 - INFO - HTTP Request: GET https://beta-restapi.sarmaaya.pk/api/tradingview/history?symbol=DWAE&resolution=D&from=1615748400&to=1773428400 "HTTP/1.1 200 OK"
2026-03-14 01:31:35,772 - INFO -   Saved 445 data points for DWAE
2026-03-14 01:31:36,476 - INFO - [114/492] Syncing DWSM from 2021-03-15...
2026-03-14 01:31:36,827 - INFO - HTTP Request: GET https://beta-restapi.sarmaaya.pk/api/tradingview/history?symbol=DWSM&resolution=D&from=1615748400&to=1773428400 "HTTP/1.1 200 OK"
2026-03-14 01:31:38,694 - INFO -   Saved 1101 data points for DWSM
2026-03-14 01:31:39,395 - INFO - [115/492] Syncing DWTM from 2021-03-15...
2026-03-14 01:31:39,718 - INFO - HTTP Request: GET https://beta-restapi.sarmaaya.pk/api/tradingview/history?symbol=DWTM&resolution=D&from=1615748400&to=1773428400 "HTTP/1.1 200 OK"
2026-03-14 01:31:41,086 - INFO -   Saved 641 data points for DWTM
2026-03-14 01:31:41,791 - INFO - [116/492] Syncing DYNO from 2021-03-15...
2026-03-14 01:31:42,115 - INFO - HTTP Request: GET https://beta-restapi.sarmaaya.pk/api/tradingview/history?symbol=DYNO&resolution=D&from=1615748400&to=1773428400 "HTTP/1.1 200 OK"
2026-03-14 01:31:43,848 - INFO -   Saved 1139 data points for DYNO
2026-03-14 01:31:44,551 - INFO - [117/492] Syncing ECOP from 2021-03-15...
2026-03-14 01:31:44,918 - INFO - HTTP Request: GET https://beta-restapi.sarmaaya.pk/api/tradingview/history?symbol=ECOP&resolution=D&from=1615748400&to=1773428400 "HTTP/1.1 200 OK"
2026-03-14 01:31:46,518 - INFO -   Saved 1127 data points for ECOP
2026-03-14 01:31:47,223 - INFO - [118/492] Syncing EFERT from 2021-03-15...
2026-03-14 01:31:47,564 - INFO - HTTP Request: GET https://beta-restapi.sarmaaya.pk/api/tradingview/history?symbol=EFERT&resolution=D&from=1615748400&to=1773428400 "HTTP/1.1 200 OK"
2026-03-14 01:31:49,644 - INFO -   Saved 1233 data points for EFERT
2026-03-14 01:31:50,350 - INFO - [119/492] Syncing EFUG from 2021-03-15...
2026-03-14 01:31:50,718 - INFO - HTTP Request: GET https://beta-restapi.sarmaaya.pk/api/tradingview/history?symbol=EFUG&resolution=D&from=1615748400&to=1773428400 "HTTP/1.1 200 OK"
2026-03-14 01:31:51,971 - INFO -   Saved 890 data points for EFUG
2026-03-14 01:31:52,673 - INFO - [120/492] Syncing EFUL from 2021-03-15...
2026-03-14 01:31:53,023 - INFO - HTTP Request: GET https://beta-restapi.sarmaaya.pk/api/tradingview/history?symbol=EFUL&resolution=D&from=1615748400&to=1773428400 "HTTP/1.1 200 OK"
2026-03-14 01:31:54,273 - INFO -   Saved 939 data points for EFUL
2026-03-14 01:31:54,978 - INFO - [121/492] Syncing ELCM from 2021-03-15...
2026-03-14 01:31:55,282 - INFO - HTTP Request: GET https://beta-restapi.sarmaaya.pk/api/tradingview/history?symbol=ELCM&resolution=D&from=1615748400&to=1773428400 "HTTP/1.1 200 OK"
2026-03-14 01:31:56,547 - INFO -   Saved 371 data points for ELCM
2026-03-14 01:31:57,250 - INFO - [122/492] Syncing ELSM from 2021-03-15...
2026-03-14 01:31:57,579 - INFO - HTTP Request: GET https://beta-restapi.sarmaaya.pk/api/tradingview/history?symbol=ELSM&resolution=D&from=1615748400&to=1773428400 "HTTP/1.1 200 OK"
2026-03-14 01:31:58,802 - INFO -   Saved 719 data points for ELSM
2026-03-14 01:31:59,509 - INFO - [123/492] Syncing EMCO from 2021-03-15...
2026-03-14 01:31:59,859 - INFO - HTTP Request: GET https://beta-restapi.sarmaaya.pk/api/tradingview/history?symbol=EMCO&resolution=D&from=1615748400&to=1773428400 "HTTP/1.1 200 OK"
2026-03-14 01:32:01,085 - INFO -   Saved 950 data points for EMCO
2026-03-14 01:32:01,790 - INFO - [124/492] Syncing ENGROH from 2021-03-15...
2026-03-14 01:32:02,060 - INFO - HTTP Request: GET https://beta-restapi.sarmaaya.pk/api/tradingview/history?symbol=ENGROH&resolution=D&from=1615748400&to=1773428400 "HTTP/1.1 500 Internal Server Error"
2026-03-14 01:32:02,062 - WARNING -   No history found for ENGROH
2026-03-14 01:32:02,765 - INFO - [125/492] Syncing EPCL from 2021-03-15...
2026-03-14 01:32:03,213 - INFO - HTTP Request: GET https://beta-restapi.sarmaaya.pk/api/tradingview/history?symbol=EPCL&resolution=D&from=1615748400&to=1773428400 "HTTP/1.1 200 OK"
2026-03-14 01:32:04,840 - INFO -   Saved 1233 data points for EPCL
2026-03-14 01:32:05,542 - INFO - [126/492] Syncing EPCLPS from 2021-03-15...
2026-03-14 01:32:05,864 - INFO - HTTP Request: GET https://beta-restapi.sarmaaya.pk/api/tradingview/history?symbol=EPCLPS&resolution=D&from=1615748400&to=1773428400 "HTTP/1.1 200 OK"
2026-03-14 01:32:07,105 - INFO -   Saved 806 data points for EPCLPS
2026-03-14 01:32:07,809 - INFO - [127/492] Syncing EPQL from 2021-03-15...
2026-03-14 01:32:08,231 - INFO - HTTP Request: GET https://beta-restapi.sarmaaya.pk/api/tradingview/history?symbol=EPQL&resolution=D&from=1615748400&to=1773428400 "HTTP/1.1 200 OK"
2026-03-14 01:32:10,077 - INFO -   Saved 1233 data points for EPQL
2026-03-14 01:32:10,780 - INFO - [128/492] Syncing ESBL from 2021-03-15...
2026-03-14 01:32:11,143 - INFO - HTTP Request: GET https://beta-restapi.sarmaaya.pk/api/tradingview/history?symbol=ESBL&resolution=D&from=1615748400&to=1773428400 "HTTP/1.1 200 OK"
2026-03-14 01:32:12,823 - INFO -   Saved 1164 data points for ESBL
2026-03-14 01:32:13,528 - INFO - [129/492] Syncing EWIC from 2021-03-15...
2026-03-14 01:32:13,812 - INFO - HTTP Request: GET https://beta-restapi.sarmaaya.pk/api/tradingview/history?symbol=EWIC&resolution=D&from=1615748400&to=1773428400 "HTTP/1.1 200 OK"
2026-03-14 01:32:15,091 - INFO -   Saved 176 data points for EWIC
2026-03-14 01:32:15,795 - INFO - [130/492] Syncing EXIDE from 2021-03-15...
2026-03-14 01:32:16,157 - INFO - HTTP Request: GET https://beta-restapi.sarmaaya.pk/api/tradingview/history?symbol=EXIDE&resolution=D&from=1615748400&to=1773428400 "HTTP/1.1 200 OK"
2026-03-14 01:32:17,755 - INFO -   Saved 1206 data points for EXIDE
2026-03-14 01:32:18,459 - INFO - [131/492] Syncing FABL from 2021-03-15...
2026-03-14 01:32:18,801 - INFO - HTTP Request: GET https://beta-restapi.sarmaaya.pk/api/tradingview/history?symbol=FABL&resolution=D&from=1615748400&to=1773428400 "HTTP/1.1 200 OK"
2026-03-14 01:32:20,522 - INFO -   Saved 1233 data points for FABL
2026-03-14 01:32:21,223 - INFO - [132/492] Syncing FANM from 2021-03-15...
2026-03-14 01:32:21,547 - INFO - HTTP Request: GET https://beta-restapi.sarmaaya.pk/api/tradingview/history?symbol=FANM&resolution=D&from=1615748400&to=1773428400 "HTTP/1.1 200 OK"
2026-03-14 01:32:22,779 - INFO -   Saved 625 data points for FANM
2026-03-14 01:32:23,484 - INFO - [133/492] Syncing FASM from 2021-03-15...
2026-03-14 01:32:23,815 - INFO - HTTP Request: GET https://beta-restapi.sarmaaya.pk/api/tradingview/history?symbol=FASM&resolution=D&from=1615748400&to=1773428400 "HTTP/1.1 200 OK"
2026-03-14 01:32:25,052 - INFO -   Saved 655 data points for FASM
2026-03-14 01:32:25,758 - INFO - [134/492] Syncing FATIMA from 2021-03-15...
2026-03-14 01:32:26,129 - INFO - HTTP Request: GET https://beta-restapi.sarmaaya.pk/api/tradingview/history?symbol=FATIMA&resolution=D&from=1615748400&to=1773428400 "HTTP/1.1 200 OK"
2026-03-14 01:32:27,673 - INFO -   Saved 1233 data points for FATIMA
2026-03-14 01:32:28,379 - INFO - [135/492] Syncing FCCL from 2021-03-15...
2026-03-14 01:32:28,766 - INFO - HTTP Request: GET https://beta-restapi.sarmaaya.pk/api/tradingview/history?symbol=FCCL&resolution=D&from=1615748400&to=1773428400 "HTTP/1.1 200 OK"
2026-03-14 01:32:30,352 - INFO -   Saved 1233 data points for FCCL
2026-03-14 01:32:31,058 - INFO - [136/492] Syncing FCEL from 2021-03-15...
2026-03-14 01:32:31,358 - INFO - HTTP Request: GET https://beta-restapi.sarmaaya.pk/api/tradingview/history?symbol=FCEL&resolution=D&from=1615748400&to=1773428400 "HTTP/1.1 200 OK"
2026-03-14 01:32:32,705 - INFO -   Saved 355 data points for FCEL
2026-03-14 01:32:33,407 - INFO - [137/492] Syncing FCEPL from 2021-03-15...
2026-03-14 01:32:33,831 - INFO - HTTP Request: GET https://beta-restapi.sarmaaya.pk/api/tradingview/history?symbol=FCEPL&resolution=D&from=1615748400&to=1773428400 "HTTP/1.1 200 OK"
2026-03-14 01:32:35,489 - INFO -   Saved 1233 data points for FCEPL
2026-03-14 01:32:36,192 - INFO - [138/492] Syncing FCIBL from 2021-03-15...
2026-03-14 01:32:36,520 - INFO - HTTP Request: GET https://beta-restapi.sarmaaya.pk/api/tradingview/history?symbol=FCIBL&resolution=D&from=1615748400&to=1773428400 "HTTP/1.1 200 OK"
2026-03-14 01:32:37,764 - INFO -   Saved 660 data points for FCIBL
2026-03-14 01:32:38,470 - INFO - [139/492] Syncing FCL from 2021-03-15...
2026-03-14 01:32:38,752 - INFO - HTTP Request: GET https://beta-restapi.sarmaaya.pk/api/tradingview/history?symbol=FCL&resolution=D&from=1615748400&to=1773428400 "HTTP/1.1 500 Internal Server Error"
2026-03-14 01:32:38,754 - WARNING -   No history found for FCL
2026-03-14 01:32:39,457 - INFO - [140/492] Syncing FCSC from 2021-03-15...
2026-03-14 01:32:39,819 - INFO - HTTP Request: GET https://beta-restapi.sarmaaya.pk/api/tradingview/history?symbol=FCSC&resolution=D&from=1615748400&to=1773428400 "HTTP/1.1 200 OK"
2026-03-14 01:32:41,405 - INFO -   Saved 1227 data points for FCSC
2026-03-14 01:32:42,111 - INFO - [141/492] Syncing FDPL from 2021-03-15...
2026-03-14 01:32:42,380 - INFO - HTTP Request: GET https://beta-restapi.sarmaaya.pk/api/tradingview/history?symbol=FDPL&resolution=D&from=1615748400&to=1773428400 "HTTP/1.1 500 Internal Server Error"
2026-03-14 01:32:42,386 - WARNING -   No history found for FDPL
2026-03-14 01:32:43,092 - INFO - [142/492] Syncing FECM from 2021-03-15...
2026-03-14 01:32:43,446 - INFO - HTTP Request: GET https://beta-restapi.sarmaaya.pk/api/tradingview/history?symbol=FECM&resolution=D&from=1615748400&to=1773428400 "HTTP/1.1 200 OK"
2026-03-14 01:32:45,196 - INFO -   Saved 1054 data points for FECM
2026-03-14 01:32:45,898 - INFO - [143/492] Syncing FECTC from 2021-03-15...
2026-03-14 01:32:46,251 - INFO - HTTP Request: GET https://beta-restapi.sarmaaya.pk/api/tradingview/history?symbol=FECTC&resolution=D&from=1615748400&to=1773428400 "HTTP/1.1 200 OK"
2026-03-14 01:32:47,850 - INFO -   Saved 1089 data points for FECTC
2026-03-14 01:32:48,559 - INFO - [144/492] Syncing FEM from 2021-03-15...
2026-03-14 01:32:48,901 - INFO - HTTP Request: GET https://beta-restapi.sarmaaya.pk/api/tradingview/history?symbol=FEM&resolution=D&from=1615748400&to=1773428400 "HTTP/1.1 200 OK"
2026-03-14 01:32:50,129 - INFO -   Saved 775 data points for FEM
2026-03-14 01:32:50,833 - INFO - [145/492] Syncing FEROZ from 2021-03-15...
2026-03-14 01:32:51,186 - INFO - HTTP Request: GET https://beta-restapi.sarmaaya.pk/api/tradingview/history?symbol=FEROZ&resolution=D&from=1615748400&to=1773428400 "HTTP/1.1 200 OK"
2026-03-14 01:32:52,736 - INFO -   Saved 1229 data points for FEROZ
2026-03-14 01:32:53,439 - INFO - [146/492] Syncing FFC from 2021-03-15...
2026-03-14 01:32:53,774 - INFO - HTTP Request: GET https://beta-restapi.sarmaaya.pk/api/tradingview/history?symbol=FFC&resolution=D&from=1615748400&to=1773428400 "HTTP/1.1 200 OK"
2026-03-14 01:32:55,346 - INFO -   Saved 1233 data points for FFC
2026-03-14 01:32:56,051 - INFO - [147/492] Syncing FFL from 2021-03-15...
2026-03-14 01:32:56,402 - INFO - HTTP Request: GET https://beta-restapi.sarmaaya.pk/api/tradingview/history?symbol=FFL&resolution=D&from=1615748400&to=1773428400 "HTTP/1.1 200 OK"
2026-03-14 01:32:57,977 - INFO -   Saved 1233 data points for FFL
2026-03-14 01:32:58,681 - INFO - [148/492] Syncing FFLM from 2021-03-15...
2026-03-14 01:32:59,019 - INFO - HTTP Request: GET https://beta-restapi.sarmaaya.pk/api/tradingview/history?symbol=FFLM&resolution=D&from=1615748400&to=1773428400 "HTTP/1.1 200 OK"
2026-03-14 01:33:00,257 - INFO -   Saved 648 data points for FFLM
2026-03-14 01:33:00,962 - INFO - [149/492] Syncing FHAM from 2021-03-15...
2026-03-14 01:33:01,345 - INFO - HTTP Request: GET https://beta-restapi.sarmaaya.pk/api/tradingview/history?symbol=FHAM&resolution=D&from=1615748400&to=1773428400 "HTTP/1.1 200 OK"
2026-03-14 01:33:03,069 - INFO -   Saved 1177 data points for FHAM
2026-03-14 01:33:03,773 - INFO - [150/492] Syncing FIBLM from 2021-03-15...
2026-03-14 01:33:04,102 - INFO - HTTP Request: GET https://beta-restapi.sarmaaya.pk/api/tradingview/history?symbol=FIBLM&resolution=D&from=1615748400&to=1773428400 "HTTP/1.1 200 OK"
2026-03-14 01:33:05,420 - INFO -   Saved 638 data points for FIBLM
2026-03-14 01:33:06,125 - INFO - [151/492] Syncing FIL from 2021-03-15...
2026-03-14 01:33:06,428 - INFO - HTTP Request: GET https://beta-restapi.sarmaaya.pk/api/tradingview/history?symbol=FIL&resolution=D&from=1615748400&to=1773428400 "HTTP/1.1 200 OK"
2026-03-14 01:33:07,720 - INFO -   Saved 284 data points for FIL
2026-03-14 01:33:08,423 - INFO - [152/492] Syncing FIMM from 2021-03-15...
2026-03-14 01:33:08,729 - INFO - HTTP Request: GET https://beta-restapi.sarmaaya.pk/api/tradingview/history?symbol=FIMM&resolution=D&from=1615748400&to=1773428400 "HTTP/1.1 200 OK"
2026-03-14 01:33:09,948 - INFO -   Saved 394 data points for FIMM
2026-03-14 01:33:10,653 - INFO - [153/492] Syncing FLYNG from 2021-03-15...
2026-03-14 01:33:11,007 - INFO - HTTP Request: GET https://beta-restapi.sarmaaya.pk/api/tradingview/history?symbol=FLYNG&resolution=D&from=1615748400&to=1773428400 "HTTP/1.1 200 OK"
2026-03-14 01:33:12,566 - INFO -   Saved 1233 data points for FLYNG
2026-03-14 01:33:13,271 - INFO - [154/492] Syncing FML from 2021-03-15...
2026-03-14 01:33:13,609 - INFO - HTTP Request: GET https://beta-restapi.sarmaaya.pk/api/tradingview/history?symbol=FML&resolution=D&from=1615748400&to=1773428400 "HTTP/1.1 200 OK"
2026-03-14 01:33:14,872 - INFO -   Saved 968 data points for FML
2026-03-14 01:33:15,575 - INFO - [155/492] Syncing FNEL from 2021-03-15...
2026-03-14 01:33:15,944 - INFO - HTTP Request: GET https://beta-restapi.sarmaaya.pk/api/tradingview/history?symbol=FNEL&resolution=D&from=1615748400&to=1773428400 "HTTP/1.1 200 OK"
2026-03-14 01:33:17,564 - INFO -   Saved 1233 data points for FNEL
2026-03-14 01:33:18,267 - INFO - [156/492] Syncing FPJM from 2021-03-15...
2026-03-14 01:33:18,612 - INFO - HTTP Request: GET https://beta-restapi.sarmaaya.pk/api/tradingview/history?symbol=FPJM&resolution=D&from=1615748400&to=1773428400 "HTTP/1.1 200 OK"
2026-03-14 01:33:20,300 - INFO -   Saved 1015 data points for FPJM
2026-03-14 01:33:21,005 - INFO - [157/492] Syncing FPRM from 2021-03-15...
2026-03-14 01:33:21,330 - INFO - HTTP Request: GET https://beta-restapi.sarmaaya.pk/api/tradingview/history?symbol=FPRM&resolution=D&from=1615748400&to=1773428400 "HTTP/1.1 200 OK"
2026-03-14 01:33:22,553 - INFO -   Saved 775 data points for FPRM
2026-03-14 01:33:23,258 - INFO - [158/492] Syncing FRCL from 2021-03-15...
2026-03-14 01:33:23,596 - INFO - HTTP Request: GET https://beta-restapi.sarmaaya.pk/api/tradingview/history?symbol=FRCL&resolution=D&from=1615748400&to=1773428400 "HTTP/1.1 200 OK"
2026-03-14 01:33:24,813 - INFO -   Saved 730 data points for FRCL
2026-03-14 01:33:25,514 - INFO - [159/492] Syncing FRSM from 2021-03-15...
2026-03-14 01:33:25,854 - INFO - HTTP Request: GET https://beta-restapi.sarmaaya.pk/api/tradingview/history?symbol=FRSM&resolution=D&from=1615748400&to=1773428400 "HTTP/1.1 200 OK"
2026-03-14 01:33:27,080 - INFO -   Saved 895 data points for FRSM
2026-03-14 01:33:27,783 - INFO - [160/492] Syncing FSWL from 2021-03-15...
2026-03-14 01:33:28,085 - INFO - HTTP Request: GET https://beta-restapi.sarmaaya.pk/api/tradingview/history?symbol=FSWL&resolution=D&from=1615748400&to=1773428400 "HTTP/1.1 200 OK"
2026-03-14 01:33:29,291 - INFO -   Saved 257 data points for FSWL
2026-03-14 01:33:29,992 - INFO - [161/492] Syncing FTMM from 2021-03-15...
2026-03-14 01:33:30,319 - INFO - HTTP Request: GET https://beta-restapi.sarmaaya.pk/api/tradingview/history?symbol=FTMM&resolution=D&from=1615748400&to=1773428400 "HTTP/1.1 200 OK"
2026-03-14 01:33:31,584 - INFO -   Saved 933 data points for FTMM
2026-03-14 01:33:32,289 - INFO - [162/492] Syncing FTSM from 2021-03-15...
2026-03-14 01:33:32,605 - INFO - HTTP Request: GET https://beta-restapi.sarmaaya.pk/api/tradingview/history?symbol=FTSM&resolution=D&from=1615748400&to=1773428400 "HTTP/1.1 200 OK"
2026-03-14 01:33:33,830 - INFO -   Saved 585 data points for FTSM
2026-03-14 01:33:34,532 - INFO - [163/492] Syncing FZCM from 2021-03-15...
2026-03-14 01:33:34,874 - INFO - HTTP Request: GET https://beta-restapi.sarmaaya.pk/api/tradingview/history?symbol=FZCM&resolution=D&from=1615748400&to=1773428400 "HTTP/1.1 200 OK"
2026-03-14 01:33:36,124 - INFO -   Saved 875 data points for FZCM
2026-03-14 01:33:36,830 - INFO - [164/492] Syncing GADT from 2021-03-15...
2026-03-14 01:33:37,183 - INFO - HTTP Request: GET https://beta-restapi.sarmaaya.pk/api/tradingview/history?symbol=GADT&resolution=D&from=1615748400&to=1773428400 "HTTP/1.1 200 OK"
2026-03-14 01:33:38,460 - INFO -   Saved 986 data points for GADT
2026-03-14 01:33:39,164 - INFO - [165/492] Syncing GAL from 2021-03-15...
2026-03-14 01:33:39,484 - INFO - HTTP Request: GET https://beta-restapi.sarmaaya.pk/api/tradingview/history?symbol=GAL&resolution=D&from=1615748400&to=1773428400 "HTTP/1.1 200 OK"
2026-03-14 01:33:40,711 - INFO -   Saved 700 data points for GAL
2026-03-14 01:33:41,416 - INFO - [166/492] Syncing GAMON from 2021-03-15...
2026-03-14 01:33:42,015 - INFO - HTTP Request: GET https://beta-restapi.sarmaaya.pk/api/tradingview/history?symbol=GAMON&resolution=D&from=1615748400&to=1773428400 "HTTP/1.1 200 OK"
2026-03-14 01:33:43,251 - INFO -   Saved 961 data points for GAMON
2026-03-14 01:33:43,956 - INFO - [167/492] Syncing GATI from 2021-03-15...
2026-03-14 01:33:44,926 - INFO - HTTP Request: GET https://beta-restapi.sarmaaya.pk/api/tradingview/history?symbol=GATI&resolution=D&from=1615748400&to=1773428400 "HTTP/1.1 200 OK"
2026-03-14 01:33:46,330 - INFO -   Saved 978 data points for GATI
2026-03-14 01:33:47,035 - INFO - [168/492] Syncing GATM from 2021-03-15...
2026-03-14 01:33:47,728 - INFO - HTTP Request: GET https://beta-restapi.sarmaaya.pk/api/tradingview/history?symbol=GATM&resolution=D&from=1615748400&to=1773428400 "HTTP/1.1 200 OK"
2026-03-14 01:33:49,387 - INFO -   Saved 1233 data points for GATM
2026-03-14 01:33:50,090 - INFO - [169/492] Syncing GCIL from 2021-03-15...
2026-03-14 01:33:50,410 - INFO - HTTP Request: GET https://beta-restapi.sarmaaya.pk/api/tradingview/history?symbol=GCIL&resolution=D&from=1615748400&to=1773428400 "HTTP/1.1 200 OK"
2026-03-14 01:33:51,631 - INFO -   Saved 827 data points for GCIL
2026-03-14 01:33:52,337 - INFO - [170/492] Syncing GCWL from 2021-03-15...
2026-03-14 01:33:52,607 - INFO - HTTP Request: GET https://beta-restapi.sarmaaya.pk/api/tradingview/history?symbol=GCWL&resolution=D&from=1615748400&to=1773428400 "HTTP/1.1 500 Internal Server Error"
2026-03-14 01:33:52,607 - WARNING -   No history found for GCWL
2026-03-14 01:33:53,313 - INFO - [171/492] Syncing GDL from 2021-03-15...
2026-03-14 01:33:53,582 - INFO - HTTP Request: GET https://beta-restapi.sarmaaya.pk/api/tradingview/history?symbol=GDL&resolution=D&from=1615748400&to=1773428400 "HTTP/1.1 500 Internal Server Error"
2026-03-14 01:33:53,583 - WARNING -   No history found for GDL
2026-03-14 01:33:54,288 - INFO - [172/492] Syncing GEMBCEM from 2021-03-15...
2026-03-14 01:33:54,550 - INFO - HTTP Request: GET https://beta-restapi.sarmaaya.pk/api/tradingview/history?symbol=GEMBCEM&resolution=D&from=1615748400&to=1773428400 "HTTP/1.1 500 Internal Server Error"
2026-03-14 01:33:54,551 - WARNING -   No history found for GEMBCEM
2026-03-14 01:33:55,256 - INFO - [173/492] Syncing GEMNETS from 2021-03-15...
2026-03-14 01:33:55,524 - INFO - HTTP Request: GET https://beta-restapi.sarmaaya.pk/api/tradingview/history?symbol=GEMNETS&resolution=D&from=1615748400&to=1773428400 "HTTP/1.1 500 Internal Server Error"
2026-03-14 01:33:55,525 - WARNING -   No history found for GEMNETS
2026-03-14 01:33:56,228 - INFO - [174/492] Syncing GEMPACRA from 2021-03-15...
2026-03-14 01:33:56,492 - INFO - HTTP Request: GET https://beta-restapi.sarmaaya.pk/api/tradingview/history?symbol=GEMPACRA&resolution=D&from=1615748400&to=1773428400 "HTTP/1.1 500 Internal Server Error"
2026-03-14 01:33:56,492 - WARNING -   No history found for GEMPACRA
2026-03-14 01:33:57,194 - INFO - [175/492] Syncing GEMPAPL from 2021-03-15...
2026-03-14 01:33:57,495 - INFO - HTTP Request: GET https://beta-restapi.sarmaaya.pk/api/tradingview/history?symbol=GEMPAPL&resolution=D&from=1615748400&to=1773428400 "HTTP/1.1 200 OK"
2026-03-14 01:33:58,709 - INFO -   Saved 430 data points for GEMPAPL
2026-03-14 01:33:59,412 - INFO - [176/492] Syncing GEMSPNL from 2021-03-15...
2026-03-14 01:33:59,711 - INFO - HTTP Request: GET https://beta-restapi.sarmaaya.pk/api/tradingview/history?symbol=GEMSPNL&resolution=D&from=1615748400&to=1773428400 "HTTP/1.1 200 OK"
2026-03-14 01:34:01,064 - INFO -   Saved 569 data points for GEMSPNL
2026-03-14 01:34:01,769 - INFO - [177/492] Syncing GFIL from 2021-03-15...
2026-03-14 01:34:02,204 - INFO - HTTP Request: GET https://beta-restapi.sarmaaya.pk/api/tradingview/history?symbol=GFIL&resolution=D&from=1615748400&to=1773428400 "HTTP/1.1 200 OK"
2026-03-14 01:34:03,741 - INFO -   Saved 1043 data points for GFIL
2026-03-14 01:34:04,447 - INFO - [178/492] Syncing GGGL from 2021-03-15...
2026-03-14 01:34:04,796 - INFO - HTTP Request: GET https://beta-restapi.sarmaaya.pk/api/tradingview/history?symbol=GGGL&resolution=D&from=1615748400&to=1773428400 "HTTP/1.1 200 OK"
2026-03-14 01:34:06,356 - INFO -   Saved 1233 data points for GGGL
2026-03-14 01:34:07,062 - INFO - [179/492] Syncing GGL from 2021-03-15...
2026-03-14 01:34:07,418 - INFO - HTTP Request: GET https://beta-restapi.sarmaaya.pk/api/tradingview/history?symbol=GGL&resolution=D&from=1615748400&to=1773428400 "HTTP/1.1 200 OK"
2026-03-14 01:34:08,992 - INFO -   Saved 1233 data points for GGL
2026-03-14 01:34:09,697 - INFO - [180/492] Syncing GHGL from 2021-03-15...
2026-03-14 01:34:10,055 - INFO - HTTP Request: GET https://beta-restapi.sarmaaya.pk/api/tradingview/history?symbol=GHGL&resolution=D&from=1615748400&to=1773428400 "HTTP/1.1 200 OK"
2026-03-14 01:34:11,641 - INFO -   Saved 1233 data points for GHGL
2026-03-14 01:34:12,345 - INFO - [181/492] Syncing GHNI from 2021-03-15...
2026-03-14 01:34:12,710 - INFO - HTTP Request: GET https://beta-restapi.sarmaaya.pk/api/tradingview/history?symbol=GHNI&resolution=D&from=1615748400&to=1773428400 "HTTP/1.1 200 OK"
2026-03-14 01:34:14,253 - INFO -   Saved 1233 data points for GHNI
2026-03-14 01:34:14,955 - INFO - [182/492] Syncing GLAXO from 2021-03-15...
2026-03-14 01:34:15,317 - INFO - HTTP Request: GET https://beta-restapi.sarmaaya.pk/api/tradingview/history?symbol=GLAXO&resolution=D&from=1615748400&to=1773428400 "HTTP/1.1 200 OK"
2026-03-14 01:34:16,908 - INFO -   Saved 1231 data points for GLAXO
2026-03-14 01:34:17,614 - INFO - [183/492] Syncing GLPL from 2021-03-15...
2026-03-14 01:34:17,961 - INFO - HTTP Request: GET https://beta-restapi.sarmaaya.pk/api/tradingview/history?symbol=GLPL&resolution=D&from=1615748400&to=1773428400 "HTTP/1.1 200 OK"
2026-03-14 01:34:19,511 - INFO -   Saved 1078 data points for GLPL
2026-03-14 01:34:20,216 - INFO - [184/492] Syncing GOC from 2021-03-15...
2026-03-14 01:34:20,541 - INFO - HTTP Request: GET https://beta-restapi.sarmaaya.pk/api/tradingview/history?symbol=GOC&resolution=D&from=1615748400&to=1773428400 "HTTP/1.1 200 OK"
2026-03-14 01:34:21,965 - INFO -   Saved 594 data points for GOC
2026-03-14 01:34:22,670 - INFO - [185/492] Syncing GRR from 2021-03-15...
2026-03-14 01:34:22,941 - INFO - HTTP Request: GET https://beta-restapi.sarmaaya.pk/api/tradingview/history?symbol=GRR&resolution=D&from=1615748400&to=1773428400 "HTTP/1.1 500 Internal Server Error"
2026-03-14 01:34:22,942 - WARNING -   No history found for GRR
2026-03-14 01:34:23,645 - INFO - [186/492] Syncing GRYL from 2021-03-15...
2026-03-14 01:34:23,979 - INFO - HTTP Request: GET https://beta-restapi.sarmaaya.pk/api/tradingview/history?symbol=GRYL&resolution=D&from=1615748400&to=1773428400 "HTTP/1.1 200 OK"
2026-03-14 01:34:25,198 - INFO -   Saved 724 data points for GRYL
2026-03-14 01:34:25,903 - INFO - [187/492] Syncing GSPM from 2021-03-15...
2026-03-14 01:34:26,214 - INFO - HTTP Request: GET https://beta-restapi.sarmaaya.pk/api/tradingview/history?symbol=GSPM&resolution=D&from=1615748400&to=1773428400 "HTTP/1.1 200 OK"
2026-03-14 01:34:27,423 - INFO -   Saved 444 data points for GSPM
2026-03-14 01:34:28,128 - INFO - [188/492] Syncing GTYR from 2021-03-15...
2026-03-14 01:34:28,520 - INFO - HTTP Request: GET https://beta-restapi.sarmaaya.pk/api/tradingview/history?symbol=GTYR&resolution=D&from=1615748400&to=1773428400 "HTTP/1.1 200 OK"
2026-03-14 01:34:30,151 - INFO -   Saved 1232 data points for GTYR
2026-03-14 01:34:30,856 - INFO - [189/492] Syncing GUSM from 2021-03-15...
2026-03-14 01:34:31,171 - INFO - HTTP Request: GET https://beta-restapi.sarmaaya.pk/api/tradingview/history?symbol=GUSM&resolution=D&from=1615748400&to=1773428400 "HTTP/1.1 200 OK"
2026-03-14 01:34:32,521 - INFO -   Saved 424 data points for GUSM
2026-03-14 01:34:33,225 - INFO - [190/492] Syncing GVGL from 2021-03-15...
2026-03-14 01:34:33,567 - INFO - HTTP Request: GET https://beta-restapi.sarmaaya.pk/api/tradingview/history?symbol=GVGL&resolution=D&from=1615748400&to=1773428400 "HTTP/1.1 200 OK"
2026-03-14 01:34:35,122 - INFO -   Saved 1199 data points for GVGL
2026-03-14 01:34:35,825 - INFO - [191/492] Syncing GWLC from 2021-03-15...
2026-03-14 01:34:36,185 - INFO - HTTP Request: GET https://beta-restapi.sarmaaya.pk/api/tradingview/history?symbol=GWLC&resolution=D&from=1615748400&to=1773428400 "HTTP/1.1 200 OK"
2026-03-14 01:34:37,752 - INFO -   Saved 1208 data points for GWLC
2026-03-14 01:34:38,455 - INFO - [192/492] Syncing HABSM from 2021-03-15...
2026-03-14 01:34:38,806 - INFO - HTTP Request: GET https://beta-restapi.sarmaaya.pk/api/tradingview/history?symbol=HABSM&resolution=D&from=1615748400&to=1773428400 "HTTP/1.1 200 OK"
2026-03-14 01:34:40,356 - INFO -   Saved 1136 data points for HABSM
2026-03-14 01:34:41,061 - INFO - [193/492] Syncing HAEL from 2021-03-15...
2026-03-14 01:34:41,402 - INFO - HTTP Request: GET https://beta-restapi.sarmaaya.pk/api/tradingview/history?symbol=HAEL&resolution=D&from=1615748400&to=1773428400 "HTTP/1.1 200 OK"
2026-03-14 01:34:42,752 - INFO -   Saved 966 data points for HAEL
2026-03-14 01:34:43,458 - INFO - [194/492] Syncing HAFL from 2021-03-15...
2026-03-14 01:34:43,761 - INFO - HTTP Request: GET https://beta-restapi.sarmaaya.pk/api/tradingview/history?symbol=HAFL&resolution=D&from=1615748400&to=1773428400 "HTTP/1.1 200 OK"
2026-03-14 01:34:44,970 - INFO -   Saved 303 data points for HAFL
2026-03-14 01:34:45,675 - INFO - [195/492] Syncing HALEON from 2021-03-15...
2026-03-14 01:34:45,993 - INFO - HTTP Request: GET https://beta-restapi.sarmaaya.pk/api/tradingview/history?symbol=HALEON&resolution=D&from=1615748400&to=1773428400 "HTTP/1.1 200 OK"
2026-03-14 01:34:47,225 - INFO -   Saved 763 data points for HALEON
2026-03-14 01:34:47,932 - INFO - [196/492] Syncing HASCOL from 2021-03-15...
2026-03-14 01:34:48,274 - INFO - HTTP Request: GET https://beta-restapi.sarmaaya.pk/api/tradingview/history?symbol=HASCOL&resolution=D&from=1615748400&to=1773428400 "HTTP/1.1 200 OK"
2026-03-14 01:34:49,820 - INFO -   Saved 1233 data points for HASCOL
2026-03-14 01:34:50,524 - INFO - [197/492] Syncing HBL from 2021-03-15...
2026-03-14 01:34:50,879 - INFO - HTTP Request: GET https://beta-restapi.sarmaaya.pk/api/tradingview/history?symbol=HBL&resolution=D&from=1615748400&to=1773428400 "HTTP/1.1 200 OK"
2026-03-14 01:34:52,430 - INFO -   Saved 1233 data points for HBL
2026-03-14 01:34:53,136 - INFO - [198/492] Syncing HBLTETF from 2021-03-15...
2026-03-14 01:34:53,468 - INFO - HTTP Request: GET https://beta-restapi.sarmaaya.pk/api/tradingview/history?symbol=HBLTETF&resolution=D&from=1615748400&to=1773428400 "HTTP/1.1 200 OK"
2026-03-14 01:34:54,720 - INFO -   Saved 770 data points for HBLTETF
2026-03-14 01:34:55,424 - INFO - [199/492] Syncing HCAR from 2021-03-15...
2026-03-14 01:34:55,789 - INFO - HTTP Request: GET https://beta-restapi.sarmaaya.pk/api/tradingview/history?symbol=HCAR&resolution=D&from=1615748400&to=1773428400 "HTTP/1.1 200 OK"
2026-03-14 01:34:57,376 - INFO -   Saved 1233 data points for HCAR
2026-03-14 01:34:58,082 - INFO - [200/492] Syncing HGFA from 2021-03-15...
2026-03-14 01:34:58,409 - INFO - HTTP Request: GET https://beta-restapi.sarmaaya.pk/api/tradingview/history?symbol=HGFA&resolution=D&from=1615748400&to=1773428400 "HTTP/1.1 200 OK"
2026-03-14 01:34:59,961 - INFO -   Saved 1006 data points for HGFA
2026-03-14 01:35:00,666 - INFO - [201/492] Syncing HICL from 2021-03-15...
2026-03-14 01:35:01,021 - INFO - HTTP Request: GET https://beta-restapi.sarmaaya.pk/api/tradingview/history?symbol=HICL&resolution=D&from=1615748400&to=1773428400 "HTTP/1.1 200 OK"
2026-03-14 01:35:02,259 - INFO -   Saved 931 data points for HICL
2026-03-14 01:35:02,963 - INFO - [202/492] Syncing HIFA from 2021-03-15...
2026-03-14 01:35:03,290 - INFO - HTTP Request: GET https://beta-restapi.sarmaaya.pk/api/tradingview/history?symbol=HIFA&resolution=D&from=1615748400&to=1773428400 "HTTP/1.1 200 OK"
2026-03-14 01:35:04,844 - INFO -   Saved 1056 data points for HIFA
2026-03-14 01:35:05,548 - INFO - [203/492] Syncing HINO from 2021-03-15...
2026-03-14 01:35:05,909 - INFO - HTTP Request: GET https://beta-restapi.sarmaaya.pk/api/tradingview/history?symbol=HINO&resolution=D&from=1615748400&to=1773428400 "HTTP/1.1 200 OK"
2026-03-14 01:35:07,448 - INFO -   Saved 1096 data points for HINO
2026-03-14 01:35:08,154 - INFO - [204/492] Syncing HINOON from 2021-03-15...
2026-03-14 01:35:08,491 - INFO - HTTP Request: GET https://beta-restapi.sarmaaya.pk/api/tradingview/history?symbol=HINOON&resolution=D&from=1615748400&to=1773428400 "HTTP/1.1 200 OK"
2026-03-14 01:35:10,041 - INFO -   Saved 1228 data points for HINOON
2026-03-14 01:35:10,746 - INFO - [205/492] Syncing HIRAT from 2021-03-15...
2026-03-14 01:35:11,096 - INFO - HTTP Request: GET https://beta-restapi.sarmaaya.pk/api/tradingview/history?symbol=HIRAT&resolution=D&from=1615748400&to=1773428400 "HTTP/1.1 200 OK"
2026-03-14 01:35:12,656 - INFO -   Saved 1175 data points for HIRAT
2026-03-14 01:35:13,361 - INFO - [206/492] Syncing HMB from 2021-03-15...
2026-03-14 01:35:13,734 - INFO - HTTP Request: GET https://beta-restapi.sarmaaya.pk/api/tradingview/history?symbol=HMB&resolution=D&from=1615748400&to=1773428400 "HTTP/1.1 200 OK"
2026-03-14 01:35:15,297 - INFO -   Saved 1220 data points for HMB
2026-03-14 01:35:16,002 - INFO - [207/492] Syncing HPL from 2021-03-15...
2026-03-14 01:35:16,271 - INFO - HTTP Request: GET https://beta-restapi.sarmaaya.pk/api/tradingview/history?symbol=HPL&resolution=D&from=1615748400&to=1773428400 "HTTP/1.1 500 Internal Server Error"
2026-03-14 01:35:16,274 - WARNING -   No history found for HPL
2026-03-14 01:35:16,976 - INFO - [208/492] Syncing HRPL from 2021-03-15...
2026-03-14 01:35:17,242 - INFO - HTTP Request: GET https://beta-restapi.sarmaaya.pk/api/tradingview/history?symbol=HRPL&resolution=D&from=1615748400&to=1773428400 "HTTP/1.1 500 Internal Server Error"
2026-03-14 01:35:17,243 - WARNING -   No history found for HRPL
2026-03-14 01:35:17,948 - INFO - [209/492] Syncing HTL from 2021-03-15...
2026-03-14 01:35:18,295 - INFO - HTTP Request: GET https://beta-restapi.sarmaaya.pk/api/tradingview/history?symbol=HTL&resolution=D&from=1615748400&to=1773428400 "HTTP/1.1 200 OK"
2026-03-14 01:35:19,868 - INFO -   Saved 1233 data points for HTL
2026-03-14 01:35:20,573 - INFO - [210/492] Syncing HUBC from 2021-03-15...
2026-03-14 01:35:20,908 - INFO - HTTP Request: GET https://beta-restapi.sarmaaya.pk/api/tradingview/history?symbol=HUBC&resolution=D&from=1615748400&to=1773428400 "HTTP/1.1 200 OK"
2026-03-14 01:35:22,470 - INFO -   Saved 1233 data points for HUBC
2026-03-14 01:35:23,171 - INFO - [211/492] Syncing HUMNL from 2021-03-15...
2026-03-14 01:35:23,526 - INFO - HTTP Request: GET https://beta-restapi.sarmaaya.pk/api/tradingview/history?symbol=HUMNL&resolution=D&from=1615748400&to=1773428400 "HTTP/1.1 200 OK"
2026-03-14 01:35:25,097 - INFO -   Saved 1233 data points for HUMNL
2026-03-14 01:35:25,799 - INFO - [212/492] Syncing HUSI from 2021-03-15...
2026-03-14 01:35:26,122 - INFO - HTTP Request: GET https://beta-restapi.sarmaaya.pk/api/tradingview/history?symbol=HUSI&resolution=D&from=1615748400&to=1773428400 "HTTP/1.1 200 OK"
2026-03-14 01:35:27,352 - INFO -   Saved 623 data points for HUSI
2026-03-14 01:35:28,056 - INFO - [213/492] Syncing HWQS from 2021-03-15...
2026-03-14 01:35:28,405 - INFO - HTTP Request: GET https://beta-restapi.sarmaaya.pk/api/tradingview/history?symbol=HWQS&resolution=D&from=1615748400&to=1773428400 "HTTP/1.1 200 OK"
2026-03-14 01:35:29,644 - INFO -   Saved 709 data points for HWQS
2026-03-14 01:35:30,350 - INFO - [214/492] Syncing IBFL from 2021-03-15...
2026-03-14 01:35:30,698 - INFO - HTTP Request: GET https://beta-restapi.sarmaaya.pk/api/tradingview/history?symbol=IBFL&resolution=D&from=1615748400&to=1773428400 "HTTP/1.1 200 OK"
2026-03-14 01:35:32,109 - INFO -   Saved 810 data points for IBFL
2026-03-14 01:35:32,815 - INFO - [215/492] Syncing IBLHL from 2021-03-15...
2026-03-14 01:35:33,176 - INFO - HTTP Request: GET https://beta-restapi.sarmaaya.pk/api/tradingview/history?symbol=IBLHL&resolution=D&from=1615748400&to=1773428400 "HTTP/1.1 200 OK"
2026-03-14 01:35:34,775 - INFO -   Saved 1217 data points for IBLHL
2026-03-14 01:35:35,481 - INFO - [216/492] Syncing ICCI from 2021-03-15...
2026-03-14 01:35:35,796 - INFO - HTTP Request: GET https://beta-restapi.sarmaaya.pk/api/tradingview/history?symbol=ICCI&resolution=D&from=1615748400&to=1773428400 "HTTP/1.1 200 OK"
2026-03-14 01:35:37,008 - INFO -   Saved 444 data points for ICCI
2026-03-14 01:35:37,713 - INFO - [217/492] Syncing ICIBL from 2021-03-15...
2026-03-14 01:35:38,084 - INFO - HTTP Request: GET https://beta-restapi.sarmaaya.pk/api/tradingview/history?symbol=ICIBL&resolution=D&from=1615748400&to=1773428400 "HTTP/1.1 200 OK"
2026-03-14 01:35:41,163 - INFO -   Saved 1232 data points for ICIBL
2026-03-14 01:35:41,864 - INFO - [218/492] Syncing ICL from 2021-03-15...
2026-03-14 01:35:42,213 - INFO - HTTP Request: GET https://beta-restapi.sarmaaya.pk/api/tradingview/history?symbol=ICL&resolution=D&from=1615748400&to=1773428400 "HTTP/1.1 200 OK"
2026-03-14 01:35:43,987 - INFO -   Saved 1199 data points for ICL
2026-03-14 01:35:44,692 - INFO - [219/492] Syncing IDRT from 2021-03-15...
2026-03-14 01:35:45,012 - INFO - HTTP Request: GET https://beta-restapi.sarmaaya.pk/api/tradingview/history?symbol=IDRT&resolution=D&from=1615748400&to=1773428400 "HTTP/1.1 200 OK"
2026-03-14 01:35:46,244 - INFO -   Saved 491 data points for IDRT
2026-03-14 01:35:46,949 - INFO - [220/492] Syncing IDSM from 2021-03-15...
2026-03-14 01:35:47,264 - INFO - HTTP Request: GET https://beta-restapi.sarmaaya.pk/api/tradingview/history?symbol=IDSM&resolution=D&from=1615748400&to=1773428400 "HTTP/1.1 200 OK"
2026-03-14 01:35:48,490 - INFO -   Saved 529 data points for IDSM
2026-03-14 01:35:49,195 - INFO - [221/492] Syncing IDYM from 2021-03-15...
2026-03-14 01:35:49,621 - INFO - HTTP Request: GET https://beta-restapi.sarmaaya.pk/api/tradingview/history?symbol=IDYM&resolution=D&from=1615748400&to=1773428400 "HTTP/1.1 200 OK"
2026-03-14 01:35:51,189 - INFO -   Saved 1209 data points for IDYM
2026-03-14 01:35:51,894 - INFO - [222/492] Syncing IGIHL from 2021-03-15...
2026-03-14 01:35:52,282 - INFO - HTTP Request: GET https://beta-restapi.sarmaaya.pk/api/tradingview/history?symbol=IGIHL&resolution=D&from=1615748400&to=1773428400 "HTTP/1.1 200 OK"
2026-03-14 01:35:54,005 - INFO -   Saved 1178 data points for IGIHL
2026-03-14 01:35:54,707 - INFO - [223/492] Syncing IGIL from 2021-03-15...
2026-03-14 01:35:55,048 - INFO - HTTP Request: GET https://beta-restapi.sarmaaya.pk/api/tradingview/history?symbol=IGIL&resolution=D&from=1615748400&to=1773428400 "HTTP/1.1 200 OK"
2026-03-14 01:35:56,294 - INFO -   Saved 891 data points for IGIL
2026-03-14 01:35:56,995 - INFO - [224/492] Syncing ILP from 2021-03-15...
2026-03-14 01:35:57,404 - INFO - HTTP Request: GET https://beta-restapi.sarmaaya.pk/api/tradingview/history?symbol=ILP&resolution=D&from=1615748400&to=1773428400 "HTTP/1.1 200 OK"
2026-03-14 01:35:58,969 - INFO -   Saved 1233 data points for ILP
2026-03-14 01:35:59,671 - INFO - [225/492] Syncing IMAGE from 2021-03-15...
2026-03-14 01:36:00,935 - INFO - HTTP Request: GET https://beta-restapi.sarmaaya.pk/api/tradingview/history?symbol=IMAGE&resolution=D&from=1615748400&to=1773428400 "HTTP/1.1 200 OK"
2026-03-14 01:36:02,522 - INFO -   Saved 1151 data points for IMAGE
2026-03-14 01:36:03,227 - INFO - [226/492] Syncing IML from 2021-03-15...
2026-03-14 01:36:03,717 - INFO - HTTP Request: GET https://beta-restapi.sarmaaya.pk/api/tradingview/history?symbol=IML&resolution=D&from=1615748400&to=1773428400 "HTTP/1.1 200 OK"
2026-03-14 01:36:04,956 - INFO -   Saved 849 data points for IML
2026-03-14 01:36:05,660 - INFO - [227/492] Syncing IMS from 2021-03-15...
2026-03-14 01:36:05,932 - INFO - HTTP Request: GET https://beta-restapi.sarmaaya.pk/api/tradingview/history?symbol=IMS&resolution=D&from=1615748400&to=1773428400 "HTTP/1.1 500 Internal Server Error"
2026-03-14 01:36:05,932 - WARNING -   No history found for IMS
2026-03-14 01:36:06,635 - INFO - [228/492] Syncing INDU from 2021-03-15...
2026-03-14 01:36:07,007 - INFO - HTTP Request: GET https://beta-restapi.sarmaaya.pk/api/tradingview/history?symbol=INDU&resolution=D&from=1615748400&to=1773428400 "HTTP/1.1 200 OK"
2026-03-14 01:36:08,567 - INFO -   Saved 1232 data points for INDU
2026-03-14 01:36:09,273 - INFO - [229/492] Syncing INIL from 2021-03-15...
2026-03-14 01:36:09,634 - INFO - HTTP Request: GET https://beta-restapi.sarmaaya.pk/api/tradingview/history?symbol=INIL&resolution=D&from=1615748400&to=1773428400 "HTTP/1.1 200 OK"
2026-03-14 01:36:11,265 - INFO -   Saved 1233 data points for INIL
2026-03-14 01:36:11,971 - INFO - [230/492] Syncing INKL from 2021-03-15...
2026-03-14 01:36:12,280 - INFO - HTTP Request: GET https://beta-restapi.sarmaaya.pk/api/tradingview/history?symbol=INKL&resolution=D&from=1615748400&to=1773428400 "HTTP/1.1 200 OK"
2026-03-14 01:36:13,584 - INFO -   Saved 550 data points for INKL
2026-03-14 01:36:14,289 - INFO - [231/492] Syncing IPAK from 2021-03-15...
2026-03-14 01:36:14,559 - INFO - HTTP Request: GET https://beta-restapi.sarmaaya.pk/api/tradingview/history?symbol=IPAK&resolution=D&from=1615748400&to=1773428400 "HTTP/1.1 500 Internal Server Error"
2026-03-14 01:36:14,561 - WARNING -   No history found for IPAK
2026-03-14 01:36:15,265 - INFO - [232/492] Syncing IREIT from 2021-03-15...
2026-03-14 01:36:15,533 - INFO - HTTP Request: GET https://beta-restapi.sarmaaya.pk/api/tradingview/history?symbol=IREIT&resolution=D&from=1615748400&to=1773428400 "HTTP/1.1 500 Internal Server Error"
2026-03-14 01:36:15,534 - WARNING -   No history found for IREIT
2026-03-14 01:36:16,239 - INFO - [233/492] Syncing ISIL from 2021-03-15...
2026-03-14 01:36:16,653 - INFO - HTTP Request: GET https://beta-restapi.sarmaaya.pk/api/tradingview/history?symbol=ISIL&resolution=D&from=1615748400&to=1773428400 "HTTP/1.1 200 OK"
2026-03-14 01:36:17,947 - INFO -   Saved 621 data points for ISIL
2026-03-14 01:36:18,651 - INFO - [234/492] Syncing ISL from 2021-03-15...
2026-03-14 01:36:19,001 - INFO - HTTP Request: GET https://beta-restapi.sarmaaya.pk/api/tradingview/history?symbol=ISL&resolution=D&from=1615748400&to=1773428400 "HTTP/1.1 200 OK"
2026-03-14 01:36:20,568 - INFO -   Saved 1233 data points for ISL
2026-03-14 01:36:21,273 - INFO - [235/492] Syncing ITANZ from 2021-03-15...
2026-03-14 01:36:21,541 - INFO - HTTP Request: GET https://beta-restapi.sarmaaya.pk/api/tradingview/history?symbol=ITANZ&resolution=D&from=1615748400&to=1773428400 "HTTP/1.1 500 Internal Server Error"
2026-03-14 01:36:21,542 - WARNING -   No history found for ITANZ
2026-03-14 01:36:22,247 - INFO - [236/492] Syncing ITTEFAQ from 2021-03-15...
2026-03-14 01:36:22,902 - INFO - HTTP Request: GET https://beta-restapi.sarmaaya.pk/api/tradingview/history?symbol=ITTEFAQ&resolution=D&from=1615748400&to=1773428400 "HTTP/1.1 200 OK"
2026-03-14 01:36:24,474 - INFO -   Saved 1230 data points for ITTEFAQ
2026-03-14 01:36:25,180 - INFO - [237/492] Syncing JATM from 2021-03-15...
2026-03-14 01:36:25,517 - INFO - HTTP Request: GET https://beta-restapi.sarmaaya.pk/api/tradingview/history?symbol=JATM&resolution=D&from=1615748400&to=1773428400 "HTTP/1.1 200 OK"
2026-03-14 01:36:26,780 - INFO -   Saved 928 data points for JATM
2026-03-14 01:36:27,482 - INFO - [238/492] Syncing JDMT from 2021-03-15...
2026-03-14 01:36:27,802 - INFO - HTTP Request: GET https://beta-restapi.sarmaaya.pk/api/tradingview/history?symbol=JDMT&resolution=D&from=1615748400&to=1773428400 "HTTP/1.1 200 OK"
2026-03-14 01:36:29,068 - INFO -   Saved 934 data points for JDMT
2026-03-14 01:36:29,774 - INFO - [239/492] Syncing JDWS from 2021-03-15...
2026-03-14 01:36:30,105 - INFO - HTTP Request: GET https://beta-restapi.sarmaaya.pk/api/tradingview/history?symbol=JDWS&resolution=D&from=1615748400&to=1773428400 "HTTP/1.1 200 OK"
2026-03-14 01:36:31,347 - INFO -   Saved 872 data points for JDWS
2026-03-14 01:36:32,052 - INFO - [240/492] Syncing JGICL from 2021-03-15...
2026-03-14 01:36:32,378 - INFO - HTTP Request: GET https://beta-restapi.sarmaaya.pk/api/tradingview/history?symbol=JGICL&resolution=D&from=1615748400&to=1773428400 "HTTP/1.1 200 OK"
2026-03-14 01:36:33,803 - INFO -   Saved 942 data points for JGICL
2026-03-14 01:36:34,508 - INFO - [241/492] Syncing JKSM from 2021-03-15...
2026-03-14 01:36:34,830 - INFO - HTTP Request: GET https://beta-restapi.sarmaaya.pk/api/tradingview/history?symbol=JKSM&resolution=D&from=1615748400&to=1773428400 "HTTP/1.1 200 OK"
2026-03-14 01:36:36,125 - INFO -   Saved 693 data points for JKSM
2026-03-14 01:36:36,830 - INFO - [242/492] Syncing JLICL from 2021-03-15...
2026-03-14 01:36:37,235 - INFO - HTTP Request: GET https://beta-restapi.sarmaaya.pk/api/tradingview/history?symbol=JLICL&resolution=D&from=1615748400&to=1773428400 "HTTP/1.1 200 OK"
2026-03-14 01:36:38,850 - INFO -   Saved 1134 data points for JLICL
2026-03-14 01:36:39,552 - INFO - [243/492] Syncing JSBL from 2021-03-15...
2026-03-14 01:36:40,002 - INFO - HTTP Request: GET https://beta-restapi.sarmaaya.pk/api/tradingview/history?symbol=JSBL&resolution=D&from=1615748400&to=1773428400 "HTTP/1.1 200 OK"
2026-03-14 01:36:41,744 - INFO -   Saved 1206 data points for JSBL
2026-03-14 01:36:42,449 - INFO - [244/492] Syncing JSCL from 2021-03-15...
2026-03-14 01:36:42,814 - INFO - HTTP Request: GET https://beta-restapi.sarmaaya.pk/api/tradingview/history?symbol=JSCL&resolution=D&from=1615748400&to=1773428400 "HTTP/1.1 200 OK"
2026-03-14 01:36:44,509 - INFO -   Saved 1233 data points for JSCL
2026-03-14 01:36:45,215 - INFO - [245/492] Syncing JSGBETF from 2021-03-15...
2026-03-14 01:36:45,493 - INFO - HTTP Request: GET https://beta-restapi.sarmaaya.pk/api/tradingview/history?symbol=JSGBETF&resolution=D&from=1615748400&to=1773428400 "HTTP/1.1 500 Internal Server Error"
2026-03-14 01:36:45,496 - WARNING -   No history found for JSGBETF
2026-03-14 01:36:46,198 - INFO - [246/492] Syncing JSGCL from 2021-03-15...
2026-03-14 01:36:46,554 - INFO - HTTP Request: GET https://beta-restapi.sarmaaya.pk/api/tradingview/history?symbol=JSGCL&resolution=D&from=1615748400&to=1773428400 "HTTP/1.1 200 OK"
2026-03-14 01:36:47,858 - INFO -   Saved 797 data points for JSGCL
2026-03-14 01:36:48,563 - INFO - [247/492] Syncing JSIL from 2021-03-15...
2026-03-14 01:36:48,904 - INFO - HTTP Request: GET https://beta-restapi.sarmaaya.pk/api/tradingview/history?symbol=JSIL&resolution=D&from=1615748400&to=1773428400 "HTTP/1.1 200 OK"
2026-03-14 01:36:50,355 - INFO -   Saved 767 data points for JSIL
2026-03-14 01:36:51,061 - INFO - [248/492] Syncing JSMFETF from 2021-03-15...
2026-03-14 01:36:51,368 - INFO - HTTP Request: GET https://beta-restapi.sarmaaya.pk/api/tradingview/history?symbol=JSMFETF&resolution=D&from=1615748400&to=1773428400 "HTTP/1.1 200 OK"
2026-03-14 01:36:52,717 - INFO -   Saved 841 data points for JSMFETF
2026-03-14 01:36:53,422 - INFO - [249/492] Syncing JSML from 2021-03-15...
2026-03-14 01:36:53,773 - INFO - HTTP Request: GET https://beta-restapi.sarmaaya.pk/api/tradingview/history?symbol=JSML&resolution=D&from=1615748400&to=1773428400 "HTTP/1.1 200 OK"
2026-03-14 01:36:55,560 - INFO -   Saved 1070 data points for JSML
2026-03-14 01:36:56,265 - INFO - [250/492] Syncing JUBS from 2021-03-15...
2026-03-14 01:36:56,601 - INFO - HTTP Request: GET https://beta-restapi.sarmaaya.pk/api/tradingview/history?symbol=JUBS&resolution=D&from=1615748400&to=1773428400 "HTTP/1.1 200 OK"
2026-03-14 01:36:57,912 - INFO -   Saved 949 data points for JUBS
2026-03-14 01:36:58,617 - INFO - [251/492] Syncing JVDC from 2021-03-15...
2026-03-14 01:36:58,966 - INFO - HTTP Request: GET https://beta-restapi.sarmaaya.pk/api/tradingview/history?symbol=JVDC&resolution=D&from=1615748400&to=1773428400 "HTTP/1.1 200 OK"
2026-03-14 01:37:00,680 - INFO -   Saved 1071 data points for JVDC
2026-03-14 01:37:01,383 - INFO - [252/492] Syncing JVDCPS from 2021-03-15...
2026-03-14 01:37:01,666 - INFO - HTTP Request: GET https://beta-restapi.sarmaaya.pk/api/tradingview/history?symbol=JVDCPS&resolution=D&from=1615748400&to=1773428400 "HTTP/1.1 200 OK"
2026-03-14 01:37:03,143 - INFO -   Saved 57 data points for JVDCPS
2026-03-14 01:37:03,849 - INFO - [253/492] Syncing KAPCO from 2021-03-15...
2026-03-14 01:37:04,207 - INFO - HTTP Request: GET https://beta-restapi.sarmaaya.pk/api/tradingview/history?symbol=KAPCO&resolution=D&from=1615748400&to=1773428400 "HTTP/1.1 200 OK"
2026-03-14 01:37:05,773 - INFO -   Saved 1233 data points for KAPCO
2026-03-14 01:37:06,479 - INFO - [254/492] Syncing KCL from 2021-03-15...
2026-03-14 01:37:06,778 - INFO - HTTP Request: GET https://beta-restapi.sarmaaya.pk/api/tradingview/history?symbol=KCL&resolution=D&from=1615748400&to=1773428400 "HTTP/1.1 200 OK"
2026-03-14 01:37:07,984 - INFO -   Saved 315 data points for KCL
2026-03-14 01:37:08,689 - INFO - [255/492] Syncing KEL from 2021-03-15...
2026-03-14 01:37:09,018 - INFO - HTTP Request: GET https://beta-restapi.sarmaaya.pk/api/tradingview/history?symbol=KEL&resolution=D&from=1615748400&to=1773428400 "HTTP/1.1 200 OK"
2026-03-14 01:37:10,816 - INFO -   Saved 1233 data points for KEL
2026-03-14 01:37:11,520 - INFO - [256/492] Syncing KHTC from 2021-03-15...
2026-03-14 01:37:11,920 - INFO - HTTP Request: GET https://beta-restapi.sarmaaya.pk/api/tradingview/history?symbol=KHTC&resolution=D&from=1615748400&to=1773428400 "HTTP/1.1 200 OK"
2026-03-14 01:37:13,468 - INFO -   Saved 1164 data points for KHTC
2026-03-14 01:37:14,174 - INFO - [257/492] Syncing KHYT from 2021-03-15...
2026-03-14 01:37:14,487 - INFO - HTTP Request: GET https://beta-restapi.sarmaaya.pk/api/tradingview/history?symbol=KHYT&resolution=D&from=1615748400&to=1773428400 "HTTP/1.1 200 OK"
2026-03-14 01:37:15,807 - INFO -   Saved 421 data points for KHYT
2026-03-14 01:37:16,513 - INFO - [258/492] Syncing KML from 2021-03-15...
2026-03-14 01:37:16,850 - INFO - HTTP Request: GET https://beta-restapi.sarmaaya.pk/api/tradingview/history?symbol=KML&resolution=D&from=1615748400&to=1773428400 "HTTP/1.1 200 OK"
2026-03-14 01:37:18,092 - INFO -   Saved 781 data points for KML
2026-03-14 01:37:18,797 - INFO - [259/492] Syncing KOHC from 2021-03-15...
2026-03-14 01:37:19,125 - INFO - HTTP Request: GET https://beta-restapi.sarmaaya.pk/api/tradingview/history?symbol=KOHC&resolution=D&from=1615748400&to=1773428400 "HTTP/1.1 200 OK"
2026-03-14 01:37:20,806 - INFO -   Saved 1233 data points for KOHC
2026-03-14 01:37:21,509 - INFO - [260/492] Syncing KOHE from 2021-03-15...
2026-03-14 01:37:21,883 - INFO - HTTP Request: GET https://beta-restapi.sarmaaya.pk/api/tradingview/history?symbol=KOHE&resolution=D&from=1615748400&to=1773428400 "HTTP/1.1 200 OK"
2026-03-14 01:37:23,718 - INFO -   Saved 1230 data points for KOHE
2026-03-14 01:37:24,424 - INFO - [261/492] Syncing KOHP from 2021-03-15...
2026-03-14 01:37:24,783 - INFO - HTTP Request: GET https://beta-restapi.sarmaaya.pk/api/tradingview/history?symbol=KOHP&resolution=D&from=1615748400&to=1773428400 "HTTP/1.1 200 OK"
2026-03-14 01:37:26,349 - INFO -   Saved 1129 data points for KOHP
2026-03-14 01:37:27,054 - INFO - [262/492] Syncing KOHTM from 2021-03-15...
2026-03-14 01:37:27,380 - INFO - HTTP Request: GET https://beta-restapi.sarmaaya.pk/api/tradingview/history?symbol=KOHTM&resolution=D&from=1615748400&to=1773428400 "HTTP/1.1 200 OK"
2026-03-14 01:37:28,630 - INFO -   Saved 781 data points for KOHTM
2026-03-14 01:37:29,335 - INFO - [263/492] Syncing KOIL from 2021-03-15...
2026-03-14 01:37:29,694 - INFO - HTTP Request: GET https://beta-restapi.sarmaaya.pk/api/tradingview/history?symbol=KOIL&resolution=D&from=1615748400&to=1773428400 "HTTP/1.1 200 OK"
2026-03-14 01:37:31,327 - INFO -   Saved 1156 data points for KOIL
2026-03-14 01:37:32,032 - INFO - [264/492] Syncing KOSM from 2021-03-15...
2026-03-14 01:37:32,381 - INFO - HTTP Request: GET https://beta-restapi.sarmaaya.pk/api/tradingview/history?symbol=KOSM&resolution=D&from=1615748400&to=1773428400 "HTTP/1.1 200 OK"
2026-03-14 01:37:33,964 - INFO -   Saved 1233 data points for KOSM
2026-03-14 01:37:34,669 - INFO - [265/492] Syncing KPUS from 2021-03-15...
2026-03-14 01:37:34,986 - INFO - HTTP Request: GET https://beta-restapi.sarmaaya.pk/api/tradingview/history?symbol=KPUS&resolution=D&from=1615748400&to=1773428400 "HTTP/1.1 200 OK"
2026-03-14 01:37:36,229 - INFO -   Saved 577 data points for KPUS
2026-03-14 01:37:36,934 - INFO - [266/492] Syncing KSBP from 2021-03-15...
2026-03-14 01:37:37,284 - INFO - HTTP Request: GET https://beta-restapi.sarmaaya.pk/api/tradingview/history?symbol=KSBP&resolution=D&from=1615748400&to=1773428400 "HTTP/1.1 200 OK"
2026-03-14 01:37:38,973 - INFO -   Saved 1098 data points for KSBP
2026-03-14 01:37:39,679 - INFO - [267/492] Syncing KSTM from 2021-03-15...
2026-03-14 01:37:39,994 - INFO - HTTP Request: GET https://beta-restapi.sarmaaya.pk/api/tradingview/history?symbol=KSTM&resolution=D&from=1615748400&to=1773428400 "HTTP/1.1 200 OK"
2026-03-14 01:37:41,332 - INFO -   Saved 435 data points for KSTM
2026-03-14 01:37:42,037 - INFO - [268/492] Syncing KTML from 2021-03-15...
2026-03-14 01:37:42,389 - INFO - HTTP Request: GET https://beta-restapi.sarmaaya.pk/api/tradingview/history?symbol=KTML&resolution=D&from=1615748400&to=1773428400 "HTTP/1.1 200 OK"
2026-03-14 01:37:43,991 - INFO -   Saved 1189 data points for KTML
2026-03-14 01:37:44,695 - INFO - [269/492] Syncing LCI from 2021-03-15...
2026-03-14 01:37:45,018 - INFO - HTTP Request: GET https://beta-restapi.sarmaaya.pk/api/tradingview/history?symbol=LCI&resolution=D&from=1615748400&to=1773428400 "HTTP/1.1 200 OK"
2026-03-14 01:37:46,359 - INFO -   Saved 781 data points for LCI
2026-03-14 01:37:47,063 - INFO - [270/492] Syncing LEUL from 2021-03-15...
2026-03-14 01:37:47,486 - INFO - HTTP Request: GET https://beta-restapi.sarmaaya.pk/api/tradingview/history?symbol=LEUL&resolution=D&from=1615748400&to=1773428400 "HTTP/1.1 200 OK"
2026-03-14 01:37:48,841 - INFO -   Saved 979 data points for LEUL
2026-03-14 01:37:49,547 - INFO - [271/492] Syncing LIVEN from 2021-03-15...
2026-03-14 01:37:49,819 - INFO - HTTP Request: GET https://beta-restapi.sarmaaya.pk/api/tradingview/history?symbol=LIVEN&resolution=D&from=1615748400&to=1773428400 "HTTP/1.1 500 Internal Server Error"
2026-03-14 01:37:49,823 - WARNING -   No history found for LIVEN
2026-03-14 01:37:50,528 - INFO - [272/492] Syncing LOADS from 2021-03-15...
2026-03-14 01:37:50,967 - INFO - HTTP Request: GET https://beta-restapi.sarmaaya.pk/api/tradingview/history?symbol=LOADS&resolution=D&from=1615748400&to=1773428400 "HTTP/1.1 200 OK"
2026-03-14 01:37:52,751 - INFO -   Saved 1233 data points for LOADS
2026-03-14 01:37:53,457 - INFO - [273/492] Syncing LOADSR1 from 2021-03-15...
2026-03-14 01:37:53,730 - INFO - HTTP Request: GET https://beta-restapi.sarmaaya.pk/api/tradingview/history?symbol=LOADSR1&resolution=D&from=1615748400&to=1773428400 "HTTP/1.1 500 Internal Server Error"
2026-03-14 01:37:53,732 - WARNING -   No history found for LOADSR1
2026-03-14 01:37:54,437 - INFO - [274/492] Syncing LOTCHEM from 2021-03-15...
2026-03-14 01:37:54,806 - INFO - HTTP Request: GET https://beta-restapi.sarmaaya.pk/api/tradingview/history?symbol=LOTCHEM&resolution=D&from=1615748400&to=1773428400 "HTTP/1.1 200 OK"
2026-03-14 01:37:56,406 - INFO -   Saved 1233 data points for LOTCHEM
2026-03-14 01:37:57,111 - INFO - [275/492] Syncing LPGL from 2021-03-15...
2026-03-14 01:37:57,442 - INFO - HTTP Request: GET https://beta-restapi.sarmaaya.pk/api/tradingview/history?symbol=LPGL&resolution=D&from=1615748400&to=1773428400 "HTTP/1.1 200 OK"
2026-03-14 01:37:58,767 - INFO -   Saved 876 data points for LPGL
2026-03-14 01:37:59,473 - INFO - [276/492] Syncing LPL from 2021-03-15...
2026-03-14 01:37:59,820 - INFO - HTTP Request: GET https://beta-restapi.sarmaaya.pk/api/tradingview/history?symbol=LPL&resolution=D&from=1615748400&to=1773428400 "HTTP/1.1 200 OK"
2026-03-14 01:38:01,390 - INFO -   Saved 1231 data points for LPL
2026-03-14 01:38:02,096 - INFO - [277/492] Syncing LSECL from 2021-03-15...
2026-03-14 01:38:02,367 - INFO - HTTP Request: GET https://beta-restapi.sarmaaya.pk/api/tradingview/history?symbol=LSECL&resolution=D&from=1615748400&to=1773428400 "HTTP/1.1 500 Internal Server Error"
2026-03-14 01:38:02,369 - WARNING -   No history found for LSECL
2026-03-14 01:38:03,073 - INFO - [278/492] Syncing LSECLR from 2021-03-15...
2026-03-14 01:38:03,344 - INFO - HTTP Request: GET https://beta-restapi.sarmaaya.pk/api/tradingview/history?symbol=LSECLR&resolution=D&from=1615748400&to=1773428400 "HTTP/1.1 500 Internal Server Error"
2026-03-14 01:38:03,346 - WARNING -   No history found for LSECLR
2026-03-14 01:38:04,050 - INFO - [279/492] Syncing LSEFSL from 2021-03-15...
2026-03-14 01:38:04,321 - INFO - HTTP Request: GET https://beta-restapi.sarmaaya.pk/api/tradingview/history?symbol=LSEFSL&resolution=D&from=1615748400&to=1773428400 "HTTP/1.1 500 Internal Server Error"
2026-03-14 01:38:04,323 - WARNING -   No history found for LSEFSL
2026-03-14 01:38:05,028 - INFO - [280/492] Syncing LSEVL from 2021-03-15...
2026-03-14 01:38:05,292 - INFO - HTTP Request: GET https://beta-restapi.sarmaaya.pk/api/tradingview/history?symbol=LSEVL&resolution=D&from=1615748400&to=1773428400 "HTTP/1.1 500 Internal Server Error"
2026-03-14 01:38:05,294 - WARNING -   No history found for LSEVL
2026-03-14 01:38:05,998 - INFO - [281/492] Syncing LUCK from 2021-03-15...
2026-03-14 01:38:06,361 - INFO - HTTP Request: GET https://beta-restapi.sarmaaya.pk/api/tradingview/history?symbol=LUCK&resolution=D&from=1615748400&to=1773428400 "HTTP/1.1 200 OK"
2026-03-14 01:38:07,987 - INFO -   Saved 1228 data points for LUCK
2026-03-14 01:38:08,692 - INFO - [282/492] Syncing MACFL from 2021-03-15...
2026-03-14 01:38:10,928 - INFO - HTTP Request: GET https://beta-restapi.sarmaaya.pk/api/tradingview/history?symbol=MACFL&resolution=D&from=1615748400&to=1773428400 "HTTP/1.1 200 OK"
2026-03-14 01:38:12,671 - INFO -   Saved 1165 data points for MACFL
2026-03-14 01:38:13,376 - INFO - [283/492] Syncing MACTER from 2021-03-15...
2026-03-14 01:38:14,111 - INFO - HTTP Request: GET https://beta-restapi.sarmaaya.pk/api/tradingview/history?symbol=MACTER&resolution=D&from=1615748400&to=1773428400 "HTTP/1.1 200 OK"
2026-03-14 01:38:15,543 - INFO -   Saved 775 data points for MACTER
2026-03-14 01:38:16,247 - INFO - [284/492] Syncing MARI from 2021-03-15...
2026-03-14 01:38:16,667 - INFO - HTTP Request: GET https://beta-restapi.sarmaaya.pk/api/tradingview/history?symbol=MARI&resolution=D&from=1615748400&to=1773428400 "HTTP/1.1 200 OK"
2026-03-14 01:38:18,355 - INFO -   Saved 1233 data points for MARI
2026-03-14 01:38:19,061 - INFO - [285/492] Syncing MCB from 2021-03-15...
2026-03-14 01:38:19,428 - INFO - HTTP Request: GET https://beta-restapi.sarmaaya.pk/api/tradingview/history?symbol=MCB&resolution=D&from=1615748400&to=1773428400 "HTTP/1.1 200 OK"
2026-03-14 01:38:21,137 - INFO -   Saved 1233 data points for MCB
2026-03-14 01:38:21,841 - INFO - [286/492] Syncing MCBIM from 2021-03-15...
2026-03-14 01:38:22,108 - INFO - HTTP Request: GET https://beta-restapi.sarmaaya.pk/api/tradingview/history?symbol=MCBIM&resolution=D&from=1615748400&to=1773428400 "HTTP/1.1 500 Internal Server Error"
2026-03-14 01:38:22,109 - WARNING -   No history found for MCBIM
2026-03-14 01:38:22,812 - INFO - [287/492] Syncing MDTL from 2021-03-15...
2026-03-14 01:38:23,167 - INFO - HTTP Request: GET https://beta-restapi.sarmaaya.pk/api/tradingview/history?symbol=MDTL&resolution=D&from=1615748400&to=1773428400 "HTTP/1.1 200 OK"
2026-03-14 01:38:24,781 - INFO -   Saved 1232 data points for MDTL
2026-03-14 01:38:25,484 - INFO - [288/492] Syncing MEBL from 2021-03-15...
2026-03-14 01:38:25,827 - INFO - HTTP Request: GET https://beta-restapi.sarmaaya.pk/api/tradingview/history?symbol=MEBL&resolution=D&from=1615748400&to=1773428400 "HTTP/1.1 200 OK"
2026-03-14 01:38:27,447 - INFO -   Saved 1233 data points for MEBL
2026-03-14 01:38:28,152 - INFO - [289/492] Syncing MEHT from 2021-03-15...
2026-03-14 01:38:28,480 - INFO - HTTP Request: GET https://beta-restapi.sarmaaya.pk/api/tradingview/history?symbol=MEHT&resolution=D&from=1615748400&to=1773428400 "HTTP/1.1 200 OK"
2026-03-14 01:38:29,879 - INFO -   Saved 700 data points for MEHT
2026-03-14 01:38:30,584 - INFO - [290/492] Syncing MERIT from 2021-03-15...
2026-03-14 01:38:31,006 - INFO - HTTP Request: GET https://beta-restapi.sarmaaya.pk/api/tradingview/history?symbol=MERIT&resolution=D&from=1615748400&to=1773428400 "HTTP/1.1 200 OK"
2026-03-14 01:38:32,943 - INFO -   Saved 1200 data points for MERIT
2026-03-14 01:38:33,646 - INFO - [291/492] Syncing MFFL from 2021-03-15...
2026-03-14 01:38:34,001 - INFO - HTTP Request: GET https://beta-restapi.sarmaaya.pk/api/tradingview/history?symbol=MFFL&resolution=D&from=1615748400&to=1773428400 "HTTP/1.1 200 OK"
2026-03-14 01:38:35,616 - INFO -   Saved 1188 data points for MFFL
2026-03-14 01:38:36,322 - INFO - [292/492] Syncing MFL from 2021-03-15...
2026-03-14 01:38:36,693 - INFO - HTTP Request: GET https://beta-restapi.sarmaaya.pk/api/tradingview/history?symbol=MFL&resolution=D&from=1615748400&to=1773428400 "HTTP/1.1 200 OK"
2026-03-14 01:38:38,256 - INFO -   Saved 1208 data points for MFL
2026-03-14 01:38:38,961 - INFO - [293/492] Syncing MIIETF from 2021-03-15...
2026-03-14 01:38:39,233 - INFO - HTTP Request: GET https://beta-restapi.sarmaaya.pk/api/tradingview/history?symbol=MIIETF&resolution=D&from=1615748400&to=1773428400 "HTTP/1.1 500 Internal Server Error"
2026-03-14 01:38:39,235 - WARNING -   No history found for MIIETF
2026-03-14 01:38:39,941 - INFO - [294/492] Syncing MIRKS from 2021-03-15...
2026-03-14 01:38:40,290 - INFO - HTTP Request: GET https://beta-restapi.sarmaaya.pk/api/tradingview/history?symbol=MIRKS&resolution=D&from=1615748400&to=1773428400 "HTTP/1.1 200 OK"
2026-03-14 01:38:41,572 - INFO -   Saved 923 data points for MIRKS
2026-03-14 01:38:42,278 - INFO - [295/492] Syncing MLCF from 2021-03-15...
2026-03-14 01:38:42,644 - INFO - HTTP Request: GET https://beta-restapi.sarmaaya.pk/api/tradingview/history?symbol=MLCF&resolution=D&from=1615748400&to=1773428400 "HTTP/1.1 200 OK"
2026-03-14 01:38:44,314 - INFO -   Saved 1233 data points for MLCF
2026-03-14 01:38:45,020 - INFO - [296/492] Syncing MQTM from 2021-03-15...
2026-03-14 01:38:45,337 - INFO - HTTP Request: GET https://beta-restapi.sarmaaya.pk/api/tradingview/history?symbol=MQTM&resolution=D&from=1615748400&to=1773428400 "HTTP/1.1 200 OK"
2026-03-14 01:38:46,661 - INFO -   Saved 430 data points for MQTM
2026-03-14 01:38:47,366 - INFO - [297/492] Syncing MRNS from 2021-03-15...
2026-03-14 01:38:47,714 - INFO - HTTP Request: GET https://beta-restapi.sarmaaya.pk/api/tradingview/history?symbol=MRNS&resolution=D&from=1615748400&to=1773428400 "HTTP/1.1 200 OK"
2026-03-14 01:38:49,400 - INFO -   Saved 1121 data points for MRNS
2026-03-14 01:38:50,105 - INFO - [298/492] Syncing MSCL from 2021-03-15...
2026-03-14 01:38:50,433 - INFO - HTTP Request: GET https://beta-restapi.sarmaaya.pk/api/tradingview/history?symbol=MSCL&resolution=D&from=1615748400&to=1773428400 "HTTP/1.1 200 OK"
2026-03-14 01:38:51,677 - INFO -   Saved 711 data points for MSCL
2026-03-14 01:38:52,383 - INFO - [299/492] Syncing MSOT from 2021-03-15...
2026-03-14 01:38:52,815 - INFO - HTTP Request: GET https://beta-restapi.sarmaaya.pk/api/tradingview/history?symbol=MSOT&resolution=D&from=1615748400&to=1773428400 "HTTP/1.1 200 OK"
2026-03-14 01:38:54,186 - INFO -   Saved 826 data points for MSOT
2026-03-14 01:38:54,887 - INFO - [300/492] Syncing MTL from 2021-03-15...
2026-03-14 01:38:55,271 - INFO - HTTP Request: GET https://beta-restapi.sarmaaya.pk/api/tradingview/history?symbol=MTL&resolution=D&from=1615748400&to=1773428400 "HTTP/1.1 200 OK"
2026-03-14 01:38:56,924 - INFO -   Saved 1233 data points for MTL
2026-03-14 01:38:57,629 - INFO - [301/492] Syncing MUGHAL from 2021-03-15...
2026-03-14 01:38:57,971 - INFO - HTTP Request: GET https://beta-restapi.sarmaaya.pk/api/tradingview/history?symbol=MUGHAL&resolution=D&from=1615748400&to=1773428400 "HTTP/1.1 200 OK"
2026-03-14 01:38:59,601 - INFO -   Saved 1233 data points for MUGHAL
2026-03-14 01:39:00,306 - INFO - [302/492] Syncing MUGHALC from 2021-03-15...
2026-03-14 01:39:00,576 - INFO - HTTP Request: GET https://beta-restapi.sarmaaya.pk/api/tradingview/history?symbol=MUGHALC&resolution=D&from=1615748400&to=1773428400 "HTTP/1.1 500 Internal Server Error"
2026-03-14 01:39:00,579 - WARNING -   No history found for MUGHALC
2026-03-14 01:39:01,284 - INFO - [303/492] Syncing MUREB from 2021-03-15...
2026-03-14 01:39:01,724 - INFO - HTTP Request: GET https://beta-restapi.sarmaaya.pk/api/tradingview/history?symbol=MUREB&resolution=D&from=1615748400&to=1773428400 "HTTP/1.1 200 OK"
2026-03-14 01:39:03,292 - INFO -   Saved 1075 data points for MUREB
2026-03-14 01:39:03,992 - INFO - [304/492] Syncing MWMP from 2021-03-15...
2026-03-14 01:39:04,308 - INFO - HTTP Request: GET https://beta-restapi.sarmaaya.pk/api/tradingview/history?symbol=MWMP&resolution=D&from=1615748400&to=1773428400 "HTTP/1.1 200 OK"
2026-03-14 01:39:05,533 - INFO -   Saved 444 data points for MWMP
2026-03-14 01:39:06,238 - INFO - [305/492] Syncing MZNPETF from 2021-03-15...
2026-03-14 01:39:06,564 - INFO - HTTP Request: GET https://beta-restapi.sarmaaya.pk/api/tradingview/history?symbol=MZNPETF&resolution=D&from=1615748400&to=1773428400 "HTTP/1.1 200 OK"
2026-03-14 01:39:08,175 - INFO -   Saved 1145 data points for MZNPETF
2026-03-14 01:39:08,880 - INFO - [306/492] Syncing NAGC from 2021-03-15...
2026-03-14 01:39:09,214 - INFO - HTTP Request: GET https://beta-restapi.sarmaaya.pk/api/tradingview/history?symbol=NAGC&resolution=D&from=1615748400&to=1773428400 "HTTP/1.1 200 OK"
2026-03-14 01:39:10,544 - INFO -   Saved 686 data points for NAGC
2026-03-14 01:39:11,249 - INFO - [307/492] Syncing NATF from 2021-03-15...
2026-03-14 01:39:11,610 - INFO - HTTP Request: GET https://beta-restapi.sarmaaya.pk/api/tradingview/history?symbol=NATF&resolution=D&from=1615748400&to=1773428400 "HTTP/1.1 200 OK"
2026-03-14 01:39:13,186 - INFO -   Saved 1233 data points for NATF
2026-03-14 01:39:13,891 - INFO - [308/492] Syncing NBP from 2021-03-15...
2026-03-14 01:39:14,323 - INFO - HTTP Request: GET https://beta-restapi.sarmaaya.pk/api/tradingview/history?symbol=NBP&resolution=D&from=1615748400&to=1773428400 "HTTP/1.1 200 OK"
2026-03-14 01:39:15,950 - INFO -   Saved 1233 data points for NBP
2026-03-14 01:39:16,655 - INFO - [309/492] Syncing NBPGETF from 2021-03-15...
2026-03-14 01:39:16,932 - INFO - HTTP Request: GET https://beta-restapi.sarmaaya.pk/api/tradingview/history?symbol=NBPGETF&resolution=D&from=1615748400&to=1773428400 "HTTP/1.1 500 Internal Server Error"
2026-03-14 01:39:16,932 - WARNING -   No history found for NBPGETF
2026-03-14 01:39:17,637 - INFO - [310/492] Syncing NCL from 2021-03-15...
2026-03-14 01:39:18,002 - INFO - HTTP Request: GET https://beta-restapi.sarmaaya.pk/api/tradingview/history?symbol=NCL&resolution=D&from=1615748400&to=1773428400 "HTTP/1.1 200 OK"
2026-03-14 01:39:19,842 - INFO -   Saved 1233 data points for NCL
2026-03-14 01:39:20,547 - INFO - [311/492] Syncing NCML from 2021-03-15...
2026-03-14 01:39:20,889 - INFO - HTTP Request: GET https://beta-restapi.sarmaaya.pk/api/tradingview/history?symbol=NCML&resolution=D&from=1615748400&to=1773428400 "HTTP/1.1 200 OK"
2026-03-14 01:39:22,718 - INFO -   Saved 1005 data points for NCML
2026-03-14 01:39:23,424 - INFO - [312/492] Syncing NCPL from 2021-03-15...
2026-03-14 01:39:23,754 - INFO - HTTP Request: GET https://beta-restapi.sarmaaya.pk/api/tradingview/history?symbol=NCPL&resolution=D&from=1615748400&to=1773428400 "HTTP/1.1 200 OK"
2026-03-14 01:39:25,518 - INFO -   Saved 1232 data points for NCPL
2026-03-14 01:39:26,224 - INFO - [313/492] Syncing NESTLE from 2021-03-15...
2026-03-14 01:39:26,577 - INFO - HTTP Request: GET https://beta-restapi.sarmaaya.pk/api/tradingview/history?symbol=NESTLE&resolution=D&from=1615748400&to=1773428400 "HTTP/1.1 200 OK"
2026-03-14 01:39:28,126 - INFO -   Saved 1062 data points for NESTLE
2026-03-14 01:39:28,829 - INFO - [314/492] Syncing NETSOL from 2021-03-15...
2026-03-14 01:39:29,269 - INFO - HTTP Request: GET https://beta-restapi.sarmaaya.pk/api/tradingview/history?symbol=NETSOL&resolution=D&from=1615748400&to=1773428400 "HTTP/1.1 200 OK"
2026-03-14 01:39:31,113 - INFO -   Saved 1233 data points for NETSOL
2026-03-14 01:39:31,819 - INFO - [315/492] Syncing NEXT from 2021-03-15...
2026-03-14 01:39:32,161 - INFO - HTTP Request: GET https://beta-restapi.sarmaaya.pk/api/tradingview/history?symbol=NEXT&resolution=D&from=1615748400&to=1773428400 "HTTP/1.1 200 OK"
2026-03-14 01:39:33,973 - INFO -   Saved 1080 data points for NEXT
2026-03-14 01:39:34,678 - INFO - [316/492] Syncing NICL from 2021-03-15...
2026-03-14 01:39:35,041 - INFO - HTTP Request: GET https://beta-restapi.sarmaaya.pk/api/tradingview/history?symbol=NICL&resolution=D&from=1615748400&to=1773428400 "HTTP/1.1 200 OK"
2026-03-14 01:39:36,581 - INFO -   Saved 1064 data points for NICL
2026-03-14 01:39:37,287 - INFO - [317/492] Syncing NITGETF from 2021-03-15...
2026-03-14 01:39:37,594 - INFO - HTTP Request: GET https://beta-restapi.sarmaaya.pk/api/tradingview/history?symbol=NITGETF&resolution=D&from=1615748400&to=1773428400 "HTTP/1.1 200 OK"
2026-03-14 01:39:38,999 - INFO -   Saved 529 data points for NITGETF
2026-03-14 01:39:39,705 - INFO - [318/492] Syncing NML from 2021-03-15...
2026-03-14 01:39:40,036 - INFO - HTTP Request: GET https://beta-restapi.sarmaaya.pk/api/tradingview/history?symbol=NML&resolution=D&from=1615748400&to=1773428400 "HTTP/1.1 200 OK"
2026-03-14 01:39:41,680 - INFO -   Saved 1233 data points for NML
2026-03-14 01:39:42,385 - INFO - [319/492] Syncing NONS from 2021-03-15...
2026-03-14 01:39:42,728 - INFO - HTTP Request: GET https://beta-restapi.sarmaaya.pk/api/tradingview/history?symbol=NONS&resolution=D&from=1615748400&to=1773428400 "HTTP/1.1 200 OK"
2026-03-14 01:39:43,960 - INFO -   Saved 584 data points for NONS
2026-03-14 01:39:44,665 - INFO - [320/492] Syncing NPL from 2021-03-15...
2026-03-14 01:39:44,995 - INFO - HTTP Request: GET https://beta-restapi.sarmaaya.pk/api/tradingview/history?symbol=NPL&resolution=D&from=1615748400&to=1773428400 "HTTP/1.1 200 OK"
2026-03-14 01:39:46,571 - INFO -   Saved 1231 data points for NPL
2026-03-14 01:39:47,277 - INFO - [321/492] Syncing NRL from 2021-03-15...
2026-03-14 01:39:47,647 - INFO - HTTP Request: GET https://beta-restapi.sarmaaya.pk/api/tradingview/history?symbol=NRL&resolution=D&from=1615748400&to=1773428400 "HTTP/1.1 200 OK"
2026-03-14 01:39:49,226 - INFO -   Saved 1233 data points for NRL
2026-03-14 01:39:49,932 - INFO - [322/492] Syncing NRSL from 2021-03-15...
2026-03-14 01:39:50,290 - INFO - HTTP Request: GET https://beta-restapi.sarmaaya.pk/api/tradingview/history?symbol=NRSL&resolution=D&from=1615748400&to=1773428400 "HTTP/1.1 200 OK"
2026-03-14 01:39:51,875 - INFO -   Saved 1222 data points for NRSL
2026-03-14 01:39:52,581 - INFO - [323/492] Syncing NSRM from 2021-03-15...
2026-03-14 01:39:52,887 - INFO - HTTP Request: GET https://beta-restapi.sarmaaya.pk/api/tradingview/history?symbol=NSRM&resolution=D&from=1615748400&to=1773428400 "HTTP/1.1 200 OK"
2026-03-14 01:39:54,142 - INFO -   Saved 429 data points for NSRM
2026-03-14 01:39:54,848 - INFO - [324/492] Syncing OBOY from 2021-03-15...
2026-03-14 01:39:55,183 - INFO - HTTP Request: GET https://beta-restapi.sarmaaya.pk/api/tradingview/history?symbol=OBOY&resolution=D&from=1615748400&to=1773428400 "HTTP/1.1 200 OK"
2026-03-14 01:39:56,724 - INFO -   Saved 1029 data points for OBOY
2026-03-14 01:39:57,431 - INFO - [325/492] Syncing OCTOPUS from 2021-03-15...
2026-03-14 01:39:57,769 - INFO - HTTP Request: GET https://beta-restapi.sarmaaya.pk/api/tradingview/history?symbol=OCTOPUS&resolution=D&from=1615748400&to=1773428400 "HTTP/1.1 200 OK"
2026-03-14 01:39:59,324 - INFO -   Saved 1100 data points for OCTOPUS
2026-03-14 01:40:00,029 - INFO - [326/492] Syncing OGDC from 2021-03-15...
2026-03-14 01:40:00,380 - INFO - HTTP Request: GET https://beta-restapi.sarmaaya.pk/api/tradingview/history?symbol=OGDC&resolution=D&from=1615748400&to=1773428400 "HTTP/1.1 200 OK"
2026-03-14 01:40:01,938 - INFO -   Saved 1233 data points for OGDC
2026-03-14 01:40:02,643 - INFO - [327/492] Syncing OLPL from 2021-03-15...
2026-03-14 01:40:03,019 - INFO - HTTP Request: GET https://beta-restapi.sarmaaya.pk/api/tradingview/history?symbol=OLPL&resolution=D&from=1615748400&to=1773428400 "HTTP/1.1 200 OK"
2026-03-14 01:40:04,592 - INFO -   Saved 1204 data points for OLPL
2026-03-14 01:40:05,296 - INFO - [328/492] Syncing OLPM from 2021-03-15...
2026-03-14 01:40:05,627 - INFO - HTTP Request: GET https://beta-restapi.sarmaaya.pk/api/tradingview/history?symbol=OLPM&resolution=D&from=1615748400&to=1773428400 "HTTP/1.1 200 OK"
2026-03-14 01:40:06,858 - INFO -   Saved 873 data points for OLPM
2026-03-14 01:40:07,563 - INFO - [329/492] Syncing OML from 2021-03-15...
2026-03-14 01:40:07,901 - INFO - HTTP Request: GET https://beta-restapi.sarmaaya.pk/api/tradingview/history?symbol=OML&resolution=D&from=1615748400&to=1773428400 "HTTP/1.1 200 OK"
2026-03-14 01:40:09,156 - INFO -   Saved 607 data points for OML
2026-03-14 01:40:09,861 - INFO - [330/492] Syncing ORM from 2021-03-15...
2026-03-14 01:40:10,184 - INFO - HTTP Request: GET https://beta-restapi.sarmaaya.pk/api/tradingview/history?symbol=ORM&resolution=D&from=1615748400&to=1773428400 "HTTP/1.1 200 OK"
2026-03-14 01:40:11,469 - INFO -   Saved 811 data points for ORM
2026-03-14 01:40:12,172 - INFO - [331/492] Syncing OTSU from 2021-03-15...
2026-03-14 01:40:12,585 - INFO - HTTP Request: GET https://beta-restapi.sarmaaya.pk/api/tradingview/history?symbol=OTSU&resolution=D&from=1615748400&to=1773428400 "HTTP/1.1 200 OK"
2026-03-14 01:40:13,921 - INFO -   Saved 944 data points for OTSU
2026-03-14 01:40:14,629 - INFO - [332/492] Syncing PABC from 2021-03-15...
2026-03-14 01:40:14,961 - INFO - HTTP Request: GET https://beta-restapi.sarmaaya.pk/api/tradingview/history?symbol=PABC&resolution=D&from=1615748400&to=1773428400 "HTTP/1.1 200 OK"
2026-03-14 01:40:16,565 - INFO -   Saved 1150 data points for PABC
2026-03-14 01:40:17,270 - INFO - [333/492] Syncing PACE from 2021-03-15...
2026-03-14 01:40:17,705 - INFO - HTTP Request: GET https://beta-restapi.sarmaaya.pk/api/tradingview/history?symbol=PACE&resolution=D&from=1615748400&to=1773428400 "HTTP/1.1 200 OK"
2026-03-14 01:40:19,444 - INFO -   Saved 1233 data points for PACE
2026-03-14 01:40:20,149 - INFO - [334/492] Syncing PAEL from 2021-03-15...
2026-03-14 01:40:20,475 - INFO - HTTP Request: GET https://beta-restapi.sarmaaya.pk/api/tradingview/history?symbol=PAEL&resolution=D&from=1615748400&to=1773428400 "HTTP/1.1 200 OK"
2026-03-14 01:40:22,108 - INFO -   Saved 1233 data points for PAEL
2026-03-14 01:40:22,815 - INFO - [335/492] Syncing PAKD from 2021-03-15...
2026-03-14 01:40:23,170 - INFO - HTTP Request: GET https://beta-restapi.sarmaaya.pk/api/tradingview/history?symbol=PAKD&resolution=D&from=1615748400&to=1773428400 "HTTP/1.1 200 OK"
2026-03-14 01:40:24,751 - INFO -   Saved 1171 data points for PAKD
2026-03-14 01:40:25,456 - INFO - [336/492] Syncing PAKL from 2021-03-15...
2026-03-14 01:40:25,767 - INFO - HTTP Request: GET https://beta-restapi.sarmaaya.pk/api/tradingview/history?symbol=PAKL&resolution=D&from=1615748400&to=1773428400 "HTTP/1.1 200 OK"
2026-03-14 01:40:26,980 - INFO -   Saved 490 data points for PAKL
2026-03-14 01:40:27,684 - INFO - [337/492] Syncing PAKOXY from 2021-03-15...
2026-03-14 01:40:28,047 - INFO - HTTP Request: GET https://beta-restapi.sarmaaya.pk/api/tradingview/history?symbol=PAKOXY&resolution=D&from=1615748400&to=1773428400 "HTTP/1.1 200 OK"
2026-03-14 01:40:29,692 - INFO -   Saved 1201 data points for PAKOXY
2026-03-14 01:40:30,395 - INFO - [338/492] Syncing PAKQATAR from 2021-03-15...
2026-03-14 01:40:30,665 - INFO - HTTP Request: GET https://beta-restapi.sarmaaya.pk/api/tradingview/history?symbol=PAKQATAR&resolution=D&from=1615748400&to=1773428400 "HTTP/1.1 500 Internal Server Error"
2026-03-14 01:40:30,669 - WARNING -   No history found for PAKQATAR
2026-03-14 01:40:31,373 - INFO - [339/492] Syncing PAKRI from 2021-03-15...
2026-03-14 01:40:31,836 - INFO - HTTP Request: GET https://beta-restapi.sarmaaya.pk/api/tradingview/history?symbol=PAKRI&resolution=D&from=1615748400&to=1773428400 "HTTP/1.1 200 OK"
2026-03-14 01:40:33,578 - INFO -   Saved 1192 data points for PAKRI
2026-03-14 01:40:34,283 - INFO - [340/492] Syncing PAKT from 2021-03-15...
2026-03-14 01:40:34,698 - INFO - HTTP Request: GET https://beta-restapi.sarmaaya.pk/api/tradingview/history?symbol=PAKT&resolution=D&from=1615748400&to=1773428400 "HTTP/1.1 200 OK"
2026-03-14 01:40:36,357 - INFO -   Saved 1028 data points for PAKT
2026-03-14 01:40:37,062 - INFO - [341/492] Syncing PASL from 2021-03-15...
2026-03-14 01:40:37,414 - INFO - HTTP Request: GET https://beta-restapi.sarmaaya.pk/api/tradingview/history?symbol=PASL&resolution=D&from=1615748400&to=1773428400 "HTTP/1.1 200 OK"
2026-03-14 01:40:38,971 - INFO -   Saved 1232 data points for PASL
2026-03-14 01:40:39,676 - INFO - [342/492] Syncing PASM from 2021-03-15...
2026-03-14 01:40:39,987 - INFO - HTTP Request: GET https://beta-restapi.sarmaaya.pk/api/tradingview/history?symbol=PASM&resolution=D&from=1615748400&to=1773428400 "HTTP/1.1 200 OK"
2026-03-14 01:40:41,562 - INFO -   Saved 443 data points for PASM
2026-03-14 01:40:42,267 - INFO - [343/492] Syncing PCAL from 2021-03-15...
2026-03-14 01:40:42,635 - INFO - HTTP Request: GET https://beta-restapi.sarmaaya.pk/api/tradingview/history?symbol=PCAL&resolution=D&from=1615748400&to=1773428400 "HTTP/1.1 200 OK"
2026-03-14 01:40:44,228 - INFO -   Saved 1199 data points for PCAL
2026-03-14 01:40:44,934 - INFO - [344/492] Syncing PECO from 2021-03-15...
2026-03-14 01:40:45,353 - INFO - HTTP Request: GET https://beta-restapi.sarmaaya.pk/api/tradingview/history?symbol=PECO&resolution=D&from=1615748400&to=1773428400 "HTTP/1.1 200 OK"
2026-03-14 01:40:46,613 - INFO -   Saved 671 data points for PECO
2026-03-14 01:40:47,319 - INFO - [345/492] Syncing PGLC from 2021-03-15...
2026-03-14 01:40:47,649 - INFO - HTTP Request: GET https://beta-restapi.sarmaaya.pk/api/tradingview/history?symbol=PGLC&resolution=D&from=1615748400&to=1773428400 "HTTP/1.1 200 OK"
2026-03-14 01:40:48,994 - INFO -   Saved 887 data points for PGLC
2026-03-14 01:40:49,697 - INFO - [346/492] Syncing PIAHCLA from 2021-03-15...
2026-03-14 01:40:49,966 - INFO - HTTP Request: GET https://beta-restapi.sarmaaya.pk/api/tradingview/history?symbol=PIAHCLA&resolution=D&from=1615748400&to=1773428400 "HTTP/1.1 500 Internal Server Error"
2026-03-14 01:40:49,968 - WARNING -   No history found for PIAHCLA
2026-03-14 01:40:50,672 - INFO - [347/492] Syncing PIAHCLB from 2021-03-15...
2026-03-14 01:40:50,940 - INFO - HTTP Request: GET https://beta-restapi.sarmaaya.pk/api/tradingview/history?symbol=PIAHCLB&resolution=D&from=1615748400&to=1773428400 "HTTP/1.1 500 Internal Server Error"
2026-03-14 01:40:50,941 - WARNING -   No history found for PIAHCLB
2026-03-14 01:40:51,644 - INFO - [348/492] Syncing PIBTL from 2021-03-15...
2026-03-14 01:40:52,014 - INFO - HTTP Request: GET https://beta-restapi.sarmaaya.pk/api/tradingview/history?symbol=PIBTL&resolution=D&from=1615748400&to=1773428400 "HTTP/1.1 200 OK"
2026-03-14 01:40:53,692 - INFO -   Saved 1233 data points for PIBTL
2026-03-14 01:40:54,395 - INFO - [349/492] Syncing PICT from 2021-03-15...
2026-03-14 01:40:54,768 - INFO - HTTP Request: GET https://beta-restapi.sarmaaya.pk/api/tradingview/history?symbol=PICT&resolution=D&from=1615748400&to=1773428400 "HTTP/1.1 200 OK"
2026-03-14 01:40:56,332 - INFO -   Saved 1233 data points for PICT
2026-03-14 01:40:57,037 - INFO - [350/492] Syncing PIL from 2021-03-15...
2026-03-14 01:40:57,385 - INFO - HTTP Request: GET https://beta-restapi.sarmaaya.pk/api/tradingview/history?symbol=PIL&resolution=D&from=1615748400&to=1773428400 "HTTP/1.1 200 OK"
2026-03-14 01:40:58,998 - INFO -   Saved 1193 data points for PIL
2026-03-14 01:40:59,704 - INFO - [351/492] Syncing PIM from 2021-03-15...
2026-03-14 01:41:00,029 - INFO - HTTP Request: GET https://beta-restapi.sarmaaya.pk/api/tradingview/history?symbol=PIM&resolution=D&from=1615748400&to=1773428400 "HTTP/1.1 200 OK"
2026-03-14 01:41:01,617 - INFO -   Saved 772 data points for PIM
2026-03-14 01:41:02,323 - INFO - [352/492] Syncing PINL from 2021-03-15...
2026-03-14 01:41:03,273 - INFO - HTTP Request: GET https://beta-restapi.sarmaaya.pk/api/tradingview/history?symbol=PINL&resolution=D&from=1615748400&to=1773428400 "HTTP/1.1 200 OK"
2026-03-14 01:41:04,532 - INFO -   Saved 924 data points for PINL
2026-03-14 01:41:05,239 - INFO - [353/492] Syncing PIOC from 2021-03-15...
2026-03-14 01:41:06,329 - INFO - HTTP Request: GET https://beta-restapi.sarmaaya.pk/api/tradingview/history?symbol=PIOC&resolution=D&from=1615748400&to=1773428400 "HTTP/1.1 200 OK"
2026-03-14 01:41:08,082 - INFO -   Saved 1233 data points for PIOC
2026-03-14 01:41:08,787 - INFO - [354/492] Syncing PKGI from 2021-03-15...
2026-03-14 01:41:09,141 - INFO - HTTP Request: GET https://beta-restapi.sarmaaya.pk/api/tradingview/history?symbol=PKGI&resolution=D&from=1615748400&to=1773428400 "HTTP/1.1 200 OK"
2026-03-14 01:41:10,385 - INFO -   Saved 936 data points for PKGI
2026-03-14 01:41:11,090 - INFO - [355/492] Syncing PKGP from 2021-03-15...
2026-03-14 01:41:11,464 - INFO - HTTP Request: GET https://beta-restapi.sarmaaya.pk/api/tradingview/history?symbol=PKGP&resolution=D&from=1615748400&to=1773428400 "HTTP/1.1 200 OK"
2026-03-14 01:41:13,204 - INFO -   Saved 1156 data points for PKGP
2026-03-14 01:41:13,910 - INFO - [356/492] Syncing PKGS from 2021-03-15...
2026-03-14 01:41:14,269 - INFO - HTTP Request: GET https://beta-restapi.sarmaaya.pk/api/tradingview/history?symbol=PKGS&resolution=D&from=1615748400&to=1773428400 "HTTP/1.1 200 OK"
2026-03-14 01:41:15,862 - INFO -   Saved 1217 data points for PKGS
2026-03-14 01:41:16,567 - INFO - [357/492] Syncing PMRS from 2021-03-15...
2026-03-14 01:41:16,878 - INFO - HTTP Request: GET https://beta-restapi.sarmaaya.pk/api/tradingview/history?symbol=PMRS&resolution=D&from=1615748400&to=1773428400 "HTTP/1.1 200 OK"
2026-03-14 01:41:18,223 - INFO -   Saved 309 data points for PMRS
2026-03-14 01:41:18,930 - INFO - [358/492] Syncing PNSC from 2021-03-15...
2026-03-14 01:41:19,348 - INFO - HTTP Request: GET https://beta-restapi.sarmaaya.pk/api/tradingview/history?symbol=PNSC&resolution=D&from=1615748400&to=1773428400 "HTTP/1.1 200 OK"
2026-03-14 01:41:21,083 - INFO -   Saved 1227 data points for PNSC
2026-03-14 01:41:21,785 - INFO - [359/492] Syncing POL from 2021-03-15...
2026-03-14 01:41:22,148 - INFO - HTTP Request: GET https://beta-restapi.sarmaaya.pk/api/tradingview/history?symbol=POL&resolution=D&from=1615748400&to=1773428400 "HTTP/1.1 200 OK"
2026-03-14 01:41:23,707 - INFO -   Saved 1233 data points for POL
2026-03-14 01:41:24,412 - INFO - [360/492] Syncing POML from 2021-03-15...
2026-03-14 01:41:24,744 - INFO - HTTP Request: GET https://beta-restapi.sarmaaya.pk/api/tradingview/history?symbol=POML&resolution=D&from=1615748400&to=1773428400 "HTTP/1.1 200 OK"
2026-03-14 01:41:26,018 - INFO -   Saved 877 data points for POML
2026-03-14 01:41:26,723 - INFO - [361/492] Syncing POWER from 2021-03-15...
2026-03-14 01:41:27,052 - INFO - HTTP Request: GET https://beta-restapi.sarmaaya.pk/api/tradingview/history?symbol=POWER&resolution=D&from=1615748400&to=1773428400 "HTTP/1.1 200 OK"
2026-03-14 01:41:28,690 - INFO -   Saved 1233 data points for POWER
2026-03-14 01:41:29,392 - INFO - [362/492] Syncing POWERPS from 2021-03-15...
2026-03-14 01:41:29,659 - INFO - HTTP Request: GET https://beta-restapi.sarmaaya.pk/api/tradingview/history?symbol=POWERPS&resolution=D&from=1615748400&to=1773428400 "HTTP/1.1 500 Internal Server Error"
2026-03-14 01:41:29,660 - WARNING -   No history found for POWERPS
2026-03-14 01:41:30,367 - INFO - [363/492] Syncing PPL from 2021-03-15...
2026-03-14 01:41:30,717 - INFO - HTTP Request: GET https://beta-restapi.sarmaaya.pk/api/tradingview/history?symbol=PPL&resolution=D&from=1615748400&to=1773428400 "HTTP/1.1 200 OK"
2026-03-14 01:41:32,277 - INFO -   Saved 1233 data points for PPL
2026-03-14 01:41:32,982 - INFO - [364/492] Syncing PPP from 2021-03-15...
2026-03-14 01:41:33,304 - INFO - HTTP Request: GET https://beta-restapi.sarmaaya.pk/api/tradingview/history?symbol=PPP&resolution=D&from=1615748400&to=1773428400 "HTTP/1.1 200 OK"
2026-03-14 01:41:34,694 - INFO -   Saved 832 data points for PPP
2026-03-14 01:41:35,398 - INFO - [365/492] Syncing PPVC from 2021-03-15...
2026-03-14 01:41:35,733 - INFO - HTTP Request: GET https://beta-restapi.sarmaaya.pk/api/tradingview/history?symbol=PPVC&resolution=D&from=1615748400&to=1773428400 "HTTP/1.1 200 OK"
2026-03-14 01:41:37,169 - INFO -   Saved 726 data points for PPVC
2026-03-14 01:41:37,875 - INFO - [366/492] Syncing PQGTL from 2021-03-15...
2026-03-14 01:41:38,147 - INFO - HTTP Request: GET https://beta-restapi.sarmaaya.pk/api/tradingview/history?symbol=PQGTL&resolution=D&from=1615748400&to=1773428400 "HTTP/1.1 500 Internal Server Error"
2026-03-14 01:41:38,148 - WARNING -   No history found for PQGTL
2026-03-14 01:41:38,853 - INFO - [367/492] Syncing PREMA from 2021-03-15...
2026-03-14 01:41:39,212 - INFO - HTTP Request: GET https://beta-restapi.sarmaaya.pk/api/tradingview/history?symbol=PREMA&resolution=D&from=1615748400&to=1773428400 "HTTP/1.1 200 OK"
2026-03-14 01:41:40,994 - INFO -   Saved 1232 data points for PREMA
2026-03-14 01:41:41,695 - INFO - [368/492] Syncing PRET from 2021-03-15...
2026-03-14 01:41:42,080 - INFO - HTTP Request: GET https://beta-restapi.sarmaaya.pk/api/tradingview/history?symbol=PRET&resolution=D&from=1615748400&to=1773428400 "HTTP/1.1 200 OK"
2026-03-14 01:41:43,621 - INFO -   Saved 795 data points for PRET
2026-03-14 01:41:44,326 - INFO - [369/492] Syncing PRL from 2021-03-15...
2026-03-14 01:41:44,690 - INFO - HTTP Request: GET https://beta-restapi.sarmaaya.pk/api/tradingview/history?symbol=PRL&resolution=D&from=1615748400&to=1773428400 "HTTP/1.1 200 OK"
2026-03-14 01:41:46,385 - INFO -   Saved 1233 data points for PRL
2026-03-14 01:41:47,085 - INFO - [370/492] Syncing PRWM from 2021-03-15...
2026-03-14 01:41:47,508 - INFO - HTTP Request: GET https://beta-restapi.sarmaaya.pk/api/tradingview/history?symbol=PRWM&resolution=D&from=1615748400&to=1773428400 "HTTP/1.1 200 OK"
2026-03-14 01:41:48,755 - INFO -   Saved 785 data points for PRWM
2026-03-14 01:41:49,460 - INFO - [371/492] Syncing PSEL from 2021-03-15...
2026-03-14 01:41:49,811 - INFO - HTTP Request: GET https://beta-restapi.sarmaaya.pk/api/tradingview/history?symbol=PSEL&resolution=D&from=1615748400&to=1773428400 "HTTP/1.1 200 OK"
2026-03-14 01:41:51,108 - INFO -   Saved 734 data points for PSEL
2026-03-14 01:41:51,812 - INFO - [372/492] Syncing PSO from 2021-03-15...
2026-03-14 01:41:52,148 - INFO - HTTP Request: GET https://beta-restapi.sarmaaya.pk/api/tradingview/history?symbol=PSO&resolution=D&from=1615748400&to=1773428400 "HTTP/1.1 200 OK"
2026-03-14 01:41:53,881 - INFO -   Saved 1233 data points for PSO
2026-03-14 01:41:54,583 - INFO - [373/492] Syncing PSX from 2021-03-15...
2026-03-14 01:41:54,928 - INFO - HTTP Request: GET https://beta-restapi.sarmaaya.pk/api/tradingview/history?symbol=PSX&resolution=D&from=1615748400&to=1773428400 "HTTP/1.1 200 OK"
2026-03-14 01:41:56,620 - INFO -   Saved 1232 data points for PSX
2026-03-14 01:41:57,326 - INFO - [374/492] Syncing PSYL from 2021-03-15...
2026-03-14 01:41:57,675 - INFO - HTTP Request: GET https://beta-restapi.sarmaaya.pk/api/tradingview/history?symbol=PSYL&resolution=D&from=1615748400&to=1773428400 "HTTP/1.1 200 OK"
2026-03-14 01:41:59,003 - INFO -   Saved 905 data points for PSYL
2026-03-14 01:41:59,708 - INFO - [375/492] Syncing PTC from 2021-03-15...
2026-03-14 01:42:00,086 - INFO - HTTP Request: GET https://beta-restapi.sarmaaya.pk/api/tradingview/history?symbol=PTC&resolution=D&from=1615748400&to=1773428400 "HTTP/1.1 200 OK"
2026-03-14 01:42:01,953 - INFO -   Saved 1233 data points for PTC
2026-03-14 01:42:02,658 - INFO - [376/492] Syncing PTL from 2021-03-15...
2026-03-14 01:42:03,015 - INFO - HTTP Request: GET https://beta-restapi.sarmaaya.pk/api/tradingview/history?symbol=PTL&resolution=D&from=1615748400&to=1773428400 "HTTP/1.1 200 OK"
2026-03-14 01:42:04,580 - INFO -   Saved 1233 data points for PTL
2026-03-14 01:42:05,286 - INFO - [377/492] Syncing QTECH from 2021-03-15...
2026-03-14 01:42:05,555 - INFO - HTTP Request: GET https://beta-restapi.sarmaaya.pk/api/tradingview/history?symbol=QTECH&resolution=D&from=1615748400&to=1773428400 "HTTP/1.1 500 Internal Server Error"
2026-03-14 01:42:05,557 - WARNING -   No history found for QTECH
2026-03-14 01:42:06,262 - INFO - [378/492] Syncing QUET from 2021-03-15...
2026-03-14 01:42:06,593 - INFO - HTTP Request: GET https://beta-restapi.sarmaaya.pk/api/tradingview/history?symbol=QUET&resolution=D&from=1615748400&to=1773428400 "HTTP/1.1 200 OK"
2026-03-14 01:42:07,884 - INFO -   Saved 830 data points for QUET
2026-03-14 01:42:08,590 - INFO - [379/492] Syncing QUICE from 2021-03-15...
2026-03-14 01:42:08,956 - INFO - HTTP Request: GET https://beta-restapi.sarmaaya.pk/api/tradingview/history?symbol=QUICE&resolution=D&from=1615748400&to=1773428400 "HTTP/1.1 200 OK"
2026-03-14 01:42:10,545 - INFO -   Saved 1225 data points for QUICE
2026-03-14 01:42:11,251 - INFO - [380/492] Syncing RCML from 2021-03-15...
2026-03-14 01:42:11,575 - INFO - HTTP Request: GET https://beta-restapi.sarmaaya.pk/api/tradingview/history?symbol=RCML&resolution=D&from=1615748400&to=1773428400 "HTTP/1.1 200 OK"
2026-03-14 01:42:12,798 - INFO -   Saved 581 data points for RCML
2026-03-14 01:42:13,504 - INFO - [381/492] Syncing REDCO from 2021-03-15...
2026-03-14 01:42:13,848 - INFO - HTTP Request: GET https://beta-restapi.sarmaaya.pk/api/tradingview/history?symbol=REDCO&resolution=D&from=1615748400&to=1773428400 "HTTP/1.1 200 OK"
2026-03-14 01:42:15,282 - INFO -   Saved 907 data points for REDCO
2026-03-14 01:42:15,987 - INFO - [382/492] Syncing REWM from 2021-03-15...
2026-03-14 01:42:16,327 - INFO - HTTP Request: GET https://beta-restapi.sarmaaya.pk/api/tradingview/history?symbol=REWM&resolution=D&from=1615748400&to=1773428400 "HTTP/1.1 200 OK"
2026-03-14 01:42:17,697 - INFO -   Saved 922 data points for REWM
2026-03-14 01:42:18,402 - INFO - [383/492] Syncing RICL from 2021-03-15...
2026-03-14 01:42:18,748 - INFO - HTTP Request: GET https://beta-restapi.sarmaaya.pk/api/tradingview/history?symbol=RICL&resolution=D&from=1615748400&to=1773428400 "HTTP/1.1 200 OK"
2026-03-14 01:42:20,071 - INFO -   Saved 893 data points for RICL
2026-03-14 01:42:20,777 - INFO - [384/492] Syncing RMPL from 2021-03-15...
2026-03-14 01:42:21,117 - INFO - HTTP Request: GET https://beta-restapi.sarmaaya.pk/api/tradingview/history?symbol=RMPL&resolution=D&from=1615748400&to=1773428400 "HTTP/1.1 200 OK"
2026-03-14 01:42:22,438 - INFO -   Saved 868 data points for RMPL
2026-03-14 01:42:23,142 - INFO - [385/492] Syncing RPL from 2021-03-15...
2026-03-14 01:42:23,555 - INFO - HTTP Request: GET https://beta-restapi.sarmaaya.pk/api/tradingview/history?symbol=RPL&resolution=D&from=1615748400&to=1773428400 "HTTP/1.1 200 OK"
2026-03-14 01:42:25,118 - INFO -   Saved 1233 data points for RPL
2026-03-14 01:42:25,823 - INFO - [386/492] Syncing RUBY from 2021-03-15...
2026-03-14 01:42:26,163 - INFO - HTTP Request: GET https://beta-restapi.sarmaaya.pk/api/tradingview/history?symbol=RUBY&resolution=D&from=1615748400&to=1773428400 "HTTP/1.1 200 OK"
2026-03-14 01:42:27,399 - INFO -   Saved 832 data points for RUBY
2026-03-14 01:42:28,103 - INFO - [387/492] Syncing RUPL from 2021-03-15...
2026-03-14 01:42:28,437 - INFO - HTTP Request: GET https://beta-restapi.sarmaaya.pk/api/tradingview/history?symbol=RUPL&resolution=D&from=1615748400&to=1773428400 "HTTP/1.1 200 OK"
2026-03-14 01:42:30,007 - INFO -   Saved 1022 data points for RUPL
2026-03-14 01:42:30,713 - INFO - [388/492] Syncing SAIF from 2021-03-15...
2026-03-14 01:42:31,062 - INFO - HTTP Request: GET https://beta-restapi.sarmaaya.pk/api/tradingview/history?symbol=SAIF&resolution=D&from=1615748400&to=1773428400 "HTTP/1.1 200 OK"
2026-03-14 01:42:32,671 - INFO -   Saved 1050 data points for SAIF
2026-03-14 01:42:33,376 - INFO - [389/492] Syncing SANSM from 2021-03-15...
2026-03-14 01:42:33,700 - INFO - HTTP Request: GET https://beta-restapi.sarmaaya.pk/api/tradingview/history?symbol=SANSM&resolution=D&from=1615748400&to=1773428400 "HTTP/1.1 200 OK"
2026-03-14 01:42:35,147 - INFO -   Saved 559 data points for SANSM
2026-03-14 01:42:35,854 - INFO - [390/492] Syncing SAPT from 2021-03-15...
2026-03-14 01:42:36,191 - INFO - HTTP Request: GET https://beta-restapi.sarmaaya.pk/api/tradingview/history?symbol=SAPT&resolution=D&from=1615748400&to=1773428400 "HTTP/1.1 200 OK"
2026-03-14 01:42:37,692 - INFO -   Saved 850 data points for SAPT
2026-03-14 01:42:38,398 - INFO - [391/492] Syncing SARC from 2021-03-15...
2026-03-14 01:42:38,743 - INFO - HTTP Request: GET https://beta-restapi.sarmaaya.pk/api/tradingview/history?symbol=SARC&resolution=D&from=1615748400&to=1773428400 "HTTP/1.1 200 OK"
2026-03-14 01:42:40,081 - INFO -   Saved 709 data points for SARC
2026-03-14 01:42:40,786 - INFO - [392/492] Syncing SASML from 2021-03-15...
2026-03-14 01:42:41,104 - INFO - HTTP Request: GET https://beta-restapi.sarmaaya.pk/api/tradingview/history?symbol=SASML&resolution=D&from=1615748400&to=1773428400 "HTTP/1.1 200 OK"
2026-03-14 01:42:42,322 - INFO -   Saved 552 data points for SASML
2026-03-14 01:42:43,024 - INFO - [393/492] Syncing SAZEW from 2021-03-15...
2026-03-14 01:42:43,398 - INFO - HTTP Request: GET https://beta-restapi.sarmaaya.pk/api/tradingview/history?symbol=SAZEW&resolution=D&from=1615748400&to=1773428400 "HTTP/1.1 200 OK"
2026-03-14 01:42:44,992 - INFO -   Saved 1233 data points for SAZEW
2026-03-14 01:42:45,698 - INFO - [394/492] Syncing SBL from 2021-03-15...
2026-03-14 01:42:46,050 - INFO - HTTP Request: GET https://beta-restapi.sarmaaya.pk/api/tradingview/history?symbol=SBL&resolution=D&from=1615748400&to=1773428400 "HTTP/1.1 200 OK"
2026-03-14 01:42:47,344 - INFO -   Saved 989 data points for SBL
2026-03-14 01:42:48,050 - INFO - [395/492] Syncing SCBPL from 2021-03-15...
2026-03-14 01:42:48,402 - INFO - HTTP Request: GET https://beta-restapi.sarmaaya.pk/api/tradingview/history?symbol=SCBPL&resolution=D&from=1615748400&to=1773428400 "HTTP/1.1 200 OK"
2026-03-14 01:42:50,067 - INFO -   Saved 1161 data points for SCBPL
2026-03-14 01:42:50,772 - INFO - [396/492] Syncing SCL from 2021-03-15...
2026-03-14 01:42:51,105 - INFO - HTTP Request: GET https://beta-restapi.sarmaaya.pk/api/tradingview/history?symbol=SCL&resolution=D&from=1615748400&to=1773428400 "HTTP/1.1 200 OK"
2026-03-14 01:42:52,539 - INFO -   Saved 838 data points for SCL
2026-03-14 01:42:53,242 - INFO - [397/492] Syncing SEARL from 2021-03-15...
2026-03-14 01:42:53,661 - INFO - HTTP Request: GET https://beta-restapi.sarmaaya.pk/api/tradingview/history?symbol=SEARL&resolution=D&from=1615748400&to=1773428400 "HTTP/1.1 200 OK"
2026-03-14 01:42:55,285 - INFO -   Saved 1233 data points for SEARL
2026-03-14 01:42:55,986 - INFO - [398/492] Syncing SEL from 2021-03-15...
2026-03-14 01:42:56,321 - INFO - HTTP Request: GET https://beta-restapi.sarmaaya.pk/api/tradingview/history?symbol=SEL&resolution=D&from=1615748400&to=1773428400 "HTTP/1.1 200 OK"
2026-03-14 01:42:57,656 - INFO -   Saved 647 data points for SEL
2026-03-14 01:42:58,361 - INFO - [399/492] Syncing SEPL from 2021-03-15...
2026-03-14 01:42:58,715 - INFO - HTTP Request: GET https://beta-restapi.sarmaaya.pk/api/tradingview/history?symbol=SEPL&resolution=D&from=1615748400&to=1773428400 "HTTP/1.1 200 OK"
2026-03-14 01:43:00,314 - INFO -   Saved 1186 data points for SEPL
2026-03-14 01:43:01,020 - INFO - [400/492] Syncing SERT from 2021-03-15...
2026-03-14 01:43:01,361 - INFO - HTTP Request: GET https://beta-restapi.sarmaaya.pk/api/tradingview/history?symbol=SERT&resolution=D&from=1615748400&to=1773428400 "HTTP/1.1 200 OK"
2026-03-14 01:43:02,603 - INFO -   Saved 879 data points for SERT
2026-03-14 01:43:03,309 - INFO - [401/492] Syncing SFL from 2021-03-15...
2026-03-14 01:43:03,691 - INFO - HTTP Request: GET https://beta-restapi.sarmaaya.pk/api/tradingview/history?symbol=SFL&resolution=D&from=1615748400&to=1773428400 "HTTP/1.1 200 OK"
2026-03-14 01:43:05,196 - INFO -   Saved 818 data points for SFL
2026-03-14 01:43:05,903 - INFO - [402/492] Syncing SGF from 2021-03-15...
2026-03-14 01:43:06,233 - INFO - HTTP Request: GET https://beta-restapi.sarmaaya.pk/api/tradingview/history?symbol=SGF&resolution=D&from=1615748400&to=1773428400 "HTTP/1.1 200 OK"
2026-03-14 01:43:07,784 - INFO -   Saved 1149 data points for SGF
2026-03-14 01:43:08,487 - INFO - [403/492] Syncing SGPL from 2021-03-15...
2026-03-14 01:43:08,829 - INFO - HTTP Request: GET https://beta-restapi.sarmaaya.pk/api/tradingview/history?symbol=SGPL&resolution=D&from=1615748400&to=1773428400 "HTTP/1.1 200 OK"
2026-03-14 01:43:10,420 - INFO -   Saved 1041 data points for SGPL
2026-03-14 01:43:11,126 - INFO - [404/492] Syncing SHCM from 2021-03-15...
2026-03-14 01:43:11,435 - INFO - HTTP Request: GET https://beta-restapi.sarmaaya.pk/api/tradingview/history?symbol=SHCM&resolution=D&from=1615748400&to=1773428400 "HTTP/1.1 200 OK"
2026-03-14 01:43:12,650 - INFO -   Saved 472 data points for SHCM
2026-03-14 01:43:13,356 - INFO - [405/492] Syncing SHDT from 2021-03-15...
2026-03-14 01:43:13,689 - INFO - HTTP Request: GET https://beta-restapi.sarmaaya.pk/api/tradingview/history?symbol=SHDT&resolution=D&from=1615748400&to=1773428400 "HTTP/1.1 200 OK"
2026-03-14 01:43:14,969 - INFO -   Saved 909 data points for SHDT
2026-03-14 01:43:15,674 - INFO - [406/492] Syncing SHDTR1 from 2021-03-15...
2026-03-14 01:43:15,941 - INFO - HTTP Request: GET https://beta-restapi.sarmaaya.pk/api/tradingview/history?symbol=SHDTR1&resolution=D&from=1615748400&to=1773428400 "HTTP/1.1 500 Internal Server Error"
2026-03-14 01:43:15,944 - WARNING -   No history found for SHDTR1
2026-03-14 01:43:16,649 - INFO - [407/492] Syncing SHEZ from 2021-03-15...
2026-03-14 01:43:16,999 - INFO - HTTP Request: GET https://beta-restapi.sarmaaya.pk/api/tradingview/history?symbol=SHEZ&resolution=D&from=1615748400&to=1773428400 "HTTP/1.1 200 OK"
2026-03-14 01:43:18,737 - INFO -   Saved 1126 data points for SHEZ
2026-03-14 01:43:19,441 - INFO - [408/492] Syncing SHFA from 2021-03-15...
2026-03-14 01:43:19,876 - INFO - HTTP Request: GET https://beta-restapi.sarmaaya.pk/api/tradingview/history?symbol=SHFA&resolution=D&from=1615748400&to=1773428400 "HTTP/1.1 200 OK"
2026-03-14 01:43:21,519 - INFO -   Saved 1182 data points for SHFA
2026-03-14 01:43:22,223 - INFO - [409/492] Syncing SHJS from 2021-03-15...
2026-03-14 01:43:22,552 - INFO - HTTP Request: GET https://beta-restapi.sarmaaya.pk/api/tradingview/history?symbol=SHJS&resolution=D&from=1615748400&to=1773428400 "HTTP/1.1 200 OK"
2026-03-14 01:43:23,992 - INFO -   Saved 753 data points for SHJS
2026-03-14 01:43:24,695 - INFO - [410/492] Syncing SHNI from 2021-03-15...
2026-03-14 01:43:25,034 - INFO - HTTP Request: GET https://beta-restapi.sarmaaya.pk/api/tradingview/history?symbol=SHNI&resolution=D&from=1615748400&to=1773428400 "HTTP/1.1 200 OK"
2026-03-14 01:43:26,325 - INFO -   Saved 989 data points for SHNI
2026-03-14 01:43:27,030 - INFO - [411/492] Syncing SHSML from 2021-03-15...
2026-03-14 01:43:27,378 - INFO - HTTP Request: GET https://beta-restapi.sarmaaya.pk/api/tradingview/history?symbol=SHSML&resolution=D&from=1615748400&to=1773428400 "HTTP/1.1 200 OK"
2026-03-14 01:43:28,931 - INFO -   Saved 1050 data points for SHSML
2026-03-14 01:43:29,637 - INFO - [412/492] Syncing SIBL from 2021-03-15...
2026-03-14 01:43:29,974 - INFO - HTTP Request: GET https://beta-restapi.sarmaaya.pk/api/tradingview/history?symbol=SIBL&resolution=D&from=1615748400&to=1773428400 "HTTP/1.1 200 OK"
2026-03-14 01:43:33,694 - INFO -   Saved 676 data points for SIBL
2026-03-14 01:43:34,399 - INFO - [413/492] Syncing SIEM from 2021-03-15...
2026-03-14 01:43:34,748 - INFO - HTTP Request: GET https://beta-restapi.sarmaaya.pk/api/tradingview/history?symbol=SIEM&resolution=D&from=1615748400&to=1773428400 "HTTP/1.1 200 OK"
2026-03-14 01:43:36,378 - INFO -   Saved 1045 data points for SIEM
2026-03-14 01:43:37,083 - INFO - [414/492] Syncing SINDM from 2021-03-15...
2026-03-14 01:43:37,408 - INFO - HTTP Request: GET https://beta-restapi.sarmaaya.pk/api/tradingview/history?symbol=SINDM&resolution=D&from=1615748400&to=1773428400 "HTTP/1.1 200 OK"
2026-03-14 01:43:38,692 - INFO -   Saved 807 data points for SINDM
2026-03-14 01:43:39,398 - INFO - [415/492] Syncing SITC from 2021-03-15...
2026-03-14 01:43:40,325 - INFO - HTTP Request: GET https://beta-restapi.sarmaaya.pk/api/tradingview/history?symbol=SITC&resolution=D&from=1615748400&to=1773428400 "HTTP/1.1 200 OK"
2026-03-14 01:43:42,195 - INFO -   Saved 1061 data points for SITC
2026-03-14 01:43:42,901 - INFO - [416/492] Syncing SKRS from 2021-03-15...
2026-03-14 01:43:44,553 - INFO - HTTP Request: GET https://beta-restapi.sarmaaya.pk/api/tradingview/history?symbol=SKRS&resolution=D&from=1615748400&to=1773428400 "HTTP/1.1 200 OK"
2026-03-14 01:43:46,283 - INFO -   Saved 1185 data points for SKRS
2026-03-14 01:43:46,988 - INFO - [417/492] Syncing SLGL from 2021-03-15...
2026-03-14 01:43:47,419 - INFO - HTTP Request: GET https://beta-restapi.sarmaaya.pk/api/tradingview/history?symbol=SLGL&resolution=D&from=1615748400&to=1773428400 "HTTP/1.1 500 Internal Server Error"
2026-03-14 01:43:47,422 - WARNING -   No history found for SLGL
2026-03-14 01:43:48,125 - INFO - [418/492] Syncing SLYT from 2021-03-15...
2026-03-14 01:43:48,449 - INFO - HTTP Request: GET https://beta-restapi.sarmaaya.pk/api/tradingview/history?symbol=SLYT&resolution=D&from=1615748400&to=1773428400 "HTTP/1.1 200 OK"
2026-03-14 01:43:49,676 - INFO -   Saved 559 data points for SLYT
2026-03-14 01:43:50,379 - INFO - [419/492] Syncing SMCPL from 2021-03-15...
2026-03-14 01:43:50,733 - INFO - HTTP Request: GET https://beta-restapi.sarmaaya.pk/api/tradingview/history?symbol=SMCPL&resolution=D&from=1615748400&to=1773428400 "HTTP/1.1 200 OK"
2026-03-14 01:43:52,545 - INFO -   Saved 1003 data points for SMCPL
2026-03-14 01:43:53,248 - INFO - [420/492] Syncing SML from 2021-03-15...
2026-03-14 01:43:53,585 - INFO - HTTP Request: GET https://beta-restapi.sarmaaya.pk/api/tradingview/history?symbol=SML&resolution=D&from=1615748400&to=1773428400 "HTTP/1.1 200 OK"
2026-03-14 01:43:54,910 - INFO -   Saved 735 data points for SML
2026-03-14 01:43:55,614 - INFO - [421/492] Syncing SNAI from 2021-03-15...
2026-03-14 01:43:55,957 - INFO - HTTP Request: GET https://beta-restapi.sarmaaya.pk/api/tradingview/history?symbol=SNAI&resolution=D&from=1615748400&to=1773428400 "HTTP/1.1 200 OK"
2026-03-14 01:43:57,354 - INFO -   Saved 751 data points for SNAI
2026-03-14 01:43:58,056 - INFO - [422/492] Syncing SNBL from 2021-03-15...
2026-03-14 01:43:58,480 - INFO - HTTP Request: GET https://beta-restapi.sarmaaya.pk/api/tradingview/history?symbol=SNBL&resolution=D&from=1615748400&to=1773428400 "HTTP/1.1 200 OK"
2026-03-14 01:44:00,225 - INFO -   Saved 1205 data points for SNBL
2026-03-14 01:44:00,932 - INFO - [423/492] Syncing SNGP from 2021-03-15...
2026-03-14 01:44:01,449 - INFO - HTTP Request: GET https://beta-restapi.sarmaaya.pk/api/tradingview/history?symbol=SNGP&resolution=D&from=1615748400&to=1773428400 "HTTP/1.1 200 OK"
2026-03-14 01:44:03,294 - INFO -   Saved 1233 data points for SNGP
2026-03-14 01:44:03,996 - INFO - [424/492] Syncing SPEL from 2021-03-15...
2026-03-14 01:44:04,336 - INFO - HTTP Request: GET https://beta-restapi.sarmaaya.pk/api/tradingview/history?symbol=SPEL&resolution=D&from=1615748400&to=1773428400 "HTTP/1.1 200 OK"
2026-03-14 01:44:05,951 - INFO -   Saved 1219 data points for SPEL
2026-03-14 01:44:06,656 - INFO - [425/492] Syncing SPL from 2021-03-15...
2026-03-14 01:44:07,013 - INFO - HTTP Request: GET https://beta-restapi.sarmaaya.pk/api/tradingview/history?symbol=SPL&resolution=D&from=1615748400&to=1773428400 "HTTP/1.1 200 OK"
2026-03-14 01:44:08,694 - INFO -   Saved 1205 data points for SPL
2026-03-14 01:44:09,398 - INFO - [426/492] Syncing SPWL from 2021-03-15...
2026-03-14 01:44:09,739 - INFO - HTTP Request: GET https://beta-restapi.sarmaaya.pk/api/tradingview/history?symbol=SPWL&resolution=D&from=1615748400&to=1773428400 "HTTP/1.1 200 OK"
2026-03-14 01:44:11,323 - INFO -   Saved 1233 data points for SPWL
2026-03-14 01:44:12,028 - INFO - [427/492] Syncing SRR from 2021-03-15...
2026-03-14 01:44:12,296 - INFO - HTTP Request: GET https://beta-restapi.sarmaaya.pk/api/tradingview/history?symbol=SRR&resolution=D&from=1615748400&to=1773428400 "HTTP/1.1 500 Internal Server Error"
2026-03-14 01:44:12,297 - WARNING -   No history found for SRR
2026-03-14 01:44:13,002 - INFO - [428/492] Syncing SRVI from 2021-03-15...
2026-03-14 01:44:13,369 - INFO - HTTP Request: GET https://beta-restapi.sarmaaya.pk/api/tradingview/history?symbol=SRVI&resolution=D&from=1615748400&to=1773428400 "HTTP/1.1 200 OK"
2026-03-14 01:44:14,995 - INFO -   Saved 1219 data points for SRVI
2026-03-14 01:44:15,696 - INFO - [429/492] Syncing SSGC from 2021-03-15...
2026-03-14 01:44:16,056 - INFO - HTTP Request: GET https://beta-restapi.sarmaaya.pk/api/tradingview/history?symbol=SSGC&resolution=D&from=1615748400&to=1773428400 "HTTP/1.1 200 OK"
2026-03-14 01:44:17,725 - INFO -   Saved 1233 data points for SSGC
2026-03-14 01:44:18,427 - INFO - [430/492] Syncing SSML from 2021-03-15...
2026-03-14 01:44:18,770 - INFO - HTTP Request: GET https://beta-restapi.sarmaaya.pk/api/tradingview/history?symbol=SSML&resolution=D&from=1615748400&to=1773428400 "HTTP/1.1 200 OK"
2026-03-14 01:44:20,500 - INFO -   Saved 1085 data points for SSML
2026-03-14 01:44:21,202 - INFO - [431/492] Syncing SSOM from 2021-03-15...
2026-03-14 01:44:21,625 - INFO - HTTP Request: GET https://beta-restapi.sarmaaya.pk/api/tradingview/history?symbol=SSOM&resolution=D&from=1615748400&to=1773428400 "HTTP/1.1 200 OK"
2026-03-14 01:44:22,861 - INFO -   Saved 883 data points for SSOM
2026-03-14 01:44:23,566 - INFO - [432/492] Syncing STCL from 2021-03-15...
2026-03-14 01:44:23,924 - INFO - HTTP Request: GET https://beta-restapi.sarmaaya.pk/api/tradingview/history?symbol=STCL&resolution=D&from=1615748400&to=1773428400 "HTTP/1.1 200 OK"
2026-03-14 01:44:25,543 - INFO -   Saved 1230 data points for STCL
2026-03-14 01:44:26,246 - INFO - [433/492] Syncing STJT from 2021-03-15...
2026-03-14 01:44:26,597 - INFO - HTTP Request: GET https://beta-restapi.sarmaaya.pk/api/tradingview/history?symbol=STJT&resolution=D&from=1615748400&to=1773428400 "HTTP/1.1 200 OK"
2026-03-14 01:44:27,857 - INFO -   Saved 828 data points for STJT
2026-03-14 01:44:28,563 - INFO - [434/492] Syncing STL from 2021-03-15...
2026-03-14 01:44:28,832 - INFO - HTTP Request: GET https://beta-restapi.sarmaaya.pk/api/tradingview/history?symbol=STL&resolution=D&from=1615748400&to=1773428400 "HTTP/1.1 500 Internal Server Error"
2026-03-14 01:44:28,833 - WARNING -   No history found for STL
2026-03-14 01:44:29,538 - INFO - [435/492] Syncing STML from 2021-03-15...
2026-03-14 01:44:29,858 - INFO - HTTP Request: GET https://beta-restapi.sarmaaya.pk/api/tradingview/history?symbol=STML&resolution=D&from=1615748400&to=1773428400 "HTTP/1.1 200 OK"
2026-03-14 01:44:31,090 - INFO -   Saved 578 data points for STML
2026-03-14 01:44:31,792 - INFO - [436/492] Syncing STPL from 2021-03-15...
2026-03-14 01:44:32,140 - INFO - HTTP Request: GET https://beta-restapi.sarmaaya.pk/api/tradingview/history?symbol=STPL&resolution=D&from=1615748400&to=1773428400 "HTTP/1.1 200 OK"
2026-03-14 01:44:33,834 - INFO -   Saved 1233 data points for STPL
2026-03-14 01:44:34,539 - INFO - [437/492] Syncing STYLERS from 2021-03-15...
2026-03-14 01:44:34,812 - INFO - HTTP Request: GET https://beta-restapi.sarmaaya.pk/api/tradingview/history?symbol=STYLERS&resolution=D&from=1615748400&to=1773428400 "HTTP/1.1 500 Internal Server Error"
2026-03-14 01:44:34,814 - WARNING -   No history found for STYLERS
2026-03-14 01:44:35,520 - INFO - [438/492] Syncing SUHJ from 2021-03-15...
2026-03-14 01:44:35,838 - INFO - HTTP Request: GET https://beta-restapi.sarmaaya.pk/api/tradingview/history?symbol=SUHJ&resolution=D&from=1615748400&to=1773428400 "HTTP/1.1 200 OK"
2026-03-14 01:44:37,286 - INFO -   Saved 412 data points for SUHJ
2026-03-14 01:44:37,991 - INFO - [439/492] Syncing SURC from 2021-03-15...
2026-03-14 01:44:38,416 - INFO - HTTP Request: GET https://beta-restapi.sarmaaya.pk/api/tradingview/history?symbol=SURC&resolution=D&from=1615748400&to=1773428400 "HTTP/1.1 200 OK"
2026-03-14 01:44:39,844 - INFO -   Saved 702 data points for SURC
2026-03-14 01:44:40,550 - INFO - [440/492] Syncing SUTM from 2021-03-15...
2026-03-14 01:44:43,037 - INFO - HTTP Request: GET https://beta-restapi.sarmaaya.pk/api/tradingview/history?symbol=SUTM&resolution=D&from=1615748400&to=1773428400 "HTTP/1.1 200 OK"
2026-03-14 01:44:44,358 - INFO -   Saved 940 data points for SUTM
2026-03-14 01:44:45,063 - INFO - [441/492] Syncing SYM from 2021-03-15...
2026-03-14 01:44:45,333 - INFO - HTTP Request: GET https://beta-restapi.sarmaaya.pk/api/tradingview/history?symbol=SYM&resolution=D&from=1615748400&to=1773428400 "HTTP/1.1 500 Internal Server Error"
2026-03-14 01:44:45,335 - WARNING -   No history found for SYM
2026-03-14 01:44:46,040 - INFO - [442/492] Syncing SYS from 2021-03-15...
2026-03-14 01:44:46,367 - INFO - HTTP Request: GET https://beta-restapi.sarmaaya.pk/api/tradingview/history?symbol=SYS&resolution=D&from=1615748400&to=1773428400 "HTTP/1.1 200 OK"
2026-03-14 01:44:48,033 - INFO -   Saved 1231 data points for SYS
2026-03-14 01:44:48,738 - INFO - [443/492] Syncing SZTM from 2021-03-15...
2026-03-14 01:44:49,039 - INFO - HTTP Request: GET https://beta-restapi.sarmaaya.pk/api/tradingview/history?symbol=SZTM&resolution=D&from=1615748400&to=1773428400 "HTTP/1.1 200 OK"
2026-03-14 01:44:50,246 - INFO -   Saved 270 data points for SZTM
2026-03-14 01:44:50,951 - INFO - [444/492] Syncing TATM from 2021-03-15...
2026-03-14 01:44:51,290 - INFO - HTTP Request: GET https://beta-restapi.sarmaaya.pk/api/tradingview/history?symbol=TATM&resolution=D&from=1615748400&to=1773428400 "HTTP/1.1 200 OK"
2026-03-14 01:44:52,520 - INFO -   Saved 997 data points for TATM
2026-03-14 01:44:53,225 - INFO - [445/492] Syncing TBL from 2021-03-15...
2026-03-14 01:44:53,504 - INFO - HTTP Request: GET https://beta-restapi.sarmaaya.pk/api/tradingview/history?symbol=TBL&resolution=D&from=1615748400&to=1773428400 "HTTP/1.1 500 Internal Server Error"
2026-03-14 01:44:53,505 - WARNING -   No history found for TBL
2026-03-14 01:44:54,210 - INFO - [446/492] Syncing TCORP from 2021-03-15...
2026-03-14 01:44:54,476 - INFO - HTTP Request: GET https://beta-restapi.sarmaaya.pk/api/tradingview/history?symbol=TCORP&resolution=D&from=1615748400&to=1773428400 "HTTP/1.1 500 Internal Server Error"
2026-03-14 01:44:54,478 - WARNING -   No history found for TCORP
2026-03-14 01:44:55,188 - INFO - [447/492] Syncing TCORPCPS from 2021-03-15...
2026-03-14 01:44:55,459 - INFO - HTTP Request: GET https://beta-restapi.sarmaaya.pk/api/tradingview/history?symbol=TCORPCPS&resolution=D&from=1615748400&to=1773428400 "HTTP/1.1 500 Internal Server Error"
2026-03-14 01:44:55,462 - WARNING -   No history found for TCORPCPS
2026-03-14 01:44:56,165 - INFO - [448/492] Syncing TELE from 2021-03-15...
2026-03-14 01:44:56,522 - INFO - HTTP Request: GET https://beta-restapi.sarmaaya.pk/api/tradingview/history?symbol=TELE&resolution=D&from=1615748400&to=1773428400 "HTTP/1.1 200 OK"
2026-03-14 01:44:58,074 - INFO -   Saved 1233 data points for TELE
2026-03-14 01:44:58,778 - INFO - [449/492] Syncing TGL from 2021-03-15...
2026-03-14 01:44:59,141 - INFO - HTTP Request: GET https://beta-restapi.sarmaaya.pk/api/tradingview/history?symbol=TGL&resolution=D&from=1615748400&to=1773428400 "HTTP/1.1 200 OK"
2026-03-14 01:45:00,701 - INFO -   Saved 1233 data points for TGL
2026-03-14 01:45:01,402 - INFO - [450/492] Syncing THALL from 2021-03-15...
2026-03-14 01:45:01,863 - INFO - HTTP Request: GET https://beta-restapi.sarmaaya.pk/api/tradingview/history?symbol=THALL&resolution=D&from=1615748400&to=1773428400 "HTTP/1.1 200 OK"
2026-03-14 01:45:03,597 - INFO -   Saved 1204 data points for THALL
2026-03-14 01:45:04,302 - INFO - [451/492] Syncing THCCL from 2021-03-15...
2026-03-14 01:45:05,218 - INFO - HTTP Request: GET https://beta-restapi.sarmaaya.pk/api/tradingview/history?symbol=THCCL&resolution=D&from=1615748400&to=1773428400 "HTTP/1.1 200 OK"
2026-03-14 01:45:06,786 - INFO -   Saved 1221 data points for THCCL
2026-03-14 01:45:07,489 - INFO - [452/492] Syncing TICL from 2021-03-15...
2026-03-14 01:45:07,814 - INFO - HTTP Request: GET https://beta-restapi.sarmaaya.pk/api/tradingview/history?symbol=TICL&resolution=D&from=1615748400&to=1773428400 "HTTP/1.1 200 OK"
2026-03-14 01:45:09,069 - INFO -   Saved 823 data points for TICL
2026-03-14 01:45:09,774 - INFO - [453/492] Syncing TOMCL from 2021-03-15...
2026-03-14 01:45:10,133 - INFO - HTTP Request: GET https://beta-restapi.sarmaaya.pk/api/tradingview/history?symbol=TOMCL&resolution=D&from=1615748400&to=1773428400 "HTTP/1.1 200 OK"
2026-03-14 01:45:11,781 - INFO -   Saved 1233 data points for TOMCL
2026-03-14 01:45:12,485 - INFO - [454/492] Syncing TOWL from 2021-03-15...
2026-03-14 01:45:12,824 - INFO - HTTP Request: GET https://beta-restapi.sarmaaya.pk/api/tradingview/history?symbol=TOWL&resolution=D&from=1615748400&to=1773428400 "HTTP/1.1 200 OK"
2026-03-14 01:45:14,461 - INFO -   Saved 1104 data points for TOWL
2026-03-14 01:45:15,167 - INFO - [455/492] Syncing TPL from 2021-03-15...
2026-03-14 01:45:15,514 - INFO - HTTP Request: GET https://beta-restapi.sarmaaya.pk/api/tradingview/history?symbol=TPL&resolution=D&from=1615748400&to=1773428400 "HTTP/1.1 200 OK"
2026-03-14 01:45:17,114 - INFO -   Saved 1232 data points for TPL
2026-03-14 01:45:17,819 - INFO - [456/492] Syncing TPLI from 2021-03-15...
2026-03-14 01:45:18,249 - INFO - HTTP Request: GET https://beta-restapi.sarmaaya.pk/api/tradingview/history?symbol=TPLI&resolution=D&from=1615748400&to=1773428400 "HTTP/1.1 200 OK"
2026-03-14 01:45:20,096 - INFO -   Saved 1069 data points for TPLI
2026-03-14 01:45:20,802 - INFO - [457/492] Syncing TPLL from 2021-03-15...
2026-03-14 01:45:21,074 - INFO - HTTP Request: GET https://beta-restapi.sarmaaya.pk/api/tradingview/history?symbol=TPLL&resolution=D&from=1615748400&to=1773428400 "HTTP/1.1 500 Internal Server Error"
2026-03-14 01:45:21,074 - WARNING -   No history found for TPLL
2026-03-14 01:45:21,777 - INFO - [458/492] Syncing TPLP from 2021-03-15...
2026-03-14 01:45:22,343 - INFO - HTTP Request: GET https://beta-restapi.sarmaaya.pk/api/tradingview/history?symbol=TPLP&resolution=D&from=1615748400&to=1773428400 "HTTP/1.1 200 OK"
2026-03-14 01:45:24,021 - INFO -   Saved 1231 data points for TPLP
2026-03-14 01:45:24,723 - INFO - [459/492] Syncing TPLRF1 from 2021-03-15...
2026-03-14 01:45:24,993 - INFO - HTTP Request: GET https://beta-restapi.sarmaaya.pk/api/tradingview/history?symbol=TPLRF1&resolution=D&from=1615748400&to=1773428400 "HTTP/1.1 500 Internal Server Error"
2026-03-14 01:45:24,994 - WARNING -   No history found for TPLRF1
2026-03-14 01:45:25,695 - INFO - [460/492] Syncing TPLT from 2021-03-15...
2026-03-14 01:45:26,113 - INFO - HTTP Request: GET https://beta-restapi.sarmaaya.pk/api/tradingview/history?symbol=TPLT&resolution=D&from=1615748400&to=1773428400 "HTTP/1.1 200 OK"
2026-03-14 01:45:27,672 - INFO -   Saved 1188 data points for TPLT
2026-03-14 01:45:28,378 - INFO - [461/492] Syncing TREET from 2021-03-15...
2026-03-14 01:45:28,821 - INFO - HTTP Request: GET https://beta-restapi.sarmaaya.pk/api/tradingview/history?symbol=TREET&resolution=D&from=1615748400&to=1773428400 "HTTP/1.1 200 OK"
2026-03-14 01:45:30,635 - INFO -   Saved 1233 data points for TREET
2026-03-14 01:45:31,336 - INFO - [462/492] Syncing TRG from 2021-03-15...
2026-03-14 01:45:31,781 - INFO - HTTP Request: GET https://beta-restapi.sarmaaya.pk/api/tradingview/history?symbol=TRG&resolution=D&from=1615748400&to=1773428400 "HTTP/1.1 200 OK"
2026-03-14 01:45:33,510 - INFO -   Saved 1233 data points for TRG
2026-03-14 01:45:34,215 - INFO - [463/492] Syncing TRIPF from 2021-03-15...
2026-03-14 01:45:34,656 - INFO - HTTP Request: GET https://beta-restapi.sarmaaya.pk/api/tradingview/history?symbol=TRIPF&resolution=D&from=1615748400&to=1773428400 "HTTP/1.1 200 OK"
2026-03-14 01:45:36,256 - INFO -   Saved 1125 data points for TRIPF
2026-03-14 01:45:36,960 - INFO - [464/492] Syncing TRSM from 2021-03-15...
2026-03-14 01:45:37,415 - INFO - HTTP Request: GET https://beta-restapi.sarmaaya.pk/api/tradingview/history?symbol=TRSM&resolution=D&from=1615748400&to=1773428400 "HTTP/1.1 200 OK"
2026-03-14 01:45:38,656 - INFO -   Saved 798 data points for TRSM
2026-03-14 01:45:39,362 - INFO - [465/492] Syncing TSBL from 2021-03-15...
2026-03-14 01:45:39,733 - INFO - HTTP Request: GET https://beta-restapi.sarmaaya.pk/api/tradingview/history?symbol=TSBL&resolution=D&from=1615748400&to=1773428400 "HTTP/1.1 200 OK"
2026-03-14 01:45:41,184 - INFO -   Saved 527 data points for TSBL
2026-03-14 01:45:41,885 - INFO - [466/492] Syncing TSBLR1 from 2021-03-15...
2026-03-14 01:45:42,152 - INFO - HTTP Request: GET https://beta-restapi.sarmaaya.pk/api/tradingview/history?symbol=TSBLR1&resolution=D&from=1615748400&to=1773428400 "HTTP/1.1 500 Internal Server Error"
2026-03-14 01:45:42,154 - WARNING -   No history found for TSBLR1
2026-03-14 01:45:42,860 - INFO - [467/492] Syncing TSMF from 2021-03-15...
2026-03-14 01:45:43,236 - INFO - HTTP Request: GET https://beta-restapi.sarmaaya.pk/api/tradingview/history?symbol=TSMF&resolution=D&from=1615748400&to=1773428400 "HTTP/1.1 200 OK"
2026-03-14 01:45:44,693 - INFO -   Saved 700 data points for TSMF
2026-03-14 01:45:45,399 - INFO - [468/492] Syncing TSML from 2021-03-15...
2026-03-14 01:45:45,774 - INFO - HTTP Request: GET https://beta-restapi.sarmaaya.pk/api/tradingview/history?symbol=TSML&resolution=D&from=1615748400&to=1773428400 "HTTP/1.1 200 OK"
2026-03-14 01:45:46,992 - INFO -   Saved 626 data points for TSML
2026-03-14 01:45:47,698 - INFO - [469/492] Syncing TSPL from 2021-03-15...
2026-03-14 01:45:48,122 - INFO - HTTP Request: GET https://beta-restapi.sarmaaya.pk/api/tradingview/history?symbol=TSPL&resolution=D&from=1615748400&to=1773428400 "HTTP/1.1 200 OK"
2026-03-14 01:45:49,689 - INFO -   Saved 1212 data points for TSPL
2026-03-14 01:45:50,394 - INFO - [470/492] Syncing UBDL from 2021-03-15...
2026-03-14 01:45:50,781 - INFO - HTTP Request: GET https://beta-restapi.sarmaaya.pk/api/tradingview/history?symbol=UBDL&resolution=D&from=1615748400&to=1773428400 "HTTP/1.1 200 OK"
2026-03-14 01:45:52,057 - INFO -   Saved 989 data points for UBDL
2026-03-14 01:45:52,762 - INFO - [471/492] Syncing UBL from 2021-03-15...
2026-03-14 01:45:53,190 - INFO - HTTP Request: GET https://beta-restapi.sarmaaya.pk/api/tradingview/history?symbol=UBL&resolution=D&from=1615748400&to=1773428400 "HTTP/1.1 200 OK"
2026-03-14 01:45:54,902 - INFO -   Saved 1233 data points for UBL
2026-03-14 01:45:55,608 - INFO - [472/492] Syncing UBLPETF from 2021-03-15...
2026-03-14 01:45:55,968 - INFO - HTTP Request: GET https://beta-restapi.sarmaaya.pk/api/tradingview/history?symbol=UBLPETF&resolution=D&from=1615748400&to=1773428400 "HTTP/1.1 200 OK"
2026-03-14 01:45:57,200 - INFO -   Saved 703 data points for UBLPETF
2026-03-14 01:45:57,906 - INFO - [473/492] Syncing UCAPM from 2021-03-15...
2026-03-14 01:45:58,321 - INFO - HTTP Request: GET https://beta-restapi.sarmaaya.pk/api/tradingview/history?symbol=UCAPM&resolution=D&from=1615748400&to=1773428400 "HTTP/1.1 200 OK"
2026-03-14 01:45:59,962 - INFO -   Saved 1099 data points for UCAPM
2026-03-14 01:46:00,664 - INFO - [474/492] Syncing UDLI from 2021-03-15...
2026-03-14 01:46:00,931 - INFO - HTTP Request: GET https://beta-restapi.sarmaaya.pk/api/tradingview/history?symbol=UDLI&resolution=D&from=1615748400&to=1773428400 "HTTP/1.1 500 Internal Server Error"
2026-03-14 01:46:00,933 - WARNING -   No history found for UDLI
2026-03-14 01:46:01,635 - INFO - [475/492] Syncing UDPL from 2021-03-15...
2026-03-14 01:46:02,079 - INFO - HTTP Request: GET https://beta-restapi.sarmaaya.pk/api/tradingview/history?symbol=UDPL&resolution=D&from=1615748400&to=1773428400 "HTTP/1.1 200 OK"
2026-03-14 01:46:03,313 - INFO -   Saved 636 data points for UDPL
2026-03-14 01:46:04,019 - INFO - [476/492] Syncing UNIC from 2021-03-15...
2026-03-14 01:46:04,440 - INFO - HTTP Request: GET https://beta-restapi.sarmaaya.pk/api/tradingview/history?symbol=UNIC&resolution=D&from=1615748400&to=1773428400 "HTTP/1.1 200 OK"
2026-03-14 01:46:06,025 - INFO -   Saved 1126 data points for UNIC
2026-03-14 01:46:06,734 - INFO - [477/492] Syncing UNITY from 2021-03-15...
2026-03-14 01:46:07,166 - INFO - HTTP Request: GET https://beta-restapi.sarmaaya.pk/api/tradingview/history?symbol=UNITY&resolution=D&from=1615748400&to=1773428400 "HTTP/1.1 200 OK"
2026-03-14 01:46:08,805 - INFO -   Saved 1233 data points for UNITY
2026-03-14 01:46:09,508 - INFO - [478/492] Syncing UPFL from 2021-03-15...
2026-03-14 01:46:10,186 - INFO - HTTP Request: GET https://beta-restapi.sarmaaya.pk/api/tradingview/history?symbol=UPFL&resolution=D&from=1615748400&to=1773428400 "HTTP/1.1 200 OK"
2026-03-14 01:46:11,597 - INFO -   Saved 769 data points for UPFL
2026-03-14 01:46:12,300 - INFO - [479/492] Syncing UVIC from 2021-03-15...
2026-03-14 01:46:15,278 - INFO - HTTP Request: GET https://beta-restapi.sarmaaya.pk/api/tradingview/history?symbol=UVIC&resolution=D&from=1615748400&to=1773428400 "HTTP/1.1 200 OK"
2026-03-14 01:46:16,504 - INFO -   Saved 807 data points for UVIC
2026-03-14 01:46:17,210 - INFO - [480/492] Syncing WAFI from 2021-03-15...
2026-03-14 01:46:17,821 - INFO - HTTP Request: GET https://beta-restapi.sarmaaya.pk/api/tradingview/history?symbol=WAFI&resolution=D&from=1615748400&to=1773428400 "HTTP/1.1 500 Internal Server Error"
2026-03-14 01:46:17,822 - WARNING -   No history found for WAFI
2026-03-14 01:46:18,527 - INFO - [481/492] Syncing WAHN from 2021-03-15...
2026-03-14 01:46:18,976 - INFO - HTTP Request: GET https://beta-restapi.sarmaaya.pk/api/tradingview/history?symbol=WAHN&resolution=D&from=1615748400&to=1773428400 "HTTP/1.1 200 OK"
2026-03-14 01:46:20,220 - INFO -   Saved 950 data points for WAHN
2026-03-14 01:46:20,925 - INFO - [482/492] Syncing WASL from 2021-03-15...
2026-03-14 01:46:21,192 - INFO - HTTP Request: GET https://beta-restapi.sarmaaya.pk/api/tradingview/history?symbol=WASL&resolution=D&from=1615748400&to=1773428400 "HTTP/1.1 500 Internal Server Error"
2026-03-14 01:46:21,193 - WARNING -   No history found for WASL
2026-03-14 01:46:21,894 - INFO - [483/492] Syncing WASLR from 2021-03-15...
2026-03-14 01:46:22,160 - INFO - HTTP Request: GET https://beta-restapi.sarmaaya.pk/api/tradingview/history?symbol=WASLR&resolution=D&from=1615748400&to=1773428400 "HTTP/1.1 500 Internal Server Error"
2026-03-14 01:46:22,167 - WARNING -   No history found for WASLR
2026-03-14 01:46:22,871 - INFO - [484/492] Syncing WAVES from 2021-03-15...
2026-03-14 01:46:23,315 - INFO - HTTP Request: GET https://beta-restapi.sarmaaya.pk/api/tradingview/history?symbol=WAVES&resolution=D&from=1615748400&to=1773428400 "HTTP/1.1 200 OK"
2026-03-14 01:46:25,387 - INFO -   Saved 1233 data points for WAVES
2026-03-14 01:46:26,092 - INFO - [485/492] Syncing WAVESAPP from 2021-03-15...
2026-03-14 01:46:26,364 - INFO - HTTP Request: GET https://beta-restapi.sarmaaya.pk/api/tradingview/history?symbol=WAVESAPP&resolution=D&from=1615748400&to=1773428400 "HTTP/1.1 500 Internal Server Error"
2026-03-14 01:46:26,365 - WARNING -   No history found for WAVESAPP
2026-03-14 01:46:27,071 - INFO - [486/492] Syncing WTL from 2021-03-15...
2026-03-14 01:46:27,523 - INFO - HTTP Request: GET https://beta-restapi.sarmaaya.pk/api/tradingview/history?symbol=WTL&resolution=D&from=1615748400&to=1773428400 "HTTP/1.1 200 OK"
2026-03-14 01:46:29,950 - INFO -   Saved 1233 data points for WTL
2026-03-14 01:46:30,652 - INFO - [487/492] Syncing YOUW from 2021-03-15...
2026-03-14 01:46:31,096 - INFO - HTTP Request: GET https://beta-restapi.sarmaaya.pk/api/tradingview/history?symbol=YOUW&resolution=D&from=1615748400&to=1773428400 "HTTP/1.1 200 OK"
2026-03-14 01:46:32,974 - INFO -   Saved 1233 data points for YOUW
2026-03-14 01:46:33,679 - INFO - [488/492] Syncing ZAHID from 2021-03-15...
2026-03-14 01:46:34,066 - INFO - HTTP Request: GET https://beta-restapi.sarmaaya.pk/api/tradingview/history?symbol=ZAHID&resolution=D&from=1615748400&to=1773428400 "HTTP/1.1 200 OK"
2026-03-14 01:46:35,299 - INFO -   Saved 740 data points for ZAHID
2026-03-14 01:46:36,005 - INFO - [489/492] Syncing ZAL from 2021-03-15...
2026-03-14 01:46:36,306 - INFO - HTTP Request: GET https://beta-restapi.sarmaaya.pk/api/tradingview/history?symbol=ZAL&resolution=D&from=1615748400&to=1773428400 "HTTP/1.1 200 OK"
2026-03-14 01:46:37,521 - INFO -   Saved 261 data points for ZAL
2026-03-14 01:46:38,224 - INFO - [490/492] Syncing ZIL from 2021-03-15...
2026-03-14 01:46:38,615 - INFO - HTTP Request: GET https://beta-restapi.sarmaaya.pk/api/tradingview/history?symbol=ZIL&resolution=D&from=1615748400&to=1773428400 "HTTP/1.1 200 OK"
2026-03-14 01:46:39,859 - INFO -   Saved 807 data points for ZIL
2026-03-14 01:46:40,565 - INFO - [491/492] Syncing ZTL from 2021-03-15...
2026-03-14 01:46:40,945 - INFO - HTTP Request: GET https://beta-restapi.sarmaaya.pk/api/tradingview/history?symbol=ZTL&resolution=D&from=1615748400&to=1773428400 "HTTP/1.1 200 OK"
2026-03-14 01:46:42,181 - INFO -   Saved 821 data points for ZTL
2026-03-14 01:46:42,886 - INFO - [492/492] Syncing ZUMA from 2021-03-15...
2026-03-14 01:46:43,154 - INFO - HTTP Request: GET https://beta-restapi.sarmaaya.pk/api/tradingview/history?symbol=ZUMA&resolution=D&from=1615748400&to=1773428400 "HTTP/1.1 500 Internal Server Error"
2026-03-14 01:46:43,156 - WARNING -   No history found for ZUMA
2026-03-14 01:46:43,861 - INFO - Bulk sync finished! Synced 435 NEW symbols.
2026-03-14 02:42:38,173 - INFO - Starting Bulk PSX Data Sync (5 years)...
2026-03-14 02:42:47,400 - INFO - Fetching symbol list...
2026-03-14 02:42:54,673 - INFO - HTTP Request: GET https://beta-restapi.sarmaaya.pk/api/stocks/listing?limit=1000 "HTTP/1.1 200 OK"
2026-03-14 02:42:54,773 - INFO - Total symbols: 502. Remaining to sync: 57
2026-03-14 02:42:54,773 - INFO - Connecting to Sarmaaya API to fetch 10-year history for 502 active symbols...
2026-03-14 02:42:54,773 - INFO - [1/57] Syncing ARCTM from 2016-03-16...
2026-03-14 02:42:55,059 - INFO - HTTP Request: GET https://beta-restapi.sarmaaya.pk/api/tradingview/history?symbol=ARCTM&resolution=D&from=1458068400&to=1773428400 "HTTP/1.1 500 Internal Server Error"
2026-03-14 02:42:55,059 - WARNING -   No history found for ARCTM
2026-03-14 02:42:55,764 - INFO - [2/57] Syncing BBFL from 2016-03-16...
2026-03-14 02:42:56,011 - INFO - HTTP Request: GET https://beta-restapi.sarmaaya.pk/api/tradingview/history?symbol=BBFL&resolution=D&from=1458068400&to=1773428400 "HTTP/1.1 500 Internal Server Error"
2026-03-14 02:42:56,012 - WARNING -   No history found for BBFL
2026-03-14 02:42:56,718 - INFO - [3/57] Syncing BLUEX from 2016-03-16...
2026-03-14 02:42:56,960 - INFO - HTTP Request: GET https://beta-restapi.sarmaaya.pk/api/tradingview/history?symbol=BLUEX&resolution=D&from=1458068400&to=1773428400 "HTTP/1.1 500 Internal Server Error"
2026-03-14 02:42:56,961 - WARNING -   No history found for BLUEX
2026-03-14 02:42:57,666 - INFO - [4/57] Syncing BML from 2016-03-16...
2026-03-14 02:42:57,913 - INFO - HTTP Request: GET https://beta-restapi.sarmaaya.pk/api/tradingview/history?symbol=BML&resolution=D&from=1458068400&to=1773428400 "HTTP/1.1 500 Internal Server Error"
2026-03-14 02:42:57,913 - WARNING -   No history found for BML
2026-03-14 02:42:58,618 - INFO - [5/57] Syncing BRRG from 2016-03-16...
2026-03-14 02:42:58,862 - INFO - HTTP Request: GET https://beta-restapi.sarmaaya.pk/api/tradingview/history?symbol=BRRG&resolution=D&from=1458068400&to=1773428400 "HTTP/1.1 500 Internal Server Error"
2026-03-14 02:42:58,862 - WARNING -   No history found for BRRG
2026-03-14 02:42:59,568 - INFO - [6/57] Syncing DHPL from 2016-03-16...
2026-03-14 02:42:59,811 - INFO - HTTP Request: GET https://beta-restapi.sarmaaya.pk/api/tradingview/history?symbol=DHPL&resolution=D&from=1458068400&to=1773428400 "HTTP/1.1 500 Internal Server Error"
2026-03-14 02:42:59,812 - WARNING -   No history found for DHPL
2026-03-14 02:43:00,516 - INFO - [7/57] Syncing DMC from 2016-03-16...
2026-03-14 02:43:00,761 - INFO - HTTP Request: GET https://beta-restapi.sarmaaya.pk/api/tradingview/history?symbol=DMC&resolution=D&from=1458068400&to=1773428400 "HTTP/1.1 500 Internal Server Error"
2026-03-14 02:43:00,762 - WARNING -   No history found for DMC
2026-03-14 02:43:01,467 - INFO - [8/57] Syncing ENGROH from 2016-03-16...
2026-03-14 02:43:01,722 - INFO - HTTP Request: GET https://beta-restapi.sarmaaya.pk/api/tradingview/history?symbol=ENGROH&resolution=D&from=1458068400&to=1773428400 "HTTP/1.1 500 Internal Server Error"
2026-03-14 02:43:01,723 - WARNING -   No history found for ENGROH
2026-03-14 02:43:02,426 - INFO - [9/57] Syncing FCL from 2016-03-16...
2026-03-14 02:43:02,667 - INFO - HTTP Request: GET https://beta-restapi.sarmaaya.pk/api/tradingview/history?symbol=FCL&resolution=D&from=1458068400&to=1773428400 "HTTP/1.1 500 Internal Server Error"
2026-03-14 02:43:02,668 - WARNING -   No history found for FCL
2026-03-14 02:43:03,373 - INFO - [10/57] Syncing FDPL from 2016-03-16...
2026-03-14 02:43:03,620 - INFO - HTTP Request: GET https://beta-restapi.sarmaaya.pk/api/tradingview/history?symbol=FDPL&resolution=D&from=1458068400&to=1773428400 "HTTP/1.1 500 Internal Server Error"
2026-03-14 02:43:03,621 - WARNING -   No history found for FDPL
2026-03-14 02:43:04,326 - INFO - [11/57] Syncing GCWL from 2016-03-16...
2026-03-14 02:43:04,569 - INFO - HTTP Request: GET https://beta-restapi.sarmaaya.pk/api/tradingview/history?symbol=GCWL&resolution=D&from=1458068400&to=1773428400 "HTTP/1.1 500 Internal Server Error"
2026-03-14 02:43:04,570 - WARNING -   No history found for GCWL
2026-03-14 02:43:05,275 - INFO - [12/57] Syncing GDL from 2016-03-16...
2026-03-14 02:43:05,521 - INFO - HTTP Request: GET https://beta-restapi.sarmaaya.pk/api/tradingview/history?symbol=GDL&resolution=D&from=1458068400&to=1773428400 "HTTP/1.1 500 Internal Server Error"
2026-03-14 02:43:05,522 - WARNING -   No history found for GDL
2026-03-14 02:43:06,227 - INFO - [13/57] Syncing GEMBCEM from 2016-03-16...
2026-03-14 02:43:06,467 - INFO - HTTP Request: GET https://beta-restapi.sarmaaya.pk/api/tradingview/history?symbol=GEMBCEM&resolution=D&from=1458068400&to=1773428400 "HTTP/1.1 500 Internal Server Error"
2026-03-14 02:43:06,468 - WARNING -   No history found for GEMBCEM
2026-03-14 02:43:07,173 - INFO - [14/57] Syncing GEMNETS from 2016-03-16...
2026-03-14 02:43:07,415 - INFO - HTTP Request: GET https://beta-restapi.sarmaaya.pk/api/tradingview/history?symbol=GEMNETS&resolution=D&from=1458068400&to=1773428400 "HTTP/1.1 500 Internal Server Error"
2026-03-14 02:43:07,415 - WARNING -   No history found for GEMNETS
2026-03-14 02:43:08,117 - INFO - [15/57] Syncing GEMPACRA from 2016-03-16...
2026-03-14 02:43:08,363 - INFO - HTTP Request: GET https://beta-restapi.sarmaaya.pk/api/tradingview/history?symbol=GEMPACRA&resolution=D&from=1458068400&to=1773428400 "HTTP/1.1 500 Internal Server Error"
2026-03-14 02:43:08,363 - WARNING -   No history found for GEMPACRA
2026-03-14 02:43:09,069 - INFO - [16/57] Syncing GRR from 2016-03-16...
2026-03-14 02:43:09,309 - INFO - HTTP Request: GET https://beta-restapi.sarmaaya.pk/api/tradingview/history?symbol=GRR&resolution=D&from=1458068400&to=1773428400 "HTTP/1.1 500 Internal Server Error"
2026-03-14 02:43:09,309 - WARNING -   No history found for GRR
2026-03-14 02:43:10,011 - INFO - [17/57] Syncing HPL from 2016-03-16...
2026-03-14 02:43:10,250 - INFO - HTTP Request: GET https://beta-restapi.sarmaaya.pk/api/tradingview/history?symbol=HPL&resolution=D&from=1458068400&to=1773428400 "HTTP/1.1 500 Internal Server Error"
2026-03-14 02:43:10,251 - WARNING -   No history found for HPL
2026-03-14 02:43:10,956 - INFO - [18/57] Syncing HRPL from 2016-03-16...
2026-03-14 02:43:11,197 - INFO - HTTP Request: GET https://beta-restapi.sarmaaya.pk/api/tradingview/history?symbol=HRPL&resolution=D&from=1458068400&to=1773428400 "HTTP/1.1 500 Internal Server Error"
2026-03-14 02:43:11,197 - WARNING -   No history found for HRPL
2026-03-14 02:43:11,901 - INFO - [19/57] Syncing IMS from 2016-03-16...
2026-03-14 02:43:12,139 - INFO - HTTP Request: GET https://beta-restapi.sarmaaya.pk/api/tradingview/history?symbol=IMS&resolution=D&from=1458068400&to=1773428400 "HTTP/1.1 500 Internal Server Error"
2026-03-14 02:43:12,140 - WARNING -   No history found for IMS
2026-03-14 02:43:12,844 - INFO - [20/57] Syncing IPAK from 2016-03-16...
2026-03-14 02:43:13,088 - INFO - HTTP Request: GET https://beta-restapi.sarmaaya.pk/api/tradingview/history?symbol=IPAK&resolution=D&from=1458068400&to=1773428400 "HTTP/1.1 500 Internal Server Error"
2026-03-14 02:43:13,088 - WARNING -   No history found for IPAK
2026-03-14 02:43:13,791 - INFO - [21/57] Syncing IREIT from 2016-03-16...
2026-03-14 02:43:14,029 - INFO - HTTP Request: GET https://beta-restapi.sarmaaya.pk/api/tradingview/history?symbol=IREIT&resolution=D&from=1458068400&to=1773428400 "HTTP/1.1 500 Internal Server Error"
2026-03-14 02:43:14,030 - WARNING -   No history found for IREIT
2026-03-14 02:43:14,733 - INFO - [22/57] Syncing ITANZ from 2016-03-16...
2026-03-14 02:43:14,972 - INFO - HTTP Request: GET https://beta-restapi.sarmaaya.pk/api/tradingview/history?symbol=ITANZ&resolution=D&from=1458068400&to=1773428400 "HTTP/1.1 500 Internal Server Error"
2026-03-14 02:43:14,972 - WARNING -   No history found for ITANZ
2026-03-14 02:43:15,675 - INFO - [23/57] Syncing JSGBETF from 2016-03-16...
2026-03-14 02:43:15,918 - INFO - HTTP Request: GET https://beta-restapi.sarmaaya.pk/api/tradingview/history?symbol=JSGBETF&resolution=D&from=1458068400&to=1773428400 "HTTP/1.1 500 Internal Server Error"
2026-03-14 02:43:15,919 - WARNING -   No history found for JSGBETF
2026-03-14 02:43:16,623 - INFO - [24/57] Syncing LIVEN from 2016-03-16...
2026-03-14 02:43:16,864 - INFO - HTTP Request: GET https://beta-restapi.sarmaaya.pk/api/tradingview/history?symbol=LIVEN&resolution=D&from=1458068400&to=1773428400 "HTTP/1.1 500 Internal Server Error"
2026-03-14 02:43:16,864 - WARNING -   No history found for LIVEN
2026-03-14 02:43:17,566 - INFO - [25/57] Syncing LOADSR1 from 2016-03-16...
2026-03-14 02:43:17,809 - INFO - HTTP Request: GET https://beta-restapi.sarmaaya.pk/api/tradingview/history?symbol=LOADSR1&resolution=D&from=1458068400&to=1773428400 "HTTP/1.1 500 Internal Server Error"
2026-03-14 02:43:17,810 - WARNING -   No history found for LOADSR1
2026-03-14 02:43:18,512 - INFO - [26/57] Syncing LSECL from 2016-03-16...
2026-03-14 02:43:18,751 - INFO - HTTP Request: GET https://beta-restapi.sarmaaya.pk/api/tradingview/history?symbol=LSECL&resolution=D&from=1458068400&to=1773428400 "HTTP/1.1 500 Internal Server Error"
2026-03-14 02:43:18,751 - WARNING -   No history found for LSECL
2026-03-14 02:43:19,456 - INFO - [27/57] Syncing LSECLR from 2016-03-16...
2026-03-14 02:43:19,700 - INFO - HTTP Request: GET https://beta-restapi.sarmaaya.pk/api/tradingview/history?symbol=LSECLR&resolution=D&from=1458068400&to=1773428400 "HTTP/1.1 500 Internal Server Error"
2026-03-14 02:43:19,701 - WARNING -   No history found for LSECLR
2026-03-14 02:43:20,404 - INFO - [28/57] Syncing LSEFSL from 2016-03-16...
2026-03-14 02:43:20,647 - INFO - HTTP Request: GET https://beta-restapi.sarmaaya.pk/api/tradingview/history?symbol=LSEFSL&resolution=D&from=1458068400&to=1773428400 "HTTP/1.1 500 Internal Server Error"
2026-03-14 02:43:20,648 - WARNING -   No history found for LSEFSL
2026-03-14 02:43:21,351 - INFO - [29/57] Syncing LSEVL from 2016-03-16...
2026-03-14 02:43:21,593 - INFO - HTTP Request: GET https://beta-restapi.sarmaaya.pk/api/tradingview/history?symbol=LSEVL&resolution=D&from=1458068400&to=1773428400 "HTTP/1.1 500 Internal Server Error"
2026-03-14 02:43:21,593 - WARNING -   No history found for LSEVL
2026-03-14 02:43:22,298 - INFO - [30/57] Syncing MCBIM from 2016-03-16...
2026-03-14 02:43:22,539 - INFO - HTTP Request: GET https://beta-restapi.sarmaaya.pk/api/tradingview/history?symbol=MCBIM&resolution=D&from=1458068400&to=1773428400 "HTTP/1.1 500 Internal Server Error"
2026-03-14 02:43:22,539 - WARNING -   No history found for MCBIM
2026-03-14 02:43:23,241 - INFO - [31/57] Syncing MIIETF from 2016-03-16...
2026-03-14 02:43:23,480 - INFO - HTTP Request: GET https://beta-restapi.sarmaaya.pk/api/tradingview/history?symbol=MIIETF&resolution=D&from=1458068400&to=1773428400 "HTTP/1.1 500 Internal Server Error"
2026-03-14 02:43:23,480 - WARNING -   No history found for MIIETF
2026-03-14 02:43:24,183 - INFO - [32/57] Syncing MUGHALC from 2016-03-16...
2026-03-14 02:43:24,424 - INFO - HTTP Request: GET https://beta-restapi.sarmaaya.pk/api/tradingview/history?symbol=MUGHALC&resolution=D&from=1458068400&to=1773428400 "HTTP/1.1 500 Internal Server Error"
2026-03-14 02:43:24,425 - WARNING -   No history found for MUGHALC
2026-03-14 02:43:25,128 - INFO - [33/57] Syncing NBPGETF from 2016-03-16...
2026-03-14 02:43:25,369 - INFO - HTTP Request: GET https://beta-restapi.sarmaaya.pk/api/tradingview/history?symbol=NBPGETF&resolution=D&from=1458068400&to=1773428400 "HTTP/1.1 500 Internal Server Error"
2026-03-14 02:43:25,370 - WARNING -   No history found for NBPGETF
2026-03-14 02:43:26,075 - INFO - [34/57] Syncing PAKQATAR from 2016-03-16...
2026-03-14 02:43:26,316 - INFO - HTTP Request: GET https://beta-restapi.sarmaaya.pk/api/tradingview/history?symbol=PAKQATAR&resolution=D&from=1458068400&to=1773428400 "HTTP/1.1 500 Internal Server Error"
2026-03-14 02:43:26,317 - WARNING -   No history found for PAKQATAR
2026-03-14 02:43:27,022 - INFO - [35/57] Syncing PIAHCLA from 2016-03-16...
2026-03-14 02:43:27,262 - INFO - HTTP Request: GET https://beta-restapi.sarmaaya.pk/api/tradingview/history?symbol=PIAHCLA&resolution=D&from=1458068400&to=1773428400 "HTTP/1.1 500 Internal Server Error"
2026-03-14 02:43:27,262 - WARNING -   No history found for PIAHCLA
2026-03-14 02:43:27,966 - INFO - [36/57] Syncing PIAHCLB from 2016-03-16...
2026-03-14 02:43:28,206 - INFO - HTTP Request: GET https://beta-restapi.sarmaaya.pk/api/tradingview/history?symbol=PIAHCLB&resolution=D&from=1458068400&to=1773428400 "HTTP/1.1 500 Internal Server Error"
2026-03-14 02:43:28,206 - WARNING -   No history found for PIAHCLB
2026-03-14 02:43:28,908 - INFO - [37/57] Syncing POWERPS from 2016-03-16...
2026-03-14 02:43:29,153 - INFO - HTTP Request: GET https://beta-restapi.sarmaaya.pk/api/tradingview/history?symbol=POWERPS&resolution=D&from=1458068400&to=1773428400 "HTTP/1.1 500 Internal Server Error"
2026-03-14 02:43:29,154 - WARNING -   No history found for POWERPS
2026-03-14 02:43:29,859 - INFO - [38/57] Syncing PQGTL from 2016-03-16...
2026-03-14 02:43:30,104 - INFO - HTTP Request: GET https://beta-restapi.sarmaaya.pk/api/tradingview/history?symbol=PQGTL&resolution=D&from=1458068400&to=1773428400 "HTTP/1.1 500 Internal Server Error"
2026-03-14 02:43:30,105 - WARNING -   No history found for PQGTL
2026-03-14 02:43:30,810 - INFO - [39/57] Syncing QTECH from 2016-03-16...
2026-03-14 02:43:31,056 - INFO - HTTP Request: GET https://beta-restapi.sarmaaya.pk/api/tradingview/history?symbol=QTECH&resolution=D&from=1458068400&to=1773428400 "HTTP/1.1 500 Internal Server Error"
2026-03-14 02:43:31,057 - WARNING -   No history found for QTECH
2026-03-14 02:43:31,762 - INFO - [40/57] Syncing SHDTR1 from 2016-03-16...
2026-03-14 02:43:32,006 - INFO - HTTP Request: GET https://beta-restapi.sarmaaya.pk/api/tradingview/history?symbol=SHDTR1&resolution=D&from=1458068400&to=1773428400 "HTTP/1.1 500 Internal Server Error"
2026-03-14 02:43:32,007 - WARNING -   No history found for SHDTR1
2026-03-14 02:43:32,712 - INFO - [41/57] Syncing SLGL from 2016-03-16...
2026-03-14 02:43:32,958 - INFO - HTTP Request: GET https://beta-restapi.sarmaaya.pk/api/tradingview/history?symbol=SLGL&resolution=D&from=1458068400&to=1773428400 "HTTP/1.1 500 Internal Server Error"
2026-03-14 02:43:32,959 - WARNING -   No history found for SLGL
2026-03-14 02:43:33,664 - INFO - [42/57] Syncing SRR from 2016-03-16...
2026-03-14 02:43:33,908 - INFO - HTTP Request: GET https://beta-restapi.sarmaaya.pk/api/tradingview/history?symbol=SRR&resolution=D&from=1458068400&to=1773428400 "HTTP/1.1 500 Internal Server Error"
2026-03-14 02:43:33,908 - WARNING -   No history found for SRR
2026-03-14 02:43:34,614 - INFO - [43/57] Syncing STL from 2016-03-16...
2026-03-14 02:43:34,861 - INFO - HTTP Request: GET https://beta-restapi.sarmaaya.pk/api/tradingview/history?symbol=STL&resolution=D&from=1458068400&to=1773428400 "HTTP/1.1 500 Internal Server Error"
2026-03-14 02:43:34,862 - WARNING -   No history found for STL
2026-03-14 02:43:35,566 - INFO - [44/57] Syncing STYLERS from 2016-03-16...
2026-03-14 02:43:35,810 - INFO - HTTP Request: GET https://beta-restapi.sarmaaya.pk/api/tradingview/history?symbol=STYLERS&resolution=D&from=1458068400&to=1773428400 "HTTP/1.1 500 Internal Server Error"
2026-03-14 02:43:35,812 - WARNING -   No history found for STYLERS
2026-03-14 02:43:36,516 - INFO - [45/57] Syncing SYM from 2016-03-16...
2026-03-14 02:43:36,762 - INFO - HTTP Request: GET https://beta-restapi.sarmaaya.pk/api/tradingview/history?symbol=SYM&resolution=D&from=1458068400&to=1773428400 "HTTP/1.1 500 Internal Server Error"
2026-03-14 02:43:36,763 - WARNING -   No history found for SYM
2026-03-14 02:43:37,467 - INFO - [46/57] Syncing TBL from 2016-03-16...
2026-03-14 02:43:37,717 - INFO - HTTP Request: GET https://beta-restapi.sarmaaya.pk/api/tradingview/history?symbol=TBL&resolution=D&from=1458068400&to=1773428400 "HTTP/1.1 500 Internal Server Error"
2026-03-14 02:43:37,717 - WARNING -   No history found for TBL
2026-03-14 02:43:38,423 - INFO - [47/57] Syncing TCORP from 2016-03-16...
2026-03-14 02:43:38,667 - INFO - HTTP Request: GET https://beta-restapi.sarmaaya.pk/api/tradingview/history?symbol=TCORP&resolution=D&from=1458068400&to=1773428400 "HTTP/1.1 500 Internal Server Error"
2026-03-14 02:43:38,668 - WARNING -   No history found for TCORP
2026-03-14 02:43:39,369 - INFO - [48/57] Syncing TCORPCPS from 2016-03-16...
2026-03-14 02:43:39,614 - INFO - HTTP Request: GET https://beta-restapi.sarmaaya.pk/api/tradingview/history?symbol=TCORPCPS&resolution=D&from=1458068400&to=1773428400 "HTTP/1.1 500 Internal Server Error"
2026-03-14 02:43:39,615 - WARNING -   No history found for TCORPCPS
2026-03-14 02:43:40,316 - INFO - [49/57] Syncing TPLL from 2016-03-16...
2026-03-14 02:43:40,562 - INFO - HTTP Request: GET https://beta-restapi.sarmaaya.pk/api/tradingview/history?symbol=TPLL&resolution=D&from=1458068400&to=1773428400 "HTTP/1.1 500 Internal Server Error"
2026-03-14 02:43:40,563 - WARNING -   No history found for TPLL
2026-03-14 02:43:41,268 - INFO - [50/57] Syncing TPLRF1 from 2016-03-16...
2026-03-14 02:43:41,512 - INFO - HTTP Request: GET https://beta-restapi.sarmaaya.pk/api/tradingview/history?symbol=TPLRF1&resolution=D&from=1458068400&to=1773428400 "HTTP/1.1 500 Internal Server Error"
2026-03-14 02:43:41,513 - WARNING -   No history found for TPLRF1
2026-03-14 02:43:42,218 - INFO - [51/57] Syncing TSBLR1 from 2016-03-16...
2026-03-14 02:43:42,463 - INFO - HTTP Request: GET https://beta-restapi.sarmaaya.pk/api/tradingview/history?symbol=TSBLR1&resolution=D&from=1458068400&to=1773428400 "HTTP/1.1 500 Internal Server Error"
2026-03-14 02:43:42,463 - WARNING -   No history found for TSBLR1
2026-03-14 02:43:43,166 - INFO - [52/57] Syncing UDLI from 2016-03-16...
2026-03-14 02:43:43,410 - INFO - HTTP Request: GET https://beta-restapi.sarmaaya.pk/api/tradingview/history?symbol=UDLI&resolution=D&from=1458068400&to=1773428400 "HTTP/1.1 500 Internal Server Error"
2026-03-14 02:43:43,411 - WARNING -   No history found for UDLI
2026-03-14 02:43:44,116 - INFO - [53/57] Syncing WAFI from 2016-03-16...
2026-03-14 02:43:44,359 - INFO - HTTP Request: GET https://beta-restapi.sarmaaya.pk/api/tradingview/history?symbol=WAFI&resolution=D&from=1458068400&to=1773428400 "HTTP/1.1 500 Internal Server Error"
2026-03-14 02:43:44,360 - WARNING -   No history found for WAFI
2026-03-14 02:43:45,063 - INFO - [54/57] Syncing WASL from 2016-03-16...
2026-03-14 02:43:45,306 - INFO - HTTP Request: GET https://beta-restapi.sarmaaya.pk/api/tradingview/history?symbol=WASL&resolution=D&from=1458068400&to=1773428400 "HTTP/1.1 500 Internal Server Error"
2026-03-14 02:43:45,307 - WARNING -   No history found for WASL
2026-03-14 02:43:46,009 - INFO - [55/57] Syncing WASLR from 2016-03-16...
2026-03-14 02:43:46,255 - INFO - HTTP Request: GET https://beta-restapi.sarmaaya.pk/api/tradingview/history?symbol=WASLR&resolution=D&from=1458068400&to=1773428400 "HTTP/1.1 500 Internal Server Error"
2026-03-14 02:43:46,256 - WARNING -   No history found for WASLR
2026-03-14 02:43:46,962 - INFO - [56/57] Syncing WAVESAPP from 2016-03-16...
2026-03-14 02:43:47,205 - INFO - HTTP Request: GET https://beta-restapi.sarmaaya.pk/api/tradingview/history?symbol=WAVESAPP&resolution=D&from=1458068400&to=1773428400 "HTTP/1.1 500 Internal Server Error"
2026-03-14 02:43:47,205 - WARNING -   No history found for WAVESAPP
2026-03-14 02:43:47,909 - INFO - [57/57] Syncing ZUMA from 2016-03-16...
2026-03-14 02:43:48,148 - INFO - HTTP Request: GET https://beta-restapi.sarmaaya.pk/api/tradingview/history?symbol=ZUMA&resolution=D&from=1458068400&to=1773428400 "HTTP/1.1 500 Internal Server Error"
2026-03-14 02:43:48,149 - WARNING -   No history found for ZUMA
2026-03-14 02:43:48,853 - INFO - Bulk sync finished! Synced 0 NEW symbols.
2026-03-14 02:50:33,645 - INFO - Starting Bulk PSX Data Sync (5 years)...
2026-03-14 02:50:42,812 - INFO - Fetching symbol list...
2026-03-14 02:50:43,337 - INFO - HTTP Request: GET https://beta-restapi.sarmaaya.pk/api/stocks/listing?limit=1000 "HTTP/1.1 200 OK"
2026-03-14 02:50:43,345 - INFO - Total symbols: 502. Remaining to sync: 502
2026-03-14 02:50:43,345 - INFO - Connecting to Sarmaaya API to fetch 10-year history for 502 active symbols...
2026-03-14 02:50:43,346 - INFO - [1/502] Syncing 786 from 2016-03-16...
2026-03-14 02:50:43,726 - INFO - HTTP Request: GET https://beta-restapi.sarmaaya.pk/api/tradingview/history?symbol=786&resolution=D&from=1458068400&to=1773428400 "HTTP/1.1 200 OK"
2026-03-14 02:50:45,650 - INFO -   Saved 1591 data points for 786
2026-03-14 02:50:46,355 - INFO - [2/502] Syncing AABS from 2016-03-16...
2026-03-14 02:50:46,689 - INFO - HTTP Request: GET https://beta-restapi.sarmaaya.pk/api/tradingview/history?symbol=AABS&resolution=D&from=1458068400&to=1773428400 "HTTP/1.1 200 OK"
2026-03-14 02:50:48,305 - INFO -   Saved 1875 data points for AABS
2026-03-14 02:50:49,007 - INFO - [3/502] Syncing AATM from 2016-03-16...
2026-03-14 02:50:49,306 - INFO - HTTP Request: GET https://beta-restapi.sarmaaya.pk/api/tradingview/history?symbol=AATM&resolution=D&from=1458068400&to=1773428400 "HTTP/1.1 200 OK"
2026-03-14 02:50:50,518 - INFO -   Saved 447 data points for AATM
2026-03-14 02:50:51,224 - INFO - [4/502] Syncing ABL from 2016-03-16...
2026-03-14 02:50:51,568 - INFO - HTTP Request: GET https://beta-restapi.sarmaaya.pk/api/tradingview/history?symbol=ABL&resolution=D&from=1458068400&to=1773428400 "HTTP/1.1 200 OK"
2026-03-14 02:50:53,494 - INFO -   Saved 2410 data points for ABL
2026-03-14 02:50:54,198 - INFO - [5/502] Syncing ABOT from 2016-03-16...
2026-03-14 02:50:54,540 - INFO - HTTP Request: GET https://beta-restapi.sarmaaya.pk/api/tradingview/history?symbol=ABOT&resolution=D&from=1458068400&to=1773428400 "HTTP/1.1 200 OK"
2026-03-14 02:50:56,470 - INFO -   Saved 2399 data points for ABOT
2026-03-14 02:50:57,174 - INFO - [6/502] Syncing ACIETF from 2016-03-16...
2026-03-14 02:50:57,473 - INFO - HTTP Request: GET https://beta-restapi.sarmaaya.pk/api/tradingview/history?symbol=ACIETF&resolution=D&from=1458068400&to=1773428400 "HTTP/1.1 200 OK"
2026-03-14 02:50:58,720 - INFO -   Saved 642 data points for ACIETF
2026-03-14 02:50:59,424 - INFO - [7/502] Syncing ACPL from 2016-03-16...
2026-03-14 02:50:59,770 - INFO - HTTP Request: GET https://beta-restapi.sarmaaya.pk/api/tradingview/history?symbol=ACPL&resolution=D&from=1458068400&to=1773428400 "HTTP/1.1 200 OK"
2026-03-14 02:51:01,890 - INFO -   Saved 2454 data points for ACPL
2026-03-14 02:51:02,591 - INFO - [8/502] Syncing ADAMS from 2016-03-16...
2026-03-14 02:51:02,924 - INFO - HTTP Request: GET https://beta-restapi.sarmaaya.pk/api/tradingview/history?symbol=ADAMS&resolution=D&from=1458068400&to=1773428400 "HTTP/1.1 200 OK"
2026-03-14 02:51:04,819 - INFO -   Saved 2052 data points for ADAMS
2026-03-14 02:51:05,524 - INFO - [9/502] Syncing ADMM from 2016-03-16...
2026-03-14 02:51:05,865 - INFO - HTTP Request: GET https://beta-restapi.sarmaaya.pk/api/tradingview/history?symbol=ADMM&resolution=D&from=1458068400&to=1773428400 "HTTP/1.1 200 OK"
2026-03-14 02:51:07,502 - INFO -   Saved 1910 data points for ADMM
2026-03-14 02:51:08,208 - INFO - [10/502] Syncing AGHA from 2016-03-16...
2026-03-14 02:51:09,000 - INFO - HTTP Request: GET https://beta-restapi.sarmaaya.pk/api/tradingview/history?symbol=AGHA&resolution=D&from=1458068400&to=1773428400 "HTTP/1.1 200 OK"
2026-03-14 02:51:10,745 - INFO -   Saved 1326 data points for AGHA
2026-03-14 02:51:11,449 - INFO - [11/502] Syncing AGIC from 2016-03-16...
2026-03-14 02:51:13,839 - INFO - HTTP Request: GET https://beta-restapi.sarmaaya.pk/api/tradingview/history?symbol=AGIC&resolution=D&from=1458068400&to=1773428400 "HTTP/1.1 200 OK"
2026-03-14 02:51:15,789 - INFO -   Saved 2071 data points for AGIC
2026-03-14 02:51:16,491 - INFO - [12/502] Syncing AGIL from 2016-03-16...
2026-03-14 02:51:17,110 - INFO - HTTP Request: GET https://beta-restapi.sarmaaya.pk/api/tradingview/history?symbol=AGIL&resolution=D&from=1458068400&to=1773428400 "HTTP/1.1 200 OK"
2026-03-14 02:51:19,088 - INFO -   Saved 2148 data points for AGIL
2026-03-14 02:51:19,791 - INFO - [13/502] Syncing AGL from 2016-03-16...
2026-03-14 02:51:20,271 - INFO - HTTP Request: GET https://beta-restapi.sarmaaya.pk/api/tradingview/history?symbol=AGL&resolution=D&from=1458068400&to=1773428400 "HTTP/1.1 200 OK"
2026-03-14 02:51:22,215 - INFO -   Saved 2471 data points for AGL
2026-03-14 02:51:22,920 - INFO - [14/502] Syncing AGLNCPS from 2016-03-16...
2026-03-14 02:51:23,193 - INFO - HTTP Request: GET https://beta-restapi.sarmaaya.pk/api/tradingview/history?symbol=AGLNCPS&resolution=D&from=1458068400&to=1773428400 "HTTP/1.1 200 OK"
2026-03-14 02:51:24,412 - INFO -   Saved 79 data points for AGLNCPS
2026-03-14 02:51:25,116 - INFO - [15/502] Syncing AGP from 2016-03-16...
2026-03-14 02:51:25,462 - INFO - HTTP Request: GET https://beta-restapi.sarmaaya.pk/api/tradingview/history?symbol=AGP&resolution=D&from=1458068400&to=1773428400 "HTTP/1.1 200 OK"
2026-03-14 02:51:27,087 - INFO -   Saved 1980 data points for AGP
2026-03-14 02:51:27,794 - INFO - [16/502] Syncing AGSML from 2016-03-16...
2026-03-14 02:51:28,135 - INFO - HTTP Request: GET https://beta-restapi.sarmaaya.pk/api/tradingview/history?symbol=AGSML&resolution=D&from=1458068400&to=1773428400 "HTTP/1.1 200 OK"
2026-03-14 02:51:29,788 - INFO -   Saved 1919 data points for AGSML
2026-03-14 02:51:30,491 - INFO - [17/502] Syncing AGTL from 2016-03-16...
2026-03-14 02:51:30,841 - INFO - HTTP Request: GET https://beta-restapi.sarmaaya.pk/api/tradingview/history?symbol=AGTL&resolution=D&from=1458068400&to=1773428400 "HTTP/1.1 200 OK"
2026-03-14 02:51:32,912 - INFO -   Saved 2439 data points for AGTL
2026-03-14 02:51:33,616 - INFO - [18/502] Syncing AHCL from 2016-03-16...
2026-03-14 02:51:34,036 - INFO - HTTP Request: GET https://beta-restapi.sarmaaya.pk/api/tradingview/history?symbol=AHCL&resolution=D&from=1458068400&to=1773428400 "HTTP/1.1 200 OK"
2026-03-14 02:51:36,003 - INFO -   Saved 2303 data points for AHCL
2026-03-14 02:51:36,708 - INFO - [19/502] Syncing AHL from 2016-03-16...
2026-03-14 02:51:37,051 - INFO - HTTP Request: GET https://beta-restapi.sarmaaya.pk/api/tradingview/history?symbol=AHL&resolution=D&from=1458068400&to=1773428400 "HTTP/1.1 200 OK"
2026-03-14 02:51:39,056 - INFO -   Saved 2455 data points for AHL
2026-03-14 02:51:39,761 - INFO - [20/502] Syncing AHTM from 2016-03-16...
2026-03-14 02:51:40,045 - INFO - HTTP Request: GET https://beta-restapi.sarmaaya.pk/api/tradingview/history?symbol=AHTM&resolution=D&from=1458068400&to=1773428400 "HTTP/1.1 200 OK"
2026-03-14 02:51:41,303 - INFO -   Saved 330 data points for AHTM
2026-03-14 02:51:42,003 - INFO - [21/502] Syncing AICL from 2016-03-16...
2026-03-14 02:51:42,349 - INFO - HTTP Request: GET https://beta-restapi.sarmaaya.pk/api/tradingview/history?symbol=AICL&resolution=D&from=1458068400&to=1773428400 "HTTP/1.1 200 OK"
2026-03-14 02:51:44,333 - INFO -   Saved 2440 data points for AICL
2026-03-14 02:51:45,038 - INFO - [22/502] Syncing AIRLINK from 2016-03-16...
2026-03-14 02:51:45,351 - INFO - HTTP Request: GET https://beta-restapi.sarmaaya.pk/api/tradingview/history?symbol=AIRLINK&resolution=D&from=1458068400&to=1773428400 "HTTP/1.1 200 OK"
2026-03-14 02:51:46,971 - INFO -   Saved 1108 data points for AIRLINK
2026-03-14 02:51:47,675 - INFO - [23/502] Syncing AKBL from 2016-03-16...
2026-03-14 02:51:48,035 - INFO - HTTP Request: GET https://beta-restapi.sarmaaya.pk/api/tradingview/history?symbol=AKBL&resolution=D&from=1458068400&to=1773428400 "HTTP/1.1 200 OK"
2026-03-14 02:51:50,123 - INFO -   Saved 2470 data points for AKBL
2026-03-14 02:51:50,826 - INFO - [24/502] Syncing AKDHL from 2016-03-16...
2026-03-14 02:51:51,141 - INFO - HTTP Request: GET https://beta-restapi.sarmaaya.pk/api/tradingview/history?symbol=AKDHL&resolution=D&from=1458068400&to=1773428400 "HTTP/1.1 200 OK"
2026-03-14 02:51:52,677 - INFO -   Saved 968 data points for AKDHL
2026-03-14 02:51:53,383 - INFO - [25/502] Syncing AKDSL from 2016-03-16...
2026-03-14 02:51:53,693 - INFO - HTTP Request: GET https://beta-restapi.sarmaaya.pk/api/tradingview/history?symbol=AKDSL&resolution=D&from=1458068400&to=1773428400 "HTTP/1.1 200 OK"
2026-03-14 02:51:54,934 - INFO -   Saved 697 data points for AKDSL
2026-03-14 02:51:55,639 - INFO - [26/502] Syncing AKGL from 2016-03-16...
2026-03-14 02:51:55,956 - INFO - HTTP Request: GET https://beta-restapi.sarmaaya.pk/api/tradingview/history?symbol=AKGL&resolution=D&from=1458068400&to=1773428400 "HTTP/1.1 200 OK"
2026-03-14 02:51:57,216 - INFO -   Saved 765 data points for AKGL
2026-03-14 02:51:57,920 - INFO - [27/502] Syncing ALAC from 2016-03-16...
2026-03-14 02:51:58,255 - INFO - HTTP Request: GET https://beta-restapi.sarmaaya.pk/api/tradingview/history?symbol=ALAC&resolution=D&from=1458068400&to=1773428400 "HTTP/1.1 200 OK"
2026-03-14 02:52:00,113 - INFO -   Saved 1676 data points for ALAC
2026-03-14 02:52:00,815 - INFO - [28/502] Syncing ALIFE from 2016-03-16...
2026-03-14 02:52:01,131 - INFO - HTTP Request: GET https://beta-restapi.sarmaaya.pk/api/tradingview/history?symbol=ALIFE&resolution=D&from=1458068400&to=1773428400 "HTTP/1.1 200 OK"
2026-03-14 02:52:02,493 - INFO -   Saved 845 data points for ALIFE
2026-03-14 02:52:03,198 - INFO - [29/502] Syncing ALNRS from 2016-03-16...
2026-03-14 02:52:03,539 - INFO - HTTP Request: GET https://beta-restapi.sarmaaya.pk/api/tradingview/history?symbol=ALNRS&resolution=D&from=1458068400&to=1773428400 "HTTP/1.1 200 OK"
2026-03-14 02:52:05,128 - INFO -   Saved 1403 data points for ALNRS
2026-03-14 02:52:05,834 - INFO - [30/502] Syncing ALTN from 2016-03-16...
2026-03-14 02:52:06,179 - INFO - HTTP Request: GET https://beta-restapi.sarmaaya.pk/api/tradingview/history?symbol=ALTN&resolution=D&from=1458068400&to=1773428400 "HTTP/1.1 200 OK"
2026-03-14 02:52:07,934 - INFO -   Saved 1936 data points for ALTN
2026-03-14 02:52:08,639 - INFO - [31/502] Syncing AMBL from 2016-03-16...
2026-03-14 02:52:09,059 - INFO - HTTP Request: GET https://beta-restapi.sarmaaya.pk/api/tradingview/history?symbol=AMBL&resolution=D&from=1458068400&to=1773428400 "HTTP/1.1 200 OK"
2026-03-14 02:52:10,738 - INFO -   Saved 1044 data points for AMBL
2026-03-14 02:52:11,442 - INFO - [32/502] Syncing AMTEX from 2016-03-16...
2026-03-14 02:52:11,771 - INFO - HTTP Request: GET https://beta-restapi.sarmaaya.pk/api/tradingview/history?symbol=AMTEX&resolution=D&from=1458068400&to=1773428400 "HTTP/1.1 200 OK"
2026-03-14 02:52:13,462 - INFO -   Saved 1424 data points for AMTEX
2026-03-14 02:52:14,168 - INFO - [33/502] Syncing ANL from 2016-03-16...
2026-03-14 02:52:14,520 - INFO - HTTP Request: GET https://beta-restapi.sarmaaya.pk/api/tradingview/history?symbol=ANL&resolution=D&from=1458068400&to=1773428400 "HTTP/1.1 200 OK"
2026-03-14 02:52:16,465 - INFO -   Saved 2473 data points for ANL
2026-03-14 02:52:17,170 - INFO - [34/502] Syncing ANLNV from 2016-03-16...
2026-03-14 02:52:17,438 - INFO - HTTP Request: GET https://beta-restapi.sarmaaya.pk/api/tradingview/history?symbol=ANLNV&resolution=D&from=1458068400&to=1773428400 "HTTP/1.1 200 OK"
2026-03-14 02:52:18,683 - INFO -   Saved 16 data points for ANLNV
2026-03-14 02:52:19,388 - INFO - [35/502] Syncing ANSM from 2016-03-16...
2026-03-14 02:52:19,696 - INFO - HTTP Request: GET https://beta-restapi.sarmaaya.pk/api/tradingview/history?symbol=ANSM&resolution=D&from=1458068400&to=1773428400 "HTTP/1.1 200 OK"
2026-03-14 02:52:21,042 - INFO -   Saved 987 data points for ANSM
2026-03-14 02:52:21,745 - INFO - [36/502] Syncing ANTM from 2016-03-16...
2026-03-14 02:52:22,046 - INFO - HTTP Request: GET https://beta-restapi.sarmaaya.pk/api/tradingview/history?symbol=ANTM&resolution=D&from=1458068400&to=1773428400 "HTTP/1.1 200 OK"
2026-03-14 02:52:23,272 - INFO -   Saved 741 data points for ANTM
2026-03-14 02:52:23,977 - INFO - [37/502] Syncing APL from 2016-03-16...
2026-03-14 02:52:24,325 - INFO - HTTP Request: GET https://beta-restapi.sarmaaya.pk/api/tradingview/history?symbol=APL&resolution=D&from=1458068400&to=1773428400 "HTTP/1.1 200 OK"
2026-03-14 02:52:26,326 - INFO -   Saved 2470 data points for APL
2026-03-14 02:52:27,032 - INFO - [38/502] Syncing ARCTM from 2016-03-16...
2026-03-14 02:52:27,289 - INFO - HTTP Request: GET https://beta-restapi.sarmaaya.pk/api/tradingview/history?symbol=ARCTM&resolution=D&from=1458068400&to=1773428400 "HTTP/1.1 500 Internal Server Error"
2026-03-14 02:52:27,291 - WARNING -   No history found for ARCTM
2026-03-14 02:52:27,996 - INFO - [39/502] Syncing ARPAK from 2016-03-16...
2026-03-14 02:52:28,288 - INFO - HTTP Request: GET https://beta-restapi.sarmaaya.pk/api/tradingview/history?symbol=ARPAK&resolution=D&from=1458068400&to=1773428400 "HTTP/1.1 200 OK"
2026-03-14 02:52:29,541 - INFO -   Saved 521 data points for ARPAK
2026-03-14 02:52:30,247 - INFO - [40/502] Syncing ARPL from 2016-03-16...
2026-03-14 02:52:30,591 - INFO - HTTP Request: GET https://beta-restapi.sarmaaya.pk/api/tradingview/history?symbol=ARPL&resolution=D&from=1458068400&to=1773428400 "HTTP/1.1 200 OK"
2026-03-14 02:52:32,820 - INFO -   Saved 2367 data points for ARPL
2026-03-14 02:52:33,526 - INFO - [41/502] Syncing ARUJ from 2016-03-16...
2026-03-14 02:52:33,841 - INFO - HTTP Request: GET https://beta-restapi.sarmaaya.pk/api/tradingview/history?symbol=ARUJ&resolution=D&from=1458068400&to=1773428400 "HTTP/1.1 200 OK"
2026-03-14 02:52:35,394 - INFO -   Saved 1064 data points for ARUJ
2026-03-14 02:52:36,099 - INFO - [42/502] Syncing ASC from 2016-03-16...
2026-03-14 02:52:36,442 - INFO - HTTP Request: GET https://beta-restapi.sarmaaya.pk/api/tradingview/history?symbol=ASC&resolution=D&from=1458068400&to=1773428400 "HTTP/1.1 200 OK"
2026-03-14 02:52:38,414 - INFO -   Saved 2473 data points for ASC
2026-03-14 02:52:39,118 - INFO - [43/502] Syncing ASHT from 2016-03-16...
2026-03-14 02:52:39,425 - INFO - HTTP Request: GET https://beta-restapi.sarmaaya.pk/api/tradingview/history?symbol=ASHT&resolution=D&from=1458068400&to=1773428400 "HTTP/1.1 200 OK"
2026-03-14 02:52:41,005 - INFO -   Saved 1008 data points for ASHT
2026-03-14 02:52:41,712 - INFO - [44/502] Syncing ASIC from 2016-03-16...
2026-03-14 02:52:41,983 - INFO - HTTP Request: GET https://beta-restapi.sarmaaya.pk/api/tradingview/history?symbol=ASIC&resolution=D&from=1458068400&to=1773428400 "HTTP/1.1 200 OK"
2026-03-14 02:52:43,251 - INFO -   Saved 183 data points for ASIC
2026-03-14 02:52:43,955 - INFO - [45/502] Syncing ASL from 2016-03-16...
2026-03-14 02:52:44,296 - INFO - HTTP Request: GET https://beta-restapi.sarmaaya.pk/api/tradingview/history?symbol=ASL&resolution=D&from=1458068400&to=1773428400 "HTTP/1.1 200 OK"
2026-03-14 02:52:46,337 - INFO -   Saved 2473 data points for ASL
2026-03-14 02:52:47,042 - INFO - [46/502] Syncing ASLCPS from 2016-03-16...
2026-03-14 02:52:47,314 - INFO - HTTP Request: GET https://beta-restapi.sarmaaya.pk/api/tradingview/history?symbol=ASLCPS&resolution=D&from=1458068400&to=1773428400 "HTTP/1.1 200 OK"
2026-03-14 02:52:48,512 - INFO -   Saved 163 data points for ASLCPS
2026-03-14 02:52:49,221 - INFO - [47/502] Syncing ASLPS from 2016-03-16...
2026-03-14 02:52:49,510 - INFO - HTTP Request: GET https://beta-restapi.sarmaaya.pk/api/tradingview/history?symbol=ASLPS&resolution=D&from=1458068400&to=1773428400 "HTTP/1.1 200 OK"
2026-03-14 02:52:50,727 - INFO -   Saved 409 data points for ASLPS
2026-03-14 02:52:51,432 - INFO - [48/502] Syncing ASTL from 2016-03-16...
2026-03-14 02:52:51,779 - INFO - HTTP Request: GET https://beta-restapi.sarmaaya.pk/api/tradingview/history?symbol=ASTL&resolution=D&from=1458068400&to=1773428400 "HTTP/1.1 200 OK"
2026-03-14 02:52:53,798 - INFO -   Saved 2473 data points for ASTL
2026-03-14 02:52:54,504 - INFO - [49/502] Syncing ASTM from 2016-03-16...
2026-03-14 02:52:54,844 - INFO - HTTP Request: GET https://beta-restapi.sarmaaya.pk/api/tradingview/history?symbol=ASTM&resolution=D&from=1458068400&to=1773428400 "HTTP/1.1 200 OK"
2026-03-14 02:52:56,538 - INFO -   Saved 1908 data points for ASTM
2026-03-14 02:52:57,243 - INFO - [50/502] Syncing ATBA from 2016-03-16...
2026-03-14 02:52:57,588 - INFO - HTTP Request: GET https://beta-restapi.sarmaaya.pk/api/tradingview/history?symbol=ATBA&resolution=D&from=1458068400&to=1773428400 "HTTP/1.1 200 OK"
2026-03-14 02:52:59,647 - INFO -   Saved 2396 data points for ATBA
2026-03-14 02:53:00,349 - INFO - [51/502] Syncing ATIL from 2016-03-16...
2026-03-14 02:53:00,695 - INFO - HTTP Request: GET https://beta-restapi.sarmaaya.pk/api/tradingview/history?symbol=ATIL&resolution=D&from=1458068400&to=1773428400 "HTTP/1.1 200 OK"
2026-03-14 02:53:02,412 - INFO -   Saved 1928 data points for ATIL
2026-03-14 02:53:03,117 - INFO - [52/502] Syncing ATLH from 2016-03-16...
2026-03-14 02:53:03,457 - INFO - HTTP Request: GET https://beta-restapi.sarmaaya.pk/api/tradingview/history?symbol=ATLH&resolution=D&from=1458068400&to=1773428400 "HTTP/1.1 200 OK"
2026-03-14 02:53:05,378 - INFO -   Saved 2150 data points for ATLH
2026-03-14 02:53:06,082 - INFO - [53/502] Syncing ATRL from 2016-03-16...
2026-03-14 02:53:06,429 - INFO - HTTP Request: GET https://beta-restapi.sarmaaya.pk/api/tradingview/history?symbol=ATRL&resolution=D&from=1458068400&to=1773428400 "HTTP/1.1 200 OK"
2026-03-14 02:53:08,408 - INFO -   Saved 2473 data points for ATRL
2026-03-14 02:53:09,110 - INFO - [54/502] Syncing AVN from 2016-03-16...
2026-03-14 02:53:11,494 - INFO - HTTP Request: GET https://beta-restapi.sarmaaya.pk/api/tradingview/history?symbol=AVN&resolution=D&from=1458068400&to=1773428400 "HTTP/1.1 200 OK"
2026-03-14 02:53:13,881 - INFO -   Saved 2473 data points for AVN
2026-03-14 02:53:14,586 - INFO - [55/502] Syncing BAFL from 2016-03-16...
2026-03-14 02:53:15,421 - INFO - HTTP Request: GET https://beta-restapi.sarmaaya.pk/api/tradingview/history?symbol=BAFL&resolution=D&from=1458068400&to=1773428400 "HTTP/1.1 200 OK"
2026-03-14 02:53:17,465 - INFO -   Saved 2472 data points for BAFL
2026-03-14 02:53:18,167 - INFO - [56/502] Syncing BAFS from 2016-03-16...
2026-03-14 02:53:18,455 - INFO - HTTP Request: GET https://beta-restapi.sarmaaya.pk/api/tradingview/history?symbol=BAFS&resolution=D&from=1458068400&to=1773428400 "HTTP/1.1 200 OK"
2026-03-14 02:53:19,662 - INFO -   Saved 369 data points for BAFS
2026-03-14 02:53:20,367 - INFO - [57/502] Syncing BAHL from 2016-03-16...
2026-03-14 02:53:20,744 - INFO - HTTP Request: GET https://beta-restapi.sarmaaya.pk/api/tradingview/history?symbol=BAHL&resolution=D&from=1458068400&to=1773428400 "HTTP/1.1 200 OK"
2026-03-14 02:53:22,772 - INFO -   Saved 2473 data points for BAHL
2026-03-14 02:53:23,478 - INFO - [58/502] Syncing BAPL from 2016-03-16...
2026-03-14 02:53:23,813 - INFO - HTTP Request: GET https://beta-restapi.sarmaaya.pk/api/tradingview/history?symbol=BAPL&resolution=D&from=1458068400&to=1773428400 "HTTP/1.1 200 OK"
2026-03-14 02:53:25,427 - INFO -   Saved 1928 data points for BAPL
2026-03-14 02:53:26,133 - INFO - [59/502] Syncing BATA from 2016-03-16...
2026-03-14 02:53:26,474 - INFO - HTTP Request: GET https://beta-restapi.sarmaaya.pk/api/tradingview/history?symbol=BATA&resolution=D&from=1458068400&to=1773428400 "HTTP/1.1 200 OK"
2026-03-14 02:53:28,311 - INFO -   Saved 1885 data points for BATA
2026-03-14 02:53:29,016 - INFO - [60/502] Syncing BBFL from 2016-03-16...
2026-03-14 02:53:29,274 - INFO - HTTP Request: GET https://beta-restapi.sarmaaya.pk/api/tradingview/history?symbol=BBFL&resolution=D&from=1458068400&to=1773428400 "HTTP/1.1 500 Internal Server Error"
2026-03-14 02:53:29,276 - WARNING -   No history found for BBFL
2026-03-14 02:53:29,981 - INFO - [61/502] Syncing BCL from 2016-03-16...
2026-03-14 02:53:30,406 - INFO - HTTP Request: GET https://beta-restapi.sarmaaya.pk/api/tradingview/history?symbol=BCL&resolution=D&from=1458068400&to=1773428400 "HTTP/1.1 200 OK"
2026-03-14 02:53:32,389 - INFO -   Saved 2317 data points for BCL
2026-03-14 02:53:33,094 - INFO - [62/502] Syncing BECO from 2016-03-16...
2026-03-14 02:53:33,403 - INFO - HTTP Request: GET https://beta-restapi.sarmaaya.pk/api/tradingview/history?symbol=BECO&resolution=D&from=1458068400&to=1773428400 "HTTP/1.1 200 OK"
2026-03-14 02:53:35,054 - INFO -   Saved 1114 data points for BECO
2026-03-14 02:53:35,758 - INFO - [63/502] Syncing BELA from 2016-03-16...
2026-03-14 02:53:36,050 - INFO - HTTP Request: GET https://beta-restapi.sarmaaya.pk/api/tradingview/history?symbol=BELA&resolution=D&from=1458068400&to=1773428400 "HTTP/1.1 200 OK"
2026-03-14 02:53:37,280 - INFO -   Saved 503 data points for BELA
2026-03-14 02:53:37,985 - INFO - [64/502] Syncing BERG from 2016-03-16...
2026-03-14 02:53:38,354 - INFO - HTTP Request: GET https://beta-restapi.sarmaaya.pk/api/tradingview/history?symbol=BERG&resolution=D&from=1458068400&to=1773428400 "HTTP/1.1 200 OK"
2026-03-14 02:53:40,295 - INFO -   Saved 2267 data points for BERG
2026-03-14 02:53:41,001 - INFO - [65/502] Syncing BFAGRO from 2016-03-16...
2026-03-14 02:53:41,283 - INFO - HTTP Request: GET https://beta-restapi.sarmaaya.pk/api/tradingview/history?symbol=BFAGRO&resolution=D&from=1458068400&to=1773428400 "HTTP/1.1 200 OK"
2026-03-14 02:53:42,487 - INFO -   Saved 256 data points for BFAGRO
2026-03-14 02:53:43,192 - INFO - [66/502] Syncing BFBIO from 2016-03-16...
2026-03-14 02:53:43,475 - INFO - HTTP Request: GET https://beta-restapi.sarmaaya.pk/api/tradingview/history?symbol=BFBIO&resolution=D&from=1458068400&to=1773428400 "HTTP/1.1 200 OK"
2026-03-14 02:53:44,710 - INFO -   Saved 353 data points for BFBIO
2026-03-14 02:53:45,414 - INFO - [67/502] Syncing BFMOD from 2016-03-16...
2026-03-14 02:53:45,723 - INFO - HTTP Request: GET https://beta-restapi.sarmaaya.pk/api/tradingview/history?symbol=BFMOD&resolution=D&from=1458068400&to=1773428400 "HTTP/1.1 200 OK"
2026-03-14 02:53:47,077 - INFO -   Saved 746 data points for BFMOD
2026-03-14 02:53:47,782 - INFO - [68/502] Syncing BGL from 2016-03-16...
2026-03-14 02:53:48,138 - INFO - HTTP Request: GET https://beta-restapi.sarmaaya.pk/api/tradingview/history?symbol=BGL&resolution=D&from=1458068400&to=1773428400 "HTTP/1.1 200 OK"
2026-03-14 02:53:50,237 - INFO -   Saved 2473 data points for BGL
2026-03-14 02:53:50,942 - INFO - [69/502] Syncing BHAT from 2016-03-16...
2026-03-14 02:53:51,246 - INFO - HTTP Request: GET https://beta-restapi.sarmaaya.pk/api/tradingview/history?symbol=BHAT&resolution=D&from=1458068400&to=1773428400 "HTTP/1.1 200 OK"
2026-03-14 02:53:52,623 - INFO -   Saved 815 data points for BHAT
2026-03-14 02:53:53,327 - INFO - [70/502] Syncing BIFO from 2016-03-16...
2026-03-14 02:53:53,685 - INFO - HTTP Request: GET https://beta-restapi.sarmaaya.pk/api/tradingview/history?symbol=BIFO&resolution=D&from=1458068400&to=1773428400 "HTTP/1.1 200 OK"
2026-03-14 02:53:55,674 - INFO -   Saved 2401 data points for BIFO
2026-03-14 02:53:56,380 - INFO - [71/502] Syncing BIPL from 2016-03-16...
2026-03-14 02:53:56,739 - INFO - HTTP Request: GET https://beta-restapi.sarmaaya.pk/api/tradingview/history?symbol=BIPL&resolution=D&from=1458068400&to=1773428400 "HTTP/1.1 200 OK"
2026-03-14 02:53:58,941 - INFO -   Saved 2396 data points for BIPL
2026-03-14 02:53:59,647 - INFO - [72/502] Syncing BLUEX from 2016-03-16...
2026-03-14 02:53:59,902 - INFO - HTTP Request: GET https://beta-restapi.sarmaaya.pk/api/tradingview/history?symbol=BLUEX&resolution=D&from=1458068400&to=1773428400 "HTTP/1.1 500 Internal Server Error"
2026-03-14 02:53:59,904 - WARNING -   No history found for BLUEX
2026-03-14 02:54:00,609 - INFO - [73/502] Syncing BML from 2016-03-16...
2026-03-14 02:54:00,867 - INFO - HTTP Request: GET https://beta-restapi.sarmaaya.pk/api/tradingview/history?symbol=BML&resolution=D&from=1458068400&to=1773428400 "HTTP/1.1 500 Internal Server Error"
2026-03-14 02:54:00,868 - WARNING -   No history found for BML
2026-03-14 02:54:01,572 - INFO - [74/502] Syncing BNL from 2016-03-16...
2026-03-14 02:54:01,912 - INFO - HTTP Request: GET https://beta-restapi.sarmaaya.pk/api/tradingview/history?symbol=BNL&resolution=D&from=1458068400&to=1773428400 "HTTP/1.1 200 OK"
2026-03-14 02:54:03,599 - INFO -   Saved 1313 data points for BNL
2026-03-14 02:54:04,305 - INFO - [75/502] Syncing BNWM from 2016-03-16...
2026-03-14 02:54:04,639 - INFO - HTTP Request: GET https://beta-restapi.sarmaaya.pk/api/tradingview/history?symbol=BNWM&resolution=D&from=1458068400&to=1773428400 "HTTP/1.1 200 OK"
2026-03-14 02:54:06,645 - INFO -   Saved 2030 data points for BNWM
2026-03-14 02:54:07,350 - INFO - [76/502] Syncing BOK from 2016-03-16...
2026-03-14 02:54:07,714 - INFO - HTTP Request: GET https://beta-restapi.sarmaaya.pk/api/tradingview/history?symbol=BOK&resolution=D&from=1458068400&to=1773428400 "HTTP/1.1 200 OK"
2026-03-14 02:54:09,617 - INFO -   Saved 2178 data points for BOK
2026-03-14 02:54:10,322 - INFO - [77/502] Syncing BOP from 2016-03-16...
2026-03-14 02:54:10,686 - INFO - HTTP Request: GET https://beta-restapi.sarmaaya.pk/api/tradingview/history?symbol=BOP&resolution=D&from=1458068400&to=1773428400 "HTTP/1.1 200 OK"
2026-03-14 02:54:12,759 - INFO -   Saved 2473 data points for BOP
2026-03-14 02:54:13,465 - INFO - [78/502] Syncing BPL from 2016-03-16...
2026-03-14 02:54:13,797 - INFO - HTTP Request: GET https://beta-restapi.sarmaaya.pk/api/tradingview/history?symbol=BPL&resolution=D&from=1458068400&to=1773428400 "HTTP/1.1 200 OK"
2026-03-14 02:54:15,628 - INFO -   Saved 1924 data points for BPL
2026-03-14 02:54:16,334 - INFO - [79/502] Syncing BRRG from 2016-03-16...
2026-03-14 02:54:16,588 - INFO - HTTP Request: GET https://beta-restapi.sarmaaya.pk/api/tradingview/history?symbol=BRRG&resolution=D&from=1458068400&to=1773428400 "HTTP/1.1 500 Internal Server Error"
2026-03-14 02:54:16,590 - WARNING -   No history found for BRRG
2026-03-14 02:54:17,294 - INFO - [80/502] Syncing BTL from 2016-03-16...
2026-03-14 02:54:17,609 - INFO - HTTP Request: GET https://beta-restapi.sarmaaya.pk/api/tradingview/history?symbol=BTL&resolution=D&from=1458068400&to=1773428400 "HTTP/1.1 200 OK"
2026-03-14 02:54:19,208 - INFO -   Saved 1213 data points for BTL
2026-03-14 02:54:19,914 - INFO - [81/502] Syncing BUXL from 2016-03-16...
2026-03-14 02:54:20,253 - INFO - HTTP Request: GET https://beta-restapi.sarmaaya.pk/api/tradingview/history?symbol=BUXL&resolution=D&from=1458068400&to=1773428400 "HTTP/1.1 200 OK"
2026-03-14 02:54:21,909 - INFO -   Saved 1873 data points for BUXL
2026-03-14 02:54:22,615 - INFO - [82/502] Syncing BWCL from 2016-03-16...
2026-03-14 02:54:22,972 - INFO - HTTP Request: GET https://beta-restapi.sarmaaya.pk/api/tradingview/history?symbol=BWCL&resolution=D&from=1458068400&to=1773428400 "HTTP/1.1 200 OK"
2026-03-14 02:54:24,956 - INFO -   Saved 2444 data points for BWCL
2026-03-14 02:54:25,657 - INFO - [83/502] Syncing BWHL from 2016-03-16...
2026-03-14 02:54:26,000 - INFO - HTTP Request: GET https://beta-restapi.sarmaaya.pk/api/tradingview/history?symbol=BWHL&resolution=D&from=1458068400&to=1773428400 "HTTP/1.1 200 OK"
2026-03-14 02:54:27,607 - INFO -   Saved 1686 data points for BWHL
2026-03-14 02:54:28,312 - INFO - [84/502] Syncing CASH from 2016-03-16...
2026-03-14 02:54:28,612 - INFO - HTTP Request: GET https://beta-restapi.sarmaaya.pk/api/tradingview/history?symbol=CASH&resolution=D&from=1458068400&to=1773428400 "HTTP/1.1 200 OK"
2026-03-14 02:54:29,834 - INFO -   Saved 467 data points for CASH
2026-03-14 02:54:30,539 - INFO - [85/502] Syncing CCM from 2016-03-16...
2026-03-14 02:54:30,842 - INFO - HTTP Request: GET https://beta-restapi.sarmaaya.pk/api/tradingview/history?symbol=CCM&resolution=D&from=1458068400&to=1773428400 "HTTP/1.1 200 OK"
2026-03-14 02:54:32,113 - INFO -   Saved 762 data points for CCM
2026-03-14 02:54:32,818 - INFO - [86/502] Syncing CENI from 2016-03-16...
2026-03-14 02:54:33,154 - INFO - HTTP Request: GET https://beta-restapi.sarmaaya.pk/api/tradingview/history?symbol=CENI&resolution=D&from=1458068400&to=1773428400 "HTTP/1.1 200 OK"
2026-03-14 02:54:34,982 - INFO -   Saved 1516 data points for CENI
2026-03-14 02:54:35,687 - INFO - [87/502] Syncing CEPB from 2016-03-16...
2026-03-14 02:54:36,010 - INFO - HTTP Request: GET https://beta-restapi.sarmaaya.pk/api/tradingview/history?symbol=CEPB&resolution=D&from=1458068400&to=1773428400 "HTTP/1.1 200 OK"
2026-03-14 02:54:38,052 - INFO -   Saved 2461 data points for CEPB
2026-03-14 02:54:38,758 - INFO - [88/502] Syncing CFL from 2016-03-16...
2026-03-14 02:54:39,050 - INFO - HTTP Request: GET https://beta-restapi.sarmaaya.pk/api/tradingview/history?symbol=CFL&resolution=D&from=1458068400&to=1773428400 "HTTP/1.1 200 OK"
2026-03-14 02:54:40,310 - INFO -   Saved 537 data points for CFL
2026-03-14 02:54:41,015 - INFO - [89/502] Syncing CHAS from 2016-03-16...
2026-03-14 02:54:41,350 - INFO - HTTP Request: GET https://beta-restapi.sarmaaya.pk/api/tradingview/history?symbol=CHAS&resolution=D&from=1458068400&to=1773428400 "HTTP/1.1 200 OK"
2026-03-14 02:54:43,036 - INFO -   Saved 1858 data points for CHAS
2026-03-14 02:54:43,741 - INFO - [90/502] Syncing CHBL from 2016-03-16...
2026-03-14 02:54:44,048 - INFO - HTTP Request: GET https://beta-restapi.sarmaaya.pk/api/tradingview/history?symbol=CHBL&resolution=D&from=1458068400&to=1773428400 "HTTP/1.1 200 OK"
2026-03-14 02:54:45,353 - INFO -   Saved 884 data points for CHBL
2026-03-14 02:54:46,058 - INFO - [91/502] Syncing CHCC from 2016-03-16...
2026-03-14 02:54:46,417 - INFO - HTTP Request: GET https://beta-restapi.sarmaaya.pk/api/tradingview/history?symbol=CHCC&resolution=D&from=1458068400&to=1773428400 "HTTP/1.1 200 OK"
2026-03-14 02:54:48,663 - INFO -   Saved 2473 data points for CHCC
2026-03-14 02:54:49,368 - INFO - [92/502] Syncing CJPL from 2016-03-16...
2026-03-14 02:54:51,674 - INFO - HTTP Request: GET https://beta-restapi.sarmaaya.pk/api/tradingview/history?symbol=CJPL&resolution=D&from=1458068400&to=1773428400 "HTTP/1.1 200 OK"
2026-03-14 02:54:53,001 - INFO -   Saved 861 data points for CJPL
2026-03-14 02:54:53,706 - INFO - [93/502] Syncing CLCPS from 2016-03-16...
2026-03-14 02:54:55,303 - INFO - HTTP Request: GET https://beta-restapi.sarmaaya.pk/api/tradingview/history?symbol=CLCPS&resolution=D&from=1458068400&to=1773428400 "HTTP/1.1 200 OK"
2026-03-14 02:54:56,585 - INFO -   Saved 443 data points for CLCPS
2026-03-14 02:54:57,291 - INFO - [94/502] Syncing CLOV from 2016-03-16...
2026-03-14 02:54:57,624 - INFO - HTTP Request: GET https://beta-restapi.sarmaaya.pk/api/tradingview/history?symbol=CLOV&resolution=D&from=1458068400&to=1773428400 "HTTP/1.1 200 OK"
2026-03-14 02:54:59,857 - INFO -   Saved 2457 data points for CLOV
2026-03-14 02:55:00,562 - INFO - [95/502] Syncing CLVL from 2016-03-16...
2026-03-14 02:55:00,878 - INFO - HTTP Request: GET https://beta-restapi.sarmaaya.pk/api/tradingview/history?symbol=CLVL&resolution=D&from=1458068400&to=1773428400 "HTTP/1.1 200 OK"
2026-03-14 02:55:02,628 - INFO -   Saved 1062 data points for CLVL
2026-03-14 02:55:03,334 - INFO - [96/502] Syncing CNERGY from 2016-03-16...
2026-03-14 02:55:03,656 - INFO - HTTP Request: GET https://beta-restapi.sarmaaya.pk/api/tradingview/history?symbol=CNERGY&resolution=D&from=1458068400&to=1773428400 "HTTP/1.1 200 OK"
2026-03-14 02:55:05,237 - INFO -   Saved 1048 data points for CNERGY
2026-03-14 02:55:05,942 - INFO - [97/502] Syncing COLG from 2016-03-16...
2026-03-14 02:55:06,292 - INFO - HTTP Request: GET https://beta-restapi.sarmaaya.pk/api/tradingview/history?symbol=COLG&resolution=D&from=1458068400&to=1773428400 "HTTP/1.1 200 OK"
2026-03-14 02:55:07,969 - INFO -   Saved 1955 data points for COLG
2026-03-14 02:55:08,673 - INFO - [98/502] Syncing CPHL from 2016-03-16...
2026-03-14 02:55:09,488 - INFO - HTTP Request: GET https://beta-restapi.sarmaaya.pk/api/tradingview/history?symbol=CPHL&resolution=D&from=1458068400&to=1773428400 "HTTP/1.1 200 OK"
2026-03-14 02:55:11,052 - INFO -   Saved 1151 data points for CPHL
2026-03-14 02:55:11,756 - INFO - [99/502] Syncing CPPL from 2016-03-16...
2026-03-14 02:55:13,111 - INFO - HTTP Request: GET https://beta-restapi.sarmaaya.pk/api/tradingview/history?symbol=CPPL&resolution=D&from=1458068400&to=1773428400 "HTTP/1.1 200 OK"
2026-03-14 02:55:15,064 - INFO -   Saved 2442 data points for CPPL
2026-03-14 02:55:15,770 - INFO - [100/502] Syncing CRTM from 2016-03-16...
2026-03-14 02:55:16,526 - INFO - HTTP Request: GET https://beta-restapi.sarmaaya.pk/api/tradingview/history?symbol=CRTM&resolution=D&from=1458068400&to=1773428400 "HTTP/1.1 200 OK"
2026-03-14 02:55:18,591 - INFO -   Saved 2415 data points for CRTM
2026-03-14 02:55:19,296 - INFO - [101/502] Syncing CSAP from 2016-03-16...
2026-03-14 02:55:19,648 - INFO - HTTP Request: GET https://beta-restapi.sarmaaya.pk/api/tradingview/history?symbol=CSAP&resolution=D&from=1458068400&to=1773428400 "HTTP/1.1 200 OK"
2026-03-14 02:55:21,653 - INFO -   Saved 2462 data points for CSAP
2026-03-14 02:55:22,356 - INFO - [102/502] Syncing CSIL from 2016-03-16...
2026-03-14 02:55:22,717 - INFO - HTTP Request: GET https://beta-restapi.sarmaaya.pk/api/tradingview/history?symbol=CSIL&resolution=D&from=1458068400&to=1773428400 "HTTP/1.1 200 OK"
2026-03-14 02:55:24,687 - INFO -   Saved 2467 data points for CSIL
2026-03-14 02:55:25,389 - INFO - [103/502] Syncing CTM from 2016-03-16...
2026-03-14 02:55:25,755 - INFO - HTTP Request: GET https://beta-restapi.sarmaaya.pk/api/tradingview/history?symbol=CTM&resolution=D&from=1458068400&to=1773428400 "HTTP/1.1 200 OK"
2026-03-14 02:55:27,811 - INFO -   Saved 2426 data points for CTM
2026-03-14 02:55:28,515 - INFO - [104/502] Syncing CYAN from 2016-03-16...
2026-03-14 02:55:28,863 - INFO - HTTP Request: GET https://beta-restapi.sarmaaya.pk/api/tradingview/history?symbol=CYAN&resolution=D&from=1458068400&to=1773428400 "HTTP/1.1 200 OK"
2026-03-14 02:55:31,097 - INFO -   Saved 2344 data points for CYAN
2026-03-14 02:55:31,803 - INFO - [105/502] Syncing DAAG from 2016-03-16...
2026-03-14 02:55:32,139 - INFO - HTTP Request: GET https://beta-restapi.sarmaaya.pk/api/tradingview/history?symbol=DAAG&resolution=D&from=1458068400&to=1773428400 "HTTP/1.1 200 OK"
2026-03-14 02:55:33,863 - INFO -   Saved 1797 data points for DAAG
2026-03-14 02:55:34,564 - INFO - [106/502] Syncing DADX from 2016-03-16...
2026-03-14 02:55:34,875 - INFO - HTTP Request: GET https://beta-restapi.sarmaaya.pk/api/tradingview/history?symbol=DADX&resolution=D&from=1458068400&to=1773428400 "HTTP/1.1 200 OK"
2026-03-14 02:55:36,447 - INFO -   Saved 1179 data points for DADX
2026-03-14 02:55:37,153 - INFO - [107/502] Syncing DBCI from 2016-03-16...
2026-03-14 02:55:37,444 - INFO - HTTP Request: GET https://beta-restapi.sarmaaya.pk/api/tradingview/history?symbol=DBCI&resolution=D&from=1458068400&to=1773428400 "HTTP/1.1 200 OK"
2026-03-14 02:55:38,669 - INFO -   Saved 446 data points for DBCI
2026-03-14 02:55:39,374 - INFO - [108/502] Syncing DCL from 2016-03-16...
2026-03-14 02:55:39,728 - INFO - HTTP Request: GET https://beta-restapi.sarmaaya.pk/api/tradingview/history?symbol=DCL&resolution=D&from=1458068400&to=1773428400 "HTTP/1.1 200 OK"
2026-03-14 02:55:41,718 - INFO -   Saved 2473 data points for DCL
2026-03-14 02:55:42,423 - INFO - [109/502] Syncing DCR from 2016-03-16...
2026-03-14 02:55:42,785 - INFO - HTTP Request: GET https://beta-restapi.sarmaaya.pk/api/tradingview/history?symbol=DCR&resolution=D&from=1458068400&to=1773428400 "HTTP/1.1 200 OK"
2026-03-14 02:55:44,820 - INFO -   Saved 2468 data points for DCR
2026-03-14 02:55:45,522 - INFO - [110/502] Syncing DEL from 2016-03-16...
2026-03-14 02:55:45,858 - INFO - HTTP Request: GET https://beta-restapi.sarmaaya.pk/api/tradingview/history?symbol=DEL&resolution=D&from=1458068400&to=1773428400 "HTTP/1.1 200 OK"
2026-03-14 02:55:47,811 - INFO -   Saved 2028 data points for DEL
2026-03-14 02:55:48,514 - INFO - [111/502] Syncing DFML from 2016-03-16...
2026-03-14 02:55:48,864 - INFO - HTTP Request: GET https://beta-restapi.sarmaaya.pk/api/tradingview/history?symbol=DFML&resolution=D&from=1458068400&to=1773428400 "HTTP/1.1 200 OK"
2026-03-14 02:55:50,955 - INFO -   Saved 2473 data points for DFML
2026-03-14 02:55:51,660 - INFO - [112/502] Syncing DFSM from 2016-03-16...
2026-03-14 02:55:52,016 - INFO - HTTP Request: GET https://beta-restapi.sarmaaya.pk/api/tradingview/history?symbol=DFSM&resolution=D&from=1458068400&to=1773428400 "HTTP/1.1 200 OK"
2026-03-14 02:55:54,013 - INFO -   Saved 2459 data points for DFSM
2026-03-14 02:55:54,718 - INFO - [113/502] Syncing DGKC from 2016-03-16...
2026-03-14 02:55:55,341 - INFO - HTTP Request: GET https://beta-restapi.sarmaaya.pk/api/tradingview/history?symbol=DGKC&resolution=D&from=1458068400&to=1773428400 "HTTP/1.1 200 OK"
2026-03-14 02:55:57,389 - INFO -   Saved 2473 data points for DGKC
2026-03-14 02:55:58,096 - INFO - [114/502] Syncing DHPL from 2016-03-16...
2026-03-14 02:55:58,352 - INFO - HTTP Request: GET https://beta-restapi.sarmaaya.pk/api/tradingview/history?symbol=DHPL&resolution=D&from=1458068400&to=1773428400 "HTTP/1.1 500 Internal Server Error"
2026-03-14 02:55:58,355 - WARNING -   No history found for DHPL
2026-03-14 02:55:59,060 - INFO - [115/502] Syncing DIIL from 2016-03-16...
2026-03-14 02:55:59,344 - INFO - HTTP Request: GET https://beta-restapi.sarmaaya.pk/api/tradingview/history?symbol=DIIL&resolution=D&from=1458068400&to=1773428400 "HTTP/1.1 200 OK"
2026-03-14 02:56:00,602 - INFO -   Saved 437 data points for DIIL
2026-03-14 02:56:01,307 - INFO - [116/502] Syncing DINT from 2016-03-16...
2026-03-14 02:56:01,641 - INFO - HTTP Request: GET https://beta-restapi.sarmaaya.pk/api/tradingview/history?symbol=DINT&resolution=D&from=1458068400&to=1773428400 "HTTP/1.1 200 OK"
2026-03-14 02:56:02,963 - INFO -   Saved 753 data points for DINT
2026-03-14 02:56:03,670 - INFO - [117/502] Syncing DLL from 2016-03-16...
2026-03-14 02:56:04,010 - INFO - HTTP Request: GET https://beta-restapi.sarmaaya.pk/api/tradingview/history?symbol=DLL&resolution=D&from=1458068400&to=1773428400 "HTTP/1.1 200 OK"
2026-03-14 02:56:05,668 - INFO -   Saved 1638 data points for DLL
2026-03-14 02:56:06,373 - INFO - [118/502] Syncing DMC from 2016-03-16...
2026-03-14 02:56:06,631 - INFO - HTTP Request: GET https://beta-restapi.sarmaaya.pk/api/tradingview/history?symbol=DMC&resolution=D&from=1458068400&to=1773428400 "HTTP/1.1 500 Internal Server Error"
2026-03-14 02:56:06,635 - WARNING -   No history found for DMC
2026-03-14 02:56:07,336 - INFO - [119/502] Syncing DNCC from 2016-03-16...
2026-03-14 02:56:07,682 - INFO - HTTP Request: GET https://beta-restapi.sarmaaya.pk/api/tradingview/history?symbol=DNCC&resolution=D&from=1458068400&to=1773428400 "HTTP/1.1 200 OK"
2026-03-14 02:56:09,402 - INFO -   Saved 1797 data points for DNCC
2026-03-14 02:56:10,107 - INFO - [120/502] Syncing DOL from 2016-03-16...
2026-03-14 02:56:10,463 - INFO - HTTP Request: GET https://beta-restapi.sarmaaya.pk/api/tradingview/history?symbol=DOL&resolution=D&from=1458068400&to=1773428400 "HTTP/1.1 200 OK"
2026-03-14 02:56:12,589 - INFO -   Saved 2473 data points for DOL
2026-03-14 02:56:13,294 - INFO - [121/502] Syncing DSIL from 2016-03-16...
2026-03-14 02:56:13,658 - INFO - HTTP Request: GET https://beta-restapi.sarmaaya.pk/api/tradingview/history?symbol=DSIL&resolution=D&from=1458068400&to=1773428400 "HTTP/1.1 200 OK"
2026-03-14 02:56:15,644 - INFO -   Saved 2463 data points for DSIL
2026-03-14 02:56:16,350 - INFO - [122/502] Syncing DSL from 2016-03-16...
2026-03-14 02:56:16,722 - INFO - HTTP Request: GET https://beta-restapi.sarmaaya.pk/api/tradingview/history?symbol=DSL&resolution=D&from=1458068400&to=1773428400 "HTTP/1.1 200 OK"
2026-03-14 02:56:18,809 - INFO -   Saved 2473 data points for DSL
2026-03-14 02:56:19,514 - INFO - [123/502] Syncing DWAE from 2016-03-16...
2026-03-14 02:56:19,828 - INFO - HTTP Request: GET https://beta-restapi.sarmaaya.pk/api/tradingview/history?symbol=DWAE&resolution=D&from=1458068400&to=1773428400 "HTTP/1.1 200 OK"
2026-03-14 02:56:21,062 - INFO -   Saved 446 data points for DWAE
2026-03-14 02:56:21,768 - INFO - [124/502] Syncing DWSM from 2016-03-16...
2026-03-14 02:56:22,117 - INFO - HTTP Request: GET https://beta-restapi.sarmaaya.pk/api/tradingview/history?symbol=DWSM&resolution=D&from=1458068400&to=1773428400 "HTTP/1.1 200 OK"
2026-03-14 02:56:24,049 - INFO -   Saved 2244 data points for DWSM
2026-03-14 02:56:24,752 - INFO - [125/502] Syncing DWTM from 2016-03-16...
2026-03-14 02:56:25,062 - INFO - HTTP Request: GET https://beta-restapi.sarmaaya.pk/api/tradingview/history?symbol=DWTM&resolution=D&from=1458068400&to=1773428400 "HTTP/1.1 200 OK"
2026-03-14 02:56:26,609 - INFO -   Saved 1075 data points for DWTM
2026-03-14 02:56:27,319 - INFO - [126/502] Syncing DYNO from 2016-03-16...
2026-03-14 02:56:27,725 - INFO - HTTP Request: GET https://beta-restapi.sarmaaya.pk/api/tradingview/history?symbol=DYNO&resolution=D&from=1458068400&to=1773428400 "HTTP/1.1 200 OK"
2026-03-14 02:56:29,864 - INFO -   Saved 2263 data points for DYNO
2026-03-14 02:56:30,574 - INFO - [127/502] Syncing ECOP from 2016-03-16...
2026-03-14 02:56:30,998 - INFO - HTTP Request: GET https://beta-restapi.sarmaaya.pk/api/tradingview/history?symbol=ECOP&resolution=D&from=1458068400&to=1773428400 "HTTP/1.1 200 OK"
2026-03-14 02:56:33,085 - INFO -   Saved 2326 data points for ECOP
2026-03-14 02:56:33,798 - INFO - [128/502] Syncing EFERT from 2016-03-16...
2026-03-14 02:56:34,147 - INFO - HTTP Request: GET https://beta-restapi.sarmaaya.pk/api/tradingview/history?symbol=EFERT&resolution=D&from=1458068400&to=1773428400 "HTTP/1.1 200 OK"
2026-03-14 02:56:36,119 - INFO -   Saved 2473 data points for EFERT
2026-03-14 02:56:36,829 - INFO - [129/502] Syncing EFUG from 2016-03-16...
2026-03-14 02:56:37,166 - INFO - HTTP Request: GET https://beta-restapi.sarmaaya.pk/api/tradingview/history?symbol=EFUG&resolution=D&from=1458068400&to=1773428400 "HTTP/1.1 200 OK"
2026-03-14 02:56:38,875 - INFO -   Saved 1941 data points for EFUG
2026-03-14 02:56:39,585 - INFO - [130/502] Syncing EFUL from 2016-03-16...
2026-03-14 02:56:39,930 - INFO - HTTP Request: GET https://beta-restapi.sarmaaya.pk/api/tradingview/history?symbol=EFUL&resolution=D&from=1458068400&to=1773428400 "HTTP/1.1 200 OK"
2026-03-14 02:56:41,659 - INFO -   Saved 1845 data points for EFUL
2026-03-14 02:56:42,366 - INFO - [131/502] Syncing ELCM from 2016-03-16...
2026-03-14 02:56:42,660 - INFO - HTTP Request: GET https://beta-restapi.sarmaaya.pk/api/tradingview/history?symbol=ELCM&resolution=D&from=1458068400&to=1773428400 "HTTP/1.1 200 OK"
2026-03-14 02:56:44,003 - INFO -   Saved 499 data points for ELCM
2026-03-14 02:56:44,713 - INFO - [132/502] Syncing ELSM from 2016-03-16...
2026-03-14 02:56:45,019 - INFO - HTTP Request: GET https://beta-restapi.sarmaaya.pk/api/tradingview/history?symbol=ELSM&resolution=D&from=1458068400&to=1773428400 "HTTP/1.1 200 OK"
2026-03-14 02:56:46,281 - INFO -   Saved 981 data points for ELSM
2026-03-14 02:56:46,990 - INFO - [133/502] Syncing EMCO from 2016-03-16...
2026-03-14 02:56:47,323 - INFO - HTTP Request: GET https://beta-restapi.sarmaaya.pk/api/tradingview/history?symbol=EMCO&resolution=D&from=1458068400&to=1773428400 "HTTP/1.1 200 OK"
2026-03-14 02:56:48,972 - INFO -   Saved 1793 data points for EMCO
2026-03-14 02:56:49,682 - INFO - [134/502] Syncing ENGROH from 2016-03-16...
2026-03-14 02:56:49,946 - INFO - HTTP Request: GET https://beta-restapi.sarmaaya.pk/api/tradingview/history?symbol=ENGROH&resolution=D&from=1458068400&to=1773428400 "HTTP/1.1 500 Internal Server Error"
2026-03-14 02:56:49,949 - WARNING -   No history found for ENGROH
2026-03-14 02:56:50,658 - INFO - [135/502] Syncing EPCL from 2016-03-16...
2026-03-14 02:56:51,012 - INFO - HTTP Request: GET https://beta-restapi.sarmaaya.pk/api/tradingview/history?symbol=EPCL&resolution=D&from=1458068400&to=1773428400 "HTTP/1.1 200 OK"
2026-03-14 02:56:52,995 - INFO -   Saved 2473 data points for EPCL
2026-03-14 02:56:53,705 - INFO - [136/502] Syncing EPCLPS from 2016-03-16...
2026-03-14 02:56:54,012 - INFO - HTTP Request: GET https://beta-restapi.sarmaaya.pk/api/tradingview/history?symbol=EPCLPS&resolution=D&from=1458068400&to=1773428400 "HTTP/1.1 200 OK"
2026-03-14 02:56:55,262 - INFO -   Saved 806 data points for EPCLPS
2026-03-14 02:56:55,973 - INFO - [137/502] Syncing EPQL from 2016-03-16...
2026-03-14 02:56:56,331 - INFO - HTTP Request: GET https://beta-restapi.sarmaaya.pk/api/tradingview/history?symbol=EPQL&resolution=D&from=1458068400&to=1773428400 "HTTP/1.1 200 OK"
2026-03-14 02:56:58,285 - INFO -   Saved 2468 data points for EPQL
2026-03-14 02:56:58,993 - INFO - [138/502] Syncing ESBL from 2016-03-16...
2026-03-14 02:56:59,338 - INFO - HTTP Request: GET https://beta-restapi.sarmaaya.pk/api/tradingview/history?symbol=ESBL&resolution=D&from=1458068400&to=1773428400 "HTTP/1.1 200 OK"
2026-03-14 02:57:01,507 - INFO -   Saved 2297 data points for ESBL
2026-03-14 02:57:02,216 - INFO - [139/502] Syncing EWIC from 2016-03-16...
2026-03-14 02:57:02,501 - INFO - HTTP Request: GET https://beta-restapi.sarmaaya.pk/api/tradingview/history?symbol=EWIC&resolution=D&from=1458068400&to=1773428400 "HTTP/1.1 200 OK"
2026-03-14 02:57:03,869 - INFO -   Saved 226 data points for EWIC
2026-03-14 02:57:04,579 - INFO - [140/502] Syncing EXIDE from 2016-03-16...
2026-03-14 02:57:04,932 - INFO - HTTP Request: GET https://beta-restapi.sarmaaya.pk/api/tradingview/history?symbol=EXIDE&resolution=D&from=1458068400&to=1773428400 "HTTP/1.1 200 OK"
2026-03-14 02:57:06,946 - INFO -   Saved 2377 data points for EXIDE
2026-03-14 02:57:07,653 - INFO - [141/502] Syncing FABL from 2016-03-16...
2026-03-14 02:57:08,003 - INFO - HTTP Request: GET https://beta-restapi.sarmaaya.pk/api/tradingview/history?symbol=FABL&resolution=D&from=1458068400&to=1773428400 "HTTP/1.1 200 OK"
2026-03-14 02:57:09,975 - INFO -   Saved 2469 data points for FABL
2026-03-14 02:57:10,682 - INFO - [142/502] Syncing FANM from 2016-03-16...
2026-03-14 02:57:11,498 - INFO - HTTP Request: GET https://beta-restapi.sarmaaya.pk/api/tradingview/history?symbol=FANM&resolution=D&from=1458068400&to=1773428400 "HTTP/1.1 200 OK"
2026-03-14 02:57:13,177 - INFO -   Saved 1041 data points for FANM
2026-03-14 02:57:13,888 - INFO - [143/502] Syncing FASM from 2016-03-16...
2026-03-14 02:57:14,932 - INFO - HTTP Request: GET https://beta-restapi.sarmaaya.pk/api/tradingview/history?symbol=FASM&resolution=D&from=1458068400&to=1773428400 "HTTP/1.1 200 OK"
2026-03-14 02:57:16,561 - INFO -   Saved 1214 data points for FASM
2026-03-14 02:57:17,262 - INFO - [144/502] Syncing FATIMA from 2016-03-16...
2026-03-14 02:57:17,695 - INFO - HTTP Request: GET https://beta-restapi.sarmaaya.pk/api/tradingview/history?symbol=FATIMA&resolution=D&from=1458068400&to=1773428400 "HTTP/1.1 200 OK"
2026-03-14 02:57:19,741 - INFO -   Saved 2470 data points for FATIMA
2026-03-14 02:57:20,451 - INFO - [145/502] Syncing FCCL from 2016-03-16...
2026-03-14 02:57:20,811 - INFO - HTTP Request: GET https://beta-restapi.sarmaaya.pk/api/tradingview/history?symbol=FCCL&resolution=D&from=1458068400&to=1773428400 "HTTP/1.1 200 OK"
2026-03-14 02:57:22,861 - INFO -   Saved 2473 data points for FCCL
2026-03-14 02:57:23,568 - INFO - [146/502] Syncing FCEL from 2016-03-16...
2026-03-14 02:57:23,868 - INFO - HTTP Request: GET https://beta-restapi.sarmaaya.pk/api/tradingview/history?symbol=FCEL&resolution=D&from=1458068400&to=1773428400 "HTTP/1.1 200 OK"
2026-03-14 02:57:25,087 - INFO -   Saved 415 data points for FCEL
2026-03-14 02:57:25,795 - INFO - [147/502] Syncing FCEPL from 2016-03-16...
2026-03-14 02:57:26,164 - INFO - HTTP Request: GET https://beta-restapi.sarmaaya.pk/api/tradingview/history?symbol=FCEPL&resolution=D&from=1458068400&to=1773428400 "HTTP/1.1 200 OK"
2026-03-14 02:57:28,119 - INFO -   Saved 2473 data points for FCEPL
2026-03-14 02:57:28,828 - INFO - [148/502] Syncing FCIBL from 2016-03-16...
2026-03-14 02:57:29,142 - INFO - HTTP Request: GET https://beta-restapi.sarmaaya.pk/api/tradingview/history?symbol=FCIBL&resolution=D&from=1458068400&to=1773428400 "HTTP/1.1 200 OK"
2026-03-14 02:57:30,717 - INFO -   Saved 1217 data points for FCIBL
2026-03-14 02:57:31,427 - INFO - [149/502] Syncing FCL from 2016-03-16...
2026-03-14 02:57:31,685 - INFO - HTTP Request: GET https://beta-restapi.sarmaaya.pk/api/tradingview/history?symbol=FCL&resolution=D&from=1458068400&to=1773428400 "HTTP/1.1 500 Internal Server Error"
2026-03-14 02:57:31,687 - WARNING -   No history found for FCL
2026-03-14 02:57:32,395 - INFO - [150/502] Syncing FCSC from 2016-03-16...
2026-03-14 02:57:32,762 - INFO - HTTP Request: GET https://beta-restapi.sarmaaya.pk/api/tradingview/history?symbol=FCSC&resolution=D&from=1458068400&to=1773428400 "HTTP/1.1 200 OK"
2026-03-14 02:57:34,759 - INFO -   Saved 2455 data points for FCSC
2026-03-14 02:57:35,470 - INFO - [151/502] Syncing FDPL from 2016-03-16...
2026-03-14 02:57:35,730 - INFO - HTTP Request: GET https://beta-restapi.sarmaaya.pk/api/tradingview/history?symbol=FDPL&resolution=D&from=1458068400&to=1773428400 "HTTP/1.1 500 Internal Server Error"
2026-03-14 02:57:35,734 - WARNING -   No history found for FDPL
2026-03-14 02:57:36,434 - INFO - [152/502] Syncing FECM from 2016-03-16...
2026-03-14 02:57:36,783 - INFO - HTTP Request: GET https://beta-restapi.sarmaaya.pk/api/tradingview/history?symbol=FECM&resolution=D&from=1458068400&to=1773428400 "HTTP/1.1 200 OK"
2026-03-14 02:57:38,706 - INFO -   Saved 2137 data points for FECM
2026-03-14 02:57:39,416 - INFO - [153/502] Syncing FECTC from 2016-03-16...
2026-03-14 02:57:39,763 - INFO - HTTP Request: GET https://beta-restapi.sarmaaya.pk/api/tradingview/history?symbol=FECTC&resolution=D&from=1458068400&to=1773428400 "HTTP/1.1 200 OK"
2026-03-14 02:57:41,697 - INFO -   Saved 2250 data points for FECTC
2026-03-14 02:57:42,408 - INFO - [154/502] Syncing FEM from 2016-03-16...
2026-03-14 02:57:42,740 - INFO - HTTP Request: GET https://beta-restapi.sarmaaya.pk/api/tradingview/history?symbol=FEM&resolution=D&from=1458068400&to=1773428400 "HTTP/1.1 200 OK"
2026-03-14 02:57:44,330 - INFO -   Saved 1599 data points for FEM
2026-03-14 02:57:45,040 - INFO - [155/502] Syncing FEROZ from 2016-03-16...
2026-03-14 02:57:45,382 - INFO - HTTP Request: GET https://beta-restapi.sarmaaya.pk/api/tradingview/history?symbol=FEROZ&resolution=D&from=1458068400&to=1773428400 "HTTP/1.1 200 OK"
2026-03-14 02:57:47,365 - INFO -   Saved 2469 data points for FEROZ
2026-03-14 02:57:48,076 - INFO - [156/502] Syncing FFC from 2016-03-16...
2026-03-14 02:57:48,435 - INFO - HTTP Request: GET https://beta-restapi.sarmaaya.pk/api/tradingview/history?symbol=FFC&resolution=D&from=1458068400&to=1773428400 "HTTP/1.1 200 OK"
2026-03-14 02:57:50,434 - INFO -   Saved 2473 data points for FFC
2026-03-14 02:57:51,138 - INFO - [157/502] Syncing FFL from 2016-03-16...
2026-03-14 02:57:51,485 - INFO - HTTP Request: GET https://beta-restapi.sarmaaya.pk/api/tradingview/history?symbol=FFL&resolution=D&from=1458068400&to=1773428400 "HTTP/1.1 200 OK"
2026-03-14 02:57:53,475 - INFO -   Saved 2473 data points for FFL
2026-03-14 02:57:54,185 - INFO - [158/502] Syncing FFLM from 2016-03-16...
2026-03-14 02:57:54,507 - INFO - HTTP Request: GET https://beta-restapi.sarmaaya.pk/api/tradingview/history?symbol=FFLM&resolution=D&from=1458068400&to=1773428400 "HTTP/1.1 200 OK"
2026-03-14 02:57:56,065 - INFO -   Saved 1226 data points for FFLM
2026-03-14 02:57:56,775 - INFO - [159/502] Syncing FHAM from 2016-03-16...
2026-03-14 02:57:57,118 - INFO - HTTP Request: GET https://beta-restapi.sarmaaya.pk/api/tradingview/history?symbol=FHAM&resolution=D&from=1458068400&to=1773428400 "HTTP/1.1 200 OK"
2026-03-14 02:57:59,072 - INFO -   Saved 2215 data points for FHAM
2026-03-14 02:57:59,776 - INFO - [160/502] Syncing FIBLM from 2016-03-16...
2026-03-14 02:58:00,089 - INFO - HTTP Request: GET https://beta-restapi.sarmaaya.pk/api/tradingview/history?symbol=FIBLM&resolution=D&from=1458068400&to=1773428400 "HTTP/1.1 200 OK"
2026-03-14 02:58:01,638 - INFO -   Saved 1052 data points for FIBLM
2026-03-14 02:58:02,349 - INFO - [161/502] Syncing FIL from 2016-03-16...
2026-03-14 02:58:02,631 - INFO - HTTP Request: GET https://beta-restapi.sarmaaya.pk/api/tradingview/history?symbol=FIL&resolution=D&from=1458068400&to=1773428400 "HTTP/1.1 200 OK"
2026-03-14 02:58:03,847 - INFO -   Saved 285 data points for FIL
2026-03-14 02:58:04,557 - INFO - [162/502] Syncing FIMM from 2016-03-16...
2026-03-14 02:58:04,851 - INFO - HTTP Request: GET https://beta-restapi.sarmaaya.pk/api/tradingview/history?symbol=FIMM&resolution=D&from=1458068400&to=1773428400 "HTTP/1.1 200 OK"
2026-03-14 02:58:06,077 - INFO -   Saved 495 data points for FIMM
2026-03-14 02:58:06,788 - INFO - [163/502] Syncing FLYNG from 2016-03-16...
2026-03-14 02:58:07,139 - INFO - HTTP Request: GET https://beta-restapi.sarmaaya.pk/api/tradingview/history?symbol=FLYNG&resolution=D&from=1458068400&to=1773428400 "HTTP/1.1 200 OK"
2026-03-14 02:58:09,108 - INFO -   Saved 2414 data points for FLYNG
2026-03-14 02:58:09,810 - INFO - [164/502] Syncing FML from 2016-03-16...
2026-03-14 02:58:10,145 - INFO - HTTP Request: GET https://beta-restapi.sarmaaya.pk/api/tradingview/history?symbol=FML&resolution=D&from=1458068400&to=1773428400 "HTTP/1.1 200 OK"
2026-03-14 02:58:12,046 - INFO -   Saved 2075 data points for FML
2026-03-14 02:58:12,750 - INFO - [165/502] Syncing FNEL from 2016-03-16...
2026-03-14 02:58:13,104 - INFO - HTTP Request: GET https://beta-restapi.sarmaaya.pk/api/tradingview/history?symbol=FNEL&resolution=D&from=1458068400&to=1773428400 "HTTP/1.1 200 OK"
2026-03-14 02:58:15,175 - INFO -   Saved 2411 data points for FNEL
2026-03-14 02:58:15,879 - INFO - [166/502] Syncing FPJM from 2016-03-16...
2026-03-14 02:58:16,270 - INFO - HTTP Request: GET https://beta-restapi.sarmaaya.pk/api/tradingview/history?symbol=FPJM&resolution=D&from=1458068400&to=1773428400 "HTTP/1.1 200 OK"
2026-03-14 02:58:18,010 - INFO -   Saved 1798 data points for FPJM
2026-03-14 02:58:18,727 - INFO - [167/502] Syncing FPRM from 2016-03-16...
2026-03-14 02:58:19,076 - INFO - HTTP Request: GET https://beta-restapi.sarmaaya.pk/api/tradingview/history?symbol=FPRM&resolution=D&from=1458068400&to=1773428400 "HTTP/1.1 200 OK"
2026-03-14 02:58:20,643 - INFO -   Saved 1216 data points for FPRM
2026-03-14 02:58:21,354 - INFO - [168/502] Syncing FRCL from 2016-03-16...
2026-03-14 02:58:21,735 - INFO - HTTP Request: GET https://beta-restapi.sarmaaya.pk/api/tradingview/history?symbol=FRCL&resolution=D&from=1458068400&to=1773428400 "HTTP/1.1 200 OK"
2026-03-14 02:58:23,323 - INFO -   Saved 1494 data points for FRCL
2026-03-14 02:58:24,033 - INFO - [169/502] Syncing FRSM from 2016-03-16...
2026-03-14 02:58:24,413 - INFO - HTTP Request: GET https://beta-restapi.sarmaaya.pk/api/tradingview/history?symbol=FRSM&resolution=D&from=1458068400&to=1773428400 "HTTP/1.1 200 OK"
2026-03-14 02:58:26,021 - INFO -   Saved 1804 data points for FRSM
2026-03-14 02:58:26,728 - INFO - [170/502] Syncing FSWL from 2016-03-16...
2026-03-14 02:58:27,018 - INFO - HTTP Request: GET https://beta-restapi.sarmaaya.pk/api/tradingview/history?symbol=FSWL&resolution=D&from=1458068400&to=1773428400 "HTTP/1.1 200 OK"
2026-03-14 02:58:28,244 - INFO -   Saved 258 data points for FSWL
2026-03-14 02:58:28,955 - INFO - [171/502] Syncing FTMM from 2016-03-16...
2026-03-14 02:58:29,313 - INFO - HTTP Request: GET https://beta-restapi.sarmaaya.pk/api/tradingview/history?symbol=FTMM&resolution=D&from=1458068400&to=1773428400 "HTTP/1.1 200 OK"
2026-03-14 02:58:30,965 - INFO -   Saved 1321 data points for FTMM
2026-03-14 02:58:31,672 - INFO - [172/502] Syncing FTSM from 2016-03-16...
2026-03-14 02:58:31,998 - INFO - HTTP Request: GET https://beta-restapi.sarmaaya.pk/api/tradingview/history?symbol=FTSM&resolution=D&from=1458068400&to=1773428400 "HTTP/1.1 200 OK"
2026-03-14 02:58:33,243 - INFO -   Saved 752 data points for FTSM
2026-03-14 02:58:33,953 - INFO - [173/502] Syncing FZCM from 2016-03-16...
2026-03-14 02:58:34,329 - INFO - HTTP Request: GET https://beta-restapi.sarmaaya.pk/api/tradingview/history?symbol=FZCM&resolution=D&from=1458068400&to=1773428400 "HTTP/1.1 200 OK"
2026-03-14 02:58:35,909 - INFO -   Saved 1538 data points for FZCM
2026-03-14 02:58:36,619 - INFO - [174/502] Syncing GADT from 2016-03-16...
2026-03-14 02:58:37,006 - INFO - HTTP Request: GET https://beta-restapi.sarmaaya.pk/api/tradingview/history?symbol=GADT&resolution=D&from=1458068400&to=1773428400 "HTTP/1.1 200 OK"
2026-03-14 02:58:39,004 - INFO -   Saved 2091 data points for GADT
2026-03-14 02:58:39,715 - INFO - [175/502] Syncing GAL from 2016-03-16...
2026-03-14 02:58:40,043 - INFO - HTTP Request: GET https://beta-restapi.sarmaaya.pk/api/tradingview/history?symbol=GAL&resolution=D&from=1458068400&to=1773428400 "HTTP/1.1 200 OK"
2026-03-14 02:58:41,459 - INFO -   Saved 700 data points for GAL
2026-03-14 02:58:42,170 - INFO - [176/502] Syncing GAMON from 2016-03-16...
2026-03-14 02:58:42,552 - INFO - HTTP Request: GET https://beta-restapi.sarmaaya.pk/api/tradingview/history?symbol=GAMON&resolution=D&from=1458068400&to=1773428400 "HTTP/1.1 200 OK"
2026-03-14 02:58:44,218 - INFO -   Saved 1878 data points for GAMON
2026-03-14 02:58:44,929 - INFO - [177/502] Syncing GATI from 2016-03-16...
2026-03-14 02:58:45,310 - INFO - HTTP Request: GET https://beta-restapi.sarmaaya.pk/api/tradingview/history?symbol=GATI&resolution=D&from=1458068400&to=1773428400 "HTTP/1.1 200 OK"
2026-03-14 02:58:46,989 - INFO -   Saved 1461 data points for GATI
2026-03-14 02:58:47,693 - INFO - [178/502] Syncing GATM from 2016-03-16...
2026-03-14 02:58:48,092 - INFO - HTTP Request: GET https://beta-restapi.sarmaaya.pk/api/tradingview/history?symbol=GATM&resolution=D&from=1458068400&to=1773428400 "HTTP/1.1 200 OK"
2026-03-14 02:58:50,138 - INFO -   Saved 2473 data points for GATM
2026-03-14 02:58:50,839 - INFO - [179/502] Syncing GCIL from 2016-03-16...
2026-03-14 02:58:51,177 - INFO - HTTP Request: GET https://beta-restapi.sarmaaya.pk/api/tradingview/history?symbol=GCIL&resolution=D&from=1458068400&to=1773428400 "HTTP/1.1 200 OK"
2026-03-14 02:58:52,441 - INFO -   Saved 827 data points for GCIL
2026-03-14 02:58:53,148 - INFO - [180/502] Syncing GCWL from 2016-03-16...
2026-03-14 02:58:53,402 - INFO - HTTP Request: GET https://beta-restapi.sarmaaya.pk/api/tradingview/history?symbol=GCWL&resolution=D&from=1458068400&to=1773428400 "HTTP/1.1 500 Internal Server Error"
2026-03-14 02:58:53,403 - WARNING -   No history found for GCWL
2026-03-14 02:58:54,112 - INFO - [181/502] Syncing GDL from 2016-03-16...
2026-03-14 02:58:54,371 - INFO - HTTP Request: GET https://beta-restapi.sarmaaya.pk/api/tradingview/history?symbol=GDL&resolution=D&from=1458068400&to=1773428400 "HTTP/1.1 500 Internal Server Error"
2026-03-14 02:58:54,372 - WARNING -   No history found for GDL
2026-03-14 02:58:55,082 - INFO - [182/502] Syncing GEMBCEM from 2016-03-16...
2026-03-14 02:58:55,339 - INFO - HTTP Request: GET https://beta-restapi.sarmaaya.pk/api/tradingview/history?symbol=GEMBCEM&resolution=D&from=1458068400&to=1773428400 "HTTP/1.1 500 Internal Server Error"
2026-03-14 02:58:55,340 - WARNING -   No history found for GEMBCEM
2026-03-14 02:58:56,050 - INFO - [183/502] Syncing GEMNETS from 2016-03-16...
2026-03-14 02:58:56,304 - INFO - HTTP Request: GET https://beta-restapi.sarmaaya.pk/api/tradingview/history?symbol=GEMNETS&resolution=D&from=1458068400&to=1773428400 "HTTP/1.1 500 Internal Server Error"
2026-03-14 02:58:56,306 - WARNING -   No history found for GEMNETS
2026-03-14 02:58:57,010 - INFO - [184/502] Syncing GEMPACRA from 2016-03-16...
2026-03-14 02:58:57,266 - INFO - HTTP Request: GET https://beta-restapi.sarmaaya.pk/api/tradingview/history?symbol=GEMPACRA&resolution=D&from=1458068400&to=1773428400 "HTTP/1.1 500 Internal Server Error"
2026-03-14 02:58:57,266 - WARNING -   No history found for GEMPACRA
2026-03-14 02:58:57,975 - INFO - [185/502] Syncing GEMPAPL from 2016-03-16...
2026-03-14 02:58:58,267 - INFO - HTTP Request: GET https://beta-restapi.sarmaaya.pk/api/tradingview/history?symbol=GEMPAPL&resolution=D&from=1458068400&to=1773428400 "HTTP/1.1 200 OK"
2026-03-14 02:58:59,789 - INFO -   Saved 430 data points for GEMPAPL
2026-03-14 02:59:00,500 - INFO - [186/502] Syncing GEMSPNL from 2016-03-16...
2026-03-14 02:59:00,805 - INFO - HTTP Request: GET https://beta-restapi.sarmaaya.pk/api/tradingview/history?symbol=GEMSPNL&resolution=D&from=1458068400&to=1773428400 "HTTP/1.1 200 OK"
2026-03-14 02:59:02,348 - INFO -   Saved 569 data points for GEMSPNL
2026-03-14 02:59:03,061 - INFO - [187/502] Syncing GFIL from 2016-03-16...
2026-03-14 02:59:03,444 - INFO - HTTP Request: GET https://beta-restapi.sarmaaya.pk/api/tradingview/history?symbol=GFIL&resolution=D&from=1458068400&to=1773428400 "HTTP/1.1 200 OK"
2026-03-14 02:59:05,313 - INFO -   Saved 1908 data points for GFIL
2026-03-14 02:59:06,022 - INFO - [188/502] Syncing GGGL from 2016-03-16...
2026-03-14 02:59:06,416 - INFO - HTTP Request: GET https://beta-restapi.sarmaaya.pk/api/tradingview/history?symbol=GGGL&resolution=D&from=1458068400&to=1773428400 "HTTP/1.1 200 OK"
2026-03-14 02:59:08,431 - INFO -   Saved 2465 data points for GGGL
2026-03-14 02:59:09,143 - INFO - [189/502] Syncing GGL from 2016-03-16...
2026-03-14 02:59:10,764 - INFO - HTTP Request: GET https://beta-restapi.sarmaaya.pk/api/tradingview/history?symbol=GGL&resolution=D&from=1458068400&to=1773428400 "HTTP/1.1 200 OK"
2026-03-14 02:59:12,997 - INFO -   Saved 2473 data points for GGL
2026-03-14 02:59:13,707 - INFO - [190/502] Syncing GHGL from 2016-03-16...
2026-03-14 02:59:16,557 - INFO - HTTP Request: GET https://beta-restapi.sarmaaya.pk/api/tradingview/history?symbol=GHGL&resolution=D&from=1458068400&to=1773428400 "HTTP/1.1 200 OK"
2026-03-14 02:59:18,662 - INFO -   Saved 2467 data points for GHGL
2026-03-14 02:59:19,370 - INFO - [191/502] Syncing GHNI from 2016-03-16...
2026-03-14 02:59:19,776 - INFO - HTTP Request: GET https://beta-restapi.sarmaaya.pk/api/tradingview/history?symbol=GHNI&resolution=D&from=1458068400&to=1773428400 "HTTP/1.1 200 OK"
2026-03-14 02:59:21,998 - INFO -   Saved 2473 data points for GHNI
2026-03-14 02:59:22,701 - INFO - [192/502] Syncing GLAXO from 2016-03-16...
2026-03-14 02:59:23,143 - INFO - HTTP Request: GET https://beta-restapi.sarmaaya.pk/api/tradingview/history?symbol=GLAXO&resolution=D&from=1458068400&to=1773428400 "HTTP/1.1 200 OK"
2026-03-14 02:59:25,313 - INFO -   Saved 2471 data points for GLAXO
2026-03-14 02:59:26,021 - INFO - [193/502] Syncing GLPL from 2016-03-16...
2026-03-14 02:59:26,413 - INFO - HTTP Request: GET https://beta-restapi.sarmaaya.pk/api/tradingview/history?symbol=GLPL&resolution=D&from=1458068400&to=1773428400 "HTTP/1.1 200 OK"
2026-03-14 02:59:28,047 - INFO -   Saved 1359 data points for GLPL
2026-03-14 02:59:28,761 - INFO - [194/502] Syncing GOC from 2016-03-16...
2026-03-14 02:59:29,104 - INFO - HTTP Request: GET https://beta-restapi.sarmaaya.pk/api/tradingview/history?symbol=GOC&resolution=D&from=1458068400&to=1773428400 "HTTP/1.1 200 OK"
2026-03-14 02:59:30,811 - INFO -   Saved 1008 data points for GOC
2026-03-14 02:59:31,521 - INFO - [195/502] Syncing GRR from 2016-03-16...
2026-03-14 02:59:31,778 - INFO - HTTP Request: GET https://beta-restapi.sarmaaya.pk/api/tradingview/history?symbol=GRR&resolution=D&from=1458068400&to=1773428400 "HTTP/1.1 500 Internal Server Error"
2026-03-14 02:59:31,781 - WARNING -   No history found for GRR
2026-03-14 02:59:32,490 - INFO - [196/502] Syncing GRYL from 2016-03-16...
2026-03-14 02:59:32,873 - INFO - HTTP Request: GET https://beta-restapi.sarmaaya.pk/api/tradingview/history?symbol=GRYL&resolution=D&from=1458068400&to=1773428400 "HTTP/1.1 200 OK"
2026-03-14 02:59:34,602 - INFO -   Saved 1470 data points for GRYL
2026-03-14 02:59:35,312 - INFO - [197/502] Syncing GSPM from 2016-03-16...
2026-03-14 02:59:35,617 - INFO - HTTP Request: GET https://beta-restapi.sarmaaya.pk/api/tradingview/history?symbol=GSPM&resolution=D&from=1458068400&to=1773428400 "HTTP/1.1 200 OK"
2026-03-14 02:59:36,852 - INFO -   Saved 445 data points for GSPM
2026-03-14 02:59:37,563 - INFO - [198/502] Syncing GTYR from 2016-03-16...
2026-03-14 02:59:37,965 - INFO - HTTP Request: GET https://beta-restapi.sarmaaya.pk/api/tradingview/history?symbol=GTYR&resolution=D&from=1458068400&to=1773428400 "HTTP/1.1 200 OK"
2026-03-14 02:59:40,022 - INFO -   Saved 2471 data points for GTYR
2026-03-14 02:59:40,724 - INFO - [199/502] Syncing GUSM from 2016-03-16...
2026-03-14 02:59:41,027 - INFO - HTTP Request: GET https://beta-restapi.sarmaaya.pk/api/tradingview/history?symbol=GUSM&resolution=D&from=1458068400&to=1773428400 "HTTP/1.1 200 OK"
2026-03-14 02:59:42,407 - INFO -   Saved 425 data points for GUSM
2026-03-14 02:59:43,118 - INFO - [200/502] Syncing GVGL from 2016-03-16...
2026-03-14 02:59:43,521 - INFO - HTTP Request: GET https://beta-restapi.sarmaaya.pk/api/tradingview/history?symbol=GVGL&resolution=D&from=1458068400&to=1773428400 "HTTP/1.1 200 OK"
2026-03-14 02:59:45,488 - INFO -   Saved 2291 data points for GVGL
2026-03-14 02:59:46,193 - INFO - [201/502] Syncing GWLC from 2016-03-16...
2026-03-14 02:59:46,597 - INFO - HTTP Request: GET https://beta-restapi.sarmaaya.pk/api/tradingview/history?symbol=GWLC&resolution=D&from=1458068400&to=1773428400 "HTTP/1.1 200 OK"
2026-03-14 02:59:48,738 - INFO -   Saved 2425 data points for GWLC
2026-03-14 02:59:49,445 - INFO - [202/502] Syncing HABSM from 2016-03-16...
2026-03-14 02:59:49,839 - INFO - HTTP Request: GET https://beta-restapi.sarmaaya.pk/api/tradingview/history?symbol=HABSM&resolution=D&from=1458068400&to=1773428400 "HTTP/1.1 200 OK"
2026-03-14 02:59:51,898 - INFO -   Saved 2250 data points for HABSM
2026-03-14 02:59:52,604 - INFO - [203/502] Syncing HAEL from 2016-03-16...
2026-03-14 02:59:52,986 - INFO - HTTP Request: GET https://beta-restapi.sarmaaya.pk/api/tradingview/history?symbol=HAEL&resolution=D&from=1458068400&to=1773428400 "HTTP/1.1 200 OK"
2026-03-14 02:59:54,676 - INFO -   Saved 1664 data points for HAEL
2026-03-14 02:59:55,386 - INFO - [204/502] Syncing HAFL from 2016-03-16...
2026-03-14 02:59:55,680 - INFO - HTTP Request: GET https://beta-restapi.sarmaaya.pk/api/tradingview/history?symbol=HAFL&resolution=D&from=1458068400&to=1773428400 "HTTP/1.1 200 OK"
2026-03-14 02:59:56,898 - INFO -   Saved 331 data points for HAFL
2026-03-14 02:59:57,607 - INFO - [205/502] Syncing HALEON from 2016-03-16...
2026-03-14 02:59:57,944 - INFO - HTTP Request: GET https://beta-restapi.sarmaaya.pk/api/tradingview/history?symbol=HALEON&resolution=D&from=1458068400&to=1773428400 "HTTP/1.1 200 OK"
2026-03-14 02:59:59,281 - INFO -   Saved 763 data points for HALEON
2026-03-14 02:59:59,984 - INFO - [206/502] Syncing HASCOL from 2016-03-16...
2026-03-14 03:00:00,412 - INFO - HTTP Request: GET https://beta-restapi.sarmaaya.pk/api/tradingview/history?symbol=HASCOL&resolution=D&from=1458068400&to=1773428400 "HTTP/1.1 200 OK"
2026-03-14 03:00:02,768 - INFO -   Saved 2473 data points for HASCOL
2026-03-14 03:00:03,476 - INFO - [207/502] Syncing HBL from 2016-03-16...
2026-03-14 03:00:03,906 - INFO - HTTP Request: GET https://beta-restapi.sarmaaya.pk/api/tradingview/history?symbol=HBL&resolution=D&from=1458068400&to=1773428400 "HTTP/1.1 200 OK"
2026-03-14 03:00:06,005 - INFO -   Saved 2473 data points for HBL
2026-03-14 03:00:06,705 - INFO - [208/502] Syncing HBLTETF from 2016-03-16...
2026-03-14 03:00:07,039 - INFO - HTTP Request: GET https://beta-restapi.sarmaaya.pk/api/tradingview/history?symbol=HBLTETF&resolution=D&from=1458068400&to=1773428400 "HTTP/1.1 200 OK"
2026-03-14 03:00:08,305 - INFO -   Saved 770 data points for HBLTETF
2026-03-14 03:00:09,015 - INFO - [209/502] Syncing HCAR from 2016-03-16...
2026-03-14 03:00:09,415 - INFO - HTTP Request: GET https://beta-restapi.sarmaaya.pk/api/tradingview/history?symbol=HCAR&resolution=D&from=1458068400&to=1773428400 "HTTP/1.1 200 OK"
2026-03-14 03:00:11,572 - INFO -   Saved 2473 data points for HCAR
2026-03-14 03:00:12,282 - INFO - [210/502] Syncing HGFA from 2016-03-16...
2026-03-14 03:00:12,630 - INFO - HTTP Request: GET https://beta-restapi.sarmaaya.pk/api/tradingview/history?symbol=HGFA&resolution=D&from=1458068400&to=1773428400 "HTTP/1.1 200 OK"
2026-03-14 03:00:14,238 - INFO -   Saved 1006 data points for HGFA
2026-03-14 03:00:14,948 - INFO - [211/502] Syncing HICL from 2016-03-16...
2026-03-14 03:00:15,263 - INFO - HTTP Request: GET https://beta-restapi.sarmaaya.pk/api/tradingview/history?symbol=HICL&resolution=D&from=1458068400&to=1773428400 "HTTP/1.1 200 OK"
2026-03-14 03:00:17,123 - INFO -   Saved 1752 data points for HICL
2026-03-14 03:00:17,831 - INFO - [212/502] Syncing HIFA from 2016-03-16...
2026-03-14 03:00:18,183 - INFO - HTTP Request: GET https://beta-restapi.sarmaaya.pk/api/tradingview/history?symbol=HIFA&resolution=D&from=1458068400&to=1773428400 "HTTP/1.1 200 OK"
2026-03-14 03:00:19,946 - INFO -   Saved 1056 data points for HIFA
2026-03-14 03:00:20,657 - INFO - [213/502] Syncing HINO from 2016-03-16...
2026-03-14 03:00:21,057 - INFO - HTTP Request: GET https://beta-restapi.sarmaaya.pk/api/tradingview/history?symbol=HINO&resolution=D&from=1458068400&to=1773428400 "HTTP/1.1 200 OK"
2026-03-14 03:00:23,172 - INFO -   Saved 2193 data points for HINO
2026-03-14 03:00:23,882 - INFO - [214/502] Syncing HINOON from 2016-03-16...
2026-03-14 03:00:24,282 - INFO - HTTP Request: GET https://beta-restapi.sarmaaya.pk/api/tradingview/history?symbol=HINOON&resolution=D&from=1458068400&to=1773428400 "HTTP/1.1 200 OK"
2026-03-14 03:00:26,322 - INFO -   Saved 2459 data points for HINOON
2026-03-14 03:00:27,030 - INFO - [215/502] Syncing HIRAT from 2016-03-16...
2026-03-14 03:00:27,427 - INFO - HTTP Request: GET https://beta-restapi.sarmaaya.pk/api/tradingview/history?symbol=HIRAT&resolution=D&from=1458068400&to=1773428400 "HTTP/1.1 200 OK"
2026-03-14 03:00:29,486 - INFO -   Saved 2408 data points for HIRAT
2026-03-14 03:00:30,197 - INFO - [216/502] Syncing HMB from 2016-03-16...
2026-03-14 03:00:30,599 - INFO - HTTP Request: GET https://beta-restapi.sarmaaya.pk/api/tradingview/history?symbol=HMB&resolution=D&from=1458068400&to=1773428400 "HTTP/1.1 200 OK"
2026-03-14 03:00:32,769 - INFO -   Saved 2431 data points for HMB
2026-03-14 03:00:33,479 - INFO - [217/502] Syncing HPL from 2016-03-16...
2026-03-14 03:00:33,748 - INFO - HTTP Request: GET https://beta-restapi.sarmaaya.pk/api/tradingview/history?symbol=HPL&resolution=D&from=1458068400&to=1773428400 "HTTP/1.1 500 Internal Server Error"
2026-03-14 03:00:33,750 - WARNING -   No history found for HPL
2026-03-14 03:00:34,457 - INFO - [218/502] Syncing HRPL from 2016-03-16...
2026-03-14 03:00:34,713 - INFO - HTTP Request: GET https://beta-restapi.sarmaaya.pk/api/tradingview/history?symbol=HRPL&resolution=D&from=1458068400&to=1773428400 "HTTP/1.1 500 Internal Server Error"
2026-03-14 03:00:34,713 - WARNING -   No history found for HRPL
2026-03-14 03:00:35,418 - INFO - [219/502] Syncing HTL from 2016-03-16...
2026-03-14 03:00:35,827 - INFO - HTTP Request: GET https://beta-restapi.sarmaaya.pk/api/tradingview/history?symbol=HTL&resolution=D&from=1458068400&to=1773428400 "HTTP/1.1 200 OK"
2026-03-14 03:00:37,879 - INFO -   Saved 2472 data points for HTL
2026-03-14 03:00:38,589 - INFO - [220/502] Syncing HUBC from 2016-03-16...
2026-03-14 03:00:38,987 - INFO - HTTP Request: GET https://beta-restapi.sarmaaya.pk/api/tradingview/history?symbol=HUBC&resolution=D&from=1458068400&to=1773428400 "HTTP/1.1 200 OK"
2026-03-14 03:00:41,111 - INFO -   Saved 2473 data points for HUBC
2026-03-14 03:00:41,822 - INFO - [221/502] Syncing HUMNL from 2016-03-16...
2026-03-14 03:00:42,243 - INFO - HTTP Request: GET https://beta-restapi.sarmaaya.pk/api/tradingview/history?symbol=HUMNL&resolution=D&from=1458068400&to=1773428400 "HTTP/1.1 200 OK"
2026-03-14 03:00:44,337 - INFO -   Saved 2469 data points for HUMNL
2026-03-14 03:00:45,044 - INFO - [222/502] Syncing HUSI from 2016-03-16...
2026-03-14 03:00:45,359 - INFO - HTTP Request: GET https://beta-restapi.sarmaaya.pk/api/tradingview/history?symbol=HUSI&resolution=D&from=1458068400&to=1773428400 "HTTP/1.1 200 OK"
2026-03-14 03:00:46,613 - INFO -   Saved 624 data points for HUSI
2026-03-14 03:00:47,323 - INFO - [223/502] Syncing HWQS from 2016-03-16...
2026-03-14 03:00:47,713 - INFO - HTTP Request: GET https://beta-restapi.sarmaaya.pk/api/tradingview/history?symbol=HWQS&resolution=D&from=1458068400&to=1773428400 "HTTP/1.1 200 OK"
2026-03-14 03:00:49,324 - INFO -   Saved 1616 data points for HWQS
2026-03-14 03:00:50,035 - INFO - [224/502] Syncing IBFL from 2016-03-16...
2026-03-14 03:00:50,414 - INFO - HTTP Request: GET https://beta-restapi.sarmaaya.pk/api/tradingview/history?symbol=IBFL&resolution=D&from=1458068400&to=1773428400 "HTTP/1.1 200 OK"
2026-03-14 03:00:52,225 - INFO -   Saved 1430 data points for IBFL
2026-03-14 03:00:52,930 - INFO - [225/502] Syncing IBLHL from 2016-03-16...
2026-03-14 03:00:53,336 - INFO - HTTP Request: GET https://beta-restapi.sarmaaya.pk/api/tradingview/history?symbol=IBLHL&resolution=D&from=1458068400&to=1773428400 "HTTP/1.1 200 OK"
2026-03-14 03:00:55,357 - INFO -   Saved 2438 data points for IBLHL
2026-03-14 03:00:56,068 - INFO - [226/502] Syncing ICCI from 2016-03-16...
2026-03-14 03:00:56,370 - INFO - HTTP Request: GET https://beta-restapi.sarmaaya.pk/api/tradingview/history?symbol=ICCI&resolution=D&from=1458068400&to=1773428400 "HTTP/1.1 200 OK"
2026-03-14 03:00:57,598 - INFO -   Saved 445 data points for ICCI
2026-03-14 03:00:58,309 - INFO - [227/502] Syncing ICIBL from 2016-03-16...
2026-03-14 03:00:58,720 - INFO - HTTP Request: GET https://beta-restapi.sarmaaya.pk/api/tradingview/history?symbol=ICIBL&resolution=D&from=1458068400&to=1773428400 "HTTP/1.1 200 OK"
2026-03-14 03:01:00,737 - INFO -   Saved 2464 data points for ICIBL
2026-03-14 03:01:01,439 - INFO - [228/502] Syncing ICL from 2016-03-16...
2026-03-14 03:01:01,839 - INFO - HTTP Request: GET https://beta-restapi.sarmaaya.pk/api/tradingview/history?symbol=ICL&resolution=D&from=1458068400&to=1773428400 "HTTP/1.1 200 OK"
2026-03-14 03:01:03,899 - INFO -   Saved 2435 data points for ICL
2026-03-14 03:01:04,603 - INFO - [229/502] Syncing IDRT from 2016-03-16...
2026-03-14 03:01:04,932 - INFO - HTTP Request: GET https://beta-restapi.sarmaaya.pk/api/tradingview/history?symbol=IDRT&resolution=D&from=1458068400&to=1773428400 "HTTP/1.1 200 OK"
2026-03-14 03:01:06,182 - INFO -   Saved 846 data points for IDRT
2026-03-14 03:01:06,888 - INFO - [230/502] Syncing IDSM from 2016-03-16...
2026-03-14 03:01:07,215 - INFO - HTTP Request: GET https://beta-restapi.sarmaaya.pk/api/tradingview/history?symbol=IDSM&resolution=D&from=1458068400&to=1773428400 "HTTP/1.1 200 OK"
2026-03-14 03:01:08,608 - INFO -   Saved 745 data points for IDSM
2026-03-14 03:01:09,311 - INFO - [231/502] Syncing IDYM from 2016-03-16...
2026-03-14 03:01:10,157 - INFO - HTTP Request: GET https://beta-restapi.sarmaaya.pk/api/tradingview/history?symbol=IDYM&resolution=D&from=1458068400&to=1773428400 "HTTP/1.1 200 OK"
2026-03-14 03:01:11,924 - INFO -   Saved 1668 data points for IDYM
2026-03-14 03:01:12,626 - INFO - [232/502] Syncing IGIHL from 2016-03-16...
2026-03-14 03:01:13,957 - INFO - HTTP Request: GET https://beta-restapi.sarmaaya.pk/api/tradingview/history?symbol=IGIHL&resolution=D&from=1458068400&to=1773428400 "HTTP/1.1 200 OK"
2026-03-14 03:01:16,080 - INFO -   Saved 2347 data points for IGIHL
2026-03-14 03:01:16,781 - INFO - [233/502] Syncing IGIL from 2016-03-16...
2026-03-14 03:01:17,312 - INFO - HTTP Request: GET https://beta-restapi.sarmaaya.pk/api/tradingview/history?symbol=IGIL&resolution=D&from=1458068400&to=1773428400 "HTTP/1.1 200 OK"
2026-03-14 03:01:18,945 - INFO -   Saved 1743 data points for IGIL
2026-03-14 03:01:19,653 - INFO - [234/502] Syncing ILP from 2016-03-16...
2026-03-14 03:01:20,043 - INFO - HTTP Request: GET https://beta-restapi.sarmaaya.pk/api/tradingview/history?symbol=ILP&resolution=D&from=1458068400&to=1773428400 "HTTP/1.1 200 OK"
2026-03-14 03:01:21,823 - INFO -   Saved 1714 data points for ILP
2026-03-14 03:01:22,534 - INFO - [235/502] Syncing IMAGE from 2016-03-16...
2026-03-14 03:01:22,918 - INFO - HTTP Request: GET https://beta-restapi.sarmaaya.pk/api/tradingview/history?symbol=IMAGE&resolution=D&from=1458068400&to=1773428400 "HTTP/1.1 200 OK"
2026-03-14 03:01:24,571 - INFO -   Saved 1151 data points for IMAGE
2026-03-14 03:01:25,275 - INFO - [236/502] Syncing IML from 2016-03-16...
2026-03-14 03:01:25,673 - INFO - HTTP Request: GET https://beta-restapi.sarmaaya.pk/api/tradingview/history?symbol=IML&resolution=D&from=1458068400&to=1773428400 "HTTP/1.1 200 OK"
2026-03-14 03:01:27,329 - INFO -   Saved 1922 data points for IML
2026-03-14 03:01:28,030 - INFO - [237/502] Syncing IMS from 2016-03-16...
2026-03-14 03:01:28,295 - INFO - HTTP Request: GET https://beta-restapi.sarmaaya.pk/api/tradingview/history?symbol=IMS&resolution=D&from=1458068400&to=1773428400 "HTTP/1.1 500 Internal Server Error"
2026-03-14 03:01:28,297 - WARNING -   No history found for IMS
2026-03-14 03:01:29,007 - INFO - [238/502] Syncing INDU from 2016-03-16...
2026-03-14 03:01:29,384 - INFO - HTTP Request: GET https://beta-restapi.sarmaaya.pk/api/tradingview/history?symbol=INDU&resolution=D&from=1458068400&to=1773428400 "HTTP/1.1 200 OK"
2026-03-14 03:01:31,545 - INFO -   Saved 2472 data points for INDU
2026-03-14 03:01:32,248 - INFO - [239/502] Syncing INIL from 2016-03-16...
2026-03-14 03:01:32,670 - INFO - HTTP Request: GET https://beta-restapi.sarmaaya.pk/api/tradingview/history?symbol=INIL&resolution=D&from=1458068400&to=1773428400 "HTTP/1.1 200 OK"
2026-03-14 03:01:34,710 - INFO -   Saved 2470 data points for INIL
2026-03-14 03:01:35,419 - INFO - [240/502] Syncing INKL from 2016-03-16...
2026-03-14 03:01:35,784 - INFO - HTTP Request: GET https://beta-restapi.sarmaaya.pk/api/tradingview/history?symbol=INKL&resolution=D&from=1458068400&to=1773428400 "HTTP/1.1 200 OK"
2026-03-14 03:01:37,041 - INFO -   Saved 965 data points for INKL
2026-03-14 03:01:37,743 - INFO - [241/502] Syncing IPAK from 2016-03-16...
2026-03-14 03:01:38,023 - INFO - HTTP Request: GET https://beta-restapi.sarmaaya.pk/api/tradingview/history?symbol=IPAK&resolution=D&from=1458068400&to=1773428400 "HTTP/1.1 500 Internal Server Error"
2026-03-14 03:01:38,024 - WARNING -   No history found for IPAK
2026-03-14 03:01:38,735 - INFO - [242/502] Syncing IREIT from 2016-03-16...
2026-03-14 03:01:38,996 - INFO - HTTP Request: GET https://beta-restapi.sarmaaya.pk/api/tradingview/history?symbol=IREIT&resolution=D&from=1458068400&to=1773428400 "HTTP/1.1 500 Internal Server Error"
2026-03-14 03:01:38,998 - WARNING -   No history found for IREIT
2026-03-14 03:01:39,703 - INFO - [243/502] Syncing ISIL from 2016-03-16...
2026-03-14 03:01:40,045 - INFO - HTTP Request: GET https://beta-restapi.sarmaaya.pk/api/tradingview/history?symbol=ISIL&resolution=D&from=1458068400&to=1773428400 "HTTP/1.1 200 OK"
2026-03-14 03:01:41,297 - INFO -   Saved 968 data points for ISIL
2026-03-14 03:01:42,000 - INFO - [244/502] Syncing ISL from 2016-03-16...
2026-03-14 03:01:42,404 - INFO - HTTP Request: GET https://beta-restapi.sarmaaya.pk/api/tradingview/history?symbol=ISL&resolution=D&from=1458068400&to=1773428400 "HTTP/1.1 200 OK"
2026-03-14 03:01:44,535 - INFO -   Saved 2473 data points for ISL
2026-03-14 03:01:45,239 - INFO - [245/502] Syncing ITANZ from 2016-03-16...
2026-03-14 03:01:45,510 - INFO - HTTP Request: GET https://beta-restapi.sarmaaya.pk/api/tradingview/history?symbol=ITANZ&resolution=D&from=1458068400&to=1773428400 "HTTP/1.1 500 Internal Server Error"
2026-03-14 03:01:45,514 - WARNING -   No history found for ITANZ
2026-03-14 03:01:46,225 - INFO - [246/502] Syncing ITTEFAQ from 2016-03-16...
2026-03-14 03:01:46,627 - INFO - HTTP Request: GET https://beta-restapi.sarmaaya.pk/api/tradingview/history?symbol=ITTEFAQ&resolution=D&from=1458068400&to=1773428400 "HTTP/1.1 200 OK"
2026-03-14 03:01:48,649 - INFO -   Saved 2148 data points for ITTEFAQ
2026-03-14 03:01:49,353 - INFO - [247/502] Syncing JATM from 2016-03-16...
2026-03-14 03:01:49,751 - INFO - HTTP Request: GET https://beta-restapi.sarmaaya.pk/api/tradingview/history?symbol=JATM&resolution=D&from=1458068400&to=1773428400 "HTTP/1.1 200 OK"
2026-03-14 03:01:51,535 - INFO -   Saved 1706 data points for JATM
2026-03-14 03:01:52,237 - INFO - [248/502] Syncing JDMT from 2016-03-16...
2026-03-14 03:01:52,622 - INFO - HTTP Request: GET https://beta-restapi.sarmaaya.pk/api/tradingview/history?symbol=JDMT&resolution=D&from=1458068400&to=1773428400 "HTTP/1.1 200 OK"
2026-03-14 03:01:54,206 - INFO -   Saved 1482 data points for JDMT
2026-03-14 03:01:54,916 - INFO - [249/502] Syncing JDWS from 2016-03-16...
2026-03-14 03:01:55,318 - INFO - HTTP Request: GET https://beta-restapi.sarmaaya.pk/api/tradingview/history?symbol=JDWS&resolution=D&from=1458068400&to=1773428400 "HTTP/1.1 200 OK"
2026-03-14 03:01:56,936 - INFO -   Saved 1538 data points for JDWS
2026-03-14 03:01:57,645 - INFO - [250/502] Syncing JGICL from 2016-03-16...
2026-03-14 03:01:58,041 - INFO - HTTP Request: GET https://beta-restapi.sarmaaya.pk/api/tradingview/history?symbol=JGICL&resolution=D&from=1458068400&to=1773428400 "HTTP/1.1 200 OK"
2026-03-14 03:01:59,808 - INFO -   Saved 1681 data points for JGICL
2026-03-14 03:02:00,514 - INFO - [251/502] Syncing JKSM from 2016-03-16...
2026-03-14 03:02:00,877 - INFO - HTTP Request: GET https://beta-restapi.sarmaaya.pk/api/tradingview/history?symbol=JKSM&resolution=D&from=1458068400&to=1773428400 "HTTP/1.1 200 OK"
2026-03-14 03:02:02,471 - INFO -   Saved 1063 data points for JKSM
2026-03-14 03:02:03,182 - INFO - [252/502] Syncing JLICL from 2016-03-16...
2026-03-14 03:02:03,578 - INFO - HTTP Request: GET https://beta-restapi.sarmaaya.pk/api/tradingview/history?symbol=JLICL&resolution=D&from=1458068400&to=1773428400 "HTTP/1.1 200 OK"
2026-03-14 03:02:05,536 - INFO -   Saved 2043 data points for JLICL
2026-03-14 03:02:06,247 - INFO - [253/502] Syncing JSBL from 2016-03-16...
2026-03-14 03:02:06,653 - INFO - HTTP Request: GET https://beta-restapi.sarmaaya.pk/api/tradingview/history?symbol=JSBL&resolution=D&from=1458068400&to=1773428400 "HTTP/1.1 200 OK"
2026-03-14 03:02:08,922 - INFO -   Saved 2391 data points for JSBL
2026-03-14 03:02:09,628 - INFO - [254/502] Syncing JSCL from 2016-03-16...
2026-03-14 03:02:10,006 - INFO - HTTP Request: GET https://beta-restapi.sarmaaya.pk/api/tradingview/history?symbol=JSCL&resolution=D&from=1458068400&to=1773428400 "HTTP/1.1 200 OK"
2026-03-14 03:02:12,303 - INFO -   Saved 2472 data points for JSCL
2026-03-14 03:02:13,008 - INFO - [255/502] Syncing JSGBETF from 2016-03-16...
2026-03-14 03:02:13,262 - INFO - HTTP Request: GET https://beta-restapi.sarmaaya.pk/api/tradingview/history?symbol=JSGBETF&resolution=D&from=1458068400&to=1773428400 "HTTP/1.1 500 Internal Server Error"
2026-03-14 03:02:13,266 - WARNING -   No history found for JSGBETF
2026-03-14 03:02:13,975 - INFO - [256/502] Syncing JSGCL from 2016-03-16...
2026-03-14 03:02:14,363 - INFO - HTTP Request: GET https://beta-restapi.sarmaaya.pk/api/tradingview/history?symbol=JSGCL&resolution=D&from=1458068400&to=1773428400 "HTTP/1.1 200 OK"
2026-03-14 03:02:16,038 - INFO -   Saved 1426 data points for JSGCL
2026-03-14 03:02:16,748 - INFO - [257/502] Syncing JSIL from 2016-03-16...
2026-03-14 03:02:17,160 - INFO - HTTP Request: GET https://beta-restapi.sarmaaya.pk/api/tradingview/history?symbol=JSIL&resolution=D&from=1458068400&to=1773428400 "HTTP/1.1 200 OK"
2026-03-14 03:02:18,851 - INFO -   Saved 1614 data points for JSIL
2026-03-14 03:02:19,556 - INFO - [258/502] Syncing JSMFETF from 2016-03-16...
2026-03-14 03:02:19,896 - INFO - HTTP Request: GET https://beta-restapi.sarmaaya.pk/api/tradingview/history?symbol=JSMFETF&resolution=D&from=1458068400&to=1773428400 "HTTP/1.1 200 OK"
2026-03-14 03:02:21,415 - INFO -   Saved 841 data points for JSMFETF
2026-03-14 03:02:22,124 - INFO - [259/502] Syncing JSML from 2016-03-16...
2026-03-14 03:02:22,539 - INFO - HTTP Request: GET https://beta-restapi.sarmaaya.pk/api/tradingview/history?symbol=JSML&resolution=D&from=1458068400&to=1773428400 "HTTP/1.1 200 OK"
2026-03-14 03:02:24,297 - INFO -   Saved 1967 data points for JSML
2026-03-14 03:02:25,003 - INFO - [260/502] Syncing JUBS from 2016-03-16...
2026-03-14 03:02:25,391 - INFO - HTTP Request: GET https://beta-restapi.sarmaaya.pk/api/tradingview/history?symbol=JUBS&resolution=D&from=1458068400&to=1773428400 "HTTP/1.1 200 OK"
2026-03-14 03:02:26,990 - INFO -   Saved 1750 data points for JUBS
2026-03-14 03:02:27,700 - INFO - [261/502] Syncing JVDC from 2016-03-16...
2026-03-14 03:02:28,100 - INFO - HTTP Request: GET https://beta-restapi.sarmaaya.pk/api/tradingview/history?symbol=JVDC&resolution=D&from=1458068400&to=1773428400 "HTTP/1.1 200 OK"
2026-03-14 03:02:30,327 - INFO -   Saved 2100 data points for JVDC
2026-03-14 03:02:31,031 - INFO - [262/502] Syncing JVDCPS from 2016-03-16...
2026-03-14 03:02:31,319 - INFO - HTTP Request: GET https://beta-restapi.sarmaaya.pk/api/tradingview/history?symbol=JVDCPS&resolution=D&from=1458068400&to=1773428400 "HTTP/1.1 200 OK"
2026-03-14 03:02:32,573 - INFO -   Saved 58 data points for JVDCPS
2026-03-14 03:02:33,287 - INFO - [263/502] Syncing KAPCO from 2016-03-16...
2026-03-14 03:02:33,694 - INFO - HTTP Request: GET https://beta-restapi.sarmaaya.pk/api/tradingview/history?symbol=KAPCO&resolution=D&from=1458068400&to=1773428400 "HTTP/1.1 200 OK"
2026-03-14 03:02:35,769 - INFO -   Saved 2473 data points for KAPCO
2026-03-14 03:02:36,480 - INFO - [264/502] Syncing KCL from 2016-03-16...
2026-03-14 03:02:36,791 - INFO - HTTP Request: GET https://beta-restapi.sarmaaya.pk/api/tradingview/history?symbol=KCL&resolution=D&from=1458068400&to=1773428400 "HTTP/1.1 200 OK"
2026-03-14 03:02:38,006 - INFO -   Saved 475 data points for KCL
2026-03-14 03:02:38,716 - INFO - [265/502] Syncing KEL from 2016-03-16...
2026-03-14 03:02:39,125 - INFO - HTTP Request: GET https://beta-restapi.sarmaaya.pk/api/tradingview/history?symbol=KEL&resolution=D&from=1458068400&to=1773428400 "HTTP/1.1 200 OK"
2026-03-14 03:02:41,142 - INFO -   Saved 2473 data points for KEL
2026-03-14 03:02:41,847 - INFO - [266/502] Syncing KHTC from 2016-03-16...
2026-03-14 03:02:42,262 - INFO - HTTP Request: GET https://beta-restapi.sarmaaya.pk/api/tradingview/history?symbol=KHTC&resolution=D&from=1458068400&to=1773428400 "HTTP/1.1 200 OK"
2026-03-14 03:02:44,346 - INFO -   Saved 2204 data points for KHTC
2026-03-14 03:02:45,050 - INFO - [267/502] Syncing KHYT from 2016-03-16...
2026-03-14 03:02:45,372 - INFO - HTTP Request: GET https://beta-restapi.sarmaaya.pk/api/tradingview/history?symbol=KHYT&resolution=D&from=1458068400&to=1773428400 "HTTP/1.1 200 OK"
2026-03-14 03:02:46,707 - INFO -   Saved 483 data points for KHYT
2026-03-14 03:02:47,417 - INFO - [268/502] Syncing KML from 2016-03-16...
2026-03-14 03:02:47,808 - INFO - HTTP Request: GET https://beta-restapi.sarmaaya.pk/api/tradingview/history?symbol=KML&resolution=D&from=1458068400&to=1773428400 "HTTP/1.1 200 OK"
2026-03-14 03:02:49,697 - INFO -   Saved 1688 data points for KML
2026-03-14 03:02:50,402 - INFO - [269/502] Syncing KOHC from 2016-03-16...
2026-03-14 03:02:50,818 - INFO - HTTP Request: GET https://beta-restapi.sarmaaya.pk/api/tradingview/history?symbol=KOHC&resolution=D&from=1458068400&to=1773428400 "HTTP/1.1 200 OK"
2026-03-14 03:02:53,053 - INFO -   Saved 2473 data points for KOHC
2026-03-14 03:02:53,763 - INFO - [270/502] Syncing KOHE from 2016-03-16...
2026-03-14 03:02:54,181 - INFO - HTTP Request: GET https://beta-restapi.sarmaaya.pk/api/tradingview/history?symbol=KOHE&resolution=D&from=1458068400&to=1773428400 "HTTP/1.1 200 OK"
2026-03-14 03:02:56,205 - INFO -   Saved 2239 data points for KOHE
2026-03-14 03:02:56,915 - INFO - [271/502] Syncing KOHP from 2016-03-16...
2026-03-14 03:02:57,325 - INFO - HTTP Request: GET https://beta-restapi.sarmaaya.pk/api/tradingview/history?symbol=KOHP&resolution=D&from=1458068400&to=1773428400 "HTTP/1.1 200 OK"
2026-03-14 03:02:59,310 - INFO -   Saved 2153 data points for KOHP
2026-03-14 03:03:00,020 - INFO - [272/502] Syncing KOHTM from 2016-03-16...
2026-03-14 03:03:00,384 - INFO - HTTP Request: GET https://beta-restapi.sarmaaya.pk/api/tradingview/history?symbol=KOHTM&resolution=D&from=1458068400&to=1773428400 "HTTP/1.1 200 OK"
2026-03-14 03:03:02,273 - INFO -   Saved 1103 data points for KOHTM
2026-03-14 03:03:02,982 - INFO - [273/502] Syncing KOIL from 2016-03-16...
2026-03-14 03:03:03,402 - INFO - HTTP Request: GET https://beta-restapi.sarmaaya.pk/api/tradingview/history?symbol=KOIL&resolution=D&from=1458068400&to=1773428400 "HTTP/1.1 200 OK"
2026-03-14 03:03:05,403 - INFO -   Saved 2357 data points for KOIL
2026-03-14 03:03:06,114 - INFO - [274/502] Syncing KOSM from 2016-03-16...
2026-03-14 03:03:06,522 - INFO - HTTP Request: GET https://beta-restapi.sarmaaya.pk/api/tradingview/history?symbol=KOSM&resolution=D&from=1458068400&to=1773428400 "HTTP/1.1 200 OK"
2026-03-14 03:03:08,579 - INFO -   Saved 2459 data points for KOSM
2026-03-14 03:03:09,285 - INFO - [275/502] Syncing KPUS from 2016-03-16...
2026-03-14 03:03:09,626 - INFO - HTTP Request: GET https://beta-restapi.sarmaaya.pk/api/tradingview/history?symbol=KPUS&resolution=D&from=1458068400&to=1773428400 "HTTP/1.1 200 OK"
2026-03-14 03:03:10,872 - INFO -   Saved 808 data points for KPUS
2026-03-14 03:03:11,582 - INFO - [276/502] Syncing KSBP from 2016-03-16...
2026-03-14 03:03:13,371 - INFO - HTTP Request: GET https://beta-restapi.sarmaaya.pk/api/tradingview/history?symbol=KSBP&resolution=D&from=1458068400&to=1773428400 "HTTP/1.1 200 OK"
2026-03-14 03:03:15,333 - INFO -   Saved 2067 data points for KSBP
2026-03-14 03:03:16,045 - INFO - [277/502] Syncing KSTM from 2016-03-16...
2026-03-14 03:03:16,738 - INFO - HTTP Request: GET https://beta-restapi.sarmaaya.pk/api/tradingview/history?symbol=KSTM&resolution=D&from=1458068400&to=1773428400 "HTTP/1.1 200 OK"
2026-03-14 03:03:18,051 - INFO -   Saved 900 data points for KSTM
2026-03-14 03:03:18,762 - INFO - [278/502] Syncing KTML from 2016-03-16...
2026-03-14 03:03:19,178 - INFO - HTTP Request: GET https://beta-restapi.sarmaaya.pk/api/tradingview/history?symbol=KTML&resolution=D&from=1458068400&to=1773428400 "HTTP/1.1 200 OK"
2026-03-14 03:03:21,273 - INFO -   Saved 2343 data points for KTML
2026-03-14 03:03:21,977 - INFO - [279/502] Syncing LCI from 2016-03-16...
2026-03-14 03:03:22,335 - INFO - HTTP Request: GET https://beta-restapi.sarmaaya.pk/api/tradingview/history?symbol=LCI&resolution=D&from=1458068400&to=1773428400 "HTTP/1.1 200 OK"
2026-03-14 03:03:23,775 - INFO -   Saved 781 data points for LCI
2026-03-14 03:03:24,484 - INFO - [280/502] Syncing LEUL from 2016-03-16...
2026-03-14 03:03:24,885 - INFO - HTTP Request: GET https://beta-restapi.sarmaaya.pk/api/tradingview/history?symbol=LEUL&resolution=D&from=1458068400&to=1773428400 "HTTP/1.1 200 OK"
2026-03-14 03:03:26,515 - INFO -   Saved 1993 data points for LEUL
2026-03-14 03:03:27,221 - INFO - [281/502] Syncing LIVEN from 2016-03-16...
2026-03-14 03:03:27,495 - INFO - HTTP Request: GET https://beta-restapi.sarmaaya.pk/api/tradingview/history?symbol=LIVEN&resolution=D&from=1458068400&to=1773428400 "HTTP/1.1 500 Internal Server Error"
2026-03-14 03:03:27,499 - WARNING -   No history found for LIVEN
2026-03-14 03:03:28,205 - INFO - [282/502] Syncing LOADS from 2016-03-16...
2026-03-14 03:03:28,613 - INFO - HTTP Request: GET https://beta-restapi.sarmaaya.pk/api/tradingview/history?symbol=LOADS&resolution=D&from=1458068400&to=1773428400 "HTTP/1.1 200 OK"
2026-03-14 03:03:30,945 - INFO -   Saved 2319 data points for LOADS
2026-03-14 03:03:31,656 - INFO - [283/502] Syncing LOADSR1 from 2016-03-16...
2026-03-14 03:03:31,928 - INFO - HTTP Request: GET https://beta-restapi.sarmaaya.pk/api/tradingview/history?symbol=LOADSR1&resolution=D&from=1458068400&to=1773428400 "HTTP/1.1 500 Internal Server Error"
2026-03-14 03:03:31,929 - WARNING -   No history found for LOADSR1
2026-03-14 03:03:32,632 - INFO - [284/502] Syncing LOTCHEM from 2016-03-16...
2026-03-14 03:03:33,050 - INFO - HTTP Request: GET https://beta-restapi.sarmaaya.pk/api/tradingview/history?symbol=LOTCHEM&resolution=D&from=1458068400&to=1773428400 "HTTP/1.1 200 OK"
2026-03-14 03:03:35,131 - INFO -   Saved 2473 data points for LOTCHEM
2026-03-14 03:03:35,842 - INFO - [285/502] Syncing LPGL from 2016-03-16...
2026-03-14 03:03:36,231 - INFO - HTTP Request: GET https://beta-restapi.sarmaaya.pk/api/tradingview/history?symbol=LPGL&resolution=D&from=1458068400&to=1773428400 "HTTP/1.1 200 OK"
2026-03-14 03:03:37,802 - INFO -   Saved 1252 data points for LPGL
2026-03-14 03:03:38,511 - INFO - [286/502] Syncing LPL from 2016-03-16...
2026-03-14 03:03:39,057 - INFO - HTTP Request: GET https://beta-restapi.sarmaaya.pk/api/tradingview/history?symbol=LPL&resolution=D&from=1458068400&to=1773428400 "HTTP/1.1 200 OK"
2026-03-14 03:03:41,002 - INFO -   Saved 2440 data points for LPL
2026-03-14 03:03:41,710 - INFO - [287/502] Syncing LSECL from 2016-03-16...
2026-03-14 03:03:41,986 - INFO - HTTP Request: GET https://beta-restapi.sarmaaya.pk/api/tradingview/history?symbol=LSECL&resolution=D&from=1458068400&to=1773428400 "HTTP/1.1 500 Internal Server Error"
2026-03-14 03:03:41,990 - WARNING -   No history found for LSECL
2026-03-14 03:03:42,693 - INFO - [288/502] Syncing LSECLR from 2016-03-16...
2026-03-14 03:03:42,961 - INFO - HTTP Request: GET https://beta-restapi.sarmaaya.pk/api/tradingview/history?symbol=LSECLR&resolution=D&from=1458068400&to=1773428400 "HTTP/1.1 500 Internal Server Error"
2026-03-14 03:03:42,963 - WARNING -   No history found for LSECLR
2026-03-14 03:03:43,673 - INFO - [289/502] Syncing LSEFSL from 2016-03-16...
2026-03-14 03:03:43,929 - INFO - HTTP Request: GET https://beta-restapi.sarmaaya.pk/api/tradingview/history?symbol=LSEFSL&resolution=D&from=1458068400&to=1773428400 "HTTP/1.1 500 Internal Server Error"
2026-03-14 03:03:43,931 - WARNING -   No history found for LSEFSL
2026-03-14 03:03:44,641 - INFO - [290/502] Syncing LSEVL from 2016-03-16...
2026-03-14 03:03:44,910 - INFO - HTTP Request: GET https://beta-restapi.sarmaaya.pk/api/tradingview/history?symbol=LSEVL&resolution=D&from=1458068400&to=1773428400 "HTTP/1.1 500 Internal Server Error"
2026-03-14 03:03:44,911 - WARNING -   No history found for LSEVL
2026-03-14 03:03:45,611 - INFO - [291/502] Syncing LUCK from 2016-03-16...
2026-03-14 03:03:46,103 - INFO - HTTP Request: GET https://beta-restapi.sarmaaya.pk/api/tradingview/history?symbol=LUCK&resolution=D&from=1458068400&to=1773428400 "HTTP/1.1 200 OK"
2026-03-14 03:03:48,219 - INFO -   Saved 2468 data points for LUCK
2026-03-14 03:03:48,922 - INFO - [292/502] Syncing MACFL from 2016-03-16...
2026-03-14 03:03:49,366 - INFO - HTTP Request: GET https://beta-restapi.sarmaaya.pk/api/tradingview/history?symbol=MACFL&resolution=D&from=1458068400&to=1773428400 "HTTP/1.1 200 OK"
2026-03-14 03:03:51,420 - INFO -   Saved 2266 data points for MACFL
2026-03-14 03:03:52,130 - INFO - [293/502] Syncing MACTER from 2016-03-16...
2026-03-14 03:03:52,545 - INFO - HTTP Request: GET https://beta-restapi.sarmaaya.pk/api/tradingview/history?symbol=MACTER&resolution=D&from=1458068400&to=1773428400 "HTTP/1.1 200 OK"
2026-03-14 03:03:54,148 - INFO -   Saved 1240 data points for MACTER
2026-03-14 03:03:54,851 - INFO - [294/502] Syncing MARI from 2016-03-16...
2026-03-14 03:03:55,324 - INFO - HTTP Request: GET https://beta-restapi.sarmaaya.pk/api/tradingview/history?symbol=MARI&resolution=D&from=1458068400&to=1773428400 "HTTP/1.1 200 OK"
2026-03-14 03:03:57,576 - INFO -   Saved 2473 data points for MARI
2026-03-14 03:03:58,282 - INFO - [295/502] Syncing MCB from 2016-03-16...
2026-03-14 03:03:58,714 - INFO - HTTP Request: GET https://beta-restapi.sarmaaya.pk/api/tradingview/history?symbol=MCB&resolution=D&from=1458068400&to=1773428400 "HTTP/1.1 200 OK"
2026-03-14 03:04:00,855 - INFO -   Saved 2473 data points for MCB
2026-03-14 03:04:01,565 - INFO - [296/502] Syncing MCBIM from 2016-03-16...
2026-03-14 03:04:01,826 - INFO - HTTP Request: GET https://beta-restapi.sarmaaya.pk/api/tradingview/history?symbol=MCBIM&resolution=D&from=1458068400&to=1773428400 "HTTP/1.1 500 Internal Server Error"
2026-03-14 03:04:01,827 - WARNING -   No history found for MCBIM
2026-03-14 03:04:02,529 - INFO - [297/502] Syncing MDTL from 2016-03-16...
2026-03-14 03:04:02,954 - INFO - HTTP Request: GET https://beta-restapi.sarmaaya.pk/api/tradingview/history?symbol=MDTL&resolution=D&from=1458068400&to=1773428400 "HTTP/1.1 200 OK"
2026-03-14 03:04:04,993 - INFO -   Saved 2470 data points for MDTL
2026-03-14 03:04:05,704 - INFO - [298/502] Syncing MEBL from 2016-03-16...
2026-03-14 03:04:06,138 - INFO - HTTP Request: GET https://beta-restapi.sarmaaya.pk/api/tradingview/history?symbol=MEBL&resolution=D&from=1458068400&to=1773428400 "HTTP/1.1 200 OK"
2026-03-14 03:04:08,347 - INFO -   Saved 2454 data points for MEBL
2026-03-14 03:04:09,063 - INFO - [299/502] Syncing MEHT from 2016-03-16...
2026-03-14 03:04:09,417 - INFO - HTTP Request: GET https://beta-restapi.sarmaaya.pk/api/tradingview/history?symbol=MEHT&resolution=D&from=1458068400&to=1773428400 "HTTP/1.1 200 OK"
2026-03-14 03:04:10,664 - INFO -   Saved 828 data points for MEHT
2026-03-14 03:04:11,374 - INFO - [300/502] Syncing MERIT from 2016-03-16...
2026-03-14 03:04:11,810 - INFO - HTTP Request: GET https://beta-restapi.sarmaaya.pk/api/tradingview/history?symbol=MERIT&resolution=D&from=1458068400&to=1773428400 "HTTP/1.1 200 OK"
2026-03-14 03:04:13,954 - INFO -   Saved 2426 data points for MERIT
2026-03-14 03:04:14,664 - INFO - [301/502] Syncing MFFL from 2016-03-16...
2026-03-14 03:04:15,088 - INFO - HTTP Request: GET https://beta-restapi.sarmaaya.pk/api/tradingview/history?symbol=MFFL&resolution=D&from=1458068400&to=1773428400 "HTTP/1.1 200 OK"
2026-03-14 03:04:17,070 - INFO -   Saved 2074 data points for MFFL
2026-03-14 03:04:17,780 - INFO - [302/502] Syncing MFL from 2016-03-16...
2026-03-14 03:04:18,198 - INFO - HTTP Request: GET https://beta-restapi.sarmaaya.pk/api/tradingview/history?symbol=MFL&resolution=D&from=1458068400&to=1773428400 "HTTP/1.1 200 OK"
2026-03-14 03:04:19,860 - INFO -   Saved 1972 data points for MFL
2026-03-14 03:04:20,570 - INFO - [303/502] Syncing MIIETF from 2016-03-16...
2026-03-14 03:04:20,833 - INFO - HTTP Request: GET https://beta-restapi.sarmaaya.pk/api/tradingview/history?symbol=MIIETF&resolution=D&from=1458068400&to=1773428400 "HTTP/1.1 500 Internal Server Error"
2026-03-14 03:04:20,835 - WARNING -   No history found for MIIETF
2026-03-14 03:04:21,546 - INFO - [304/502] Syncing MIRKS from 2016-03-16...
2026-03-14 03:04:21,943 - INFO - HTTP Request: GET https://beta-restapi.sarmaaya.pk/api/tradingview/history?symbol=MIRKS&resolution=D&from=1458068400&to=1773428400 "HTTP/1.1 200 OK"
2026-03-14 03:04:23,625 - INFO -   Saved 1660 data points for MIRKS
2026-03-14 03:04:24,335 - INFO - [305/502] Syncing MLCF from 2016-03-16...
2026-03-14 03:04:24,760 - INFO - HTTP Request: GET https://beta-restapi.sarmaaya.pk/api/tradingview/history?symbol=MLCF&resolution=D&from=1458068400&to=1773428400 "HTTP/1.1 200 OK"
2026-03-14 03:04:26,855 - INFO -   Saved 2473 data points for MLCF
2026-03-14 03:04:27,557 - INFO - [306/502] Syncing MQTM from 2016-03-16...
2026-03-14 03:04:27,908 - INFO - HTTP Request: GET https://beta-restapi.sarmaaya.pk/api/tradingview/history?symbol=MQTM&resolution=D&from=1458068400&to=1773428400 "HTTP/1.1 200 OK"
2026-03-14 03:04:29,150 - INFO -   Saved 741 data points for MQTM
2026-03-14 03:04:29,854 - INFO - [307/502] Syncing MRNS from 2016-03-16...
2026-03-14 03:04:30,255 - INFO - HTTP Request: GET https://beta-restapi.sarmaaya.pk/api/tradingview/history?symbol=MRNS&resolution=D&from=1458068400&to=1773428400 "HTTP/1.1 200 OK"
2026-03-14 03:04:31,904 - INFO -   Saved 1983 data points for MRNS
2026-03-14 03:04:32,616 - INFO - [308/502] Syncing MSCL from 2016-03-16...
2026-03-14 03:04:32,923 - INFO - HTTP Request: GET https://beta-restapi.sarmaaya.pk/api/tradingview/history?symbol=MSCL&resolution=D&from=1458068400&to=1773428400 "HTTP/1.1 200 OK"
2026-03-14 03:04:34,740 - INFO -   Saved 1123 data points for MSCL
2026-03-14 03:04:35,450 - INFO - [309/502] Syncing MSOT from 2016-03-16...
2026-03-14 03:04:35,850 - INFO - HTTP Request: GET https://beta-restapi.sarmaaya.pk/api/tradingview/history?symbol=MSOT&resolution=D&from=1458068400&to=1773428400 "HTTP/1.1 200 OK"
2026-03-14 03:04:37,510 - INFO -   Saved 1526 data points for MSOT
2026-03-14 03:04:38,213 - INFO - [310/502] Syncing MTL from 2016-03-16...
2026-03-14 03:04:38,665 - INFO - HTTP Request: GET https://beta-restapi.sarmaaya.pk/api/tradingview/history?symbol=MTL&resolution=D&from=1458068400&to=1773428400 "HTTP/1.1 200 OK"
2026-03-14 03:04:40,757 - INFO -   Saved 2472 data points for MTL
2026-03-14 03:04:41,467 - INFO - [311/502] Syncing MUGHAL from 2016-03-16...
2026-03-14 03:04:41,893 - INFO - HTTP Request: GET https://beta-restapi.sarmaaya.pk/api/tradingview/history?symbol=MUGHAL&resolution=D&from=1458068400&to=1773428400 "HTTP/1.1 200 OK"
2026-03-14 03:04:44,162 - INFO -   Saved 2473 data points for MUGHAL
2026-03-14 03:04:44,864 - INFO - [312/502] Syncing MUGHALC from 2016-03-16...
2026-03-14 03:04:45,122 - INFO - HTTP Request: GET https://beta-restapi.sarmaaya.pk/api/tradingview/history?symbol=MUGHALC&resolution=D&from=1458068400&to=1773428400 "HTTP/1.1 500 Internal Server Error"
2026-03-14 03:04:45,124 - WARNING -   No history found for MUGHALC
2026-03-14 03:04:45,833 - INFO - [313/502] Syncing MUREB from 2016-03-16...
2026-03-14 03:04:46,257 - INFO - HTTP Request: GET https://beta-restapi.sarmaaya.pk/api/tradingview/history?symbol=MUREB&resolution=D&from=1458068400&to=1773428400 "HTTP/1.1 200 OK"
2026-03-14 03:04:48,341 - INFO -   Saved 2190 data points for MUREB
2026-03-14 03:04:49,045 - INFO - [314/502] Syncing MWMP from 2016-03-16...
2026-03-14 03:04:49,365 - INFO - HTTP Request: GET https://beta-restapi.sarmaaya.pk/api/tradingview/history?symbol=MWMP&resolution=D&from=1458068400&to=1773428400 "HTTP/1.1 200 OK"
2026-03-14 03:04:50,593 - INFO -   Saved 445 data points for MWMP
2026-03-14 03:04:51,315 - INFO - [315/502] Syncing MZNPETF from 2016-03-16...
2026-03-14 03:04:51,702 - INFO - HTTP Request: GET https://beta-restapi.sarmaaya.pk/api/tradingview/history?symbol=MZNPETF&resolution=D&from=1458068400&to=1773428400 "HTTP/1.1 200 OK"
2026-03-14 03:04:53,333 - INFO -   Saved 1145 data points for MZNPETF
2026-03-14 03:04:54,041 - INFO - [316/502] Syncing NAGC from 2016-03-16...
2026-03-14 03:04:54,403 - INFO - HTTP Request: GET https://beta-restapi.sarmaaya.pk/api/tradingview/history?symbol=NAGC&resolution=D&from=1458068400&to=1773428400 "HTTP/1.1 200 OK"
2026-03-14 03:04:55,969 - INFO -   Saved 1145 data points for NAGC
2026-03-14 03:04:56,679 - INFO - [317/502] Syncing NATF from 2016-03-16...
2026-03-14 03:04:57,237 - INFO - HTTP Request: GET https://beta-restapi.sarmaaya.pk/api/tradingview/history?symbol=NATF&resolution=D&from=1458068400&to=1773428400 "HTTP/1.1 200 OK"
2026-03-14 03:04:59,318 - INFO -   Saved 2396 data points for NATF
2026-03-14 03:05:00,021 - INFO - [318/502] Syncing NBP from 2016-03-16...
2026-03-14 03:05:00,443 - INFO - HTTP Request: GET https://beta-restapi.sarmaaya.pk/api/tradingview/history?symbol=NBP&resolution=D&from=1458068400&to=1773428400 "HTTP/1.1 200 OK"
2026-03-14 03:05:02,696 - INFO -   Saved 2473 data points for NBP
2026-03-14 03:05:03,399 - INFO - [319/502] Syncing NBPGETF from 2016-03-16...
2026-03-14 03:05:03,655 - INFO - HTTP Request: GET https://beta-restapi.sarmaaya.pk/api/tradingview/history?symbol=NBPGETF&resolution=D&from=1458068400&to=1773428400 "HTTP/1.1 500 Internal Server Error"
2026-03-14 03:05:03,658 - WARNING -   No history found for NBPGETF
2026-03-14 03:05:04,364 - INFO - [320/502] Syncing NCL from 2016-03-16...
2026-03-14 03:05:04,746 - INFO - HTTP Request: GET https://beta-restapi.sarmaaya.pk/api/tradingview/history?symbol=NCL&resolution=D&from=1458068400&to=1773428400 "HTTP/1.1 200 OK"
2026-03-14 03:05:06,843 - INFO -   Saved 2473 data points for NCL
2026-03-14 03:05:07,553 - INFO - [321/502] Syncing NCML from 2016-03-16...
2026-03-14 03:05:08,033 - INFO - HTTP Request: GET https://beta-restapi.sarmaaya.pk/api/tradingview/history?symbol=NCML&resolution=D&from=1458068400&to=1773428400 "HTTP/1.1 200 OK"
2026-03-14 03:05:09,694 - INFO -   Saved 1937 data points for NCML
2026-03-14 03:05:10,405 - INFO - [322/502] Syncing NCPL from 2016-03-16...
2026-03-14 03:05:11,774 - INFO - HTTP Request: GET https://beta-restapi.sarmaaya.pk/api/tradingview/history?symbol=NCPL&resolution=D&from=1458068400&to=1773428400 "HTTP/1.1 200 OK"
2026-03-14 03:05:13,803 - INFO -   Saved 2472 data points for NCPL
2026-03-14 03:05:14,512 - INFO - [323/502] Syncing NESTLE from 2016-03-16...
2026-03-14 03:05:15,672 - INFO - HTTP Request: GET https://beta-restapi.sarmaaya.pk/api/tradingview/history?symbol=NESTLE&resolution=D&from=1458068400&to=1773428400 "HTTP/1.1 200 OK"
2026-03-14 03:05:17,307 - INFO -   Saved 1851 data points for NESTLE
2026-03-14 03:05:18,017 - INFO - [324/502] Syncing NETSOL from 2016-03-16...
2026-03-14 03:05:18,468 - INFO - HTTP Request: GET https://beta-restapi.sarmaaya.pk/api/tradingview/history?symbol=NETSOL&resolution=D&from=1458068400&to=1773428400 "HTTP/1.1 200 OK"
2026-03-14 03:05:20,628 - INFO -   Saved 2472 data points for NETSOL
2026-03-14 03:05:21,338 - INFO - [325/502] Syncing NEXT from 2016-03-16...
2026-03-14 03:05:21,757 - INFO - HTTP Request: GET https://beta-restapi.sarmaaya.pk/api/tradingview/history?symbol=NEXT&resolution=D&from=1458068400&to=1773428400 "HTTP/1.1 200 OK"
2026-03-14 03:05:23,796 - INFO -   Saved 2134 data points for NEXT
2026-03-14 03:05:24,507 - INFO - [326/502] Syncing NICL from 2016-03-16...
2026-03-14 03:05:24,911 - INFO - HTTP Request: GET https://beta-restapi.sarmaaya.pk/api/tradingview/history?symbol=NICL&resolution=D&from=1458068400&to=1773428400 "HTTP/1.1 200 OK"
2026-03-14 03:05:26,851 - INFO -   Saved 2031 data points for NICL
2026-03-14 03:05:27,560 - INFO - [327/502] Syncing NITGETF from 2016-03-16...
2026-03-14 03:05:27,887 - INFO - HTTP Request: GET https://beta-restapi.sarmaaya.pk/api/tradingview/history?symbol=NITGETF&resolution=D&from=1458068400&to=1773428400 "HTTP/1.1 200 OK"
2026-03-14 03:05:29,216 - INFO -   Saved 529 data points for NITGETF
2026-03-14 03:05:29,926 - INFO - [328/502] Syncing NML from 2016-03-16...
2026-03-14 03:05:30,348 - INFO - HTTP Request: GET https://beta-restapi.sarmaaya.pk/api/tradingview/history?symbol=NML&resolution=D&from=1458068400&to=1773428400 "HTTP/1.1 200 OK"
2026-03-14 03:05:32,496 - INFO -   Saved 2473 data points for NML
2026-03-14 03:05:33,206 - INFO - [329/502] Syncing NONS from 2016-03-16...
2026-03-14 03:05:33,624 - INFO - HTTP Request: GET https://beta-restapi.sarmaaya.pk/api/tradingview/history?symbol=NONS&resolution=D&from=1458068400&to=1773428400 "HTTP/1.1 200 OK"
2026-03-14 03:05:35,198 - INFO -   Saved 1476 data points for NONS
2026-03-14 03:05:35,903 - INFO - [330/502] Syncing NPL from 2016-03-16...
2026-03-14 03:05:36,318 - INFO - HTTP Request: GET https://beta-restapi.sarmaaya.pk/api/tradingview/history?symbol=NPL&resolution=D&from=1458068400&to=1773428400 "HTTP/1.1 200 OK"
2026-03-14 03:05:38,317 - INFO -   Saved 2437 data points for NPL
2026-03-14 03:05:39,028 - INFO - [331/502] Syncing NRL from 2016-03-16...
2026-03-14 03:05:39,472 - INFO - HTTP Request: GET https://beta-restapi.sarmaaya.pk/api/tradingview/history?symbol=NRL&resolution=D&from=1458068400&to=1773428400 "HTTP/1.1 200 OK"
2026-03-14 03:05:41,542 - INFO -   Saved 2473 data points for NRL
2026-03-14 03:05:42,249 - INFO - [332/502] Syncing NRSL from 2016-03-16...
2026-03-14 03:05:42,678 - INFO - HTTP Request: GET https://beta-restapi.sarmaaya.pk/api/tradingview/history?symbol=NRSL&resolution=D&from=1458068400&to=1773428400 "HTTP/1.1 200 OK"
2026-03-14 03:05:44,681 - INFO -   Saved 2454 data points for NRSL
2026-03-14 03:05:45,383 - INFO - [333/502] Syncing NSRM from 2016-03-16...
2026-03-14 03:05:45,723 - INFO - HTTP Request: GET https://beta-restapi.sarmaaya.pk/api/tradingview/history?symbol=NSRM&resolution=D&from=1458068400&to=1773428400 "HTTP/1.1 200 OK"
2026-03-14 03:05:46,968 - INFO -   Saved 708 data points for NSRM
2026-03-14 03:05:47,678 - INFO - [334/502] Syncing OBOY from 2016-03-16...
2026-03-14 03:05:48,051 - INFO - HTTP Request: GET https://beta-restapi.sarmaaya.pk/api/tradingview/history?symbol=OBOY&resolution=D&from=1458068400&to=1773428400 "HTTP/1.1 200 OK"
2026-03-14 03:05:49,613 - INFO -   Saved 1029 data points for OBOY
2026-03-14 03:05:50,321 - INFO - [335/502] Syncing OCTOPUS from 2016-03-16...
2026-03-14 03:05:50,704 - INFO - HTTP Request: GET https://beta-restapi.sarmaaya.pk/api/tradingview/history?symbol=OCTOPUS&resolution=D&from=1458068400&to=1773428400 "HTTP/1.1 200 OK"
2026-03-14 03:05:52,275 - INFO -   Saved 1100 data points for OCTOPUS
2026-03-14 03:05:52,986 - INFO - [336/502] Syncing OGDC from 2016-03-16...
2026-03-14 03:05:53,404 - INFO - HTTP Request: GET https://beta-restapi.sarmaaya.pk/api/tradingview/history?symbol=OGDC&resolution=D&from=1458068400&to=1773428400 "HTTP/1.1 200 OK"
2026-03-14 03:05:55,541 - INFO -   Saved 2473 data points for OGDC
2026-03-14 03:05:56,245 - INFO - [337/502] Syncing OLPL from 2016-03-16...
2026-03-14 03:05:56,655 - INFO - HTTP Request: GET https://beta-restapi.sarmaaya.pk/api/tradingview/history?symbol=OLPL&resolution=D&from=1458068400&to=1773428400 "HTTP/1.1 200 OK"
2026-03-14 03:05:58,686 - INFO -   Saved 2425 data points for OLPL
2026-03-14 03:05:59,392 - INFO - [338/502] Syncing OLPM from 2016-03-16...
2026-03-14 03:05:59,905 - INFO - HTTP Request: GET https://beta-restapi.sarmaaya.pk/api/tradingview/history?symbol=OLPM&resolution=D&from=1458068400&to=1773428400 "HTTP/1.1 200 OK"
2026-03-14 03:06:01,165 - INFO -   Saved 873 data points for OLPM
2026-03-14 03:06:01,872 - INFO - [339/502] Syncing OML from 2016-03-16...
2026-03-14 03:06:02,282 - INFO - HTTP Request: GET https://beta-restapi.sarmaaya.pk/api/tradingview/history?symbol=OML&resolution=D&from=1458068400&to=1773428400 "HTTP/1.1 200 OK"
2026-03-14 03:06:03,881 - INFO -   Saved 1422 data points for OML
2026-03-14 03:06:04,592 - INFO - [340/502] Syncing ORM from 2016-03-16...
2026-03-14 03:06:04,950 - INFO - HTTP Request: GET https://beta-restapi.sarmaaya.pk/api/tradingview/history?symbol=ORM&resolution=D&from=1458068400&to=1773428400 "HTTP/1.1 200 OK"
2026-03-14 03:06:06,527 - INFO -   Saved 1210 data points for ORM
2026-03-14 03:06:07,234 - INFO - [341/502] Syncing OTSU from 2016-03-16...
2026-03-14 03:06:07,646 - INFO - HTTP Request: GET https://beta-restapi.sarmaaya.pk/api/tradingview/history?symbol=OTSU&resolution=D&from=1458068400&to=1773428400 "HTTP/1.1 200 OK"
2026-03-14 03:06:09,352 - INFO -   Saved 1720 data points for OTSU
2026-03-14 03:06:10,062 - INFO - [342/502] Syncing PABC from 2016-03-16...
2026-03-14 03:06:10,469 - INFO - HTTP Request: GET https://beta-restapi.sarmaaya.pk/api/tradingview/history?symbol=PABC&resolution=D&from=1458068400&to=1773428400 "HTTP/1.1 200 OK"
2026-03-14 03:06:12,043 - INFO -   Saved 1150 data points for PABC
2026-03-14 03:06:12,745 - INFO - [343/502] Syncing PACE from 2016-03-16...
2026-03-14 03:06:13,175 - INFO - HTTP Request: GET https://beta-restapi.sarmaaya.pk/api/tradingview/history?symbol=PACE&resolution=D&from=1458068400&to=1773428400 "HTTP/1.1 200 OK"
2026-03-14 03:06:15,182 - INFO -   Saved 2470 data points for PACE
2026-03-14 03:06:15,892 - INFO - [344/502] Syncing PAEL from 2016-03-16...
2026-03-14 03:06:16,314 - INFO - HTTP Request: GET https://beta-restapi.sarmaaya.pk/api/tradingview/history?symbol=PAEL&resolution=D&from=1458068400&to=1773428400 "HTTP/1.1 200 OK"
2026-03-14 03:06:18,363 - INFO -   Saved 2473 data points for PAEL
2026-03-14 03:06:19,074 - INFO - [345/502] Syncing PAKD from 2016-03-16...
2026-03-14 03:06:19,477 - INFO - HTTP Request: GET https://beta-restapi.sarmaaya.pk/api/tradingview/history?symbol=PAKD&resolution=D&from=1458068400&to=1773428400 "HTTP/1.1 200 OK"
2026-03-14 03:06:21,142 - INFO -   Saved 1950 data points for PAKD
2026-03-14 03:06:21,853 - INFO - [346/502] Syncing PAKL from 2016-03-16...
2026-03-14 03:06:22,183 - INFO - HTTP Request: GET https://beta-restapi.sarmaaya.pk/api/tradingview/history?symbol=PAKL&resolution=D&from=1458068400&to=1773428400 "HTTP/1.1 200 OK"
2026-03-14 03:06:23,431 - INFO -   Saved 491 data points for PAKL
2026-03-14 03:06:24,143 - INFO - [347/502] Syncing PAKOXY from 2016-03-16...
2026-03-14 03:06:24,561 - INFO - HTTP Request: GET https://beta-restapi.sarmaaya.pk/api/tradingview/history?symbol=PAKOXY&resolution=D&from=1458068400&to=1773428400 "HTTP/1.1 200 OK"
2026-03-14 03:06:26,576 - INFO -   Saved 2359 data points for PAKOXY
2026-03-14 03:06:27,283 - INFO - [348/502] Syncing PAKQATAR from 2016-03-16...
2026-03-14 03:06:27,557 - INFO - HTTP Request: GET https://beta-restapi.sarmaaya.pk/api/tradingview/history?symbol=PAKQATAR&resolution=D&from=1458068400&to=1773428400 "HTTP/1.1 500 Internal Server Error"
2026-03-14 03:06:27,559 - WARNING -   No history found for PAKQATAR
2026-03-14 03:06:28,263 - INFO - [349/502] Syncing PAKRI from 2016-03-16...
2026-03-14 03:06:28,670 - INFO - HTTP Request: GET https://beta-restapi.sarmaaya.pk/api/tradingview/history?symbol=PAKRI&resolution=D&from=1458068400&to=1773428400 "HTTP/1.1 200 OK"
2026-03-14 03:06:30,760 - INFO -   Saved 2391 data points for PAKRI
2026-03-14 03:06:31,470 - INFO - [350/502] Syncing PAKT from 2016-03-16...
2026-03-14 03:06:31,879 - INFO - HTTP Request: GET https://beta-restapi.sarmaaya.pk/api/tradingview/history?symbol=PAKT&resolution=D&from=1458068400&to=1773428400 "HTTP/1.1 200 OK"
2026-03-14 03:06:33,533 - INFO -   Saved 1780 data points for PAKT
2026-03-14 03:06:34,239 - INFO - [351/502] Syncing PASL from 2016-03-16...
2026-03-14 03:06:34,654 - INFO - HTTP Request: GET https://beta-restapi.sarmaaya.pk/api/tradingview/history?symbol=PASL&resolution=D&from=1458068400&to=1773428400 "HTTP/1.1 200 OK"
2026-03-14 03:06:36,642 - INFO -   Saved 2472 data points for PASL
2026-03-14 03:06:37,352 - INFO - [352/502] Syncing PASM from 2016-03-16...
2026-03-14 03:06:37,674 - INFO - HTTP Request: GET https://beta-restapi.sarmaaya.pk/api/tradingview/history?symbol=PASM&resolution=D&from=1458068400&to=1773428400 "HTTP/1.1 200 OK"
2026-03-14 03:06:38,905 - INFO -   Saved 444 data points for PASM
2026-03-14 03:06:39,614 - INFO - [353/502] Syncing PCAL from 2016-03-16...
2026-03-14 03:06:40,033 - INFO - HTTP Request: GET https://beta-restapi.sarmaaya.pk/api/tradingview/history?symbol=PCAL&resolution=D&from=1458068400&to=1773428400 "HTTP/1.1 200 OK"
2026-03-14 03:06:42,025 - INFO -   Saved 2260 data points for PCAL
2026-03-14 03:06:42,735 - INFO - [354/502] Syncing PECO from 2016-03-16...
2026-03-14 03:06:43,118 - INFO - HTTP Request: GET https://beta-restapi.sarmaaya.pk/api/tradingview/history?symbol=PECO&resolution=D&from=1458068400&to=1773428400 "HTTP/1.1 200 OK"
2026-03-14 03:06:44,707 - INFO -   Saved 1244 data points for PECO
2026-03-14 03:06:45,418 - INFO - [355/502] Syncing PGLC from 2016-03-16...
2026-03-14 03:06:45,767 - INFO - HTTP Request: GET https://beta-restapi.sarmaaya.pk/api/tradingview/history?symbol=PGLC&resolution=D&from=1458068400&to=1773428400 "HTTP/1.1 200 OK"
2026-03-14 03:06:47,343 - INFO -   Saved 1082 data points for PGLC
2026-03-14 03:06:48,049 - INFO - [356/502] Syncing PIAHCLA from 2016-03-16...
2026-03-14 03:06:48,321 - INFO - HTTP Request: GET https://beta-restapi.sarmaaya.pk/api/tradingview/history?symbol=PIAHCLA&resolution=D&from=1458068400&to=1773428400 "HTTP/1.1 500 Internal Server Error"
2026-03-14 03:06:48,322 - WARNING -   No history found for PIAHCLA
2026-03-14 03:06:49,033 - INFO - [357/502] Syncing PIAHCLB from 2016-03-16...
2026-03-14 03:06:49,288 - INFO - HTTP Request: GET https://beta-restapi.sarmaaya.pk/api/tradingview/history?symbol=PIAHCLB&resolution=D&from=1458068400&to=1773428400 "HTTP/1.1 500 Internal Server Error"
2026-03-14 03:06:49,288 - WARNING -   No history found for PIAHCLB
2026-03-14 03:06:49,996 - INFO - [358/502] Syncing PIBTL from 2016-03-16...
2026-03-14 03:06:50,417 - INFO - HTTP Request: GET https://beta-restapi.sarmaaya.pk/api/tradingview/history?symbol=PIBTL&resolution=D&from=1458068400&to=1773428400 "HTTP/1.1 200 OK"
2026-03-14 03:06:52,571 - INFO -   Saved 2473 data points for PIBTL
2026-03-14 03:06:53,280 - INFO - [359/502] Syncing PICT from 2016-03-16...
2026-03-14 03:06:53,690 - INFO - HTTP Request: GET https://beta-restapi.sarmaaya.pk/api/tradingview/history?symbol=PICT&resolution=D&from=1458068400&to=1773428400 "HTTP/1.1 200 OK"
2026-03-14 03:06:55,685 - INFO -   Saved 2269 data points for PICT
2026-03-14 03:06:56,393 - INFO - [360/502] Syncing PIL from 2016-03-16...
2026-03-14 03:06:56,859 - INFO - HTTP Request: GET https://beta-restapi.sarmaaya.pk/api/tradingview/history?symbol=PIL&resolution=D&from=1458068400&to=1773428400 "HTTP/1.1 200 OK"
2026-03-14 03:06:58,841 - INFO -   Saved 2364 data points for PIL
2026-03-14 03:06:59,546 - INFO - [361/502] Syncing PIM from 2016-03-16...
2026-03-14 03:06:59,909 - INFO - HTTP Request: GET https://beta-restapi.sarmaaya.pk/api/tradingview/history?symbol=PIM&resolution=D&from=1458068400&to=1773428400 "HTTP/1.1 200 OK"
2026-03-14 03:07:01,493 - INFO -   Saved 1098 data points for PIM
2026-03-14 03:07:02,204 - INFO - [362/502] Syncing PINL from 2016-03-16...
2026-03-14 03:07:02,600 - INFO - HTTP Request: GET https://beta-restapi.sarmaaya.pk/api/tradingview/history?symbol=PINL&resolution=D&from=1458068400&to=1773428400 "HTTP/1.1 200 OK"
2026-03-14 03:07:04,195 - INFO -   Saved 1572 data points for PINL
2026-03-14 03:07:04,903 - INFO - [363/502] Syncing PIOC from 2016-03-16...
2026-03-14 03:07:05,347 - INFO - HTTP Request: GET https://beta-restapi.sarmaaya.pk/api/tradingview/history?symbol=PIOC&resolution=D&from=1458068400&to=1773428400 "HTTP/1.1 200 OK"
2026-03-14 03:07:07,383 - INFO -   Saved 2473 data points for PIOC
2026-03-14 03:07:08,094 - INFO - [364/502] Syncing PKGI from 2016-03-16...
2026-03-14 03:07:08,496 - INFO - HTTP Request: GET https://beta-restapi.sarmaaya.pk/api/tradingview/history?symbol=PKGI&resolution=D&from=1458068400&to=1773428400 "HTTP/1.1 200 OK"
2026-03-14 03:07:10,180 - INFO -   Saved 1897 data points for PKGI
2026-03-14 03:07:10,890 - INFO - [365/502] Syncing PKGP from 2016-03-16...
2026-03-14 03:07:12,070 - INFO - HTTP Request: GET https://beta-restapi.sarmaaya.pk/api/tradingview/history?symbol=PKGP&resolution=D&from=1458068400&to=1773428400 "HTTP/1.1 200 OK"
2026-03-14 03:07:14,072 - INFO -   Saved 2373 data points for PKGP
2026-03-14 03:07:14,781 - INFO - [366/502] Syncing PKGS from 2016-03-16...
2026-03-14 03:07:15,982 - INFO - HTTP Request: GET https://beta-restapi.sarmaaya.pk/api/tradingview/history?symbol=PKGS&resolution=D&from=1458068400&to=1773428400 "HTTP/1.1 200 OK"
2026-03-14 03:07:17,966 - INFO -   Saved 2454 data points for PKGS
2026-03-14 03:07:18,673 - INFO - [367/502] Syncing PMRS from 2016-03-16...
2026-03-14 03:07:18,992 - INFO - HTTP Request: GET https://beta-restapi.sarmaaya.pk/api/tradingview/history?symbol=PMRS&resolution=D&from=1458068400&to=1773428400 "HTTP/1.1 200 OK"
2026-03-14 03:07:20,215 - INFO -   Saved 562 data points for PMRS
2026-03-14 03:07:20,926 - INFO - [368/502] Syncing PNSC from 2016-03-16...
2026-03-14 03:07:21,347 - INFO - HTTP Request: GET https://beta-restapi.sarmaaya.pk/api/tradingview/history?symbol=PNSC&resolution=D&from=1458068400&to=1773428400 "HTTP/1.1 200 OK"
2026-03-14 03:07:23,406 - INFO -   Saved 2451 data points for PNSC
2026-03-14 03:07:24,116 - INFO - [369/502] Syncing POL from 2016-03-16...
2026-03-14 03:07:24,537 - INFO - HTTP Request: GET https://beta-restapi.sarmaaya.pk/api/tradingview/history?symbol=POL&resolution=D&from=1458068400&to=1773428400 "HTTP/1.1 200 OK"
2026-03-14 03:07:26,683 - INFO -   Saved 2473 data points for POL
2026-03-14 03:07:27,391 - INFO - [370/502] Syncing POML from 2016-03-16...
2026-03-14 03:07:27,791 - INFO - HTTP Request: GET https://beta-restapi.sarmaaya.pk/api/tradingview/history?symbol=POML&resolution=D&from=1458068400&to=1773428400 "HTTP/1.1 200 OK"
2026-03-14 03:07:29,397 - INFO -   Saved 1637 data points for POML
2026-03-14 03:07:30,104 - INFO - [371/502] Syncing POWER from 2016-03-16...
2026-03-14 03:07:30,537 - INFO - HTTP Request: GET https://beta-restapi.sarmaaya.pk/api/tradingview/history?symbol=POWER&resolution=D&from=1458068400&to=1773428400 "HTTP/1.1 200 OK"
2026-03-14 03:07:32,715 - INFO -   Saved 2473 data points for POWER
2026-03-14 03:07:33,425 - INFO - [372/502] Syncing POWERPS from 2016-03-16...
2026-03-14 03:07:33,686 - INFO - HTTP Request: GET https://beta-restapi.sarmaaya.pk/api/tradingview/history?symbol=POWERPS&resolution=D&from=1458068400&to=1773428400 "HTTP/1.1 500 Internal Server Error"
2026-03-14 03:07:33,690 - WARNING -   No history found for POWERPS
2026-03-14 03:07:34,401 - INFO - [373/502] Syncing PPL from 2016-03-16...
2026-03-14 03:07:34,858 - INFO - HTTP Request: GET https://beta-restapi.sarmaaya.pk/api/tradingview/history?symbol=PPL&resolution=D&from=1458068400&to=1773428400 "HTTP/1.1 200 OK"
2026-03-14 03:07:37,170 - INFO -   Saved 2473 data points for PPL
2026-03-14 03:07:37,870 - INFO - [374/502] Syncing PPP from 2016-03-16...
2026-03-14 03:07:38,257 - INFO - HTTP Request: GET https://beta-restapi.sarmaaya.pk/api/tradingview/history?symbol=PPP&resolution=D&from=1458068400&to=1773428400 "HTTP/1.1 200 OK"
2026-03-14 03:07:39,983 - INFO -   Saved 1404 data points for PPP
2026-03-14 03:07:40,690 - INFO - [375/502] Syncing PPVC from 2016-03-16...
2026-03-14 03:07:41,001 - INFO - HTTP Request: GET https://beta-restapi.sarmaaya.pk/api/tradingview/history?symbol=PPVC&resolution=D&from=1458068400&to=1773428400 "HTTP/1.1 200 OK"
2026-03-14 03:07:42,850 - INFO -   Saved 1624 data points for PPVC
2026-03-14 03:07:43,561 - INFO - [376/502] Syncing PQGTL from 2016-03-16...
2026-03-14 03:07:43,829 - INFO - HTTP Request: GET https://beta-restapi.sarmaaya.pk/api/tradingview/history?symbol=PQGTL&resolution=D&from=1458068400&to=1773428400 "HTTP/1.1 500 Internal Server Error"
2026-03-14 03:07:43,832 - WARNING -   No history found for PQGTL
2026-03-14 03:07:44,537 - INFO - [377/502] Syncing PREMA from 2016-03-16...
2026-03-14 03:07:44,990 - INFO - HTTP Request: GET https://beta-restapi.sarmaaya.pk/api/tradingview/history?symbol=PREMA&resolution=D&from=1458068400&to=1773428400 "HTTP/1.1 200 OK"
2026-03-14 03:07:46,606 - INFO -   Saved 1881 data points for PREMA
2026-03-14 03:07:47,308 - INFO - [378/502] Syncing PRET from 2016-03-16...
2026-03-14 03:07:47,725 - INFO - HTTP Request: GET https://beta-restapi.sarmaaya.pk/api/tradingview/history?symbol=PRET&resolution=D&from=1458068400&to=1773428400 "HTTP/1.1 200 OK"
2026-03-14 03:07:49,302 - INFO -   Saved 1435 data points for PRET
2026-03-14 03:07:50,010 - INFO - [379/502] Syncing PRL from 2016-03-16...
2026-03-14 03:07:50,422 - INFO - HTTP Request: GET https://beta-restapi.sarmaaya.pk/api/tradingview/history?symbol=PRL&resolution=D&from=1458068400&to=1773428400 "HTTP/1.1 200 OK"
2026-03-14 03:07:52,514 - INFO -   Saved 2473 data points for PRL
2026-03-14 03:07:53,224 - INFO - [380/502] Syncing PRWM from 2016-03-16...
2026-03-14 03:07:53,592 - INFO - HTTP Request: GET https://beta-restapi.sarmaaya.pk/api/tradingview/history?symbol=PRWM&resolution=D&from=1458068400&to=1773428400 "HTTP/1.1 200 OK"
2026-03-14 03:07:55,225 - INFO -   Saved 1089 data points for PRWM
2026-03-14 03:07:55,927 - INFO - [381/502] Syncing PSEL from 2016-03-16...
2026-03-14 03:07:56,274 - INFO - HTTP Request: GET https://beta-restapi.sarmaaya.pk/api/tradingview/history?symbol=PSEL&resolution=D&from=1458068400&to=1773428400 "HTTP/1.1 200 OK"
2026-03-14 03:07:57,531 - INFO -   Saved 829 data points for PSEL
2026-03-14 03:07:58,240 - INFO - [382/502] Syncing PSO from 2016-03-16...
2026-03-14 03:07:58,672 - INFO - HTTP Request: GET https://beta-restapi.sarmaaya.pk/api/tradingview/history?symbol=PSO&resolution=D&from=1458068400&to=1773428400 "HTTP/1.1 200 OK"
2026-03-14 03:08:00,718 - INFO -   Saved 2473 data points for PSO
2026-03-14 03:08:01,429 - INFO - [383/502] Syncing PSX from 2016-03-16...
2026-03-14 03:08:01,872 - INFO - HTTP Request: GET https://beta-restapi.sarmaaya.pk/api/tradingview/history?symbol=PSX&resolution=D&from=1458068400&to=1773428400 "HTTP/1.1 200 OK"
2026-03-14 03:08:03,860 - INFO -   Saved 2152 data points for PSX
2026-03-14 03:08:04,570 - INFO - [384/502] Syncing PSYL from 2016-03-16...
2026-03-14 03:08:04,964 - INFO - HTTP Request: GET https://beta-restapi.sarmaaya.pk/api/tradingview/history?symbol=PSYL&resolution=D&from=1458068400&to=1773428400 "HTTP/1.1 200 OK"
2026-03-14 03:08:06,591 - INFO -   Saved 1763 data points for PSYL
2026-03-14 03:08:07,301 - INFO - [385/502] Syncing PTC from 2016-03-16...
2026-03-14 03:08:07,726 - INFO - HTTP Request: GET https://beta-restapi.sarmaaya.pk/api/tradingview/history?symbol=PTC&resolution=D&from=1458068400&to=1773428400 "HTTP/1.1 200 OK"
2026-03-14 03:08:09,873 - INFO -   Saved 2473 data points for PTC
2026-03-14 03:08:10,578 - INFO - [386/502] Syncing PTL from 2016-03-16...
2026-03-14 03:08:10,959 - INFO - HTTP Request: GET https://beta-restapi.sarmaaya.pk/api/tradingview/history?symbol=PTL&resolution=D&from=1458068400&to=1773428400 "HTTP/1.1 200 OK"
2026-03-14 03:08:12,542 - INFO -   Saved 1248 data points for PTL
2026-03-14 03:08:13,245 - INFO - [387/502] Syncing QTECH from 2016-03-16...
2026-03-14 03:08:13,520 - INFO - HTTP Request: GET https://beta-restapi.sarmaaya.pk/api/tradingview/history?symbol=QTECH&resolution=D&from=1458068400&to=1773428400 "HTTP/1.1 500 Internal Server Error"
2026-03-14 03:08:13,523 - WARNING -   No history found for QTECH
2026-03-14 03:08:14,233 - INFO - [388/502] Syncing QUET from 2016-03-16...
2026-03-14 03:08:14,598 - INFO - HTTP Request: GET https://beta-restapi.sarmaaya.pk/api/tradingview/history?symbol=QUET&resolution=D&from=1458068400&to=1773428400 "HTTP/1.1 200 OK"
2026-03-14 03:08:16,206 - INFO -   Saved 1212 data points for QUET
2026-03-14 03:08:16,917 - INFO - [389/502] Syncing QUICE from 2016-03-16...
2026-03-14 03:08:17,344 - INFO - HTTP Request: GET https://beta-restapi.sarmaaya.pk/api/tradingview/history?symbol=QUICE&resolution=D&from=1458068400&to=1773428400 "HTTP/1.1 200 OK"
2026-03-14 03:08:19,365 - INFO -   Saved 2464 data points for QUICE
2026-03-14 03:08:20,071 - INFO - [390/502] Syncing RCML from 2016-03-16...
2026-03-14 03:08:20,406 - INFO - HTTP Request: GET https://beta-restapi.sarmaaya.pk/api/tradingview/history?symbol=RCML&resolution=D&from=1458068400&to=1773428400 "HTTP/1.1 200 OK"
2026-03-14 03:08:21,704 - INFO -   Saved 738 data points for RCML
2026-03-14 03:08:22,414 - INFO - [391/502] Syncing REDCO from 2016-03-16...
2026-03-14 03:08:22,814 - INFO - HTTP Request: GET https://beta-restapi.sarmaaya.pk/api/tradingview/history?symbol=REDCO&resolution=D&from=1458068400&to=1773428400 "HTTP/1.1 200 OK"
2026-03-14 03:08:24,453 - INFO -   Saved 1984 data points for REDCO
2026-03-14 03:08:25,163 - INFO - [392/502] Syncing REWM from 2016-03-16...
2026-03-14 03:08:25,573 - INFO - HTTP Request: GET https://beta-restapi.sarmaaya.pk/api/tradingview/history?symbol=REWM&resolution=D&from=1458068400&to=1773428400 "HTTP/1.1 200 OK"
2026-03-14 03:08:27,197 - INFO -   Saved 1803 data points for REWM
2026-03-14 03:08:27,907 - INFO - [393/502] Syncing RICL from 2016-03-16...
2026-03-14 03:08:28,327 - INFO - HTTP Request: GET https://beta-restapi.sarmaaya.pk/api/tradingview/history?symbol=RICL&resolution=D&from=1458068400&to=1773428400 "HTTP/1.1 200 OK"
2026-03-14 03:08:30,229 - INFO -   Saved 1835 data points for RICL
2026-03-14 03:08:30,936 - INFO - [394/502] Syncing RMPL from 2016-03-16...
2026-03-14 03:08:31,328 - INFO - HTTP Request: GET https://beta-restapi.sarmaaya.pk/api/tradingview/history?symbol=RMPL&resolution=D&from=1458068400&to=1773428400 "HTTP/1.1 200 OK"
2026-03-14 03:08:32,939 - INFO -   Saved 1503 data points for RMPL
2026-03-14 03:08:33,648 - INFO - [395/502] Syncing RPL from 2016-03-16...
2026-03-14 03:08:34,068 - INFO - HTTP Request: GET https://beta-restapi.sarmaaya.pk/api/tradingview/history?symbol=RPL&resolution=D&from=1458068400&to=1773428400 "HTTP/1.1 200 OK"
2026-03-14 03:08:36,058 - INFO -   Saved 2234 data points for RPL
2026-03-14 03:08:36,769 - INFO - [396/502] Syncing RUBY from 2016-03-16...
2026-03-14 03:08:37,166 - INFO - HTTP Request: GET https://beta-restapi.sarmaaya.pk/api/tradingview/history?symbol=RUBY&resolution=D&from=1458068400&to=1773428400 "HTTP/1.1 200 OK"
2026-03-14 03:08:38,811 - INFO -   Saved 1767 data points for RUBY
2026-03-14 03:08:39,521 - INFO - [397/502] Syncing RUPL from 2016-03-16...
2026-03-14 03:08:39,932 - INFO - HTTP Request: GET https://beta-restapi.sarmaaya.pk/api/tradingview/history?symbol=RUPL&resolution=D&from=1458068400&to=1773428400 "HTTP/1.1 200 OK"
2026-03-14 03:08:41,579 - INFO -   Saved 1690 data points for RUPL
2026-03-14 03:08:42,288 - INFO - [398/502] Syncing SAIF from 2016-03-16...
2026-03-14 03:08:42,708 - INFO - HTTP Request: GET https://beta-restapi.sarmaaya.pk/api/tradingview/history?symbol=SAIF&resolution=D&from=1458068400&to=1773428400 "HTTP/1.1 200 OK"
2026-03-14 03:08:44,668 - INFO -   Saved 2086 data points for SAIF
2026-03-14 03:08:45,369 - INFO - [399/502] Syncing SANSM from 2016-03-16...
2026-03-14 03:08:45,733 - INFO - HTTP Request: GET https://beta-restapi.sarmaaya.pk/api/tradingview/history?symbol=SANSM&resolution=D&from=1458068400&to=1773428400 "HTTP/1.1 200 OK"
2026-03-14 03:08:46,992 - INFO -   Saved 903 data points for SANSM
2026-03-14 03:08:47,698 - INFO - [400/502] Syncing SAPT from 2016-03-16...
2026-03-14 03:08:48,088 - INFO - HTTP Request: GET https://beta-restapi.sarmaaya.pk/api/tradingview/history?symbol=SAPT&resolution=D&from=1458068400&to=1773428400 "HTTP/1.1 200 OK"
2026-03-14 03:08:49,733 - INFO -   Saved 1302 data points for SAPT
2026-03-14 03:08:50,442 - INFO - [401/502] Syncing SARC from 2016-03-16...
2026-03-14 03:08:50,851 - INFO - HTTP Request: GET https://beta-restapi.sarmaaya.pk/api/tradingview/history?symbol=SARC&resolution=D&from=1458068400&to=1773428400 "HTTP/1.1 200 OK"
2026-03-14 03:08:52,485 - INFO -   Saved 1354 data points for SARC
2026-03-14 03:08:53,200 - INFO - [402/502] Syncing SASML from 2016-03-16...
2026-03-14 03:08:53,561 - INFO - HTTP Request: GET https://beta-restapi.sarmaaya.pk/api/tradingview/history?symbol=SASML&resolution=D&from=1458068400&to=1773428400 "HTTP/1.1 200 OK"
2026-03-14 03:08:55,041 - INFO -   Saved 951 data points for SASML
2026-03-14 03:08:55,751 - INFO - [403/502] Syncing SAZEW from 2016-03-16...
2026-03-14 03:08:56,178 - INFO - HTTP Request: GET https://beta-restapi.sarmaaya.pk/api/tradingview/history?symbol=SAZEW&resolution=D&from=1458068400&to=1773428400 "HTTP/1.1 200 OK"
2026-03-14 03:08:58,230 - INFO -   Saved 2424 data points for SAZEW
2026-03-14 03:08:58,941 - INFO - [404/502] Syncing SBL from 2016-03-16...
2026-03-14 03:08:59,347 - INFO - HTTP Request: GET https://beta-restapi.sarmaaya.pk/api/tradingview/history?symbol=SBL&resolution=D&from=1458068400&to=1773428400 "HTTP/1.1 200 OK"
2026-03-14 03:09:01,058 - INFO -   Saved 1776 data points for SBL
2026-03-14 03:09:01,770 - INFO - [405/502] Syncing SCBPL from 2016-03-16...
2026-03-14 03:09:02,215 - INFO - HTTP Request: GET https://beta-restapi.sarmaaya.pk/api/tradingview/history?symbol=SCBPL&resolution=D&from=1458068400&to=1773428400 "HTTP/1.1 200 OK"
2026-03-14 03:09:04,323 - INFO -   Saved 2176 data points for SCBPL
2026-03-14 03:09:05,026 - INFO - [406/502] Syncing SCL from 2016-03-16...
2026-03-14 03:09:05,440 - INFO - HTTP Request: GET https://beta-restapi.sarmaaya.pk/api/tradingview/history?symbol=SCL&resolution=D&from=1458068400&to=1773428400 "HTTP/1.1 200 OK"
2026-03-14 03:09:07,042 - INFO -   Saved 1327 data points for SCL
2026-03-14 03:09:07,743 - INFO - [407/502] Syncing SEARL from 2016-03-16...
2026-03-14 03:09:08,164 - INFO - HTTP Request: GET https://beta-restapi.sarmaaya.pk/api/tradingview/history?symbol=SEARL&resolution=D&from=1458068400&to=1773428400 "HTTP/1.1 200 OK"
2026-03-14 03:09:10,292 - INFO -   Saved 2473 data points for SEARL
2026-03-14 03:09:11,002 - INFO - [408/502] Syncing SEL from 2016-03-16...
2026-03-14 03:09:11,359 - INFO - HTTP Request: GET https://beta-restapi.sarmaaya.pk/api/tradingview/history?symbol=SEL&resolution=D&from=1458068400&to=1773428400 "HTTP/1.1 200 OK"
2026-03-14 03:09:12,945 - INFO -   Saved 1021 data points for SEL
2026-03-14 03:09:13,655 - INFO - [409/502] Syncing SEPL from 2016-03-16...
2026-03-14 03:09:14,068 - INFO - HTTP Request: GET https://beta-restapi.sarmaaya.pk/api/tradingview/history?symbol=SEPL&resolution=D&from=1458068400&to=1773428400 "HTTP/1.1 200 OK"
2026-03-14 03:09:16,110 - INFO -   Saved 2347 data points for SEPL
2026-03-14 03:09:16,818 - INFO - [410/502] Syncing SERT from 2016-03-16...
2026-03-14 03:09:17,226 - INFO - HTTP Request: GET https://beta-restapi.sarmaaya.pk/api/tradingview/history?symbol=SERT&resolution=D&from=1458068400&to=1773428400 "HTTP/1.1 200 OK"
2026-03-14 03:09:18,889 - INFO -   Saved 1575 data points for SERT
2026-03-14 03:09:19,596 - INFO - [411/502] Syncing SFL from 2016-03-16...
2026-03-14 03:09:19,981 - INFO - HTTP Request: GET https://beta-restapi.sarmaaya.pk/api/tradingview/history?symbol=SFL&resolution=D&from=1458068400&to=1773428400 "HTTP/1.1 200 OK"
2026-03-14 03:09:21,577 - INFO -   Saved 1301 data points for SFL
2026-03-14 03:09:22,288 - INFO - [412/502] Syncing SGF from 2016-03-16...
2026-03-14 03:09:22,697 - INFO - HTTP Request: GET https://beta-restapi.sarmaaya.pk/api/tradingview/history?symbol=SGF&resolution=D&from=1458068400&to=1773428400 "HTTP/1.1 200 OK"
2026-03-14 03:09:24,306 - INFO -   Saved 1149 data points for SGF
2026-03-14 03:09:25,016 - INFO - [413/502] Syncing SGPL from 2016-03-16...
2026-03-14 03:09:25,385 - INFO - HTTP Request: GET https://beta-restapi.sarmaaya.pk/api/tradingview/history?symbol=SGPL&resolution=D&from=1458068400&to=1773428400 "HTTP/1.1 200 OK"
2026-03-14 03:09:27,007 - INFO -   Saved 1041 data points for SGPL
2026-03-14 03:09:27,717 - INFO - [414/502] Syncing SHCM from 2016-03-16...
2026-03-14 03:09:28,075 - INFO - HTTP Request: GET https://beta-restapi.sarmaaya.pk/api/tradingview/history?symbol=SHCM&resolution=D&from=1458068400&to=1773428400 "HTTP/1.1 200 OK"
2026-03-14 03:09:29,440 - INFO -   Saved 655 data points for SHCM
2026-03-14 03:09:30,150 - INFO - [415/502] Syncing SHDT from 2016-03-16...
2026-03-14 03:09:30,556 - INFO - HTTP Request: GET https://beta-restapi.sarmaaya.pk/api/tradingview/history?symbol=SHDT&resolution=D&from=1458068400&to=1773428400 "HTTP/1.1 200 OK"
2026-03-14 03:09:32,435 - INFO -   Saved 1588 data points for SHDT
2026-03-14 03:09:33,146 - INFO - [416/502] Syncing SHDTR1 from 2016-03-16...
2026-03-14 03:09:33,414 - INFO - HTTP Request: GET https://beta-restapi.sarmaaya.pk/api/tradingview/history?symbol=SHDTR1&resolution=D&from=1458068400&to=1773428400 "HTTP/1.1 500 Internal Server Error"
2026-03-14 03:09:33,419 - WARNING -   No history found for SHDTR1
2026-03-14 03:09:34,126 - INFO - [417/502] Syncing SHEZ from 2016-03-16...
2026-03-14 03:09:34,531 - INFO - HTTP Request: GET https://beta-restapi.sarmaaya.pk/api/tradingview/history?symbol=SHEZ&resolution=D&from=1458068400&to=1773428400 "HTTP/1.1 200 OK"
2026-03-14 03:09:36,253 - INFO -   Saved 1914 data points for SHEZ
2026-03-14 03:09:36,962 - INFO - [418/502] Syncing SHFA from 2016-03-16...
2026-03-14 03:09:37,297 - INFO - HTTP Request: GET https://beta-restapi.sarmaaya.pk/api/tradingview/history?symbol=SHFA&resolution=D&from=1458068400&to=1773428400 "HTTP/1.1 200 OK"
2026-03-14 03:09:39,588 - INFO -   Saved 2224 data points for SHFA
2026-03-14 03:09:40,295 - INFO - [419/502] Syncing SHJS from 2016-03-16...
2026-03-14 03:09:41,253 - INFO - HTTP Request: GET https://beta-restapi.sarmaaya.pk/api/tradingview/history?symbol=SHJS&resolution=D&from=1458068400&to=1773428400 "HTTP/1.1 200 OK"
2026-03-14 03:09:42,958 - INFO -   Saved 1433 data points for SHJS
2026-03-14 03:09:43,668 - INFO - [420/502] Syncing SHNI from 2016-03-16...
2026-03-14 03:09:44,468 - INFO - HTTP Request: GET https://beta-restapi.sarmaaya.pk/api/tradingview/history?symbol=SHNI&resolution=D&from=1458068400&to=1773428400 "HTTP/1.1 200 OK"
2026-03-14 03:09:46,191 - INFO -   Saved 1974 data points for SHNI
2026-03-14 03:09:46,902 - INFO - [421/502] Syncing SHSML from 2016-03-16...
2026-03-14 03:09:47,222 - INFO - HTTP Request: GET https://beta-restapi.sarmaaya.pk/api/tradingview/history?symbol=SHSML&resolution=D&from=1458068400&to=1773428400 "HTTP/1.1 200 OK"
2026-03-14 03:09:49,405 - INFO -   Saved 2014 data points for SHSML
2026-03-14 03:09:50,108 - INFO - [422/502] Syncing SIBL from 2016-03-16...
2026-03-14 03:09:50,492 - INFO - HTTP Request: GET https://beta-restapi.sarmaaya.pk/api/tradingview/history?symbol=SIBL&resolution=D&from=1458068400&to=1773428400 "HTTP/1.1 200 OK"
2026-03-14 03:09:52,386 - INFO -   Saved 1328 data points for SIBL
2026-03-14 03:09:53,092 - INFO - [423/502] Syncing SIEM from 2016-03-16...
2026-03-14 03:09:53,781 - INFO - HTTP Request: GET https://beta-restapi.sarmaaya.pk/api/tradingview/history?symbol=SIEM&resolution=D&from=1458068400&to=1773428400 "HTTP/1.1 200 OK"
2026-03-14 03:09:55,969 - INFO -   Saved 2116 data points for SIEM
2026-03-14 03:09:56,674 - INFO - [424/502] Syncing SINDM from 2016-03-16...
2026-03-14 03:09:57,070 - INFO - HTTP Request: GET https://beta-restapi.sarmaaya.pk/api/tradingview/history?symbol=SINDM&resolution=D&from=1458068400&to=1773428400 "HTTP/1.1 200 OK"
2026-03-14 03:09:58,735 - INFO -   Saved 1501 data points for SINDM
2026-03-14 03:09:59,446 - INFO - [425/502] Syncing SITC from 2016-03-16...
2026-03-14 03:09:59,848 - INFO - HTTP Request: GET https://beta-restapi.sarmaaya.pk/api/tradingview/history?symbol=SITC&resolution=D&from=1458068400&to=1773428400 "HTTP/1.1 200 OK"
2026-03-14 03:10:01,867 - INFO -   Saved 2064 data points for SITC
2026-03-14 03:10:02,577 - INFO - [426/502] Syncing SKRS from 2016-03-16...
2026-03-14 03:10:02,962 - INFO - HTTP Request: GET https://beta-restapi.sarmaaya.pk/api/tradingview/history?symbol=SKRS&resolution=D&from=1458068400&to=1773428400 "HTTP/1.1 200 OK"
2026-03-14 03:10:05,080 - INFO -   Saved 2356 data points for SKRS
2026-03-14 03:10:05,786 - INFO - [427/502] Syncing SLGL from 2016-03-16...
2026-03-14 03:10:06,051 - INFO - HTTP Request: GET https://beta-restapi.sarmaaya.pk/api/tradingview/history?symbol=SLGL&resolution=D&from=1458068400&to=1773428400 "HTTP/1.1 500 Internal Server Error"
2026-03-14 03:10:06,053 - WARNING -   No history found for SLGL
2026-03-14 03:10:06,764 - INFO - [428/502] Syncing SLYT from 2016-03-16...
2026-03-14 03:10:07,131 - INFO - HTTP Request: GET https://beta-restapi.sarmaaya.pk/api/tradingview/history?symbol=SLYT&resolution=D&from=1458068400&to=1773428400 "HTTP/1.1 200 OK"
2026-03-14 03:10:08,387 - INFO -   Saved 882 data points for SLYT
2026-03-14 03:10:09,098 - INFO - [429/502] Syncing SMCPL from 2016-03-16...
2026-03-14 03:10:09,586 - INFO - HTTP Request: GET https://beta-restapi.sarmaaya.pk/api/tradingview/history?symbol=SMCPL&resolution=D&from=1458068400&to=1773428400 "HTTP/1.1 200 OK"
2026-03-14 03:10:11,574 - INFO -   Saved 2134 data points for SMCPL
2026-03-14 03:10:12,279 - INFO - [430/502] Syncing SML from 2016-03-16...
2026-03-14 03:10:12,717 - INFO - HTTP Request: GET https://beta-restapi.sarmaaya.pk/api/tradingview/history?symbol=SML&resolution=D&from=1458068400&to=1773428400 "HTTP/1.1 200 OK"
2026-03-14 03:10:14,346 - INFO -   Saved 1715 data points for SML
2026-03-14 03:10:15,056 - INFO - [431/502] Syncing SNAI from 2016-03-16...
2026-03-14 03:10:15,424 - INFO - HTTP Request: GET https://beta-restapi.sarmaaya.pk/api/tradingview/history?symbol=SNAI&resolution=D&from=1458068400&to=1773428400 "HTTP/1.1 200 OK"
2026-03-14 03:10:16,991 - INFO -   Saved 1292 data points for SNAI
2026-03-14 03:10:17,696 - INFO - [432/502] Syncing SNBL from 2016-03-16...
2026-03-14 03:10:18,031 - INFO - HTTP Request: GET https://beta-restapi.sarmaaya.pk/api/tradingview/history?symbol=SNBL&resolution=D&from=1458068400&to=1773428400 "HTTP/1.1 200 OK"
2026-03-14 03:10:20,227 - INFO -   Saved 2340 data points for SNBL
2026-03-14 03:10:20,937 - INFO - [433/502] Syncing SNGP from 2016-03-16...
2026-03-14 03:10:21,361 - INFO - HTTP Request: GET https://beta-restapi.sarmaaya.pk/api/tradingview/history?symbol=SNGP&resolution=D&from=1458068400&to=1773428400 "HTTP/1.1 200 OK"
2026-03-14 03:10:23,478 - INFO -   Saved 2473 data points for SNGP
2026-03-14 03:10:24,188 - INFO - [434/502] Syncing SPEL from 2016-03-16...
2026-03-14 03:10:24,603 - INFO - HTTP Request: GET https://beta-restapi.sarmaaya.pk/api/tradingview/history?symbol=SPEL&resolution=D&from=1458068400&to=1773428400 "HTTP/1.1 200 OK"
2026-03-14 03:10:26,617 - INFO -   Saved 2373 data points for SPEL
2026-03-14 03:10:27,327 - INFO - [435/502] Syncing SPL from 2016-03-16...
2026-03-14 03:10:27,653 - INFO - HTTP Request: GET https://beta-restapi.sarmaaya.pk/api/tradingview/history?symbol=SPL&resolution=D&from=1458068400&to=1773428400 "HTTP/1.1 200 OK"
2026-03-14 03:10:29,968 - INFO -   Saved 2445 data points for SPL
2026-03-14 03:10:30,679 - INFO - [436/502] Syncing SPWL from 2016-03-16...
2026-03-14 03:10:31,113 - INFO - HTTP Request: GET https://beta-restapi.sarmaaya.pk/api/tradingview/history?symbol=SPWL&resolution=D&from=1458068400&to=1773428400 "HTTP/1.1 200 OK"
2026-03-14 03:10:33,246 - INFO -   Saved 2441 data points for SPWL
2026-03-14 03:10:33,949 - INFO - [437/502] Syncing SRR from 2016-03-16...
2026-03-14 03:10:34,222 - INFO - HTTP Request: GET https://beta-restapi.sarmaaya.pk/api/tradingview/history?symbol=SRR&resolution=D&from=1458068400&to=1773428400 "HTTP/1.1 500 Internal Server Error"
2026-03-14 03:10:34,225 - WARNING -   No history found for SRR
2026-03-14 03:10:34,936 - INFO - [438/502] Syncing SRVI from 2016-03-16...
2026-03-14 03:10:35,361 - INFO - HTTP Request: GET https://beta-restapi.sarmaaya.pk/api/tradingview/history?symbol=SRVI&resolution=D&from=1458068400&to=1773428400 "HTTP/1.1 200 OK"
2026-03-14 03:10:37,380 - INFO -   Saved 2393 data points for SRVI
2026-03-14 03:10:38,087 - INFO - [439/502] Syncing SSGC from 2016-03-16...
2026-03-14 03:10:38,521 - INFO - HTTP Request: GET https://beta-restapi.sarmaaya.pk/api/tradingview/history?symbol=SSGC&resolution=D&from=1458068400&to=1773428400 "HTTP/1.1 200 OK"
2026-03-14 03:10:40,601 - INFO -   Saved 2473 data points for SSGC
2026-03-14 03:10:41,312 - INFO - [440/502] Syncing SSML from 2016-03-16...
2026-03-14 03:10:41,708 - INFO - HTTP Request: GET https://beta-restapi.sarmaaya.pk/api/tradingview/history?symbol=SSML&resolution=D&from=1458068400&to=1773428400 "HTTP/1.1 200 OK"
2026-03-14 03:10:43,400 - INFO -   Saved 1957 data points for SSML
2026-03-14 03:10:44,110 - INFO - [441/502] Syncing SSOM from 2016-03-16...
2026-03-14 03:10:44,529 - INFO - HTTP Request: GET https://beta-restapi.sarmaaya.pk/api/tradingview/history?symbol=SSOM&resolution=D&from=1458068400&to=1773428400 "HTTP/1.1 200 OK"
2026-03-14 03:10:46,158 - INFO -   Saved 1744 data points for SSOM
2026-03-14 03:10:46,868 - INFO - [442/502] Syncing STCL from 2016-03-16...
2026-03-14 03:10:47,288 - INFO - HTTP Request: GET https://beta-restapi.sarmaaya.pk/api/tradingview/history?symbol=STCL&resolution=D&from=1458068400&to=1773428400 "HTTP/1.1 200 OK"
2026-03-14 03:10:49,318 - INFO -   Saved 2470 data points for STCL
2026-03-14 03:10:50,027 - INFO - [443/502] Syncing STJT from 2016-03-16...
2026-03-14 03:10:50,400 - INFO - HTTP Request: GET https://beta-restapi.sarmaaya.pk/api/tradingview/history?symbol=STJT&resolution=D&from=1458068400&to=1773428400 "HTTP/1.1 200 OK"
2026-03-14 03:10:51,953 - INFO -   Saved 1295 data points for STJT
2026-03-14 03:10:52,659 - INFO - [444/502] Syncing STL from 2016-03-16...
2026-03-14 03:10:52,915 - INFO - HTTP Request: GET https://beta-restapi.sarmaaya.pk/api/tradingview/history?symbol=STL&resolution=D&from=1458068400&to=1773428400 "HTTP/1.1 500 Internal Server Error"
2026-03-14 03:10:52,915 - WARNING -   No history found for STL
2026-03-14 03:10:53,621 - INFO - [445/502] Syncing STML from 2016-03-16...
2026-03-14 03:10:53,952 - INFO - HTTP Request: GET https://beta-restapi.sarmaaya.pk/api/tradingview/history?symbol=STML&resolution=D&from=1458068400&to=1773428400 "HTTP/1.1 200 OK"
2026-03-14 03:10:55,253 - INFO -   Saved 828 data points for STML
2026-03-14 03:10:55,963 - INFO - [446/502] Syncing STPL from 2016-03-16...
2026-03-14 03:10:56,380 - INFO - HTTP Request: GET https://beta-restapi.sarmaaya.pk/api/tradingview/history?symbol=STPL&resolution=D&from=1458068400&to=1773428400 "HTTP/1.1 200 OK"
2026-03-14 03:10:58,402 - INFO -   Saved 2473 data points for STPL
2026-03-14 03:10:59,108 - INFO - [447/502] Syncing STYLERS from 2016-03-16...
2026-03-14 03:10:59,372 - INFO - HTTP Request: GET https://beta-restapi.sarmaaya.pk/api/tradingview/history?symbol=STYLERS&resolution=D&from=1458068400&to=1773428400 "HTTP/1.1 500 Internal Server Error"
2026-03-14 03:10:59,375 - WARNING -   No history found for STYLERS
2026-03-14 03:11:00,078 - INFO - [448/502] Syncing SUHJ from 2016-03-16...
2026-03-14 03:11:00,385 - INFO - HTTP Request: GET https://beta-restapi.sarmaaya.pk/api/tradingview/history?symbol=SUHJ&resolution=D&from=1458068400&to=1773428400 "HTTP/1.1 200 OK"
2026-03-14 03:11:01,706 - INFO -   Saved 413 data points for SUHJ
2026-03-14 03:11:02,417 - INFO - [449/502] Syncing SURC from 2016-03-16...
2026-03-14 03:11:02,813 - INFO - HTTP Request: GET https://beta-restapi.sarmaaya.pk/api/tradingview/history?symbol=SURC&resolution=D&from=1458068400&to=1773428400 "HTTP/1.1 200 OK"
2026-03-14 03:11:04,424 - INFO -   Saved 1222 data points for SURC
2026-03-14 03:11:05,128 - INFO - [450/502] Syncing SUTM from 2016-03-16...
2026-03-14 03:11:05,507 - INFO - HTTP Request: GET https://beta-restapi.sarmaaya.pk/api/tradingview/history?symbol=SUTM&resolution=D&from=1458068400&to=1773428400 "HTTP/1.1 200 OK"
2026-03-14 03:11:07,060 - INFO -   Saved 1244 data points for SUTM
2026-03-14 03:11:07,770 - INFO - [451/502] Syncing SYM from 2016-03-16...
2026-03-14 03:11:08,028 - INFO - HTTP Request: GET https://beta-restapi.sarmaaya.pk/api/tradingview/history?symbol=SYM&resolution=D&from=1458068400&to=1773428400 "HTTP/1.1 500 Internal Server Error"
2026-03-14 03:11:08,029 - WARNING -   No history found for SYM
2026-03-14 03:11:08,740 - INFO - [452/502] Syncing SYS from 2016-03-16...
2026-03-14 03:11:09,183 - INFO - HTTP Request: GET https://beta-restapi.sarmaaya.pk/api/tradingview/history?symbol=SYS&resolution=D&from=1458068400&to=1773428400 "HTTP/1.1 200 OK"
2026-03-14 03:11:11,430 - INFO -   Saved 2460 data points for SYS
2026-03-14 03:11:12,138 - INFO - [453/502] Syncing SZTM from 2016-03-16...
2026-03-14 03:11:12,427 - INFO - HTTP Request: GET https://beta-restapi.sarmaaya.pk/api/tradingview/history?symbol=SZTM&resolution=D&from=1458068400&to=1773428400 "HTTP/1.1 200 OK"
2026-03-14 03:11:13,688 - INFO -   Saved 352 data points for SZTM
2026-03-14 03:11:14,399 - INFO - [454/502] Syncing TATM from 2016-03-16...
2026-03-14 03:11:14,812 - INFO - HTTP Request: GET https://beta-restapi.sarmaaya.pk/api/tradingview/history?symbol=TATM&resolution=D&from=1458068400&to=1773428400 "HTTP/1.1 200 OK"
2026-03-14 03:11:16,481 - INFO -   Saved 1663 data points for TATM
2026-03-14 03:11:17,191 - INFO - [455/502] Syncing TBL from 2016-03-16...
2026-03-14 03:11:17,449 - INFO - HTTP Request: GET https://beta-restapi.sarmaaya.pk/api/tradingview/history?symbol=TBL&resolution=D&from=1458068400&to=1773428400 "HTTP/1.1 500 Internal Server Error"
2026-03-14 03:11:17,450 - WARNING -   No history found for TBL
2026-03-14 03:11:18,157 - INFO - [456/502] Syncing TCORP from 2016-03-16...
2026-03-14 03:11:18,433 - INFO - HTTP Request: GET https://beta-restapi.sarmaaya.pk/api/tradingview/history?symbol=TCORP&resolution=D&from=1458068400&to=1773428400 "HTTP/1.1 500 Internal Server Error"
2026-03-14 03:11:18,434 - WARNING -   No history found for TCORP
2026-03-14 03:11:19,142 - INFO - [457/502] Syncing TCORPCPS from 2016-03-16...
2026-03-14 03:11:19,400 - INFO - HTTP Request: GET https://beta-restapi.sarmaaya.pk/api/tradingview/history?symbol=TCORPCPS&resolution=D&from=1458068400&to=1773428400 "HTTP/1.1 500 Internal Server Error"
2026-03-14 03:11:19,401 - WARNING -   No history found for TCORPCPS
2026-03-14 03:11:20,111 - INFO - [458/502] Syncing TELE from 2016-03-16...
2026-03-14 03:11:20,548 - INFO - HTTP Request: GET https://beta-restapi.sarmaaya.pk/api/tradingview/history?symbol=TELE&resolution=D&from=1458068400&to=1773428400 "HTTP/1.1 200 OK"
2026-03-14 03:11:22,764 - INFO -   Saved 2471 data points for TELE
2026-03-14 03:11:23,475 - INFO - [459/502] Syncing TGL from 2016-03-16...
2026-03-14 03:11:23,909 - INFO - HTTP Request: GET https://beta-restapi.sarmaaya.pk/api/tradingview/history?symbol=TGL&resolution=D&from=1458068400&to=1773428400 "HTTP/1.1 200 OK"
2026-03-14 03:11:26,042 - INFO -   Saved 2471 data points for TGL
2026-03-14 03:11:26,743 - INFO - [460/502] Syncing THALL from 2016-03-16...
2026-03-14 03:11:27,179 - INFO - HTTP Request: GET https://beta-restapi.sarmaaya.pk/api/tradingview/history?symbol=THALL&resolution=D&from=1458068400&to=1773428400 "HTTP/1.1 200 OK"
2026-03-14 03:11:29,378 - INFO -   Saved 2428 data points for THALL
2026-03-14 03:11:30,084 - INFO - [461/502] Syncing THCCL from 2016-03-16...
2026-03-14 03:11:30,518 - INFO - HTTP Request: GET https://beta-restapi.sarmaaya.pk/api/tradingview/history?symbol=THCCL&resolution=D&from=1458068400&to=1773428400 "HTTP/1.1 200 OK"
2026-03-14 03:11:32,764 - INFO -   Saved 2440 data points for THCCL
2026-03-14 03:11:33,474 - INFO - [462/502] Syncing TICL from 2016-03-16...
2026-03-14 03:11:33,865 - INFO - HTTP Request: GET https://beta-restapi.sarmaaya.pk/api/tradingview/history?symbol=TICL&resolution=D&from=1458068400&to=1773428400 "HTTP/1.1 200 OK"
2026-03-14 03:11:35,527 - INFO -   Saved 1238 data points for TICL
2026-03-14 03:11:36,229 - INFO - [463/502] Syncing TOMCL from 2016-03-16...
2026-03-14 03:11:36,649 - INFO - HTTP Request: GET https://beta-restapi.sarmaaya.pk/api/tradingview/history?symbol=TOMCL&resolution=D&from=1458068400&to=1773428400 "HTTP/1.1 200 OK"
2026-03-14 03:11:38,346 - INFO -   Saved 1389 data points for TOMCL
2026-03-14 03:11:39,057 - INFO - [464/502] Syncing TOWL from 2016-03-16...
2026-03-14 03:11:39,469 - INFO - HTTP Request: GET https://beta-restapi.sarmaaya.pk/api/tradingview/history?symbol=TOWL&resolution=D&from=1458068400&to=1773428400 "HTTP/1.1 200 OK"
2026-03-14 03:11:41,334 - INFO -   Saved 1777 data points for TOWL
2026-03-14 03:11:42,040 - INFO - [465/502] Syncing TPL from 2016-03-16...
2026-03-14 03:11:43,261 - INFO - HTTP Request: GET https://beta-restapi.sarmaaya.pk/api/tradingview/history?symbol=TPL&resolution=D&from=1458068400&to=1773428400 "HTTP/1.1 200 OK"
2026-03-14 03:11:45,318 - INFO -   Saved 2472 data points for TPL
2026-03-14 03:11:46,024 - INFO - [466/502] Syncing TPLI from 2016-03-16...
2026-03-14 03:11:46,672 - INFO - HTTP Request: GET https://beta-restapi.sarmaaya.pk/api/tradingview/history?symbol=TPLI&resolution=D&from=1458068400&to=1773428400 "HTTP/1.1 200 OK"
2026-03-14 03:11:48,344 - INFO -   Saved 1541 data points for TPLI
2026-03-14 03:11:49,055 - INFO - [467/502] Syncing TPLL from 2016-03-16...
2026-03-14 03:11:49,321 - INFO - HTTP Request: GET https://beta-restapi.sarmaaya.pk/api/tradingview/history?symbol=TPLL&resolution=D&from=1458068400&to=1773428400 "HTTP/1.1 500 Internal Server Error"
2026-03-14 03:11:49,323 - WARNING -   No history found for TPLL
2026-03-14 03:11:50,027 - INFO - [468/502] Syncing TPLP from 2016-03-16...
2026-03-14 03:11:50,436 - INFO - HTTP Request: GET https://beta-restapi.sarmaaya.pk/api/tradingview/history?symbol=TPLP&resolution=D&from=1458068400&to=1773428400 "HTTP/1.1 200 OK"
2026-03-14 03:11:52,501 - INFO -   Saved 2050 data points for TPLP
2026-03-14 03:11:53,208 - INFO - [469/502] Syncing TPLRF1 from 2016-03-16...
2026-03-14 03:11:53,471 - INFO - HTTP Request: GET https://beta-restapi.sarmaaya.pk/api/tradingview/history?symbol=TPLRF1&resolution=D&from=1458068400&to=1773428400 "HTTP/1.1 500 Internal Server Error"
2026-03-14 03:11:53,474 - WARNING -   No history found for TPLRF1
2026-03-14 03:11:54,185 - INFO - [470/502] Syncing TPLT from 2016-03-16...
2026-03-14 03:11:54,571 - INFO - HTTP Request: GET https://beta-restapi.sarmaaya.pk/api/tradingview/history?symbol=TPLT&resolution=D&from=1458068400&to=1773428400 "HTTP/1.1 200 OK"
2026-03-14 03:11:56,136 - INFO -   Saved 1336 data points for TPLT
2026-03-14 03:11:56,845 - INFO - [471/502] Syncing TREET from 2016-03-16...
2026-03-14 03:11:57,273 - INFO - HTTP Request: GET https://beta-restapi.sarmaaya.pk/api/tradingview/history?symbol=TREET&resolution=D&from=1458068400&to=1773428400 "HTTP/1.1 200 OK"
2026-03-14 03:11:59,571 - INFO -   Saved 2473 data points for TREET
2026-03-14 03:12:00,287 - INFO - [472/502] Syncing TRG from 2016-03-16...
2026-03-14 03:12:00,848 - INFO - HTTP Request: GET https://beta-restapi.sarmaaya.pk/api/tradingview/history?symbol=TRG&resolution=D&from=1458068400&to=1773428400 "HTTP/1.1 200 OK"
2026-03-14 03:12:02,952 - INFO -   Saved 2473 data points for TRG
2026-03-14 03:12:03,663 - INFO - [473/502] Syncing TRIPF from 2016-03-16...
2026-03-14 03:12:04,146 - INFO - HTTP Request: GET https://beta-restapi.sarmaaya.pk/api/tradingview/history?symbol=TRIPF&resolution=D&from=1458068400&to=1773428400 "HTTP/1.1 200 OK"
2026-03-14 03:12:06,247 - INFO -   Saved 2324 data points for TRIPF
2026-03-14 03:12:06,957 - INFO - [474/502] Syncing TRSM from 2016-03-16...
2026-03-14 03:12:07,354 - INFO - HTTP Request: GET https://beta-restapi.sarmaaya.pk/api/tradingview/history?symbol=TRSM&resolution=D&from=1458068400&to=1773428400 "HTTP/1.1 200 OK"
2026-03-14 03:12:09,106 - INFO -   Saved 1188 data points for TRSM
2026-03-14 03:12:09,817 - INFO - [475/502] Syncing TSBL from 2016-03-16...
2026-03-14 03:12:10,194 - INFO - HTTP Request: GET https://beta-restapi.sarmaaya.pk/api/tradingview/history?symbol=TSBL&resolution=D&from=1458068400&to=1773428400 "HTTP/1.1 200 OK"
2026-03-14 03:12:11,910 - INFO -   Saved 1146 data points for TSBL
2026-03-14 03:12:12,619 - INFO - [476/502] Syncing TSBLR1 from 2016-03-16...
2026-03-14 03:12:12,907 - INFO - HTTP Request: GET https://beta-restapi.sarmaaya.pk/api/tradingview/history?symbol=TSBLR1&resolution=D&from=1458068400&to=1773428400 "HTTP/1.1 500 Internal Server Error"
2026-03-14 03:12:12,909 - WARNING -   No history found for TSBLR1
2026-03-14 03:12:13,623 - INFO - [477/502] Syncing TSMF from 2016-03-16...
2026-03-14 03:12:14,032 - INFO - HTTP Request: GET https://beta-restapi.sarmaaya.pk/api/tradingview/history?symbol=TSMF&resolution=D&from=1458068400&to=1773428400 "HTTP/1.1 200 OK"
2026-03-14 03:12:15,712 - INFO -   Saved 1526 data points for TSMF
2026-03-14 03:12:16,421 - INFO - [478/502] Syncing TSML from 2016-03-16...
2026-03-14 03:12:16,800 - INFO - HTTP Request: GET https://beta-restapi.sarmaaya.pk/api/tradingview/history?symbol=TSML&resolution=D&from=1458068400&to=1773428400 "HTTP/1.1 200 OK"
2026-03-14 03:12:18,106 - INFO -   Saved 856 data points for TSML
2026-03-14 03:12:18,816 - INFO - [479/502] Syncing TSPL from 2016-03-16...
2026-03-14 03:12:19,240 - INFO - HTTP Request: GET https://beta-restapi.sarmaaya.pk/api/tradingview/history?symbol=TSPL&resolution=D&from=1458068400&to=1773428400 "HTTP/1.1 200 OK"
2026-03-14 03:12:22,008 - INFO -   Saved 2397 data points for TSPL
2026-03-14 03:12:22,719 - INFO - [480/502] Syncing UBDL from 2016-03-16...
2026-03-14 03:12:23,142 - INFO - HTTP Request: GET https://beta-restapi.sarmaaya.pk/api/tradingview/history?symbol=UBDL&resolution=D&from=1458068400&to=1773428400 "HTTP/1.1 200 OK"
2026-03-14 03:12:24,832 - INFO -   Saved 1793 data points for UBDL
2026-03-14 03:12:25,540 - INFO - [481/502] Syncing UBL from 2016-03-16...
2026-03-14 03:12:25,965 - INFO - HTTP Request: GET https://beta-restapi.sarmaaya.pk/api/tradingview/history?symbol=UBL&resolution=D&from=1458068400&to=1773428400 "HTTP/1.1 200 OK"
2026-03-14 03:12:28,158 - INFO -   Saved 2473 data points for UBL
2026-03-14 03:12:28,869 - INFO - [482/502] Syncing UBLPETF from 2016-03-16...
2026-03-14 03:12:29,235 - INFO - HTTP Request: GET https://beta-restapi.sarmaaya.pk/api/tradingview/history?symbol=UBLPETF&resolution=D&from=1458068400&to=1773428400 "HTTP/1.1 200 OK"
2026-03-14 03:12:30,604 - INFO -   Saved 703 data points for UBLPETF
2026-03-14 03:12:31,314 - INFO - [483/502] Syncing UCAPM from 2016-03-16...
2026-03-14 03:12:31,743 - INFO - HTTP Request: GET https://beta-restapi.sarmaaya.pk/api/tradingview/history?symbol=UCAPM&resolution=D&from=1458068400&to=1773428400 "HTTP/1.1 200 OK"
2026-03-14 03:12:33,584 - INFO -   Saved 1906 data points for UCAPM
2026-03-14 03:12:34,285 - INFO - [484/502] Syncing UDLI from 2016-03-16...
2026-03-14 03:12:34,572 - INFO - HTTP Request: GET https://beta-restapi.sarmaaya.pk/api/tradingview/history?symbol=UDLI&resolution=D&from=1458068400&to=1773428400 "HTTP/1.1 500 Internal Server Error"
2026-03-14 03:12:34,574 - WARNING -   No history found for UDLI
2026-03-14 03:12:35,277 - INFO - [485/502] Syncing UDPL from 2016-03-16...
2026-03-14 03:12:35,687 - INFO - HTTP Request: GET https://beta-restapi.sarmaaya.pk/api/tradingview/history?symbol=UDPL&resolution=D&from=1458068400&to=1773428400 "HTTP/1.1 200 OK"
2026-03-14 03:12:37,357 - INFO -   Saved 1491 data points for UDPL
2026-03-14 03:12:38,068 - INFO - [486/502] Syncing UNIC from 2016-03-16...
2026-03-14 03:12:38,490 - INFO - HTTP Request: GET https://beta-restapi.sarmaaya.pk/api/tradingview/history?symbol=UNIC&resolution=D&from=1458068400&to=1773428400 "HTTP/1.1 200 OK"
2026-03-14 03:12:40,552 - INFO -   Saved 2286 data points for UNIC
2026-03-14 03:12:41,252 - INFO - [487/502] Syncing UNITY from 2016-03-16...
2026-03-14 03:12:41,677 - INFO - HTTP Request: GET https://beta-restapi.sarmaaya.pk/api/tradingview/history?symbol=UNITY&resolution=D&from=1458068400&to=1773428400 "HTTP/1.1 200 OK"
2026-03-14 03:12:43,762 - INFO -   Saved 2379 data points for UNITY
2026-03-14 03:12:44,468 - INFO - [488/502] Syncing UPFL from 2016-03-16...
2026-03-14 03:12:45,031 - INFO - HTTP Request: GET https://beta-restapi.sarmaaya.pk/api/tradingview/history?symbol=UPFL&resolution=D&from=1458068400&to=1773428400 "HTTP/1.1 200 OK"
2026-03-14 03:12:46,664 - INFO -   Saved 1262 data points for UPFL
2026-03-14 03:12:47,374 - INFO - [489/502] Syncing UVIC from 2016-03-16...
2026-03-14 03:12:47,771 - INFO - HTTP Request: GET https://beta-restapi.sarmaaya.pk/api/tradingview/history?symbol=UVIC&resolution=D&from=1458068400&to=1773428400 "HTTP/1.1 200 OK"
2026-03-14 03:12:49,652 - INFO -   Saved 1289 data points for UVIC
2026-03-14 03:12:50,355 - INFO - [490/502] Syncing WAFI from 2016-03-16...
2026-03-14 03:12:50,619 - INFO - HTTP Request: GET https://beta-restapi.sarmaaya.pk/api/tradingview/history?symbol=WAFI&resolution=D&from=1458068400&to=1773428400 "HTTP/1.1 500 Internal Server Error"
2026-03-14 03:12:50,619 - WARNING -   No history found for WAFI
2026-03-14 03:12:51,330 - INFO - [491/502] Syncing WAHN from 2016-03-16...
2026-03-14 03:12:51,768 - INFO - HTTP Request: GET https://beta-restapi.sarmaaya.pk/api/tradingview/history?symbol=WAHN&resolution=D&from=1458068400&to=1773428400 "HTTP/1.1 200 OK"
2026-03-14 03:12:53,521 - INFO -   Saved 1852 data points for WAHN
2026-03-14 03:12:54,227 - INFO - [492/502] Syncing WASL from 2016-03-16...
2026-03-14 03:12:54,513 - INFO - HTTP Request: GET https://beta-restapi.sarmaaya.pk/api/tradingview/history?symbol=WASL&resolution=D&from=1458068400&to=1773428400 "HTTP/1.1 500 Internal Server Error"
2026-03-14 03:12:54,516 - WARNING -   No history found for WASL
2026-03-14 03:12:55,217 - INFO - [493/502] Syncing WASLR from 2016-03-16...
2026-03-14 03:12:55,489 - INFO - HTTP Request: GET https://beta-restapi.sarmaaya.pk/api/tradingview/history?symbol=WASLR&resolution=D&from=1458068400&to=1773428400 "HTTP/1.1 500 Internal Server Error"
2026-03-14 03:12:55,490 - WARNING -   No history found for WASLR
2026-03-14 03:12:56,201 - INFO - [494/502] Syncing WAVES from 2016-03-16...
2026-03-14 03:12:56,668 - INFO - HTTP Request: GET https://beta-restapi.sarmaaya.pk/api/tradingview/history?symbol=WAVES&resolution=D&from=1458068400&to=1773428400 "HTTP/1.1 200 OK"
2026-03-14 03:12:58,852 - INFO -   Saved 2473 data points for WAVES
2026-03-14 03:12:59,563 - INFO - [495/502] Syncing WAVESAPP from 2016-03-16...
2026-03-14 03:12:59,841 - INFO - HTTP Request: GET https://beta-restapi.sarmaaya.pk/api/tradingview/history?symbol=WAVESAPP&resolution=D&from=1458068400&to=1773428400 "HTTP/1.1 500 Internal Server Error"
2026-03-14 03:12:59,843 - WARNING -   No history found for WAVESAPP
2026-03-14 03:13:00,549 - INFO - [496/502] Syncing WTL from 2016-03-16...
2026-03-14 03:13:01,227 - INFO - HTTP Request: GET https://beta-restapi.sarmaaya.pk/api/tradingview/history?symbol=WTL&resolution=D&from=1458068400&to=1773428400 "HTTP/1.1 200 OK"
2026-03-14 03:13:03,462 - INFO -   Saved 2473 data points for WTL
2026-03-14 03:13:04,181 - INFO - [497/502] Syncing YOUW from 2016-03-16...
2026-03-14 03:13:04,604 - INFO - HTTP Request: GET https://beta-restapi.sarmaaya.pk/api/tradingview/history?symbol=YOUW&resolution=D&from=1458068400&to=1773428400 "HTTP/1.1 200 OK"
2026-03-14 03:13:06,776 - INFO -   Saved 2430 data points for YOUW
2026-03-14 03:13:07,486 - INFO - [498/502] Syncing ZAHID from 2016-03-16...
2026-03-14 03:13:07,902 - INFO - HTTP Request: GET https://beta-restapi.sarmaaya.pk/api/tradingview/history?symbol=ZAHID&resolution=D&from=1458068400&to=1773428400 "HTTP/1.1 200 OK"
2026-03-14 03:13:09,641 - INFO -   Saved 1492 data points for ZAHID
2026-03-14 03:13:10,351 - INFO - [499/502] Syncing ZAL from 2016-03-16...
2026-03-14 03:13:10,653 - INFO - HTTP Request: GET https://beta-restapi.sarmaaya.pk/api/tradingview/history?symbol=ZAL&resolution=D&from=1458068400&to=1773428400 "HTTP/1.1 200 OK"
2026-03-14 03:13:11,961 - INFO -   Saved 261 data points for ZAL
2026-03-14 03:13:12,671 - INFO - [500/502] Syncing ZIL from 2016-03-16...
2026-03-14 03:13:13,077 - INFO - HTTP Request: GET https://beta-restapi.sarmaaya.pk/api/tradingview/history?symbol=ZIL&resolution=D&from=1458068400&to=1773428400 "HTTP/1.1 200 OK"
2026-03-14 03:13:14,750 - INFO -   Saved 1756 data points for ZIL
2026-03-14 03:13:15,452 - INFO - [501/502] Syncing ZTL from 2016-03-16...
2026-03-14 03:13:15,860 - INFO - HTTP Request: GET https://beta-restapi.sarmaaya.pk/api/tradingview/history?symbol=ZTL&resolution=D&from=1458068400&to=1773428400 "HTTP/1.1 200 OK"
2026-03-14 03:13:17,507 - INFO -   Saved 1607 data points for ZTL
2026-03-14 03:13:18,215 - INFO - [502/502] Syncing ZUMA from 2016-03-16...
2026-03-14 03:13:18,500 - INFO - HTTP Request: GET https://beta-restapi.sarmaaya.pk/api/tradingview/history?symbol=ZUMA&resolution=D&from=1458068400&to=1773428400 "HTTP/1.1 500 Internal Server Error"
2026-03-14 03:13:18,504 - WARNING -   No history found for ZUMA
2026-03-14 03:13:19,211 - INFO - Bulk sync finished! Synced 445 NEW symbols.
