2026-03-14 02:50:33,645 - INFO - Starting Bulk PSX Data Sync (5 years)...
2026-03-14 02:50:42,812 - INFO - Fetching symbol list...
2026-03-14 02:50:43,337 - INFO - HTTP Request: GET https://beta-restapi.sarmaaya.pk/api/stocks/listing?limit=1000 "HTTP/1.1 200 OK"
2026-03-14 02:50:43,345 - INFO - Total symbols: 502. Remaining to sync: 502
2026-03-14 02:50:43,345 - INFO - Connecting to Sarmaaya API to fetch 10-year history for 502 active symbols...
2026-03-14 02:50:43,346 - INFO - [1/502] Syncing 786 from 2016-03-16...
2026-03-14 02:50:43,726 - INFO - HTTP Request: GET https://beta-restapi.sarmaaya.pk/api/tradingview/history?symbol=786&resolution=D&from=1458068400&to=1773428400 "HTTP/1.1 200 OK"
2026-03-14 02:50:45,650 - INFO -   Saved 1591 data points for 786
2026-03-14 02:50:46,355 - INFO - [2/502] Syncing AABS from 2016-03-16...
2026-03-14 02:50:46,689 - INFO - HTTP Request: GET https://beta-restapi.sarmaaya.pk/api/tradingview/history?symbol=AABS&resolution=D&from=1458068400&to=1773428400 "HTTP/1.1 200 OK"
2026-03-14 02:50:48,305 - INFO -   Saved 1875 data points for AABS
2026-03-14 02:50:49,007 - INFO - [3/502] Syncing AATM from 2016-03-16...
2026-03-14 02:50:49,306 - INFO - HTTP Request: GET https://beta-restapi.sarmaaya.pk/api/tradingview/history?symbol=AATM&resolution=D&from=1458068400&to=1773428400 "HTTP/1.1 200 OK"
2026-03-14 02:50:50,518 - INFO -   Saved 447 data points for AATM
2026-03-14 02:50:51,224 - INFO - [4/502] Syncing ABL from 2016-03-16...
2026-03-14 02:50:51,568 - INFO - HTTP Request: GET https://beta-restapi.sarmaaya.pk/api/tradingview/history?symbol=ABL&resolution=D&from=1458068400&to=1773428400 "HTTP/1.1 200 OK"
2026-03-14 02:50:53,494 - INFO -   Saved 2410 data points for ABL
2026-03-14 02:50:54,198 - INFO - [5/502] Syncing ABOT from 2016-03-16...
2026-03-14 02:50:54,540 - INFO - HTTP Request: GET https://beta-restapi.sarmaaya.pk/api/tradingview/history?symbol=ABOT&resolution=D&from=1458068400&to=1773428400 "HTTP/1.1 200 OK"
2026-03-14 02:50:56,470 - INFO -   Saved 2399 data points for ABOT
2026-03-14 02:50:57,174 - INFO - [6/502] Syncing ACIETF from 2016-03-16...
2026-03-14 02:50:57,473 - INFO - HTTP Request: GET https://beta-restapi.sarmaaya.pk/api/tradingview/history?symbol=ACIETF&resolution=D&from=1458068400&to=1773428400 "HTTP/1.1 200 OK"
2026-03-14 02:50:58,720 - INFO -   Saved 642 data points for ACIETF
2026-03-14 02:50:59,424 - INFO - [7/502] Syncing ACPL from 2016-03-16...
2026-03-14 02:50:59,770 - INFO - HTTP Request: GET https://beta-restapi.sarmaaya.pk/api/tradingview/history?symbol=ACPL&resolution=D&from=1458068400&to=1773428400 "HTTP/1.1 200 OK"
2026-03-14 02:51:01,890 - INFO -   Saved 2454 data points for ACPL
2026-03-14 02:51:02,591 - INFO - [8/502] Syncing ADAMS from 2016-03-16...
2026-03-14 02:51:02,924 - INFO - HTTP Request: GET https://beta-restapi.sarmaaya.pk/api/tradingview/history?symbol=ADAMS&resolution=D&from=1458068400&to=1773428400 "HTTP/1.1 200 OK"
2026-03-14 02:51:04,819 - INFO -   Saved 2052 data points for ADAMS
2026-03-14 02:51:05,524 - INFO - [9/502] Syncing ADMM from 2016-03-16...
2026-03-14 02:51:05,865 - INFO - HTTP Request: GET https://beta-restapi.sarmaaya.pk/api/tradingview/history?symbol=ADMM&resolution=D&from=1458068400&to=1773428400 "HTTP/1.1 200 OK"
2026-03-14 02:51:07,502 - INFO -   Saved 1910 data points for ADMM
2026-03-14 02:51:08,208 - INFO - [10/502] Syncing AGHA from 2016-03-16...
2026-03-14 02:51:09,000 - INFO - HTTP Request: GET https://beta-restapi.sarmaaya.pk/api/tradingview/history?symbol=AGHA&resolution=D&from=1458068400&to=1773428400 "HTTP/1.1 200 OK"
2026-03-14 02:51:10,745 - INFO -   Saved 1326 data points for AGHA
2026-03-14 02:51:11,449 - INFO - [11/502] Syncing AGIC from 2016-03-16...
2026-03-14 02:51:13,839 - INFO - HTTP Request: GET https://beta-restapi.sarmaaya.pk/api/tradingview/history?symbol=AGIC&resolution=D&from=1458068400&to=1773428400 "HTTP/1.1 200 OK"
2026-03-14 02:51:15,789 - INFO -   Saved 2071 data points for AGIC
2026-03-14 02:51:16,491 - INFO - [12/502] Syncing AGIL from 2016-03-16...
2026-03-14 02:51:17,110 - INFO - HTTP Request: GET https://beta-restapi.sarmaaya.pk/api/tradingview/history?symbol=AGIL&resolution=D&from=1458068400&to=1773428400 "HTTP/1.1 200 OK"
2026-03-14 02:51:19,088 - INFO -   Saved 2148 data points for AGIL
2026-03-14 02:51:19,791 - INFO - [13/502] Syncing AGL from 2016-03-16...
2026-03-14 02:51:20,271 - INFO - HTTP Request: GET https://beta-restapi.sarmaaya.pk/api/tradingview/history?symbol=AGL&resolution=D&from=1458068400&to=1773428400 "HTTP/1.1 200 OK"
2026-03-14 02:51:22,215 - INFO -   Saved 2471 data points for AGL
2026-03-14 02:51:22,920 - INFO - [14/502] Syncing AGLNCPS from 2016-03-16...
2026-03-14 02:51:23,193 - INFO - HTTP Request: GET https://beta-restapi.sarmaaya.pk/api/tradingview/history?symbol=AGLNCPS&resolution=D&from=1458068400&to=1773428400 "HTTP/1.1 200 OK"
2026-03-14 02:51:24,412 - INFO -   Saved 79 data points for AGLNCPS
2026-03-14 02:51:25,116 - INFO - [15/502] Syncing AGP from 2016-03-16...
2026-03-14 02:51:25,462 - INFO - HTTP Request: GET https://beta-restapi.sarmaaya.pk/api/tradingview/history?symbol=AGP&resolution=D&from=1458068400&to=1773428400 "HTTP/1.1 200 OK"
2026-03-14 02:51:27,087 - INFO -   Saved 1980 data points for AGP
2026-03-14 02:51:27,794 - INFO - [16/502] Syncing AGSML from 2016-03-16...
2026-03-14 02:51:28,135 - INFO - HTTP Request: GET https://beta-restapi.sarmaaya.pk/api/tradingview/history?symbol=AGSML&resolution=D&from=1458068400&to=1773428400 "HTTP/1.1 200 OK"
2026-03-14 02:51:29,788 - INFO -   Saved 1919 data points for AGSML
2026-03-14 02:51:30,491 - INFO - [17/502] Syncing AGTL from 2016-03-16...
2026-03-14 02:51:30,841 - INFO - HTTP Request: GET https://beta-restapi.sarmaaya.pk/api/tradingview/history?symbol=AGTL&resolution=D&from=1458068400&to=1773428400 "HTTP/1.1 200 OK"
2026-03-14 02:51:32,912 - INFO -   Saved 2439 data points for AGTL
2026-03-14 02:51:33,616 - INFO - [18/502] Syncing AHCL from 2016-03-16...
2026-03-14 02:51:34,036 - INFO - HTTP Request: GET https://beta-restapi.sarmaaya.pk/api/tradingview/history?symbol=AHCL&resolution=D&from=1458068400&to=1773428400 "HTTP/1.1 200 OK"
2026-03-14 02:51:36,003 - INFO -   Saved 2303 data points for AHCL
2026-03-14 02:51:36,708 - INFO - [19/502] Syncing AHL from 2016-03-16...
2026-03-14 02:51:37,051 - INFO - HTTP Request: GET https://beta-restapi.sarmaaya.pk/api/tradingview/history?symbol=AHL&resolution=D&from=1458068400&to=1773428400 "HTTP/1.1 200 OK"
2026-03-14 02:51:39,056 - INFO -   Saved 2455 data points for AHL
2026-03-14 02:51:39,761 - INFO - [20/502] Syncing AHTM from 2016-03-16...
2026-03-14 02:51:40,045 - INFO - HTTP Request: GET https://beta-restapi.sarmaaya.pk/api/tradingview/history?symbol=AHTM&resolution=D&from=1458068400&to=1773428400 "HTTP/1.1 200 OK"
2026-03-14 02:51:41,303 - INFO -   Saved 330 data points for AHTM
2026-03-14 02:51:42,003 - INFO - [21/502] Syncing AICL from 2016-03-16...
2026-03-14 02:51:42,349 - INFO - HTTP Request: GET https://beta-restapi.sarmaaya.pk/api/tradingview/history?symbol=AICL&resolution=D&from=1458068400&to=1773428400 "HTTP/1.1 200 OK"
2026-03-14 02:51:44,333 - INFO -   Saved 2440 data points for AICL
2026-03-14 02:51:45,038 - INFO - [22/502] Syncing AIRLINK from 2016-03-16...
2026-03-14 02:51:45,351 - INFO - HTTP Request: GET https://beta-restapi.sarmaaya.pk/api/tradingview/history?symbol=AIRLINK&resolution=D&from=1458068400&to=1773428400 "HTTP/1.1 200 OK"
2026-03-14 02:51:46,971 - INFO -   Saved 1108 data points for AIRLINK
2026-03-14 02:51:47,675 - INFO - [23/502] Syncing AKBL from 2016-03-16...
2026-03-14 02:51:48,035 - INFO - HTTP Request: GET https://beta-restapi.sarmaaya.pk/api/tradingview/history?symbol=AKBL&resolution=D&from=1458068400&to=1773428400 "HTTP/1.1 200 OK"
2026-03-14 02:51:50,123 - INFO -   Saved 2470 data points for AKBL
2026-03-14 02:51:50,826 - INFO - [24/502] Syncing AKDHL from 2016-03-16...
2026-03-14 02:51:51,141 - INFO - HTTP Request: GET https://beta-restapi.sarmaaya.pk/api/tradingview/history?symbol=AKDHL&resolution=D&from=1458068400&to=1773428400 "HTTP/1.1 200 OK"
2026-03-14 02:51:52,677 - INFO -   Saved 968 data points for AKDHL
2026-03-14 02:51:53,383 - INFO - [25/502] Syncing AKDSL from 2016-03-16...
2026-03-14 02:51:53,693 - INFO - HTTP Request: GET https://beta-restapi.sarmaaya.pk/api/tradingview/history?symbol=AKDSL&resolution=D&from=1458068400&to=1773428400 "HTTP/1.1 200 OK"
2026-03-14 02:51:54,934 - INFO -   Saved 697 data points for AKDSL
2026-03-14 02:51:55,639 - INFO - [26/502] Syncing AKGL from 2016-03-16...
2026-03-14 02:51:55,956 - INFO - HTTP Request: GET https://beta-restapi.sarmaaya.pk/api/tradingview/history?symbol=AKGL&resolution=D&from=1458068400&to=1773428400 "HTTP/1.1 200 OK"
2026-03-14 02:51:57,216 - INFO -   Saved 765 data points for AKGL
2026-03-14 02:51:57,920 - INFO - [27/502] Syncing ALAC from 2016-03-16...
2026-03-14 02:51:58,255 - INFO - HTTP Request: GET https://beta-restapi.sarmaaya.pk/api/tradingview/history?symbol=ALAC&resolution=D&from=1458068400&to=1773428400 "HTTP/1.1 200 OK"
2026-03-14 02:52:00,113 - INFO -   Saved 1676 data points for ALAC
2026-03-14 02:52:00,815 - INFO - [28/502] Syncing ALIFE from 2016-03-16...
2026-03-14 02:52:01,131 - INFO - HTTP Request: GET https://beta-restapi.sarmaaya.pk/api/tradingview/history?symbol=ALIFE&resolution=D&from=1458068400&to=1773428400 "HTTP/1.1 200 OK"
2026-03-14 02:52:02,493 - INFO -   Saved 845 data points for ALIFE
2026-03-14 02:52:03,198 - INFO - [29/502] Syncing ALNRS from 2016-03-16...
2026-03-14 02:52:03,539 - INFO - HTTP Request: GET https://beta-restapi.sarmaaya.pk/api/tradingview/history?symbol=ALNRS&resolution=D&from=1458068400&to=1773428400 "HTTP/1.1 200 OK"
2026-03-14 02:52:05,128 - INFO -   Saved 1403 data points for ALNRS
2026-03-14 02:52:05,834 - INFO - [30/502] Syncing ALTN from 2016-03-16...
2026-03-14 02:52:06,179 - INFO - HTTP Request: GET https://beta-restapi.sarmaaya.pk/api/tradingview/history?symbol=ALTN&resolution=D&from=1458068400&to=1773428400 "HTTP/1.1 200 OK"
2026-03-14 02:52:07,934 - INFO -   Saved 1936 data points for ALTN
2026-03-14 02:52:08,639 - INFO - [31/502] Syncing AMBL from 2016-03-16...
2026-03-14 02:52:09,059 - INFO - HTTP Request: GET https://beta-restapi.sarmaaya.pk/api/tradingview/history?symbol=AMBL&resolution=D&from=1458068400&to=1773428400 "HTTP/1.1 200 OK"
2026-03-14 02:52:10,738 - INFO -   Saved 1044 data points for AMBL
2026-03-14 02:52:11,442 - INFO - [32/502] Syncing AMTEX from 2016-03-16...
2026-03-14 02:52:11,771 - INFO - HTTP Request: GET https://beta-restapi.sarmaaya.pk/api/tradingview/history?symbol=AMTEX&resolution=D&from=1458068400&to=1773428400 "HTTP/1.1 200 OK"
2026-03-14 02:52:13,462 - INFO -   Saved 1424 data points for AMTEX
2026-03-14 02:52:14,168 - INFO - [33/502] Syncing ANL from 2016-03-16...
2026-03-14 02:52:14,520 - INFO - HTTP Request: GET https://beta-restapi.sarmaaya.pk/api/tradingview/history?symbol=ANL&resolution=D&from=1458068400&to=1773428400 "HTTP/1.1 200 OK"
2026-03-14 02:52:16,465 - INFO -   Saved 2473 data points for ANL
2026-03-14 02:52:17,170 - INFO - [34/502] Syncing ANLNV from 2016-03-16...
2026-03-14 02:52:17,438 - INFO - HTTP Request: GET https://beta-restapi.sarmaaya.pk/api/tradingview/history?symbol=ANLNV&resolution=D&from=1458068400&to=1773428400 "HTTP/1.1 200 OK"
2026-03-14 02:52:18,683 - INFO -   Saved 16 data points for ANLNV
2026-03-14 02:52:19,388 - INFO - [35/502] Syncing ANSM from 2016-03-16...
2026-03-14 02:52:19,696 - INFO - HTTP Request: GET https://beta-restapi.sarmaaya.pk/api/tradingview/history?symbol=ANSM&resolution=D&from=1458068400&to=1773428400 "HTTP/1.1 200 OK"
2026-03-14 02:52:21,042 - INFO -   Saved 987 data points for ANSM
2026-03-14 02:52:21,745 - INFO - [36/502] Syncing ANTM from 2016-03-16...
2026-03-14 02:52:22,046 - INFO - HTTP Request: GET https://beta-restapi.sarmaaya.pk/api/tradingview/history?symbol=ANTM&resolution=D&from=1458068400&to=1773428400 "HTTP/1.1 200 OK"
2026-03-14 02:52:23,272 - INFO -   Saved 741 data points for ANTM
2026-03-14 02:52:23,977 - INFO - [37/502] Syncing APL from 2016-03-16...
2026-03-14 02:52:24,325 - INFO - HTTP Request: GET https://beta-restapi.sarmaaya.pk/api/tradingview/history?symbol=APL&resolution=D&from=1458068400&to=1773428400 "HTTP/1.1 200 OK"
2026-03-14 02:52:26,326 - INFO -   Saved 2470 data points for APL
2026-03-14 02:52:27,032 - INFO - [38/502] Syncing ARCTM from 2016-03-16...
2026-03-14 02:52:27,289 - INFO - HTTP Request: GET https://beta-restapi.sarmaaya.pk/api/tradingview/history?symbol=ARCTM&resolution=D&from=1458068400&to=1773428400 "HTTP/1.1 500 Internal Server Error"
2026-03-14 02:52:27,291 - WARNING -   No history found for ARCTM
2026-03-14 02:52:27,996 - INFO - [39/502] Syncing ARPAK from 2016-03-16...
2026-03-14 02:52:28,288 - INFO - HTTP Request: GET https://beta-restapi.sarmaaya.pk/api/tradingview/history?symbol=ARPAK&resolution=D&from=1458068400&to=1773428400 "HTTP/1.1 200 OK"
2026-03-14 02:52:29,541 - INFO -   Saved 521 data points for ARPAK
2026-03-14 02:52:30,247 - INFO - [40/502] Syncing ARPL from 2016-03-16...
2026-03-14 02:52:30,591 - INFO - HTTP Request: GET https://beta-restapi.sarmaaya.pk/api/tradingview/history?symbol=ARPL&resolution=D&from=1458068400&to=1773428400 "HTTP/1.1 200 OK"
2026-03-14 02:52:32,820 - INFO -   Saved 2367 data points for ARPL
2026-03-14 02:52:33,526 - INFO - [41/502] Syncing ARUJ from 2016-03-16...
2026-03-14 02:52:33,841 - INFO - HTTP Request: GET https://beta-restapi.sarmaaya.pk/api/tradingview/history?symbol=ARUJ&resolution=D&from=1458068400&to=1773428400 "HTTP/1.1 200 OK"
2026-03-14 02:52:35,394 - INFO -   Saved 1064 data points for ARUJ
2026-03-14 02:52:36,099 - INFO - [42/502] Syncing ASC from 2016-03-16...
2026-03-14 02:52:36,442 - INFO - HTTP Request: GET https://beta-restapi.sarmaaya.pk/api/tradingview/history?symbol=ASC&resolution=D&from=1458068400&to=1773428400 "HTTP/1.1 200 OK"
2026-03-14 02:52:38,414 - INFO -   Saved 2473 data points for ASC
2026-03-14 02:52:39,118 - INFO - [43/502] Syncing ASHT from 2016-03-16...
2026-03-14 02:52:39,425 - INFO - HTTP Request: GET https://beta-restapi.sarmaaya.pk/api/tradingview/history?symbol=ASHT&resolution=D&from=1458068400&to=1773428400 "HTTP/1.1 200 OK"
2026-03-14 02:52:41,005 - INFO -   Saved 1008 data points for ASHT
2026-03-14 02:52:41,712 - INFO - [44/502] Syncing ASIC from 2016-03-16...
2026-03-14 02:52:41,983 - INFO - HTTP Request: GET https://beta-restapi.sarmaaya.pk/api/tradingview/history?symbol=ASIC&resolution=D&from=1458068400&to=1773428400 "HTTP/1.1 200 OK"
2026-03-14 02:52:43,251 - INFO -   Saved 183 data points for ASIC
2026-03-14 02:52:43,955 - INFO - [45/502] Syncing ASL from 2016-03-16...
2026-03-14 02:52:44,296 - INFO - HTTP Request: GET https://beta-restapi.sarmaaya.pk/api/tradingview/history?symbol=ASL&resolution=D&from=1458068400&to=1773428400 "HTTP/1.1 200 OK"
2026-03-14 02:52:46,337 - INFO -   Saved 2473 data points for ASL
2026-03-14 02:52:47,042 - INFO - [46/502] Syncing ASLCPS from 2016-03-16...
2026-03-14 02:52:47,314 - INFO - HTTP Request: GET https://beta-restapi.sarmaaya.pk/api/tradingview/history?symbol=ASLCPS&resolution=D&from=1458068400&to=1773428400 "HTTP/1.1 200 OK"
2026-03-14 02:52:48,512 - INFO -   Saved 163 data points for ASLCPS
2026-03-14 02:52:49,221 - INFO - [47/502] Syncing ASLPS from 2016-03-16...
2026-03-14 02:52:49,510 - INFO - HTTP Request: GET https://beta-restapi.sarmaaya.pk/api/tradingview/history?symbol=ASLPS&resolution=D&from=1458068400&to=1773428400 "HTTP/1.1 200 OK"
2026-03-14 02:52:50,727 - INFO -   Saved 409 data points for ASLPS
2026-03-14 02:52:51,432 - INFO - [48/502] Syncing ASTL from 2016-03-16...
2026-03-14 02:52:51,779 - INFO - HTTP Request: GET https://beta-restapi.sarmaaya.pk/api/tradingview/history?symbol=ASTL&resolution=D&from=1458068400&to=1773428400 "HTTP/1.1 200 OK"
2026-03-14 02:52:53,798 - INFO -   Saved 2473 data points for ASTL
2026-03-14 02:52:54,504 - INFO - [49/502] Syncing ASTM from 2016-03-16...
2026-03-14 02:52:54,844 - INFO - HTTP Request: GET https://beta-restapi.sarmaaya.pk/api/tradingview/history?symbol=ASTM&resolution=D&from=1458068400&to=1773428400 "HTTP/1.1 200 OK"
2026-03-14 02:52:56,538 - INFO -   Saved 1908 data points for ASTM
2026-03-14 02:52:57,243 - INFO - [50/502] Syncing ATBA from 2016-03-16...
2026-03-14 02:52:57,588 - INFO - HTTP Request: GET https://beta-restapi.sarmaaya.pk/api/tradingview/history?symbol=ATBA&resolution=D&from=1458068400&to=1773428400 "HTTP/1.1 200 OK"
2026-03-14 02:52:59,647 - INFO -   Saved 2396 data points for ATBA
2026-03-14 02:53:00,349 - INFO - [51/502] Syncing ATIL from 2016-03-16...
2026-03-14 02:53:00,695 - INFO - HTTP Request: GET https://beta-restapi.sarmaaya.pk/api/tradingview/history?symbol=ATIL&resolution=D&from=1458068400&to=1773428400 "HTTP/1.1 200 OK"
2026-03-14 02:53:02,412 - INFO -   Saved 1928 data points for ATIL
2026-03-14 02:53:03,117 - INFO - [52/502] Syncing ATLH from 2016-03-16...
2026-03-14 02:53:03,457 - INFO - HTTP Request: GET https://beta-restapi.sarmaaya.pk/api/tradingview/history?symbol=ATLH&resolution=D&from=1458068400&to=1773428400 "HTTP/1.1 200 OK"
2026-03-14 02:53:05,378 - INFO -   Saved 2150 data points for ATLH
2026-03-14 02:53:06,082 - INFO - [53/502] Syncing ATRL from 2016-03-16...
2026-03-14 02:53:06,429 - INFO - HTTP Request: GET https://beta-restapi.sarmaaya.pk/api/tradingview/history?symbol=ATRL&resolution=D&from=1458068400&to=1773428400 "HTTP/1.1 200 OK"
2026-03-14 02:53:08,408 - INFO -   Saved 2473 data points for ATRL
2026-03-14 02:53:09,110 - INFO - [54/502] Syncing AVN from 2016-03-16...
2026-03-14 02:53:11,494 - INFO - HTTP Request: GET https://beta-restapi.sarmaaya.pk/api/tradingview/history?symbol=AVN&resolution=D&from=1458068400&to=1773428400 "HTTP/1.1 200 OK"
2026-03-14 02:53:13,881 - INFO -   Saved 2473 data points for AVN
2026-03-14 02:53:14,586 - INFO - [55/502] Syncing BAFL from 2016-03-16...
2026-03-14 02:53:15,421 - INFO - HTTP Request: GET https://beta-restapi.sarmaaya.pk/api/tradingview/history?symbol=BAFL&resolution=D&from=1458068400&to=1773428400 "HTTP/1.1 200 OK"
2026-03-14 02:53:17,465 - INFO -   Saved 2472 data points for BAFL
2026-03-14 02:53:18,167 - INFO - [56/502] Syncing BAFS from 2016-03-16...
2026-03-14 02:53:18,455 - INFO - HTTP Request: GET https://beta-restapi.sarmaaya.pk/api/tradingview/history?symbol=BAFS&resolution=D&from=1458068400&to=1773428400 "HTTP/1.1 200 OK"
2026-03-14 02:53:19,662 - INFO -   Saved 369 data points for BAFS
2026-03-14 02:53:20,367 - INFO - [57/502] Syncing BAHL from 2016-03-16...
2026-03-14 02:53:20,744 - INFO - HTTP Request: GET https://beta-restapi.sarmaaya.pk/api/tradingview/history?symbol=BAHL&resolution=D&from=1458068400&to=1773428400 "HTTP/1.1 200 OK"
2026-03-14 02:53:22,772 - INFO -   Saved 2473 data points for BAHL
2026-03-14 02:53:23,478 - INFO - [58/502] Syncing BAPL from 2016-03-16...
2026-03-14 02:53:23,813 - INFO - HTTP Request: GET https://beta-restapi.sarmaaya.pk/api/tradingview/history?symbol=BAPL&resolution=D&from=1458068400&to=1773428400 "HTTP/1.1 200 OK"
2026-03-14 02:53:25,427 - INFO -   Saved 1928 data points for BAPL
2026-03-14 02:53:26,133 - INFO - [59/502] Syncing BATA from 2016-03-16...
2026-03-14 02:53:26,474 - INFO - HTTP Request: GET https://beta-restapi.sarmaaya.pk/api/tradingview/history?symbol=BATA&resolution=D&from=1458068400&to=1773428400 "HTTP/1.1 200 OK"
2026-03-14 02:53:28,311 - INFO -   Saved 1885 data points for BATA
2026-03-14 02:53:29,016 - INFO - [60/502] Syncing BBFL from 2016-03-16...
2026-03-14 02:53:29,274 - INFO - HTTP Request: GET https://beta-restapi.sarmaaya.pk/api/tradingview/history?symbol=BBFL&resolution=D&from=1458068400&to=1773428400 "HTTP/1.1 500 Internal Server Error"
2026-03-14 02:53:29,276 - WARNING -   No history found for BBFL
2026-03-14 02:53:29,981 - INFO - [61/502] Syncing BCL from 2016-03-16...
2026-03-14 02:53:30,406 - INFO - HTTP Request: GET https://beta-restapi.sarmaaya.pk/api/tradingview/history?symbol=BCL&resolution=D&from=1458068400&to=1773428400 "HTTP/1.1 200 OK"
2026-03-14 02:53:32,389 - INFO -   Saved 2317 data points for BCL
2026-03-14 02:53:33,094 - INFO - [62/502] Syncing BECO from 2016-03-16...
2026-03-14 02:53:33,403 - INFO - HTTP Request: GET https://beta-restapi.sarmaaya.pk/api/tradingview/history?symbol=BECO&resolution=D&from=1458068400&to=1773428400 "HTTP/1.1 200 OK"
2026-03-14 02:53:35,054 - INFO -   Saved 1114 data points for BECO
2026-03-14 02:53:35,758 - INFO - [63/502] Syncing BELA from 2016-03-16...
2026-03-14 02:53:36,050 - INFO - HTTP Request: GET https://beta-restapi.sarmaaya.pk/api/tradingview/history?symbol=BELA&resolution=D&from=1458068400&to=1773428400 "HTTP/1.1 200 OK"
2026-03-14 02:53:37,280 - INFO -   Saved 503 data points for BELA
2026-03-14 02:53:37,985 - INFO - [64/502] Syncing BERG from 2016-03-16...
2026-03-14 02:53:38,354 - INFO - HTTP Request: GET https://beta-restapi.sarmaaya.pk/api/tradingview/history?symbol=BERG&resolution=D&from=1458068400&to=1773428400 "HTTP/1.1 200 OK"
2026-03-14 02:53:40,295 - INFO -   Saved 2267 data points for BERG
2026-03-14 02:53:41,001 - INFO - [65/502] Syncing BFAGRO from 2016-03-16...
2026-03-14 02:53:41,283 - INFO - HTTP Request: GET https://beta-restapi.sarmaaya.pk/api/tradingview/history?symbol=BFAGRO&resolution=D&from=1458068400&to=1773428400 "HTTP/1.1 200 OK"
2026-03-14 02:53:42,487 - INFO -   Saved 256 data points for BFAGRO
2026-03-14 02:53:43,192 - INFO - [66/502] Syncing BFBIO from 2016-03-16...
2026-03-14 02:53:43,475 - INFO - HTTP Request: GET https://beta-restapi.sarmaaya.pk/api/tradingview/history?symbol=BFBIO&resolution=D&from=1458068400&to=1773428400 "HTTP/1.1 200 OK"
2026-03-14 02:53:44,710 - INFO -   Saved 353 data points for BFBIO
2026-03-14 02:53:45,414 - INFO - [67/502] Syncing BFMOD from 2016-03-16...
2026-03-14 02:53:45,723 - INFO - HTTP Request: GET https://beta-restapi.sarmaaya.pk/api/tradingview/history?symbol=BFMOD&resolution=D&from=1458068400&to=1773428400 "HTTP/1.1 200 OK"
2026-03-14 02:53:47,077 - INFO -   Saved 746 data points for BFMOD
2026-03-14 02:53:47,782 - INFO - [68/502] Syncing BGL from 2016-03-16...
2026-03-14 02:53:48,138 - INFO - HTTP Request: GET https://beta-restapi.sarmaaya.pk/api/tradingview/history?symbol=BGL&resolution=D&from=1458068400&to=1773428400 "HTTP/1.1 200 OK"
2026-03-14 02:53:50,237 - INFO -   Saved 2473 data points for BGL
2026-03-14 02:53:50,942 - INFO - [69/502] Syncing BHAT from 2016-03-16...
2026-03-14 02:53:51,246 - INFO - HTTP Request: GET https://beta-restapi.sarmaaya.pk/api/tradingview/history?symbol=BHAT&resolution=D&from=1458068400&to=1773428400 "HTTP/1.1 200 OK"
2026-03-14 02:53:52,623 - INFO -   Saved 815 data points for BHAT
2026-03-14 02:53:53,327 - INFO - [70/502] Syncing BIFO from 2016-03-16...
2026-03-14 02:53:53,685 - INFO - HTTP Request: GET https://beta-restapi.sarmaaya.pk/api/tradingview/history?symbol=BIFO&resolution=D&from=1458068400&to=1773428400 "HTTP/1.1 200 OK"
2026-03-14 02:53:55,674 - INFO -   Saved 2401 data points for BIFO
2026-03-14 02:53:56,380 - INFO - [71/502] Syncing BIPL from 2016-03-16...
2026-03-14 02:53:56,739 - INFO - HTTP Request: GET https://beta-restapi.sarmaaya.pk/api/tradingview/history?symbol=BIPL&resolution=D&from=1458068400&to=1773428400 "HTTP/1.1 200 OK"
2026-03-14 02:53:58,941 - INFO -   Saved 2396 data points for BIPL
2026-03-14 02:53:59,647 - INFO - [72/502] Syncing BLUEX from 2016-03-16...
2026-03-14 02:53:59,902 - INFO - HTTP Request: GET https://beta-restapi.sarmaaya.pk/api/tradingview/history?symbol=BLUEX&resolution=D&from=1458068400&to=1773428400 "HTTP/1.1 500 Internal Server Error"
2026-03-14 02:53:59,904 - WARNING -   No history found for BLUEX
2026-03-14 02:54:00,609 - INFO - [73/502] Syncing BML from 2016-03-16...
2026-03-14 02:54:00,867 - INFO - HTTP Request: GET https://beta-restapi.sarmaaya.pk/api/tradingview/history?symbol=BML&resolution=D&from=1458068400&to=1773428400 "HTTP/1.1 500 Internal Server Error"
2026-03-14 02:54:00,868 - WARNING -   No history found for BML
2026-03-14 02:54:01,572 - INFO - [74/502] Syncing BNL from 2016-03-16...
2026-03-14 02:54:01,912 - INFO - HTTP Request: GET https://beta-restapi.sarmaaya.pk/api/tradingview/history?symbol=BNL&resolution=D&from=1458068400&to=1773428400 "HTTP/1.1 200 OK"
2026-03-14 02:54:03,599 - INFO -   Saved 1313 data points for BNL
2026-03-14 02:54:04,305 - INFO - [75/502] Syncing BNWM from 2016-03-16...
2026-03-14 02:54:04,639 - INFO - HTTP Request: GET https://beta-restapi.sarmaaya.pk/api/tradingview/history?symbol=BNWM&resolution=D&from=1458068400&to=1773428400 "HTTP/1.1 200 OK"
2026-03-14 02:54:06,645 - INFO -   Saved 2030 data points for BNWM
2026-03-14 02:54:07,350 - INFO - [76/502] Syncing BOK from 2016-03-16...
2026-03-14 02:54:07,714 - INFO - HTTP Request: GET https://beta-restapi.sarmaaya.pk/api/tradingview/history?symbol=BOK&resolution=D&from=1458068400&to=1773428400 "HTTP/1.1 200 OK"
2026-03-14 02:54:09,617 - INFO -   Saved 2178 data points for BOK
2026-03-14 02:54:10,322 - INFO - [77/502] Syncing BOP from 2016-03-16...
2026-03-14 02:54:10,686 - INFO - HTTP Request: GET https://beta-restapi.sarmaaya.pk/api/tradingview/history?symbol=BOP&resolution=D&from=1458068400&to=1773428400 "HTTP/1.1 200 OK"
2026-03-14 02:54:12,759 - INFO -   Saved 2473 data points for BOP
2026-03-14 02:54:13,465 - INFO - [78/502] Syncing BPL from 2016-03-16...
2026-03-14 02:54:13,797 - INFO - HTTP Request: GET https://beta-restapi.sarmaaya.pk/api/tradingview/history?symbol=BPL&resolution=D&from=1458068400&to=1773428400 "HTTP/1.1 200 OK"
2026-03-14 02:54:15,628 - INFO -   Saved 1924 data points for BPL
2026-03-14 02:54:16,334 - INFO - [79/502] Syncing BRRG from 2016-03-16...
2026-03-14 02:54:16,588 - INFO - HTTP Request: GET https://beta-restapi.sarmaaya.pk/api/tradingview/history?symbol=BRRG&resolution=D&from=1458068400&to=1773428400 "HTTP/1.1 500 Internal Server Error"
2026-03-14 02:54:16,590 - WARNING -   No history found for BRRG
2026-03-14 02:54:17,294 - INFO - [80/502] Syncing BTL from 2016-03-16...
2026-03-14 02:54:17,609 - INFO - HTTP Request: GET https://beta-restapi.sarmaaya.pk/api/tradingview/history?symbol=BTL&resolution=D&from=1458068400&to=1773428400 "HTTP/1.1 200 OK"
2026-03-14 02:54:19,208 - INFO -   Saved 1213 data points for BTL
2026-03-14 02:54:19,914 - INFO - [81/502] Syncing BUXL from 2016-03-16...
2026-03-14 02:54:20,253 - INFO - HTTP Request: GET https://beta-restapi.sarmaaya.pk/api/tradingview/history?symbol=BUXL&resolution=D&from=1458068400&to=1773428400 "HTTP/1.1 200 OK"
2026-03-14 02:54:21,909 - INFO -   Saved 1873 data points for BUXL
2026-03-14 02:54:22,615 - INFO - [82/502] Syncing BWCL from 2016-03-16...
2026-03-14 02:54:22,972 - INFO - HTTP Request: GET https://beta-restapi.sarmaaya.pk/api/tradingview/history?symbol=BWCL&resolution=D&from=1458068400&to=1773428400 "HTTP/1.1 200 OK"
2026-03-14 02:54:24,956 - INFO -   Saved 2444 data points for BWCL
2026-03-14 02:54:25,657 - INFO - [83/502] Syncing BWHL from 2016-03-16...
2026-03-14 02:54:26,000 - INFO - HTTP Request: GET https://beta-restapi.sarmaaya.pk/api/tradingview/history?symbol=BWHL&resolution=D&from=1458068400&to=1773428400 "HTTP/1.1 200 OK"
2026-03-14 02:54:27,607 - INFO -   Saved 1686 data points for BWHL
2026-03-14 02:54:28,312 - INFO - [84/502] Syncing CASH from 2016-03-16...
2026-03-14 02:54:28,612 - INFO - HTTP Request: GET https://beta-restapi.sarmaaya.pk/api/tradingview/history?symbol=CASH&resolution=D&from=1458068400&to=1773428400 "HTTP/1.1 200 OK"
2026-03-14 02:54:29,834 - INFO -   Saved 467 data points for CASH
2026-03-14 02:54:30,539 - INFO - [85/502] Syncing CCM from 2016-03-16...
2026-03-14 02:54:30,842 - INFO - HTTP Request: GET https://beta-restapi.sarmaaya.pk/api/tradingview/history?symbol=CCM&resolution=D&from=1458068400&to=1773428400 "HTTP/1.1 200 OK"
2026-03-14 02:54:32,113 - INFO -   Saved 762 data points for CCM
2026-03-14 02:54:32,818 - INFO - [86/502] Syncing CENI from 2016-03-16...
2026-03-14 02:54:33,154 - INFO - HTTP Request: GET https://beta-restapi.sarmaaya.pk/api/tradingview/history?symbol=CENI&resolution=D&from=1458068400&to=1773428400 "HTTP/1.1 200 OK"
2026-03-14 02:54:34,982 - INFO -   Saved 1516 data points for CENI
2026-03-14 02:54:35,687 - INFO - [87/502] Syncing CEPB from 2016-03-16...
2026-03-14 02:54:36,010 - INFO - HTTP Request: GET https://beta-restapi.sarmaaya.pk/api/tradingview/history?symbol=CEPB&resolution=D&from=1458068400&to=1773428400 "HTTP/1.1 200 OK"
2026-03-14 02:54:38,052 - INFO -   Saved 2461 data points for CEPB
2026-03-14 02:54:38,758 - INFO - [88/502] Syncing CFL from 2016-03-16...
2026-03-14 02:54:39,050 - INFO - HTTP Request: GET https://beta-restapi.sarmaaya.pk/api/tradingview/history?symbol=CFL&resolution=D&from=1458068400&to=1773428400 "HTTP/1.1 200 OK"
2026-03-14 02:54:40,310 - INFO -   Saved 537 data points for CFL
2026-03-14 02:54:41,015 - INFO - [89/502] Syncing CHAS from 2016-03-16...
2026-03-14 02:54:41,350 - INFO - HTTP Request: GET https://beta-restapi.sarmaaya.pk/api/tradingview/history?symbol=CHAS&resolution=D&from=1458068400&to=1773428400 "HTTP/1.1 200 OK"
2026-03-14 02:54:43,036 - INFO -   Saved 1858 data points for CHAS
2026-03-14 02:54:43,741 - INFO - [90/502] Syncing CHBL from 2016-03-16...
2026-03-14 02:54:44,048 - INFO - HTTP Request: GET https://beta-restapi.sarmaaya.pk/api/tradingview/history?symbol=CHBL&resolution=D&from=1458068400&to=1773428400 "HTTP/1.1 200 OK"
2026-03-14 02:54:45,353 - INFO -   Saved 884 data points for CHBL
2026-03-14 02:54:46,058 - INFO - [91/502] Syncing CHCC from 2016-03-16...
2026-03-14 02:54:46,417 - INFO - HTTP Request: GET https://beta-restapi.sarmaaya.pk/api/tradingview/history?symbol=CHCC&resolution=D&from=1458068400&to=1773428400 "HTTP/1.1 200 OK"
2026-03-14 02:54:48,663 - INFO -   Saved 2473 data points for CHCC
2026-03-14 02:54:49,368 - INFO - [92/502] Syncing CJPL from 2016-03-16...
2026-03-14 02:54:51,674 - INFO - HTTP Request: GET https://beta-restapi.sarmaaya.pk/api/tradingview/history?symbol=CJPL&resolution=D&from=1458068400&to=1773428400 "HTTP/1.1 200 OK"
2026-03-14 02:54:53,001 - INFO -   Saved 861 data points for CJPL
2026-03-14 02:54:53,706 - INFO - [93/502] Syncing CLCPS from 2016-03-16...
2026-03-14 02:54:55,303 - INFO - HTTP Request: GET https://beta-restapi.sarmaaya.pk/api/tradingview/history?symbol=CLCPS&resolution=D&from=1458068400&to=1773428400 "HTTP/1.1 200 OK"
2026-03-14 02:54:56,585 - INFO -   Saved 443 data points for CLCPS
2026-03-14 02:54:57,291 - INFO - [94/502] Syncing CLOV from 2016-03-16...
2026-03-14 02:54:57,624 - INFO - HTTP Request: GET https://beta-restapi.sarmaaya.pk/api/tradingview/history?symbol=CLOV&resolution=D&from=1458068400&to=1773428400 "HTTP/1.1 200 OK"
2026-03-14 02:54:59,857 - INFO -   Saved 2457 data points for CLOV
2026-03-14 02:55:00,562 - INFO - [95/502] Syncing CLVL from 2016-03-16...
2026-03-14 02:55:00,878 - INFO - HTTP Request: GET https://beta-restapi.sarmaaya.pk/api/tradingview/history?symbol=CLVL&resolution=D&from=1458068400&to=1773428400 "HTTP/1.1 200 OK"
2026-03-14 02:55:02,628 - INFO -   Saved 1062 data points for CLVL
2026-03-14 02:55:03,334 - INFO - [96/502] Syncing CNERGY from 2016-03-16...
2026-03-14 02:55:03,656 - INFO - HTTP Request: GET https://beta-restapi.sarmaaya.pk/api/tradingview/history?symbol=CNERGY&resolution=D&from=1458068400&to=1773428400 "HTTP/1.1 200 OK"
2026-03-14 02:55:05,237 - INFO -   Saved 1048 data points for CNERGY
2026-03-14 02:55:05,942 - INFO - [97/502] Syncing COLG from 2016-03-16...
2026-03-14 02:55:06,292 - INFO - HTTP Request: GET https://beta-restapi.sarmaaya.pk/api/tradingview/history?symbol=COLG&resolution=D&from=1458068400&to=1773428400 "HTTP/1.1 200 OK"
2026-03-14 02:55:07,969 - INFO -   Saved 1955 data points for COLG
2026-03-14 02:55:08,673 - INFO - [98/502] Syncing CPHL from 2016-03-16...
2026-03-14 02:55:09,488 - INFO - HTTP Request: GET https://beta-restapi.sarmaaya.pk/api/tradingview/history?symbol=CPHL&resolution=D&from=1458068400&to=1773428400 "HTTP/1.1 200 OK"
2026-03-14 02:55:11,052 - INFO -   Saved 1151 data points for CPHL
2026-03-14 02:55:11,756 - INFO - [99/502] Syncing CPPL from 2016-03-16...
2026-03-14 02:55:13,111 - INFO - HTTP Request: GET https://beta-restapi.sarmaaya.pk/api/tradingview/history?symbol=CPPL&resolution=D&from=1458068400&to=1773428400 "HTTP/1.1 200 OK"
2026-03-14 02:55:15,064 - INFO -   Saved 2442 data points for CPPL
2026-03-14 02:55:15,770 - INFO - [100/502] Syncing CRTM from 2016-03-16...
2026-03-14 02:55:16,526 - INFO - HTTP Request: GET https://beta-restapi.sarmaaya.pk/api/tradingview/history?symbol=CRTM&resolution=D&from=1458068400&to=1773428400 "HTTP/1.1 200 OK"
2026-03-14 02:55:18,591 - INFO -   Saved 2415 data points for CRTM
2026-03-14 02:55:19,296 - INFO - [101/502] Syncing CSAP from 2016-03-16...
2026-03-14 02:55:19,648 - INFO - HTTP Request: GET https://beta-restapi.sarmaaya.pk/api/tradingview/history?symbol=CSAP&resolution=D&from=1458068400&to=1773428400 "HTTP/1.1 200 OK"
2026-03-14 02:55:21,653 - INFO -   Saved 2462 data points for CSAP
2026-03-14 02:55:22,356 - INFO - [102/502] Syncing CSIL from 2016-03-16...
2026-03-14 02:55:22,717 - INFO - HTTP Request: GET https://beta-restapi.sarmaaya.pk/api/tradingview/history?symbol=CSIL&resolution=D&from=1458068400&to=1773428400 "HTTP/1.1 200 OK"
2026-03-14 02:55:24,687 - INFO -   Saved 2467 data points for CSIL
2026-03-14 02:55:25,389 - INFO - [103/502] Syncing CTM from 2016-03-16...
2026-03-14 02:55:25,755 - INFO - HTTP Request: GET https://beta-restapi.sarmaaya.pk/api/tradingview/history?symbol=CTM&resolution=D&from=1458068400&to=1773428400 "HTTP/1.1 200 OK"
2026-03-14 02:55:27,811 - INFO -   Saved 2426 data points for CTM
2026-03-14 02:55:28,515 - INFO - [104/502] Syncing CYAN from 2016-03-16...
2026-03-14 02:55:28,863 - INFO - HTTP Request: GET https://beta-restapi.sarmaaya.pk/api/tradingview/history?symbol=CYAN&resolution=D&from=1458068400&to=1773428400 "HTTP/1.1 200 OK"
2026-03-14 02:55:31,097 - INFO -   Saved 2344 data points for CYAN
2026-03-14 02:55:31,803 - INFO - [105/502] Syncing DAAG from 2016-03-16...
2026-03-14 02:55:32,139 - INFO - HTTP Request: GET https://beta-restapi.sarmaaya.pk/api/tradingview/history?symbol=DAAG&resolution=D&from=1458068400&to=1773428400 "HTTP/1.1 200 OK"
2026-03-14 02:55:33,863 - INFO -   Saved 1797 data points for DAAG
2026-03-14 02:55:34,564 - INFO - [106/502] Syncing DADX from 2016-03-16...
2026-03-14 02:55:34,875 - INFO - HTTP Request: GET https://beta-restapi.sarmaaya.pk/api/tradingview/history?symbol=DADX&resolution=D&from=1458068400&to=1773428400 "HTTP/1.1 200 OK"
2026-03-14 02:55:36,447 - INFO -   Saved 1179 data points for DADX
2026-03-14 02:55:37,153 - INFO - [107/502] Syncing DBCI from 2016-03-16...
2026-03-14 02:55:37,444 - INFO - HTTP Request: GET https://beta-restapi.sarmaaya.pk/api/tradingview/history?symbol=DBCI&resolution=D&from=1458068400&to=1773428400 "HTTP/1.1 200 OK"
2026-03-14 02:55:38,669 - INFO -   Saved 446 data points for DBCI
2026-03-14 02:55:39,374 - INFO - [108/502] Syncing DCL from 2016-03-16...
2026-03-14 02:55:39,728 - INFO - HTTP Request: GET https://beta-restapi.sarmaaya.pk/api/tradingview/history?symbol=DCL&resolution=D&from=1458068400&to=1773428400 "HTTP/1.1 200 OK"
2026-03-14 02:55:41,718 - INFO -   Saved 2473 data points for DCL
2026-03-14 02:55:42,423 - INFO - [109/502] Syncing DCR from 2016-03-16...
2026-03-14 02:55:42,785 - INFO - HTTP Request: GET https://beta-restapi.sarmaaya.pk/api/tradingview/history?symbol=DCR&resolution=D&from=1458068400&to=1773428400 "HTTP/1.1 200 OK"
2026-03-14 02:55:44,820 - INFO -   Saved 2468 data points for DCR
2026-03-14 02:55:45,522 - INFO - [110/502] Syncing DEL from 2016-03-16...
2026-03-14 02:55:45,858 - INFO - HTTP Request: GET https://beta-restapi.sarmaaya.pk/api/tradingview/history?symbol=DEL&resolution=D&from=1458068400&to=1773428400 "HTTP/1.1 200 OK"
2026-03-14 02:55:47,811 - INFO -   Saved 2028 data points for DEL
2026-03-14 02:55:48,514 - INFO - [111/502] Syncing DFML from 2016-03-16...
2026-03-14 02:55:48,864 - INFO - HTTP Request: GET https://beta-restapi.sarmaaya.pk/api/tradingview/history?symbol=DFML&resolution=D&from=1458068400&to=1773428400 "HTTP/1.1 200 OK"
2026-03-14 02:55:50,955 - INFO -   Saved 2473 data points for DFML
2026-03-14 02:55:51,660 - INFO - [112/502] Syncing DFSM from 2016-03-16...
2026-03-14 02:55:52,016 - INFO - HTTP Request: GET https://beta-restapi.sarmaaya.pk/api/tradingview/history?symbol=DFSM&resolution=D&from=1458068400&to=1773428400 "HTTP/1.1 200 OK"
2026-03-14 02:55:54,013 - INFO -   Saved 2459 data points for DFSM
2026-03-14 02:55:54,718 - INFO - [113/502] Syncing DGKC from 2016-03-16...
2026-03-14 02:55:55,341 - INFO - HTTP Request: GET https://beta-restapi.sarmaaya.pk/api/tradingview/history?symbol=DGKC&resolution=D&from=1458068400&to=1773428400 "HTTP/1.1 200 OK"
2026-03-14 02:55:57,389 - INFO -   Saved 2473 data points for DGKC
2026-03-14 02:55:58,096 - INFO - [114/502] Syncing DHPL from 2016-03-16...
2026-03-14 02:55:58,352 - INFO - HTTP Request: GET https://beta-restapi.sarmaaya.pk/api/tradingview/history?symbol=DHPL&resolution=D&from=1458068400&to=1773428400 "HTTP/1.1 500 Internal Server Error"
2026-03-14 02:55:58,355 - WARNING -   No history found for DHPL
2026-03-14 02:55:59,060 - INFO - [115/502] Syncing DIIL from 2016-03-16...
2026-03-14 02:55:59,344 - INFO - HTTP Request: GET https://beta-restapi.sarmaaya.pk/api/tradingview/history?symbol=DIIL&resolution=D&from=1458068400&to=1773428400 "HTTP/1.1 200 OK"
2026-03-14 02:56:00,602 - INFO -   Saved 437 data points for DIIL
2026-03-14 02:56:01,307 - INFO - [116/502] Syncing DINT from 2016-03-16...
2026-03-14 02:56:01,641 - INFO - HTTP Request: GET https://beta-restapi.sarmaaya.pk/api/tradingview/history?symbol=DINT&resolution=D&from=1458068400&to=1773428400 "HTTP/1.1 200 OK"
2026-03-14 02:56:02,963 - INFO -   Saved 753 data points for DINT
2026-03-14 02:56:03,670 - INFO - [117/502] Syncing DLL from 2016-03-16...
2026-03-14 02:56:04,010 - INFO - HTTP Request: GET https://beta-restapi.sarmaaya.pk/api/tradingview/history?symbol=DLL&resolution=D&from=1458068400&to=1773428400 "HTTP/1.1 200 OK"
2026-03-14 02:56:05,668 - INFO -   Saved 1638 data points for DLL
2026-03-14 02:56:06,373 - INFO - [118/502] Syncing DMC from 2016-03-16...
2026-03-14 02:56:06,631 - INFO - HTTP Request: GET https://beta-restapi.sarmaaya.pk/api/tradingview/history?symbol=DMC&resolution=D&from=1458068400&to=1773428400 "HTTP/1.1 500 Internal Server Error"
2026-03-14 02:56:06,635 - WARNING -   No history found for DMC
2026-03-14 02:56:07,336 - INFO - [119/502] Syncing DNCC from 2016-03-16...
2026-03-14 02:56:07,682 - INFO - HTTP Request: GET https://beta-restapi.sarmaaya.pk/api/tradingview/history?symbol=DNCC&resolution=D&from=1458068400&to=1773428400 "HTTP/1.1 200 OK"
2026-03-14 02:56:09,402 - INFO -   Saved 1797 data points for DNCC
2026-03-14 02:56:10,107 - INFO - [120/502] Syncing DOL from 2016-03-16...
2026-03-14 02:56:10,463 - INFO - HTTP Request: GET https://beta-restapi.sarmaaya.pk/api/tradingview/history?symbol=DOL&resolution=D&from=1458068400&to=1773428400 "HTTP/1.1 200 OK"
2026-03-14 02:56:12,589 - INFO -   Saved 2473 data points for DOL
2026-03-14 02:56:13,294 - INFO - [121/502] Syncing DSIL from 2016-03-16...
2026-03-14 02:56:13,658 - INFO - HTTP Request: GET https://beta-restapi.sarmaaya.pk/api/tradingview/history?symbol=DSIL&resolution=D&from=1458068400&to=1773428400 "HTTP/1.1 200 OK"
2026-03-14 02:56:15,644 - INFO -   Saved 2463 data points for DSIL
2026-03-14 02:56:16,350 - INFO - [122/502] Syncing DSL from 2016-03-16...
2026-03-14 02:56:16,722 - INFO - HTTP Request: GET https://beta-restapi.sarmaaya.pk/api/tradingview/history?symbol=DSL&resolution=D&from=1458068400&to=1773428400 "HTTP/1.1 200 OK"
2026-03-14 02:56:18,809 - INFO -   Saved 2473 data points for DSL
2026-03-14 02:56:19,514 - INFO - [123/502] Syncing DWAE from 2016-03-16...
2026-03-14 02:56:19,828 - INFO - HTTP Request: GET https://beta-restapi.sarmaaya.pk/api/tradingview/history?symbol=DWAE&resolution=D&from=1458068400&to=1773428400 "HTTP/1.1 200 OK"
2026-03-14 02:56:21,062 - INFO -   Saved 446 data points for DWAE
2026-03-14 02:56:21,768 - INFO - [124/502] Syncing DWSM from 2016-03-16...
2026-03-14 02:56:22,117 - INFO - HTTP Request: GET https://beta-restapi.sarmaaya.pk/api/tradingview/history?symbol=DWSM&resolution=D&from=1458068400&to=1773428400 "HTTP/1.1 200 OK"
2026-03-14 02:56:24,049 - INFO -   Saved 2244 data points for DWSM
2026-03-14 02:56:24,752 - INFO - [125/502] Syncing DWTM from 2016-03-16...
2026-03-14 02:56:25,062 - INFO - HTTP Request: GET https://beta-restapi.sarmaaya.pk/api/tradingview/history?symbol=DWTM&resolution=D&from=1458068400&to=1773428400 "HTTP/1.1 200 OK"
2026-03-14 02:56:26,609 - INFO -   Saved 1075 data points for DWTM
2026-03-14 02:56:27,319 - INFO - [126/502] Syncing DYNO from 2016-03-16...
2026-03-14 02:56:27,725 - INFO - HTTP Request: GET https://beta-restapi.sarmaaya.pk/api/tradingview/history?symbol=DYNO&resolution=D&from=1458068400&to=1773428400 "HTTP/1.1 200 OK"
2026-03-14 02:56:29,864 - INFO -   Saved 2263 data points for DYNO
2026-03-14 02:56:30,574 - INFO - [127/502] Syncing ECOP from 2016-03-16...
2026-03-14 02:56:30,998 - INFO - HTTP Request: GET https://beta-restapi.sarmaaya.pk/api/tradingview/history?symbol=ECOP&resolution=D&from=1458068400&to=1773428400 "HTTP/1.1 200 OK"
2026-03-14 02:56:33,085 - INFO -   Saved 2326 data points for ECOP
2026-03-14 02:56:33,798 - INFO - [128/502] Syncing EFERT from 2016-03-16...
2026-03-14 02:56:34,147 - INFO - HTTP Request: GET https://beta-restapi.sarmaaya.pk/api/tradingview/history?symbol=EFERT&resolution=D&from=1458068400&to=1773428400 "HTTP/1.1 200 OK"
2026-03-14 02:56:36,119 - INFO -   Saved 2473 data points for EFERT
2026-03-14 02:56:36,829 - INFO - [129/502] Syncing EFUG from 2016-03-16...
2026-03-14 02:56:37,166 - INFO - HTTP Request: GET https://beta-restapi.sarmaaya.pk/api/tradingview/history?symbol=EFUG&resolution=D&from=1458068400&to=1773428400 "HTTP/1.1 200 OK"
2026-03-14 02:56:38,875 - INFO -   Saved 1941 data points for EFUG
2026-03-14 02:56:39,585 - INFO - [130/502] Syncing EFUL from 2016-03-16...
2026-03-14 02:56:39,930 - INFO - HTTP Request: GET https://beta-restapi.sarmaaya.pk/api/tradingview/history?symbol=EFUL&resolution=D&from=1458068400&to=1773428400 "HTTP/1.1 200 OK"
2026-03-14 02:56:41,659 - INFO -   Saved 1845 data points for EFUL
2026-03-14 02:56:42,366 - INFO - [131/502] Syncing ELCM from 2016-03-16...
2026-03-14 02:56:42,660 - INFO - HTTP Request: GET https://beta-restapi.sarmaaya.pk/api/tradingview/history?symbol=ELCM&resolution=D&from=1458068400&to=1773428400 "HTTP/1.1 200 OK"
2026-03-14 02:56:44,003 - INFO -   Saved 499 data points for ELCM
2026-03-14 02:56:44,713 - INFO - [132/502] Syncing ELSM from 2016-03-16...
2026-03-14 02:56:45,019 - INFO - HTTP Request: GET https://beta-restapi.sarmaaya.pk/api/tradingview/history?symbol=ELSM&resolution=D&from=1458068400&to=1773428400 "HTTP/1.1 200 OK"
2026-03-14 02:56:46,281 - INFO -   Saved 981 data points for ELSM
2026-03-14 02:56:46,990 - INFO - [133/502] Syncing EMCO from 2016-03-16...
2026-03-14 02:56:47,323 - INFO - HTTP Request: GET https://beta-restapi.sarmaaya.pk/api/tradingview/history?symbol=EMCO&resolution=D&from=1458068400&to=1773428400 "HTTP/1.1 200 OK"
2026-03-14 02:56:48,972 - INFO -   Saved 1793 data points for EMCO
2026-03-14 02:56:49,682 - INFO - [134/502] Syncing ENGROH from 2016-03-16...
2026-03-14 02:56:49,946 - INFO - HTTP Request: GET https://beta-restapi.sarmaaya.pk/api/tradingview/history?symbol=ENGROH&resolution=D&from=1458068400&to=1773428400 "HTTP/1.1 500 Internal Server Error"
2026-03-14 02:56:49,949 - WARNING -   No history found for ENGROH
2026-03-14 02:56:50,658 - INFO - [135/502] Syncing EPCL from 2016-03-16...
2026-03-14 02:56:51,012 - INFO - HTTP Request: GET https://beta-restapi.sarmaaya.pk/api/tradingview/history?symbol=EPCL&resolution=D&from=1458068400&to=1773428400 "HTTP/1.1 200 OK"
2026-03-14 02:56:52,995 - INFO -   Saved 2473 data points for EPCL
2026-03-14 02:56:53,705 - INFO - [136/502] Syncing EPCLPS from 2016-03-16...
2026-03-14 02:56:54,012 - INFO - HTTP Request: GET https://beta-restapi.sarmaaya.pk/api/tradingview/history?symbol=EPCLPS&resolution=D&from=1458068400&to=1773428400 "HTTP/1.1 200 OK"
2026-03-14 02:56:55,262 - INFO -   Saved 806 data points for EPCLPS
2026-03-14 02:56:55,973 - INFO - [137/502] Syncing EPQL from 2016-03-16...
2026-03-14 02:56:56,331 - INFO - HTTP Request: GET https://beta-restapi.sarmaaya.pk/api/tradingview/history?symbol=EPQL&resolution=D&from=1458068400&to=1773428400 "HTTP/1.1 200 OK"
2026-03-14 02:56:58,285 - INFO -   Saved 2468 data points for EPQL
2026-03-14 02:56:58,993 - INFO - [138/502] Syncing ESBL from 2016-03-16...
2026-03-14 02:56:59,338 - INFO - HTTP Request: GET https://beta-restapi.sarmaaya.pk/api/tradingview/history?symbol=ESBL&resolution=D&from=1458068400&to=1773428400 "HTTP/1.1 200 OK"
2026-03-14 02:57:01,507 - INFO -   Saved 2297 data points for ESBL
2026-03-14 02:57:02,216 - INFO - [139/502] Syncing EWIC from 2016-03-16...
2026-03-14 02:57:02,501 - INFO - HTTP Request: GET https://beta-restapi.sarmaaya.pk/api/tradingview/history?symbol=EWIC&resolution=D&from=1458068400&to=1773428400 "HTTP/1.1 200 OK"
2026-03-14 02:57:03,869 - INFO -   Saved 226 data points for EWIC
2026-03-14 02:57:04,579 - INFO - [140/502] Syncing EXIDE from 2016-03-16...
2026-03-14 02:57:04,932 - INFO - HTTP Request: GET https://beta-restapi.sarmaaya.pk/api/tradingview/history?symbol=EXIDE&resolution=D&from=1458068400&to=1773428400 "HTTP/1.1 200 OK"
2026-03-14 02:57:06,946 - INFO -   Saved 2377 data points for EXIDE
2026-03-14 02:57:07,653 - INFO - [141/502] Syncing FABL from 2016-03-16...
2026-03-14 02:57:08,003 - INFO - HTTP Request: GET https://beta-restapi.sarmaaya.pk/api/tradingview/history?symbol=FABL&resolution=D&from=1458068400&to=1773428400 "HTTP/1.1 200 OK"
2026-03-14 02:57:09,975 - INFO -   Saved 2469 data points for FABL
2026-03-14 02:57:10,682 - INFO - [142/502] Syncing FANM from 2016-03-16...
2026-03-14 02:57:11,498 - INFO - HTTP Request: GET https://beta-restapi.sarmaaya.pk/api/tradingview/history?symbol=FANM&resolution=D&from=1458068400&to=1773428400 "HTTP/1.1 200 OK"
2026-03-14 02:57:13,177 - INFO -   Saved 1041 data points for FANM
2026-03-14 02:57:13,888 - INFO - [143/502] Syncing FASM from 2016-03-16...
2026-03-14 02:57:14,932 - INFO - HTTP Request: GET https://beta-restapi.sarmaaya.pk/api/tradingview/history?symbol=FASM&resolution=D&from=1458068400&to=1773428400 "HTTP/1.1 200 OK"
2026-03-14 02:57:16,561 - INFO -   Saved 1214 data points for FASM
2026-03-14 02:57:17,262 - INFO - [144/502] Syncing FATIMA from 2016-03-16...
2026-03-14 02:57:17,695 - INFO - HTTP Request: GET https://beta-restapi.sarmaaya.pk/api/tradingview/history?symbol=FATIMA&resolution=D&from=1458068400&to=1773428400 "HTTP/1.1 200 OK"
2026-03-14 02:57:19,741 - INFO -   Saved 2470 data points for FATIMA
2026-03-14 02:57:20,451 - INFO - [145/502] Syncing FCCL from 2016-03-16...
2026-03-14 02:57:20,811 - INFO - HTTP Request: GET https://beta-restapi.sarmaaya.pk/api/tradingview/history?symbol=FCCL&resolution=D&from=1458068400&to=1773428400 "HTTP/1.1 200 OK"
2026-03-14 02:57:22,861 - INFO -   Saved 2473 data points for FCCL
2026-03-14 02:57:23,568 - INFO - [146/502] Syncing FCEL from 2016-03-16...
2026-03-14 02:57:23,868 - INFO - HTTP Request: GET https://beta-restapi.sarmaaya.pk/api/tradingview/history?symbol=FCEL&resolution=D&from=1458068400&to=1773428400 "HTTP/1.1 200 OK"
2026-03-14 02:57:25,087 - INFO -   Saved 415 data points for FCEL
2026-03-14 02:57:25,795 - INFO - [147/502] Syncing FCEPL from 2016-03-16...
2026-03-14 02:57:26,164 - INFO - HTTP Request: GET https://beta-restapi.sarmaaya.pk/api/tradingview/history?symbol=FCEPL&resolution=D&from=1458068400&to=1773428400 "HTTP/1.1 200 OK"
2026-03-14 02:57:28,119 - INFO -   Saved 2473 data points for FCEPL
2026-03-14 02:57:28,828 - INFO - [148/502] Syncing FCIBL from 2016-03-16...
2026-03-14 02:57:29,142 - INFO - HTTP Request: GET https://beta-restapi.sarmaaya.pk/api/tradingview/history?symbol=FCIBL&resolution=D&from=1458068400&to=1773428400 "HTTP/1.1 200 OK"
2026-03-14 02:57:30,717 - INFO -   Saved 1217 data points for FCIBL
2026-03-14 02:57:31,427 - INFO - [149/502] Syncing FCL from 2016-03-16...
2026-03-14 02:57:31,685 - INFO - HTTP Request: GET https://beta-restapi.sarmaaya.pk/api/tradingview/history?symbol=FCL&resolution=D&from=1458068400&to=1773428400 "HTTP/1.1 500 Internal Server Error"
2026-03-14 02:57:31,687 - WARNING -   No history found for FCL
2026-03-14 02:57:32,395 - INFO - [150/502] Syncing FCSC from 2016-03-16...
2026-03-14 02:57:32,762 - INFO - HTTP Request: GET https://beta-restapi.sarmaaya.pk/api/tradingview/history?symbol=FCSC&resolution=D&from=1458068400&to=1773428400 "HTTP/1.1 200 OK"
2026-03-14 02:57:34,759 - INFO -   Saved 2455 data points for FCSC
2026-03-14 02:57:35,470 - INFO - [151/502] Syncing FDPL from 2016-03-16...
2026-03-14 02:57:35,730 - INFO - HTTP Request: GET https://beta-restapi.sarmaaya.pk/api/tradingview/history?symbol=FDPL&resolution=D&from=1458068400&to=1773428400 "HTTP/1.1 500 Internal Server Error"
2026-03-14 02:57:35,734 - WARNING -   No history found for FDPL
2026-03-14 02:57:36,434 - INFO - [152/502] Syncing FECM from 2016-03-16...
2026-03-14 02:57:36,783 - INFO - HTTP Request: GET https://beta-restapi.sarmaaya.pk/api/tradingview/history?symbol=FECM&resolution=D&from=1458068400&to=1773428400 "HTTP/1.1 200 OK"
2026-03-14 02:57:38,706 - INFO -   Saved 2137 data points for FECM
2026-03-14 02:57:39,416 - INFO - [153/502] Syncing FECTC from 2016-03-16...
2026-03-14 02:57:39,763 - INFO - HTTP Request: GET https://beta-restapi.sarmaaya.pk/api/tradingview/history?symbol=FECTC&resolution=D&from=1458068400&to=1773428400 "HTTP/1.1 200 OK"
2026-03-14 02:57:41,697 - INFO -   Saved 2250 data points for FECTC
2026-03-14 02:57:42,408 - INFO - [154/502] Syncing FEM from 2016-03-16...
2026-03-14 02:57:42,740 - INFO - HTTP Request: GET https://beta-restapi.sarmaaya.pk/api/tradingview/history?symbol=FEM&resolution=D&from=1458068400&to=1773428400 "HTTP/1.1 200 OK"
2026-03-14 02:57:44,330 - INFO -   Saved 1599 data points for FEM
2026-03-14 02:57:45,040 - INFO - [155/502] Syncing FEROZ from 2016-03-16...
2026-03-14 02:57:45,382 - INFO - HTTP Request: GET https://beta-restapi.sarmaaya.pk/api/tradingview/history?symbol=FEROZ&resolution=D&from=1458068400&to=1773428400 "HTTP/1.1 200 OK"
2026-03-14 02:57:47,365 - INFO -   Saved 2469 data points for FEROZ
2026-03-14 02:57:48,076 - INFO - [156/502] Syncing FFC from 2016-03-16...
2026-03-14 02:57:48,435 - INFO - HTTP Request: GET https://beta-restapi.sarmaaya.pk/api/tradingview/history?symbol=FFC&resolution=D&from=1458068400&to=1773428400 "HTTP/1.1 200 OK"
2026-03-14 02:57:50,434 - INFO -   Saved 2473 data points for FFC
2026-03-14 02:57:51,138 - INFO - [157/502] Syncing FFL from 2016-03-16...
2026-03-14 02:57:51,485 - INFO - HTTP Request: GET https://beta-restapi.sarmaaya.pk/api/tradingview/history?symbol=FFL&resolution=D&from=1458068400&to=1773428400 "HTTP/1.1 200 OK"
2026-03-14 02:57:53,475 - INFO -   Saved 2473 data points for FFL
2026-03-14 02:57:54,185 - INFO - [158/502] Syncing FFLM from 2016-03-16...
2026-03-14 02:57:54,507 - INFO - HTTP Request: GET https://beta-restapi.sarmaaya.pk/api/tradingview/history?symbol=FFLM&resolution=D&from=1458068400&to=1773428400 "HTTP/1.1 200 OK"
2026-03-14 02:57:56,065 - INFO -   Saved 1226 data points for FFLM
2026-03-14 02:57:56,775 - INFO - [159/502] Syncing FHAM from 2016-03-16...
2026-03-14 02:57:57,118 - INFO - HTTP Request: GET https://beta-restapi.sarmaaya.pk/api/tradingview/history?symbol=FHAM&resolution=D&from=1458068400&to=1773428400 "HTTP/1.1 200 OK"
2026-03-14 02:57:59,072 - INFO -   Saved 2215 data points for FHAM
2026-03-14 02:57:59,776 - INFO - [160/502] Syncing FIBLM from 2016-03-16...
2026-03-14 02:58:00,089 - INFO - HTTP Request: GET https://beta-restapi.sarmaaya.pk/api/tradingview/history?symbol=FIBLM&resolution=D&from=1458068400&to=1773428400 "HTTP/1.1 200 OK"
2026-03-14 02:58:01,638 - INFO -   Saved 1052 data points for FIBLM
2026-03-14 02:58:02,349 - INFO - [161/502] Syncing FIL from 2016-03-16...
2026-03-14 02:58:02,631 - INFO - HTTP Request: GET https://beta-restapi.sarmaaya.pk/api/tradingview/history?symbol=FIL&resolution=D&from=1458068400&to=1773428400 "HTTP/1.1 200 OK"
2026-03-14 02:58:03,847 - INFO -   Saved 285 data points for FIL
2026-03-14 02:58:04,557 - INFO - [162/502] Syncing FIMM from 2016-03-16...
2026-03-14 02:58:04,851 - INFO - HTTP Request: GET https://beta-restapi.sarmaaya.pk/api/tradingview/history?symbol=FIMM&resolution=D&from=1458068400&to=1773428400 "HTTP/1.1 200 OK"
2026-03-14 02:58:06,077 - INFO -   Saved 495 data points for FIMM
2026-03-14 02:58:06,788 - INFO - [163/502] Syncing FLYNG from 2016-03-16...
2026-03-14 02:58:07,139 - INFO - HTTP Request: GET https://beta-restapi.sarmaaya.pk/api/tradingview/history?symbol=FLYNG&resolution=D&from=1458068400&to=1773428400 "HTTP/1.1 200 OK"
2026-03-14 02:58:09,108 - INFO -   Saved 2414 data points for FLYNG
2026-03-14 02:58:09,810 - INFO - [164/502] Syncing FML from 2016-03-16...
2026-03-14 02:58:10,145 - INFO - HTTP Request: GET https://beta-restapi.sarmaaya.pk/api/tradingview/history?symbol=FML&resolution=D&from=1458068400&to=1773428400 "HTTP/1.1 200 OK"
2026-03-14 02:58:12,046 - INFO -   Saved 2075 data points for FML
2026-03-14 02:58:12,750 - INFO - [165/502] Syncing FNEL from 2016-03-16...
2026-03-14 02:58:13,104 - INFO - HTTP Request: GET https://beta-restapi.sarmaaya.pk/api/tradingview/history?symbol=FNEL&resolution=D&from=1458068400&to=1773428400 "HTTP/1.1 200 OK"
2026-03-14 02:58:15,175 - INFO -   Saved 2411 data points for FNEL
2026-03-14 02:58:15,879 - INFO - [166/502] Syncing FPJM from 2016-03-16...
2026-03-14 02:58:16,270 - INFO - HTTP Request: GET https://beta-restapi.sarmaaya.pk/api/tradingview/history?symbol=FPJM&resolution=D&from=1458068400&to=1773428400 "HTTP/1.1 200 OK"
2026-03-14 02:58:18,010 - INFO -   Saved 1798 data points for FPJM
2026-03-14 02:58:18,727 - INFO - [167/502] Syncing FPRM from 2016-03-16...
2026-03-14 02:58:19,076 - INFO - HTTP Request: GET https://beta-restapi.sarmaaya.pk/api/tradingview/history?symbol=FPRM&resolution=D&from=1458068400&to=1773428400 "HTTP/1.1 200 OK"
2026-03-14 02:58:20,643 - INFO -   Saved 1216 data points for FPRM
2026-03-14 02:58:21,354 - INFO - [168/502] Syncing FRCL from 2016-03-16...
2026-03-14 02:58:21,735 - INFO - HTTP Request: GET https://beta-restapi.sarmaaya.pk/api/tradingview/history?symbol=FRCL&resolution=D&from=1458068400&to=1773428400 "HTTP/1.1 200 OK"
2026-03-14 02:58:23,323 - INFO -   Saved 1494 data points for FRCL
2026-03-14 02:58:24,033 - INFO - [169/502] Syncing FRSM from 2016-03-16...
2026-03-14 02:58:24,413 - INFO - HTTP Request: GET https://beta-restapi.sarmaaya.pk/api/tradingview/history?symbol=FRSM&resolution=D&from=1458068400&to=1773428400 "HTTP/1.1 200 OK"
2026-03-14 02:58:26,021 - INFO -   Saved 1804 data points for FRSM
2026-03-14 02:58:26,728 - INFO - [170/502] Syncing FSWL from 2016-03-16...
2026-03-14 02:58:27,018 - INFO - HTTP Request: GET https://beta-restapi.sarmaaya.pk/api/tradingview/history?symbol=FSWL&resolution=D&from=1458068400&to=1773428400 "HTTP/1.1 200 OK"
2026-03-14 02:58:28,244 - INFO -   Saved 258 data points for FSWL
2026-03-14 02:58:28,955 - INFO - [171/502] Syncing FTMM from 2016-03-16...
2026-03-14 02:58:29,313 - INFO - HTTP Request: GET https://beta-restapi.sarmaaya.pk/api/tradingview/history?symbol=FTMM&resolution=D&from=1458068400&to=1773428400 "HTTP/1.1 200 OK"
2026-03-14 02:58:30,965 - INFO -   Saved 1321 data points for FTMM
2026-03-14 02:58:31,672 - INFO - [172/502] Syncing FTSM from 2016-03-16...
2026-03-14 02:58:31,998 - INFO - HTTP Request: GET https://beta-restapi.sarmaaya.pk/api/tradingview/history?symbol=FTSM&resolution=D&from=1458068400&to=1773428400 "HTTP/1.1 200 OK"
2026-03-14 02:58:33,243 - INFO -   Saved 752 data points for FTSM
2026-03-14 02:58:33,953 - INFO - [173/502] Syncing FZCM from 2016-03-16...
2026-03-14 02:58:34,329 - INFO - HTTP Request: GET https://beta-restapi.sarmaaya.pk/api/tradingview/history?symbol=FZCM&resolution=D&from=1458068400&to=1773428400 "HTTP/1.1 200 OK"
2026-03-14 02:58:35,909 - INFO -   Saved 1538 data points for FZCM
2026-03-14 02:58:36,619 - INFO - [174/502] Syncing GADT from 2016-03-16...
2026-03-14 02:58:37,006 - INFO - HTTP Request: GET https://beta-restapi.sarmaaya.pk/api/tradingview/history?symbol=GADT&resolution=D&from=1458068400&to=1773428400 "HTTP/1.1 200 OK"
2026-03-14 02:58:39,004 - INFO -   Saved 2091 data points for GADT
2026-03-14 02:58:39,715 - INFO - [175/502] Syncing GAL from 2016-03-16...
2026-03-14 02:58:40,043 - INFO - HTTP Request: GET https://beta-restapi.sarmaaya.pk/api/tradingview/history?symbol=GAL&resolution=D&from=1458068400&to=1773428400 "HTTP/1.1 200 OK"
2026-03-14 02:58:41,459 - INFO -   Saved 700 data points for GAL
2026-03-14 02:58:42,170 - INFO - [176/502] Syncing GAMON from 2016-03-16...
2026-03-14 02:58:42,552 - INFO - HTTP Request: GET https://beta-restapi.sarmaaya.pk/api/tradingview/history?symbol=GAMON&resolution=D&from=1458068400&to=1773428400 "HTTP/1.1 200 OK"
2026-03-14 02:58:44,218 - INFO -   Saved 1878 data points for GAMON
2026-03-14 02:58:44,929 - INFO - [177/502] Syncing GATI from 2016-03-16...
2026-03-14 02:58:45,310 - INFO - HTTP Request: GET https://beta-restapi.sarmaaya.pk/api/tradingview/history?symbol=GATI&resolution=D&from=1458068400&to=1773428400 "HTTP/1.1 200 OK"
2026-03-14 02:58:46,989 - INFO -   Saved 1461 data points for GATI
2026-03-14 02:58:47,693 - INFO - [178/502] Syncing GATM from 2016-03-16...
2026-03-14 02:58:48,092 - INFO - HTTP Request: GET https://beta-restapi.sarmaaya.pk/api/tradingview/history?symbol=GATM&resolution=D&from=1458068400&to=1773428400 "HTTP/1.1 200 OK"
2026-03-14 02:58:50,138 - INFO -   Saved 2473 data points for GATM
2026-03-14 02:58:50,839 - INFO - [179/502] Syncing GCIL from 2016-03-16...
2026-03-14 02:58:51,177 - INFO - HTTP Request: GET https://beta-restapi.sarmaaya.pk/api/tradingview/history?symbol=GCIL&resolution=D&from=1458068400&to=1773428400 "HTTP/1.1 200 OK"
2026-03-14 02:58:52,441 - INFO -   Saved 827 data points for GCIL
2026-03-14 02:58:53,148 - INFO - [180/502] Syncing GCWL from 2016-03-16...
2026-03-14 02:58:53,402 - INFO - HTTP Request: GET https://beta-restapi.sarmaaya.pk/api/tradingview/history?symbol=GCWL&resolution=D&from=1458068400&to=1773428400 "HTTP/1.1 500 Internal Server Error"
2026-03-14 02:58:53,403 - WARNING -   No history found for GCWL
2026-03-14 02:58:54,112 - INFO - [181/502] Syncing GDL from 2016-03-16...
2026-03-14 02:58:54,371 - INFO - HTTP Request: GET https://beta-restapi.sarmaaya.pk/api/tradingview/history?symbol=GDL&resolution=D&from=1458068400&to=1773428400 "HTTP/1.1 500 Internal Server Error"
2026-03-14 02:58:54,372 - WARNING -   No history found for GDL
2026-03-14 02:58:55,082 - INFO - [182/502] Syncing GEMBCEM from 2016-03-16...
2026-03-14 02:58:55,339 - INFO - HTTP Request: GET https://beta-restapi.sarmaaya.pk/api/tradingview/history?symbol=GEMBCEM&resolution=D&from=1458068400&to=1773428400 "HTTP/1.1 500 Internal Server Error"
2026-03-14 02:58:55,340 - WARNING -   No history found for GEMBCEM
2026-03-14 02:58:56,050 - INFO - [183/502] Syncing GEMNETS from 2016-03-16...
2026-03-14 02:58:56,304 - INFO - HTTP Request: GET https://beta-restapi.sarmaaya.pk/api/tradingview/history?symbol=GEMNETS&resolution=D&from=1458068400&to=1773428400 "HTTP/1.1 500 Internal Server Error"
2026-03-14 02:58:56,306 - WARNING -   No history found for GEMNETS
2026-03-14 02:58:57,010 - INFO - [184/502] Syncing GEMPACRA from 2016-03-16...
2026-03-14 02:58:57,266 - INFO - HTTP Request: GET https://beta-restapi.sarmaaya.pk/api/tradingview/history?symbol=GEMPACRA&resolution=D&from=1458068400&to=1773428400 "HTTP/1.1 500 Internal Server Error"
2026-03-14 02:58:57,266 - WARNING -   No history found for GEMPACRA
2026-03-14 02:58:57,975 - INFO - [185/502] Syncing GEMPAPL from 2016-03-16...
2026-03-14 02:58:58,267 - INFO - HTTP Request: GET https://beta-restapi.sarmaaya.pk/api/tradingview/history?symbol=GEMPAPL&resolution=D&from=1458068400&to=1773428400 "HTTP/1.1 200 OK"
2026-03-14 02:58:59,789 - INFO -   Saved 430 data points for GEMPAPL
2026-03-14 02:59:00,500 - INFO - [186/502] Syncing GEMSPNL from 2016-03-16...
2026-03-14 02:59:00,805 - INFO - HTTP Request: GET https://beta-restapi.sarmaaya.pk/api/tradingview/history?symbol=GEMSPNL&resolution=D&from=1458068400&to=1773428400 "HTTP/1.1 200 OK"
2026-03-14 02:59:02,348 - INFO -   Saved 569 data points for GEMSPNL
2026-03-14 02:59:03,061 - INFO - [187/502] Syncing GFIL from 2016-03-16...
2026-03-14 02:59:03,444 - INFO - HTTP Request: GET https://beta-restapi.sarmaaya.pk/api/tradingview/history?symbol=GFIL&resolution=D&from=1458068400&to=1773428400 "HTTP/1.1 200 OK"
2026-03-14 02:59:05,313 - INFO -   Saved 1908 data points for GFIL
2026-03-14 02:59:06,022 - INFO - [188/502] Syncing GGGL from 2016-03-16...
2026-03-14 02:59:06,416 - INFO - HTTP Request: GET https://beta-restapi.sarmaaya.pk/api/tradingview/history?symbol=GGGL&resolution=D&from=1458068400&to=1773428400 "HTTP/1.1 200 OK"
2026-03-14 02:59:08,431 - INFO -   Saved 2465 data points for GGGL
2026-03-14 02:59:09,143 - INFO - [189/502] Syncing GGL from 2016-03-16...
2026-03-14 02:59:10,764 - INFO - HTTP Request: GET https://beta-restapi.sarmaaya.pk/api/tradingview/history?symbol=GGL&resolution=D&from=1458068400&to=1773428400 "HTTP/1.1 200 OK"
2026-03-14 02:59:12,997 - INFO -   Saved 2473 data points for GGL
2026-03-14 02:59:13,707 - INFO - [190/502] Syncing GHGL from 2016-03-16...
2026-03-14 02:59:16,557 - INFO - HTTP Request: GET https://beta-restapi.sarmaaya.pk/api/tradingview/history?symbol=GHGL&resolution=D&from=1458068400&to=1773428400 "HTTP/1.1 200 OK"
2026-03-14 02:59:18,662 - INFO -   Saved 2467 data points for GHGL
2026-03-14 02:59:19,370 - INFO - [191/502] Syncing GHNI from 2016-03-16...
2026-03-14 02:59:19,776 - INFO - HTTP Request: GET https://beta-restapi.sarmaaya.pk/api/tradingview/history?symbol=GHNI&resolution=D&from=1458068400&to=1773428400 "HTTP/1.1 200 OK"
2026-03-14 02:59:21,998 - INFO -   Saved 2473 data points for GHNI
2026-03-14 02:59:22,701 - INFO - [192/502] Syncing GLAXO from 2016-03-16...
2026-03-14 02:59:23,143 - INFO - HTTP Request: GET https://beta-restapi.sarmaaya.pk/api/tradingview/history?symbol=GLAXO&resolution=D&from=1458068400&to=1773428400 "HTTP/1.1 200 OK"
2026-03-14 02:59:25,313 - INFO -   Saved 2471 data points for GLAXO
2026-03-14 02:59:26,021 - INFO - [193/502] Syncing GLPL from 2016-03-16...
2026-03-14 02:59:26,413 - INFO - HTTP Request: GET https://beta-restapi.sarmaaya.pk/api/tradingview/history?symbol=GLPL&resolution=D&from=1458068400&to=1773428400 "HTTP/1.1 200 OK"
2026-03-14 02:59:28,047 - INFO -   Saved 1359 data points for GLPL
2026-03-14 02:59:28,761 - INFO - [194/502] Syncing GOC from 2016-03-16...
2026-03-14 02:59:29,104 - INFO - HTTP Request: GET https://beta-restapi.sarmaaya.pk/api/tradingview/history?symbol=GOC&resolution=D&from=1458068400&to=1773428400 "HTTP/1.1 200 OK"
2026-03-14 02:59:30,811 - INFO -   Saved 1008 data points for GOC
2026-03-14 02:59:31,521 - INFO - [195/502] Syncing GRR from 2016-03-16...
2026-03-14 02:59:31,778 - INFO - HTTP Request: GET https://beta-restapi.sarmaaya.pk/api/tradingview/history?symbol=GRR&resolution=D&from=1458068400&to=1773428400 "HTTP/1.1 500 Internal Server Error"
2026-03-14 02:59:31,781 - WARNING -   No history found for GRR
2026-03-14 02:59:32,490 - INFO - [196/502] Syncing GRYL from 2016-03-16...
2026-03-14 02:59:32,873 - INFO - HTTP Request: GET https://beta-restapi.sarmaaya.pk/api/tradingview/history?symbol=GRYL&resolution=D&from=1458068400&to=1773428400 "HTTP/1.1 200 OK"
2026-03-14 02:59:34,602 - INFO -   Saved 1470 data points for GRYL
2026-03-14 02:59:35,312 - INFO - [197/502] Syncing GSPM from 2016-03-16...
2026-03-14 02:59:35,617 - INFO - HTTP Request: GET https://beta-restapi.sarmaaya.pk/api/tradingview/history?symbol=GSPM&resolution=D&from=1458068400&to=1773428400 "HTTP/1.1 200 OK"
2026-03-14 02:59:36,852 - INFO -   Saved 445 data points for GSPM
2026-03-14 02:59:37,563 - INFO - [198/502] Syncing GTYR from 2016-03-16...
2026-03-14 02:59:37,965 - INFO - HTTP Request: GET https://beta-restapi.sarmaaya.pk/api/tradingview/history?symbol=GTYR&resolution=D&from=1458068400&to=1773428400 "HTTP/1.1 200 OK"
2026-03-14 02:59:40,022 - INFO -   Saved 2471 data points for GTYR
2026-03-14 02:59:40,724 - INFO - [199/502] Syncing GUSM from 2016-03-16...
2026-03-14 02:59:41,027 - INFO - HTTP Request: GET https://beta-restapi.sarmaaya.pk/api/tradingview/history?symbol=GUSM&resolution=D&from=1458068400&to=1773428400 "HTTP/1.1 200 OK"
2026-03-14 02:59:42,407 - INFO -   Saved 425 data points for GUSM
2026-03-14 02:59:43,118 - INFO - [200/502] Syncing GVGL from 2016-03-16...
2026-03-14 02:59:43,521 - INFO - HTTP Request: GET https://beta-restapi.sarmaaya.pk/api/tradingview/history?symbol=GVGL&resolution=D&from=1458068400&to=1773428400 "HTTP/1.1 200 OK"
2026-03-14 02:59:45,488 - INFO -   Saved 2291 data points for GVGL
2026-03-14 02:59:46,193 - INFO - [201/502] Syncing GWLC from 2016-03-16...
2026-03-14 02:59:46,597 - INFO - HTTP Request: GET https://beta-restapi.sarmaaya.pk/api/tradingview/history?symbol=GWLC&resolution=D&from=1458068400&to=1773428400 "HTTP/1.1 200 OK"
2026-03-14 02:59:48,738 - INFO -   Saved 2425 data points for GWLC
2026-03-14 02:59:49,445 - INFO - [202/502] Syncing HABSM from 2016-03-16...
2026-03-14 02:59:49,839 - INFO - HTTP Request: GET https://beta-restapi.sarmaaya.pk/api/tradingview/history?symbol=HABSM&resolution=D&from=1458068400&to=1773428400 "HTTP/1.1 200 OK"
2026-03-14 02:59:51,898 - INFO -   Saved 2250 data points for HABSM
2026-03-14 02:59:52,604 - INFO - [203/502] Syncing HAEL from 2016-03-16...
2026-03-14 02:59:52,986 - INFO - HTTP Request: GET https://beta-restapi.sarmaaya.pk/api/tradingview/history?symbol=HAEL&resolution=D&from=1458068400&to=1773428400 "HTTP/1.1 200 OK"
2026-03-14 02:59:54,676 - INFO -   Saved 1664 data points for HAEL
2026-03-14 02:59:55,386 - INFO - [204/502] Syncing HAFL from 2016-03-16...
2026-03-14 02:59:55,680 - INFO - HTTP Request: GET https://beta-restapi.sarmaaya.pk/api/tradingview/history?symbol=HAFL&resolution=D&from=1458068400&to=1773428400 "HTTP/1.1 200 OK"
2026-03-14 02:59:56,898 - INFO -   Saved 331 data points for HAFL
2026-03-14 02:59:57,607 - INFO - [205/502] Syncing HALEON from 2016-03-16...
2026-03-14 02:59:57,944 - INFO - HTTP Request: GET https://beta-restapi.sarmaaya.pk/api/tradingview/history?symbol=HALEON&resolution=D&from=1458068400&to=1773428400 "HTTP/1.1 200 OK"
2026-03-14 02:59:59,281 - INFO -   Saved 763 data points for HALEON
2026-03-14 02:59:59,984 - INFO - [206/502] Syncing HASCOL from 2016-03-16...
2026-03-14 03:00:00,412 - INFO - HTTP Request: GET https://beta-restapi.sarmaaya.pk/api/tradingview/history?symbol=HASCOL&resolution=D&from=1458068400&to=1773428400 "HTTP/1.1 200 OK"
2026-03-14 03:00:02,768 - INFO -   Saved 2473 data points for HASCOL
2026-03-14 03:00:03,476 - INFO - [207/502] Syncing HBL from 2016-03-16...
2026-03-14 03:00:03,906 - INFO - HTTP Request: GET https://beta-restapi.sarmaaya.pk/api/tradingview/history?symbol=HBL&resolution=D&from=1458068400&to=1773428400 "HTTP/1.1 200 OK"
2026-03-14 03:00:06,005 - INFO -   Saved 2473 data points for HBL
2026-03-14 03:00:06,705 - INFO - [208/502] Syncing HBLTETF from 2016-03-16...
2026-03-14 03:00:07,039 - INFO - HTTP Request: GET https://beta-restapi.sarmaaya.pk/api/tradingview/history?symbol=HBLTETF&resolution=D&from=1458068400&to=1773428400 "HTTP/1.1 200 OK"
2026-03-14 03:00:08,305 - INFO -   Saved 770 data points for HBLTETF
2026-03-14 03:00:09,015 - INFO - [209/502] Syncing HCAR from 2016-03-16...
2026-03-14 03:00:09,415 - INFO - HTTP Request: GET https://beta-restapi.sarmaaya.pk/api/tradingview/history?symbol=HCAR&resolution=D&from=1458068400&to=1773428400 "HTTP/1.1 200 OK"
2026-03-14 03:00:11,572 - INFO -   Saved 2473 data points for HCAR
2026-03-14 03:00:12,282 - INFO - [210/502] Syncing HGFA from 2016-03-16...
2026-03-14 03:00:12,630 - INFO - HTTP Request: GET https://beta-restapi.sarmaaya.pk/api/tradingview/history?symbol=HGFA&resolution=D&from=1458068400&to=1773428400 "HTTP/1.1 200 OK"
2026-03-14 03:00:14,238 - INFO -   Saved 1006 data points for HGFA
2026-03-14 03:00:14,948 - INFO - [211/502] Syncing HICL from 2016-03-16...
2026-03-14 03:00:15,263 - INFO - HTTP Request: GET https://beta-restapi.sarmaaya.pk/api/tradingview/history?symbol=HICL&resolution=D&from=1458068400&to=1773428400 "HTTP/1.1 200 OK"
2026-03-14 03:00:17,123 - INFO -   Saved 1752 data points for HICL
2026-03-14 03:00:17,831 - INFO - [212/502] Syncing HIFA from 2016-03-16...
2026-03-14 03:00:18,183 - INFO - HTTP Request: GET https://beta-restapi.sarmaaya.pk/api/tradingview/history?symbol=HIFA&resolution=D&from=1458068400&to=1773428400 "HTTP/1.1 200 OK"
2026-03-14 03:00:19,946 - INFO -   Saved 1056 data points for HIFA
2026-03-14 03:00:20,657 - INFO - [213/502] Syncing HINO from 2016-03-16...
2026-03-14 03:00:21,057 - INFO - HTTP Request: GET https://beta-restapi.sarmaaya.pk/api/tradingview/history?symbol=HINO&resolution=D&from=1458068400&to=1773428400 "HTTP/1.1 200 OK"
2026-03-14 03:00:23,172 - INFO -   Saved 2193 data points for HINO
2026-03-14 03:00:23,882 - INFO - [214/502] Syncing HINOON from 2016-03-16...
2026-03-14 03:00:24,282 - INFO - HTTP Request: GET https://beta-restapi.sarmaaya.pk/api/tradingview/history?symbol=HINOON&resolution=D&from=1458068400&to=1773428400 "HTTP/1.1 200 OK"
2026-03-14 03:00:26,322 - INFO -   Saved 2459 data points for HINOON
2026-03-14 03:00:27,030 - INFO - [215/502] Syncing HIRAT from 2016-03-16...
2026-03-14 03:00:27,427 - INFO - HTTP Request: GET https://beta-restapi.sarmaaya.pk/api/tradingview/history?symbol=HIRAT&resolution=D&from=1458068400&to=1773428400 "HTTP/1.1 200 OK"
2026-03-14 03:00:29,486 - INFO -   Saved 2408 data points for HIRAT
2026-03-14 03:00:30,197 - INFO - [216/502] Syncing HMB from 2016-03-16...
2026-03-14 03:00:30,599 - INFO - HTTP Request: GET https://beta-restapi.sarmaaya.pk/api/tradingview/history?symbol=HMB&resolution=D&from=1458068400&to=1773428400 "HTTP/1.1 200 OK"
2026-03-14 03:00:32,769 - INFO -   Saved 2431 data points for HMB
2026-03-14 03:00:33,479 - INFO - [217/502] Syncing HPL from 2016-03-16...
2026-03-14 03:00:33,748 - INFO - HTTP Request: GET https://beta-restapi.sarmaaya.pk/api/tradingview/history?symbol=HPL&resolution=D&from=1458068400&to=1773428400 "HTTP/1.1 500 Internal Server Error"
2026-03-14 03:00:33,750 - WARNING -   No history found for HPL
2026-03-14 03:00:34,457 - INFO - [218/502] Syncing HRPL from 2016-03-16...
2026-03-14 03:00:34,713 - INFO - HTTP Request: GET https://beta-restapi.sarmaaya.pk/api/tradingview/history?symbol=HRPL&resolution=D&from=1458068400&to=1773428400 "HTTP/1.1 500 Internal Server Error"
2026-03-14 03:00:34,713 - WARNING -   No history found for HRPL
2026-03-14 03:00:35,418 - INFO - [219/502] Syncing HTL from 2016-03-16...
2026-03-14 03:00:35,827 - INFO - HTTP Request: GET https://beta-restapi.sarmaaya.pk/api/tradingview/history?symbol=HTL&resolution=D&from=1458068400&to=1773428400 "HTTP/1.1 200 OK"
2026-03-14 03:00:37,879 - INFO -   Saved 2472 data points for HTL
2026-03-14 03:00:38,589 - INFO - [220/502] Syncing HUBC from 2016-03-16...
2026-03-14 03:00:38,987 - INFO - HTTP Request: GET https://beta-restapi.sarmaaya.pk/api/tradingview/history?symbol=HUBC&resolution=D&from=1458068400&to=1773428400 "HTTP/1.1 200 OK"
2026-03-14 03:00:41,111 - INFO -   Saved 2473 data points for HUBC
2026-03-14 03:00:41,822 - INFO - [221/502] Syncing HUMNL from 2016-03-16...
2026-03-14 03:00:42,243 - INFO - HTTP Request: GET https://beta-restapi.sarmaaya.pk/api/tradingview/history?symbol=HUMNL&resolution=D&from=1458068400&to=1773428400 "HTTP/1.1 200 OK"
2026-03-14 03:00:44,337 - INFO -   Saved 2469 data points for HUMNL
2026-03-14 03:00:45,044 - INFO - [222/502] Syncing HUSI from 2016-03-16...
2026-03-14 03:00:45,359 - INFO - HTTP Request: GET https://beta-restapi.sarmaaya.pk/api/tradingview/history?symbol=HUSI&resolution=D&from=1458068400&to=1773428400 "HTTP/1.1 200 OK"
2026-03-14 03:00:46,613 - INFO -   Saved 624 data points for HUSI
2026-03-14 03:00:47,323 - INFO - [223/502] Syncing HWQS from 2016-03-16...
2026-03-14 03:00:47,713 - INFO - HTTP Request: GET https://beta-restapi.sarmaaya.pk/api/tradingview/history?symbol=HWQS&resolution=D&from=1458068400&to=1773428400 "HTTP/1.1 200 OK"
2026-03-14 03:00:49,324 - INFO -   Saved 1616 data points for HWQS
2026-03-14 03:00:50,035 - INFO - [224/502] Syncing IBFL from 2016-03-16...
2026-03-14 03:00:50,414 - INFO - HTTP Request: GET https://beta-restapi.sarmaaya.pk/api/tradingview/history?symbol=IBFL&resolution=D&from=1458068400&to=1773428400 "HTTP/1.1 200 OK"
2026-03-14 03:00:52,225 - INFO -   Saved 1430 data points for IBFL
2026-03-14 03:00:52,930 - INFO - [225/502] Syncing IBLHL from 2016-03-16...
2026-03-14 03:00:53,336 - INFO - HTTP Request: GET https://beta-restapi.sarmaaya.pk/api/tradingview/history?symbol=IBLHL&resolution=D&from=1458068400&to=1773428400 "HTTP/1.1 200 OK"
2026-03-14 03:00:55,357 - INFO -   Saved 2438 data points for IBLHL
2026-03-14 03:00:56,068 - INFO - [226/502] Syncing ICCI from 2016-03-16...
2026-03-14 03:00:56,370 - INFO - HTTP Request: GET https://beta-restapi.sarmaaya.pk/api/tradingview/history?symbol=ICCI&resolution=D&from=1458068400&to=1773428400 "HTTP/1.1 200 OK"
2026-03-14 03:00:57,598 - INFO -   Saved 445 data points for ICCI
2026-03-14 03:00:58,309 - INFO - [227/502] Syncing ICIBL from 2016-03-16...
2026-03-14 03:00:58,720 - INFO - HTTP Request: GET https://beta-restapi.sarmaaya.pk/api/tradingview/history?symbol=ICIBL&resolution=D&from=1458068400&to=1773428400 "HTTP/1.1 200 OK"
2026-03-14 03:01:00,737 - INFO -   Saved 2464 data points for ICIBL
2026-03-14 03:01:01,439 - INFO - [228/502] Syncing ICL from 2016-03-16...
2026-03-14 03:01:01,839 - INFO - HTTP Request: GET https://beta-restapi.sarmaaya.pk/api/tradingview/history?symbol=ICL&resolution=D&from=1458068400&to=1773428400 "HTTP/1.1 200 OK"
2026-03-14 03:01:03,899 - INFO -   Saved 2435 data points for ICL
2026-03-14 03:01:04,603 - INFO - [229/502] Syncing IDRT from 2016-03-16...
2026-03-14 03:01:04,932 - INFO - HTTP Request: GET https://beta-restapi.sarmaaya.pk/api/tradingview/history?symbol=IDRT&resolution=D&from=1458068400&to=1773428400 "HTTP/1.1 200 OK"
2026-03-14 03:01:06,182 - INFO -   Saved 846 data points for IDRT
2026-03-14 03:01:06,888 - INFO - [230/502] Syncing IDSM from 2016-03-16...
2026-03-14 03:01:07,215 - INFO - HTTP Request: GET https://beta-restapi.sarmaaya.pk/api/tradingview/history?symbol=IDSM&resolution=D&from=1458068400&to=1773428400 "HTTP/1.1 200 OK"
2026-03-14 03:01:08,608 - INFO -   Saved 745 data points for IDSM
2026-03-14 03:01:09,311 - INFO - [231/502] Syncing IDYM from 2016-03-16...
2026-03-14 03:01:10,157 - INFO - HTTP Request: GET https://beta-restapi.sarmaaya.pk/api/tradingview/history?symbol=IDYM&resolution=D&from=1458068400&to=1773428400 "HTTP/1.1 200 OK"
2026-03-14 03:01:11,924 - INFO -   Saved 1668 data points for IDYM
2026-03-14 03:01:12,626 - INFO - [232/502] Syncing IGIHL from 2016-03-16...
2026-03-14 03:01:13,957 - INFO - HTTP Request: GET https://beta-restapi.sarmaaya.pk/api/tradingview/history?symbol=IGIHL&resolution=D&from=1458068400&to=1773428400 "HTTP/1.1 200 OK"
2026-03-14 03:01:16,080 - INFO -   Saved 2347 data points for IGIHL
2026-03-14 03:01:16,781 - INFO - [233/502] Syncing IGIL from 2016-03-16...
2026-03-14 03:01:17,312 - INFO - HTTP Request: GET https://beta-restapi.sarmaaya.pk/api/tradingview/history?symbol=IGIL&resolution=D&from=1458068400&to=1773428400 "HTTP/1.1 200 OK"
2026-03-14 03:01:18,945 - INFO -   Saved 1743 data points for IGIL
2026-03-14 03:01:19,653 - INFO - [234/502] Syncing ILP from 2016-03-16...
2026-03-14 03:01:20,043 - INFO - HTTP Request: GET https://beta-restapi.sarmaaya.pk/api/tradingview/history?symbol=ILP&resolution=D&from=1458068400&to=1773428400 "HTTP/1.1 200 OK"
2026-03-14 03:01:21,823 - INFO -   Saved 1714 data points for ILP
2026-03-14 03:01:22,534 - INFO - [235/502] Syncing IMAGE from 2016-03-16...
2026-03-14 03:01:22,918 - INFO - HTTP Request: GET https://beta-restapi.sarmaaya.pk/api/tradingview/history?symbol=IMAGE&resolution=D&from=1458068400&to=1773428400 "HTTP/1.1 200 OK"
2026-03-14 03:01:24,571 - INFO -   Saved 1151 data points for IMAGE
2026-03-14 03:01:25,275 - INFO - [236/502] Syncing IML from 2016-03-16...
2026-03-14 03:01:25,673 - INFO - HTTP Request: GET https://beta-restapi.sarmaaya.pk/api/tradingview/history?symbol=IML&resolution=D&from=1458068400&to=1773428400 "HTTP/1.1 200 OK"
2026-03-14 03:01:27,329 - INFO -   Saved 1922 data points for IML
2026-03-14 03:01:28,030 - INFO - [237/502] Syncing IMS from 2016-03-16...
2026-03-14 03:01:28,295 - INFO - HTTP Request: GET https://beta-restapi.sarmaaya.pk/api/tradingview/history?symbol=IMS&resolution=D&from=1458068400&to=1773428400 "HTTP/1.1 500 Internal Server Error"
2026-03-14 03:01:28,297 - WARNING -   No history found for IMS
2026-03-14 03:01:29,007 - INFO - [238/502] Syncing INDU from 2016-03-16...
2026-03-14 03:01:29,384 - INFO - HTTP Request: GET https://beta-restapi.sarmaaya.pk/api/tradingview/history?symbol=INDU&resolution=D&from=1458068400&to=1773428400 "HTTP/1.1 200 OK"
2026-03-14 03:01:31,545 - INFO -   Saved 2472 data points for INDU
2026-03-14 03:01:32,248 - INFO - [239/502] Syncing INIL from 2016-03-16...
2026-03-14 03:01:32,670 - INFO - HTTP Request: GET https://beta-restapi.sarmaaya.pk/api/tradingview/history?symbol=INIL&resolution=D&from=1458068400&to=1773428400 "HTTP/1.1 200 OK"
2026-03-14 03:01:34,710 - INFO -   Saved 2470 data points for INIL
2026-03-14 03:01:35,419 - INFO - [240/502] Syncing INKL from 2016-03-16...
2026-03-14 03:01:35,784 - INFO - HTTP Request: GET https://beta-restapi.sarmaaya.pk/api/tradingview/history?symbol=INKL&resolution=D&from=1458068400&to=1773428400 "HTTP/1.1 200 OK"
2026-03-14 03:01:37,041 - INFO -   Saved 965 data points for INKL
2026-03-14 03:01:37,743 - INFO - [241/502] Syncing IPAK from 2016-03-16...
2026-03-14 03:01:38,023 - INFO - HTTP Request: GET https://beta-restapi.sarmaaya.pk/api/tradingview/history?symbol=IPAK&resolution=D&from=1458068400&to=1773428400 "HTTP/1.1 500 Internal Server Error"
2026-03-14 03:01:38,024 - WARNING -   No history found for IPAK
2026-03-14 03:01:38,735 - INFO - [242/502] Syncing IREIT from 2016-03-16...
2026-03-14 03:01:38,996 - INFO - HTTP Request: GET https://beta-restapi.sarmaaya.pk/api/tradingview/history?symbol=IREIT&resolution=D&from=1458068400&to=1773428400 "HTTP/1.1 500 Internal Server Error"
2026-03-14 03:01:38,998 - WARNING -   No history found for IREIT
2026-03-14 03:01:39,703 - INFO - [243/502] Syncing ISIL from 2016-03-16...
2026-03-14 03:01:40,045 - INFO - HTTP Request: GET https://beta-restapi.sarmaaya.pk/api/tradingview/history?symbol=ISIL&resolution=D&from=1458068400&to=1773428400 "HTTP/1.1 200 OK"
2026-03-14 03:01:41,297 - INFO -   Saved 968 data points for ISIL
2026-03-14 03:01:42,000 - INFO - [244/502] Syncing ISL from 2016-03-16...
2026-03-14 03:01:42,404 - INFO - HTTP Request: GET https://beta-restapi.sarmaaya.pk/api/tradingview/history?symbol=ISL&resolution=D&from=1458068400&to=1773428400 "HTTP/1.1 200 OK"
2026-03-14 03:01:44,535 - INFO -   Saved 2473 data points for ISL
2026-03-14 03:01:45,239 - INFO - [245/502] Syncing ITANZ from 2016-03-16...
2026-03-14 03:01:45,510 - INFO - HTTP Request: GET https://beta-restapi.sarmaaya.pk/api/tradingview/history?symbol=ITANZ&resolution=D&from=1458068400&to=1773428400 "HTTP/1.1 500 Internal Server Error"
2026-03-14 03:01:45,514 - WARNING -   No history found for ITANZ
2026-03-14 03:01:46,225 - INFO - [246/502] Syncing ITTEFAQ from 2016-03-16...
2026-03-14 03:01:46,627 - INFO - HTTP Request: GET https://beta-restapi.sarmaaya.pk/api/tradingview/history?symbol=ITTEFAQ&resolution=D&from=1458068400&to=1773428400 "HTTP/1.1 200 OK"
2026-03-14 03:01:48,649 - INFO -   Saved 2148 data points for ITTEFAQ
2026-03-14 03:01:49,353 - INFO - [247/502] Syncing JATM from 2016-03-16...
2026-03-14 03:01:49,751 - INFO - HTTP Request: GET https://beta-restapi.sarmaaya.pk/api/tradingview/history?symbol=JATM&resolution=D&from=1458068400&to=1773428400 "HTTP/1.1 200 OK"
2026-03-14 03:01:51,535 - INFO -   Saved 1706 data points for JATM
2026-03-14 03:01:52,237 - INFO - [248/502] Syncing JDMT from 2016-03-16...
2026-03-14 03:01:52,622 - INFO - HTTP Request: GET https://beta-restapi.sarmaaya.pk/api/tradingview/history?symbol=JDMT&resolution=D&from=1458068400&to=1773428400 "HTTP/1.1 200 OK"
2026-03-14 03:01:54,206 - INFO -   Saved 1482 data points for JDMT
2026-03-14 03:01:54,916 - INFO - [249/502] Syncing JDWS from 2016-03-16...
2026-03-14 03:01:55,318 - INFO - HTTP Request: GET https://beta-restapi.sarmaaya.pk/api/tradingview/history?symbol=JDWS&resolution=D&from=1458068400&to=1773428400 "HTTP/1.1 200 OK"
2026-03-14 03:01:56,936 - INFO -   Saved 1538 data points for JDWS
2026-03-14 03:01:57,645 - INFO - [250/502] Syncing JGICL from 2016-03-16...
2026-03-14 03:01:58,041 - INFO - HTTP Request: GET https://beta-restapi.sarmaaya.pk/api/tradingview/history?symbol=JGICL&resolution=D&from=1458068400&to=1773428400 "HTTP/1.1 200 OK"
2026-03-14 03:01:59,808 - INFO -   Saved 1681 data points for JGICL
2026-03-14 03:02:00,514 - INFO - [251/502] Syncing JKSM from 2016-03-16...
2026-03-14 03:02:00,877 - INFO - HTTP Request: GET https://beta-restapi.sarmaaya.pk/api/tradingview/history?symbol=JKSM&resolution=D&from=1458068400&to=1773428400 "HTTP/1.1 200 OK"
2026-03-14 03:02:02,471 - INFO -   Saved 1063 data points for JKSM
2026-03-14 03:02:03,182 - INFO - [252/502] Syncing JLICL from 2016-03-16...
2026-03-14 03:02:03,578 - INFO - HTTP Request: GET https://beta-restapi.sarmaaya.pk/api/tradingview/history?symbol=JLICL&resolution=D&from=1458068400&to=1773428400 "HTTP/1.1 200 OK"
2026-03-14 03:02:05,536 - INFO -   Saved 2043 data points for JLICL
2026-03-14 03:02:06,247 - INFO - [253/502] Syncing JSBL from 2016-03-16...
2026-03-14 03:02:06,653 - INFO - HTTP Request: GET https://beta-restapi.sarmaaya.pk/api/tradingview/history?symbol=JSBL&resolution=D&from=1458068400&to=1773428400 "HTTP/1.1 200 OK"
2026-03-14 03:02:08,922 - INFO -   Saved 2391 data points for JSBL
2026-03-14 03:02:09,628 - INFO - [254/502] Syncing JSCL from 2016-03-16...
2026-03-14 03:02:10,006 - INFO - HTTP Request: GET https://beta-restapi.sarmaaya.pk/api/tradingview/history?symbol=JSCL&resolution=D&from=1458068400&to=1773428400 "HTTP/1.1 200 OK"
2026-03-14 03:02:12,303 - INFO -   Saved 2472 data points for JSCL
2026-03-14 03:02:13,008 - INFO - [255/502] Syncing JSGBETF from 2016-03-16...
2026-03-14 03:02:13,262 - INFO - HTTP Request: GET https://beta-restapi.sarmaaya.pk/api/tradingview/history?symbol=JSGBETF&resolution=D&from=1458068400&to=1773428400 "HTTP/1.1 500 Internal Server Error"
2026-03-14 03:02:13,266 - WARNING -   No history found for JSGBETF
2026-03-14 03:02:13,975 - INFO - [256/502] Syncing JSGCL from 2016-03-16...
2026-03-14 03:02:14,363 - INFO - HTTP Request: GET https://beta-restapi.sarmaaya.pk/api/tradingview/history?symbol=JSGCL&resolution=D&from=1458068400&to=1773428400 "HTTP/1.1 200 OK"
2026-03-14 03:02:16,038 - INFO -   Saved 1426 data points for JSGCL
2026-03-14 03:02:16,748 - INFO - [257/502] Syncing JSIL from 2016-03-16...
2026-03-14 03:02:17,160 - INFO - HTTP Request: GET https://beta-restapi.sarmaaya.pk/api/tradingview/history?symbol=JSIL&resolution=D&from=1458068400&to=1773428400 "HTTP/1.1 200 OK"
2026-03-14 03:02:18,851 - INFO -   Saved 1614 data points for JSIL
2026-03-14 03:02:19,556 - INFO - [258/502] Syncing JSMFETF from 2016-03-16...
2026-03-14 03:02:19,896 - INFO - HTTP Request: GET https://beta-restapi.sarmaaya.pk/api/tradingview/history?symbol=JSMFETF&resolution=D&from=1458068400&to=1773428400 "HTTP/1.1 200 OK"
2026-03-14 03:02:21,415 - INFO -   Saved 841 data points for JSMFETF
2026-03-14 03:02:22,124 - INFO - [259/502] Syncing JSML from 2016-03-16...
2026-03-14 03:02:22,539 - INFO - HTTP Request: GET https://beta-restapi.sarmaaya.pk/api/tradingview/history?symbol=JSML&resolution=D&from=1458068400&to=1773428400 "HTTP/1.1 200 OK"
2026-03-14 03:02:24,297 - INFO -   Saved 1967 data points for JSML
2026-03-14 03:02:25,003 - INFO - [260/502] Syncing JUBS from 2016-03-16...
2026-03-14 03:02:25,391 - INFO - HTTP Request: GET https://beta-restapi.sarmaaya.pk/api/tradingview/history?symbol=JUBS&resolution=D&from=1458068400&to=1773428400 "HTTP/1.1 200 OK"
2026-03-14 03:02:26,990 - INFO -   Saved 1750 data points for JUBS
2026-03-14 03:02:27,700 - INFO - [261/502] Syncing JVDC from 2016-03-16...
2026-03-14 03:02:28,100 - INFO - HTTP Request: GET https://beta-restapi.sarmaaya.pk/api/tradingview/history?symbol=JVDC&resolution=D&from=1458068400&to=1773428400 "HTTP/1.1 200 OK"
2026-03-14 03:02:30,327 - INFO -   Saved 2100 data points for JVDC
2026-03-14 03:02:31,031 - INFO - [262/502] Syncing JVDCPS from 2016-03-16...
2026-03-14 03:02:31,319 - INFO - HTTP Request: GET https://beta-restapi.sarmaaya.pk/api/tradingview/history?symbol=JVDCPS&resolution=D&from=1458068400&to=1773428400 "HTTP/1.1 200 OK"
2026-03-14 03:02:32,573 - INFO -   Saved 58 data points for JVDCPS
2026-03-14 03:02:33,287 - INFO - [263/502] Syncing KAPCO from 2016-03-16...
2026-03-14 03:02:33,694 - INFO - HTTP Request: GET https://beta-restapi.sarmaaya.pk/api/tradingview/history?symbol=KAPCO&resolution=D&from=1458068400&to=1773428400 "HTTP/1.1 200 OK"
2026-03-14 03:02:35,769 - INFO -   Saved 2473 data points for KAPCO
2026-03-14 03:02:36,480 - INFO - [264/502] Syncing KCL from 2016-03-16...
2026-03-14 03:02:36,791 - INFO - HTTP Request: GET https://beta-restapi.sarmaaya.pk/api/tradingview/history?symbol=KCL&resolution=D&from=1458068400&to=1773428400 "HTTP/1.1 200 OK"
2026-03-14 03:02:38,006 - INFO -   Saved 475 data points for KCL
2026-03-14 03:02:38,716 - INFO - [265/502] Syncing KEL from 2016-03-16...
2026-03-14 03:02:39,125 - INFO - HTTP Request: GET https://beta-restapi.sarmaaya.pk/api/tradingview/history?symbol=KEL&resolution=D&from=1458068400&to=1773428400 "HTTP/1.1 200 OK"
2026-03-14 03:02:41,142 - INFO -   Saved 2473 data points for KEL
2026-03-14 03:02:41,847 - INFO - [266/502] Syncing KHTC from 2016-03-16...
2026-03-14 03:02:42,262 - INFO - HTTP Request: GET https://beta-restapi.sarmaaya.pk/api/tradingview/history?symbol=KHTC&resolution=D&from=1458068400&to=1773428400 "HTTP/1.1 200 OK"
2026-03-14 03:02:44,346 - INFO -   Saved 2204 data points for KHTC
2026-03-14 03:02:45,050 - INFO - [267/502] Syncing KHYT from 2016-03-16...
2026-03-14 03:02:45,372 - INFO - HTTP Request: GET https://beta-restapi.sarmaaya.pk/api/tradingview/history?symbol=KHYT&resolution=D&from=1458068400&to=1773428400 "HTTP/1.1 200 OK"
2026-03-14 03:02:46,707 - INFO -   Saved 483 data points for KHYT
2026-03-14 03:02:47,417 - INFO - [268/502] Syncing KML from 2016-03-16...
2026-03-14 03:02:47,808 - INFO - HTTP Request: GET https://beta-restapi.sarmaaya.pk/api/tradingview/history?symbol=KML&resolution=D&from=1458068400&to=1773428400 "HTTP/1.1 200 OK"
2026-03-14 03:02:49,697 - INFO -   Saved 1688 data points for KML
2026-03-14 03:02:50,402 - INFO - [269/502] Syncing KOHC from 2016-03-16...
2026-03-14 03:02:50,818 - INFO - HTTP Request: GET https://beta-restapi.sarmaaya.pk/api/tradingview/history?symbol=KOHC&resolution=D&from=1458068400&to=1773428400 "HTTP/1.1 200 OK"
2026-03-14 03:02:53,053 - INFO -   Saved 2473 data points for KOHC
2026-03-14 03:02:53,763 - INFO - [270/502] Syncing KOHE from 2016-03-16...
2026-03-14 03:02:54,181 - INFO - HTTP Request: GET https://beta-restapi.sarmaaya.pk/api/tradingview/history?symbol=KOHE&resolution=D&from=1458068400&to=1773428400 "HTTP/1.1 200 OK"
2026-03-14 03:02:56,205 - INFO -   Saved 2239 data points for KOHE
2026-03-14 03:02:56,915 - INFO - [271/502] Syncing KOHP from 2016-03-16...
2026-03-14 03:02:57,325 - INFO - HTTP Request: GET https://beta-restapi.sarmaaya.pk/api/tradingview/history?symbol=KOHP&resolution=D&from=1458068400&to=1773428400 "HTTP/1.1 200 OK"
2026-03-14 03:02:59,310 - INFO -   Saved 2153 data points for KOHP
2026-03-14 03:03:00,020 - INFO - [272/502] Syncing KOHTM from 2016-03-16...
2026-03-14 03:03:00,384 - INFO - HTTP Request: GET https://beta-restapi.sarmaaya.pk/api/tradingview/history?symbol=KOHTM&resolution=D&from=1458068400&to=1773428400 "HTTP/1.1 200 OK"
2026-03-14 03:03:02,273 - INFO -   Saved 1103 data points for KOHTM
2026-03-14 03:03:02,982 - INFO - [273/502] Syncing KOIL from 2016-03-16...
2026-03-14 03:03:03,402 - INFO - HTTP Request: GET https://beta-restapi.sarmaaya.pk/api/tradingview/history?symbol=KOIL&resolution=D&from=1458068400&to=1773428400 "HTTP/1.1 200 OK"
2026-03-14 03:03:05,403 - INFO -   Saved 2357 data points for KOIL
2026-03-14 03:03:06,114 - INFO - [274/502] Syncing KOSM from 2016-03-16...
2026-03-14 03:03:06,522 - INFO - HTTP Request: GET https://beta-restapi.sarmaaya.pk/api/tradingview/history?symbol=KOSM&resolution=D&from=1458068400&to=1773428400 "HTTP/1.1 200 OK"
2026-03-14 03:03:08,579 - INFO -   Saved 2459 data points for KOSM
2026-03-14 03:03:09,285 - INFO - [275/502] Syncing KPUS from 2016-03-16...
2026-03-14 03:03:09,626 - INFO - HTTP Request: GET https://beta-restapi.sarmaaya.pk/api/tradingview/history?symbol=KPUS&resolution=D&from=1458068400&to=1773428400 "HTTP/1.1 200 OK"
2026-03-14 03:03:10,872 - INFO -   Saved 808 data points for KPUS
2026-03-14 03:03:11,582 - INFO - [276/502] Syncing KSBP from 2016-03-16...
2026-03-14 03:03:13,371 - INFO - HTTP Request: GET https://beta-restapi.sarmaaya.pk/api/tradingview/history?symbol=KSBP&resolution=D&from=1458068400&to=1773428400 "HTTP/1.1 200 OK"
2026-03-14 03:03:15,333 - INFO -   Saved 2067 data points for KSBP
2026-03-14 03:03:16,045 - INFO - [277/502] Syncing KSTM from 2016-03-16...
2026-03-14 03:03:16,738 - INFO - HTTP Request: GET https://beta-restapi.sarmaaya.pk/api/tradingview/history?symbol=KSTM&resolution=D&from=1458068400&to=1773428400 "HTTP/1.1 200 OK"
2026-03-14 03:03:18,051 - INFO -   Saved 900 data points for KSTM
2026-03-14 03:03:18,762 - INFO - [278/502] Syncing KTML from 2016-03-16...
2026-03-14 03:03:19,178 - INFO - HTTP Request: GET https://beta-restapi.sarmaaya.pk/api/tradingview/history?symbol=KTML&resolution=D&from=1458068400&to=1773428400 "HTTP/1.1 200 OK"
2026-03-14 03:03:21,273 - INFO -   Saved 2343 data points for KTML
2026-03-14 03:03:21,977 - INFO - [279/502] Syncing LCI from 2016-03-16...
2026-03-14 03:03:22,335 - INFO - HTTP Request: GET https://beta-restapi.sarmaaya.pk/api/tradingview/history?symbol=LCI&resolution=D&from=1458068400&to=1773428400 "HTTP/1.1 200 OK"
2026-03-14 03:03:23,775 - INFO -   Saved 781 data points for LCI
2026-03-14 03:03:24,484 - INFO - [280/502] Syncing LEUL from 2016-03-16...
2026-03-14 03:03:24,885 - INFO - HTTP Request: GET https://beta-restapi.sarmaaya.pk/api/tradingview/history?symbol=LEUL&resolution=D&from=1458068400&to=1773428400 "HTTP/1.1 200 OK"
2026-03-14 03:03:26,515 - INFO -   Saved 1993 data points for LEUL
2026-03-14 03:03:27,221 - INFO - [281/502] Syncing LIVEN from 2016-03-16...
2026-03-14 03:03:27,495 - INFO - HTTP Request: GET https://beta-restapi.sarmaaya.pk/api/tradingview/history?symbol=LIVEN&resolution=D&from=1458068400&to=1773428400 "HTTP/1.1 500 Internal Server Error"
2026-03-14 03:03:27,499 - WARNING -   No history found for LIVEN
2026-03-14 03:03:28,205 - INFO - [282/502] Syncing LOADS from 2016-03-16...
2026-03-14 03:03:28,613 - INFO - HTTP Request: GET https://beta-restapi.sarmaaya.pk/api/tradingview/history?symbol=LOADS&resolution=D&from=1458068400&to=1773428400 "HTTP/1.1 200 OK"
2026-03-14 03:03:30,945 - INFO -   Saved 2319 data points for LOADS
2026-03-14 03:03:31,656 - INFO - [283/502] Syncing LOADSR1 from 2016-03-16...
2026-03-14 03:03:31,928 - INFO - HTTP Request: GET https://beta-restapi.sarmaaya.pk/api/tradingview/history?symbol=LOADSR1&resolution=D&from=1458068400&to=1773428400 "HTTP/1.1 500 Internal Server Error"
2026-03-14 03:03:31,929 - WARNING -   No history found for LOADSR1
2026-03-14 03:03:32,632 - INFO - [284/502] Syncing LOTCHEM from 2016-03-16...
2026-03-14 03:03:33,050 - INFO - HTTP Request: GET https://beta-restapi.sarmaaya.pk/api/tradingview/history?symbol=LOTCHEM&resolution=D&from=1458068400&to=1773428400 "HTTP/1.1 200 OK"
2026-03-14 03:03:35,131 - INFO -   Saved 2473 data points for LOTCHEM
2026-03-14 03:03:35,842 - INFO - [285/502] Syncing LPGL from 2016-03-16...
2026-03-14 03:03:36,231 - INFO - HTTP Request: GET https://beta-restapi.sarmaaya.pk/api/tradingview/history?symbol=LPGL&resolution=D&from=1458068400&to=1773428400 "HTTP/1.1 200 OK"
2026-03-14 03:03:37,802 - INFO -   Saved 1252 data points for LPGL
2026-03-14 03:03:38,511 - INFO - [286/502] Syncing LPL from 2016-03-16...
2026-03-14 03:03:39,057 - INFO - HTTP Request: GET https://beta-restapi.sarmaaya.pk/api/tradingview/history?symbol=LPL&resolution=D&from=1458068400&to=1773428400 "HTTP/1.1 200 OK"
2026-03-14 03:03:41,002 - INFO -   Saved 2440 data points for LPL
2026-03-14 03:03:41,710 - INFO - [287/502] Syncing LSECL from 2016-03-16...
2026-03-14 03:03:41,986 - INFO - HTTP Request: GET https://beta-restapi.sarmaaya.pk/api/tradingview/history?symbol=LSECL&resolution=D&from=1458068400&to=1773428400 "HTTP/1.1 500 Internal Server Error"
2026-03-14 03:03:41,990 - WARNING -   No history found for LSECL
2026-03-14 03:03:42,693 - INFO - [288/502] Syncing LSECLR from 2016-03-16...
2026-03-14 03:03:42,961 - INFO - HTTP Request: GET https://beta-restapi.sarmaaya.pk/api/tradingview/history?symbol=LSECLR&resolution=D&from=1458068400&to=1773428400 "HTTP/1.1 500 Internal Server Error"
2026-03-14 03:03:42,963 - WARNING -   No history found for LSECLR
2026-03-14 03:03:43,673 - INFO - [289/502] Syncing LSEFSL from 2016-03-16...
2026-03-14 03:03:43,929 - INFO - HTTP Request: GET https://beta-restapi.sarmaaya.pk/api/tradingview/history?symbol=LSEFSL&resolution=D&from=1458068400&to=1773428400 "HTTP/1.1 500 Internal Server Error"
2026-03-14 03:03:43,931 - WARNING -   No history found for LSEFSL
2026-03-14 03:03:44,641 - INFO - [290/502] Syncing LSEVL from 2016-03-16...
2026-03-14 03:03:44,910 - INFO - HTTP Request: GET https://beta-restapi.sarmaaya.pk/api/tradingview/history?symbol=LSEVL&resolution=D&from=1458068400&to=1773428400 "HTTP/1.1 500 Internal Server Error"
2026-03-14 03:03:44,911 - WARNING -   No history found for LSEVL
2026-03-14 03:03:45,611 - INFO - [291/502] Syncing LUCK from 2016-03-16...
2026-03-14 03:03:46,103 - INFO - HTTP Request: GET https://beta-restapi.sarmaaya.pk/api/tradingview/history?symbol=LUCK&resolution=D&from=1458068400&to=1773428400 "HTTP/1.1 200 OK"
2026-03-14 03:03:48,219 - INFO -   Saved 2468 data points for LUCK
2026-03-14 03:03:48,922 - INFO - [292/502] Syncing MACFL from 2016-03-16...
2026-03-14 03:03:49,366 - INFO - HTTP Request: GET https://beta-restapi.sarmaaya.pk/api/tradingview/history?symbol=MACFL&resolution=D&from=1458068400&to=1773428400 "HTTP/1.1 200 OK"
2026-03-14 03:03:51,420 - INFO -   Saved 2266 data points for MACFL
2026-03-14 03:03:52,130 - INFO - [293/502] Syncing MACTER from 2016-03-16...
2026-03-14 03:03:52,545 - INFO - HTTP Request: GET https://beta-restapi.sarmaaya.pk/api/tradingview/history?symbol=MACTER&resolution=D&from=1458068400&to=1773428400 "HTTP/1.1 200 OK"
2026-03-14 03:03:54,148 - INFO -   Saved 1240 data points for MACTER
2026-03-14 03:03:54,851 - INFO - [294/502] Syncing MARI from 2016-03-16...
2026-03-14 03:03:55,324 - INFO - HTTP Request: GET https://beta-restapi.sarmaaya.pk/api/tradingview/history?symbol=MARI&resolution=D&from=1458068400&to=1773428400 "HTTP/1.1 200 OK"
2026-03-14 03:03:57,576 - INFO -   Saved 2473 data points for MARI
2026-03-14 03:03:58,282 - INFO - [295/502] Syncing MCB from 2016-03-16...
2026-03-14 03:03:58,714 - INFO - HTTP Request: GET https://beta-restapi.sarmaaya.pk/api/tradingview/history?symbol=MCB&resolution=D&from=1458068400&to=1773428400 "HTTP/1.1 200 OK"
2026-03-14 03:04:00,855 - INFO -   Saved 2473 data points for MCB
2026-03-14 03:04:01,565 - INFO - [296/502] Syncing MCBIM from 2016-03-16...
2026-03-14 03:04:01,826 - INFO - HTTP Request: GET https://beta-restapi.sarmaaya.pk/api/tradingview/history?symbol=MCBIM&resolution=D&from=1458068400&to=1773428400 "HTTP/1.1 500 Internal Server Error"
2026-03-14 03:04:01,827 - WARNING -   No history found for MCBIM
2026-03-14 03:04:02,529 - INFO - [297/502] Syncing MDTL from 2016-03-16...
2026-03-14 03:04:02,954 - INFO - HTTP Request: GET https://beta-restapi.sarmaaya.pk/api/tradingview/history?symbol=MDTL&resolution=D&from=1458068400&to=1773428400 "HTTP/1.1 200 OK"
2026-03-14 03:04:04,993 - INFO -   Saved 2470 data points for MDTL
2026-03-14 03:04:05,704 - INFO - [298/502] Syncing MEBL from 2016-03-16...
2026-03-14 03:04:06,138 - INFO - HTTP Request: GET https://beta-restapi.sarmaaya.pk/api/tradingview/history?symbol=MEBL&resolution=D&from=1458068400&to=1773428400 "HTTP/1.1 200 OK"
2026-03-14 03:04:08,347 - INFO -   Saved 2454 data points for MEBL
2026-03-14 03:04:09,063 - INFO - [299/502] Syncing MEHT from 2016-03-16...
2026-03-14 03:04:09,417 - INFO - HTTP Request: GET https://beta-restapi.sarmaaya.pk/api/tradingview/history?symbol=MEHT&resolution=D&from=1458068400&to=1773428400 "HTTP/1.1 200 OK"
2026-03-14 03:04:10,664 - INFO -   Saved 828 data points for MEHT
2026-03-14 03:04:11,374 - INFO - [300/502] Syncing MERIT from 2016-03-16...
2026-03-14 03:04:11,810 - INFO - HTTP Request: GET https://beta-restapi.sarmaaya.pk/api/tradingview/history?symbol=MERIT&resolution=D&from=1458068400&to=1773428400 "HTTP/1.1 200 OK"
2026-03-14 03:04:13,954 - INFO -   Saved 2426 data points for MERIT
2026-03-14 03:04:14,664 - INFO - [301/502] Syncing MFFL from 2016-03-16...
2026-03-14 03:04:15,088 - INFO - HTTP Request: GET https://beta-restapi.sarmaaya.pk/api/tradingview/history?symbol=MFFL&resolution=D&from=1458068400&to=1773428400 "HTTP/1.1 200 OK"
2026-03-14 03:04:17,070 - INFO -   Saved 2074 data points for MFFL
2026-03-14 03:04:17,780 - INFO - [302/502] Syncing MFL from 2016-03-16...
2026-03-14 03:04:18,198 - INFO - HTTP Request: GET https://beta-restapi.sarmaaya.pk/api/tradingview/history?symbol=MFL&resolution=D&from=1458068400&to=1773428400 "HTTP/1.1 200 OK"
2026-03-14 03:04:19,860 - INFO -   Saved 1972 data points for MFL
2026-03-14 03:04:20,570 - INFO - [303/502] Syncing MIIETF from 2016-03-16...
2026-03-14 03:04:20,833 - INFO - HTTP Request: GET https://beta-restapi.sarmaaya.pk/api/tradingview/history?symbol=MIIETF&resolution=D&from=1458068400&to=1773428400 "HTTP/1.1 500 Internal Server Error"
2026-03-14 03:04:20,835 - WARNING -   No history found for MIIETF
2026-03-14 03:04:21,546 - INFO - [304/502] Syncing MIRKS from 2016-03-16...
2026-03-14 03:04:21,943 - INFO - HTTP Request: GET https://beta-restapi.sarmaaya.pk/api/tradingview/history?symbol=MIRKS&resolution=D&from=1458068400&to=1773428400 "HTTP/1.1 200 OK"
2026-03-14 03:04:23,625 - INFO -   Saved 1660 data points for MIRKS
2026-03-14 03:04:24,335 - INFO - [305/502] Syncing MLCF from 2016-03-16...
2026-03-14 03:04:24,760 - INFO - HTTP Request: GET https://beta-restapi.sarmaaya.pk/api/tradingview/history?symbol=MLCF&resolution=D&from=1458068400&to=1773428400 "HTTP/1.1 200 OK"
2026-03-14 03:04:26,855 - INFO -   Saved 2473 data points for MLCF
2026-03-14 03:04:27,557 - INFO - [306/502] Syncing MQTM from 2016-03-16...
2026-03-14 03:04:27,908 - INFO - HTTP Request: GET https://beta-restapi.sarmaaya.pk/api/tradingview/history?symbol=MQTM&resolution=D&from=1458068400&to=1773428400 "HTTP/1.1 200 OK"
2026-03-14 03:04:29,150 - INFO -   Saved 741 data points for MQTM
2026-03-14 03:04:29,854 - INFO - [307/502] Syncing MRNS from 2016-03-16...
2026-03-14 03:04:30,255 - INFO - HTTP Request: GET https://beta-restapi.sarmaaya.pk/api/tradingview/history?symbol=MRNS&resolution=D&from=1458068400&to=1773428400 "HTTP/1.1 200 OK"
2026-03-14 03:04:31,904 - INFO -   Saved 1983 data points for MRNS
2026-03-14 03:04:32,616 - INFO - [308/502] Syncing MSCL from 2016-03-16...
2026-03-14 03:04:32,923 - INFO - HTTP Request: GET https://beta-restapi.sarmaaya.pk/api/tradingview/history?symbol=MSCL&resolution=D&from=1458068400&to=1773428400 "HTTP/1.1 200 OK"
2026-03-14 03:04:34,740 - INFO -   Saved 1123 data points for MSCL
2026-03-14 03:04:35,450 - INFO - [309/502] Syncing MSOT from 2016-03-16...
2026-03-14 03:04:35,850 - INFO - HTTP Request: GET https://beta-restapi.sarmaaya.pk/api/tradingview/history?symbol=MSOT&resolution=D&from=1458068400&to=1773428400 "HTTP/1.1 200 OK"
2026-03-14 03:04:37,510 - INFO -   Saved 1526 data points for MSOT
2026-03-14 03:04:38,213 - INFO - [310/502] Syncing MTL from 2016-03-16...
2026-03-14 03:04:38,665 - INFO - HTTP Request: GET https://beta-restapi.sarmaaya.pk/api/tradingview/history?symbol=MTL&resolution=D&from=1458068400&to=1773428400 "HTTP/1.1 200 OK"
2026-03-14 03:04:40,757 - INFO -   Saved 2472 data points for MTL
2026-03-14 03:04:41,467 - INFO - [311/502] Syncing MUGHAL from 2016-03-16...
2026-03-14 03:04:41,893 - INFO - HTTP Request: GET https://beta-restapi.sarmaaya.pk/api/tradingview/history?symbol=MUGHAL&resolution=D&from=1458068400&to=1773428400 "HTTP/1.1 200 OK"
2026-03-14 03:04:44,162 - INFO -   Saved 2473 data points for MUGHAL
2026-03-14 03:04:44,864 - INFO - [312/502] Syncing MUGHALC from 2016-03-16...
2026-03-14 03:04:45,122 - INFO - HTTP Request: GET https://beta-restapi.sarmaaya.pk/api/tradingview/history?symbol=MUGHALC&resolution=D&from=1458068400&to=1773428400 "HTTP/1.1 500 Internal Server Error"
2026-03-14 03:04:45,124 - WARNING -   No history found for MUGHALC
2026-03-14 03:04:45,833 - INFO - [313/502] Syncing MUREB from 2016-03-16...
2026-03-14 03:04:46,257 - INFO - HTTP Request: GET https://beta-restapi.sarmaaya.pk/api/tradingview/history?symbol=MUREB&resolution=D&from=1458068400&to=1773428400 "HTTP/1.1 200 OK"
2026-03-14 03:04:48,341 - INFO -   Saved 2190 data points for MUREB
2026-03-14 03:04:49,045 - INFO - [314/502] Syncing MWMP from 2016-03-16...
2026-03-14 03:04:49,365 - INFO - HTTP Request: GET https://beta-restapi.sarmaaya.pk/api/tradingview/history?symbol=MWMP&resolution=D&from=1458068400&to=1773428400 "HTTP/1.1 200 OK"
2026-03-14 03:04:50,593 - INFO -   Saved 445 data points for MWMP
2026-03-14 03:04:51,315 - INFO - [315/502] Syncing MZNPETF from 2016-03-16...
2026-03-14 03:04:51,702 - INFO - HTTP Request: GET https://beta-restapi.sarmaaya.pk/api/tradingview/history?symbol=MZNPETF&resolution=D&from=1458068400&to=1773428400 "HTTP/1.1 200 OK"
2026-03-14 03:04:53,333 - INFO -   Saved 1145 data points for MZNPETF
2026-03-14 03:04:54,041 - INFO - [316/502] Syncing NAGC from 2016-03-16...
2026-03-14 03:04:54,403 - INFO - HTTP Request: GET https://beta-restapi.sarmaaya.pk/api/tradingview/history?symbol=NAGC&resolution=D&from=1458068400&to=1773428400 "HTTP/1.1 200 OK"
2026-03-14 03:04:55,969 - INFO -   Saved 1145 data points for NAGC
2026-03-14 03:04:56,679 - INFO - [317/502] Syncing NATF from 2016-03-16...
2026-03-14 03:04:57,237 - INFO - HTTP Request: GET https://beta-restapi.sarmaaya.pk/api/tradingview/history?symbol=NATF&resolution=D&from=1458068400&to=1773428400 "HTTP/1.1 200 OK"
2026-03-14 03:04:59,318 - INFO -   Saved 2396 data points for NATF
2026-03-14 03:05:00,021 - INFO - [318/502] Syncing NBP from 2016-03-16...
2026-03-14 03:05:00,443 - INFO - HTTP Request: GET https://beta-restapi.sarmaaya.pk/api/tradingview/history?symbol=NBP&resolution=D&from=1458068400&to=1773428400 "HTTP/1.1 200 OK"
2026-03-14 03:05:02,696 - INFO -   Saved 2473 data points for NBP
2026-03-14 03:05:03,399 - INFO - [319/502] Syncing NBPGETF from 2016-03-16...
2026-03-14 03:05:03,655 - INFO - HTTP Request: GET https://beta-restapi.sarmaaya.pk/api/tradingview/history?symbol=NBPGETF&resolution=D&from=1458068400&to=1773428400 "HTTP/1.1 500 Internal Server Error"
2026-03-14 03:05:03,658 - WARNING -   No history found for NBPGETF
2026-03-14 03:05:04,364 - INFO - [320/502] Syncing NCL from 2016-03-16...
2026-03-14 03:05:04,746 - INFO - HTTP Request: GET https://beta-restapi.sarmaaya.pk/api/tradingview/history?symbol=NCL&resolution=D&from=1458068400&to=1773428400 "HTTP/1.1 200 OK"
2026-03-14 03:05:06,843 - INFO -   Saved 2473 data points for NCL
2026-03-14 03:05:07,553 - INFO - [321/502] Syncing NCML from 2016-03-16...
2026-03-14 03:05:08,033 - INFO - HTTP Request: GET https://beta-restapi.sarmaaya.pk/api/tradingview/history?symbol=NCML&resolution=D&from=1458068400&to=1773428400 "HTTP/1.1 200 OK"
2026-03-14 03:05:09,694 - INFO -   Saved 1937 data points for NCML
2026-03-14 03:05:10,405 - INFO - [322/502] Syncing NCPL from 2016-03-16...
2026-03-14 03:05:11,774 - INFO - HTTP Request: GET https://beta-restapi.sarmaaya.pk/api/tradingview/history?symbol=NCPL&resolution=D&from=1458068400&to=1773428400 "HTTP/1.1 200 OK"
2026-03-14 03:05:13,803 - INFO -   Saved 2472 data points for NCPL
2026-03-14 03:05:14,512 - INFO - [323/502] Syncing NESTLE from 2016-03-16...
2026-03-14 03:05:15,672 - INFO - HTTP Request: GET https://beta-restapi.sarmaaya.pk/api/tradingview/history?symbol=NESTLE&resolution=D&from=1458068400&to=1773428400 "HTTP/1.1 200 OK"
2026-03-14 03:05:17,307 - INFO -   Saved 1851 data points for NESTLE
2026-03-14 03:05:18,017 - INFO - [324/502] Syncing NETSOL from 2016-03-16...
2026-03-14 03:05:18,468 - INFO - HTTP Request: GET https://beta-restapi.sarmaaya.pk/api/tradingview/history?symbol=NETSOL&resolution=D&from=1458068400&to=1773428400 "HTTP/1.1 200 OK"
2026-03-14 03:05:20,628 - INFO -   Saved 2472 data points for NETSOL
2026-03-14 03:05:21,338 - INFO - [325/502] Syncing NEXT from 2016-03-16...
2026-03-14 03:05:21,757 - INFO - HTTP Request: GET https://beta-restapi.sarmaaya.pk/api/tradingview/history?symbol=NEXT&resolution=D&from=1458068400&to=1773428400 "HTTP/1.1 200 OK"
2026-03-14 03:05:23,796 - INFO -   Saved 2134 data points for NEXT
2026-03-14 03:05:24,507 - INFO - [326/502] Syncing NICL from 2016-03-16...
2026-03-14 03:05:24,911 - INFO - HTTP Request: GET https://beta-restapi.sarmaaya.pk/api/tradingview/history?symbol=NICL&resolution=D&from=1458068400&to=1773428400 "HTTP/1.1 200 OK"
2026-03-14 03:05:26,851 - INFO -   Saved 2031 data points for NICL
2026-03-14 03:05:27,560 - INFO - [327/502] Syncing NITGETF from 2016-03-16...
2026-03-14 03:05:27,887 - INFO - HTTP Request: GET https://beta-restapi.sarmaaya.pk/api/tradingview/history?symbol=NITGETF&resolution=D&from=1458068400&to=1773428400 "HTTP/1.1 200 OK"
2026-03-14 03:05:29,216 - INFO -   Saved 529 data points for NITGETF
2026-03-14 03:05:29,926 - INFO - [328/502] Syncing NML from 2016-03-16...
2026-03-14 03:05:30,348 - INFO - HTTP Request: GET https://beta-restapi.sarmaaya.pk/api/tradingview/history?symbol=NML&resolution=D&from=1458068400&to=1773428400 "HTTP/1.1 200 OK"
2026-03-14 03:05:32,496 - INFO -   Saved 2473 data points for NML
2026-03-14 03:05:33,206 - INFO - [329/502] Syncing NONS from 2016-03-16...
2026-03-14 03:05:33,624 - INFO - HTTP Request: GET https://beta-restapi.sarmaaya.pk/api/tradingview/history?symbol=NONS&resolution=D&from=1458068400&to=1773428400 "HTTP/1.1 200 OK"
2026-03-14 03:05:35,198 - INFO -   Saved 1476 data points for NONS
2026-03-14 03:05:35,903 - INFO - [330/502] Syncing NPL from 2016-03-16...
2026-03-14 03:05:36,318 - INFO - HTTP Request: GET https://beta-restapi.sarmaaya.pk/api/tradingview/history?symbol=NPL&resolution=D&from=1458068400&to=1773428400 "HTTP/1.1 200 OK"
2026-03-14 03:05:38,317 - INFO -   Saved 2437 data points for NPL
2026-03-14 03:05:39,028 - INFO - [331/502] Syncing NRL from 2016-03-16...
2026-03-14 03:05:39,472 - INFO - HTTP Request: GET https://beta-restapi.sarmaaya.pk/api/tradingview/history?symbol=NRL&resolution=D&from=1458068400&to=1773428400 "HTTP/1.1 200 OK"
2026-03-14 03:05:41,542 - INFO -   Saved 2473 data points for NRL
2026-03-14 03:05:42,249 - INFO - [332/502] Syncing NRSL from 2016-03-16...
2026-03-14 03:05:42,678 - INFO - HTTP Request: GET https://beta-restapi.sarmaaya.pk/api/tradingview/history?symbol=NRSL&resolution=D&from=1458068400&to=1773428400 "HTTP/1.1 200 OK"
2026-03-14 03:05:44,681 - INFO -   Saved 2454 data points for NRSL
2026-03-14 03:05:45,383 - INFO - [333/502] Syncing NSRM from 2016-03-16...
2026-03-14 03:05:45,723 - INFO - HTTP Request: GET https://beta-restapi.sarmaaya.pk/api/tradingview/history?symbol=NSRM&resolution=D&from=1458068400&to=1773428400 "HTTP/1.1 200 OK"
2026-03-14 03:05:46,968 - INFO -   Saved 708 data points for NSRM
2026-03-14 03:05:47,678 - INFO - [334/502] Syncing OBOY from 2016-03-16...
2026-03-14 03:05:48,051 - INFO - HTTP Request: GET https://beta-restapi.sarmaaya.pk/api/tradingview/history?symbol=OBOY&resolution=D&from=1458068400&to=1773428400 "HTTP/1.1 200 OK"
2026-03-14 03:05:49,613 - INFO -   Saved 1029 data points for OBOY
2026-03-14 03:05:50,321 - INFO - [335/502] Syncing OCTOPUS from 2016-03-16...
2026-03-14 03:05:50,704 - INFO - HTTP Request: GET https://beta-restapi.sarmaaya.pk/api/tradingview/history?symbol=OCTOPUS&resolution=D&from=1458068400&to=1773428400 "HTTP/1.1 200 OK"
2026-03-14 03:05:52,275 - INFO -   Saved 1100 data points for OCTOPUS
2026-03-14 03:05:52,986 - INFO - [336/502] Syncing OGDC from 2016-03-16...
2026-03-14 03:05:53,404 - INFO - HTTP Request: GET https://beta-restapi.sarmaaya.pk/api/tradingview/history?symbol=OGDC&resolution=D&from=1458068400&to=1773428400 "HTTP/1.1 200 OK"
2026-03-14 03:05:55,541 - INFO -   Saved 2473 data points for OGDC
2026-03-14 03:05:56,245 - INFO - [337/502] Syncing OLPL from 2016-03-16...
2026-03-14 03:05:56,655 - INFO - HTTP Request: GET https://beta-restapi.sarmaaya.pk/api/tradingview/history?symbol=OLPL&resolution=D&from=1458068400&to=1773428400 "HTTP/1.1 200 OK"
2026-03-14 03:05:58,686 - INFO -   Saved 2425 data points for OLPL
2026-03-14 03:05:59,392 - INFO - [338/502] Syncing OLPM from 2016-03-16...
2026-03-14 03:05:59,905 - INFO - HTTP Request: GET https://beta-restapi.sarmaaya.pk/api/tradingview/history?symbol=OLPM&resolution=D&from=1458068400&to=1773428400 "HTTP/1.1 200 OK"
2026-03-14 03:06:01,165 - INFO -   Saved 873 data points for OLPM
2026-03-14 03:06:01,872 - INFO - [339/502] Syncing OML from 2016-03-16...
2026-03-14 03:06:02,282 - INFO - HTTP Request: GET https://beta-restapi.sarmaaya.pk/api/tradingview/history?symbol=OML&resolution=D&from=1458068400&to=1773428400 "HTTP/1.1 200 OK"
2026-03-14 03:06:03,881 - INFO -   Saved 1422 data points for OML
2026-03-14 03:06:04,592 - INFO - [340/502] Syncing ORM from 2016-03-16...
2026-03-14 03:06:04,950 - INFO - HTTP Request: GET https://beta-restapi.sarmaaya.pk/api/tradingview/history?symbol=ORM&resolution=D&from=1458068400&to=1773428400 "HTTP/1.1 200 OK"
2026-03-14 03:06:06,527 - INFO -   Saved 1210 data points for ORM
2026-03-14 03:06:07,234 - INFO - [341/502] Syncing OTSU from 2016-03-16...
2026-03-14 03:06:07,646 - INFO - HTTP Request: GET https://beta-restapi.sarmaaya.pk/api/tradingview/history?symbol=OTSU&resolution=D&from=1458068400&to=1773428400 "HTTP/1.1 200 OK"
2026-03-14 03:06:09,352 - INFO -   Saved 1720 data points for OTSU
2026-03-14 03:06:10,062 - INFO - [342/502] Syncing PABC from 2016-03-16...
2026-03-14 03:06:10,469 - INFO - HTTP Request: GET https://beta-restapi.sarmaaya.pk/api/tradingview/history?symbol=PABC&resolution=D&from=1458068400&to=1773428400 "HTTP/1.1 200 OK"
2026-03-14 03:06:12,043 - INFO -   Saved 1150 data points for PABC
2026-03-14 03:06:12,745 - INFO - [343/502] Syncing PACE from 2016-03-16...
2026-03-14 03:06:13,175 - INFO - HTTP Request: GET https://beta-restapi.sarmaaya.pk/api/tradingview/history?symbol=PACE&resolution=D&from=1458068400&to=1773428400 "HTTP/1.1 200 OK"
2026-03-14 03:06:15,182 - INFO -   Saved 2470 data points for PACE
2026-03-14 03:06:15,892 - INFO - [344/502] Syncing PAEL from 2016-03-16...
2026-03-14 03:06:16,314 - INFO - HTTP Request: GET https://beta-restapi.sarmaaya.pk/api/tradingview/history?symbol=PAEL&resolution=D&from=1458068400&to=1773428400 "HTTP/1.1 200 OK"
2026-03-14 03:06:18,363 - INFO -   Saved 2473 data points for PAEL
2026-03-14 03:06:19,074 - INFO - [345/502] Syncing PAKD from 2016-03-16...
2026-03-14 03:06:19,477 - INFO - HTTP Request: GET https://beta-restapi.sarmaaya.pk/api/tradingview/history?symbol=PAKD&resolution=D&from=1458068400&to=1773428400 "HTTP/1.1 200 OK"
2026-03-14 03:06:21,142 - INFO -   Saved 1950 data points for PAKD
2026-03-14 03:06:21,853 - INFO - [346/502] Syncing PAKL from 2016-03-16...
2026-03-14 03:06:22,183 - INFO - HTTP Request: GET https://beta-restapi.sarmaaya.pk/api/tradingview/history?symbol=PAKL&resolution=D&from=1458068400&to=1773428400 "HTTP/1.1 200 OK"
2026-03-14 03:06:23,431 - INFO -   Saved 491 data points for PAKL
2026-03-14 03:06:24,143 - INFO - [347/502] Syncing PAKOXY from 2016-03-16...
2026-03-14 03:06:24,561 - INFO - HTTP Request: GET https://beta-restapi.sarmaaya.pk/api/tradingview/history?symbol=PAKOXY&resolution=D&from=1458068400&to=1773428400 "HTTP/1.1 200 OK"
2026-03-14 03:06:26,576 - INFO -   Saved 2359 data points for PAKOXY
2026-03-14 03:06:27,283 - INFO - [348/502] Syncing PAKQATAR from 2016-03-16...
2026-03-14 03:06:27,557 - INFO - HTTP Request: GET https://beta-restapi.sarmaaya.pk/api/tradingview/history?symbol=PAKQATAR&resolution=D&from=1458068400&to=1773428400 "HTTP/1.1 500 Internal Server Error"
2026-03-14 03:06:27,559 - WARNING -   No history found for PAKQATAR
2026-03-14 03:06:28,263 - INFO - [349/502] Syncing PAKRI from 2016-03-16...
2026-03-14 03:06:28,670 - INFO - HTTP Request: GET https://beta-restapi.sarmaaya.pk/api/tradingview/history?symbol=PAKRI&resolution=D&from=1458068400&to=1773428400 "HTTP/1.1 200 OK"
2026-03-14 03:06:30,760 - INFO -   Saved 2391 data points for PAKRI
2026-03-14 03:06:31,470 - INFO - [350/502] Syncing PAKT from 2016-03-16...
2026-03-14 03:06:31,879 - INFO - HTTP Request: GET https://beta-restapi.sarmaaya.pk/api/tradingview/history?symbol=PAKT&resolution=D&from=1458068400&to=1773428400 "HTTP/1.1 200 OK"
2026-03-14 03:06:33,533 - INFO -   Saved 1780 data points for PAKT
2026-03-14 03:06:34,239 - INFO - [351/502] Syncing PASL from 2016-03-16...
2026-03-14 03:06:34,654 - INFO - HTTP Request: GET https://beta-restapi.sarmaaya.pk/api/tradingview/history?symbol=PASL&resolution=D&from=1458068400&to=1773428400 "HTTP/1.1 200 OK"
2026-03-14 03:06:36,642 - INFO -   Saved 2472 data points for PASL
2026-03-14 03:06:37,352 - INFO - [352/502] Syncing PASM from 2016-03-16...
2026-03-14 03:06:37,674 - INFO - HTTP Request: GET https://beta-restapi.sarmaaya.pk/api/tradingview/history?symbol=PASM&resolution=D&from=1458068400&to=1773428400 "HTTP/1.1 200 OK"
2026-03-14 03:06:38,905 - INFO -   Saved 444 data points for PASM
2026-03-14 03:06:39,614 - INFO - [353/502] Syncing PCAL from 2016-03-16...
2026-03-14 03:06:40,033 - INFO - HTTP Request: GET https://beta-restapi.sarmaaya.pk/api/tradingview/history?symbol=PCAL&resolution=D&from=1458068400&to=1773428400 "HTTP/1.1 200 OK"
2026-03-14 03:06:42,025 - INFO -   Saved 2260 data points for PCAL
2026-03-14 03:06:42,735 - INFO - [354/502] Syncing PECO from 2016-03-16...
2026-03-14 03:06:43,118 - INFO - HTTP Request: GET https://beta-restapi.sarmaaya.pk/api/tradingview/history?symbol=PECO&resolution=D&from=1458068400&to=1773428400 "HTTP/1.1 200 OK"
2026-03-14 03:06:44,707 - INFO -   Saved 1244 data points for PECO
2026-03-14 03:06:45,418 - INFO - [355/502] Syncing PGLC from 2016-03-16...
2026-03-14 03:06:45,767 - INFO - HTTP Request: GET https://beta-restapi.sarmaaya.pk/api/tradingview/history?symbol=PGLC&resolution=D&from=1458068400&to=1773428400 "HTTP/1.1 200 OK"
2026-03-14 03:06:47,343 - INFO -   Saved 1082 data points for PGLC
2026-03-14 03:06:48,049 - INFO - [356/502] Syncing PIAHCLA from 2016-03-16...
2026-03-14 03:06:48,321 - INFO - HTTP Request: GET https://beta-restapi.sarmaaya.pk/api/tradingview/history?symbol=PIAHCLA&resolution=D&from=1458068400&to=1773428400 "HTTP/1.1 500 Internal Server Error"
2026-03-14 03:06:48,322 - WARNING -   No history found for PIAHCLA
2026-03-14 03:06:49,033 - INFO - [357/502] Syncing PIAHCLB from 2016-03-16...
2026-03-14 03:06:49,288 - INFO - HTTP Request: GET https://beta-restapi.sarmaaya.pk/api/tradingview/history?symbol=PIAHCLB&resolution=D&from=1458068400&to=1773428400 "HTTP/1.1 500 Internal Server Error"
2026-03-14 03:06:49,288 - WARNING -   No history found for PIAHCLB
2026-03-14 03:06:49,996 - INFO - [358/502] Syncing PIBTL from 2016-03-16...
2026-03-14 03:06:50,417 - INFO - HTTP Request: GET https://beta-restapi.sarmaaya.pk/api/tradingview/history?symbol=PIBTL&resolution=D&from=1458068400&to=1773428400 "HTTP/1.1 200 OK"
2026-03-14 03:06:52,571 - INFO -   Saved 2473 data points for PIBTL
2026-03-14 03:06:53,280 - INFO - [359/502] Syncing PICT from 2016-03-16...
2026-03-14 03:06:53,690 - INFO - HTTP Request: GET https://beta-restapi.sarmaaya.pk/api/tradingview/history?symbol=PICT&resolution=D&from=1458068400&to=1773428400 "HTTP/1.1 200 OK"
2026-03-14 03:06:55,685 - INFO -   Saved 2269 data points for PICT
2026-03-14 03:06:56,393 - INFO - [360/502] Syncing PIL from 2016-03-16...
2026-03-14 03:06:56,859 - INFO - HTTP Request: GET https://beta-restapi.sarmaaya.pk/api/tradingview/history?symbol=PIL&resolution=D&from=1458068400&to=1773428400 "HTTP/1.1 200 OK"
2026-03-14 03:06:58,841 - INFO -   Saved 2364 data points for PIL
2026-03-14 03:06:59,546 - INFO - [361/502] Syncing PIM from 2016-03-16...
2026-03-14 03:06:59,909 - INFO - HTTP Request: GET https://beta-restapi.sarmaaya.pk/api/tradingview/history?symbol=PIM&resolution=D&from=1458068400&to=1773428400 "HTTP/1.1 200 OK"
2026-03-14 03:07:01,493 - INFO -   Saved 1098 data points for PIM
2026-03-14 03:07:02,204 - INFO - [362/502] Syncing PINL from 2016-03-16...
2026-03-14 03:07:02,600 - INFO - HTTP Request: GET https://beta-restapi.sarmaaya.pk/api/tradingview/history?symbol=PINL&resolution=D&from=1458068400&to=1773428400 "HTTP/1.1 200 OK"
2026-03-14 03:07:04,195 - INFO -   Saved 1572 data points for PINL
2026-03-14 03:07:04,903 - INFO - [363/502] Syncing PIOC from 2016-03-16...
2026-03-14 03:07:05,347 - INFO - HTTP Request: GET https://beta-restapi.sarmaaya.pk/api/tradingview/history?symbol=PIOC&resolution=D&from=1458068400&to=1773428400 "HTTP/1.1 200 OK"
2026-03-14 03:07:07,383 - INFO -   Saved 2473 data points for PIOC
2026-03-14 03:07:08,094 - INFO - [364/502] Syncing PKGI from 2016-03-16...
2026-03-14 03:07:08,496 - INFO - HTTP Request: GET https://beta-restapi.sarmaaya.pk/api/tradingview/history?symbol=PKGI&resolution=D&from=1458068400&to=1773428400 "HTTP/1.1 200 OK"
2026-03-14 03:07:10,180 - INFO -   Saved 1897 data points for PKGI
2026-03-14 03:07:10,890 - INFO - [365/502] Syncing PKGP from 2016-03-16...
2026-03-14 03:07:12,070 - INFO - HTTP Request: GET https://beta-restapi.sarmaaya.pk/api/tradingview/history?symbol=PKGP&resolution=D&from=1458068400&to=1773428400 "HTTP/1.1 200 OK"
2026-03-14 03:07:14,072 - INFO -   Saved 2373 data points for PKGP
2026-03-14 03:07:14,781 - INFO - [366/502] Syncing PKGS from 2016-03-16...
2026-03-14 03:07:15,982 - INFO - HTTP Request: GET https://beta-restapi.sarmaaya.pk/api/tradingview/history?symbol=PKGS&resolution=D&from=1458068400&to=1773428400 "HTTP/1.1 200 OK"
2026-03-14 03:07:17,966 - INFO -   Saved 2454 data points for PKGS
2026-03-14 03:07:18,673 - INFO - [367/502] Syncing PMRS from 2016-03-16...
2026-03-14 03:07:18,992 - INFO - HTTP Request: GET https://beta-restapi.sarmaaya.pk/api/tradingview/history?symbol=PMRS&resolution=D&from=1458068400&to=1773428400 "HTTP/1.1 200 OK"
2026-03-14 03:07:20,215 - INFO -   Saved 562 data points for PMRS
2026-03-14 03:07:20,926 - INFO - [368/502] Syncing PNSC from 2016-03-16...
2026-03-14 03:07:21,347 - INFO - HTTP Request: GET https://beta-restapi.sarmaaya.pk/api/tradingview/history?symbol=PNSC&resolution=D&from=1458068400&to=1773428400 "HTTP/1.1 200 OK"
2026-03-14 03:07:23,406 - INFO -   Saved 2451 data points for PNSC
2026-03-14 03:07:24,116 - INFO - [369/502] Syncing POL from 2016-03-16...
2026-03-14 03:07:24,537 - INFO - HTTP Request: GET https://beta-restapi.sarmaaya.pk/api/tradingview/history?symbol=POL&resolution=D&from=1458068400&to=1773428400 "HTTP/1.1 200 OK"
2026-03-14 03:07:26,683 - INFO -   Saved 2473 data points for POL
2026-03-14 03:07:27,391 - INFO - [370/502] Syncing POML from 2016-03-16...
2026-03-14 03:07:27,791 - INFO - HTTP Request: GET https://beta-restapi.sarmaaya.pk/api/tradingview/history?symbol=POML&resolution=D&from=1458068400&to=1773428400 "HTTP/1.1 200 OK"
2026-03-14 03:07:29,397 - INFO -   Saved 1637 data points for POML
2026-03-14 03:07:30,104 - INFO - [371/502] Syncing POWER from 2016-03-16...
2026-03-14 03:07:30,537 - INFO - HTTP Request: GET https://beta-restapi.sarmaaya.pk/api/tradingview/history?symbol=POWER&resolution=D&from=1458068400&to=1773428400 "HTTP/1.1 200 OK"
2026-03-14 03:07:32,715 - INFO -   Saved 2473 data points for POWER
2026-03-14 03:07:33,425 - INFO - [372/502] Syncing POWERPS from 2016-03-16...
2026-03-14 03:07:33,686 - INFO - HTTP Request: GET https://beta-restapi.sarmaaya.pk/api/tradingview/history?symbol=POWERPS&resolution=D&from=1458068400&to=1773428400 "HTTP/1.1 500 Internal Server Error"
2026-03-14 03:07:33,690 - WARNING -   No history found for POWERPS
2026-03-14 03:07:34,401 - INFO - [373/502] Syncing PPL from 2016-03-16...
2026-03-14 03:07:34,858 - INFO - HTTP Request: GET https://beta-restapi.sarmaaya.pk/api/tradingview/history?symbol=PPL&resolution=D&from=1458068400&to=1773428400 "HTTP/1.1 200 OK"
2026-03-14 03:07:37,170 - INFO -   Saved 2473 data points for PPL
2026-03-14 03:07:37,870 - INFO - [374/502] Syncing PPP from 2016-03-16...
2026-03-14 03:07:38,257 - INFO - HTTP Request: GET https://beta-restapi.sarmaaya.pk/api/tradingview/history?symbol=PPP&resolution=D&from=1458068400&to=1773428400 "HTTP/1.1 200 OK"
2026-03-14 03:07:39,983 - INFO -   Saved 1404 data points for PPP
2026-03-14 03:07:40,690 - INFO - [375/502] Syncing PPVC from 2016-03-16...
2026-03-14 03:07:41,001 - INFO - HTTP Request: GET https://beta-restapi.sarmaaya.pk/api/tradingview/history?symbol=PPVC&resolution=D&from=1458068400&to=1773428400 "HTTP/1.1 200 OK"
2026-03-14 03:07:42,850 - INFO -   Saved 1624 data points for PPVC
2026-03-14 03:07:43,561 - INFO - [376/502] Syncing PQGTL from 2016-03-16...
2026-03-14 03:07:43,829 - INFO - HTTP Request: GET https://beta-restapi.sarmaaya.pk/api/tradingview/history?symbol=PQGTL&resolution=D&from=1458068400&to=1773428400 "HTTP/1.1 500 Internal Server Error"
2026-03-14 03:07:43,832 - WARNING -   No history found for PQGTL
2026-03-14 03:07:44,537 - INFO - [377/502] Syncing PREMA from 2016-03-16...
2026-03-14 03:07:44,990 - INFO - HTTP Request: GET https://beta-restapi.sarmaaya.pk/api/tradingview/history?symbol=PREMA&resolution=D&from=1458068400&to=1773428400 "HTTP/1.1 200 OK"
2026-03-14 03:07:46,606 - INFO -   Saved 1881 data points for PREMA
2026-03-14 03:07:47,308 - INFO - [378/502] Syncing PRET from 2016-03-16...
2026-03-14 03:07:47,725 - INFO - HTTP Request: GET https://beta-restapi.sarmaaya.pk/api/tradingview/history?symbol=PRET&resolution=D&from=1458068400&to=1773428400 "HTTP/1.1 200 OK"
2026-03-14 03:07:49,302 - INFO -   Saved 1435 data points for PRET
2026-03-14 03:07:50,010 - INFO - [379/502] Syncing PRL from 2016-03-16...
2026-03-14 03:07:50,422 - INFO - HTTP Request: GET https://beta-restapi.sarmaaya.pk/api/tradingview/history?symbol=PRL&resolution=D&from=1458068400&to=1773428400 "HTTP/1.1 200 OK"
2026-03-14 03:07:52,514 - INFO -   Saved 2473 data points for PRL
2026-03-14 03:07:53,224 - INFO - [380/502] Syncing PRWM from 2016-03-16...
2026-03-14 03:07:53,592 - INFO - HTTP Request: GET https://beta-restapi.sarmaaya.pk/api/tradingview/history?symbol=PRWM&resolution=D&from=1458068400&to=1773428400 "HTTP/1.1 200 OK"
2026-03-14 03:07:55,225 - INFO -   Saved 1089 data points for PRWM
2026-03-14 03:07:55,927 - INFO - [381/502] Syncing PSEL from 2016-03-16...
2026-03-14 03:07:56,274 - INFO - HTTP Request: GET https://beta-restapi.sarmaaya.pk/api/tradingview/history?symbol=PSEL&resolution=D&from=1458068400&to=1773428400 "HTTP/1.1 200 OK"
2026-03-14 03:07:57,531 - INFO -   Saved 829 data points for PSEL
2026-03-14 03:07:58,240 - INFO - [382/502] Syncing PSO from 2016-03-16...
2026-03-14 03:07:58,672 - INFO - HTTP Request: GET https://beta-restapi.sarmaaya.pk/api/tradingview/history?symbol=PSO&resolution=D&from=1458068400&to=1773428400 "HTTP/1.1 200 OK"
2026-03-14 03:08:00,718 - INFO -   Saved 2473 data points for PSO
2026-03-14 03:08:01,429 - INFO - [383/502] Syncing PSX from 2016-03-16...
2026-03-14 03:08:01,872 - INFO - HTTP Request: GET https://beta-restapi.sarmaaya.pk/api/tradingview/history?symbol=PSX&resolution=D&from=1458068400&to=1773428400 "HTTP/1.1 200 OK"
2026-03-14 03:08:03,860 - INFO -   Saved 2152 data points for PSX
2026-03-14 03:08:04,570 - INFO - [384/502] Syncing PSYL from 2016-03-16...
2026-03-14 03:08:04,964 - INFO - HTTP Request: GET https://beta-restapi.sarmaaya.pk/api/tradingview/history?symbol=PSYL&resolution=D&from=1458068400&to=1773428400 "HTTP/1.1 200 OK"
2026-03-14 03:08:06,591 - INFO -   Saved 1763 data points for PSYL
2026-03-14 03:08:07,301 - INFO - [385/502] Syncing PTC from 2016-03-16...
2026-03-14 03:08:07,726 - INFO - HTTP Request: GET https://beta-restapi.sarmaaya.pk/api/tradingview/history?symbol=PTC&resolution=D&from=1458068400&to=1773428400 "HTTP/1.1 200 OK"
2026-03-14 03:08:09,873 - INFO -   Saved 2473 data points for PTC
2026-03-14 03:08:10,578 - INFO - [386/502] Syncing PTL from 2016-03-16...
2026-03-14 03:08:10,959 - INFO - HTTP Request: GET https://beta-restapi.sarmaaya.pk/api/tradingview/history?symbol=PTL&resolution=D&from=1458068400&to=1773428400 "HTTP/1.1 200 OK"
2026-03-14 03:08:12,542 - INFO -   Saved 1248 data points for PTL
2026-03-14 03:08:13,245 - INFO - [387/502] Syncing QTECH from 2016-03-16...
2026-03-14 03:08:13,520 - INFO - HTTP Request: GET https://beta-restapi.sarmaaya.pk/api/tradingview/history?symbol=QTECH&resolution=D&from=1458068400&to=1773428400 "HTTP/1.1 500 Internal Server Error"
2026-03-14 03:08:13,523 - WARNING -   No history found for QTECH
2026-03-14 03:08:14,233 - INFO - [388/502] Syncing QUET from 2016-03-16...
2026-03-14 03:08:14,598 - INFO - HTTP Request: GET https://beta-restapi.sarmaaya.pk/api/tradingview/history?symbol=QUET&resolution=D&from=1458068400&to=1773428400 "HTTP/1.1 200 OK"
2026-03-14 03:08:16,206 - INFO -   Saved 1212 data points for QUET
2026-03-14 03:08:16,917 - INFO - [389/502] Syncing QUICE from 2016-03-16...
2026-03-14 03:08:17,344 - INFO - HTTP Request: GET https://beta-restapi.sarmaaya.pk/api/tradingview/history?symbol=QUICE&resolution=D&from=1458068400&to=1773428400 "HTTP/1.1 200 OK"
2026-03-14 03:08:19,365 - INFO -   Saved 2464 data points for QUICE
2026-03-14 03:08:20,071 - INFO - [390/502] Syncing RCML from 2016-03-16...
2026-03-14 03:08:20,406 - INFO - HTTP Request: GET https://beta-restapi.sarmaaya.pk/api/tradingview/history?symbol=RCML&resolution=D&from=1458068400&to=1773428400 "HTTP/1.1 200 OK"
2026-03-14 03:08:21,704 - INFO -   Saved 738 data points for RCML
2026-03-14 03:08:22,414 - INFO - [391/502] Syncing REDCO from 2016-03-16...
2026-03-14 03:08:22,814 - INFO - HTTP Request: GET https://beta-restapi.sarmaaya.pk/api/tradingview/history?symbol=REDCO&resolution=D&from=1458068400&to=1773428400 "HTTP/1.1 200 OK"
2026-03-14 03:08:24,453 - INFO -   Saved 1984 data points for REDCO
2026-03-14 03:08:25,163 - INFO - [392/502] Syncing REWM from 2016-03-16...
2026-03-14 03:08:25,573 - INFO - HTTP Request: GET https://beta-restapi.sarmaaya.pk/api/tradingview/history?symbol=REWM&resolution=D&from=1458068400&to=1773428400 "HTTP/1.1 200 OK"
2026-03-14 03:08:27,197 - INFO -   Saved 1803 data points for REWM
2026-03-14 03:08:27,907 - INFO - [393/502] Syncing RICL from 2016-03-16...
2026-03-14 03:08:28,327 - INFO - HTTP Request: GET https://beta-restapi.sarmaaya.pk/api/tradingview/history?symbol=RICL&resolution=D&from=1458068400&to=1773428400 "HTTP/1.1 200 OK"
2026-03-14 03:08:30,229 - INFO -   Saved 1835 data points for RICL
2026-03-14 03:08:30,936 - INFO - [394/502] Syncing RMPL from 2016-03-16...
2026-03-14 03:08:31,328 - INFO - HTTP Request: GET https://beta-restapi.sarmaaya.pk/api/tradingview/history?symbol=RMPL&resolution=D&from=1458068400&to=1773428400 "HTTP/1.1 200 OK"
2026-03-14 03:08:32,939 - INFO -   Saved 1503 data points for RMPL
2026-03-14 03:08:33,648 - INFO - [395/502] Syncing RPL from 2016-03-16...
2026-03-14 03:08:34,068 - INFO - HTTP Request: GET https://beta-restapi.sarmaaya.pk/api/tradingview/history?symbol=RPL&resolution=D&from=1458068400&to=1773428400 "HTTP/1.1 200 OK"
2026-03-14 03:08:36,058 - INFO -   Saved 2234 data points for RPL
2026-03-14 03:08:36,769 - INFO - [396/502] Syncing RUBY from 2016-03-16...
2026-03-14 03:08:37,166 - INFO - HTTP Request: GET https://beta-restapi.sarmaaya.pk/api/tradingview/history?symbol=RUBY&resolution=D&from=1458068400&to=1773428400 "HTTP/1.1 200 OK"
2026-03-14 03:08:38,811 - INFO -   Saved 1767 data points for RUBY
2026-03-14 03:08:39,521 - INFO - [397/502] Syncing RUPL from 2016-03-16...
2026-03-14 03:08:39,932 - INFO - HTTP Request: GET https://beta-restapi.sarmaaya.pk/api/tradingview/history?symbol=RUPL&resolution=D&from=1458068400&to=1773428400 "HTTP/1.1 200 OK"
2026-03-14 03:08:41,579 - INFO -   Saved 1690 data points for RUPL
2026-03-14 03:08:42,288 - INFO - [398/502] Syncing SAIF from 2016-03-16...
2026-03-14 03:08:42,708 - INFO - HTTP Request: GET https://beta-restapi.sarmaaya.pk/api/tradingview/history?symbol=SAIF&resolution=D&from=1458068400&to=1773428400 "HTTP/1.1 200 OK"
2026-03-14 03:08:44,668 - INFO -   Saved 2086 data points for SAIF
2026-03-14 03:08:45,369 - INFO - [399/502] Syncing SANSM from 2016-03-16...
2026-03-14 03:08:45,733 - INFO - HTTP Request: GET https://beta-restapi.sarmaaya.pk/api/tradingview/history?symbol=SANSM&resolution=D&from=1458068400&to=1773428400 "HTTP/1.1 200 OK"
2026-03-14 03:08:46,992 - INFO -   Saved 903 data points for SANSM
2026-03-14 03:08:47,698 - INFO - [400/502] Syncing SAPT from 2016-03-16...
2026-03-14 03:08:48,088 - INFO - HTTP Request: GET https://beta-restapi.sarmaaya.pk/api/tradingview/history?symbol=SAPT&resolution=D&from=1458068400&to=1773428400 "HTTP/1.1 200 OK"
2026-03-14 03:08:49,733 - INFO -   Saved 1302 data points for SAPT
2026-03-14 03:08:50,442 - INFO - [401/502] Syncing SARC from 2016-03-16...
2026-03-14 03:08:50,851 - INFO - HTTP Request: GET https://beta-restapi.sarmaaya.pk/api/tradingview/history?symbol=SARC&resolution=D&from=1458068400&to=1773428400 "HTTP/1.1 200 OK"
2026-03-14 03:08:52,485 - INFO -   Saved 1354 data points for SARC
2026-03-14 03:08:53,200 - INFO - [402/502] Syncing SASML from 2016-03-16...
2026-03-14 03:08:53,561 - INFO - HTTP Request: GET https://beta-restapi.sarmaaya.pk/api/tradingview/history?symbol=SASML&resolution=D&from=1458068400&to=1773428400 "HTTP/1.1 200 OK"
2026-03-14 03:08:55,041 - INFO -   Saved 951 data points for SASML
2026-03-14 03:08:55,751 - INFO - [403/502] Syncing SAZEW from 2016-03-16...
2026-03-14 03:08:56,178 - INFO - HTTP Request: GET https://beta-restapi.sarmaaya.pk/api/tradingview/history?symbol=SAZEW&resolution=D&from=1458068400&to=1773428400 "HTTP/1.1 200 OK"
2026-03-14 03:08:58,230 - INFO -   Saved 2424 data points for SAZEW
2026-03-14 03:08:58,941 - INFO - [404/502] Syncing SBL from 2016-03-16...
2026-03-14 03:08:59,347 - INFO - HTTP Request: GET https://beta-restapi.sarmaaya.pk/api/tradingview/history?symbol=SBL&resolution=D&from=1458068400&to=1773428400 "HTTP/1.1 200 OK"
2026-03-14 03:09:01,058 - INFO -   Saved 1776 data points for SBL
2026-03-14 03:09:01,770 - INFO - [405/502] Syncing SCBPL from 2016-03-16...
2026-03-14 03:09:02,215 - INFO - HTTP Request: GET https://beta-restapi.sarmaaya.pk/api/tradingview/history?symbol=SCBPL&resolution=D&from=1458068400&to=1773428400 "HTTP/1.1 200 OK"
2026-03-14 03:09:04,323 - INFO -   Saved 2176 data points for SCBPL
2026-03-14 03:09:05,026 - INFO - [406/502] Syncing SCL from 2016-03-16...
2026-03-14 03:09:05,440 - INFO - HTTP Request: GET https://beta-restapi.sarmaaya.pk/api/tradingview/history?symbol=SCL&resolution=D&from=1458068400&to=1773428400 "HTTP/1.1 200 OK"
2026-03-14 03:09:07,042 - INFO -   Saved 1327 data points for SCL
2026-03-14 03:09:07,743 - INFO - [407/502] Syncing SEARL from 2016-03-16...
2026-03-14 03:09:08,164 - INFO - HTTP Request: GET https://beta-restapi.sarmaaya.pk/api/tradingview/history?symbol=SEARL&resolution=D&from=1458068400&to=1773428400 "HTTP/1.1 200 OK"
2026-03-14 03:09:10,292 - INFO -   Saved 2473 data points for SEARL
2026-03-14 03:09:11,002 - INFO - [408/502] Syncing SEL from 2016-03-16...
2026-03-14 03:09:11,359 - INFO - HTTP Request: GET https://beta-restapi.sarmaaya.pk/api/tradingview/history?symbol=SEL&resolution=D&from=1458068400&to=1773428400 "HTTP/1.1 200 OK"
2026-03-14 03:09:12,945 - INFO -   Saved 1021 data points for SEL
2026-03-14 03:09:13,655 - INFO - [409/502] Syncing SEPL from 2016-03-16...
2026-03-14 03:09:14,068 - INFO - HTTP Request: GET https://beta-restapi.sarmaaya.pk/api/tradingview/history?symbol=SEPL&resolution=D&from=1458068400&to=1773428400 "HTTP/1.1 200 OK"
2026-03-14 03:09:16,110 - INFO -   Saved 2347 data points for SEPL
2026-03-14 03:09:16,818 - INFO - [410/502] Syncing SERT from 2016-03-16...
2026-03-14 03:09:17,226 - INFO - HTTP Request: GET https://beta-restapi.sarmaaya.pk/api/tradingview/history?symbol=SERT&resolution=D&from=1458068400&to=1773428400 "HTTP/1.1 200 OK"
2026-03-14 03:09:18,889 - INFO -   Saved 1575 data points for SERT
2026-03-14 03:09:19,596 - INFO - [411/502] Syncing SFL from 2016-03-16...
2026-03-14 03:09:19,981 - INFO - HTTP Request: GET https://beta-restapi.sarmaaya.pk/api/tradingview/history?symbol=SFL&resolution=D&from=1458068400&to=1773428400 "HTTP/1.1 200 OK"
2026-03-14 03:09:21,577 - INFO -   Saved 1301 data points for SFL
2026-03-14 03:09:22,288 - INFO - [412/502] Syncing SGF from 2016-03-16...
2026-03-14 03:09:22,697 - INFO - HTTP Request: GET https://beta-restapi.sarmaaya.pk/api/tradingview/history?symbol=SGF&resolution=D&from=1458068400&to=1773428400 "HTTP/1.1 200 OK"
2026-03-14 03:09:24,306 - INFO -   Saved 1149 data points for SGF
2026-03-14 03:09:25,016 - INFO - [413/502] Syncing SGPL from 2016-03-16...
2026-03-14 03:09:25,385 - INFO - HTTP Request: GET https://beta-restapi.sarmaaya.pk/api/tradingview/history?symbol=SGPL&resolution=D&from=1458068400&to=1773428400 "HTTP/1.1 200 OK"
2026-03-14 03:09:27,007 - INFO -   Saved 1041 data points for SGPL
2026-03-14 03:09:27,717 - INFO - [414/502] Syncing SHCM from 2016-03-16...
2026-03-14 03:09:28,075 - INFO - HTTP Request: GET https://beta-restapi.sarmaaya.pk/api/tradingview/history?symbol=SHCM&resolution=D&from=1458068400&to=1773428400 "HTTP/1.1 200 OK"
2026-03-14 03:09:29,440 - INFO -   Saved 655 data points for SHCM
2026-03-14 03:09:30,150 - INFO - [415/502] Syncing SHDT from 2016-03-16...
2026-03-14 03:09:30,556 - INFO - HTTP Request: GET https://beta-restapi.sarmaaya.pk/api/tradingview/history?symbol=SHDT&resolution=D&from=1458068400&to=1773428400 "HTTP/1.1 200 OK"
2026-03-14 03:09:32,435 - INFO -   Saved 1588 data points for SHDT
2026-03-14 03:09:33,146 - INFO - [416/502] Syncing SHDTR1 from 2016-03-16...
2026-03-14 03:09:33,414 - INFO - HTTP Request: GET https://beta-restapi.sarmaaya.pk/api/tradingview/history?symbol=SHDTR1&resolution=D&from=1458068400&to=1773428400 "HTTP/1.1 500 Internal Server Error"
2026-03-14 03:09:33,419 - WARNING -   No history found for SHDTR1
2026-03-14 03:09:34,126 - INFO - [417/502] Syncing SHEZ from 2016-03-16...
2026-03-14 03:09:34,531 - INFO - HTTP Request: GET https://beta-restapi.sarmaaya.pk/api/tradingview/history?symbol=SHEZ&resolution=D&from=1458068400&to=1773428400 "HTTP/1.1 200 OK"
2026-03-14 03:09:36,253 - INFO -   Saved 1914 data points for SHEZ
2026-03-14 03:09:36,962 - INFO - [418/502] Syncing SHFA from 2016-03-16...
2026-03-14 03:09:37,297 - INFO - HTTP Request: GET https://beta-restapi.sarmaaya.pk/api/tradingview/history?symbol=SHFA&resolution=D&from=1458068400&to=1773428400 "HTTP/1.1 200 OK"
2026-03-14 03:09:39,588 - INFO -   Saved 2224 data points for SHFA
2026-03-14 03:09:40,295 - INFO - [419/502] Syncing SHJS from 2016-03-16...
2026-03-14 03:09:41,253 - INFO - HTTP Request: GET https://beta-restapi.sarmaaya.pk/api/tradingview/history?symbol=SHJS&resolution=D&from=1458068400&to=1773428400 "HTTP/1.1 200 OK"
2026-03-14 03:09:42,958 - INFO -   Saved 1433 data points for SHJS
2026-03-14 03:09:43,668 - INFO - [420/502] Syncing SHNI from 2016-03-16...
2026-03-14 03:09:44,468 - INFO - HTTP Request: GET https://beta-restapi.sarmaaya.pk/api/tradingview/history?symbol=SHNI&resolution=D&from=1458068400&to=1773428400 "HTTP/1.1 200 OK"
2026-03-14 03:09:46,191 - INFO -   Saved 1974 data points for SHNI
2026-03-14 03:09:46,902 - INFO - [421/502] Syncing SHSML from 2016-03-16...
2026-03-14 03:09:47,222 - INFO - HTTP Request: GET https://beta-restapi.sarmaaya.pk/api/tradingview/history?symbol=SHSML&resolution=D&from=1458068400&to=1773428400 "HTTP/1.1 200 OK"
2026-03-14 03:09:49,405 - INFO -   Saved 2014 data points for SHSML
2026-03-14 03:09:50,108 - INFO - [422/502] Syncing SIBL from 2016-03-16...
2026-03-14 03:09:50,492 - INFO - HTTP Request: GET https://beta-restapi.sarmaaya.pk/api/tradingview/history?symbol=SIBL&resolution=D&from=1458068400&to=1773428400 "HTTP/1.1 200 OK"
2026-03-14 03:09:52,386 - INFO -   Saved 1328 data points for SIBL
2026-03-14 03:09:53,092 - INFO - [423/502] Syncing SIEM from 2016-03-16...
2026-03-14 03:09:53,781 - INFO - HTTP Request: GET https://beta-restapi.sarmaaya.pk/api/tradingview/history?symbol=SIEM&resolution=D&from=1458068400&to=1773428400 "HTTP/1.1 200 OK"
2026-03-14 03:09:55,969 - INFO -   Saved 2116 data points for SIEM
2026-03-14 03:09:56,674 - INFO - [424/502] Syncing SINDM from 2016-03-16...
2026-03-14 03:09:57,070 - INFO - HTTP Request: GET https://beta-restapi.sarmaaya.pk/api/tradingview/history?symbol=SINDM&resolution=D&from=1458068400&to=1773428400 "HTTP/1.1 200 OK"
2026-03-14 03:09:58,735 - INFO -   Saved 1501 data points for SINDM
2026-03-14 03:09:59,446 - INFO - [425/502] Syncing SITC from 2016-03-16...
2026-03-14 03:09:59,848 - INFO - HTTP Request: GET https://beta-restapi.sarmaaya.pk/api/tradingview/history?symbol=SITC&resolution=D&from=1458068400&to=1773428400 "HTTP/1.1 200 OK"
2026-03-14 03:10:01,867 - INFO -   Saved 2064 data points for SITC
2026-03-14 03:10:02,577 - INFO - [426/502] Syncing SKRS from 2016-03-16...
2026-03-14 03:10:02,962 - INFO - HTTP Request: GET https://beta-restapi.sarmaaya.pk/api/tradingview/history?symbol=SKRS&resolution=D&from=1458068400&to=1773428400 "HTTP/1.1 200 OK"
2026-03-14 03:10:05,080 - INFO -   Saved 2356 data points for SKRS
2026-03-14 03:10:05,786 - INFO - [427/502] Syncing SLGL from 2016-03-16...
2026-03-14 03:10:06,051 - INFO - HTTP Request: GET https://beta-restapi.sarmaaya.pk/api/tradingview/history?symbol=SLGL&resolution=D&from=1458068400&to=1773428400 "HTTP/1.1 500 Internal Server Error"
2026-03-14 03:10:06,053 - WARNING -   No history found for SLGL
2026-03-14 03:10:06,764 - INFO - [428/502] Syncing SLYT from 2016-03-16...
2026-03-14 03:10:07,131 - INFO - HTTP Request: GET https://beta-restapi.sarmaaya.pk/api/tradingview/history?symbol=SLYT&resolution=D&from=1458068400&to=1773428400 "HTTP/1.1 200 OK"
2026-03-14 03:10:08,387 - INFO -   Saved 882 data points for SLYT
2026-03-14 03:10:09,098 - INFO - [429/502] Syncing SMCPL from 2016-03-16...
2026-03-14 03:10:09,586 - INFO - HTTP Request: GET https://beta-restapi.sarmaaya.pk/api/tradingview/history?symbol=SMCPL&resolution=D&from=1458068400&to=1773428400 "HTTP/1.1 200 OK"
2026-03-14 03:10:11,574 - INFO -   Saved 2134 data points for SMCPL
2026-03-14 03:10:12,279 - INFO - [430/502] Syncing SML from 2016-03-16...
2026-03-14 03:10:12,717 - INFO - HTTP Request: GET https://beta-restapi.sarmaaya.pk/api/tradingview/history?symbol=SML&resolution=D&from=1458068400&to=1773428400 "HTTP/1.1 200 OK"
2026-03-14 03:10:14,346 - INFO -   Saved 1715 data points for SML
2026-03-14 03:10:15,056 - INFO - [431/502] Syncing SNAI from 2016-03-16...
2026-03-14 03:10:15,424 - INFO - HTTP Request: GET https://beta-restapi.sarmaaya.pk/api/tradingview/history?symbol=SNAI&resolution=D&from=1458068400&to=1773428400 "HTTP/1.1 200 OK"
2026-03-14 03:10:16,991 - INFO -   Saved 1292 data points for SNAI
2026-03-14 03:10:17,696 - INFO - [432/502] Syncing SNBL from 2016-03-16...
2026-03-14 03:10:18,031 - INFO - HTTP Request: GET https://beta-restapi.sarmaaya.pk/api/tradingview/history?symbol=SNBL&resolution=D&from=1458068400&to=1773428400 "HTTP/1.1 200 OK"
2026-03-14 03:10:20,227 - INFO -   Saved 2340 data points for SNBL
2026-03-14 03:10:20,937 - INFO - [433/502] Syncing SNGP from 2016-03-16...
2026-03-14 03:10:21,361 - INFO - HTTP Request: GET https://beta-restapi.sarmaaya.pk/api/tradingview/history?symbol=SNGP&resolution=D&from=1458068400&to=1773428400 "HTTP/1.1 200 OK"
2026-03-14 03:10:23,478 - INFO -   Saved 2473 data points for SNGP
2026-03-14 03:10:24,188 - INFO - [434/502] Syncing SPEL from 2016-03-16...
2026-03-14 03:10:24,603 - INFO - HTTP Request: GET https://beta-restapi.sarmaaya.pk/api/tradingview/history?symbol=SPEL&resolution=D&from=1458068400&to=1773428400 "HTTP/1.1 200 OK"
2026-03-14 03:10:26,617 - INFO -   Saved 2373 data points for SPEL
2026-03-14 03:10:27,327 - INFO - [435/502] Syncing SPL from 2016-03-16...
2026-03-14 03:10:27,653 - INFO - HTTP Request: GET https://beta-restapi.sarmaaya.pk/api/tradingview/history?symbol=SPL&resolution=D&from=1458068400&to=1773428400 "HTTP/1.1 200 OK"
2026-03-14 03:10:29,968 - INFO -   Saved 2445 data points for SPL
2026-03-14 03:10:30,679 - INFO - [436/502] Syncing SPWL from 2016-03-16...
2026-03-14 03:10:31,113 - INFO - HTTP Request: GET https://beta-restapi.sarmaaya.pk/api/tradingview/history?symbol=SPWL&resolution=D&from=1458068400&to=1773428400 "HTTP/1.1 200 OK"
2026-03-14 03:10:33,246 - INFO -   Saved 2441 data points for SPWL
2026-03-14 03:10:33,949 - INFO - [437/502] Syncing SRR from 2016-03-16...
2026-03-14 03:10:34,222 - INFO - HTTP Request: GET https://beta-restapi.sarmaaya.pk/api/tradingview/history?symbol=SRR&resolution=D&from=1458068400&to=1773428400 "HTTP/1.1 500 Internal Server Error"
2026-03-14 03:10:34,225 - WARNING -   No history found for SRR
2026-03-14 03:10:34,936 - INFO - [438/502] Syncing SRVI from 2016-03-16...
2026-03-14 03:10:35,361 - INFO - HTTP Request: GET https://beta-restapi.sarmaaya.pk/api/tradingview/history?symbol=SRVI&resolution=D&from=1458068400&to=1773428400 "HTTP/1.1 200 OK"
2026-03-14 03:10:37,380 - INFO -   Saved 2393 data points for SRVI
2026-03-14 03:10:38,087 - INFO - [439/502] Syncing SSGC from 2016-03-16...
2026-03-14 03:10:38,521 - INFO - HTTP Request: GET https://beta-restapi.sarmaaya.pk/api/tradingview/history?symbol=SSGC&resolution=D&from=1458068400&to=1773428400 "HTTP/1.1 200 OK"
2026-03-14 03:10:40,601 - INFO -   Saved 2473 data points for SSGC
2026-03-14 03:10:41,312 - INFO - [440/502] Syncing SSML from 2016-03-16...
2026-03-14 03:10:41,708 - INFO - HTTP Request: GET https://beta-restapi.sarmaaya.pk/api/tradingview/history?symbol=SSML&resolution=D&from=1458068400&to=1773428400 "HTTP/1.1 200 OK"
2026-03-14 03:10:43,400 - INFO -   Saved 1957 data points for SSML
2026-03-14 03:10:44,110 - INFO - [441/502] Syncing SSOM from 2016-03-16...
2026-03-14 03:10:44,529 - INFO - HTTP Request: GET https://beta-restapi.sarmaaya.pk/api/tradingview/history?symbol=SSOM&resolution=D&from=1458068400&to=1773428400 "HTTP/1.1 200 OK"
2026-03-14 03:10:46,158 - INFO -   Saved 1744 data points for SSOM
2026-03-14 03:10:46,868 - INFO - [442/502] Syncing STCL from 2016-03-16...
2026-03-14 03:10:47,288 - INFO - HTTP Request: GET https://beta-restapi.sarmaaya.pk/api/tradingview/history?symbol=STCL&resolution=D&from=1458068400&to=1773428400 "HTTP/1.1 200 OK"
2026-03-14 03:10:49,318 - INFO -   Saved 2470 data points for STCL
2026-03-14 03:10:50,027 - INFO - [443/502] Syncing STJT from 2016-03-16...
2026-03-14 03:10:50,400 - INFO - HTTP Request: GET https://beta-restapi.sarmaaya.pk/api/tradingview/history?symbol=STJT&resolution=D&from=1458068400&to=1773428400 "HTTP/1.1 200 OK"
2026-03-14 03:10:51,953 - INFO -   Saved 1295 data points for STJT
2026-03-14 03:10:52,659 - INFO - [444/502] Syncing STL from 2016-03-16...
2026-03-14 03:10:52,915 - INFO - HTTP Request: GET https://beta-restapi.sarmaaya.pk/api/tradingview/history?symbol=STL&resolution=D&from=1458068400&to=1773428400 "HTTP/1.1 500 Internal Server Error"
2026-03-14 03:10:52,915 - WARNING -   No history found for STL
2026-03-14 03:10:53,621 - INFO - [445/502] Syncing STML from 2016-03-16...
2026-03-14 03:10:53,952 - INFO - HTTP Request: GET https://beta-restapi.sarmaaya.pk/api/tradingview/history?symbol=STML&resolution=D&from=1458068400&to=1773428400 "HTTP/1.1 200 OK"
2026-03-14 03:10:55,253 - INFO -   Saved 828 data points for STML
2026-03-14 03:10:55,963 - INFO - [446/502] Syncing STPL from 2016-03-16...
2026-03-14 03:10:56,380 - INFO - HTTP Request: GET https://beta-restapi.sarmaaya.pk/api/tradingview/history?symbol=STPL&resolution=D&from=1458068400&to=1773428400 "HTTP/1.1 200 OK"
2026-03-14 03:10:58,402 - INFO -   Saved 2473 data points for STPL
2026-03-14 03:10:59,108 - INFO - [447/502] Syncing STYLERS from 2016-03-16...
2026-03-14 03:10:59,372 - INFO - HTTP Request: GET https://beta-restapi.sarmaaya.pk/api/tradingview/history?symbol=STYLERS&resolution=D&from=1458068400&to=1773428400 "HTTP/1.1 500 Internal Server Error"
2026-03-14 03:10:59,375 - WARNING -   No history found for STYLERS
2026-03-14 03:11:00,078 - INFO - [448/502] Syncing SUHJ from 2016-03-16...
2026-03-14 03:11:00,385 - INFO - HTTP Request: GET https://beta-restapi.sarmaaya.pk/api/tradingview/history?symbol=SUHJ&resolution=D&from=1458068400&to=1773428400 "HTTP/1.1 200 OK"
2026-03-14 03:11:01,706 - INFO -   Saved 413 data points for SUHJ
2026-03-14 03:11:02,417 - INFO - [449/502] Syncing SURC from 2016-03-16...
2026-03-14 03:11:02,813 - INFO - HTTP Request: GET https://beta-restapi.sarmaaya.pk/api/tradingview/history?symbol=SURC&resolution=D&from=1458068400&to=1773428400 "HTTP/1.1 200 OK"
2026-03-14 03:11:04,424 - INFO -   Saved 1222 data points for SURC
2026-03-14 03:11:05,128 - INFO - [450/502] Syncing SUTM from 2016-03-16...
2026-03-14 03:11:05,507 - INFO - HTTP Request: GET https://beta-restapi.sarmaaya.pk/api/tradingview/history?symbol=SUTM&resolution=D&from=1458068400&to=1773428400 "HTTP/1.1 200 OK"
2026-03-14 03:11:07,060 - INFO -   Saved 1244 data points for SUTM
2026-03-14 03:11:07,770 - INFO - [451/502] Syncing SYM from 2016-03-16...
2026-03-14 03:11:08,028 - INFO - HTTP Request: GET https://beta-restapi.sarmaaya.pk/api/tradingview/history?symbol=SYM&resolution=D&from=1458068400&to=1773428400 "HTTP/1.1 500 Internal Server Error"
2026-03-14 03:11:08,029 - WARNING -   No history found for SYM
2026-03-14 03:11:08,740 - INFO - [452/502] Syncing SYS from 2016-03-16...
2026-03-14 03:11:09,183 - INFO - HTTP Request: GET https://beta-restapi.sarmaaya.pk/api/tradingview/history?symbol=SYS&resolution=D&from=1458068400&to=1773428400 "HTTP/1.1 200 OK"
2026-03-14 03:11:11,430 - INFO -   Saved 2460 data points for SYS
2026-03-14 03:11:12,138 - INFO - [453/502] Syncing SZTM from 2016-03-16...
2026-03-14 03:11:12,427 - INFO - HTTP Request: GET https://beta-restapi.sarmaaya.pk/api/tradingview/history?symbol=SZTM&resolution=D&from=1458068400&to=1773428400 "HTTP/1.1 200 OK"
2026-03-14 03:11:13,688 - INFO -   Saved 352 data points for SZTM
2026-03-14 03:11:14,399 - INFO - [454/502] Syncing TATM from 2016-03-16...
2026-03-14 03:11:14,812 - INFO - HTTP Request: GET https://beta-restapi.sarmaaya.pk/api/tradingview/history?symbol=TATM&resolution=D&from=1458068400&to=1773428400 "HTTP/1.1 200 OK"
2026-03-14 03:11:16,481 - INFO -   Saved 1663 data points for TATM
2026-03-14 03:11:17,191 - INFO - [455/502] Syncing TBL from 2016-03-16...
2026-03-14 03:11:17,449 - INFO - HTTP Request: GET https://beta-restapi.sarmaaya.pk/api/tradingview/history?symbol=TBL&resolution=D&from=1458068400&to=1773428400 "HTTP/1.1 500 Internal Server Error"
2026-03-14 03:11:17,450 - WARNING -   No history found for TBL
2026-03-14 03:11:18,157 - INFO - [456/502] Syncing TCORP from 2016-03-16...
2026-03-14 03:11:18,433 - INFO - HTTP Request: GET https://beta-restapi.sarmaaya.pk/api/tradingview/history?symbol=TCORP&resolution=D&from=1458068400&to=1773428400 "HTTP/1.1 500 Internal Server Error"
2026-03-14 03:11:18,434 - WARNING -   No history found for TCORP
2026-03-14 03:11:19,142 - INFO - [457/502] Syncing TCORPCPS from 2016-03-16...
2026-03-14 03:11:19,400 - INFO - HTTP Request: GET https://beta-restapi.sarmaaya.pk/api/tradingview/history?symbol=TCORPCPS&resolution=D&from=1458068400&to=1773428400 "HTTP/1.1 500 Internal Server Error"
2026-03-14 03:11:19,401 - WARNING -   No history found for TCORPCPS
2026-03-14 03:11:20,111 - INFO - [458/502] Syncing TELE from 2016-03-16...
2026-03-14 03:11:20,548 - INFO - HTTP Request: GET https://beta-restapi.sarmaaya.pk/api/tradingview/history?symbol=TELE&resolution=D&from=1458068400&to=1773428400 "HTTP/1.1 200 OK"
2026-03-14 03:11:22,764 - INFO -   Saved 2471 data points for TELE
2026-03-14 03:11:23,475 - INFO - [459/502] Syncing TGL from 2016-03-16...
2026-03-14 03:11:23,909 - INFO - HTTP Request: GET https://beta-restapi.sarmaaya.pk/api/tradingview/history?symbol=TGL&resolution=D&from=1458068400&to=1773428400 "HTTP/1.1 200 OK"
2026-03-14 03:11:26,042 - INFO -   Saved 2471 data points for TGL
2026-03-14 03:11:26,743 - INFO - [460/502] Syncing THALL from 2016-03-16...
2026-03-14 03:11:27,179 - INFO - HTTP Request: GET https://beta-restapi.sarmaaya.pk/api/tradingview/history?symbol=THALL&resolution=D&from=1458068400&to=1773428400 "HTTP/1.1 200 OK"
2026-03-14 03:11:29,378 - INFO -   Saved 2428 data points for THALL
2026-03-14 03:11:30,084 - INFO - [461/502] Syncing THCCL from 2016-03-16...
2026-03-14 03:11:30,518 - INFO - HTTP Request: GET https://beta-restapi.sarmaaya.pk/api/tradingview/history?symbol=THCCL&resolution=D&from=1458068400&to=1773428400 "HTTP/1.1 200 OK"
2026-03-14 03:11:32,764 - INFO -   Saved 2440 data points for THCCL
2026-03-14 03:11:33,474 - INFO - [462/502] Syncing TICL from 2016-03-16...
2026-03-14 03:11:33,865 - INFO - HTTP Request: GET https://beta-restapi.sarmaaya.pk/api/tradingview/history?symbol=TICL&resolution=D&from=1458068400&to=1773428400 "HTTP/1.1 200 OK"
2026-03-14 03:11:35,527 - INFO -   Saved 1238 data points for TICL
2026-03-14 03:11:36,229 - INFO - [463/502] Syncing TOMCL from 2016-03-16...
2026-03-14 03:11:36,649 - INFO - HTTP Request: GET https://beta-restapi.sarmaaya.pk/api/tradingview/history?symbol=TOMCL&resolution=D&from=1458068400&to=1773428400 "HTTP/1.1 200 OK"
2026-03-14 03:11:38,346 - INFO -   Saved 1389 data points for TOMCL
2026-03-14 03:11:39,057 - INFO - [464/502] Syncing TOWL from 2016-03-16...
2026-03-14 03:11:39,469 - INFO - HTTP Request: GET https://beta-restapi.sarmaaya.pk/api/tradingview/history?symbol=TOWL&resolution=D&from=1458068400&to=1773428400 "HTTP/1.1 200 OK"
2026-03-14 03:11:41,334 - INFO -   Saved 1777 data points for TOWL
2026-03-14 03:11:42,040 - INFO - [465/502] Syncing TPL from 2016-03-16...
2026-03-14 03:11:43,261 - INFO - HTTP Request: GET https://beta-restapi.sarmaaya.pk/api/tradingview/history?symbol=TPL&resolution=D&from=1458068400&to=1773428400 "HTTP/1.1 200 OK"
2026-03-14 03:11:45,318 - INFO -   Saved 2472 data points for TPL
2026-03-14 03:11:46,024 - INFO - [466/502] Syncing TPLI from 2016-03-16...
2026-03-14 03:11:46,672 - INFO - HTTP Request: GET https://beta-restapi.sarmaaya.pk/api/tradingview/history?symbol=TPLI&resolution=D&from=1458068400&to=1773428400 "HTTP/1.1 200 OK"
2026-03-14 03:11:48,344 - INFO -   Saved 1541 data points for TPLI
2026-03-14 03:11:49,055 - INFO - [467/502] Syncing TPLL from 2016-03-16...
2026-03-14 03:11:49,321 - INFO - HTTP Request: GET https://beta-restapi.sarmaaya.pk/api/tradingview/history?symbol=TPLL&resolution=D&from=1458068400&to=1773428400 "HTTP/1.1 500 Internal Server Error"
2026-03-14 03:11:49,323 - WARNING -   No history found for TPLL
2026-03-14 03:11:50,027 - INFO - [468/502] Syncing TPLP from 2016-03-16...
2026-03-14 03:11:50,436 - INFO - HTTP Request: GET https://beta-restapi.sarmaaya.pk/api/tradingview/history?symbol=TPLP&resolution=D&from=1458068400&to=1773428400 "HTTP/1.1 200 OK"
2026-03-14 03:11:52,501 - INFO -   Saved 2050 data points for TPLP
2026-03-14 03:11:53,208 - INFO - [469/502] Syncing TPLRF1 from 2016-03-16...
2026-03-14 03:11:53,471 - INFO - HTTP Request: GET https://beta-restapi.sarmaaya.pk/api/tradingview/history?symbol=TPLRF1&resolution=D&from=1458068400&to=1773428400 "HTTP/1.1 500 Internal Server Error"
2026-03-14 03:11:53,474 - WARNING -   No history found for TPLRF1
2026-03-14 03:11:54,185 - INFO - [470/502] Syncing TPLT from 2016-03-16...
2026-03-14 03:11:54,571 - INFO - HTTP Request: GET https://beta-restapi.sarmaaya.pk/api/tradingview/history?symbol=TPLT&resolution=D&from=1458068400&to=1773428400 "HTTP/1.1 200 OK"
2026-03-14 03:11:56,136 - INFO -   Saved 1336 data points for TPLT
2026-03-14 03:11:56,845 - INFO - [471/502] Syncing TREET from 2016-03-16...
2026-03-14 03:11:57,273 - INFO - HTTP Request: GET https://beta-restapi.sarmaaya.pk/api/tradingview/history?symbol=TREET&resolution=D&from=1458068400&to=1773428400 "HTTP/1.1 200 OK"
2026-03-14 03:11:59,571 - INFO -   Saved 2473 data points for TREET
2026-03-14 03:12:00,287 - INFO - [472/502] Syncing TRG from 2016-03-16...
2026-03-14 03:12:00,848 - INFO - HTTP Request: GET https://beta-restapi.sarmaaya.pk/api/tradingview/history?symbol=TRG&resolution=D&from=1458068400&to=1773428400 "HTTP/1.1 200 OK"
2026-03-14 03:12:02,952 - INFO -   Saved 2473 data points for TRG
2026-03-14 03:12:03,663 - INFO - [473/502] Syncing TRIPF from 2016-03-16...
2026-03-14 03:12:04,146 - INFO - HTTP Request: GET https://beta-restapi.sarmaaya.pk/api/tradingview/history?symbol=TRIPF&resolution=D&from=1458068400&to=1773428400 "HTTP/1.1 200 OK"
2026-03-14 03:12:06,247 - INFO -   Saved 2324 data points for TRIPF
2026-03-14 03:12:06,957 - INFO - [474/502] Syncing TRSM from 2016-03-16...
2026-03-14 03:12:07,354 - INFO - HTTP Request: GET https://beta-restapi.sarmaaya.pk/api/tradingview/history?symbol=TRSM&resolution=D&from=1458068400&to=1773428400 "HTTP/1.1 200 OK"
2026-03-14 03:12:09,106 - INFO -   Saved 1188 data points for TRSM
2026-03-14 03:12:09,817 - INFO - [475/502] Syncing TSBL from 2016-03-16...
2026-03-14 03:12:10,194 - INFO - HTTP Request: GET https://beta-restapi.sarmaaya.pk/api/tradingview/history?symbol=TSBL&resolution=D&from=1458068400&to=1773428400 "HTTP/1.1 200 OK"
2026-03-14 03:12:11,910 - INFO -   Saved 1146 data points for TSBL
2026-03-14 03:12:12,619 - INFO - [476/502] Syncing TSBLR1 from 2016-03-16...
2026-03-14 03:12:12,907 - INFO - HTTP Request: GET https://beta-restapi.sarmaaya.pk/api/tradingview/history?symbol=TSBLR1&resolution=D&from=1458068400&to=1773428400 "HTTP/1.1 500 Internal Server Error"
2026-03-14 03:12:12,909 - WARNING -   No history found for TSBLR1
2026-03-14 03:12:13,623 - INFO - [477/502] Syncing TSMF from 2016-03-16...
2026-03-14 03:12:14,032 - INFO - HTTP Request: GET https://beta-restapi.sarmaaya.pk/api/tradingview/history?symbol=TSMF&resolution=D&from=1458068400&to=1773428400 "HTTP/1.1 200 OK"
2026-03-14 03:12:15,712 - INFO -   Saved 1526 data points for TSMF
2026-03-14 03:12:16,421 - INFO - [478/502] Syncing TSML from 2016-03-16...
2026-03-14 03:12:16,800 - INFO - HTTP Request: GET https://beta-restapi.sarmaaya.pk/api/tradingview/history?symbol=TSML&resolution=D&from=1458068400&to=1773428400 "HTTP/1.1 200 OK"
2026-03-14 03:12:18,106 - INFO -   Saved 856 data points for TSML
2026-03-14 03:12:18,816 - INFO - [479/502] Syncing TSPL from 2016-03-16...
2026-03-14 03:12:19,240 - INFO - HTTP Request: GET https://beta-restapi.sarmaaya.pk/api/tradingview/history?symbol=TSPL&resolution=D&from=1458068400&to=1773428400 "HTTP/1.1 200 OK"
2026-03-14 03:12:22,008 - INFO -   Saved 2397 data points for TSPL
2026-03-14 03:12:22,719 - INFO - [480/502] Syncing UBDL from 2016-03-16...
2026-03-14 03:12:23,142 - INFO - HTTP Request: GET https://beta-restapi.sarmaaya.pk/api/tradingview/history?symbol=UBDL&resolution=D&from=1458068400&to=1773428400 "HTTP/1.1 200 OK"
2026-03-14 03:12:24,832 - INFO -   Saved 1793 data points for UBDL
2026-03-14 03:12:25,540 - INFO - [481/502] Syncing UBL from 2016-03-16...
2026-03-14 03:12:25,965 - INFO - HTTP Request: GET https://beta-restapi.sarmaaya.pk/api/tradingview/history?symbol=UBL&resolution=D&from=1458068400&to=1773428400 "HTTP/1.1 200 OK"
2026-03-14 03:12:28,158 - INFO -   Saved 2473 data points for UBL
2026-03-14 03:12:28,869 - INFO - [482/502] Syncing UBLPETF from 2016-03-16...
2026-03-14 03:12:29,235 - INFO - HTTP Request: GET https://beta-restapi.sarmaaya.pk/api/tradingview/history?symbol=UBLPETF&resolution=D&from=1458068400&to=1773428400 "HTTP/1.1 200 OK"
2026-03-14 03:12:30,604 - INFO -   Saved 703 data points for UBLPETF
2026-03-14 03:12:31,314 - INFO - [483/502] Syncing UCAPM from 2016-03-16...
2026-03-14 03:12:31,743 - INFO - HTTP Request: GET https://beta-restapi.sarmaaya.pk/api/tradingview/history?symbol=UCAPM&resolution=D&from=1458068400&to=1773428400 "HTTP/1.1 200 OK"
2026-03-14 03:12:33,584 - INFO -   Saved 1906 data points for UCAPM
2026-03-14 03:12:34,285 - INFO - [484/502] Syncing UDLI from 2016-03-16...
2026-03-14 03:12:34,572 - INFO - HTTP Request: GET https://beta-restapi.sarmaaya.pk/api/tradingview/history?symbol=UDLI&resolution=D&from=1458068400&to=1773428400 "HTTP/1.1 500 Internal Server Error"
2026-03-14 03:12:34,574 - WARNING -   No history found for UDLI
2026-03-14 03:12:35,277 - INFO - [485/502] Syncing UDPL from 2016-03-16...
2026-03-14 03:12:35,687 - INFO - HTTP Request: GET https://beta-restapi.sarmaaya.pk/api/tradingview/history?symbol=UDPL&resolution=D&from=1458068400&to=1773428400 "HTTP/1.1 200 OK"
2026-03-14 03:12:37,357 - INFO -   Saved 1491 data points for UDPL
2026-03-14 03:12:38,068 - INFO - [486/502] Syncing UNIC from 2016-03-16...
2026-03-14 03:12:38,490 - INFO - HTTP Request: GET https://beta-restapi.sarmaaya.pk/api/tradingview/history?symbol=UNIC&resolution=D&from=1458068400&to=1773428400 "HTTP/1.1 200 OK"
2026-03-14 03:12:40,552 - INFO -   Saved 2286 data points for UNIC
2026-03-14 03:12:41,252 - INFO - [487/502] Syncing UNITY from 2016-03-16...
2026-03-14 03:12:41,677 - INFO - HTTP Request: GET https://beta-restapi.sarmaaya.pk/api/tradingview/history?symbol=UNITY&resolution=D&from=1458068400&to=1773428400 "HTTP/1.1 200 OK"
2026-03-14 03:12:43,762 - INFO -   Saved 2379 data points for UNITY
2026-03-14 03:12:44,468 - INFO - [488/502] Syncing UPFL from 2016-03-16...
2026-03-14 03:12:45,031 - INFO - HTTP Request: GET https://beta-restapi.sarmaaya.pk/api/tradingview/history?symbol=UPFL&resolution=D&from=1458068400&to=1773428400 "HTTP/1.1 200 OK"
2026-03-14 03:12:46,664 - INFO -   Saved 1262 data points for UPFL
2026-03-14 03:12:47,374 - INFO - [489/502] Syncing UVIC from 2016-03-16...
2026-03-14 03:12:47,771 - INFO - HTTP Request: GET https://beta-restapi.sarmaaya.pk/api/tradingview/history?symbol=UVIC&resolution=D&from=1458068400&to=1773428400 "HTTP/1.1 200 OK"
2026-03-14 03:12:49,652 - INFO -   Saved 1289 data points for UVIC
2026-03-14 03:12:50,355 - INFO - [490/502] Syncing WAFI from 2016-03-16...
2026-03-14 03:12:50,619 - INFO - HTTP Request: GET https://beta-restapi.sarmaaya.pk/api/tradingview/history?symbol=WAFI&resolution=D&from=1458068400&to=1773428400 "HTTP/1.1 500 Internal Server Error"
2026-03-14 03:12:50,619 - WARNING -   No history found for WAFI
2026-03-14 03:12:51,330 - INFO - [491/502] Syncing WAHN from 2016-03-16...
2026-03-14 03:12:51,768 - INFO - HTTP Request: GET https://beta-restapi.sarmaaya.pk/api/tradingview/history?symbol=WAHN&resolution=D&from=1458068400&to=1773428400 "HTTP/1.1 200 OK"
2026-03-14 03:12:53,521 - INFO -   Saved 1852 data points for WAHN
2026-03-14 03:12:54,227 - INFO - [492/502] Syncing WASL from 2016-03-16...
2026-03-14 03:12:54,513 - INFO - HTTP Request: GET https://beta-restapi.sarmaaya.pk/api/tradingview/history?symbol=WASL&resolution=D&from=1458068400&to=1773428400 "HTTP/1.1 500 Internal Server Error"
2026-03-14 03:12:54,516 - WARNING -   No history found for WASL
2026-03-14 03:12:55,217 - INFO - [493/502] Syncing WASLR from 2016-03-16...
2026-03-14 03:12:55,489 - INFO - HTTP Request: GET https://beta-restapi.sarmaaya.pk/api/tradingview/history?symbol=WASLR&resolution=D&from=1458068400&to=1773428400 "HTTP/1.1 500 Internal Server Error"
2026-03-14 03:12:55,490 - WARNING -   No history found for WASLR
2026-03-14 03:12:56,201 - INFO - [494/502] Syncing WAVES from 2016-03-16...
2026-03-14 03:12:56,668 - INFO - HTTP Request: GET https://beta-restapi.sarmaaya.pk/api/tradingview/history?symbol=WAVES&resolution=D&from=1458068400&to=1773428400 "HTTP/1.1 200 OK"
2026-03-14 03:12:58,852 - INFO -   Saved 2473 data points for WAVES
2026-03-14 03:12:59,563 - INFO - [495/502] Syncing WAVESAPP from 2016-03-16...
2026-03-14 03:12:59,841 - INFO - HTTP Request: GET https://beta-restapi.sarmaaya.pk/api/tradingview/history?symbol=WAVESAPP&resolution=D&from=1458068400&to=1773428400 "HTTP/1.1 500 Internal Server Error"
2026-03-14 03:12:59,843 - WARNING -   No history found for WAVESAPP
2026-03-14 03:13:00,549 - INFO - [496/502] Syncing WTL from 2016-03-16...
2026-03-14 03:13:01,227 - INFO - HTTP Request: GET https://beta-restapi.sarmaaya.pk/api/tradingview/history?symbol=WTL&resolution=D&from=1458068400&to=1773428400 "HTTP/1.1 200 OK"
2026-03-14 03:13:03,462 - INFO -   Saved 2473 data points for WTL
2026-03-14 03:13:04,181 - INFO - [497/502] Syncing YOUW from 2016-03-16...
2026-03-14 03:13:04,604 - INFO - HTTP Request: GET https://beta-restapi.sarmaaya.pk/api/tradingview/history?symbol=YOUW&resolution=D&from=1458068400&to=1773428400 "HTTP/1.1 200 OK"
2026-03-14 03:13:06,776 - INFO -   Saved 2430 data points for YOUW
2026-03-14 03:13:07,486 - INFO - [498/502] Syncing ZAHID from 2016-03-16...
2026-03-14 03:13:07,902 - INFO - HTTP Request: GET https://beta-restapi.sarmaaya.pk/api/tradingview/history?symbol=ZAHID&resolution=D&from=1458068400&to=1773428400 "HTTP/1.1 200 OK"
2026-03-14 03:13:09,641 - INFO -   Saved 1492 data points for ZAHID
2026-03-14 03:13:10,351 - INFO - [499/502] Syncing ZAL from 2016-03-16...
2026-03-14 03:13:10,653 - INFO - HTTP Request: GET https://beta-restapi.sarmaaya.pk/api/tradingview/history?symbol=ZAL&resolution=D&from=1458068400&to=1773428400 "HTTP/1.1 200 OK"
2026-03-14 03:13:11,961 - INFO -   Saved 261 data points for ZAL
2026-03-14 03:13:12,671 - INFO - [500/502] Syncing ZIL from 2016-03-16...
2026-03-14 03:13:13,077 - INFO - HTTP Request: GET https://beta-restapi.sarmaaya.pk/api/tradingview/history?symbol=ZIL&resolution=D&from=1458068400&to=1773428400 "HTTP/1.1 200 OK"
2026-03-14 03:13:14,750 - INFO -   Saved 1756 data points for ZIL
2026-03-14 03:13:15,452 - INFO - [501/502] Syncing ZTL from 2016-03-16...
2026-03-14 03:13:15,860 - INFO - HTTP Request: GET https://beta-restapi.sarmaaya.pk/api/tradingview/history?symbol=ZTL&resolution=D&from=1458068400&to=1773428400 "HTTP/1.1 200 OK"
2026-03-14 03:13:17,507 - INFO -   Saved 1607 data points for ZTL
2026-03-14 03:13:18,215 - INFO - [502/502] Syncing ZUMA from 2016-03-16...
2026-03-14 03:13:18,500 - INFO - HTTP Request: GET https://beta-restapi.sarmaaya.pk/api/tradingview/history?symbol=ZUMA&resolution=D&from=1458068400&to=1773428400 "HTTP/1.1 500 Internal Server Error"
2026-03-14 03:13:18,504 - WARNING -   No history found for ZUMA
2026-03-14 03:13:19,211 - INFO - Bulk sync finished! Synced 445 NEW symbols.
