2026-03-14 01:34:38,461 - INFO - Starting Bulk Mutual Fund Sync (5 years)...
2026-03-14 01:34:47,598 - INFO - Fetching mutual fund list...
2026-03-14 01:34:48,380 - INFO - HTTP Request: GET https://beta-restapi.sarmaaya.pk/api/mutual-funds?page=1&limit=100 "HTTP/1.1 200 OK"
2026-03-14 01:34:48,851 - INFO - HTTP Request: GET https://beta-restapi.sarmaaya.pk/api/mutual-funds?page=2&limit=100 "HTTP/1.1 200 OK"
2026-03-14 01:34:49,399 - INFO - HTTP Request: GET https://beta-restapi.sarmaaya.pk/api/mutual-funds?page=3&limit=100 "HTTP/1.1 200 OK"
2026-03-14 01:34:50,043 - INFO - HTTP Request: GET https://beta-restapi.sarmaaya.pk/api/mutual-funds?page=4&limit=100 "HTTP/1.1 200 OK"
2026-03-14 01:34:50,604 - INFO - HTTP Request: GET https://beta-restapi.sarmaaya.pk/api/mutual-funds?page=5&limit=100 "HTTP/1.1 200 OK"
2026-03-14 01:34:51,133 - INFO - HTTP Request: GET https://beta-restapi.sarmaaya.pk/api/mutual-funds?page=6&limit=100 "HTTP/1.1 200 OK"
2026-03-14 01:34:51,769 - INFO - HTTP Request: GET https://beta-restapi.sarmaaya.pk/api/mutual-funds?page=7&limit=100 "HTTP/1.1 200 OK"
2026-03-14 01:34:51,769 - INFO - Sarmaaya cache refreshed: 514 fund NAVs loaded
2026-03-14 01:34:51,769 - INFO - Total funds: 615. Remaining: 615
2026-03-14 01:34:51,769 - INFO - [1/615] Syncing fund: Alhamra Wada Fund (Alhamra Wada Plan XV)...
/Users/nasir41/Downloads/PSXPortfolio/psx-tracker/scripts/mutual_fund_sync.py:71: DeprecationWarning: datetime.datetime.utcnow() is deprecated and scheduled for removal in a future version. Use timezone-aware objects to represent datetimes in UTC: datetime.datetime.now(datetime.UTC).
  from_date = (datetime.utcnow() - timedelta(days=days)).strftime("%Y-%m-%d")
/Users/nasir41/Downloads/PSXPortfolio/psx-tracker/scripts/mutual_fund_sync.py:72: DeprecationWarning: datetime.datetime.utcnow() is deprecated and scheduled for removal in a future version. Use timezone-aware objects to represent datetimes in UTC: datetime.datetime.now(datetime.UTC).
  to_date = datetime.utcnow().strftime("%Y-%m-%d")
2026-03-14 01:34:52,874 - INFO - HTTP Request: GET https://beta-restapi.sarmaaya.pk/api/mutual-funds/nav-history/bf52e02b-bebe-4bd9-aee4-c302d4e55938?days=1827 "HTTP/1.1 200 OK"
2026-03-14 01:34:54,085 - INFO -   Saved 27 NAV points for Alhamra Wada Fund (Alhamra Wada Plan XV)
2026-03-14 01:34:54,590 - INFO - [2/615] Syncing fund: Alfalah Islamic Stable Return Fund Plan IX...
2026-03-14 01:34:56,008 - INFO - HTTP Request: GET https://beta-restapi.sarmaaya.pk/api/mutual-funds/nav-history/d8596749-73e3-4ddc-a8be-e5d17b35584d?days=1827 "HTTP/1.1 200 OK"
2026-03-14 01:34:57,198 - INFO -   Saved 29 NAV points for Alfalah Islamic Stable Return Fund Plan IX
2026-03-14 01:34:57,703 - INFO - [3/615] Syncing fund: Meezan Paidaar Munafa Plan XXXII...
2026-03-14 01:34:59,277 - INFO - HTTP Request: GET https://beta-restapi.sarmaaya.pk/api/mutual-funds/nav-history/bbd92b9f-6ac6-4f2c-a723-eec77680c532?days=1827 "HTTP/1.1 200 OK"
2026-03-14 01:35:00,475 - INFO -   Saved 17 NAV points for Meezan Paidaar Munafa Plan XXXII
2026-03-14 01:35:00,981 - INFO - [4/615] Syncing fund: AL Habib Fixed Return Fund Plan 25...
2026-03-14 01:35:03,017 - INFO - HTTP Request: GET https://beta-restapi.sarmaaya.pk/api/mutual-funds/nav-history/98117160-7bf5-45ac-be47-72dfa17d7dfd?days=1827 "HTTP/1.1 200 OK"
2026-03-14 01:35:04,238 - INFO -   Saved 103 NAV points for AL Habib Fixed Return Fund Plan 25
2026-03-14 01:35:04,742 - INFO - [5/615] Syncing fund: MCB Punjab Pension Fund...
2026-03-14 01:35:05,925 - INFO - HTTP Request: GET https://beta-restapi.sarmaaya.pk/api/mutual-funds/nav-history/24b79e49-7929-4aa4-a54e-61bc0449c5e3?days=1827 "HTTP/1.1 200 OK"
2026-03-14 01:35:07,108 - INFO -   Saved 1 NAV points for MCB Punjab Pension Fund
2026-03-14 01:35:07,613 - INFO - [6/615] Syncing fund: Lucky Islamic Fixed Term Fund Plan VII...
2026-03-14 01:35:09,404 - INFO - HTTP Request: GET https://beta-restapi.sarmaaya.pk/api/mutual-funds/nav-history/5c9bb760-ae47-466b-ad1b-3907f95c2e64?days=1827 "HTTP/1.1 200 OK"
2026-03-14 01:35:10,601 - INFO -   Saved 91 NAV points for Lucky Islamic Fixed Term Fund Plan VII
2026-03-14 01:35:11,104 - INFO - [7/615] Syncing fund: Lucky Islamic Fixed Term Fund Plan IX...
2026-03-14 01:35:12,125 - INFO - HTTP Request: GET https://beta-restapi.sarmaaya.pk/api/mutual-funds/nav-history/3eea0f53-bf97-418b-a399-422753788ded?days=1827 "HTTP/1.1 200 OK"
2026-03-14 01:35:13,319 - INFO -   Saved 56 NAV points for Lucky Islamic Fixed Term Fund Plan IX
2026-03-14 01:35:13,825 - INFO - [8/615] Syncing fund: NBP Islamic Principal Protection Fund I (NBP Islamic Principal Protection Plan II)...
2026-03-14 01:35:15,494 - INFO - HTTP Request: GET https://beta-restapi.sarmaaya.pk/api/mutual-funds/nav-history/7b259de3-942b-4f3f-9da8-c5fc9e879f5f?days=1827 "HTTP/1.1 200 OK"
2026-03-14 01:35:16,689 - INFO -   Saved 84 NAV points for NBP Islamic Principal Protection Fund I (NBP Islamic Principal Protection Plan II)
2026-03-14 01:35:17,195 - INFO - [9/615] Syncing fund: JS Punjab Pension Fund...
2026-03-14 01:35:18,829 - INFO - HTTP Request: GET https://beta-restapi.sarmaaya.pk/api/mutual-funds/nav-history/3c1745bb-253c-41f7-923a-797b2e99d611?days=1827 "HTTP/1.1 200 OK"
2026-03-14 01:35:20,027 - INFO -   Saved 79 NAV points for JS Punjab Pension Fund
2026-03-14 01:35:20,530 - INFO - [10/615] Syncing fund: Lucky Islamic Fixed Term Fund Plan X...
2026-03-14 01:35:21,374 - INFO - HTTP Request: GET https://beta-restapi.sarmaaya.pk/api/mutual-funds/nav-history/5a3b22db-2afa-4b30-b7c0-5cc6f9558c11?days=1827 "HTTP/1.1 200 OK"
2026-03-14 01:35:22,568 - INFO -   Saved 38 NAV points for Lucky Islamic Fixed Term Fund Plan X
2026-03-14 01:35:23,073 - INFO - [11/615] Syncing fund: MCB Punjab Pension Fund...
2026-03-14 01:35:25,226 - INFO - HTTP Request: GET https://beta-restapi.sarmaaya.pk/api/mutual-funds/nav-history/24b79e49-7929-4aa4-a54e-61bc0449c5e3?days=1827 "HTTP/1.1 200 OK"
2026-03-14 01:35:26,412 - INFO -   Saved 1 NAV points for MCB Punjab Pension Fund
2026-03-14 01:35:26,918 - INFO - [12/615] Syncing fund: Alfalah Stable Return Fund Plan XXVII...
2026-03-14 01:35:28,878 - INFO - HTTP Request: GET https://beta-restapi.sarmaaya.pk/api/mutual-funds/nav-history/5b4079e3-eeea-46c3-a89e-0a0b44bb44ce?days=1827 "HTTP/1.1 200 OK"
2026-03-14 01:35:30,574 - INFO -   Saved 5 NAV points for Alfalah Stable Return Fund Plan XXVII
2026-03-14 01:35:31,080 - INFO - [13/615] Syncing fund: Faysal Islamic Financial Growth Fund II...
2026-03-14 01:35:32,858 - INFO - HTTP Request: GET https://beta-restapi.sarmaaya.pk/api/mutual-funds/nav-history/65c67c7e-d20a-4455-beb6-fb486ff43173?days=1827 "HTTP/1.1 200 OK"
2026-03-14 01:35:34,060 - INFO -   Saved 94 NAV points for Faysal Islamic Financial Growth Fund II
2026-03-14 01:35:34,566 - INFO - [14/615] Syncing fund: Faysal Islamic Mustakil Munafa Fund (Faysal Islamic Mehdood Muddat Plan XV)...
2026-03-14 01:35:36,757 - INFO - HTTP Request: GET https://beta-restapi.sarmaaya.pk/api/mutual-funds/nav-history/2e245104-e1c6-4f93-b604-1be111fd38db?days=1827 "HTTP/1.1 200 OK"
2026-03-14 01:35:37,951 - INFO -   Saved 91 NAV points for Faysal Islamic Mustakil Munafa Fund (Faysal Islamic Mehdood Muddat Plan XV)
2026-03-14 01:35:38,457 - INFO - [15/615] Syncing fund: NBP Fixed Term Munafa Plan XVIIA (NBP Mustahkam Fund II)...
2026-03-14 01:35:39,300 - INFO - HTTP Request: GET https://beta-restapi.sarmaaya.pk/api/mutual-funds/nav-history/afb43b46-3284-426e-9d15-66943d844da5?days=1827 "HTTP/1.1 200 OK"
2026-03-14 01:35:40,496 - INFO -   Saved 82 NAV points for NBP Fixed Term Munafa Plan XVIIA (NBP Mustahkam Fund II)
2026-03-14 01:35:40,997 - INFO - [16/615] Syncing fund: JS Fixed Term Munafa Fund II (JS Fixed Term Munafa Plan VIII)...
2026-03-14 01:35:42,189 - INFO - HTTP Request: GET https://beta-restapi.sarmaaya.pk/api/mutual-funds/nav-history/63fcd409-0ff1-40fc-b68e-37c05a2b4eb2?days=1827 "HTTP/1.1 200 OK"
2026-03-14 01:35:43,687 - INFO -   Saved 5 NAV points for JS Fixed Term Munafa Fund II (JS Fixed Term Munafa Plan VIII)
2026-03-14 01:35:44,193 - INFO - [17/615] Syncing fund: JS Islamic Sarmaya Mehfooz Fund Plan 2 2020...
2026-03-14 01:35:45,706 - INFO - HTTP Request: GET https://beta-restapi.sarmaaya.pk/api/mutual-funds/nav-history/31403478-10f0-4a6f-8706-dec02e61d5c0?days=1827 "HTTP/1.1 200 OK"
2026-03-14 01:35:46,946 - INFO -   Saved 92 NAV points for JS Islamic Sarmaya Mehfooz Fund Plan 2 2020
2026-03-14 01:35:47,452 - INFO - [18/615] Syncing fund: Pak Qatar GoKP Islamic Pension Fund...
2026-03-14 01:35:48,621 - INFO - HTTP Request: GET https://beta-restapi.sarmaaya.pk/api/mutual-funds/nav-history/6a365d45-c6f4-413d-812d-8fb5860b51fe?days=1827 "HTTP/1.1 500 Internal Server Error"
2026-03-14 01:35:48,621 - WARNING - Failed to fetch MF history for Pak Qatar GoKP Islamic Pension Fund: Server error '500 Internal Server Error' for url 'https://beta-restapi.sarmaaya.pk/api/mutual-funds/nav-history/6a365d45-c6f4-413d-812d-8fb5860b51fe?days=1827'
For more information check: https://developer.mozilla.org/en-US/docs/Web/HTTP/Status/500
2026-03-14 01:35:48,621 - WARNING -   No history found for Pak Qatar GoKP Islamic Pension Fund
2026-03-14 01:35:49,122 - INFO - [19/615] Syncing fund: NBP Islamic Fixed Term Munafa Plan X (NBP Islamic Mustahkam Fund)...
2026-03-14 01:35:50,715 - INFO - HTTP Request: GET https://beta-restapi.sarmaaya.pk/api/mutual-funds/nav-history/66d5e346-336b-4df3-92f6-66491b1a5bad?days=1827 "HTTP/1.1 200 OK"
2026-03-14 01:35:51,959 - INFO -   Saved 33 NAV points for NBP Islamic Fixed Term Munafa Plan X (NBP Islamic Mustahkam Fund)
2026-03-14 01:35:52,464 - INFO - [20/615] Syncing fund: NBP Islamic Fixed Term Munafa Plan VIA (NBP Islamic Mustahkam Fund)...
2026-03-14 01:35:54,540 - INFO - HTTP Request: GET https://beta-restapi.sarmaaya.pk/api/mutual-funds/nav-history/be641e19-8468-479e-b41a-3a161d8ec7f6?days=1827 "HTTP/1.1 200 OK"
2026-03-14 01:35:55,724 - INFO -   Saved 9 NAV points for NBP Islamic Fixed Term Munafa Plan VIA (NBP Islamic Mustahkam Fund)
2026-03-14 01:35:56,229 - INFO - [21/615] Syncing fund: Meezan Paidaar Munafa Plan 36...
2026-03-14 01:35:57,802 - INFO - HTTP Request: GET https://beta-restapi.sarmaaya.pk/api/mutual-funds/nav-history/edb8800e-08f6-4e85-a028-768676f2b0f3?days=1827 "HTTP/1.1 200 OK"
2026-03-14 01:35:58,994 - INFO -   Saved 53 NAV points for Meezan Paidaar Munafa Plan 36
2026-03-14 01:35:59,498 - INFO - [22/615] Syncing fund: AL Habib Fixed Return Fund Plan 28...
2026-03-14 01:36:01,098 - INFO - HTTP Request: GET https://beta-restapi.sarmaaya.pk/api/mutual-funds/nav-history/2497c7f0-2919-4d07-b6f8-bf72a50b8bc9?days=1827 "HTTP/1.1 200 OK"
2026-03-14 01:36:02,282 - INFO -   Saved 7 NAV points for AL Habib Fixed Return Fund Plan 28
2026-03-14 01:36:02,787 - INFO - [23/615] Syncing fund: JS Punjab Islamic Pension Fund...
2026-03-14 01:36:04,505 - INFO - HTTP Request: GET https://beta-restapi.sarmaaya.pk/api/mutual-funds/nav-history/5d85c2aa-93a8-49e2-a1c2-b24e3a322b6c?days=1827 "HTTP/1.1 200 OK"
2026-03-14 01:36:05,693 - INFO -   Saved 79 NAV points for JS Punjab Islamic Pension Fund
2026-03-14 01:36:06,198 - INFO - [24/615] Syncing fund: NBP Fixed Term Munafa Plan XIB (NBP Mustahkam Fund II)...
2026-03-14 01:36:08,444 - INFO - HTTP Request: GET https://beta-restapi.sarmaaya.pk/api/mutual-funds/nav-history/27c3dfcf-e74b-4765-b09b-5540bc738aed?days=1827 "HTTP/1.1 200 OK"
2026-03-14 01:36:09,636 - INFO -   Saved 8 NAV points for NBP Fixed Term Munafa Plan XIB (NBP Mustahkam Fund II)
2026-03-14 01:36:10,139 - INFO - [25/615] Syncing fund: AL Habib Islamic Money Market Fund...
2026-03-14 01:36:11,219 - INFO - HTTP Request: GET https://beta-restapi.sarmaaya.pk/api/mutual-funds/nav-history/16f21e81-fd8f-41db-b34f-eb3e639f1a8a?days=1827 "HTTP/1.1 200 OK"
2026-03-14 01:36:12,409 - INFO -   Saved 9 NAV points for AL Habib Islamic Money Market Fund
2026-03-14 01:36:12,912 - INFO - [26/615] Syncing fund: Faysal Islamic Asset Allocation Fund III (Faysal Shariah Flex Plan II)...
2026-03-14 01:36:14,268 - INFO - HTTP Request: GET https://beta-restapi.sarmaaya.pk/api/mutual-funds/nav-history/833aa3f1-4139-4583-bf6e-645fcc1179b7?days=1827 "HTTP/1.1 200 OK"
2026-03-14 01:36:15,518 - INFO -   Saved 109 NAV points for Faysal Islamic Asset Allocation Fund III (Faysal Shariah Flex Plan II)
2026-03-14 01:36:16,022 - INFO - [27/615] Syncing fund: Faysal Halal Amdani Fund III...
2026-03-14 01:36:17,891 - INFO - HTTP Request: GET https://beta-restapi.sarmaaya.pk/api/mutual-funds/nav-history/391f9dfa-8030-4222-a065-356e82c917d8?days=1827 "HTTP/1.1 200 OK"
2026-03-14 01:36:19,088 - INFO -   Saved 94 NAV points for Faysal Halal Amdani Fund III
2026-03-14 01:36:19,594 - INFO - [28/615] Syncing fund: MCB Punjab Pension Fund - Equity Active...
2026-03-14 01:36:20,907 - INFO - HTTP Request: GET https://beta-restapi.sarmaaya.pk/api/mutual-funds/nav-history/7c168092-fa55-4283-9d21-37130422d716?days=1827 "HTTP/1.1 200 OK"
2026-03-14 01:36:22,658 - INFO -   Saved 1 NAV points for MCB Punjab Pension Fund - Equity Active
2026-03-14 01:36:23,162 - INFO - [29/615] Syncing fund: Atlas Punjab Islamic Pension Fund...
2026-03-14 01:36:24,445 - INFO - HTTP Request: GET https://beta-restapi.sarmaaya.pk/api/mutual-funds/nav-history/0260176f-ccd3-4a6f-acd4-7bf27e911b59?days=1827 "HTTP/1.1 200 OK"
2026-03-14 01:36:25,655 - INFO -   Saved 113 NAV points for Atlas Punjab Islamic Pension Fund
2026-03-14 01:36:26,161 - INFO - [30/615] Syncing fund: Atlas Punjab Pension Fund...
2026-03-14 01:36:27,429 - INFO - HTTP Request: GET https://beta-restapi.sarmaaya.pk/api/mutual-funds/nav-history/33920b7a-fadc-43d0-a21a-92a4ce9d6805?days=1827 "HTTP/1.1 200 OK"
2026-03-14 01:36:28,625 - INFO -   Saved 113 NAV points for Atlas Punjab Pension Fund
2026-03-14 01:36:29,130 - INFO - [31/615] Syncing fund: NBP Islamic Principal Protection Fund I (NBP Islamic Principal Protection Plan IV)...
2026-03-14 01:36:30,307 - INFO - HTTP Request: GET https://beta-restapi.sarmaaya.pk/api/mutual-funds/nav-history/72bc3282-44e8-4f46-b695-f2656e2fb28f?days=1827 "HTTP/1.1 200 OK"
2026-03-14 01:36:31,498 - INFO -   Saved 19 NAV points for NBP Islamic Principal Protection Fund I (NBP Islamic Principal Protection Plan IV)
2026-03-14 01:36:32,003 - INFO - [32/615] Syncing fund: MCB Pakistan Fixed Return Plan 27...
2026-03-14 01:36:33,486 - INFO - HTTP Request: GET https://beta-restapi.sarmaaya.pk/api/mutual-funds/nav-history/9a81302a-ed74-47e1-88dd-ebead0f54a13?days=1827 "HTTP/1.1 200 OK"
2026-03-14 01:36:34,816 - INFO -   Saved 82 NAV points for MCB Pakistan Fixed Return Plan 27
2026-03-14 01:36:35,321 - INFO - [33/615] Syncing fund: Alfalah GOPB Islamic Pension Fund...
2026-03-14 01:36:36,110 - INFO - HTTP Request: GET https://beta-restapi.sarmaaya.pk/api/mutual-funds/nav-history/7399f833-54b4-4c8c-bb9b-93588106058f?days=1827 "HTTP/1.1 500 Internal Server Error"
2026-03-14 01:36:36,112 - WARNING - Failed to fetch MF history for Alfalah GOPB Islamic Pension Fund: Server error '500 Internal Server Error' for url 'https://beta-restapi.sarmaaya.pk/api/mutual-funds/nav-history/7399f833-54b4-4c8c-bb9b-93588106058f?days=1827'
For more information check: https://developer.mozilla.org/en-US/docs/Web/HTTP/Status/500
2026-03-14 01:36:36,112 - WARNING -   No history found for Alfalah GOPB Islamic Pension Fund
2026-03-14 01:36:36,615 - INFO - [34/615] Syncing fund: Faysal Islamic Mustakil Munafa Fund (Faysal Islamic Mehdood Muddat Plan XVII)...
2026-03-14 01:36:37,839 - INFO - HTTP Request: GET https://beta-restapi.sarmaaya.pk/api/mutual-funds/nav-history/c9f64db4-1516-4dcb-a120-f91bd1da7fe1?days=1827 "HTTP/1.1 200 OK"
2026-03-14 01:36:39,034 - INFO -   Saved 17 NAV points for Faysal Islamic Mustakil Munafa Fund (Faysal Islamic Mehdood Muddat Plan XVII)
2026-03-14 01:36:39,539 - INFO - [35/615] Syncing fund: NBP Islamic Fixed Term Munafa Plan VIII (NBP Islamic Mustahkam Fund)...
2026-03-14 01:36:41,365 - INFO - HTTP Request: GET https://beta-restapi.sarmaaya.pk/api/mutual-funds/nav-history/d508ec13-159b-4f2a-b5cb-a52771b342d7?days=1827 "HTTP/1.1 200 OK"
2026-03-14 01:36:42,752 - INFO -   Saved 96 NAV points for NBP Islamic Fixed Term Munafa Plan VIII (NBP Islamic Mustahkam Fund)
2026-03-14 01:36:43,257 - INFO - [36/615] Syncing fund: ABL Islamic Fixed Term Plan III...
2026-03-14 01:36:44,164 - INFO - HTTP Request: GET https://beta-restapi.sarmaaya.pk/api/mutual-funds/nav-history/9dcfedcc-2715-4a73-ae3b-30b8325659b7?days=1827 "HTTP/1.1 200 OK"
2026-03-14 01:36:45,401 - INFO -   Saved 31 NAV points for ABL Islamic Fixed Term Plan III
2026-03-14 01:36:45,904 - INFO - [37/615] Syncing fund: Alfalah GOPB Pension Fund...
2026-03-14 01:36:47,430 - INFO - HTTP Request: GET https://beta-restapi.sarmaaya.pk/api/mutual-funds/nav-history/e8473aaf-61cd-4711-9d5c-db1e49d347f5?days=1827 "HTTP/1.1 200 OK"
2026-03-14 01:36:48,692 - INFO -   Saved 4 NAV points for Alfalah GOPB Pension Fund
2026-03-14 01:36:49,198 - INFO - [38/615] Syncing fund: Lucky Islamic Fixed Term Fund Plan VI...
2026-03-14 01:36:49,949 - INFO - HTTP Request: GET https://beta-restapi.sarmaaya.pk/api/mutual-funds/nav-history/a0dee5d2-f524-494d-a5d7-5e17624f1ce6?days=1827 "HTTP/1.1 200 OK"
2026-03-14 01:36:51,239 - INFO -   Saved 38 NAV points for Lucky Islamic Fixed Term Fund Plan VI
2026-03-14 01:36:51,744 - INFO - [39/615] Syncing fund: HBL Islamic Fixed Term Fund Plan VI...
2026-03-14 01:36:52,541 - INFO - HTTP Request: GET https://beta-restapi.sarmaaya.pk/api/mutual-funds/nav-history/857ad6ac-fc83-40df-bdf7-99e175e3d15a?days=1827 "HTTP/1.1 200 OK"
2026-03-14 01:36:53,806 - INFO -   Saved 14 NAV points for HBL Islamic Fixed Term Fund Plan VI
2026-03-14 01:36:54,307 - INFO - [40/615] Syncing fund: HBL Islamic Fixed Term Fund Plan V...
2026-03-14 01:36:55,791 - INFO - HTTP Request: GET https://beta-restapi.sarmaaya.pk/api/mutual-funds/nav-history/b9e474b0-fdca-4783-b1d0-e8008bf75457?days=1827 "HTTP/1.1 200 OK"
2026-03-14 01:36:57,067 - INFO -   Saved 9 NAV points for HBL Islamic Fixed Term Fund Plan V
2026-03-14 01:36:57,572 - INFO - [41/615] Syncing fund: AWT Islamic Pension Fund...
2026-03-14 01:36:59,259 - INFO - HTTP Request: GET https://beta-restapi.sarmaaya.pk/api/mutual-funds/nav-history/04a3ca1c-cc1d-458e-a0c2-31cf68854236?days=1827 "HTTP/1.1 200 OK"
2026-03-14 01:37:00,679 - INFO -   Saved 300 NAV points for AWT Islamic Pension Fund
2026-03-14 01:37:01,183 - INFO - [42/615] Syncing fund: Alfalah Stable Return Fund Plan XXIV...
2026-03-14 01:37:03,412 - INFO - HTTP Request: GET https://beta-restapi.sarmaaya.pk/api/mutual-funds/nav-history/0217dadc-0e47-497e-8edb-50af5707f42f?days=1827 "HTTP/1.1 200 OK"
2026-03-14 01:37:04,632 - INFO -   Saved 129 NAV points for Alfalah Stable Return Fund Plan XXIV
2026-03-14 01:37:05,134 - INFO - [43/615] Syncing fund: NBP Islamic Fixed Term Munafa Plan IA (NBP Islamic Mustahkam Fund)...
2026-03-14 01:37:06,381 - INFO - HTTP Request: GET https://beta-restapi.sarmaaya.pk/api/mutual-funds/nav-history/7a241c4c-7da3-4315-acf7-88930ad6bc81?days=1827 "HTTP/1.1 200 OK"
2026-03-14 01:37:07,582 - INFO -   Saved 37 NAV points for NBP Islamic Fixed Term Munafa Plan IA (NBP Islamic Mustahkam Fund)
2026-03-14 01:37:08,087 - INFO - [44/615] Syncing fund: NBP Islamic Principal Protection Fund I (NBP Islamic Principal Protection Plan I)...
2026-03-14 01:37:09,797 - INFO - HTTP Request: GET https://beta-restapi.sarmaaya.pk/api/mutual-funds/nav-history/786490bf-948a-4453-b673-38bbb759241b?days=1827 "HTTP/1.1 200 OK"
2026-03-14 01:37:11,231 - INFO -   Saved 168 NAV points for NBP Islamic Principal Protection Fund I (NBP Islamic Principal Protection Plan I)
2026-03-14 01:37:11,736 - INFO - [45/615] Syncing fund: HBL Mehfooz Munafa Fund Plan XII...
2026-03-14 01:37:12,963 - INFO - HTTP Request: GET https://beta-restapi.sarmaaya.pk/api/mutual-funds/nav-history/7253ea81-17b1-4ce2-8b60-db0d15b03170?days=1827 "HTTP/1.1 500 Internal Server Error"
2026-03-14 01:37:12,965 - WARNING - Failed to fetch MF history for HBL Mehfooz Munafa Fund Plan XII: Server error '500 Internal Server Error' for url 'https://beta-restapi.sarmaaya.pk/api/mutual-funds/nav-history/7253ea81-17b1-4ce2-8b60-db0d15b03170?days=1827'
For more information check: https://developer.mozilla.org/en-US/docs/Web/HTTP/Status/500
2026-03-14 01:37:12,965 - WARNING -   No history found for HBL Mehfooz Munafa Fund Plan XII
2026-03-14 01:37:13,470 - INFO - [46/615] Syncing fund: HBL Mehfooz Munafa Fund Plan XIII...
2026-03-14 01:37:14,653 - INFO - HTTP Request: GET https://beta-restapi.sarmaaya.pk/api/mutual-funds/nav-history/25bf6783-d0bd-4dee-8f99-38b1db37bd0b?days=1827 "HTTP/1.1 200 OK"
2026-03-14 01:37:15,844 - INFO -   Saved 9 NAV points for HBL Mehfooz Munafa Fund Plan XIII
2026-03-14 01:37:16,347 - INFO - [47/615] Syncing fund: ABL Fixed Rate Plan XX...
2026-03-14 01:37:17,616 - INFO - HTTP Request: GET https://beta-restapi.sarmaaya.pk/api/mutual-funds/nav-history/c406b45e-dcc6-4547-b0a0-0ea87bd7cabe?days=1827 "HTTP/1.1 200 OK"
2026-03-14 01:37:18,905 - INFO -   Saved 99 NAV points for ABL Fixed Rate Plan XX
2026-03-14 01:37:19,409 - INFO - [48/615] Syncing fund: ABL Islamic Fixed Term Plan II...
2026-03-14 01:37:21,342 - INFO - HTTP Request: GET https://beta-restapi.sarmaaya.pk/api/mutual-funds/nav-history/18f70671-72e9-471c-92d4-c02dacc8bd97?days=1827 "HTTP/1.1 200 OK"
2026-03-14 01:37:22,599 - INFO -   Saved 35 NAV points for ABL Islamic Fixed Term Plan II
2026-03-14 01:37:23,104 - INFO - [49/615] Syncing fund: Faysal Islamic Mustakil Munafa Fund (Faysal Islamic Mehdood Muddat Plan XII)...
2026-03-14 01:37:24,643 - INFO - HTTP Request: GET https://beta-restapi.sarmaaya.pk/api/mutual-funds/nav-history/f6abcd43-2cad-4588-bb46-d007583b5e9d?days=1827 "HTTP/1.1 200 OK"
2026-03-14 01:37:25,840 - INFO -   Saved 91 NAV points for Faysal Islamic Mustakil Munafa Fund (Faysal Islamic Mehdood Muddat Plan XII)
2026-03-14 01:37:26,344 - INFO - [50/615] Syncing fund: Meezan Paidaar Munafa Plan XXIX...
2026-03-14 01:37:27,585 - INFO - HTTP Request: GET https://beta-restapi.sarmaaya.pk/api/mutual-funds/nav-history/7823eb42-5d99-48c5-ad5b-bbb9a3f695c2?days=1827 "HTTP/1.1 200 OK"
2026-03-14 01:37:28,776 - INFO -   Saved 41 NAV points for Meezan Paidaar Munafa Plan XXIX
2026-03-14 01:37:29,281 - INFO - [51/615] Syncing fund: AL Habib Islamic Munafa Fund Plan V...
2026-03-14 01:37:30,823 - INFO - HTTP Request: GET https://beta-restapi.sarmaaya.pk/api/mutual-funds/nav-history/22bacfda-9bdf-4c68-850f-e160fbd7dc2b?days=1827 "HTTP/1.1 200 OK"
2026-03-14 01:37:32,015 - INFO -   Saved 38 NAV points for AL Habib Islamic Munafa Fund Plan V
2026-03-14 01:37:32,520 - INFO - [52/615] Syncing fund: Lucky Islamic Fixed Term Fund Plan VIII...
2026-03-14 01:37:33,457 - INFO - HTTP Request: GET https://beta-restapi.sarmaaya.pk/api/mutual-funds/nav-history/8d593225-ed15-4211-9227-b59ce3ea6252?days=1827 "HTTP/1.1 200 OK"
2026-03-14 01:37:34,649 - INFO -   Saved 33 NAV points for Lucky Islamic Fixed Term Fund Plan VIII
2026-03-14 01:37:35,155 - INFO - [53/615] Syncing fund: Lucky Islamic Pension Fund...
2026-03-14 01:37:36,233 - INFO - HTTP Request: GET https://beta-restapi.sarmaaya.pk/api/mutual-funds/nav-history/473a7b2c-ce75-4210-88be-aade771edc5f?days=1827 "HTTP/1.1 200 OK"
2026-03-14 01:37:37,427 - INFO -   Saved 124 NAV points for Lucky Islamic Pension Fund
2026-03-14 01:37:37,933 - INFO - [54/615] Syncing fund: MCB Punjab Pension Fund - Equity Index...
2026-03-14 01:37:38,929 - INFO - HTTP Request: GET https://beta-restapi.sarmaaya.pk/api/mutual-funds/nav-history/736cce14-98cb-4c3c-a4b3-bf030f163c2e?days=1827 "HTTP/1.1 200 OK"
2026-03-14 01:37:40,155 - INFO -   Saved 1 NAV points for MCB Punjab Pension Fund - Equity Index
2026-03-14 01:37:40,660 - INFO - [55/615] Syncing fund: Faysal Islamic Punjab Pension Fund...
2026-03-14 01:37:41,635 - INFO - HTTP Request: GET https://beta-restapi.sarmaaya.pk/api/mutual-funds/nav-history/9f0daccc-3a99-4cd7-9eaf-77c9848bcf09?days=1827 "HTTP/1.1 200 OK"
2026-03-14 01:37:42,850 - INFO -   Saved 78 NAV points for Faysal Islamic Punjab Pension Fund
2026-03-14 01:37:43,355 - INFO - [56/615] Syncing fund: JS Fixed Term Munafa Fund II (JS Fixed Term Munafa Plan IV)...
2026-03-14 01:37:45,428 - INFO - HTTP Request: GET https://beta-restapi.sarmaaya.pk/api/mutual-funds/nav-history/02ed2ca8-4375-4a0b-a04f-29bb594df9fa?days=1827 "HTTP/1.1 200 OK"
2026-03-14 01:37:46,693 - INFO -   Saved 162 NAV points for JS Fixed Term Munafa Fund II (JS Fixed Term Munafa Plan IV)
2026-03-14 01:37:47,198 - INFO - [57/615] Syncing fund: Faysal Islamic Mustakil Munafa Fund (Faysal Islamic Mehdood Muddat Plan XIV)...
2026-03-14 01:37:48,481 - INFO - HTTP Request: GET https://beta-restapi.sarmaaya.pk/api/mutual-funds/nav-history/348e97d6-e3a5-4370-9ce9-931f7c8383d6?days=1827 "HTTP/1.1 200 OK"
2026-03-14 01:37:49,726 - INFO -   Saved 91 NAV points for Faysal Islamic Mustakil Munafa Fund (Faysal Islamic Mehdood Muddat Plan XIV)
2026-03-14 01:37:50,229 - INFO - [58/615] Syncing fund: NBP Fixed Term Munafa Plan XIVA (NBP Mustahkam Fund II)...
2026-03-14 01:37:52,202 - INFO - HTTP Request: GET https://beta-restapi.sarmaaya.pk/api/mutual-funds/nav-history/e517f4fc-9e9a-4db2-869a-ed918fd04c3e?days=1827 "HTTP/1.1 200 OK"
2026-03-14 01:37:53,423 - INFO -   Saved 96 NAV points for NBP Fixed Term Munafa Plan XIVA (NBP Mustahkam Fund II)
2026-03-14 01:37:53,926 - INFO - [59/615] Syncing fund: Alfalah Stable Return Fund Plan XXV...
2026-03-14 01:37:55,485 - INFO - HTTP Request: GET https://beta-restapi.sarmaaya.pk/api/mutual-funds/nav-history/22f05bab-ca53-4a79-a8ad-d82c56322357?days=1827 "HTTP/1.1 200 OK"
2026-03-14 01:37:56,692 - INFO -   Saved 71 NAV points for Alfalah Stable Return Fund Plan XXV
2026-03-14 01:37:57,196 - INFO - [60/615] Syncing fund: Alfalah Islamic Stable Return Fund Plan VIII...
2026-03-14 01:37:58,665 - INFO - HTTP Request: GET https://beta-restapi.sarmaaya.pk/api/mutual-funds/nav-history/6739b30f-ff29-4904-bfe5-cfc58062fcff?days=1827 "HTTP/1.1 200 OK"
2026-03-14 01:37:59,963 - INFO -   Saved 111 NAV points for Alfalah Islamic Stable Return Fund Plan VIII
2026-03-14 01:38:00,469 - INFO - [61/615] Syncing fund: Alfalah Islamic Stable Return Fund Plan VI...
2026-03-14 01:38:01,314 - INFO - HTTP Request: GET https://beta-restapi.sarmaaya.pk/api/mutual-funds/nav-history/93d3cd0f-52eb-4199-877f-71124dd9bb61?days=1827 "HTTP/1.1 200 OK"
2026-03-14 01:38:02,639 - INFO -   Saved 100 NAV points for Alfalah Islamic Stable Return Fund Plan VI
2026-03-14 01:38:03,144 - INFO - [62/615] Syncing fund: Meezan Paidaar Munafa Plan XXVIII...
2026-03-14 01:38:05,163 - INFO - HTTP Request: GET https://beta-restapi.sarmaaya.pk/api/mutual-funds/nav-history/bfde14c7-7bb9-46fe-8607-4e5701c9fb7a?days=1827 "HTTP/1.1 200 OK"
2026-03-14 01:38:06,356 - INFO -   Saved 32 NAV points for Meezan Paidaar Munafa Plan XXVIII
2026-03-14 01:38:06,857 - INFO - [63/615] Syncing fund: NBP Islamic Fixed Term Munafa Plan IX (NBP Islamic Mustahkam Fund)...
2026-03-14 01:38:09,705 - INFO - HTTP Request: GET https://beta-restapi.sarmaaya.pk/api/mutual-funds/nav-history/983940c0-d5f6-42af-ac59-8b354ba721ac?days=1827 "HTTP/1.1 200 OK"
2026-03-14 01:38:11,125 - INFO -   Saved 39 NAV points for NBP Islamic Fixed Term Munafa Plan IX (NBP Islamic Mustahkam Fund)
2026-03-14 01:38:11,629 - INFO - [64/615] Syncing fund: ABL Fixed Rate Plan XXI...
2026-03-14 01:38:13,142 - INFO - HTTP Request: GET https://beta-restapi.sarmaaya.pk/api/mutual-funds/nav-history/0bbb86fd-3f14-471b-960b-ea399bbc4144?days=1827 "HTTP/1.1 200 OK"
2026-03-14 01:38:14,405 - INFO -   Saved 91 NAV points for ABL Fixed Rate Plan XXI
2026-03-14 01:38:14,910 - INFO - [65/615] Syncing fund: Faysal Islamic Mustakil Munafa Fund (Faysal Islamic Mehdood Muddat Plan XIII)...
2026-03-14 01:38:17,043 - INFO - HTTP Request: GET https://beta-restapi.sarmaaya.pk/api/mutual-funds/nav-history/c4568afc-81d8-4786-80ef-4977fe95e819?days=1827 "HTTP/1.1 200 OK"
2026-03-14 01:38:18,307 - INFO -   Saved 91 NAV points for Faysal Islamic Mustakil Munafa Fund (Faysal Islamic Mehdood Muddat Plan XIII)
2026-03-14 01:38:18,813 - INFO - [66/615] Syncing fund: Alfalah Stable Return Fund Plan XXIII...
2026-03-14 01:38:20,457 - INFO - HTTP Request: GET https://beta-restapi.sarmaaya.pk/api/mutual-funds/nav-history/0a58625d-200a-4e19-a541-254e62aadef7?days=1827 "HTTP/1.1 200 OK"
2026-03-14 01:38:21,786 - INFO -   Saved 145 NAV points for Alfalah Stable Return Fund Plan XXIII
2026-03-14 01:38:22,288 - INFO - [67/615] Syncing fund: ABL GOPB Pension Fund...
2026-03-14 01:38:24,296 - INFO - HTTP Request: GET https://beta-restapi.sarmaaya.pk/api/mutual-funds/nav-history/6550fa7d-9e38-45ff-adf3-760446ea5af0?days=1827 "HTTP/1.1 200 OK"
2026-03-14 01:38:25,495 - INFO -   Saved 97 NAV points for ABL GOPB Pension Fund
2026-03-14 01:38:26,000 - INFO - [68/615] Syncing fund: NBP Fixed Term Munafa Plan XXA (NBP Mustahkam Fund II)...
2026-03-14 01:38:27,406 - INFO - HTTP Request: GET https://beta-restapi.sarmaaya.pk/api/mutual-funds/nav-history/3cf22c44-90f2-4489-8433-519c3f0c7a2b?days=1827 "HTTP/1.1 200 OK"
2026-03-14 01:38:28,595 - INFO -   Saved 8 NAV points for NBP Fixed Term Munafa Plan XXA (NBP Mustahkam Fund II)
2026-03-14 01:38:29,099 - INFO - [69/615] Syncing fund: Meezan Islamic Government of Punjab Pension Fund...
2026-03-14 01:38:30,374 - INFO - HTTP Request: GET https://beta-restapi.sarmaaya.pk/api/mutual-funds/nav-history/a9259e05-ed12-4bdc-9a7e-516612d571f9?days=1827 "HTTP/1.1 200 OK"
2026-03-14 01:38:31,834 - INFO -   Saved 113 NAV points for Meezan Islamic Government of Punjab Pension Fund
2026-03-14 01:38:32,340 - INFO - [70/615] Syncing fund: Meezan Paidaar Munafa Plan XXX...
2026-03-14 01:38:34,015 - INFO - HTTP Request: GET https://beta-restapi.sarmaaya.pk/api/mutual-funds/nav-history/ef65da20-f5af-4be7-9bd5-05d9a17e7ac8?days=1827 "HTTP/1.1 200 OK"
2026-03-14 01:38:35,213 - INFO -   Saved 57 NAV points for Meezan Paidaar Munafa Plan XXX
2026-03-14 01:38:35,718 - INFO - [71/615] Syncing fund: Meezan Paidaar Munafa Plan XXXI...
2026-03-14 01:38:37,483 - INFO - HTTP Request: GET https://beta-restapi.sarmaaya.pk/api/mutual-funds/nav-history/80be2b63-5581-4ea4-b892-31e8ae5723ae?days=1827 "HTTP/1.1 200 OK"
2026-03-14 01:38:38,690 - INFO -   Saved 79 NAV points for Meezan Paidaar Munafa Plan XXXI
2026-03-14 01:38:39,195 - INFO - [72/615] Syncing fund: Mahaana IGI Islamic Retirement Fund...
2026-03-14 01:38:40,050 - INFO - HTTP Request: GET https://beta-restapi.sarmaaya.pk/api/mutual-funds/nav-history/0fb85a8d-9a9a-430d-ab0f-50e18159661d?days=1827 "HTTP/1.1 500 Internal Server Error"
2026-03-14 01:38:40,050 - WARNING - Failed to fetch MF history for Mahaana IGI Islamic Retirement Fund: Server error '500 Internal Server Error' for url 'https://beta-restapi.sarmaaya.pk/api/mutual-funds/nav-history/0fb85a8d-9a9a-430d-ab0f-50e18159661d?days=1827'
For more information check: https://developer.mozilla.org/en-US/docs/Web/HTTP/Status/500
2026-03-14 01:38:40,051 - WARNING -   No history found for Mahaana IGI Islamic Retirement Fund
2026-03-14 01:38:40,556 - INFO - [73/615] Syncing fund: Alfalah Islamic Stable Return Fund Plan VII...
2026-03-14 01:38:41,407 - INFO - HTTP Request: GET https://beta-restapi.sarmaaya.pk/api/mutual-funds/nav-history/979421ff-16d1-42a4-b4f2-7295715c18c8?days=1827 "HTTP/1.1 200 OK"
2026-03-14 01:38:42,601 - INFO -   Saved 101 NAV points for Alfalah Islamic Stable Return Fund Plan VII
2026-03-14 01:38:43,106 - INFO - [74/615] Syncing fund: Mahaana IGI Islamic Retirement Fund...
2026-03-14 01:38:45,129 - INFO - HTTP Request: GET https://beta-restapi.sarmaaya.pk/api/mutual-funds/nav-history/0fb85a8d-9a9a-430d-ab0f-50e18159661d?days=1827 "HTTP/1.1 500 Internal Server Error"
2026-03-14 01:38:45,130 - WARNING - Failed to fetch MF history for Mahaana IGI Islamic Retirement Fund: Server error '500 Internal Server Error' for url 'https://beta-restapi.sarmaaya.pk/api/mutual-funds/nav-history/0fb85a8d-9a9a-430d-ab0f-50e18159661d?days=1827'
For more information check: https://developer.mozilla.org/en-US/docs/Web/HTTP/Status/500
2026-03-14 01:38:45,131 - WARNING -   No history found for Mahaana IGI Islamic Retirement Fund
2026-03-14 01:38:45,634 - INFO - [75/615] Syncing fund: Lucky Islamic Pension Fund...
2026-03-14 01:38:46,667 - INFO - HTTP Request: GET https://beta-restapi.sarmaaya.pk/api/mutual-funds/nav-history/473a7b2c-ce75-4210-88be-aade771edc5f?days=1827 "HTTP/1.1 200 OK"
2026-03-14 01:38:47,888 - INFO -   Saved 124 NAV points for Lucky Islamic Pension Fund
2026-03-14 01:38:48,394 - INFO - [76/615] Syncing fund: JS Fixed Term Munafa Fund II (JS Fixed Term Munafa Plan VI)...
2026-03-14 01:38:49,659 - INFO - HTTP Request: GET https://beta-restapi.sarmaaya.pk/api/mutual-funds/nav-history/2201e575-7216-4fb9-a02f-885e9feabe5f?days=1827 "HTTP/1.1 200 OK"
2026-03-14 01:38:50,862 - INFO -   Saved 119 NAV points for JS Fixed Term Munafa Fund II (JS Fixed Term Munafa Plan VI)
2026-03-14 01:38:51,365 - INFO - [77/615] Syncing fund: Mahaana IGI Islamic Retirement Fund...
2026-03-14 01:38:52,451 - INFO - HTTP Request: GET https://beta-restapi.sarmaaya.pk/api/mutual-funds/nav-history/0fb85a8d-9a9a-430d-ab0f-50e18159661d?days=1827 "HTTP/1.1 500 Internal Server Error"
2026-03-14 01:38:52,453 - WARNING - Failed to fetch MF history for Mahaana IGI Islamic Retirement Fund: Server error '500 Internal Server Error' for url 'https://beta-restapi.sarmaaya.pk/api/mutual-funds/nav-history/0fb85a8d-9a9a-430d-ab0f-50e18159661d?days=1827'
For more information check: https://developer.mozilla.org/en-US/docs/Web/HTTP/Status/500
2026-03-14 01:38:52,453 - WARNING -   No history found for Mahaana IGI Islamic Retirement Fund
2026-03-14 01:38:52,958 - INFO - [78/615] Syncing fund: Mahaana IGI Islamic Retirement Fund...
2026-03-14 01:38:54,359 - INFO - HTTP Request: GET https://beta-restapi.sarmaaya.pk/api/mutual-funds/nav-history/0fb85a8d-9a9a-430d-ab0f-50e18159661d?days=1827 "HTTP/1.1 500 Internal Server Error"
2026-03-14 01:38:54,360 - WARNING - Failed to fetch MF history for Mahaana IGI Islamic Retirement Fund: Server error '500 Internal Server Error' for url 'https://beta-restapi.sarmaaya.pk/api/mutual-funds/nav-history/0fb85a8d-9a9a-430d-ab0f-50e18159661d?days=1827'
For more information check: https://developer.mozilla.org/en-US/docs/Web/HTTP/Status/500
2026-03-14 01:38:54,361 - WARNING -   No history found for Mahaana IGI Islamic Retirement Fund
2026-03-14 01:38:54,864 - INFO - [79/615] Syncing fund: NBP Fixed Term Munafa Plan XVIA (NBP Mustahkam Fund II)...
2026-03-14 01:38:56,374 - INFO - HTTP Request: GET https://beta-restapi.sarmaaya.pk/api/mutual-funds/nav-history/638a1467-8ec6-4bbe-98e7-01bc120af46f?days=1827 "HTTP/1.1 200 OK"
2026-03-14 01:38:57,627 - INFO -   Saved 83 NAV points for NBP Fixed Term Munafa Plan XVIA (NBP Mustahkam Fund II)
2026-03-14 01:38:58,131 - INFO - [80/615] Syncing fund: Lucky Islamic Pension Fund...
2026-03-14 01:38:59,751 - INFO - HTTP Request: GET https://beta-restapi.sarmaaya.pk/api/mutual-funds/nav-history/473a7b2c-ce75-4210-88be-aade771edc5f?days=1827 "HTTP/1.1 200 OK"
2026-03-14 01:39:01,006 - INFO -   Saved 124 NAV points for Lucky Islamic Pension Fund
2026-03-14 01:39:01,509 - INFO - [81/615] Syncing fund: NBP Fixed Term Munafa Plan XVIIIA (NBP Mustahkam Fund II)...
2026-03-14 01:39:03,312 - INFO - HTTP Request: GET https://beta-restapi.sarmaaya.pk/api/mutual-funds/nav-history/4a374160-cf24-4d7b-a49d-37bf4a3f5f2b?days=1827 "HTTP/1.1 200 OK"
2026-03-14 01:39:04,591 - INFO -   Saved 109 NAV points for NBP Fixed Term Munafa Plan XVIIIA (NBP Mustahkam Fund II)
2026-03-14 01:39:05,095 - INFO - [82/615] Syncing fund: NBP Islamic Fixed Term Munafa Plan VII...
2026-03-14 01:39:05,888 - INFO - HTTP Request: GET https://beta-restapi.sarmaaya.pk/api/mutual-funds/nav-history/ae5d85dd-6363-4649-b7bc-63bed0d13d7d?days=1827 "HTTP/1.1 200 OK"
2026-03-14 01:39:07,076 - INFO -   Saved 31 NAV points for NBP Islamic Fixed Term Munafa Plan VII
2026-03-14 01:39:07,582 - INFO - [83/615] Syncing fund: ABL GOPB Islamic Pension Fund...
2026-03-14 01:39:08,853 - INFO - HTTP Request: GET https://beta-restapi.sarmaaya.pk/api/mutual-funds/nav-history/21f15a98-4daf-4af0-8f24-eef1c3eb26d4?days=1827 "HTTP/1.1 200 OK"
2026-03-14 01:39:10,214 - INFO -   Saved 98 NAV points for ABL GOPB Islamic Pension Fund
2026-03-14 01:39:10,718 - INFO - [84/615] Syncing fund: AWT Islamic Pension Fund...
2026-03-14 01:39:11,875 - INFO - HTTP Request: GET https://beta-restapi.sarmaaya.pk/api/mutual-funds/nav-history/04a3ca1c-cc1d-458e-a0c2-31cf68854236?days=1827 "HTTP/1.1 200 OK"
2026-03-14 01:39:13,188 - INFO -   Saved 300 NAV points for AWT Islamic Pension Fund
2026-03-14 01:39:13,693 - INFO - [85/615] Syncing fund: Mahaana IGI Islamic Retirement Fund...
2026-03-14 01:39:14,952 - INFO - HTTP Request: GET https://beta-restapi.sarmaaya.pk/api/mutual-funds/nav-history/0fb85a8d-9a9a-430d-ab0f-50e18159661d?days=1827 "HTTP/1.1 500 Internal Server Error"
2026-03-14 01:39:14,954 - WARNING - Failed to fetch MF history for Mahaana IGI Islamic Retirement Fund: Server error '500 Internal Server Error' for url 'https://beta-restapi.sarmaaya.pk/api/mutual-funds/nav-history/0fb85a8d-9a9a-430d-ab0f-50e18159661d?days=1827'
For more information check: https://developer.mozilla.org/en-US/docs/Web/HTTP/Status/500
2026-03-14 01:39:14,955 - WARNING -   No history found for Mahaana IGI Islamic Retirement Fund
2026-03-14 01:39:15,456 - INFO - [86/615] Syncing fund: MCB Pakistan Fixed Return Plan 26...
2026-03-14 01:39:16,632 - INFO - HTTP Request: GET https://beta-restapi.sarmaaya.pk/api/mutual-funds/nav-history/7b265594-c5c9-40f6-bbfc-a97cc6a00bcb?days=1827 "HTTP/1.1 200 OK"
2026-03-14 01:39:17,949 - INFO -   Saved 78 NAV points for MCB Pakistan Fixed Return Plan 26
2026-03-14 01:39:18,454 - INFO - [87/615] Syncing fund: NBP Fixed Term Munafa Plan XIIA (NBP Mustahkam Fund II)...
2026-03-14 01:39:19,903 - INFO - HTTP Request: GET https://beta-restapi.sarmaaya.pk/api/mutual-funds/nav-history/80368996-256c-4a83-9295-b8b9ebb7d52a?days=1827 "HTTP/1.1 200 OK"
2026-03-14 01:39:21,179 - INFO -   Saved 101 NAV points for NBP Fixed Term Munafa Plan XIIA (NBP Mustahkam Fund II)
2026-03-14 01:39:21,685 - INFO - [88/615] Syncing fund: HBL Mehfooz Munafa Fund Plan XI...
2026-03-14 01:39:23,476 - INFO - HTTP Request: GET https://beta-restapi.sarmaaya.pk/api/mutual-funds/nav-history/7a396ee8-492a-40ca-ba73-a612ea7e55dc?days=1827 "HTTP/1.1 200 OK"
2026-03-14 01:39:24,855 - INFO -   Saved 4 NAV points for HBL Mehfooz Munafa Fund Plan XI
2026-03-14 01:39:25,361 - INFO - [89/615] Syncing fund: Meezan Paidaar Munafa Plan XXVII...
2026-03-14 01:39:26,788 - INFO - HTTP Request: GET https://beta-restapi.sarmaaya.pk/api/mutual-funds/nav-history/4226b9f3-0c14-426d-a9b1-54fde10a49ef?days=1827 "HTTP/1.1 200 OK"
2026-03-14 01:39:27,988 - INFO -   Saved 89 NAV points for Meezan Paidaar Munafa Plan XXVII
2026-03-14 01:39:28,493 - INFO - [90/615] Syncing fund: AWT Islamic Pension Fund...
2026-03-14 01:39:30,702 - INFO - HTTP Request: GET https://beta-restapi.sarmaaya.pk/api/mutual-funds/nav-history/04a3ca1c-cc1d-458e-a0c2-31cf68854236?days=1827 "HTTP/1.1 200 OK"
2026-03-14 01:39:32,028 - INFO -   Saved 300 NAV points for AWT Islamic Pension Fund
2026-03-14 01:39:32,533 - INFO - [91/615] Syncing fund: Meezan Paidaar Munafa Plan XXVI...
2026-03-14 01:39:34,778 - INFO - HTTP Request: GET https://beta-restapi.sarmaaya.pk/api/mutual-funds/nav-history/57ec096d-e25b-4b5d-820a-9ada6a6c2cc4?days=1827 "HTTP/1.1 200 OK"
2026-03-14 01:39:35,973 - INFO -   Saved 32 NAV points for Meezan Paidaar Munafa Plan XXVI
2026-03-14 01:39:36,478 - INFO - [92/615] Syncing fund: Lucky Islamic Fixed Term Fund Plan V...
2026-03-14 01:39:37,282 - INFO - HTTP Request: GET https://beta-restapi.sarmaaya.pk/api/mutual-funds/nav-history/7cfab2b3-6ed3-4711-9b71-046ee9f214fa?days=1827 "HTTP/1.1 200 OK"
2026-03-14 01:39:38,689 - INFO -   Saved 97 NAV points for Lucky Islamic Fixed Term Fund Plan V
2026-03-14 01:39:39,194 - INFO - [93/615] Syncing fund: Lucky Islamic Pension Fund...
2026-03-14 01:39:40,741 - INFO - HTTP Request: GET https://beta-restapi.sarmaaya.pk/api/mutual-funds/nav-history/473a7b2c-ce75-4210-88be-aade771edc5f?days=1827 "HTTP/1.1 200 OK"
2026-03-14 01:39:41,971 - INFO -   Saved 124 NAV points for Lucky Islamic Pension Fund
2026-03-14 01:39:42,476 - INFO - [94/615] Syncing fund: HBL Mehfooz Munafa Fund Plan IV...
2026-03-14 01:39:43,571 - INFO - HTTP Request: GET https://beta-restapi.sarmaaya.pk/api/mutual-funds/nav-history/524de8e3-5214-4ff9-8ff8-f5a167bf07af?days=1827 "HTTP/1.1 200 OK"
2026-03-14 01:39:44,760 - INFO -   Saved 6 NAV points for HBL Mehfooz Munafa Fund Plan IV
2026-03-14 01:39:45,265 - INFO - [95/615] Syncing fund: AL Habib Fixed Return Fund Plan 26...
2026-03-14 01:39:46,904 - INFO - HTTP Request: GET https://beta-restapi.sarmaaya.pk/api/mutual-funds/nav-history/80a157e3-5055-48b7-bfe9-d7d9a7ea0e6f?days=1827 "HTTP/1.1 200 OK"
2026-03-14 01:39:48,109 - INFO -   Saved 39 NAV points for AL Habib Fixed Return Fund Plan 26
2026-03-14 01:39:48,612 - INFO - [96/615] Syncing fund: NBP Fixed Term Munafa Plan XIII (NBP Mustahkam Fund II)...
2026-03-14 01:39:50,702 - INFO - HTTP Request: GET https://beta-restapi.sarmaaya.pk/api/mutual-funds/nav-history/8a1a2456-4755-4295-ac13-59abf5d0f028?days=1827 "HTTP/1.1 200 OK"
2026-03-14 01:39:51,902 - INFO -   Saved 151 NAV points for NBP Fixed Term Munafa Plan XIII (NBP Mustahkam Fund II)
2026-03-14 01:39:52,407 - INFO - [97/615] Syncing fund: JS Fixed Term Munafa Fund II (JS Fixed Term Munafa Plan V)...
2026-03-14 01:39:53,565 - INFO - HTTP Request: GET https://beta-restapi.sarmaaya.pk/api/mutual-funds/nav-history/e345edc8-66c5-41dc-a1c6-4f803a6c8d8f?days=1827 "HTTP/1.1 200 OK"
2026-03-14 01:39:54,856 - INFO -   Saved 92 NAV points for JS Fixed Term Munafa Fund II (JS Fixed Term Munafa Plan V)
2026-03-14 01:39:55,361 - INFO - [98/615] Syncing fund: NBP Fixed Term Munafa Plan IIB (NBP Mustahkam Fund)...
2026-03-14 01:39:56,328 - INFO - HTTP Request: GET https://beta-restapi.sarmaaya.pk/api/mutual-funds/nav-history/9f1513e7-52d9-409d-8181-fee70ec8d12c?days=1827 "HTTP/1.1 200 OK"
2026-03-14 01:39:57,531 - INFO -   Saved 50 NAV points for NBP Fixed Term Munafa Plan IIB (NBP Mustahkam Fund)
2026-03-14 01:39:58,039 - INFO - [99/615] Syncing fund: Alfalah Stable Return Fund Plan XXVI...
2026-03-14 01:39:59,143 - INFO - HTTP Request: GET https://beta-restapi.sarmaaya.pk/api/mutual-funds/nav-history/38df0795-0793-4d16-9c10-97d772f80583?days=1827 "HTTP/1.1 200 OK"
2026-03-14 01:40:00,347 - INFO -   Saved 101 NAV points for Alfalah Stable Return Fund Plan XXVI
2026-03-14 01:40:00,851 - INFO - [100/615] Syncing fund: Alhamra Islamic Punjab Pension Fund...
2026-03-14 01:40:02,484 - INFO - HTTP Request: GET https://beta-restapi.sarmaaya.pk/api/mutual-funds/nav-history/ec456727-db3a-486d-8bdd-a00cb9bce70a?days=1827 "HTTP/1.1 200 OK"
2026-03-14 01:40:03,677 - INFO -   Saved 56 NAV points for Alhamra Islamic Punjab Pension Fund
2026-03-14 01:40:04,182 - INFO - [101/615] Syncing fund: NBP Islamic Principal Protection Fund I (NBP Islamic Principal Protection Plan I)...
2026-03-14 01:40:06,403 - INFO - HTTP Request: GET https://beta-restapi.sarmaaya.pk/api/mutual-funds/nav-history/786490bf-948a-4453-b673-38bbb759241b?days=1827 "HTTP/1.1 200 OK"
2026-03-14 01:40:07,601 - INFO -   Saved 168 NAV points for NBP Islamic Principal Protection Fund I (NBP Islamic Principal Protection Plan I)
2026-03-14 01:40:08,106 - INFO - [102/615] Syncing fund: Meezan Paidaar Munafa Plan XXVII...
2026-03-14 01:40:10,278 - INFO - HTTP Request: GET https://beta-restapi.sarmaaya.pk/api/mutual-funds/nav-history/4226b9f3-0c14-426d-a9b1-54fde10a49ef?days=1827 "HTTP/1.1 200 OK"
2026-03-14 01:40:11,476 - INFO -   Saved 89 NAV points for Meezan Paidaar Munafa Plan XXVII
2026-03-14 01:40:11,982 - INFO - [103/615] Syncing fund: AL Habib Islamic Munafa Fund Plan V...
2026-03-14 01:40:13,335 - INFO - HTTP Request: GET https://beta-restapi.sarmaaya.pk/api/mutual-funds/nav-history/22bacfda-9bdf-4c68-850f-e160fbd7dc2b?days=1827 "HTTP/1.1 200 OK"
2026-03-14 01:40:14,629 - INFO -   Saved 38 NAV points for AL Habib Islamic Munafa Fund Plan V
2026-03-14 01:40:15,133 - INFO - [104/615] Syncing fund: Alfalah Islamic Stable Return Fund Plan VII...
2026-03-14 01:40:17,332 - INFO - HTTP Request: GET https://beta-restapi.sarmaaya.pk/api/mutual-funds/nav-history/979421ff-16d1-42a4-b4f2-7295715c18c8?days=1827 "HTTP/1.1 200 OK"
2026-03-14 01:40:18,645 - INFO -   Saved 101 NAV points for Alfalah Islamic Stable Return Fund Plan VII
2026-03-14 01:40:19,152 - INFO - [105/615] Syncing fund: Meezan Islamic Government of Punjab Pension Fund...
2026-03-14 01:40:20,435 - INFO - HTTP Request: GET https://beta-restapi.sarmaaya.pk/api/mutual-funds/nav-history/a9259e05-ed12-4bdc-9a7e-516612d571f9?days=1827 "HTTP/1.1 200 OK"
2026-03-14 01:40:21,652 - INFO -   Saved 113 NAV points for Meezan Islamic Government of Punjab Pension Fund
2026-03-14 01:40:22,157 - INFO - [106/615] Syncing fund: Alfalah Islamic Stable Return Fund Plan XIII...
2026-03-14 01:40:23,820 - INFO - HTTP Request: GET https://beta-restapi.sarmaaya.pk/api/mutual-funds/nav-history/b88d87b4-e723-4d58-9e22-039e643a475e?days=1827 "HTTP/1.1 200 OK"
2026-03-14 01:40:25,010 - INFO -   Saved 18 NAV points for Alfalah Islamic Stable Return Fund Plan XIII
2026-03-14 01:40:25,517 - INFO - [107/615] Syncing fund: Alfalah Stable Return Fund Plan XXVII...
2026-03-14 01:40:27,343 - INFO - HTTP Request: GET https://beta-restapi.sarmaaya.pk/api/mutual-funds/nav-history/5b4079e3-eeea-46c3-a89e-0a0b44bb44ce?days=1827 "HTTP/1.1 200 OK"
2026-03-14 01:40:28,525 - INFO -   Saved 5 NAV points for Alfalah Stable Return Fund Plan XXVII
2026-03-14 01:40:29,030 - INFO - [108/615] Syncing fund: Mahaana IGI Islamic Retirement Fund...
2026-03-14 01:40:29,948 - INFO - HTTP Request: GET https://beta-restapi.sarmaaya.pk/api/mutual-funds/nav-history/0fb85a8d-9a9a-430d-ab0f-50e18159661d?days=1827 "HTTP/1.1 500 Internal Server Error"
2026-03-14 01:40:29,949 - WARNING - Failed to fetch MF history for Mahaana IGI Islamic Retirement Fund: Server error '500 Internal Server Error' for url 'https://beta-restapi.sarmaaya.pk/api/mutual-funds/nav-history/0fb85a8d-9a9a-430d-ab0f-50e18159661d?days=1827'
For more information check: https://developer.mozilla.org/en-US/docs/Web/HTTP/Status/500
2026-03-14 01:40:29,950 - WARNING -   No history found for Mahaana IGI Islamic Retirement Fund
2026-03-14 01:40:30,455 - INFO - [109/615] Syncing fund: MCB Punjab Pension Fund - Equity Index...
2026-03-14 01:40:32,272 - INFO - HTTP Request: GET https://beta-restapi.sarmaaya.pk/api/mutual-funds/nav-history/736cce14-98cb-4c3c-a4b3-bf030f163c2e?days=1827 "HTTP/1.1 200 OK"
2026-03-14 01:40:33,575 - INFO -   Saved 1 NAV points for MCB Punjab Pension Fund - Equity Index
2026-03-14 01:40:34,080 - INFO - [110/615] Syncing fund: Mahaana IGI Islamic Retirement Fund...
2026-03-14 01:40:36,227 - INFO - HTTP Request: GET https://beta-restapi.sarmaaya.pk/api/mutual-funds/nav-history/0fb85a8d-9a9a-430d-ab0f-50e18159661d?days=1827 "HTTP/1.1 500 Internal Server Error"
2026-03-14 01:40:36,228 - WARNING - Failed to fetch MF history for Mahaana IGI Islamic Retirement Fund: Server error '500 Internal Server Error' for url 'https://beta-restapi.sarmaaya.pk/api/mutual-funds/nav-history/0fb85a8d-9a9a-430d-ab0f-50e18159661d?days=1827'
For more information check: https://developer.mozilla.org/en-US/docs/Web/HTTP/Status/500
2026-03-14 01:40:36,228 - WARNING -   No history found for Mahaana IGI Islamic Retirement Fund
2026-03-14 01:40:36,732 - INFO - [111/615] Syncing fund: Faysal Islamic Punjab Pension Fund...
2026-03-14 01:40:38,709 - INFO - HTTP Request: GET https://beta-restapi.sarmaaya.pk/api/mutual-funds/nav-history/9f0daccc-3a99-4cd7-9eaf-77c9848bcf09?days=1827 "HTTP/1.1 200 OK"
2026-03-14 01:40:39,984 - INFO -   Saved 78 NAV points for Faysal Islamic Punjab Pension Fund
2026-03-14 01:40:40,485 - INFO - [112/615] Syncing fund: NBP Islamic Fixed Term Munafa Plan VIII (NBP Islamic Mustahkam Fund)...
2026-03-14 01:40:42,535 - INFO - HTTP Request: GET https://beta-restapi.sarmaaya.pk/api/mutual-funds/nav-history/d508ec13-159b-4f2a-b5cb-a52771b342d7?days=1827 "HTTP/1.1 200 OK"
2026-03-14 01:40:43,736 - INFO -   Saved 96 NAV points for NBP Islamic Fixed Term Munafa Plan VIII (NBP Islamic Mustahkam Fund)
2026-03-14 01:40:44,241 - INFO - [113/615] Syncing fund: NBP Fixed Term Munafa Plan XIB (NBP Mustahkam Fund II)...
2026-03-14 01:40:46,107 - INFO - HTTP Request: GET https://beta-restapi.sarmaaya.pk/api/mutual-funds/nav-history/27c3dfcf-e74b-4765-b09b-5540bc738aed?days=1827 "HTTP/1.1 200 OK"
2026-03-14 01:40:47,332 - INFO -   Saved 8 NAV points for NBP Fixed Term Munafa Plan XIB (NBP Mustahkam Fund II)
2026-03-14 01:40:47,838 - INFO - [114/615] Syncing fund: HBL Mehfooz Munafa Fund Plan XI...
2026-03-14 01:40:49,319 - INFO - HTTP Request: GET https://beta-restapi.sarmaaya.pk/api/mutual-funds/nav-history/7a396ee8-492a-40ca-ba73-a612ea7e55dc?days=1827 "HTTP/1.1 200 OK"
2026-03-14 01:40:50,574 - INFO -   Saved 4 NAV points for HBL Mehfooz Munafa Fund Plan XI
2026-03-14 01:40:51,075 - INFO - [115/615] Syncing fund: Faysal Islamic Mustakil Munafa Fund (Faysal Islamic Mehdood Muddat Plan XIV)...
2026-03-14 01:40:52,798 - INFO - HTTP Request: GET https://beta-restapi.sarmaaya.pk/api/mutual-funds/nav-history/348e97d6-e3a5-4370-9ce9-931f7c8383d6?days=1827 "HTTP/1.1 200 OK"
2026-03-14 01:40:53,996 - INFO -   Saved 91 NAV points for Faysal Islamic Mustakil Munafa Fund (Faysal Islamic Mehdood Muddat Plan XIV)
2026-03-14 01:40:54,501 - INFO - [116/615] Syncing fund: NBP Islamic Fixed Term Munafa Plan VII...
2026-03-14 01:40:55,322 - INFO - HTTP Request: GET https://beta-restapi.sarmaaya.pk/api/mutual-funds/nav-history/ae5d85dd-6363-4649-b7bc-63bed0d13d7d?days=1827 "HTTP/1.1 200 OK"
2026-03-14 01:40:56,516 - INFO -   Saved 31 NAV points for NBP Islamic Fixed Term Munafa Plan VII
2026-03-14 01:40:57,021 - INFO - [117/615] Syncing fund: JS Fixed Term Munafa Fund (JS Fixed Term Munafa Plan XXI)...
2026-03-14 01:40:59,053 - INFO - HTTP Request: GET https://beta-restapi.sarmaaya.pk/api/mutual-funds/nav-history/00406781-9806-4722-8e10-f3a17884b26c?days=1827 "HTTP/1.1 200 OK"
2026-03-14 01:41:00,406 - INFO -   Saved 40 NAV points for JS Fixed Term Munafa Fund (JS Fixed Term Munafa Plan XXI)
2026-03-14 01:41:00,912 - INFO - [118/615] Syncing fund: Alfalah Islamic Stable Return Fund Plan VIII...
2026-03-14 01:41:03,436 - INFO - HTTP Request: GET https://beta-restapi.sarmaaya.pk/api/mutual-funds/nav-history/6739b30f-ff29-4904-bfe5-cfc58062fcff?days=1827 "HTTP/1.1 200 OK"
2026-03-14 01:41:04,726 - INFO -   Saved 111 NAV points for Alfalah Islamic Stable Return Fund Plan VIII
2026-03-14 01:41:05,230 - INFO - [119/615] Syncing fund: Alfalah Stable Return Fund Plan XXV...
2026-03-14 01:41:06,717 - INFO - HTTP Request: GET https://beta-restapi.sarmaaya.pk/api/mutual-funds/nav-history/22f05bab-ca53-4a79-a8ad-d82c56322357?days=1827 "HTTP/1.1 200 OK"
2026-03-14 01:41:07,911 - INFO -   Saved 71 NAV points for Alfalah Stable Return Fund Plan XXV
2026-03-14 01:41:08,416 - INFO - [120/615] Syncing fund: Meezan Paidaar Munafa Plan XXIX...
2026-03-14 01:41:09,381 - INFO - HTTP Request: GET https://beta-restapi.sarmaaya.pk/api/mutual-funds/nav-history/7823eb42-5d99-48c5-ad5b-bbb9a3f695c2?days=1827 "HTTP/1.1 200 OK"
2026-03-14 01:41:10,580 - INFO -   Saved 41 NAV points for Meezan Paidaar Munafa Plan XXIX
2026-03-14 01:41:11,083 - INFO - [121/615] Syncing fund: AWT Islamic Pension Fund...
2026-03-14 01:41:13,174 - INFO - HTTP Request: GET https://beta-restapi.sarmaaya.pk/api/mutual-funds/nav-history/04a3ca1c-cc1d-458e-a0c2-31cf68854236?days=1827 "HTTP/1.1 200 OK"
2026-03-14 01:41:14,439 - INFO -   Saved 300 NAV points for AWT Islamic Pension Fund
2026-03-14 01:41:14,944 - INFO - [122/615] Syncing fund: AWT Islamic Pension Fund...
2026-03-14 01:41:15,731 - INFO - HTTP Request: GET https://beta-restapi.sarmaaya.pk/api/mutual-funds/nav-history/04a3ca1c-cc1d-458e-a0c2-31cf68854236?days=1827 "HTTP/1.1 200 OK"
2026-03-14 01:41:16,936 - INFO -   Saved 300 NAV points for AWT Islamic Pension Fund
2026-03-14 01:41:17,441 - INFO - [123/615] Syncing fund: Faysal Islamic Mustakil Munafa Fund (Faysal Islamic Mehdood Muddat Plan XV)...
2026-03-14 01:41:18,688 - INFO - HTTP Request: GET https://beta-restapi.sarmaaya.pk/api/mutual-funds/nav-history/2e245104-e1c6-4f93-b604-1be111fd38db?days=1827 "HTTP/1.1 200 OK"
2026-03-14 01:41:20,055 - INFO -   Saved 91 NAV points for Faysal Islamic Mustakil Munafa Fund (Faysal Islamic Mehdood Muddat Plan XV)
2026-03-14 01:41:20,560 - INFO - [124/615] Syncing fund: Faysal Islamic Mustakil Munafa Fund (Faysal Islamic Mehdood Muddat Plan XVII)...
2026-03-14 01:41:21,729 - INFO - HTTP Request: GET https://beta-restapi.sarmaaya.pk/api/mutual-funds/nav-history/c9f64db4-1516-4dcb-a120-f91bd1da7fe1?days=1827 "HTTP/1.1 200 OK"
2026-03-14 01:41:22,921 - INFO -   Saved 17 NAV points for Faysal Islamic Mustakil Munafa Fund (Faysal Islamic Mehdood Muddat Plan XVII)
2026-03-14 01:41:23,427 - INFO - [125/615] Syncing fund: JS Fixed Term Munafa Fund II (JS Fixed Term Munafa Plan IV)...
2026-03-14 01:41:25,597 - INFO - HTTP Request: GET https://beta-restapi.sarmaaya.pk/api/mutual-funds/nav-history/02ed2ca8-4375-4a0b-a04f-29bb594df9fa?days=1827 "HTTP/1.1 200 OK"
2026-03-14 01:41:26,809 - INFO -   Saved 162 NAV points for JS Fixed Term Munafa Fund II (JS Fixed Term Munafa Plan IV)
2026-03-14 01:41:27,312 - INFO - [126/615] Syncing fund: AWT Islamic Pension Fund...
2026-03-14 01:41:28,612 - INFO - HTTP Request: GET https://beta-restapi.sarmaaya.pk/api/mutual-funds/nav-history/04a3ca1c-cc1d-458e-a0c2-31cf68854236?days=1827 "HTTP/1.1 200 OK"
2026-03-14 01:41:29,896 - INFO -   Saved 300 NAV points for AWT Islamic Pension Fund
2026-03-14 01:41:30,401 - INFO - [127/615] Syncing fund: NBP Islamic Fixed Term Munafa Plan IX (NBP Islamic Mustahkam Fund)...
2026-03-14 01:41:31,191 - INFO - HTTP Request: GET https://beta-restapi.sarmaaya.pk/api/mutual-funds/nav-history/983940c0-d5f6-42af-ac59-8b354ba721ac?days=1827 "HTTP/1.1 200 OK"
2026-03-14 01:41:32,390 - INFO -   Saved 39 NAV points for NBP Islamic Fixed Term Munafa Plan IX (NBP Islamic Mustahkam Fund)
2026-03-14 01:41:32,895 - INFO - [128/615] Syncing fund: HBL Islamic Fixed Term Fund Plan VI...
2026-03-14 01:41:34,321 - INFO - HTTP Request: GET https://beta-restapi.sarmaaya.pk/api/mutual-funds/nav-history/857ad6ac-fc83-40df-bdf7-99e175e3d15a?days=1827 "HTTP/1.1 200 OK"
2026-03-14 01:41:35,589 - INFO -   Saved 14 NAV points for HBL Islamic Fixed Term Fund Plan VI
2026-03-14 01:41:36,090 - INFO - [129/615] Syncing fund: Alfalah Stable Return Fund Plan XXIV...
2026-03-14 01:41:37,243 - INFO - HTTP Request: GET https://beta-restapi.sarmaaya.pk/api/mutual-funds/nav-history/0217dadc-0e47-497e-8edb-50af5707f42f?days=1827 "HTTP/1.1 200 OK"
2026-03-14 01:41:38,488 - INFO -   Saved 129 NAV points for Alfalah Stable Return Fund Plan XXIV
2026-03-14 01:41:38,992 - INFO - [130/615] Syncing fund: NBP Islamic Fixed Term Munafa Plan IVA (NBP Islamic Mustahkam Fund)...
2026-03-14 01:41:41,161 - INFO - HTTP Request: GET https://beta-restapi.sarmaaya.pk/api/mutual-funds/nav-history/40fc4d18-f72e-454c-a52e-64615d69924c?days=1827 "HTTP/1.1 200 OK"
2026-03-14 01:41:42,491 - INFO -   Saved 30 NAV points for NBP Islamic Fixed Term Munafa Plan IVA (NBP Islamic Mustahkam Fund)
2026-03-14 01:41:42,992 - INFO - [131/615] Syncing fund: Faysal Islamic Mustakil Munafa Fund (Faysal Islamic Mehdood Muddat Plan XIII)...
2026-03-14 01:41:44,377 - INFO - HTTP Request: GET https://beta-restapi.sarmaaya.pk/api/mutual-funds/nav-history/c4568afc-81d8-4786-80ef-4977fe95e819?days=1827 "HTTP/1.1 200 OK"
2026-03-14 01:41:45,697 - INFO -   Saved 91 NAV points for Faysal Islamic Mustakil Munafa Fund (Faysal Islamic Mehdood Muddat Plan XIII)
2026-03-14 01:41:46,203 - INFO - [132/615] Syncing fund: Mahaana IGI Islamic Retirement Fund...
2026-03-14 01:41:48,288 - INFO - HTTP Request: GET https://beta-restapi.sarmaaya.pk/api/mutual-funds/nav-history/0fb85a8d-9a9a-430d-ab0f-50e18159661d?days=1827 "HTTP/1.1 500 Internal Server Error"
2026-03-14 01:41:48,289 - WARNING - Failed to fetch MF history for Mahaana IGI Islamic Retirement Fund: Server error '500 Internal Server Error' for url 'https://beta-restapi.sarmaaya.pk/api/mutual-funds/nav-history/0fb85a8d-9a9a-430d-ab0f-50e18159661d?days=1827'
For more information check: https://developer.mozilla.org/en-US/docs/Web/HTTP/Status/500
2026-03-14 01:41:48,290 - WARNING -   No history found for Mahaana IGI Islamic Retirement Fund
2026-03-14 01:41:48,794 - INFO - [133/615] Syncing fund: NBP Fixed Term Munafa Plan XVIIA (NBP Mustahkam Fund II)...
2026-03-14 01:41:50,966 - INFO - HTTP Request: GET https://beta-restapi.sarmaaya.pk/api/mutual-funds/nav-history/afb43b46-3284-426e-9d15-66943d844da5?days=1827 "HTTP/1.1 200 OK"
2026-03-14 01:41:52,162 - INFO -   Saved 82 NAV points for NBP Fixed Term Munafa Plan XVIIA (NBP Mustahkam Fund II)
2026-03-14 01:41:52,667 - INFO - [134/615] Syncing fund: Atlas Dividend Yield Fund...
2026-03-14 01:41:54,926 - INFO - HTTP Request: GET https://beta-restapi.sarmaaya.pk/api/mutual-funds/nav-history/ad6a216d-fd35-4c0d-b5d5-0d3b14d3673a?days=1827 "HTTP/1.1 200 OK"
2026-03-14 01:41:56,197 - INFO -   Saved 32 NAV points for Atlas Dividend Yield Fund
2026-03-14 01:41:56,702 - INFO - [135/615] Syncing fund: ABL GOPB Pension Fund...
2026-03-14 01:41:58,725 - INFO - HTTP Request: GET https://beta-restapi.sarmaaya.pk/api/mutual-funds/nav-history/6550fa7d-9e38-45ff-adf3-760446ea5af0?days=1827 "HTTP/1.1 200 OK"
2026-03-14 01:42:00,013 - INFO -   Saved 97 NAV points for ABL GOPB Pension Fund
2026-03-14 01:42:00,519 - INFO - [136/615] Syncing fund: Atlas Financial Sector Fund...
2026-03-14 01:42:02,649 - INFO - HTTP Request: GET https://beta-restapi.sarmaaya.pk/api/mutual-funds/nav-history/291453a6-513f-4369-847b-37fc4e976860?days=1827 "HTTP/1.1 200 OK"
2026-03-14 01:42:03,840 - INFO -   Saved 32 NAV points for Atlas Financial Sector Fund
2026-03-14 01:42:04,346 - INFO - [137/615] Syncing fund: Lucky Islamic Pension Fund...
2026-03-14 01:42:05,502 - INFO - HTTP Request: GET https://beta-restapi.sarmaaya.pk/api/mutual-funds/nav-history/473a7b2c-ce75-4210-88be-aade771edc5f?days=1827 "HTTP/1.1 200 OK"
2026-03-14 01:42:06,712 - INFO -   Saved 124 NAV points for Lucky Islamic Pension Fund
2026-03-14 01:42:07,217 - INFO - [138/615] Syncing fund: Alfalah Islamic Stable Return Fund Plan VI...
2026-03-14 01:42:08,938 - INFO - HTTP Request: GET https://beta-restapi.sarmaaya.pk/api/mutual-funds/nav-history/93d3cd0f-52eb-4199-877f-71124dd9bb61?days=1827 "HTTP/1.1 200 OK"
2026-03-14 01:42:10,243 - INFO -   Saved 100 NAV points for Alfalah Islamic Stable Return Fund Plan VI
2026-03-14 01:42:10,749 - INFO - [139/615] Syncing fund: AL Habib Fixed Return Fund Plan 28...
2026-03-14 01:42:12,055 - INFO - HTTP Request: GET https://beta-restapi.sarmaaya.pk/api/mutual-funds/nav-history/2497c7f0-2919-4d07-b6f8-bf72a50b8bc9?days=1827 "HTTP/1.1 200 OK"
2026-03-14 01:42:13,313 - INFO -   Saved 7 NAV points for AL Habib Fixed Return Fund Plan 28
2026-03-14 01:42:13,816 - INFO - [140/615] Syncing fund: Lucky Islamic Pension Fund...
2026-03-14 01:42:15,345 - INFO - HTTP Request: GET https://beta-restapi.sarmaaya.pk/api/mutual-funds/nav-history/473a7b2c-ce75-4210-88be-aade771edc5f?days=1827 "HTTP/1.1 200 OK"
2026-03-14 01:42:16,588 - INFO -   Saved 124 NAV points for Lucky Islamic Pension Fund
2026-03-14 01:42:17,092 - INFO - [141/615] Syncing fund: JS Fixed Term Munafa Fund (JS Fixed Term Munafa Plan XX)...
2026-03-14 01:42:18,339 - INFO - HTTP Request: GET https://beta-restapi.sarmaaya.pk/api/mutual-funds/nav-history/ca3d8a4c-6347-4ee1-8278-1e5a50b39212?days=1827 "HTTP/1.1 200 OK"
2026-03-14 01:42:19,534 - INFO -   Saved 50 NAV points for JS Fixed Term Munafa Fund (JS Fixed Term Munafa Plan XX)
2026-03-14 01:42:20,039 - INFO - [142/615] Syncing fund: NBP Fixed Term Munafa Plan XVIIIA (NBP Mustahkam Fund II)...
2026-03-14 01:42:21,117 - INFO - HTTP Request: GET https://beta-restapi.sarmaaya.pk/api/mutual-funds/nav-history/4a374160-cf24-4d7b-a49d-37bf4a3f5f2b?days=1827 "HTTP/1.1 200 OK"
2026-03-14 01:42:22,417 - INFO -   Saved 109 NAV points for NBP Fixed Term Munafa Plan XVIIIA (NBP Mustahkam Fund II)
2026-03-14 01:42:22,921 - INFO - [143/615] Syncing fund: Meezan Paidaar Munafa Plan XXXI...
2026-03-14 01:42:24,085 - INFO - HTTP Request: GET https://beta-restapi.sarmaaya.pk/api/mutual-funds/nav-history/80be2b63-5581-4ea4-b892-31e8ae5723ae?days=1827 "HTTP/1.1 200 OK"
2026-03-14 01:42:25,285 - INFO -   Saved 79 NAV points for Meezan Paidaar Munafa Plan XXXI
2026-03-14 01:42:25,790 - INFO - [144/615] Syncing fund: Faysal Islamic Asset Allocation Fund III (Faysal Shariah Flex Plan II)...
2026-03-14 01:42:27,399 - INFO - HTTP Request: GET https://beta-restapi.sarmaaya.pk/api/mutual-funds/nav-history/833aa3f1-4139-4583-bf6e-645fcc1179b7?days=1827 "HTTP/1.1 200 OK"
2026-03-14 01:42:28,600 - INFO -   Saved 109 NAV points for Faysal Islamic Asset Allocation Fund III (Faysal Shariah Flex Plan II)
2026-03-14 01:42:29,105 - INFO - [145/615] Syncing fund: HBL Islamic Fixed Term Fund Plan V...
2026-03-14 01:42:30,287 - INFO - HTTP Request: GET https://beta-restapi.sarmaaya.pk/api/mutual-funds/nav-history/b9e474b0-fdca-4783-b1d0-e8008bf75457?days=1827 "HTTP/1.1 200 OK"
2026-03-14 01:42:31,496 - INFO -   Saved 9 NAV points for HBL Islamic Fixed Term Fund Plan V
2026-03-14 01:42:31,999 - INFO - [146/615] Syncing fund: 786-IMMF...
2026-03-14 01:42:33,099 - INFO - HTTP Request: GET https://beta-restapi.sarmaaya.pk/api/mutual-funds/nav-history/55c24bce-88e5-4b5b-9b5f-9e61ca31f961?days=1827 "HTTP/1.1 200 OK"
2026-03-14 01:42:34,412 - INFO -   Saved 339 NAV points for 786-IMMF
2026-03-14 01:42:34,914 - INFO - [147/615] Syncing fund: 786SMF...
2026-03-14 01:42:36,886 - INFO - HTTP Request: GET https://beta-restapi.sarmaaya.pk/api/mutual-funds/nav-history/1aa0884f-6999-4977-a739-6a7830a8e5be?days=1827 "HTTP/1.1 200 OK"
2026-03-14 01:42:38,712 - INFO -   Saved 1632 NAV points for 786SMF
2026-03-14 01:42:39,218 - INFO - [148/615] Syncing fund: AAAIP...
2026-03-14 01:42:40,199 - INFO - HTTP Request: GET https://beta-restapi.sarmaaya.pk/api/mutual-funds/nav-history/82de6b8c-a8da-404b-90da-3ca967338add?days=1827 "HTTP/1.1 200 OK"
2026-03-14 01:42:41,773 - INFO -   Saved 1671 NAV points for AAAIP
2026-03-14 01:42:42,279 - INFO - [149/615] Syncing fund: AAAISF...
2026-03-14 01:42:43,359 - INFO - HTTP Request: GET https://beta-restapi.sarmaaya.pk/api/mutual-funds/nav-history/87df4bbc-74cf-4a82-9a4e-f8f90e8f6107?days=1827 "HTTP/1.1 200 OK"
2026-03-14 01:42:45,000 - INFO -   Saved 1624 NAV points for AAAISF
2026-03-14 01:42:45,505 - INFO - [150/615] Syncing fund: AAIAAF...
2026-03-14 01:42:47,699 - INFO - HTTP Request: GET https://beta-restapi.sarmaaya.pk/api/mutual-funds/nav-history/3e2fe825-b10f-406c-849d-a305addb8c21?days=1827 "HTTP/1.1 200 OK"
2026-03-14 01:42:49,363 - INFO -   Saved 1631 NAV points for AAIAAF
2026-03-14 01:42:49,867 - INFO - [151/615] Syncing fund: ABLAAP...
2026-03-14 01:42:51,351 - INFO - HTTP Request: GET https://beta-restapi.sarmaaya.pk/api/mutual-funds/nav-history/0dac6a27-ca7d-40af-8522-a6b1adb6732e?days=1827 "HTTP/1.1 200 OK"
2026-03-14 01:42:53,250 - INFO -   Saved 1615 NAV points for ABLAAP
2026-03-14 01:42:53,755 - INFO - [152/615] Syncing fund: ABL-AFF...
2026-03-14 01:42:55,232 - INFO - HTTP Request: GET https://beta-restapi.sarmaaya.pk/api/mutual-funds/nav-history/b91cf7cb-a701-4b78-b871-a8a4cbbfe733?days=1827 "HTTP/1.1 200 OK"
2026-03-14 01:42:56,930 - INFO -   Saved 1681 NAV points for ABL-AFF
2026-03-14 01:42:57,436 - INFO - [153/615] Syncing fund: ABLCON...
2026-03-14 01:42:58,262 - INFO - HTTP Request: GET https://beta-restapi.sarmaaya.pk/api/mutual-funds/nav-history/b065e664-7996-4dd6-a0dc-c8d61bb6ffff?days=1827 "HTTP/1.1 200 OK"
2026-03-14 01:42:59,846 - INFO -   Saved 1616 NAV points for ABLCON
2026-03-14 01:43:00,351 - INFO - [154/615] Syncing fund: ABLCPII...
2026-03-14 01:43:01,242 - INFO - HTTP Request: GET https://beta-restapi.sarmaaya.pk/api/mutual-funds/nav-history/b5b56f84-fff8-40f5-ad3a-27274fd3bd77?days=1827 "HTTP/1.1 200 OK"
2026-03-14 01:43:02,980 - INFO -   Saved 1614 NAV points for ABLCPII
2026-03-14 01:43:03,485 - INFO - [155/615] Syncing fund: ABL-FRP -V...
2026-03-14 01:43:05,455 - INFO - HTTP Request: GET https://beta-restapi.sarmaaya.pk/api/mutual-funds/nav-history/f4464403-5d25-4cb0-b513-b38a78edac5e?days=1827 "HTTP/1.1 200 OK"
2026-03-14 01:43:06,663 - INFO -   Saved 257 NAV points for ABL-FRP -V
2026-03-14 01:43:07,168 - INFO - [156/615] Syncing fund: ABL-FRP-XIX...
2026-03-14 01:43:09,253 - INFO - HTTP Request: GET https://beta-restapi.sarmaaya.pk/api/mutual-funds/nav-history/a5c4abdf-5dda-43b8-9f1d-28996776bb04?days=1827 "HTTP/1.1 200 OK"
2026-03-14 01:43:10,466 - INFO -   Saved 263 NAV points for ABL-FRP-XIX
2026-03-14 01:43:10,971 - INFO - [157/615] Syncing fund: ABL-FRP-Xvii...
2026-03-14 01:43:12,841 - INFO - HTTP Request: GET https://beta-restapi.sarmaaya.pk/api/mutual-funds/nav-history/b5c05f50-7b56-4320-a0b9-f7db19891af9?days=1827 "HTTP/1.1 200 OK"
2026-03-14 01:43:14,040 - INFO -   Saved 91 NAV points for ABL-FRP-Xvii
2026-03-14 01:43:14,542 - INFO - [158/615] Syncing fund: ABL-FRP-XVIII...
2026-03-14 01:43:15,315 - INFO - HTTP Request: GET https://beta-restapi.sarmaaya.pk/api/mutual-funds/nav-history/ba414b8c-8194-47f1-8d00-1299b7678d87?days=1827 "HTTP/1.1 200 OK"
2026-03-14 01:43:16,656 - INFO -   Saved 175 NAV points for ABL-FRP-XVIII
2026-03-14 01:43:17,161 - INFO - [159/615] Syncing fund: ABLIDSF...
2026-03-14 01:43:18,537 - INFO - HTTP Request: GET https://beta-restapi.sarmaaya.pk/api/mutual-funds/nav-history/ba051fe4-9c5a-49fc-bfd8-c9718f79146b?days=1827 "HTTP/1.1 200 OK"
2026-03-14 01:43:20,179 - INFO -   Saved 1651 NAV points for ABLIDSF
2026-03-14 01:43:20,685 - INFO - [160/615] Syncing fund: ABLIIF...
2026-03-14 01:43:21,950 - INFO - HTTP Request: GET https://beta-restapi.sarmaaya.pk/api/mutual-funds/nav-history/9464798d-3ec5-4ff2-a61b-6af5c2511b0e?days=1827 "HTTP/1.1 200 OK"
2026-03-14 01:43:23,695 - INFO -   Saved 1679 NAV points for ABLIIF
2026-03-14 01:43:24,204 - INFO - [161/615] Syncing fund: ABL-IMMP-I...
2026-03-14 01:43:26,049 - INFO - HTTP Request: GET https://beta-restapi.sarmaaya.pk/api/mutual-funds/nav-history/bc148449-d667-4cb2-9cd9-86d900a2e1ed?days=1827 "HTTP/1.1 200 OK"
2026-03-14 01:43:27,270 - INFO -   Saved 709 NAV points for ABL-IMMP-I
2026-03-14 01:43:27,775 - INFO - [162/615] Syncing fund: ABLISF...
2026-03-14 01:43:28,622 - INFO - HTTP Request: GET https://beta-restapi.sarmaaya.pk/api/mutual-funds/nav-history/6aaa0979-eead-4b43-9bea-ed85446833ea?days=1827 "HTTP/1.1 200 OK"
2026-03-14 01:43:30,318 - INFO -   Saved 1677 NAV points for ABLISF
2026-03-14 01:43:30,824 - INFO - [163/615] Syncing fund: ABL-ISP-1...
2026-03-14 01:43:32,276 - INFO - HTTP Request: GET https://beta-restapi.sarmaaya.pk/api/mutual-funds/nav-history/5538ee56-0488-47b8-9bbb-cdb403223628?days=1827 "HTTP/1.1 200 OK"
2026-03-14 01:43:33,694 - INFO -   Saved 459 NAV points for ABL-ISP-1
2026-03-14 01:43:34,200 - INFO - [164/615] Syncing fund: ABL-MMP-I...
2026-03-14 01:43:36,225 - INFO - HTTP Request: GET https://beta-restapi.sarmaaya.pk/api/mutual-funds/nav-history/b05df539-9fff-4857-9d11-6acf6e75d754?days=1827 "HTTP/1.1 200 OK"
2026-03-14 01:43:37,456 - INFO -   Saved 744 NAV points for ABL-MMP-I
2026-03-14 01:43:37,962 - INFO - [165/615] Syncing fund: ABLSF...
2026-03-14 01:43:39,184 - INFO - HTTP Request: GET https://beta-restapi.sarmaaya.pk/api/mutual-funds/nav-history/ddd878cb-8ef6-4408-a966-690b07fa51a4?days=1827 "HTTP/1.1 200 OK"
2026-03-14 01:43:40,773 - INFO -   Saved 1677 NAV points for ABLSF
2026-03-14 01:43:41,278 - INFO - [166/615] Syncing fund: ABLSSP-I...
2026-03-14 01:43:44,553 - INFO - HTTP Request: GET https://beta-restapi.sarmaaya.pk/api/mutual-funds/nav-history/3233f83b-1098-48b8-8982-50455a6096b8?days=1827 "HTTP/1.1 200 OK"
2026-03-14 01:43:46,295 - INFO -   Saved 1667 NAV points for ABLSSP-I
2026-03-14 01:43:46,801 - INFO - [167/615] Syncing fund: ABLSSP-II...
2026-03-14 01:43:48,696 - INFO - HTTP Request: GET https://beta-restapi.sarmaaya.pk/api/mutual-funds/nav-history/fa1931ea-7906-4a88-9855-398e599ad23f?days=1827 "HTTP/1.1 200 OK"
2026-03-14 01:43:50,385 - INFO -   Saved 1672 NAV points for ABLSSP-II
2026-03-14 01:43:50,890 - INFO - [168/615] Syncing fund: ABLSSP-III...
2026-03-14 01:43:51,794 - INFO - HTTP Request: GET https://beta-restapi.sarmaaya.pk/api/mutual-funds/nav-history/35babae6-19fd-48dd-9a98-5215dd4f7b67?days=1827 "HTTP/1.1 200 OK"
2026-03-14 01:43:53,583 - INFO -   Saved 1672 NAV points for ABLSSP-III
2026-03-14 01:43:54,088 - INFO - [169/615] Syncing fund: ABLSSP-IV...
2026-03-14 01:43:55,350 - INFO - HTTP Request: GET https://beta-restapi.sarmaaya.pk/api/mutual-funds/nav-history/1a6bb393-432c-4a7b-affe-fe1e07c3470d?days=1827 "HTTP/1.1 200 OK"
2026-03-14 01:43:56,993 - INFO -   Saved 1687 NAV points for ABLSSP-IV
2026-03-14 01:43:57,493 - INFO - [170/615] Syncing fund: ABLSSP-V...
2026-03-14 01:43:59,603 - INFO - HTTP Request: GET https://beta-restapi.sarmaaya.pk/api/mutual-funds/nav-history/16d6e240-4aea-492d-b65a-fa806629bf3b?days=1827 "HTTP/1.1 200 OK"
2026-03-14 01:44:01,874 - INFO -   Saved 1689 NAV points for ABLSSP-V
2026-03-14 01:44:02,380 - INFO - [171/615] Syncing fund: ABLSSP-VI...
2026-03-14 01:44:04,368 - INFO - HTTP Request: GET https://beta-restapi.sarmaaya.pk/api/mutual-funds/nav-history/b4c9837c-fa61-4263-9c22-58befbf4a233?days=1827 "HTTP/1.1 200 OK"
2026-03-14 01:44:05,951 - INFO -   Saved 1212 NAV points for ABLSSP-VI
2026-03-14 01:44:06,455 - INFO - [172/615] Syncing fund: ACAIP...
2026-03-14 01:44:07,334 - INFO - HTTP Request: GET https://beta-restapi.sarmaaya.pk/api/mutual-funds/nav-history/c4449f87-5bd1-48d6-a990-9563059bcadc?days=1827 "HTTP/1.1 200 OK"
2026-03-14 01:44:08,992 - INFO -   Saved 1671 NAV points for ACAIP
2026-03-14 01:44:09,497 - INFO - [173/615] Syncing fund: ACF...
2026-03-14 01:44:11,629 - INFO - HTTP Request: GET https://beta-restapi.sarmaaya.pk/api/mutual-funds/nav-history/F116?days=1827 "HTTP/1.1 200 OK"
2026-03-14 01:44:13,228 - INFO -   Saved 1200 NAV points for ACF
2026-03-14 01:44:13,730 - INFO - [174/615] Syncing fund: ACIETF...
2026-03-14 01:44:15,998 - INFO - HTTP Request: GET https://beta-restapi.sarmaaya.pk/api/mutual-funds/nav-history/2e9947be-ec09-4a48-92ac-30e083cefaf8?days=1827 "HTTP/1.1 200 OK"
2026-03-14 01:44:17,425 - INFO -   Saved 792 NAV points for ACIETF
2026-03-14 01:44:17,931 - INFO - [175/615] Syncing fund: ADEF...
2026-03-14 01:44:19,385 - INFO - HTTP Request: GET https://beta-restapi.sarmaaya.pk/api/mutual-funds/nav-history/daf446ea-4a4c-4e51-bdc9-a37837210201?days=1827 "HTTP/1.1 200 OK"
2026-03-14 01:44:21,098 - INFO -   Saved 1019 NAV points for ADEF
2026-03-14 01:44:21,606 - INFO - [176/615] Syncing fund: AFSIF...
2026-03-14 01:44:22,558 - INFO - HTTP Request: GET https://beta-restapi.sarmaaya.pk/api/mutual-funds/nav-history/109954fd-d312-465a-aa03-52cfd36a0b84?days=1827 "HTTP/1.1 200 OK"
2026-03-14 01:44:23,874 - INFO -   Saved 817 NAV points for AFSIF
2026-03-14 01:44:24,379 - INFO - [177/615] Syncing fund: AGAAP...
2026-03-14 01:44:26,565 - INFO - HTTP Request: GET https://beta-restapi.sarmaaya.pk/api/mutual-funds/nav-history/7d61fc57-494b-40e0-8a5a-e59e7cb9b61a?days=1827 "HTTP/1.1 200 OK"
2026-03-14 01:44:28,188 - INFO -   Saved 1464 NAV points for AGAAP
2026-03-14 01:44:28,689 - INFO - [178/615] Syncing fund: AGAF...
2026-03-14 01:44:30,339 - INFO - HTTP Request: GET https://beta-restapi.sarmaaya.pk/api/mutual-funds/nav-history/3de7c0d8-06c6-42bd-b40e-248dded6c23b?days=1827 "HTTP/1.1 200 OK"
2026-03-14 01:44:31,907 - INFO -   Saved 1509 NAV points for AGAF
2026-03-14 01:44:32,413 - INFO - [179/615] Syncing fund: AGCAP...
2026-03-14 01:44:33,829 - INFO - HTTP Request: GET https://beta-restapi.sarmaaya.pk/api/mutual-funds/nav-history/6fff0000-5530-46ce-84fa-a98f6422d047?days=1827 "HTTP/1.1 200 OK"
2026-03-14 01:44:35,540 - INFO -   Saved 1466 NAV points for AGCAP
2026-03-14 01:44:36,046 - INFO - [180/615] Syncing fund: AGCF...
2026-03-14 01:44:37,780 - INFO - HTTP Request: GET https://beta-restapi.sarmaaya.pk/api/mutual-funds/nav-history/2602024a-9498-4898-ad61-eafc66dbe09a?days=1827 "HTTP/1.1 200 OK"
2026-03-14 01:44:39,547 - INFO -   Saved 1629 NAV points for AGCF
2026-03-14 01:44:40,053 - INFO - [181/615] Syncing fund: AGCPP-IV...
2026-03-14 01:44:41,410 - INFO - HTTP Request: GET https://beta-restapi.sarmaaya.pk/api/mutual-funds/nav-history/41c92870-9bbe-437e-af7b-e94b570e680e?days=1827 "HTTP/1.1 200 OK"
2026-03-14 01:44:42,923 - INFO -   Saved 487 NAV points for AGCPP-IV
2026-03-14 01:44:43,429 - INFO - [182/615] Syncing fund: AGFVF...
2026-03-14 01:44:44,900 - INFO - HTTP Request: GET https://beta-restapi.sarmaaya.pk/api/mutual-funds/nav-history/6896f149-d403-4f9c-8694-5a57afb4389c?days=1827 "HTTP/1.1 200 OK"
2026-03-14 01:44:46,657 - INFO -   Saved 284 NAV points for AGFVF
2026-03-14 01:44:47,162 - INFO - [183/615] Syncing fund: AGFVP1...
2026-03-14 01:44:48,845 - INFO - HTTP Request: GET https://beta-restapi.sarmaaya.pk/api/mutual-funds/nav-history/a534f40e-33d1-49f0-b9ae-0c7da70c2e9b?days=1827 "HTTP/1.1 200 OK"
2026-03-14 01:44:50,090 - INFO -   Saved 748 NAV points for AGFVP1
2026-03-14 01:44:50,596 - INFO - [184/615] Syncing fund: AGHIMF...
2026-03-14 01:44:51,591 - INFO - HTTP Request: GET https://beta-restapi.sarmaaya.pk/api/mutual-funds/nav-history/a2182d2d-60b7-4e10-81c6-9a718ae259e0?days=1827 "HTTP/1.1 200 OK"
2026-03-14 01:44:53,149 - INFO -   Saved 1517 NAV points for AGHIMF
2026-03-14 01:44:53,655 - INFO - [185/615] Syncing fund: AGHIPD...
2026-03-14 01:44:55,318 - INFO - HTTP Request: GET https://beta-restapi.sarmaaya.pk/api/mutual-funds/nav-history/928c9be6-a01f-45a8-bda3-0451a8562752?days=1827 "HTTP/1.1 200 OK"
2026-03-14 01:44:56,887 - INFO -   Saved 1477 NAV points for AGHIPD
2026-03-14 01:44:57,387 - INFO - [186/615] Syncing fund: AGHIPE...
2026-03-14 01:44:59,235 - INFO - HTTP Request: GET https://beta-restapi.sarmaaya.pk/api/mutual-funds/nav-history/e08fc302-74c9-4bbc-a189-e45d1af2b9ba?days=1827 "HTTP/1.1 200 OK"
2026-03-14 01:45:00,818 - INFO -   Saved 1466 NAV points for AGHIPE
2026-03-14 01:45:01,321 - INFO - [187/615] Syncing fund: AGHPD...
2026-03-14 01:45:03,586 - INFO - HTTP Request: GET https://beta-restapi.sarmaaya.pk/api/mutual-funds/nav-history/b9cdaf90-89ab-4192-9ecf-c1243b9c8014?days=1827 "HTTP/1.1 200 OK"
2026-03-14 01:45:05,176 - INFO -   Saved 1505 NAV points for AGHPD
2026-03-14 01:45:05,678 - INFO - [188/615] Syncing fund: AGHPE...
2026-03-14 01:45:06,867 - INFO - HTTP Request: GET https://beta-restapi.sarmaaya.pk/api/mutual-funds/nav-history/c257e52f-7b5c-4be3-9497-00d4ab79218d?days=1827 "HTTP/1.1 200 OK"
2026-03-14 01:45:08,439 - INFO -   Saved 1470 NAV points for AGHPE
2026-03-14 01:45:08,944 - INFO - [189/615] Syncing fund: AGHPM...
2026-03-14 01:45:10,916 - INFO - HTTP Request: GET https://beta-restapi.sarmaaya.pk/api/mutual-funds/nav-history/3d65980a-a405-4b9c-8ca1-e1f9bae290b7?days=1827 "HTTP/1.1 200 OK"
2026-03-14 01:45:12,474 - INFO -   Saved 1497 NAV points for AGHPM
2026-03-14 01:45:12,978 - INFO - [190/615] Syncing fund: AGHPMM...
2026-03-14 01:45:14,812 - INFO - HTTP Request: GET https://beta-restapi.sarmaaya.pk/api/mutual-funds/nav-history/b17bbc64-ff09-4937-8221-31851eb502a6?days=1827 "HTTP/1.1 200 OK"
2026-03-14 01:45:16,513 - INFO -   Saved 1503 NAV points for AGHPMM
2026-03-14 01:45:17,020 - INFO - [191/615] Syncing fund: AGHPMM...
2026-03-14 01:45:18,901 - INFO - HTTP Request: GET https://beta-restapi.sarmaaya.pk/api/mutual-funds/nav-history/b17bbc64-ff09-4937-8221-31851eb502a6?days=1827 "HTTP/1.1 200 OK"
2026-03-14 01:45:20,709 - INFO -   Saved 1503 NAV points for AGHPMM
2026-03-14 01:45:21,215 - INFO - [192/615] Syncing fund: AGIDEF...
2026-03-14 01:45:23,366 - INFO - HTTP Request: GET https://beta-restapi.sarmaaya.pk/api/mutual-funds/nav-history/feee46d6-16bd-43ab-841d-74059dc155db?days=1827 "HTTP/1.1 200 OK"
2026-03-14 01:45:24,994 - INFO -   Saved 1534 NAV points for AGIDEF
2026-03-14 01:45:25,499 - INFO - [193/615] Syncing fund: AGIF...
2026-03-14 01:45:26,700 - INFO - HTTP Request: GET https://beta-restapi.sarmaaya.pk/api/mutual-funds/nav-history/cdc730e7-6272-416a-9bbd-ac299dfd53c3?days=1827 "HTTP/1.1 200 OK"
2026-03-14 01:45:28,389 - INFO -   Saved 1507 NAV points for AGIF
2026-03-14 01:45:28,894 - INFO - [194/615] Syncing fund: AGIIF...
2026-03-14 01:45:30,956 - INFO - HTTP Request: GET https://beta-restapi.sarmaaya.pk/api/mutual-funds/nav-history/66a76a69-e0a6-42e6-a782-962d34542a8e?days=1827 "HTTP/1.1 200 OK"
2026-03-14 01:45:32,606 - INFO -   Saved 1495 NAV points for AGIIF
2026-03-14 01:45:33,111 - INFO - [195/615] Syncing fund: AGISF...
2026-03-14 01:45:34,596 - INFO - HTTP Request: GET https://beta-restapi.sarmaaya.pk/api/mutual-funds/nav-history/d16c512e-cdb3-414f-a600-9edf18a6ec73?days=1827 "HTTP/1.1 200 OK"
2026-03-14 01:45:36,271 - INFO -   Saved 1507 NAV points for AGISF
2026-03-14 01:45:36,773 - INFO - [196/615] Syncing fund: AGIVF...
2026-03-14 01:45:38,289 - INFO - HTTP Request: GET https://beta-restapi.sarmaaya.pk/api/mutual-funds/nav-history/1e7ca84c-1c44-4f39-a911-edc8a9b990d5?days=1827 "HTTP/1.1 200 OK"
2026-03-14 01:45:39,961 - INFO -   Saved 1517 NAV points for AGIVF
2026-03-14 01:45:40,467 - INFO - [197/615] Syncing fund: AGMAP...
2026-03-14 01:45:42,622 - INFO - HTTP Request: GET https://beta-restapi.sarmaaya.pk/api/mutual-funds/nav-history/53c69b9c-6f0c-4746-9c34-d62a636567be?days=1827 "HTTP/1.1 200 OK"
2026-03-14 01:45:44,365 - INFO -   Saved 1465 NAV points for AGMAP
2026-03-14 01:45:44,871 - INFO - [198/615] Syncing fund: AGS-FP-I...
2026-03-14 01:45:45,674 - INFO - HTTP Request: GET https://beta-restapi.sarmaaya.pk/api/mutual-funds/nav-history/85953e95-b9ee-4fa6-9ff6-eb9aab9f7720?days=1827 "HTTP/1.1 200 OK"
2026-03-14 01:45:46,912 - INFO -   Saved 413 NAV points for AGS-FP-I
2026-03-14 01:45:47,412 - INFO - [199/615] Syncing fund: AGS-FP-II...
2026-03-14 01:45:48,689 - INFO - HTTP Request: GET https://beta-restapi.sarmaaya.pk/api/mutual-funds/nav-history/9a7338a7-cc24-4c86-af3e-e0fa1946d529?days=1827 "HTTP/1.1 200 OK"
2026-03-14 01:45:49,919 - INFO -   Saved 355 NAV points for AGS-FP-II
2026-03-14 01:45:50,424 - INFO - [200/615] Syncing fund: AGVF...
2026-03-14 01:45:51,631 - INFO - HTTP Request: GET https://beta-restapi.sarmaaya.pk/api/mutual-funds/nav-history/8db694bb-6647-434d-9a98-38f73d510f96?days=1827 "HTTP/1.1 200 OK"
2026-03-14 01:45:53,221 - INFO -   Saved 1484 NAV points for AGVF
2026-03-14 01:45:53,726 - INFO - [201/615] Syncing fund: AHAAF...
2026-03-14 01:45:55,730 - INFO - HTTP Request: GET https://beta-restapi.sarmaaya.pk/api/mutual-funds/nav-history/1ec0527b-a58a-4dda-9407-f24cdecd8263?days=1827 "HTTP/1.1 200 OK"
2026-03-14 01:45:57,334 - INFO -   Saved 1640 NAV points for AHAAF
2026-03-14 01:45:57,835 - INFO - [202/615] Syncing fund: AHCF...
2026-03-14 01:45:59,298 - INFO - HTTP Request: GET https://beta-restapi.sarmaaya.pk/api/mutual-funds/nav-history/2c6a2944-2209-4172-9204-4c61b3bfd4d3?days=1827 "HTTP/1.1 200 OK"
2026-03-14 01:46:00,943 - INFO -   Saved 1687 NAV points for AHCF
2026-03-14 01:46:01,445 - INFO - [203/615] Syncing fund: AHFRFP19...
2026-03-14 01:46:02,591 - INFO - HTTP Request: GET https://beta-restapi.sarmaaya.pk/api/mutual-funds/nav-history/2e63811a-3286-4d96-9da1-6dda953b165e?days=1827 "HTTP/1.1 200 OK"
2026-03-14 01:46:03,809 - INFO -   Saved 290 NAV points for AHFRFP19
2026-03-14 01:46:04,314 - INFO - [204/615] Syncing fund: AHFRFP20...
2026-03-14 01:46:05,915 - INFO - HTTP Request: GET https://beta-restapi.sarmaaya.pk/api/mutual-funds/nav-history/72930049-708e-4ee8-9a4d-c1c97be96562?days=1827 "HTTP/1.1 200 OK"
2026-03-14 01:46:07,188 - INFO -   Saved 270 NAV points for AHFRFP20
2026-03-14 01:46:07,690 - INFO - [205/615] Syncing fund: AHFRFP22...
2026-03-14 01:46:08,496 - INFO - HTTP Request: GET https://beta-restapi.sarmaaya.pk/api/mutual-funds/nav-history/18b28bf7-87b4-47cd-96b3-a5ec68272819?days=1827 "HTTP/1.1 200 OK"
2026-03-14 01:46:09,812 - INFO -   Saved 274 NAV points for AHFRFP22
2026-03-14 01:46:10,314 - INFO - [206/615] Syncing fund: AHFRFP23...
2026-03-14 01:46:12,785 - INFO - HTTP Request: GET https://beta-restapi.sarmaaya.pk/api/mutual-funds/nav-history/79e0293d-f58c-469f-98e9-848669918fb5?days=1827 "HTTP/1.1 200 OK"
2026-03-14 01:46:13,988 - INFO -   Saved 203 NAV points for AHFRFP23
2026-03-14 01:46:14,497 - INFO - [207/615] Syncing fund: AHFRFP24...
2026-03-14 01:46:17,196 - INFO - HTTP Request: GET https://beta-restapi.sarmaaya.pk/api/mutual-funds/nav-history/43bfe3cf-8af1-44a4-87d6-e8b401a66753?days=1827 "HTTP/1.1 200 OK"
2026-03-14 01:46:18,397 - INFO -   Saved 203 NAV points for AHFRFP24
2026-03-14 01:46:18,902 - INFO - [208/615] Syncing fund: AHGoKPIPF...
2026-03-14 01:46:19,842 - INFO - HTTP Request: GET https://beta-restapi.sarmaaya.pk/api/mutual-funds/nav-history/9ddce357-9d75-4c09-9a36-5fdbc982d352?days=1827 "HTTP/1.1 200 OK"
2026-03-14 01:46:21,063 - INFO -   Saved 637 NAV points for AHGoKPIPF
2026-03-14 01:46:21,566 - INFO - [209/615] Syncing fund: AHGoKPPF-MM...
2026-03-14 01:46:22,451 - INFO - HTTP Request: GET https://beta-restapi.sarmaaya.pk/api/mutual-funds/nav-history/1e104377-eba8-4f78-9e00-dc4bbfeba99e?days=1827 "HTTP/1.1 200 OK"
2026-03-14 01:46:23,689 - INFO -   Saved 418 NAV points for AHGoKPPF-MM
2026-03-14 01:46:24,195 - INFO - [210/615] Syncing fund: AHGSF...
2026-03-14 01:46:25,492 - INFO - HTTP Request: GET https://beta-restapi.sarmaaya.pk/api/mutual-funds/nav-history/919028b1-f93b-42f3-bdce-7250877a0ac6?days=1827 "HTTP/1.1 200 OK"
2026-03-14 01:46:26,736 - INFO -   Saved 824 NAV points for AHGSF
2026-03-14 01:46:27,241 - INFO - [211/615] Syncing fund: AHICF...
2026-03-14 01:46:29,325 - INFO - HTTP Request: GET https://beta-restapi.sarmaaya.pk/api/mutual-funds/nav-history/5490a49d-24d9-4dc2-8f5b-97f72bf80677?days=1827 "HTTP/1.1 200 OK"
2026-03-14 01:46:30,922 - INFO -   Saved 1405 NAV points for AHICF
2026-03-14 01:46:31,427 - INFO - [212/615] Syncing fund: AHIF...
2026-03-14 01:46:32,672 - INFO - HTTP Request: GET https://beta-restapi.sarmaaya.pk/api/mutual-funds/nav-history/66c1689b-8475-440d-9569-d2199210cefc?days=1827 "HTTP/1.1 200 OK"
2026-03-14 01:46:34,241 - INFO -   Saved 1639 NAV points for AHIF
2026-03-14 01:46:34,744 - INFO - [213/615] Syncing fund: AHIIF...
2026-03-14 01:46:36,769 - INFO - HTTP Request: GET https://beta-restapi.sarmaaya.pk/api/mutual-funds/nav-history/68d670c9-c6dc-472e-94b8-5765068198f9?days=1827 "HTTP/1.1 200 OK"
2026-03-14 01:46:38,335 - INFO -   Saved 1639 NAV points for AHIIF
2026-03-14 01:46:38,840 - INFO - [214/615] Syncing fund: AHIPF-D...
2026-03-14 01:46:40,206 - INFO - HTTP Request: GET https://beta-restapi.sarmaaya.pk/api/mutual-funds/nav-history/020de6c4-d1e0-406d-ae80-03e0970fca3b?days=1827 "HTTP/1.1 200 OK"
2026-03-14 01:46:41,759 - INFO -   Saved 1126 NAV points for AHIPF-D
2026-03-14 01:46:42,261 - INFO - [215/615] Syncing fund: AHIPF-E...
2026-03-14 01:46:43,838 - INFO - HTTP Request: GET https://beta-restapi.sarmaaya.pk/api/mutual-funds/nav-history/a56a55a8-e488-4002-9a97-8871f7259c3c?days=1827 "HTTP/1.1 200 OK"
2026-03-14 01:46:45,407 - INFO -   Saved 1126 NAV points for AHIPF-E
2026-03-14 01:46:45,911 - INFO - [216/615] Syncing fund: AHIPF-MM...
2026-03-14 01:46:48,083 - INFO - HTTP Request: GET https://beta-restapi.sarmaaya.pk/api/mutual-funds/nav-history/63696cbd-bc4a-4d50-a078-7568a1d45459?days=1827 "HTTP/1.1 200 OK"
2026-03-14 01:46:49,692 - INFO -   Saved 1124 NAV points for AHIPF-MM
2026-03-14 01:46:50,196 - INFO - [217/615] Syncing fund: AHISAVF...
2026-03-14 01:46:50,998 - INFO - HTTP Request: GET https://beta-restapi.sarmaaya.pk/api/mutual-funds/nav-history/ee5d8a4d-62b9-49a7-a7db-2249e63a38fb?days=1827 "HTTP/1.1 200 OK"
2026-03-14 01:46:52,688 - INFO -   Saved 1405 NAV points for AHISAVF
2026-03-14 01:46:53,192 - INFO - [218/615] Syncing fund: AHISF...
2026-03-14 01:46:55,088 - INFO - HTTP Request: GET https://beta-restapi.sarmaaya.pk/api/mutual-funds/nav-history/a90441e1-ecae-4dc4-835a-f9b23e3b75c4?days=1827 "HTTP/1.1 200 OK"
2026-03-14 01:46:56,697 - INFO -   Saved 1637 NAV points for AHISF
2026-03-14 01:46:57,199 - INFO - [219/615] Syncing fund: AHMMF...
2026-03-14 01:46:58,199 - INFO - HTTP Request: GET https://beta-restapi.sarmaaya.pk/api/mutual-funds/nav-history/c4952e08-f290-4b3f-ad4e-24c578558840?days=1827 "HTTP/1.1 200 OK"
2026-03-14 01:47:00,140 - INFO -   Saved 1405 NAV points for AHMMF
2026-03-14 01:47:00,645 - INFO - [220/615] Syncing fund: AHPF-D...
2026-03-14 01:47:01,979 - INFO - HTTP Request: GET https://beta-restapi.sarmaaya.pk/api/mutual-funds/nav-history/60bc6804-cf94-4964-ac41-4a9c9101d483?days=1827 "HTTP/1.1 200 OK"
2026-03-14 01:47:03,812 - INFO -   Saved 1192 NAV points for AHPF-D
2026-03-14 01:47:04,317 - INFO - [221/615] Syncing fund: AHPF-E...
2026-03-14 01:47:05,632 - INFO - HTTP Request: GET https://beta-restapi.sarmaaya.pk/api/mutual-funds/nav-history/31c18202-70f8-4a33-888e-9d6c7ec76916?days=1827 "HTTP/1.1 200 OK"
2026-03-14 01:47:07,191 - INFO -   Saved 1189 NAV points for AHPF-E
2026-03-14 01:47:07,694 - INFO - [222/615] Syncing fund: AHPF-MM...
2026-03-14 01:47:08,795 - INFO - HTTP Request: GET https://beta-restapi.sarmaaya.pk/api/mutual-funds/nav-history/133edc1b-028d-45b9-a2ec-027e1ceb0002?days=1827 "HTTP/1.1 200 OK"
2026-03-14 01:47:10,671 - INFO -   Saved 1189 NAV points for AHPF-MM
2026-03-14 01:47:11,177 - INFO - [223/615] Syncing fund: AHSF...
2026-03-14 01:47:13,095 - INFO - HTTP Request: GET https://beta-restapi.sarmaaya.pk/api/mutual-funds/nav-history/bd6cc51a-fc3c-42e1-b42e-0a380c285977?days=1827 "HTTP/1.1 200 OK"
2026-03-14 01:47:14,682 - INFO -   Saved 1639 NAV points for AHSF
2026-03-14 01:47:15,185 - INFO - [224/615] Syncing fund: AHSIFP1...
2026-03-14 01:47:17,139 - INFO - HTTP Request: GET https://beta-restapi.sarmaaya.pk/api/mutual-funds/nav-history/1dc69964-5f36-4f92-9e01-a0527c4e93ee?days=1827 "HTTP/1.1 200 OK"
2026-03-14 01:47:18,883 - INFO -   Saved 271 NAV points for AHSIFP1
2026-03-14 01:47:19,385 - INFO - [225/615] Syncing fund: AHSIFP2...
2026-03-14 01:47:20,243 - INFO - HTTP Request: GET https://beta-restapi.sarmaaya.pk/api/mutual-funds/nav-history/bc6a1478-666c-4d9c-b26f-a77b45c45e81?days=1827 "HTTP/1.1 200 OK"
2026-03-14 01:47:21,452 - INFO -   Saved 255 NAV points for AHSIFP2
2026-03-14 01:47:21,957 - INFO - [226/615] Syncing fund: AHSIFP3...
2026-03-14 01:47:23,593 - INFO - HTTP Request: GET https://beta-restapi.sarmaaya.pk/api/mutual-funds/nav-history/c1291273-fd3c-4aca-871b-39109a001ab1?days=1827 "HTTP/1.1 200 OK"
2026-03-14 01:47:24,906 - INFO -   Saved 254 NAV points for AHSIFP3
2026-03-14 01:47:25,410 - INFO - [227/615] Syncing fund: AHYS...
2026-03-14 01:47:26,722 - INFO - HTTP Request: GET https://beta-restapi.sarmaaya.pk/api/mutual-funds/nav-history/c2ec855b-098a-4e5e-8cca-7948ac7b3cff?days=1827 "HTTP/1.1 200 OK"
2026-03-14 01:47:28,343 - INFO -   Saved 1678 NAV points for AHYS
2026-03-14 01:47:28,847 - INFO - [228/615] Syncing fund: AIACPI...
2026-03-14 01:47:30,187 - INFO - HTTP Request: GET https://beta-restapi.sarmaaya.pk/api/mutual-funds/nav-history/acdfed9c-9568-4175-9dcf-8f48ca6fe3fd?days=1827 "HTTP/1.1 200 OK"
2026-03-14 01:47:31,981 - INFO -   Saved 1453 NAV points for AIACPI
2026-03-14 01:47:32,487 - INFO - [229/615] Syncing fund: AIAIP...
2026-03-14 01:47:34,697 - INFO - HTTP Request: GET https://beta-restapi.sarmaaya.pk/api/mutual-funds/nav-history/895e9d50-f58c-4f20-9cfc-09d3bee3c6bb?days=1827 "HTTP/1.1 200 OK"
2026-03-14 01:47:36,392 - INFO -   Saved 1625 NAV points for AIAIP
2026-03-14 01:47:36,895 - INFO - [230/615] Syncing fund: AIAIP-I...
2026-03-14 01:47:37,935 - INFO - HTTP Request: GET https://beta-restapi.sarmaaya.pk/api/mutual-funds/nav-history/2ba76595-c620-448e-b7e1-3e8c19938f63?days=1827 "HTTP/1.1 200 OK"
2026-03-14 01:47:39,664 - INFO -   Saved 1628 NAV points for AIAIP-I
2026-03-14 01:47:40,169 - INFO - [231/615] Syncing fund: AIBAP...
2026-03-14 01:47:42,065 - INFO - HTTP Request: GET https://beta-restapi.sarmaaya.pk/api/mutual-funds/nav-history/9929b3fe-ac83-4e72-9b39-30976da0dcaa?days=1827 "HTTP/1.1 200 OK"
2026-03-14 01:47:43,617 - INFO -   Saved 1445 NAV points for AIBAP
2026-03-14 01:47:44,123 - INFO - [232/615] Syncing fund: AICF...
2026-03-14 01:47:46,229 - INFO - HTTP Request: GET https://beta-restapi.sarmaaya.pk/api/mutual-funds/nav-history/040d3194-1ca9-40d4-86b3-1a9aa0b3b842?days=1827 "HTTP/1.1 200 OK"
2026-03-14 01:47:47,538 - INFO -   Saved 454 NAV points for AICF
2026-03-14 01:47:48,043 - INFO - [233/615] Syncing fund: AICF...
2026-03-14 01:47:49,377 - INFO - HTTP Request: GET https://beta-restapi.sarmaaya.pk/api/mutual-funds/nav-history/040d3194-1ca9-40d4-86b3-1a9aa0b3b842?days=1827 "HTTP/1.1 200 OK"
2026-03-14 01:47:50,692 - INFO -   Saved 454 NAV points for AICF
2026-03-14 01:47:51,197 - INFO - [234/615] Syncing fund: AICP- I...
2026-03-14 01:47:52,307 - INFO - HTTP Request: GET https://beta-restapi.sarmaaya.pk/api/mutual-funds/nav-history/2687c387-b33b-42b7-ad38-7b62867f35e3?days=1827 "HTTP/1.1 200 OK"
2026-03-14 01:47:54,000 - INFO -   Saved 1686 NAV points for AICP- I
2026-03-14 01:47:54,504 - INFO - [235/615] Syncing fund: AIDSF...
2026-03-14 01:47:55,516 - INFO - HTTP Request: GET https://beta-restapi.sarmaaya.pk/api/mutual-funds/nav-history/40bf7690-73d2-4e9d-90cd-daa0b5aabc6b?days=1827 "HTTP/1.1 200 OK"
2026-03-14 01:47:57,079 - INFO -   Saved 1676 NAV points for AIDSF
2026-03-14 01:47:57,586 - INFO - [236/615] Syncing fund: AIF...
2026-03-14 01:47:59,858 - INFO - HTTP Request: GET https://beta-restapi.sarmaaya.pk/api/mutual-funds/nav-history/02c25fd6-1b4a-43e1-be7b-f9b08ab0ac72?days=1827 "HTTP/1.1 200 OK"
2026-03-14 01:48:01,538 - INFO -   Saved 1674 NAV points for AIF
2026-03-14 01:48:02,042 - INFO - [237/615] Syncing fund: AIFRP-I-P...
2026-03-14 01:48:02,993 - INFO - HTTP Request: GET https://beta-restapi.sarmaaya.pk/api/mutual-funds/nav-history/d2179a4d-4023-498a-8efd-6c9836fb99e9?days=1827 "HTTP/1.1 200 OK"
2026-03-14 01:48:04,207 - INFO -   Saved 240 NAV points for AIFRP-I-P
2026-03-14 01:48:04,713 - INFO - [238/615] Syncing fund: AIFTP-I-M...
2026-03-14 01:48:06,709 - INFO - HTTP Request: GET https://beta-restapi.sarmaaya.pk/api/mutual-funds/nav-history/92743494-1085-4ca5-a8cb-3ddab51db488?days=1827 "HTTP/1.1 200 OK"
2026-03-14 01:48:07,917 - INFO -   Saved 358 NAV points for AIFTP-I-M
2026-03-14 01:48:08,420 - INFO - [239/615] Syncing fund: AIIF...
2026-03-14 01:48:09,240 - INFO - HTTP Request: GET https://beta-restapi.sarmaaya.pk/api/mutual-funds/nav-history/e21f650e-d7e3-4a16-969a-3c401e105b29?days=1827 "HTTP/1.1 200 OK"
2026-03-14 01:48:10,526 - INFO -   Saved 857 NAV points for AIIF
2026-03-14 01:48:11,031 - INFO - [240/615] Syncing fund: AIIF...
2026-03-14 01:48:13,078 - INFO - HTTP Request: GET https://beta-restapi.sarmaaya.pk/api/mutual-funds/nav-history/e21f650e-d7e3-4a16-969a-3c401e105b29?days=1827 "HTTP/1.1 200 OK"
2026-03-14 01:48:14,338 - INFO -   Saved 857 NAV points for AIIF
2026-03-14 01:48:14,841 - INFO - [241/615] Syncing fund: AIKPKMMSF...
2026-03-14 01:48:16,928 - INFO - HTTP Request: GET https://beta-restapi.sarmaaya.pk/api/mutual-funds/nav-history/c1608485-35f6-486b-9949-2c37cb3a7332?days=1827 "HTTP/1.1 200 OK"
2026-03-14 01:48:18,272 - INFO -   Saved 689 NAV points for AIKPKMMSF
2026-03-14 01:48:18,777 - INFO - [242/615] Syncing fund: AIKPK-MMSF...
2026-03-14 01:48:20,529 - INFO - HTTP Request: GET https://beta-restapi.sarmaaya.pk/api/mutual-funds/nav-history/866b0141-9398-4618-af20-6a23233c2b44?days=1827 "HTTP/1.1 200 OK"
2026-03-14 01:48:21,861 - INFO -   Saved 662 NAV points for AIKPK-MMSF
2026-03-14 01:48:22,363 - INFO - [243/615] Syncing fund: AIMAP...
2026-03-14 01:48:23,595 - INFO - HTTP Request: GET https://beta-restapi.sarmaaya.pk/api/mutual-funds/nav-history/45c3bb33-fa72-4672-a790-3aae10379e2e?days=1827 "HTTP/1.1 200 OK"
2026-03-14 01:48:25,311 - INFO -   Saved 1433 NAV points for AIMAP
2026-03-14 01:48:25,817 - INFO - [244/615] Syncing fund: AIMF...
2026-03-14 01:48:27,863 - INFO - HTTP Request: GET https://beta-restapi.sarmaaya.pk/api/mutual-funds/nav-history/6142c280-ada7-45cf-8a7f-32e8f4db37ba?days=1827 "HTTP/1.1 200 OK"
2026-03-14 01:48:29,742 - INFO -   Saved 1674 NAV points for AIMF
2026-03-14 01:48:30,247 - INFO - [245/615] Syncing fund: AIMMF...
2026-03-14 01:48:31,565 - INFO - HTTP Request: GET https://beta-restapi.sarmaaya.pk/api/mutual-funds/nav-history/173efcbf-4302-4513-9727-8000f31c618c?days=1827 "HTTP/1.1 200 OK"
2026-03-14 01:48:32,911 - INFO -   Saved 929 NAV points for AIMMF
2026-03-14 01:48:33,416 - INFO - [246/615] Syncing fund: AIPFD...
2026-03-14 01:48:35,472 - INFO - HTTP Request: GET https://beta-restapi.sarmaaya.pk/api/mutual-funds/nav-history/01fc8b8a-b36d-4059-9c0d-c35ef0ccce07?days=1827 "HTTP/1.1 200 OK"
2026-03-14 01:48:37,216 - INFO -   Saved 1667 NAV points for AIPFD
2026-03-14 01:48:37,720 - INFO - [247/615] Syncing fund: AIPFE...
2026-03-14 01:48:38,542 - INFO - HTTP Request: GET https://beta-restapi.sarmaaya.pk/api/mutual-funds/nav-history/e9cb1e10-f4c2-4583-94e6-609719009796?days=1827 "HTTP/1.1 200 OK"
2026-03-14 01:48:40,143 - INFO -   Saved 1666 NAV points for AIPFE
2026-03-14 01:48:40,649 - INFO - [248/615] Syncing fund: AIPFMM...
2026-03-14 01:48:42,662 - INFO - HTTP Request: GET https://beta-restapi.sarmaaya.pk/api/mutual-funds/nav-history/da920268-91cf-40e1-97df-d30ea4733ed2?days=1827 "HTTP/1.1 200 OK"
2026-03-14 01:48:44,388 - INFO -   Saved 1667 NAV points for AIPFMM
2026-03-14 01:48:44,893 - INFO - [249/615] Syncing fund: AIRAF...
2026-03-14 01:48:46,053 - INFO - HTTP Request: GET https://beta-restapi.sarmaaya.pk/api/mutual-funds/nav-history/217a0d5a-200c-47a5-b668-34f65d4deba2?days=1827 "HTTP/1.1 200 OK"
2026-03-14 01:48:47,748 - INFO -   Saved 1495 NAV points for AIRAF
2026-03-14 01:48:48,254 - INFO - [250/615] Syncing fund: AIRSF-D...
2026-03-14 01:48:50,384 - INFO - HTTP Request: GET https://beta-restapi.sarmaaya.pk/api/mutual-funds/nav-history/f7bde694-50cf-43f9-b254-7720a2ba521d?days=1827 "HTTP/1.1 200 OK"
2026-03-14 01:48:52,264 - INFO -   Saved 1633 NAV points for AIRSF-D
2026-03-14 01:48:52,770 - INFO - [251/615] Syncing fund: AIRSF-E...
2026-03-14 01:48:53,839 - INFO - HTTP Request: GET https://beta-restapi.sarmaaya.pk/api/mutual-funds/nav-history/be051e99-e6e5-4809-9a84-6540b9d4f4e7?days=1827 "HTTP/1.1 200 OK"
2026-03-14 01:48:55,441 - INFO -   Saved 1630 NAV points for AIRSF-E
2026-03-14 01:48:55,948 - INFO - [252/615] Syncing fund: AIRSF-MM...
2026-03-14 01:48:57,030 - INFO - HTTP Request: GET https://beta-restapi.sarmaaya.pk/api/mutual-funds/nav-history/e6fe594f-a9d4-41f0-bf5d-6f5bb9fe5962?days=1827 "HTTP/1.1 200 OK"
2026-03-14 01:48:58,711 - INFO -   Saved 1634 NAV points for AIRSF-MM
2026-03-14 01:48:59,212 - INFO - [253/615] Syncing fund: AISF...
2026-03-14 01:49:00,432 - INFO - HTTP Request: GET https://beta-restapi.sarmaaya.pk/api/mutual-funds/nav-history/59ea0aee-73b0-4b2d-86cd-e68afb757a62?days=1827 "HTTP/1.1 200 OK"
2026-03-14 01:49:02,197 - INFO -   Saved 1676 NAV points for AISF
2026-03-14 01:49:02,702 - INFO - [254/615] Syncing fund: AISF-C...
2026-03-14 01:49:03,850 - INFO - HTTP Request: GET https://beta-restapi.sarmaaya.pk/api/mutual-funds/nav-history/5bc622bf-df87-413c-be05-aa52ae4905b0?days=1827 "HTTP/1.1 200 OK"
2026-03-14 01:49:05,473 - INFO -   Saved 1633 NAV points for AISF-C
2026-03-14 01:49:05,978 - INFO - [255/615] Syncing fund: AISFPI...
2026-03-14 01:49:07,794 - INFO - HTTP Request: GET https://beta-restapi.sarmaaya.pk/api/mutual-funds/nav-history/fe161e1f-4585-472e-a190-39bac7d74714?days=1827 "HTTP/1.1 200 OK"
2026-03-14 01:49:09,164 - INFO -   Saved 762 NAV points for AISFPI
2026-03-14 01:49:09,669 - INFO - [256/615] Syncing fund: AISFPII...
2026-03-14 01:49:13,416 - INFO - HTTP Request: GET https://beta-restapi.sarmaaya.pk/api/mutual-funds/nav-history/3c72f89f-70f4-4e2f-b54d-f4a05df8c391?days=1827 "HTTP/1.1 200 OK"
2026-03-14 01:49:14,692 - INFO -   Saved 682 NAV points for AISFPII
2026-03-14 01:49:15,193 - INFO - [257/615] Syncing fund: AISFPIII...
2026-03-14 01:49:16,784 - INFO - HTTP Request: GET https://beta-restapi.sarmaaya.pk/api/mutual-funds/nav-history/1b9275a5-fc24-448b-9045-a01ad6a833f8?days=1827 "HTTP/1.1 200 OK"
2026-03-14 01:49:17,984 - INFO -   Saved 413 NAV points for AISFPIII
2026-03-14 01:49:18,485 - INFO - [258/615] Syncing fund: AISRF-V...
2026-03-14 01:49:20,014 - INFO - HTTP Request: GET https://beta-restapi.sarmaaya.pk/api/mutual-funds/nav-history/224a43d3-a430-47f7-b04c-0cdadc9dea3c?days=1827 "HTTP/1.1 200 OK"
2026-03-14 01:49:21,230 - INFO -   Saved 89 NAV points for AISRF-V
2026-03-14 01:49:21,735 - INFO - [259/615] Syncing fund: AKDAIF...
2026-03-14 01:49:23,873 - INFO - HTTP Request: GET https://beta-restapi.sarmaaya.pk/api/mutual-funds/nav-history/90949565-7166-4cab-858b-2f2e96418792?days=1827 "HTTP/1.1 200 OK"
2026-03-14 01:49:25,653 - INFO -   Saved 1410 NAV points for AKDAIF
2026-03-14 01:49:26,158 - INFO - [260/615] Syncing fund: AKDCF...
2026-03-14 01:49:27,615 - INFO - HTTP Request: GET https://beta-restapi.sarmaaya.pk/api/mutual-funds/nav-history/eb2f5fbf-9879-454d-8dcf-0bdc15d7c1e7?days=1827 "HTTP/1.1 200 OK"
2026-03-14 01:49:29,186 - INFO -   Saved 1426 NAV points for AKDCF
2026-03-14 01:49:29,691 - INFO - [261/615] Syncing fund: AKDIDDF...
2026-03-14 01:49:31,522 - INFO - HTTP Request: GET https://beta-restapi.sarmaaya.pk/api/mutual-funds/nav-history/9747efd9-f18e-435e-985e-7bd1e98a9de1?days=1827 "HTTP/1.1 200 OK"
2026-03-14 01:49:32,794 - INFO -   Saved 845 NAV points for AKDIDDF
2026-03-14 01:49:33,299 - INFO - [262/615] Syncing fund: AKDISIF...
2026-03-14 01:49:34,613 - INFO - HTTP Request: GET https://beta-restapi.sarmaaya.pk/api/mutual-funds/nav-history/a6a34c08-dbef-4958-9030-e714d9a6b861?days=1827 "HTTP/1.1 200 OK"
2026-03-14 01:49:36,399 - INFO -   Saved 1399 NAV points for AKDISIF
2026-03-14 01:49:36,901 - INFO - [263/615] Syncing fund: AKDISSF...
2026-03-14 01:49:38,874 - INFO - HTTP Request: GET https://beta-restapi.sarmaaya.pk/api/mutual-funds/nav-history/a7e8354e-a510-41f7-94b3-742e80c74431?days=1827 "HTTP/1.1 200 OK"
2026-03-14 01:49:40,414 - INFO -   Saved 1424 NAV points for AKDISSF
2026-03-14 01:49:40,919 - INFO - [264/615] Syncing fund: AKDITF...
2026-03-14 01:49:41,956 - INFO - HTTP Request: GET https://beta-restapi.sarmaaya.pk/api/mutual-funds/nav-history/3e357642-41f4-47f9-8ec2-8af48c889e77?days=1827 "HTTP/1.1 200 OK"
2026-03-14 01:49:43,699 - INFO -   Saved 1424 NAV points for AKDITF
2026-03-14 01:49:44,204 - INFO - [265/615] Syncing fund: AKDOF...
2026-03-14 01:49:46,405 - INFO - HTTP Request: GET https://beta-restapi.sarmaaya.pk/api/mutual-funds/nav-history/bccb2a8b-df32-4fe7-af35-53dbe77f0aee?days=1827 "HTTP/1.1 200 OK"
2026-03-14 01:49:47,993 - INFO -   Saved 1426 NAV points for AKDOF
2026-03-14 01:49:48,499 - INFO - [266/615] Syncing fund: A-KPK-IPFMM1...
2026-03-14 01:49:49,856 - INFO - HTTP Request: GET https://beta-restapi.sarmaaya.pk/api/mutual-funds/nav-history/65608f37-48ee-4b54-a256-0a8aa118ab8f?days=1827 "HTTP/1.1 200 OK"
2026-03-14 01:49:51,113 - INFO -   Saved 703 NAV points for A-KPK-IPFMM1
2026-03-14 01:49:51,619 - INFO - [267/615] Syncing fund: AKPKMMSF...
2026-03-14 01:49:53,368 - INFO - HTTP Request: GET https://beta-restapi.sarmaaya.pk/api/mutual-funds/nav-history/bc7209de-db77-4d3b-b17b-8446340f11f3?days=1827 "HTTP/1.1 200 OK"
2026-03-14 01:49:54,602 - INFO -   Saved 689 NAV points for AKPKMMSF
2026-03-14 01:49:55,104 - INFO - [268/615] Syncing fund: AKTIP7...
2026-03-14 01:49:56,099 - INFO - HTTP Request: GET https://beta-restapi.sarmaaya.pk/api/mutual-funds/nav-history/2359183e-0047-4c6b-b6fa-9af83b7640ae?days=1827 "HTTP/1.1 200 OK"
2026-03-14 01:49:57,337 - INFO -   Saved 752 NAV points for AKTIP7
2026-03-14 01:49:57,842 - INFO - [269/615] Syncing fund: ALF...
2026-03-14 01:49:59,038 - INFO - HTTP Request: GET https://beta-restapi.sarmaaya.pk/api/mutual-funds/nav-history/8e2cfcb1-fe71-43f7-b79c-f3d0739f047c?days=1827 "HTTP/1.1 200 OK"
2026-03-14 01:50:00,774 - INFO -   Saved 1433 NAV points for ALF
2026-03-14 01:50:01,278 - INFO - [270/615] Syncing fund: ALHAA...
2026-03-14 01:50:02,747 - INFO - HTTP Request: GET https://beta-restapi.sarmaaya.pk/api/mutual-funds/nav-history/8a163c45-87d7-4a57-9e09-209451d30c29?days=1827 "HTTP/1.1 200 OK"
2026-03-14 01:50:04,464 - INFO -   Saved 1665 NAV points for ALHAA
2026-03-14 01:50:04,970 - INFO - [271/615] Syncing fund: ALHCMOP...
2026-03-14 01:50:06,473 - INFO - HTTP Request: GET https://beta-restapi.sarmaaya.pk/api/mutual-funds/nav-history/65b8cfbc-65ae-4afd-ba36-83926c6a9350?days=1827 "HTTP/1.1 200 OK"
2026-03-14 01:50:07,716 - INFO -   Saved 918 NAV points for ALHCMOP
2026-03-14 01:50:08,221 - INFO - [272/615] Syncing fund: ALHDDF...
2026-03-14 01:50:09,851 - INFO - HTTP Request: GET https://beta-restapi.sarmaaya.pk/api/mutual-funds/nav-history/7835c6eb-5184-47b7-9c77-bf4bb572cce7?days=1827 "HTTP/1.1 200 OK"
2026-03-14 01:50:11,456 - INFO -   Saved 1681 NAV points for ALHDDF
2026-03-14 01:50:11,962 - INFO - [273/615] Syncing fund: ALHGSP-I...
2026-03-14 01:50:13,623 - INFO - HTTP Request: GET https://beta-restapi.sarmaaya.pk/api/mutual-funds/nav-history/0a3a5701-d6b7-411a-9445-20c7204efbe8?days=1827 "HTTP/1.1 200 OK"
2026-03-14 01:50:14,843 - INFO -   Saved 447 NAV points for ALHGSP-I
2026-03-14 01:50:15,345 - INFO - [274/615] Syncing fund: ALHIIF...
2026-03-14 01:50:17,088 - INFO - HTTP Request: GET https://beta-restapi.sarmaaya.pk/api/mutual-funds/nav-history/a5e75010-e84a-4f85-aa44-04236d00e94e?days=1827 "HTTP/1.1 200 OK"
2026-03-14 01:50:18,791 - INFO -   Saved 1666 NAV points for ALHIIF
2026-03-14 01:50:19,296 - INFO - [275/615] Syncing fund: ALHIMMF...
2026-03-14 01:50:20,830 - INFO - HTTP Request: GET https://beta-restapi.sarmaaya.pk/api/mutual-funds/nav-history/11ecc179-ff6e-4e4c-8765-eed837de7953?days=1827 "HTTP/1.1 200 OK"
2026-03-14 01:50:22,572 - INFO -   Saved 1678 NAV points for ALHIMMF
2026-03-14 01:50:23,077 - INFO - [276/615] Syncing fund: ALHIPFD...
2026-03-14 01:50:24,376 - INFO - HTTP Request: GET https://beta-restapi.sarmaaya.pk/api/mutual-funds/nav-history/778b0ab0-b996-4c5c-8fda-d8f1d97841a9?days=1827 "HTTP/1.1 200 OK"
2026-03-14 01:50:25,957 - INFO -   Saved 1662 NAV points for ALHIPFD
2026-03-14 01:50:26,459 - INFO - [277/615] Syncing fund: ALHIPFE...
2026-03-14 01:50:27,821 - INFO - HTTP Request: GET https://beta-restapi.sarmaaya.pk/api/mutual-funds/nav-history/a7eef86d-4bc4-4218-8074-11e007147e73?days=1827 "HTTP/1.1 200 OK"
2026-03-14 01:50:29,477 - INFO -   Saved 1663 NAV points for ALHIPFE
2026-03-14 01:50:29,981 - INFO - [278/615] Syncing fund: ALHIPFM...
2026-03-14 01:50:31,381 - INFO - HTTP Request: GET https://beta-restapi.sarmaaya.pk/api/mutual-funds/nav-history/8ce6a63e-fec8-450c-ba91-e38608468525?days=1827 "HTTP/1.1 200 OK"
2026-03-14 01:50:33,330 - INFO -   Saved 1663 NAV points for ALHIPFM
2026-03-14 01:50:33,830 - INFO - [279/615] Syncing fund: ALHISF...
2026-03-14 01:50:34,943 - INFO - HTTP Request: GET https://beta-restapi.sarmaaya.pk/api/mutual-funds/nav-history/ef8a53b3-5ec7-45f7-af70-7f2eead6136d?days=1827 "HTTP/1.1 200 OK"
2026-03-14 01:50:36,522 - INFO -   Saved 1666 NAV points for ALHISF
2026-03-14 01:50:37,027 - INFO - [280/615] Syncing fund: ALHOPDSP...
2026-03-14 01:50:38,262 - INFO - HTTP Request: GET https://beta-restapi.sarmaaya.pk/api/mutual-funds/nav-history/11863939-846c-484e-a6fd-b58f74d51456?days=1827 "HTTP/1.1 200 OK"
2026-03-14 01:50:39,491 - INFO -   Saved 618 NAV points for ALHOPDSP
2026-03-14 01:50:39,996 - INFO - [281/615] Syncing fund: ALHSP...
2026-03-14 01:50:41,783 - INFO - HTTP Request: GET https://beta-restapi.sarmaaya.pk/api/mutual-funds/nav-history/9d0e69c7-17d5-48b2-87cf-3a8cc72dea68?days=1827 "HTTP/1.1 200 OK"
2026-03-14 01:50:43,061 - INFO -   Saved 446 NAV points for ALHSP
2026-03-14 01:50:43,564 - INFO - [282/615] Syncing fund: ALHWPXIII...
2026-03-14 01:50:45,233 - INFO - HTTP Request: GET https://beta-restapi.sarmaaya.pk/api/mutual-funds/nav-history/953df5fb-9bc8-4c59-9642-812487039a6a?days=1827 "HTTP/1.1 200 OK"
2026-03-14 01:50:46,514 - INFO -   Saved 90 NAV points for ALHWPXIII
2026-03-14 01:50:47,019 - INFO - [283/615] Syncing fund: ALHWPXVII...
2026-03-14 01:50:48,579 - INFO - HTTP Request: GET https://beta-restapi.sarmaaya.pk/api/mutual-funds/nav-history/c174a877-1766-4a82-88e8-7a0fbd0ed303?days=1827 "HTTP/1.1 200 OK"
2026-03-14 01:50:49,778 - INFO -   Saved 199 NAV points for ALHWPXVII
2026-03-14 01:50:50,281 - INFO - [284/615] Syncing fund: ALHWPXX...
2026-03-14 01:50:51,666 - INFO - HTTP Request: GET https://beta-restapi.sarmaaya.pk/api/mutual-funds/nav-history/34ebc303-aac1-4d64-a8bb-bee2bbf637be?days=1827 "HTTP/1.1 200 OK"
2026-03-14 01:50:52,881 - INFO -   Saved 151 NAV points for ALHWPXX
2026-03-14 01:50:53,386 - INFO - [285/615] Syncing fund: AMAIP...
2026-03-14 01:50:55,397 - INFO - HTTP Request: GET https://beta-restapi.sarmaaya.pk/api/mutual-funds/nav-history/8e08979e-5365-41b9-ac93-0035c01e73d6?days=1827 "HTTP/1.1 200 OK"
2026-03-14 01:50:57,035 - INFO -   Saved 1671 NAV points for AMAIP
2026-03-14 01:50:57,538 - INFO - [286/615] Syncing fund: AMF...
2026-03-14 01:50:59,026 - INFO - HTTP Request: GET https://beta-restapi.sarmaaya.pk/api/mutual-funds/nav-history/897139ff-69a5-4c4c-9b0c-f0c3a31f7a54?days=1827 "HTTP/1.1 200 OK"
2026-03-14 01:51:00,667 - INFO -   Saved 1674 NAV points for AMF
2026-03-14 01:51:01,172 - INFO - [287/615] Syncing fund: AMMF...
2026-03-14 01:51:02,217 - INFO - HTTP Request: GET https://beta-restapi.sarmaaya.pk/api/mutual-funds/nav-history/ea6b13b2-f1e1-460a-904f-29a8747521da?days=1827 "HTTP/1.1 200 OK"
2026-03-14 01:51:04,158 - INFO -   Saved 1648 NAV points for AMMF
2026-03-14 01:51:04,663 - INFO - [288/615] Syncing fund: APD...
2026-03-14 01:51:05,733 - INFO - HTTP Request: GET https://beta-restapi.sarmaaya.pk/api/mutual-funds/nav-history/74cb36fb-0746-4449-a95b-973892f0b821?days=1827 "HTTP/1.1 200 OK"
2026-03-14 01:51:07,313 - INFO -   Saved 1666 NAV points for APD
2026-03-14 01:51:07,814 - INFO - [289/615] Syncing fund: APE...
2026-03-14 01:51:09,965 - INFO - HTTP Request: GET https://beta-restapi.sarmaaya.pk/api/mutual-funds/nav-history/0290ecb6-88d3-40eb-95c7-535653d0c5bb?days=1827 "HTTP/1.1 200 OK"
2026-03-14 01:51:11,841 - INFO -   Saved 1666 NAV points for APE
2026-03-14 01:51:12,347 - INFO - [290/615] Syncing fund: APFD...
2026-03-14 01:51:13,412 - INFO - HTTP Request: GET https://beta-restapi.sarmaaya.pk/api/mutual-funds/nav-history/011a163d-44ad-40d3-9a5d-0eebe3e8b76d?days=1827 "HTTP/1.1 200 OK"
2026-03-14 01:51:15,117 - INFO -   Saved 1676 NAV points for APFD
2026-03-14 01:51:15,623 - INFO - [291/615] Syncing fund: APFE...
2026-03-14 01:51:17,119 - INFO - HTTP Request: GET https://beta-restapi.sarmaaya.pk/api/mutual-funds/nav-history/19d82c95-ad27-4b51-bb1d-a2790f22d9eb?days=1827 "HTTP/1.1 200 OK"
2026-03-14 01:51:18,726 - INFO -   Saved 1675 NAV points for APFE
2026-03-14 01:51:19,231 - INFO - [292/615] Syncing fund: APIFD...
2026-03-14 01:51:20,188 - INFO - HTTP Request: GET https://beta-restapi.sarmaaya.pk/api/mutual-funds/nav-history/374108a8-10dd-4a3e-8c6c-be3044d715af?days=1827 "HTTP/1.1 200 OK"
2026-03-14 01:51:22,075 - INFO -   Saved 1675 NAV points for APIFD
2026-03-14 01:51:22,581 - INFO - [293/615] Syncing fund: APIFE...
2026-03-14 01:51:23,485 - INFO - HTTP Request: GET https://beta-restapi.sarmaaya.pk/api/mutual-funds/nav-history/1367eb8b-8cae-477e-8ee8-24740729a441?days=1827 "HTTP/1.1 200 OK"
2026-03-14 01:51:25,158 - INFO -   Saved 1676 NAV points for APIFE
2026-03-14 01:51:25,664 - INFO - [294/615] Syncing fund: APIFMM...
2026-03-14 01:51:27,636 - INFO - HTTP Request: GET https://beta-restapi.sarmaaya.pk/api/mutual-funds/nav-history/2616c271-9cbc-4dd9-9d87-f30adb201d8b?days=1827 "HTTP/1.1 200 OK"
2026-03-14 01:51:29,313 - INFO -   Saved 1674 NAV points for APIFMM
2026-03-14 01:51:29,818 - INFO - [295/615] Syncing fund: APM...
2026-03-14 01:51:31,903 - INFO - HTTP Request: GET https://beta-restapi.sarmaaya.pk/api/mutual-funds/nav-history/1e80c86d-63c1-4c13-82f2-6aeeb82fc8b3?days=1827 "HTTP/1.1 200 OK"
2026-03-14 01:51:33,544 - INFO -   Saved 1667 NAV points for APM
2026-03-14 01:51:34,047 - INFO - [296/615] Syncing fund: APMM...
2026-03-14 01:51:35,698 - INFO - HTTP Request: GET https://beta-restapi.sarmaaya.pk/api/mutual-funds/nav-history/2c7b4c74-43f5-4858-a9d8-601aef3393a9?days=1827 "HTTP/1.1 200 OK"
2026-03-14 01:51:36,920 - INFO -   Saved 459 NAV points for APMM
2026-03-14 01:51:37,424 - INFO - [297/615] Syncing fund: ASAFP-I...
2026-03-14 01:51:38,830 - INFO - HTTP Request: GET https://beta-restapi.sarmaaya.pk/api/mutual-funds/nav-history/6aee2a23-efa8-4251-b792-6522583416a3?days=1827 "HTTP/1.1 200 OK"
2026-03-14 01:51:40,307 - INFO -   Saved 298 NAV points for ASAFP-I
2026-03-14 01:51:40,812 - INFO - [298/615] Syncing fund: ASCF...
2026-03-14 01:51:42,545 - INFO - HTTP Request: GET https://beta-restapi.sarmaaya.pk/api/mutual-funds/nav-history/1b4a9812-fba7-40a5-a2a1-01213ed3f906?days=1827 "HTTP/1.1 200 OK"
2026-03-14 01:51:43,875 - INFO -   Saved 139 NAV points for ASCF
2026-03-14 01:51:44,380 - INFO - [299/615] Syncing fund: ASF...
2026-03-14 01:51:46,607 - INFO - HTTP Request: GET https://beta-restapi.sarmaaya.pk/api/mutual-funds/nav-history/3bd612ea-59a2-469f-81cd-a2e6d2fafc4f?days=1827 "HTTP/1.1 200 OK"
2026-03-14 01:51:48,243 - INFO -   Saved 1675 NAV points for ASF
2026-03-14 01:51:48,745 - INFO - [300/615] Syncing fund: ASMF...
2026-03-14 01:51:50,611 - INFO - HTTP Request: GET https://beta-restapi.sarmaaya.pk/api/mutual-funds/nav-history/17ed5324-b3d6-4a60-9d7c-1aed5283b6f5?days=1827 "HTTP/1.1 200 OK"
2026-03-14 01:51:52,175 - INFO -   Saved 1674 NAV points for ASMF
2026-03-14 01:51:52,681 - INFO - [301/615] Syncing fund: ASOF...
2026-03-14 01:51:54,213 - INFO - HTTP Request: GET https://beta-restapi.sarmaaya.pk/api/mutual-funds/nav-history/5238ae7a-9bd4-423f-b94a-9ecc58a0f99a?days=1827 "HTTP/1.1 200 OK"
2026-03-14 01:51:55,893 - INFO -   Saved 1501 NAV points for ASOF
2026-03-14 01:51:56,394 - INFO - [302/615] Syncing fund: ASRF-18...
2026-03-14 01:51:57,468 - INFO - HTTP Request: GET https://beta-restapi.sarmaaya.pk/api/mutual-funds/nav-history/68e656ff-c94d-4b66-8c45-15e0bcc08f6f?days=1827 "HTTP/1.1 200 OK"
2026-03-14 01:51:58,670 - INFO -   Saved 230 NAV points for ASRF-18
2026-03-14 01:51:59,176 - INFO - [303/615] Syncing fund: ASRF-19...
2026-03-14 01:52:00,750 - INFO - HTTP Request: GET https://beta-restapi.sarmaaya.pk/api/mutual-funds/nav-history/dab7c2c6-37ff-4387-9aed-b64993ed9681?days=1827 "HTTP/1.1 200 OK"
2026-03-14 01:52:02,011 - INFO -   Saved 112 NAV points for ASRF-19
2026-03-14 01:52:02,513 - INFO - [304/615] Syncing fund: ASRF-20...
2026-03-14 01:52:04,323 - INFO - HTTP Request: GET https://beta-restapi.sarmaaya.pk/api/mutual-funds/nav-history/ab8ded68-e5b3-4ee0-98c5-237366faef1d?days=1827 "HTTP/1.1 200 OK"
2026-03-14 01:52:05,526 - INFO -   Saved 283 NAV points for ASRF-20
2026-03-14 01:52:06,031 - INFO - [305/615] Syncing fund: ASRF-21...
2026-03-14 01:52:07,348 - INFO - HTTP Request: GET https://beta-restapi.sarmaaya.pk/api/mutual-funds/nav-history/4dcceaac-212c-422c-a9f1-1ca9f5f29ff9?days=1827 "HTTP/1.1 200 OK"
2026-03-14 01:52:08,669 - INFO -   Saved 253 NAV points for ASRF-21
2026-03-14 01:52:09,174 - INFO - [306/615] Syncing fund: ASRF-22...
2026-03-14 01:52:10,504 - INFO - HTTP Request: GET https://beta-restapi.sarmaaya.pk/api/mutual-funds/nav-history/4687ce79-acaf-42bf-b651-75c11ae7e8f3?days=1827 "HTTP/1.1 200 OK"
2026-03-14 01:52:11,699 - INFO -   Saved 182 NAV points for ASRF-22
2026-03-14 01:52:12,204 - INFO - [307/615] Syncing fund: ASRP-XII...
2026-03-14 01:52:14,418 - INFO - HTTP Request: GET https://beta-restapi.sarmaaya.pk/api/mutual-funds/nav-history/8cf09c58-c2eb-458a-a531-9ce6ec5b5f9a?days=1827 "HTTP/1.1 200 OK"
2026-03-14 01:52:15,630 - INFO -   Saved 212 NAV points for ASRP-XII
2026-03-14 01:52:16,132 - INFO - [308/615] Syncing fund: ASSF...
2026-03-14 01:52:18,415 - INFO - HTTP Request: GET https://beta-restapi.sarmaaya.pk/api/mutual-funds/nav-history/961e6b11-ec7f-442b-aaa2-c066869bfa57?days=1827 "HTTP/1.1 200 OK"
2026-03-14 01:52:20,151 - INFO -   Saved 1638 NAV points for ASSF
2026-03-14 01:52:20,653 - INFO - [309/615] Syncing fund: ASTF...
2026-03-14 01:52:21,552 - INFO - HTTP Request: GET https://beta-restapi.sarmaaya.pk/api/mutual-funds/nav-history/0ff41c7a-91e2-43ed-8e47-e04d8243f9b7?days=1827 "HTTP/1.1 200 OK"
2026-03-14 01:52:23,205 - INFO -   Saved 1509 NAV points for ASTF
2026-03-14 01:52:23,710 - INFO - [310/615] Syncing fund: ASYE...
2026-03-14 01:52:25,793 - INFO - HTTP Request: GET https://beta-restapi.sarmaaya.pk/api/mutual-funds/nav-history/9abfcd93-1b2f-4346-a34c-b51887bf6717?days=1827 "HTTP/1.1 200 OK"
2026-03-14 01:52:27,411 - INFO -   Saved 1676 NAV points for ASYE
2026-03-14 01:52:27,913 - INFO - [311/615] Syncing fund: AWTFSIF...
2026-03-14 01:52:29,111 - INFO - HTTP Request: GET https://beta-restapi.sarmaaya.pk/api/mutual-funds/nav-history/79435957-6c71-4b1b-af92-cd4e2e9fa1e5?days=1827 "HTTP/1.1 200 OK"
2026-03-14 01:52:30,676 - INFO -   Saved 1055 NAV points for AWTFSIF
2026-03-14 01:52:31,180 - INFO - [312/615] Syncing fund: AWTIF...
2026-03-14 01:52:32,063 - INFO - HTTP Request: GET https://beta-restapi.sarmaaya.pk/api/mutual-funds/nav-history/6e40a700-b7eb-47e5-989b-9b8e8da11cf1?days=1827 "HTTP/1.1 200 OK"
2026-03-14 01:52:33,362 - INFO -   Saved 448 NAV points for AWTIF
2026-03-14 01:52:33,883 - INFO - [313/615] Syncing fund: AWTIIF...
2026-03-14 01:52:35,641 - INFO - HTTP Request: GET https://beta-restapi.sarmaaya.pk/api/mutual-funds/nav-history/3d165c55-73c0-48c5-a778-f00d80f9855b?days=1827 "HTTP/1.1 200 OK"
2026-03-14 01:52:37,345 - INFO -   Saved 1629 NAV points for AWTIIF
2026-03-14 01:52:37,847 - INFO - [314/615] Syncing fund: AWT-IMMF...
2026-03-14 01:52:39,604 - INFO - HTTP Request: GET https://beta-restapi.sarmaaya.pk/api/mutual-funds/nav-history/50089d26-f3ab-40dc-8077-7e10dbaa6670?days=1827 "HTTP/1.1 200 OK"
2026-03-14 01:52:40,923 - INFO -   Saved 311 NAV points for AWT-IMMF
2026-03-14 01:52:41,424 - INFO - [315/615] Syncing fund: AWTISF...
2026-03-14 01:52:43,296 - INFO - HTTP Request: GET https://beta-restapi.sarmaaya.pk/api/mutual-funds/nav-history/9b969e4f-d9a5-422d-b9ee-a54c1bdfa04f?days=1827 "HTTP/1.1 200 OK"
2026-03-14 01:52:44,909 - INFO -   Saved 1629 NAV points for AWTISF
2026-03-14 01:52:45,414 - INFO - [316/615] Syncing fund: AWT-ISF...
2026-03-14 01:52:46,699 - INFO - HTTP Request: GET https://beta-restapi.sarmaaya.pk/api/mutual-funds/nav-history/0b4b164a-100b-4179-87e0-41d577a428d3?days=1827 "HTTP/1.1 200 OK"
2026-03-14 01:52:47,980 - INFO -   Saved 173 NAV points for AWT-ISF
2026-03-14 01:52:48,483 - INFO - [317/615] Syncing fund: AWTSF...
2026-03-14 01:52:50,186 - INFO - HTTP Request: GET https://beta-restapi.sarmaaya.pk/api/mutual-funds/nav-history/946c4b77-b98d-4f1b-b386-4c8ad1004547?days=1827 "HTTP/1.1 200 OK"
2026-03-14 01:52:51,982 - INFO -   Saved 1614 NAV points for AWTSF
2026-03-14 01:52:52,483 - INFO - [318/615] Syncing fund: FAAF...
2026-03-14 01:52:54,037 - INFO - HTTP Request: GET https://beta-restapi.sarmaaya.pk/api/mutual-funds/nav-history/379f5ac0-6083-48cd-9d53-5c372eb6f6dd?days=1827 "HTTP/1.1 200 OK"
2026-03-14 01:52:55,783 - INFO -   Saved 1654 NAV points for FAAF
2026-03-14 01:52:56,285 - INFO - [319/615] Syncing fund: FABL-FCF...
2026-03-14 01:52:57,797 - INFO - HTTP Request: GET https://beta-restapi.sarmaaya.pk/api/mutual-funds/nav-history/c49545fa-d030-45df-99eb-23df3a78fdce?days=1827 "HTTP/1.1 200 OK"
2026-03-14 01:52:59,457 - INFO -   Saved 1676 NAV points for FABL-FCF
2026-03-14 01:52:59,962 - INFO - [320/615] Syncing fund: FABL-FGSF...
2026-03-14 01:53:02,118 - INFO - HTTP Request: GET https://beta-restapi.sarmaaya.pk/api/mutual-funds/nav-history/9d535928-2ed0-41d5-be5e-3ac1c188ddd0?days=1827 "HTTP/1.1 200 OK"
2026-03-14 01:53:03,859 - INFO -   Saved 1639 NAV points for FABL-FGSF
2026-03-14 01:53:04,365 - INFO - [321/615] Syncing fund: FABL-FIGF...
2026-03-14 01:53:06,499 - INFO - HTTP Request: GET https://beta-restapi.sarmaaya.pk/api/mutual-funds/nav-history/371dd402-c658-4ef4-b6b4-6b49c96e710d?days=1827 "HTTP/1.1 200 OK"
2026-03-14 01:53:08,068 - INFO -   Saved 1620 NAV points for FABL-FIGF
2026-03-14 01:53:08,573 - INFO - [322/615] Syncing fund: FABL-FIKPKGPF...
2026-03-14 01:53:09,934 - INFO - HTTP Request: GET https://beta-restapi.sarmaaya.pk/api/mutual-funds/nav-history/444b6895-4753-413e-a8c7-0ed664ecff21?days=1827 "HTTP/1.1 200 OK"
2026-03-14 01:53:11,166 - INFO -   Saved 697 NAV points for FABL-FIKPKGPF
2026-03-14 01:53:11,671 - INFO - [323/615] Syncing fund: FABL-FIMMP-I...
2026-03-14 01:53:12,872 - INFO - HTTP Request: GET https://beta-restapi.sarmaaya.pk/api/mutual-funds/nav-history/fac8b8e2-72a1-415a-874c-c302a940d5b1?days=1827 "HTTP/1.1 200 OK"
2026-03-14 01:53:14,095 - INFO -   Saved 541 NAV points for FABL-FIMMP-I
2026-03-14 01:53:14,596 - INFO - [324/615] Syncing fund: FABL-FISIP-I...
2026-03-14 01:53:15,966 - INFO - HTTP Request: GET https://beta-restapi.sarmaaya.pk/api/mutual-funds/nav-history/51701abd-905f-4224-81a0-1a02f6aea799?days=1827 "HTTP/1.1 200 OK"
2026-03-14 01:53:17,514 - INFO -   Saved 1258 NAV points for FABL-FISIP-I
2026-03-14 01:53:18,019 - INFO - [325/615] Syncing fund: FABL-FMTSF...
2026-03-14 01:53:20,097 - INFO - HTTP Request: GET https://beta-restapi.sarmaaya.pk/api/mutual-funds/nav-history/c6d1216b-54cf-4894-92ca-1ba34c18cd7c?days=1827 "HTTP/1.1 200 OK"
2026-03-14 01:53:21,698 - INFO -   Saved 1638 NAV points for FABL-FMTSF
2026-03-14 01:53:22,199 - INFO - [326/615] Syncing fund: FABL-FSGF...
2026-03-14 01:53:23,373 - INFO - HTTP Request: GET https://beta-restapi.sarmaaya.pk/api/mutual-funds/nav-history/270d0eab-ce62-4eb6-b778-82000cc4d84f?days=1827 "HTTP/1.1 200 OK"
2026-03-14 01:53:24,992 - INFO -   Saved 1644 NAV points for FABL-FSGF
2026-03-14 01:53:25,497 - INFO - [327/615] Syncing fund: FABL-FSSP-I...
2026-03-14 01:53:27,115 - INFO - HTTP Request: GET https://beta-restapi.sarmaaya.pk/api/mutual-funds/nav-history/3d1300ba-0f6d-44c6-a2c2-4d61986e7777?days=1827 "HTTP/1.1 200 OK"
2026-03-14 01:53:28,825 - INFO -   Saved 1442 NAV points for FABL-FSSP-I
2026-03-14 01:53:29,329 - INFO - [328/615] Syncing fund: FABL-FSSP-II...
2026-03-14 01:53:31,494 - INFO - HTTP Request: GET https://beta-restapi.sarmaaya.pk/api/mutual-funds/nav-history/8a37c143-5401-4549-ae71-e2b0071f2ca2?days=1827 "HTTP/1.1 200 OK"
2026-03-14 01:53:33,032 - INFO -   Saved 1182 NAV points for FABL-FSSP-II
2026-03-14 01:53:33,539 - INFO - [329/615] Syncing fund: FCMFB...
2026-03-14 01:53:35,807 - INFO - HTTP Request: GET https://beta-restapi.sarmaaya.pk/api/mutual-funds/nav-history/cc1cae7e-38b1-48f3-bbf4-9c2ec6454d46?days=1827 "HTTP/1.1 200 OK"
2026-03-14 01:53:37,553 - INFO -   Saved 1382 NAV points for FCMFB
2026-03-14 01:53:38,057 - INFO - [330/615] Syncing fund: FFSOF...
2026-03-14 01:53:39,490 - INFO - HTTP Request: GET https://beta-restapi.sarmaaya.pk/api/mutual-funds/nav-history/8dcdde5d-4bbc-4879-a0af-3a1cf8a8cf31?days=1827 "HTTP/1.1 200 OK"
2026-03-14 01:53:41,115 - INFO -   Saved 1617 NAV points for FFSOF
2026-03-14 01:53:41,624 - INFO - [331/615] Syncing fund: FHAF...
2026-03-14 01:53:42,944 - INFO - HTTP Request: GET https://beta-restapi.sarmaaya.pk/api/mutual-funds/nav-history/67d82e82-d77d-45e0-be84-3305b605f0c5?days=1827 "HTTP/1.1 200 OK"
2026-03-14 01:53:44,550 - INFO -   Saved 1690 NAV points for FHAF
2026-03-14 01:53:45,055 - INFO - [332/615] Syncing fund: FHAF-II...
2026-03-14 01:53:46,150 - INFO - HTTP Request: GET https://beta-restapi.sarmaaya.pk/api/mutual-funds/nav-history/133bd61e-8c91-41ee-af94-d56cdb69494a?days=1827 "HTTP/1.1 200 OK"
2026-03-14 01:53:47,350 - INFO -   Saved 255 NAV points for FHAF-II
2026-03-14 01:53:47,852 - INFO - [333/615] Syncing fund: FIAAF...
2026-03-14 01:53:49,166 - INFO - HTTP Request: GET https://beta-restapi.sarmaaya.pk/api/mutual-funds/nav-history/09886497-f946-44a8-8164-07e33fcca11f?days=1827 "HTTP/1.1 200 OK"
2026-03-14 01:53:50,753 - INFO -   Saved 1664 NAV points for FIAAF
2026-03-14 01:53:51,258 - INFO - [334/615] Syncing fund: FIAAF-II...
2026-03-14 01:53:52,014 - INFO - HTTP Request: GET https://beta-restapi.sarmaaya.pk/api/mutual-funds/nav-history/da9001a3-993e-4532-9fc2-63092af98e66?days=1827 "HTTP/1.1 200 OK"
2026-03-14 01:53:53,224 - INFO -   Saved 443 NAV points for FIAAF-II
2026-03-14 01:53:53,727 - INFO - [335/615] Syncing fund: FIAAF-III...
2026-03-14 01:53:55,488 - INFO - HTTP Request: GET https://beta-restapi.sarmaaya.pk/api/mutual-funds/nav-history/35aa9502-5a36-4aff-ab0f-b01b0f40efe9?days=1827 "HTTP/1.1 200 OK"
2026-03-14 01:53:56,688 - INFO -   Saved 178 NAV points for FIAAF-III
2026-03-14 01:53:57,191 - INFO - [336/615] Syncing fund: FICF...
2026-03-14 01:53:59,088 - INFO - HTTP Request: GET https://beta-restapi.sarmaaya.pk/api/mutual-funds/nav-history/97c814f9-3854-4ac1-9043-044381d9ac72?days=1827 "HTTP/1.1 200 OK"
2026-03-14 01:54:00,708 - INFO -   Saved 1691 NAV points for FICF
2026-03-14 01:54:01,213 - INFO - [337/615] Syncing fund: FIDEF...
2026-03-14 01:54:02,585 - INFO - HTTP Request: GET https://beta-restapi.sarmaaya.pk/api/mutual-funds/nav-history/59579579-552b-4cf1-a75f-bd44773efd23?days=1827 "HTTP/1.1 200 OK"
2026-03-14 01:54:04,173 - INFO -   Saved 1396 NAV points for FIDEF
2026-03-14 01:54:04,679 - INFO - [338/615] Syncing fund: FIFGP-I...
2026-03-14 01:54:06,182 - INFO - HTTP Request: GET https://beta-restapi.sarmaaya.pk/api/mutual-funds/nav-history/530f1f57-2bef-4ef7-b157-f445338fe3d7?days=1827 "HTTP/1.1 200 OK"
2026-03-14 01:54:07,437 - INFO -   Saved 827 NAV points for FIFGP-I
2026-03-14 01:54:07,939 - INFO - [339/615] Syncing fund: FIFGP-II...
2026-03-14 01:54:09,105 - INFO - HTTP Request: GET https://beta-restapi.sarmaaya.pk/api/mutual-funds/nav-history/9c58e740-2975-4ee9-8b7c-45b44da86bb8?days=1827 "HTTP/1.1 200 OK"
2026-03-14 01:54:10,314 - INFO -   Saved 440 NAV points for FIFGP-II
2026-03-14 01:54:10,820 - INFO - [340/615] Syncing fund: FIMMF-IX...
2026-03-14 01:54:12,186 - INFO - HTTP Request: GET https://beta-restapi.sarmaaya.pk/api/mutual-funds/nav-history/7140e1b0-47e1-48ee-bb80-1f328307fc22?days=1827 "HTTP/1.1 200 OK"
2026-03-14 01:54:13,380 - INFO -   Saved 91 NAV points for FIMMF-IX
2026-03-14 01:54:13,883 - INFO - [341/615] Syncing fund: FIMMF-VI...
2026-03-14 01:54:16,071 - INFO - HTTP Request: GET https://beta-restapi.sarmaaya.pk/api/mutual-funds/nav-history/c7fd3d35-3c0c-42f1-a910-bef780f9951f?days=1827 "HTTP/1.1 200 OK"
2026-03-14 01:54:17,272 - INFO -   Saved 286 NAV points for FIMMF-VI
2026-03-14 01:54:17,773 - INFO - [342/615] Syncing fund: FIMMF-VII...
2026-03-14 01:54:19,578 - INFO - HTTP Request: GET https://beta-restapi.sarmaaya.pk/api/mutual-funds/nav-history/bed41420-f8a8-4f0f-9bfd-e703d75d3de2?days=1827 "HTTP/1.1 200 OK"
2026-03-14 01:54:20,778 - INFO -   Saved 82 NAV points for FIMMF-VII
2026-03-14 01:54:21,283 - INFO - [343/615] Syncing fund: FIMMF-VIII...
2026-03-14 01:54:22,348 - INFO - HTTP Request: GET https://beta-restapi.sarmaaya.pk/api/mutual-funds/nav-history/7cf22932-719b-4ead-8dce-74fbeed93c41?days=1827 "HTTP/1.1 200 OK"
2026-03-14 01:54:23,539 - INFO -   Saved 85 NAV points for FIMMF-VIII
2026-03-14 01:54:24,045 - INFO - [344/615] Syncing fund: FIMMF-X...
2026-03-14 01:54:25,285 - INFO - HTTP Request: GET https://beta-restapi.sarmaaya.pk/api/mutual-funds/nav-history/8a9b0990-d30f-492d-940a-8f6d69cb86b1?days=1827 "HTTP/1.1 200 OK"
2026-03-14 01:54:26,487 - INFO -   Saved 91 NAV points for FIMMF-X
2026-03-14 01:54:26,991 - INFO - [345/615] Syncing fund: FIMMF-XI...
2026-03-14 01:54:27,846 - INFO - HTTP Request: GET https://beta-restapi.sarmaaya.pk/api/mutual-funds/nav-history/d4e1f5c1-658b-444f-83d6-c70d598a97c4?days=1827 "HTTP/1.1 200 OK"
2026-03-14 01:54:29,035 - INFO -   Saved 91 NAV points for FIMMF-XI
2026-03-14 01:54:29,537 - INFO - [346/615] Syncing fund: FIPFD...
2026-03-14 01:54:31,549 - INFO - HTTP Request: GET https://beta-restapi.sarmaaya.pk/api/mutual-funds/nav-history/2c38c846-b2a6-4a64-8e5c-733567a177a2?days=1827 "HTTP/1.1 200 OK"
2026-03-14 01:54:33,190 - INFO -   Saved 1473 NAV points for FIPFD
2026-03-14 01:54:33,695 - INFO - [347/615] Syncing fund: FIPFE...
2026-03-14 01:54:35,833 - INFO - HTTP Request: GET https://beta-restapi.sarmaaya.pk/api/mutual-funds/nav-history/8b647993-eb7b-4629-b059-02931f51728a?days=1827 "HTTP/1.1 200 OK"
2026-03-14 01:54:37,450 - INFO -   Saved 1474 NAV points for FIPFE
2026-03-14 01:54:37,955 - INFO - [348/615] Syncing fund: FIPFMM...
2026-03-14 01:54:39,344 - INFO - HTTP Request: GET https://beta-restapi.sarmaaya.pk/api/mutual-funds/nav-history/411e3ff9-b5cc-49d4-88b1-74d49ec39efb?days=1827 "HTTP/1.1 200 OK"
2026-03-14 01:54:40,906 - INFO -   Saved 1473 NAV points for FIPFMM
2026-03-14 01:54:41,411 - INFO - [349/615] Syncing fund: FISF...
2026-03-14 01:54:43,712 - INFO - HTTP Request: GET https://beta-restapi.sarmaaya.pk/api/mutual-funds/nav-history/f7e8db0e-65de-4846-a81f-c757f6ed448d?days=1827 "HTTP/1.1 200 OK"
2026-03-14 01:54:45,342 - INFO -   Saved 1665 NAV points for FISF
2026-03-14 01:54:45,844 - INFO - [350/615] Syncing fund: FISF...
2026-03-14 01:54:47,200 - INFO - HTTP Request: GET https://beta-restapi.sarmaaya.pk/api/mutual-funds/nav-history/f7e8db0e-65de-4846-a81f-c757f6ed448d?days=1827 "HTTP/1.1 200 OK"
2026-03-14 01:54:48,772 - INFO -   Saved 1665 NAV points for FISF
2026-03-14 01:54:49,277 - INFO - [351/615] Syncing fund: FISGF...
2026-03-14 01:54:51,461 - INFO - HTTP Request: GET https://beta-restapi.sarmaaya.pk/api/mutual-funds/nav-history/9bd6552f-e713-450c-9251-1f78fd4d7231?days=1827 "HTTP/1.1 200 OK"
2026-03-14 01:54:53,058 - INFO -   Saved 1662 NAV points for FISGF
2026-03-14 01:54:53,560 - INFO - [352/615] Syncing fund: FISP-I...
2026-03-14 01:54:54,920 - INFO - HTTP Request: GET https://beta-restapi.sarmaaya.pk/api/mutual-funds/nav-history/f9218019-37af-458f-915f-2bb15e27b419?days=1827 "HTTP/1.1 200 OK"
2026-03-14 01:54:56,454 - INFO -   Saved 1019 NAV points for FISP-I
2026-03-14 01:54:56,957 - INFO - [353/615] Syncing fund: FISP-II...
2026-03-14 01:54:58,209 - INFO - HTTP Request: GET https://beta-restapi.sarmaaya.pk/api/mutual-funds/nav-history/e57f69dc-cb15-4b8b-9b85-ce37f6b20da1?days=1827 "HTTP/1.1 200 OK"
2026-03-14 01:54:59,428 - INFO -   Saved 676 NAV points for FISP-II
2026-03-14 01:54:59,933 - INFO - [354/615] Syncing fund: FKMF-FBWSP...
2026-03-14 01:55:00,710 - INFO - HTTP Request: GET https://beta-restapi.sarmaaya.pk/api/mutual-funds/nav-history/5727bb27-663e-4ff6-840e-d7bf287d6e4b?days=1827 "HTTP/1.1 200 OK"
2026-03-14 01:55:01,915 - INFO -   Saved 299 NAV points for FKMF-FBWSP
2026-03-14 01:55:02,420 - INFO - [355/615] Syncing fund: FKMF-FNWSP...
2026-03-14 01:55:03,406 - INFO - HTTP Request: GET https://beta-restapi.sarmaaya.pk/api/mutual-funds/nav-history/31747256-da1d-416e-a740-9653910a98d3?days=1827 "HTTP/1.1 200 OK"
2026-03-14 01:55:04,692 - INFO -   Saved 298 NAV points for FKMF-FNWSP
2026-03-14 01:55:05,197 - INFO - [356/615] Syncing fund: FMMF...
2026-03-14 01:55:07,560 - INFO - HTTP Request: GET https://beta-restapi.sarmaaya.pk/api/mutual-funds/nav-history/ecd6f301-d879-4e35-8faf-9c13780e40e1?days=1827 "HTTP/1.1 200 OK"
2026-03-14 01:55:09,128 - INFO -   Saved 1684 NAV points for FMMF
2026-03-14 01:55:09,632 - INFO - [357/615] Syncing fund: FPAP-I...
2026-03-14 01:55:10,734 - INFO - HTTP Request: GET https://beta-restapi.sarmaaya.pk/api/mutual-funds/nav-history/434140df-8a14-4434-9ef1-35817405f079?days=1827 "HTTP/1.1 200 OK"
2026-03-14 01:55:11,942 - INFO -   Saved 238 NAV points for FPAP-I
2026-03-14 01:55:12,442 - INFO - [358/615] Syncing fund: FPAP-II...
2026-03-14 01:55:13,498 - INFO - HTTP Request: GET https://beta-restapi.sarmaaya.pk/api/mutual-funds/nav-history/782dace7-9f12-4d1d-a22a-c3b872cedb52?days=1827 "HTTP/1.1 200 OK"
2026-03-14 01:55:14,692 - INFO -   Saved 212 NAV points for FPAP-II
2026-03-14 01:55:15,197 - INFO - [359/615] Syncing fund: FPAP-III...
2026-03-14 01:55:17,506 - INFO - HTTP Request: GET https://beta-restapi.sarmaaya.pk/api/mutual-funds/nav-history/ccf8cd11-1354-4afc-9ef1-d8d7d1a5098e?days=1827 "HTTP/1.1 200 OK"
2026-03-14 01:55:18,710 - INFO -   Saved 270 NAV points for FPAP-III
2026-03-14 01:55:19,215 - INFO - [360/615] Syncing fund: FPFD...
2026-03-14 01:55:20,599 - INFO - HTTP Request: GET https://beta-restapi.sarmaaya.pk/api/mutual-funds/nav-history/ea07f544-bd74-4126-a197-bd883e352d95?days=1827 "HTTP/1.1 200 OK"
2026-03-14 01:55:22,228 - INFO -   Saved 1455 NAV points for FPFD
2026-03-14 01:55:22,733 - INFO - [361/615] Syncing fund: FPFE...
2026-03-14 01:55:24,788 - INFO - HTTP Request: GET https://beta-restapi.sarmaaya.pk/api/mutual-funds/nav-history/edde3f8c-0be6-4277-a8e6-c20d59e8beb9?days=1827 "HTTP/1.1 200 OK"
2026-03-14 01:55:26,364 - INFO -   Saved 1448 NAV points for FPFE
2026-03-14 01:55:26,868 - INFO - [362/615] Syncing fund: FSF...
2026-03-14 01:55:28,618 - INFO - HTTP Request: GET https://beta-restapi.sarmaaya.pk/api/mutual-funds/nav-history/ddf1c3ab-df73-4962-87ec-32cef5f52486?days=1827 "HTTP/1.1 200 OK"
2026-03-14 01:55:30,207 - INFO -   Saved 1646 NAV points for FSF
2026-03-14 01:55:30,709 - INFO - [363/615] Syncing fund: GASF...
2026-03-14 01:55:31,918 - INFO - HTTP Request: GET https://beta-restapi.sarmaaya.pk/api/mutual-funds/nav-history/28719b3e-5dd0-41b3-82b6-cea280e9cd2d?days=1827 "HTTP/1.1 200 OK"
2026-03-14 01:55:33,155 - INFO -   Saved 410 NAV points for GASF
2026-03-14 01:55:33,660 - INFO - [364/615] Syncing fund: GoKP-IMMF...
2026-03-14 01:55:35,792 - INFO - HTTP Request: GET https://beta-restapi.sarmaaya.pk/api/mutual-funds/nav-history/c9918e98-68a9-4a93-b997-9d2b001a528d?days=1827 "HTTP/1.1 200 OK"
2026-03-14 01:55:37,025 - INFO -   Saved 705 NAV points for GoKP-IMMF
2026-03-14 01:55:37,532 - INFO - [365/615] Syncing fund: GoKP-MMF...
2026-03-14 01:55:39,227 - INFO - HTTP Request: GET https://beta-restapi.sarmaaya.pk/api/mutual-funds/nav-history/79f2ebd5-428e-4574-af74-2ac2ad5669fa?days=1827 "HTTP/1.1 200 OK"
2026-03-14 01:55:40,464 - INFO -   Saved 704 NAV points for GoKP-MMF
2026-03-14 01:55:40,969 - INFO - [366/615] Syncing fund: HBL-CF-D...
2026-03-14 01:55:42,745 - INFO - HTTP Request: GET https://beta-restapi.sarmaaya.pk/api/mutual-funds/nav-history/be5f623b-10d0-4dc5-bfb3-5a6914dd6688?days=1827 "HTTP/1.1 200 OK"
2026-03-14 01:55:44,016 - INFO -   Saved 443 NAV points for HBL-CF-D
2026-03-14 01:55:44,522 - INFO - [367/615] Syncing fund: HBL-FSIF-II...
2026-03-14 01:55:46,583 - INFO - HTTP Request: GET https://beta-restapi.sarmaaya.pk/api/mutual-funds/nav-history/9c8531e4-c339-4ee4-85ff-4480cd8c4539?days=1827 "HTTP/1.1 200 OK"
2026-03-14 01:55:47,799 - INFO -   Saved 441 NAV points for HBL-FSIF-II
2026-03-14 01:55:48,307 - INFO - [368/615] Syncing fund: HBL-GF(A)...
2026-03-14 01:55:50,121 - INFO - HTTP Request: GET https://beta-restapi.sarmaaya.pk/api/mutual-funds/nav-history/ac236e09-2caa-43dd-90dc-01cf81da1bf1?days=1827 "HTTP/1.1 200 OK"
2026-03-14 01:55:51,325 - INFO -   Saved 195 NAV points for HBL-GF(A)
2026-03-14 01:55:51,832 - INFO - [369/615] Syncing fund: HBL-GF(B)...
2026-03-14 01:55:53,359 - INFO - HTTP Request: GET https://beta-restapi.sarmaaya.pk/api/mutual-funds/nav-history/639ced48-a234-4e3c-8c8c-7c0897ff5ed0?days=1827 "HTTP/1.1 200 OK"
2026-03-14 01:55:54,589 - INFO -   Saved 233 NAV points for HBL-GF(B)
2026-03-14 01:55:55,093 - INFO - [370/615] Syncing fund: HBL-GSF-C...
2026-03-14 01:55:56,261 - INFO - HTTP Request: GET https://beta-restapi.sarmaaya.pk/api/mutual-funds/nav-history/1409f9a2-1b52-4a71-9ad1-062ff64816c9?days=1827 "HTTP/1.1 200 OK"
2026-03-14 01:55:57,849 - INFO -   Saved 1243 NAV points for HBL-GSF-C
2026-03-14 01:55:58,354 - INFO - [371/615] Syncing fund: HBL-IF(B)...
2026-03-14 01:55:59,459 - INFO - HTTP Request: GET https://beta-restapi.sarmaaya.pk/api/mutual-funds/nav-history/de03e481-cba5-4879-91d3-0013c2307737?days=1827 "HTTP/1.1 200 OK"
2026-03-14 01:56:00,705 - INFO -   Saved 587 NAV points for HBL-IF(B)
2026-03-14 01:56:01,212 - INFO - [372/615] Syncing fund: HBL-ISF-PI...
2026-03-14 01:56:02,180 - INFO - HTTP Request: GET https://beta-restapi.sarmaaya.pk/api/mutual-funds/nav-history/6eaf7ec6-0633-4003-96d9-d131951370f0?days=1827 "HTTP/1.1 200 OK"
2026-03-14 01:56:03,599 - INFO -   Saved 426 NAV points for HBL-ISF-PI
2026-03-14 01:56:04,105 - INFO - [373/615] Syncing fund: HBL-KPK-IPF...
2026-03-14 01:56:05,290 - INFO - HTTP Request: GET https://beta-restapi.sarmaaya.pk/api/mutual-funds/nav-history/a11e4ddc-6efd-42b4-ab80-3ee5fc034ec8?days=1827 "HTTP/1.1 200 OK"
2026-03-14 01:56:06,526 - INFO -   Saved 508 NAV points for HBL-KPK-IPF
2026-03-14 01:56:07,035 - INFO - [374/615] Syncing fund: HBL-KPK-PF...
2026-03-14 01:56:09,213 - INFO - HTTP Request: GET https://beta-restapi.sarmaaya.pk/api/mutual-funds/nav-history/017ec750-b687-4868-b255-2391f6b0385f?days=1827 "HTTP/1.1 200 OK"
2026-03-14 01:56:10,666 - INFO -   Saved 509 NAV points for HBL-KPK-PF
2026-03-14 01:56:11,170 - INFO - [375/615] Syncing fund: HBL-MAF...
2026-03-14 01:56:13,208 - INFO - HTTP Request: GET https://beta-restapi.sarmaaya.pk/api/mutual-funds/nav-history/8d8ad54d-ac21-4028-93c9-f145d5f84cb7?days=1827 "HTTP/1.1 200 OK"
2026-03-14 01:56:14,868 - INFO -   Saved 1184 NAV points for HBL-MAF
2026-03-14 01:56:15,369 - INFO - [376/615] Syncing fund: HBL-TTETF...
2026-03-14 01:56:16,990 - INFO - HTTP Request: GET https://beta-restapi.sarmaaya.pk/api/mutual-funds/nav-history/e063f8e0-e0a9-474f-a482-96864a70c69e?days=1827 "HTTP/1.1 200 OK"
2026-03-14 01:56:18,932 - INFO -   Saved 629 NAV points for HBL-TTETF
2026-03-14 01:56:19,438 - INFO - [377/615] Syncing fund: HENF...
2026-03-14 01:56:21,581 - INFO - HTTP Request: GET https://beta-restapi.sarmaaya.pk/api/mutual-funds/nav-history/81bf0a2a-5f02-49da-883f-fb51ebc5bd65?days=1827 "HTTP/1.1 200 OK"
2026-03-14 01:56:23,438 - INFO -   Saved 1171 NAV points for HENF
2026-03-14 01:56:23,946 - INFO - [378/615] Syncing fund: HEQF...
2026-03-14 01:56:25,298 - INFO - HTTP Request: GET https://beta-restapi.sarmaaya.pk/api/mutual-funds/nav-history/fd25cb64-d9b5-4cbd-b78e-44ebea1abd9a?days=1827 "HTTP/1.1 200 OK"
2026-03-14 01:56:26,832 - INFO -   Saved 1179 NAV points for HEQF
2026-03-14 01:56:27,337 - INFO - [379/615] Syncing fund: HFSIF...
2026-03-14 01:56:28,967 - INFO - HTTP Request: GET https://beta-restapi.sarmaaya.pk/api/mutual-funds/nav-history/d863a5f7-104f-4017-be27-230190da312e?days=1827 "HTTP/1.1 200 OK"
2026-03-14 01:56:30,805 - INFO -   Saved 1028 NAV points for HFSIF
2026-03-14 01:56:31,307 - INFO - [380/615] Syncing fund: HIAAF...
2026-03-14 01:56:32,810 - INFO - HTTP Request: GET https://beta-restapi.sarmaaya.pk/api/mutual-funds/nav-history/0225e443-ab96-4636-8ff9-9d1fa04fdbd5?days=1827 "HTTP/1.1 200 OK"
2026-03-14 01:56:34,362 - INFO -   Saved 1183 NAV points for HIAAF
2026-03-14 01:56:34,863 - INFO - [381/615] Syncing fund: HIEF...
2026-03-14 01:56:36,846 - INFO - HTTP Request: GET https://beta-restapi.sarmaaya.pk/api/mutual-funds/nav-history/03d673b6-8bf9-4ce1-b59b-2baa8e053bb0?days=1827 "HTTP/1.1 200 OK"
2026-03-14 01:56:38,693 - INFO -   Saved 1153 NAV points for HIEF
2026-03-14 01:56:39,198 - INFO - [382/615] Syncing fund: HIF...
2026-03-14 01:56:41,153 - INFO - HTTP Request: GET https://beta-restapi.sarmaaya.pk/api/mutual-funds/nav-history/c1d1384a-7efb-46b2-95cb-3000c8ad4d93?days=1827 "HTTP/1.1 200 OK"
2026-03-14 01:56:42,692 - INFO -   Saved 1197 NAV points for HIF
2026-03-14 01:56:43,196 - INFO - [383/615] Syncing fund: HIFA...
2026-03-14 01:56:44,558 - INFO - HTTP Request: GET https://beta-restapi.sarmaaya.pk/api/mutual-funds/nav-history/e3322f51-c790-48e6-bd59-dac16b7ff748?days=1827 "HTTP/1.1 200 OK"
2026-03-14 01:56:46,191 - INFO -   Saved 1184 NAV points for HIFA
2026-03-14 01:56:46,695 - INFO - [384/615] Syncing fund: HIIF...
2026-03-14 01:56:47,553 - INFO - HTTP Request: GET https://beta-restapi.sarmaaya.pk/api/mutual-funds/nav-history/d4a6dd42-f415-480b-8c3e-ecd1609a90d0?days=1827 "HTTP/1.1 200 OK"
2026-03-14 01:56:49,266 - INFO -   Saved 1173 NAV points for HIIF
2026-03-14 01:56:49,771 - INFO - [385/615] Syncing fund: HIMMF...
2026-03-14 01:56:51,059 - INFO - HTTP Request: GET https://beta-restapi.sarmaaya.pk/api/mutual-funds/nav-history/7c7025ce-b6fa-4369-be6d-3c43f088c480?days=1827 "HTTP/1.1 200 OK"
2026-03-14 01:56:52,938 - INFO -   Saved 1222 NAV points for HIMMF
2026-03-14 01:56:53,444 - INFO - [386/615] Syncing fund: HIPFD...
2026-03-14 01:56:55,134 - INFO - HTTP Request: GET https://beta-restapi.sarmaaya.pk/api/mutual-funds/nav-history/f63f48e6-901c-4d93-994c-46042a6260ba?days=1827 "HTTP/1.1 200 OK"
2026-03-14 01:56:56,704 - INFO -   Saved 1172 NAV points for HIPFD
2026-03-14 01:56:57,210 - INFO - [387/615] Syncing fund: HIPFE...
2026-03-14 01:56:59,298 - INFO - HTTP Request: GET https://beta-restapi.sarmaaya.pk/api/mutual-funds/nav-history/c842f575-d347-4ac4-baf3-3c1752144471?days=1827 "HTTP/1.1 200 OK"
2026-03-14 01:57:00,853 - INFO -   Saved 1171 NAV points for HIPFE
2026-03-14 01:57:01,359 - INFO - [388/615] Syncing fund: HIPFMM...
2026-03-14 01:57:02,877 - INFO - HTTP Request: GET https://beta-restapi.sarmaaya.pk/api/mutual-funds/nav-history/86b4daeb-4f3e-4290-8554-2f0b3b2fbc75?days=1827 "HTTP/1.1 200 OK"
2026-03-14 01:57:04,445 - INFO -   Saved 1171 NAV points for HIPFMM
2026-03-14 01:57:04,950 - INFO - [389/615] Syncing fund: HISF...
2026-03-14 01:57:06,410 - INFO - HTTP Request: GET https://beta-restapi.sarmaaya.pk/api/mutual-funds/nav-history/2fd878d8-2971-4c79-812d-4fe64ccd0bd1?days=1827 "HTTP/1.1 200 OK"
2026-03-14 01:57:08,180 - INFO -   Saved 1145 NAV points for HISF
2026-03-14 01:57:08,686 - INFO - [390/615] Syncing fund: HMMF...
2026-03-14 01:57:10,685 - INFO - HTTP Request: GET https://beta-restapi.sarmaaya.pk/api/mutual-funds/nav-history/38397579-4e7d-4131-bdd9-dd1c64b5dbd4?days=1827 "HTTP/1.1 200 OK"
2026-03-14 01:57:12,263 - INFO -   Saved 1289 NAV points for HMMF
2026-03-14 01:57:12,768 - INFO - [391/615] Syncing fund: HPLD...
2026-03-14 01:57:13,940 - INFO - HTTP Request: GET https://beta-restapi.sarmaaya.pk/api/mutual-funds/nav-history/99d1bc52-3d50-4d37-9b4e-e882744cd003?days=1827 "HTTP/1.1 200 OK"
2026-03-14 01:57:15,495 - INFO -   Saved 1172 NAV points for HPLD
2026-03-14 01:57:16,000 - INFO - [392/615] Syncing fund: HPLE...
2026-03-14 01:57:17,989 - INFO - HTTP Request: GET https://beta-restapi.sarmaaya.pk/api/mutual-funds/nav-history/5c376b2a-b889-492b-a478-e6b9b9bf122c?days=1827 "HTTP/1.1 200 OK"
2026-03-14 01:57:19,534 - INFO -   Saved 1170 NAV points for HPLE
2026-03-14 01:57:20,037 - INFO - [393/615] Syncing fund: HPLMM...
2026-03-14 01:57:20,903 - INFO - HTTP Request: GET https://beta-restapi.sarmaaya.pk/api/mutual-funds/nav-history/13b52116-1e5c-438e-8862-c91cb661f102?days=1827 "HTTP/1.1 200 OK"
2026-03-14 01:57:22,731 - INFO -   Saved 1170 NAV points for HPLMM
2026-03-14 01:57:23,236 - INFO - [394/615] Syncing fund: HSF...
2026-03-14 01:57:24,809 - INFO - HTTP Request: GET https://beta-restapi.sarmaaya.pk/api/mutual-funds/nav-history/a014efb0-58d8-40ff-a3bc-ed6181accd02?days=1827 "HTTP/1.1 200 OK"
2026-03-14 01:57:26,361 - INFO -   Saved 1167 NAV points for HSF
2026-03-14 01:57:26,863 - INFO - [395/615] Syncing fund: JS Cash Fund...
2026-03-14 01:57:27,968 - INFO - HTTP Request: GET https://beta-restapi.sarmaaya.pk/api/mutual-funds/nav-history/7d3de88a-98f8-4964-9b8e-e6e339232f34?days=1827 "HTTP/1.1 200 OK"
2026-03-14 01:57:29,961 - INFO -   Saved 1695 NAV points for JS Cash Fund
2026-03-14 01:57:30,467 - INFO - [396/615] Syncing fund: JSFETF...
2026-03-14 01:57:32,007 - INFO - HTTP Request: GET https://beta-restapi.sarmaaya.pk/api/mutual-funds/nav-history/d8cc72d2-47fd-464d-9af1-fe20fe875b87?days=1827 "HTTP/1.1 200 OK"
2026-03-14 01:57:34,301 - INFO -   Saved 825 NAV points for JSFETF
2026-03-14 01:57:34,803 - INFO - [397/615] Syncing fund: JSFOF...
2026-03-14 01:57:36,936 - INFO - HTTP Request: GET https://beta-restapi.sarmaaya.pk/api/mutual-funds/nav-history/506b4a90-f447-4417-8b57-e17232410f1c?days=1827 "HTTP/1.1 200 OK"
2026-03-14 01:57:38,701 - INFO -   Saved 1660 NAV points for JSFOF
2026-03-14 01:57:39,204 - INFO - [398/615] Syncing fund: JSFTMF_14...
2026-03-14 01:57:41,454 - INFO - HTTP Request: GET https://beta-restapi.sarmaaya.pk/api/mutual-funds/nav-history/989f359e-ddcc-4259-95b8-22da335d67bf?days=1827 "HTTP/1.1 200 OK"
2026-03-14 01:57:42,698 - INFO -   Saved 295 NAV points for JSFTMF_14
2026-03-14 01:57:43,204 - INFO - [399/615] Syncing fund: JSFTMF_15...
2026-03-14 01:57:44,469 - INFO - HTTP Request: GET https://beta-restapi.sarmaaya.pk/api/mutual-funds/nav-history/f15a58a8-cab8-43d9-bca9-a6d980100107?days=1827 "HTTP/1.1 200 OK"
2026-03-14 01:57:45,738 - INFO -   Saved 300 NAV points for JSFTMF_15
2026-03-14 01:57:46,243 - INFO - [400/615] Syncing fund: JSFTMF_16...
2026-03-14 01:57:47,855 - INFO - HTTP Request: GET https://beta-restapi.sarmaaya.pk/api/mutual-funds/nav-history/36a2081d-361e-49f8-92a8-3198ae61c254?days=1827 "HTTP/1.1 200 OK"
2026-03-14 01:57:49,250 - INFO -   Saved 276 NAV points for JSFTMF_16
2026-03-14 01:57:49,755 - INFO - [401/615] Syncing fund: JSFTMF_18...
2026-03-14 01:57:51,970 - INFO - HTTP Request: GET https://beta-restapi.sarmaaya.pk/api/mutual-funds/nav-history/55eae554-ac2d-4aeb-9305-29d9a720e230?days=1827 "HTTP/1.1 200 OK"
2026-03-14 01:57:53,441 - INFO -   Saved 183 NAV points for JSFTMF_18
2026-03-14 01:57:53,945 - INFO - [402/615] Syncing fund: JSFTMF_IIP1...
2026-03-14 01:57:55,664 - INFO - HTTP Request: GET https://beta-restapi.sarmaaya.pk/api/mutual-funds/nav-history/55cd4adc-4a4b-4d3b-8ace-f041ad2ac31f?days=1827 "HTTP/1.1 200 OK"
2026-03-14 01:57:56,925 - INFO -   Saved 292 NAV points for JSFTMF_IIP1
2026-03-14 01:57:57,428 - INFO - [403/615] Syncing fund: JSFTMF_IIP2...
2026-03-14 01:57:59,063 - INFO - HTTP Request: GET https://beta-restapi.sarmaaya.pk/api/mutual-funds/nav-history/17cc9556-7228-407b-ba31-005724514775?days=1827 "HTTP/1.1 200 OK"
2026-03-14 01:58:00,605 - INFO -   Saved 162 NAV points for JSFTMF_IIP2
2026-03-14 01:58:01,108 - INFO - [404/615] Syncing fund: JSFTMF_IIP3...
2026-03-14 01:58:02,646 - INFO - HTTP Request: GET https://beta-restapi.sarmaaya.pk/api/mutual-funds/nav-history/84bc7c8b-7947-491e-895b-e190ccf9795d?days=1827 "HTTP/1.1 200 OK"
2026-03-14 01:58:03,991 - INFO -   Saved 84 NAV points for JSFTMF_IIP3
2026-03-14 01:58:04,494 - INFO - [405/615] Syncing fund: JSFTMPI...
2026-03-14 01:58:06,322 - INFO - HTTP Request: GET https://beta-restapi.sarmaaya.pk/api/mutual-funds/nav-history/8542517f-d57c-4b31-96ad-0ee4a3a790f5?days=1827 "HTTP/1.1 200 OK"
2026-03-14 01:58:07,674 - INFO -   Saved 675 NAV points for JSFTMPI
2026-03-14 01:58:08,178 - INFO - [406/615] Syncing fund: JSFTMP-XI...
2026-03-14 01:58:09,979 - INFO - HTTP Request: GET https://beta-restapi.sarmaaya.pk/api/mutual-funds/nav-history/c5eed00d-caf0-4907-950e-6563d1e85db0?days=1827 "HTTP/1.1 200 OK"
2026-03-14 01:58:11,369 - INFO -   Saved 259 NAV points for JSFTMP-XI
2026-03-14 01:58:11,873 - INFO - [407/615] Syncing fund: JS-FTMP-XIII...
2026-03-14 01:58:13,072 - INFO - HTTP Request: GET https://beta-restapi.sarmaaya.pk/api/mutual-funds/nav-history/cf66be3b-1661-499f-af5e-b1fe2a28d2be?days=1827 "HTTP/1.1 200 OK"
2026-03-14 01:58:14,333 - INFO -   Saved 285 NAV points for JS-FTMP-XIII
2026-03-14 01:58:14,835 - INFO - [408/615] Syncing fund: JSGF...
2026-03-14 01:58:16,165 - INFO - HTTP Request: GET https://beta-restapi.sarmaaya.pk/api/mutual-funds/nav-history/2cde1fa2-cbd9-429a-a16d-4125d9248482?days=1827 "HTTP/1.1 200 OK"
2026-03-14 01:58:17,793 - INFO -   Saved 1673 NAV points for JSGF
2026-03-14 01:58:18,298 - INFO - [409/615] Syncing fund: JS-GSF...
2026-03-14 01:58:20,014 - INFO - HTTP Request: GET https://beta-restapi.sarmaaya.pk/api/mutual-funds/nav-history/8573f0e4-607f-4393-854a-8a4382a76318?days=1827 "HTTP/1.1 200 OK"
2026-03-14 01:58:21,697 - INFO -   Saved 1213 NAV points for JS-GSF
2026-03-14 01:58:22,203 - INFO - [410/615] Syncing fund: JS-IDDF...
2026-03-14 01:58:24,404 - INFO - HTTP Request: GET https://beta-restapi.sarmaaya.pk/api/mutual-funds/nav-history/523e4d65-e1f9-4ca7-b7f9-321a4ff13fda?days=1827 "HTTP/1.1 200 OK"
2026-03-14 01:58:26,017 - INFO -   Saved 1691 NAV points for JS-IDDF
2026-03-14 01:58:26,522 - INFO - [411/615] Syncing fund: JSIF...
2026-03-14 01:58:28,455 - INFO - HTTP Request: GET https://beta-restapi.sarmaaya.pk/api/mutual-funds/nav-history/4265d259-2bc5-4d5f-bc49-f13969c32ced?days=1827 "HTTP/1.1 200 OK"
2026-03-14 01:58:30,044 - INFO -   Saved 1663 NAV points for JSIF
2026-03-14 01:58:30,547 - INFO - [412/615] Syncing fund: JSIIF...
2026-03-14 01:58:31,861 - INFO - HTTP Request: GET https://beta-restapi.sarmaaya.pk/api/mutual-funds/nav-history/bd3934cc-f5b7-4b40-afc4-b2d86da65bfe?days=1827 "HTTP/1.1 200 OK"
2026-03-14 01:58:33,590 - INFO -   Saved 1674 NAV points for JSIIF
2026-03-14 01:58:34,095 - INFO - [413/615] Syncing fund: JSIPSFD...
2026-03-14 01:58:35,249 - INFO - HTTP Request: GET https://beta-restapi.sarmaaya.pk/api/mutual-funds/nav-history/b66c1fb4-70d2-4946-9731-96137f0b0510?days=1827 "HTTP/1.1 200 OK"
2026-03-14 01:58:36,963 - INFO -   Saved 1672 NAV points for JSIPSFD
2026-03-14 01:58:37,465 - INFO - [414/615] Syncing fund: JSIPSFE...
2026-03-14 01:58:38,752 - INFO - HTTP Request: GET https://beta-restapi.sarmaaya.pk/api/mutual-funds/nav-history/7195a5d6-ecb4-488e-af54-872b7e8d37d1?days=1827 "HTTP/1.1 200 OK"
2026-03-14 01:58:40,338 - INFO -   Saved 1674 NAV points for JSIPSFE
2026-03-14 01:58:40,843 - INFO - [415/615] Syncing fund: JSIPSMM...
2026-03-14 01:58:41,967 - INFO - HTTP Request: GET https://beta-restapi.sarmaaya.pk/api/mutual-funds/nav-history/543c2e2a-cf52-40c6-b2eb-0339680ff978?days=1827 "HTTP/1.1 200 OK"
2026-03-14 01:58:43,588 - INFO -   Saved 1671 NAV points for JSIPSMM
2026-03-14 01:58:44,089 - INFO - [416/615] Syncing fund: JSISF...
2026-03-14 01:58:45,452 - INFO - HTTP Request: GET https://beta-restapi.sarmaaya.pk/api/mutual-funds/nav-history/4be15d35-6534-4c0b-a09e-cdc17ae30cba?days=1827 "HTTP/1.1 200 OK"
2026-03-14 01:58:47,210 - INFO -   Saved 1681 NAV points for JSISF
2026-03-14 01:58:47,715 - INFO - [417/615] Syncing fund: JSISMF Plan 1...
2026-03-14 01:58:48,691 - INFO - HTTP Request: GET https://beta-restapi.sarmaaya.pk/api/mutual-funds/nav-history/e0ce020c-45fc-413f-ba9b-46faa561cd65?days=1827 "HTTP/1.1 200 OK"
2026-03-14 01:58:49,962 - INFO -   Saved 229 NAV points for JSISMF Plan 1
2026-03-14 01:58:50,464 - INFO - [418/615] Syncing fund: JS-KPK-IPFMM...
2026-03-14 01:58:52,587 - INFO - HTTP Request: GET https://beta-restapi.sarmaaya.pk/api/mutual-funds/nav-history/4e87dc0d-62b9-43b8-bf1f-135cdc3f729a?days=1827 "HTTP/1.1 200 OK"
2026-03-14 01:58:53,936 - INFO -   Saved 698 NAV points for JS-KPK-IPFMM
2026-03-14 01:58:54,438 - INFO - [419/615] Syncing fund: JS-KPK-PFMM...
2026-03-14 01:58:56,500 - INFO - HTTP Request: GET https://beta-restapi.sarmaaya.pk/api/mutual-funds/nav-history/faaf9d0f-5053-48c8-9591-887fadf0bde9?days=1827 "HTTP/1.1 200 OK"
2026-03-14 01:58:57,730 - INFO -   Saved 453 NAV points for JS-KPK-PFMM
2026-03-14 01:58:58,232 - INFO - [420/615] Syncing fund: JSLCF...
2026-03-14 01:58:59,439 - INFO - HTTP Request: GET https://beta-restapi.sarmaaya.pk/api/mutual-funds/nav-history/fce4b45e-5a0e-4c52-b971-08239b83ac01?days=1827 "HTTP/1.1 200 OK"
2026-03-14 01:59:01,134 - INFO -   Saved 1672 NAV points for JSLCF
2026-03-14 01:59:01,637 - INFO - [421/615] Syncing fund: JSMMF...
2026-03-14 01:59:03,434 - INFO - HTTP Request: GET https://beta-restapi.sarmaaya.pk/api/mutual-funds/nav-history/a6c292ea-1911-4404-b779-d75ecbd7d29b?days=1827 "HTTP/1.1 200 OK"
2026-03-14 01:59:04,994 - INFO -   Saved 1004 NAV points for JSMMF
2026-03-14 01:59:05,497 - INFO - [422/615] Syncing fund: JSMSF...
2026-03-14 01:59:07,502 - INFO - HTTP Request: GET https://beta-restapi.sarmaaya.pk/api/mutual-funds/nav-history/6b965130-d6fc-4d06-9836-829f9f2ee9c4?days=1827 "HTTP/1.1 200 OK"
2026-03-14 01:59:09,136 - INFO -   Saved 1279 NAV points for JSMSF
2026-03-14 01:59:09,642 - INFO - [423/615] Syncing fund: JSPSFD...
2026-03-14 01:59:12,002 - INFO - HTTP Request: GET https://beta-restapi.sarmaaya.pk/api/mutual-funds/nav-history/5dfde6cd-b665-4f90-ab26-13b204eb4551?days=1827 "HTTP/1.1 200 OK"
2026-03-14 01:59:13,630 - INFO -   Saved 1668 NAV points for JSPSFD
2026-03-14 01:59:14,135 - INFO - [424/615] Syncing fund: JSPSFE...
2026-03-14 01:59:16,634 - INFO - HTTP Request: GET https://beta-restapi.sarmaaya.pk/api/mutual-funds/nav-history/4d4f6b2f-850c-4371-97a0-75f1a46fa6ed?days=1827 "HTTP/1.1 200 OK"
2026-03-14 01:59:18,712 - INFO -   Saved 1668 NAV points for JSPSFE
2026-03-14 01:59:19,216 - INFO - [425/615] Syncing fund: JSPSMM...
2026-03-14 01:59:21,394 - INFO - HTTP Request: GET https://beta-restapi.sarmaaya.pk/api/mutual-funds/nav-history/df38dc40-9fde-40bb-bca6-51cbeb6a6d70?days=1827 "HTTP/1.1 200 OK"
2026-03-14 01:59:24,148 - INFO -   Saved 1666 NAV points for JSPSMM
2026-03-14 01:59:24,659 - INFO - [426/615] Syncing fund: KMIF...
2026-03-14 01:59:27,003 - INFO - HTTP Request: GET https://beta-restapi.sarmaaya.pk/api/mutual-funds/nav-history/a0aac2a4-0ec4-4718-b2e5-4580f5cd8ddd?days=1827 "HTTP/1.1 200 OK"
2026-03-14 01:59:28,875 - INFO -   Saved 1668 NAV points for KMIF
2026-03-14 01:59:29,380 - INFO - [427/615] Syncing fund: LAADM...
2026-03-14 01:59:31,277 - INFO - HTTP Request: GET https://beta-restapi.sarmaaya.pk/api/mutual-funds/nav-history/8179e8fb-f7be-46bc-bfb6-90f138ce66ba?days=1827 "HTTP/1.1 200 OK"
2026-03-14 01:59:32,880 - INFO -   Saved 1603 NAV points for LAADM
2026-03-14 01:59:33,381 - INFO - [428/615] Syncing fund: LEF...
2026-03-14 01:59:35,071 - INFO - HTTP Request: GET https://beta-restapi.sarmaaya.pk/api/mutual-funds/nav-history/aaa602d9-9e40-4e5c-923d-6db7acc3d7b0?days=1827 "HTTP/1.1 200 OK"
2026-03-14 01:59:36,646 - INFO -   Saved 1677 NAV points for LEF
2026-03-14 01:59:37,150 - INFO - [429/615] Syncing fund: LIF...
2026-03-14 01:59:39,256 - INFO - HTTP Request: GET https://beta-restapi.sarmaaya.pk/api/mutual-funds/nav-history/adce89fe-b1cc-402a-8c33-7ae4a6cb1762?days=1827 "HTTP/1.1 200 OK"
2026-03-14 01:59:40,879 - INFO -   Saved 1669 NAV points for LIF
2026-03-14 01:59:41,386 - INFO - [430/615] Syncing fund: LIFTFP I...
2026-03-14 01:59:43,401 - INFO - HTTP Request: GET https://beta-restapi.sarmaaya.pk/api/mutual-funds/nav-history/7bcf4f52-c333-4aeb-a4b7-56187294afed?days=1827 "HTTP/1.1 200 OK"
2026-03-14 01:59:44,596 - INFO -   Saved 72 NAV points for LIFTFP I
2026-03-14 01:59:45,101 - INFO - [431/615] Syncing fund: LIFTFP II...
2026-03-14 01:59:46,531 - INFO - HTTP Request: GET https://beta-restapi.sarmaaya.pk/api/mutual-funds/nav-history/51437ace-4260-4548-ab41-16c746c6bda5?days=1827 "HTTP/1.1 200 OK"
2026-03-14 01:59:47,722 - INFO -   Saved 38 NAV points for LIFTFP II
2026-03-14 01:59:48,228 - INFO - [432/615] Syncing fund: LIFTFP III...
2026-03-14 01:59:49,835 - INFO - HTTP Request: GET https://beta-restapi.sarmaaya.pk/api/mutual-funds/nav-history/8fc63fb5-33ae-46a9-9b8b-50a13e0e04d3?days=1827 "HTTP/1.1 200 OK"
2026-03-14 01:59:51,038 - INFO -   Saved 102 NAV points for LIFTFP III
2026-03-14 01:59:51,540 - INFO - [433/615] Syncing fund: LIFTFP IV...
2026-03-14 01:59:52,440 - INFO - HTTP Request: GET https://beta-restapi.sarmaaya.pk/api/mutual-funds/nav-history/6e35e486-cf32-4f62-9ba7-dde7690a0957?days=1827 "HTTP/1.1 200 OK"
2026-03-14 01:59:53,665 - INFO -   Saved 94 NAV points for LIFTFP IV
2026-03-14 01:59:54,168 - INFO - [434/615] Syncing fund: LIIF...
2026-03-14 01:59:55,163 - INFO - HTTP Request: GET https://beta-restapi.sarmaaya.pk/api/mutual-funds/nav-history/2b2e10c2-84b3-4575-b2d9-cd38397e95ca?days=1827 "HTTP/1.1 200 OK"
2026-03-14 01:59:56,380 - INFO -   Saved 296 NAV points for LIIF
2026-03-14 01:59:56,885 - INFO - [435/615] Syncing fund: LIMMF...
2026-03-14 01:59:58,044 - INFO - HTTP Request: GET https://beta-restapi.sarmaaya.pk/api/mutual-funds/nav-history/7d1558d8-49fc-4ddd-928a-7e6df21283cc?days=1827 "HTTP/1.1 200 OK"
2026-03-14 01:59:59,262 - INFO -   Saved 316 NAV points for LIMMF
2026-03-14 01:59:59,767 - INFO - [436/615] Syncing fund: LIMMF...
2026-03-14 02:00:01,172 - INFO - HTTP Request: GET https://beta-restapi.sarmaaya.pk/api/mutual-funds/nav-history/7d1558d8-49fc-4ddd-928a-7e6df21283cc?days=1827 "HTTP/1.1 200 OK"
2026-03-14 02:00:02,472 - INFO -   Saved 316 NAV points for LIMMF
2026-03-14 02:00:02,978 - INFO - [437/615] Syncing fund: LISF...
2026-03-14 02:00:04,597 - INFO - HTTP Request: GET https://beta-restapi.sarmaaya.pk/api/mutual-funds/nav-history/cb2da665-c587-4570-8e3d-a79960909a53?days=1827 "HTTP/1.1 200 OK"
2026-03-14 02:00:05,824 - INFO -   Saved 294 NAV points for LISF
2026-03-14 02:00:06,329 - INFO - [438/615] Syncing fund: LITF...
2026-03-14 02:00:07,487 - INFO - HTTP Request: GET https://beta-restapi.sarmaaya.pk/api/mutual-funds/nav-history/51a8ddb3-15e8-45f5-86ef-ce87731399e7?days=1827 "HTTP/1.1 200 OK"
2026-03-14 02:00:09,128 - INFO -   Saved 1672 NAV points for LITF
2026-03-14 02:00:09,634 - INFO - [439/615] Syncing fund: LMMF...
2026-03-14 02:00:11,177 - INFO - HTTP Request: GET https://beta-restapi.sarmaaya.pk/api/mutual-funds/nav-history/30ccafb1-e070-484b-9dc9-4c355ce67507?days=1827 "HTTP/1.1 200 OK"
2026-03-14 02:00:12,873 - INFO -   Saved 1685 NAV points for LMMF
2026-03-14 02:00:13,379 - INFO - [440/615] Syncing fund: LTF...
2026-03-14 02:00:15,450 - INFO - HTTP Request: GET https://beta-restapi.sarmaaya.pk/api/mutual-funds/nav-history/1cf041a5-a809-485f-aad0-abb3a64eeefc?days=1827 "HTTP/1.1 200 OK"
2026-03-14 02:00:17,045 - INFO -   Saved 1676 NAV points for LTF
2026-03-14 02:00:17,548 - INFO - [441/615] Syncing fund: MAAF...
2026-03-14 02:00:19,317 - INFO - HTTP Request: GET https://beta-restapi.sarmaaya.pk/api/mutual-funds/nav-history/53c770de-13ae-4a3b-8fbc-f74f0cf53c6e?days=1827 "HTTP/1.1 200 OK"
2026-03-14 02:00:20,982 - INFO -   Saved 1659 NAV points for MAAF
2026-03-14 02:00:21,486 - INFO - [442/615] Syncing fund: MBF...
2026-03-14 02:00:23,843 - INFO - HTTP Request: GET https://beta-restapi.sarmaaya.pk/api/mutual-funds/nav-history/f6bcc825-99fe-47f8-a09c-805f9e46697c?days=1827 "HTTP/1.1 200 OK"
2026-03-14 02:00:25,458 - INFO -   Saved 1651 NAV points for MBF
2026-03-14 02:00:25,963 - INFO - [443/615] Syncing fund: MCB-ALHKPK-PF...
2026-03-14 02:00:27,311 - INFO - HTTP Request: GET https://beta-restapi.sarmaaya.pk/api/mutual-funds/nav-history/375b972f-6d96-4d60-a20a-ddf0ff2582ed?days=1827 "HTTP/1.1 200 OK"
2026-03-14 02:00:28,686 - INFO -   Saved 695 NAV points for MCB-ALHKPK-PF
2026-03-14 02:00:29,191 - INFO - [444/615] Syncing fund: MCB-CMOP...
2026-03-14 02:00:30,877 - INFO - HTTP Request: GET https://beta-restapi.sarmaaya.pk/api/mutual-funds/nav-history/4fd349ab-58af-4e76-a9aa-389f308b7a8b?days=1827 "HTTP/1.1 200 OK"
2026-03-14 02:00:32,690 - INFO -   Saved 1687 NAV points for MCB-CMOP
2026-03-14 02:00:33,196 - INFO - [445/615] Syncing fund: MCBDCFFRIIIP10...
2026-03-14 02:00:34,443 - INFO - HTTP Request: GET https://beta-restapi.sarmaaya.pk/api/mutual-funds/nav-history/635e2057-3ae9-4eab-9ebe-acc61ddbf815?days=1827 "HTTP/1.1 200 OK"
2026-03-14 02:00:35,742 - INFO -   Saved 189 NAV points for MCBDCFFRIIIP10
2026-03-14 02:00:36,247 - INFO - [446/615] Syncing fund: MCBDCFFRIIIP11...
2026-03-14 02:00:37,370 - INFO - HTTP Request: GET https://beta-restapi.sarmaaya.pk/api/mutual-funds/nav-history/4f9944e9-ce3b-4a14-8079-f28956c529eb?days=1827 "HTTP/1.1 200 OK"
2026-03-14 02:00:38,574 - INFO -   Saved 147 NAV points for MCBDCFFRIIIP11
2026-03-14 02:00:39,079 - INFO - [447/615] Syncing fund: MCBDCFFRIIIP7...
2026-03-14 02:00:40,266 - INFO - HTTP Request: GET https://beta-restapi.sarmaaya.pk/api/mutual-funds/nav-history/88da9048-3d77-4e76-ac2d-4feef62e1825?days=1827 "HTTP/1.1 200 OK"
2026-03-14 02:00:41,469 - INFO -   Saved 93 NAV points for MCBDCFFRIIIP7
2026-03-14 02:00:41,975 - INFO - [448/615] Syncing fund: MCBDCFFRIIIP8...
2026-03-14 02:00:43,100 - INFO - HTTP Request: GET https://beta-restapi.sarmaaya.pk/api/mutual-funds/nav-history/06c90a8b-2c4a-48ad-bd1e-ed196599f8f9?days=1827 "HTTP/1.1 200 OK"
2026-03-14 02:00:44,335 - INFO -   Saved 128 NAV points for MCBDCFFRIIIP8
2026-03-14 02:00:44,845 - INFO - [449/615] Syncing fund: MCBDCFFRIIIP9...
2026-03-14 02:00:45,627 - INFO - HTTP Request: GET https://beta-restapi.sarmaaya.pk/api/mutual-funds/nav-history/8bc18d27-da01-4912-b0ca-7133eb9c747e?days=1827 "HTTP/1.1 200 OK"
2026-03-14 02:00:46,892 - INFO -   Saved 156 NAV points for MCBDCFFRIIIP9
2026-03-14 02:00:47,397 - INFO - [450/615] Syncing fund: MCB-DCF-FR-II-P3...
2026-03-14 02:00:49,285 - INFO - HTTP Request: GET https://beta-restapi.sarmaaya.pk/api/mutual-funds/nav-history/44648496-621a-483f-9fc6-42662c1468ae?days=1827 "HTTP/1.1 200 OK"
2026-03-14 02:00:50,616 - INFO -   Saved 231 NAV points for MCB-DCF-FR-II-P3
2026-03-14 02:00:51,120 - INFO - [451/615] Syncing fund: MCB-DCF-FRP-IV...
2026-03-14 02:00:52,785 - INFO - HTTP Request: GET https://beta-restapi.sarmaaya.pk/api/mutual-funds/nav-history/07f0d4cb-ca76-480c-bfc2-9bd5307e224d?days=1827 "HTTP/1.1 200 OK"
2026-03-14 02:00:54,005 - INFO -   Saved 401 NAV points for MCB-DCF-FRP-IV
2026-03-14 02:00:54,511 - INFO - [452/615] Syncing fund: MCB-DCF FRP X...
2026-03-14 02:00:55,413 - INFO - HTTP Request: GET https://beta-restapi.sarmaaya.pk/api/mutual-funds/nav-history/f71d0e99-c850-4b61-bfdb-251292f42a81?days=1827 "HTTP/1.1 200 OK"
2026-03-14 02:00:56,722 - INFO -   Saved 125 NAV points for MCB-DCF FRP X
2026-03-14 02:00:57,227 - INFO - [453/615] Syncing fund: MCB-GSP-I...
2026-03-14 02:00:59,284 - INFO - HTTP Request: GET https://beta-restapi.sarmaaya.pk/api/mutual-funds/nav-history/2ee9597a-32b2-46d1-b236-f315a66c95b9?days=1827 "HTTP/1.1 200 OK"
2026-03-14 02:01:00,520 - INFO -   Saved 384 NAV points for MCB-GSP-I
2026-03-14 02:01:01,024 - INFO - [454/615] Syncing fund: MCB-ISP-I...
2026-03-14 02:01:02,459 - INFO - HTTP Request: GET https://beta-restapi.sarmaaya.pk/api/mutual-funds/nav-history/4c148ba4-6cf9-4730-8db0-c9d1f1de4c88?days=1827 "HTTP/1.1 200 OK"
2026-03-14 02:01:03,810 - INFO -   Saved 448 NAV points for MCB-ISP-I
2026-03-14 02:01:04,315 - INFO - [455/615] Syncing fund: MCB-KPKPF-M...
2026-03-14 02:01:05,161 - INFO - HTTP Request: GET https://beta-restapi.sarmaaya.pk/api/mutual-funds/nav-history/73c51bd4-69f2-4959-b0a0-1a4e30beb6a5?days=1827 "HTTP/1.1 200 OK"
2026-03-14 02:01:06,392 - INFO -   Saved 695 NAV points for MCB-KPKPF-M
2026-03-14 02:01:06,897 - INFO - [456/615] Syncing fund: MCB-PFRP-23...
2026-03-14 02:01:08,289 - INFO - HTTP Request: GET https://beta-restapi.sarmaaya.pk/api/mutual-funds/nav-history/ed882b58-1432-49fb-9aeb-da41fbdb14b2?days=1827 "HTTP/1.1 200 OK"
2026-03-14 02:01:09,530 - INFO -   Saved 249 NAV points for MCB-PFRP-23
2026-03-14 02:01:10,033 - INFO - [457/615] Syncing fund: MCBPFRP25...
2026-03-14 02:01:11,959 - INFO - HTTP Request: GET https://beta-restapi.sarmaaya.pk/api/mutual-funds/nav-history/080e0e67-7f7b-4759-aca8-04ba01747989?days=1827 "HTTP/1.1 200 OK"
2026-03-14 02:01:13,162 - INFO -   Saved 170 NAV points for MCBPFRP25
2026-03-14 02:01:13,668 - INFO - [458/615] Syncing fund: MCBPOF...
2026-03-14 02:01:14,502 - INFO - HTTP Request: GET https://beta-restapi.sarmaaya.pk/api/mutual-funds/nav-history/21779d41-ac2c-44ff-9091-6dfc55cd2256?days=1827 "HTTP/1.1 200 OK"
2026-03-14 02:01:15,710 - INFO -   Saved 349 NAV points for MCBPOF
2026-03-14 02:01:16,222 - INFO - [459/615] Syncing fund: MCB-PSF...
2026-03-14 02:01:18,145 - INFO - HTTP Request: GET https://beta-restapi.sarmaaya.pk/api/mutual-funds/nav-history/699491a5-f0a1-4ff0-b999-2ee7b256af56?days=1827 "HTTP/1.1 200 OK"
2026-03-14 02:01:19,761 - INFO -   Saved 1667 NAV points for MCB-PSF
2026-03-14 02:01:20,270 - INFO - [460/615] Syncing fund: MCF...
2026-03-14 02:01:21,630 - INFO - HTTP Request: GET https://beta-restapi.sarmaaya.pk/api/mutual-funds/nav-history/a0674272-8a64-4fb8-b708-4e60a1e7f135?days=1827 "HTTP/1.1 200 OK"
2026-03-14 02:01:23,195 - INFO -   Saved 1666 NAV points for MCF
2026-03-14 02:01:23,699 - INFO - [461/615] Syncing fund: MDAAF...
2026-03-14 02:01:24,649 - INFO - HTTP Request: GET https://beta-restapi.sarmaaya.pk/api/mutual-funds/nav-history/577b4243-ec39-479b-bf89-fbd18187ede2?days=1827 "HTTP/1.1 200 OK"
2026-03-14 02:01:25,866 - INFO -   Saved 426 NAV points for MDAAF
2026-03-14 02:01:26,372 - INFO - [462/615] Syncing fund: MDCFIF...
2026-03-14 02:01:27,848 - INFO - HTTP Request: GET https://beta-restapi.sarmaaya.pk/api/mutual-funds/nav-history/1b9ecadd-57dd-4e03-a80d-ae21caba9ac2?days=1827 "HTTP/1.1 200 OK"
2026-03-14 02:01:29,420 - INFO -   Saved 1666 NAV points for MDCFIF
2026-03-14 02:01:29,925 - INFO - [463/615] Syncing fund: MDEF...
2026-03-14 02:01:30,769 - INFO - HTTP Request: GET https://beta-restapi.sarmaaya.pk/api/mutual-funds/nav-history/e88b6193-2b53-4b92-9167-1b4df4015355?days=1827 "HTTP/1.1 200 OK"
2026-03-14 02:01:32,396 - INFO -   Saved 1659 NAV points for MDEF
2026-03-14 02:01:32,901 - INFO - [464/615] Syncing fund: MDIP-I...
2026-03-14 02:01:34,175 - INFO - HTTP Request: GET https://beta-restapi.sarmaaya.pk/api/mutual-funds/nav-history/e60ffab4-0c95-4fb5-bacf-b042a6db44e7?days=1827 "HTTP/1.1 200 OK"
2026-03-14 02:01:35,773 - INFO -   Saved 1475 NAV points for MDIP-I
2026-03-14 02:01:36,278 - INFO - [465/615] Syncing fund: MEF...
2026-03-14 02:01:37,115 - INFO - HTTP Request: GET https://beta-restapi.sarmaaya.pk/api/mutual-funds/nav-history/25ec9842-c58c-4b3a-bb7c-eb2a08778fae?days=1827 "HTTP/1.1 200 OK"
2026-03-14 02:01:38,722 - INFO -   Saved 1661 NAV points for MEF
2026-03-14 02:01:39,223 - INFO - [466/615] Syncing fund: MGF...
2026-03-14 02:01:41,289 - INFO - HTTP Request: GET https://beta-restapi.sarmaaya.pk/api/mutual-funds/nav-history/7e59207d-798c-43ab-bc76-4a44d2f90a64?days=1827 "HTTP/1.1 200 OK"
2026-03-14 02:01:43,032 - INFO -   Saved 1594 NAV points for MGF
2026-03-14 02:01:43,537 - INFO - [467/615] Syncing fund: MGOKPPF...
2026-03-14 02:01:44,936 - INFO - HTTP Request: GET https://beta-restapi.sarmaaya.pk/api/mutual-funds/nav-history/9ed85430-ff8f-4b65-8ebc-63e10a6be33c?days=1827 "HTTP/1.1 200 OK"
2026-03-14 02:01:46,222 - INFO -   Saved 681 NAV points for MGOKPPF
2026-03-14 02:01:46,727 - INFO - [468/615] Syncing fund: MICF...
2026-03-14 02:01:48,852 - INFO - HTTP Request: GET https://beta-restapi.sarmaaya.pk/api/mutual-funds/nav-history/ec7b94bf-78a0-4078-a7a6-3abba8987fd6?days=1827 "HTTP/1.1 200 OK"
2026-03-14 02:01:50,207 - INFO -   Saved 812 NAV points for MICF
2026-03-14 02:01:50,709 - INFO - [469/615] Syncing fund: MI-ETF...
2026-03-14 02:01:52,510 - INFO - HTTP Request: GET https://beta-restapi.sarmaaya.pk/api/mutual-funds/nav-history/f1dffbba-68d9-4c46-9b04-3ce5a40b368f?days=1827 "HTTP/1.1 200 OK"
2026-03-14 02:01:53,776 - INFO -   Saved 396 NAV points for MI-ETF
2026-03-14 02:01:54,280 - INFO - [470/615] Syncing fund: MIF...
2026-03-14 02:01:56,268 - INFO - HTTP Request: GET https://beta-restapi.sarmaaya.pk/api/mutual-funds/nav-history/698bac51-81aa-4e0c-ad94-93d630e1e2a4?days=1827 "HTTP/1.1 200 OK"
2026-03-14 02:01:57,985 - INFO -   Saved 1655 NAV points for MIF
2026-03-14 02:01:58,490 - INFO - [471/615] Syncing fund: MIIF...
2026-03-14 02:02:00,109 - INFO - HTTP Request: GET https://beta-restapi.sarmaaya.pk/api/mutual-funds/nav-history/b4323cd2-b729-4122-9678-7150f95c868a?days=1827 "HTTP/1.1 200 OK"
2026-03-14 02:02:01,765 - INFO -   Saved 1663 NAV points for MIIF
2026-03-14 02:02:02,270 - INFO - [472/615] Syncing fund: MMMP...
2026-03-14 02:02:03,221 - INFO - HTTP Request: GET https://beta-restapi.sarmaaya.pk/api/mutual-funds/nav-history/f59d97bf-9cf6-48ae-9353-f4d1f9087be2?days=1827 "HTTP/1.1 200 OK"
2026-03-14 02:02:04,936 - INFO -   Saved 1096 NAV points for MMMP
2026-03-14 02:02:05,439 - INFO - [473/615] Syncing fund: MMP-I...
2026-03-14 02:02:06,230 - INFO - HTTP Request: GET https://beta-restapi.sarmaaya.pk/api/mutual-funds/nav-history/4021c591-4da4-48f5-ba76-5b7b6059298c?days=1827 "HTTP/1.1 200 OK"
2026-03-14 02:02:07,604 - INFO -   Saved 789 NAV points for MMP-I
2026-03-14 02:02:08,106 - INFO - [474/615] Syncing fund: MPAAF...
2026-03-14 02:02:09,998 - INFO - HTTP Request: GET https://beta-restapi.sarmaaya.pk/api/mutual-funds/nav-history/168715a7-5edd-47cc-977a-8fcef5fe49fc?days=1827 "HTTP/1.1 200 OK"
2026-03-14 02:02:11,694 - INFO -   Saved 1666 NAV points for MPAAF
2026-03-14 02:02:12,197 - INFO - [475/615] Syncing fund: MP-ETF...
2026-03-14 02:02:13,955 - INFO - HTTP Request: GET https://beta-restapi.sarmaaya.pk/api/mutual-funds/nav-history/8043a7d9-4671-4fa5-b520-b9da520f1b45?days=1827 "HTTP/1.1 200 OK"
2026-03-14 02:02:15,533 - INFO -   Saved 1664 NAV points for MP-ETF
2026-03-14 02:02:16,038 - INFO - [476/615] Syncing fund: MPFP-AGG...
2026-03-14 02:02:17,640 - INFO - HTTP Request: GET https://beta-restapi.sarmaaya.pk/api/mutual-funds/nav-history/9b8ed6b7-6c3f-4a08-ac96-d67a6433e593?days=1827 "HTTP/1.1 200 OK"
2026-03-14 02:02:19,382 - INFO -   Saved 1627 NAV points for MPFP-AGG
2026-03-14 02:02:19,887 - INFO - [477/615] Syncing fund: MPFP-CON...
2026-03-14 02:02:21,306 - INFO - HTTP Request: GET https://beta-restapi.sarmaaya.pk/api/mutual-funds/nav-history/f38648ed-8c0b-4544-847a-c495c4ed2b8d?days=1827 "HTTP/1.1 200 OK"
2026-03-14 02:02:23,006 - INFO -   Saved 1629 NAV points for MPFP-CON
2026-03-14 02:02:23,512 - INFO - [478/615] Syncing fund: MPFP-MAAP-I...
2026-03-14 02:02:24,663 - INFO - HTTP Request: GET https://beta-restapi.sarmaaya.pk/api/mutual-funds/nav-history/28d5daa6-1b6f-4405-aa34-cdbe40e7d1c3?days=1827 "HTTP/1.1 200 OK"
2026-03-14 02:02:26,282 - INFO -   Saved 1629 NAV points for MPFP-MAAP-I
2026-03-14 02:02:26,787 - INFO - [479/615] Syncing fund: MPFP-MOD...
2026-03-14 02:02:28,399 - INFO - HTTP Request: GET https://beta-restapi.sarmaaya.pk/api/mutual-funds/nav-history/6c480a77-4e77-486b-8ae4-a1381d65b474?days=1827 "HTTP/1.1 200 OK"
2026-03-14 02:02:30,033 - INFO -   Saved 1629 NAV points for MPFP-MOD
2026-03-14 02:02:30,538 - INFO - [480/615] Syncing fund: MPFP-VCON...
2026-03-14 02:02:31,549 - INFO - HTTP Request: GET https://beta-restapi.sarmaaya.pk/api/mutual-funds/nav-history/d1b83dad-2e25-42ca-b556-f9be6f9bd623?days=1827 "HTTP/1.1 200 OK"
2026-03-14 02:02:32,784 - INFO -   Saved 773 NAV points for MPFP-VCON
2026-03-14 02:02:33,287 - INFO - [481/615] Syncing fund: MPMP-XIV...
2026-03-14 02:02:34,794 - INFO - HTTP Request: GET https://beta-restapi.sarmaaya.pk/api/mutual-funds/nav-history/83b304fc-8b8c-4b4f-91c6-1965a04d8cda?days=1827 "HTTP/1.1 200 OK"
2026-03-14 02:02:36,018 - INFO -   Saved 193 NAV points for MPMP-XIV
2026-03-14 02:02:36,523 - INFO - [482/615] Syncing fund: MPMP-XXII...
2026-03-14 02:02:38,777 - INFO - HTTP Request: GET https://beta-restapi.sarmaaya.pk/api/mutual-funds/nav-history/f3aaaac4-94fb-4678-9a40-7c02bf656a5d?days=1827 "HTTP/1.1 200 OK"
2026-03-14 02:02:40,157 - INFO -   Saved 132 NAV points for MPMP-XXII
2026-03-14 02:02:40,662 - INFO - [483/615] Syncing fund: MPMP-XXIII...
2026-03-14 02:02:42,288 - INFO - HTTP Request: GET https://beta-restapi.sarmaaya.pk/api/mutual-funds/nav-history/7329647a-e242-45eb-b42f-23a998fea746?days=1827 "HTTP/1.1 200 OK"
2026-03-14 02:02:43,689 - INFO -   Saved 129 NAV points for MPMP-XXIII
2026-03-14 02:02:44,193 - INFO - [484/615] Syncing fund: MPMP-XXIV...
2026-03-14 02:02:46,230 - INFO - HTTP Request: GET https://beta-restapi.sarmaaya.pk/api/mutual-funds/nav-history/4c1a9c1c-7c45-4ef3-ae7a-e897a23b647f?days=1827 "HTTP/1.1 200 OK"
2026-03-14 02:02:47,528 - INFO -   Saved 29 NAV points for MPMP-XXIV
2026-03-14 02:02:48,032 - INFO - [485/615] Syncing fund: MPMP-XXV...
2026-03-14 02:02:49,802 - INFO - HTTP Request: GET https://beta-restapi.sarmaaya.pk/api/mutual-funds/nav-history/87ad5a55-2572-4331-bb4e-c12323d900df?days=1827 "HTTP/1.1 200 OK"
2026-03-14 02:02:51,228 - INFO -   Saved 30 NAV points for MPMP-XXV
2026-03-14 02:02:51,731 - INFO - [486/615] Syncing fund: MPSM...
2026-03-14 02:02:52,750 - INFO - HTTP Request: GET https://beta-restapi.sarmaaya.pk/api/mutual-funds/nav-history/30e49a4d-efb8-48c1-9b3c-39cc467073ee?days=1827 "HTTP/1.1 200 OK"
2026-03-14 02:02:54,504 - INFO -   Saved 1666 NAV points for MPSM
2026-03-14 02:02:55,007 - INFO - [487/615] Syncing fund: MRAF...
2026-03-14 02:02:56,870 - INFO - HTTP Request: GET https://beta-restapi.sarmaaya.pk/api/mutual-funds/nav-history/5385b72f-44fe-4f98-bee3-0f275a05b148?days=1827 "HTTP/1.1 200 OK"
2026-03-14 02:02:58,497 - INFO -   Saved 1666 NAV points for MRAF
2026-03-14 02:02:58,999 - INFO - [488/615] Syncing fund: MSAP-I...
2026-03-14 02:02:59,961 - INFO - HTTP Request: GET https://beta-restapi.sarmaaya.pk/api/mutual-funds/nav-history/027edfe4-d427-44aa-bcf9-d99cc9f19da1?days=1827 "HTTP/1.1 200 OK"
2026-03-14 02:03:01,668 - INFO -   Saved 1588 NAV points for MSAP-I
2026-03-14 02:03:02,173 - INFO - [489/615] Syncing fund: MSAP-II...
2026-03-14 02:03:04,304 - INFO - HTTP Request: GET https://beta-restapi.sarmaaya.pk/api/mutual-funds/nav-history/8ea37a2c-a0b3-4a6a-942b-e51f8b3cc746?days=1827 "HTTP/1.1 200 OK"
2026-03-14 02:03:05,878 - INFO -   Saved 1581 NAV points for MSAP-II
2026-03-14 02:03:06,383 - INFO - [490/615] Syncing fund: MSAP-III...
2026-03-14 02:03:07,308 - INFO - HTTP Request: GET https://beta-restapi.sarmaaya.pk/api/mutual-funds/nav-history/99d6ce35-70b5-41cd-93ed-7e397f7adba7?days=1827 "HTTP/1.1 200 OK"
2026-03-14 02:03:08,943 - INFO -   Saved 1579 NAV points for MSAP-III
2026-03-14 02:03:09,448 - INFO - [491/615] Syncing fund: MSAP-IV...
2026-03-14 02:03:10,584 - INFO - HTTP Request: GET https://beta-restapi.sarmaaya.pk/api/mutual-funds/nav-history/beb27a2f-680e-4425-9e5d-da98497b0643?days=1827 "HTTP/1.1 200 OK"
2026-03-14 02:03:12,493 - INFO -   Saved 1580 NAV points for MSAP-IV
2026-03-14 02:03:12,998 - INFO - [492/615] Syncing fund: MSAP-V...
2026-03-14 02:03:14,009 - INFO - HTTP Request: GET https://beta-restapi.sarmaaya.pk/api/mutual-funds/nav-history/c214b9a5-9edd-45b2-bea6-37ed8204aeba?days=1827 "HTTP/1.1 200 OK"
2026-03-14 02:03:15,633 - INFO -   Saved 1578 NAV points for MSAP-V
2026-03-14 02:03:16,137 - INFO - [493/615] Syncing fund: MSF...
2026-03-14 02:03:17,715 - INFO - HTTP Request: GET https://beta-restapi.sarmaaya.pk/api/mutual-funds/nav-history/291ba484-9b26-49c7-9ff8-2cea7e1b7894?days=1827 "HTTP/1.1 200 OK"
2026-03-14 02:03:19,597 - INFO -   Saved 1665 NAV points for MSF
2026-03-14 02:03:20,102 - INFO - [494/615] Syncing fund: MSSP...
2026-03-14 02:03:21,237 - INFO - HTTP Request: GET https://beta-restapi.sarmaaya.pk/api/mutual-funds/nav-history/bb74d84b-df7c-4b88-9c0f-3c8dee5ee5a3?days=1827 "HTTP/1.1 200 OK"
2026-03-14 02:03:22,870 - INFO -   Saved 559 NAV points for MSSP
2026-03-14 02:03:23,376 - INFO - [495/615] Syncing fund: MTPFC...
2026-03-14 02:03:25,368 - INFO - HTTP Request: GET https://beta-restapi.sarmaaya.pk/api/mutual-funds/nav-history/0bc90775-03d4-4e19-8032-37d840c121d3?days=1827 "HTTP/1.1 200 OK"
2026-03-14 02:03:26,926 - INFO -   Saved 1589 NAV points for MTPFC
2026-03-14 02:03:27,431 - INFO - [496/615] Syncing fund: MTPFD...
2026-03-14 02:03:29,228 - INFO - HTTP Request: GET https://beta-restapi.sarmaaya.pk/api/mutual-funds/nav-history/a4cd7e0a-df7a-4ba7-b618-a7c88235178f?days=1827 "HTTP/1.1 200 OK"
2026-03-14 02:03:30,839 - INFO -   Saved 1632 NAV points for MTPFD
2026-03-14 02:03:31,344 - INFO - [497/615] Syncing fund: MTPFE...
2026-03-14 02:03:32,680 - INFO - HTTP Request: GET https://beta-restapi.sarmaaya.pk/api/mutual-funds/nav-history/8da887e9-1f61-4d78-be61-e1e1bc7ac21d?days=1827 "HTTP/1.1 200 OK"
2026-03-14 02:03:34,263 - INFO -   Saved 1638 NAV points for MTPFE
2026-03-14 02:03:34,766 - INFO - [498/615] Syncing fund: MTPFMM...
2026-03-14 02:03:36,003 - INFO - HTTP Request: GET https://beta-restapi.sarmaaya.pk/api/mutual-funds/nav-history/dba0fd3a-83d2-456b-911f-2313033dd7e4?days=1827 "HTTP/1.1 200 OK"
2026-03-14 02:03:37,572 - INFO -   Saved 1635 NAV points for MTPFMM
2026-03-14 02:03:38,077 - INFO - [499/615] Syncing fund: NAAF...
2026-03-14 02:03:39,948 - INFO - HTTP Request: GET https://beta-restapi.sarmaaya.pk/api/mutual-funds/nav-history/9482a57e-1f9e-4bc5-adb6-6c1f4de6ac52?days=1827 "HTTP/1.1 200 OK"
2026-03-14 02:03:41,612 - INFO -   Saved 1662 NAV points for NAAF
2026-03-14 02:03:42,114 - INFO - [500/615] Syncing fund: NAFAPFD...
2026-03-14 02:03:43,966 - INFO - HTTP Request: GET https://beta-restapi.sarmaaya.pk/api/mutual-funds/nav-history/2c9d1028-93c8-440f-b39e-218cd06e95d2?days=1827 "HTTP/1.1 200 OK"
2026-03-14 02:03:45,706 - INFO -   Saved 1678 NAV points for NAFAPFD
2026-03-14 02:03:46,211 - INFO - [501/615] Syncing fund: NAFAPFE...
2026-03-14 02:03:47,600 - INFO - HTTP Request: GET https://beta-restapi.sarmaaya.pk/api/mutual-funds/nav-history/7f0d07e4-33fe-4dfb-b5cf-c1b60c16a636?days=1827 "HTTP/1.1 200 OK"
2026-03-14 02:03:49,217 - INFO -   Saved 1633 NAV points for NAFAPFE
2026-03-14 02:03:49,720 - INFO - [502/615] Syncing fund: NAFAPFM...
2026-03-14 02:03:51,309 - INFO - HTTP Request: GET https://beta-restapi.sarmaaya.pk/api/mutual-funds/nav-history/1452e31f-65a9-43fb-aab3-0b8bb3e1494e?days=1827 "HTTP/1.1 200 OK"
2026-03-14 02:03:52,879 - INFO -   Saved 1640 NAV points for NAFAPFM
2026-03-14 02:03:53,380 - INFO - [503/615] Syncing fund: NBF...
2026-03-14 02:03:55,666 - INFO - HTTP Request: GET https://beta-restapi.sarmaaya.pk/api/mutual-funds/nav-history/dfcb6593-3035-4c7a-bc17-af20a609624e?days=1827 "HTTP/1.1 200 OK"
2026-03-14 02:03:57,255 - INFO -   Saved 1675 NAV points for NBF
2026-03-14 02:03:57,760 - INFO - [504/615] Syncing fund: NBPIIF...
2026-03-14 02:03:59,231 - INFO - HTTP Request: GET https://beta-restapi.sarmaaya.pk/api/mutual-funds/nav-history/4daf239b-276b-4002-ac49-0847338718bd?days=1827 "HTTP/1.1 200 OK"
2026-03-14 02:04:00,846 - INFO -   Saved 1680 NAV points for NBPIIF
2026-03-14 02:04:01,351 - INFO - [505/615] Syncing fund: NBP-ISF...
2026-03-14 02:04:02,874 - INFO - HTTP Request: GET https://beta-restapi.sarmaaya.pk/api/mutual-funds/nav-history/9ba900b8-4944-44e8-ab4b-e101f235926a?days=1827 "HTTP/1.1 200 OK"
2026-03-14 02:04:04,447 - INFO -   Saved 1696 NAV points for NBP-ISF
2026-03-14 02:04:04,951 - INFO - [506/615] Syncing fund: NBP-SF...
2026-03-14 02:04:06,680 - INFO - HTTP Request: GET https://beta-restapi.sarmaaya.pk/api/mutual-funds/nav-history/85aa1d49-eea2-4d04-a02d-1d73688df964?days=1827 "HTTP/1.1 200 OK"
2026-03-14 02:04:08,357 - INFO -   Saved 1696 NAV points for NBP-SF
2026-03-14 02:04:08,863 - INFO - [507/615] Syncing fund: NCP-I...
2026-03-14 02:04:10,456 - INFO - HTTP Request: GET https://beta-restapi.sarmaaya.pk/api/mutual-funds/nav-history/b65d9d0a-d297-4547-be44-6f5ed2c26b81?days=1827 "HTTP/1.1 200 OK"
2026-03-14 02:04:12,095 - INFO -   Saved 1023 NAV points for NCP-I
2026-03-14 02:04:12,597 - INFO - [508/615] Syncing fund: NCP-II...
2026-03-14 02:04:13,743 - INFO - HTTP Request: GET https://beta-restapi.sarmaaya.pk/api/mutual-funds/nav-history/969ef47c-bf41-48fd-a422-d2b92429def2?days=1827 "HTTP/1.1 200 OK"
2026-03-14 02:04:15,336 - INFO -   Saved 1032 NAV points for NCP-II
2026-03-14 02:04:15,840 - INFO - [509/615] Syncing fund: NFSF...
2026-03-14 02:04:16,752 - INFO - HTTP Request: GET https://beta-restapi.sarmaaya.pk/api/mutual-funds/nav-history/381d254a-ad37-4e82-8d53-f535699d4946?days=1827 "HTTP/1.1 200 OK"
2026-03-14 02:04:18,586 - INFO -   Saved 1676 NAV points for NFSF
2026-03-14 02:04:19,090 - INFO - [510/615] Syncing fund: NFSIF...
2026-03-14 02:04:20,300 - INFO - HTTP Request: GET https://beta-restapi.sarmaaya.pk/api/mutual-funds/nav-history/4d5c9e51-b896-4294-997d-b6a4956019ba?days=1827 "HTTP/1.1 200 OK"
2026-03-14 02:04:22,185 - INFO -   Saved 1667 NAV points for NFSIF
2026-03-14 02:04:22,690 - INFO - [511/615] Syncing fund: NFTMP-IV-A...
2026-03-14 02:04:24,615 - INFO - HTTP Request: GET https://beta-restapi.sarmaaya.pk/api/mutual-funds/nav-history/b1231235-d73d-40e9-b724-65b6509efff3?days=1827 "HTTP/1.1 200 OK"
2026-03-14 02:04:26,151 - INFO -   Saved 255 NAV points for NFTMP-IV-A
2026-03-14 02:04:26,656 - INFO - [512/615] Syncing fund: NFTMP-XIA...
2026-03-14 02:04:28,100 - INFO - HTTP Request: GET https://beta-restapi.sarmaaya.pk/api/mutual-funds/nav-history/85fcd91b-f8be-4016-8283-7bac6e13509c?days=1827 "HTTP/1.1 200 OK"
2026-03-14 02:04:29,533 - INFO -   Saved 67 NAV points for NFTMP-XIA
2026-03-14 02:04:30,039 - INFO - [513/615] Syncing fund: NFTMP-XIX...
2026-03-14 02:04:31,136 - INFO - HTTP Request: GET https://beta-restapi.sarmaaya.pk/api/mutual-funds/nav-history/b19b50f8-636b-4aab-a097-e105ba41a46c?days=1827 "HTTP/1.1 200 OK"
2026-03-14 02:04:32,404 - INFO -   Saved 379 NAV points for NFTMP-XIX
2026-03-14 02:04:32,906 - INFO - [514/615] Syncing fund: NFTMP-XVA...
2026-03-14 02:04:34,281 - INFO - HTTP Request: GET https://beta-restapi.sarmaaya.pk/api/mutual-funds/nav-history/cc34d24e-1150-47f4-b7dd-49fffe552a21?days=1827 "HTTP/1.1 200 OK"
2026-03-14 02:04:35,573 - INFO -   Saved 165 NAV points for NFTMP-XVA
2026-03-14 02:04:36,078 - INFO - [515/615] Syncing fund: NGBF...
2026-03-14 02:04:37,169 - INFO - HTTP Request: GET https://beta-restapi.sarmaaya.pk/api/mutual-funds/nav-history/8d9c9067-03bc-4b75-9836-3051d8e7b558?days=1827 "HTTP/1.1 200 OK"
2026-03-14 02:04:39,441 - INFO -   Saved 1655 NAV points for NGBF
2026-03-14 02:04:39,946 - INFO - [516/615] Syncing fund: NGETF...
2026-03-14 02:04:41,892 - INFO - HTTP Request: GET https://beta-restapi.sarmaaya.pk/api/mutual-funds/nav-history/1bb0785f-307c-4233-b48b-6d6acf876e0b?days=1827 "HTTP/1.1 200 OK"
2026-03-14 02:04:43,261 - INFO -   Saved 813 NAV points for NGETF
2026-03-14 02:04:43,765 - INFO - [517/615] Syncing fund: NGSLF...
2026-03-14 02:04:45,606 - INFO - HTTP Request: GET https://beta-restapi.sarmaaya.pk/api/mutual-funds/nav-history/18e6e9d9-8715-4a6d-99ca-85adada381ad?days=1827 "HTTP/1.1 200 OK"
2026-03-14 02:04:47,357 - INFO -   Saved 1675 NAV points for NGSLF
2026-03-14 02:04:47,863 - INFO - [518/615] Syncing fund: NGSP-IV...
2026-03-14 02:04:48,660 - INFO - HTTP Request: GET https://beta-restapi.sarmaaya.pk/api/mutual-funds/nav-history/91dd949b-426f-408f-9d6f-980e547b5985?days=1827 "HTTP/1.1 200 OK"
2026-03-14 02:04:50,020 - INFO -   Saved 915 NAV points for NGSP-IV
2026-03-14 02:04:50,525 - INFO - [519/615] Syncing fund: NGSP-VIII...
2026-03-14 02:04:51,836 - INFO - HTTP Request: GET https://beta-restapi.sarmaaya.pk/api/mutual-funds/nav-history/fc74dcbb-478a-449d-8f5d-b6e473c67f3e?days=1827 "HTTP/1.1 200 OK"
2026-03-14 02:04:53,393 - INFO -   Saved 204 NAV points for NGSP-VIII
2026-03-14 02:04:53,898 - INFO - [520/615] Syncing fund: NGSSF...
2026-03-14 02:04:55,739 - INFO - HTTP Request: GET https://beta-restapi.sarmaaya.pk/api/mutual-funds/nav-history/00f0b555-be01-4880-9606-a04820d3bfcb?days=1827 "HTTP/1.1 200 OK"
2026-03-14 02:04:57,590 - INFO -   Saved 1679 NAV points for NGSSF
2026-03-14 02:04:58,096 - INFO - [521/615] Syncing fund: NICMM...
2026-03-14 02:05:00,360 - INFO - HTTP Request: GET https://beta-restapi.sarmaaya.pk/api/mutual-funds/nav-history/a0d07db8-5e76-45bd-b205-c0bcc6866c71?days=1827 "HTTP/1.1 200 OK"
2026-03-14 02:05:02,506 - INFO -   Saved 1686 NAV points for NICMM
2026-03-14 02:05:03,007 - INFO - [522/615] Syncing fund: NIDDF...
2026-03-14 02:05:04,274 - INFO - HTTP Request: GET https://beta-restapi.sarmaaya.pk/api/mutual-funds/nav-history/790b56ef-de96-48a0-815a-d36bc35714f4?days=1827 "HTTP/1.1 200 OK"
2026-03-14 02:05:05,992 - INFO -   Saved 1695 NAV points for NIDDF
2026-03-14 02:05:06,496 - INFO - [523/615] Syncing fund: NIEF...
2026-03-14 02:05:08,076 - INFO - HTTP Request: GET https://beta-restapi.sarmaaya.pk/api/mutual-funds/nav-history/3a078ef1-5b12-4323-8459-97999acd9780?days=1827 "HTTP/1.1 200 OK"
2026-03-14 02:05:09,709 - INFO -   Saved 1676 NAV points for NIEF
2026-03-14 02:05:10,216 - INFO - [524/615] Syncing fund: NIF...
2026-03-14 02:05:11,804 - INFO - HTTP Request: GET https://beta-restapi.sarmaaya.pk/api/mutual-funds/nav-history/ee61e6fa-c3ce-494e-ac4b-76e2cb4198a8?days=1827 "HTTP/1.1 200 OK"
2026-03-14 02:05:13,428 - INFO -   Saved 1657 NAV points for NIF
2026-03-14 02:05:13,932 - INFO - [525/615] Syncing fund: NIGSP-III...
2026-03-14 02:05:15,659 - INFO - HTTP Request: GET https://beta-restapi.sarmaaya.pk/api/mutual-funds/nav-history/1e2c5692-014a-477c-8d2f-dbb1234fd319?days=1827 "HTTP/1.1 200 OK"
2026-03-14 02:05:16,907 - INFO -   Saved 662 NAV points for NIGSP-III
2026-03-14 02:05:17,413 - INFO - [526/615] Syncing fund: NIIF...
2026-03-14 02:05:19,435 - INFO - HTTP Request: GET https://beta-restapi.sarmaaya.pk/api/mutual-funds/nav-history/0e21fa03-80de-4e66-aa75-be5b04bc9e35?days=1827 "HTTP/1.1 200 OK"
2026-03-14 02:05:21,026 - INFO -   Saved 1656 NAV points for NIIF
2026-03-14 02:05:21,529 - INFO - [527/615] Syncing fund: NIMAF...
2026-03-14 02:05:23,274 - INFO - HTTP Request: GET https://beta-restapi.sarmaaya.pk/api/mutual-funds/nav-history/1f240308-7ff7-4ef9-99fc-242c27a0aeb0?days=1827 "HTTP/1.1 200 OK"
2026-03-14 02:05:24,844 - INFO -   Saved 1680 NAV points for NIMAF
2026-03-14 02:05:25,349 - INFO - [528/615] Syncing fund: NIMMF...
2026-03-14 02:05:27,355 - INFO - HTTP Request: GET https://beta-restapi.sarmaaya.pk/api/mutual-funds/nav-history/1f0596a6-3c9f-4783-9bef-e0dd1dc67e0b?days=1827 "HTTP/1.1 200 OK"
2026-03-14 02:05:29,503 - INFO -   Saved 1498 NAV points for NIMMF
2026-03-14 02:05:30,008 - INFO - [529/615] Syncing fund: NIOF...
2026-03-14 02:05:31,848 - INFO - HTTP Request: GET https://beta-restapi.sarmaaya.pk/api/mutual-funds/nav-history/420ab986-707a-427b-9665-75e42150c3ed?days=1827 "HTTP/1.1 200 OK"
2026-03-14 02:05:33,539 - INFO -   Saved 1671 NAV points for NIOF
2026-03-14 02:05:34,047 - INFO - [530/615] Syncing fund: NIPD...
2026-03-14 02:05:35,520 - INFO - HTTP Request: GET https://beta-restapi.sarmaaya.pk/api/mutual-funds/nav-history/6990e030-8a48-434f-a611-13adc29f6a94?days=1827 "HTTP/1.1 200 OK"
2026-03-14 02:05:38,159 - INFO -   Saved 1669 NAV points for NIPD
2026-03-14 02:05:38,664 - INFO - [531/615] Syncing fund: NIPE...
2026-03-14 02:05:40,139 - INFO - HTTP Request: GET https://beta-restapi.sarmaaya.pk/api/mutual-funds/nav-history/82892774-289c-45a9-beb2-855fa35fc9e9?days=1827 "HTTP/1.1 200 OK"
2026-03-14 02:05:41,712 - INFO -   Saved 1675 NAV points for NIPE
2026-03-14 02:05:42,217 - INFO - [532/615] Syncing fund: NIPFD...
2026-03-14 02:05:43,615 - INFO - HTTP Request: GET https://beta-restapi.sarmaaya.pk/api/mutual-funds/nav-history/b7f62df8-577f-420b-9cb0-d875d0991b1e?days=1827 "HTTP/1.1 200 OK"
2026-03-14 02:05:45,180 - INFO -   Saved 1625 NAV points for NIPFD
2026-03-14 02:05:45,683 - INFO - [533/615] Syncing fund: NIPFE...
2026-03-14 02:05:46,715 - INFO - HTTP Request: GET https://beta-restapi.sarmaaya.pk/api/mutual-funds/nav-history/f42c565f-f70e-4d8b-bb62-857fdd5b4d96?days=1827 "HTTP/1.1 200 OK"
2026-03-14 02:05:48,307 - INFO -   Saved 1625 NAV points for NIPFE
2026-03-14 02:05:48,812 - INFO - [534/615] Syncing fund: NIPFM...
2026-03-14 02:05:50,423 - INFO - HTTP Request: GET https://beta-restapi.sarmaaya.pk/api/mutual-funds/nav-history/79f62161-25cb-46a7-b7ac-71cbbda37fc0?days=1827 "HTTP/1.1 200 OK"
2026-03-14 02:05:52,067 - INFO -   Saved 1625 NAV points for NIPFM
2026-03-14 02:05:52,572 - INFO - [535/615] Syncing fund: NIP-I...
2026-03-14 02:05:53,580 - INFO - HTTP Request: GET https://beta-restapi.sarmaaya.pk/api/mutual-funds/nav-history/5e16ef3b-9a73-4665-b9b1-7e6b57bca98f?days=1827 "HTTP/1.1 200 OK"
2026-03-14 02:05:55,121 - INFO -   Saved 1038 NAV points for NIP-I
2026-03-14 02:05:55,625 - INFO - [536/615] Syncing fund: NIPMM...
2026-03-14 02:05:57,335 - INFO - HTTP Request: GET https://beta-restapi.sarmaaya.pk/api/mutual-funds/nav-history/1f36a6cf-e7b9-48d1-905b-984d39f8b9ca?days=1827 "HTTP/1.1 200 OK"
2026-03-14 02:05:58,928 - INFO -   Saved 1666 NAV points for NIPMM
2026-03-14 02:05:59,433 - INFO - [537/615] Syncing fund: NISF...
2026-03-14 02:06:00,992 - INFO - HTTP Request: GET https://beta-restapi.sarmaaya.pk/api/mutual-funds/nav-history/c685351e-ff4c-4b06-b89c-d8c7b67a82aa?days=1827 "HTTP/1.1 200 OK"
2026-03-14 02:06:02,592 - INFO -   Saved 1676 NAV points for NISF
2026-03-14 02:06:03,098 - INFO - [538/615] Syncing fund: NISIF...
2026-03-14 02:06:03,994 - INFO - HTTP Request: GET https://beta-restapi.sarmaaya.pk/api/mutual-funds/nav-history/2dfc19d8-e323-4626-bf94-7241edaf533e?days=1827 "HTTP/1.1 200 OK"
2026-03-14 02:06:05,704 - INFO -   Saved 1671 NAV points for NISIF
2026-03-14 02:06:06,209 - INFO - [539/615] Syncing fund: NITGETF...
2026-03-14 02:06:07,281 - INFO - HTTP Request: GET https://beta-restapi.sarmaaya.pk/api/mutual-funds/nav-history/44750c57-cd55-411f-aca5-487890a4f402?days=1827 "HTTP/1.1 200 OK"
2026-03-14 02:06:08,596 - INFO -   Saved 817 NAV points for NITGETF
2026-03-14 02:06:09,101 - INFO - [540/615] Syncing fund: NIT-IEF...
2026-03-14 02:06:11,270 - INFO - HTTP Request: GET https://beta-restapi.sarmaaya.pk/api/mutual-funds/nav-history/e62c5e81-5870-4367-a61d-f9f5a6c9f4ae?days=1827 "HTTP/1.1 200 OK"
2026-03-14 02:06:13,059 - INFO -   Saved 451 NAV points for NIT-IEF
2026-03-14 02:06:13,563 - INFO - [541/615] Syncing fund: NIT-KPIPF...
2026-03-14 02:06:15,089 - INFO - HTTP Request: GET https://beta-restapi.sarmaaya.pk/api/mutual-funds/nav-history/1d10ff44-ee06-4f3f-929e-d2dbd3535748?days=1827 "HTTP/1.1 200 OK"
2026-03-14 02:06:16,330 - INFO -   Saved 654 NAV points for NIT-KPIPF
2026-03-14 02:06:16,839 - INFO - [542/615] Syncing fund: NIT-KPPF...
2026-03-14 02:06:18,503 - INFO - HTTP Request: GET https://beta-restapi.sarmaaya.pk/api/mutual-funds/nav-history/ce5f7c5f-65b0-4473-9662-6efb8666ea78?days=1827 "HTTP/1.1 200 OK"
2026-03-14 02:06:19,944 - INFO -   Saved 653 NAV points for NIT-KPPF
2026-03-14 02:06:20,447 - INFO - [543/615] Syncing fund: NIT-SIF...
2026-03-14 02:06:22,292 - INFO - HTTP Request: GET https://beta-restapi.sarmaaya.pk/api/mutual-funds/nav-history/f9becf5a-c9a9-41f0-9b6a-d9c774b6e584?days=1827 "HTTP/1.1 200 OK"
2026-03-14 02:06:23,975 - INFO -   Saved 1270 NAV points for NIT-SIF
2026-03-14 02:06:24,479 - INFO - [544/615] Syncing fund: NIUT...
2026-03-14 02:06:26,439 - INFO - HTTP Request: GET https://beta-restapi.sarmaaya.pk/api/mutual-funds/nav-history/5c81ea48-2e88-4556-91dd-74c975047528?days=1827 "HTTP/1.1 200 OK"
2026-03-14 02:06:28,320 - INFO -   Saved 1658 NAV points for NIUT
2026-03-14 02:06:28,822 - INFO - [545/615] Syncing fund: NMAF...
2026-03-14 02:06:30,053 - INFO - HTTP Request: GET https://beta-restapi.sarmaaya.pk/api/mutual-funds/nav-history/b151f109-cd94-49ff-92b4-a663a8b504a4?days=1827 "HTTP/1.1 200 OK"
2026-03-14 02:06:31,906 - INFO -   Saved 1674 NAV points for NMAF
2026-03-14 02:06:32,409 - INFO - [546/615] Syncing fund: NMMF...
2026-03-14 02:06:33,894 - INFO - HTTP Request: GET https://beta-restapi.sarmaaya.pk/api/mutual-funds/nav-history/f33db54f-7d15-4f54-aa0a-e4090ed63570?days=1827 "HTTP/1.1 200 OK"
2026-03-14 02:06:35,824 - INFO -   Saved 1692 NAV points for NMMF
2026-03-14 02:06:36,325 - INFO - [547/615] Syncing fund: NMMFM...
2026-03-14 02:06:38,095 - INFO - HTTP Request: GET https://beta-restapi.sarmaaya.pk/api/mutual-funds/nav-history/53385475-2a33-4506-9045-9252540cfc23?days=1827 "HTTP/1.1 200 OK"
2026-03-14 02:06:39,881 - INFO -   Saved 1681 NAV points for NMMFM
2026-03-14 02:06:40,386 - INFO - [548/615] Syncing fund: NPFC...
2026-03-14 02:06:42,445 - INFO - HTTP Request: GET https://beta-restapi.sarmaaya.pk/api/mutual-funds/nav-history/11d9226c-8bbd-4747-bdbd-f8eda94f4806?days=1827 "HTTP/1.1 200 OK"
2026-03-14 02:06:44,026 - INFO -   Saved 1476 NAV points for NPFC
2026-03-14 02:06:44,531 - INFO - [549/615] Syncing fund: NPFD...
2026-03-14 02:06:46,723 - INFO - HTTP Request: GET https://beta-restapi.sarmaaya.pk/api/mutual-funds/nav-history/d9baef9a-727d-4800-863d-8b7d4d61ff76?days=1827 "HTTP/1.1 200 OK"
2026-03-14 02:06:48,391 - INFO -   Saved 1626 NAV points for NPFD
2026-03-14 02:06:48,894 - INFO - [550/615] Syncing fund: NPFE...
2026-03-14 02:06:51,099 - INFO - HTTP Request: GET https://beta-restapi.sarmaaya.pk/api/mutual-funds/nav-history/8d1c942e-a58f-4548-a566-2db2bced2ae7?days=1827 "HTTP/1.1 200 OK"
2026-03-14 02:06:52,906 - INFO -   Saved 1625 NAV points for NPFE
2026-03-14 02:06:53,411 - INFO - [551/615] Syncing fund: NPFM...
2026-03-14 02:06:56,137 - INFO - HTTP Request: GET https://beta-restapi.sarmaaya.pk/api/mutual-funds/nav-history/2abc3ced-6551-48f5-8c29-c9c180e6f0ad?days=1827 "HTTP/1.1 200 OK"
2026-03-14 02:06:57,800 - INFO -   Saved 1626 NAV points for NPFM
2026-03-14 02:06:58,300 - INFO - [552/615] Syncing fund: NRFSF...
2026-03-14 02:07:00,061 - INFO - HTTP Request: GET https://beta-restapi.sarmaaya.pk/api/mutual-funds/nav-history/af8b0c43-5226-4654-a201-542ead3cd031?days=1827 "HTTP/1.1 200 OK"
2026-03-14 02:07:01,691 - INFO -   Saved 1674 NAV points for NRFSF
2026-03-14 02:07:02,195 - INFO - [553/615] Syncing fund: NSF...
2026-03-14 02:07:03,357 - INFO - HTTP Request: GET https://beta-restapi.sarmaaya.pk/api/mutual-funds/nav-history/34ffaecf-8342-4977-9f66-453f9218afdb?days=1827 "HTTP/1.1 200 OK"
2026-03-14 02:07:04,969 - INFO -   Saved 1667 NAV points for NSF
2026-03-14 02:07:05,475 - INFO - [554/615] Syncing fund: NSIF...
2026-03-14 02:07:06,985 - INFO - HTTP Request: GET https://beta-restapi.sarmaaya.pk/api/mutual-funds/nav-history/abe9f12c-35ab-4fd6-9fda-4ad4a124354a?days=1827 "HTTP/1.1 200 OK"
2026-03-14 02:07:08,662 - INFO -   Saved 1673 NAV points for NSIF
2026-03-14 02:07:09,167 - INFO - [555/615] Syncing fund: PCF...
2026-03-14 02:07:10,714 - INFO - HTTP Request: GET https://beta-restapi.sarmaaya.pk/api/mutual-funds/nav-history/74558215-fadd-43b0-90f1-19e88458608b?days=1827 "HTTP/1.1 200 OK"
2026-03-14 02:07:12,553 - INFO -   Saved 1675 NAV points for PCF
2026-03-14 02:07:13,058 - INFO - [556/615] Syncing fund: PCM...
2026-03-14 02:07:15,229 - INFO - HTTP Request: GET https://beta-restapi.sarmaaya.pk/api/mutual-funds/nav-history/51e1f8f0-79d8-4ab6-bf29-cf4d55947cba?days=1827 "HTTP/1.1 200 OK"
2026-03-14 02:07:16,953 - INFO -   Saved 1666 NAV points for PCM
2026-03-14 02:07:17,458 - INFO - [557/615] Syncing fund: PIEF...
2026-03-14 02:07:19,649 - INFO - HTTP Request: GET https://beta-restapi.sarmaaya.pk/api/mutual-funds/nav-history/65b1a8d7-249b-408b-b002-45b8a2567c15?days=1827 "HTTP/1.1 200 OK"
2026-03-14 02:07:21,257 - INFO -   Saved 1666 NAV points for PIEF
2026-03-14 02:07:21,762 - INFO - [558/615] Syncing fund: PIF...
2026-03-14 02:07:23,380 - INFO - HTTP Request: GET https://beta-restapi.sarmaaya.pk/api/mutual-funds/nav-history/957bdbd9-c9f9-4084-a95f-ef66a0a2c4ea?days=1827 "HTTP/1.1 200 OK"
2026-03-14 02:07:25,149 - INFO -   Saved 1665 NAV points for PIF
2026-03-14 02:07:25,650 - INFO - [559/615] Syncing fund: POAAAF...
2026-03-14 02:07:26,860 - INFO - HTTP Request: GET https://beta-restapi.sarmaaya.pk/api/mutual-funds/nav-history/76e97248-0b10-4b5f-8dee-c446f60d6b06?days=1827 "HTTP/1.1 200 OK"
2026-03-14 02:07:28,527 - INFO -   Saved 1676 NAV points for POAAAF
2026-03-14 02:07:29,033 - INFO - [560/615] Syncing fund: POAIIF...
2026-03-14 02:07:30,389 - INFO - HTTP Request: GET https://beta-restapi.sarmaaya.pk/api/mutual-funds/nav-history/f01e3d36-d05b-4847-999f-0d827d3d506d?days=1827 "HTTP/1.1 200 OK"
2026-03-14 02:07:32,321 - INFO -   Saved 1678 NAV points for POAIIF
2026-03-14 02:07:32,824 - INFO - [561/615] Syncing fund: PODDF...
2026-03-14 02:07:33,854 - INFO - HTTP Request: GET https://beta-restapi.sarmaaya.pk/api/mutual-funds/nav-history/c8eee24e-dbd0-478a-ab4b-6dca8c307584?days=1827 "HTTP/1.1 200 OK"
2026-03-14 02:07:35,713 - INFO -   Saved 1418 NAV points for PODDF
2026-03-14 02:07:36,226 - INFO - [562/615] Syncing fund: POIAAF...
2026-03-14 02:07:37,109 - INFO - HTTP Request: GET https://beta-restapi.sarmaaya.pk/api/mutual-funds/nav-history/2091f546-3549-486e-a905-6d9fa2bc546c?days=1827 "HTTP/1.1 200 OK"
2026-03-14 02:07:38,799 - INFO -   Saved 1677 NAV points for POIAAF
2026-03-14 02:07:39,302 - INFO - [563/615] Syncing fund: POIF...
2026-03-14 02:07:40,260 - INFO - HTTP Request: GET https://beta-restapi.sarmaaya.pk/api/mutual-funds/nav-history/0145fd6c-11e8-4d17-9f21-5c968ae85794?days=1827 "HTTP/1.1 200 OK"
2026-03-14 02:07:41,840 - INFO -   Saved 1678 NAV points for POIF
2026-03-14 02:07:42,346 - INFO - [564/615] Syncing fund: POMFF...
2026-03-14 02:07:44,017 - INFO - HTTP Request: GET https://beta-restapi.sarmaaya.pk/api/mutual-funds/nav-history/550d9de4-3f08-4416-8657-71331210bd5d?days=1827 "HTTP/1.1 200 OK"
2026-03-14 02:07:45,242 - INFO -   Saved 552 NAV points for POMFF
2026-03-14 02:07:45,747 - INFO - [565/615] Syncing fund: PPFD...
2026-03-14 02:07:46,693 - INFO - HTTP Request: GET https://beta-restapi.sarmaaya.pk/api/mutual-funds/nav-history/4fe1d97b-fe56-4906-8e2f-3b88b7d9b304?days=1827 "HTTP/1.1 200 OK"
2026-03-14 02:07:48,285 - INFO -   Saved 1663 NAV points for PPFD
2026-03-14 02:07:48,787 - INFO - [566/615] Syncing fund: PPFE...
2026-03-14 02:07:50,303 - INFO - HTTP Request: GET https://beta-restapi.sarmaaya.pk/api/mutual-funds/nav-history/588f65fb-69cf-44b2-a7ad-5a186dc7effa?days=1827 "HTTP/1.1 200 OK"
2026-03-14 02:07:51,942 - INFO -   Saved 1665 NAV points for PPFE
2026-03-14 02:07:52,443 - INFO - [567/615] Syncing fund: PPFMM...
2026-03-14 02:07:53,811 - INFO - HTTP Request: GET https://beta-restapi.sarmaaya.pk/api/mutual-funds/nav-history/f52dacfe-68b0-4b4e-94b2-ae67b49d0190?days=1827 "HTTP/1.1 200 OK"
2026-03-14 02:07:55,371 - INFO -   Saved 1665 NAV points for PPFMM
2026-03-14 02:07:55,875 - INFO - [568/615] Syncing fund: PQAAP-IA...
2026-03-14 02:07:57,809 - INFO - HTTP Request: GET https://beta-restapi.sarmaaya.pk/api/mutual-funds/nav-history/fe9c0ed3-431c-4dda-b339-f46a41c3fa9e?days=1827 "HTTP/1.1 200 OK"
2026-03-14 02:07:59,034 - INFO -   Saved 352 NAV points for PQAAP-IA
2026-03-14 02:07:59,535 - INFO - [569/615] Syncing fund: PQAAP-IIA...
2026-03-14 02:08:00,644 - INFO - HTTP Request: GET https://beta-restapi.sarmaaya.pk/api/mutual-funds/nav-history/45983258-8abf-42bc-bb2d-20589fca879b?days=1827 "HTTP/1.1 200 OK"
2026-03-14 02:08:01,851 - INFO -   Saved 351 NAV points for PQAAP-IIA
2026-03-14 02:08:02,356 - INFO - [570/615] Syncing fund: PQAAP -III...
2026-03-14 02:08:04,141 - INFO - HTTP Request: GET https://beta-restapi.sarmaaya.pk/api/mutual-funds/nav-history/9443e6fb-fdb9-4dfb-9076-7bddd245ab43?days=1827 "HTTP/1.1 200 OK"
2026-03-14 02:08:05,515 - INFO -   Saved 349 NAV points for PQAAP -III
2026-03-14 02:08:06,022 - INFO - [571/615] Syncing fund: PQAMP...
2026-03-14 02:08:07,597 - INFO - HTTP Request: GET https://beta-restapi.sarmaaya.pk/api/mutual-funds/nav-history/b6a0992f-8d25-4d3a-91bc-33bdf298a8c5?days=1827 "HTTP/1.1 200 OK"
2026-03-14 02:08:09,278 - INFO -   Saved 1167 NAV points for PQAMP
2026-03-14 02:08:09,783 - INFO - [572/615] Syncing fund: PQCP...
2026-03-14 02:08:11,813 - INFO - HTTP Request: GET https://beta-restapi.sarmaaya.pk/api/mutual-funds/nav-history/37353944-8a55-4701-877f-7b10a840e2ca?days=1827 "HTTP/1.1 200 OK"
2026-03-14 02:08:13,350 - INFO -   Saved 1167 NAV points for PQCP
2026-03-14 02:08:13,855 - INFO - [573/615] Syncing fund: PQDDP...
2026-03-14 02:08:15,913 - INFO - HTTP Request: GET https://beta-restapi.sarmaaya.pk/api/mutual-funds/nav-history/8c0f265f-fe05-43f3-a2d8-3c1fd3de82e8?days=1827 "HTTP/1.1 200 OK"
2026-03-14 02:08:17,498 - INFO -   Saved 1168 NAV points for PQDDP
2026-03-14 02:08:18,002 - INFO - [574/615] Syncing fund: PQIP...
2026-03-14 02:08:19,565 - INFO - HTTP Request: GET https://beta-restapi.sarmaaya.pk/api/mutual-funds/nav-history/aae36913-8709-4966-8365-fedce8185874?days=1827 "HTTP/1.1 200 OK"
2026-03-14 02:08:21,119 - INFO -   Saved 1147 NAV points for PQIP
2026-03-14 02:08:21,620 - INFO - [575/615] Syncing fund: PQIPFD...
2026-03-14 02:08:23,044 - INFO - HTTP Request: GET https://beta-restapi.sarmaaya.pk/api/mutual-funds/nav-history/42500eab-1f6d-4ca3-a8f7-bacd7de03d4c?days=1827 "HTTP/1.1 200 OK"
2026-03-14 02:08:24,589 - INFO -   Saved 1076 NAV points for PQIPFD
2026-03-14 02:08:25,091 - INFO - [576/615] Syncing fund: PQIPFE...
2026-03-14 02:08:27,287 - INFO - HTTP Request: GET https://beta-restapi.sarmaaya.pk/api/mutual-funds/nav-history/4a965087-f880-47a4-8534-9d7a85b60b43?days=1827 "HTTP/1.1 200 OK"
2026-03-14 02:08:28,841 - INFO -   Saved 1079 NAV points for PQIPFE
2026-03-14 02:08:29,343 - INFO - [577/615] Syncing fund: PQIPFM...
2026-03-14 02:08:31,371 - INFO - HTTP Request: GET https://beta-restapi.sarmaaya.pk/api/mutual-funds/nav-history/2dc97a3e-acce-4769-940f-33c5bfede555?days=1827 "HTTP/1.1 200 OK"
2026-03-14 02:08:32,956 - INFO -   Saved 1077 NAV points for PQIPFM
2026-03-14 02:08:33,486 - INFO - [578/615] Syncing fund: PQISF...
2026-03-14 02:08:36,029 - INFO - HTTP Request: GET https://beta-restapi.sarmaaya.pk/api/mutual-funds/nav-history/7aef1d76-2c69-460d-a909-b01479ae2664?days=1827 "HTTP/1.1 200 OK"
2026-03-14 02:08:37,646 - INFO -   Saved 1152 NAV points for PQISF
2026-03-14 02:08:38,150 - INFO - [579/615] Syncing fund: PQKBP...
2026-03-14 02:08:39,027 - INFO - HTTP Request: GET https://beta-restapi.sarmaaya.pk/api/mutual-funds/nav-history/f089a46e-ddce-4f6a-9b66-36c902184fe5?days=1827 "HTTP/1.1 200 OK"
2026-03-14 02:08:40,712 - INFO -   Saved 1143 NAV points for PQKBP
2026-03-14 02:08:41,221 - INFO - [580/615] Syncing fund: PQMIP...
2026-03-14 02:08:43,327 - INFO - HTTP Request: GET https://beta-restapi.sarmaaya.pk/api/mutual-funds/nav-history/d425d0d0-eb73-45bb-b2cc-fc4e15aedc07?days=1827 "HTTP/1.1 200 OK"
2026-03-14 02:08:45,021 - INFO -   Saved 1139 NAV points for PQMIP
2026-03-14 02:08:45,524 - INFO - [581/615] Syncing fund: SEHL...
2026-03-14 02:08:47,577 - INFO - HTTP Request: GET https://beta-restapi.sarmaaya.pk/api/mutual-funds/nav-history/59388468-886e-43d6-9bcd-3d31015ad484?days=1827 "HTTP/1.1 200 OK"
2026-03-14 02:08:48,842 - INFO -   Saved 880 NAV points for SEHL
2026-03-14 02:08:49,346 - INFO - [582/615] Syncing fund: UAAF...
2026-03-14 02:08:50,493 - INFO - HTTP Request: GET https://beta-restapi.sarmaaya.pk/api/mutual-funds/nav-history/117df805-ad76-4bb2-a472-d504aca8950e?days=1827 "HTTP/1.1 200 OK"
2026-03-14 02:08:52,065 - INFO -   Saved 1640 NAV points for UAAF
2026-03-14 02:08:52,568 - INFO - [583/615] Syncing fund: UBLKPK...
2026-03-14 02:08:54,116 - INFO - HTTP Request: GET https://beta-restapi.sarmaaya.pk/api/mutual-funds/nav-history/c8326e68-a90e-4f34-8808-177a758909ce?days=1827 "HTTP/1.1 200 OK"
2026-03-14 02:08:55,349 - INFO -   Saved 663 NAV points for UBLKPK
2026-03-14 02:08:55,849 - INFO - [584/615] Syncing fund: UCF...
2026-03-14 02:08:57,922 - INFO - HTTP Request: GET https://beta-restapi.sarmaaya.pk/api/mutual-funds/nav-history/69c22d52-84cc-4b94-85e5-29fe08abadfe?days=1827 "HTTP/1.1 200 OK"
2026-03-14 02:08:59,665 - INFO -   Saved 1686 NAV points for UCF
2026-03-14 02:09:00,177 - INFO - [585/615] Syncing fund: UETF...
2026-03-14 02:09:03,227 - INFO - HTTP Request: GET https://beta-restapi.sarmaaya.pk/api/mutual-funds/nav-history/4f3d12c5-0d97-42a9-be44-4412b71448b5?days=1827 "HTTP/1.1 200 OK"
2026-03-14 02:09:04,489 - INFO -   Saved 713 NAV points for UETF
2026-03-14 02:09:04,993 - INFO - [586/615] Syncing fund: UFRP-II-AB...
2026-03-14 02:09:07,052 - INFO - HTTP Request: GET https://beta-restapi.sarmaaya.pk/api/mutual-funds/nav-history/dc473672-e1be-42ad-8d63-03cf4ce3f33a?days=1827 "HTTP/1.1 200 OK"
2026-03-14 02:09:08,273 - INFO -   Saved 247 NAV points for UFRP-II-AB
2026-03-14 02:09:08,774 - INFO - [587/615] Syncing fund: UFRP-III-S...
2026-03-14 02:09:10,331 - INFO - HTTP Request: GET https://beta-restapi.sarmaaya.pk/api/mutual-funds/nav-history/bc3d751b-9bc5-4fdf-abb4-430d43c15fc8?days=1827 "HTTP/1.1 200 OK"
2026-03-14 02:09:11,544 - INFO -   Saved 196 NAV points for UFRP-III-S
2026-03-14 02:09:12,049 - INFO - [588/615] Syncing fund: UFRP-III-X...
2026-03-14 02:09:14,105 - INFO - HTTP Request: GET https://beta-restapi.sarmaaya.pk/api/mutual-funds/nav-history/65014e16-04fb-441c-a6d6-78356af20d68?days=1827 "HTTP/1.1 200 OK"
2026-03-14 02:09:15,310 - INFO -   Saved 281 NAV points for UFRP-III-X
2026-03-14 02:09:15,815 - INFO - [589/615] Syncing fund: UFRP-III-Y...
2026-03-14 02:09:17,196 - INFO - HTTP Request: GET https://beta-restapi.sarmaaya.pk/api/mutual-funds/nav-history/5cbef04d-dd2a-4b21-acea-35ac634202a6?days=1827 "HTTP/1.1 200 OK"
2026-03-14 02:09:18,412 - INFO -   Saved 242 NAV points for UFRP-III-Y
2026-03-14 02:09:18,918 - INFO - [590/615] Syncing fund: UFRP-III-Z...
2026-03-14 02:09:20,829 - INFO - HTTP Request: GET https://beta-restapi.sarmaaya.pk/api/mutual-funds/nav-history/9513952f-f2fe-4e27-be57-3c0936dd44bb?days=1827 "HTTP/1.1 200 OK"
2026-03-14 02:09:22,082 - INFO -   Saved 207 NAV points for UFRP-III-Z
2026-03-14 02:09:22,583 - INFO - [591/615] Syncing fund: UFRP-II-M...
2026-03-14 02:09:24,428 - INFO - HTTP Request: GET https://beta-restapi.sarmaaya.pk/api/mutual-funds/nav-history/68607c36-1fd4-4041-bb1f-229420a67d11?days=1827 "HTTP/1.1 200 OK"
2026-03-14 02:09:25,692 - INFO -   Saved 492 NAV points for UFRP-II-M
2026-03-14 02:09:26,192 - INFO - [592/615] Syncing fund: UFRP-II-U...
2026-03-14 02:09:27,552 - INFO - HTTP Request: GET https://beta-restapi.sarmaaya.pk/api/mutual-funds/nav-history/29b9bb94-9d30-46ea-9876-cce3e79058e8?days=1827 "HTTP/1.1 200 OK"
2026-03-14 02:09:28,941 - INFO -   Saved 216 NAV points for UFRP-II-U
2026-03-14 02:09:29,446 - INFO - [593/615] Syncing fund: UFRP-II-Y...
2026-03-14 02:09:31,305 - INFO - HTTP Request: GET https://beta-restapi.sarmaaya.pk/api/mutual-funds/nav-history/c5211840-22c8-41e2-b668-ba33a8199286?days=1827 "HTTP/1.1 200 OK"
2026-03-14 02:09:32,501 - INFO -   Saved 100 NAV points for UFRP-II-Y
2026-03-14 02:09:33,007 - INFO - [594/615] Syncing fund: UFRP-I-U...
2026-03-14 02:09:34,896 - INFO - HTTP Request: GET https://beta-restapi.sarmaaya.pk/api/mutual-funds/nav-history/82f49ea4-61c8-4870-8e7b-babb662b174d?days=1827 "HTTP/1.1 200 OK"
2026-03-14 02:09:36,101 - INFO -   Saved 273 NAV points for UFRP-I-U
2026-03-14 02:09:36,606 - INFO - [595/615] Syncing fund: UFRP-IV-G...
2026-03-14 02:09:38,381 - INFO - HTTP Request: GET https://beta-restapi.sarmaaya.pk/api/mutual-funds/nav-history/252db440-f968-48ba-b66a-75b27df22749?days=1827 "HTTP/1.1 200 OK"
2026-03-14 02:09:39,705 - INFO -   Saved 413 NAV points for UFRP-IV-G
2026-03-14 02:09:40,208 - INFO - [596/615] Syncing fund: UFRP-IV-K...
2026-03-14 02:09:41,332 - INFO - HTTP Request: GET https://beta-restapi.sarmaaya.pk/api/mutual-funds/nav-history/9c85d243-6898-4c01-878d-5d7dee26532d?days=1827 "HTTP/1.1 200 OK"
2026-03-14 02:09:42,543 - INFO -   Saved 250 NAV points for UFRP-IV-K
2026-03-14 02:09:43,044 - INFO - [597/615] Syncing fund: UFRP-IV-M...
2026-03-14 02:09:44,709 - INFO - HTTP Request: GET https://beta-restapi.sarmaaya.pk/api/mutual-funds/nav-history/653a5b24-a7ad-4932-8112-c8f246997808?days=1827 "HTTP/1.1 200 OK"
2026-03-14 02:09:45,947 - INFO -   Saved 279 NAV points for UFRP-IV-M
2026-03-14 02:09:46,453 - INFO - [598/615] Syncing fund: UFRP-IV-O...
2026-03-14 02:09:48,297 - INFO - HTTP Request: GET https://beta-restapi.sarmaaya.pk/api/mutual-funds/nav-history/51d40065-f12e-452a-8604-ff3e72bfd201?days=1827 "HTTP/1.1 200 OK"
2026-03-14 02:09:49,633 - INFO -   Saved 277 NAV points for UFRP-IV-O
2026-03-14 02:09:50,138 - INFO - [599/615] Syncing fund: UFRP-I-W...
2026-03-14 02:09:51,796 - INFO - HTTP Request: GET https://beta-restapi.sarmaaya.pk/api/mutual-funds/nav-history/2f58b2ac-b69e-4468-8b04-ba85abb47fb7?days=1827 "HTTP/1.1 200 OK"
2026-03-14 02:09:53,098 - INFO -   Saved 83 NAV points for UFRP-I-W
2026-03-14 02:09:53,600 - INFO - [600/615] Syncing fund: UFSF...
2026-03-14 02:09:55,826 - INFO - HTTP Request: GET https://beta-restapi.sarmaaya.pk/api/mutual-funds/nav-history/64b01bf7-f038-4b58-a2f8-deff3e03091a?days=1827 "HTTP/1.1 200 OK"
2026-03-14 02:09:57,470 - INFO -   Saved 1633 NAV points for UFSF
2026-03-14 02:09:57,976 - INFO - [601/615] Syncing fund: UGIF-I...
2026-03-14 02:10:00,228 - INFO - HTTP Request: GET https://beta-restapi.sarmaaya.pk/api/mutual-funds/nav-history/2a24c0b0-38b8-4c69-b465-14cfba6cf5de?days=1827 "HTTP/1.1 200 OK"
2026-03-14 02:10:01,921 - INFO -   Saved 1631 NAV points for UGIF-I
2026-03-14 02:10:02,424 - INFO - [602/615] Syncing fund: UGSF...
2026-03-14 02:10:03,606 - INFO - HTTP Request: GET https://beta-restapi.sarmaaya.pk/api/mutual-funds/nav-history/cfe26d4d-ccca-40cf-a233-4a4a5a5f494e?days=1827 "HTTP/1.1 200 OK"
2026-03-14 02:10:05,245 - INFO -   Saved 1636 NAV points for UGSF
2026-03-14 02:10:05,756 - INFO - [603/615] Syncing fund: UIOF...
2026-03-14 02:10:06,736 - INFO - HTTP Request: GET https://beta-restapi.sarmaaya.pk/api/mutual-funds/nav-history/7541d825-7b93-41b6-ab5c-5d7855d46b4f?days=1827 "HTTP/1.1 200 OK"
2026-03-14 02:10:08,326 - INFO -   Saved 1637 NAV points for UIOF
2026-03-14 02:10:08,827 - INFO - [604/615] Syncing fund: ULPF...
2026-03-14 02:10:10,306 - INFO - HTTP Request: GET https://beta-restapi.sarmaaya.pk/api/mutual-funds/nav-history/b2936510-06fa-4789-a14d-d3e46ae5ec2e?days=1827 "HTTP/1.1 200 OK"
2026-03-14 02:10:11,543 - INFO -   Saved 185 NAV points for ULPF
2026-03-14 02:10:12,048 - INFO - [605/615] Syncing fund: ULPF...
2026-03-14 02:10:13,376 - INFO - HTTP Request: GET https://beta-restapi.sarmaaya.pk/api/mutual-funds/nav-history/b2936510-06fa-4789-a14d-d3e46ae5ec2e?days=1827 "HTTP/1.1 200 OK"
2026-03-14 02:10:14,591 - INFO -   Saved 185 NAV points for ULPF
2026-03-14 02:10:15,096 - INFO - [606/615] Syncing fund: ULPF-C...
2026-03-14 02:10:16,820 - INFO - HTTP Request: GET https://beta-restapi.sarmaaya.pk/api/mutual-funds/nav-history/7bd22a9e-997b-42ed-adea-908446ed295e?days=1827 "HTTP/1.1 200 OK"
2026-03-14 02:10:18,472 - INFO -   Saved 1684 NAV points for ULPF-C
2026-03-14 02:10:18,975 - INFO - [607/615] Syncing fund: UMMF...
2026-03-14 02:10:20,156 - INFO - HTTP Request: GET https://beta-restapi.sarmaaya.pk/api/mutual-funds/nav-history/625a9cf0-94b5-46b7-b7fb-ab60b774cf17?days=1827 "HTTP/1.1 200 OK"
2026-03-14 02:10:21,894 - INFO -   Saved 1684 NAV points for UMMF
2026-03-14 02:10:22,400 - INFO - [608/615] Syncing fund: URSF-C...
2026-03-14 02:10:24,009 - INFO - HTTP Request: GET https://beta-restapi.sarmaaya.pk/api/mutual-funds/nav-history/46cf2f78-68ec-4cf0-a64f-070444f6433f?days=1827 "HTTP/1.1 200 OK"
2026-03-14 02:10:25,613 - INFO -   Saved 1462 NAV points for URSF-C
2026-03-14 02:10:26,117 - INFO - [609/615] Syncing fund: URSF-D...
2026-03-14 02:10:26,959 - INFO - HTTP Request: GET https://beta-restapi.sarmaaya.pk/api/mutual-funds/nav-history/203b9461-0f90-402c-95ab-399df1e8a7c9?days=1827 "HTTP/1.1 200 OK"
2026-03-14 02:10:28,653 - INFO -   Saved 1628 NAV points for URSF-D
2026-03-14 02:10:29,159 - INFO - [610/615] Syncing fund: URSF-E...
2026-03-14 02:10:30,307 - INFO - HTTP Request: GET https://beta-restapi.sarmaaya.pk/api/mutual-funds/nav-history/0c35e4f0-835f-481d-a01b-e625227c2f25?days=1827 "HTTP/1.1 200 OK"
2026-03-14 02:10:32,135 - INFO -   Saved 1627 NAV points for URSF-E
2026-03-14 02:10:32,636 - INFO - [611/615] Syncing fund: URSF-M...
2026-03-14 02:10:34,207 - INFO - HTTP Request: GET https://beta-restapi.sarmaaya.pk/api/mutual-funds/nav-history/cd98d235-4292-4e44-a6ed-096c1671951c?days=1827 "HTTP/1.1 200 OK"
2026-03-14 02:10:35,948 - INFO -   Saved 1629 NAV points for URSF-M
2026-03-14 02:10:36,454 - INFO - [612/615] Syncing fund: USF...
2026-03-14 02:10:38,779 - INFO - HTTP Request: GET https://beta-restapi.sarmaaya.pk/api/mutual-funds/nav-history/365f1518-5686-4d4e-b706-e5474393216b?days=1827 "HTTP/1.1 200 OK"
2026-03-14 02:10:40,353 - INFO -   Saved 1627 NAV points for USF
2026-03-14 02:10:40,857 - INFO - [613/615] Syncing fund: USSP-V...
2026-03-14 02:10:42,560 - INFO - HTTP Request: GET https://beta-restapi.sarmaaya.pk/api/mutual-funds/nav-history/56146f87-09c9-4896-b49c-41dacc2adcd7?days=1827 "HTTP/1.1 200 OK"
2026-03-14 02:10:44,314 - INFO -   Saved 1345 NAV points for USSP-V
2026-03-14 02:10:44,820 - INFO - [614/615] Syncing fund: USSP-X...
2026-03-14 02:10:45,595 - INFO - HTTP Request: GET https://beta-restapi.sarmaaya.pk/api/mutual-funds/nav-history/ddd3b4b6-65a1-4ddf-b8f6-a284f308f7c2?days=1827 "HTTP/1.1 200 OK"
2026-03-14 02:10:46,840 - INFO -   Saved 922 NAV points for USSP-X
2026-03-14 02:10:47,342 - INFO - [615/615] Syncing fund: UTP...
2026-03-14 02:10:48,777 - INFO - HTTP Request: GET https://beta-restapi.sarmaaya.pk/api/mutual-funds/nav-history/1c57b1da-0714-46bf-9b35-e313ea38e6c6?days=1827 "HTTP/1.1 200 OK"
2026-03-14 02:10:50,365 - INFO -   Saved 1677 NAV points for UTP
2026-03-14 02:10:50,870 - INFO - MF sync finished! Synced 604 NEW funds.
